# Exported from USD for MuJoCo with source material subsets
v 11.5383607 -6.11087547 0.816001427
v 11.5382333 -6.11326729 0.81500138
v 11.5383607 -6.11087547 0.81500138
v 11.5382355 -6.11087547 0.8138888
v 11.5381087 -6.11325346 0.8138888
v 11.5378658 -6.11087547 0.81283201
v 11.537741 -6.11321436 0.81283201
v 11.53727 -6.11087547 0.811883998
v 11.5371487 -6.11315094 0.811883998
v 11.5364782 -6.11087547 0.811092329
v 11.5363614 -6.11306702 0.811092329
v 11.5355304 -6.11087547 0.810496581
v 11.5354187 -6.1129664 0.810496581
v 11.5344734 -6.11087547 0.810126793
v 11.5343679 -6.11285387 0.810126793
v 11.5333607 -6.11087547 0.810001445
v 10.0309418 -2.8812512 1.57000037
v 10.0329561 -2.87729441 1.56974963
v 10.0307435 -2.87753104 1.57000037
v 10.0323258 -2.87338243 1.56974963
v 10.0301509 -2.87385295 1.57000037
v 10.0312833 -2.86955975 1.56974963
v 10.0291707 -2.87025867 1.57000037
v 10.0298404 -2.86586939 1.56974963
v 10.0278139 -2.86678885 1.57000037
v 10.0280133 -2.86235343 1.56974963
v 10.0260962 -2.86348306 1.57000037
v 10.0258228 -2.85905145 1.56974963
v 10.0240367 -2.86037837 1.57000037
v 10.023294 -2.856001 1.56974963
v 10.0216589 -2.85751043 1.57000037
v 10.0204551 -2.85323666 1.56974963
v 10.0189897 -2.85491143 1.57000037
v 10.0173384 -2.85078977 1.56974963
v 10.0160594 -2.85261069 1.57000037
v 10.0139793 -2.84868811 1.56974963
v 10.0129011 -2.85063456 1.57000037
v 10.0104159 -2.84695517 1.56974963
v 10.0095507 -2.84900545 1.57000037
v 10.0066884 -2.84561108 1.56974963
v 10.0060461 -2.84774171 1.57000037
v 10.0028393 -2.84467076 1.56974963
v 10.0024269 -2.84685741 1.57000037
v 9.99891189 -2.84414481 1.56974963
v 9.99873435 -2.84636305 1.57000037
v 9.99495083 -2.84403931 1.56974963
v 9.99501011 -2.84626375 1.57000037
v 9.99100113 -2.84435533 1.56974963
v 9.99129641 -2.84656106 1.57000037
v 9.98710727 -2.84508966 1.56974963
v 9.98763546 -2.84725116 1.57000037
v 9.98331356 -2.84623359 1.56974963
v 9.98406845 -2.84832679 1.57000037
v 9.97966301 -2.84777425 1.56974963
v 9.98063603 -2.84977542 1.57000037
v 9.97619688 -2.84969424 1.56974963
v 9.97737711 -2.8515806 1.57000037
v 9.97295439 -2.85197185 1.56974963
v 9.97432846 -2.85372196 1.57000037
v 9.96997234 -2.8545811 1.56974963
v 9.97152474 -2.85617541 1.57000037
v 9.96728459 -2.85749255 1.56974963
v 9.96899766 -2.85891269 1.57000037
v 9.96492147 -2.86067329 1.56974963
v 9.9667758 -2.86190318 1.57000037
v 9.96290996 -2.86408697 1.56974963
v 9.96488455 -2.865113 1.57000037
v 9.96127262 -2.86769544 1.56974963
v 9.96334499 -2.86850558 1.57000037
v 9.96002817 -2.87145732 1.56974963
v 9.96217489 -2.87204264 1.57000037
v 9.9591906 -2.87533019 1.56974963
v 9.96138742 -2.87568413 1.57000037
v 9.95876938 -2.87927006 1.56974963
v 9.9609915 -2.87938856 1.57000037
v 9.95876938 -2.88323246 1.56974963
v 9.9609915 -2.88311397 1.57000037
v 9.9591906 -2.88717245 1.56974963
v 9.96138742 -2.88681863 1.57000037
v 9.96002817 -2.89104544 1.56974963
v 9.96217489 -2.89046 1.57000037
v 9.96127262 -2.89480732 1.56974963
v 9.96334499 -2.89399694 1.57000037
v 9.96290996 -2.89841555 1.56974963
v 9.96488455 -2.89738952 1.57000037
v 9.96492147 -2.90182947 1.56974963
v 9.9667758 -2.90059923 1.57000037
v 9.96728459 -2.90500997 1.56974963
v 9.96899766 -2.90358983 1.57000037
v 9.96997234 -2.90792166 1.56974963
v 9.97152474 -2.90632711 1.57000037
v 9.97295439 -2.91053079 1.56974963
v 9.97432846 -2.90878056 1.57000037
v 9.97619688 -2.91280828 1.56974963
v 9.97737711 -2.91092204 1.57000037
v 9.97966301 -2.91472839 1.56974963
v 9.98063603 -2.91272722 1.57000037
v 9.98331356 -2.91626917 1.56974963
v 9.98406845 -2.91417585 1.57000037
v 9.98710727 -2.91741298 1.56974963
v 9.98763546 -2.91525136 1.57000037
v 9.99100113 -2.91814695 1.56974963
v 9.99129641 -2.91594158 1.57000037
v 9.99495083 -2.91846333 1.56974963
v 9.99501011 -2.91623889 1.57000037
v 9.99891189 -2.91835783 1.56974963
v 9.99873435 -2.91613983 1.57000037
v 10.0028393 -2.91783176 1.56974963
v 10.0024269 -2.91564535 1.57000037
v 10.0066884 -2.91689144 1.56974963
v 10.0060461 -2.91476105 1.57000037
v 10.0104159 -2.91554736 1.56974963
v 10.0095507 -2.91349731 1.57000037
v 10.0139793 -2.91381465 1.56974963
v 10.0129011 -2.91186796 1.57000037
v 10.0173384 -2.91171275 1.56974963
v 10.0160594 -2.90989183 1.57000037
v 10.0204551 -2.90926598 1.56974963
v 10.0189897 -2.90759133 1.57000037
v 10.023294 -2.90650164 1.56974963
v 10.0216589 -2.90499221 1.57000037
v 10.0258228 -2.90345131 1.56974963
v 10.0240367 -2.90212415 1.57000037
v 10.0280133 -2.90014933 1.56974963
v 10.0260962 -2.8990197 1.57000037
v 10.0298404 -2.89663325 1.56974963
v 10.0278139 -2.89571379 1.57000037
v 10.0312833 -2.89294289 1.56974963
v 10.0291707 -2.89224397 1.57000037
v 10.0323258 -2.88911997 1.56974963
v 10.0301509 -2.88864969 1.57000037
v 10.0329561 -2.885208 1.56974963
v 10.0307435 -2.8849716 1.57000037
v 10.033167 -2.8812512 1.56974963
v 10.0350578 -2.87706994 1.56901001
v 10.0343918 -2.87293576 1.56901001
v 10.036245 -2.87253486 1.56781873
v 10.0350901 -2.86830042 1.56781873
v 10.0365934 -2.86780296 1.56623523
v 10.0349337 -2.86355816 1.56623523
v 10.0360186 -2.86306594 1.56433923
v 10.0338585 -2.85890912 1.56433923
v 10.0344958 -2.85853372 1.56222558
v 10.0318625 -2.85456417 1.56222558
v 10.0320638 -2.85441481 1.56000037
v 10.0290066 -2.8507273 1.56000037
v 10.0288225 -2.85089754 1.55777515
v 10.0254098 -2.84757434 1.55777515
v 10.0249226 -2.84813081 1.5556615
v 10.021238 -2.84523796 1.5556615
v 10.0205533 -2.84621285 1.5537655
v 10.0166895 -2.84379552 1.5537655
v 10.0159222 -2.84518073 1.55218201
v 10.011975 -2.84326111 1.55218201
v 10.0112377 -2.84500812 1.55099072
v 10.0072986 -2.84358738 1.55099072
v 10.0066884 -2.84561108 1.5502511
v 10.0028393 -2.84467076 1.5502511
v 10.0024269 -2.84685741 1.55000037
v 9.99873435 -2.84636305 1.55000037
v 9.99891189 -2.84414481 1.5502511
v 9.99501011 -2.84626375 1.55000037
v 9.99495083 -2.84403931 1.5502511
v 9.99129641 -2.84656106 1.55000037
v 9.99100113 -2.84435533 1.5502511
v 9.98763546 -2.84725116 1.55000037
v 9.98710727 -2.84508966 1.5502511
v 9.98406845 -2.84832679 1.55000037
v 9.98331356 -2.84623359 1.5502511
v 9.98063603 -2.84977542 1.55000037
v 9.97966301 -2.84777425 1.5502511
v 9.97737711 -2.8515806 1.55000037
v 9.97619688 -2.84969424 1.5502511
v 9.97432846 -2.85372196 1.55000037
v 9.97295439 -2.85197185 1.5502511
v 9.97152474 -2.85617541 1.55000037
v 9.96997234 -2.8545811 1.5502511
v 9.96899766 -2.85891269 1.55000037
v 9.96728459 -2.85749255 1.5502511
v 9.9667758 -2.86190318 1.55000037
v 9.96492147 -2.86067329 1.5502511
v 9.96488455 -2.865113 1.55000037
v 9.96290996 -2.86408697 1.5502511
v 9.96334499 -2.86850558 1.55000037
v 9.96127262 -2.86769544 1.5502511
v 9.96217489 -2.87204264 1.55000037
v 9.96002817 -2.87145732 1.5502511
v 9.96138742 -2.87568413 1.55000037
v 9.9591906 -2.87533019 1.5502511
v 9.9609915 -2.87938856 1.55000037
v 9.95876938 -2.87927006 1.5502511
v 9.9609915 -2.88311397 1.55000037
v 9.95876938 -2.88323246 1.5502511
v 9.96138742 -2.88681863 1.55000037
v 9.9591906 -2.88717245 1.5502511
v 9.96217489 -2.89046 1.55000037
v 9.96002817 -2.89104544 1.5502511
v 9.96334499 -2.89399694 1.55000037
v 9.96127262 -2.89480732 1.5502511
v 9.96488455 -2.89738952 1.55000037
v 9.96290996 -2.89841555 1.5502511
v 9.9667758 -2.90059923 1.55000037
v 9.96492147 -2.90182947 1.5502511
v 9.96899766 -2.90358983 1.55000037
v 9.96728459 -2.90500997 1.5502511
v 9.97152474 -2.90632711 1.55000037
v 9.96997234 -2.90792166 1.5502511
v 9.97432846 -2.90878056 1.55000037
v 9.97295439 -2.91053079 1.5502511
v 9.97737711 -2.91092204 1.55000037
v 9.97619688 -2.91280828 1.5502511
v 9.98063603 -2.91272722 1.55000037
v 9.97966301 -2.91472839 1.5502511
v 9.98406845 -2.91417585 1.55000037
v 9.98331356 -2.91626917 1.5502511
v 9.98763546 -2.91525136 1.55000037
v 9.98710727 -2.91741298 1.5502511
v 9.99129641 -2.91594158 1.55000037
v 9.99100113 -2.91814695 1.5502511
v 9.99501011 -2.91623889 1.55000037
v 9.99495083 -2.91846333 1.5502511
v 9.99873435 -2.91613983 1.55000037
v 9.99891189 -2.91835783 1.5502511
v 10.0024269 -2.91564535 1.55000037
v 10.0028393 -2.91783176 1.5502511
v 10.0060461 -2.91476105 1.55000037
v 10.0066884 -2.91689144 1.5502511
v 10.0095507 -2.91349731 1.55000037
v 10.0104159 -2.91554736 1.5502511
v 10.0129011 -2.91186796 1.55000037
v 10.0139793 -2.91381465 1.5502511
v 10.0160594 -2.90989183 1.55000037
v 10.0173384 -2.91171275 1.5502511
v 10.0189897 -2.90759133 1.55000037
v 10.0204551 -2.90926598 1.5502511
v 10.0216589 -2.90499221 1.55000037
v 10.023294 -2.90650164 1.5502511
v 10.0240367 -2.90212415 1.55000037
v 10.0258228 -2.90345131 1.5502511
v 10.0260962 -2.8990197 1.55000037
v 10.0280133 -2.90014933 1.5502511
v 10.0278139 -2.89571379 1.55000037
v 10.0298404 -2.89663325 1.5502511
v 10.0291707 -2.89224397 1.55000037
v 10.0312833 -2.89294289 1.5502511
v 10.0301509 -2.88864969 1.55000037
v 10.0323258 -2.88911997 1.5502511
v 10.0307435 -2.8849716 1.55000037
v 10.0329561 -2.885208 1.5502511
v 10.0309418 -2.8812512 1.55000037
v 10.0060461 -2.84774171 1.55000037
v 10.0104159 -2.84695517 1.5502511
v 10.0095507 -2.84900545 1.55000037
v 10.0139793 -2.84868811 1.5502511
v 10.0129011 -2.85063456 1.55000037
v 10.0173384 -2.85078977 1.5502511
v 10.0160594 -2.85261069 1.55000037
v 10.0204551 -2.85323666 1.5502511
v 10.0189897 -2.85491143 1.55000037
v 10.023294 -2.856001 1.5502511
v 10.0216589 -2.85751043 1.55000037
v 10.0258228 -2.85905145 1.5502511
v 10.0240367 -2.86037837 1.55000037
v 10.0280133 -2.86235343 1.5502511
v 10.0260962 -2.86348306 1.55000037
v 10.0298404 -2.86586939 1.5502511
v 10.0278139 -2.86678885 1.55000037
v 10.0312833 -2.86955975 1.5502511
v 10.0291707 -2.87025867 1.55000037
v 10.0323258 -2.87338243 1.5502511
v 10.0301509 -2.87385295 1.55000037
v 10.0329561 -2.87729441 1.5502511
v 10.0307435 -2.87753104 1.55000037
v 10.033167 -2.8812512 1.5502511
v 10.0150034 -2.84683906 1.55099072
v 10.0185533 -2.84906016 1.55099072
v 10.0218469 -2.85164605 1.55099072
v 10.024847 -2.85456739 1.55099072
v 10.0275196 -2.85779093 1.55099072
v 10.0298344 -2.86128043 1.55099072
v 10.0317652 -2.86499594 1.55099072
v 10.03329 -2.86889599 1.55099072
v 10.0343918 -2.87293576 1.55099072
v 10.0350578 -2.87706994 1.55099072
v 10.0352806 -2.8812512 1.55099072
v 10.0350578 -2.88543271 1.55099072
v 10.0343918 -2.88956688 1.55099072
v 10.03329 -2.89360665 1.55099072
v 10.0317652 -2.89750658 1.55099072
v 10.0298344 -2.90122233 1.55099072
v 10.0275196 -2.90471171 1.55099072
v 10.024847 -2.90793525 1.55099072
v 10.0218469 -2.91085635 1.55099072
v 10.0185533 -2.91344236 1.55099072
v 10.0150034 -2.91566347 1.55099072
v 10.0112377 -2.91749464 1.55099072
v 10.0072986 -2.91891502 1.55099072
v 10.0032309 -2.91990887 1.55099072
v 9.99908054 -2.92046474 1.55099072
v 9.99489462 -2.9205762 1.55099072
v 9.99072057 -2.92024218 1.55099072
v 9.98660576 -2.91946624 1.55099072
v 9.98259654 -2.91825734 1.55099072
v 9.97873863 -2.91662906 1.55099072
v 9.97507572 -2.91460024 1.55099072
v 9.97164908 -2.9121934 1.55099072
v 9.96849778 -2.90943585 1.55099072
v 9.96565744 -2.90635906 1.55099072
v 9.96316021 -2.90299784 1.55099072
v 9.96103447 -2.89939009 1.55099072
v 9.95930409 -2.89557706 1.55099072
v 9.95798892 -2.89160143 1.55099072
v 9.95710385 -2.88750873 1.55099072
v 9.95665881 -2.88334499 1.55099072
v 9.95665881 -2.87915765 1.55099072
v 9.95710385 -2.87499402 1.55099072
v 9.95798892 -2.87090109 1.55099072
v 9.95930409 -2.8669257 1.55099072
v 9.96103447 -2.86311255 1.55099072
v 9.96316021 -2.8595048 1.55099072
v 9.96565744 -2.85614358 1.55099072
v 9.96849778 -2.85306691 1.55099072
v 9.97164908 -2.85030936 1.55099072
v 9.97507572 -2.84790252 1.55099072
v 9.97873863 -2.84587334 1.55099072
v 9.98259654 -2.84424518 1.55099072
v 9.98660576 -2.8430364 1.55099072
v 9.99072057 -2.84226046 1.55099072
v 9.99489462 -2.84192644 1.55099072
v 9.99908054 -2.84203778 1.55099072
v 10.0032309 -2.84259365 1.55099072
v 10.007846 -2.84177206 1.55218201
v 10.0125906 -2.84180222 1.5537655
v 10.0172667 -2.84275316 1.5556615
v 10.0216632 -2.84463285 1.55777515
v 10.0255749 -2.84738575 1.56000037
v 10.0288225 -2.85089754 1.56222558
v 10.031269 -2.85500537 1.56433923
v 10.0328321 -2.85951386 1.56623523
v 10.0334918 -2.8642125 1.56781873
v 10.03329 -2.86889599 1.56901001
v 10.0317652 -2.86499594 1.56901001
v 10.0298344 -2.86128043 1.56901001
v 10.0275196 -2.85779093 1.56901001
v 10.024847 -2.85456739 1.56901001
v 10.0218469 -2.85164605 1.56901001
v 10.0185533 -2.84906016 1.56901001
v 10.0150034 -2.84683906 1.56901001
v 10.0112377 -2.84500812 1.56901001
v 10.0072986 -2.84358738 1.56901001
v 10.0032309 -2.84259365 1.56901001
v 9.99908054 -2.84203778 1.56901001
v 9.99489462 -2.84192644 1.56901001
v 9.99072057 -2.84226046 1.56901001
v 9.98660576 -2.8430364 1.56901001
v 9.98259654 -2.84424518 1.56901001
v 9.97873863 -2.84587334 1.56901001
v 9.97507572 -2.84790252 1.56901001
v 9.97164908 -2.85030936 1.56901001
v 9.96849778 -2.85306691 1.56901001
v 9.96565744 -2.85614358 1.56901001
v 9.96316021 -2.8595048 1.56901001
v 9.96103447 -2.86311255 1.56901001
v 9.95930409 -2.8669257 1.56901001
v 9.95798892 -2.87090109 1.56901001
v 9.95710385 -2.87499402 1.56901001
v 9.95665881 -2.87915765 1.56901001
v 9.95665881 -2.88334499 1.56901001
v 9.95710385 -2.88750873 1.56901001
v 9.95798892 -2.89160143 1.56901001
v 9.95930409 -2.89557706 1.56901001
v 9.96103447 -2.89939009 1.56901001
v 9.96316021 -2.90299784 1.56901001
v 9.96565744 -2.90635906 1.56901001
v 9.96849778 -2.90943585 1.56901001
v 9.97164908 -2.9121934 1.56901001
v 9.97507572 -2.91460024 1.56901001
v 9.97873863 -2.91662906 1.56901001
v 9.98259654 -2.91825734 1.56901001
v 9.98660576 -2.91946624 1.56901001
v 9.99072057 -2.92024218 1.56901001
v 9.99489462 -2.9205762 1.56901001
v 9.99908054 -2.92046474 1.56901001
v 10.0032309 -2.91990887 1.56901001
v 10.0072986 -2.91891502 1.56901001
v 10.0112377 -2.91749464 1.56901001
v 10.0150034 -2.91566347 1.56901001
v 10.0185533 -2.91344236 1.56901001
v 10.0218469 -2.91085635 1.56901001
v 10.024847 -2.90793525 1.56901001
v 10.0275196 -2.90471171 1.56901001
v 10.0298344 -2.90122233 1.56901001
v 10.0317652 -2.89750658 1.56901001
v 10.03329 -2.89360665 1.56901001
v 10.0343918 -2.88956688 1.56901001
v 10.0350578 -2.88543271 1.56901001
v 10.0352806 -2.8812512 1.56901001
v 10.0369431 -2.87686835 1.56781873
v 10.0377926 -2.87220035 1.56623523
v 10.0377245 -2.86742876 1.56433923
v 10.036692 -2.86276041 1.56222558
v 10.0347118 -2.85840641 1.56000037
v 10.0318625 -2.85456417 1.55777515
v 10.028279 -2.85139905 1.5556615
v 10.0241382 -2.8490275 1.5537655
v 10.019643 -2.84750865 1.55218201
v 10.0230955 -2.85021912 1.55218201
v 10.0262401 -2.85328124 1.55218201
v 10.0290415 -2.85666023 1.55218201
v 10.0314679 -2.86031781 1.55218201
v 10.0334918 -2.8642125 1.55218201
v 10.0350901 -2.86830042 1.55218201
v 10.036245 -2.87253486 1.55218201
v 10.0369431 -2.87686835 1.55218201
v 10.0371767 -2.8812512 1.55218201
v 10.0369431 -2.88563441 1.55218201
v 10.036245 -2.88996766 1.55218201
v 10.0350901 -2.8942021 1.55218201
v 10.0334918 -2.89829002 1.55218201
v 10.0314679 -2.90218495 1.55218201
v 10.0290415 -2.90584253 1.55218201
v 10.0262401 -2.9092214 1.55218201
v 10.0230955 -2.91228341 1.55218201
v 10.019643 -2.91499387 1.55218201
v 10.0159222 -2.91732214 1.55218201
v 10.011975 -2.91924153 1.55218201
v 10.007846 -2.92073046 1.55218201
v 10.0035822 -2.92177223 1.55218201
v 9.99923181 -2.92235468 1.55218201
v 9.99484411 -2.92247163 1.55218201
v 9.99046889 -2.92212127 1.55218201
v 9.98615566 -2.92130814 1.55218201
v 9.98195335 -2.92004095 1.55218201
v 9.97790947 -2.91833435 1.55218201
v 9.97406998 -2.91620754 1.55218201
v 9.97047826 -2.91368471 1.55218201
v 9.96717503 -2.91079424 1.55218201
v 9.96419781 -2.90756915 1.55218201
v 9.96158018 -2.90404592 1.55218201
v 9.95935195 -2.90026437 1.55218201
v 9.95753836 -2.89626752 1.55218201
v 9.95615977 -2.8921002 1.55218201
v 9.9552319 -2.88781033 1.55218201
v 9.95476541 -2.88344584 1.55218201
v 9.95476541 -2.8790568 1.55218201
v 9.9552319 -2.87469242 1.55218201
v 9.95615977 -2.8704022 1.55218201
v 9.95753836 -2.86623524 1.55218201
v 9.95935195 -2.86223827 1.55218201
v 9.96158018 -2.85845672 1.55218201
v 9.96419781 -2.85493325 1.55218201
v 9.96717503 -2.85170828 1.55218201
v 9.97047826 -2.84881793 1.55218201
v 9.97406998 -2.84629498 1.55218201
v 9.97790947 -2.84416817 1.55218201
v 9.98195335 -2.84246169 1.55218201
v 9.98615566 -2.8411945 1.55218201
v 9.99046889 -2.84038125 1.55218201
v 9.99484411 -2.84003101 1.55218201
v 9.99923181 -2.84014796 1.55218201
v 10.0035822 -2.84073053 1.55218201
v 10.0083031 -2.84025608 1.5537655
v 10.0130538 -2.84070455 1.5556615
v 10.0176252 -2.84210645 1.55777515
v 10.0218072 -2.84442769 1.56000037
v 10.0254098 -2.84757434 1.56222558
v 10.028279 -2.85139905 1.56433923
v 10.0303126 -2.85571586 1.56623523
v 10.0314679 -2.86031781 1.56781873
v 10.0290415 -2.85666023 1.56781873
v 10.0262401 -2.85328124 1.56781873
v 10.0230955 -2.85021912 1.56781873
v 10.019643 -2.84750865 1.56781873
v 10.0159222 -2.84518073 1.56781873
v 10.011975 -2.84326111 1.56781873
v 10.007846 -2.84177206 1.56781873
v 10.0035822 -2.84073053 1.56781873
v 9.99923181 -2.84014796 1.56781873
v 9.99484411 -2.84003101 1.56781873
v 9.99046889 -2.84038125 1.56781873
v 9.98615566 -2.8411945 1.56781873
v 9.98195335 -2.84246169 1.56781873
v 9.97790947 -2.84416817 1.56781873
v 9.97406998 -2.84629498 1.56781873
v 9.97047826 -2.84881793 1.56781873
v 9.96717503 -2.85170828 1.56781873
v 9.96419781 -2.85493325 1.56781873
v 9.96158018 -2.85845672 1.56781873
v 9.95935195 -2.86223827 1.56781873
v 9.95753836 -2.86623524 1.56781873
v 9.95615977 -2.8704022 1.56781873
v 9.9552319 -2.87469242 1.56781873
v 9.95476541 -2.8790568 1.56781873
v 9.95476541 -2.88344584 1.56781873
v 9.9552319 -2.88781033 1.56781873
v 9.95615977 -2.8921002 1.56781873
v 9.95753836 -2.89626752 1.56781873
v 9.95935195 -2.90026437 1.56781873
v 9.96158018 -2.90404592 1.56781873
v 9.96419781 -2.90756915 1.56781873
v 9.96717503 -2.91079424 1.56781873
v 9.97047826 -2.91368471 1.56781873
v 9.97406998 -2.91620754 1.56781873
v 9.97790947 -2.91833435 1.56781873
v 9.98195335 -2.92004095 1.56781873
v 9.98615566 -2.92130814 1.56781873
v 9.99046889 -2.92212127 1.56781873
v 9.99484411 -2.92247163 1.56781873
v 9.99923181 -2.92235468 1.56781873
v 10.0035822 -2.92177223 1.56781873
v 10.007846 -2.92073046 1.56781873
v 10.011975 -2.91924153 1.56781873
v 10.0159222 -2.91732214 1.56781873
v 10.019643 -2.91499387 1.56781873
v 10.0230955 -2.91228341 1.56781873
v 10.0262401 -2.9092214 1.56781873
v 10.0290415 -2.90584253 1.56781873
v 10.0314679 -2.90218495 1.56781873
v 10.0334918 -2.89829002 1.56781873
v 10.0350901 -2.8942021 1.56781873
v 10.036245 -2.88996766 1.56781873
v 10.0369431 -2.88563441 1.56781873
v 10.0371767 -2.8812512 1.56781873
v 10.0385176 -2.87670003 1.56623523
v 10.0389571 -2.87194835 1.56433923
v 10.0384266 -2.86719666 1.56222558
v 10.0369204 -2.8626567 1.56000037
v 10.0344958 -2.85853372 1.55777515
v 10.031269 -2.85500537 1.5556615
v 10.0274037 -2.85220729 1.5537655
v 10.0303126 -2.85571586 1.5537655
v 10.0328321 -2.85951386 1.5537655
v 10.0349337 -2.86355816 1.5537655
v 10.0365934 -2.86780296 1.5537655
v 10.0377926 -2.87220035 1.5537655
v 10.0385176 -2.87670003 1.5537655
v 10.0387601 -2.8812512 1.5537655
v 10.0385176 -2.88580261 1.5537655
v 10.0377926 -2.8903024 1.5537655
v 10.0365934 -2.89469956 1.5537655
v 10.0349337 -2.89894424 1.5537655
v 10.0328321 -2.90298878 1.5537655
v 10.0303126 -2.90678678 1.5537655
v 10.0274037 -2.91029535 1.5537655
v 10.0241382 -2.91347514 1.5537655
v 10.0205533 -2.91628967 1.5537655
v 10.0166895 -2.918707 1.5537655
v 10.0125906 -2.92070018 1.5537655
v 10.0083031 -2.92224632 1.5537655
v 10.0038756 -2.92332815 1.5537655
v 9.99935806 -2.92393313 1.5537655
v 9.99480203 -2.92405437 1.5537655
v 9.99025869 -2.92369078 1.5537655
v 9.98577988 -2.9228463 1.5537655
v 9.98141622 -2.92153047 1.5537655
v 9.97721708 -2.91975842 1.5537655
v 9.97323009 -2.91754983 1.5537655
v 9.96950051 -2.91493021 1.5537655
v 9.96607047 -2.91192876 1.5537655
v 9.96297881 -2.90857981 1.5537655
v 9.96026072 -2.90492128 1.5537655
v 9.95794692 -2.90099452 1.5537655
v 9.95606357 -2.89684413 1.5537655
v 9.95463204 -2.89251684 1.5537655
v 9.95366859 -2.8880621 1.5537655
v 9.95318424 -2.88353024 1.5537655
v 9.95318424 -2.8789724 1.5537655
v 9.95366859 -2.87444042 1.5537655
v 9.95463204 -2.86998557 1.5537655
v 9.95606357 -2.86565863 1.5537655
v 9.95794692 -2.86150812 1.5537655
v 9.96026072 -2.85758124 1.5537655
v 9.96297881 -2.85392271 1.5537655
v 9.96607047 -2.85057376 1.5537655
v 9.96950051 -2.84757255 1.5537655
v 9.97323009 -2.84495281 1.5537655
v 9.97721708 -2.84274445 1.5537655
v 9.98141622 -2.84097217 1.5537655
v 9.98577988 -2.83965622 1.5537655
v 9.99025869 -2.83881186 1.5537655
v 9.99480203 -2.83844815 1.5537655
v 9.99935806 -2.83856951 1.5537655
v 10.0038756 -2.83917437 1.5537655
v 10.0086471 -2.83911549 1.5556615
v 10.0133414 -2.84002314 1.55777515
v 10.0177466 -2.84188698 1.56000037
v 10.0216632 -2.84463285 1.56222558
v 10.0249226 -2.84813081 1.56433923
v 10.0274037 -2.85220729 1.56623523
v 10.0241382 -2.8490275 1.56623523
v 10.0205533 -2.84621285 1.56623523
v 10.0166895 -2.84379552 1.56623523
v 10.0125906 -2.84180222 1.56623523
v 10.0083031 -2.84025608 1.56623523
v 10.0038756 -2.83917437 1.56623523
v 9.99935806 -2.83856951 1.56623523
v 9.99480203 -2.83844815 1.56623523
v 9.99025869 -2.83881186 1.56623523
v 9.98577988 -2.83965622 1.56623523
v 9.98141622 -2.84097217 1.56623523
v 9.97721708 -2.84274445 1.56623523
v 9.97323009 -2.84495281 1.56623523
v 9.96950051 -2.84757255 1.56623523
v 9.96607047 -2.85057376 1.56623523
v 9.96297881 -2.85392271 1.56623523
v 9.96026072 -2.85758124 1.56623523
v 9.95794692 -2.86150812 1.56623523
v 9.95606357 -2.86565863 1.56623523
v 9.95463204 -2.86998557 1.56623523
v 9.95366859 -2.87444042 1.56623523
v 9.95318424 -2.8789724 1.56623523
v 9.95318424 -2.88353024 1.56623523
v 9.95366859 -2.8880621 1.56623523
v 9.95463204 -2.89251684 1.56623523
v 9.95606357 -2.89684413 1.56623523
v 9.95794692 -2.90099452 1.56623523
v 9.96026072 -2.90492128 1.56623523
v 9.96297881 -2.90857981 1.56623523
v 9.96607047 -2.91192876 1.56623523
v 9.96950051 -2.91493021 1.56623523
v 9.97323009 -2.91754983 1.56623523
v 9.97721708 -2.91975842 1.56623523
v 9.98141622 -2.92153047 1.56623523
v 9.98577988 -2.9228463 1.56623523
v 9.99025869 -2.92369078 1.56623523
v 9.99480203 -2.92405437 1.56623523
v 9.99935806 -2.92393313 1.56623523
v 10.0038756 -2.92332815 1.56623523
v 10.0083031 -2.92224632 1.56623523
v 10.0125906 -2.92070018 1.56623523
v 10.0166895 -2.918707 1.56623523
v 10.0205533 -2.91628967 1.56623523
v 10.0241382 -2.91347514 1.56623523
v 10.0274037 -2.91029535 1.56623523
v 10.0303126 -2.90678678 1.56623523
v 10.0328321 -2.90298878 1.56623523
v 10.0349337 -2.89894424 1.56623523
v 10.0365934 -2.89469956 1.56623523
v 10.0377926 -2.8903024 1.56623523
v 10.0385176 -2.88580261 1.56623523
v 10.0387601 -2.8812512 1.56623523
v 10.0397022 -2.87657343 1.56433923
v 10.0396799 -2.87179206 1.56222558
v 10.0386647 -2.86711775 1.56000037
v 10.036692 -2.86276041 1.55777515
v 10.0338585 -2.85890912 1.5556615
v 10.0360186 -2.86306594 1.5556615
v 10.0377245 -2.86742876 1.5556615
v 10.0389571 -2.87194835 1.5556615
v 10.0397022 -2.87657343 1.5556615
v 10.0399515 -2.8812512 1.5556615
v 10.0397022 -2.88592933 1.5556615
v 10.0389571 -2.89055417 1.5556615
v 10.0377245 -2.89507376 1.5556615
v 10.0360186 -2.89943658 1.5556615
v 10.0338585 -2.90359353 1.5556615
v 10.031269 -2.90749715 1.5556615
v 10.028279 -2.91110347 1.5556615
v 10.0249226 -2.91437171 1.5556615
v 10.021238 -2.91726445 1.5556615
v 10.0172667 -2.91974924 1.5556615
v 10.0130538 -2.92179798 1.5556615
v 10.0086471 -2.92338715 1.5556615
v 10.0040963 -2.92449902 1.5556615
v 9.99945315 -2.92512058 1.5556615
v 9.99477023 -2.92524539 1.5556615
v 9.99010062 -2.92487155 1.5556615
v 9.98549717 -2.92400371 1.5556615
v 9.98101201 -2.92265116 1.5556615
v 9.97669607 -2.92082976 1.5556615
v 9.97259825 -2.91855977 1.5556615
v 9.96876475 -2.91586719 1.5556615
v 9.96523931 -2.9127823 1.5556615
v 9.96206173 -2.90934025 1.5556615
v 9.95926797 -2.90557979 1.5556615
v 9.95688981 -2.90154384 1.5556615
v 9.95495409 -2.89727782 1.5556615
v 9.95348263 -2.89283036 1.5556615
v 9.95249253 -2.88825165 1.5556615
v 9.95199454 -2.88359354 1.5556615
v 9.95199454 -2.8789091 1.5556615
v 9.95249253 -2.87425099 1.5556615
v 9.95348263 -2.86967216 1.5556615
v 9.95495409 -2.86522458 1.5556615
v 9.95688981 -2.8609588 1.5556615
v 9.95926797 -2.85692285 1.5556615
v 9.96206173 -2.85316239 1.5556615
v 9.96523931 -2.84972034 1.5556615
v 9.96876475 -2.84663545 1.5556615
v 9.97259825 -2.84394287 1.5556615
v 9.97669607 -2.84167276 1.5556615
v 9.98101201 -2.83985136 1.5556615
v 9.98549717 -2.83849905 1.5556615
v 9.99010062 -2.83763097 1.5556615
v 9.99477023 -2.83725725 1.5556615
v 9.99945315 -2.83738182 1.5556615
v 10.0040963 -2.83800374 1.5556615
v 10.0088606 -2.83840726 1.55777515
v 10.0134389 -2.83979236 1.56000037
v 10.0176252 -2.84210645 1.56222558
v 10.021238 -2.84523796 1.56433923
v 10.0172667 -2.84275316 1.56433923
v 10.0130538 -2.84070455 1.56433923
v 10.0086471 -2.83911549 1.56433923
v 10.0040963 -2.83800374 1.56433923
v 9.99945315 -2.83738182 1.56433923
v 9.99477023 -2.83725725 1.56433923
v 9.99010062 -2.83763097 1.56433923
v 9.98549717 -2.83849905 1.56433923
v 9.98101201 -2.83985136 1.56433923
v 9.97669607 -2.84167276 1.56433923
v 9.97259825 -2.84394287 1.56433923
v 9.96876475 -2.84663545 1.56433923
v 9.96523931 -2.84972034 1.56433923
v 9.96206173 -2.85316239 1.56433923
v 9.95926797 -2.85692285 1.56433923
v 9.95688981 -2.8609588 1.56433923
v 9.95495409 -2.86522458 1.56433923
v 9.95348263 -2.86967216 1.56433923
v 9.95249253 -2.87425099 1.56433923
v 9.95199454 -2.8789091 1.56433923
v 9.95199454 -2.88359354 1.56433923
v 9.95249253 -2.88825165 1.56433923
v 9.95348263 -2.89283036 1.56433923
v 9.95495409 -2.89727782 1.56433923
v 9.95688981 -2.90154384 1.56433923
v 9.95926797 -2.90557979 1.56433923
v 9.96206173 -2.90934025 1.56433923
v 9.96523931 -2.9127823 1.56433923
v 9.96876475 -2.91586719 1.56433923
v 9.97259825 -2.91855977 1.56433923
v 9.97669607 -2.92082976 1.56433923
v 9.98101201 -2.92265116 1.56433923
v 9.98549717 -2.92400371 1.56433923
v 9.99010062 -2.92487155 1.56433923
v 9.99477023 -2.92524539 1.56433923
v 9.99945315 -2.92512058 1.56433923
v 10.0040963 -2.92449902 1.56433923
v 10.0086471 -2.92338715 1.56433923
v 10.0130538 -2.92179798 1.56433923
v 10.0172667 -2.91974924 1.56433923
v 10.021238 -2.91726445 1.56433923
v 10.0249226 -2.91437171 1.56433923
v 10.028279 -2.91110347 1.56433923
v 10.031269 -2.90749715 1.56433923
v 10.0338585 -2.90359353 1.56433923
v 10.0360186 -2.89943658 1.56433923
v 10.0377245 -2.89507376 1.56433923
v 10.0389571 -2.89055417 1.56433923
v 10.0397022 -2.88592933 1.56433923
v 10.0399515 -2.8812512 1.56433923
v 10.0404375 -2.87649475 1.56222558
v 10.0399249 -2.87173913 1.56000037
v 10.0384266 -2.86719666 1.55777515
v 10.0396799 -2.87179206 1.55777515
v 10.0404375 -2.87649475 1.55777515
v 10.0406911 -2.8812512 1.55777515
v 10.0404375 -2.88600777 1.55777515
v 10.0396799 -2.89071058 1.55777515
v 10.0384266 -2.89530598 1.55777515
v 10.036692 -2.89974235 1.55777515
v 10.0344958 -2.90396903 1.55777515
v 10.0318625 -2.90793835 1.55777515
v 10.0288225 -2.91160534 1.55777515
v 10.0254098 -2.91492818 1.55777515
v 10.0216632 -2.91786979 1.55777515
v 10.0176252 -2.92039619 1.55777515
v 10.0133414 -2.92247938 1.55777515
v 10.0088606 -2.92409526 1.55777515
v 10.0042333 -2.92522572 1.55777515
v 9.99951219 -2.92585789 1.55777515
v 9.99475059 -2.92598461 1.55777515
v 9.99000242 -2.92560457 1.55777515
v 9.98532164 -2.92472218 1.55777515
v 9.98076114 -2.92334686 1.55777515
v 9.97637266 -2.92149495 1.55777515
v 9.97220585 -2.91918682 1.55777515
v 9.96830809 -2.9164487 1.55777515
v 9.96472329 -2.9133123 1.55777515
v 9.96149233 -2.90981232 1.55777515
v 9.95865169 -2.9059888 1.55777515
v 9.95623356 -2.9018849 1.55777515
v 9.95426529 -2.89754723 1.55777515
v 9.95276919 -2.89302503 1.55777515
v 9.95176235 -2.88836931 1.55777515
v 9.951256 -2.88363288 1.55777515
v 9.951256 -2.87886976 1.55777515
v 9.95176235 -2.87413333 1.55777515
v 9.95276919 -2.86947773 1.55777515
v 9.95426529 -2.86495529 1.55777515
v 9.95623356 -2.86061774 1.55777515
v 9.95865169 -2.85651384 1.55777515
v 9.96149233 -2.85269044 1.55777515
v 9.96472329 -2.84919046 1.55777515
v 9.96830809 -2.8460537 1.55777515
v 9.97220585 -2.84331582 1.55777515
v 9.97637266 -2.84100781 1.55777515
v 9.98076114 -2.83915578 1.55777515
v 9.98532164 -2.83778046 1.55777515
v 9.99000242 -2.83689795 1.55777515
v 9.99475059 -2.8365178 1.55777515
v 9.99951219 -2.83664475 1.55777515
v 10.0042333 -2.8372768 1.55777515
v 10.0089329 -2.83816741 1.56000037
v 10.0133414 -2.84002314 1.56222558
v 10.0088606 -2.83840726 1.56222558
v 10.0042333 -2.8372768 1.56222558
v 9.99951219 -2.83664475 1.56222558
v 9.99475059 -2.8365178 1.56222558
v 9.99000242 -2.83689795 1.56222558
v 9.98532164 -2.83778046 1.56222558
v 9.98076114 -2.83915578 1.56222558
v 9.97637266 -2.84100781 1.56222558
v 9.97220585 -2.84331582 1.56222558
v 9.96830809 -2.8460537 1.56222558
v 9.96472329 -2.84919046 1.56222558
v 9.96149233 -2.85269044 1.56222558
v 9.95865169 -2.85651384 1.56222558
v 9.95623356 -2.86061774 1.56222558
v 9.95426529 -2.86495529 1.56222558
v 9.95276919 -2.86947773 1.56222558
v 9.95176235 -2.87413333 1.56222558
v 9.951256 -2.87886976 1.56222558
v 9.951256 -2.88363288 1.56222558
v 9.95176235 -2.88836931 1.56222558
v 9.95276919 -2.89302503 1.56222558
v 9.95426529 -2.89754723 1.56222558
v 9.95623356 -2.9018849 1.56222558
v 9.95865169 -2.9059888 1.56222558
v 9.96149233 -2.90981232 1.56222558
v 9.96472329 -2.9133123 1.56222558
v 9.96830809 -2.9164487 1.56222558
v 9.97220585 -2.91918682 1.56222558
v 9.97637266 -2.92149495 1.56222558
v 9.98076114 -2.92334686 1.56222558
v 9.98532164 -2.92472218 1.56222558
v 9.99000242 -2.92560457 1.56222558
v 9.99475059 -2.92598461 1.56222558
v 9.99951219 -2.92585789 1.56222558
v 10.0042333 -2.92522572 1.56222558
v 10.0088606 -2.92409526 1.56222558
v 10.0133414 -2.92247938 1.56222558
v 10.0176252 -2.92039619 1.56222558
v 10.0216632 -2.91786979 1.56222558
v 10.0254098 -2.91492818 1.56222558
v 10.0288225 -2.91160534 1.56222558
v 10.0318625 -2.90793835 1.56222558
v 10.0344958 -2.90396903 1.56222558
v 10.036692 -2.89974235 1.56222558
v 10.0384266 -2.89530598 1.56222558
v 10.0396799 -2.89071058 1.56222558
v 10.0404375 -2.88600777 1.56222558
v 10.0406911 -2.8812512 1.56222558
v 10.0406869 -2.87646805 1.56000037
v 10.0409417 -2.8812512 1.56000037
v 10.0406869 -2.88603447 1.56000037
v 10.0399249 -2.89076351 1.56000037
v 10.0386647 -2.89538477 1.56000037
v 10.0369204 -2.89984594 1.56000037
v 10.0347118 -2.90409635 1.56000037
v 10.0320638 -2.90808783 1.56000037
v 10.0290066 -2.91177534 1.56000037
v 10.0255749 -2.91511689 1.56000037
v 10.0218072 -2.91807495 1.56000037
v 10.0177466 -2.92061566 1.56000037
v 10.0134389 -2.92271028 1.56000037
v 10.0089329 -2.92433535 1.56000037
v 10.0042798 -2.92547201 1.56000037
v 9.99953225 -2.92610775 1.56000037
v 9.99474394 -2.92623542 1.56000037
v 9.98996916 -2.925853 1.56000037
v 9.98526212 -2.9249656 1.56000037
v 9.98067611 -2.9235829 1.56000037
v 9.97626304 -2.92172025 1.56000037
v 9.97207284 -2.91939925 1.56000037
v 9.96815324 -2.91664611 1.56000037
v 9.96454838 -2.91349195 1.56000037
v 9.96129936 -2.90997229 1.56000037
v 9.95844266 -2.90612732 1.56000037
v 9.95601097 -2.90200053 1.56000037
v 9.9540317 -2.89763854 1.56000037
v 9.95252725 -2.89309095 1.56000037
v 9.95151475 -2.88840924 1.56000037
v 9.95100561 -2.88364635 1.56000037
v 9.95100561 -2.87885629 1.56000037
v 9.95151475 -2.87409352 1.56000037
v 9.95252725 -2.86941157 1.56000037
v 9.9540317 -2.86486398 1.56000037
v 9.95601097 -2.86050223 1.56000037
v 9.95844266 -2.8563752 1.56000037
v 9.96129936 -2.85253035 1.56000037
v 9.96454838 -2.84901081 1.56000037
v 9.96815324 -2.84585641 1.56000037
v 9.97207284 -2.84310327 1.56000037
v 9.97626304 -2.84078215 1.56000037
v 9.98067611 -2.83891986 1.56000037
v 9.98526212 -2.83753704 1.56000037
v 9.98996916 -2.8366494 1.56000037
v 9.99474394 -2.83626734 1.56000037
v 9.99953225 -2.83639477 1.56000037
v 10.0042798 -2.83703051 1.56000037
v 11.5382355 -6.11087547 0.817114007
v 11.5381087 -6.11325346 0.817114007
v 11.537741 -6.11321436 0.818170857
v 11.5373683 -6.11552702 0.818170857
v 11.5367862 -6.11540066 0.819118869
v 11.5361866 -6.11760031 0.819118869
v 11.5354351 -6.11735092 0.819910598
v 11.5346358 -6.11939464 0.819910598
v 11.5337724 -6.11900316 0.820506287
v 11.532807 -6.12086092 0.820506287
v 11.5318965 -6.12032495 0.820876014
v 11.5308013 -6.12197576 0.820876014
v 11.5299084 -6.12131201 0.821001422
v 11.5287193 -6.12274681 0.821001422
v 11.5158609 -6.11087547 0.821001422
v 11.5273847 -6.12404524 0.821001422
v 11.5259196 -6.12519537 0.821001422
v 11.5281174 -6.12488352 0.820876014
v 11.5265591 -6.1261066 0.820876014
v 11.5288133 -6.1256784 0.820506287
v 11.5271665 -6.12697063 0.820506287
v 11.5294378 -6.12639175 0.819910598
v 11.5277115 -6.12774692 0.819910598
v 11.529959 -6.1269878 0.819118869
v 11.5281664 -6.12839447 0.819118869
v 11.5303512 -6.12743603 0.818170857
v 11.528509 -6.1288818 0.818170857
v 11.5305949 -6.12771402 0.817114007
v 11.5287215 -6.12918507 0.817114007
v 11.5298893 -6.12846695 0.816001427
v 11.5287935 -6.12928759 0.816001427
v 11.5287935 -6.12928759 0.81500138
v 11.5271108 -6.13036142 0.81500138
v 11.5287215 -6.12918507 0.8138888
v 11.5267024 -6.13044773 0.8138888
v 11.528509 -6.1288818 0.81283201
v 11.5265231 -6.13012443 0.81283201
v 11.5281664 -6.12839447 0.811883998
v 11.5262347 -6.12960373 0.811883998
v 11.5277115 -6.12774692 0.811092329
v 11.5258509 -6.12891088 0.811092329
v 11.5271665 -6.12697063 0.810496581
v 11.5253918 -6.12808166 0.810496581
v 11.5265591 -6.1261066 0.810126793
v 11.5248794 -6.12715708 0.810126793
v 11.5259196 -6.12519537 0.810001445
v 11.5243404 -6.12618433 0.810001445
v 11.5230978 -6.12802349 0.810126793
v 11.5226653 -6.12699829 0.810001445
v 11.5212342 -6.12869535 0.810126793
v 11.5209129 -6.12763058 0.810001445
v 11.5193094 -6.12916552 0.810126793
v 11.5191033 -6.12807213 0.810001445
v 11.5173459 -6.12942921 0.810126793
v 11.5172571 -6.12831961 0.810001445
v 11.5153653 -6.12948166 0.810126793
v 11.515395 -6.1283692 0.810001445
v 11.5133904 -6.12932383 0.810126793
v 11.5135381 -6.1282209 0.810001445
v 11.5114436 -6.12895666 0.810126793
v 11.5117076 -6.12787567 0.810001445
v 11.5095467 -6.12838446 0.810126793
v 11.5099242 -6.12733732 0.810001445
v 11.5077213 -6.12761436 0.810126793
v 11.5082079 -6.12661348 0.810001445
v 11.5059883 -6.12665449 0.810126793
v 11.5065784 -6.12571083 0.810001445
v 11.504367 -6.12551533 0.810126793
v 11.5050541 -6.12464033 0.810001445
v 11.502876 -6.12421022 0.810126793
v 11.5036522 -6.12341391 0.810001445
v 11.5015321 -6.12275444 0.810126793
v 11.5023887 -6.12204443 0.810001445
v 11.5003506 -6.12116466 0.810126793
v 11.501278 -6.12054907 0.810001445
v 11.4993449 -6.11945759 0.810126793
v 11.5003321 -6.11894499 0.810001445
v 11.4985262 -6.11765324 0.810126793
v 11.4995624 -6.11724792 0.810001445
v 11.4979041 -6.11577259 0.810126793
v 11.4989773 -6.11547934 0.810001445
v 11.4974851 -6.11383663 0.810126793
v 11.4985835 -6.11365877 0.810001445
v 11.4972747 -6.11186634 0.810126793
v 11.4983855 -6.11180721 0.810001445
v 11.4972747 -6.1098846 0.810126793
v 11.4983855 -6.10994373 0.810001445
v 11.4974851 -6.10791527 0.810126793
v 11.4985835 -6.1080917 0.810001445
v 11.4979041 -6.10597835 0.810126793
v 11.4989773 -6.10627161 0.810001445
v 11.4985262 -6.10409723 0.810126793
v 11.4995624 -6.10450302 0.810001445
v 11.4993449 -6.10229288 0.810126793
v 11.5003321 -6.10280643 0.810001445
v 11.5003506 -6.10058628 0.810126793
v 11.501278 -6.10120188 0.810001445
v 11.5015321 -6.09899603 0.810126793
v 11.5023887 -6.09970652 0.810001445
v 11.502876 -6.09754072 0.810126793
v 11.5036522 -6.09833752 0.810001445
v 11.504367 -6.09623562 0.810126793
v 11.5050541 -6.09711061 0.810001445
v 11.5059883 -6.09509741 0.810126793
v 11.5065784 -6.09603964 0.810001445
v 11.5077213 -6.09413658 0.810126793
v 11.5082079 -6.09513842 0.810001445
v 11.5095467 -6.09336697 0.810126793
v 11.5099242 -6.09441315 0.810001445
v 11.5114436 -6.09279428 0.810126793
v 11.5117076 -6.09387527 0.810001445
v 11.5133904 -6.09242712 0.810126793
v 11.5135381 -6.093531 0.810001445
v 11.5153653 -6.09226976 0.810126793
v 11.515395 -6.09338127 0.810001445
v 11.5173459 -6.09232174 0.810126793
v 11.5172571 -6.09343134 0.810001445
v 11.5193094 -6.09258543 0.810126793
v 11.5191033 -6.09367882 0.810001445
v 11.5212342 -6.09305511 0.810126793
v 11.5209129 -6.09412085 0.810001445
v 11.5230978 -6.09372745 0.810126793
v 11.5226653 -6.09475218 0.810001445
v 11.5248794 -6.09459387 0.810126793
v 11.5243404 -6.09556757 0.810001445
v 11.5265591 -6.09564434 0.810126793
v 11.5259196 -6.0965551 0.810001445
v 11.5281174 -6.09686886 0.810126793
v 11.5273847 -6.09770571 0.810001445
v 11.5295369 -6.09825073 0.810126793
v 11.5287193 -6.09900556 0.810001445
v 11.5308013 -6.09977566 0.810126793
v 11.5299084 -6.10043894 0.810001445
v 11.5318965 -6.10142694 0.810126793
v 11.5309381 -6.10199104 0.810001445
v 11.5328101 -6.10318409 0.810126793
v 11.5317968 -6.10364471 0.810001445
v 11.5335315 -6.10502993 0.810126793
v 11.5324753 -6.10537897 0.810001445
v 11.5340528 -6.10694157 0.810126793
v 11.5329654 -6.10717617 0.810001445
v 11.5343679 -6.10889755 0.810126793
v 11.5332618 -6.10901581 0.810001445
v 11.5158609 -6.11087547 0.810001445
v 11.5332618 -6.11273561 0.810001445
v 11.5329654 -6.1145743 0.810001445
v 11.5324753 -6.11637197 0.810001445
v 11.5317968 -6.11810671 0.810001445
v 11.5309381 -6.1197599 0.810001445
v 11.5299084 -6.12131201 0.810001445
v 11.5287193 -6.12274681 0.810001445
v 11.5273847 -6.12404524 0.810001445
v 11.5354187 -6.10878502 0.810496581
v 11.5363614 -6.10868393 0.811092329
v 11.5371487 -6.10860001 0.811883998
v 11.537741 -6.10853659 0.81283201
v 11.5381087 -6.10849701 0.8138888
v 11.5350857 -6.10671793 0.810496581
v 11.5360124 -6.10651718 0.811092329
v 11.5367862 -6.10635029 0.811883998
v 11.5373683 -6.10622393 0.81283201
v 11.5377298 -6.10614572 0.8138888
v 11.5381094 -6.10752188 0.81500138
v 11.5378523 -6.10611902 0.81500138
v 11.5378523 -6.10611902 0.816001427
v 11.5373611 -6.10424362 0.816001427
v 11.5377298 -6.10614572 0.817114007
v 11.5371033 -6.10384832 0.817114007
v 11.5373683 -6.10622393 0.818170857
v 11.5367523 -6.10396419 0.818170857
v 11.5367862 -6.10635029 0.819118869
v 11.5361866 -6.10415159 0.819118869
v 11.5360124 -6.10651718 0.819910598
v 11.5354351 -6.10440002 0.819910598
v 11.5350857 -6.10671793 0.820506287
v 11.5345348 -6.10469757 0.820506287
v 11.5340528 -6.10694157 0.820876014
v 11.5335315 -6.10502993 0.820876014
v 11.5329654 -6.10717617 0.821001422
v 11.5324753 -6.10537897 0.821001422
v 11.5317968 -6.10364471 0.821001422
v 11.5309381 -6.10199104 0.821001422
v 11.5318965 -6.10142694 0.820876014
v 11.5308013 -6.09977566 0.820876014
v 11.5316497 -6.09914575 0.820506287
v 11.5303134 -6.09753309 0.820506287
v 11.5310101 -6.09689079 0.819910598
v 11.5294378 -6.09535919 0.819910598
v 11.529959 -6.09476314 0.819118869
v 11.5281664 -6.093356 0.819118869
v 11.528509 -6.09286867 0.818170857
v 11.5265231 -6.09162603 0.818170857
v 11.5267024 -6.09130321 0.817114007
v 11.5245606 -6.09026133 0.817114007
v 11.5246094 -6.09014593 0.816001427
v 11.5240808 -6.08993135 0.816001427
v 11.5246094 -6.09014593 0.81500138
v 11.5240808 -6.08993135 0.81500138
v 11.5245606 -6.09026133 0.8138888
v 11.5223202 -6.08945356 0.8138888
v 11.5222134 -6.08980833 0.81283201
v 11.519938 -6.08925138 0.81283201
v 11.5198278 -6.08983742 0.811883998
v 11.517569 -6.08953463 0.811883998
v 11.5175059 -6.09032331 0.811092329
v 11.515312 -6.09026514 0.811092329
v 11.5153373 -6.09121357 0.810496581
v 11.5132503 -6.09138046 0.810496581
v 11.5111927 -6.09176765 0.810496581
v 11.5091883 -6.09237276 0.810496581
v 11.5072592 -6.09318672 0.810496581
v 11.5054277 -6.09420191 0.810496581
v 11.5037145 -6.09540497 0.810496581
v 11.5021386 -6.09678303 0.810496581
v 11.5007187 -6.09832178 0.810496581
v 11.49947 -6.10000263 0.810496581
v 11.498407 -6.10180603 0.810496581
v 11.4975421 -6.10371242 0.810496581
v 11.4968844 -6.10570084 0.810496581
v 11.4964417 -6.10774694 0.810496581
v 11.4962193 -6.10982881 0.810496581
v 11.4962193 -6.11192261 0.810496581
v 11.4964417 -6.11400448 0.810496581
v 11.4968844 -6.11605011 0.810496581
v 11.4975421 -6.11803804 0.810496581
v 11.498407 -6.11994491 0.810496581
v 11.49947 -6.12174831 0.810496581
v 11.5007187 -6.12342916 0.810496581
v 11.5021386 -6.12496792 0.810496581
v 11.5037145 -6.12634741 0.810496581
v 11.5054277 -6.12754999 0.810496581
v 11.5072592 -6.1285647 0.810496581
v 11.5091883 -6.12937818 0.810496581
v 11.5111927 -6.12998281 0.810496581
v 11.5132503 -6.13037096 0.810496581
v 11.5153373 -6.13053881 0.810496581
v 11.5174301 -6.13048254 0.810496581
v 11.5195053 -6.13020407 0.810496581
v 11.5215391 -6.12970768 0.810496581
v 11.5235087 -6.12899719 0.810496581
v 11.5238772 -6.12987076 0.811092329
v 11.5241852 -6.13060032 0.811883998
v 11.5244168 -6.13114868 0.81283201
v 11.5245606 -6.13148914 0.8138888
v 11.5246094 -6.13160454 0.81500138
v 11.5267632 -6.13055788 0.81500138
v 11.5267632 -6.13055788 0.816001427
v 11.5271108 -6.13036142 0.816001427
v 11.5267024 -6.13044773 0.817114007
v 11.5265231 -6.13012443 0.818170857
v 11.5262347 -6.12960373 0.819118869
v 11.5258509 -6.12891088 0.819910598
v 11.5253918 -6.12808166 0.820506287
v 11.5248794 -6.12715708 0.820876014
v 11.5243404 -6.12618433 0.821001422
v 11.5226653 -6.12699829 0.821001422
v 11.5209129 -6.12763058 0.821001422
v 11.5230978 -6.12802349 0.820876014
v 11.5212342 -6.12869535 0.820876014
v 11.5235087 -6.12899719 0.820506287
v 11.5215391 -6.12970768 0.820506287
v 11.5238772 -6.12987076 0.819910598
v 11.5218128 -6.13061462 0.819910598
v 11.5241852 -6.13060032 0.819118869
v 11.5220415 -6.13137327 0.819118869
v 11.5244168 -6.13114868 0.818170857
v 11.5222134 -6.13194357 0.818170857
v 11.5245606 -6.13148914 0.817114007
v 11.5223202 -6.13229738 0.817114007
v 11.5240808 -6.13182102 0.816001427
v 11.5223562 -6.13241659 0.816001427
v 11.5223562 -6.13241659 0.81500138
v 11.5208675 -6.13281094 0.81500138
v 11.5223202 -6.13229738 0.8138888
v 11.5200066 -6.13286291 0.8138888
v 11.5222134 -6.13194357 0.81283201
v 11.519938 -6.13249861 0.81283201
v 11.5220415 -6.13137327 0.811883998
v 11.5198278 -6.131914 0.811883998
v 11.5218128 -6.13061462 0.811092329
v 11.519681 -6.13113581 0.811092329
v 11.5175059 -6.13142715 0.811092329
v 11.515312 -6.1314858 0.811092329
v 11.5131243 -6.13131081 0.811092329
v 11.5109678 -6.13090359 0.811092329
v 11.5088666 -6.13026987 0.811092329
v 11.5068448 -6.12941681 0.811092329
v 11.5049248 -6.12835346 0.811092329
v 11.5031292 -6.12709175 0.811092329
v 11.5014773 -6.12564693 0.811092329
v 11.4999888 -6.12403427 0.811092329
v 11.49868 -6.12227236 0.811092329
v 11.497566 -6.1203817 0.811092329
v 11.4966589 -6.11838327 0.811092329
v 11.4959698 -6.11630045 0.811092329
v 11.495506 -6.11415468 0.811092329
v 11.4952725 -6.11197315 0.811092329
v 11.4952725 -6.10977779 0.811092329
v 11.495506 -6.10759579 0.811092329
v 11.4959698 -6.10545097 0.811092329
v 11.4966589 -6.10336767 0.811092329
v 11.497566 -6.10136925 0.811092329
v 11.49868 -6.09947763 0.811092329
v 11.4999888 -6.0977162 0.811092329
v 11.5014773 -6.09610401 0.811092329
v 11.5031292 -6.09465872 0.811092329
v 11.5049248 -6.09339701 0.811092329
v 11.5068448 -6.09233366 0.811092329
v 11.5088666 -6.0914806 0.811092329
v 11.5109678 -6.09084736 0.811092329
v 11.5131243 -6.09044062 0.811092329
v 11.5152909 -6.08947407 0.811883998
v 11.5176165 -6.08894049 0.81283201
v 11.5200066 -6.08888803 0.8138888
v 11.5208675 -6.08893953 0.81500138
v 11.5223562 -6.0893334 0.81500138
v 11.5208675 -6.08893953 0.816001427
v 11.5223562 -6.0893334 0.816001427
v 11.5223202 -6.08945356 0.817114007
v 11.5244168 -6.09060179 0.818170857
v 11.5262347 -6.09214769 0.819118869
v 11.5277115 -6.0940045 0.819910598
v 11.5288133 -6.09607302 0.820506287
v 11.5295369 -6.09825073 0.820876014
v 11.5299084 -6.10043894 0.821001422
v 11.5287193 -6.09900556 0.821001422
v 11.5273847 -6.09770571 0.821001422
v 11.5281174 -6.09686886 0.820876014
v 11.5265591 -6.09564434 0.820876014
v 11.5271665 -6.09477983 0.820506287
v 11.5253918 -6.09366928 0.820506287
v 11.5258509 -6.09284054 0.819910598
v 11.5238772 -6.09188019 0.819910598
v 11.5241852 -6.09115063 0.819118869
v 11.5220415 -6.09037863 0.819118869
v 11.5222134 -6.08980833 0.818170857
v 11.519938 -6.08925138 0.818170857
v 11.5200066 -6.08888803 0.817114007
v 11.517646 -6.08857237 0.817114007
v 11.517656 -6.08844744 0.816001427
v 11.5175422 -6.08843838 0.816001427
v 11.517656 -6.08844744 0.81500138
v 11.5175422 -6.08843838 0.81500138
v 11.517646 -6.08857237 0.8138888
v 11.5152653 -6.08850895 0.8138888
v 11.515275 -6.08887802 0.81283201
v 11.5129402 -6.08906494 0.81283201
v 11.5130194 -6.08965574 0.811883998
v 11.5107798 -6.09007822 0.811883998
v 11.5085979 -6.09073578 0.811883998
v 11.5064982 -6.09162222 0.811883998
v 11.5045049 -6.0927261 0.811883998
v 11.50264 -6.09403597 0.811883998
v 11.5009251 -6.09553657 0.811883998
v 11.4993793 -6.09721075 0.811883998
v 11.4980203 -6.09904037 0.811883998
v 11.4968633 -6.10100351 0.811883998
v 11.4959218 -6.10307871 0.811883998
v 11.495206 -6.10524259 0.811883998
v 11.4947242 -6.10747038 0.811883998
v 11.4944819 -6.10973583 0.811883998
v 11.4944819 -6.11201511 0.811883998
v 11.4947242 -6.11428057 0.811883998
v 11.495206 -6.11650787 0.811883998
v 11.4959218 -6.11867176 0.811883998
v 11.4968633 -6.12074696 0.811883998
v 11.4980203 -6.12271057 0.811883998
v 11.4993793 -6.12453972 0.811883998
v 11.5009251 -6.12621437 0.811883998
v 11.50264 -6.12771498 0.811883998
v 11.5045049 -6.12902437 0.811883998
v 11.5064982 -6.13012873 0.811883998
v 11.5085979 -6.13101469 0.811883998
v 11.5107798 -6.13167272 0.811883998
v 11.5130194 -6.1320952 0.811883998
v 11.5152909 -6.13227688 0.811883998
v 11.517569 -6.13221632 0.811883998
v 11.5176165 -6.13280998 0.81283201
v 11.517646 -6.13317858 0.8138888
v 11.517656 -6.13330398 0.81500138
v 11.5200298 -6.13298593 0.81500138
v 11.5200298 -6.13298593 0.816001427
v 11.5208675 -6.13281094 0.816001427
v 11.5200066 -6.13286291 0.817114007
v 11.519938 -6.13249861 0.818170857
v 11.5198278 -6.131914 0.819118869
v 11.519681 -6.13113581 0.819910598
v 11.5195053 -6.13020407 0.820506287
v 11.5193094 -6.12916552 0.820876014
v 11.5191033 -6.12807213 0.821001422
v 11.5172571 -6.12831961 0.821001422
v 11.515395 -6.1283692 0.821001422
v 11.5173459 -6.12942921 0.820876014
v 11.5153653 -6.12948166 0.820876014
v 11.5174301 -6.13048254 0.820506287
v 11.5153373 -6.13053881 0.820506287
v 11.5175059 -6.13142715 0.819910598
v 11.515312 -6.1314858 0.819910598
v 11.517569 -6.13221632 0.819118869
v 11.5152909 -6.13227688 0.819118869
v 11.5176165 -6.13280998 0.818170857
v 11.515275 -6.13287292 0.818170857
v 11.517646 -6.13317858 0.817114007
v 11.5152653 -6.133242 0.817114007
v 11.5175422 -6.13331161 0.816001427
v 11.5152618 -6.13336788 0.816001427
v 11.5152618 -6.13336788 0.81500138
v 11.5141795 -6.13331161 0.81500138
v 11.5152653 -6.133242 0.8138888
v 11.5128911 -6.13305221 0.8138888
v 11.515275 -6.13287292 0.81283201
v 11.5129402 -6.132686 0.81283201
v 11.5106385 -6.13225161 0.81283201
v 11.5083961 -6.13157593 0.81283201
v 11.506238 -6.13066469 0.81283201
v 11.504189 -6.12952934 0.81283201
v 11.5022723 -6.12818371 0.81283201
v 11.5005096 -6.12664114 0.81283201
v 11.4989207 -6.12491976 0.81283201
v 11.4975241 -6.12303959 0.81283201
v 11.4963348 -6.12102161 0.81283201
v 11.495367 -6.11888872 0.81283201
v 11.4946313 -6.11666475 0.81283201
v 11.4941361 -6.11437546 0.81283201
v 11.4938872 -6.11204658 0.81283201
v 11.4938872 -6.10970484 0.81283201
v 11.4941361 -6.10737549 0.81283201
v 11.4946313 -6.10508619 0.81283201
v 11.495367 -6.10286175 0.81283201
v 11.4963348 -6.10072885 0.81283201
v 11.4975241 -6.09871088 0.81283201
v 11.4989207 -6.09683119 0.81283201
v 11.5005096 -6.09510981 0.81283201
v 11.5022723 -6.09356724 0.81283201
v 11.504189 -6.09222113 0.81283201
v 11.506238 -6.09108625 0.81283201
v 11.5083961 -6.09017597 0.81283201
v 11.5106385 -6.08949886 0.81283201
v 11.5128911 -6.08869873 0.8138888
v 11.5141795 -6.08843838 0.81500138
v 11.5152618 -6.08838306 0.81500138
v 11.5141795 -6.08843838 0.816001427
v 11.5152618 -6.08838306 0.816001427
v 11.5152653 -6.08850895 0.817114007
v 11.5176165 -6.08894049 0.818170857
v 11.5198278 -6.08983742 0.819118869
v 11.5218128 -6.09113632 0.819910598
v 11.5235087 -6.09275375 0.820506287
v 11.5248794 -6.09459387 0.820876014
v 11.5259196 -6.0965551 0.821001422
v 11.5243404 -6.09556757 0.821001422
v 11.5226653 -6.09475218 0.821001422
v 11.5230978 -6.09372745 0.820876014
v 11.5212342 -6.09305511 0.820876014
v 11.5215391 -6.09204327 0.820506287
v 11.5195053 -6.0915464 0.820506287
v 11.519681 -6.09061466 0.819910598
v 11.5175059 -6.09032331 0.819910598
v 11.517569 -6.08953463 0.819118869
v 11.5152909 -6.08947407 0.819118869
v 11.515275 -6.08887802 0.818170857
v 11.5129402 -6.08906494 0.818170857
v 11.5128911 -6.08869873 0.817114007
v 11.5105506 -6.08914028 0.817114007
v 11.510854 -6.08893953 0.816001427
v 11.510521 -6.08901869 0.816001427
v 11.510854 -6.08893953 0.81500138
v 11.510521 -6.08901869 0.81500138
v 11.5105506 -6.08914028 0.8138888
v 11.5082704 -6.08982788 0.8138888
v 11.5060762 -6.09075342 0.8138888
v 11.5039928 -6.09190784 0.8138888
v 11.502044 -6.09327684 0.8138888
v 11.5002516 -6.09484516 0.8138888
v 11.498636 -6.09659468 0.8138888
v 11.4972157 -6.09850632 0.8138888
v 11.4960066 -6.1005591 0.8138888
v 11.4950224 -6.10272776 0.8138888
v 11.4942744 -6.10498892 0.8138888
v 11.493771 -6.10731636 0.8138888
v 11.4935179 -6.10968529 0.8138888
v 11.4935179 -6.11206661 0.8138888
v 11.493771 -6.11443411 0.8138888
v 11.4942744 -6.11676203 0.8138888
v 11.4950224 -6.11902367 0.8138888
v 11.4960066 -6.12119184 0.8138888
v 11.4972157 -6.12324463 0.8138888
v 11.498636 -6.12515579 0.8138888
v 11.5002516 -6.12690578 0.8138888
v 11.502044 -6.1284741 0.8138888
v 11.5039928 -6.1298431 0.8138888
v 11.5060762 -6.130998 0.8138888
v 11.5082704 -6.13192306 0.8138888
v 11.5105506 -6.13261066 0.8138888
v 11.510854 -6.13281094 0.81500138
v 11.5128744 -6.13317619 0.81500138
v 11.5128744 -6.13317619 0.816001427
v 11.5141795 -6.13331161 0.816001427
v 11.5128911 -6.13305221 0.817114007
v 11.5129402 -6.132686 0.818170857
v 11.5130194 -6.1320952 0.819118869
v 11.5131243 -6.13131081 0.819910598
v 11.5132503 -6.13037096 0.820506287
v 11.5133904 -6.12932383 0.820876014
v 11.5135381 -6.1282209 0.821001422
v 11.5117076 -6.12787567 0.821001422
v 11.5099242 -6.12733732 0.821001422
v 11.5114436 -6.12895666 0.820876014
v 11.5095467 -6.12838446 0.820876014
v 11.5111927 -6.12998281 0.820506287
v 11.5091883 -6.12937818 0.820506287
v 11.5109678 -6.13090359 0.819910598
v 11.5088666 -6.13026987 0.819910598
v 11.5107798 -6.13167272 0.819118869
v 11.5085979 -6.13101469 0.819118869
v 11.5106385 -6.13225161 0.818170857
v 11.5083961 -6.13157593 0.818170857
v 11.5105506 -6.13261066 0.817114007
v 11.5082704 -6.13192306 0.817114007
v 11.510521 -6.13273226 0.816001427
v 11.5082281 -6.13204084 0.816001427
v 11.5082281 -6.13204084 0.81500138
v 11.5076407 -6.13182102 0.81500138
v 11.5060215 -6.13110958 0.81500138
v 11.5046109 -6.13036142 0.81500138
v 11.5060215 -6.13110958 0.816001427
v 11.5046109 -6.13036142 0.816001427
v 11.5060762 -6.130998 0.817114007
v 11.5039928 -6.1298431 0.817114007
v 11.504189 -6.12952934 0.818170857
v 11.5022723 -6.12818371 0.818170857
v 11.50264 -6.12771498 0.819118869
v 11.5009251 -6.12621437 0.819118869
v 11.5014773 -6.12564693 0.819910598
v 11.4999888 -6.12403427 0.819910598
v 11.5007187 -6.12342916 0.820506287
v 11.49947 -6.12174831 0.820506287
v 11.5003506 -6.12116466 0.820876014
v 11.4993449 -6.11945759 0.820876014
v 11.5003321 -6.11894499 0.821001422
v 11.4995624 -6.11724792 0.821001422
v 11.4989773 -6.11547934 0.821001422
v 11.4985835 -6.11365877 0.821001422
v 11.4979041 -6.11577259 0.820876014
v 11.4974851 -6.11383663 0.820876014
v 11.4968844 -6.11605011 0.820506287
v 11.4964417 -6.11400448 0.820506287
v 11.4959698 -6.11630045 0.819910598
v 11.495506 -6.11415468 0.819910598
v 11.495206 -6.11650787 0.819118869
v 11.4947242 -6.11428057 0.819118869
v 11.4946313 -6.11666475 0.818170857
v 11.4941361 -6.11437546 0.818170857
v 11.4942744 -6.11676203 0.817114007
v 11.493771 -6.11443411 0.817114007
v 11.4941536 -6.11679541 0.816001427
v 11.4936472 -6.11445461 0.816001427
v 11.4936472 -6.11445461 0.81500138
v 11.4936121 -6.11422859 0.81500138
v 11.4933926 -6.11207281 0.81500138
v 11.4933609 -6.11087547 0.81500138
v 11.4933926 -6.11207281 0.816001427
v 11.4933609 -6.11087547 0.816001427
v 11.4935179 -6.11206661 0.817114007
v 11.4935179 -6.10968529 0.817114007
v 11.4938872 -6.10970484 0.818170857
v 11.4941361 -6.10737549 0.818170857
v 11.4947242 -6.10747038 0.819118869
v 11.495206 -6.10524259 0.819118869
v 11.4959698 -6.10545097 0.819910598
v 11.4966589 -6.10336767 0.819910598
v 11.4975421 -6.10371242 0.820506287
v 11.498407 -6.10180603 0.820506287
v 11.4993449 -6.10229288 0.820876014
v 11.5003506 -6.10058628 0.820876014
v 11.501278 -6.10120188 0.821001422
v 11.5023887 -6.09970652 0.821001422
v 11.5036522 -6.09833752 0.821001422
v 11.5050541 -6.09711061 0.821001422
v 11.502876 -6.09754072 0.820876014
v 11.504367 -6.09623562 0.820876014
v 11.5021386 -6.09678303 0.820506287
v 11.5037145 -6.09540497 0.820506287
v 11.5014773 -6.09610401 0.819910598
v 11.5031292 -6.09465872 0.819910598
v 11.5009251 -6.09553657 0.819118869
v 11.50264 -6.09403597 0.819118869
v 11.5005096 -6.09510981 0.818170857
v 11.5022723 -6.09356724 0.818170857
v 11.5002516 -6.09484516 0.817114007
v 11.502044 -6.09327684 0.817114007
v 11.5018323 -6.093284 0.816001427
v 11.5019666 -6.09317766 0.816001427
v 11.5019666 -6.09317766 0.81500138
v 11.5039263 -6.09180151 0.81500138
v 11.5046109 -6.09139 0.81500138
v 11.5060215 -6.09064089 0.81500138
v 11.5076407 -6.08993135 0.81500138
v 11.5060215 -6.09064089 0.816001427
v 11.5076407 -6.08993135 0.816001427
v 11.5060762 -6.09075342 0.817114007
v 11.5082704 -6.08982788 0.817114007
v 11.5083961 -6.09017597 0.818170857
v 11.5106385 -6.08949886 0.818170857
v 11.5107798 -6.09007822 0.819118869
v 11.5130194 -6.08965574 0.819118869
v 11.5131243 -6.09044062 0.819910598
v 11.515312 -6.09026514 0.819910598
v 11.5153373 -6.09121357 0.820506287
v 11.5174301 -6.09126841 0.820506287
v 11.5173459 -6.09232174 0.820876014
v 11.5193094 -6.09258543 0.820876014
v 11.5191033 -6.09367882 0.821001422
v 11.5209129 -6.09412085 0.821001422
v 11.5082281 -6.08970962 0.816001427
v 11.5082281 -6.08970962 0.81500138
v 11.4933926 -6.10967766 0.81500138
v 11.4936121 -6.10752188 0.81500138
v 11.4933926 -6.10967766 0.816001427
v 11.4936121 -6.10752188 0.816001427
v 11.493771 -6.10731636 0.817114007
v 11.4946313 -6.10508619 0.818170857
v 11.4959218 -6.10307871 0.819118869
v 11.497566 -6.10136925 0.819910598
v 11.49947 -6.10000263 0.820506287
v 11.5015321 -6.09899603 0.820876014
v 11.5007187 -6.09832178 0.820506287
v 11.4999888 -6.0977162 0.819910598
v 11.4993793 -6.09721075 0.819118869
v 11.4989207 -6.09683119 0.818170857
v 11.498636 -6.09659468 0.817114007
v 11.4993671 -6.09557186 0.816001427
v 11.5001641 -6.09475552 0.816001427
v 11.5001641 -6.09475552 0.81500138
v 11.5018323 -6.093284 0.81500138
v 11.49868 -6.09947763 0.819910598
v 11.4968633 -6.10100351 0.819118869
v 11.495367 -6.10286175 0.818170857
v 11.4942744 -6.10498892 0.817114007
v 11.4936472 -6.10729633 0.816001427
v 11.4936472 -6.10729633 0.81500138
v 11.4980203 -6.09904037 0.819118869
v 11.4963348 -6.10072885 0.818170857
v 11.4950224 -6.10272776 0.817114007
v 11.4943604 -6.10424362 0.816001427
v 11.4941536 -6.10495602 0.816001427
v 11.4943604 -6.10424362 0.81500138
v 11.4941536 -6.10495602 0.81500138
v 11.4949059 -6.10268198 0.81500138
v 11.4955889 -6.10111271 0.81500138
v 11.4949059 -6.10268198 0.816001427
v 11.4955889 -6.10111271 0.816001427
v 11.4960066 -6.1005591 0.817114007
v 11.4975241 -6.09871088 0.818170857
v 11.4972157 -6.09850632 0.817114007
v 11.4958953 -6.10050045 0.816001427
v 11.4958953 -6.10050045 0.81500138
v 11.4972704 -6.09820066 0.816001427
v 11.4971112 -6.09843765 0.816001427
v 11.4972704 -6.09820066 0.81500138
v 11.4971112 -6.09843765 0.81500138
v 11.4985396 -6.09651457 0.81500138
v 11.4993671 -6.09557186 0.81500138
v 11.4985396 -6.09651457 0.816001427
v 11.4941536 -6.11679541 0.81500138
v 11.4943604 -6.11750732 0.816001427
v 11.4950224 -6.11902367 0.817114007
v 11.495367 -6.11888872 0.818170857
v 11.4959218 -6.11867176 0.819118869
v 11.4966589 -6.11838327 0.819910598
v 11.4975421 -6.11803804 0.820506287
v 11.4985262 -6.11765324 0.820876014
v 11.498407 -6.11994491 0.820506287
v 11.49868 -6.12227236 0.819910598
v 11.4993793 -6.12453972 0.819118869
v 11.5005096 -6.12664114 0.818170857
v 11.502044 -6.1284741 0.817114007
v 11.5039263 -6.12994991 0.816001427
v 11.5039263 -6.12994991 0.81500138
v 11.497566 -6.1203817 0.819910598
v 11.4980203 -6.12271057 0.819118869
v 11.4989207 -6.12491976 0.818170857
v 11.5002516 -6.12690578 0.817114007
v 11.5018323 -6.12846695 0.816001427
v 11.5019666 -6.12857281 0.816001427
v 11.5018323 -6.12846695 0.81500138
v 11.5019666 -6.12857281 0.81500138
v 11.5001641 -6.12699591 0.81500138
v 11.4993671 -6.12617908 0.81500138
v 11.5001641 -6.12699591 0.816001427
v 11.4993671 -6.12617908 0.816001427
v 11.498636 -6.12515579 0.817114007
v 11.4975241 -6.12303959 0.818170857
v 11.4968633 -6.12074696 0.819118869
v 11.4963348 -6.12102161 0.818170857
v 11.4972157 -6.12324463 0.817114007
v 11.4972704 -6.12355028 0.816001427
v 11.4985396 -6.1252359 0.816001427
v 11.4972704 -6.12355028 0.81500138
v 11.4985396 -6.1252359 0.81500138
v 11.4971112 -6.12331329 0.81500138
v 11.4958953 -6.1212505 0.81500138
v 11.4971112 -6.12331329 0.816001427
v 11.4958953 -6.1212505 0.816001427
v 11.4960066 -6.12119184 0.817114007
v 11.4955889 -6.12063776 0.816001427
v 11.4949059 -6.11906944 0.816001427
v 11.4943604 -6.11750732 0.81500138
v 11.4949059 -6.11906944 0.81500138
v 11.4955889 -6.12063776 0.81500138
v 11.510521 -6.13273226 0.81500138
v 11.510854 -6.13281094 0.816001427
v 11.5128744 -6.08857428 0.81500138
v 11.5128744 -6.08857428 0.816001427
v 11.5175422 -6.13331161 0.81500138
v 11.517656 -6.13330398 0.816001427
v 11.5200298 -6.08876501 0.81500138
v 11.5200298 -6.08876501 0.816001427
v 11.5240808 -6.13182102 0.81500138
v 11.5246094 -6.13160454 0.816001427
v 11.5174301 -6.09126841 0.810496581
v 11.5195053 -6.0915464 0.810496581
v 11.5215391 -6.09204327 0.810496581
v 11.5235087 -6.09275375 0.810496581
v 11.5253918 -6.09366928 0.810496581
v 11.5271665 -6.09477983 0.810496581
v 11.5288133 -6.09607302 0.810496581
v 11.5303134 -6.09753309 0.810496581
v 11.5316497 -6.09914575 0.810496581
v 11.532807 -6.10089003 0.810496581
v 11.5337724 -6.10274874 0.810496581
v 11.5345348 -6.10469757 0.810496581
v 11.5354351 -6.10440002 0.811092329
v 11.5361866 -6.10415159 0.811883998
v 11.5367523 -6.10396419 0.81283201
v 11.5371033 -6.10384832 0.8138888
v 11.5373611 -6.10424362 0.81500138
v 11.5372223 -6.10380922 0.81500138
v 11.5372223 -6.10380922 0.816001427
v 11.5363502 -6.10157858 0.816001427
v 11.536236 -6.1016296 0.817114007
v 11.5358992 -6.10178266 0.818170857
v 11.5353567 -6.10202871 0.819118869
v 11.5346358 -6.10235582 0.819910598
v 11.5337724 -6.10274874 0.820506287
v 11.5328101 -6.10318409 0.820876014
v 11.532807 -6.10089003 0.820506287
v 11.5324106 -6.09858023 0.819910598
v 11.5315917 -6.09635292 0.819118869
v 11.5303512 -6.09431492 0.818170857
v 11.5287215 -6.09256588 0.817114007
v 11.5271108 -6.09139 0.816001427
v 11.5267632 -6.09119354 0.816001427
v 11.5271108 -6.09139 0.81500138
v 11.5267632 -6.09119354 0.81500138
v 11.5267024 -6.09130321 0.8138888
v 11.5244168 -6.09060179 0.81283201
v 11.5220415 -6.09037863 0.811883998
v 11.519681 -6.09061466 0.811092329
v 11.5218128 -6.09113632 0.811092329
v 11.5238772 -6.09188019 0.811092329
v 11.5258509 -6.09284054 0.811092329
v 11.5277115 -6.0940045 0.811092329
v 11.5294378 -6.09535919 0.811092329
v 11.5310101 -6.09689079 0.811092329
v 11.5324106 -6.09858023 0.811092329
v 11.5336238 -6.1004089 0.811092329
v 11.5346358 -6.10235582 0.811092329
v 11.5353567 -6.10202871 0.811883998
v 11.5358992 -6.10178266 0.81283201
v 11.536236 -6.1016296 0.8138888
v 11.5363502 -6.10157858 0.81500138
v 11.5361326 -6.10111271 0.816001427
v 11.5351377 -6.09951673 0.817114007
v 11.5348192 -6.09970461 0.818170857
v 11.534306 -6.10000692 0.819118869
v 11.5336238 -6.1004089 0.819910598
v 11.5330462 -6.09810768 0.819118869
v 11.5320295 -6.09594904 0.818170857
v 11.5305949 -6.09403692 0.817114007
v 11.5298893 -6.093284 0.816001427
v 11.5287935 -6.09246336 0.816001427
v 11.5298893 -6.093284 0.81500138
v 11.5287935 -6.09246336 0.81500138
v 11.5287215 -6.09256588 0.8138888
v 11.5265231 -6.09162603 0.81283201
v 11.5241852 -6.09115063 0.811883998
v 11.5262347 -6.09214769 0.811883998
v 11.5281664 -6.093356 0.811883998
v 11.529959 -6.09476314 0.811883998
v 11.5315917 -6.09635292 0.811883998
v 11.5330462 -6.09810768 0.811883998
v 11.534306 -6.10000692 0.811883998
v 11.5348192 -6.09970461 0.81283201
v 11.5351377 -6.09951673 0.8138888
v 11.5361326 -6.10111271 0.81500138
v 11.5352456 -6.09945331 0.81500138
v 11.5352456 -6.09945331 0.816001427
v 11.5344512 -6.09820066 0.816001427
v 11.5338211 -6.09753166 0.817114007
v 11.5335243 -6.09775244 0.818170857
v 11.532301 -6.0956987 0.817114007
v 11.5323545 -6.09557186 0.816001427
v 11.5306773 -6.09394298 0.816001427
v 11.5323545 -6.09557186 0.81500138
v 11.5306773 -6.09394298 0.81500138
v 11.5305949 -6.09403692 0.8138888
v 11.528509 -6.09286867 0.81283201
v 11.5303512 -6.09431492 0.81283201
v 11.5320295 -6.09594904 0.81283201
v 11.5335243 -6.09775244 0.81283201
v 11.5338211 -6.09753166 0.8138888
v 11.5344512 -6.09820066 0.81500138
v 11.5339217 -6.09745727 0.81500138
v 11.5339217 -6.09745727 0.816001427
v 11.5323932 -6.09561335 0.816001427
v 11.5323932 -6.09561335 0.81500138
v 11.532301 -6.0956987 0.8138888
v 11.5281174 -6.12488352 0.810126793
v 11.5288133 -6.1256784 0.810496581
v 11.5294378 -6.12639175 0.811092329
v 11.529959 -6.1269878 0.811883998
v 11.5303512 -6.12743603 0.81283201
v 11.5305949 -6.12771402 0.8138888
v 11.5298893 -6.12846695 0.81500138
v 11.5306773 -6.12780796 0.81500138
v 11.5306773 -6.12780796 0.816001427
v 11.5323545 -6.12617908 0.816001427
v 11.532301 -6.12605225 0.817114007
v 11.5320295 -6.12580191 0.818170857
v 11.5315917 -6.12539755 0.819118869
v 11.5310101 -6.12486063 0.819910598
v 11.5303134 -6.12421738 0.820506287
v 11.5295369 -6.12350069 0.820876014
v 11.5316497 -6.12260567 0.820506287
v 11.5336238 -6.12134252 0.819910598
v 11.5353567 -6.11972176 0.819118869
v 11.5367523 -6.11778675 0.818170857
v 11.5377298 -6.11560474 0.817114007
v 11.5381094 -6.11422859 0.816001427
v 11.5382333 -6.11326729 0.816001427
v 11.5381094 -6.11422859 0.81500138
v 11.5377298 -6.11560474 0.8138888
v 11.5373683 -6.11552702 0.81283201
v 11.5367862 -6.11540066 0.811883998
v 11.5360124 -6.11523329 0.811092329
v 11.5350857 -6.11503302 0.810496581
v 11.5340528 -6.11481033 0.810126793
v 11.5335315 -6.11672102 0.810126793
v 11.5328101 -6.11856686 0.810126793
v 11.5318965 -6.12032495 0.810126793
v 11.5308013 -6.12197576 0.810126793
v 11.5295369 -6.12350069 0.810126793
v 11.5303134 -6.12421738 0.810496581
v 11.5310101 -6.12486063 0.811092329
v 11.5315917 -6.12539755 0.811883998
v 11.5320295 -6.12580191 0.81283201
v 11.532301 -6.12605225 0.8138888
v 11.5323545 -6.12617908 0.81500138
v 11.5323932 -6.12613712 0.81500138
v 11.5323932 -6.12613712 0.816001427
v 11.5339217 -6.12429367 0.816001427
v 11.5338211 -6.12421881 0.817114007
v 11.5335243 -6.12399851 0.818170857
v 11.5330462 -6.12364326 0.819118869
v 11.5324106 -6.12317072 0.819910598
v 11.534306 -6.12174402 0.819118869
v 11.5358992 -6.11996828 0.818170857
v 11.5371033 -6.11790262 0.817114007
v 11.5373611 -6.11750732 0.816001427
v 11.5378523 -6.11563192 0.816001427
v 11.5373611 -6.11750732 0.81500138
v 11.5378523 -6.11563192 0.81500138
v 11.5348192 -6.12204634 0.818170857
v 11.536236 -6.12012182 0.817114007
v 11.5372223 -6.1179422 0.816001427
v 11.5372223 -6.1179422 0.81500138
v 11.5371033 -6.11790262 0.8138888
v 11.5367523 -6.11778675 0.81283201
v 11.5361866 -6.11760031 0.811883998
v 11.5354351 -6.11735092 0.811092329
v 11.5345348 -6.11705337 0.810496581
v 11.5337724 -6.11900316 0.810496581
v 11.532807 -6.12086092 0.810496581
v 11.5316497 -6.12260567 0.810496581
v 11.5324106 -6.12317072 0.811092329
v 11.5330462 -6.12364326 0.811883998
v 11.5335243 -6.12399851 0.81283201
v 11.5338211 -6.12421881 0.8138888
v 11.5339217 -6.12429367 0.81500138
v 11.5344512 -6.12355028 0.816001427
v 11.5351377 -6.12223421 0.817114007
v 11.5361326 -6.12063776 0.816001427
v 11.5363502 -6.12017237 0.816001427
v 11.5361326 -6.12063776 0.81500138
v 11.5363502 -6.12017237 0.81500138
v 11.536236 -6.12012182 0.8138888
v 11.5358992 -6.11996828 0.81283201
v 11.5353567 -6.11972176 0.811883998
v 11.5346358 -6.11939464 0.811092329
v 11.5336238 -6.12134252 0.811092329
v 11.534306 -6.12174402 0.811883998
v 11.5348192 -6.12204634 0.81283201
v 11.5351377 -6.12223421 0.8138888
v 11.5344512 -6.12355028 0.81500138
v 11.5352456 -6.12229811 0.81500138
v 11.5352456 -6.12229811 0.816001427
v 11.5333607 -6.11087547 0.821001422
v 11.5344734 -6.11087547 0.820876014
v 11.5343679 -6.10889755 0.820876014
v 11.5354187 -6.10878502 0.820506287
v 11.5363614 -6.10868393 0.819910598
v 11.5371487 -6.10860001 0.819118869
v 11.537741 -6.10853659 0.818170857
v 11.5381087 -6.10849701 0.817114007
v 11.5381094 -6.10752188 0.816001427
v 11.5382333 -6.10848366 0.816001427
v 11.5382333 -6.10848366 0.81500138
v 11.5332618 -6.10901581 0.821001422
v 11.5332618 -6.11273561 0.821001422
v 11.5329654 -6.1145743 0.821001422
v 11.5343679 -6.11285387 0.820876014
v 11.5340528 -6.11481033 0.820876014
v 11.5354187 -6.1129664 0.820506287
v 11.5350857 -6.11503302 0.820506287
v 11.5363614 -6.11306702 0.819910598
v 11.5360124 -6.11523329 0.819910598
v 11.5371487 -6.11315094 0.819118869
v 11.5378658 -6.11087547 0.818170857
v 11.53727 -6.11087547 0.819118869
v 11.5364782 -6.11087547 0.819910598
v 11.5355304 -6.11087547 0.820506287
v 11.5345348 -6.11705337 0.820506287
v 11.5328101 -6.11856686 0.820876014
v 11.5309381 -6.1197599 0.821001422
v 11.5317968 -6.11810671 0.821001422
v 11.5324753 -6.11637197 0.821001422
v 11.5335315 -6.11672102 0.820876014
v 11.5046109 -6.09139 0.816001427
v 11.5039263 -6.09180151 0.816001427
v 11.5039928 -6.09190784 0.817114007
v 11.504189 -6.09222113 0.818170857
v 11.5045049 -6.0927261 0.819118869
v 11.5049248 -6.09339701 0.819910598
v 11.5054277 -6.09420191 0.820506287
v 11.5059883 -6.09509741 0.820876014
v 11.5065784 -6.09603964 0.821001422
v 11.5082079 -6.09513842 0.821001422
v 11.5099242 -6.09441315 0.821001422
v 11.5077213 -6.09413658 0.820876014
v 11.5095467 -6.09336697 0.820876014
v 11.5072592 -6.09318672 0.820506287
v 11.5091883 -6.09237276 0.820506287
v 11.5068448 -6.09233366 0.819910598
v 11.5088666 -6.0914806 0.819910598
v 11.5064982 -6.09162222 0.819118869
v 11.5085979 -6.09073578 0.819118869
v 11.506238 -6.09108625 0.818170857
v 11.5109678 -6.09084736 0.819910598
v 11.5132503 -6.09138046 0.820506287
v 11.5153653 -6.09226976 0.820876014
v 11.5172571 -6.09343134 0.821001422
v 11.515395 -6.09338127 0.821001422
v 11.5135381 -6.093531 0.821001422
v 11.5133904 -6.09242712 0.820876014
v 11.5114436 -6.09279428 0.820876014
v 11.5111927 -6.09176765 0.820506287
v 11.5117076 -6.09387527 0.821001422
v 11.4936121 -6.11422859 0.816001427
v 11.4938872 -6.11204658 0.818170857
v 11.4944819 -6.10973583 0.819118869
v 11.495506 -6.10759579 0.819910598
v 11.4968844 -6.10570084 0.820506287
v 11.4985262 -6.10409723 0.820876014
v 11.5003321 -6.10280643 0.821001422
v 11.4995624 -6.10450302 0.821001422
v 11.4989773 -6.10627161 0.821001422
v 11.4979041 -6.10597835 0.820876014
v 11.4974851 -6.10791527 0.820876014
v 11.4964417 -6.10774694 0.820506287
v 11.4962193 -6.10982881 0.820506287
v 11.4952725 -6.10977779 0.819910598
v 11.4952725 -6.11197315 0.819910598
v 11.4944819 -6.11201511 0.819118869
v 11.4962193 -6.11192261 0.820506287
v 11.4972747 -6.1098846 0.820876014
v 11.4985835 -6.1080917 0.821001422
v 11.4983855 -6.10994373 0.821001422
v 11.4983855 -6.11180721 0.821001422
v 11.4972747 -6.11186634 0.820876014
v 11.5076407 -6.13182102 0.816001427
v 11.506238 -6.13066469 0.818170857
v 11.5045049 -6.12902437 0.819118869
v 11.5031292 -6.12709175 0.819910598
v 11.5021386 -6.12496792 0.820506287
v 11.5015321 -6.12275444 0.820876014
v 11.501278 -6.12054907 0.821001422
v 11.5023887 -6.12204443 0.821001422
v 11.5036522 -6.12341391 0.821001422
v 11.502876 -6.12421022 0.820876014
v 11.504367 -6.12551533 0.820876014
v 11.5037145 -6.12634741 0.820506287
v 11.5054277 -6.12754999 0.820506287
v 11.5049248 -6.12835346 0.819910598
v 11.5068448 -6.12941681 0.819910598
v 11.5064982 -6.13012873 0.819118869
v 11.5072592 -6.1285647 0.820506287
v 11.5059883 -6.12665449 0.820876014
v 11.5050541 -6.12464033 0.821001422
v 11.5065784 -6.12571083 0.821001422
v 11.5082079 -6.12661348 0.821001422
v 11.5077213 -6.12761436 0.820876014
v 9.99594179 -2.8812512 1.55000037
v 9.99594179 -2.8812512 1.57000037
v 11.5381094 -1.21423121 0.810001445
v 11.5373611 -1.21751 0.810001445
v 11.5158609 -1.21087794 0.810001445
v 11.5361326 -1.22064014 0.810001445
v 11.5344512 -1.22355272 0.810001445
v 11.5323545 -1.22618188 0.810001445
v 11.5298893 -1.22846924 0.810001445
v 11.5271108 -1.23036329 0.810001445
v 11.5240808 -1.23182251 0.810001445
v 11.5208675 -1.23281397 0.810001445
v 11.5175422 -1.23331495 0.810001445
v 11.5141795 -1.23331495 0.810001445
v 11.510854 -1.23281397 0.810001445
v 11.5076407 -1.23182251 0.810001445
v 11.5046109 -1.23036329 0.810001445
v 11.5018323 -1.22846924 0.810001445
v 11.4993671 -1.22618188 0.810001445
v 11.4972704 -1.22355272 0.810001445
v 11.4955889 -1.22064014 0.810001445
v 11.4943604 -1.21751 0.810001445
v 11.4936121 -1.21423121 0.810001445
v 11.4933609 -1.21087794 0.810001445
v 11.4936121 -1.20752467 0.810001445
v 11.4943604 -1.20424585 0.810001445
v 11.4955889 -1.20111571 0.810001445
v 11.4972704 -1.19820313 0.810001445
v 11.4993671 -1.19557397 0.810001445
v 11.5018323 -1.19328663 0.810001445
v 11.5046109 -1.19139259 0.810001445
v 11.5076407 -1.18993334 0.810001445
v 11.510854 -1.1889419 0.810001445
v 11.5141795 -1.18844092 0.810001445
v 11.5175422 -1.18844092 0.810001445
v 11.5208675 -1.1889419 0.810001445
v 11.5240808 -1.18993334 0.810001445
v 11.5271108 -1.19139259 0.810001445
v 11.5298893 -1.19328663 0.810001445
v 11.5323545 -1.19557397 0.810001445
v 11.5344512 -1.19820313 0.810001445
v 11.5361326 -1.20111571 0.810001445
v 11.5373611 -1.20424585 0.810001445
v 11.5381094 -1.20752467 0.810001445
v 11.5383607 -1.21087794 0.810001445
v 11.5240808 -1.23182251 0.821001422
v 11.5271108 -1.23036329 0.821001422
v 11.5158609 -1.21087794 0.821001422
v 11.5298893 -1.22846924 0.821001422
v 11.5323545 -1.22618188 0.821001422
v 11.5344512 -1.22355272 0.821001422
v 11.5361326 -1.22064014 0.821001422
v 11.5373611 -1.21751 0.821001422
v 11.5381094 -1.21423121 0.821001422
v 11.5383607 -1.21087794 0.821001422
v 11.5381094 -1.20752467 0.821001422
v 11.5373611 -1.20424585 0.821001422
v 11.5361326 -1.20111571 0.821001422
v 11.5344512 -1.19820313 0.821001422
v 11.5323545 -1.19557397 0.821001422
v 11.5298893 -1.19328663 0.821001422
v 11.5271108 -1.19139259 0.821001422
v 11.5240808 -1.18993334 0.821001422
v 11.5208675 -1.1889419 0.821001422
v 11.5175422 -1.18844092 0.821001422
v 11.5141795 -1.18844092 0.821001422
v 11.510854 -1.1889419 0.821001422
v 11.5076407 -1.18993334 0.821001422
v 11.5046109 -1.19139259 0.821001422
v 11.5018323 -1.19328663 0.821001422
v 11.4993671 -1.19557397 0.821001422
v 11.4972704 -1.19820313 0.821001422
v 11.4955889 -1.20111571 0.821001422
v 11.4943604 -1.20424585 0.821001422
v 11.4936121 -1.20752467 0.821001422
v 11.4933609 -1.21087794 0.821001422
v 11.4936121 -1.21423121 0.821001422
v 11.4943604 -1.21751 0.821001422
v 11.4955889 -1.22064014 0.821001422
v 11.4972704 -1.22355272 0.821001422
v 11.4993671 -1.22618188 0.821001422
v 11.5018323 -1.22846924 0.821001422
v 11.5046109 -1.23036329 0.821001422
v 11.5076407 -1.23182251 0.821001422
v 11.510854 -1.23281397 0.821001422
v 11.5141795 -1.23331495 0.821001422
v 11.5175422 -1.23331495 0.821001422
v 11.5208675 -1.23281397 0.821001422
vt -2.46334291 0.815999985
vt -2.46573496 0.814999998
vt -2.46334291 0.814999998
vt -0.814999998 -0.822917998
vt -0.814999998 -0.822790027
vt -0.814999998 -0.822790027
vt -2.46334291 0.814999998
vt -2.46573496 0.814999998
vt -2.46334291 0.813887
vt -2.46334291 0.813887
vt -2.46573496 0.814999998
vt -2.46572089 0.813887
vt -2.46334291 0.813887
vt -2.46572089 0.813887
vt -2.46334291 0.812830985
vt -2.46334291 0.812830985
vt -2.46572089 0.813887
vt -2.46568203 0.812830985
vt -2.46334291 0.812830985
vt -2.46568203 0.812830985
vt -2.46334291 0.811882019
vt -2.46334291 0.811882019
vt -2.46568203 0.812830985
vt -2.4656179 0.811882019
vt 2.46334291 -0.821826994
vt 2.4656179 -0.821704984
vt 2.46334291 -0.821035028
vt 2.46334291 -0.821035028
vt 2.4656179 -0.821704984
vt 2.46553397 -0.820918024
vt 2.46334291 -0.821035028
vt 2.46553397 -0.820918024
vt 2.46334291 -0.820087016
vt 2.46334291 -0.820087016
vt 2.46553397 -0.820918024
vt 2.46543407 -0.819975972
vt 2.46334291 -0.820087016
vt 2.46543407 -0.819975972
vt 2.46334291 -0.819029987
vt 2.46334291 -0.819029987
vt 2.46543407 -0.819975972
vt 2.46532202 -0.818925023
vt 2.46334291 -0.819029987
vt 2.46532202 -0.818925023
vt 2.46334291 -0.817918003
vt 0.766282976 0.684502006
vt 0.770240009 0.682487011
vt 0.770003021 0.684700012
vt 0.770003021 0.684700012
vt 0.770240009 0.682487011
vt 0.774151981 0.683117986
vt 0.770003021 0.684700012
vt 0.774151981 0.683117986
vt 0.773680985 0.685293019
vt 0.773680985 0.685293019
vt 0.774151981 0.683117986
vt 0.77797401 0.684159994
vt 0.773680985 0.685293019
vt 0.77797401 0.684159994
vt 0.777275026 0.686272979
vt 0.777275026 0.686272979
vt 0.77797401 0.684159994
vt 0.781665027 0.685603023
vt 0.777275026 0.686272979
vt 0.781665027 0.685603023
vt 0.780745029 0.687629998
vt 0.780745029 0.687629998
vt 0.781665027 0.685603023
vt 0.785180986 0.687430024
vt 0.780745029 0.687629998
vt 0.785180986 0.687430024
vt 0.784051001 0.689347029
vt 0.784051001 0.689347029
vt 0.785180986 0.687430024
vt 0.788483024 0.689620972
vt 0.784051001 0.689347029
vt 0.788483024 0.689620972
vt 0.787155986 0.691407025
vt 0.787155986 0.691407025
vt 0.788483024 0.689620972
vt 0.791532993 0.692149997
vt 0.787155986 0.691407025
vt 0.791532993 0.692149997
vt 0.790023983 0.693785012
vt 0.790023983 0.693785012
vt 0.791532993 0.692149997
vt 0.79429698 0.694988012
vt 0.790023983 0.693785012
vt 0.79429698 0.694988012
vt 0.792622983 0.696453989
vt 0.792622983 0.696453989
vt 0.79429698 0.694988012
vt 0.796743989 0.698104978
vt 0.792622983 0.696453989
vt 0.796743989 0.698104978
vt 0.794923007 0.699383974
vt 0.794923007 0.699383974
vt 0.796743989 0.698104978
vt 0.798846006 0.701463997
vt 0.794923007 0.699383974
vt 0.798846006 0.701463997
vt 0.796899021 0.702542007
vt 0.796899021 0.702542007
vt 0.798846006 0.701463997
vt 0.800579011 0.705027997
vt 0.796899021 0.702542007
vt 0.800579011 0.705027997
vt 0.798529029 0.70589298
vt 0.798529029 0.70589298
vt 0.800579011 0.705027997
vt 0.801922977 0.708755016
vt 0.798529029 0.70589298
vt 0.801922977 0.708755016
vt 0.799791992 0.709397018
vt 0.799791992 0.709397018
vt 0.801922977 0.708755016
vt 0.802863002 0.712603986
vt 0.799791992 0.709397018
vt 0.802863002 0.712603986
vt 0.800677001 0.713016987
vt 0.800677001 0.713016987
vt 0.802863002 0.712603986
vt 0.803389013 0.716531992
vt 0.800677001 0.713016987
vt 0.803389013 0.716531992
vt 0.801171005 0.716709018
vt 0.801171005 0.716709018
vt 0.803389013 0.716531992
vt 0.80349499 0.720493019
vt 0.801171005 0.716709018
vt 0.80349499 0.720493019
vt 0.801270008 0.720432997
vt 0.801270008 0.720432997
vt 0.80349499 0.720493019
vt 0.803179026 0.724442005
vt 0.801270008 0.720432997
vt 0.803179026 0.724442005
vt 0.800972998 0.724147022
vt 0.800972998 0.724147022
vt 0.803179026 0.724442005
vt 0.802443981 0.728335977
vt 0.800972998 0.724147022
vt 0.802443981 0.728335977
vt 0.800283015 0.727807999
vt 0.800283015 0.727807999
vt 0.802443981 0.728335977
vt 0.801301003 0.732129991
vt 0.800283015 0.727807999
vt 0.801301003 0.732129991
vt 0.799206972 0.731374979
vt 0.799206972 0.731374979
vt 0.801301003 0.732129991
vt 0.799759984 0.735781014
vt 0.799206972 0.731374979
vt 0.799759984 0.735781014
vt 0.797758996 0.734808028
vt 0.797758996 0.734808028
vt 0.799759984 0.735781014
vt 0.797839999 0.739247024
vt 0.797758996 0.734808028
vt 0.797839999 0.739247024
vt 0.795953989 0.738066018
vt 0.795953989 0.738066018
vt 0.797839999 0.739247024
vt 0.795562029 0.74248898
vt 0.795953989 0.738066018
vt 0.795562029 0.74248898
vt 0.793811977 0.741114974
vt 0.793811977 0.741114974
vt 0.795562029 0.74248898
vt 0.792953014 0.745471001
vt 0.793811977 0.741114974
vt 0.792953014 0.745471001
vt 0.791359007 0.743919015
vt 0.791359007 0.743919015
vt 0.792953014 0.745471001
vt 0.790041983 0.748158991
vt 0.791359007 0.743919015
vt 0.790041983 0.748158991
vt 0.788621008 0.746446013
vt 0.788621008 0.746446013
vt 0.790041983 0.748158991
vt 0.786861002 0.750522017
vt 0.788621008 0.746446013
vt 0.786861002 0.750522017
vt 0.785631001 0.748668015
vt 0.785631001 0.748668015
vt 0.786861002 0.750522017
vt 0.783447027 0.752533972
vt 0.785631001 0.748668015
vt 0.783447027 0.752533972
vt 0.782420993 0.750558972
vt 0.782420993 0.750558972
vt 0.783447027 0.752533972
vt 0.779838979 0.754171014
vt 0.782420993 0.750558972
vt 0.779838979 0.754171014
vt 0.779027998 0.752098978
vt 0.779027998 0.752098978
vt 0.779838979 0.754171014
vt 0.776076972 0.755415022
vt 0.779027998 0.752098978
vt 0.776076972 0.755415022
vt 0.775490999 0.753269017
vt 0.775490999 0.753269017
vt 0.776076972 0.755415022
vt 0.772203982 0.756253004
vt 0.775490999 0.753269017
vt 0.772203982 0.756253004
vt 0.77184999 0.754055977
vt 0.77184999 0.754055977
vt 0.772203982 0.756253004
vt 0.768263996 0.756673992
vt 0.77184999 0.754055977
vt 0.768263996 0.756673992
vt 0.768145978 0.75445199
vt 0.768145978 0.75445199
vt 0.768263996 0.756673992
vt 0.764302015 0.756673992
vt 0.768145978 0.75445199
vt 0.764302015 0.756673992
vt 0.764419973 0.75445199
vt 0.764419973 0.75445199
vt 0.764302015 0.756673992
vt 0.760362029 0.756253004
vt 0.764419973 0.75445199
vt 0.760362029 0.756253004
vt 0.760715008 0.754055977
vt 0.760715008 0.754055977
vt 0.760362029 0.756253004
vt 0.756488979 0.755415022
vt 0.760715008 0.754055977
vt 0.756488979 0.755415022
vt 0.757073998 0.753269017
vt 0.757073998 0.753269017
vt 0.756488979 0.755415022
vt 0.752726972 0.754171014
vt 0.757073998 0.753269017
vt 0.752726972 0.754171014
vt 0.753536999 0.752098978
vt 0.753536999 0.752098978
vt 0.752726972 0.754171014
vt 0.74911797 0.752533972
vt 0.753536999 0.752098978
vt 0.74911797 0.752533972
vt 0.750145018 0.750558972
vt 0.750145018 0.750558972
vt 0.74911797 0.752533972
vt 0.745705009 0.750522017
vt 0.750145018 0.750558972
vt 0.745705009 0.750522017
vt 0.74693501 0.748668015
vt 0.74693501 0.748668015
vt 0.745705009 0.750522017
vt 0.742524028 0.748158991
vt 0.74693501 0.748668015
vt 0.742524028 0.748158991
vt 0.743943989 0.746446013
vt 0.743943989 0.746446013
vt 0.742524028 0.748158991
vt 0.739611983 0.745471001
vt 0.743943989 0.746446013
vt 0.739611983 0.745471001
vt 0.741207004 0.743919015
vt 0.741207004 0.743919015
vt 0.739611983 0.745471001
vt 0.737003028 0.74248898
vt 0.741207004 0.743919015
vt 0.737003028 0.74248898
vt 0.738753021 0.741114974
vt 0.738753021 0.741114974
vt 0.737003028 0.74248898
vt 0.734726012 0.739247024
vt 0.738753021 0.741114974
vt 0.734726012 0.739247024
vt 0.736612022 0.738066018
vt 0.736612022 0.738066018
vt 0.734726012 0.739247024
vt 0.732806027 0.735781014
vt 0.736612022 0.738066018
vt 0.732806027 0.735781014
vt 0.734807014 0.734808028
vt 0.734807014 0.734808028
vt 0.732806027 0.735781014
vt 0.731265008 0.732129991
vt 0.734807014 0.734808028
vt 0.731265008 0.732129991
vt 0.733358026 0.731374979
vt 0.733358026 0.731374979
vt 0.731265008 0.732129991
vt 0.730121017 0.728335977
vt 0.733358026 0.731374979
vt 0.730121017 0.728335977
vt 0.732282996 0.727807999
vt 0.732282996 0.727807999
vt 0.730121017 0.728335977
vt 0.729386985 0.724442005
vt 0.732282996 0.727807999
vt 0.729386985 0.724442005
vt 0.731592 0.724147022
vt 0.731592 0.724147022
vt 0.729386985 0.724442005
vt 0.729071021 0.720493019
vt 0.731592 0.724147022
vt 0.729071021 0.720493019
vt 0.73129499 0.720432997
vt 0.73129499 0.720432997
vt 0.729071021 0.720493019
vt 0.729175985 0.716531992
vt 0.73129499 0.720432997
vt 0.729175985 0.716531992
vt 0.731393993 0.716709018
vt 0.731393993 0.716709018
vt 0.729175985 0.716531992
vt 0.729701996 0.712603986
vt 0.731393993 0.716709018
vt 0.729701996 0.712603986
vt 0.731889009 0.713016987
vt 0.731889009 0.713016987
vt 0.729701996 0.712603986
vt 0.730642974 0.708755016
vt 0.731889009 0.713016987
vt 0.730642974 0.708755016
vt 0.732773006 0.709397018
vt 0.732773006 0.709397018
vt 0.730642974 0.708755016
vt 0.731987 0.705027997
vt 0.732773006 0.709397018
vt 0.731987 0.705027997
vt 0.734036982 0.70589298
vt 0.734036982 0.70589298
vt 0.731987 0.705027997
vt 0.733718991 0.701463997
vt 0.734036982 0.70589298
vt 0.733718991 0.701463997
vt 0.735665977 0.702542007
vt 0.735665977 0.702542007
vt 0.733718991 0.701463997
vt 0.735821009 0.698104978
vt 0.735665977 0.702542007
vt 0.735821009 0.698104978
vt 0.73764199 0.699383974
vt 0.73764199 0.699383974
vt 0.735821009 0.698104978
vt 0.738268018 0.694988012
vt 0.73764199 0.699383974
vt 0.738268018 0.694988012
vt 0.739943027 0.696453989
vt 0.739943027 0.696453989
vt 0.738268018 0.694988012
vt 0.741032004 0.692149997
vt 0.739943027 0.696453989
vt 0.741032004 0.692149997
vt 0.742542028 0.693785012
vt 0.742542028 0.693785012
vt 0.741032004 0.692149997
vt 0.744082987 0.689620972
vt 0.742542028 0.693785012
vt 0.744082987 0.689620972
vt 0.745410025 0.691407025
vt 0.745410025 0.691407025
vt 0.744082987 0.689620972
vt 0.747385025 0.687430024
vt 0.745410025 0.691407025
vt 0.747385025 0.687430024
vt 0.748513997 0.689347029
vt 0.748513997 0.689347029
vt 0.747385025 0.687430024
vt 0.750900984 0.685603023
vt 0.748513997 0.689347029
vt 0.750900984 0.685603023
vt 0.751820028 0.687629998
vt 0.751820028 0.687629998
vt 0.750900984 0.685603023
vt 0.754590988 0.684159994
vt 0.751820028 0.687629998
vt 0.754590988 0.684159994
vt 0.755289972 0.686272979
vt 0.755289972 0.686272979
vt 0.754590988 0.684159994
vt 0.75841397 0.683117986
vt 0.755289972 0.686272979
vt 0.75841397 0.683117986
vt 0.758884013 0.685293019
vt 0.758884013 0.685293019
vt 0.75841397 0.683117986
vt 0.762326002 0.682487011
vt 0.758884013 0.685293019
vt 0.762326002 0.682487011
vt 0.76256299 0.684700012
vt 0.76256299 0.684700012
vt 0.762326002 0.682487011
vt 0.766282976 0.682277024
vt 0.76256299 0.684700012
vt 0.766282976 0.682277024
vt 0.766282976 0.684502006
vt 0.766282976 0.684502006
vt 0.766282976 0.682277024
vt 0.770240009 0.682487011
vt 0.770240009 0.682487011
vt 0.766282976 0.682277024
vt 0.770464003 0.680386007
vt 0.770240009 0.682487011
vt 0.770464003 0.680386007
vt 0.774598002 0.681052029
vt 0.774598002 0.681052029
vt 0.770464003 0.680386007
vt 0.774999022 0.67919898
vt 0.774598002 0.681052029
vt 0.774999022 0.67919898
vt 0.779233992 0.680352986
vt 0.779233992 0.680352986
vt 0.774999022 0.67919898
vt 0.779730976 0.678849995
vt 0.779233992 0.680352986
vt 0.779730976 0.678849995
vt 0.783976018 0.680509984
vt 0.783976018 1.56623495
vt 0.779730976 1.56623495
vt 0.784467995 1.56433904
vt 0.783976018 1.56623495
vt 0.784467995 1.56433904
vt 0.788625002 1.56433904
vt 0.788625002 1.56433904
vt 0.784467995 1.56433904
vt 0.788999975 1.56222498
vt 0.788625002 1.56433904
vt 0.788999975 1.56222498
vt 0.792970002 1.56222498
vt 0.792970002 1.56222498
vt 0.788999975 1.56222498
vt 0.793119013 1.55999994
vt 0.792970002 1.56222498
vt 0.793119013 1.55999994
vt 0.796806991 1.55999994
vt 0.796806991 1.55999994
vt 0.793119013 1.55999994
vt 0.796636999 1.55777502
vt -1.55999994 0.686437011
vt -1.55777502 0.68662101
vt -1.55777502 0.690033972
vt -1.55777502 0.690033972
vt -1.55777502 0.68662101
vt -1.55566096 0.690521002
vt -1.55777502 0.690033972
vt -1.55566096 0.690521002
vt -1.55566096 0.694205999
vt -1.55566096 0.694205999
vt -1.55566096 0.690521002
vt -1.55376506 0.694890022
vt -1.55566096 0.694205999
vt -1.55376506 0.694890022
vt -1.55376506 0.698754013
vt -0.803739011 0.698754013
vt -0.80132103 0.694890022
vt -0.802353978 0.699521005
vt -0.803739011 0.698754013
vt -0.802353978 0.699521005
vt -0.804273009 0.703468978
vt -0.804273009 0.703468978
vt -0.802353978 0.699521005
vt -0.802525997 0.70420599
vt -0.804273009 0.703468978
vt -0.802525997 0.70420599
vt -0.803946972 0.708145022
vt -0.803946972 0.708145022
vt -0.802525997 0.70420599
vt -0.801922977 0.708755016
vt -0.803946972 0.708145022
vt -0.801922977 0.708755016
vt -0.802863002 0.712603986
vt -0.802863002 0.712603986
vt -0.801922977 0.708755016
vt -0.800677001 0.713016987
vt -1.55025101 0.712603986
vt -1.54999995 0.713016987
vt -1.55025101 0.712603986
vt -0.802863002 0.712603986
vt -0.800677001 0.713016987
vt -0.801171005 0.716709018
vt -0.802863002 0.712603986
vt -0.801171005 0.716709018
vt -0.803389013 0.716531992
vt -0.803389013 0.716531992
vt -0.801171005 0.716709018
vt -0.801270008 0.720432997
vt -0.803389013 0.716531992
vt -0.801270008 0.720432997
vt -0.80349499 0.720493019
vt -0.80349499 0.720493019
vt -0.801270008 0.720432997
vt -0.800972998 0.724147022
vt -0.80349499 0.720493019
vt -0.800972998 0.724147022
vt -0.803179026 0.724442005
vt -0.803179026 0.724442005
vt -0.800972998 0.724147022
vt -0.800283015 0.727807999
vt -0.803179026 0.724442005
vt -0.800283015 0.727807999
vt -0.802443981 0.728335977
vt -0.802443981 0.728335977
vt -0.800283015 0.727807999
vt -0.799206972 0.731374979
vt -0.802443981 0.728335977
vt -0.799206972 0.731374979
vt -0.801301003 0.732129991
vt -0.801301003 0.732129991
vt -0.799206972 0.731374979
vt -0.797758996 0.734808028
vt -0.801301003 0.732129991
vt -0.797758996 0.734808028
vt -0.799759984 0.735781014
vt -0.799759984 0.735781014
vt -0.797758996 0.734808028
vt -0.795953989 0.738066018
vt -0.799759984 0.735781014
vt -0.795953989 0.738066018
vt -0.797839999 0.739247024
vt -0.797839999 0.739247024
vt -0.795953989 0.738066018
vt -0.793811977 0.741114974
vt -0.797839999 0.739247024
vt -0.793811977 0.741114974
vt -0.795562029 0.74248898
vt -0.795562029 0.74248898
vt -0.793811977 0.741114974
vt -0.791359007 0.743919015
vt -0.795562029 0.74248898
vt -0.791359007 0.743919015
vt -0.792953014 0.745471001
vt -0.792953014 0.745471001
vt -0.791359007 0.743919015
vt -0.788621008 0.746446013
vt -0.792953014 0.745471001
vt -0.788621008 0.746446013
vt -0.790041983 0.748158991
vt -0.790041983 0.748158991
vt -0.788621008 0.746446013
vt -0.785631001 0.748668015
vt -0.790041983 0.748158991
vt -0.785631001 0.748668015
vt -0.786861002 0.750522017
vt -0.786861002 0.750522017
vt -0.785631001 0.748668015
vt -0.782420993 0.750558972
vt -0.786861002 0.750522017
vt -0.782420993 0.750558972
vt -0.783447027 0.752533972
vt -0.783447027 0.752533972
vt -0.782420993 0.750558972
vt -0.779027998 0.752098978
vt -0.783447027 0.752533972
vt -0.779027998 0.752098978
vt -0.779838979 0.754171014
vt -0.779838979 0.754171014
vt -0.779027998 0.752098978
vt -0.775490999 0.753269017
vt -0.779838979 0.754171014
vt -0.775490999 0.753269017
vt -0.776076972 0.755415022
vt -0.776076972 0.755415022
vt -0.775490999 0.753269017
vt -0.77184999 0.754055977
vt -0.776076972 0.755415022
vt -0.77184999 0.754055977
vt -0.772203982 0.756253004
vt -0.772203982 0.756253004
vt -0.77184999 0.754055977
vt -0.768145978 0.75445199
vt -0.772203982 0.756253004
vt -0.768145978 0.75445199
vt -0.768263996 0.756673992
vt -0.768263996 0.756673992
vt -0.768145978 0.75445199
vt -0.764419973 0.75445199
vt -0.768263996 0.756673992
vt -0.764419973 0.75445199
vt -0.764302015 0.756673992
vt -0.764302015 0.756673992
vt -0.764419973 0.75445199
vt -0.760715008 0.754055977
vt -0.764302015 0.756673992
vt -0.760715008 0.754055977
vt -0.760362029 0.756253004
vt -0.760362029 0.756253004
vt -0.760715008 0.754055977
vt -0.757073998 0.753269017
vt -0.760362029 0.756253004
vt -0.757073998 0.753269017
vt -0.756488979 0.755415022
vt -0.756488979 0.755415022
vt -0.757073998 0.753269017
vt -0.753536999 0.752098978
vt -0.756488979 0.755415022
vt -0.753536999 0.752098978
vt -0.752726972 0.754171014
vt -0.752726972 0.754171014
vt -0.753536999 0.752098978
vt -0.750145018 0.750558972
vt -0.752726972 0.754171014
vt -0.750145018 0.750558972
vt -0.74911797 0.752533972
vt -0.74911797 0.752533972
vt -0.750145018 0.750558972
vt -0.74693501 0.748668015
vt -0.74911797 0.752533972
vt -0.74693501 0.748668015
vt -0.745705009 0.750522017
vt -0.745705009 0.750522017
vt -0.74693501 0.748668015
vt -0.743943989 0.746446013
vt -0.745705009 0.750522017
vt -0.743943989 0.746446013
vt -0.742524028 0.748158991
vt -0.742524028 0.748158991
vt -0.743943989 0.746446013
vt -0.741207004 0.743919015
vt -0.742524028 0.748158991
vt -0.741207004 0.743919015
vt -0.739611983 0.745471001
vt -0.739611983 0.745471001
vt -0.741207004 0.743919015
vt -0.738753021 0.741114974
vt -0.739611983 0.745471001
vt -0.738753021 0.741114974
vt -0.737003028 0.74248898
vt -0.737003028 0.74248898
vt -0.738753021 0.741114974
vt -0.736612022 0.738066018
vt -0.737003028 0.74248898
vt -0.736612022 0.738066018
vt -0.734726012 0.739247024
vt -0.734726012 0.739247024
vt -0.736612022 0.738066018
vt -0.734807014 0.734808028
vt -0.734726012 0.739247024
vt -0.734807014 0.734808028
vt -0.732806027 0.735781014
vt -0.732806027 0.735781014
vt -0.734807014 0.734808028
vt -0.733358026 0.731374979
vt -0.732806027 0.735781014
vt -0.733358026 0.731374979
vt -0.731265008 0.732129991
vt -0.731265008 0.732129991
vt -0.733358026 0.731374979
vt -0.732282996 0.727807999
vt -0.731265008 0.732129991
vt -0.732282996 0.727807999
vt -0.730121017 0.728335977
vt -0.730121017 0.728335977
vt -0.732282996 0.727807999
vt -0.731592 0.724147022
vt -0.730121017 0.728335977
vt -0.731592 0.724147022
vt -0.729386985 0.724442005
vt -0.729386985 0.724442005
vt -0.731592 0.724147022
vt -0.73129499 0.720432997
vt -0.729386985 0.724442005
vt -0.73129499 0.720432997
vt -0.729071021 0.720493019
vt -0.729071021 0.720493019
vt -0.73129499 0.720432997
vt -0.731393993 0.716709018
vt -0.729071021 0.720493019
vt -0.731393993 0.716709018
vt -0.729175985 0.716531992
vt -0.729175985 0.716531992
vt -0.731393993 0.716709018
vt -0.731889009 0.713016987
vt -0.729175985 0.716531992
vt -0.731889009 0.713016987
vt -0.729701996 0.712603986
vt -0.729701996 0.712603986
vt -0.731889009 0.713016987
vt -0.732773006 0.709397018
vt -0.729701996 0.712603986
vt -0.732773006 0.709397018
vt -0.730642974 0.708755016
vt -0.730642974 0.708755016
vt -0.732773006 0.709397018
vt -0.734036982 0.70589298
vt -0.730642974 0.708755016
vt -0.734036982 0.70589298
vt -0.731987 0.705027997
vt -0.731987 0.705027997
vt -0.734036982 0.70589298
vt -0.735665977 0.702542007
vt -0.731987 0.705027997
vt -0.735665977 0.702542007
vt -0.733718991 0.701463997
vt -0.733718991 0.701463997
vt -0.735665977 0.702542007
vt -0.73764199 0.699383974
vt -0.733718991 0.701463997
vt -0.73764199 0.699383974
vt -0.735821009 0.698104978
vt -0.735821009 0.698104978
vt -0.73764199 0.699383974
vt -0.739943027 0.696453989
vt -0.735821009 0.698104978
vt -0.739943027 0.696453989
vt -0.738268018 0.694988012
vt -0.738268018 0.694988012
vt -0.739943027 0.696453989
vt -0.742542028 0.693785012
vt -0.738268018 0.694988012
vt -0.742542028 0.693785012
vt -0.741032004 0.692149997
vt -0.741032004 0.692149997
vt -0.742542028 0.693785012
vt -0.745410025 0.691407025
vt -0.741032004 0.692149997
vt -0.745410025 0.691407025
vt -0.744082987 0.689620972
vt -0.744082987 0.689620972
vt -0.745410025 0.691407025
vt -0.748513997 0.689347029
vt -0.744082987 0.689620972
vt -0.748513997 0.689347029
vt -0.747385025 0.687430024
vt -0.747385025 0.687430024
vt -0.748513997 0.689347029
vt -0.751820028 0.687629998
vt -0.747385025 0.687430024
vt -0.751820028 0.687629998
vt -0.750900984 0.685603023
vt -0.750900984 0.685603023
vt -0.751820028 0.687629998
vt -0.755289972 0.686272979
vt -0.750900984 0.685603023
vt -0.755289972 0.686272979
vt -0.754590988 0.684159994
vt -0.754590988 0.684159994
vt -0.755289972 0.686272979
vt -0.758884013 0.685293019
vt -0.754590988 0.684159994
vt -0.758884013 0.685293019
vt -0.75841397 0.683117986
vt -0.75841397 0.683117986
vt -0.758884013 0.685293019
vt -0.76256299 0.684700012
vt -0.75841397 0.683117986
vt -0.76256299 0.684700012
vt -0.762326002 0.682487011
vt -0.762326002 0.682487011
vt -0.76256299 0.684700012
vt -0.766282976 0.684502006
vt -0.800677001 0.713016987
vt -0.801922977 0.708755016
vt -0.799791992 0.709397018
vt -0.799791992 0.709397018
vt -0.801922977 0.708755016
vt -0.800579011 0.705027997
vt -0.799791992 0.709397018
vt -0.800579011 0.705027997
vt -0.798529029 0.70589298
vt -0.798529029 0.70589298
vt -0.800579011 0.705027997
vt -0.798846006 0.701463997
vt -0.798529029 0.70589298
vt -0.798846006 0.701463997
vt -0.796899021 0.702542007
vt -0.796899021 0.702542007
vt -0.798846006 0.701463997
vt -0.796743989 0.698104978
vt -0.796899021 0.702542007
vt -0.796743989 0.698104978
vt -0.794923007 0.699383974
vt -0.794923007 0.699383974
vt -0.796743989 0.698104978
vt -0.79429698 0.694988012
vt -0.794923007 0.699383974
vt -0.79429698 0.694988012
vt -0.792622983 0.696453989
vt -0.792622983 0.696453989
vt -0.79429698 0.694988012
vt -0.791532993 0.692149997
vt -0.792622983 0.696453989
vt -0.791532993 0.692149997
vt -0.790023983 0.693785012
vt -0.790023983 0.693785012
vt -0.791532993 0.692149997
vt -0.788483024 0.689620972
vt -0.790023983 0.693785012
vt -0.788483024 0.689620972
vt -0.787155986 0.691407025
vt -0.787155986 0.691407025
vt -0.788483024 0.689620972
vt -0.785180986 0.687430024
vt -0.787155986 0.691407025
vt -0.785180986 0.687430024
vt -0.784051001 0.689347029
vt -0.784051001 0.689347029
vt -0.785180986 0.687430024
vt -0.781665027 0.685603023
vt -0.784051001 0.689347029
vt -0.781665027 0.685603023
vt -0.780745029 0.687629998
vt -0.780745029 0.687629998
vt -0.781665027 0.685603023
vt -0.77797401 0.684159994
vt -0.780745029 0.687629998
vt -0.77797401 0.684159994
vt -0.777275026 0.686272979
vt -0.777275026 0.686272979
vt -0.77797401 0.684159994
vt -0.774151981 0.683117986
vt -0.777275026 0.686272979
vt -0.774151981 0.683117986
vt -0.773680985 0.685293019
vt -0.773680985 0.685293019
vt -0.774151981 0.683117986
vt -0.770240009 0.682487011
vt -0.773680985 0.685293019
vt -0.770240009 0.682487011
vt -0.770003021 0.684700012
vt -0.770003021 0.684700012
vt -0.770240009 0.682487011
vt -0.766282976 0.682277024
vt -0.770003021 0.684700012
vt -0.766282976 0.682277024
vt -0.766282976 0.684502006
vt -0.801922977 0.708755016
vt -0.802525997 0.70420599
vt -0.800579011 0.705027997
vt -0.800579011 0.705027997
vt -0.802525997 0.70420599
vt -0.800695002 0.70043999
vt -0.800579011 0.705027997
vt -0.800695002 0.70043999
vt -0.798846006 0.701463997
vt -0.798846006 0.701463997
vt -0.800695002 0.70043999
vt -0.798474014 0.696889997
vt -0.798846006 0.701463997
vt -0.798474014 0.696889997
vt -0.796743989 0.698104978
vt -0.796743989 0.698104978
vt -0.798474014 0.696889997
vt -0.795888007 0.693597019
vt -0.796743989 0.698104978
vt -0.795888007 0.693597019
vt -0.79429698 0.694988012
vt -0.79429698 0.694988012
vt -0.795888007 0.693597019
vt -0.792967021 0.690596998
vt -0.79429698 0.694988012
vt -0.792967021 0.690596998
vt -0.791532993 0.692149997
vt -0.791532993 0.692149997
vt -0.792967021 0.690596998
vt -0.789743006 0.687924027
vt -0.791532993 0.692149997
vt -0.789743006 0.687924027
vt -0.788483024 0.689620972
vt -0.788483024 0.689620972
vt -0.789743006 0.687924027
vt -0.786253989 0.685608983
vt -0.788483024 0.689620972
vt -0.786253989 0.685608983
vt -0.785180986 0.687430024
vt -0.785180986 0.687430024
vt -0.786253989 0.685608983
vt -0.782537997 0.683677971
vt -0.785180986 0.687430024
vt -0.782537997 0.683677971
vt -0.781665027 0.685603023
vt -0.781665027 0.685603023
vt -0.782537997 0.683677971
vt -0.778638005 0.682154
vt -0.781665027 0.685603023
vt -0.778638005 0.682154
vt -0.77797401 0.684159994
vt -0.77797401 0.684159994
vt -0.778638005 0.682154
vt -0.774598002 0.681052029
vt -0.77797401 0.684159994
vt -0.774598002 0.681052029
vt -0.774151981 0.683117986
vt -0.774151981 0.683117986
vt -0.774598002 0.681052029
vt -0.770464003 0.680386007
vt -0.774151981 0.683117986
vt -0.770464003 0.680386007
vt -0.770240009 0.682487011
vt -0.770240009 0.682487011
vt -0.770464003 0.680386007
vt -0.766282976 0.680163026
vt -0.770240009 0.682487011
vt -0.766282976 0.680163026
vt -0.766282976 0.682277024
vt -0.766282976 0.682277024
vt -0.766282976 0.680163026
vt -0.762100995 0.680386007
vt -0.766282976 0.682277024
vt -0.762100995 0.680386007
vt -0.762326002 0.682487011
vt -0.762326002 0.682487011
vt -0.762100995 0.680386007
vt -0.757966995 0.681052029
vt -0.762326002 0.682487011
vt -0.757966995 0.681052029
vt -0.75841397 0.683117986
vt -0.75841397 0.683117986
vt -0.757966995 0.681052029
vt -0.753926992 0.682154
vt -0.75841397 0.683117986
vt -0.753926992 0.682154
vt -0.754590988 0.684159994
vt -0.754590988 0.684159994
vt -0.753926992 0.682154
vt -0.750027001 0.683677971
vt -0.754590988 0.684159994
vt -0.750027001 0.683677971
vt -0.750900984 0.685603023
vt -0.750900984 0.685603023
vt -0.750027001 0.683677971
vt -0.746312022 0.685608983
vt -0.750900984 0.685603023
vt -0.746312022 0.685608983
vt -0.747385025 0.687430024
vt -0.747385025 0.687430024
vt -0.746312022 0.685608983
vt -0.742821991 0.687924027
vt -0.747385025 0.687430024
vt -0.742821991 0.687924027
vt -0.744082987 0.689620972
vt -0.744082987 0.689620972
vt -0.742821991 0.687924027
vt -0.739598989 0.690596998
vt -0.744082987 0.689620972
vt -0.739598989 0.690596998
vt -0.741032004 0.692149997
vt -0.741032004 0.692149997
vt -0.739598989 0.690596998
vt -0.736678004 0.693597019
vt -0.741032004 0.692149997
vt -0.736678004 0.693597019
vt -0.738268018 0.694988012
vt -0.738268018 0.694988012
vt -0.736678004 0.693597019
vt -0.734091997 0.696889997
vt -0.738268018 0.694988012
vt -0.734091997 0.696889997
vt -0.735821009 0.698104978
vt -0.735821009 0.698104978
vt -0.734091997 0.696889997
vt -0.731871009 0.70043999
vt -0.735821009 0.698104978
vt -0.731871009 0.70043999
vt -0.733718991 0.701463997
vt -0.733718991 0.701463997
vt -0.731871009 0.70043999
vt -0.730039001 0.70420599
vt -0.733718991 0.701463997
vt -0.730039001 0.70420599
vt -0.731987 0.705027997
vt -0.731987 0.705027997
vt -0.730039001 0.70420599
vt -0.728618979 0.708145022
vt -0.731987 0.705027997
vt -0.728618979 0.708145022
vt -0.730642974 0.708755016
vt -0.730642974 0.708755016
vt -0.728618979 0.708145022
vt -0.727625012 0.71221298
vt -0.730642974 0.708755016
vt -0.727625012 0.71221298
vt -0.729701996 0.712603986
vt -0.729701996 0.712603986
vt -0.727625012 0.71221298
vt -0.72706902 0.716363013
vt -0.729701996 0.712603986
vt -0.72706902 0.716363013
vt -0.729175985 0.716531992
vt -0.729175985 0.716531992
vt -0.72706902 0.716363013
vt -0.726957977 0.720548987
vt -0.729175985 0.716531992
vt -0.726957977 0.720548987
vt -0.729071021 0.720493019
vt -0.729071021 0.720493019
vt -0.726957977 0.720548987
vt -0.727292001 0.724722981
vt -0.729071021 0.720493019
vt -0.727292001 0.724722981
vt -0.729386985 0.724442005
vt -0.729386985 0.724442005
vt -0.727292001 0.724722981
vt -0.728067994 0.728838027
vt -0.729386985 0.724442005
vt -0.728067994 0.728838027
vt -0.730121017 0.728335977
vt -0.730121017 0.728335977
vt -0.728067994 0.728838027
vt -0.729277015 0.732846975
vt -0.730121017 0.728335977
vt -0.729277015 0.732846975
vt -0.731265008 0.732129991
vt -0.731265008 0.732129991
vt -0.729277015 0.732846975
vt -0.730904996 0.736705005
vt -0.731265008 0.732129991
vt -0.730904996 0.736705005
vt -0.732806027 0.735781014
vt -0.732806027 0.735781014
vt -0.730904996 0.736705005
vt -0.732933998 0.740368009
vt -0.732806027 0.735781014
vt -0.732933998 0.740368009
vt -0.734726012 0.739247024
vt -0.734726012 0.739247024
vt -0.732933998 0.740368009
vt -0.735341012 0.743794978
vt -0.734726012 0.739247024
vt -0.735341012 0.743794978
vt -0.737003028 0.74248898
vt -0.737003028 0.74248898
vt -0.735341012 0.743794978
vt -0.738098025 0.746945977
vt -0.737003028 0.74248898
vt -0.738098025 0.746945977
vt -0.739611983 0.745471001
vt -0.739611983 0.745471001
vt -0.738098025 0.746945977
vt -0.741174996 0.749786019
vt -0.739611983 0.745471001
vt -0.741174996 0.749786019
vt -0.742524028 0.748158991
vt -0.742524028 0.748158991
vt -0.741174996 0.749786019
vt -0.744535983 0.752282977
vt -0.742524028 0.748158991
vt -0.744535983 0.752282977
vt -0.745705009 0.750522017
vt -0.745705009 0.750522017
vt -0.744535983 0.752282977
vt -0.748143971 0.754409015
vt -0.745705009 0.750522017
vt -0.748143971 0.754409015
vt -0.74911797 0.752533972
vt -0.74911797 0.752533972
vt -0.748143971 0.754409015
vt -0.751956999 0.75613898
vt -0.74911797 0.752533972
vt -0.751956999 0.75613898
vt -0.752726972 0.754171014
vt -0.752726972 0.754171014
vt -0.751956999 0.75613898
vt -0.755932987 0.757454991
vt -0.752726972 0.754171014
vt -0.755932987 0.757454991
vt -0.756488979 0.755415022
vt -0.756488979 0.755415022
vt -0.755932987 0.757454991
vt -0.760025024 0.758340001
vt -0.756488979 0.755415022
vt -0.760025024 0.758340001
vt -0.760362029 0.756253004
vt -0.760362029 0.756253004
vt -0.760025024 0.758340001
vt -0.764189005 0.758785009
vt -0.760362029 0.756253004
vt -0.764189005 0.758785009
vt -0.764302015 0.756673992
vt -0.764302015 0.756673992
vt -0.764189005 0.758785009
vt -0.768375993 0.758785009
vt -0.764302015 0.756673992
vt -0.768375993 0.758785009
vt -0.768263996 0.756673992
vt -0.768263996 0.756673992
vt -0.768375993 0.758785009
vt -0.772539973 0.758340001
vt -0.768263996 0.756673992
vt -0.772539973 0.758340001
vt -0.772203982 0.756253004
vt -0.772203982 0.756253004
vt -0.772539973 0.758340001
vt -0.776633024 0.757454991
vt -0.772203982 0.756253004
vt -0.776633024 0.757454991
vt -0.776076972 0.755415022
vt -0.776076972 0.755415022
vt -0.776633024 0.757454991
vt -0.780607998 0.75613898
vt -0.776076972 0.755415022
vt -0.780607998 0.75613898
vt -0.779838979 0.754171014
vt -0.779838979 0.754171014
vt -0.780607998 0.75613898
vt -0.78442198 0.754409015
vt -0.779838979 0.754171014
vt -0.78442198 0.754409015
vt -0.783447027 0.752533972
vt -0.783447027 0.752533972
vt -0.78442198 0.754409015
vt -0.788029015 0.752282977
vt -0.783447027 0.752533972
vt -0.788029015 0.752282977
vt -0.786861002 0.750522017
vt -0.786861002 0.750522017
vt -0.788029015 0.752282977
vt -0.791391015 0.749786019
vt -0.786861002 0.750522017
vt -0.791391015 0.749786019
vt -0.790041983 0.748158991
vt -0.790041983 0.748158991
vt -0.791391015 0.749786019
vt -0.794466972 0.746945977
vt -0.790041983 0.748158991
vt -0.794466972 0.746945977
vt -0.792953014 0.745471001
vt -0.792953014 0.745471001
vt -0.794466972 0.746945977
vt -0.797224998 0.743794978
vt -0.792953014 0.745471001
vt -0.797224998 0.743794978
vt -0.795562029 0.74248898
vt -0.795562029 0.74248898
vt -0.797224998 0.743794978
vt -0.799632013 0.740368009
vt -0.795562029 0.74248898
vt -0.799632013 0.740368009
vt -0.797839999 0.739247024
vt -0.797839999 0.739247024
vt -0.799632013 0.740368009
vt -0.801661015 0.736705005
vt -0.797839999 0.739247024
vt -0.801661015 0.736705005
vt -0.799759984 0.735781014
vt -0.799759984 0.735781014
vt -0.801661015 0.736705005
vt -0.803288996 0.732846975
vt -0.799759984 0.735781014
vt -0.803288996 0.732846975
vt -0.801301003 0.732129991
vt -0.801301003 0.732129991
vt -0.803288996 0.732846975
vt -0.804498017 0.728838027
vt -0.801301003 0.732129991
vt -0.804498017 0.728838027
vt -0.802443981 0.728335977
vt -0.802443981 0.728335977
vt -0.804498017 0.728838027
vt -0.80527401 0.724722981
vt -0.802443981 0.728335977
vt -0.80527401 0.724722981
vt -0.803179026 0.724442005
vt -0.803179026 0.724442005
vt -0.80527401 0.724722981
vt -0.805607975 0.720548987
vt -0.803179026 0.724442005
vt -0.805607975 0.720548987
vt -0.80349499 0.720493019
vt -0.80349499 0.720493019
vt -0.805607975 0.720548987
vt -0.805495977 0.716363013
vt -0.80349499 0.720493019
vt -0.805495977 0.716363013
vt -0.803389013 0.716531992
vt -0.803389013 0.716531992
vt -0.805495977 0.716363013
vt -0.804939985 0.71221298
vt -0.803389013 0.716531992
vt -0.804939985 0.71221298
vt -0.802863002 0.712603986
vt -1.55025101 0.712603986
vt -1.55098999 0.71221298
vt -1.55098999 0.71221298
vt -0.802863002 0.712603986
vt -0.804939985 0.71221298
vt -0.803946972 0.708145022
vt -0.803946972 0.708145022
vt -0.804939985 0.71221298
vt -0.805761993 0.707597017
vt -0.803946972 0.708145022
vt -0.805761993 0.707597017
vt -0.804273009 0.703468978
vt -0.804273009 0.703468978
vt -0.805761993 0.707597017
vt -0.805732012 0.702853024
vt -0.804273009 0.703468978
vt -0.805732012 0.702853024
vt -0.803739011 0.698754013
vt -1.55376506 0.698754013
vt -1.55376506 0.702853024
vt -1.55566096 0.69817698
vt -1.55376506 0.698754013
vt -1.55566096 0.69817698
vt -1.55566096 0.694205999
vt -1.55566096 0.694205999
vt -1.55566096 0.69817698
vt -1.55777502 0.693780005
vt -1.55566096 0.694205999
vt -1.55777502 0.693780005
vt -1.55777502 0.690033972
vt -1.55777502 0.690033972
vt -1.55777502 0.693780005
vt -1.55999994 0.689868987
vt -1.55777502 0.690033972
vt -1.55999994 0.689868987
vt -1.55999994 0.686437011
vt -1.55999994 0.686437011
vt -1.55999994 0.689868987
vt -1.56222498 0.68662101
vt 0.796806991 1.55999994
vt 0.796636999 1.56222498
vt 0.792970002 1.56222498
vt 0.792970002 1.56222498
vt 0.796636999 1.56222498
vt 0.792528987 1.56433904
vt 0.792970002 1.56222498
vt 0.792528987 1.56433904
vt 0.788625002 1.56433904
vt 0.788625002 1.56433904
vt 0.792528987 1.56433904
vt 0.788020015 1.56623495
vt 0.788625002 1.56433904
vt 0.788020015 1.56623495
vt 0.783976018 1.56623495
vt 0.783976018 0.680509984
vt 0.788020015 0.682610989
vt 0.783321977 0.681952
vt 0.783976018 0.680509984
vt 0.783321977 0.681952
vt 0.779233992 0.680352986
vt 0.779233992 0.680352986
vt 0.783321977 0.681952
vt 0.778638005 0.682154
vt 0.779233992 0.680352986
vt 0.778638005 0.682154
vt 0.774598002 0.681052029
vt 0.774598002 0.681052029
vt 0.778638005 0.682154
vt 0.774151981 0.683117986
vt 0.774598002 0.681052029
vt 0.774151981 0.683117986
vt 0.770240009 0.682487011
vt -0.766282976 0.684502006
vt -0.766282976 0.682277024
vt -0.762326002 0.682487011
vt 0.774151981 0.683117986
vt 0.778638005 0.682154
vt 0.77797401 0.684159994
vt 0.77797401 0.684159994
vt 0.778638005 0.682154
vt 0.782537997 0.683677971
vt 0.77797401 0.684159994
vt 0.782537997 0.683677971
vt 0.781665027 0.685603023
vt 0.781665027 0.685603023
vt 0.782537997 0.683677971
vt 0.786253989 0.685608983
vt 0.781665027 0.685603023
vt 0.786253989 0.685608983
vt 0.785180986 0.687430024
vt 0.785180986 0.687430024
vt 0.786253989 0.685608983
vt 0.789743006 0.687924027
vt 0.785180986 0.687430024
vt 0.789743006 0.687924027
vt 0.788483024 0.689620972
vt 0.788483024 0.689620972
vt 0.789743006 0.687924027
vt 0.792967021 0.690596998
vt 0.788483024 0.689620972
vt 0.792967021 0.690596998
vt 0.791532993 0.692149997
vt 0.791532993 0.692149997
vt 0.792967021 0.690596998
vt 0.795888007 0.693597019
vt 0.791532993 0.692149997
vt 0.795888007 0.693597019
vt 0.79429698 0.694988012
vt 0.79429698 0.694988012
vt 0.795888007 0.693597019
vt 0.798474014 0.696889997
vt 0.79429698 0.694988012
vt 0.798474014 0.696889997
vt 0.796743989 0.698104978
vt 0.796743989 0.698104978
vt 0.798474014 0.696889997
vt 0.800695002 0.70043999
vt 0.796743989 0.698104978
vt 0.800695002 0.70043999
vt 0.798846006 0.701463997
vt 0.798846006 0.701463997
vt 0.800695002 0.70043999
vt 0.802525997 0.70420599
vt 0.798846006 0.701463997
vt 0.802525997 0.70420599
vt 0.800579011 0.705027997
vt 0.800579011 0.705027997
vt 0.802525997 0.70420599
vt 0.803946972 0.708145022
vt 0.800579011 0.705027997
vt 0.803946972 0.708145022
vt 0.801922977 0.708755016
vt 0.801922977 0.708755016
vt 0.803946972 0.708145022
vt 0.804939985 0.71221298
vt 0.801922977 0.708755016
vt 0.804939985 0.71221298
vt 0.802863002 0.712603986
vt 0.802863002 0.712603986
vt 0.804939985 0.71221298
vt 0.805495977 0.716363013
vt 0.802863002 0.712603986
vt 0.805495977 0.716363013
vt 0.803389013 0.716531992
vt 0.803389013 0.716531992
vt 0.805495977 0.716363013
vt 0.805607975 0.720548987
vt 0.803389013 0.716531992
vt 0.805607975 0.720548987
vt 0.80349499 0.720493019
vt 0.80349499 0.720493019
vt 0.805607975 0.720548987
vt 0.80527401 0.724722981
vt 0.80349499 0.720493019
vt 0.80527401 0.724722981
vt 0.803179026 0.724442005
vt 0.803179026 0.724442005
vt 0.80527401 0.724722981
vt 0.804498017 0.728838027
vt 0.803179026 0.724442005
vt 0.804498017 0.728838027
vt 0.802443981 0.728335977
vt 0.802443981 0.728335977
vt 0.804498017 0.728838027
vt 0.803288996 0.732846975
vt 0.802443981 0.728335977
vt 0.803288996 0.732846975
vt 0.801301003 0.732129991
vt 0.801301003 0.732129991
vt 0.803288996 0.732846975
vt 0.801661015 0.736705005
vt 0.801301003 0.732129991
vt 0.801661015 0.736705005
vt 0.799759984 0.735781014
vt 0.799759984 0.735781014
vt 0.801661015 0.736705005
vt 0.799632013 0.740368009
vt 0.799759984 0.735781014
vt 0.799632013 0.740368009
vt 0.797839999 0.739247024
vt 0.797839999 0.739247024
vt 0.799632013 0.740368009
vt 0.797224998 0.743794978
vt 0.797839999 0.739247024
vt 0.797224998 0.743794978
vt 0.795562029 0.74248898
vt 0.795562029 0.74248898
vt 0.797224998 0.743794978
vt 0.794466972 0.746945977
vt 0.795562029 0.74248898
vt 0.794466972 0.746945977
vt 0.792953014 0.745471001
vt 0.792953014 0.745471001
vt 0.794466972 0.746945977
vt 0.791391015 0.749786019
vt 0.792953014 0.745471001
vt 0.791391015 0.749786019
vt 0.790041983 0.748158991
vt 0.790041983 0.748158991
vt 0.791391015 0.749786019
vt 0.788029015 0.752282977
vt 0.790041983 0.748158991
vt 0.788029015 0.752282977
vt 0.786861002 0.750522017
vt 0.786861002 0.750522017
vt 0.788029015 0.752282977
vt 0.78442198 0.754409015
vt 0.786861002 0.750522017
vt 0.78442198 0.754409015
vt 0.783447027 0.752533972
vt 0.783447027 0.752533972
vt 0.78442198 0.754409015
vt 0.780607998 0.75613898
vt 0.783447027 0.752533972
vt 0.780607998 0.75613898
vt 0.779838979 0.754171014
vt 0.779838979 0.754171014
vt 0.780607998 0.75613898
vt 0.776633024 0.757454991
vt 0.779838979 0.754171014
vt 0.776633024 0.757454991
vt 0.776076972 0.755415022
vt 0.776076972 0.755415022
vt 0.776633024 0.757454991
vt 0.772539973 0.758340001
vt 0.776076972 0.755415022
vt 0.772539973 0.758340001
vt 0.772203982 0.756253004
vt 0.772203982 0.756253004
vt 0.772539973 0.758340001
vt 0.768375993 0.758785009
vt 0.772203982 0.756253004
vt 0.768375993 0.758785009
vt 0.768263996 0.756673992
vt 0.768263996 0.756673992
vt 0.768375993 0.758785009
vt 0.764189005 0.758785009
vt 0.768263996 0.756673992
vt 0.764189005 0.758785009
vt 0.764302015 0.756673992
vt 0.764302015 0.756673992
vt 0.764189005 0.758785009
vt 0.760025024 0.758340001
vt 0.764302015 0.756673992
vt 0.760025024 0.758340001
vt 0.760362029 0.756253004
vt 0.760362029 0.756253004
vt 0.760025024 0.758340001
vt 0.755932987 0.757454991
vt 0.760362029 0.756253004
vt 0.755932987 0.757454991
vt 0.756488979 0.755415022
vt 0.756488979 0.755415022
vt 0.755932987 0.757454991
vt 0.751956999 0.75613898
vt 0.756488979 0.755415022
vt 0.751956999 0.75613898
vt 0.752726972 0.754171014
vt 0.752726972 0.754171014
vt 0.751956999 0.75613898
vt 0.748143971 0.754409015
vt 0.752726972 0.754171014
vt 0.748143971 0.754409015
vt 0.74911797 0.752533972
vt 0.74911797 0.752533972
vt 0.748143971 0.754409015
vt 0.744535983 0.752282977
vt 0.74911797 0.752533972
vt 0.744535983 0.752282977
vt 0.745705009 0.750522017
vt 0.745705009 0.750522017
vt 0.744535983 0.752282977
vt 0.741174996 0.749786019
vt 0.745705009 0.750522017
vt 0.741174996 0.749786019
vt 0.742524028 0.748158991
vt 0.742524028 0.748158991
vt 0.741174996 0.749786019
vt 0.738098025 0.746945977
vt 0.742524028 0.748158991
vt 0.738098025 0.746945977
vt 0.739611983 0.745471001
vt 0.739611983 0.745471001
vt 0.738098025 0.746945977
vt 0.735341012 0.743794978
vt 0.739611983 0.745471001
vt 0.735341012 0.743794978
vt 0.737003028 0.74248898
vt 0.737003028 0.74248898
vt 0.735341012 0.743794978
vt 0.732933998 0.740368009
vt 0.737003028 0.74248898
vt 0.732933998 0.740368009
vt 0.734726012 0.739247024
vt 0.734726012 0.739247024
vt 0.732933998 0.740368009
vt 0.730904996 0.736705005
vt 0.734726012 0.739247024
vt 0.730904996 0.736705005
vt 0.732806027 0.735781014
vt 0.732806027 0.735781014
vt 0.730904996 0.736705005
vt 0.729277015 0.732846975
vt 0.732806027 0.735781014
vt 0.729277015 0.732846975
vt 0.731265008 0.732129991
vt 0.731265008 0.732129991
vt 0.729277015 0.732846975
vt 0.728067994 0.728838027
vt 0.731265008 0.732129991
vt 0.728067994 0.728838027
vt 0.730121017 0.728335977
vt 0.730121017 0.728335977
vt 0.728067994 0.728838027
vt 0.727292001 0.724722981
vt 0.730121017 0.728335977
vt 0.727292001 0.724722981
vt 0.729386985 0.724442005
vt 0.729386985 0.724442005
vt 0.727292001 0.724722981
vt 0.726957977 0.720548987
vt 0.729386985 0.724442005
vt 0.726957977 0.720548987
vt 0.729071021 0.720493019
vt 0.729071021 0.720493019
vt 0.726957977 0.720548987
vt 0.72706902 0.716363013
vt 0.729071021 0.720493019
vt 0.72706902 0.716363013
vt 0.729175985 0.716531992
vt 0.729175985 0.716531992
vt 0.72706902 0.716363013
vt 0.727625012 0.71221298
vt 0.729175985 0.716531992
vt 0.727625012 0.71221298
vt 0.729701996 0.712603986
vt 0.729701996 0.712603986
vt 0.727625012 0.71221298
vt 0.728618979 0.708145022
vt 0.729701996 0.712603986
vt 0.728618979 0.708145022
vt 0.730642974 0.708755016
vt 0.730642974 0.708755016
vt 0.728618979 0.708145022
vt 0.730039001 0.70420599
vt 0.730642974 0.708755016
vt 0.730039001 0.70420599
vt 0.731987 0.705027997
vt 0.731987 0.705027997
vt 0.730039001 0.70420599
vt 0.731871009 0.70043999
vt 0.731987 0.705027997
vt 0.731871009 0.70043999
vt 0.733718991 0.701463997
vt 0.733718991 0.701463997
vt 0.731871009 0.70043999
vt 0.734091997 0.696889997
vt 0.733718991 0.701463997
vt 0.734091997 0.696889997
vt 0.735821009 0.698104978
vt 0.735821009 0.698104978
vt 0.734091997 0.696889997
vt 0.736678004 0.693597019
vt 0.735821009 0.698104978
vt 0.736678004 0.693597019
vt 0.738268018 0.694988012
vt 0.738268018 0.694988012
vt 0.736678004 0.693597019
vt 0.739598989 0.690596998
vt 0.738268018 0.694988012
vt 0.739598989 0.690596998
vt 0.741032004 0.692149997
vt 0.741032004 0.692149997
vt 0.739598989 0.690596998
vt 0.742821991 0.687924027
vt 0.741032004 0.692149997
vt 0.742821991 0.687924027
vt 0.744082987 0.689620972
vt 0.744082987 0.689620972
vt 0.742821991 0.687924027
vt 0.746312022 0.685608983
vt 0.744082987 0.689620972
vt 0.746312022 0.685608983
vt 0.747385025 0.687430024
vt 0.747385025 0.687430024
vt 0.746312022 0.685608983
vt 0.750027001 0.683677971
vt 0.747385025 0.687430024
vt 0.750027001 0.683677971
vt 0.750900984 0.685603023
vt 0.750900984 0.685603023
vt 0.750027001 0.683677971
vt 0.753926992 0.682154
vt 0.750900984 0.685603023
vt 0.753926992 0.682154
vt 0.754590988 0.684159994
vt 0.754590988 0.684159994
vt 0.753926992 0.682154
vt 0.757966995 0.681052029
vt 0.754590988 0.684159994
vt 0.757966995 0.681052029
vt 0.75841397 0.683117986
vt 0.75841397 0.683117986
vt 0.757966995 0.681052029
vt 0.762100995 0.680386007
vt 0.75841397 0.683117986
vt 0.762100995 0.680386007
vt 0.762326002 0.682487011
vt 0.762326002 0.682487011
vt 0.762100995 0.680386007
vt 0.766282976 0.680163026
vt 0.762326002 0.682487011
vt 0.766282976 0.680163026
vt 0.766282976 0.682277024
vt -1.569749 0.682277024
vt -1.56901002 0.680163026
vt -1.56901002 0.680163026
vt 0.766282976 0.682277024
vt 0.766282976 0.680163026
vt 0.770464003 0.680386007
vt 0.770464003 0.680386007
vt 0.766282976 0.680163026
vt 0.770666003 0.678499997
vt 0.770464003 0.680386007
vt 0.770666003 0.678499997
vt 0.774999022 0.67919898
vt 0.774999022 0.67919898
vt 0.770666003 0.678499997
vt 0.775334001 0.677650988
vt 0.774999022 0.67919898
vt 0.775334001 0.677650988
vt 0.779730976 0.678849995
vt 0.779730976 1.56623495
vt 0.775334001 1.56623495
vt 0.780104995 1.56433904
vt 0.779730976 1.56623495
vt 0.780104995 1.56433904
vt 0.784467995 1.56433904
vt 0.784467995 1.56433904
vt 0.780104995 1.56433904
vt 0.784774005 1.56222498
vt 0.784467995 1.56433904
vt 0.784774005 1.56222498
vt 0.788999975 1.56222498
vt 0.788999975 1.56222498
vt 0.784774005 1.56222498
vt 0.789128006 1.55999994
vt 0.788999975 1.56222498
vt 0.789128006 1.55999994
vt 0.793119013 1.55999994
vt 0.793119013 1.55999994
vt 0.789128006 1.55999994
vt 0.792970002 1.55777502
vt 0.793119013 1.55999994
vt 0.792970002 1.55777502
vt 0.796636999 1.55777502
vt 0.796636999 1.55777502
vt 0.792970002 1.55777502
vt 0.796135008 1.55566096
vt -1.55777502 0.68662101
vt -1.55566096 0.687165022
vt -1.55566096 0.690521002
vt -1.55566096 0.690521002
vt -1.55566096 0.687165022
vt -1.55376506 0.691304982
vt -1.55566096 0.690521002
vt -1.55376506 0.691304982
vt -1.55376506 0.694890022
vt -0.80132103 0.694890022
vt -0.798506975 0.691304982
vt -0.800024986 0.695800006
vt -0.80132103 0.694890022
vt -0.800024986 0.695800006
vt -0.802353978 0.699521005
vt -0.802353978 0.699521005
vt -0.800024986 0.695800006
vt -0.800695002 0.70043999
vt -0.802353978 0.699521005
vt -0.800695002 0.70043999
vt -0.802525997 0.70420599
vt -0.800695002 0.70043999
vt -0.800024986 0.695800006
vt -0.798474014 0.696889997
vt -0.798474014 0.696889997
vt -0.800024986 0.695800006
vt -0.797315001 0.692348003
vt -0.798474014 0.696889997
vt -0.797315001 0.692348003
vt -0.795888007 0.693597019
vt -0.795888007 0.693597019
vt -0.797315001 0.692348003
vt -0.794252992 0.689203024
vt -0.795888007 0.693597019
vt -0.794252992 0.689203024
vt -0.792967021 0.690596998
vt -0.792967021 0.690596998
vt -0.794252992 0.689203024
vt -0.790874004 0.686402023
vt -0.792967021 0.690596998
vt -0.790874004 0.686402023
vt -0.789743006 0.687924027
vt -0.789743006 0.687924027
vt -0.790874004 0.686402023
vt -0.787216008 0.683975995
vt -0.789743006 0.687924027
vt -0.787216008 0.683975995
vt -0.786253989 0.685608983
vt -0.786253989 0.685608983
vt -0.787216008 0.683975995
vt -0.783321977 0.681952
vt -0.786253989 0.685608983
vt -0.783321977 0.681952
vt -0.782537997 0.683677971
vt -0.782537997 0.683677971
vt -0.783321977 0.681952
vt -0.779233992 0.680352986
vt -0.782537997 0.683677971
vt -0.779233992 0.680352986
vt -0.778638005 0.682154
vt -0.778638005 0.682154
vt -0.779233992 0.680352986
vt -0.774999022 0.67919898
vt -0.778638005 0.682154
vt -0.774999022 0.67919898
vt -0.774598002 0.681052029
vt -0.774598002 0.681052029
vt -0.774999022 0.67919898
vt -0.770666003 0.678499997
vt -0.774598002 0.681052029
vt -0.770666003 0.678499997
vt -0.770464003 0.680386007
vt -0.770464003 0.680386007
vt -0.770666003 0.678499997
vt -0.766282976 0.678267002
vt -0.770464003 0.680386007
vt -0.766282976 0.678267002
vt -0.766282976 0.680163026
vt -0.766282976 0.680163026
vt -0.766282976 0.678267002
vt -0.761900008 0.678499997
vt -0.766282976 0.680163026
vt -0.761900008 0.678499997
vt -0.762100995 0.680386007
vt -0.762100995 0.680386007
vt -0.761900008 0.678499997
vt -0.757565975 0.67919898
vt -0.762100995 0.680386007
vt -0.757565975 0.67919898
vt -0.757966995 0.681052029
vt -0.757966995 0.681052029
vt -0.757565975 0.67919898
vt -0.753332019 0.680352986
vt -0.757966995 0.681052029
vt -0.753332019 0.680352986
vt -0.753926992 0.682154
vt -0.753926992 0.682154
vt -0.753332019 0.680352986
vt -0.749243975 0.681952
vt -0.753926992 0.682154
vt -0.749243975 0.681952
vt -0.750027001 0.683677971
vt -0.750027001 0.683677971
vt -0.749243975 0.681952
vt -0.74534899 0.683975995
vt -0.750027001 0.683677971
vt -0.74534899 0.683975995
vt -0.746312022 0.685608983
vt -0.746312022 0.685608983
vt -0.74534899 0.683975995
vt -0.741692007 0.686402023
vt -0.746312022 0.685608983
vt -0.741692007 0.686402023
vt -0.742821991 0.687924027
vt -0.742821991 0.687924027
vt -0.741692007 0.686402023
vt -0.738313019 0.689203024
vt -0.742821991 0.687924027
vt -0.738313019 0.689203024
vt -0.739598989 0.690596998
vt -0.739598989 0.690596998
vt -0.738313019 0.689203024
vt -0.735251009 0.692348003
vt -0.739598989 0.690596998
vt -0.735251009 0.692348003
vt -0.736678004 0.693597019
vt -0.736678004 0.693597019
vt -0.735251009 0.692348003
vt -0.732540011 0.695800006
vt -0.736678004 0.693597019
vt -0.732540011 0.695800006
vt -0.734091997 0.696889997
vt -0.734091997 0.696889997
vt -0.732540011 0.695800006
vt -0.730211973 0.699521005
vt -0.734091997 0.696889997
vt -0.730211973 0.699521005
vt -0.731871009 0.70043999
vt -0.731871009 0.70043999
vt -0.730211973 0.699521005
vt -0.728293002 0.703468978
vt -0.731871009 0.70043999
vt -0.728293002 0.703468978
vt -0.730039001 0.70420599
vt -0.730039001 0.70420599
vt -0.728293002 0.703468978
vt -0.726804018 0.707597017
vt -0.730039001 0.70420599
vt -0.726804018 0.707597017
vt -0.728618979 0.708145022
vt -0.728618979 0.708145022
vt -0.726804018 0.707597017
vt -0.72576201 0.711861014
vt -0.728618979 0.708145022
vt -0.72576201 0.711861014
vt -0.727625012 0.71221298
vt -0.727625012 0.71221298
vt -0.72576201 0.711861014
vt -0.725179017 0.716211975
vt -0.727625012 0.71221298
vt -0.725179017 0.716211975
vt -0.72706902 0.716363013
vt -0.72706902 0.716363013
vt -0.725179017 0.716211975
vt -0.725062013 0.720598996
vt -0.72706902 0.716363013
vt -0.725062013 0.720598996
vt -0.726957977 0.720548987
vt -0.726957977 0.720548987
vt -0.725062013 0.720598996
vt -0.725413024 0.72497499
vt -0.726957977 0.720548987
vt -0.725413024 0.72497499
vt -0.727292001 0.724722981
vt -0.727292001 0.724722981
vt -0.725413024 0.72497499
vt -0.726225972 0.729287982
vt -0.727292001 0.724722981
vt -0.726225972 0.729287982
vt -0.728067994 0.728838027
vt -0.728067994 0.728838027
vt -0.726225972 0.729287982
vt -0.727492988 0.73348999
vt -0.728067994 0.728838027
vt -0.727492988 0.73348999
vt -0.729277015 0.732846975
vt -0.729277015 0.732846975
vt -0.727492988 0.73348999
vt -0.729200006 0.737533987
vt -0.729277015 0.732846975
vt -0.729200006 0.737533987
vt -0.730904996 0.736705005
vt -0.730904996 0.736705005
vt -0.729200006 0.737533987
vt -0.731326997 0.741374016
vt -0.730904996 0.736705005
vt -0.731326997 0.741374016
vt -0.732933998 0.740368009
vt -0.732933998 0.740368009
vt -0.731326997 0.741374016
vt -0.733848989 0.744965017
vt -0.732933998 0.740368009
vt -0.733848989 0.744965017
vt -0.735341012 0.743794978
vt -0.735341012 0.743794978
vt -0.733848989 0.744965017
vt -0.736739993 0.748268008
vt -0.735341012 0.743794978
vt -0.736739993 0.748268008
vt -0.738098025 0.746945977
vt -0.738098025 0.746945977
vt -0.736739993 0.748268008
vt -0.739965022 0.751245975
vt -0.738098025 0.746945977
vt -0.739965022 0.751245975
vt -0.741174996 0.749786019
vt -0.741174996 0.749786019
vt -0.739965022 0.751245975
vt -0.743488014 0.753862977
vt -0.741174996 0.749786019
vt -0.743488014 0.753862977
vt -0.744535983 0.752282977
vt -0.744535983 0.752282977
vt -0.743488014 0.753862977
vt -0.747269988 0.756092012
vt -0.744535983 0.752282977
vt -0.747269988 0.756092012
vt -0.748143971 0.754409015
vt -0.748143971 0.754409015
vt -0.747269988 0.756092012
vt -0.751267016 0.757905006
vt -0.748143971 0.754409015
vt -0.751267016 0.757905006
vt -0.751956999 0.75613898
vt -0.751956999 0.75613898
vt -0.751267016 0.757905006
vt -0.755433977 0.759284019
vt -0.751956999 0.75613898
vt -0.755433977 0.759284019
vt -0.755932987 0.757454991
vt -0.755932987 0.757454991
vt -0.755433977 0.759284019
vt -0.759724021 0.760212004
vt -0.755932987 0.757454991
vt -0.759724021 0.760212004
vt -0.760025024 0.758340001
vt -0.760025024 0.758340001
vt -0.759724021 0.760212004
vt -0.764087975 0.760677993
vt -0.760025024 0.758340001
vt -0.764087975 0.760677993
vt -0.764189005 0.758785009
vt -0.764189005 0.758785009
vt -0.764087975 0.760677993
vt -0.768477023 0.760677993
vt -0.764189005 0.758785009
vt -0.768477023 0.760677993
vt -0.768375993 0.758785009
vt -0.768375993 0.758785009
vt -0.768477023 0.760677993
vt -0.77284199 0.760212004
vt -0.768375993 0.758785009
vt -0.77284199 0.760212004
vt -0.772539973 0.758340001
vt -0.772539973 0.758340001
vt -0.77284199 0.760212004
vt -0.777131975 0.759284019
vt -0.772539973 0.758340001
vt -0.777131975 0.759284019
vt -0.776633024 0.757454991
vt -0.776633024 0.757454991
vt -0.777131975 0.759284019
vt -0.781298995 0.757905006
vt -0.776633024 0.757454991
vt -0.781298995 0.757905006
vt -0.780607998 0.75613898
vt -0.780607998 0.75613898
vt -0.781298995 0.757905006
vt -0.785296023 0.756092012
vt -0.780607998 0.75613898
vt -0.785296023 0.756092012
vt -0.78442198 0.754409015
vt -0.78442198 0.754409015
vt -0.785296023 0.756092012
vt -0.789076984 0.753862977
vt -0.78442198 0.754409015
vt -0.789076984 0.753862977
vt -0.788029015 0.752282977
vt -0.788029015 0.752282977
vt -0.789076984 0.753862977
vt -0.792600989 0.751245975
vt -0.788029015 0.752282977
vt -0.792600989 0.751245975
vt -0.791391015 0.749786019
vt -0.791391015 0.749786019
vt -0.792600989 0.751245975
vt -0.795826018 0.748268008
vt -0.791391015 0.749786019
vt -0.795826018 0.748268008
vt -0.794466972 0.746945977
vt -0.794466972 0.746945977
vt -0.795826018 0.748268008
vt -0.798716009 0.744965017
vt -0.794466972 0.746945977
vt -0.798716009 0.744965017
vt -0.797224998 0.743794978
vt -0.797224998 0.743794978
vt -0.798716009 0.744965017
vt -0.801239014 0.741374016
vt -0.797224998 0.743794978
vt -0.801239014 0.741374016
vt -0.799632013 0.740368009
vt -0.799632013 0.740368009
vt -0.801239014 0.741374016
vt -0.803366005 0.737533987
vt -0.799632013 0.740368009
vt -0.803366005 0.737533987
vt -0.801661015 0.736705005
vt -0.801661015 0.736705005
vt -0.803366005 0.737533987
vt -0.80507201 0.73348999
vt -0.801661015 0.736705005
vt -0.80507201 0.73348999
vt -0.803288996 0.732846975
vt -0.803288996 0.732846975
vt -0.80507201 0.73348999
vt -0.806339979 0.729287982
vt -0.803288996 0.732846975
vt -0.806339979 0.729287982
vt -0.804498017 0.728838027
vt -0.804498017 0.728838027
vt -0.806339979 0.729287982
vt -0.807152987 0.72497499
vt -0.804498017 0.728838027
vt -0.807152987 0.72497499
vt -0.80527401 0.724722981
vt -0.80527401 0.724722981
vt -0.807152987 0.72497499
vt -0.807502985 0.720598996
vt -0.80527401 0.724722981
vt -0.807502985 0.720598996
vt -0.805607975 0.720548987
vt -0.805607975 0.720548987
vt -0.807502985 0.720598996
vt -0.807385981 0.716211975
vt -0.805607975 0.720548987
vt -0.807385981 0.716211975
vt -0.805495977 0.716363013
vt -0.805495977 0.716363013
vt -0.807385981 0.716211975
vt -0.806804001 0.711861014
vt -0.805495977 0.716363013
vt -0.806804001 0.711861014
vt -0.804939985 0.71221298
vt -1.55098999 0.71221298
vt -1.55218196 0.711861014
vt -1.55218196 0.711861014
vt -0.804939985 0.71221298
vt -0.806804001 0.711861014
vt -0.805761993 0.707597017
vt -0.805761993 0.707597017
vt -0.806804001 0.711861014
vt -0.807277977 0.707140028
vt -0.805761993 0.707597017
vt -0.807277977 0.707140028
vt -0.805732012 0.702853024
vt -1.55376506 0.702853024
vt -1.55376506 0.707140028
vt -1.55566096 0.702390015
vt -1.55376506 0.702853024
vt -1.55566096 0.702390015
vt -1.55566096 0.69817698
vt -1.55566096 0.69817698
vt -1.55566096 0.702390015
vt -1.55777502 0.697817981
vt -1.55566096 0.69817698
vt -1.55777502 0.697817981
vt -1.55777502 0.693780005
vt -1.55777502 0.693780005
vt -1.55777502 0.697817981
vt -1.55999994 0.693636
vt -1.55777502 0.693780005
vt -1.55999994 0.693636
vt -1.55999994 0.689868987
vt -1.55999994 0.689868987
vt -1.55999994 0.693636
vt -1.56222498 0.690033972
vt -1.55999994 0.689868987
vt -1.56222498 0.690033972
vt -1.56222498 0.68662101
vt -1.56222498 0.68662101
vt -1.56222498 0.690033972
vt -1.56433904 0.687165022
vt 0.796636999 1.56222498
vt 0.796135008 1.56433904
vt 0.792528987 1.56433904
vt 0.792528987 1.56433904
vt 0.796135008 1.56433904
vt 0.791818023 1.56623495
vt 0.792528987 1.56433904
vt 0.791818023 1.56623495
vt 0.788020015 1.56623495
vt 0.788020015 0.682610989
vt 0.791818023 0.685131013
vt 0.787216008 0.683975995
vt 0.788020015 0.682610989
vt 0.787216008 0.683975995
vt 0.783321977 0.681952
vt 0.783321977 0.681952
vt 0.787216008 0.683975995
vt 0.782537997 0.683677971
vt 0.783321977 0.681952
vt 0.782537997 0.683677971
vt 0.778638005 0.682154
vt 0.782537997 0.683677971
vt 0.787216008 0.683975995
vt 0.786253989 0.685608983
vt 0.786253989 0.685608983
vt 0.787216008 0.683975995
vt 0.790874004 0.686402023
vt 0.786253989 0.685608983
vt 0.790874004 0.686402023
vt 0.789743006 0.687924027
vt 0.789743006 0.687924027
vt 0.790874004 0.686402023
vt 0.794252992 0.689203024
vt 0.789743006 0.687924027
vt 0.794252992 0.689203024
vt 0.792967021 0.690596998
vt 0.792967021 0.690596998
vt 0.794252992 0.689203024
vt 0.797315001 0.692348003
vt 0.792967021 0.690596998
vt 0.797315001 0.692348003
vt 0.795888007 0.693597019
vt 0.795888007 0.693597019
vt 0.797315001 0.692348003
vt 0.800024986 0.695800006
vt 0.795888007 0.693597019
vt 0.800024986 0.695800006
vt 0.798474014 0.696889997
vt 0.798474014 0.696889997
vt 0.800024986 0.695800006
vt 0.802353978 0.699521005
vt 0.798474014 0.696889997
vt 0.802353978 0.699521005
vt 0.800695002 0.70043999
vt 0.800695002 0.70043999
vt 0.802353978 0.699521005
vt 0.804273009 0.703468978
vt 0.800695002 0.70043999
vt 0.804273009 0.703468978
vt 0.802525997 0.70420599
vt 0.802525997 0.70420599
vt 0.804273009 0.703468978
vt 0.805761993 0.707597017
vt 0.802525997 0.70420599
vt 0.805761993 0.707597017
vt 0.803946972 0.708145022
vt 0.803946972 0.708145022
vt 0.805761993 0.707597017
vt 0.806804001 0.711861014
vt 0.803946972 0.708145022
vt 0.806804001 0.711861014
vt 0.804939985 0.71221298
vt 0.804939985 0.71221298
vt 0.806804001 0.711861014
vt 0.807385981 0.716211975
vt 0.804939985 0.71221298
vt 0.807385981 0.716211975
vt 0.805495977 0.716363013
vt 0.805495977 0.716363013
vt 0.807385981 0.716211975
vt 0.807502985 0.720598996
vt 0.805495977 0.716363013
vt 0.807502985 0.720598996
vt 0.805607975 0.720548987
vt 0.805607975 0.720548987
vt 0.807502985 0.720598996
vt 0.807152987 0.72497499
vt 0.805607975 0.720548987
vt 0.807152987 0.72497499
vt 0.80527401 0.724722981
vt 0.80527401 0.724722981
vt 0.807152987 0.72497499
vt 0.806339979 0.729287982
vt 0.80527401 0.724722981
vt 0.806339979 0.729287982
vt 0.804498017 0.728838027
vt 0.804498017 0.728838027
vt 0.806339979 0.729287982
vt 0.80507201 0.73348999
vt 0.804498017 0.728838027
vt 0.80507201 0.73348999
vt 0.803288996 0.732846975
vt 0.803288996 0.732846975
vt 0.80507201 0.73348999
vt 0.803366005 0.737533987
vt 0.803288996 0.732846975
vt 0.803366005 0.737533987
vt 0.801661015 0.736705005
vt 0.801661015 0.736705005
vt 0.803366005 0.737533987
vt 0.801239014 0.741374016
vt 0.801661015 0.736705005
vt 0.801239014 0.741374016
vt 0.799632013 0.740368009
vt 0.799632013 0.740368009
vt 0.801239014 0.741374016
vt 0.798716009 0.744965017
vt 0.799632013 0.740368009
vt 0.798716009 0.744965017
vt 0.797224998 0.743794978
vt 0.797224998 0.743794978
vt 0.798716009 0.744965017
vt 0.795826018 0.748268008
vt 0.797224998 0.743794978
vt 0.795826018 0.748268008
vt 0.794466972 0.746945977
vt 0.794466972 0.746945977
vt 0.795826018 0.748268008
vt 0.792600989 0.751245975
vt 0.794466972 0.746945977
vt 0.792600989 0.751245975
vt 0.791391015 0.749786019
vt 0.791391015 0.749786019
vt 0.792600989 0.751245975
vt 0.789076984 0.753862977
vt 0.791391015 0.749786019
vt 0.789076984 0.753862977
vt 0.788029015 0.752282977
vt 0.788029015 0.752282977
vt 0.789076984 0.753862977
vt 0.785296023 0.756092012
vt 0.788029015 0.752282977
vt 0.785296023 0.756092012
vt 0.78442198 0.754409015
vt 0.78442198 0.754409015
vt 0.785296023 0.756092012
vt 0.781298995 0.757905006
vt 0.78442198 0.754409015
vt 0.781298995 0.757905006
vt 0.780607998 0.75613898
vt 0.780607998 0.75613898
vt 0.781298995 0.757905006
vt 0.777131975 0.759284019
vt 0.780607998 0.75613898
vt 0.777131975 0.759284019
vt 0.776633024 0.757454991
vt 0.776633024 0.757454991
vt 0.777131975 0.759284019
vt 0.77284199 0.760212004
vt 0.776633024 0.757454991
vt 0.77284199 0.760212004
vt 0.772539973 0.758340001
vt 0.772539973 0.758340001
vt 0.77284199 0.760212004
vt 0.768477023 0.760677993
vt 0.772539973 0.758340001
vt 0.768477023 0.760677993
vt 0.768375993 0.758785009
vt 0.768375993 0.758785009
vt 0.768477023 0.760677993
vt 0.764087975 0.760677993
vt 0.768375993 0.758785009
vt 0.764087975 0.760677993
vt 0.764189005 0.758785009
vt 0.764189005 0.758785009
vt 0.764087975 0.760677993
vt 0.759724021 0.760212004
vt 0.764189005 0.758785009
vt 0.759724021 0.760212004
vt 0.760025024 0.758340001
vt 0.760025024 0.758340001
vt 0.759724021 0.760212004
vt 0.755433977 0.759284019
vt 0.760025024 0.758340001
vt 0.755433977 0.759284019
vt 0.755932987 0.757454991
vt 0.755932987 0.757454991
vt 0.755433977 0.759284019
vt 0.751267016 0.757905006
vt 0.755932987 0.757454991
vt 0.751267016 0.757905006
vt 0.751956999 0.75613898
vt 0.751956999 0.75613898
vt 0.751267016 0.757905006
vt 0.747269988 0.756092012
vt 0.751956999 0.75613898
vt 0.747269988 0.756092012
vt 0.748143971 0.754409015
vt 0.748143971 0.754409015
vt 0.747269988 0.756092012
vt 0.743488014 0.753862977
vt 0.748143971 0.754409015
vt 0.743488014 0.753862977
vt 0.744535983 0.752282977
vt 0.744535983 0.752282977
vt 0.743488014 0.753862977
vt 0.739965022 0.751245975
vt 0.744535983 0.752282977
vt 0.739965022 0.751245975
vt 0.741174996 0.749786019
vt 0.741174996 0.749786019
vt 0.739965022 0.751245975
vt 0.736739993 0.748268008
vt 0.741174996 0.749786019
vt 0.736739993 0.748268008
vt 0.738098025 0.746945977
vt 0.738098025 0.746945977
vt 0.736739993 0.748268008
vt 0.733848989 0.744965017
vt 0.738098025 0.746945977
vt 0.733848989 0.744965017
vt 0.735341012 0.743794978
vt 0.735341012 0.743794978
vt 0.733848989 0.744965017
vt 0.731326997 0.741374016
vt 0.735341012 0.743794978
vt 0.731326997 0.741374016
vt 0.732933998 0.740368009
vt 0.732933998 0.740368009
vt 0.731326997 0.741374016
vt 0.729200006 0.737533987
vt 0.732933998 0.740368009
vt 0.729200006 0.737533987
vt 0.730904996 0.736705005
vt 0.730904996 0.736705005
vt 0.729200006 0.737533987
vt 0.727492988 0.73348999
vt 0.730904996 0.736705005
vt 0.727492988 0.73348999
vt 0.729277015 0.732846975
vt 0.729277015 0.732846975
vt 0.727492988 0.73348999
vt 0.726225972 0.729287982
vt 0.729277015 0.732846975
vt 0.726225972 0.729287982
vt 0.728067994 0.728838027
vt 0.728067994 0.728838027
vt 0.726225972 0.729287982
vt 0.725413024 0.72497499
vt 0.728067994 0.728838027
vt 0.725413024 0.72497499
vt 0.727292001 0.724722981
vt 0.727292001 0.724722981
vt 0.725413024 0.72497499
vt 0.725062013 0.720598996
vt 0.727292001 0.724722981
vt 0.725062013 0.720598996
vt 0.726957977 0.720548987
vt 0.726957977 0.720548987
vt 0.725062013 0.720598996
vt 0.725179017 0.716211975
vt 0.726957977 0.720548987
vt 0.725179017 0.716211975
vt 0.72706902 0.716363013
vt 0.72706902 0.716363013
vt 0.725179017 0.716211975
vt 0.72576201 0.711861014
vt 0.72706902 0.716363013
vt 0.72576201 0.711861014
vt 0.727625012 0.71221298
vt 0.727625012 0.71221298
vt 0.72576201 0.711861014
vt 0.726804018 0.707597017
vt 0.727625012 0.71221298
vt 0.726804018 0.707597017
vt 0.728618979 0.708145022
vt 0.728618979 0.708145022
vt 0.726804018 0.707597017
vt 0.728293002 0.703468978
vt 0.728618979 0.708145022
vt 0.728293002 0.703468978
vt 0.730039001 0.70420599
vt 0.730039001 0.70420599
vt 0.728293002 0.703468978
vt 0.730211973 0.699521005
vt 0.730039001 0.70420599
vt 0.730211973 0.699521005
vt 0.731871009 0.70043999
vt 0.731871009 0.70043999
vt 0.730211973 0.699521005
vt 0.732540011 0.695800006
vt 0.731871009 0.70043999
vt 0.732540011 0.695800006
vt 0.734091997 0.696889997
vt 0.734091997 0.696889997
vt 0.732540011 0.695800006
vt 0.735251009 0.692348003
vt 0.734091997 0.696889997
vt 0.735251009 0.692348003
vt 0.736678004 0.693597019
vt 0.736678004 0.693597019
vt 0.735251009 0.692348003
vt 0.738313019 0.689203024
vt 0.736678004 0.693597019
vt 0.738313019 0.689203024
vt 0.739598989 0.690596998
vt 0.739598989 0.690596998
vt 0.738313019 0.689203024
vt 0.741692007 0.686402023
vt 0.739598989 0.690596998
vt 0.741692007 0.686402023
vt 0.742821991 0.687924027
vt 0.742821991 0.687924027
vt 0.741692007 0.686402023
vt 0.74534899 0.683975995
vt 0.742821991 0.687924027
vt 0.74534899 0.683975995
vt 0.746312022 0.685608983
vt 0.746312022 0.685608983
vt 0.74534899 0.683975995
vt 0.749243975 0.681952
vt 0.746312022 0.685608983
vt 0.749243975 0.681952
vt 0.750027001 0.683677971
vt 0.750027001 0.683677971
vt 0.749243975 0.681952
vt 0.753332019 0.680352986
vt 0.750027001 0.683677971
vt 0.753332019 0.680352986
vt 0.753926992 0.682154
vt 0.753926992 0.682154
vt 0.753332019 0.680352986
vt 0.757565975 0.67919898
vt 0.753926992 0.682154
vt 0.757565975 0.67919898
vt 0.757966995 0.681052029
vt 0.757966995 0.681052029
vt 0.757565975 0.67919898
vt 0.761900008 0.678499997
vt 0.757966995 0.681052029
vt 0.761900008 0.678499997
vt 0.762100995 0.680386007
vt 0.762100995 0.680386007
vt 0.761900008 0.678499997
vt 0.766282976 0.678267002
vt 0.762100995 0.680386007
vt 0.766282976 0.678267002
vt 0.766282976 0.680163026
vt -1.56901002 0.680163026
vt -1.56781805 0.678267002
vt -1.56781805 0.678267002
vt 0.766282976 0.680163026
vt 0.766282976 0.678267002
vt 0.770666003 0.678499997
vt 0.770666003 1.56781805
vt 0.766282976 1.56781805
vt 0.770834029 1.56623495
vt 0.770666003 0.678499997
vt 0.770834029 0.676926017
vt 0.775334001 0.677650988
vt 0.775334001 1.56623495
vt 0.770834029 1.56623495
vt 0.775586009 1.56433904
vt 0.775334001 1.56623495
vt 0.775586009 1.56433904
vt 0.780104995 1.56433904
vt 0.780104995 1.56433904
vt 0.775586009 1.56433904
vt 0.780336976 1.56222498
vt 0.780104995 1.56433904
vt 0.780336976 1.56222498
vt 0.784774005 1.56222498
vt 0.784774005 1.56222498
vt 0.780336976 1.56222498
vt 0.784877002 1.55999994
vt 0.784774005 1.56222498
vt 0.784877002 1.55999994
vt 0.789128006 1.55999994
vt 0.789128006 1.55999994
vt 0.784877002 1.55999994
vt 0.788999975 1.55777502
vt 0.789128006 1.55999994
vt 0.788999975 1.55777502
vt 0.792970002 1.55777502
vt 0.792970002 1.55777502
vt 0.788999975 1.55777502
vt 0.792528987 1.55566096
vt 0.792970002 1.55777502
vt 0.792528987 1.55566096
vt 0.796135008 1.55566096
vt 0.796135008 1.55566096
vt 0.792528987 1.55566096
vt 0.795327008 1.55376506
vt -1.55566096 0.687165022
vt -1.55376506 0.688040018
vt -1.55376506 0.691304982
vt -0.798506975 0.691304982
vt -0.795327008 0.688040018
vt -0.797315001 0.692348003
vt -0.798506975 0.691304982
vt -0.797315001 0.692348003
vt -0.800024986 0.695800006
vt -0.797315001 0.692348003
vt -0.795327008 0.688040018
vt -0.794252992 0.689203024
vt -0.794252992 0.689203024
vt -0.795327008 0.688040018
vt -0.791818023 0.685131013
vt -0.794252992 0.689203024
vt -0.791818023 0.685131013
vt -0.790874004 0.686402023
vt -0.790874004 0.686402023
vt -0.791818023 0.685131013
vt -0.788020015 0.682610989
vt -0.790874004 0.686402023
vt -0.788020015 0.682610989
vt -0.787216008 0.683975995
vt -0.787216008 0.683975995
vt -0.788020015 0.682610989
vt -0.783976018 0.680509984
vt -0.787216008 0.683975995
vt -0.783976018 0.680509984
vt -0.783321977 0.681952
vt -0.783321977 0.681952
vt -0.783976018 0.680509984
vt -0.779730976 0.678849995
vt -0.783321977 0.681952
vt -0.779730976 0.678849995
vt -0.779233992 0.680352986
vt -0.779233992 0.680352986
vt -0.779730976 0.678849995
vt -0.775334001 0.677650988
vt -0.779233992 0.680352986
vt -0.775334001 0.677650988
vt -0.774999022 0.67919898
vt -0.774999022 0.67919898
vt -0.775334001 0.677650988
vt -0.770834029 0.676926017
vt -0.774999022 0.67919898
vt -0.770834029 0.676926017
vt -0.770666003 0.678499997
vt 0.770666003 1.55218196
vt 0.770834029 1.55376506
vt 0.766282976 1.55376506
vt 0.770666003 1.55218196
vt 0.766282976 1.55376506
vt 0.766282976 1.55218196
vt 0.766282976 1.55218196
vt 0.766282976 1.55376506
vt 0.761731029 1.55376506
vt 0.766282976 1.55218196
vt 0.761731029 1.55376506
vt 0.761900008 1.55218196
vt -0.761900008 0.678499997
vt -0.761731029 0.676926017
vt -0.75723201 0.677650988
vt -0.761900008 0.678499997
vt -0.75723201 0.677650988
vt -0.757565975 0.67919898
vt -0.757565975 0.67919898
vt -0.75723201 0.677650988
vt -0.752834976 0.678849995
vt -0.757565975 0.67919898
vt -0.752834976 0.678849995
vt -0.753332019 0.680352986
vt -0.753332019 0.680352986
vt -0.752834976 0.678849995
vt -0.748589993 0.680509984
vt -0.753332019 0.680352986
vt -0.748589993 0.680509984
vt -0.749243975 0.681952
vt -0.749243975 0.681952
vt -0.748589993 0.680509984
vt -0.744544983 0.682610989
vt -0.749243975 0.681952
vt -0.744544983 0.682610989
vt -0.74534899 0.683975995
vt -0.74534899 0.683975995
vt -0.744544983 0.682610989
vt -0.740746975 0.685131013
vt -0.74534899 0.683975995
vt -0.740746975 0.685131013
vt -0.741692007 0.686402023
vt -0.741692007 0.686402023
vt -0.740746975 0.685131013
vt -0.737239003 0.688040018
vt -0.741692007 0.686402023
vt -0.737239003 0.688040018
vt -0.738313019 0.689203024
vt -0.738313019 0.689203024
vt -0.737239003 0.688040018
vt -0.734058976 0.691304982
vt -0.738313019 0.689203024
vt -0.734058976 0.691304982
vt -0.735251009 0.692348003
vt -0.735251009 0.692348003
vt -0.734058976 0.691304982
vt -0.731244028 0.694890022
vt -0.735251009 0.692348003
vt -0.731244028 0.694890022
vt -0.732540011 0.695800006
vt -0.732540011 0.695800006
vt -0.731244028 0.694890022
vt -0.728827 0.698754013
vt -0.732540011 0.695800006
vt -0.728827 0.698754013
vt -0.730211973 0.699521005
vt -0.730211973 0.699521005
vt -0.728827 0.698754013
vt -0.726833999 0.702853024
vt -0.730211973 0.699521005
vt -0.726833999 0.702853024
vt -0.728293002 0.703468978
vt -0.728293002 0.703468978
vt -0.726833999 0.702853024
vt -0.725287974 0.707140028
vt -0.728293002 0.703468978
vt -0.725287974 0.707140028
vt -0.726804018 0.707597017
vt -0.726804018 0.707597017
vt -0.725287974 0.707140028
vt -0.724205971 0.711567998
vt -0.726804018 0.707597017
vt -0.724205971 0.711567998
vt -0.72576201 0.711861014
vt -0.72576201 0.711861014
vt -0.724205971 0.711567998
vt -0.723600984 0.716085017
vt -0.72576201 0.711861014
vt -0.723600984 0.716085017
vt -0.725179017 0.716211975
vt 1.55218196 0.716211975
vt 1.55376506 0.716085017
vt 1.55376506 0.720641971
vt 1.55218196 0.716211975
vt 1.55376506 0.720641971
vt 1.55218196 0.720598996
vt -0.725062013 0.720598996
vt -0.723479986 0.720641971
vt -0.723842978 0.725184977
vt -0.725062013 0.720598996
vt -0.723842978 0.725184977
vt -0.725413024 0.72497499
vt -0.725413024 0.72497499
vt -0.723842978 0.725184977
vt -0.724687994 0.729664028
vt -0.725413024 0.72497499
vt -0.724687994 0.729664028
vt -0.726225972 0.729287982
vt -0.726225972 0.729287982
vt -0.724687994 0.729664028
vt -0.726004004 0.734027028
vt -0.726225972 0.729287982
vt -0.726004004 0.734027028
vt -0.727492988 0.73348999
vt -0.727492988 0.73348999
vt -0.726004004 0.734027028
vt -0.727775991 0.738225996
vt -0.727492988 0.73348999
vt -0.727775991 0.738225996
vt -0.729200006 0.737533987
vt -0.729200006 0.737533987
vt -0.727775991 0.738225996
vt -0.729983985 0.742213011
vt -0.729200006 0.737533987
vt -0.729983985 0.742213011
vt -0.731326997 0.741374016
vt -0.731326997 0.741374016
vt -0.729983985 0.742213011
vt -0.732604027 0.74594301
vt -0.731326997 0.741374016
vt -0.732604027 0.74594301
vt -0.733848989 0.744965017
vt -0.733848989 0.744965017
vt -0.732604027 0.74594301
vt -0.735605001 0.749373019
vt -0.733848989 0.744965017
vt -0.735605001 0.749373019
vt -0.736739993 0.748268008
vt -0.736739993 0.748268008
vt -0.735605001 0.749373019
vt -0.738954008 0.75246501
vt -0.736739993 0.748268008
vt -0.738954008 0.75246501
vt -0.739965022 0.751245975
vt -0.739965022 0.751245975
vt -0.738954008 0.75246501
vt -0.742613018 0.755182981
vt -0.739965022 0.751245975
vt -0.742613018 0.755182981
vt -0.743488014 0.753862977
vt -0.743488014 0.753862977
vt -0.742613018 0.755182981
vt -0.74654001 0.757497013
vt -0.743488014 0.753862977
vt -0.74654001 0.757497013
vt -0.747269988 0.756092012
vt -0.747269988 0.756092012
vt -0.74654001 0.757497013
vt -0.750689983 0.759379983
vt -0.747269988 0.756092012
vt -0.750689983 0.759379983
vt -0.751267016 0.757905006
vt -0.751267016 0.757905006
vt -0.750689983 0.759379983
vt -0.755016983 0.760810971
vt -0.751267016 0.757905006
vt -0.755016983 0.760810971
vt -0.755433977 0.759284019
vt -0.755433977 0.759284019
vt -0.755016983 0.760810971
vt -0.759472013 0.761775017
vt -0.755433977 0.759284019
vt -0.759472013 0.761775017
vt -0.759724021 0.760212004
vt -0.759724021 0.760212004
vt -0.759472013 0.761775017
vt -0.764003992 0.762259007
vt -0.759724021 0.760212004
vt -0.764003992 0.762259007
vt -0.764087975 0.760677993
vt -0.764087975 1.55218196
vt -0.764003992 1.55376506
vt -0.768562019 1.55376506
vt -0.764087975 1.55218196
vt -0.768562019 1.55376506
vt -0.768477023 1.55218196
vt -0.768477023 0.760677993
vt -0.768562019 0.762259007
vt -0.773093998 0.761775017
vt -0.768477023 0.760677993
vt -0.773093998 0.761775017
vt -0.77284199 0.760212004
vt -0.77284199 0.760212004
vt -0.773093998 0.761775017
vt -0.777548015 0.760810971
vt -0.77284199 0.760212004
vt -0.777548015 0.760810971
vt -0.777131975 0.759284019
vt -0.777131975 0.759284019
vt -0.777548015 0.760810971
vt -0.781875014 0.759379983
vt -0.777131975 0.759284019
vt -0.781875014 0.759379983
vt -0.781298995 0.757905006
vt -0.781298995 0.757905006
vt -0.781875014 0.759379983
vt -0.786026001 0.757497013
vt -0.781298995 0.757905006
vt -0.786026001 0.757497013
vt -0.785296023 0.756092012
vt -0.785296023 0.756092012
vt -0.786026001 0.757497013
vt -0.789952993 0.755182981
vt -0.785296023 0.756092012
vt -0.789952993 0.755182981
vt -0.789076984 0.753862977
vt -0.789076984 0.753862977
vt -0.789952993 0.755182981
vt -0.79361099 0.75246501
vt -0.789076984 0.753862977
vt -0.79361099 0.75246501
vt -0.792600989 0.751245975
vt -0.792600989 0.751245975
vt -0.79361099 0.75246501
vt -0.796959996 0.749373019
vt -0.792600989 0.751245975
vt -0.796959996 0.749373019
vt -0.795826018 0.748268008
vt -0.795826018 0.748268008
vt -0.796959996 0.749373019
vt -0.799961984 0.74594301
vt -0.795826018 0.748268008
vt -0.799961984 0.74594301
vt -0.798716009 0.744965017
vt -0.798716009 0.744965017
vt -0.799961984 0.74594301
vt -0.802581012 0.742213011
vt -0.798716009 0.744965017
vt -0.802581012 0.742213011
vt -0.801239014 0.741374016
vt -0.801239014 0.741374016
vt -0.802581012 0.742213011
vt -0.80479002 0.738225996
vt -0.801239014 0.741374016
vt -0.80479002 0.738225996
vt -0.803366005 0.737533987
vt -0.803366005 0.737533987
vt -0.80479002 0.738225996
vt -0.806562006 0.734027028
vt -0.803366005 0.737533987
vt -0.806562006 0.734027028
vt -0.80507201 0.73348999
vt -0.80507201 0.73348999
vt -0.806562006 0.734027028
vt -0.807878017 0.729664028
vt -0.80507201 0.73348999
vt -0.807878017 0.729664028
vt -0.806339979 0.729287982
vt -0.806339979 0.729287982
vt -0.807878017 0.729664028
vt -0.808722019 0.725184977
vt -0.806339979 0.729287982
vt -0.808722019 0.725184977
vt -0.807152987 0.72497499
vt -0.807152987 0.72497499
vt -0.808722019 0.725184977
vt -0.809086025 0.720641971
vt -0.807152987 0.72497499
vt -0.809086025 0.720641971
vt -0.807502985 0.720598996
vt -1.55218196 0.720598996
vt -1.55376506 0.720641971
vt -1.55376506 0.716085017
vt -1.55218196 0.720598996
vt -1.55376506 0.716085017
vt -1.55218196 0.716211975
vt -0.807385981 0.716211975
vt -0.808965027 0.716085017
vt -0.808359981 0.711567998
vt -0.807385981 0.716211975
vt -0.808359981 0.711567998
vt -0.806804001 0.711861014
vt -1.55218196 0.711861014
vt -1.55376506 0.711567998
vt -1.55376506 0.711567998
vt -0.806804001 0.711861014
vt -0.808359981 0.711567998
vt -0.807277977 0.707140028
vt -1.55376506 0.707140028
vt -1.55376506 0.711567998
vt -1.55566096 0.70679599
vt -1.55376506 0.707140028
vt -1.55566096 0.70679599
vt -1.55566096 0.702390015
vt -1.55566096 0.702390015
vt -1.55566096 0.70679599
vt -1.55777502 0.702102005
vt -1.55566096 0.702390015
vt -1.55777502 0.702102005
vt -1.55777502 0.697817981
vt -1.55777502 0.697817981
vt -1.55777502 0.702102005
vt -1.55999994 0.697696984
vt -1.55777502 0.697817981
vt -1.55999994 0.697696984
vt -1.55999994 0.693636
vt -1.55999994 0.693636
vt -1.55999994 0.697696984
vt -1.56222498 0.693780005
vt -1.55999994 0.693636
vt -1.56222498 0.693780005
vt -1.56222498 0.690033972
vt -1.56222498 0.690033972
vt -1.56222498 0.693780005
vt -1.56433904 0.690521002
vt -1.56222498 0.690033972
vt -1.56433904 0.690521002
vt -1.56433904 0.687165022
vt -1.56433904 0.687165022
vt -1.56433904 0.690521002
vt -1.56623495 0.688040018
vt 0.796135008 1.56433904
vt 0.795327008 1.56623495
vt 0.791818023 1.56623495
vt 0.791818023 0.685131013
vt 0.795327008 0.688040018
vt 0.790874004 0.686402023
vt 0.791818023 0.685131013
vt 0.790874004 0.686402023
vt 0.787216008 0.683975995
vt 0.790874004 0.686402023
vt 0.795327008 0.688040018
vt 0.794252992 0.689203024
vt 0.794252992 0.689203024
vt 0.795327008 0.688040018
vt 0.798506975 0.691304982
vt 0.794252992 0.689203024
vt 0.798506975 0.691304982
vt 0.797315001 0.692348003
vt 0.797315001 0.692348003
vt 0.798506975 0.691304982
vt 0.80132103 0.694890022
vt 0.797315001 0.692348003
vt 0.80132103 0.694890022
vt 0.800024986 0.695800006
vt 0.800024986 0.695800006
vt 0.80132103 0.694890022
vt 0.803739011 0.698754013
vt 0.800024986 0.695800006
vt 0.803739011 0.698754013
vt 0.802353978 0.699521005
vt 0.802353978 0.699521005
vt 0.803739011 0.698754013
vt 0.805732012 0.702853024
vt 0.802353978 0.699521005
vt 0.805732012 0.702853024
vt 0.804273009 0.703468978
vt 0.804273009 0.703468978
vt 0.805732012 0.702853024
vt 0.807277977 0.707140028
vt 0.804273009 0.703468978
vt 0.807277977 0.707140028
vt 0.805761993 0.707597017
vt 0.805761993 0.707597017
vt 0.807277977 0.707140028
vt 0.808359981 0.711567998
vt 0.805761993 0.707597017
vt 0.808359981 0.711567998
vt 0.806804001 0.711861014
vt 0.806804001 0.711861014
vt 0.808359981 0.711567998
vt 0.808965027 0.716085017
vt 0.806804001 0.711861014
vt 0.808965027 0.716085017
vt 0.807385981 0.716211975
vt -1.56781805 0.716211975
vt -1.56623495 0.716085017
vt -1.56623495 0.720641971
vt -1.56781805 0.716211975
vt -1.56623495 0.720641971
vt -1.56781805 0.720598996
vt 0.807502985 0.720598996
vt 0.809086025 0.720641971
vt 0.808722019 0.725184977
vt 0.807502985 0.720598996
vt 0.808722019 0.725184977
vt 0.807152987 0.72497499
vt 0.807152987 0.72497499
vt 0.808722019 0.725184977
vt 0.807878017 0.729664028
vt 0.807152987 0.72497499
vt 0.807878017 0.729664028
vt 0.806339979 0.729287982
vt 0.806339979 0.729287982
vt 0.807878017 0.729664028
vt 0.806562006 0.734027028
vt 0.806339979 0.729287982
vt 0.806562006 0.734027028
vt 0.80507201 0.73348999
vt 0.80507201 0.73348999
vt 0.806562006 0.734027028
vt 0.80479002 0.738225996
vt 0.80507201 0.73348999
vt 0.80479002 0.738225996
vt 0.803366005 0.737533987
vt 0.803366005 0.737533987
vt 0.80479002 0.738225996
vt 0.802581012 0.742213011
vt 0.803366005 0.737533987
vt 0.802581012 0.742213011
vt 0.801239014 0.741374016
vt 0.801239014 0.741374016
vt 0.802581012 0.742213011
vt 0.799961984 0.74594301
vt 0.801239014 0.741374016
vt 0.799961984 0.74594301
vt 0.798716009 0.744965017
vt 0.798716009 0.744965017
vt 0.799961984 0.74594301
vt 0.796959996 0.749373019
vt 0.798716009 0.744965017
vt 0.796959996 0.749373019
vt 0.795826018 0.748268008
vt 0.795826018 0.748268008
vt 0.796959996 0.749373019
vt 0.79361099 0.75246501
vt 0.795826018 0.748268008
vt 0.79361099 0.75246501
vt 0.792600989 0.751245975
vt 0.792600989 0.751245975
vt 0.79361099 0.75246501
vt 0.789952993 0.755182981
vt 0.792600989 0.751245975
vt 0.789952993 0.755182981
vt 0.789076984 0.753862977
vt 0.789076984 0.753862977
vt 0.789952993 0.755182981
vt 0.786026001 0.757497013
vt 0.789076984 0.753862977
vt 0.786026001 0.757497013
vt 0.785296023 0.756092012
vt 0.785296023 0.756092012
vt 0.786026001 0.757497013
vt 0.781875014 0.759379983
vt 0.785296023 0.756092012
vt 0.781875014 0.759379983
vt 0.781298995 0.757905006
vt 0.781298995 0.757905006
vt 0.781875014 0.759379983
vt 0.777548015 0.760810971
vt 0.781298995 0.757905006
vt 0.777548015 0.760810971
vt 0.777131975 0.759284019
vt 0.777131975 0.759284019
vt 0.777548015 0.760810971
vt 0.773093998 0.761775017
vt 0.777131975 0.759284019
vt 0.773093998 0.761775017
vt 0.77284199 0.760212004
vt 0.77284199 0.760212004
vt 0.773093998 0.761775017
vt 0.768562019 0.762259007
vt 0.77284199 0.760212004
vt 0.768562019 0.762259007
vt 0.768477023 0.760677993
vt -0.768477023 1.56781805
vt -0.768562019 1.56623495
vt -0.764003992 1.56623495
vt -0.768477023 1.56781805
vt -0.764003992 1.56623495
vt -0.764087975 1.56781805
vt 0.764087975 0.760677993
vt 0.764003992 0.762259007
vt 0.759472013 0.761775017
vt 0.764087975 0.760677993
vt 0.759472013 0.761775017
vt 0.759724021 0.760212004
vt 0.759724021 0.760212004
vt 0.759472013 0.761775017
vt 0.755016983 0.760810971
vt 0.759724021 0.760212004
vt 0.755016983 0.760810971
vt 0.755433977 0.759284019
vt 0.755433977 0.759284019
vt 0.755016983 0.760810971
vt 0.750689983 0.759379983
vt 0.755433977 0.759284019
vt 0.750689983 0.759379983
vt 0.751267016 0.757905006
vt 0.751267016 0.757905006
vt 0.750689983 0.759379983
vt 0.74654001 0.757497013
vt 0.751267016 0.757905006
vt 0.74654001 0.757497013
vt 0.747269988 0.756092012
vt 0.747269988 0.756092012
vt 0.74654001 0.757497013
vt 0.742613018 0.755182981
vt 0.747269988 0.756092012
vt 0.742613018 0.755182981
vt 0.743488014 0.753862977
vt 0.743488014 0.753862977
vt 0.742613018 0.755182981
vt 0.738954008 0.75246501
vt 0.743488014 0.753862977
vt 0.738954008 0.75246501
vt 0.739965022 0.751245975
vt 0.739965022 0.751245975
vt 0.738954008 0.75246501
vt 0.735605001 0.749373019
vt 0.739965022 0.751245975
vt 0.735605001 0.749373019
vt 0.736739993 0.748268008
vt 0.736739993 0.748268008
vt 0.735605001 0.749373019
vt 0.732604027 0.74594301
vt 0.736739993 0.748268008
vt 0.732604027 0.74594301
vt 0.733848989 0.744965017
vt 0.733848989 0.744965017
vt 0.732604027 0.74594301
vt 0.729983985 0.742213011
vt 0.733848989 0.744965017
vt 0.729983985 0.742213011
vt 0.731326997 0.741374016
vt 0.731326997 0.741374016
vt 0.729983985 0.742213011
vt 0.727775991 0.738225996
vt 0.731326997 0.741374016
vt 0.727775991 0.738225996
vt 0.729200006 0.737533987
vt 0.729200006 0.737533987
vt 0.727775991 0.738225996
vt 0.726004004 0.734027028
vt 0.729200006 0.737533987
vt 0.726004004 0.734027028
vt 0.727492988 0.73348999
vt 0.727492988 0.73348999
vt 0.726004004 0.734027028
vt 0.724687994 0.729664028
vt 0.727492988 0.73348999
vt 0.724687994 0.729664028
vt 0.726225972 0.729287982
vt 0.726225972 0.729287982
vt 0.724687994 0.729664028
vt 0.723842978 0.725184977
vt 0.726225972 0.729287982
vt 0.723842978 0.725184977
vt 0.725413024 0.72497499
vt 0.725413024 0.72497499
vt 0.723842978 0.725184977
vt 0.723479986 0.720641971
vt 0.725413024 0.72497499
vt 0.723479986 0.720641971
vt 0.725062013 0.720598996
vt 1.56781805 0.720598996
vt 1.56623495 0.720641971
vt 1.56623495 0.716085017
vt 1.56781805 0.720598996
vt 1.56623495 0.716085017
vt 1.56781805 0.716211975
vt 0.725179017 0.716211975
vt 0.723600984 0.716085017
vt 0.724205971 0.711567998
vt 0.725179017 0.716211975
vt 0.724205971 0.711567998
vt 0.72576201 0.711861014
vt 0.72576201 0.711861014
vt 0.724205971 0.711567998
vt 0.725287974 0.707140028
vt 0.72576201 0.711861014
vt 0.725287974 0.707140028
vt 0.726804018 0.707597017
vt 0.726804018 0.707597017
vt 0.725287974 0.707140028
vt 0.726833999 0.702853024
vt 0.726804018 0.707597017
vt 0.726833999 0.702853024
vt 0.728293002 0.703468978
vt 0.728293002 0.703468978
vt 0.726833999 0.702853024
vt 0.728827 0.698754013
vt 0.728293002 0.703468978
vt 0.728827 0.698754013
vt 0.730211973 0.699521005
vt 0.730211973 0.699521005
vt 0.728827 0.698754013
vt 0.731244028 0.694890022
vt 0.730211973 0.699521005
vt 0.731244028 0.694890022
vt 0.732540011 0.695800006
vt 0.732540011 0.695800006
vt 0.731244028 0.694890022
vt 0.734058976 0.691304982
vt 0.732540011 0.695800006
vt 0.734058976 0.691304982
vt 0.735251009 0.692348003
vt 0.735251009 0.692348003
vt 0.734058976 0.691304982
vt 0.737239003 0.688040018
vt 0.735251009 0.692348003
vt 0.737239003 0.688040018
vt 0.738313019 0.689203024
vt 0.738313019 0.689203024
vt 0.737239003 0.688040018
vt 0.740746975 0.685131013
vt 0.738313019 0.689203024
vt 0.740746975 0.685131013
vt 0.741692007 0.686402023
vt 0.741692007 0.686402023
vt 0.740746975 0.685131013
vt 0.744544983 0.682610989
vt 0.741692007 0.686402023
vt 0.744544983 0.682610989
vt 0.74534899 0.683975995
vt 0.74534899 0.683975995
vt 0.744544983 0.682610989
vt 0.748589993 0.680509984
vt 0.74534899 0.683975995
vt 0.748589993 0.680509984
vt 0.749243975 0.681952
vt 0.749243975 0.681952
vt 0.748589993 0.680509984
vt 0.752834976 0.678849995
vt 0.749243975 0.681952
vt 0.752834976 0.678849995
vt 0.753332019 0.680352986
vt 0.753332019 0.680352986
vt 0.752834976 0.678849995
vt 0.75723201 0.677650988
vt 0.753332019 0.680352986
vt 0.75723201 0.677650988
vt 0.757565975 0.67919898
vt 0.757565975 0.67919898
vt 0.75723201 0.677650988
vt 0.761731029 0.676926017
vt 0.757565975 0.67919898
vt 0.761731029 0.676926017
vt 0.761900008 0.678499997
vt 0.761900008 1.56781805
vt 0.761731029 1.56623495
vt 0.766282976 1.56623495
vt 0.761900008 1.56781805
vt 0.766282976 1.56623495
vt 0.766282976 1.56781805
vt -1.56781805 0.678267002
vt -1.56623495 0.676683009
vt -1.56623495 0.676683009
vt 0.766282976 1.56781805
vt 0.766282976 1.56623495
vt 0.770834029 1.56623495
vt 0.770834029 1.56623495
vt 0.766282976 1.56623495
vt 0.770960987 1.56433904
vt 0.770834029 1.56623495
vt 0.770960987 1.56433904
vt 0.775586009 1.56433904
vt 0.775586009 1.56433904
vt 0.770960987 1.56433904
vt 0.775741994 1.56222498
vt 0.775586009 1.56433904
vt 0.775741994 1.56222498
vt 0.780336976 1.56222498
vt 0.780336976 1.56222498
vt 0.775741994 1.56222498
vt 0.780416012 1.55999994
vt 0.780336976 1.56222498
vt 0.780416012 1.55999994
vt 0.784877002 1.55999994
vt 0.784877002 1.55999994
vt 0.780416012 1.55999994
vt 0.784774005 1.55777502
vt 0.784877002 1.55999994
vt 0.784774005 1.55777502
vt 0.788999975 1.55777502
vt 0.788999975 1.55777502
vt 0.784774005 1.55777502
vt 0.788625002 1.55566096
vt 0.788999975 1.55777502
vt 0.788625002 1.55566096
vt 0.792528987 1.55566096
vt 0.792528987 1.55566096
vt 0.788625002 1.55566096
vt 0.791818023 1.55376506
vt 0.792528987 1.55566096
vt 0.791818023 1.55376506
vt 0.795327008 1.55376506
vt 0.791818023 1.55376506
vt 0.788625002 1.55566096
vt 0.788020015 1.55376506
vt 0.788020015 1.55376506
vt 0.788625002 1.55566096
vt 0.784467995 1.55566096
vt 0.788020015 1.55376506
vt 0.784467995 1.55566096
vt 0.783976018 1.55376506
vt 0.783976018 1.55376506
vt 0.784467995 1.55566096
vt 0.780104995 1.55566096
vt 0.783976018 1.55376506
vt 0.780104995 1.55566096
vt 0.779730976 1.55376506
vt 0.779730976 1.55376506
vt 0.780104995 1.55566096
vt 0.775586009 1.55566096
vt 0.779730976 1.55376506
vt 0.775586009 1.55566096
vt 0.775334001 1.55376506
vt 0.775334001 1.55376506
vt 0.775586009 1.55566096
vt 0.770960987 1.55566096
vt 0.775334001 1.55376506
vt 0.770960987 1.55566096
vt 0.770834029 1.55376506
vt 0.770834029 1.55376506
vt 0.770960987 1.55566096
vt 0.766282976 1.55566096
vt 0.770834029 1.55376506
vt 0.766282976 1.55566096
vt 0.766282976 1.55376506
vt 0.766282976 1.55376506
vt 0.766282976 1.55566096
vt 0.761605024 1.55566096
vt 0.766282976 1.55376506
vt 0.761605024 1.55566096
vt 0.761731029 1.55376506
vt 0.761731029 1.55376506
vt 0.761605024 1.55566096
vt 0.756980002 1.55566096
vt 0.761731029 1.55376506
vt 0.756980002 1.55566096
vt 0.75723201 1.55376506
vt 0.75723201 1.55376506
vt 0.756980002 1.55566096
vt 0.752460003 1.55566096
vt 0.75723201 1.55376506
vt 0.752460003 1.55566096
vt 0.752834976 1.55376506
vt 0.752834976 1.55376506
vt 0.752460003 1.55566096
vt 0.748097003 1.55566096
vt 0.752834976 1.55376506
vt 0.748097003 1.55566096
vt 0.748589993 1.55376506
vt 0.748589993 1.55376506
vt 0.748097003 1.55566096
vt 0.743941009 1.55566096
vt 0.748589993 1.55376506
vt 0.743941009 1.55566096
vt 0.744544983 1.55376506
vt 0.744544983 1.55376506
vt 0.743941009 1.55566096
vt 0.740037024 1.55566096
vt 0.744544983 1.55376506
vt 0.740037024 1.55566096
vt 0.740746975 1.55376506
vt 0.740746975 1.55376506
vt 0.740037024 1.55566096
vt 0.736431003 1.55566096
vt 0.740746975 1.55376506
vt 0.736431003 1.55566096
vt 0.737239003 1.55376506
vt 1.55376506 0.688040018
vt 1.55566096 0.687165022
vt 1.55566096 0.690521002
vt 1.55376506 0.688040018
vt 1.55566096 0.690521002
vt 1.55376506 0.691304982
vt 1.55376506 0.691304982
vt 1.55566096 0.690521002
vt 1.55566096 0.694205999
vt 1.55376506 0.691304982
vt 1.55566096 0.694205999
vt 1.55376506 0.694890022
vt 1.55376506 0.694890022
vt 1.55566096 0.694205999
vt 1.55566096 0.69817698
vt 1.55376506 0.694890022
vt 1.55566096 0.69817698
vt 1.55376506 0.698754013
vt 1.55376506 0.698754013
vt 1.55566096 0.69817698
vt 1.55566096 0.702390015
vt 1.55376506 0.698754013
vt 1.55566096 0.702390015
vt 1.55376506 0.702853024
vt 1.55376506 0.702853024
vt 1.55566096 0.702390015
vt 1.55566096 0.70679599
vt 1.55376506 0.702853024
vt 1.55566096 0.70679599
vt 1.55376506 0.707140028
vt 1.55376506 0.707140028
vt 1.55566096 0.70679599
vt 1.55566096 0.711346984
vt 1.55376506 0.707140028
vt 1.55566096 0.711346984
vt 1.55376506 0.711567998
vt 1.55376506 0.711567998
vt 1.55566096 0.711346984
vt 1.55566096 0.715990007
vt 1.55376506 0.711567998
vt 1.55566096 0.715990007
vt 1.55376506 0.716085017
vt 1.55376506 0.716085017
vt 1.55566096 0.715990007
vt 1.55566096 0.720673025
vt 1.55376506 0.716085017
vt 1.55566096 0.720673025
vt 1.55376506 0.720641971
vt 1.55376506 0.720641971
vt 1.55566096 0.720673025
vt 1.55566096 0.725342989
vt 1.55376506 0.720641971
vt 1.55566096 0.725342989
vt 1.55376506 0.725184977
vt 1.55376506 0.725184977
vt 1.55566096 0.725342989
vt 1.55566096 0.729946017
vt 1.55376506 0.725184977
vt 1.55566096 0.729946017
vt 1.55376506 0.729664028
vt 1.55376506 0.729664028
vt 1.55566096 0.729946017
vt 1.55566096 0.734431982
vt 1.55376506 0.729664028
vt 1.55566096 0.734431982
vt 1.55376506 0.734027028
vt 1.55376506 0.734027028
vt 1.55566096 0.734431982
vt 1.55566096 0.738747001
vt 1.55376506 0.734027028
vt 1.55566096 0.738747001
vt 1.55376506 0.738225996
vt 1.55376506 0.738225996
vt 1.55566096 0.738747001
vt 1.55566096 0.742844999
vt 1.55376506 0.738225996
vt 1.55566096 0.742844999
vt 1.55376506 0.742213011
vt 1.55376506 0.742213011
vt 1.55566096 0.742844999
vt 1.55566096 0.746679008
vt 1.55376506 0.742213011
vt 1.55566096 0.746679008
vt 1.55376506 0.74594301
vt 1.55376506 0.74594301
vt 1.55566096 0.746679008
vt 1.55566096 0.750204027
vt 1.55376506 0.74594301
vt 1.55566096 0.750204027
vt 1.55376506 0.749373019
vt -0.735605001 1.55376506
vt -0.734751999 1.55566096
vt -0.738193989 1.55566096
vt -0.735605001 1.55376506
vt -0.738193989 1.55566096
vt -0.738954008 1.55376506
vt -0.738954008 1.55376506
vt -0.738193989 1.55566096
vt -0.741954029 1.55566096
vt -0.738954008 1.55376506
vt -0.741954029 1.55566096
vt -0.742613018 1.55376506
vt -0.742613018 1.55376506
vt -0.741954029 1.55566096
vt -0.745989978 1.55566096
vt -0.742613018 1.55376506
vt -0.745989978 1.55566096
vt -0.74654001 1.55376506
vt -0.74654001 1.55376506
vt -0.745989978 1.55566096
vt -0.750256002 1.55566096
vt -0.74654001 1.55376506
vt -0.750256002 1.55566096
vt -0.750689983 1.55376506
vt -0.750689983 1.55376506
vt -0.750256002 1.55566096
vt -0.754703999 1.55566096
vt -0.750689983 1.55376506
vt -0.754703999 1.55566096
vt -0.755016983 1.55376506
vt -0.755016983 1.55376506
vt -0.754703999 1.55566096
vt -0.759281993 1.55566096
vt -0.755016983 1.55376506
vt -0.759281993 1.55566096
vt -0.759472013 1.55376506
vt -0.759472013 1.55376506
vt -0.759281993 1.55566096
vt -0.763939977 1.55566096
vt -0.759472013 1.55376506
vt -0.763939977 1.55566096
vt -0.764003992 1.55376506
vt -0.764003992 1.55376506
vt -0.763939977 1.55566096
vt -0.768625021 1.55566096
vt -0.764003992 1.55376506
vt -0.768625021 1.55566096
vt -0.768562019 1.55376506
vt -0.768562019 1.55376506
vt -0.768625021 1.55566096
vt -0.773283005 1.55566096
vt -0.768562019 1.55376506
vt -0.773283005 1.55566096
vt -0.773093998 1.55376506
vt -0.773093998 1.55376506
vt -0.773283005 1.55566096
vt -0.777862012 1.55566096
vt -0.773093998 1.55376506
vt -0.777862012 1.55566096
vt -0.777548015 1.55376506
vt -0.777548015 1.55376506
vt -0.777862012 1.55566096
vt -0.782308996 1.55566096
vt -0.777548015 1.55376506
vt -0.782308996 1.55566096
vt -0.781875014 1.55376506
vt -0.781875014 1.55376506
vt -0.782308996 1.55566096
vt -0.786575019 1.55566096
vt -0.781875014 1.55376506
vt -0.786575019 1.55566096
vt -0.786026001 1.55376506
vt -0.786026001 1.55376506
vt -0.786575019 1.55566096
vt -0.790611029 1.55566096
vt -0.786026001 1.55376506
vt -0.790611029 1.55566096
vt -0.789952993 1.55376506
vt -0.789952993 1.55376506
vt -0.790611029 1.55566096
vt -0.794372022 1.55566096
vt -0.789952993 1.55376506
vt -0.794372022 1.55566096
vt -0.79361099 1.55376506
vt -0.79361099 1.55376506
vt -0.794372022 1.55566096
vt -0.797814012 1.55566096
vt -0.79361099 1.55376506
vt -0.797814012 1.55566096
vt -0.796959996 1.55376506
vt -1.55376506 0.749373019
vt -1.55566096 0.750204027
vt -1.55566096 0.746679008
vt -1.55376506 0.749373019
vt -1.55566096 0.746679008
vt -1.55376506 0.74594301
vt -1.55376506 0.74594301
vt -1.55566096 0.746679008
vt -1.55566096 0.742844999
vt -1.55376506 0.74594301
vt -1.55566096 0.742844999
vt -1.55376506 0.742213011
vt -1.55376506 0.742213011
vt -1.55566096 0.742844999
vt -1.55566096 0.738747001
vt -1.55376506 0.742213011
vt -1.55566096 0.738747001
vt -1.55376506 0.738225996
vt -1.55376506 0.738225996
vt -1.55566096 0.738747001
vt -1.55566096 0.734431982
vt -1.55376506 0.738225996
vt -1.55566096 0.734431982
vt -1.55376506 0.734027028
vt -1.55376506 0.734027028
vt -1.55566096 0.734431982
vt -1.55566096 0.729946017
vt -1.55376506 0.734027028
vt -1.55566096 0.729946017
vt -1.55376506 0.729664028
vt -1.55376506 0.729664028
vt -1.55566096 0.729946017
vt -1.55566096 0.725342989
vt -1.55376506 0.729664028
vt -1.55566096 0.725342989
vt -1.55376506 0.725184977
vt -1.55376506 0.725184977
vt -1.55566096 0.725342989
vt -1.55566096 0.720673025
vt -1.55376506 0.725184977
vt -1.55566096 0.720673025
vt -1.55376506 0.720641971
vt -1.55376506 0.720641971
vt -1.55566096 0.720673025
vt -1.55566096 0.715990007
vt -1.55376506 0.720641971
vt -1.55566096 0.715990007
vt -1.55376506 0.716085017
vt -1.55376506 0.716085017
vt -1.55566096 0.715990007
vt -1.55566096 0.711346984
vt -1.55376506 0.716085017
vt -1.55566096 0.711346984
vt -1.55376506 0.711567998
vt -1.55376506 0.711567998
vt -1.55566096 0.711346984
vt -1.55566096 0.711346984
vt -1.55376506 0.711567998
vt -1.55566096 0.711346984
vt -1.55566096 0.70679599
vt -1.55566096 0.70679599
vt -1.55566096 0.711346984
vt -1.55777502 0.706583023
vt -1.55566096 0.70679599
vt -1.55777502 0.706583023
vt -1.55777502 0.702102005
vt -1.55777502 0.702102005
vt -1.55777502 0.706583023
vt -1.55999994 0.702005029
vt -1.55777502 0.702102005
vt -1.55999994 0.702005029
vt -1.55999994 0.697696984
vt -1.55999994 0.697696984
vt -1.55999994 0.702005029
vt -1.56222498 0.697817981
vt -1.55999994 0.697696984
vt -1.56222498 0.697817981
vt -1.56222498 0.693780005
vt -1.56222498 0.693780005
vt -1.56222498 0.697817981
vt -1.56433904 0.694205999
vt -1.56222498 0.693780005
vt -1.56433904 0.694205999
vt -1.56433904 0.690521002
vt -1.56433904 0.690521002
vt -1.56433904 0.694205999
vt -1.56623495 0.691304982
vt -1.56433904 0.690521002
vt -1.56623495 0.691304982
vt -1.56623495 0.688040018
vt -1.56623495 0.691304982
vt -1.56433904 0.694205999
vt -1.56623495 0.694890022
vt -1.56623495 0.694890022
vt -1.56433904 0.694205999
vt -1.56433904 0.69817698
vt -1.56623495 0.694890022
vt -1.56433904 0.69817698
vt -1.56623495 0.698754013
vt -1.56623495 0.698754013
vt -1.56433904 0.69817698
vt -1.56433904 0.702390015
vt -1.56623495 0.698754013
vt -1.56433904 0.702390015
vt -1.56623495 0.702853024
vt -1.56623495 0.702853024
vt -1.56433904 0.702390015
vt -1.56433904 0.70679599
vt -1.56623495 0.702853024
vt -1.56433904 0.70679599
vt -1.56623495 0.707140028
vt -1.56623495 0.707140028
vt -1.56433904 0.70679599
vt -1.56433904 0.711346984
vt -1.56623495 0.707140028
vt -1.56433904 0.711346984
vt -1.56623495 0.711567998
vt -1.56623495 0.711567998
vt -1.56433904 0.711346984
vt -1.56433904 0.715990007
vt -1.56623495 0.711567998
vt -1.56433904 0.715990007
vt -1.56623495 0.716085017
vt -1.56623495 0.716085017
vt -1.56433904 0.715990007
vt -1.56433904 0.720673025
vt -1.56623495 0.716085017
vt -1.56433904 0.720673025
vt -1.56623495 0.720641971
vt -1.56623495 0.720641971
vt -1.56433904 0.720673025
vt -1.56433904 0.725342989
vt -1.56623495 0.720641971
vt -1.56433904 0.725342989
vt -1.56623495 0.725184977
vt -1.56623495 0.725184977
vt -1.56433904 0.725342989
vt -1.56433904 0.729946017
vt -1.56623495 0.725184977
vt -1.56433904 0.729946017
vt -1.56623495 0.729664028
vt -1.56623495 0.729664028
vt -1.56433904 0.729946017
vt -1.56433904 0.734431982
vt -1.56623495 0.729664028
vt -1.56433904 0.734431982
vt -1.56623495 0.734027028
vt -1.56623495 0.734027028
vt -1.56433904 0.734431982
vt -1.56433904 0.738747001
vt -1.56623495 0.734027028
vt -1.56433904 0.738747001
vt -1.56623495 0.738225996
vt -1.56623495 0.738225996
vt -1.56433904 0.738747001
vt -1.56433904 0.742844999
vt -1.56623495 0.738225996
vt -1.56433904 0.742844999
vt -1.56623495 0.742213011
vt -1.56623495 0.742213011
vt -1.56433904 0.742844999
vt -1.56433904 0.746679008
vt -1.56623495 0.742213011
vt -1.56433904 0.746679008
vt -1.56623495 0.74594301
vt -1.56623495 0.74594301
vt -1.56433904 0.746679008
vt -1.56433904 0.750204027
vt -1.56623495 0.74594301
vt -1.56433904 0.750204027
vt -1.56623495 0.749373019
vt -0.796959996 1.56623495
vt -0.797814012 1.56433904
vt -0.794372022 1.56433904
vt -0.796959996 1.56623495
vt -0.794372022 1.56433904
vt -0.79361099 1.56623495
vt -0.79361099 1.56623495
vt -0.794372022 1.56433904
vt -0.790611029 1.56433904
vt -0.79361099 1.56623495
vt -0.790611029 1.56433904
vt -0.789952993 1.56623495
vt -0.789952993 1.56623495
vt -0.790611029 1.56433904
vt -0.786575019 1.56433904
vt -0.789952993 1.56623495
vt -0.786575019 1.56433904
vt -0.786026001 1.56623495
vt -0.786026001 1.56623495
vt -0.786575019 1.56433904
vt -0.782308996 1.56433904
vt -0.786026001 1.56623495
vt -0.782308996 1.56433904
vt -0.781875014 1.56623495
vt -0.781875014 1.56623495
vt -0.782308996 1.56433904
vt -0.777862012 1.56433904
vt -0.781875014 1.56623495
vt -0.777862012 1.56433904
vt -0.777548015 1.56623495
vt -0.777548015 1.56623495
vt -0.777862012 1.56433904
vt -0.773283005 1.56433904
vt -0.777548015 1.56623495
vt -0.773283005 1.56433904
vt -0.773093998 1.56623495
vt -0.773093998 1.56623495
vt -0.773283005 1.56433904
vt -0.768625021 1.56433904
vt -0.773093998 1.56623495
vt -0.768625021 1.56433904
vt -0.768562019 1.56623495
vt -0.768562019 1.56623495
vt -0.768625021 1.56433904
vt -0.763939977 1.56433904
vt -0.768562019 1.56623495
vt -0.763939977 1.56433904
vt -0.764003992 1.56623495
vt -0.764003992 1.56623495
vt -0.763939977 1.56433904
vt -0.759281993 1.56433904
vt -0.764003992 1.56623495
vt -0.759281993 1.56433904
vt -0.759472013 1.56623495
vt -0.759472013 1.56623495
vt -0.759281993 1.56433904
vt -0.754703999 1.56433904
vt -0.759472013 1.56623495
vt -0.754703999 1.56433904
vt -0.755016983 1.56623495
vt -0.755016983 1.56623495
vt -0.754703999 1.56433904
vt -0.750256002 1.56433904
vt -0.755016983 1.56623495
vt -0.750256002 1.56433904
vt -0.750689983 1.56623495
vt -0.750689983 1.56623495
vt -0.750256002 1.56433904
vt -0.745989978 1.56433904
vt -0.750689983 1.56623495
vt -0.745989978 1.56433904
vt -0.74654001 1.56623495
vt -0.74654001 1.56623495
vt -0.745989978 1.56433904
vt -0.741954029 1.56433904
vt -0.74654001 1.56623495
vt -0.741954029 1.56433904
vt -0.742613018 1.56623495
vt -0.742613018 1.56623495
vt -0.741954029 1.56433904
vt -0.738193989 1.56433904
vt -0.742613018 1.56623495
vt -0.738193989 1.56433904
vt -0.738954008 1.56623495
vt -0.738954008 1.56623495
vt -0.738193989 1.56433904
vt -0.734751999 1.56433904
vt -0.738954008 1.56623495
vt -0.734751999 1.56433904
vt -0.735605001 1.56623495
vt 1.56623495 0.749373019
vt 1.56433904 0.750204027
vt 1.56433904 0.746679008
vt 1.56623495 0.749373019
vt 1.56433904 0.746679008
vt 1.56623495 0.74594301
vt 1.56623495 0.74594301
vt 1.56433904 0.746679008
vt 1.56433904 0.742844999
vt 1.56623495 0.74594301
vt 1.56433904 0.742844999
vt 1.56623495 0.742213011
vt 1.56623495 0.742213011
vt 1.56433904 0.742844999
vt 1.56433904 0.738747001
vt 1.56623495 0.742213011
vt 1.56433904 0.738747001
vt 1.56623495 0.738225996
vt 1.56623495 0.738225996
vt 1.56433904 0.738747001
vt 1.56433904 0.734431982
vt 1.56623495 0.738225996
vt 1.56433904 0.734431982
vt 1.56623495 0.734027028
vt 1.56623495 0.734027028
vt 1.56433904 0.734431982
vt 1.56433904 0.729946017
vt 1.56623495 0.734027028
vt 1.56433904 0.729946017
vt 1.56623495 0.729664028
vt 1.56623495 0.729664028
vt 1.56433904 0.729946017
vt 1.56433904 0.725342989
vt 1.56623495 0.729664028
vt 1.56433904 0.725342989
vt 1.56623495 0.725184977
vt 1.56623495 0.725184977
vt 1.56433904 0.725342989
vt 1.56433904 0.720673025
vt 1.56623495 0.725184977
vt 1.56433904 0.720673025
vt 1.56623495 0.720641971
vt 1.56623495 0.720641971
vt 1.56433904 0.720673025
vt 1.56433904 0.715990007
vt 1.56623495 0.720641971
vt 1.56433904 0.715990007
vt 1.56623495 0.716085017
vt 1.56623495 0.716085017
vt 1.56433904 0.715990007
vt 1.56433904 0.711346984
vt 1.56623495 0.716085017
vt 1.56433904 0.711346984
vt 1.56623495 0.711567998
vt 1.56623495 0.711567998
vt 1.56433904 0.711346984
vt 1.56433904 0.70679599
vt 1.56623495 0.711567998
vt 1.56433904 0.70679599
vt 1.56623495 0.707140028
vt 1.56623495 0.707140028
vt 1.56433904 0.70679599
vt 1.56433904 0.702390015
vt 1.56623495 0.707140028
vt 1.56433904 0.702390015
vt 1.56623495 0.702853024
vt 1.56623495 0.702853024
vt 1.56433904 0.702390015
vt 1.56433904 0.69817698
vt 1.56623495 0.702853024
vt 1.56433904 0.69817698
vt 1.56623495 0.698754013
vt 1.56623495 0.698754013
vt 1.56433904 0.69817698
vt 1.56433904 0.694205999
vt 1.56623495 0.698754013
vt 1.56433904 0.694205999
vt 1.56623495 0.694890022
vt 1.56623495 0.694890022
vt 1.56433904 0.694205999
vt 1.56433904 0.690521002
vt 1.56623495 0.694890022
vt 1.56433904 0.690521002
vt 1.56623495 0.691304982
vt 1.56623495 0.691304982
vt 1.56433904 0.690521002
vt 1.56433904 0.687165022
vt 1.56623495 0.691304982
vt 1.56433904 0.687165022
vt 1.56623495 0.688040018
vt 0.737239003 1.56623495
vt 0.736431003 1.56433904
vt 0.740037024 1.56433904
vt 0.737239003 1.56623495
vt 0.740037024 1.56433904
vt 0.740746975 1.56623495
vt 0.740746975 1.56623495
vt 0.740037024 1.56433904
vt 0.743941009 1.56433904
vt 0.740746975 1.56623495
vt 0.743941009 1.56433904
vt 0.744544983 1.56623495
vt 0.744544983 1.56623495
vt 0.743941009 1.56433904
vt 0.748097003 1.56433904
vt 0.744544983 1.56623495
vt 0.748097003 1.56433904
vt 0.748589993 1.56623495
vt 0.748589993 1.56623495
vt 0.748097003 1.56433904
vt 0.752460003 1.56433904
vt 0.748589993 1.56623495
vt 0.752460003 1.56433904
vt 0.752834976 1.56623495
vt 0.752834976 1.56623495
vt 0.752460003 1.56433904
vt 0.756980002 1.56433904
vt 0.752834976 1.56623495
vt 0.756980002 1.56433904
vt 0.75723201 1.56623495
vt 0.75723201 1.56623495
vt 0.756980002 1.56433904
vt 0.761605024 1.56433904
vt 0.75723201 1.56623495
vt 0.761605024 1.56433904
vt 0.761731029 1.56623495
vt 0.761731029 1.56623495
vt 0.761605024 1.56433904
vt 0.766282976 1.56433904
vt 0.761731029 1.56623495
vt 0.766282976 1.56433904
vt 0.766282976 1.56623495
vt -1.56623495 0.676683009
vt -1.56433904 0.675491989
vt -1.56433904 0.675491989
vt 0.766282976 1.56623495
vt 0.766282976 1.56433904
vt 0.770960987 1.56433904
vt 0.770960987 1.56433904
vt 0.766282976 1.56433904
vt 0.771039009 1.56222498
vt 0.770960987 1.56433904
vt 0.771039009 1.56222498
vt 0.775741994 1.56222498
vt 0.775741994 1.56222498
vt 0.771039009 1.56222498
vt 0.775794983 1.55999994
vt 0.775741994 1.56222498
vt 0.775794983 1.55999994
vt 0.780416012 1.55999994
vt 0.780416012 1.55999994
vt 0.775794983 1.55999994
vt 0.780336976 1.55777502
vt 0.780416012 1.55999994
vt 0.780336976 1.55777502
vt 0.784774005 1.55777502
vt 0.784774005 1.55777502
vt 0.780336976 1.55777502
vt 0.784467995 1.55566096
vt 0.784774005 1.55777502
vt 0.784467995 1.55566096
vt 0.788625002 1.55566096
vt 0.784467995 1.55566096
vt 0.780336976 1.55777502
vt 0.780104995 1.55566096
vt 0.780104995 1.55566096
vt 0.780336976 1.55777502
vt 0.775741994 1.55777502
vt 0.780104995 1.55566096
vt 0.775741994 1.55777502
vt 0.775586009 1.55566096
vt 0.775586009 1.55566096
vt 0.775741994 1.55777502
vt 0.771039009 1.55777502
vt 0.775586009 1.55566096
vt 0.771039009 1.55777502
vt 0.770960987 1.55566096
vt 0.770960987 1.55566096
vt 0.771039009 1.55777502
vt 0.766282976 1.55777502
vt 0.770960987 1.55566096
vt 0.766282976 1.55777502
vt 0.766282976 1.55566096
vt 0.766282976 1.55566096
vt 0.766282976 1.55777502
vt 0.761525989 1.55777502
vt 0.766282976 1.55566096
vt 0.761525989 1.55777502
vt 0.761605024 1.55566096
vt 0.761605024 1.55566096
vt 0.761525989 1.55777502
vt 0.756823003 1.55777502
vt 0.761605024 1.55566096
vt 0.756823003 1.55777502
vt 0.756980002 1.55566096
vt 0.756980002 1.55566096
vt 0.756823003 1.55777502
vt 0.752228022 1.55777502
vt 0.756980002 1.55566096
vt 0.752228022 1.55777502
vt 0.752460003 1.55566096
vt 0.752460003 1.55566096
vt 0.752228022 1.55777502
vt 0.747792006 1.55777502
vt 0.752460003 1.55566096
vt 0.747792006 1.55777502
vt 0.748097003 1.55566096
vt 0.748097003 1.55566096
vt 0.747792006 1.55777502
vt 0.743565023 1.55777502
vt 0.748097003 1.55566096
vt 0.743565023 1.55777502
vt 0.743941009 1.55566096
vt 0.743941009 1.55566096
vt 0.743565023 1.55777502
vt 0.739596009 1.55777502
vt 0.743941009 1.55566096
vt 0.739596009 1.55777502
vt 0.740037024 1.55566096
vt 0.740037024 1.55566096
vt 0.739596009 1.55777502
vt 0.735929012 1.55777502
vt 0.740037024 1.55566096
vt 0.735929012 1.55777502
vt 0.736431003 1.55566096
vt 1.55566096 0.687165022
vt 1.55777502 0.68662101
vt 1.55777502 0.690033972
vt 1.55566096 0.687165022
vt 1.55777502 0.690033972
vt 1.55566096 0.690521002
vt 1.55566096 0.690521002
vt 1.55777502 0.690033972
vt 1.55777502 0.693780005
vt 1.55566096 0.690521002
vt 1.55777502 0.693780005
vt 1.55566096 0.694205999
vt 1.55566096 0.694205999
vt 1.55777502 0.693780005
vt 1.55777502 0.697817981
vt 1.55566096 0.694205999
vt 1.55777502 0.697817981
vt 1.55566096 0.69817698
vt 1.55566096 0.69817698
vt 1.55777502 0.697817981
vt 1.55777502 0.702102005
vt 1.55566096 0.69817698
vt 1.55777502 0.702102005
vt 1.55566096 0.702390015
vt 1.55566096 0.702390015
vt 1.55777502 0.702102005
vt 1.55777502 0.706583023
vt 1.55566096 0.702390015
vt 1.55777502 0.706583023
vt 1.55566096 0.70679599
vt 1.55566096 0.70679599
vt 1.55777502 0.706583023
vt 1.55777502 0.711210012
vt 1.55566096 0.70679599
vt 1.55777502 0.711210012
vt 1.55566096 0.711346984
vt 1.55566096 0.711346984
vt 1.55777502 0.711210012
vt 1.55777502 0.715930998
vt 1.55566096 0.711346984
vt 1.55777502 0.715930998
vt 1.55566096 0.715990007
vt 1.55566096 0.715990007
vt 1.55777502 0.715930998
vt 1.55777502 0.720692992
vt 1.55566096 0.715990007
vt 1.55777502 0.720692992
vt 1.55566096 0.720673025
vt 1.55566096 0.720673025
vt 1.55777502 0.720692992
vt 1.55777502 0.725440979
vt 1.55566096 0.720673025
vt 1.55777502 0.725440979
vt 1.55566096 0.725342989
vt 1.55566096 0.725342989
vt 1.55777502 0.725440979
vt 1.55777502 0.73012203
vt 1.55566096 0.725342989
vt 1.55777502 0.73012203
vt 1.55566096 0.729946017
vt 1.55566096 0.729946017
vt 1.55777502 0.73012203
vt 1.55777502 0.734682024
vt 1.55566096 0.729946017
vt 1.55777502 0.734682024
vt 1.55566096 0.734431982
vt 1.55566096 0.734431982
vt 1.55777502 0.734682024
vt 1.55777502 0.739071012
vt 1.55566096 0.734431982
vt 1.55777502 0.739071012
vt 1.55566096 0.738747001
vt 1.55566096 0.738747001
vt 1.55777502 0.739071012
vt 1.55777502 0.743237972
vt 1.55566096 0.738747001
vt 1.55777502 0.743237972
vt 1.55566096 0.742844999
vt 1.55566096 0.742844999
vt 1.55777502 0.743237972
vt 1.55777502 0.747135997
vt 1.55566096 0.742844999
vt 1.55777502 0.747135997
vt 1.55566096 0.746679008
vt 1.55566096 0.746679008
vt 1.55777502 0.747135997
vt 1.55777502 0.750720024
vt 1.55566096 0.746679008
vt 1.55777502 0.750720024
vt 1.55566096 0.750204027
vt -0.734751999 1.55566096
vt -0.734221995 1.55777502
vt -0.73772198 1.55777502
vt -0.734751999 1.55566096
vt -0.73772198 1.55777502
vt -0.738193989 1.55566096
vt -0.738193989 1.55566096
vt -0.73772198 1.55777502
vt -0.741545022 1.55777502
vt -0.738193989 1.55566096
vt -0.741545022 1.55777502
vt -0.741954029 1.55566096
vt -0.741954029 1.55566096
vt -0.741545022 1.55777502
vt -0.74564898 1.55777502
vt -0.741954029 1.55566096
vt -0.74564898 1.55777502
vt -0.745989978 1.55566096
vt -0.745989978 1.55566096
vt -0.74564898 1.55777502
vt -0.749987006 1.55777502
vt -0.745989978 1.55566096
vt -0.749987006 1.55777502
vt -0.750256002 1.55566096
vt -0.750256002 1.55566096
vt -0.749987006 1.55777502
vt -0.754508972 1.55777502
vt -0.750256002 1.55566096
vt -0.754508972 1.55777502
vt -0.754703999 1.55566096
vt -0.754703999 1.55566096
vt -0.754508972 1.55777502
vt -0.759164989 1.55777502
vt -0.754703999 1.55566096
vt -0.759164989 1.55777502
vt -0.759281993 1.55566096
vt -0.759281993 1.55566096
vt -0.759164989 1.55777502
vt -0.763900995 1.55777502
vt -0.759281993 1.55566096
vt -0.763900995 1.55777502
vt -0.763939977 1.55566096
vt -0.763939977 1.55566096
vt -0.763900995 1.55777502
vt -0.768664002 1.55777502
vt -0.763939977 1.55566096
vt -0.768664002 1.55777502
vt -0.768625021 1.55566096
vt -0.768625021 1.55566096
vt -0.768664002 1.55777502
vt -0.773401022 1.55777502
vt -0.768625021 1.55566096
vt -0.773401022 1.55777502
vt -0.773283005 1.55566096
vt -0.773283005 1.55566096
vt -0.773401022 1.55777502
vt -0.778056026 1.55777502
vt -0.773283005 1.55566096
vt -0.778056026 1.55777502
vt -0.777862012 1.55566096
vt -0.777862012 1.55566096
vt -0.778056026 1.55777502
vt -0.782579005 1.55777502
vt -0.777862012 1.55566096
vt -0.782579005 1.55777502
vt -0.782308996 1.55566096
vt -0.782308996 1.55566096
vt -0.782579005 1.55777502
vt -0.786916018 1.55777502
vt -0.782308996 1.55566096
vt -0.786916018 1.55777502
vt -0.786575019 1.55566096
vt -0.786575019 1.55566096
vt -0.786916018 1.55777502
vt -0.791019976 1.55777502
vt -0.786575019 1.55566096
vt -0.791019976 1.55777502
vt -0.790611029 1.55566096
vt -0.790611029 1.55566096
vt -0.791019976 1.55777502
vt -0.794843972 1.55777502
vt -0.790611029 1.55566096
vt -0.794843972 1.55777502
vt -0.794372022 1.55566096
vt -0.794372022 1.55566096
vt -0.794843972 1.55777502
vt -0.798344016 1.55777502
vt -0.794372022 1.55566096
vt -0.798344016 1.55777502
vt -0.797814012 1.55566096
vt -1.55566096 0.750204027
vt -1.55777502 0.750720024
vt -1.55777502 0.747135997
vt -1.55566096 0.750204027
vt -1.55777502 0.747135997
vt -1.55566096 0.746679008
vt -1.55566096 0.746679008
vt -1.55777502 0.747135997
vt -1.55777502 0.743237972
vt -1.55566096 0.746679008
vt -1.55777502 0.743237972
vt -1.55566096 0.742844999
vt -1.55566096 0.742844999
vt -1.55777502 0.743237972
vt -1.55777502 0.739071012
vt -1.55566096 0.742844999
vt -1.55777502 0.739071012
vt -1.55566096 0.738747001
vt -1.55566096 0.738747001
vt -1.55777502 0.739071012
vt -1.55777502 0.734682024
vt -1.55566096 0.738747001
vt -1.55777502 0.734682024
vt -1.55566096 0.734431982
vt -1.55566096 0.734431982
vt -1.55777502 0.734682024
vt -1.55777502 0.73012203
vt -1.55566096 0.734431982
vt -1.55777502 0.73012203
vt -1.55566096 0.729946017
vt -1.55566096 0.729946017
vt -1.55777502 0.73012203
vt -1.55777502 0.725440979
vt -1.55566096 0.729946017
vt -1.55777502 0.725440979
vt -1.55566096 0.725342989
vt -1.55566096 0.725342989
vt -1.55777502 0.725440979
vt -1.55777502 0.720692992
vt -1.55566096 0.725342989
vt -1.55777502 0.720692992
vt -1.55566096 0.720673025
vt -1.55566096 0.720673025
vt -1.55777502 0.720692992
vt -1.55777502 0.715930998
vt -1.55566096 0.720673025
vt -1.55777502 0.715930998
vt -1.55566096 0.715990007
vt -1.55566096 0.715990007
vt -1.55777502 0.715930998
vt -1.55777502 0.711210012
vt -1.55566096 0.715990007
vt -1.55777502 0.711210012
vt -1.55566096 0.711346984
vt -1.55566096 0.711346984
vt -1.55777502 0.711210012
vt -1.55777502 0.711210012
vt -1.55566096 0.711346984
vt -1.55777502 0.711210012
vt -1.55777502 0.706583023
vt -1.55777502 0.706583023
vt -1.55777502 0.711210012
vt -1.55999994 0.706511021
vt -1.55777502 0.706583023
vt -1.55999994 0.706511021
vt -1.55999994 0.702005029
vt -1.55999994 0.702005029
vt -1.55999994 0.706511021
vt -1.56222498 0.702102005
vt -1.55999994 0.702005029
vt -1.56222498 0.702102005
vt -1.56222498 0.697817981
vt -1.56222498 0.697817981
vt -1.56222498 0.702102005
vt -1.56433904 0.69817698
vt -1.56222498 0.697817981
vt -1.56433904 0.69817698
vt -1.56433904 0.694205999
vt -1.56433904 0.69817698
vt -1.56222498 0.702102005
vt -1.56433904 0.702390015
vt -1.56433904 0.702390015
vt -1.56222498 0.702102005
vt -1.56222498 0.706583023
vt -1.56433904 0.702390015
vt -1.56222498 0.706583023
vt -1.56433904 0.70679599
vt -1.56433904 0.70679599
vt -1.56222498 0.706583023
vt -1.56222498 0.711210012
vt -1.56433904 0.70679599
vt -1.56222498 0.711210012
vt -1.56433904 0.711346984
vt -1.56433904 0.711346984
vt -1.56222498 0.711210012
vt -1.56222498 0.715930998
vt -1.56433904 0.711346984
vt -1.56222498 0.715930998
vt -1.56433904 0.715990007
vt -1.56433904 0.715990007
vt -1.56222498 0.715930998
vt -1.56222498 0.720692992
vt -1.56433904 0.715990007
vt -1.56222498 0.720692992
vt -1.56433904 0.720673025
vt -1.56433904 0.720673025
vt -1.56222498 0.720692992
vt -1.56222498 0.725440979
vt -1.56433904 0.720673025
vt -1.56222498 0.725440979
vt -1.56433904 0.725342989
vt -1.56433904 0.725342989
vt -1.56222498 0.725440979
vt -1.56222498 0.73012203
vt -1.56433904 0.725342989
vt -1.56222498 0.73012203
vt -1.56433904 0.729946017
vt -1.56433904 0.729946017
vt -1.56222498 0.73012203
vt -1.56222498 0.734682024
vt -1.56433904 0.729946017
vt -1.56222498 0.734682024
vt -1.56433904 0.734431982
vt -1.56433904 0.734431982
vt -1.56222498 0.734682024
vt -1.56222498 0.739071012
vt -1.56433904 0.734431982
vt -1.56222498 0.739071012
vt -1.56433904 0.738747001
vt -1.56433904 0.738747001
vt -1.56222498 0.739071012
vt -1.56222498 0.743237972
vt -1.56433904 0.738747001
vt -1.56222498 0.743237972
vt -1.56433904 0.742844999
vt -1.56433904 0.742844999
vt -1.56222498 0.743237972
vt -1.56222498 0.747135997
vt -1.56433904 0.742844999
vt -1.56222498 0.747135997
vt -1.56433904 0.746679008
vt -1.56433904 0.746679008
vt -1.56222498 0.747135997
vt -1.56222498 0.750720024
vt -1.56433904 0.746679008
vt -1.56222498 0.750720024
vt -1.56433904 0.750204027
vt -0.797814012 1.56433904
vt -0.798344016 1.56222498
vt -0.794843972 1.56222498
vt -0.797814012 1.56433904
vt -0.794843972 1.56222498
vt -0.794372022 1.56433904
vt -0.794372022 1.56433904
vt -0.794843972 1.56222498
vt -0.791019976 1.56222498
vt -0.794372022 1.56433904
vt -0.791019976 1.56222498
vt -0.790611029 1.56433904
vt -0.790611029 1.56433904
vt -0.791019976 1.56222498
vt -0.786916018 1.56222498
vt -0.790611029 1.56433904
vt -0.786916018 1.56222498
vt -0.786575019 1.56433904
vt -0.786575019 1.56433904
vt -0.786916018 1.56222498
vt -0.782579005 1.56222498
vt -0.786575019 1.56433904
vt -0.782579005 1.56222498
vt -0.782308996 1.56433904
vt -0.782308996 1.56433904
vt -0.782579005 1.56222498
vt -0.778056026 1.56222498
vt -0.782308996 1.56433904
vt -0.778056026 1.56222498
vt -0.777862012 1.56433904
vt -0.777862012 1.56433904
vt -0.778056026 1.56222498
vt -0.773401022 1.56222498
vt -0.777862012 1.56433904
vt -0.773401022 1.56222498
vt -0.773283005 1.56433904
vt -0.773283005 1.56433904
vt -0.773401022 1.56222498
vt -0.768664002 1.56222498
vt -0.773283005 1.56433904
vt -0.768664002 1.56222498
vt -0.768625021 1.56433904
vt -0.768625021 1.56433904
vt -0.768664002 1.56222498
vt -0.763900995 1.56222498
vt -0.768625021 1.56433904
vt -0.763900995 1.56222498
vt -0.763939977 1.56433904
vt -0.763939977 1.56433904
vt -0.763900995 1.56222498
vt -0.759164989 1.56222498
vt -0.763939977 1.56433904
vt -0.759164989 1.56222498
vt -0.759281993 1.56433904
vt -0.759281993 1.56433904
vt -0.759164989 1.56222498
vt -0.754508972 1.56222498
vt -0.759281993 1.56433904
vt -0.754508972 1.56222498
vt -0.754703999 1.56433904
vt -0.754703999 1.56433904
vt -0.754508972 1.56222498
vt -0.749987006 1.56222498
vt -0.754703999 1.56433904
vt -0.749987006 1.56222498
vt -0.750256002 1.56433904
vt -0.750256002 1.56433904
vt -0.749987006 1.56222498
vt -0.74564898 1.56222498
vt -0.750256002 1.56433904
vt -0.74564898 1.56222498
vt -0.745989978 1.56433904
vt -0.745989978 1.56433904
vt -0.74564898 1.56222498
vt -0.741545022 1.56222498
vt -0.745989978 1.56433904
vt -0.741545022 1.56222498
vt -0.741954029 1.56433904
vt -0.741954029 1.56433904
vt -0.741545022 1.56222498
vt -0.73772198 1.56222498
vt -0.741954029 1.56433904
vt -0.73772198 1.56222498
vt -0.738193989 1.56433904
vt -0.738193989 1.56433904
vt -0.73772198 1.56222498
vt -0.734221995 1.56222498
vt -0.738193989 1.56433904
vt -0.734221995 1.56222498
vt -0.734751999 1.56433904
vt 1.56433904 0.750204027
vt 1.56222498 0.750720024
vt 1.56222498 0.747135997
vt 1.56433904 0.750204027
vt 1.56222498 0.747135997
vt 1.56433904 0.746679008
vt 1.56433904 0.746679008
vt 1.56222498 0.747135997
vt 1.56222498 0.743237972
vt 1.56433904 0.746679008
vt 1.56222498 0.743237972
vt 1.56433904 0.742844999
vt 1.56433904 0.742844999
vt 1.56222498 0.743237972
vt 1.56222498 0.739071012
vt 1.56433904 0.742844999
vt 1.56222498 0.739071012
vt 1.56433904 0.738747001
vt 1.56433904 0.738747001
vt 1.56222498 0.739071012
vt 1.56222498 0.734682024
vt 1.56433904 0.738747001
vt 1.56222498 0.734682024
vt 1.56433904 0.734431982
vt 1.56433904 0.734431982
vt 1.56222498 0.734682024
vt 1.56222498 0.73012203
vt 1.56433904 0.734431982
vt 1.56222498 0.73012203
vt 1.56433904 0.729946017
vt 1.56433904 0.729946017
vt 1.56222498 0.73012203
vt 1.56222498 0.725440979
vt 1.56433904 0.729946017
vt 1.56222498 0.725440979
vt 1.56433904 0.725342989
vt 1.56433904 0.725342989
vt 1.56222498 0.725440979
vt 1.56222498 0.720692992
vt 1.56433904 0.725342989
vt 1.56222498 0.720692992
vt 1.56433904 0.720673025
vt 1.56433904 0.720673025
vt 1.56222498 0.720692992
vt 1.56222498 0.715930998
vt 1.56433904 0.720673025
vt 1.56222498 0.715930998
vt 1.56433904 0.715990007
vt 1.56433904 0.715990007
vt 1.56222498 0.715930998
vt 1.56222498 0.711210012
vt 1.56433904 0.715990007
vt 1.56222498 0.711210012
vt 1.56433904 0.711346984
vt 1.56433904 0.711346984
vt 1.56222498 0.711210012
vt 1.56222498 0.706583023
vt 1.56433904 0.711346984
vt 1.56222498 0.706583023
vt 1.56433904 0.70679599
vt 1.56433904 0.70679599
vt 1.56222498 0.706583023
vt 1.56222498 0.702102005
vt 1.56433904 0.70679599
vt 1.56222498 0.702102005
vt 1.56433904 0.702390015
vt 1.56433904 0.702390015
vt 1.56222498 0.702102005
vt 1.56222498 0.697817981
vt 1.56433904 0.702390015
vt 1.56222498 0.697817981
vt 1.56433904 0.69817698
vt 1.56433904 0.69817698
vt 1.56222498 0.697817981
vt 1.56222498 0.693780005
vt 1.56433904 0.69817698
vt 1.56222498 0.693780005
vt 1.56433904 0.694205999
vt 1.56433904 0.694205999
vt 1.56222498 0.693780005
vt 1.56222498 0.690033972
vt 1.56433904 0.694205999
vt 1.56222498 0.690033972
vt 1.56433904 0.690521002
vt 1.56433904 0.690521002
vt 1.56222498 0.690033972
vt 1.56222498 0.68662101
vt 1.56433904 0.690521002
vt 1.56222498 0.68662101
vt 1.56433904 0.687165022
vt 0.736431003 1.56433904
vt 0.735929012 1.56222498
vt 0.739596009 1.56222498
vt 0.736431003 1.56433904
vt 0.739596009 1.56222498
vt 0.740037024 1.56433904
vt 0.740037024 1.56433904
vt 0.739596009 1.56222498
vt 0.743565023 1.56222498
vt 0.740037024 1.56433904
vt 0.743565023 1.56222498
vt 0.743941009 1.56433904
vt 0.743941009 1.56433904
vt 0.743565023 1.56222498
vt 0.747792006 1.56222498
vt 0.743941009 1.56433904
vt 0.747792006 1.56222498
vt 0.748097003 1.56433904
vt 0.748097003 1.56433904
vt 0.747792006 1.56222498
vt 0.752228022 1.56222498
vt 0.748097003 1.56433904
vt 0.752228022 1.56222498
vt 0.752460003 1.56433904
vt 0.752460003 1.56433904
vt 0.752228022 1.56222498
vt 0.756823003 1.56222498
vt 0.752460003 1.56433904
vt 0.756823003 1.56222498
vt 0.756980002 1.56433904
vt 0.756980002 1.56433904
vt 0.756823003 1.56222498
vt 0.761525989 1.56222498
vt 0.756980002 1.56433904
vt 0.761525989 1.56222498
vt 0.761605024 1.56433904
vt 0.761605024 1.56433904
vt 0.761525989 1.56222498
vt 0.766282976 1.56222498
vt 0.761605024 1.56433904
vt 0.766282976 1.56222498
vt 0.766282976 1.56433904
vt -1.56433904 0.675491989
vt -1.56222498 0.674751997
vt -1.56222498 0.674751997
vt 0.766282976 1.56433904
vt 0.766282976 1.56222498
vt 0.771039009 1.56222498
vt 0.771039009 1.56222498
vt 0.766282976 1.56222498
vt 0.77106601 1.55999994
vt 0.771039009 1.56222498
vt 0.77106601 1.55999994
vt 0.775794983 1.55999994
vt 0.775794983 1.55999994
vt 0.77106601 1.55999994
vt 0.775741994 1.55777502
vt 0.775794983 1.55999994
vt 0.775741994 1.55777502
vt 0.780336976 1.55777502
vt 0.775741994 1.55777502
vt 0.77106601 1.55999994
vt 0.771039009 1.55777502
vt 0.771039009 1.55777502
vt 0.77106601 1.55999994
vt 0.766282976 1.55999994
vt 0.771039009 1.55777502
vt 0.766282976 1.55999994
vt 0.766282976 1.55777502
vt 0.766282976 1.55777502
vt 0.766282976 1.55999994
vt 0.761498988 1.55999994
vt 0.766282976 1.55777502
vt 0.761498988 1.55999994
vt 0.761525989 1.55777502
vt 0.761525989 1.55777502
vt 0.761498988 1.55999994
vt 0.756770015 1.55999994
vt 0.761525989 1.55777502
vt 0.756770015 1.55999994
vt 0.756823003 1.55777502
vt 0.756823003 1.55777502
vt 0.756770015 1.55999994
vt 0.752148986 1.55999994
vt 0.756823003 1.55777502
vt 0.752148986 1.55999994
vt 0.752228022 1.55777502
vt 0.752228022 1.55777502
vt 0.752148986 1.55999994
vt 0.747687995 1.55999994
vt 0.752228022 1.55777502
vt 0.747687995 1.55999994
vt 0.747792006 1.55777502
vt 0.747792006 1.55777502
vt 0.747687995 1.55999994
vt 0.743438005 1.55999994
vt 0.747792006 1.55777502
vt 0.743438005 1.55999994
vt 0.743565023 1.55777502
vt 0.743565023 1.55777502
vt 0.743438005 1.55999994
vt 0.739445984 1.55999994
vt 0.743565023 1.55777502
vt 0.739445984 1.55999994
vt 0.739596009 1.55777502
vt 0.739596009 1.55777502
vt 0.739445984 1.55999994
vt 0.73575902 1.55999994
vt 0.739596009 1.55777502
vt 0.73575902 1.55999994
vt 0.735929012 1.55777502
vt 1.55777502 0.68662101
vt 1.55999994 0.686437011
vt 1.55999994 0.689868987
vt 1.55777502 0.68662101
vt 1.55999994 0.689868987
vt 1.55777502 0.690033972
vt 1.55777502 0.690033972
vt 1.55999994 0.689868987
vt 1.55999994 0.693636
vt 1.55777502 0.690033972
vt 1.55999994 0.693636
vt 1.55777502 0.693780005
vt 1.55777502 0.693780005
vt 1.55999994 0.693636
vt 1.55999994 0.697696984
vt 1.55777502 0.693780005
vt 1.55999994 0.697696984
vt 1.55777502 0.697817981
vt 1.55777502 0.697817981
vt 1.55999994 0.697696984
vt 1.55999994 0.702005029
vt 1.55777502 0.697817981
vt 1.55999994 0.702005029
vt 1.55777502 0.702102005
vt 1.55777502 0.702102005
vt 1.55999994 0.702005029
vt 1.55999994 0.706511021
vt 1.55777502 0.702102005
vt 1.55999994 0.706511021
vt 1.55777502 0.706583023
vt 1.55777502 0.706583023
vt 1.55999994 0.706511021
vt 1.55999994 0.711163998
vt 1.55777502 0.706583023
vt 1.55999994 0.711163998
vt 1.55777502 0.711210012
vt 1.55777502 0.711210012
vt 1.55999994 0.711163998
vt 1.55999994 0.715910971
vt 1.55777502 0.711210012
vt 1.55999994 0.715910971
vt 1.55777502 0.715930998
vt 1.55777502 0.715930998
vt 1.55999994 0.715910971
vt 1.55999994 0.720700026
vt 1.55777502 0.715930998
vt 1.55999994 0.720700026
vt 1.55777502 0.720692992
vt 1.55777502 0.720692992
vt 1.55999994 0.720700026
vt 1.55999994 0.725474
vt 1.55777502 0.720692992
vt 1.55999994 0.725474
vt 1.55777502 0.725440979
vt 1.55777502 0.725440979
vt 1.55999994 0.725474
vt 1.55999994 0.730180979
vt 1.55777502 0.725440979
vt 1.55999994 0.730180979
vt 1.55777502 0.73012203
vt 1.55777502 0.73012203
vt 1.55999994 0.730180979
vt 1.55999994 0.73476702
vt 1.55777502 0.73012203
vt 1.55999994 0.73476702
vt 1.55777502 0.734682024
vt 1.55777502 0.734682024
vt 1.55999994 0.73476702
vt 1.55999994 0.739180982
vt 1.55777502 0.734682024
vt 1.55999994 0.739180982
vt 1.55777502 0.739071012
vt 1.55777502 0.739071012
vt 1.55999994 0.739180982
vt 1.55999994 0.74337101
vt 1.55777502 0.739071012
vt 1.55999994 0.74337101
vt 1.55777502 0.743237972
vt 1.55777502 0.743237972
vt 1.55999994 0.74337101
vt 1.55999994 0.747290015
vt 1.55777502 0.743237972
vt 1.55999994 0.747290015
vt 1.55777502 0.747135997
vt 1.55777502 0.747135997
vt 1.55999994 0.747290015
vt 1.55999994 0.750895023
vt 1.55777502 0.747135997
vt 1.55999994 0.750895023
vt 1.55777502 0.750720024
vt -0.734221995 1.55777502
vt -0.734041989 1.55999994
vt -0.737562001 1.55999994
vt -0.734221995 1.55777502
vt -0.737562001 1.55999994
vt -0.73772198 1.55777502
vt -0.73772198 1.55777502
vt -0.737562001 1.55999994
vt -0.741406977 1.55999994
vt -0.73772198 1.55777502
vt -0.741406977 1.55999994
vt -0.741545022 1.55777502
vt -0.741545022 1.55777502
vt -0.741406977 1.55999994
vt -0.745534003 1.55999994
vt -0.741545022 1.55777502
vt -0.745534003 1.55999994
vt -0.74564898 1.55777502
vt -0.74564898 1.55777502
vt -0.745534003 1.55999994
vt -0.74989599 1.55999994
vt -0.74564898 1.55777502
vt -0.74989599 1.55999994
vt -0.749987006 1.55777502
vt -0.749987006 1.55777502
vt -0.74989599 1.55999994
vt -0.75444299 1.55999994
vt -0.749987006 1.55777502
vt -0.75444299 1.55999994
vt -0.754508972 1.55777502
vt -0.754508972 1.55777502
vt -0.75444299 1.55999994
vt -0.759124994 1.55999994
vt -0.754508972 1.55777502
vt -0.759124994 1.55999994
vt -0.759164989 1.55777502
vt -0.759164989 1.55777502
vt -0.759124994 1.55999994
vt -0.763888001 1.55999994
vt -0.759164989 1.55777502
vt -0.763888001 1.55999994
vt -0.763900995 1.55777502
vt -0.763900995 1.55777502
vt -0.763888001 1.55999994
vt -0.76867801 1.55999994
vt -0.763900995 1.55777502
vt -0.76867801 1.55999994
vt -0.768664002 1.55777502
vt -0.768664002 1.55777502
vt -0.76867801 1.55999994
vt -0.773441017 1.55999994
vt -0.768664002 1.55777502
vt -0.773441017 1.55999994
vt -0.773401022 1.55777502
vt -0.773401022 1.55777502
vt -0.773441017 1.55999994
vt -0.778122008 1.55999994
vt -0.773401022 1.55777502
vt -0.778122008 1.55999994
vt -0.778056026 1.55777502
vt -0.778056026 1.55777502
vt -0.778122008 1.55999994
vt -0.782670021 1.55999994
vt -0.778056026 1.55777502
vt -0.782670021 1.55999994
vt -0.782579005 1.55777502
vt -0.782579005 1.55777502
vt -0.782670021 1.55999994
vt -0.787032008 1.55999994
vt -0.782579005 1.55777502
vt -0.787032008 1.55999994
vt -0.786916018 1.55777502
vt -0.786916018 1.55777502
vt -0.787032008 1.55999994
vt -0.791158974 1.55999994
vt -0.786916018 1.55777502
vt -0.791158974 1.55999994
vt -0.791019976 1.55777502
vt -0.791019976 1.55777502
vt -0.791158974 1.55999994
vt -0.79500401 1.55999994
vt -0.791019976 1.55777502
vt -0.79500401 1.55999994
vt -0.794843972 1.55777502
vt -0.794843972 1.55777502
vt -0.79500401 1.55999994
vt -0.798523009 1.55999994
vt -0.794843972 1.55777502
vt -0.798523009 1.55999994
vt -0.798344016 1.55777502
vt -1.55777502 0.750720024
vt -1.55999994 0.750895023
vt -1.55999994 0.747290015
vt -1.55777502 0.750720024
vt -1.55999994 0.747290015
vt -1.55777502 0.747135997
vt -1.55777502 0.747135997
vt -1.55999994 0.747290015
vt -1.55999994 0.74337101
vt -1.55777502 0.747135997
vt -1.55999994 0.74337101
vt -1.55777502 0.743237972
vt -1.55777502 0.743237972
vt -1.55999994 0.74337101
vt -1.55999994 0.739180982
vt -1.55777502 0.743237972
vt -1.55999994 0.739180982
vt -1.55777502 0.739071012
vt -1.55777502 0.739071012
vt -1.55999994 0.739180982
vt -1.55999994 0.73476702
vt -1.55777502 0.739071012
vt -1.55999994 0.73476702
vt -1.55777502 0.734682024
vt -1.55777502 0.734682024
vt -1.55999994 0.73476702
vt -1.55999994 0.730180979
vt -1.55777502 0.734682024
vt -1.55999994 0.730180979
vt -1.55777502 0.73012203
vt -1.55777502 0.73012203
vt -1.55999994 0.730180979
vt -1.55999994 0.725474
vt -1.55777502 0.73012203
vt -1.55999994 0.725474
vt -1.55777502 0.725440979
vt -1.55777502 0.725440979
vt -1.55999994 0.725474
vt -1.55999994 0.720700026
vt -1.55777502 0.725440979
vt -1.55999994 0.720700026
vt -1.55777502 0.720692992
vt -1.55777502 0.720692992
vt -1.55999994 0.720700026
vt -1.55999994 0.715910971
vt -1.55777502 0.720692992
vt -1.55999994 0.715910971
vt -1.55777502 0.715930998
vt -1.55777502 0.715930998
vt -1.55999994 0.715910971
vt -1.55999994 0.711163998
vt -1.55777502 0.715930998
vt -1.55999994 0.711163998
vt -1.55777502 0.711210012
vt -1.55777502 0.711210012
vt -1.55999994 0.711163998
vt -1.55999994 0.711163998
vt -1.55777502 0.711210012
vt -1.55999994 0.711163998
vt -1.55999994 0.706511021
vt -1.55999994 0.706511021
vt -1.55999994 0.711163998
vt -1.56222498 0.706583023
vt -1.55999994 0.706511021
vt -1.56222498 0.706583023
vt -1.56222498 0.702102005
vt -1.56222498 0.706583023
vt -1.55999994 0.711163998
vt -1.56222498 0.711210012
vt -1.56222498 0.711210012
vt -1.55999994 0.711163998
vt -1.55999994 0.715910971
vt -1.56222498 0.711210012
vt -1.55999994 0.715910971
vt -1.56222498 0.715930998
vt -1.56222498 0.715930998
vt -1.55999994 0.715910971
vt -1.55999994 0.720700026
vt -1.56222498 0.715930998
vt -1.55999994 0.720700026
vt -1.56222498 0.720692992
vt -1.56222498 0.720692992
vt -1.55999994 0.720700026
vt -1.55999994 0.725474
vt -1.56222498 0.720692992
vt -1.55999994 0.725474
vt -1.56222498 0.725440979
vt -1.56222498 0.725440979
vt -1.55999994 0.725474
vt -1.55999994 0.730180979
vt -1.56222498 0.725440979
vt -1.55999994 0.730180979
vt -1.56222498 0.73012203
vt -1.56222498 0.73012203
vt -1.55999994 0.730180979
vt -1.55999994 0.73476702
vt -1.56222498 0.73012203
vt -1.55999994 0.73476702
vt -1.56222498 0.734682024
vt -1.56222498 0.734682024
vt -1.55999994 0.73476702
vt -1.55999994 0.739180982
vt -1.56222498 0.734682024
vt -1.55999994 0.739180982
vt -1.56222498 0.739071012
vt -1.56222498 0.739071012
vt -1.55999994 0.739180982
vt -1.55999994 0.74337101
vt -1.56222498 0.739071012
vt -1.55999994 0.74337101
vt -1.56222498 0.743237972
vt -1.56222498 0.743237972
vt -1.55999994 0.74337101
vt -1.55999994 0.747290015
vt -1.56222498 0.743237972
vt -1.55999994 0.747290015
vt -1.56222498 0.747135997
vt -1.56222498 0.747135997
vt -1.55999994 0.747290015
vt -1.55999994 0.750895023
vt -1.56222498 0.747135997
vt -1.55999994 0.750895023
vt -1.56222498 0.750720024
vt -0.798344016 1.56222498
vt -0.798523009 1.55999994
vt -0.79500401 1.55999994
vt -0.798344016 1.56222498
vt -0.79500401 1.55999994
vt -0.794843972 1.56222498
vt -0.794843972 1.56222498
vt -0.79500401 1.55999994
vt -0.791158974 1.55999994
vt -0.794843972 1.56222498
vt -0.791158974 1.55999994
vt -0.791019976 1.56222498
vt -0.791019976 1.56222498
vt -0.791158974 1.55999994
vt -0.787032008 1.55999994
vt -0.791019976 1.56222498
vt -0.787032008 1.55999994
vt -0.786916018 1.56222498
vt -0.786916018 1.56222498
vt -0.787032008 1.55999994
vt -0.782670021 1.55999994
vt -0.786916018 1.56222498
vt -0.782670021 1.55999994
vt -0.782579005 1.56222498
vt -0.782579005 1.56222498
vt -0.782670021 1.55999994
vt -0.778122008 1.55999994
vt -0.782579005 1.56222498
vt -0.778122008 1.55999994
vt -0.778056026 1.56222498
vt -0.778056026 1.56222498
vt -0.778122008 1.55999994
vt -0.773441017 1.55999994
vt -0.778056026 1.56222498
vt -0.773441017 1.55999994
vt -0.773401022 1.56222498
vt -0.773401022 1.56222498
vt -0.773441017 1.55999994
vt -0.76867801 1.55999994
vt -0.773401022 1.56222498
vt -0.76867801 1.55999994
vt -0.768664002 1.56222498
vt -0.768664002 1.56222498
vt -0.76867801 1.55999994
vt -0.763888001 1.55999994
vt -0.768664002 1.56222498
vt -0.763888001 1.55999994
vt -0.763900995 1.56222498
vt -0.763900995 1.56222498
vt -0.763888001 1.55999994
vt -0.759124994 1.55999994
vt -0.763900995 1.56222498
vt -0.759124994 1.55999994
vt -0.759164989 1.56222498
vt -0.759164989 1.56222498
vt -0.759124994 1.55999994
vt -0.75444299 1.55999994
vt -0.759164989 1.56222498
vt -0.75444299 1.55999994
vt -0.754508972 1.56222498
vt -0.754508972 1.56222498
vt -0.75444299 1.55999994
vt -0.74989599 1.55999994
vt -0.754508972 1.56222498
vt -0.74989599 1.55999994
vt -0.749987006 1.56222498
vt -0.749987006 1.56222498
vt -0.74989599 1.55999994
vt -0.745534003 1.55999994
vt -0.749987006 1.56222498
vt -0.745534003 1.55999994
vt -0.74564898 1.56222498
vt -0.74564898 1.56222498
vt -0.745534003 1.55999994
vt -0.741406977 1.55999994
vt -0.74564898 1.56222498
vt -0.741406977 1.55999994
vt -0.741545022 1.56222498
vt -0.741545022 1.56222498
vt -0.741406977 1.55999994
vt -0.737562001 1.55999994
vt -0.741545022 1.56222498
vt -0.737562001 1.55999994
vt -0.73772198 1.56222498
vt -0.73772198 1.56222498
vt -0.737562001 1.55999994
vt -0.734041989 1.55999994
vt -0.73772198 1.56222498
vt -0.734041989 1.55999994
vt -0.734221995 1.56222498
vt 1.56222498 0.750720024
vt 1.55999994 0.750895023
vt 1.55999994 0.747290015
vt 1.56222498 0.750720024
vt 1.55999994 0.747290015
vt 1.56222498 0.747135997
vt 1.56222498 0.747135997
vt 1.55999994 0.747290015
vt 1.55999994 0.74337101
vt 1.56222498 0.747135997
vt 1.55999994 0.74337101
vt 1.56222498 0.743237972
vt 1.56222498 0.743237972
vt 1.55999994 0.74337101
vt 1.55999994 0.739180982
vt 1.56222498 0.743237972
vt 1.55999994 0.739180982
vt 1.56222498 0.739071012
vt 1.56222498 0.739071012
vt 1.55999994 0.739180982
vt 1.55999994 0.73476702
vt 1.56222498 0.739071012
vt 1.55999994 0.73476702
vt 1.56222498 0.734682024
vt 1.56222498 0.734682024
vt 1.55999994 0.73476702
vt 1.55999994 0.730180979
vt 1.56222498 0.734682024
vt 1.55999994 0.730180979
vt 1.56222498 0.73012203
vt 1.56222498 0.73012203
vt 1.55999994 0.730180979
vt 1.55999994 0.725474
vt 1.56222498 0.73012203
vt 1.55999994 0.725474
vt 1.56222498 0.725440979
vt 1.56222498 0.725440979
vt 1.55999994 0.725474
vt 1.55999994 0.720700026
vt 1.56222498 0.725440979
vt 1.55999994 0.720700026
vt 1.56222498 0.720692992
vt 1.56222498 0.720692992
vt 1.55999994 0.720700026
vt 1.55999994 0.715910971
vt 1.56222498 0.720692992
vt 1.55999994 0.715910971
vt 1.56222498 0.715930998
vt 1.56222498 0.715930998
vt 1.55999994 0.715910971
vt 1.55999994 0.711163998
vt 1.56222498 0.715930998
vt 1.55999994 0.711163998
vt 1.56222498 0.711210012
vt 1.56222498 0.711210012
vt 1.55999994 0.711163998
vt 1.55999994 0.706511021
vt 1.56222498 0.711210012
vt 1.55999994 0.706511021
vt 1.56222498 0.706583023
vt 1.56222498 0.706583023
vt 1.55999994 0.706511021
vt 1.55999994 0.702005029
vt 1.56222498 0.706583023
vt 1.55999994 0.702005029
vt 1.56222498 0.702102005
vt 1.56222498 0.702102005
vt 1.55999994 0.702005029
vt 1.55999994 0.697696984
vt 1.56222498 0.702102005
vt 1.55999994 0.697696984
vt 1.56222498 0.697817981
vt 1.56222498 0.697817981
vt 1.55999994 0.697696984
vt 1.55999994 0.693636
vt 1.56222498 0.697817981
vt 1.55999994 0.693636
vt 1.56222498 0.693780005
vt 1.56222498 0.693780005
vt 1.55999994 0.693636
vt 1.55999994 0.689868987
vt 1.56222498 0.693780005
vt 1.55999994 0.689868987
vt 1.56222498 0.690033972
vt 1.56222498 0.690033972
vt 1.55999994 0.689868987
vt 1.55999994 0.686437011
vt 1.56222498 0.690033972
vt 1.55999994 0.686437011
vt 1.56222498 0.68662101
vt 0.735929012 1.56222498
vt 0.73575902 1.55999994
vt 0.739445984 1.55999994
vt 0.735929012 1.56222498
vt 0.739445984 1.55999994
vt 0.739596009 1.56222498
vt 0.739596009 1.56222498
vt 0.739445984 1.55999994
vt 0.743438005 1.55999994
vt 0.739596009 1.56222498
vt 0.743438005 1.55999994
vt 0.743565023 1.56222498
vt 0.743565023 1.56222498
vt 0.743438005 1.55999994
vt 0.747687995 1.55999994
vt 0.743565023 1.56222498
vt 0.747687995 1.55999994
vt 0.747792006 1.56222498
vt 0.747792006 1.56222498
vt 0.747687995 1.55999994
vt 0.752148986 1.55999994
vt 0.747792006 1.56222498
vt 0.752148986 1.55999994
vt 0.752228022 1.56222498
vt 0.752228022 1.56222498
vt 0.752148986 1.55999994
vt 0.756770015 1.55999994
vt 0.752228022 1.56222498
vt 0.756770015 1.55999994
vt 0.756823003 1.56222498
vt 0.756823003 1.56222498
vt 0.756770015 1.55999994
vt 0.761498988 1.55999994
vt 0.756823003 1.56222498
vt 0.761498988 1.55999994
vt 0.761525989 1.56222498
vt 0.761525989 1.56222498
vt 0.761498988 1.55999994
vt 0.766282976 1.55999994
vt 0.761525989 1.56222498
vt 0.766282976 1.55999994
vt 0.766282976 1.56222498
vt 0.766282976 1.56222498
vt 0.766282976 1.55999994
vt 0.77106601 1.55999994
vt -2.46334291 0.815999985
vt -2.46334291 0.817112982
vt -2.46572089 0.817112982
vt -2.46572089 0.817112982
vt -2.46334291 0.817112982
vt -2.46568203 0.818168998
vt -2.46572089 0.817112982
vt -2.46568203 0.818168998
vt -2.46799397 0.818168998
vt -2.46799397 0.818168998
vt -2.46568203 0.818168998
vt -2.46786904 0.81911701
vt -2.46799397 0.818168998
vt -2.46786904 0.81911701
vt -2.47006702 0.81911701
vt -2.47006702 -0.820743024
vt -2.46786904 -0.821343005
vt -2.46981907 -0.819992006
vt -2.47006702 -0.820743024
vt -2.46981907 -0.819992006
vt -2.47186303 -0.819193006
vt -2.47186303 -0.819193006
vt -2.46981907 -0.819992006
vt -2.47147012 -0.818328977
vt -2.47186303 -0.819193006
vt -2.47147012 -0.818328977
vt -2.47332811 -0.817363977
vt -2.47332811 -0.817363977
vt -2.47147012 -0.818328977
vt -2.47279191 -0.81645298
vt -2.47332811 -0.817363977
vt -2.47279191 -0.81645298
vt -2.47444296 -0.815357983
vt -2.47444296 -0.815357983
vt -2.47279191 -0.81645298
vt -2.47377896 -0.814464986
vt -2.47444296 -0.815357983
vt -2.47377896 -0.814464986
vt -2.475214 -0.813275993
vt -2.475214 -0.813275993
vt -2.47377896 -0.814464986
vt -2.46334291 -0.800418019
vt -2.475214 -0.813275993
vt -2.46334291 -0.800418019
vt -2.47651291 -0.811941028
vt -2.47651291 -0.811941028
vt -2.46334291 -0.800418019
vt -2.47766304 -0.810476005
vt -2.47651291 -0.811941028
vt -2.47766304 -0.810476005
vt -2.47735 -0.812673986
vt -2.47735 -0.812673986
vt -2.47766304 -0.810476005
vt -2.47857404 -0.81111598
vt -2.47735 -0.812673986
vt -2.47857404 -0.81111598
vt -2.47814608 -0.813369989
vt -2.47814608 -0.813369989
vt -2.47857404 -0.81111598
vt -2.47943807 -0.811722994
vt -2.47814608 -0.813369989
vt -2.47943807 -0.811722994
vt -2.47885895 -0.81399399
vt -2.47885895 -0.81399399
vt -2.47943807 -0.811722994
vt -2.48021412 -0.812268019
vt -2.47885895 -0.81399399
vt -2.48021412 -0.812268019
vt -2.47945499 -0.814516008
vt -2.47945499 -0.814516008
vt -2.48021412 -0.812268019
vt -2.4808619 -0.812722981
vt 0.81911701 -0.814516008
vt 0.81911701 -0.812722981
vt 0.818168998 -0.814908028
vt 0.818168998 -0.814908028
vt 0.81911701 -0.812722981
vt 0.818168998 -0.813066006
vt 0.818168998 -0.814908028
vt 0.818168998 -0.813066006
vt 0.817112982 -0.815151989
vt 0.817112982 -0.815151989
vt 0.818168998 -0.813066006
vt 0.817112982 -0.813278019
vt 0.817112982 -0.815151989
vt 0.817112982 -0.813278019
vt 0.815999985 -0.814445972
vt 0.815999985 -0.814445972
vt 0.817112982 -0.813278019
vt 0.815999985 -0.813350022
vt 0.815999985 -0.814445972
vt 0.815999985 -0.813350022
vt 0.814999998 -0.813350022
vt 0.814999998 -0.813350022
vt 0.815999985 -0.813350022
vt 0.814999998 -0.811667979
vt 0.814999998 -0.813350022
vt 0.814999998 -0.811667979
vt 0.813887 -0.813278019
vt 0.813887 -0.813278019
vt 0.814999998 -0.811667979
vt 0.813887 -0.811258972
vt 0.813887 -0.813278019
vt 0.813887 -0.811258972
vt 0.812830985 -0.813066006
vt 0.812830985 -0.813066006
vt 0.813887 -0.811258972
vt 0.812830985 -0.811079979
vt 0.812830985 -0.813066006
vt 0.812830985 -0.811079979
vt 0.811882019 -0.812722981
vt 0.811882019 -0.812722981
vt 0.812830985 -0.811079979
vt 0.811882019 -0.810791016
vt 2.4808619 -0.812722981
vt 2.48207092 -0.810791016
vt 2.48021412 -0.812268019
vt 2.48021412 -0.812268019
vt 2.48207092 -0.810791016
vt 2.48137808 -0.810407996
vt 2.48021412 -0.812268019
vt 2.48137808 -0.810407996
vt 2.47943807 -0.811722994
vt 2.47943807 -0.811722994
vt 2.48137808 -0.810407996
vt 2.4805491 -0.809948981
vt 2.47943807 -0.811722994
vt 2.4805491 -0.809948981
vt 2.47857404 -0.81111598
vt 2.47857404 -0.81111598
vt 2.4805491 -0.809948981
vt 2.47962499 -0.809436023
vt 2.47857404 -0.81111598
vt 2.47962499 -0.809436023
vt 2.47766304 -0.810476005
vt -0.810000002 -0.810476005
vt -0.810124993 -0.809436023
vt -0.810124993 -0.809436023
vt 2.47766304 -0.810476005
vt 2.47962499 -0.809436023
vt 2.47865105 -0.808897018
vt 2.47865105 -0.808897018
vt 2.47962499 -0.809436023
vt 2.48049092 -0.807654977
vt 2.47865105 -0.808897018
vt 2.48049092 -0.807654977
vt 2.47946596 -0.807222009
vt 2.47946596 -0.807222009
vt 2.48049092 -0.807654977
vt 2.48116302 -0.80579102
vt 2.47946596 -0.807222009
vt 2.48116302 -0.80579102
vt 2.48009801 -0.80546999
vt 2.48009801 -0.80546999
vt 2.48116302 -0.80579102
vt 2.48163295 -0.803866029
vt 2.48009801 -0.80546999
vt 2.48163295 -0.803866029
vt 2.48054004 -0.803659976
vt 2.48054004 -0.803659976
vt 2.48163295 -0.803866029
vt 2.48189592 -0.801903009
vt 2.48054004 -0.803659976
vt 2.48189592 -0.801903009
vt 2.48078799 -0.80181402
vt 2.48078799 -0.80181402
vt 2.48189592 -0.801903009
vt 2.48194909 -0.799921989
vt 2.48078799 -0.80181402
vt 2.48194909 -0.799921989
vt 2.48083711 -0.799951971
vt 2.48083711 -0.799951971
vt 2.48194909 -0.799921989
vt 2.48179102 -0.79794699
vt 2.48083711 -0.799951971
vt 2.48179102 -0.79794699
vt 2.4806881 -0.798094988
vt 2.4806881 -0.798094988
vt 2.48179102 -0.79794699
vt 2.48142409 -0.796000004
vt 2.4806881 -0.798094988
vt 2.48142409 -0.796000004
vt 2.4803431 -0.796263993
vt 2.4803431 -0.796263993
vt 2.48142409 -0.796000004
vt 2.48085189 -0.794103026
vt 2.4803431 -0.796263993
vt 2.48085189 -0.794103026
vt 2.47980499 -0.794480979
vt 2.47980499 -0.794480979
vt 2.48085189 -0.794103026
vt 2.48008204 -0.792277992
vt 2.47980499 -0.794480979
vt 2.48008204 -0.792277992
vt 2.47908092 -0.792765021
vt 2.47908092 -0.792765021
vt 2.48008204 -0.792277992
vt 2.47912192 -0.790544987
vt 2.47908092 -0.792765021
vt 2.47912192 -0.790544987
vt 2.47817898 -0.791135013
vt 2.47817898 -0.791135013
vt 2.47912192 -0.790544987
vt 2.477983 -0.788923979
vt 2.47817898 -0.791135013
vt 2.477983 -0.788923979
vt 2.477108 -0.789610982
vt 2.477108 -0.789610982
vt 2.477983 -0.788923979
vt 2.47667789 -0.787433028
vt 2.477108 -0.789610982
vt 2.47667789 -0.787433028
vt 2.4758811 -0.788209021
vt 2.4758811 -0.788209021
vt 2.47667789 -0.787433028
vt 2.47522211 -0.786089003
vt 2.4758811 -0.788209021
vt 2.47522211 -0.786089003
vt 2.4745121 -0.786944985
vt 2.4745121 -0.786944985
vt 2.47522211 -0.786089003
vt 2.4736321 -0.784906983
vt 2.4745121 -0.786944985
vt 2.4736321 -0.784906983
vt 2.47301698 -0.785835028
vt 2.47301698 -0.785835028
vt 2.4736321 -0.784906983
vt 2.47192502 -0.783901989
vt 2.47301698 -0.785835028
vt 2.47192502 -0.783901989
vt 2.47141194 -0.784888983
vt 2.47141194 -0.784888983
vt 2.47192502 -0.783901989
vt 2.47012091 -0.783083022
vt 2.47141194 -0.784888983
vt 2.47012091 -0.783083022
vt 2.46971607 -0.78411901
vt 2.46971607 -0.78411901
vt 2.47012091 -0.783083022
vt 2.46824002 -0.782460988
vt 2.46971607 -0.78411901
vt 2.46824002 -0.782460988
vt 2.46794701 -0.78353399
vt 2.46794701 -0.78353399
vt 2.46824002 -0.782460988
vt 2.46630406 -0.782042027
vt 2.46794701 -0.78353399
vt 2.46630406 -0.782042027
vt 2.46612597 -0.783140004
vt 2.46612597 -0.783140004
vt 2.46630406 -0.782042027
vt 2.46433401 -0.78183198
vt 2.46612597 -0.783140004
vt 2.46433401 -0.78183198
vt 2.46427393 -0.782941997
vt 2.46427393 -0.782941997
vt 2.46433401 -0.78183198
vt 2.46235204 -0.78183198
vt 2.46427393 -0.782941997
vt 2.46235204 -0.78183198
vt 2.46241093 -0.782941997
vt 2.46241093 -0.782941997
vt 2.46235204 -0.78183198
vt 2.46038294 -0.782042027
vt 2.46241093 -0.782941997
vt 2.46038294 -0.782042027
vt 2.46055889 -0.783140004
vt 2.46055889 -0.783140004
vt 2.46038294 -0.782042027
vt 2.45844603 -0.782460988
vt 2.46055889 -0.783140004
vt 2.45844603 -0.782460988
vt 2.45873904 -0.78353399
vt 2.45873904 -0.78353399
vt 2.45844603 -0.782460988
vt 2.4565649 -0.783083022
vt 2.45873904 -0.78353399
vt 2.4565649 -0.783083022
vt 2.45696998 -0.78411901
vt 2.45696998 -0.78411901
vt 2.4565649 -0.783083022
vt 2.45476103 -0.783901989
vt 2.45696998 -0.78411901
vt 2.45476103 -0.783901989
vt 2.45527411 -0.784888983
vt 2.45527411 -0.784888983
vt 2.45476103 -0.783901989
vt 2.45305395 -0.784906983
vt 2.45527411 -0.784888983
vt 2.45305395 -0.784906983
vt 2.45366907 -0.785835028
vt 2.45366907 -0.785835028
vt 2.45305395 -0.784906983
vt 2.45146394 -0.786089003
vt 2.45366907 -0.785835028
vt 2.45146394 -0.786089003
vt 2.45217395 -0.786944985
vt 2.45217395 -0.786944985
vt 2.45146394 -0.786089003
vt 2.45000792 -0.787433028
vt 2.45217395 -0.786944985
vt 2.45000792 -0.787433028
vt 2.45080495 -0.788209021
vt 2.45080495 -0.788209021
vt 2.45000792 -0.787433028
vt 2.448704 -0.788923979
vt 2.45080495 -0.788209021
vt 2.448704 -0.788923979
vt 2.449579 -0.789610982
vt 2.449579 -0.789610982
vt 2.448704 -0.788923979
vt 2.44756508 -0.790544987
vt 2.449579 -0.789610982
vt 2.44756508 -0.790544987
vt 2.44850802 -0.791135013
vt 2.44850802 -0.791135013
vt 2.44756508 -0.790544987
vt 2.44660401 -0.792277992
vt 2.44850802 -0.791135013
vt 2.44660401 -0.792277992
vt 2.44760489 -0.792765021
vt 2.44760489 -0.792765021
vt 2.44660401 -0.792277992
vt 2.44583392 -0.794103026
vt 2.44760489 -0.792765021
vt 2.44583392 -0.794103026
vt 2.44688106 -0.794480979
vt 2.44688106 -0.794480979
vt 2.44583392 -0.794103026
vt 2.44526196 -0.796000004
vt 2.44688106 -0.794480979
vt 2.44526196 -0.796000004
vt 2.44634295 -0.796263993
vt 2.44634295 -0.796263993
vt 2.44526196 -0.796000004
vt 2.44489503 -0.79794699
vt 2.44634295 -0.796263993
vt 2.44489503 -0.79794699
vt 2.44599795 -0.798094988
vt 2.44599795 -0.798094988
vt 2.44489503 -0.79794699
vt 2.44473696 -0.799921989
vt 2.44599795 -0.798094988
vt 2.44473696 -0.799921989
vt 2.44584894 -0.799951971
vt 2.44584894 -0.799951971
vt 2.44473696 -0.799921989
vt 2.44478893 -0.801903009
vt 2.44584894 -0.799951971
vt 2.44478893 -0.801903009
vt 2.44589901 -0.80181402
vt 2.44589901 -0.80181402
vt 2.44478893 -0.801903009
vt 2.4450531 -0.803866029
vt 2.44589901 -0.80181402
vt 2.4450531 -0.803866029
vt 2.44614601 -0.803659976
vt 2.44614601 -0.803659976
vt 2.4450531 -0.803866029
vt 2.44552302 -0.80579102
vt 2.44614601 -0.803659976
vt 2.44552302 -0.80579102
vt 2.44658804 -0.80546999
vt 2.44658804 -0.80546999
vt 2.44552302 -0.80579102
vt 2.44619489 -0.807654977
vt 2.44658804 -0.80546999
vt 2.44619489 -0.807654977
vt 2.44722009 -0.807222009
vt 2.44722009 -0.807222009
vt 2.44619489 -0.807654977
vt 2.44706106 -0.809436023
vt 2.44722009 -0.807222009
vt 2.44706106 -0.809436023
vt 2.448035 -0.808897018
vt 2.448035 -0.808897018
vt 2.44706106 -0.809436023
vt 2.44811201 -0.81111598
vt 2.448035 -0.808897018
vt 2.44811201 -0.81111598
vt 2.44902301 -0.810476005
vt 2.44902301 -0.810476005
vt 2.44811201 -0.81111598
vt 2.44933605 -0.812673986
vt 2.44902301 -0.810476005
vt 2.44933605 -0.812673986
vt 2.4501729 -0.811941028
vt 2.4501729 -0.811941028
vt 2.44933605 -0.812673986
vt 2.45071793 -0.814094007
vt 2.4501729 -0.811941028
vt 2.45071793 -0.814094007
vt 2.451473 -0.813275993
vt 2.451473 -0.813275993
vt 2.45071793 -0.814094007
vt 2.45224309 -0.815357983
vt 2.451473 -0.813275993
vt 2.45224309 -0.815357983
vt 2.45290709 -0.814464986
vt 2.45290709 -0.814464986
vt 2.45224309 -0.815357983
vt 2.4538939 -0.81645298
vt 2.45290709 -0.814464986
vt 2.4538939 -0.81645298
vt 2.45445895 -0.815495014
vt 2.45445895 -0.815495014
vt 2.4538939 -0.81645298
vt 2.455652 -0.817367017
vt 2.45445895 -0.815495014
vt 2.455652 -0.817367017
vt 2.45611191 -0.816353977
vt 2.45611191 -0.816353977
vt 2.455652 -0.817367017
vt 2.45749688 -0.818087995
vt 2.45611191 -0.816353977
vt 2.45749688 -0.818087995
vt 2.45784593 -0.81703198
vt 2.45784593 -0.81703198
vt 2.45749688 -0.818087995
vt 2.459409 -0.818610013
vt 2.45784593 -0.81703198
vt 2.459409 -0.818610013
vt 2.45964408 -0.817521989
vt 2.45964408 -0.817521989
vt 2.459409 -0.818610013
vt 2.46136498 -0.818925023
vt 2.45964408 -0.817521989
vt 2.46136498 -0.818925023
vt 2.461483 -0.817817986
vt 2.461483 -0.817817986
vt 2.46136498 -0.818925023
vt 2.46334291 -0.819029987
vt -0.810000002 -0.817817986
vt -0.810124993 -0.819029987
vt -0.810000002 -0.817817986
vt 2.461483 -0.817817986
vt 2.46334291 -0.819029987
vt 2.46334291 -0.817918003
vt 2.461483 -0.817817986
vt 2.46334291 -0.817918003
vt 2.46334291 -0.800418019
vt 2.46334291 -0.800418019
vt 2.46334291 -0.817918003
vt 2.46520305 -0.817817986
vt -0.810000002 -0.800418019
vt -0.810000002 -0.817817986
vt -0.810000002 -0.800418019
vt 2.46334291 -0.800418019
vt 2.46520305 -0.817817986
vt 2.46704197 -0.817521989
vt -0.810000002 -0.800418019
vt -0.810000002 -0.817521989
vt -0.810000002 -0.800418019
vt 2.46334291 -0.800418019
vt 2.46704197 -0.817521989
vt 2.46883893 -0.81703198
vt -0.810000002 -0.800418019
vt -0.810000002 -0.81703198
vt -0.810000002 -0.800418019
vt 2.46334291 -0.800418019
vt 2.46883893 -0.81703198
vt 2.4705739 -0.816353977
vt -0.810000002 -0.800418019
vt -0.810000002 -0.816353977
vt -0.810000002 -0.800418019
vt 2.46334291 -0.800418019
vt 2.4705739 -0.816353977
vt 2.4722271 -0.815495014
vt -0.810000002 -0.800418019
vt -0.810000002 -0.815495014
vt -0.810000002 -0.800418019
vt 2.46334291 -0.800418019
vt 2.4722271 -0.815495014
vt 2.47377896 -0.814464986
vt -0.810000002 -0.800418019
vt -0.810000002 -0.814464986
vt -0.810000002 -0.800418019
vt 2.46334291 -0.800418019
vt 2.47377896 -0.814464986
vt 2.475214 -0.813275993
vt -0.810000002 -0.800418019
vt -0.810000002 -0.813275993
vt -0.810000002 -0.800418019
vt 2.46334291 -0.800418019
vt 2.475214 -0.813275993
vt 2.47651291 -0.811941028
vt -0.810000002 -0.800418019
vt -0.810000002 -0.811941028
vt -0.810000002 -0.800418019
vt 2.46334291 -0.800418019
vt 2.47651291 -0.811941028
vt 2.47766304 -0.810476005
vt -0.810000002 -0.800418019
vt -0.810000002 -0.810476005
vt -0.810000002 -0.800418019
vt 2.46334291 -0.800418019
vt 2.47766304 -0.810476005
vt 2.47865105 -0.808897018
vt -0.810000002 -0.800418019
vt -0.810000002 -0.808897018
vt -0.810000002 -0.800418019
vt 2.46334291 -0.800418019
vt 2.47865105 -0.808897018
vt 2.47946596 -0.807222009
vt -0.810000002 -0.800418019
vt -0.810000002 -0.807222009
vt -0.810000002 -0.800418019
vt 2.46334291 -0.800418019
vt 2.47946596 -0.807222009
vt 2.48009801 -0.80546999
vt -0.810000002 -0.800418019
vt -0.810000002 -0.80546999
vt -0.810000002 -0.800418019
vt 2.46334291 -0.800418019
vt 2.48009801 -0.80546999
vt 2.48054004 -0.803659976
vt -0.810000002 -0.800418019
vt -0.810000002 -0.803659976
vt -0.810000002 -0.800418019
vt 2.46334291 -0.800418019
vt 2.48054004 -0.803659976
vt 2.48078799 -0.80181402
vt -0.810000002 -0.800418019
vt -0.810000002 -0.80181402
vt -0.810000002 -0.800418019
vt 2.46334291 -0.800418019
vt 2.48078799 -0.80181402
vt 2.48083711 -0.799951971
vt -0.810000002 -0.800418019
vt -0.810000002 -0.799951971
vt -0.810000002 -0.800418019
vt 2.46334291 -0.800418019
vt 2.48083711 -0.799951971
vt 2.4806881 -0.798094988
vt -0.810000002 -0.800418019
vt -0.810000002 -0.798094988
vt -0.810000002 -0.800418019
vt 2.46334291 -0.800418019
vt 2.4806881 -0.798094988
vt 2.4803431 -0.796263993
vt -0.810000002 -0.800418019
vt -0.810000002 -0.796263993
vt -0.810000002 -0.800418019
vt 2.46334291 -0.800418019
vt 2.4803431 -0.796263993
vt 2.47980499 -0.794480979
vt -0.810000002 -0.800418019
vt -0.810000002 -0.794480979
vt -0.810000002 -0.800418019
vt 2.46334291 -0.800418019
vt 2.47980499 -0.794480979
vt 2.47908092 -0.792765021
vt -0.810000002 -0.800418019
vt -0.810000002 -0.792765021
vt -0.810000002 -0.800418019
vt 2.46334291 -0.800418019
vt 2.47908092 -0.792765021
vt 2.47817898 -0.791135013
vt -0.810000002 -0.800418019
vt -0.810000002 -0.791135013
vt -0.810000002 -0.800418019
vt 2.46334291 -0.800418019
vt 2.47817898 -0.791135013
vt 2.477108 -0.789610982
vt -0.810000002 -0.800418019
vt -0.810000002 -0.789610982
vt -0.810000002 -0.800418019
vt 2.46334291 -0.800418019
vt 2.477108 -0.789610982
vt 2.4758811 -0.788209021
vt -0.810000002 -0.800418019
vt -0.810000002 -0.788209021
vt -0.810000002 -0.800418019
vt 2.46334291 -0.800418019
vt 2.4758811 -0.788209021
vt 2.4745121 -0.786944985
vt -0.810000002 -0.800418019
vt -0.810000002 -0.786944985
vt -0.810000002 -0.800418019
vt 2.46334291 -0.800418019
vt 2.4745121 -0.786944985
vt 2.47301698 -0.785835028
vt -0.810000002 -0.800418019
vt -0.810000002 -0.785835028
vt -0.810000002 -0.800418019
vt 2.46334291 -0.800418019
vt 2.47301698 -0.785835028
vt 2.47141194 -0.784888983
vt -0.810000002 -0.800418019
vt -0.810000002 -0.784888983
vt -0.810000002 -0.800418019
vt 2.46334291 -0.800418019
vt 2.47141194 -0.784888983
vt 2.46971607 -0.78411901
vt -0.810000002 -0.800418019
vt -0.810000002 -0.78411901
vt -0.810000002 -0.800418019
vt 2.46334291 -0.800418019
vt 2.46971607 -0.78411901
vt 2.46794701 -0.78353399
vt -0.810000002 -0.800418019
vt -0.810000002 -0.78353399
vt -0.810000002 -0.800418019
vt 2.46334291 -0.800418019
vt 2.46794701 -0.78353399
vt 2.46612597 -0.783140004
vt -0.810000002 -0.800418019
vt -0.810000002 -0.783140004
vt -0.810000002 -0.800418019
vt 2.46334291 -0.800418019
vt 2.46612597 -0.783140004
vt 2.46427393 -0.782941997
vt -0.810000002 -0.800418019
vt -0.810000002 -0.782941997
vt -0.810000002 -0.800418019
vt 2.46334291 -0.800418019
vt 2.46427393 -0.782941997
vt 2.46241093 -0.782941997
vt -0.810000002 -0.800418019
vt -0.810000002 -0.782941997
vt -0.810000002 -0.800418019
vt 2.46334291 -0.800418019
vt 2.46241093 -0.782941997
vt 2.46055889 -0.783140004
vt -0.810000002 -0.800418019
vt -0.810000002 -0.783140004
vt -0.810000002 -0.800418019
vt 2.46334291 -0.800418019
vt 2.46055889 -0.783140004
vt 2.45873904 -0.78353399
vt -0.810000002 -0.800418019
vt -0.810000002 -0.78353399
vt -0.810000002 -0.800418019
vt 2.46334291 -0.800418019
vt 2.45873904 -0.78353399
vt 2.45696998 -0.78411901
vt -0.810000002 -0.800418019
vt -0.810000002 -0.78411901
vt -0.810000002 -0.800418019
vt 2.46334291 -0.800418019
vt 2.45696998 -0.78411901
vt 2.45527411 -0.784888983
vt -0.810000002 -0.800418019
vt -0.810000002 -0.784888983
vt -0.810000002 -0.800418019
vt 2.46334291 -0.800418019
vt 2.45527411 -0.784888983
vt 2.45366907 -0.785835028
vt -0.810000002 -0.800418019
vt -0.810000002 -0.785835028
vt -0.810000002 -0.800418019
vt 2.46334291 -0.800418019
vt 2.45366907 -0.785835028
vt 2.45217395 -0.786944985
vt -0.810000002 -0.800418019
vt -0.810000002 -0.786944985
vt -0.810000002 -0.800418019
vt 2.46334291 -0.800418019
vt 2.45217395 -0.786944985
vt 2.45080495 -0.788209021
vt -0.810000002 -0.800418019
vt -0.810000002 -0.788209021
vt -0.810000002 -0.800418019
vt 2.46334291 -0.800418019
vt 2.45080495 -0.788209021
vt 2.449579 -0.789610982
vt -0.810000002 -0.800418019
vt -0.810000002 -0.789610982
vt -0.810000002 -0.800418019
vt 2.46334291 -0.800418019
vt 2.449579 -0.789610982
vt 2.44850802 -0.791135013
vt -0.810000002 -0.800418019
vt -0.810000002 -0.791135013
vt -0.810000002 -0.800418019
vt 2.46334291 -0.800418019
vt 2.44850802 -0.791135013
vt 2.44760489 -0.792765021
vt -0.810000002 -0.800418019
vt -0.810000002 -0.792765021
vt -0.810000002 -0.800418019
vt 2.46334291 -0.800418019
vt 2.44760489 -0.792765021
vt 2.44688106 -0.794480979
vt -0.810000002 -0.800418019
vt -0.810000002 -0.794480979
vt -0.810000002 -0.800418019
vt 2.46334291 -0.800418019
vt 2.44688106 -0.794480979
vt 2.44634295 -0.796263993
vt -0.810000002 -0.800418019
vt -0.810000002 -0.796263993
vt -0.810000002 -0.800418019
vt 2.46334291 -0.800418019
vt 2.44634295 -0.796263993
vt 2.44599795 -0.798094988
vt -0.810000002 -0.800418019
vt -0.810000002 -0.798094988
vt -0.810000002 -0.800418019
vt 2.46334291 -0.800418019
vt 2.44599795 -0.798094988
vt 2.44584894 -0.799951971
vt -0.810000002 -0.800418019
vt -0.810000002 -0.799951971
vt -0.810000002 -0.800418019
vt 2.46334291 -0.800418019
vt 2.44584894 -0.799951971
vt 2.44589901 -0.80181402
vt -0.810000002 -0.800418019
vt -0.810000002 -0.80181402
vt -0.810000002 -0.800418019
vt 2.46334291 -0.800418019
vt 2.44589901 -0.80181402
vt 2.44614601 -0.803659976
vt -0.810000002 -0.800418019
vt -0.810000002 -0.803659976
vt -0.810000002 -0.800418019
vt 2.46334291 -0.800418019
vt 2.44614601 -0.803659976
vt 2.44658804 -0.80546999
vt -0.810000002 -0.800418019
vt -0.810000002 -0.80546999
vt -0.810000002 -0.800418019
vt 2.46334291 -0.800418019
vt 2.44658804 -0.80546999
vt 2.44722009 -0.807222009
vt -0.810000002 -0.800418019
vt -0.810000002 -0.807222009
vt -0.810000002 -0.800418019
vt 2.46334291 -0.800418019
vt 2.44722009 -0.807222009
vt 2.448035 -0.808897018
vt -0.810000002 -0.800418019
vt -0.810000002 -0.808897018
vt -0.810000002 -0.800418019
vt 2.46334291 -0.800418019
vt 2.448035 -0.808897018
vt 2.44902301 -0.810476005
vt -0.810000002 -0.800418019
vt -0.810000002 -0.810476005
vt -0.810000002 -0.800418019
vt 2.46334291 -0.800418019
vt 2.44902301 -0.810476005
vt 2.4501729 -0.811941028
vt -0.810000002 -0.800418019
vt -0.810000002 -0.811941028
vt -0.810000002 -0.800418019
vt 2.46334291 -0.800418019
vt 2.4501729 -0.811941028
vt 2.451473 -0.813275993
vt -0.810000002 -0.800418019
vt -0.810000002 -0.813275993
vt -0.810000002 -0.800418019
vt 2.46334291 -0.800418019
vt 2.451473 -0.813275993
vt 2.45290709 -0.814464986
vt -0.810000002 -0.800418019
vt -0.810000002 -0.814464986
vt -0.810000002 -0.800418019
vt 2.46334291 -0.800418019
vt 2.45290709 -0.814464986
vt 2.45445895 -0.815495014
vt -0.810000002 -0.800418019
vt -0.810000002 -0.815495014
vt -0.810000002 -0.800418019
vt 2.46334291 -0.800418019
vt 2.45445895 -0.815495014
vt 2.45611191 -0.816353977
vt -0.810000002 -0.800418019
vt -0.810000002 -0.816353977
vt -0.810000002 -0.800418019
vt 2.46334291 -0.800418019
vt 2.45611191 -0.816353977
vt 2.45784593 -0.81703198
vt -0.810000002 -0.800418019
vt -0.810000002 -0.81703198
vt -0.810000002 -0.800418019
vt 2.46334291 -0.800418019
vt 2.45784593 -0.81703198
vt 2.45964408 -0.817521989
vt 2.46334291 -0.800418019
vt 2.45964408 -0.817521989
vt 2.461483 -0.817817986
vt 2.46334291 -0.819029987
vt 2.46136498 -0.818925023
vt 2.46334291 -0.820087016
vt 2.46334291 -0.820087016
vt 2.46136498 -0.818925023
vt 2.46125197 -0.819975972
vt 2.46334291 -0.820087016
vt 2.46125197 -0.819975972
vt 2.46334291 -0.821035028
vt 2.46334291 -0.821035028
vt 2.46125197 -0.819975972
vt 2.46115208 -0.820918024
vt 2.46334291 -0.821035028
vt 2.46115208 -0.820918024
vt 2.46334291 -0.821826994
vt 2.46334291 -0.821826994
vt 2.46115208 -0.820918024
vt 2.46106696 -0.821704984
vt -2.46334291 0.811882019
vt -2.46106696 0.811882019
vt -2.46334291 0.812830985
vt -2.46334291 0.812830985
vt -2.46106696 0.811882019
vt -2.46100402 0.812830985
vt -2.46334291 0.812830985
vt -2.46100402 0.812830985
vt -2.46334291 0.813887
vt -2.46334291 0.813887
vt -2.46100402 0.812830985
vt -2.46096492 0.813887
vt -2.46334291 0.813887
vt -2.46096492 0.813887
vt -2.46334291 0.814999998
vt 2.46136498 -0.818925023
vt 2.459409 -0.818610013
vt 2.46125197 -0.819975972
vt 2.46125197 -0.819975972
vt 2.459409 -0.818610013
vt 2.45918489 -0.819643021
vt 2.46125197 -0.819975972
vt 2.45918489 -0.819643021
vt 2.46115208 -0.820918024
vt 2.46115208 -0.820918024
vt 2.45918489 -0.819643021
vt 2.45898509 -0.820568979
vt 2.46115208 -0.820918024
vt 2.45898509 -0.820568979
vt 2.46106696 -0.821704984
vt 2.46106696 -0.821704984
vt 2.45898509 -0.820568979
vt 2.45881796 -0.821343005
vt -2.46106696 0.811882019
vt -2.45881796 0.811882019
vt -2.46100402 0.812830985
vt -2.46100402 0.812830985
vt -2.45881796 0.811882019
vt -2.45869207 0.812830985
vt -2.46100402 0.812830985
vt -2.45869207 0.812830985
vt -2.46096492 0.813887
vt -2.46096492 0.813887
vt -2.45869207 0.812830985
vt -2.45861411 0.813887
vt -2.46096492 0.813887
vt -2.45861411 0.813887
vt -2.45999002 0.814999998
vt -2.45999002 0.814999998
vt -2.45861411 0.813887
vt -2.45858693 0.814999998
vt -2.45999002 0.814999998
vt -2.45858693 0.814999998
vt -2.45858693 0.815999985
vt -2.45858693 0.815999985
vt -2.45858693 0.814999998
vt -2.45671105 0.815999985
vt -2.45858693 0.815999985
vt -2.45671105 0.815999985
vt -2.45861411 0.817112982
vt -2.45861411 0.817112982
vt -2.45671105 0.815999985
vt -2.45631599 0.817112982
vt -2.45861411 0.817112982
vt -2.45631599 0.817112982
vt -2.45869207 0.818168998
vt -2.45869207 0.818168998
vt -2.45631599 0.817112982
vt -2.4564321 0.818168998
vt -2.45869207 0.818168998
vt -2.4564321 0.818168998
vt -2.45881796 0.81911701
vt -2.45881796 0.81911701
vt -2.4564321 0.818168998
vt -2.45661902 0.81911701
vt -2.45881796 -0.821343005
vt -2.45661902 -0.820743024
vt -2.45898509 -0.820568979
vt -2.45898509 -0.820568979
vt -2.45661902 -0.820743024
vt -2.45686698 -0.819992006
vt -2.45898509 -0.820568979
vt -2.45686698 -0.819992006
vt -2.45918489 -0.819643021
vt -2.45918489 -0.819643021
vt -2.45686698 -0.819992006
vt -2.457165 -0.819091976
vt -2.45918489 -0.819643021
vt -2.457165 -0.819091976
vt -2.459409 -0.818610013
vt -2.459409 -0.818610013
vt -2.457165 -0.819091976
vt -2.45749688 -0.818087995
vt -2.459409 -0.818610013
vt -2.45749688 -0.818087995
vt -2.45964408 -0.817521989
vt -2.45964408 -0.817521989
vt -2.45749688 -0.818087995
vt -2.45784593 -0.81703198
vt -2.45964408 -0.817521989
vt -2.45784593 -0.81703198
vt -2.46334291 -0.800418019
vt -2.46334291 -0.800418019
vt -2.45784593 -0.81703198
vt -2.45611191 -0.816353977
vt -2.46334291 -0.800418019
vt -2.45611191 -0.816353977
vt -2.45445895 -0.815495014
vt -2.45445895 -0.815495014
vt -2.45611191 -0.816353977
vt -2.4538939 -0.81645298
vt -2.45445895 -0.815495014
vt -2.4538939 -0.81645298
vt -2.45224309 -0.815357983
vt -2.45224309 -0.815357983
vt -2.4538939 -0.81645298
vt -2.45161295 -0.816205978
vt -2.45224309 -0.815357983
vt -2.45161295 -0.816205978
vt -2.450001 -0.81487
vt -2.450001 -0.81487
vt -2.45161295 -0.816205978
vt -2.44935799 -0.815567017
vt -2.450001 -0.81487
vt -2.44935799 -0.815567017
vt -2.4478271 -0.81399399
vt -2.4478271 -0.81399399
vt -2.44935799 -0.815567017
vt -2.44723105 -0.814516008
vt -2.4478271 -0.81399399
vt -2.44723105 -0.814516008
vt -2.44582295 -0.812722981
vt -0.81911701 -0.812722981
vt -0.81911701 -0.814516008
vt -0.818168998 -0.813066006
vt -0.81911701 -0.812722981
vt -0.818168998 -0.813066006
vt -0.818168998 -0.811079979
vt -0.818168998 -0.811079979
vt -0.818168998 -0.813066006
vt -0.817112982 -0.811258972
vt -0.818168998 -0.811079979
vt -0.817112982 -0.811258972
vt -0.817112982 -0.809117019
vt -0.817112982 -0.809117019
vt -0.817112982 -0.811258972
vt -0.815999985 -0.809166014
vt -0.817112982 -0.809117019
vt -0.815999985 -0.809166014
vt -0.815999985 -0.808637977
vt -0.815999985 -0.808637977
vt -0.815999985 -0.809166014
vt -0.814999998 -0.809166014
vt -0.815999985 -0.808637977
vt -0.814999998 -0.809166014
vt -0.814999998 -0.808637977
vt -0.814999998 -0.808637977
vt -0.814999998 -0.809166014
vt -0.813887 -0.809117019
vt -0.814999998 -0.808637977
vt -0.813887 -0.809117019
vt -0.813887 -0.806877017
vt -0.813887 -0.806877017
vt -0.813887 -0.809117019
vt -0.812830985 -0.806770027
vt -0.813887 -0.806877017
vt -0.812830985 -0.806770027
vt -0.812830985 -0.804494977
vt -0.812830985 -0.804494977
vt -0.812830985 -0.806770027
vt -0.811882019 -0.804383993
vt -0.812830985 -0.804494977
vt -0.811882019 -0.804383993
vt -0.811882019 -0.80212599
vt 2.44200206 -0.80212599
vt 2.44230509 -0.804383993
vt 2.44279099 -0.802062988
vt -0.811882019 -0.80212599
vt -0.811091006 -0.802062988
vt -0.811091006 -0.799869001
vt 2.44273305 -0.799869001
vt 2.44279099 -0.802062988
vt 2.443681 -0.799893975
vt 2.44273305 -0.799869001
vt 2.443681 -0.799893975
vt 2.44384789 -0.797806978
vt 2.44384789 -0.797806978
vt 2.443681 -0.799893975
vt 2.44489503 -0.79794699
vt -0.810495019 -0.797806978
vt -0.810124993 -0.79794699
vt -0.810495019 -0.797806978
vt 2.44384789 -0.797806978
vt 2.44489503 -0.79794699
vt 2.44526196 -0.796000004
vt 2.44384789 -0.797806978
vt 2.44526196 -0.796000004
vt 2.44423509 -0.795749009
vt 2.44423509 -0.795749009
vt 2.44526196 -0.796000004
vt 2.44583392 -0.794103026
vt 2.44423509 -0.795749009
vt 2.44583392 -0.794103026
vt 2.44483995 -0.793744981
vt 2.44483995 -0.793744981
vt 2.44583392 -0.794103026
vt 2.44660401 -0.792277992
vt 2.44483995 -0.793744981
vt 2.44660401 -0.792277992
vt 2.44565392 -0.791815996
vt 2.44565392 -0.791815996
vt 2.44660401 -0.792277992
vt 2.44756508 -0.790544987
vt 2.44565392 -0.791815996
vt 2.44756508 -0.790544987
vt 2.4466691 -0.789985001
vt 2.4466691 -0.789985001
vt 2.44756508 -0.790544987
vt 2.448704 -0.788923979
vt 2.4466691 -0.789985001
vt 2.448704 -0.788923979
vt 2.44787192 -0.78827101
vt 2.44787192 -0.78827101
vt 2.448704 -0.788923979
vt 2.45000792 -0.787433028
vt 2.44787192 -0.78827101
vt 2.45000792 -0.787433028
vt 2.44925094 -0.786696017
vt 2.44925094 -0.786696017
vt 2.45000792 -0.787433028
vt 2.45146394 -0.786089003
vt 2.44925094 -0.786696017
vt 2.45146394 -0.786089003
vt 2.45078897 -0.785274982
vt 2.45078897 -0.785274982
vt 2.45146394 -0.786089003
vt 2.45305395 -0.784906983
vt 2.45078897 -0.785274982
vt 2.45305395 -0.784906983
vt 2.45247006 -0.78402698
vt 2.45247006 -0.78402698
vt 2.45305395 -0.784906983
vt 2.45476103 -0.783901989
vt 2.45247006 -0.78402698
vt 2.45476103 -0.783901989
vt 2.45427394 -0.782963991
vt 2.45427394 -0.782963991
vt 2.45476103 -0.783901989
vt 2.4565649 -0.783083022
vt 2.45427394 -0.782963991
vt 2.4565649 -0.783083022
vt 2.4561801 -0.782099009
vt 2.4561801 -0.782099009
vt 2.4565649 -0.783083022
vt 2.45844603 -0.782460988
vt 2.4561801 -0.782099009
vt 2.45844603 -0.782460988
vt 2.45816803 -0.781440973
vt 2.45816803 -0.781440973
vt 2.45844603 -0.782460988
vt 2.46038294 -0.782042027
vt 2.45816803 -0.781440973
vt 2.46038294 -0.782042027
vt 2.4602139 -0.780999005
vt 2.4602139 -0.780999005
vt 2.46038294 -0.782042027
vt 2.46235204 -0.78183198
vt 2.4602139 -0.780999005
vt 2.46235204 -0.78183198
vt 2.46229601 -0.780776024
vt 2.46229601 -0.780776024
vt 2.46235204 -0.78183198
vt 2.46433401 -0.78183198
vt 2.46229601 -0.780776024
vt 2.46433401 -0.78183198
vt 2.46439004 -0.780776024
vt 2.46439004 -0.780776024
vt 2.46433401 -0.78183198
vt 2.46630406 -0.782042027
vt 2.46439004 -0.780776024
vt 2.46630406 -0.782042027
vt 2.46647191 -0.780999005
vt 2.46647191 -0.780999005
vt 2.46630406 -0.782042027
vt 2.46824002 -0.782460988
vt 2.46647191 -0.780999005
vt 2.46824002 -0.782460988
vt 2.46851802 -0.781440973
vt 2.46851802 -0.781440973
vt 2.46824002 -0.782460988
vt 2.47012091 -0.783083022
vt 2.46851802 -0.781440973
vt 2.47012091 -0.783083022
vt 2.47050595 -0.782099009
vt 2.47050595 -0.782099009
vt 2.47012091 -0.783083022
vt 2.47192502 -0.783901989
vt 2.47050595 -0.782099009
vt 2.47192502 -0.783901989
vt 2.47241211 -0.782963991
vt 2.47241211 -0.782963991
vt 2.47192502 -0.783901989
vt 2.4736321 -0.784906983
vt 2.47241211 -0.782963991
vt 2.4736321 -0.784906983
vt 2.47421598 -0.78402698
vt 2.47421598 -0.78402698
vt 2.4736321 -0.784906983
vt 2.47522211 -0.786089003
vt 2.47421598 -0.78402698
vt 2.47522211 -0.786089003
vt 2.47589707 -0.785274982
vt 2.47589707 -0.785274982
vt 2.47522211 -0.786089003
vt 2.47667789 -0.787433028
vt 2.47589707 -0.785274982
vt 2.47667789 -0.787433028
vt 2.47743511 -0.786696017
vt 2.47743511 -0.786696017
vt 2.47667789 -0.787433028
vt 2.477983 -0.788923979
vt 2.47743511 -0.786696017
vt 2.477983 -0.788923979
vt 2.47881389 -0.78827101
vt 2.47881389 -0.78827101
vt 2.477983 -0.788923979
vt 2.47912192 -0.790544987
vt 2.47881389 -0.78827101
vt 2.47912192 -0.790544987
vt 2.48001695 -0.789985001
vt 2.48001695 -0.789985001
vt 2.47912192 -0.790544987
vt 2.48008204 -0.792277992
vt 2.48001695 -0.789985001
vt 2.48008204 -0.792277992
vt 2.48103189 -0.791815996
vt 2.48103189 -0.791815996
vt 2.48008204 -0.792277992
vt 2.48085189 -0.794103026
vt 2.48103189 -0.791815996
vt 2.48085189 -0.794103026
vt 2.48184609 -0.793744981
vt 2.48184609 -0.793744981
vt 2.48085189 -0.794103026
vt 2.48142409 -0.796000004
vt 2.48184609 -0.793744981
vt 2.48142409 -0.796000004
vt 2.48245001 -0.795749009
vt 2.48245001 -0.795749009
vt 2.48142409 -0.796000004
vt 2.48179102 -0.79794699
vt 2.48245001 -0.795749009
vt 2.48179102 -0.79794699
vt 2.48283792 -0.797806978
vt 2.48283792 -0.797806978
vt 2.48179102 -0.79794699
vt 2.48194909 -0.799921989
vt 2.48283792 -0.797806978
vt 2.48194909 -0.799921989
vt 2.483006 -0.799893975
vt 2.483006 -0.799893975
vt 2.48194909 -0.799921989
vt 2.48189592 -0.801903009
vt 2.483006 -0.799893975
vt 2.48189592 -0.801903009
vt 2.48294997 -0.801986992
vt 2.48294997 -0.801986992
vt 2.48189592 -0.801903009
vt 2.48163295 -0.803866029
vt 2.48294997 -0.801986992
vt 2.48163295 -0.803866029
vt 2.48267198 -0.804062009
vt 2.48267198 -0.804062009
vt 2.48163295 -0.803866029
vt 2.48116302 -0.80579102
vt 2.48267198 -0.804062009
vt 2.48116302 -0.80579102
vt 2.48217511 -0.806096017
vt 2.48217511 -0.806096017
vt 2.48116302 -0.80579102
vt 2.48049092 -0.807654977
vt 2.48217511 -0.806096017
vt 2.48049092 -0.807654977
vt 2.48146391 -0.808064997
vt 2.48146391 -0.808064997
vt 2.48049092 -0.807654977
vt 2.47962499 -0.809436023
vt -0.810495019 -0.808064997
vt -0.810124993 -0.809436023
vt -0.810495019 -0.808064997
vt 2.48146391 -0.808064997
vt 2.47962499 -0.809436023
vt 2.4805491 -0.809948981
vt 2.48146391 -0.808064997
vt 2.4805491 -0.809948981
vt 2.48233795 -0.80843401
vt 2.48233795 -0.80843401
vt 2.4805491 -0.809948981
vt 2.48137808 -0.810407996
vt 2.48233795 -0.80843401
vt 2.48137808 -0.810407996
vt 2.48306799 -0.808741987
vt 2.48306799 -0.808741987
vt 2.48137808 -0.810407996
vt 2.48207092 -0.810791016
vt 0.811882019 -0.808741987
vt 0.811882019 -0.810791016
vt 0.812830985 -0.808974028
vt 0.812830985 -0.808974028
vt 0.811882019 -0.810791016
vt 0.812830985 -0.811079979
vt 0.812830985 -0.808974028
vt 0.812830985 -0.811079979
vt 0.813887 -0.809117019
vt 0.813887 -0.809117019
vt 0.812830985 -0.811079979
vt 0.813887 -0.811258972
vt 0.813887 -0.809117019
vt 0.813887 -0.811258972
vt 0.814999998 -0.809166014
vt 0.814999998 -0.809166014
vt 0.813887 -0.811258972
vt 0.814999998 -0.811320007
vt 0.814999998 -0.809166014
vt 0.814999998 -0.811320007
vt 0.815999985 -0.811320007
vt 0.815999985 -0.811320007
vt 0.814999998 -0.811320007
vt 0.815999985 -0.811667979
vt 0.815999985 -0.811320007
vt 0.815999985 -0.811667979
vt 0.817112982 -0.811258972
vt 0.817112982 -0.811258972
vt 0.815999985 -0.811667979
vt 0.817112982 -0.813278019
vt 0.817112982 -0.811258972
vt 0.817112982 -0.813278019
vt 0.818168998 -0.811079979
vt 0.818168998 -0.811079979
vt 0.817112982 -0.813278019
vt 0.818168998 -0.813066006
vt 0.818168998 -0.811079979
vt 0.818168998 -0.813066006
vt 0.81911701 -0.810791016
vt 0.81911701 -0.810791016
vt 0.818168998 -0.813066006
vt 0.81911701 -0.812722981
vt -2.48207092 -0.810791016
vt -2.4808619 -0.812722981
vt -2.48137808 -0.810407996
vt -2.48137808 -0.810407996
vt -2.4808619 -0.812722981
vt -2.48021412 -0.812268019
vt -2.48137808 -0.810407996
vt -2.48021412 -0.812268019
vt -2.4805491 -0.809948981
vt -2.4805491 -0.809948981
vt -2.48021412 -0.812268019
vt -2.47943807 -0.811722994
vt -2.4805491 -0.809948981
vt -2.47943807 -0.811722994
vt -2.47962499 -0.809436023
vt -2.47962499 -0.809436023
vt -2.47943807 -0.811722994
vt -2.47857404 -0.81111598
vt -2.47962499 -0.809436023
vt -2.47857404 -0.81111598
vt -2.47865105 -0.808897018
vt -2.47865105 -0.808897018
vt -2.47857404 -0.81111598
vt -2.47766304 -0.810476005
vt -0.82099998 -0.808897018
vt -0.82099998 -0.810476005
vt -0.82099998 -0.808897018
vt -2.47865105 -0.808897018
vt -2.47766304 -0.810476005
vt -2.46334291 -0.800418019
vt -2.47865105 -0.808897018
vt -2.46334291 -0.800418019
vt -2.47946596 -0.807222009
vt -2.47946596 -0.807222009
vt -2.46334291 -0.800418019
vt -2.48009801 -0.80546999
vt -2.47946596 -0.807222009
vt -2.48009801 -0.80546999
vt -2.48049092 -0.807654977
vt -2.48049092 -0.807654977
vt -2.48009801 -0.80546999
vt -2.48116302 -0.80579102
vt -2.48049092 -0.807654977
vt -2.48116302 -0.80579102
vt -2.48146391 -0.808064997
vt -2.48146391 -0.808064997
vt -2.48116302 -0.80579102
vt -2.48217511 -0.806096017
vt -2.48146391 -0.808064997
vt -2.48217511 -0.806096017
vt -2.48233795 -0.80843401
vt -2.48233795 -0.80843401
vt -2.48217511 -0.806096017
vt -2.48308206 -0.80637002
vt -2.48233795 -0.80843401
vt -2.48308206 -0.80637002
vt -2.48306799 -0.808741987
vt -2.48306799 -0.808741987
vt -2.48308206 -0.80637002
vt -2.48384094 -0.806598008
vt 0.81911701 -0.808741987
vt 0.81911701 -0.806598008
vt 0.818168998 -0.808974028
vt 0.818168998 -0.808974028
vt 0.81911701 -0.806598008
vt 0.818168998 -0.806770027
vt 0.818168998 -0.808974028
vt 0.818168998 -0.806770027
vt 0.817112982 -0.809117019
vt 0.817112982 -0.809117019
vt 0.818168998 -0.806770027
vt 0.817112982 -0.806877017
vt 0.817112982 -0.809117019
vt 0.817112982 -0.806877017
vt 0.815999985 -0.808637977
vt 0.815999985 -0.808637977
vt 0.817112982 -0.806877017
vt 0.815999985 -0.806913018
vt 0.815999985 -0.808637977
vt 0.815999985 -0.806913018
vt 0.814999998 -0.806913018
vt 0.814999998 -0.806913018
vt 0.815999985 -0.806913018
vt 0.814999998 -0.805423975
vt 0.814999998 -0.806913018
vt 0.814999998 -0.805423975
vt 0.813887 -0.806877017
vt 0.813887 -0.806877017
vt 0.814999998 -0.805423975
vt 0.813887 -0.804562986
vt 0.813887 -0.806877017
vt 0.813887 -0.804562986
vt 0.812830985 -0.806770027
vt 0.812830985 -0.806770027
vt 0.813887 -0.804562986
vt 0.812830985 -0.804494977
vt 0.812830985 -0.806770027
vt 0.812830985 -0.804494977
vt 0.811882019 -0.806598008
vt 0.811882019 -0.806598008
vt 0.812830985 -0.804494977
vt 0.811882019 -0.804383993
vt 2.48384094 -0.806598008
vt 2.48438096 -0.804383993
vt 2.48308206 -0.80637002
vt 2.48308206 -0.80637002
vt 2.48438096 -0.804383993
vt 2.483603 -0.804238021
vt 2.48308206 -0.80637002
vt 2.483603 -0.804238021
vt 2.48217511 -0.806096017
vt -0.810495019 -0.806096017
vt -0.811091006 -0.804238021
vt -0.811091006 -0.804238021
vt 2.48217511 -0.806096017
vt 2.483603 -0.804238021
vt 2.48267198 -0.804062009
vt 2.48267198 -0.804062009
vt 2.483603 -0.804238021
vt 2.48389506 -0.802062988
vt 2.48267198 -0.804062009
vt 2.48389506 -0.802062988
vt 2.48294997 -0.801986992
vt 2.48294997 -0.801986992
vt 2.48389506 -0.802062988
vt 2.483953 -0.799869001
vt 2.48294997 -0.801986992
vt 2.483953 -0.799869001
vt 2.483006 -0.799893975
vt 2.483006 -0.799893975
vt 2.483953 -0.799869001
vt 2.483778 -0.797680974
vt 2.483006 -0.799893975
vt 2.483778 -0.797680974
vt 2.48283792 -0.797806978
vt 2.48283792 -0.797806978
vt 2.483778 -0.797680974
vt 2.48337102 -0.795525014
vt 2.48283792 -0.797806978
vt 2.48337102 -0.795525014
vt 2.48245001 -0.795749009
vt 2.48245001 -0.795749009
vt 2.48337102 -0.795525014
vt 2.48273706 -0.793422997
vt 2.48245001 -0.795749009
vt 2.48273706 -0.793422997
vt 2.48184609 -0.793744981
vt 2.48184609 -0.793744981
vt 2.48273706 -0.793422997
vt 2.481884 -0.791401982
vt 2.48184609 -0.793744981
vt 2.481884 -0.791401982
vt 2.48103189 -0.791815996
vt 2.48103189 -0.791815996
vt 2.481884 -0.791401982
vt 2.48082089 -0.789481997
vt 2.48103189 -0.791815996
vt 2.48082089 -0.789481997
vt 2.48001695 -0.789985001
vt 2.48001695 -0.789985001
vt 2.48082089 -0.789481997
vt 2.47955894 -0.78768599
vt 2.48001695 -0.789985001
vt 2.47955894 -0.78768599
vt 2.47881389 -0.78827101
vt 2.47881389 -0.78827101
vt 2.47955894 -0.78768599
vt 2.47811508 -0.786033988
vt 2.47881389 -0.78827101
vt 2.47811508 -0.786033988
vt 2.47743511 -0.786696017
vt 2.47743511 -0.786696017
vt 2.47811508 -0.786033988
vt 2.47650194 -0.784546018
vt 2.47743511 -0.786696017
vt 2.47650194 -0.784546018
vt 2.47589707 -0.785274982
vt 2.47589707 -0.785274982
vt 2.47650194 -0.784546018
vt 2.47474003 -0.78323698
vt 2.47589707 -0.785274982
vt 2.47474003 -0.78323698
vt 2.47421598 -0.78402698
vt 2.47421598 -0.78402698
vt 2.47474003 -0.78323698
vt 2.47284889 -0.782123029
vt 2.47421598 -0.78402698
vt 2.47284889 -0.782123029
vt 2.47241211 -0.782963991
vt 2.47241211 -0.782963991
vt 2.47284889 -0.782123029
vt 2.47085094 -0.781216025
vt 2.47241211 -0.782963991
vt 2.47085094 -0.781216025
vt 2.47050595 -0.782099009
vt 2.47050595 -0.782099009
vt 2.47085094 -0.781216025
vt 2.46876788 -0.780526996
vt 2.47050595 -0.782099009
vt 2.46876788 -0.780526996
vt 2.46851802 -0.781440973
vt 2.46851802 -0.781440973
vt 2.46876788 -0.780526996
vt 2.46662211 -0.780062973
vt 2.46851802 -0.781440973
vt 2.46662211 -0.780062973
vt 2.46647191 -0.780999005
vt 2.46647191 -0.780999005
vt 2.46662211 -0.780062973
vt 2.46444011 -0.779829025
vt 2.46647191 -0.780999005
vt 2.46444011 -0.779829025
vt 2.46439004 -0.780776024
vt 2.46439004 -0.780776024
vt 2.46444011 -0.779829025
vt 2.46224499 -0.779829025
vt 2.46439004 -0.780776024
vt 2.46224499 -0.779829025
vt 2.46229601 -0.780776024
vt 2.46229601 -0.780776024
vt 2.46224499 -0.779829025
vt 2.46006298 -0.780062973
vt 2.46229601 -0.780776024
vt 2.46006298 -0.780062973
vt 2.4602139 -0.780999005
vt 2.4602139 -0.780999005
vt 2.46006298 -0.780062973
vt 2.45791888 -0.780526996
vt 2.4602139 -0.780999005
vt 2.45791888 -0.780526996
vt 2.45816803 -0.781440973
vt 2.45816803 -0.781440973
vt 2.45791888 -0.780526996
vt 2.4558351 -0.781216025
vt 2.45816803 -0.781440973
vt 2.4558351 -0.781216025
vt 2.4561801 -0.782099009
vt 2.4561801 -0.782099009
vt 2.4558351 -0.781216025
vt 2.45383692 -0.782123029
vt 2.4561801 -0.782099009
vt 2.45383692 -0.782123029
vt 2.45427394 -0.782963991
vt 2.45427394 -0.782963991
vt 2.45383692 -0.782123029
vt 2.45194602 -0.78323698
vt 2.45427394 -0.782963991
vt 2.45194602 -0.78323698
vt 2.45247006 -0.78402698
vt 2.45247006 -0.78402698
vt 2.45194602 -0.78323698
vt 2.45018411 -0.784546018
vt 2.45247006 -0.78402698
vt 2.45018411 -0.784546018
vt 2.45078897 -0.785274982
vt 2.45078897 -0.785274982
vt 2.45018411 -0.784546018
vt 2.44857097 -0.786033988
vt 2.45078897 -0.785274982
vt 2.44857097 -0.786033988
vt 2.44925094 -0.786696017
vt 2.44925094 -0.786696017
vt 2.44857097 -0.786033988
vt 2.44712591 -0.78768599
vt 2.44925094 -0.786696017
vt 2.44712591 -0.78768599
vt 2.44787192 -0.78827101
vt 2.44787192 -0.78827101
vt 2.44712591 -0.78768599
vt 2.44586492 -0.789481997
vt 2.44787192 -0.78827101
vt 2.44586492 -0.789481997
vt 2.4466691 -0.789985001
vt 2.4466691 -0.789985001
vt 2.44586492 -0.789481997
vt 2.44480205 -0.791401982
vt 2.4466691 -0.789985001
vt 2.44480205 -0.791401982
vt 2.44565392 -0.791815996
vt 2.44565392 -0.791815996
vt 2.44480205 -0.791401982
vt 2.44394803 -0.793422997
vt 2.44565392 -0.791815996
vt 2.44394803 -0.793422997
vt 2.44483995 -0.793744981
vt 2.44483995 -0.793744981
vt 2.44394803 -0.793422997
vt 2.44331503 -0.795525014
vt 2.44483995 -0.793744981
vt 2.44331503 -0.795525014
vt 2.44423509 -0.795749009
vt 2.44423509 -0.795749009
vt 2.44331503 -0.795525014
vt 2.44290805 -0.797680974
vt 2.44423509 -0.795749009
vt 2.44290805 -0.797680974
vt 2.44384789 -0.797806978
vt -0.810495019 -0.797806978
vt -0.811091006 -0.797680974
vt -0.811091006 -0.797680974
vt 2.44384789 -0.797806978
vt 2.44290805 -0.797680974
vt 2.44273305 -0.799869001
vt 2.44273305 -0.799869001
vt 2.44290805 -0.797680974
vt 2.44194102 -0.79984802
vt -0.811091006 -0.799869001
vt -0.811882019 -0.79984802
vt -0.811882019 -0.80212599
vt -0.811882019 -0.80212599
vt -0.811882019 -0.79984802
vt -0.812830985 -0.802173018
vt -0.811882019 -0.80212599
vt -0.812830985 -0.802173018
vt -0.812830985 -0.804494977
vt -0.812830985 -0.804494977
vt -0.812830985 -0.802173018
vt -0.813887 -0.804562986
vt -0.812830985 -0.804494977
vt -0.813887 -0.804562986
vt -0.813887 -0.806877017
vt -0.813887 -0.806877017
vt -0.813887 -0.804562986
vt -0.814999998 -0.805423975
vt -0.813887 -0.806877017
vt -0.814999998 -0.805423975
vt -0.814999998 -0.806913018
vt -0.814999998 -0.806913018
vt -0.814999998 -0.805423975
vt -0.815999985 -0.805423975
vt -0.814999998 -0.806913018
vt -0.815999985 -0.805423975
vt -0.815999985 -0.806913018
vt -0.815999985 -0.806913018
vt -0.815999985 -0.805423975
vt -0.817112982 -0.806877017
vt -0.815999985 -0.806913018
vt -0.817112982 -0.806877017
vt -0.815999985 -0.808637977
vt -0.815999985 -0.808637977
vt -0.817112982 -0.806877017
vt -0.817112982 -0.806877017
vt -0.815999985 -0.808637977
vt -0.817112982 -0.806877017
vt -0.817112982 -0.809117019
vt -0.817112982 -0.809117019
vt -0.817112982 -0.806877017
vt -0.818168998 -0.808974028
vt -0.817112982 -0.809117019
vt -0.818168998 -0.808974028
vt -0.818168998 -0.811079979
vt -0.818168998 -0.811079979
vt -0.818168998 -0.808974028
vt -0.81911701 -0.810791016
vt -0.818168998 -0.811079979
vt -0.81911701 -0.810791016
vt -0.81911701 -0.812722981
vt -2.44582295 -0.812722981
vt -2.44461489 -0.810791016
vt -2.44647193 -0.812268019
vt -2.44582295 -0.812722981
vt -2.44647193 -0.812268019
vt -2.4478271 -0.81399399
vt -2.4478271 -0.81399399
vt -2.44647193 -0.812268019
vt -2.44853997 -0.813369989
vt -2.4478271 -0.81399399
vt -2.44853997 -0.813369989
vt -2.450001 -0.81487
vt -2.450001 -0.81487
vt -2.44853997 -0.813369989
vt -2.45071793 -0.814094007
vt -2.450001 -0.81487
vt -2.45071793 -0.814094007
vt -2.45224309 -0.815357983
vt -2.45224309 -0.815357983
vt -2.45071793 -0.814094007
vt -2.45290709 -0.814464986
vt -2.45224309 -0.815357983
vt -2.45290709 -0.814464986
vt -2.45445895 -0.815495014
vt -0.82099998 -0.815495014
vt -0.82099998 -0.814464986
vt -0.82099998 -0.814464986
vt -2.45445895 -0.815495014
vt -2.45290709 -0.814464986
vt -2.46334291 -0.800418019
vt -2.46334291 -0.800418019
vt -2.45290709 -0.814464986
vt -2.451473 -0.813275993
vt -2.46334291 -0.800418019
vt -2.451473 -0.813275993
vt -2.4501729 -0.811941028
vt -2.4501729 -0.811941028
vt -2.451473 -0.813275993
vt -2.44933605 -0.812673986
vt -2.4501729 -0.811941028
vt -2.44933605 -0.812673986
vt -2.44811201 -0.81111598
vt -2.44811201 -0.81111598
vt -2.44933605 -0.812673986
vt -2.44724703 -0.811722994
vt -2.44811201 -0.81111598
vt -2.44724703 -0.811722994
vt -2.44613695 -0.809948981
vt -2.44613695 -0.809948981
vt -2.44724703 -0.811722994
vt -2.44530797 -0.810407996
vt -2.44613695 -0.809948981
vt -2.44530797 -0.810407996
vt -2.4443481 -0.80843401
vt -2.4443481 -0.80843401
vt -2.44530797 -0.810407996
vt -2.44361901 -0.808741987
vt -2.4443481 -0.80843401
vt -2.44361901 -0.808741987
vt -2.44284606 -0.806598008
vt -0.81911701 -0.806598008
vt -0.81911701 -0.808741987
vt -0.818168998 -0.806770027
vt -0.81911701 -0.806598008
vt -0.818168998 -0.806770027
vt -0.818168998 -0.804494977
vt -0.818168998 -0.804494977
vt -0.818168998 -0.806770027
vt -0.817112982 -0.804562986
vt -0.818168998 -0.804494977
vt -0.817112982 -0.804562986
vt -0.817112982 -0.802203
vt -0.817112982 -0.802203
vt -0.817112982 -0.804562986
vt -0.815999985 -0.802213013
vt -0.817112982 -0.802203
vt -0.815999985 -0.802213013
vt -0.815999985 -0.802098989
vt -0.815999985 -0.802098989
vt -0.815999985 -0.802213013
vt -0.814999998 -0.802213013
vt -0.815999985 -0.802098989
vt -0.814999998 -0.802213013
vt -0.814999998 -0.802098989
vt -0.814999998 -0.802098989
vt -0.814999998 -0.802213013
vt -0.813887 -0.802203
vt -0.814999998 -0.802098989
vt -0.813887 -0.802203
vt -0.813887 -0.799821973
vt -0.813887 -0.799821973
vt -0.813887 -0.802203
vt -0.812830985 -0.799831986
vt -0.813887 -0.799821973
vt -0.812830985 -0.799831986
vt -0.812830985 -0.797496974
vt -0.812830985 -0.797496974
vt -0.812830985 -0.799831986
vt -0.811882019 -0.79757601
vt -0.812830985 -0.797496974
vt -0.811882019 -0.79757601
vt -0.811882019 -0.795337021
vt 2.44254589 -0.795337021
vt 2.44212294 -0.79757601
vt 2.44331503 -0.795525014
vt -0.811882019 -0.795337021
vt -0.811091006 -0.795525014
vt -0.811882019 -0.795337021
vt 2.44254589 -0.795337021
vt 2.44331503 -0.795525014
vt 2.44394803 -0.793422997
vt 2.44254589 -0.795337021
vt 2.44394803 -0.793422997
vt 2.44320297 -0.793155015
vt 2.44320297 -0.793155015
vt 2.44394803 -0.793422997
vt 2.44480205 -0.791401982
vt 2.44320297 -0.793155015
vt 2.44480205 -0.791401982
vt 2.44408989 -0.791055024
vt 2.44408989 -0.791055024
vt 2.44480205 -0.791401982
vt 2.44586492 -0.789481997
vt 2.44408989 -0.791055024
vt 2.44586492 -0.789481997
vt 2.44519401 -0.789062023
vt 2.44519401 -0.789062023
vt 2.44586492 -0.789481997
vt 2.44712591 -0.78768599
vt 2.44519401 -0.789062023
vt 2.44712591 -0.78768599
vt 2.44650412 -0.787196994
vt 2.44650412 -0.787196994
vt 2.44712591 -0.78768599
vt 2.44857097 -0.786033988
vt 2.44650412 -0.787196994
vt 2.44857097 -0.786033988
vt 2.44800401 -0.785481989
vt 2.44800401 -0.785481989
vt 2.44857097 -0.786033988
vt 2.45018411 -0.784546018
vt 2.44800401 -0.785481989
vt 2.45018411 -0.784546018
vt 2.44967794 -0.783936024
vt 2.44967794 -0.783936024
vt 2.45018411 -0.784546018
vt 2.45194602 -0.78323698
vt 2.44967794 -0.783936024
vt 2.45194602 -0.78323698
vt 2.45150805 -0.782576978
vt 2.45150805 -0.782576978
vt 2.45194602 -0.78323698
vt 2.45383692 -0.782123029
vt 2.45150805 -0.782576978
vt 2.45383692 -0.782123029
vt 2.45347095 -0.781419992
vt 2.45347095 -0.781419992
vt 2.45383692 -0.782123029
vt 2.4558351 -0.781216025
vt 2.45347095 -0.781419992
vt 2.4558351 -0.781216025
vt 2.4555459 -0.780479014
vt 2.4555459 -0.780479014
vt 2.4558351 -0.781216025
vt 2.45791888 -0.780526996
vt 2.4555459 -0.780479014
vt 2.45791888 -0.780526996
vt 2.45771003 -0.779762983
vt 2.45771003 -0.779762983
vt 2.45791888 -0.780526996
vt 2.46006298 -0.780062973
vt 2.45771003 -0.779762983
vt 2.46006298 -0.780062973
vt 2.45993805 -0.77928102
vt 2.45993805 -0.77928102
vt 2.46006298 -0.780062973
vt 2.46224499 -0.779829025
vt 2.45993805 -0.77928102
vt 2.46224499 -0.779829025
vt 2.46220398 -0.779039025
vt 2.46220398 0.811882019
vt 2.46224499 0.811091006
vt 2.46444011 0.811091006
vt 2.46220398 0.811882019
vt 2.46444011 0.811091006
vt 2.46448207 0.811882019
vt 2.46448207 -0.779039025
vt 2.46444011 -0.779829025
vt 2.46662211 -0.780062973
vt 2.46448207 -0.779039025
vt 2.46662211 -0.780062973
vt 2.466748 -0.77928102
vt 2.466748 -0.77928102
vt 2.46662211 -0.780062973
vt 2.46876788 -0.780526996
vt 2.466748 -0.77928102
vt 2.46876788 -0.780526996
vt 2.46897507 -0.779762983
vt 2.46897507 -0.779762983
vt 2.46876788 -0.780526996
vt 2.47085094 -0.781216025
vt 2.46897507 -0.779762983
vt 2.47085094 -0.781216025
vt 2.47113895 -0.780479014
vt 2.47113895 -0.780479014
vt 2.47085094 -0.781216025
vt 2.47284889 -0.782123029
vt 2.47113895 -0.780479014
vt 2.47284889 -0.782123029
vt 2.4732151 -0.781419992
vt 2.4732151 -0.781419992
vt 2.47284889 -0.782123029
vt 2.47474003 -0.78323698
vt 2.4732151 -0.781419992
vt 2.47474003 -0.78323698
vt 2.475178 -0.782576978
vt 2.475178 -0.782576978
vt 2.47474003 -0.78323698
vt 2.47650194 -0.784546018
vt 2.475178 -0.782576978
vt 2.47650194 -0.784546018
vt 2.4770081 -0.783936024
vt 2.4770081 -0.783936024
vt 2.47650194 -0.784546018
vt 2.47811508 -0.786033988
vt 2.4770081 -0.783936024
vt 2.47811508 -0.786033988
vt 2.47868204 -0.785481989
vt 2.47868204 -0.785481989
vt 2.47811508 -0.786033988
vt 2.47955894 -0.78768599
vt 2.47868204 -0.785481989
vt 2.47955894 -0.78768599
vt 2.48018193 -0.787196994
vt 2.48018193 -0.787196994
vt 2.47955894 -0.78768599
vt 2.48082089 -0.789481997
vt 2.48018193 -0.787196994
vt 2.48082089 -0.789481997
vt 2.48149204 -0.789062023
vt 2.48149204 -0.789062023
vt 2.48082089 -0.789481997
vt 2.481884 -0.791401982
vt 2.48149204 -0.789062023
vt 2.481884 -0.791401982
vt 2.48259592 -0.791055024
vt 2.48259592 -0.791055024
vt 2.481884 -0.791401982
vt 2.48273706 -0.793422997
vt 2.48259592 -0.791055024
vt 2.48273706 -0.793422997
vt 2.48348188 -0.793155015
vt 2.48348188 -0.793155015
vt 2.48273706 -0.793422997
vt 2.48337102 -0.795525014
vt 2.48348188 -0.793155015
vt 2.48337102 -0.795525014
vt 2.48413992 -0.795337021
vt 2.48413992 -0.795337021
vt 2.48337102 -0.795525014
vt 2.483778 -0.797680974
vt 2.48413992 -0.795337021
vt 2.483778 -0.797680974
vt 2.48456311 -0.79757601
vt 2.48456311 -0.79757601
vt 2.483778 -0.797680974
vt 2.483953 -0.799869001
vt 2.48456311 -0.79757601
vt 2.483953 -0.799869001
vt 2.48474407 -0.79984802
vt 0.811882019 -0.79984802
vt 0.811091006 -0.799869001
vt 0.811091006 -0.802062988
vt 0.811882019 -0.79984802
vt 0.811091006 -0.802062988
vt 0.811882019 -0.80212599
vt 2.48468399 -0.80212599
vt 2.48389506 -0.802062988
vt 2.483603 -0.804238021
vt -0.811882019 -0.80212599
vt -0.811091006 -0.804238021
vt -0.811882019 -0.80212599
vt 2.48468399 -0.80212599
vt 2.483603 -0.804238021
vt 2.48438096 -0.804383993
vt 0.811882019 -0.80212599
vt 0.811882019 -0.804383993
vt 0.812830985 -0.802173018
vt 0.812830985 -0.802173018
vt 0.811882019 -0.804383993
vt 0.812830985 -0.804494977
vt 0.812830985 -0.802173018
vt 0.812830985 -0.804494977
vt 0.813887 -0.802203
vt 0.813887 -0.802203
vt 0.812830985 -0.804494977
vt 0.813887 -0.804562986
vt 0.813887 -0.802203
vt 0.813887 -0.804562986
vt 0.814999998 -0.802213013
vt 0.814999998 -0.802213013
vt 0.813887 -0.804562986
vt 0.814999998 -0.804587007
vt 0.814999998 -0.802213013
vt 0.814999998 -0.804587007
vt 0.815999985 -0.804587007
vt 0.815999985 -0.804587007
vt 0.814999998 -0.804587007
vt 0.815999985 -0.805423975
vt 0.815999985 -0.804587007
vt 0.815999985 -0.805423975
vt 0.817112982 -0.804562986
vt 0.817112982 -0.804562986
vt 0.815999985 -0.805423975
vt 0.817112982 -0.806877017
vt 0.817112982 -0.804562986
vt 0.817112982 -0.806877017
vt 0.818168998 -0.804494977
vt 0.818168998 -0.804494977
vt 0.817112982 -0.806877017
vt 0.818168998 -0.806770027
vt 0.818168998 -0.804494977
vt 0.818168998 -0.806770027
vt 0.81911701 -0.804383993
vt 0.81911701 -0.804383993
vt 0.818168998 -0.806770027
vt 0.81911701 -0.806598008
vt -2.48438096 -0.804383993
vt -2.48384094 -0.806598008
vt -2.483603 -0.804238021
vt -2.483603 -0.804238021
vt -2.48384094 -0.806598008
vt -2.48308206 -0.80637002
vt -2.483603 -0.804238021
vt -2.48308206 -0.80637002
vt -2.48267198 -0.804062009
vt -2.48267198 -0.804062009
vt -2.48308206 -0.80637002
vt -2.48217511 -0.806096017
vt -2.48267198 -0.804062009
vt -2.48217511 -0.806096017
vt -2.48163295 -0.803866029
vt -2.48163295 -0.803866029
vt -2.48217511 -0.806096017
vt -2.48116302 -0.80579102
vt -2.48163295 -0.803866029
vt -2.48116302 -0.80579102
vt -2.48054004 -0.803659976
vt -2.48054004 -0.803659976
vt -2.48116302 -0.80579102
vt -2.48009801 -0.80546999
vt -0.82099998 -0.803659976
vt -0.82099998 -0.80546999
vt -0.82099998 -0.803659976
vt -2.48054004 -0.803659976
vt -2.48009801 -0.80546999
vt -2.46334291 -0.800418019
vt -2.48054004 -0.803659976
vt -2.46334291 -0.800418019
vt -2.48078799 -0.80181402
vt -2.48078799 -0.80181402
vt -2.46334291 -0.800418019
vt -2.48083711 -0.799951971
vt -2.48078799 -0.80181402
vt -2.48083711 -0.799951971
vt -2.48189592 -0.801903009
vt -2.48189592 -0.801903009
vt -2.48083711 -0.799951971
vt -2.48194909 -0.799921989
vt -2.48189592 -0.801903009
vt -2.48194909 -0.799921989
vt -2.48294997 -0.801986992
vt -2.48294997 -0.801986992
vt -2.48194909 -0.799921989
vt -2.483006 -0.799893975
vt -2.48294997 -0.801986992
vt -2.483006 -0.799893975
vt -2.48389506 -0.802062988
vt -2.48389506 -0.802062988
vt -2.483006 -0.799893975
vt -2.483953 -0.799869001
vt 0.819908977 -0.802062988
vt 0.819908977 -0.799869001
vt 0.81911701 -0.80212599
vt 0.81911701 -0.80212599
vt 0.819908977 -0.799869001
vt 0.81911701 -0.79984802
vt 0.81911701 -0.80212599
vt 0.81911701 -0.79984802
vt 0.818168998 -0.802173018
vt 0.818168998 -0.802173018
vt 0.81911701 -0.79984802
vt 0.818168998 -0.799831986
vt 0.818168998 -0.802173018
vt 0.818168998 -0.799831986
vt 0.817112982 -0.802203
vt 0.817112982 -0.802203
vt 0.818168998 -0.799831986
vt 0.817112982 -0.799821973
vt 0.817112982 -0.802203
vt 0.817112982 -0.799821973
vt 0.815999985 -0.802098989
vt 0.815999985 -0.802098989
vt 0.817112982 -0.799821973
vt 0.815999985 -0.799818993
vt 0.815999985 -0.802098989
vt 0.815999985 -0.799818993
vt 0.814999998 -0.799818993
vt 0.814999998 -0.799818993
vt 0.815999985 -0.799818993
vt 0.814999998 -0.798735976
vt 0.814999998 -0.799818993
vt 0.814999998 -0.798735976
vt 0.813887 -0.799821973
vt 0.813887 -0.799821973
vt 0.814999998 -0.798735976
vt 0.813887 -0.797447979
vt 0.813887 -0.799821973
vt 0.813887 -0.797447979
vt 0.812830985 -0.799831986
vt 0.812830985 -0.799831986
vt 0.813887 -0.797447979
vt 0.812830985 -0.797496974
vt 0.812830985 -0.799831986
vt 0.812830985 -0.797496974
vt 0.811882019 -0.79984802
vt -0.811882019 -0.79984802
vt -0.812830985 -0.797496974
vt -0.812830985 -0.797496974
vt 0.811882019 -0.79984802
vt 0.812830985 -0.797496974
vt 0.811882019 -0.79757601
vt 0.811882019 -0.79757601
vt 0.812830985 -0.797496974
vt 0.812830985 -0.795194983
vt 0.811882019 -0.79757601
vt 0.812830985 -0.795194983
vt 0.811882019 -0.795337021
vt 0.811882019 -0.795337021
vt 0.812830985 -0.795194983
vt 0.812830985 -0.792953014
vt 0.811882019 -0.795337021
vt 0.812830985 -0.792953014
vt 0.811882019 -0.793155015
vt 0.811882019 -0.793155015
vt 0.812830985 -0.792953014
vt 0.812830985 -0.790795028
vt 0.811882019 -0.793155015
vt 0.812830985 -0.790795028
vt 0.811882019 -0.791055024
vt 0.811882019 -0.791055024
vt 0.812830985 -0.790795028
vt 0.812830985 -0.788745999
vt 0.811882019 -0.791055024
vt 0.812830985 -0.788745999
vt 0.811882019 -0.789062023
vt 0.811882019 -0.789062023
vt 0.812830985 -0.788745999
vt 0.812830985 -0.786828995
vt 0.811882019 -0.789062023
vt 0.812830985 -0.786828995
vt 0.811882019 -0.787196994
vt 0.811882019 -0.787196994
vt 0.812830985 -0.786828995
vt 0.812830985 -0.785066009
vt 0.811882019 -0.787196994
vt 0.812830985 -0.785066009
vt 0.811882019 -0.785481989
vt 2.47868204 0.811882019
vt 2.4791081 0.812830985
vt 2.47738695 0.812830985
vt 2.47868204 0.811882019
vt 2.47738695 0.812830985
vt 2.4770081 0.811882019
vt 2.4770081 0.811882019
vt 2.47738695 0.812830985
vt 2.47550702 0.812830985
vt 2.4770081 0.811882019
vt 2.47550702 0.812830985
vt 2.475178 0.811882019
vt 2.475178 0.811882019
vt 2.47550702 0.812830985
vt 2.47348905 0.812830985
vt 2.475178 0.811882019
vt 2.47348905 0.812830985
vt 2.4732151 0.811882019
vt 2.4732151 0.811882019
vt 2.47348905 0.812830985
vt 2.47135592 0.812830985
vt 2.4732151 0.811882019
vt 2.47135592 0.812830985
vt 2.47113895 0.811882019
vt 2.47113895 0.811882019
vt 2.47135592 0.812830985
vt 2.4691329 0.812830985
vt 2.47113895 0.811882019
vt 2.4691329 0.812830985
vt 2.46897507 0.811882019
vt 2.46897507 0.811882019
vt 2.4691329 0.812830985
vt 2.46684289 0.812830985
vt 2.46897507 0.811882019
vt 2.46684289 0.812830985
vt 2.466748 0.811882019
vt 2.466748 0.811882019
vt 2.46684289 0.812830985
vt 2.46451402 0.812830985
vt 2.466748 0.811882019
vt 2.46451402 0.812830985
vt 2.46448207 0.811882019
vt 2.46448207 0.811882019
vt 2.46451402 0.812830985
vt 2.46217203 0.812830985
vt 2.46448207 0.811882019
vt 2.46217203 0.812830985
vt 2.46220398 0.811882019
vt 2.46220398 0.811882019
vt 2.46217203 0.812830985
vt 2.45984292 0.812830985
vt 2.46220398 0.811882019
vt 2.45984292 0.812830985
vt 2.45993805 0.811882019
vt 2.45993805 0.811882019
vt 2.45984292 0.812830985
vt 2.4575541 0.812830985
vt 2.45993805 0.811882019
vt 2.4575541 0.812830985
vt 2.45771003 0.811882019
vt 2.45771003 0.811882019
vt 2.4575541 0.812830985
vt 2.45532894 0.812830985
vt 2.45771003 0.811882019
vt 2.45532894 0.812830985
vt 2.4555459 0.811882019
vt 2.4555459 0.811882019
vt 2.45532894 0.812830985
vt 2.453197 0.812830985
vt 2.4555459 0.811882019
vt 2.453197 0.812830985
vt 2.45347095 0.811882019
vt 2.45347095 0.811882019
vt 2.453197 0.812830985
vt 2.45117903 0.812830985
vt 2.45347095 0.811882019
vt 2.45117903 0.812830985
vt 2.45150805 0.811882019
vt 2.45150805 0.811882019
vt 2.45117903 0.812830985
vt 2.4492991 0.812830985
vt 2.45150805 0.811882019
vt 2.4492991 0.812830985
vt 2.44967794 0.811882019
vt 2.44967794 0.811882019
vt 2.4492991 0.812830985
vt 2.447577 0.812830985
vt 2.44967794 0.811882019
vt 2.447577 0.812830985
vt 2.44800401 0.811882019
vt -0.811882019 -0.785481989
vt -0.812830985 -0.785066009
vt -0.812830985 -0.786828995
vt -0.811882019 -0.785481989
vt -0.812830985 -0.786828995
vt -0.811882019 -0.787196994
vt -0.811882019 -0.787196994
vt -0.812830985 -0.786828995
vt -0.812830985 -0.788745999
vt -0.811882019 -0.787196994
vt -0.812830985 -0.788745999
vt -0.811882019 -0.789062023
vt -0.811882019 -0.789062023
vt -0.812830985 -0.788745999
vt -0.812830985 -0.790795028
vt -0.811882019 -0.789062023
vt -0.812830985 -0.790795028
vt -0.811882019 -0.791055024
vt -0.811882019 -0.791055024
vt -0.812830985 -0.790795028
vt -0.812830985 -0.792953014
vt -0.811882019 -0.791055024
vt -0.812830985 -0.792953014
vt -0.811882019 -0.793155015
vt -0.811882019 -0.793155015
vt -0.812830985 -0.792953014
vt -0.812830985 -0.795194983
vt -0.811882019 -0.793155015
vt -0.812830985 -0.795194983
vt -0.811882019 -0.795337021
vt -0.811882019 -0.795337021
vt -0.812830985 -0.795194983
vt -0.812830985 -0.795194983
vt -0.811882019 -0.795337021
vt -0.812830985 -0.795194983
vt -0.812830985 -0.797496974
vt -0.812830985 -0.797496974
vt -0.812830985 -0.795194983
vt -0.813887 -0.797447979
vt -0.812830985 -0.797496974
vt -0.813887 -0.797447979
vt -0.813887 -0.799821973
vt -0.813887 -0.799821973
vt -0.813887 -0.797447979
vt -0.814999998 -0.798735976
vt -0.813887 -0.799821973
vt -0.814999998 -0.798735976
vt -0.814999998 -0.799818993
vt -0.814999998 -0.799818993
vt -0.814999998 -0.798735976
vt -0.815999985 -0.798735976
vt -0.814999998 -0.799818993
vt -0.815999985 -0.798735976
vt -0.815999985 -0.799818993
vt -0.815999985 -0.799818993
vt -0.815999985 -0.798735976
vt -0.817112982 -0.799821973
vt -0.815999985 -0.799818993
vt -0.817112982 -0.799821973
vt -0.815999985 -0.802098989
vt -0.815999985 -0.802098989
vt -0.817112982 -0.799821973
vt -0.817112982 -0.799821973
vt -0.815999985 -0.802098989
vt -0.817112982 -0.799821973
vt -0.817112982 -0.802203
vt -0.817112982 -0.802203
vt -0.817112982 -0.799821973
vt -0.818168998 -0.802173018
vt -0.817112982 -0.802203
vt -0.818168998 -0.802173018
vt -0.818168998 -0.804494977
vt -0.818168998 -0.804494977
vt -0.818168998 -0.802173018
vt -0.81911701 -0.804383993
vt -0.818168998 -0.804494977
vt -0.81911701 -0.804383993
vt -0.81911701 -0.806598008
vt -2.44284606 -0.806598008
vt -2.44230509 -0.804383993
vt -2.44360399 -0.80637002
vt -2.44284606 -0.806598008
vt -2.44360399 -0.80637002
vt -2.4443481 -0.80843401
vt -2.4443481 -0.80843401
vt -2.44360399 -0.80637002
vt -2.44522095 -0.808064997
vt -2.4443481 -0.80843401
vt -2.44522095 -0.808064997
vt -2.44613695 -0.809948981
vt -2.44613695 -0.809948981
vt -2.44522095 -0.808064997
vt -2.44706106 -0.809436023
vt -2.44613695 -0.809948981
vt -2.44706106 -0.809436023
vt -2.44811201 -0.81111598
vt -2.44811201 -0.81111598
vt -2.44706106 -0.809436023
vt -2.44902301 -0.810476005
vt -2.44811201 -0.81111598
vt -2.44902301 -0.810476005
vt -2.4501729 -0.811941028
vt -0.82099998 -0.811941028
vt -0.82099998 -0.810476005
vt -0.82099998 -0.810476005
vt -2.4501729 -0.811941028
vt -2.44902301 -0.810476005
vt -2.46334291 -0.800418019
vt -2.46334291 -0.800418019
vt -2.44902301 -0.810476005
vt -2.448035 -0.808897018
vt -2.46334291 -0.800418019
vt -2.448035 -0.808897018
vt -2.44722009 -0.807222009
vt -2.44722009 -0.807222009
vt -2.448035 -0.808897018
vt -2.44619489 -0.807654977
vt -2.44722009 -0.807222009
vt -2.44619489 -0.807654977
vt -2.44552302 -0.80579102
vt -2.44552302 -0.80579102
vt -2.44619489 -0.807654977
vt -2.44451094 -0.806096017
vt -2.44552302 -0.80579102
vt -2.44451094 -0.806096017
vt -2.44401407 -0.804062009
vt -2.44401407 -0.804062009
vt -2.44451094 -0.806096017
vt -2.44308209 -0.804238021
vt -2.44401407 -0.804062009
vt -2.44308209 -0.804238021
vt -2.44279099 -0.802062988
vt -2.44279099 -0.802062988
vt -2.44308209 -0.804238021
vt -2.44200206 -0.80212599
vt -0.819908977 -0.802062988
vt -0.81911701 -0.80212599
vt -0.81911701 -0.79984802
vt -0.81911701 -0.79984802
vt -0.81911701 -0.80212599
vt -0.818168998 -0.799831986
vt -0.81911701 -0.79984802
vt -0.818168998 -0.799831986
vt -0.818168998 -0.797496974
vt -0.818168998 -0.797496974
vt -0.818168998 -0.799831986
vt -0.817112982 -0.797447979
vt -0.818168998 -0.797496974
vt -0.817112982 -0.797447979
vt -0.817112982 -0.795107007
vt -0.817112982 -0.795107007
vt -0.817112982 -0.797447979
vt -0.815999985 -0.795410991
vt -0.817112982 -0.795107007
vt -0.815999985 -0.795410991
vt -0.815999985 -0.79507798
vt -0.815999985 -0.79507798
vt -0.815999985 -0.795410991
vt -0.814999998 -0.795410991
vt -0.815999985 -0.79507798
vt -0.814999998 -0.795410991
vt -0.814999998 -0.79507798
vt -0.814999998 -0.79507798
vt -0.814999998 -0.795410991
vt -0.813887 -0.795107007
vt -0.814999998 -0.79507798
vt -0.813887 -0.795107007
vt -0.813887 -0.79282701
vt -0.813887 -0.79282701
vt -0.813887 -0.795107007
vt -0.812830985 -0.792953014
vt -0.813887 -0.79282701
vt -0.812830985 -0.792953014
vt -0.813887 -0.79282701
vt -0.813887 -0.79282701
vt -0.812830985 -0.792953014
vt -0.812830985 -0.790795028
vt -0.813887 -0.79282701
vt -0.812830985 -0.790795028
vt -0.813887 -0.790633023
vt -0.813887 -0.790633023
vt -0.812830985 -0.790795028
vt -0.812830985 -0.788745999
vt -0.813887 -0.790633023
vt -0.812830985 -0.788745999
vt -0.813887 -0.788550019
vt -0.813887 -0.788550019
vt -0.812830985 -0.788745999
vt -0.812830985 -0.786828995
vt -0.813887 -0.788550019
vt -0.812830985 -0.786828995
vt -0.813887 -0.786601007
vt -0.813887 -0.786601007
vt -0.812830985 -0.786828995
vt -0.812830985 -0.785066009
vt -0.813887 -0.786601007
vt -0.812830985 -0.785066009
vt -0.813887 -0.78480798
vt 2.44731212 0.813887
vt 2.447577 0.812830985
vt 2.4492991 0.812830985
vt 2.44731212 0.813887
vt 2.4492991 0.812830985
vt 2.44906211 0.813887
vt 2.44906211 0.813887
vt 2.4492991 0.812830985
vt 2.45117903 0.812830985
vt 2.44906211 0.813887
vt 2.45117903 0.812830985
vt 2.45097399 0.813887
vt 2.45097399 0.813887
vt 2.45117903 0.812830985
vt 2.453197 0.812830985
vt 2.45097399 0.813887
vt 2.453197 0.812830985
vt 2.45302606 0.813887
vt 2.45302606 0.813887
vt 2.453197 0.812830985
vt 2.45532894 0.812830985
vt 2.45302606 0.813887
vt 2.45532894 0.812830985
vt 2.45519495 0.813887
vt 2.45519495 0.813887
vt 2.45532894 0.812830985
vt 2.4575541 0.812830985
vt 2.45519495 0.813887
vt 2.4575541 0.812830985
vt 2.45745611 0.813887
vt 2.45745611 0.813887
vt 2.4575541 0.812830985
vt 2.45984292 0.812830985
vt 2.45745611 0.813887
vt 2.45984292 0.812830985
vt 2.45978403 0.813887
vt 2.45978403 0.813887
vt 2.45984292 0.812830985
vt 2.46217203 0.812830985
vt 2.45978403 0.813887
vt 2.46217203 0.812830985
vt 2.462152 0.813887
vt 2.462152 0.813887
vt 2.46217203 0.812830985
vt 2.46451402 0.812830985
vt 2.462152 0.813887
vt 2.46451402 0.812830985
vt 2.46453404 0.813887
vt 2.46453404 0.813887
vt 2.46451402 0.812830985
vt 2.46684289 0.812830985
vt 2.46453404 0.813887
vt 2.46684289 0.812830985
vt 2.46690202 0.813887
vt 2.46690202 0.813887
vt 2.46684289 0.812830985
vt 2.4691329 0.812830985
vt 2.46690202 0.813887
vt 2.4691329 0.812830985
vt 2.46922994 0.813887
vt 2.46922994 0.813887
vt 2.4691329 0.812830985
vt 2.47135592 0.812830985
vt 2.46922994 0.813887
vt 2.47135592 0.812830985
vt 2.4714911 0.813887
vt 2.4714911 0.813887
vt 2.47135592 0.812830985
vt 2.47348905 0.812830985
vt 2.4714911 0.813887
vt 2.47348905 0.812830985
vt 2.47365999 0.813887
vt 2.47365999 0.813887
vt 2.47348905 0.812830985
vt 2.47550702 0.812830985
vt 2.47365999 0.813887
vt 2.47550702 0.812830985
vt 2.47571206 0.813887
vt 2.47571206 0.813887
vt 2.47550702 0.812830985
vt 2.47738695 0.812830985
vt 2.47571206 0.813887
vt 2.47738695 0.812830985
vt 2.47762299 0.813887
vt 2.47762299 0.813887
vt 2.47738695 0.812830985
vt 2.4791081 0.812830985
vt 2.47762299 0.813887
vt 2.4791081 0.812830985
vt 2.47937298 0.813887
vt 0.813887 -0.78480798
vt 0.812830985 -0.785066009
vt 0.812830985 -0.786828995
vt 0.813887 -0.78480798
vt 0.812830985 -0.786828995
vt 0.813887 -0.786601007
vt 0.813887 -0.786601007
vt 0.812830985 -0.786828995
vt 0.812830985 -0.788745999
vt 0.813887 -0.786601007
vt 0.812830985 -0.788745999
vt 0.813887 -0.788550019
vt 0.813887 -0.788550019
vt 0.812830985 -0.788745999
vt 0.812830985 -0.790795028
vt 0.813887 -0.788550019
vt 0.812830985 -0.790795028
vt 0.813887 -0.790633023
vt 0.813887 -0.790633023
vt 0.812830985 -0.790795028
vt 0.812830985 -0.792953014
vt 0.813887 -0.790633023
vt 0.812830985 -0.792953014
vt 0.813887 -0.79282701
vt 0.813887 -0.79282701
vt 0.812830985 -0.792953014
vt 0.812830985 -0.795194983
vt 0.813887 -0.79282701
vt 0.812830985 -0.795194983
vt 0.813887 -0.795107007
vt 0.813887 -0.795107007
vt 0.812830985 -0.795194983
vt 0.812830985 -0.797496974
vt -0.813887 -0.795107007
vt -0.812830985 -0.797496974
vt -0.813887 -0.795107007
vt 0.813887 -0.795107007
vt 0.812830985 -0.797496974
vt 0.813887 -0.797447979
vt 0.813887 -0.795107007
vt 0.813887 -0.797447979
vt 0.814999998 -0.795410991
vt 0.814999998 -0.795410991
vt 0.813887 -0.797447979
vt 0.814999998 -0.797430992
vt 0.814999998 -0.795410991
vt 0.814999998 -0.797430992
vt 0.815999985 -0.797430992
vt 0.815999985 -0.797430992
vt 0.814999998 -0.797430992
vt 0.815999985 -0.798735976
vt 0.815999985 -0.797430992
vt 0.815999985 -0.798735976
vt 0.817112982 -0.797447979
vt 0.817112982 -0.797447979
vt 0.815999985 -0.798735976
vt 0.817112982 -0.799821973
vt 0.817112982 -0.797447979
vt 0.817112982 -0.799821973
vt 0.818168998 -0.797496974
vt 0.818168998 -0.797496974
vt 0.817112982 -0.799821973
vt 0.818168998 -0.799831986
vt 0.818168998 -0.797496974
vt 0.818168998 -0.799831986
vt 0.81911701 -0.79757601
vt 0.81911701 -0.79757601
vt 0.818168998 -0.799831986
vt 0.81911701 -0.79984802
vt -2.48456311 -0.79757601
vt -2.48474407 -0.79984802
vt -2.483778 -0.797680974
vt -2.483778 -0.797680974
vt -2.48474407 -0.79984802
vt -2.483953 -0.799869001
vt -2.483778 -0.797680974
vt -2.483953 -0.799869001
vt -2.48283792 -0.797806978
vt -2.48283792 -0.797806978
vt -2.483953 -0.799869001
vt -2.483006 -0.799893975
vt -2.48283792 -0.797806978
vt -2.483006 -0.799893975
vt -2.48179102 -0.79794699
vt -2.48179102 -0.79794699
vt -2.483006 -0.799893975
vt -2.48194909 -0.799921989
vt -2.48179102 -0.79794699
vt -2.48194909 -0.799921989
vt -2.4806881 -0.798094988
vt -2.4806881 -0.798094988
vt -2.48194909 -0.799921989
vt -2.48083711 -0.799951971
vt -0.82099998 -0.798094988
vt -0.82099998 -0.799951971
vt -0.82099998 -0.798094988
vt -2.4806881 -0.798094988
vt -2.48083711 -0.799951971
vt -2.46334291 -0.800418019
vt -2.4806881 -0.798094988
vt -2.46334291 -0.800418019
vt -2.4803431 -0.796263993
vt -2.4803431 -0.796263993
vt -2.46334291 -0.800418019
vt -2.47980499 -0.794480979
vt -2.4803431 -0.796263993
vt -2.47980499 -0.794480979
vt -2.48142409 -0.796000004
vt -2.48142409 -0.796000004
vt -2.47980499 -0.794480979
vt -2.48085189 -0.794103026
vt -2.48142409 -0.796000004
vt -2.48085189 -0.794103026
vt -2.48245001 -0.795749009
vt -2.48245001 -0.795749009
vt -2.48085189 -0.794103026
vt -2.48184609 -0.793744981
vt -2.48245001 -0.795749009
vt -2.48184609 -0.793744981
vt -2.48337102 -0.795525014
vt -2.48337102 -0.795525014
vt -2.48184609 -0.793744981
vt -2.48273706 -0.793422997
vt -2.48337102 -0.795525014
vt -2.48273706 -0.793422997
vt -2.48413992 -0.795337021
vt -2.48413992 -0.795337021
vt -2.48273706 -0.793422997
vt -2.48348188 -0.793155015
vt 0.81911701 -0.795337021
vt 0.81911701 -0.793155015
vt 0.818168998 -0.795194983
vt 0.818168998 -0.795194983
vt 0.81911701 -0.793155015
vt 0.818168998 -0.792953014
vt 0.818168998 -0.795194983
vt 0.818168998 -0.792953014
vt 0.817112982 -0.795107007
vt 0.817112982 -0.795107007
vt 0.818168998 -0.792953014
vt 0.817112982 -0.79282701
vt 0.817112982 -0.795107007
vt 0.817112982 -0.79282701
vt 0.815999985 -0.79507798
vt 0.815999985 -0.79507798
vt 0.817112982 -0.79282701
vt 0.815999985 -0.792784989
vt 0.815999985 -0.79507798
vt 0.815999985 -0.792784989
vt 0.814999998 -0.792784989
vt 0.814999998 -0.792784989
vt 0.815999985 -0.792784989
vt 0.814999998 -0.792196989
vt 0.814999998 -0.792784989
vt 0.814999998 -0.792196989
vt 0.813887 -0.79282701
vt -0.813887 -0.79282701
vt -0.814999998 -0.792196989
vt -0.814999998 -0.792196989
vt 0.813887 -0.79282701
vt 0.814999998 -0.792196989
vt 0.813887 -0.790633023
vt 0.813887 -0.790633023
vt 0.814999998 -0.792196989
vt 0.814999998 -0.790578008
vt 0.813887 -0.790633023
vt 0.814999998 -0.790578008
vt 0.814999998 -0.789168
vt 0.814999998 -0.789168
vt 0.814999998 -0.790578008
vt 0.815999985 -0.790578008
vt 0.814999998 -0.789168
vt 0.815999985 -0.790578008
vt 0.815999985 -0.789168
vt 0.815999985 -0.789168
vt 0.815999985 -0.790578008
vt 0.817112982 -0.790633023
vt 0.815999985 -0.789168
vt 0.817112982 -0.790633023
vt 0.817112982 -0.788550019
vt 0.817112982 -0.788550019
vt 0.817112982 -0.790633023
vt 0.818168998 -0.788745999
vt 0.817112982 -0.788550019
vt 0.818168998 -0.788745999
vt 0.818168998 -0.786828995
vt 0.818168998 -0.786828995
vt 0.818168998 -0.788745999
vt 0.81911701 -0.787196994
vt 0.818168998 -0.786828995
vt 0.81911701 -0.787196994
vt 0.81911701 -0.785481989
vt -2.47868204 -0.785481989
vt -2.48018193 -0.787196994
vt -2.47811508 -0.786033988
vt -2.47868204 -0.785481989
vt -2.47811508 -0.786033988
vt -2.47650194 -0.784546018
vt -2.47650194 -0.784546018
vt -2.47811508 -0.786033988
vt -2.47589707 -0.785274982
vt -2.47650194 -0.784546018
vt -2.47589707 -0.785274982
vt -2.47421598 -0.78402698
vt -2.47421598 -0.78402698
vt -2.47589707 -0.785274982
vt -2.4736321 -0.784906983
vt -2.47421598 -0.78402698
vt -2.4736321 -0.784906983
vt -2.47192502 -0.783901989
vt -2.47192502 -0.783901989
vt -2.4736321 -0.784906983
vt -2.47141194 -0.784888983
vt -2.47192502 -0.783901989
vt -2.47141194 -0.784888983
vt -2.46971607 -0.78411901
vt -2.46971607 -0.78411901
vt -2.47141194 -0.784888983
vt -2.46334291 -0.800418019
vt -2.46971607 -0.78411901
vt -2.46334291 -0.800418019
vt -2.46794701 -0.78353399
vt -2.46794701 -0.78353399
vt -2.46334291 -0.800418019
vt -2.46612597 -0.783140004
vt -2.46794701 -0.78353399
vt -2.46612597 -0.783140004
vt -2.46824002 -0.782460988
vt -2.46824002 -0.782460988
vt -2.46612597 -0.783140004
vt -2.46630406 -0.782042027
vt -2.46824002 -0.782460988
vt -2.46630406 -0.782042027
vt -2.46851802 -0.781440973
vt -2.46851802 -0.781440973
vt -2.46630406 -0.782042027
vt -2.46647191 -0.780999005
vt -2.46851802 -0.781440973
vt -2.46647191 -0.780999005
vt -2.46876788 -0.780526996
vt -2.46876788 -0.780526996
vt -2.46647191 -0.780999005
vt -2.46662211 -0.780062973
vt -2.46876788 -0.780526996
vt -2.46662211 -0.780062973
vt -2.46897507 -0.779762983
vt -2.46897507 -0.779762983
vt -2.46662211 -0.780062973
vt -2.466748 -0.77928102
vt 2.46897507 0.81911701
vt 2.466748 0.81911701
vt 2.4691329 0.818168998
vt 2.4691329 0.818168998
vt 2.466748 0.81911701
vt 2.46684289 0.818168998
vt 2.4691329 0.818168998
vt 2.46684289 0.818168998
vt 2.46922994 0.817112982
vt 2.46922994 0.817112982
vt 2.46684289 0.818168998
vt 2.46690202 0.817112982
vt 2.46922994 0.817112982
vt 2.46690202 0.817112982
vt 2.46926308 0.815999985
vt 2.46926308 0.815999985
vt 2.46690202 0.817112982
vt 2.46692204 0.815999985
vt 2.46926308 0.815999985
vt 2.46692204 0.815999985
vt 2.46692204 0.814999998
vt 2.46692204 0.814999998
vt 2.46692204 0.815999985
vt 2.46669602 0.814999998
vt 2.46692204 0.814999998
vt 2.46669602 0.814999998
vt 2.46690202 0.813887
vt -0.813887 -0.778328001
vt -0.814999998 -0.778168976
vt -0.814999998 -0.778168976
vt 2.46690202 0.813887
vt 2.46669602 0.814999998
vt 2.46453404 0.813887
vt 2.46453404 0.813887
vt 2.46669602 0.814999998
vt 2.46454 0.814999998
vt 2.46453404 0.813887
vt 2.46454 0.814999998
vt 2.46334291 0.814999998
vt 2.46334291 0.814999998
vt 2.46454 0.814999998
vt 2.46454 0.815999985
vt 2.46334291 0.814999998
vt 2.46454 0.815999985
vt 2.46334291 0.815999985
vt 2.46334291 0.815999985
vt 2.46454 0.815999985
vt 2.46453404 0.817112982
vt 2.46334291 0.815999985
vt 2.46453404 0.817112982
vt 2.462152 0.817112982
vt 2.462152 0.817112982
vt 2.46453404 0.817112982
vt 2.46217203 0.818168998
vt 2.462152 0.817112982
vt 2.46217203 0.818168998
vt 2.45984292 0.818168998
vt 2.45984292 0.818168998
vt 2.46217203 0.818168998
vt 2.45993805 0.81911701
vt 2.45984292 0.818168998
vt 2.45993805 0.81911701
vt 2.45771003 0.81911701
vt -2.45771003 -0.779762983
vt -2.45993805 -0.77928102
vt -2.45791888 -0.780526996
vt -2.45771003 -0.779762983
vt -2.45791888 -0.780526996
vt -2.4558351 -0.781216025
vt -2.4558351 -0.781216025
vt -2.45791888 -0.780526996
vt -2.4561801 -0.782099009
vt -2.4558351 -0.781216025
vt -2.4561801 -0.782099009
vt -2.45427394 -0.782963991
vt -2.45427394 -0.782963991
vt -2.4561801 -0.782099009
vt -2.45476103 -0.783901989
vt -2.45427394 -0.782963991
vt -2.45476103 -0.783901989
vt -2.45305395 -0.784906983
vt -2.45305395 -0.784906983
vt -2.45476103 -0.783901989
vt -2.45366907 -0.785835028
vt -2.45305395 -0.784906983
vt -2.45366907 -0.785835028
vt -2.45217395 -0.786944985
vt -2.45217395 -0.786944985
vt -2.45366907 -0.785835028
vt -2.46334291 -0.800418019
vt -2.45217395 -0.786944985
vt -2.46334291 -0.800418019
vt -2.45080495 -0.788209021
vt -2.45080495 -0.788209021
vt -2.46334291 -0.800418019
vt -2.449579 -0.789610982
vt -2.45080495 -0.788209021
vt -2.449579 -0.789610982
vt -2.45000792 -0.787433028
vt -2.45000792 -0.787433028
vt -2.449579 -0.789610982
vt -2.448704 -0.788923979
vt -2.45000792 -0.787433028
vt -2.448704 -0.788923979
vt -2.44925094 -0.786696017
vt -2.44925094 -0.786696017
vt -2.448704 -0.788923979
vt -2.44787192 -0.78827101
vt -2.44925094 -0.786696017
vt -2.44787192 -0.78827101
vt -2.44857097 -0.786033988
vt -2.44857097 -0.786033988
vt -2.44787192 -0.78827101
vt -2.44712591 -0.78768599
vt -2.44857097 -0.786033988
vt -2.44712591 -0.78768599
vt -2.44800401 -0.785481989
vt -2.44800401 -0.785481989
vt -2.44712591 -0.78768599
vt -2.44650412 -0.787196994
vt -0.81911701 -0.785481989
vt -0.81911701 -0.787196994
vt -0.818168998 -0.785066009
vt -0.818168998 -0.785066009
vt -0.81911701 -0.787196994
vt -0.818168998 -0.786828995
vt -0.818168998 -0.785066009
vt -0.818168998 -0.786828995
vt -0.817112982 -0.78480798
vt -0.817112982 -0.78480798
vt -0.818168998 -0.786828995
vt -0.817112982 -0.786601007
vt -0.817112982 -0.78480798
vt -0.817112982 -0.786601007
vt -0.815999985 -0.786388993
vt -0.815999985 -0.786388993
vt -0.817112982 -0.786601007
vt -0.815999985 -0.786522985
vt -0.815999985 -0.786388993
vt -0.815999985 -0.786522985
vt -0.814999998 -0.786522985
vt -0.814999998 -0.786522985
vt -0.815999985 -0.786522985
vt -0.814999998 -0.788483024
vt -0.814999998 -0.786522985
vt -0.814999998 -0.788483024
vt -0.813887 -0.786601007
vt -0.813887 -0.786601007
vt -0.814999998 -0.788483024
vt -0.814999998 -0.788483024
vt -0.813887 -0.786601007
vt -0.814999998 -0.788483024
vt -0.813887 -0.788550019
vt -0.813887 -0.788550019
vt -0.814999998 -0.788483024
vt -0.814999998 -0.789168
vt -0.813887 -0.788550019
vt -0.814999998 -0.789168
vt -0.813887 -0.790633023
vt -0.813887 -0.790633023
vt -0.814999998 -0.789168
vt -0.814999998 -0.790578008
vt -0.813887 -0.790633023
vt -0.814999998 -0.790578008
vt -0.814999998 -0.792196989
vt -0.814999998 -0.792196989
vt -0.814999998 -0.790578008
vt -0.815999985 -0.790578008
vt -0.814999998 -0.792196989
vt -0.815999985 -0.790578008
vt -0.815999985 -0.792196989
vt -0.815999985 -0.792196989
vt -0.815999985 -0.790578008
vt -0.817112982 -0.790633023
vt -0.815999985 -0.792196989
vt -0.817112982 -0.790633023
vt -0.817112982 -0.79282701
vt -0.817112982 -0.79282701
vt -0.817112982 -0.790633023
vt -0.818168998 -0.792953014
vt -0.817112982 -0.79282701
vt -0.818168998 -0.792953014
vt -0.818168998 -0.795194983
vt -0.818168998 -0.795194983
vt -0.818168998 -0.792953014
vt -0.81911701 -0.795337021
vt -0.818168998 -0.795194983
vt -0.81911701 -0.795337021
vt -0.81911701 -0.79757601
vt -2.44212294 -0.79757601
vt -2.44254589 -0.795337021
vt -2.44290805 -0.797680974
vt -2.44212294 -0.79757601
vt -2.44290805 -0.797680974
vt -2.44273305 -0.799869001
vt -2.44273305 -0.799869001
vt -2.44290805 -0.797680974
vt -2.443681 -0.799893975
vt -2.44273305 -0.799869001
vt -2.443681 -0.799893975
vt -2.44373608 -0.801986992
vt -2.44373608 -0.801986992
vt -2.443681 -0.799893975
vt -2.44478893 -0.801903009
vt -2.44373608 -0.801986992
vt -2.44478893 -0.801903009
vt -2.4450531 -0.803866029
vt -2.4450531 -0.803866029
vt -2.44478893 -0.801903009
vt -2.44614601 -0.803659976
vt -2.4450531 -0.803866029
vt -2.44614601 -0.803659976
vt -2.44658804 -0.80546999
vt -2.44658804 -0.80546999
vt -2.44614601 -0.803659976
vt -2.46334291 -0.800418019
vt -0.82099998 -0.80546999
vt -0.82099998 -0.800418019
vt -0.82099998 -0.80546999
vt -2.44658804 -0.80546999
vt -2.46334291 -0.800418019
vt -2.44722009 -0.807222009
vt -0.82099998 -0.80546999
vt -0.82099998 -0.807222009
vt -0.82099998 -0.80546999
vt -2.44658804 -0.80546999
vt -2.44722009 -0.807222009
vt -2.44552302 -0.80579102
vt -2.44658804 -0.80546999
vt -2.44552302 -0.80579102
vt -2.4450531 -0.803866029
vt -2.4450531 -0.803866029
vt -2.44552302 -0.80579102
vt -2.44401407 -0.804062009
vt -2.4450531 -0.803866029
vt -2.44401407 -0.804062009
vt -2.44373608 -0.801986992
vt -2.44373608 -0.801986992
vt -2.44401407 -0.804062009
vt -2.44279099 -0.802062988
vt -2.44373608 -0.801986992
vt -2.44279099 -0.802062988
vt -2.44273305 -0.799869001
vt -0.819908977 -0.799869001
vt -0.819908977 -0.802062988
vt -0.81911701 -0.79984802
vt -2.44273305 -0.799869001
vt -2.44194102 -0.79984802
vt -2.44212294 -0.79757601
vt -0.81911701 -0.79757601
vt -0.81911701 -0.79984802
vt -0.818168998 -0.797496974
vt -0.81911701 -0.79757601
vt -0.818168998 -0.797496974
vt -0.818168998 -0.795194983
vt -0.818168998 -0.795194983
vt -0.818168998 -0.797496974
vt -0.817112982 -0.795107007
vt -0.818168998 -0.795194983
vt -0.817112982 -0.795107007
vt -0.817112982 -0.79282701
vt -0.817112982 -0.79282701
vt -0.817112982 -0.795107007
vt -0.815999985 -0.792784989
vt -0.817112982 -0.79282701
vt -0.815999985 -0.792784989
vt -0.815999985 -0.792196989
vt -0.815999985 -0.792196989
vt -0.815999985 -0.792784989
vt -0.814999998 -0.792784989
vt -0.815999985 -0.792196989
vt -0.814999998 -0.792784989
vt -0.814999998 -0.792196989
vt -0.814999998 -0.792196989
vt -0.814999998 -0.792784989
vt -0.813887 -0.79282701
vt -0.814999998 -0.792196989
vt -0.813887 -0.79282701
vt -0.813887 -0.790633023
vt -0.813887 -0.79282701
vt -0.814999998 -0.792784989
vt -0.814999998 -0.79507798
vt -0.814999998 -0.79507798
vt -0.814999998 -0.792784989
vt -0.815999985 -0.792784989
vt -0.814999998 -0.79507798
vt -0.815999985 -0.792784989
vt -0.815999985 -0.79507798
vt -0.815999985 -0.79507798
vt -0.815999985 -0.792784989
vt -0.817112982 -0.795107007
vt 2.46453404 0.813887
vt 2.46334291 0.814999998
vt 2.462152 0.813887
vt 2.462152 0.813887
vt 2.46334291 0.814999998
vt 2.46214509 0.814999998
vt 2.462152 0.813887
vt 2.46214509 0.814999998
vt 2.45999002 0.814999998
vt 2.45999002 0.814999998
vt 2.46214509 0.814999998
vt 2.46214509 0.815999985
vt 2.45999002 0.814999998
vt 2.46214509 0.815999985
vt 2.45999002 0.815999985
vt 2.45999002 0.815999985
vt 2.46214509 0.815999985
vt 2.462152 0.817112982
vt 2.45999002 0.815999985
vt 2.462152 0.817112982
vt 2.45978403 0.817112982
vt 2.45978403 0.817112982
vt 2.462152 0.817112982
vt 2.45984292 0.818168998
vt 2.45978403 0.817112982
vt 2.45984292 0.818168998
vt 2.4575541 0.818168998
vt 2.4575541 0.818168998
vt 2.45984292 0.818168998
vt 2.45771003 0.81911701
vt 2.4575541 0.818168998
vt 2.45771003 0.81911701
vt 2.4555459 0.81911701
vt -2.4555459 -0.780479014
vt -2.45771003 -0.779762983
vt -2.4558351 -0.781216025
vt -2.4555459 -0.780479014
vt -2.4558351 -0.781216025
vt -2.45383692 -0.782123029
vt -2.45383692 -0.782123029
vt -2.4558351 -0.781216025
vt -2.45427394 -0.782963991
vt -2.45383692 -0.782123029
vt -2.45427394 -0.782963991
vt -2.45247006 -0.78402698
vt -2.45247006 -0.78402698
vt -2.45427394 -0.782963991
vt -2.45305395 -0.784906983
vt -2.45247006 -0.78402698
vt -2.45305395 -0.784906983
vt -2.45146394 -0.786089003
vt -2.45146394 -0.786089003
vt -2.45305395 -0.784906983
vt -2.45217395 -0.786944985
vt -0.820874989 -0.786089003
vt -0.82099998 -0.786944985
vt -0.820874989 -0.786089003
vt -2.45146394 -0.786089003
vt -2.45217395 -0.786944985
vt -2.45080495 -0.788209021
vt -0.820874989 -0.786089003
vt -0.82099998 -0.788209021
vt -0.820874989 -0.786089003
vt -2.45146394 -0.786089003
vt -2.45080495 -0.788209021
vt -2.45000792 -0.787433028
vt -2.45146394 -0.786089003
vt -2.45000792 -0.787433028
vt -2.45078897 -0.785274982
vt -2.45078897 -0.785274982
vt -2.45000792 -0.787433028
vt -2.44925094 -0.786696017
vt -2.45078897 -0.785274982
vt -2.44925094 -0.786696017
vt -2.45018411 -0.784546018
vt -2.45018411 -0.784546018
vt -2.44925094 -0.786696017
vt -2.44857097 -0.786033988
vt -2.45018411 -0.784546018
vt -2.44857097 -0.786033988
vt -2.44967794 -0.783936024
vt -2.44967794 -0.783936024
vt -2.44857097 -0.786033988
vt -2.44800401 -0.785481989
vt 2.44967794 0.81911701
vt 2.44800401 0.81911701
vt 2.4492991 0.818168998
vt 2.4492991 0.818168998
vt 2.44800401 0.81911701
vt 2.447577 0.818168998
vt 2.4492991 0.818168998
vt 2.447577 0.818168998
vt 2.44906211 0.817112982
vt 2.44906211 0.817112982
vt 2.447577 0.818168998
vt 2.44731212 0.817112982
vt 2.44906211 0.817112982
vt 2.44731212 0.817112982
vt 2.44803905 0.815999985
vt 2.44803905 0.815999985
vt 2.44731212 0.817112982
vt 2.44722295 0.815999985
vt 2.44803905 0.815999985
vt 2.44722295 0.815999985
vt 2.44722295 0.814999998
vt -0.814999998 -0.784721017
vt -0.815999985 -0.784721017
vt -0.814999998 -0.786388993
vt -0.814999998 -0.784721017
vt -0.814999998 -0.786388993
vt -0.813887 -0.78480798
vt -0.813887 -0.78480798
vt -0.814999998 -0.786388993
vt -0.814999998 -0.786388993
vt -0.813887 -0.78480798
vt -0.814999998 -0.786388993
vt -0.813887 -0.786601007
vt -0.813887 -0.786601007
vt -0.814999998 -0.786388993
vt -0.814999998 -0.786388993
vt -0.813887 -0.786601007
vt -0.814999998 -0.786388993
vt -0.814999998 -0.786522985
vt -0.814999998 -0.786522985
vt -0.814999998 -0.786388993
vt -0.814999998 -0.786388993
vt -0.814999998 -0.786522985
vt -0.814999998 -0.786388993
vt -0.815999985 -0.786388993
vt -0.815999985 -0.786388993
vt -0.814999998 -0.786388993
vt -0.815999985 -0.784721017
vt -0.815999985 -0.786388993
vt -0.815999985 -0.784721017
vt -0.817112982 -0.78480798
vt -2.45146394 -0.786089003
vt -2.45078897 -0.785274982
vt -2.45247006 -0.78402698
vt -2.45247006 -0.78402698
vt -2.45078897 -0.785274982
vt -2.45194602 -0.78323698
vt -2.45247006 -0.78402698
vt -2.45194602 -0.78323698
vt -2.45383692 -0.782123029
vt -2.45383692 -0.782123029
vt -2.45194602 -0.78323698
vt -2.45347095 -0.781419992
vt -2.45383692 -0.782123029
vt -2.45347095 -0.781419992
vt -2.4555459 -0.780479014
vt 2.4555459 0.81911701
vt 2.45347095 0.81911701
vt 2.45532894 0.818168998
vt 2.4555459 0.81911701
vt 2.45532894 0.818168998
vt 2.4575541 0.818168998
vt 2.4575541 0.818168998
vt 2.45532894 0.818168998
vt 2.45745611 0.817112982
vt 2.4575541 0.818168998
vt 2.45745611 0.817112982
vt 2.45978403 0.817112982
vt 2.45978403 0.817112982
vt 2.45745611 0.817112982
vt 2.459764 0.815999985
vt 2.45978403 0.817112982
vt 2.459764 0.815999985
vt 2.45999002 0.815999985
vt 2.45999002 0.815999985
vt 2.459764 0.815999985
vt 2.459764 0.814999998
vt 2.45999002 0.815999985
vt 2.459764 0.814999998
vt 2.45999002 0.814999998
vt 2.45999002 0.814999998
vt 2.459764 0.814999998
vt 2.45978403 0.813887
vt 2.45999002 0.814999998
vt 2.45978403 0.813887
vt 2.462152 0.813887
vt -2.45078897 -0.785274982
vt -2.45018411 -0.784546018
vt -2.45194602 -0.78323698
vt -2.45194602 -0.78323698
vt -2.45018411 -0.784546018
vt -2.45150805 -0.782576978
vt -2.45194602 -0.78323698
vt -2.45150805 -0.782576978
vt -2.45347095 -0.781419992
vt 2.45347095 0.81911701
vt 2.45150805 0.81911701
vt 2.453197 0.818168998
vt 2.45347095 0.81911701
vt 2.453197 0.818168998
vt 2.45532894 0.818168998
vt 2.45532894 0.818168998
vt 2.453197 0.818168998
vt 2.45519495 0.817112982
vt 2.45532894 0.818168998
vt 2.45519495 0.817112982
vt 2.45745611 0.817112982
vt 2.45745611 0.817112982
vt 2.45519495 0.817112982
vt 2.45671105 0.815999985
vt 2.45745611 0.817112982
vt 2.45671105 0.815999985
vt 2.45742297 0.815999985
vt 2.45742297 0.815999985
vt 2.45671105 0.815999985
vt 2.45671105 0.814999998
vt 2.45742297 0.815999985
vt 2.45671105 0.814999998
vt 2.45742297 0.814999998
vt 2.45742297 0.814999998
vt 2.45671105 0.814999998
vt 2.45745611 0.813887
vt -0.814999998 -0.778710008
vt -0.813887 -0.778831005
vt -0.814999998 -0.778710008
vt 2.45742297 0.814999998
vt 2.45745611 0.813887
vt 2.45978403 0.813887
vt -0.814999998 -0.778710008
vt -0.813887 -0.778328001
vt -0.814999998 -0.778710008
vt 2.45742297 0.814999998
vt 2.45978403 0.813887
vt 2.459764 0.814999998
vt -0.814999998 -0.778710008
vt -0.814999998 -0.778204024
vt -0.814999998 -0.778710008
vt 2.45742297 0.814999998
vt 2.459764 0.814999998
vt 2.459764 0.815999985
vt 2.45742297 0.814999998
vt 2.459764 0.815999985
vt 2.45742297 0.815999985
vt 2.45742297 0.815999985
vt 2.459764 0.815999985
vt 2.45745611 0.817112982
vt 2.45745611 0.813887
vt 2.45671105 0.814999998
vt 2.45519495 0.813887
vt 2.45519495 0.813887
vt 2.45671105 0.814999998
vt 2.45514894 0.814999998
vt 2.45519495 0.813887
vt 2.45514894 0.814999998
vt 2.4535799 0.814999998
vt 2.4535799 0.814999998
vt 2.45514894 0.814999998
vt 2.45514894 0.815999985
vt 2.4535799 0.814999998
vt 2.45514894 0.815999985
vt 2.4535799 0.815999985
vt 2.4535799 0.815999985
vt 2.45514894 0.815999985
vt 2.45519495 0.817112982
vt 2.4535799 0.815999985
vt 2.45519495 0.817112982
vt 2.45302606 0.817112982
vt 2.45302606 0.817112982
vt 2.45519495 0.817112982
vt 2.453197 0.818168998
vt 2.45302606 0.817112982
vt 2.453197 0.818168998
vt 2.45117903 0.818168998
vt 2.45117903 0.818168998
vt 2.453197 0.818168998
vt 2.45150805 0.81911701
vt 2.45117903 0.818168998
vt 2.45150805 0.81911701
vt 2.44967794 0.81911701
vt -2.44967794 -0.783936024
vt -2.45150805 -0.782576978
vt -2.45018411 -0.784546018
vt 2.44967794 0.81911701
vt 2.4492991 0.818168998
vt 2.45117903 0.818168998
vt 2.45117903 0.818168998
vt 2.4492991 0.818168998
vt 2.45097399 0.817112982
vt 2.45117903 0.818168998
vt 2.45097399 0.817112982
vt 2.45302606 0.817112982
vt 2.45302606 0.817112982
vt 2.45097399 0.817112982
vt 2.45296788 0.815999985
vt 2.45302606 0.817112982
vt 2.45296788 0.815999985
vt 2.4535799 0.815999985
vt 2.4535799 0.815999985
vt 2.45296788 0.815999985
vt 2.45296788 0.814999998
vt 2.4535799 0.815999985
vt 2.45296788 0.814999998
vt 2.4535799 0.814999998
vt 2.4535799 0.814999998
vt 2.45296788 0.814999998
vt 2.45302606 0.813887
vt 2.4535799 0.814999998
vt 2.45302606 0.813887
vt 2.45519495 0.813887
vt 2.4492991 0.818168998
vt 2.44906211 0.817112982
vt 2.45097399 0.817112982
vt 2.45097399 0.817112982
vt 2.44906211 0.817112982
vt 2.4506681 0.815999985
vt 2.45097399 0.817112982
vt 2.4506681 0.815999985
vt 2.45090508 0.815999985
vt 2.45090508 0.815999985
vt 2.4506681 0.815999985
vt 2.4506681 0.814999998
vt 2.45090508 0.815999985
vt 2.4506681 0.814999998
vt 2.45090508 0.814999998
vt 2.45090508 0.814999998
vt 2.4506681 0.814999998
vt 2.45097399 0.813887
vt -0.814999998 -0.781668007
vt -0.813887 -0.781772017
vt -0.814999998 -0.781668007
vt 2.45090508 0.814999998
vt 2.45097399 0.813887
vt 2.45302606 0.813887
vt -0.814999998 -0.781668007
vt -0.813887 -0.780562997
vt -0.814999998 -0.781668007
vt 2.45090508 0.814999998
vt 2.45302606 0.813887
vt 2.45296788 0.814999998
vt -0.814999998 -0.781668007
vt -0.814999998 -0.780452013
vt -0.814999998 -0.781668007
vt 2.45090508 0.814999998
vt 2.45296788 0.814999998
vt 2.45296788 0.815999985
vt 2.45090508 0.814999998
vt 2.45296788 0.815999985
vt 2.45090508 0.815999985
vt 2.45090508 0.815999985
vt 2.45296788 0.815999985
vt 2.45097399 0.817112982
vt 2.45097399 0.813887
vt 2.4506681 0.814999998
vt 2.44906211 0.813887
vt 2.44906211 0.813887
vt 2.4506681 0.814999998
vt 2.448982 0.814999998
vt 2.44906211 0.813887
vt 2.448982 0.814999998
vt 2.44803905 0.814999998
vt 2.44803905 0.814999998
vt 2.448982 0.814999998
vt 2.448982 0.815999985
vt 2.44803905 0.814999998
vt 2.448982 0.815999985
vt 2.44803905 0.815999985
vt -0.815999985 -0.783923984
vt -0.815999985 -0.783096015
vt -0.815999985 -0.783096015
vt 2.44803905 0.815999985
vt 2.448982 0.815999985
vt 2.44906211 0.817112982
vt -0.817112982 -0.783192992
vt -0.815999985 -0.783096015
vt -0.815999985 -0.783096015
vt 2.44906211 0.817112982
vt 2.448982 0.815999985
vt 2.4506681 0.815999985
vt 2.4506681 0.815999985
vt 2.448982 0.815999985
vt 2.448982 0.814999998
vt 2.4506681 0.815999985
vt 2.448982 0.814999998
vt 2.4506681 0.814999998
vt 2.44803905 0.815999985
vt 2.44722295 0.814999998
vt 2.44803905 0.814999998
vt 2.44803905 0.814999998
vt 2.44722295 0.814999998
vt 2.44731212 0.813887
vt 2.44803905 0.814999998
vt 2.44731212 0.813887
vt 2.44906211 0.813887
vt 2.45519495 0.817112982
vt 2.45514894 0.815999985
vt 2.45671105 0.815999985
vt 2.45671105 0.815999985
vt 2.45514894 0.815999985
vt 2.45514894 0.814999998
vt 2.45671105 0.815999985
vt 2.45514894 0.814999998
vt 2.45671105 0.814999998
vt 2.462152 0.817112982
vt 2.46214509 0.815999985
vt 2.46334291 0.815999985
vt 2.46334291 0.815999985
vt 2.46214509 0.815999985
vt 2.46214509 0.814999998
vt 2.46334291 0.815999985
vt 2.46214509 0.814999998
vt 2.46334291 0.814999998
vt 2.46690202 0.813887
vt 2.46922994 0.813887
vt 2.46692204 0.814999998
vt 2.46692204 0.814999998
vt 2.46922994 0.813887
vt 2.46926308 0.814999998
vt 2.46692204 0.814999998
vt 2.46926308 0.814999998
vt 2.46926308 0.815999985
vt 2.46926308 0.815999985
vt 2.46926308 0.814999998
vt 2.46997499 0.815999985
vt 2.46926308 0.815999985
vt 2.46997499 0.815999985
vt 2.46922994 0.817112982
vt 2.46922994 0.817112982
vt 2.46997499 0.815999985
vt 2.4714911 0.817112982
vt 2.46922994 0.817112982
vt 2.4714911 0.817112982
vt 2.4691329 0.818168998
vt 2.4691329 0.818168998
vt 2.4714911 0.817112982
vt 2.47135592 0.818168998
vt 2.4691329 0.818168998
vt 2.47135592 0.818168998
vt 2.46897507 0.81911701
vt 2.46897507 0.81911701
vt 2.47135592 0.818168998
vt 2.47113895 0.81911701
vt -2.46897507 -0.779762983
vt -2.47113895 -0.780479014
vt -2.46876788 -0.780526996
vt -2.46876788 -0.780526996
vt -2.47113895 -0.780479014
vt -2.47085094 -0.781216025
vt -2.46876788 -0.780526996
vt -2.47085094 -0.781216025
vt -2.46851802 -0.781440973
vt -2.46851802 -0.781440973
vt -2.47085094 -0.781216025
vt -2.47050595 -0.782099009
vt -2.46851802 -0.781440973
vt -2.47050595 -0.782099009
vt -2.46824002 -0.782460988
vt -2.46824002 -0.782460988
vt -2.47050595 -0.782099009
vt -2.47012091 -0.783083022
vt -2.46824002 -0.782460988
vt -2.47012091 -0.783083022
vt -2.46794701 -0.78353399
vt -0.82099998 -0.78353399
vt -0.820874989 -0.783083022
vt -0.820874989 -0.783083022
vt -2.46794701 -0.78353399
vt -2.47012091 -0.783083022
vt -2.46971607 -0.78411901
vt -0.82099998 -0.78411901
vt -0.820874989 -0.783083022
vt -0.820874989 -0.783083022
vt -2.46971607 -0.78411901
vt -2.47012091 -0.783083022
vt -2.47192502 -0.783901989
vt -2.47192502 -0.783901989
vt -2.47012091 -0.783083022
vt -2.47241211 -0.782963991
vt -2.47192502 -0.783901989
vt -2.47241211 -0.782963991
vt -2.47421598 -0.78402698
vt -2.47421598 -0.78402698
vt -2.47241211 -0.782963991
vt -2.47474003 -0.78323698
vt -2.47421598 -0.78402698
vt -2.47474003 -0.78323698
vt -2.47650194 -0.784546018
vt -2.47650194 -0.784546018
vt -2.47474003 -0.78323698
vt -2.4770081 -0.783936024
vt -2.47650194 -0.784546018
vt -2.4770081 -0.783936024
vt -2.47868204 -0.785481989
vt 2.47868204 0.81911701
vt 2.4770081 0.81911701
vt 2.4791081 0.818168998
vt 0.81911701 -0.785481989
vt 0.818168998 -0.785066009
vt 0.818168998 -0.786828995
vt 0.818168998 -0.786828995
vt 0.818168998 -0.785066009
vt 0.817112982 -0.786601007
vt 0.818168998 -0.786828995
vt 0.817112982 -0.786601007
vt 0.817112982 -0.788550019
vt 0.817112982 -0.788550019
vt 0.817112982 -0.786601007
vt 0.815999985 -0.788483024
vt 0.817112982 -0.788550019
vt 0.815999985 -0.788483024
vt 0.815999985 -0.789168
vt 0.815999985 -0.789168
vt 0.815999985 -0.788483024
vt 0.814999998 -0.788483024
vt 0.815999985 -0.789168
vt 0.814999998 -0.788483024
vt 0.814999998 -0.789168
vt 0.814999998 -0.789168
vt 0.814999998 -0.788483024
vt 0.813887 -0.788550019
vt 0.814999998 -0.789168
vt 0.813887 -0.788550019
vt 0.813887 -0.790633023
vt -2.47012091 -0.783083022
vt -2.47050595 -0.782099009
vt -2.47241211 -0.782963991
vt -2.47241211 -0.782963991
vt -2.47050595 -0.782099009
vt -2.47284889 -0.782123029
vt -2.47241211 -0.782963991
vt -2.47284889 -0.782123029
vt -2.47474003 -0.78323698
vt -2.47474003 -0.78323698
vt -2.47284889 -0.782123029
vt -2.475178 -0.782576978
vt -2.47474003 -0.78323698
vt -2.475178 -0.782576978
vt -2.4770081 -0.783936024
vt 2.4770081 0.81911701
vt 2.475178 0.81911701
vt 2.47738695 0.818168998
vt 2.4770081 0.81911701
vt 2.47738695 0.818168998
vt 2.4791081 0.818168998
vt 2.4791081 0.818168998
vt 2.47738695 0.818168998
vt 2.47937298 0.817112982
vt 0.818168998 -0.785066009
vt 0.817112982 -0.78480798
vt 0.817112982 -0.786601007
vt 0.817112982 -0.786601007
vt 0.817112982 -0.78480798
vt 0.815999985 -0.786388993
vt 0.817112982 -0.786601007
vt 0.815999985 -0.786388993
vt 0.815999985 -0.786522985
vt 0.815999985 -0.786522985
vt 0.815999985 -0.786388993
vt 0.814999998 -0.786388993
vt 0.815999985 -0.786522985
vt 0.814999998 -0.786388993
vt 0.814999998 -0.786522985
vt 0.814999998 -0.786522985
vt 0.814999998 -0.786388993
vt 0.813887 -0.786601007
vt -0.814999998 -0.786522985
vt -0.813887 -0.786601007
vt -0.814999998 -0.786522985
vt 0.814999998 -0.786522985
vt 0.813887 -0.786601007
vt 0.813887 -0.788550019
vt -0.814999998 -0.786522985
vt -0.813887 -0.788550019
vt -0.814999998 -0.786522985
vt 0.814999998 -0.786522985
vt 0.813887 -0.788550019
vt 0.814999998 -0.788483024
vt -0.814999998 -0.786522985
vt -0.814999998 -0.788483024
vt -0.814999998 -0.786522985
vt 0.814999998 -0.786522985
vt 0.814999998 -0.788483024
vt 0.815999985 -0.788483024
vt 0.814999998 -0.786522985
vt 0.815999985 -0.788483024
vt 0.815999985 -0.786522985
vt 0.815999985 -0.786522985
vt 0.815999985 -0.788483024
vt 0.817112982 -0.786601007
vt 0.813887 -0.786601007
vt 0.814999998 -0.786388993
vt 0.813887 -0.78480798
vt 0.813887 -0.78480798
vt 0.814999998 -0.786388993
vt 0.814999998 -0.784721017
vt 2.47937298 0.813887
vt 2.4794631 0.814999998
vt 2.47864699 0.814999998
vt 2.47864699 0.814999998
vt 2.4794631 0.814999998
vt 2.4794631 0.815999985
vt 2.47864699 0.814999998
vt 2.4794631 0.815999985
vt 2.47864699 0.815999985
vt 2.47864699 0.815999985
vt 2.4794631 0.815999985
vt 2.47937298 0.817112982
vt 2.47864699 0.815999985
vt 2.47937298 0.817112982
vt 2.47762299 0.817112982
vt 2.47762299 0.817112982
vt 2.47937298 0.817112982
vt 2.47738695 0.818168998
vt 2.47762299 0.817112982
vt 2.47738695 0.818168998
vt 2.47550702 0.818168998
vt 2.47550702 0.818168998
vt 2.47738695 0.818168998
vt 2.475178 0.81911701
vt 2.47550702 0.818168998
vt 2.475178 0.81911701
vt 2.4732151 0.81911701
vt -2.4732151 -0.781419992
vt -2.475178 -0.782576978
vt -2.47284889 -0.782123029
vt -2.4732151 -0.781419992
vt -2.47284889 -0.782123029
vt -2.47085094 -0.781216025
vt -2.47085094 -0.781216025
vt -2.47284889 -0.782123029
vt -2.47050595 -0.782099009
vt -2.47085094 -0.781216025
vt -2.47113895 -0.780479014
vt -2.4732151 -0.781419992
vt 2.4732151 0.81911701
vt 2.47113895 0.81911701
vt 2.47348905 0.818168998
vt 2.4732151 0.81911701
vt 2.47348905 0.818168998
vt 2.47550702 0.818168998
vt 2.47550702 0.818168998
vt 2.47348905 0.818168998
vt 2.47571206 0.817112982
vt 2.47550702 0.818168998
vt 2.47571206 0.817112982
vt 2.47762299 0.817112982
vt 2.47762299 0.817112982
vt 2.47571206 0.817112982
vt 2.476017 0.815999985
vt 2.47762299 0.817112982
vt 2.476017 0.815999985
vt 2.47770309 0.815999985
vt 2.47770309 0.815999985
vt 2.476017 0.815999985
vt 2.476017 0.814999998
vt 2.47770309 0.815999985
vt 2.476017 0.814999998
vt 2.47770309 0.814999998
vt 2.47770309 0.814999998
vt 2.476017 0.814999998
vt 2.47762299 0.813887
vt 2.47770309 0.814999998
vt 2.47762299 0.813887
vt 2.47864699 0.814999998
vt 2.47864699 0.814999998
vt 2.47762299 0.813887
vt 2.47937298 0.813887
vt 2.47864699 0.814999998
vt 2.47864699 0.815999985
vt 2.47770309 0.814999998
vt -0.814999998 -0.783096015
vt -0.815999985 -0.783923984
vt -0.815999985 -0.783923984
vt 2.47770309 0.814999998
vt 2.47864699 0.815999985
vt 2.47770309 0.815999985
vt 2.47770309 0.815999985
vt 2.47864699 0.815999985
vt 2.47762299 0.817112982
vt 2.47762299 0.813887
vt 2.476017 0.814999998
vt 2.47571206 0.813887
vt 2.47571206 0.813887
vt 2.476017 0.814999998
vt 2.47578096 0.814999998
vt 2.47571206 0.813887
vt 2.47578096 0.814999998
vt 2.47371697 0.814999998
vt 2.47371697 0.814999998
vt 2.47578096 0.814999998
vt 2.47578096 0.815999985
vt 2.47371697 0.814999998
vt 2.47578096 0.815999985
vt 2.47371697 0.815999985
vt 2.47371697 0.815999985
vt 2.47578096 0.815999985
vt 2.47365999 0.817112982
vt 2.47371697 0.815999985
vt 2.47365999 0.817112982
vt 2.47310495 0.815999985
vt 2.47310495 0.815999985
vt 2.47365999 0.817112982
vt 2.4714911 0.817112982
vt 2.47310495 0.815999985
vt 2.4714911 0.817112982
vt 2.47153711 0.815999985
vt 2.47153711 0.815999985
vt 2.4714911 0.817112982
vt 2.46997499 0.815999985
vt 2.47153711 0.815999985
vt 2.46997499 0.815999985
vt 2.46997499 0.814999998
vt 2.46997499 0.814999998
vt 2.46997499 0.815999985
vt 2.46926308 0.814999998
vt -0.814999998 -0.778917015
vt -0.814999998 -0.778710008
vt -0.814999998 -0.778917015
vt 2.46997499 0.814999998
vt 2.46926308 0.814999998
vt 2.46922994 0.813887
vt -0.814999998 -0.778917015
vt -0.813887 -0.778831005
vt -0.814999998 -0.778917015
vt 2.46997499 0.814999998
vt 2.46922994 0.813887
vt 2.4714911 0.813887
vt 2.46997499 0.814999998
vt 2.4714911 0.813887
vt 2.47153711 0.814999998
vt 2.47153711 0.814999998
vt 2.4714911 0.813887
vt 2.47310495 0.814999998
vt 2.47153711 0.814999998
vt 2.47310495 0.814999998
vt 2.47310495 0.815999985
vt -0.815999985 -0.780146003
vt -0.814999998 -0.780146003
vt -0.814999998 -0.780146003
vt 2.47310495 0.815999985
vt 2.47310495 0.814999998
vt 2.47371697 0.815999985
vt -0.815999985 -0.780452013
vt -0.814999998 -0.780146003
vt -0.814999998 -0.780146003
vt 2.47371697 0.815999985
vt 2.47310495 0.814999998
vt 2.47371697 0.814999998
vt 2.47371697 0.814999998
vt 2.47310495 0.814999998
vt 2.47365999 0.813887
vt 2.47371697 0.814999998
vt 2.47365999 0.813887
vt 2.47571206 0.813887
vt 2.47310495 0.814999998
vt 2.4714911 0.813887
vt 2.47365999 0.813887
vt 2.47310495 0.815999985
vt 2.47153711 0.815999985
vt 2.47153711 0.814999998
vt 2.47153711 0.814999998
vt 2.47153711 0.815999985
vt 2.46997499 0.814999998
vt 2.4714911 0.817112982
vt 2.47365999 0.817112982
vt 2.47135592 0.818168998
vt 2.47135592 0.818168998
vt 2.47365999 0.817112982
vt 2.47348905 0.818168998
vt 2.47135592 0.818168998
vt 2.47348905 0.818168998
vt 2.47113895 0.81911701
vt 2.47348905 0.818168998
vt 2.47365999 0.817112982
vt 2.47571206 0.817112982
vt 2.47571206 0.817112982
vt 2.47365999 0.817112982
vt 2.47578096 0.815999985
vt 2.47571206 0.817112982
vt 2.47578096 0.815999985
vt 2.476017 0.815999985
vt 2.476017 0.815999985
vt 2.47578096 0.815999985
vt 2.47578096 0.814999998
vt 2.476017 0.815999985
vt 2.47578096 0.814999998
vt 2.476017 0.814999998
vt 0.817112982 -0.78480798
vt 0.815999985 -0.784721017
vt 0.815999985 -0.786388993
vt 0.815999985 -0.786388993
vt 0.815999985 -0.784721017
vt 0.814999998 -0.784721017
vt 0.815999985 -0.786388993
vt 0.814999998 -0.784721017
vt 0.814999998 -0.786388993
vt 0.813887 -0.79282701
vt 0.813887 -0.795107007
vt 0.814999998 -0.792784989
vt 0.814999998 -0.792784989
vt 0.813887 -0.795107007
vt 0.814999998 -0.79507798
vt 0.814999998 -0.792784989
vt 0.814999998 -0.79507798
vt 0.815999985 -0.79507798
vt 0.815999985 -0.79507798
vt 0.814999998 -0.79507798
vt 0.815999985 -0.795410991
vt 0.815999985 -0.79507798
vt 0.815999985 -0.795410991
vt 0.817112982 -0.795107007
vt 0.817112982 -0.795107007
vt 0.815999985 -0.795410991
vt 0.817112982 -0.797447979
vt 0.817112982 -0.795107007
vt 0.817112982 -0.797447979
vt 0.818168998 -0.795194983
vt 0.818168998 -0.795194983
vt 0.817112982 -0.797447979
vt 0.818168998 -0.797496974
vt 0.818168998 -0.795194983
vt 0.818168998 -0.797496974
vt 0.81911701 -0.795337021
vt 0.81911701 -0.795337021
vt 0.818168998 -0.797496974
vt 0.81911701 -0.79757601
vt -2.48413992 -0.795337021
vt -2.48456311 -0.79757601
vt -2.48337102 -0.795525014
vt -2.48337102 -0.795525014
vt -2.48456311 -0.79757601
vt -2.483778 -0.797680974
vt -2.48337102 -0.795525014
vt -2.483778 -0.797680974
vt -2.48245001 -0.795749009
vt -2.48245001 -0.795749009
vt -2.483778 -0.797680974
vt -2.48283792 -0.797806978
vt -2.48245001 -0.795749009
vt -2.48283792 -0.797806978
vt -2.48142409 -0.796000004
vt -2.48142409 -0.796000004
vt -2.48283792 -0.797806978
vt -2.48179102 -0.79794699
vt -2.48142409 -0.796000004
vt -2.48179102 -0.79794699
vt -2.4803431 -0.796263993
vt -2.4803431 -0.796263993
vt -2.48179102 -0.79794699
vt -2.4806881 -0.798094988
vt 0.817112982 -0.797447979
vt 0.815999985 -0.795410991
vt 0.815999985 -0.797430992
vt -0.815999985 -0.797430992
vt -0.815999985 -0.795410991
vt -0.815999985 -0.795410991
vt 0.815999985 -0.797430992
vt 0.815999985 -0.795410991
vt 0.814999998 -0.795410991
vt 0.814999998 -0.795410991
vt 0.815999985 -0.795410991
vt 0.814999998 -0.79507798
vt 0.814999998 -0.795410991
vt 0.814999998 -0.79507798
vt 0.813887 -0.795107007
vt 0.817112982 -0.799821973
vt 0.815999985 -0.798735976
vt 0.815999985 -0.799818993
vt -0.815999985 -0.799818993
vt -0.815999985 -0.798735976
vt -0.815999985 -0.798735976
vt 0.815999985 -0.799818993
vt 0.815999985 -0.798735976
vt 0.814999998 -0.798735976
vt 0.814999998 -0.798735976
vt 0.815999985 -0.798735976
vt 0.814999998 -0.797430992
vt 0.814999998 -0.798735976
vt 0.814999998 -0.797430992
vt 0.813887 -0.797447979
vt -0.812830985 -0.792953014
vt -0.813887 -0.795107007
vt -0.812830985 -0.795194983
vt -0.812830985 -0.795194983
vt -0.813887 -0.795107007
vt -0.813887 -0.795107007
vt -0.812830985 -0.795194983
vt -0.813887 -0.795107007
vt -0.813887 -0.797447979
vt -0.813887 -0.797447979
vt -0.813887 -0.795107007
vt -0.814999998 -0.795410991
vt -0.813887 -0.797447979
vt -0.814999998 -0.795410991
vt -0.814999998 -0.797430992
vt -0.814999998 -0.797430992
vt -0.814999998 -0.795410991
vt -0.815999985 -0.795410991
vt -0.814999998 -0.797430992
vt -0.815999985 -0.795410991
vt -0.815999985 -0.797430992
vt -0.815999985 -0.797430992
vt -0.815999985 -0.795410991
vt -0.817112982 -0.797447979
vt -0.815999985 -0.797430992
vt -0.817112982 -0.797447979
vt -0.815999985 -0.798735976
vt -0.815999985 -0.798735976
vt -0.817112982 -0.797447979
vt -0.817112982 -0.797447979
vt -0.815999985 -0.798735976
vt -0.817112982 -0.797447979
vt -0.817112982 -0.799821973
vt -0.817112982 -0.799821973
vt -0.817112982 -0.797447979
vt -0.818168998 -0.799831986
vt -0.817112982 -0.799821973
vt -0.818168998 -0.799831986
vt -0.818168998 -0.802173018
vt -0.818168998 -0.802173018
vt -0.818168998 -0.799831986
vt -0.81911701 -0.80212599
vt -0.818168998 -0.802173018
vt -0.81911701 -0.80212599
vt -0.81911701 -0.804383993
vt -2.44230509 -0.804383993
vt -2.44200206 -0.80212599
vt -2.44308209 -0.804238021
vt -2.44230509 -0.804383993
vt -2.44308209 -0.804238021
vt -2.44360399 -0.80637002
vt -2.44360399 -0.80637002
vt -2.44308209 -0.804238021
vt -2.44451094 -0.806096017
vt -2.44360399 -0.80637002
vt -2.44451094 -0.806096017
vt -2.44522095 -0.808064997
vt -2.44522095 -0.808064997
vt -2.44451094 -0.806096017
vt -2.44619489 -0.807654977
vt -2.44522095 -0.808064997
vt -2.44619489 -0.807654977
vt -2.44706106 -0.809436023
vt -2.44706106 -0.809436023
vt -2.44619489 -0.807654977
vt -2.448035 -0.808897018
vt -2.44706106 -0.809436023
vt -2.448035 -0.808897018
vt -2.44902301 -0.810476005
vt -0.815999985 -0.798735976
vt -0.814999998 -0.798735976
vt -0.815999985 -0.797430992
vt -0.815999985 -0.797430992
vt -0.814999998 -0.798735976
vt -0.814999998 -0.798735976
vt -0.815999985 -0.797430992
vt -0.814999998 -0.798735976
vt -0.814999998 -0.797430992
vt -0.814999998 -0.797430992
vt -0.814999998 -0.798735976
vt -0.813887 -0.797447979
vt -0.815999985 -0.802098989
vt -0.814999998 -0.802098989
vt -0.815999985 -0.799818993
vt -0.815999985 -0.799818993
vt -0.814999998 -0.802098989
vt -0.814999998 -0.802098989
vt -0.815999985 -0.799818993
vt -0.814999998 -0.802098989
vt -0.814999998 -0.799818993
vt -0.814999998 -0.799818993
vt -0.814999998 -0.802098989
vt -0.813887 -0.799821973
vt 0.811882019 -0.79984802
vt 0.811882019 -0.80212599
vt 0.812830985 -0.799831986
vt 0.812830985 -0.799831986
vt 0.811882019 -0.80212599
vt 0.812830985 -0.802173018
vt 0.812830985 -0.799831986
vt 0.812830985 -0.802173018
vt 0.813887 -0.799821973
vt 0.813887 -0.799821973
vt 0.812830985 -0.802173018
vt 0.813887 -0.802203
vt 0.813887 -0.799821973
vt 0.813887 -0.802203
vt 0.814999998 -0.802098989
vt 0.814999998 -0.802098989
vt 0.813887 -0.802203
vt 0.814999998 -0.802213013
vt 0.814999998 -0.802098989
vt 0.814999998 -0.802213013
vt 0.815999985 -0.802213013
vt 0.815999985 -0.802213013
vt 0.814999998 -0.802213013
vt 0.815999985 -0.804587007
vt 0.815999985 -0.802213013
vt 0.815999985 -0.804587007
vt 0.817112982 -0.802203
vt 0.817112982 -0.802203
vt 0.815999985 -0.804587007
vt 0.817112982 -0.804562986
vt 0.817112982 -0.802203
vt 0.817112982 -0.804562986
vt 0.818168998 -0.802173018
vt 0.818168998 -0.802173018
vt 0.817112982 -0.804562986
vt 0.818168998 -0.804494977
vt 0.818168998 -0.802173018
vt 0.818168998 -0.804494977
vt 0.81911701 -0.80212599
vt 0.81911701 -0.80212599
vt 0.818168998 -0.804494977
vt 0.81911701 -0.804383993
vt -2.48468399 -0.80212599
vt -2.48438096 -0.804383993
vt -2.48389506 -0.802062988
vt -2.48389506 -0.802062988
vt -2.48438096 -0.804383993
vt -2.483603 -0.804238021
vt -2.48389506 -0.802062988
vt -2.483603 -0.804238021
vt -2.48294997 -0.801986992
vt -2.48294997 -0.801986992
vt -2.483603 -0.804238021
vt -2.48267198 -0.804062009
vt -2.48294997 -0.801986992
vt -2.48267198 -0.804062009
vt -2.48189592 -0.801903009
vt -2.48189592 -0.801903009
vt -2.48267198 -0.804062009
vt -2.48163295 -0.803866029
vt -2.48189592 -0.801903009
vt -2.48163295 -0.803866029
vt -2.48078799 -0.80181402
vt -2.48078799 -0.80181402
vt -2.48163295 -0.803866029
vt -2.48054004 -0.803659976
vt 0.817112982 -0.802203
vt 0.815999985 -0.802098989
vt 0.815999985 -0.802213013
vt -0.815999985 -0.802213013
vt -0.815999985 -0.802098989
vt -0.815999985 -0.802098989
vt 0.815999985 -0.802213013
vt 0.815999985 -0.802098989
vt 0.814999998 -0.802098989
vt 0.814999998 -0.802098989
vt 0.815999985 -0.802098989
vt 0.814999998 -0.799818993
vt 0.814999998 -0.802098989
vt 0.814999998 -0.799818993
vt 0.813887 -0.799821973
vt 0.817112982 -0.806877017
vt 0.815999985 -0.805423975
vt 0.815999985 -0.806913018
vt -0.815999985 -0.806913018
vt -0.815999985 -0.805423975
vt -0.815999985 -0.805423975
vt 0.815999985 -0.806913018
vt 0.815999985 -0.805423975
vt 0.814999998 -0.805423975
vt 0.814999998 -0.805423975
vt 0.815999985 -0.805423975
vt 0.814999998 -0.804587007
vt 0.814999998 -0.805423975
vt 0.814999998 -0.804587007
vt 0.813887 -0.804562986
vt 2.44331503 -0.795525014
vt 2.44212294 -0.79757601
vt 2.44290805 -0.797680974
vt -0.811091006 -0.797680974
vt -0.811882019 -0.79757601
vt -0.811882019 -0.79757601
vt 2.44290805 -0.797680974
vt 2.44212294 -0.79757601
vt 2.44194102 -0.79984802
vt -0.811882019 -0.79984802
vt -0.811882019 -0.79757601
vt -0.812830985 -0.799831986
vt -0.811882019 -0.79984802
vt -0.812830985 -0.799831986
vt -0.812830985 -0.802173018
vt -0.812830985 -0.802173018
vt -0.812830985 -0.799831986
vt -0.813887 -0.802203
vt -0.812830985 -0.802173018
vt -0.813887 -0.802203
vt -0.813887 -0.804562986
vt -0.813887 -0.804562986
vt -0.813887 -0.802203
vt -0.814999998 -0.804587007
vt -0.813887 -0.804562986
vt -0.814999998 -0.804587007
vt -0.814999998 -0.805423975
vt -0.814999998 -0.805423975
vt -0.814999998 -0.804587007
vt -0.815999985 -0.804587007
vt -0.814999998 -0.805423975
vt -0.815999985 -0.804587007
vt -0.815999985 -0.805423975
vt -0.815999985 -0.805423975
vt -0.815999985 -0.804587007
vt -0.817112982 -0.804562986
vt -0.815999985 -0.805423975
vt -0.817112982 -0.804562986
vt -0.817112982 -0.806877017
vt -0.817112982 -0.806877017
vt -0.817112982 -0.804562986
vt -0.818168998 -0.806770027
vt -0.817112982 -0.806877017
vt -0.818168998 -0.806770027
vt -0.818168998 -0.808974028
vt -0.818168998 -0.808974028
vt -0.818168998 -0.806770027
vt -0.81911701 -0.808741987
vt -0.818168998 -0.808974028
vt -0.81911701 -0.808741987
vt -0.81911701 -0.810791016
vt -2.44461489 -0.810791016
vt -2.44361901 -0.808741987
vt -2.44530797 -0.810407996
vt -2.44461489 -0.810791016
vt -2.44530797 -0.810407996
vt -2.44647193 -0.812268019
vt -2.44647193 -0.812268019
vt -2.44530797 -0.810407996
vt -2.44724703 -0.811722994
vt -2.44647193 -0.812268019
vt -2.44724703 -0.811722994
vt -2.44853997 -0.813369989
vt -2.44853997 -0.813369989
vt -2.44724703 -0.811722994
vt -2.44933605 -0.812673986
vt -2.44853997 -0.813369989
vt -2.44933605 -0.812673986
vt -2.45071793 -0.814094007
vt -2.45071793 -0.814094007
vt -2.44933605 -0.812673986
vt -2.451473 -0.813275993
vt -2.45071793 -0.814094007
vt -2.451473 -0.813275993
vt -2.45290709 -0.814464986
vt -0.817112982 -0.804562986
vt -0.815999985 -0.804587007
vt -0.815999985 -0.802213013
vt -0.815999985 -0.802213013
vt -0.815999985 -0.804587007
vt -0.814999998 -0.804587007
vt -0.815999985 -0.802213013
vt -0.814999998 -0.804587007
vt -0.814999998 -0.802213013
vt -0.814999998 -0.802213013
vt -0.814999998 -0.804587007
vt -0.813887 -0.802203
vt -0.815999985 -0.808637977
vt -0.814999998 -0.808637977
vt -0.815999985 -0.806913018
vt -0.815999985 -0.806913018
vt -0.814999998 -0.808637977
vt -0.814999998 -0.808637977
vt -0.815999985 -0.806913018
vt -0.814999998 -0.808637977
vt -0.814999998 -0.806913018
vt -0.814999998 -0.806913018
vt -0.814999998 -0.808637977
vt -0.813887 -0.806877017
vt 2.48217511 -0.806096017
vt 2.48146391 -0.808064997
vt 2.48308206 -0.80637002
vt 2.48308206 -0.80637002
vt 2.48146391 -0.808064997
vt 2.48233795 -0.80843401
vt 2.48308206 -0.80637002
vt 2.48233795 -0.80843401
vt 2.48384094 -0.806598008
vt 2.48384094 -0.806598008
vt 2.48233795 -0.80843401
vt 2.48306799 -0.808741987
vt 0.811882019 -0.806598008
vt 0.811882019 -0.808741987
vt 0.812830985 -0.806770027
vt 0.812830985 -0.806770027
vt 0.811882019 -0.808741987
vt 0.812830985 -0.808974028
vt 0.812830985 -0.806770027
vt 0.812830985 -0.808974028
vt 0.813887 -0.806877017
vt 0.813887 -0.806877017
vt 0.812830985 -0.808974028
vt 0.813887 -0.809117019
vt 0.813887 -0.806877017
vt 0.813887 -0.809117019
vt 0.814999998 -0.808637977
vt 0.814999998 -0.808637977
vt 0.813887 -0.809117019
vt 0.814999998 -0.809166014
vt 0.814999998 -0.808637977
vt 0.814999998 -0.809166014
vt 0.815999985 -0.809166014
vt 0.815999985 -0.809166014
vt 0.814999998 -0.809166014
vt 0.815999985 -0.811320007
vt 0.815999985 -0.809166014
vt 0.815999985 -0.811320007
vt 0.817112982 -0.809117019
vt 0.817112982 -0.809117019
vt 0.815999985 -0.811320007
vt 0.817112982 -0.811258972
vt 0.817112982 -0.809117019
vt 0.817112982 -0.811258972
vt 0.818168998 -0.808974028
vt 0.818168998 -0.808974028
vt 0.817112982 -0.811258972
vt 0.818168998 -0.811079979
vt 0.818168998 -0.808974028
vt 0.818168998 -0.811079979
vt 0.81911701 -0.808741987
vt 0.81911701 -0.808741987
vt 0.818168998 -0.811079979
vt 0.81911701 -0.810791016
vt -2.48306799 -0.808741987
vt -2.48207092 -0.810791016
vt -2.48233795 -0.80843401
vt -2.48233795 -0.80843401
vt -2.48207092 -0.810791016
vt -2.48137808 -0.810407996
vt -2.48233795 -0.80843401
vt -2.48137808 -0.810407996
vt -2.48146391 -0.808064997
vt -2.48146391 -0.808064997
vt -2.48137808 -0.810407996
vt -2.4805491 -0.809948981
vt -2.48146391 -0.808064997
vt -2.4805491 -0.809948981
vt -2.48049092 -0.807654977
vt -2.48049092 -0.807654977
vt -2.4805491 -0.809948981
vt -2.47962499 -0.809436023
vt -2.48049092 -0.807654977
vt -2.47962499 -0.809436023
vt -2.47946596 -0.807222009
vt -2.47946596 -0.807222009
vt -2.47962499 -0.809436023
vt -2.47865105 -0.808897018
vt 0.817112982 -0.809117019
vt 0.815999985 -0.808637977
vt 0.815999985 -0.809166014
vt -0.815999985 -0.809166014
vt -0.815999985 -0.808637977
vt -0.815999985 -0.808637977
vt 0.815999985 -0.809166014
vt 0.815999985 -0.808637977
vt 0.814999998 -0.808637977
vt 0.814999998 -0.808637977
vt 0.815999985 -0.808637977
vt 0.814999998 -0.806913018
vt 0.814999998 -0.808637977
vt 0.814999998 -0.806913018
vt 0.813887 -0.806877017
vt 0.817112982 -0.813278019
vt 0.815999985 -0.811667979
vt 0.815999985 -0.813350022
vt -0.815999985 -0.813350022
vt -0.815999985 -0.811667979
vt -0.815999985 -0.811667979
vt 0.815999985 -0.813350022
vt 0.815999985 -0.811667979
vt 0.814999998 -0.811667979
vt 0.814999998 -0.811667979
vt 0.815999985 -0.811667979
vt 0.814999998 -0.811320007
vt 0.814999998 -0.811667979
vt 0.814999998 -0.811320007
vt 0.813887 -0.811258972
vt 2.44489503 -0.79794699
vt 2.443681 -0.799893975
vt 2.44473696 -0.799921989
vt 2.44473696 -0.799921989
vt 2.443681 -0.799893975
vt 2.44373608 -0.801986992
vt 2.44473696 -0.799921989
vt 2.44373608 -0.801986992
vt 2.44478893 -0.801903009
vt 2.44478893 -0.801903009
vt 2.44373608 -0.801986992
vt 2.44401407 -0.804062009
vt 2.44478893 -0.801903009
vt 2.44401407 -0.804062009
vt 2.4450531 -0.803866029
vt 2.4450531 -0.803866029
vt 2.44401407 -0.804062009
vt 2.44451094 -0.806096017
vt 2.4450531 -0.803866029
vt 2.44451094 -0.806096017
vt 2.44552302 -0.80579102
vt 2.44552302 -0.80579102
vt 2.44451094 -0.806096017
vt 2.44522095 -0.808064997
vt 2.44552302 -0.80579102
vt 2.44522095 -0.808064997
vt 2.44619489 -0.807654977
vt 2.44619489 -0.807654977
vt 2.44522095 -0.808064997
vt 2.44613695 -0.809948981
vt 2.44619489 -0.807654977
vt 2.44613695 -0.809948981
vt 2.44706106 -0.809436023
vt 2.44706106 -0.809436023
vt 2.44613695 -0.809948981
vt 2.44724703 -0.811722994
vt 2.44706106 -0.809436023
vt 2.44724703 -0.811722994
vt 2.44811201 -0.81111598
vt 2.44811201 -0.81111598
vt 2.44724703 -0.811722994
vt 2.44853997 -0.813369989
vt 2.44811201 -0.81111598
vt 2.44853997 -0.813369989
vt 2.44933605 -0.812673986
vt 2.44933605 -0.812673986
vt 2.44853997 -0.813369989
vt 2.450001 -0.81487
vt 2.44933605 -0.812673986
vt 2.450001 -0.81487
vt 2.45071793 -0.814094007
vt 2.45071793 -0.814094007
vt 2.450001 -0.81487
vt 2.45161295 -0.816205978
vt 2.45071793 -0.814094007
vt 2.45161295 -0.816205978
vt 2.45224309 -0.815357983
vt 2.45224309 -0.815357983
vt 2.45161295 -0.816205978
vt 2.45335698 -0.817363977
vt 2.45224309 -0.815357983
vt 2.45335698 -0.817363977
vt 2.4538939 -0.81645298
vt 2.4538939 -0.81645298
vt 2.45335698 -0.817363977
vt 2.45521593 -0.818328977
vt 2.4538939 -0.81645298
vt 2.45521593 -0.818328977
vt 2.455652 -0.817367017
vt 2.455652 -0.817367017
vt 2.45521593 -0.818328977
vt 2.457165 -0.819091976
vt 2.455652 -0.817367017
vt 2.457165 -0.819091976
vt 2.45749688 -0.818087995
vt 2.45749688 -0.818087995
vt 2.457165 -0.819091976
vt 2.45918489 -0.819643021
vt 2.45749688 -0.818087995
vt 2.45918489 -0.819643021
vt 2.459409 -0.818610013
vt 2.45918489 -0.819643021
vt 2.457165 -0.819091976
vt 2.45898509 -0.820568979
vt 2.45898509 -0.820568979
vt 2.457165 -0.819091976
vt 2.45686698 -0.819992006
vt 2.45898509 -0.820568979
vt 2.45686698 -0.819992006
vt 2.45881796 -0.821343005
vt 2.45881796 -0.821343005
vt 2.45686698 -0.819992006
vt 2.45661902 -0.820743024
vt -2.45881796 0.811882019
vt -2.45661902 0.811882019
vt -2.45869207 0.812830985
vt -2.45869207 0.812830985
vt -2.45661902 0.811882019
vt -2.4564321 0.812830985
vt -2.45869207 0.812830985
vt -2.4564321 0.812830985
vt -2.45861411 0.813887
vt -2.45861411 0.813887
vt -2.4564321 0.812830985
vt -2.45631599 0.813887
vt -2.45861411 0.813887
vt -2.45631599 0.813887
vt -2.45671105 0.814999998
vt -2.45671105 0.814999998
vt -2.45631599 0.813887
vt -2.45627689 0.814999998
vt -2.45671105 0.814999998
vt -2.45627689 0.814999998
vt -2.45627689 0.815999985
vt -2.45627689 0.815999985
vt -2.45627689 0.814999998
vt -2.45404601 0.815999985
vt -2.45627689 0.815999985
vt -2.45404601 0.815999985
vt -2.45631599 0.817112982
vt -2.45631599 0.817112982
vt -2.45404601 0.815999985
vt -2.45409703 0.817112982
vt -2.45631599 0.817112982
vt -2.45409703 0.817112982
vt -2.4564321 0.818168998
vt -2.4564321 0.818168998
vt -2.45409703 0.817112982
vt -2.4542501 0.818168998
vt -2.4564321 0.818168998
vt -2.4542501 0.818168998
vt -2.45661902 0.81911701
vt -2.45661902 0.81911701
vt -2.4542501 0.818168998
vt -2.45449591 0.81911701
vt -2.45661902 -0.820743024
vt -2.45449591 -0.819913983
vt -2.45686698 -0.819992006
vt -2.45686698 -0.819992006
vt -2.45449591 -0.819913983
vt -2.45482302 -0.819193006
vt -2.45686698 -0.819992006
vt -2.45482302 -0.819193006
vt -2.457165 -0.819091976
vt -2.457165 -0.819091976
vt -2.45482302 -0.819193006
vt -2.45521593 -0.818328977
vt -2.457165 -0.819091976
vt -2.45521593 -0.818328977
vt -2.45749688 -0.818087995
vt -2.45749688 -0.818087995
vt -2.45521593 -0.818328977
vt -2.455652 -0.817367017
vt -2.45749688 -0.818087995
vt -2.455652 -0.817367017
vt -2.45784593 -0.81703198
vt -0.82099998 -0.81703198
vt -0.820874989 -0.817367017
vt -0.820874989 -0.817367017
vt -2.45784593 -0.81703198
vt -2.455652 -0.817367017
vt -2.45611191 -0.816353977
vt -0.82099998 -0.816353977
vt -0.820874989 -0.817367017
vt -0.820874989 -0.817367017
vt -2.45611191 -0.816353977
vt -2.455652 -0.817367017
vt -2.4538939 -0.81645298
vt -2.4538939 -0.81645298
vt -2.455652 -0.817367017
vt -2.45335698 -0.817363977
vt -2.4538939 -0.81645298
vt -2.45335698 -0.817363977
vt -2.45161295 -0.816205978
vt -2.45161295 -0.816205978
vt -2.45335698 -0.817363977
vt -2.4510479 -0.81696701
vt -2.45161295 -0.816205978
vt -2.4510479 -0.81696701
vt -2.44935799 -0.815567017
vt -2.44935799 -0.815567017
vt -2.4510479 -0.81696701
vt -2.44882107 -0.816148996
vt -2.44935799 -0.815567017
vt -2.44882107 -0.816148996
vt -2.44723105 -0.814516008
vt -0.81911701 -0.814516008
vt -0.81911701 -0.816148996
vt -0.818168998 -0.814908028
vt -0.81911701 -0.814516008
vt -0.818168998 -0.814908028
vt -0.818168998 -0.813066006
vt -0.818168998 -0.813066006
vt -0.818168998 -0.814908028
vt -0.817112982 -0.813278019
vt -0.818168998 -0.813066006
vt -0.817112982 -0.813278019
vt -0.817112982 -0.811258972
vt -0.817112982 -0.811258972
vt -0.817112982 -0.813278019
vt -0.815999985 -0.811667979
vt -0.817112982 -0.811258972
vt -0.815999985 -0.811667979
vt -0.815999985 -0.811320007
vt -0.815999985 -0.811320007
vt -0.815999985 -0.811667979
vt -0.814999998 -0.811667979
vt -0.815999985 -0.811320007
vt -0.814999998 -0.811667979
vt -0.814999998 -0.811320007
vt -0.814999998 -0.811320007
vt -0.814999998 -0.811667979
vt -0.813887 -0.811258972
vt -0.814999998 -0.811320007
vt -0.813887 -0.811258972
vt -0.813887 -0.809117019
vt -0.813887 -0.809117019
vt -0.813887 -0.811258972
vt -0.812830985 -0.808974028
vt -0.813887 -0.809117019
vt -0.812830985 -0.808974028
vt -0.812830985 -0.806770027
vt -0.812830985 -0.806770027
vt -0.812830985 -0.808974028
vt -0.811882019 -0.806598008
vt -0.812830985 -0.806770027
vt -0.811882019 -0.806598008
vt -0.811882019 -0.804383993
vt 2.44230509 -0.804383993
vt 2.44284606 -0.806598008
vt 2.44308209 -0.804238021
vt 2.44230509 -0.804383993
vt 2.44308209 -0.804238021
vt 2.44279099 -0.802062988
vt 2.44279099 -0.802062988
vt 2.44308209 -0.804238021
vt 2.44373608 -0.801986992
vt 2.44279099 -0.802062988
vt 2.44373608 -0.801986992
vt 2.443681 -0.799893975
vt 2.44373608 -0.801986992
vt 2.44308209 -0.804238021
vt 2.44401407 -0.804062009
vt 2.44401407 -0.804062009
vt 2.44308209 -0.804238021
vt 2.44360399 -0.80637002
vt 2.44401407 -0.804062009
vt 2.44360399 -0.80637002
vt 2.44451094 -0.806096017
vt 2.44451094 -0.806096017
vt 2.44360399 -0.80637002
vt 2.4443481 -0.80843401
vt 2.44451094 -0.806096017
vt 2.4443481 -0.80843401
vt 2.44522095 -0.808064997
vt 2.44522095 -0.808064997
vt 2.4443481 -0.80843401
vt 2.44530797 -0.810407996
vt 2.44522095 -0.808064997
vt 2.44530797 -0.810407996
vt 2.44613695 -0.809948981
vt 2.44613695 -0.809948981
vt 2.44530797 -0.810407996
vt 2.44647193 -0.812268019
vt 2.44613695 -0.809948981
vt 2.44647193 -0.812268019
vt 2.44724703 -0.811722994
vt 2.44724703 -0.811722994
vt 2.44647193 -0.812268019
vt 2.4478271 -0.81399399
vt 2.44724703 -0.811722994
vt 2.4478271 -0.81399399
vt 2.44853997 -0.813369989
vt 2.44853997 -0.813369989
vt 2.4478271 -0.81399399
vt 2.44935799 -0.815567017
vt 2.44853997 -0.813369989
vt 2.44935799 -0.815567017
vt 2.450001 -0.81487
vt 2.450001 -0.81487
vt 2.44935799 -0.815567017
vt 2.4510479 -0.81696701
vt 2.450001 -0.81487
vt 2.4510479 -0.81696701
vt 2.45161295 -0.816205978
vt 2.45161295 -0.816205978
vt 2.4510479 -0.81696701
vt 2.45287609 -0.818180978
vt 2.45161295 -0.816205978
vt 2.45287609 -0.818180978
vt 2.45335698 -0.817363977
vt 2.45335698 -0.817363977
vt 2.45287609 -0.818180978
vt 2.45482302 -0.819193006
vt 2.45335698 -0.817363977
vt 2.45482302 -0.819193006
vt 2.45521593 -0.818328977
vt 2.45521593 -0.818328977
vt 2.45482302 -0.819193006
vt 2.45686698 -0.819992006
vt 2.45521593 -0.818328977
vt 2.45686698 -0.819992006
vt 2.457165 -0.819091976
vt 2.45686698 -0.819992006
vt 2.45482302 -0.819193006
vt 2.45661902 -0.820743024
vt 2.45661902 -0.820743024
vt 2.45482302 -0.819193006
vt 2.45449591 -0.819913983
vt -2.45661902 0.811882019
vt -2.45449591 0.811882019
vt -2.4564321 0.812830985
vt -2.4564321 0.812830985
vt -2.45449591 0.811882019
vt -2.4542501 0.812830985
vt -2.4564321 0.812830985
vt -2.4542501 0.812830985
vt -2.45631599 0.813887
vt -2.45631599 0.813887
vt -2.4542501 0.812830985
vt -2.45409703 0.813887
vt -2.45631599 0.813887
vt -2.45409703 0.813887
vt -2.45627689 0.814999998
vt -2.45627689 0.814999998
vt -2.45409703 0.813887
vt -2.45404601 0.814999998
vt -2.45627689 0.814999998
vt -2.45404601 0.814999998
vt -2.45404601 0.815999985
vt -2.45404601 0.815999985
vt -2.45404601 0.814999998
vt -2.4535799 0.815999985
vt -2.45404601 0.815999985
vt -2.4535799 0.815999985
vt -2.45409703 0.817112982
vt -2.45409703 0.817112982
vt -2.4535799 0.815999985
vt -2.45198393 0.817112982
vt -2.45409703 0.817112982
vt -2.45198393 0.817112982
vt -2.4542501 0.818168998
vt -2.4542501 0.818168998
vt -2.45198393 0.817112982
vt -2.45217204 0.818168998
vt -2.4542501 0.818168998
vt -2.45217204 0.818168998
vt -2.45449591 0.81911701
vt -2.45449591 0.81911701
vt -2.45217204 0.818168998
vt -2.45247412 0.81911701
vt -2.45449591 -0.819913983
vt -2.45247412 -0.818862975
vt -2.45482302 -0.819193006
vt -2.45482302 -0.819193006
vt -2.45247412 -0.818862975
vt -2.45287609 -0.818180978
vt -2.45482302 -0.819193006
vt -2.45287609 -0.818180978
vt -2.45521593 -0.818328977
vt -2.45521593 -0.818328977
vt -2.45287609 -0.818180978
vt -2.45335698 -0.817363977
vt -2.45521593 -0.818328977
vt -2.45335698 -0.817363977
vt -2.455652 -0.817367017
vt -2.45335698 -0.817363977
vt -2.45287609 -0.818180978
vt -2.4510479 -0.81696701
vt -2.4510479 -0.81696701
vt -2.45287609 -0.818180978
vt -2.45057607 -0.817602992
vt -2.4510479 -0.81696701
vt -2.45057607 -0.817602992
vt -2.44882107 -0.816148996
vt -2.44882107 0.81911701
vt -2.45057607 0.81911701
vt -2.44841695 0.818168998
vt -0.81911701 -0.816148996
vt -0.818168998 -0.816586018
vt -0.818168998 -0.814908028
vt -0.818168998 -0.814908028
vt -0.818168998 -0.816586018
vt -0.817112982 -0.815151989
vt -0.818168998 -0.814908028
vt -0.817112982 -0.815151989
vt -0.817112982 -0.813278019
vt -0.817112982 -0.813278019
vt -0.817112982 -0.815151989
vt -0.815999985 -0.814445972
vt -0.817112982 -0.813278019
vt -0.815999985 -0.814445972
vt -0.815999985 -0.813350022
vt -0.815999985 -0.813350022
vt -0.815999985 -0.814445972
vt -0.814999998 -0.814445972
vt -0.815999985 -0.813350022
vt -0.814999998 -0.814445972
vt -0.814999998 -0.813350022
vt -0.814999998 -0.813350022
vt -0.814999998 -0.814445972
vt -0.813887 -0.813278019
vt -0.814999998 -0.813350022
vt -0.813887 -0.813278019
vt -0.814999998 -0.811667979
vt -0.814999998 -0.811667979
vt -0.813887 -0.813278019
vt -0.813887 -0.813278019
vt -0.814999998 -0.811667979
vt -0.813887 -0.813278019
vt -0.813887 -0.811258972
vt -0.813887 -0.811258972
vt -0.813887 -0.813278019
vt -0.812830985 -0.811079979
vt -0.813887 -0.811258972
vt -0.812830985 -0.811079979
vt -0.812830985 -0.808974028
vt -0.812830985 -0.808974028
vt -0.812830985 -0.811079979
vt -0.811882019 -0.808741987
vt -0.812830985 -0.808974028
vt -0.811882019 -0.808741987
vt -0.811882019 -0.806598008
vt 2.44284606 -0.806598008
vt 2.44361901 -0.808741987
vt 2.44360399 -0.80637002
vt 2.44284606 -0.806598008
vt 2.44360399 -0.80637002
vt 2.44308209 -0.804238021
vt 2.44360399 -0.80637002
vt 2.44361901 -0.808741987
vt 2.4443481 -0.80843401
vt 2.4443481 -0.80843401
vt 2.44361901 -0.808741987
vt 2.44461489 -0.810791016
vt 2.4443481 -0.80843401
vt 2.44461489 -0.810791016
vt 2.44530797 -0.810407996
vt 2.44530797 -0.810407996
vt 2.44461489 -0.810791016
vt 2.44582295 -0.812722981
vt 2.44530797 -0.810407996
vt 2.44582295 -0.812722981
vt 2.44647193 -0.812268019
vt 2.44647193 -0.812268019
vt 2.44582295 -0.812722981
vt 2.44723105 -0.814516008
vt 2.44647193 -0.812268019
vt 2.44723105 -0.814516008
vt 2.4478271 -0.81399399
vt 2.4478271 -0.81399399
vt 2.44723105 -0.814516008
vt 2.44882107 -0.816148996
vt 2.4478271 -0.81399399
vt 2.44882107 -0.816148996
vt 2.44935799 -0.815567017
vt 2.44935799 -0.815567017
vt 2.44882107 -0.816148996
vt 2.45057607 -0.817602992
vt 2.44935799 -0.815567017
vt 2.45057607 -0.817602992
vt 2.4510479 -0.81696701
vt 2.4510479 -0.81696701
vt 2.45057607 -0.817602992
vt 2.45247412 -0.818862975
vt 2.4510479 -0.81696701
vt 2.45247412 -0.818862975
vt 2.45287609 -0.818180978
vt 2.45287609 -0.818180978
vt 2.45247412 -0.818862975
vt 2.45449591 -0.819913983
vt 2.45287609 -0.818180978
vt 2.45449591 -0.819913983
vt 2.45482302 -0.819193006
vt -2.45449591 0.811882019
vt -2.45247412 0.811882019
vt -2.4542501 0.812830985
vt -2.4542501 0.812830985
vt -2.45247412 0.811882019
vt -2.45217204 0.812830985
vt -2.4542501 0.812830985
vt -2.45217204 0.812830985
vt -2.45409703 0.813887
vt -2.45409703 0.813887
vt -2.45217204 0.812830985
vt -2.45198393 0.813887
vt -2.45409703 0.813887
vt -2.45198393 0.813887
vt -2.4535799 0.814999998
vt -2.4535799 0.814999998
vt -2.45198393 0.813887
vt -2.45192099 0.814999998
vt -2.4535799 0.814999998
vt -2.45192099 0.814999998
vt -2.45192099 0.815999985
vt -2.45192099 0.815999985
vt -2.45192099 0.814999998
vt -2.4506681 0.815999985
vt -2.45192099 0.815999985
vt -2.4506681 0.815999985
vt -2.45198393 0.817112982
vt -2.45198393 0.817112982
vt -2.4506681 0.815999985
vt -2.44999909 0.817112982
vt -2.45198393 0.817112982
vt -2.44999909 0.817112982
vt -2.45217204 0.818168998
vt -2.45217204 0.818168998
vt -2.44999909 0.817112982
vt -2.45022011 0.818168998
vt -2.45217204 0.818168998
vt -2.45022011 0.818168998
vt -2.45247412 0.81911701
vt -2.45247412 0.81911701
vt -2.45022011 0.818168998
vt -2.45057607 0.81911701
vt -2.45247412 -0.818862975
vt -2.45057607 -0.817602992
vt -2.45287609 -0.818180978
vt -2.45057607 0.81911701
vt -2.45022011 0.818168998
vt -2.44841695 0.818168998
vt -2.44841695 0.818168998
vt -2.45022011 0.818168998
vt -2.44816589 0.817112982
vt -0.818168998 -0.816586018
vt -0.817112982 -0.816857994
vt -0.817112982 -0.815151989
vt -0.817112982 -0.815151989
vt -0.817112982 -0.816857994
vt -0.815999985 -0.816910982
vt -0.817112982 -0.815151989
vt -0.815999985 -0.816910982
vt -0.815999985 -0.815234005
vt -0.815999985 -0.815234005
vt -0.815999985 -0.816910982
vt -0.814999998 -0.816910982
vt -0.815999985 -0.815234005
vt -0.814999998 -0.816910982
vt -0.814999998 -0.815234005
vt -0.814999998 -0.815234005
vt -0.814999998 -0.816910982
vt -0.813887 -0.815151989
vt -0.814999998 -0.815234005
vt -0.813887 -0.815151989
vt -0.814999998 -0.814445972
vt -0.814999998 -0.814445972
vt -0.813887 -0.815151989
vt -0.813887 -0.815151989
vt -0.814999998 -0.814445972
vt -0.813887 -0.815151989
vt -0.813887 -0.813278019
vt -0.813887 -0.813278019
vt -0.813887 -0.815151989
vt -0.812830985 -0.813066006
vt -0.813887 -0.813278019
vt -0.812830985 -0.813066006
vt -0.812830985 -0.811079979
vt -0.812830985 -0.811079979
vt -0.812830985 -0.813066006
vt -0.811882019 -0.810791016
vt -0.812830985 -0.811079979
vt -0.811882019 -0.810791016
vt -0.811882019 -0.808741987
vt -0.811882019 -0.810791016
vt -0.812830985 -0.813066006
vt -0.811882019 -0.812722981
vt -0.811882019 -0.812722981
vt -0.812830985 -0.813066006
vt -0.812830985 -0.814908028
vt -0.811882019 -0.812722981
vt -0.812830985 -0.814908028
vt -0.811882019 -0.814516008
vt -0.811882019 -0.814516008
vt -0.812830985 -0.814908028
vt -0.812830985 -0.816586018
vt -0.811882019 -0.814516008
vt -0.812830985 -0.816586018
vt -0.811882019 -0.816148996
vt -2.44882107 0.811882019
vt -2.44841695 0.812830985
vt -2.45022011 0.812830985
vt -2.44882107 0.811882019
vt -2.45022011 0.812830985
vt -2.45057607 0.811882019
vt -2.45057607 0.811882019
vt -2.45022011 0.812830985
vt -2.45217204 0.812830985
vt -2.45057607 0.811882019
vt -2.45217204 0.812830985
vt -2.45247412 0.811882019
vt -2.45217204 0.812830985
vt -2.45022011 0.812830985
vt -2.45198393 0.813887
vt -2.45198393 0.813887
vt -2.45022011 0.812830985
vt -2.44999909 0.813887
vt -2.45198393 0.813887
vt -2.44999909 0.813887
vt -2.4506681 0.814999998
vt -2.4506681 0.814999998
vt -2.44999909 0.813887
vt -2.44992495 0.814999998
vt -2.4506681 0.814999998
vt -2.44992495 0.814999998
vt -2.44992495 0.815999985
vt -2.44992495 0.815999985
vt -2.44992495 0.814999998
vt -2.44808102 0.815999985
vt -2.44992495 0.815999985
vt -2.44808102 0.815999985
vt -2.44999909 0.817112982
vt -2.44999909 0.817112982
vt -2.44808102 0.815999985
vt -2.44816589 0.817112982
vt -2.44999909 0.817112982
vt -2.44816589 0.817112982
vt -2.45022011 0.818168998
vt -2.44816589 0.817112982
vt -2.44808102 0.815999985
vt -2.44803905 0.815999985
vt -2.44803905 0.815999985
vt -2.44808102 0.815999985
vt -2.44808102 0.814999998
vt -2.44803905 0.815999985
vt -2.44808102 0.814999998
vt -2.44803905 0.814999998
vt -2.44803905 0.814999998
vt -2.44808102 0.814999998
vt -2.44816589 0.813887
vt -0.814999998 -0.816910982
vt -0.813887 -0.816857994
vt -0.813887 -0.815151989
vt -0.813887 -0.815151989
vt -0.813887 -0.816857994
vt -0.812830985 -0.814908028
vt -0.813887 -0.815151989
vt -0.812830985 -0.814908028
vt -0.812830985 -0.813066006
vt -0.812830985 -0.814908028
vt -0.813887 -0.816857994
vt -0.812830985 -0.816586018
vt -2.44841695 0.812830985
vt -2.44816589 0.813887
vt -2.44999909 0.813887
vt -2.44841695 0.812830985
vt -2.44999909 0.813887
vt -2.45022011 0.812830985
vt -2.44999909 0.813887
vt -2.44816589 0.813887
vt -2.44992495 0.814999998
vt -2.44992495 0.814999998
vt -2.44816589 0.813887
vt -2.44808102 0.814999998
vt -2.44992495 0.814999998
vt -2.44808102 0.814999998
vt -2.44808102 0.815999985
vt -2.44999909 0.817112982
vt -2.4506681 0.815999985
vt -2.44992495 0.815999985
vt -0.815999985 -0.818479002
vt -0.815999985 -0.819007993
vt -0.815999985 -0.819007993
vt -2.44992495 0.815999985
vt -2.4506681 0.815999985
vt -2.4506681 0.814999998
vt -2.4506681 0.814999998
vt -2.4506681 0.815999985
vt -2.45192099 0.814999998
vt -2.4506681 0.814999998
vt -2.45192099 0.814999998
vt -2.45198393 0.813887
vt -0.814999998 -0.814445972
vt -0.815999985 -0.814445972
vt -0.814999998 -0.815234005
vt -0.814999998 -0.815234005
vt -0.815999985 -0.814445972
vt -0.815999985 -0.814445972
vt -0.814999998 -0.815234005
vt -0.815999985 -0.814445972
vt -0.815999985 -0.815234005
vt -0.815999985 -0.815234005
vt -0.815999985 -0.814445972
vt -0.817112982 -0.815151989
vt -2.45198393 0.817112982
vt -2.4535799 0.815999985
vt -2.45192099 0.815999985
vt -0.815999985 -0.819801986
vt -0.815999985 -0.820689023
vt -0.815999985 -0.820689023
vt -2.45192099 0.815999985
vt -2.4535799 0.815999985
vt -2.4535799 0.814999998
vt -2.4535799 0.814999998
vt -2.4535799 0.815999985
vt -2.45404601 0.814999998
vt -2.4535799 0.814999998
vt -2.45404601 0.814999998
vt -2.45409703 0.813887
vt -0.814999998 -0.811667979
vt -0.815999985 -0.811667979
vt -0.814999998 -0.813350022
vt -0.814999998 -0.813350022
vt -0.815999985 -0.811667979
vt -0.815999985 -0.811667979
vt -0.814999998 -0.813350022
vt -0.815999985 -0.811667979
vt -0.815999985 -0.813350022
vt -0.815999985 -0.813350022
vt -0.815999985 -0.811667979
vt -0.817112982 -0.813278019
vt -0.813887 -0.809117019
vt -0.814999998 -0.809166014
vt -0.814999998 -0.811320007
vt -0.814999998 -0.811320007
vt -0.814999998 -0.809166014
vt -0.815999985 -0.809166014
vt -0.814999998 -0.811320007
vt -0.815999985 -0.809166014
vt -0.815999985 -0.811320007
vt -0.815999985 -0.811320007
vt -0.815999985 -0.809166014
vt -0.817112982 -0.811258972
vt -2.45631599 0.817112982
vt -2.45671105 0.815999985
vt -2.45627689 0.815999985
vt -0.815999985 -0.821779013
vt -0.815999985 -0.821918011
vt -0.815999985 -0.821918011
vt -2.45627689 0.815999985
vt -2.45671105 0.815999985
vt -2.45671105 0.814999998
vt -2.45671105 0.814999998
vt -2.45671105 0.815999985
vt -2.45858693 0.814999998
vt -2.45671105 0.814999998
vt -2.45858693 0.814999998
vt -2.45861411 0.813887
vt 2.47766304 -0.810476005
vt 2.47651291 -0.811941028
vt 2.47857404 -0.81111598
vt 2.47857404 -0.81111598
vt 2.47651291 -0.811941028
vt 2.47735 -0.812673986
vt 2.47857404 -0.81111598
vt 2.47735 -0.812673986
vt 2.47943807 -0.811722994
vt 2.47943807 -0.811722994
vt 2.47735 -0.812673986
vt 2.47814608 -0.813369989
vt 2.47943807 -0.811722994
vt 2.47814608 -0.813369989
vt 2.48021412 -0.812268019
vt 2.48021412 -0.812268019
vt 2.47814608 -0.813369989
vt 2.47885895 -0.81399399
vt 2.48021412 -0.812268019
vt 2.47885895 -0.81399399
vt 2.4808619 -0.812722981
vt 2.4808619 -0.812722981
vt 2.47885895 -0.81399399
vt 2.47945499 -0.814516008
vt 0.811882019 -0.812722981
vt 0.811882019 -0.814516008
vt 0.812830985 -0.813066006
vt 0.812830985 -0.813066006
vt 0.811882019 -0.814516008
vt 0.812830985 -0.814908028
vt 0.812830985 -0.813066006
vt 0.812830985 -0.814908028
vt 0.813887 -0.813278019
vt 0.813887 -0.813278019
vt 0.812830985 -0.814908028
vt 0.813887 -0.815151989
vt 0.813887 -0.813278019
vt 0.813887 -0.815151989
vt 0.814999998 -0.814445972
vt 0.814999998 -0.814445972
vt 0.813887 -0.815151989
vt 0.814999998 -0.815234005
vt 0.814999998 -0.814445972
vt 0.814999998 -0.815234005
vt 0.815999985 -0.815234005
vt 0.815999985 -0.815234005
vt 0.814999998 -0.815234005
vt 0.815999985 -0.816910982
vt 0.815999985 -0.815234005
vt 0.815999985 -0.816910982
vt 0.817112982 -0.815151989
vt 0.817112982 -0.815151989
vt 0.815999985 -0.816910982
vt 0.817112982 -0.816857994
vt 0.817112982 -0.815151989
vt 0.817112982 -0.816857994
vt 0.818168998 -0.814908028
vt 0.818168998 -0.814908028
vt 0.817112982 -0.816857994
vt 0.818168998 -0.816586018
vt 0.818168998 -0.814908028
vt 0.818168998 -0.816586018
vt 0.81911701 -0.814516008
vt 0.81911701 -0.814516008
vt 0.818168998 -0.816586018
vt 0.81911701 -0.816148996
vt -2.47945499 -0.814516008
vt -2.47786498 -0.816148996
vt -2.47885895 -0.81399399
vt -2.47885895 -0.81399399
vt -2.47786498 -0.816148996
vt -2.47732806 -0.815567017
vt -2.47885895 -0.81399399
vt -2.47732806 -0.815567017
vt -2.47814608 -0.813369989
vt -2.47814608 -0.813369989
vt -2.47732806 -0.815567017
vt -2.47668505 -0.81487
vt -2.47814608 -0.813369989
vt -2.47668505 -0.81487
vt -2.47735 -0.812673986
vt -2.47735 -0.812673986
vt -2.47668505 -0.81487
vt -2.47596788 -0.814094007
vt -2.47735 -0.812673986
vt -2.47596788 -0.814094007
vt -2.47651291 -0.811941028
vt -0.82099998 -0.811941028
vt -0.820874989 -0.814094007
vt -0.820874989 -0.814094007
vt -2.47651291 -0.811941028
vt -2.47596788 -0.814094007
vt -2.475214 -0.813275993
vt -0.82099998 -0.813275993
vt -0.820874989 -0.814094007
vt -0.820874989 -0.814094007
vt -2.475214 -0.813275993
vt -2.47596788 -0.814094007
vt -2.47444296 -0.815357983
vt -2.47444296 -0.815357983
vt -2.47596788 -0.814094007
vt -2.47507405 -0.816205978
vt -2.47444296 -0.815357983
vt -2.47507405 -0.816205978
vt -2.47332811 -0.817363977
vt -2.47332811 -0.817363977
vt -2.47507405 -0.816205978
vt -2.47380996 -0.818180978
vt -2.47332811 -0.817363977
vt -2.47380996 -0.818180978
vt -2.47186303 -0.819193006
vt -2.47186303 -0.819193006
vt -2.47380996 -0.818180978
vt -2.47218895 -0.819913983
vt -2.47186303 -0.819193006
vt -2.47218895 -0.819913983
vt -2.47006702 -0.820743024
vt -2.47006702 0.81911701
vt -2.47218895 0.81911701
vt -2.47025394 0.818168998
vt -2.47006702 0.81911701
vt -2.47025394 0.818168998
vt -2.46799397 0.818168998
vt -2.46799397 0.818168998
vt -2.47025394 0.818168998
vt -2.46807289 0.817112982
vt -2.46799397 0.818168998
vt -2.46807289 0.817112982
vt -2.46572089 0.817112982
vt -2.46572089 0.817112982
vt -2.46807289 0.817112982
vt -2.46669602 0.815999985
vt -2.46572089 0.817112982
vt -2.46669602 0.815999985
vt -2.46573496 0.815999985
vt -2.46573496 0.815999985
vt -2.46669602 0.815999985
vt -2.46669602 0.814999998
vt -2.46573496 0.815999985
vt -2.46669602 0.814999998
vt -2.46573496 0.814999998
vt -0.814999998 -0.822790027
vt -0.814999998 -0.822665989
vt -0.814999998 -0.822665989
vt -2.46573496 0.814999998
vt -2.46669602 0.814999998
vt -2.46572089 0.813887
vt -2.46572089 0.813887
vt -2.46669602 0.814999998
vt -2.46807289 0.813887
vt -2.46572089 0.813887
vt -2.46807289 0.813887
vt -2.46568203 0.812830985
vt -2.46568203 0.812830985
vt -2.46807289 0.813887
vt -2.46799397 0.812830985
vt -2.46568203 0.812830985
vt -2.46799397 0.812830985
vt -2.4656179 0.811882019
vt -2.4656179 0.811882019
vt -2.46799397 0.812830985
vt -2.46786904 0.811882019
vt 2.4656179 -0.821704984
vt 2.46786904 -0.821343005
vt 2.46553397 -0.820918024
vt 2.46553397 -0.820918024
vt 2.46786904 -0.821343005
vt 2.46770096 -0.820568979
vt 2.46553397 -0.820918024
vt 2.46770096 -0.820568979
vt 2.46543407 -0.819975972
vt 2.46543407 -0.819975972
vt 2.46770096 -0.820568979
vt 2.46750093 -0.819643021
vt 2.46543407 -0.819975972
vt 2.46750093 -0.819643021
vt 2.46532202 -0.818925023
vt 2.46532202 -0.818925023
vt 2.46750093 -0.819643021
vt 2.467278 -0.818610013
vt 2.46532202 -0.818925023
vt 2.467278 -0.818610013
vt 2.46520305 -0.817817986
vt -0.810000002 -0.817817986
vt -0.810124993 -0.818610013
vt -0.810124993 -0.818610013
vt 2.46520305 -0.817817986
vt 2.467278 -0.818610013
vt 2.46704197 -0.817521989
vt 2.46704197 -0.817521989
vt 2.467278 -0.818610013
vt 2.46918893 -0.818087995
vt 2.46704197 -0.817521989
vt 2.46918893 -0.818087995
vt 2.46883893 -0.81703198
vt 2.46883893 -0.81703198
vt 2.46918893 -0.818087995
vt 2.47103405 -0.817367017
vt 2.46883893 -0.81703198
vt 2.47103405 -0.817367017
vt 2.4705739 -0.816353977
vt 2.4705739 -0.816353977
vt 2.47103405 -0.817367017
vt 2.47279191 -0.81645298
vt 2.4705739 -0.816353977
vt 2.47279191 -0.81645298
vt 2.4722271 -0.815495014
vt 2.4722271 -0.815495014
vt 2.47279191 -0.81645298
vt 2.47444296 -0.815357983
vt 2.4722271 -0.815495014
vt 2.47444296 -0.815357983
vt 2.47377896 -0.814464986
vt 2.47377896 -0.814464986
vt 2.47444296 -0.815357983
vt 2.47596788 -0.814094007
vt 2.47377896 -0.814464986
vt 2.47596788 -0.814094007
vt 2.475214 -0.813275993
vt 2.475214 -0.813275993
vt 2.47596788 -0.814094007
vt 2.47735 -0.812673986
vt 2.475214 -0.813275993
vt 2.47735 -0.812673986
vt 2.47651291 -0.811941028
vt 2.46520305 -0.817817986
vt 2.46334291 -0.817918003
vt 2.46532202 -0.818925023
vt 2.47735 -0.812673986
vt 2.47596788 -0.814094007
vt 2.47814608 -0.813369989
vt 2.47814608 -0.813369989
vt 2.47596788 -0.814094007
vt 2.47668505 -0.81487
vt 2.47814608 -0.813369989
vt 2.47668505 -0.81487
vt 2.47885895 -0.81399399
vt 2.47885895 -0.81399399
vt 2.47668505 -0.81487
vt 2.47732806 -0.815567017
vt 2.47885895 -0.81399399
vt 2.47732806 -0.815567017
vt 2.47945499 -0.814516008
vt 2.47945499 -0.814516008
vt 2.47732806 -0.815567017
vt 2.47786498 -0.816148996
vt 0.811882019 -0.814516008
vt 0.811882019 -0.816148996
vt 0.812830985 -0.814908028
vt 0.812830985 -0.814908028
vt 0.811882019 -0.816148996
vt 0.812830985 -0.816586018
vt 0.812830985 -0.814908028
vt 0.812830985 -0.816586018
vt 0.813887 -0.815151989
vt 0.813887 -0.815151989
vt 0.812830985 -0.816586018
vt 0.813887 -0.816857994
vt 0.813887 -0.815151989
vt 0.813887 -0.816857994
vt 0.814999998 -0.816910982
vt -2.47864699 0.814999998
vt -2.47851992 0.813887
vt -2.47860503 0.814999998
vt -2.47864699 0.814999998
vt -2.47860503 0.814999998
vt -2.47860503 0.815999985
vt -2.47860503 0.815999985
vt -2.47860503 0.814999998
vt -2.47676206 0.815999985
vt -2.47860503 0.815999985
vt -2.47676206 0.815999985
vt -2.47851992 0.817112982
vt -2.47851992 0.817112982
vt -2.47676206 0.815999985
vt -2.476686 0.817112982
vt -2.47851992 0.817112982
vt -2.476686 0.817112982
vt -2.4782691 0.818168998
vt -2.4782691 0.818168998
vt -2.476686 0.817112982
vt -2.47646594 0.818168998
vt -2.4782691 0.818168998
vt -2.47646594 0.818168998
vt -2.47786498 0.81911701
vt -2.47786498 0.81911701
vt -2.47646594 0.818168998
vt -2.47611094 0.81911701
vt -2.47786498 -0.816148996
vt -2.47611094 -0.817602992
vt -2.47732806 -0.815567017
vt -2.47732806 -0.815567017
vt -2.47611094 -0.817602992
vt -2.47563791 -0.81696701
vt -2.47732806 -0.815567017
vt -2.47563791 -0.81696701
vt -2.47668505 -0.81487
vt -2.47668505 -0.81487
vt -2.47563791 -0.81696701
vt -2.47507405 -0.816205978
vt -2.47668505 -0.81487
vt -2.47507405 -0.816205978
vt -2.47596788 -0.814094007
vt -2.47507405 -0.816205978
vt -2.47563791 -0.81696701
vt -2.47380996 -0.818180978
vt -2.47380996 -0.818180978
vt -2.47563791 -0.81696701
vt -2.47421193 -0.818862975
vt -2.47380996 -0.818180978
vt -2.47421193 -0.818862975
vt -2.47218895 -0.819913983
vt -2.47218895 0.81911701
vt -2.47421193 0.81911701
vt -2.472435 0.818168998
vt -2.47218895 0.81911701
vt -2.472435 0.818168998
vt -2.47025394 0.818168998
vt -2.47025394 0.818168998
vt -2.472435 0.818168998
vt -2.47037101 0.817112982
vt -2.47025394 0.818168998
vt -2.47037101 0.817112982
vt -2.46807289 0.817112982
vt -2.46807289 0.817112982
vt -2.47037101 0.817112982
vt -2.46997499 0.815999985
vt -2.46807289 0.817112982
vt -2.46997499 0.815999985
vt -2.46809912 0.815999985
vt -2.46809912 0.815999985
vt -2.46997499 0.815999985
vt -2.46997499 0.814999998
vt -2.46809912 0.815999985
vt -2.46997499 0.814999998
vt -2.46809912 0.814999998
vt -2.46809912 0.814999998
vt -2.46997499 0.814999998
vt -2.46807289 0.813887
vt -0.814999998 -0.822408974
vt -0.813887 -0.822287023
vt -0.814999998 -0.822408974
vt -2.46809912 0.814999998
vt -2.46807289 0.813887
vt -2.46669602 0.814999998
vt -0.814999998 -0.822408974
vt -0.814999998 -0.822665989
vt -0.814999998 -0.822408974
vt -2.46809912 0.814999998
vt -2.46669602 0.814999998
vt -2.46669602 0.815999985
vt -2.46809912 0.814999998
vt -2.46669602 0.815999985
vt -2.46809912 0.815999985
vt -2.46809912 0.815999985
vt -2.46669602 0.815999985
vt -2.46807289 0.817112982
vt -2.47563791 -0.81696701
vt -2.47611094 -0.817602992
vt -2.47421193 -0.818862975
vt -2.47421193 0.81911701
vt -2.47611094 0.81911701
vt -2.47451401 0.818168998
vt -2.47421193 0.81911701
vt -2.47451401 0.818168998
vt -2.472435 0.818168998
vt -2.472435 0.818168998
vt -2.47451401 0.818168998
vt -2.47258902 0.817112982
vt -2.472435 0.818168998
vt -2.47258902 0.817112982
vt -2.47037101 0.817112982
vt -2.47037101 0.817112982
vt -2.47258902 0.817112982
vt -2.47041011 0.815999985
vt -2.47037101 0.817112982
vt -2.47041011 0.815999985
vt -2.46997499 0.815999985
vt -2.46997499 0.815999985
vt -2.47041011 0.815999985
vt -2.47041011 0.814999998
vt -2.46997499 0.815999985
vt -2.47041011 0.814999998
vt -2.46997499 0.814999998
vt -2.46997499 0.814999998
vt -2.47041011 0.814999998
vt -2.47037101 0.813887
vt -2.46997499 0.814999998
vt -2.47037101 0.813887
vt -2.46807289 0.813887
vt -0.813887 -0.822287023
vt -0.813887 -0.821659982
vt -0.813887 -0.821659982
vt -2.46807289 0.813887
vt -2.47037101 0.813887
vt -2.46799397 0.812830985
vt -2.46799397 0.812830985
vt -2.47037101 0.813887
vt -2.47025394 0.812830985
vt -2.46799397 0.812830985
vt -2.47025394 0.812830985
vt -2.46786904 0.811882019
vt -2.46786904 0.811882019
vt -2.47025394 0.812830985
vt -2.47006702 0.811882019
vt 2.46786904 -0.821343005
vt 2.47006702 -0.820743024
vt 2.46770096 -0.820568979
vt 2.46770096 -0.820568979
vt 2.47006702 -0.820743024
vt 2.46981907 -0.819992006
vt 2.46770096 -0.820568979
vt 2.46981907 -0.819992006
vt 2.46750093 -0.819643021
vt 2.46750093 -0.819643021
vt 2.46981907 -0.819992006
vt 2.46952105 -0.819091976
vt 2.46750093 -0.819643021
vt 2.46952105 -0.819091976
vt 2.467278 -0.818610013
vt -0.810124993 -0.818610013
vt -0.810495019 -0.819091976
vt -0.810495019 -0.819091976
vt 2.467278 -0.818610013
vt 2.46952105 -0.819091976
vt 2.46918893 -0.818087995
vt 2.46918893 -0.818087995
vt 2.46952105 -0.819091976
vt 2.47147012 -0.818328977
vt 2.46918893 -0.818087995
vt 2.47147012 -0.818328977
vt 2.47103405 -0.817367017
vt 2.47103405 -0.817367017
vt 2.47147012 -0.818328977
vt 2.47332811 -0.817363977
vt 2.47103405 -0.817367017
vt 2.47332811 -0.817363977
vt 2.47279191 -0.81645298
vt 2.47279191 -0.81645298
vt 2.47332811 -0.817363977
vt 2.47507405 -0.816205978
vt 2.47279191 -0.81645298
vt 2.47507405 -0.816205978
vt 2.47444296 -0.815357983
vt 2.47444296 -0.815357983
vt 2.47507405 -0.816205978
vt 2.47668505 -0.81487
vt 2.47444296 -0.815357983
vt 2.47668505 -0.81487
vt 2.47596788 -0.814094007
vt 2.47668505 -0.81487
vt 2.47507405 -0.816205978
vt 2.47732806 -0.815567017
vt 2.47732806 -0.815567017
vt 2.47507405 -0.816205978
vt 2.47563791 -0.81696701
vt 2.47732806 -0.815567017
vt 2.47563791 -0.81696701
vt 2.47786498 -0.816148996
vt 2.47786498 -0.816148996
vt 2.47563791 -0.81696701
vt 2.47611094 -0.817602992
vt -2.47786498 0.811882019
vt -2.47611094 0.811882019
vt -2.4782691 0.812830985
vt -2.4782691 0.812830985
vt -2.47611094 0.811882019
vt -2.47646594 0.812830985
vt -2.4782691 0.812830985
vt -2.47646594 0.812830985
vt -2.47851992 0.813887
vt -2.47851992 0.813887
vt -2.47646594 0.812830985
vt -2.476686 0.813887
vt -2.47851992 0.813887
vt -2.476686 0.813887
vt -2.47860503 0.814999998
vt -2.47860503 0.814999998
vt -2.476686 0.813887
vt -2.47676206 0.814999998
vt -2.47860503 0.814999998
vt -2.47676206 0.814999998
vt -2.47676206 0.815999985
vt -2.47676206 0.815999985
vt -2.47676206 0.814999998
vt -2.476017 0.815999985
vt -2.47676206 0.815999985
vt -2.476017 0.815999985
vt -2.476686 0.817112982
vt -2.476686 0.817112982
vt -2.476017 0.815999985
vt -2.47470188 0.817112982
vt -2.476686 0.817112982
vt -2.47470188 0.817112982
vt -2.47646594 0.818168998
vt -2.47646594 0.818168998
vt -2.47470188 0.817112982
vt -2.47451401 0.818168998
vt -2.47646594 0.818168998
vt -2.47451401 0.818168998
vt -2.47611094 0.81911701
vt -2.47451401 0.818168998
vt -2.47470188 0.817112982
vt -2.47258902 0.817112982
vt -2.47258902 0.817112982
vt -2.47470188 0.817112982
vt -2.47310495 0.815999985
vt -2.47258902 0.817112982
vt -2.47310495 0.815999985
vt -2.47264004 0.815999985
vt -2.47264004 0.815999985
vt -2.47310495 0.815999985
vt -2.47310495 0.814999998
vt -2.47264004 0.815999985
vt -2.47310495 0.814999998
vt -2.47264004 0.814999998
vt -2.47264004 0.814999998
vt -2.47310495 0.814999998
vt -2.47258902 0.813887
vt -2.47264004 0.814999998
vt -2.47258902 0.813887
vt -2.47037101 0.813887
vt -0.813887 -0.821659982
vt -0.813887 -0.820792973
vt -0.813887 -0.820792973
vt -2.47037101 0.813887
vt -2.47258902 0.813887
vt -2.47025394 0.812830985
vt -2.47025394 0.812830985
vt -2.47258902 0.813887
vt -2.472435 0.812830985
vt -2.47025394 0.812830985
vt -2.472435 0.812830985
vt -2.47006702 0.811882019
vt -2.47006702 0.811882019
vt -2.472435 0.812830985
vt -2.47218895 0.811882019
vt 2.47006702 -0.820743024
vt 2.47218895 -0.819913983
vt 2.46981907 -0.819992006
vt 2.46981907 -0.819992006
vt 2.47218895 -0.819913983
vt 2.47186303 -0.819193006
vt 2.46981907 -0.819992006
vt 2.47186303 -0.819193006
vt 2.46952105 -0.819091976
vt -0.810495019 -0.819091976
vt -0.811091006 -0.819193006
vt -0.811091006 -0.819193006
vt 2.46952105 -0.819091976
vt 2.47186303 -0.819193006
vt 2.47147012 -0.818328977
vt 2.47147012 -0.818328977
vt 2.47186303 -0.819193006
vt 2.47380996 -0.818180978
vt 2.47147012 -0.818328977
vt 2.47380996 -0.818180978
vt 2.47332811 -0.817363977
vt 2.47332811 -0.817363977
vt 2.47380996 -0.818180978
vt 2.47563791 -0.81696701
vt 2.47332811 -0.817363977
vt 2.47563791 -0.81696701
vt 2.47507405 -0.816205978
vt 2.47563791 -0.81696701
vt 2.47380996 -0.818180978
vt 2.47611094 -0.817602992
vt 2.47611094 -0.817602992
vt 2.47380996 -0.818180978
vt 2.47421193 -0.818862975
vt -2.47611094 0.811882019
vt -2.47421193 0.811882019
vt -2.47646594 0.812830985
vt -2.47646594 0.812830985
vt -2.47421193 0.811882019
vt -2.47451401 0.812830985
vt -2.47646594 0.812830985
vt -2.47451401 0.812830985
vt -2.476686 0.813887
vt -2.476686 0.813887
vt -2.47451401 0.812830985
vt -2.47470188 0.813887
vt -2.476686 0.813887
vt -2.47470188 0.813887
vt -2.476017 0.814999998
vt -2.476017 0.814999998
vt -2.47470188 0.813887
vt -2.47476602 0.814999998
vt -2.476017 0.814999998
vt -2.47476602 0.814999998
vt -2.47476602 0.815999985
vt -2.47476602 0.815999985
vt -2.47476602 0.814999998
vt -2.47310495 0.815999985
vt -0.815999985 -0.819801986
vt -0.815999985 -0.820689023
vt -0.815999985 -0.819801986
vt -2.47476602 0.815999985
vt -2.47310495 0.815999985
vt -2.47470188 0.817112982
vt -0.815999985 -0.819801986
vt -0.817112982 -0.819694996
vt -0.815999985 -0.819801986
vt -2.47476602 0.815999985
vt -2.47470188 0.817112982
vt -2.476017 0.815999985
vt -2.47476602 0.815999985
vt -2.476017 0.815999985
vt -2.476017 0.814999998
vt -2.476017 0.814999998
vt -2.476017 0.815999985
vt -2.47676206 0.814999998
vt -2.476017 0.814999998
vt -2.47676206 0.814999998
vt -2.476686 0.813887
vt -2.47310495 0.815999985
vt -2.47476602 0.814999998
vt -2.47310495 0.814999998
vt -2.47310495 0.814999998
vt -2.47476602 0.814999998
vt -2.47470188 0.813887
vt -2.47310495 0.814999998
vt -2.47470188 0.813887
vt -2.47258902 0.813887
vt -0.813887 -0.820792973
vt -0.813887 -0.819694996
vt -0.813887 -0.819694996
vt -2.47258902 0.813887
vt -2.47470188 0.813887
vt -2.472435 0.812830985
vt -2.472435 0.812830985
vt -2.47470188 0.813887
vt -2.47451401 0.812830985
vt -2.472435 0.812830985
vt -2.47451401 0.812830985
vt -2.47218895 0.811882019
vt -2.47218895 0.811882019
vt -2.47451401 0.812830985
vt -2.47421193 0.811882019
vt 2.47218895 -0.819913983
vt 2.47421193 -0.818862975
vt 2.47186303 -0.819193006
vt 2.47186303 -0.819193006
vt 2.47421193 -0.818862975
vt 2.47380996 -0.818180978
vt -2.47037101 0.813887
vt -2.47041011 0.814999998
vt -2.47264004 0.814999998
vt -2.47264004 0.814999998
vt -2.47041011 0.814999998
vt -2.47041011 0.815999985
vt -2.47264004 0.814999998
vt -2.47041011 0.815999985
vt -2.47264004 0.815999985
vt -2.47264004 0.815999985
vt -2.47041011 0.815999985
vt -2.47258902 0.817112982
vt -2.47851992 0.817112982
vt -2.47864699 0.815999985
vt -2.47860503 0.815999985
vt -0.815999985 -0.816950023
vt -0.815999985 -0.816910982
vt -0.815999985 -0.816910982
vt -2.47860503 0.815999985
vt -2.47864699 0.815999985
vt -2.47864699 0.814999998
vt 0.814999998 -0.816910982
vt 0.815999985 -0.816910982
vt 0.814999998 -0.815234005
vt 0.814999998 -0.816910982
vt 0.814999998 -0.815234005
vt 0.813887 -0.815151989
vt -2.46573496 0.814999998
vt -2.46334291 0.815999985
vt -2.46573496 0.815999985
vt -2.46573496 0.815999985
vt -2.46334291 0.815999985
vt -2.46572089 0.817112982
vt 0.817112982 -0.815151989
vt 0.815999985 -0.814445972
vt 0.815999985 -0.815234005
vt -0.815999985 -0.815234005
vt -0.815999985 -0.814445972
vt -0.815999985 -0.814445972
vt 0.815999985 -0.815234005
vt 0.815999985 -0.814445972
vt 0.814999998 -0.814445972
vt 0.814999998 -0.814445972
vt 0.815999985 -0.814445972
vt 0.814999998 -0.813350022
vt 0.814999998 -0.814445972
vt 0.814999998 -0.813350022
vt 0.813887 -0.813278019
vt -2.46334291 -0.817918003
vt -2.46334291 -0.819029987
vt -2.46136498 -0.818925023
vt -2.46136498 -0.818925023
vt -2.46334291 -0.819029987
vt -2.46125197 -0.819975972
vt -2.46136498 -0.818925023
vt -2.46125197 -0.819975972
vt -2.45918489 -0.819643021
vt -0.820505023 -0.819643021
vt -0.820505023 -0.819975972
vt -0.820505023 -0.819975972
vt -2.45918489 -0.819643021
vt -2.46125197 -0.819975972
vt -2.45898509 -0.820568979
vt -2.45898509 -0.820568979
vt -2.46125197 -0.819975972
vt -2.46115208 -0.820918024
vt -2.45898509 -0.820568979
vt -2.46115208 -0.820918024
vt -2.45881796 -0.821343005
vt -2.45881796 -0.821343005
vt -2.46115208 -0.820918024
vt -2.46106696 -0.821704984
vt -2.45881796 0.81911701
vt -2.46106696 0.81911701
vt -2.45869207 0.818168998
vt -2.45869207 0.818168998
vt -2.46106696 0.81911701
vt -2.46100402 0.818168998
vt -2.45869207 0.818168998
vt -2.46100402 0.818168998
vt -2.45861411 0.817112982
vt -2.45861411 0.817112982
vt -2.46100402 0.818168998
vt -2.46096492 0.817112982
vt -2.45861411 0.817112982
vt -2.46096492 0.817112982
vt -2.45999002 0.815999985
vt -2.45999002 0.815999985
vt -2.46096492 0.817112982
vt -2.46095204 0.815999985
vt -2.45999002 0.815999985
vt -2.46095204 0.815999985
vt -2.46095204 0.814999998
vt -2.46095204 0.814999998
vt -2.46095204 0.815999985
vt -2.46334291 0.814999998
vt -0.814999998 -0.822790027
vt -0.814999998 -0.822917998
vt -0.814999998 -0.822790027
vt -2.46095204 0.814999998
vt -2.46334291 0.814999998
vt -2.46096492 0.813887
vt -0.814999998 -0.822790027
vt -0.813887 -0.822664976
vt -0.814999998 -0.822790027
vt -2.46095204 0.814999998
vt -2.46096492 0.813887
vt -2.45999002 0.814999998
vt -2.46095204 0.814999998
vt -2.45999002 0.814999998
vt -2.45999002 0.815999985
vt -2.45999002 0.815999985
vt -2.45999002 0.814999998
vt -2.45858693 0.815999985
vt -2.45999002 0.815999985
vt -2.45858693 0.815999985
vt -2.45861411 0.817112982
vt -2.45918489 -0.819643021
vt -2.459409 -0.818610013
vt -2.46136498 -0.818925023
vt -2.46136498 -0.818925023
vt -2.459409 -0.818610013
vt -2.461483 -0.817817986
vt -2.46136498 -0.818925023
vt -2.461483 -0.817817986
vt -2.46334291 -0.817918003
vt -2.46334291 -0.817918003
vt -2.461483 -0.817817986
vt -2.46334291 -0.800418019
vt -2.46334291 -0.817918003
vt -2.46334291 -0.800418019
vt -2.46520305 -0.817817986
vt -2.46520305 -0.817817986
vt -2.46334291 -0.800418019
vt -2.46704197 -0.817521989
vt -2.46520305 -0.817817986
vt -2.46704197 -0.817521989
vt -2.46532202 -0.818925023
vt -2.46532202 -0.818925023
vt -2.46704197 -0.817521989
vt -2.467278 -0.818610013
vt -2.46532202 -0.818925023
vt -2.467278 -0.818610013
vt -2.46543407 -0.819975972
vt -2.46543407 -0.819975972
vt -2.467278 -0.818610013
vt -2.46750093 -0.819643021
vt -2.46543407 -0.819975972
vt -2.46750093 -0.819643021
vt -2.46553397 -0.820918024
vt -2.46553397 -0.820918024
vt -2.46750093 -0.819643021
vt -2.46770096 -0.820568979
vt -2.46553397 -0.820918024
vt -2.46770096 -0.820568979
vt -2.4656179 -0.821704984
vt -2.4656179 -0.821704984
vt -2.46770096 -0.820568979
vt -2.46786904 -0.821343005
vt -0.81911701 -0.821704984
vt -0.81911701 -0.821343005
vt -0.81911701 -0.821704984
vt -2.4656179 0.81911701
vt -2.46786904 0.81911701
vt -2.46568203 0.818168998
vt -2.4656179 0.81911701
vt -2.46568203 0.818168998
vt -2.46334291 0.818168998
vt -2.46334291 0.818168998
vt -2.46568203 0.818168998
vt -2.46334291 0.817112982
vt -2.46334291 0.818168998
vt -2.46334291 0.817112982
vt -2.46096492 0.817112982
vt -0.817112982 -0.822664976
vt -0.817112982 -0.822791994
vt -0.817112982 -0.822791994
vt -2.46096492 0.817112982
vt -2.46334291 0.817112982
vt -2.46095204 0.815999985
vt -2.46095204 0.815999985
vt -2.46334291 0.817112982
vt -2.46334291 0.815999985
vt -2.46095204 0.815999985
vt -2.46334291 0.815999985
vt -2.46334291 0.814999998
vt -2.46096492 0.817112982
vt -2.46100402 0.818168998
vt -2.46334291 0.818168998
vt -2.46334291 0.818168998
vt -2.46100402 0.818168998
vt -2.46334291 0.81911701
vt -2.46334291 0.818168998
vt -2.46334291 0.81911701
vt -2.4656179 0.81911701
vt -0.81911701 -0.821704984
vt -0.81911701 -0.821826994
vt -0.81911701 -0.821826994
vt -2.4656179 -0.821704984
vt -2.46334291 -0.821826994
vt -2.46553397 -0.820918024
vt -2.46553397 -0.820918024
vt -2.46334291 -0.821826994
vt -2.46334291 -0.821035028
vt -2.46553397 -0.820918024
vt -2.46334291 -0.821035028
vt -2.46543407 -0.819975972
vt -2.46543407 -0.819975972
vt -2.46334291 -0.821035028
vt -2.46334291 -0.820087016
vt -2.46543407 -0.819975972
vt -2.46334291 -0.820087016
vt -2.46532202 -0.818925023
vt -2.46532202 -0.818925023
vt -2.46334291 -0.820087016
vt -2.46334291 -0.819029987
vt -2.46532202 -0.818925023
vt -2.46334291 -0.819029987
vt -2.46520305 -0.817817986
vt -2.46520305 -0.817817986
vt -2.46334291 -0.819029987
vt -2.46334291 -0.817918003
vt -2.46334291 -0.819029987
vt -2.46334291 -0.820087016
vt -2.46125197 -0.819975972
vt -0.820505023 -0.819975972
vt -0.820505023 -0.820087016
vt -0.820505023 -0.820087016
vt -2.46125197 -0.819975972
vt -2.46334291 -0.820087016
vt -2.46115208 -0.820918024
vt -2.46115208 -0.820918024
vt -2.46334291 -0.820087016
vt -2.46334291 -0.821035028
vt -2.46115208 -0.820918024
vt -2.46334291 -0.821035028
vt -2.46106696 -0.821704984
vt -2.46106696 -0.821704984
vt -2.46334291 -0.821035028
vt -2.46334291 -0.821826994
vt -2.46106696 0.81911701
vt -2.46334291 0.81911701
vt -2.46100402 0.818168998
vt -2.46786904 -0.821343005
vt -2.46770096 -0.820568979
vt -2.46981907 -0.819992006
vt -2.46981907 -0.819992006
vt -2.46770096 -0.820568979
vt -2.46952105 -0.819091976
vt -2.46981907 -0.819992006
vt -2.46952105 -0.819091976
vt -2.47147012 -0.818328977
vt -2.47147012 -0.818328977
vt -2.46952105 -0.819091976
vt -2.47103405 -0.817367017
vt -2.47147012 -0.818328977
vt -2.47103405 -0.817367017
vt -2.47279191 -0.81645298
vt -2.47279191 -0.81645298
vt -2.47103405 -0.817367017
vt -2.4722271 -0.815495014
vt -2.47279191 -0.81645298
vt -2.4722271 -0.815495014
vt -2.47377896 -0.814464986
vt -0.82099998 -0.814464986
vt -0.82099998 -0.815495014
vt -0.82099998 -0.815495014
vt -2.47377896 -0.814464986
vt -2.4722271 -0.815495014
vt -2.46334291 -0.800418019
vt -2.46334291 -0.800418019
vt -2.4722271 -0.815495014
vt -2.4705739 -0.816353977
vt -2.46334291 -0.800418019
vt -2.4705739 -0.816353977
vt -2.46883893 -0.81703198
vt -2.46883893 -0.81703198
vt -2.4705739 -0.816353977
vt -2.46918893 -0.818087995
vt -2.46883893 -0.81703198
vt -2.46918893 -0.818087995
vt -2.467278 -0.818610013
vt -0.820874989 -0.818610013
vt -0.820874989 -0.818087995
vt -0.820874989 -0.818087995
vt -2.467278 -0.818610013
vt -2.46918893 -0.818087995
vt -2.46750093 -0.819643021
vt -2.46750093 -0.819643021
vt -2.46918893 -0.818087995
vt -2.46952105 -0.819091976
vt -2.46750093 -0.819643021
vt -2.46952105 -0.819091976
vt -2.46770096 -0.820568979
vt -2.46952105 -0.819091976
vt -2.46918893 -0.818087995
vt -2.47103405 -0.817367017
vt -2.47103405 -0.817367017
vt -2.46918893 -0.818087995
vt -2.4705739 -0.816353977
vt -2.47103405 -0.817367017
vt -2.4705739 -0.816353977
vt -2.4722271 -0.815495014
vt -2.467278 -0.818610013
vt -2.46704197 -0.817521989
vt -2.46883893 -0.81703198
vt -2.46883893 -0.81703198
vt -2.46704197 -0.817521989
vt -2.46334291 -0.800418019
vt -2.46334291 -0.800418019
vt -2.461483 -0.817817986
vt -2.45964408 -0.817521989
vt -2.45964408 -0.817521989
vt -2.461483 -0.817817986
vt -2.459409 -0.818610013
vt -0.815999985 -0.790578008
vt -0.814999998 -0.790578008
vt -0.815999985 -0.789168
vt -0.815999985 -0.789168
vt -0.814999998 -0.790578008
vt -0.814999998 -0.789168
vt -0.815999985 -0.789168
vt -0.814999998 -0.789168
vt -0.815999985 -0.788483024
vt -0.815999985 -0.788483024
vt -0.814999998 -0.789168
vt -0.814999998 -0.788483024
vt -0.815999985 -0.788483024
vt -0.814999998 -0.788483024
vt -0.815999985 -0.788483024
vt -0.815999985 -0.788483024
vt -0.814999998 -0.788483024
vt -0.815999985 -0.786522985
vt -0.815999985 -0.788483024
vt -0.815999985 -0.786522985
vt -0.817112982 -0.788550019
vt -0.817112982 -0.788550019
vt -0.815999985 -0.786522985
vt -0.817112982 -0.786601007
vt -0.817112982 -0.788550019
vt -0.817112982 -0.786601007
vt -0.818168998 -0.788745999
vt -0.818168998 -0.788745999
vt -0.817112982 -0.786601007
vt -0.818168998 -0.786828995
vt -0.818168998 -0.788745999
vt -0.818168998 -0.786828995
vt -0.81911701 -0.789062023
vt -0.81911701 -0.789062023
vt -0.818168998 -0.786828995
vt -0.81911701 -0.787196994
vt -2.44519401 -0.789062023
vt -2.44650412 -0.787196994
vt -2.44586492 -0.789481997
vt -2.44586492 -0.789481997
vt -2.44650412 -0.787196994
vt -2.44712591 -0.78768599
vt -2.44586492 -0.789481997
vt -2.44712591 -0.78768599
vt -2.4466691 -0.789985001
vt -2.4466691 -0.789985001
vt -2.44712591 -0.78768599
vt -2.44787192 -0.78827101
vt -2.4466691 -0.789985001
vt -2.44787192 -0.78827101
vt -2.44756508 -0.790544987
vt -2.44756508 -0.790544987
vt -2.44787192 -0.78827101
vt -2.448704 -0.788923979
vt -2.44756508 -0.790544987
vt -2.448704 -0.788923979
vt -2.44850802 -0.791135013
vt -2.44850802 -0.791135013
vt -2.448704 -0.788923979
vt -2.449579 -0.789610982
vt -0.82099998 -0.791135013
vt -0.82099998 -0.789610982
vt -0.82099998 -0.791135013
vt -2.44850802 -0.791135013
vt -2.449579 -0.789610982
vt -2.46334291 -0.800418019
vt -2.44850802 -0.791135013
vt -2.46334291 -0.800418019
vt -2.44760489 -0.792765021
vt -2.44760489 -0.792765021
vt -2.46334291 -0.800418019
vt -2.44688106 -0.794480979
vt -2.44760489 -0.792765021
vt -2.44688106 -0.794480979
vt -2.44660401 -0.792277992
vt -2.44660401 -0.792277992
vt -2.44688106 -0.794480979
vt -2.44583392 -0.794103026
vt -2.44660401 -0.792277992
vt -2.44583392 -0.794103026
vt -2.44565392 -0.791815996
vt -2.44565392 -0.791815996
vt -2.44583392 -0.794103026
vt -2.44483995 -0.793744981
vt -2.44565392 -0.791815996
vt -2.44483995 -0.793744981
vt -2.44480205 -0.791401982
vt -2.44480205 -0.791401982
vt -2.44483995 -0.793744981
vt -2.44394803 -0.793422997
vt -2.44480205 -0.791401982
vt -2.44394803 -0.793422997
vt -2.44408989 -0.791055024
vt -2.44408989 -0.791055024
vt -2.44394803 -0.793422997
vt -2.44320297 -0.793155015
vt -0.81911701 -0.791055024
vt -0.81911701 -0.793155015
vt -0.818168998 -0.790795028
vt -0.818168998 -0.790795028
vt -0.81911701 -0.793155015
vt -0.818168998 -0.792953014
vt -0.818168998 -0.790795028
vt -0.818168998 -0.792953014
vt -0.818168998 -0.790795028
vt -0.818168998 -0.790795028
vt -0.818168998 -0.792953014
vt -0.817112982 -0.790633023
vt -0.818168998 -0.790795028
vt -0.817112982 -0.790633023
vt -0.817112982 -0.788550019
vt -0.817112982 -0.788550019
vt -0.817112982 -0.790633023
vt -0.815999985 -0.789168
vt -0.817112982 -0.788550019
vt -0.815999985 -0.789168
vt -0.815999985 -0.788483024
vt -0.815999985 -0.790578008
vt -0.815999985 -0.789168
vt -0.817112982 -0.790633023
vt -0.817112982 -0.788550019
vt -0.818168998 -0.788745999
vt -0.818168998 -0.790795028
vt -0.818168998 -0.790795028
vt -0.818168998 -0.788745999
vt -0.818168998 -0.788745999
vt -0.818168998 -0.790795028
vt -0.818168998 -0.788745999
vt -0.81911701 -0.791055024
vt -0.81911701 -0.791055024
vt -0.818168998 -0.788745999
vt -0.81911701 -0.789062023
vt -2.44408989 -0.791055024
vt -2.44519401 -0.789062023
vt -2.44480205 -0.791401982
vt -2.44480205 -0.791401982
vt -2.44519401 -0.789062023
vt -2.44586492 -0.789481997
vt -2.44480205 -0.791401982
vt -2.44586492 -0.789481997
vt -2.44565392 -0.791815996
vt -2.44565392 -0.791815996
vt -2.44586492 -0.789481997
vt -2.4466691 -0.789985001
vt -2.44565392 -0.791815996
vt -2.4466691 -0.789985001
vt -2.44660401 -0.792277992
vt -2.44660401 -0.792277992
vt -2.4466691 -0.789985001
vt -2.44756508 -0.790544987
vt -2.44660401 -0.792277992
vt -2.44756508 -0.790544987
vt -2.44760489 -0.792765021
vt -2.44760489 -0.792765021
vt -2.44756508 -0.790544987
vt -2.44850802 -0.791135013
vt -0.818168998 -0.792953014
vt -0.81911701 -0.793155015
vt -0.81911701 -0.795337021
vt -2.44254589 -0.795337021
vt -2.44320297 -0.793155015
vt -2.44331503 -0.795525014
vt -2.44254589 -0.795337021
vt -2.44331503 -0.795525014
vt -2.44290805 -0.797680974
vt -2.44290805 -0.797680974
vt -2.44331503 -0.795525014
vt -2.44384789 -0.797806978
vt -2.44290805 -0.797680974
vt -2.44384789 -0.797806978
vt -2.443681 -0.799893975
vt -2.443681 -0.799893975
vt -2.44384789 -0.797806978
vt -2.44473696 -0.799921989
vt -2.443681 -0.799893975
vt -2.44473696 -0.799921989
vt -2.44478893 -0.801903009
vt -2.44478893 -0.801903009
vt -2.44473696 -0.799921989
vt -2.44589901 -0.80181402
vt -2.44478893 -0.801903009
vt -2.44589901 -0.80181402
vt -2.44614601 -0.803659976
vt -0.82099998 -0.803659976
vt -0.82099998 -0.80181402
vt -0.82099998 -0.80181402
vt -2.44614601 -0.803659976
vt -2.44589901 -0.80181402
vt -2.46334291 -0.800418019
vt -2.46334291 -0.800418019
vt -2.44589901 -0.80181402
vt -2.44584894 -0.799951971
vt -2.46334291 -0.800418019
vt -2.44584894 -0.799951971
vt -2.44599795 -0.798094988
vt -2.44599795 -0.798094988
vt -2.44584894 -0.799951971
vt -2.44489503 -0.79794699
vt -2.44599795 -0.798094988
vt -2.44489503 -0.79794699
vt -2.44526196 -0.796000004
vt -2.44526196 -0.796000004
vt -2.44489503 -0.79794699
vt -2.44423509 -0.795749009
vt -2.44526196 -0.796000004
vt -2.44423509 -0.795749009
vt -2.44483995 -0.793744981
vt -0.820505023 -0.793744981
vt -0.820505023 -0.795749009
vt -0.820505023 -0.795749009
vt -2.44483995 -0.793744981
vt -2.44423509 -0.795749009
vt -2.44394803 -0.793422997
vt -2.44394803 -0.793422997
vt -2.44423509 -0.795749009
vt -2.44331503 -0.795525014
vt -2.44394803 -0.793422997
vt -2.44331503 -0.795525014
vt -2.44320297 -0.793155015
vt -2.44331503 -0.795525014
vt -2.44423509 -0.795749009
vt -2.44384789 -0.797806978
vt -2.44384789 -0.797806978
vt -2.44423509 -0.795749009
vt -2.44489503 -0.79794699
vt -2.44384789 -0.797806978
vt -2.44489503 -0.79794699
vt -2.44473696 -0.799921989
vt -2.44473696 -0.799921989
vt -2.44489503 -0.79794699
vt -2.44584894 -0.799951971
vt -2.44473696 -0.799921989
vt -2.44584894 -0.799951971
vt -2.44589901 -0.80181402
vt -2.44483995 -0.793744981
vt -2.44583392 -0.794103026
vt -2.44526196 -0.796000004
vt -2.44526196 -0.796000004
vt -2.44583392 -0.794103026
vt -2.44634295 -0.796263993
vt -2.44526196 -0.796000004
vt -2.44634295 -0.796263993
vt -2.44599795 -0.798094988
vt -0.82099998 -0.798094988
vt -0.82099998 -0.796263993
vt -0.82099998 -0.796263993
vt -2.44599795 -0.798094988
vt -2.44634295 -0.796263993
vt -2.46334291 -0.800418019
vt -0.82099998 -0.800418019
vt -0.82099998 -0.796263993
vt -0.82099998 -0.796263993
vt -2.46334291 -0.800418019
vt -2.44634295 -0.796263993
vt -2.44688106 -0.794480979
vt -2.44688106 -0.794480979
vt -2.44634295 -0.796263993
vt -2.44583392 -0.794103026
vt 2.46454 0.815999985
vt 2.46454 0.814999998
vt 2.46669602 0.815999985
vt 2.46669602 0.815999985
vt 2.46454 0.814999998
vt 2.46669602 0.814999998
vt -0.815999985 -0.778168976
vt -0.814999998 -0.778168976
vt -0.815999985 -0.778168976
vt 2.46669602 0.815999985
vt 2.46669602 0.814999998
vt 2.46692204 0.815999985
vt -0.815999985 -0.778168976
vt -0.815999985 -0.778204024
vt -0.815999985 -0.778168976
vt 2.46669602 0.815999985
vt 2.46692204 0.815999985
vt 2.46690202 0.817112982
vt 2.46669602 0.815999985
vt 2.46690202 0.817112982
vt 2.46453404 0.817112982
vt 2.46453404 0.817112982
vt 2.46690202 0.817112982
vt 2.46451402 0.818168998
vt 2.46453404 0.817112982
vt 2.46451402 0.818168998
vt 2.46217203 0.818168998
vt 2.46217203 0.818168998
vt 2.46451402 0.818168998
vt 2.46220398 0.81911701
vt 2.46217203 0.818168998
vt 2.46220398 0.81911701
vt 2.45993805 0.81911701
vt -2.45993805 -0.77928102
vt -2.46220398 -0.779039025
vt -2.46006298 -0.780062973
vt -2.45993805 -0.77928102
vt -2.46006298 -0.780062973
vt -2.45791888 -0.780526996
vt -2.45791888 -0.780526996
vt -2.46006298 -0.780062973
vt -2.45816803 -0.781440973
vt -2.45791888 -0.780526996
vt -2.45816803 -0.781440973
vt -2.4561801 -0.782099009
vt -2.4561801 -0.782099009
vt -2.45816803 -0.781440973
vt -2.4565649 -0.783083022
vt -2.4561801 -0.782099009
vt -2.4565649 -0.783083022
vt -2.45476103 -0.783901989
vt -2.45476103 -0.783901989
vt -2.4565649 -0.783083022
vt -2.45527411 -0.784888983
vt -2.45476103 -0.783901989
vt -2.45527411 -0.784888983
vt -2.45366907 -0.785835028
vt -0.82099998 -0.785835028
vt -0.82099998 -0.784888983
vt -0.82099998 -0.784888983
vt -2.45366907 -0.785835028
vt -2.45527411 -0.784888983
vt -2.46334291 -0.800418019
vt -2.46334291 -0.800418019
vt -2.45527411 -0.784888983
vt -2.45696998 -0.78411901
vt -2.46334291 -0.800418019
vt -2.45696998 -0.78411901
vt -2.45873904 -0.78353399
vt -2.45873904 -0.78353399
vt -2.45696998 -0.78411901
vt -2.45844603 -0.782460988
vt -2.45873904 -0.78353399
vt -2.45844603 -0.782460988
vt -2.46038294 -0.782042027
vt -2.46038294 -0.782042027
vt -2.45844603 -0.782460988
vt -2.4602139 -0.780999005
vt -2.46038294 -0.782042027
vt -2.4602139 -0.780999005
vt -2.46229601 -0.780776024
vt -2.46229601 -0.780776024
vt -2.4602139 -0.780999005
vt -2.46224499 -0.779829025
vt -2.46229601 -0.780776024
vt -2.46224499 -0.779829025
vt -2.46444011 -0.779829025
vt 2.46444011 0.819908977
vt 2.46224499 0.819908977
vt 2.46448207 0.81911701
vt -2.46444011 -0.779829025
vt -2.46448207 -0.779039025
vt -2.466748 -0.77928102
vt -0.81911701 -0.77928102
vt -0.81911701 -0.779039025
vt -0.81911701 -0.779039025
vt 2.466748 0.81911701
vt 2.46448207 0.81911701
vt 2.46684289 0.818168998
vt 2.46684289 0.818168998
vt 2.46448207 0.81911701
vt 2.46451402 0.818168998
vt 2.46684289 0.818168998
vt 2.46451402 0.818168998
vt 2.46690202 0.817112982
vt 2.46454 0.815999985
vt 2.46669602 0.815999985
vt 2.46453404 0.817112982
vt 2.46451402 0.818168998
vt 2.46448207 0.81911701
vt 2.46220398 0.81911701
vt 2.46220398 0.81911701
vt 2.46448207 0.81911701
vt 2.46224499 0.819908977
vt -2.46220398 -0.779039025
vt -2.46224499 -0.779829025
vt -2.46006298 -0.780062973
vt -2.46006298 -0.780062973
vt -2.46224499 -0.779829025
vt -2.4602139 -0.780999005
vt -2.46006298 -0.780062973
vt -2.4602139 -0.780999005
vt -2.45816803 -0.781440973
vt -2.45816803 -0.781440973
vt -2.4602139 -0.780999005
vt -2.45844603 -0.782460988
vt -2.45816803 -0.781440973
vt -2.45844603 -0.782460988
vt -2.4565649 -0.783083022
vt -2.4565649 -0.783083022
vt -2.45844603 -0.782460988
vt -2.45696998 -0.78411901
vt -2.4565649 -0.783083022
vt -2.45696998 -0.78411901
vt -2.45527411 -0.784888983
vt -2.466748 -0.77928102
vt -2.46662211 -0.780062973
vt -2.46444011 -0.779829025
vt -2.46444011 -0.779829025
vt -2.46662211 -0.780062973
vt -2.46439004 -0.780776024
vt -2.46444011 -0.779829025
vt -2.46439004 -0.780776024
vt -2.46229601 -0.780776024
vt -2.46229601 -0.780776024
vt -2.46439004 -0.780776024
vt -2.46235204 -0.78183198
vt -2.46229601 -0.780776024
vt -2.46235204 -0.78183198
vt -2.46038294 -0.782042027
vt -2.46038294 -0.782042027
vt -2.46235204 -0.78183198
vt -2.46055889 -0.783140004
vt -2.46038294 -0.782042027
vt -2.46055889 -0.783140004
vt -2.45873904 -0.78353399
vt -0.82099998 -0.78353399
vt -0.82099998 -0.783140004
vt -0.82099998 -0.783140004
vt -2.45873904 -0.78353399
vt -2.46055889 -0.783140004
vt -2.46334291 -0.800418019
vt -2.46334291 -0.800418019
vt -2.46055889 -0.783140004
vt -2.46241093 -0.782941997
vt -2.46334291 -0.800418019
vt -2.46241093 -0.782941997
vt -2.46427393 -0.782941997
vt -2.46427393 -0.782941997
vt -2.46241093 -0.782941997
vt -2.46433401 -0.78183198
vt -2.46427393 -0.782941997
vt -2.46433401 -0.78183198
vt -2.46630406 -0.782042027
vt -0.820874989 -0.782042027
vt -0.820874989 -0.78183198
vt -0.820874989 -0.78183198
vt -2.46630406 -0.782042027
vt -2.46433401 -0.78183198
vt -2.46647191 -0.780999005
vt -2.46647191 -0.780999005
vt -2.46433401 -0.78183198
vt -2.46439004 -0.780776024
vt -2.46647191 -0.780999005
vt -2.46439004 -0.780776024
vt -2.46662211 -0.780062973
vt -2.46439004 -0.780776024
vt -2.46433401 -0.78183198
vt -2.46235204 -0.78183198
vt -2.46235204 -0.78183198
vt -2.46433401 -0.78183198
vt -2.46241093 -0.782941997
vt -2.46235204 -0.78183198
vt -2.46241093 -0.782941997
vt -2.46055889 -0.783140004
vt -2.46630406 -0.782042027
vt -2.46612597 -0.783140004
vt -2.46427393 -0.782941997
vt -2.46427393 -0.782941997
vt -2.46612597 -0.783140004
vt -2.46334291 -0.800418019
vt 0.815999985 -0.790578008
vt 0.814999998 -0.790578008
vt 0.815999985 -0.792196989
vt 0.815999985 -0.792196989
vt 0.814999998 -0.790578008
vt 0.814999998 -0.792196989
vt -0.815999985 -0.792196989
vt -0.814999998 -0.792196989
vt -0.815999985 -0.792196989
vt 0.815999985 -0.792196989
vt 0.814999998 -0.792196989
vt 0.815999985 -0.792784989
vt -0.815999985 -0.792196989
vt -0.815999985 -0.792784989
vt -0.815999985 -0.792196989
vt 0.815999985 -0.792196989
vt 0.815999985 -0.792784989
vt 0.817112982 -0.79282701
vt 0.815999985 -0.792196989
vt 0.817112982 -0.79282701
vt 0.817112982 -0.790633023
vt 0.817112982 -0.790633023
vt 0.817112982 -0.79282701
vt 0.818168998 -0.790795028
vt 0.817112982 -0.790633023
vt 0.818168998 -0.790795028
vt 0.818168998 -0.788745999
vt 0.818168998 -0.788745999
vt 0.818168998 -0.790795028
vt 0.81911701 -0.789062023
vt 0.818168998 -0.788745999
vt 0.81911701 -0.789062023
vt 0.81911701 -0.787196994
vt -2.48018193 -0.787196994
vt -2.48149204 -0.789062023
vt -2.47955894 -0.78768599
vt -2.48018193 -0.787196994
vt -2.47955894 -0.78768599
vt -2.47811508 -0.786033988
vt -2.47811508 -0.786033988
vt -2.47955894 -0.78768599
vt -2.47743511 -0.786696017
vt -2.47811508 -0.786033988
vt -2.47743511 -0.786696017
vt -2.47589707 -0.785274982
vt -2.47589707 -0.785274982
vt -2.47743511 -0.786696017
vt -2.47522211 -0.786089003
vt -2.47589707 -0.785274982
vt -2.47522211 -0.786089003
vt -2.4736321 -0.784906983
vt -2.4736321 -0.784906983
vt -2.47522211 -0.786089003
vt -2.47301698 -0.785835028
vt -2.4736321 -0.784906983
vt -2.47301698 -0.785835028
vt -2.47141194 -0.784888983
vt -0.82099998 -0.784888983
vt -0.82099998 -0.785835028
vt -0.82099998 -0.785835028
vt -2.47141194 -0.784888983
vt -2.47301698 -0.785835028
vt -2.46334291 -0.800418019
vt -2.46334291 -0.800418019
vt -2.47301698 -0.785835028
vt -2.4745121 -0.786944985
vt -2.46334291 -0.800418019
vt -2.4745121 -0.786944985
vt -2.4758811 -0.788209021
vt -2.4758811 -0.788209021
vt -2.4745121 -0.786944985
vt -2.47667789 -0.787433028
vt -2.4758811 -0.788209021
vt -2.47667789 -0.787433028
vt -2.477983 -0.788923979
vt -2.477983 -0.788923979
vt -2.47667789 -0.787433028
vt -2.47881389 -0.78827101
vt -2.477983 -0.788923979
vt -2.47881389 -0.78827101
vt -2.48001695 -0.789985001
vt -2.48001695 -0.789985001
vt -2.47881389 -0.78827101
vt -2.48082089 -0.789481997
vt -2.48001695 -0.789985001
vt -2.48082089 -0.789481997
vt -2.481884 -0.791401982
vt -2.481884 -0.791401982
vt -2.48082089 -0.789481997
vt -2.48259592 -0.791055024
vt -2.481884 -0.791401982
vt -2.48259592 -0.791055024
vt -2.48348188 -0.793155015
vt -0.81911701 -0.793155015
vt -0.81911701 -0.791055024
vt -0.81911701 -0.791055024
vt 0.81911701 -0.793155015
vt 0.81911701 -0.791055024
vt 0.818168998 -0.792953014
vt 0.818168998 -0.792953014
vt 0.81911701 -0.791055024
vt 0.818168998 -0.790795028
vt 0.818168998 -0.792953014
vt 0.818168998 -0.790795028
vt 0.817112982 -0.79282701
vt 0.815999985 -0.790578008
vt 0.815999985 -0.792196989
vt 0.817112982 -0.790633023
vt 0.818168998 -0.790795028
vt 0.81911701 -0.791055024
vt 0.81911701 -0.789062023
vt -2.48149204 -0.789062023
vt -2.48259592 -0.791055024
vt -2.48082089 -0.789481997
vt -2.48149204 -0.789062023
vt -2.48082089 -0.789481997
vt -2.47955894 -0.78768599
vt -2.47955894 -0.78768599
vt -2.48082089 -0.789481997
vt -2.47881389 -0.78827101
vt -2.47955894 -0.78768599
vt -2.47881389 -0.78827101
vt -2.47743511 -0.786696017
vt -2.47743511 -0.786696017
vt -2.47881389 -0.78827101
vt -2.47667789 -0.787433028
vt -2.47743511 -0.786696017
vt -2.47667789 -0.787433028
vt -2.47522211 -0.786089003
vt -2.47522211 -0.786089003
vt -2.47667789 -0.787433028
vt -2.4745121 -0.786944985
vt -2.47522211 -0.786089003
vt -2.4745121 -0.786944985
vt -2.47301698 -0.785835028
vt -2.48348188 -0.793155015
vt -2.48273706 -0.793422997
vt -2.481884 -0.791401982
vt -2.481884 -0.791401982
vt -2.48273706 -0.793422997
vt -2.48103189 -0.791815996
vt -2.481884 -0.791401982
vt -2.48103189 -0.791815996
vt -2.48001695 -0.789985001
vt -2.48001695 -0.789985001
vt -2.48103189 -0.791815996
vt -2.47912192 -0.790544987
vt -2.48001695 -0.789985001
vt -2.47912192 -0.790544987
vt -2.477983 -0.788923979
vt -2.477983 -0.788923979
vt -2.47912192 -0.790544987
vt -2.477108 -0.789610982
vt -2.477983 -0.788923979
vt -2.477108 -0.789610982
vt -2.4758811 -0.788209021
vt -0.82099998 -0.788209021
vt -0.82099998 -0.789610982
vt -0.82099998 -0.789610982
vt -2.4758811 -0.788209021
vt -2.477108 -0.789610982
vt -2.46334291 -0.800418019
vt -2.46334291 -0.800418019
vt -2.477108 -0.789610982
vt -2.47817898 -0.791135013
vt -2.46334291 -0.800418019
vt -2.47817898 -0.791135013
vt -2.47908092 -0.792765021
vt -2.47908092 -0.792765021
vt -2.47817898 -0.791135013
vt -2.48008204 -0.792277992
vt -2.47908092 -0.792765021
vt -2.48008204 -0.792277992
vt -2.48085189 -0.794103026
vt -0.820874989 -0.794103026
vt -0.820874989 -0.792277992
vt -0.820874989 -0.792277992
vt -2.48085189 -0.794103026
vt -2.48008204 -0.792277992
vt -2.48184609 -0.793744981
vt -2.48184609 -0.793744981
vt -2.48008204 -0.792277992
vt -2.48103189 -0.791815996
vt -2.48184609 -0.793744981
vt -2.48103189 -0.791815996
vt -2.48273706 -0.793422997
vt -2.48103189 -0.791815996
vt -2.48008204 -0.792277992
vt -2.47912192 -0.790544987
vt -2.47912192 -0.790544987
vt -2.48008204 -0.792277992
vt -2.47817898 -0.791135013
vt -2.47912192 -0.790544987
vt -2.47817898 -0.791135013
vt -2.477108 -0.789610982
vt -2.48085189 -0.794103026
vt -2.47980499 -0.794480979
vt -2.47908092 -0.792765021
vt -2.47908092 -0.792765021
vt -2.47980499 -0.794480979
vt -2.46334291 -0.800418019
vt -0.766282976 0.684502006
vt -0.76256299 0.684700012
vt -0.766282976 0.719501972
vt -0.766282976 0.719501972
vt -0.76256299 0.684700012
vt -0.758884013 0.685293019
vt -1.54999995 0.719501972
vt -1.54999995 0.685293019
vt -1.54999995 0.719501972
vt -0.766282976 0.719501972
vt -0.758884013 0.685293019
vt -0.755289972 0.686272979
vt -1.54999995 0.719501972
vt -1.54999995 0.686272979
vt -1.54999995 0.719501972
vt -0.766282976 0.719501972
vt -0.755289972 0.686272979
vt -0.751820028 0.687629998
vt -1.54999995 0.719501972
vt -1.54999995 0.687629998
vt -1.54999995 0.719501972
vt -0.766282976 0.719501972
vt -0.751820028 0.687629998
vt -0.748513997 0.689347029
vt -1.54999995 0.719501972
vt -1.54999995 0.689347029
vt -1.54999995 0.719501972
vt -0.766282976 0.719501972
vt -0.748513997 0.689347029
vt -0.745410025 0.691407025
vt -1.54999995 0.719501972
vt -1.54999995 0.691407025
vt -1.54999995 0.719501972
vt -0.766282976 0.719501972
vt -0.745410025 0.691407025
vt -0.742542028 0.693785012
vt -1.54999995 0.719501972
vt -1.54999995 0.693785012
vt -1.54999995 0.719501972
vt -0.766282976 0.719501972
vt -0.742542028 0.693785012
vt -0.739943027 0.696453989
vt -1.54999995 0.719501972
vt -1.54999995 0.696453989
vt -1.54999995 0.719501972
vt -0.766282976 0.719501972
vt -0.739943027 0.696453989
vt -0.73764199 0.699383974
vt -1.54999995 0.719501972
vt -1.54999995 0.699383974
vt -1.54999995 0.719501972
vt -0.766282976 0.719501972
vt -0.73764199 0.699383974
vt -0.735665977 0.702542007
vt -1.54999995 0.719501972
vt -1.54999995 0.702542007
vt -1.54999995 0.719501972
vt -0.766282976 0.719501972
vt -0.735665977 0.702542007
vt -0.734036982 0.70589298
vt -1.54999995 0.719501972
vt -1.54999995 0.70589298
vt -1.54999995 0.719501972
vt -0.766282976 0.719501972
vt -0.734036982 0.70589298
vt -0.732773006 0.709397018
vt -1.54999995 0.719501972
vt -1.54999995 0.709397018
vt -1.54999995 0.719501972
vt -0.766282976 0.719501972
vt -0.732773006 0.709397018
vt -0.731889009 0.713016987
vt -1.54999995 0.719501972
vt -1.54999995 0.713016987
vt -1.54999995 0.719501972
vt -0.766282976 0.719501972
vt -0.731889009 0.713016987
vt -0.731393993 0.716709018
vt -1.54999995 0.719501972
vt -1.54999995 0.716709018
vt -1.54999995 0.719501972
vt -0.766282976 0.719501972
vt -0.731393993 0.716709018
vt -0.73129499 0.720432997
vt -1.54999995 0.719501972
vt -1.54999995 0.720432997
vt -1.54999995 0.719501972
vt -0.766282976 0.719501972
vt -0.73129499 0.720432997
vt -0.731592 0.724147022
vt -1.54999995 0.719501972
vt -1.54999995 0.724147022
vt -1.54999995 0.719501972
vt -0.766282976 0.719501972
vt -0.731592 0.724147022
vt -0.732282996 0.727807999
vt -1.54999995 0.719501972
vt -1.54999995 0.727807999
vt -1.54999995 0.719501972
vt -0.766282976 0.719501972
vt -0.732282996 0.727807999
vt -0.733358026 0.731374979
vt -1.54999995 0.719501972
vt -1.54999995 0.731374979
vt -1.54999995 0.719501972
vt -0.766282976 0.719501972
vt -0.733358026 0.731374979
vt -0.734807014 0.734808028
vt -1.54999995 0.719501972
vt -1.54999995 0.734808028
vt -1.54999995 0.719501972
vt -0.766282976 0.719501972
vt -0.734807014 0.734808028
vt -0.736612022 0.738066018
vt -1.54999995 0.719501972
vt -1.54999995 0.738066018
vt -1.54999995 0.719501972
vt -0.766282976 0.719501972
vt -0.736612022 0.738066018
vt -0.738753021 0.741114974
vt -1.54999995 0.719501972
vt -1.54999995 0.741114974
vt -1.54999995 0.719501972
vt -0.766282976 0.719501972
vt -0.738753021 0.741114974
vt -0.741207004 0.743919015
vt -1.54999995 0.719501972
vt -1.54999995 0.743919015
vt -1.54999995 0.719501972
vt -0.766282976 0.719501972
vt -0.741207004 0.743919015
vt -0.743943989 0.746446013
vt -1.54999995 0.719501972
vt -1.54999995 0.746446013
vt -1.54999995 0.719501972
vt -0.766282976 0.719501972
vt -0.743943989 0.746446013
vt -0.74693501 0.748668015
vt -1.54999995 0.719501972
vt -1.54999995 0.748668015
vt -1.54999995 0.719501972
vt -0.766282976 0.719501972
vt -0.74693501 0.748668015
vt -0.750145018 0.750558972
vt -1.54999995 0.719501972
vt -1.54999995 0.750558972
vt -1.54999995 0.719501972
vt -0.766282976 0.719501972
vt -0.750145018 0.750558972
vt -0.753536999 0.752098978
vt -1.54999995 0.719501972
vt -1.54999995 0.752098978
vt -1.54999995 0.719501972
vt -0.766282976 0.719501972
vt -0.753536999 0.752098978
vt -0.757073998 0.753269017
vt -1.54999995 0.719501972
vt -1.54999995 0.753269017
vt -1.54999995 0.719501972
vt -0.766282976 0.719501972
vt -0.757073998 0.753269017
vt -0.760715008 0.754055977
vt -1.54999995 0.719501972
vt -1.54999995 0.754055977
vt -1.54999995 0.719501972
vt -0.766282976 0.719501972
vt -0.760715008 0.754055977
vt -0.764419973 0.75445199
vt -1.54999995 0.719501972
vt -1.54999995 0.75445199
vt -1.54999995 0.719501972
vt -0.766282976 0.719501972
vt -0.764419973 0.75445199
vt -0.768145978 0.75445199
vt -1.54999995 0.719501972
vt -1.54999995 0.75445199
vt -1.54999995 0.719501972
vt -0.766282976 0.719501972
vt -0.768145978 0.75445199
vt -0.77184999 0.754055977
vt -1.54999995 0.719501972
vt -1.54999995 0.754055977
vt -1.54999995 0.719501972
vt -0.766282976 0.719501972
vt -0.77184999 0.754055977
vt -0.775490999 0.753269017
vt -1.54999995 0.719501972
vt -1.54999995 0.753269017
vt -1.54999995 0.719501972
vt -0.766282976 0.719501972
vt -0.775490999 0.753269017
vt -0.779027998 0.752098978
vt -1.54999995 0.719501972
vt -1.54999995 0.752098978
vt -1.54999995 0.719501972
vt -0.766282976 0.719501972
vt -0.779027998 0.752098978
vt -0.782420993 0.750558972
vt -1.54999995 0.719501972
vt -1.54999995 0.750558972
vt -1.54999995 0.719501972
vt -0.766282976 0.719501972
vt -0.782420993 0.750558972
vt -0.785631001 0.748668015
vt -1.54999995 0.719501972
vt -1.54999995 0.748668015
vt -1.54999995 0.719501972
vt -0.766282976 0.719501972
vt -0.785631001 0.748668015
vt -0.788621008 0.746446013
vt -1.54999995 0.719501972
vt -1.54999995 0.746446013
vt -1.54999995 0.719501972
vt -0.766282976 0.719501972
vt -0.788621008 0.746446013
vt -0.791359007 0.743919015
vt -1.54999995 0.719501972
vt -1.54999995 0.743919015
vt -1.54999995 0.719501972
vt -0.766282976 0.719501972
vt -0.791359007 0.743919015
vt -0.793811977 0.741114974
vt -1.54999995 0.719501972
vt -1.54999995 0.741114974
vt -1.54999995 0.719501972
vt -0.766282976 0.719501972
vt -0.793811977 0.741114974
vt -0.795953989 0.738066018
vt -1.54999995 0.719501972
vt -1.54999995 0.738066018
vt -1.54999995 0.719501972
vt -0.766282976 0.719501972
vt -0.795953989 0.738066018
vt -0.797758996 0.734808028
vt -1.54999995 0.719501972
vt -1.54999995 0.734808028
vt -1.54999995 0.719501972
vt -0.766282976 0.719501972
vt -0.797758996 0.734808028
vt -0.799206972 0.731374979
vt -1.54999995 0.719501972
vt -1.54999995 0.731374979
vt -1.54999995 0.719501972
vt -0.766282976 0.719501972
vt -0.799206972 0.731374979
vt -0.800283015 0.727807999
vt -1.54999995 0.719501972
vt -1.54999995 0.727807999
vt -1.54999995 0.719501972
vt -0.766282976 0.719501972
vt -0.800283015 0.727807999
vt -0.800972998 0.724147022
vt -1.54999995 0.719501972
vt -1.54999995 0.724147022
vt -1.54999995 0.719501972
vt -0.766282976 0.719501972
vt -0.800972998 0.724147022
vt -0.801270008 0.720432997
vt -1.54999995 0.719501972
vt -1.54999995 0.720432997
vt -1.54999995 0.719501972
vt -0.766282976 0.719501972
vt -0.801270008 0.720432997
vt -0.801171005 0.716709018
vt -1.54999995 0.719501972
vt -1.54999995 0.716709018
vt -1.54999995 0.719501972
vt -0.766282976 0.719501972
vt -0.801171005 0.716709018
vt -0.800677001 0.713016987
vt -1.54999995 0.719501972
vt -1.54999995 0.713016987
vt -1.54999995 0.719501972
vt -0.766282976 0.719501972
vt -0.800677001 0.713016987
vt -0.799791992 0.709397018
vt -1.54999995 0.719501972
vt -1.54999995 0.709397018
vt -1.54999995 0.719501972
vt -0.766282976 0.719501972
vt -0.799791992 0.709397018
vt -0.798529029 0.70589298
vt -1.54999995 0.719501972
vt -1.54999995 0.70589298
vt -1.54999995 0.719501972
vt -0.766282976 0.719501972
vt -0.798529029 0.70589298
vt -0.796899021 0.702542007
vt -1.54999995 0.719501972
vt -1.54999995 0.702542007
vt -1.54999995 0.719501972
vt -0.766282976 0.719501972
vt -0.796899021 0.702542007
vt -0.794923007 0.699383974
vt -1.54999995 0.719501972
vt -1.54999995 0.699383974
vt -1.54999995 0.719501972
vt -0.766282976 0.719501972
vt -0.794923007 0.699383974
vt -0.792622983 0.696453989
vt -1.54999995 0.719501972
vt -1.54999995 0.696453989
vt -1.54999995 0.719501972
vt -0.766282976 0.719501972
vt -0.792622983 0.696453989
vt -0.790023983 0.693785012
vt -1.54999995 0.719501972
vt -1.54999995 0.693785012
vt -1.54999995 0.719501972
vt -0.766282976 0.719501972
vt -0.790023983 0.693785012
vt -0.787155986 0.691407025
vt -1.54999995 0.719501972
vt -1.54999995 0.691407025
vt -1.54999995 0.719501972
vt -0.766282976 0.719501972
vt -0.787155986 0.691407025
vt -0.784051001 0.689347029
vt -1.54999995 0.719501972
vt -1.54999995 0.689347029
vt -1.54999995 0.719501972
vt -0.766282976 0.719501972
vt -0.784051001 0.689347029
vt -0.780745029 0.687629998
vt -1.54999995 0.719501972
vt -1.54999995 0.687629998
vt -1.54999995 0.719501972
vt -0.766282976 0.719501972
vt -0.780745029 0.687629998
vt -0.777275026 0.686272979
vt -1.54999995 0.719501972
vt -1.54999995 0.686272979
vt -1.54999995 0.719501972
vt -0.766282976 0.719501972
vt -0.777275026 0.686272979
vt -0.773680985 0.685293019
vt -1.54999995 0.719501972
vt -1.54999995 0.685293019
vt -1.54999995 0.719501972
vt -0.766282976 0.719501972
vt -0.773680985 0.685293019
vt -0.770003021 0.684700012
vt -0.766282976 0.719501972
vt -0.770003021 0.684700012
vt -0.766282976 0.684502006
vt 0.731592 0.724147022
vt 0.73129499 0.720432997
vt 0.766282976 0.719501972
vt 0.766282976 0.719501972
vt 0.73129499 0.720432997
vt 0.731393993 0.716709018
vt -1.57000005 0.719501972
vt -1.57000005 0.716709018
vt -1.57000005 0.719501972
vt 0.766282976 0.719501972
vt 0.731393993 0.716709018
vt 0.731889009 0.713016987
vt -1.57000005 0.719501972
vt -1.57000005 0.713016987
vt -1.57000005 0.719501972
vt 0.766282976 0.719501972
vt 0.731889009 0.713016987
vt 0.732773006 0.709397018
vt -1.57000005 0.719501972
vt -1.57000005 0.709397018
vt -1.57000005 0.719501972
vt 0.766282976 0.719501972
vt 0.732773006 0.709397018
vt 0.734036982 0.70589298
vt -1.57000005 0.719501972
vt -1.57000005 0.70589298
vt -1.57000005 0.719501972
vt 0.766282976 0.719501972
vt 0.734036982 0.70589298
vt 0.735665977 0.702542007
vt -1.57000005 0.719501972
vt -1.57000005 0.702542007
vt -1.57000005 0.719501972
vt 0.766282976 0.719501972
vt 0.735665977 0.702542007
vt 0.73764199 0.699383974
vt -1.57000005 0.719501972
vt -1.57000005 0.699383974
vt -1.57000005 0.719501972
vt 0.766282976 0.719501972
vt 0.73764199 0.699383974
vt 0.739943027 0.696453989
vt -1.57000005 0.719501972
vt -1.57000005 0.696453989
vt -1.57000005 0.719501972
vt 0.766282976 0.719501972
vt 0.739943027 0.696453989
vt 0.742542028 0.693785012
vt -1.57000005 0.719501972
vt -1.57000005 0.693785012
vt -1.57000005 0.719501972
vt 0.766282976 0.719501972
vt 0.742542028 0.693785012
vt 0.745410025 0.691407025
vt -1.57000005 0.719501972
vt -1.57000005 0.691407025
vt -1.57000005 0.719501972
vt 0.766282976 0.719501972
vt 0.745410025 0.691407025
vt 0.748513997 0.689347029
vt -1.57000005 0.719501972
vt -1.57000005 0.689347029
vt -1.57000005 0.719501972
vt 0.766282976 0.719501972
vt 0.748513997 0.689347029
vt 0.751820028 0.687629998
vt -1.57000005 0.719501972
vt -1.57000005 0.687629998
vt -1.57000005 0.719501972
vt 0.766282976 0.719501972
vt 0.751820028 0.687629998
vt 0.755289972 0.686272979
vt -1.57000005 0.719501972
vt -1.57000005 0.686272979
vt -1.57000005 0.719501972
vt 0.766282976 0.719501972
vt 0.755289972 0.686272979
vt 0.758884013 0.685293019
vt -1.57000005 0.719501972
vt -1.57000005 0.685293019
vt -1.57000005 0.719501972
vt 0.766282976 0.719501972
vt 0.758884013 0.685293019
vt 0.76256299 0.684700012
vt -1.57000005 0.719501972
vt -1.57000005 0.684700012
vt -1.57000005 0.719501972
vt 0.766282976 0.719501972
vt 0.76256299 0.684700012
vt 0.766282976 0.684502006
vt -1.57000005 0.719501972
vt -1.57000005 0.684502006
vt -1.57000005 0.719501972
vt 0.766282976 0.719501972
vt 0.766282976 0.684502006
vt 0.770003021 0.684700012
vt -1.57000005 0.719501972
vt -1.57000005 0.684700012
vt -1.57000005 0.719501972
vt 0.766282976 0.719501972
vt 0.770003021 0.684700012
vt 0.773680985 0.685293019
vt -1.57000005 0.719501972
vt -1.57000005 0.685293019
vt -1.57000005 0.719501972
vt 0.766282976 0.719501972
vt 0.773680985 0.685293019
vt 0.777275026 0.686272979
vt -1.57000005 0.719501972
vt -1.57000005 0.686272979
vt -1.57000005 0.719501972
vt 0.766282976 0.719501972
vt 0.777275026 0.686272979
vt 0.780745029 0.687629998
vt -1.57000005 0.719501972
vt -1.57000005 0.687629998
vt -1.57000005 0.719501972
vt 0.766282976 0.719501972
vt 0.780745029 0.687629998
vt 0.784051001 0.689347029
vt -1.57000005 0.719501972
vt -1.57000005 0.689347029
vt -1.57000005 0.719501972
vt 0.766282976 0.719501972
vt 0.784051001 0.689347029
vt 0.787155986 0.691407025
vt -1.57000005 0.719501972
vt -1.57000005 0.691407025
vt -1.57000005 0.719501972
vt 0.766282976 0.719501972
vt 0.787155986 0.691407025
vt 0.790023983 0.693785012
vt -1.57000005 0.719501972
vt -1.57000005 0.693785012
vt -1.57000005 0.719501972
vt 0.766282976 0.719501972
vt 0.790023983 0.693785012
vt 0.792622983 0.696453989
vt -1.57000005 0.719501972
vt -1.57000005 0.696453989
vt -1.57000005 0.719501972
vt 0.766282976 0.719501972
vt 0.792622983 0.696453989
vt 0.794923007 0.699383974
vt -1.57000005 0.719501972
vt -1.57000005 0.699383974
vt -1.57000005 0.719501972
vt 0.766282976 0.719501972
vt 0.794923007 0.699383974
vt 0.796899021 0.702542007
vt -1.57000005 0.719501972
vt -1.57000005 0.702542007
vt -1.57000005 0.719501972
vt 0.766282976 0.719501972
vt 0.796899021 0.702542007
vt 0.798529029 0.70589298
vt -1.57000005 0.719501972
vt -1.57000005 0.70589298
vt -1.57000005 0.719501972
vt 0.766282976 0.719501972
vt 0.798529029 0.70589298
vt 0.799791992 0.709397018
vt -1.57000005 0.719501972
vt -1.57000005 0.709397018
vt -1.57000005 0.719501972
vt 0.766282976 0.719501972
vt 0.799791992 0.709397018
vt 0.800677001 0.713016987
vt -1.57000005 0.719501972
vt -1.57000005 0.713016987
vt -1.57000005 0.719501972
vt 0.766282976 0.719501972
vt 0.800677001 0.713016987
vt 0.801171005 0.716709018
vt -1.57000005 0.719501972
vt -1.57000005 0.716709018
vt -1.57000005 0.719501972
vt 0.766282976 0.719501972
vt 0.801171005 0.716709018
vt 0.801270008 0.720432997
vt -1.57000005 0.719501972
vt -1.57000005 0.720432997
vt -1.57000005 0.719501972
vt 0.766282976 0.719501972
vt 0.801270008 0.720432997
vt 0.800972998 0.724147022
vt -1.57000005 0.719501972
vt -1.57000005 0.724147022
vt -1.57000005 0.719501972
vt 0.766282976 0.719501972
vt 0.800972998 0.724147022
vt 0.800283015 0.727807999
vt -1.57000005 0.719501972
vt -1.57000005 0.727807999
vt -1.57000005 0.719501972
vt 0.766282976 0.719501972
vt 0.800283015 0.727807999
vt 0.799206972 0.731374979
vt -1.57000005 0.719501972
vt -1.57000005 0.731374979
vt -1.57000005 0.719501972
vt 0.766282976 0.719501972
vt 0.799206972 0.731374979
vt 0.797758996 0.734808028
vt -1.57000005 0.719501972
vt -1.57000005 0.734808028
vt -1.57000005 0.719501972
vt 0.766282976 0.719501972
vt 0.797758996 0.734808028
vt 0.795953989 0.738066018
vt -1.57000005 0.719501972
vt -1.57000005 0.738066018
vt -1.57000005 0.719501972
vt 0.766282976 0.719501972
vt 0.795953989 0.738066018
vt 0.793811977 0.741114974
vt -1.57000005 0.719501972
vt -1.57000005 0.741114974
vt -1.57000005 0.719501972
vt 0.766282976 0.719501972
vt 0.793811977 0.741114974
vt 0.791359007 0.743919015
vt -1.57000005 0.719501972
vt -1.57000005 0.743919015
vt -1.57000005 0.719501972
vt 0.766282976 0.719501972
vt 0.791359007 0.743919015
vt 0.788621008 0.746446013
vt -1.57000005 0.719501972
vt -1.57000005 0.746446013
vt -1.57000005 0.719501972
vt 0.766282976 0.719501972
vt 0.788621008 0.746446013
vt 0.785631001 0.748668015
vt -1.57000005 0.719501972
vt -1.57000005 0.748668015
vt -1.57000005 0.719501972
vt 0.766282976 0.719501972
vt 0.785631001 0.748668015
vt 0.782420993 0.750558972
vt -1.57000005 0.719501972
vt -1.57000005 0.750558972
vt -1.57000005 0.719501972
vt 0.766282976 0.719501972
vt 0.782420993 0.750558972
vt 0.779027998 0.752098978
vt -1.57000005 0.719501972
vt -1.57000005 0.752098978
vt -1.57000005 0.719501972
vt 0.766282976 0.719501972
vt 0.779027998 0.752098978
vt 0.775490999 0.753269017
vt -1.57000005 0.719501972
vt -1.57000005 0.753269017
vt -1.57000005 0.719501972
vt 0.766282976 0.719501972
vt 0.775490999 0.753269017
vt 0.77184999 0.754055977
vt -1.57000005 0.719501972
vt -1.57000005 0.754055977
vt -1.57000005 0.719501972
vt 0.766282976 0.719501972
vt 0.77184999 0.754055977
vt 0.768145978 0.75445199
vt -1.57000005 0.719501972
vt -1.57000005 0.75445199
vt -1.57000005 0.719501972
vt 0.766282976 0.719501972
vt 0.768145978 0.75445199
vt 0.764419973 0.75445199
vt -1.57000005 0.719501972
vt -1.57000005 0.75445199
vt -1.57000005 0.719501972
vt 0.766282976 0.719501972
vt 0.764419973 0.75445199
vt 0.760715008 0.754055977
vt -1.57000005 0.719501972
vt -1.57000005 0.754055977
vt -1.57000005 0.719501972
vt 0.766282976 0.719501972
vt 0.760715008 0.754055977
vt 0.757073998 0.753269017
vt -1.57000005 0.719501972
vt -1.57000005 0.753269017
vt -1.57000005 0.719501972
vt 0.766282976 0.719501972
vt 0.757073998 0.753269017
vt 0.753536999 0.752098978
vt -1.57000005 0.719501972
vt -1.57000005 0.752098978
vt -1.57000005 0.719501972
vt 0.766282976 0.719501972
vt 0.753536999 0.752098978
vt 0.750145018 0.750558972
vt -1.57000005 0.719501972
vt -1.57000005 0.750558972
vt -1.57000005 0.719501972
vt 0.766282976 0.719501972
vt 0.750145018 0.750558972
vt 0.74693501 0.748668015
vt -1.57000005 0.719501972
vt -1.57000005 0.748668015
vt -1.57000005 0.719501972
vt 0.766282976 0.719501972
vt 0.74693501 0.748668015
vt 0.743943989 0.746446013
vt -1.57000005 0.719501972
vt -1.57000005 0.746446013
vt -1.57000005 0.719501972
vt 0.766282976 0.719501972
vt 0.743943989 0.746446013
vt 0.741207004 0.743919015
vt -1.57000005 0.719501972
vt -1.57000005 0.743919015
vt -1.57000005 0.719501972
vt 0.766282976 0.719501972
vt 0.741207004 0.743919015
vt 0.738753021 0.741114974
vt -1.57000005 0.719501972
vt -1.57000005 0.741114974
vt -1.57000005 0.719501972
vt 0.766282976 0.719501972
vt 0.738753021 0.741114974
vt 0.736612022 0.738066018
vt -1.57000005 0.719501972
vt -1.57000005 0.738066018
vt -1.57000005 0.719501972
vt 0.766282976 0.719501972
vt 0.736612022 0.738066018
vt 0.734807014 0.734808028
vt -1.57000005 0.719501972
vt -1.57000005 0.734808028
vt -1.57000005 0.719501972
vt 0.766282976 0.719501972
vt 0.734807014 0.734808028
vt 0.733358026 0.731374979
vt -1.57000005 0.719501972
vt -1.57000005 0.731374979
vt -1.57000005 0.719501972
vt 0.766282976 0.719501972
vt 0.733358026 0.731374979
vt 0.732282996 0.727807999
vt 0.766282976 0.719501972
vt 0.732282996 0.727807999
vt 0.731592 0.724147022
vt -2.43330407 -0.822665989
vt -2.4300251 -0.821918011
vt -2.43665695 -0.800418019
vt -2.43665695 -0.800418019
vt -2.4300251 -0.821918011
vt -2.4268949 -0.820689023
vt -0.810000002 -0.800418019
vt -0.810000002 -0.820689023
vt -0.810000002 -0.800418019
vt -2.43665695 -0.800418019
vt -2.4268949 -0.820689023
vt -2.4239819 -0.819007993
vt -0.810000002 -0.800418019
vt -0.810000002 -0.819007993
vt -0.810000002 -0.800418019
vt -2.43665695 -0.800418019
vt -2.4239819 -0.819007993
vt -2.4213531 -0.816910982
vt -0.810000002 -0.800418019
vt -0.810000002 -0.816910982
vt -0.810000002 -0.800418019
vt -2.43665695 -0.800418019
vt -2.4213531 -0.816910982
vt -2.41906595 -0.814445972
vt -0.810000002 -0.800418019
vt -0.810000002 -0.814445972
vt -0.810000002 -0.800418019
vt -2.43665695 -0.800418019
vt -2.41906595 -0.814445972
vt -2.417171 -0.811667979
vt -0.810000002 -0.800418019
vt -0.810000002 -0.811667979
vt -0.810000002 -0.800418019
vt -2.43665695 -0.800418019
vt -2.417171 -0.811667979
vt -2.41571212 -0.808637977
vt -0.810000002 -0.800418019
vt -0.810000002 -0.808637977
vt -0.810000002 -0.800418019
vt -2.43665695 -0.800418019
vt -2.41571212 -0.808637977
vt -2.41472101 -0.805423975
vt -0.810000002 -0.800418019
vt -0.810000002 -0.805423975
vt -0.810000002 -0.800418019
vt -2.43665695 -0.800418019
vt -2.41472101 -0.805423975
vt -2.41422009 -0.802098989
vt -0.810000002 -0.800418019
vt -0.810000002 -0.802098989
vt -0.810000002 -0.800418019
vt -2.43665695 -0.800418019
vt -2.41422009 -0.802098989
vt -2.41422009 -0.798735976
vt -0.810000002 -0.800418019
vt -0.810000002 -0.798735976
vt -0.810000002 -0.800418019
vt -2.43665695 -0.800418019
vt -2.41422009 -0.798735976
vt -2.41472101 -0.795410991
vt -0.810000002 -0.800418019
vt -0.810000002 -0.795410991
vt -0.810000002 -0.800418019
vt -2.43665695 -0.800418019
vt -2.41472101 -0.795410991
vt -2.41571212 -0.792196989
vt -0.810000002 -0.800418019
vt -0.810000002 -0.792196989
vt -0.810000002 -0.800418019
vt -2.43665695 -0.800418019
vt -2.41571212 -0.792196989
vt -2.417171 -0.789168
vt -0.810000002 -0.800418019
vt -0.810000002 -0.789168
vt -0.810000002 -0.800418019
vt -2.43665695 -0.800418019
vt -2.417171 -0.789168
vt -2.41906595 -0.786388993
vt -0.810000002 -0.800418019
vt -0.810000002 -0.786388993
vt -0.810000002 -0.800418019
vt -2.43665695 -0.800418019
vt -2.41906595 -0.786388993
vt -2.4213531 -0.783923984
vt -0.810000002 -0.800418019
vt -0.810000002 -0.783923984
vt -0.810000002 -0.800418019
vt -2.43665695 -0.800418019
vt -2.4213531 -0.783923984
vt -2.4239819 -0.781826973
vt -0.810000002 -0.800418019
vt -0.810000002 -0.781826973
vt -0.810000002 -0.800418019
vt -2.43665695 -0.800418019
vt -2.4239819 -0.781826973
vt -2.4268949 -0.780146003
vt -0.810000002 -0.800418019
vt -0.810000002 -0.780146003
vt -0.810000002 -0.800418019
vt -2.43665695 -0.800418019
vt -2.4268949 -0.780146003
vt -2.4300251 -0.778917015
vt -0.810000002 -0.800418019
vt -0.810000002 -0.778917015
vt -0.810000002 -0.800418019
vt -2.43665695 -0.800418019
vt -2.4300251 -0.778917015
vt -2.43330407 -0.778168976
vt -0.810000002 -0.800418019
vt -0.810000002 -0.778168976
vt -0.810000002 -0.800418019
vt -2.43665695 -0.800418019
vt -2.43330407 -0.778168976
vt -2.43665695 -0.777917981
vt -0.810000002 -0.800418019
vt -0.810000002 -0.777917981
vt -0.810000002 -0.800418019
vt -2.43665695 -0.800418019
vt -2.43665695 -0.777917981
vt -2.44001007 -0.778168976
vt -0.810000002 -0.800418019
vt -0.810000002 -0.778168976
vt -0.810000002 -0.800418019
vt -2.43665695 -0.800418019
vt -2.44001007 -0.778168976
vt -2.44328904 -0.778917015
vt -0.810000002 -0.800418019
vt -0.810000002 -0.778917015
vt -0.810000002 -0.800418019
vt -2.43665695 -0.800418019
vt -2.44328904 -0.778917015
vt -2.446419 -0.780146003
vt -0.810000002 -0.800418019
vt -0.810000002 -0.780146003
vt -0.810000002 -0.800418019
vt -2.43665695 -0.800418019
vt -2.446419 -0.780146003
vt -2.449332 -0.781826973
vt -0.810000002 -0.800418019
vt -0.810000002 -0.781826973
vt -0.810000002 -0.800418019
vt -2.43665695 -0.800418019
vt -2.449332 -0.781826973
vt -2.45196104 -0.783923984
vt -0.810000002 -0.800418019
vt -0.810000002 -0.783923984
vt -0.810000002 -0.800418019
vt -2.43665695 -0.800418019
vt -2.45196104 -0.783923984
vt -2.45424795 -0.786388993
vt -0.810000002 -0.800418019
vt -0.810000002 -0.786388993
vt -0.810000002 -0.800418019
vt -2.43665695 -0.800418019
vt -2.45424795 -0.786388993
vt -2.45614195 -0.789168
vt -0.810000002 -0.800418019
vt -0.810000002 -0.789168
vt -0.810000002 -0.800418019
vt -2.43665695 -0.800418019
vt -2.45614195 -0.789168
vt -2.45760202 -0.792196989
vt -0.810000002 -0.800418019
vt -0.810000002 -0.792196989
vt -0.810000002 -0.800418019
vt -2.43665695 -0.800418019
vt -2.45760202 -0.792196989
vt -2.45859289 -0.795410991
vt -0.810000002 -0.800418019
vt -0.810000002 -0.795410991
vt -0.810000002 -0.800418019
vt -2.43665695 -0.800418019
vt -2.45859289 -0.795410991
vt -2.45909405 -0.798735976
vt -0.810000002 -0.800418019
vt -0.810000002 -0.798735976
vt -0.810000002 -0.800418019
vt -2.43665695 -0.800418019
vt -2.45909405 -0.798735976
vt -2.45909405 -0.802098989
vt -0.810000002 -0.800418019
vt -0.810000002 -0.802098989
vt -0.810000002 -0.800418019
vt -2.43665695 -0.800418019
vt -2.45909405 -0.802098989
vt -2.45859289 -0.805423975
vt -0.810000002 -0.800418019
vt -0.810000002 -0.805423975
vt -0.810000002 -0.800418019
vt -2.43665695 -0.800418019
vt -2.45859289 -0.805423975
vt -2.45760202 -0.808637977
vt -0.810000002 -0.800418019
vt -0.810000002 -0.808637977
vt -0.810000002 -0.800418019
vt -2.43665695 -0.800418019
vt -2.45760202 -0.808637977
vt -2.45614195 -0.811667979
vt -0.810000002 -0.800418019
vt -0.810000002 -0.811667979
vt -0.810000002 -0.800418019
vt -2.43665695 -0.800418019
vt -2.45614195 -0.811667979
vt -2.45424795 -0.814445972
vt -0.810000002 -0.800418019
vt -0.810000002 -0.814445972
vt -0.810000002 -0.800418019
vt -2.43665695 -0.800418019
vt -2.45424795 -0.814445972
vt -2.45196104 -0.816910982
vt -0.810000002 -0.800418019
vt -0.810000002 -0.816910982
vt -0.810000002 -0.800418019
vt -2.43665695 -0.800418019
vt -2.45196104 -0.816910982
vt -2.449332 -0.819007993
vt -0.810000002 -0.800418019
vt -0.810000002 -0.819007993
vt -0.810000002 -0.800418019
vt -2.43665695 -0.800418019
vt -2.449332 -0.819007993
vt -2.446419 -0.820689023
vt -0.810000002 -0.800418019
vt -0.810000002 -0.820689023
vt -0.810000002 -0.800418019
vt -2.43665695 -0.800418019
vt -2.446419 -0.820689023
vt -2.44328904 -0.821918011
vt -0.810000002 -0.800418019
vt -0.810000002 -0.821918011
vt -0.810000002 -0.800418019
vt -2.43665695 -0.800418019
vt -2.44328904 -0.821918011
vt -2.44001007 -0.822665989
vt -0.810000002 -0.800418019
vt -0.810000002 -0.822665989
vt -0.810000002 -0.800418019
vt -2.43665695 -0.800418019
vt -2.44001007 -0.822665989
vt -2.43665695 -0.822917998
vt -2.43665695 -0.800418019
vt -2.43665695 -0.822917998
vt -2.43330407 -0.822665989
vt 2.41571212 -0.808637977
vt 2.417171 -0.811667979
vt 2.43665695 -0.800418019
vt 2.43665695 -0.800418019
vt 2.417171 -0.811667979
vt 2.41906595 -0.814445972
vt -0.82099998 -0.800418019
vt -0.82099998 -0.814445972
vt -0.82099998 -0.800418019
vt 2.43665695 -0.800418019
vt 2.41906595 -0.814445972
vt 2.4213531 -0.816910982
vt -0.82099998 -0.800418019
vt -0.82099998 -0.816910982
vt -0.82099998 -0.800418019
vt 2.43665695 -0.800418019
vt 2.4213531 -0.816910982
vt 2.4239819 -0.819007993
vt -0.82099998 -0.800418019
vt -0.82099998 -0.819007993
vt -0.82099998 -0.800418019
vt 2.43665695 -0.800418019
vt 2.4239819 -0.819007993
vt 2.4268949 -0.820689023
vt -0.82099998 -0.800418019
vt -0.82099998 -0.820689023
vt -0.82099998 -0.800418019
vt 2.43665695 -0.800418019
vt 2.4268949 -0.820689023
vt 2.4300251 -0.821918011
vt -0.82099998 -0.800418019
vt -0.82099998 -0.821918011
vt -0.82099998 -0.800418019
vt 2.43665695 -0.800418019
vt 2.4300251 -0.821918011
vt 2.43330407 -0.822665989
vt -0.82099998 -0.800418019
vt -0.82099998 -0.822665989
vt -0.82099998 -0.800418019
vt 2.43665695 -0.800418019
vt 2.43330407 -0.822665989
vt 2.43665695 -0.822917998
vt -0.82099998 -0.800418019
vt -0.82099998 -0.822917998
vt -0.82099998 -0.800418019
vt 2.43665695 -0.800418019
vt 2.43665695 -0.822917998
vt 2.44001007 -0.822665989
vt -0.82099998 -0.800418019
vt -0.82099998 -0.822665989
vt -0.82099998 -0.800418019
vt 2.43665695 -0.800418019
vt 2.44001007 -0.822665989
vt 2.44328904 -0.821918011
vt -0.82099998 -0.800418019
vt -0.82099998 -0.821918011
vt -0.82099998 -0.800418019
vt 2.43665695 -0.800418019
vt 2.44328904 -0.821918011
vt 2.446419 -0.820689023
vt -0.82099998 -0.800418019
vt -0.82099998 -0.820689023
vt -0.82099998 -0.800418019
vt 2.43665695 -0.800418019
vt 2.446419 -0.820689023
vt 2.449332 -0.819007993
vt -0.82099998 -0.800418019
vt -0.82099998 -0.819007993
vt -0.82099998 -0.800418019
vt 2.43665695 -0.800418019
vt 2.449332 -0.819007993
vt 2.45196104 -0.816910982
vt -0.82099998 -0.800418019
vt -0.82099998 -0.816910982
vt -0.82099998 -0.800418019
vt 2.43665695 -0.800418019
vt 2.45196104 -0.816910982
vt 2.45424795 -0.814445972
vt -0.82099998 -0.800418019
vt -0.82099998 -0.814445972
vt -0.82099998 -0.800418019
vt 2.43665695 -0.800418019
vt 2.45424795 -0.814445972
vt 2.45614195 -0.811667979
vt -0.82099998 -0.800418019
vt -0.82099998 -0.811667979
vt -0.82099998 -0.800418019
vt 2.43665695 -0.800418019
vt 2.45614195 -0.811667979
vt 2.45760202 -0.808637977
vt -0.82099998 -0.800418019
vt -0.82099998 -0.808637977
vt -0.82099998 -0.800418019
vt 2.43665695 -0.800418019
vt 2.45760202 -0.808637977
vt 2.45859289 -0.805423975
vt -0.82099998 -0.800418019
vt -0.82099998 -0.805423975
vt -0.82099998 -0.800418019
vt 2.43665695 -0.800418019
vt 2.45859289 -0.805423975
vt 2.45909405 -0.802098989
vt -0.82099998 -0.800418019
vt -0.82099998 -0.802098989
vt -0.82099998 -0.800418019
vt 2.43665695 -0.800418019
vt 2.45909405 -0.802098989
vt 2.45909405 -0.798735976
vt -0.82099998 -0.800418019
vt -0.82099998 -0.798735976
vt -0.82099998 -0.800418019
vt 2.43665695 -0.800418019
vt 2.45909405 -0.798735976
vt 2.45859289 -0.795410991
vt -0.82099998 -0.800418019
vt -0.82099998 -0.795410991
vt -0.82099998 -0.800418019
vt 2.43665695 -0.800418019
vt 2.45859289 -0.795410991
vt 2.45760202 -0.792196989
vt -0.82099998 -0.800418019
vt -0.82099998 -0.792196989
vt -0.82099998 -0.800418019
vt 2.43665695 -0.800418019
vt 2.45760202 -0.792196989
vt 2.45614195 -0.789168
vt -0.82099998 -0.800418019
vt -0.82099998 -0.789168
vt -0.82099998 -0.800418019
vt 2.43665695 -0.800418019
vt 2.45614195 -0.789168
vt 2.45424795 -0.786388993
vt -0.82099998 -0.800418019
vt -0.82099998 -0.786388993
vt -0.82099998 -0.800418019
vt 2.43665695 -0.800418019
vt 2.45424795 -0.786388993
vt 2.45196104 -0.783923984
vt -0.82099998 -0.800418019
vt -0.82099998 -0.783923984
vt -0.82099998 -0.800418019
vt 2.43665695 -0.800418019
vt 2.45196104 -0.783923984
vt 2.449332 -0.781826973
vt -0.82099998 -0.800418019
vt -0.82099998 -0.781826973
vt -0.82099998 -0.800418019
vt 2.43665695 -0.800418019
vt 2.449332 -0.781826973
vt 2.446419 -0.780146003
vt -0.82099998 -0.800418019
vt -0.82099998 -0.780146003
vt -0.82099998 -0.800418019
vt 2.43665695 -0.800418019
vt 2.446419 -0.780146003
vt 2.44328904 -0.778917015
vt -0.82099998 -0.800418019
vt -0.82099998 -0.778917015
vt -0.82099998 -0.800418019
vt 2.43665695 -0.800418019
vt 2.44328904 -0.778917015
vt 2.44001007 -0.778168976
vt -0.82099998 -0.800418019
vt -0.82099998 -0.778168976
vt -0.82099998 -0.800418019
vt 2.43665695 -0.800418019
vt 2.44001007 -0.778168976
vt 2.43665695 -0.777917981
vt -0.82099998 -0.800418019
vt -0.82099998 -0.777917981
vt -0.82099998 -0.800418019
vt 2.43665695 -0.800418019
vt 2.43665695 -0.777917981
vt 2.43330407 -0.778168976
vt -0.82099998 -0.800418019
vt -0.82099998 -0.778168976
vt -0.82099998 -0.800418019
vt 2.43665695 -0.800418019
vt 2.43330407 -0.778168976
vt 2.4300251 -0.778917015
vt -0.82099998 -0.800418019
vt -0.82099998 -0.778917015
vt -0.82099998 -0.800418019
vt 2.43665695 -0.800418019
vt 2.4300251 -0.778917015
vt 2.4268949 -0.780146003
vt -0.82099998 -0.800418019
vt -0.82099998 -0.780146003
vt -0.82099998 -0.800418019
vt 2.43665695 -0.800418019
vt 2.4268949 -0.780146003
vt 2.4239819 -0.781826973
vt -0.82099998 -0.800418019
vt -0.82099998 -0.781826973
vt -0.82099998 -0.800418019
vt 2.43665695 -0.800418019
vt 2.4239819 -0.781826973
vt 2.4213531 -0.783923984
vt -0.82099998 -0.800418019
vt -0.82099998 -0.783923984
vt -0.82099998 -0.800418019
vt 2.43665695 -0.800418019
vt 2.4213531 -0.783923984
vt 2.41906595 -0.786388993
vt -0.82099998 -0.800418019
vt -0.82099998 -0.786388993
vt -0.82099998 -0.800418019
vt 2.43665695 -0.800418019
vt 2.41906595 -0.786388993
vt 2.417171 -0.789168
vt -0.82099998 -0.800418019
vt -0.82099998 -0.789168
vt -0.82099998 -0.800418019
vt 2.43665695 -0.800418019
vt 2.417171 -0.789168
vt 2.41571212 -0.792196989
vt -0.82099998 -0.800418019
vt -0.82099998 -0.792196989
vt -0.82099998 -0.800418019
vt 2.43665695 -0.800418019
vt 2.41571212 -0.792196989
vt 2.41472101 -0.795410991
vt -0.82099998 -0.800418019
vt -0.82099998 -0.795410991
vt -0.82099998 -0.800418019
vt 2.43665695 -0.800418019
vt 2.41472101 -0.795410991
vt 2.41422009 -0.798735976
vt -0.82099998 -0.800418019
vt -0.82099998 -0.798735976
vt -0.82099998 -0.800418019
vt 2.43665695 -0.800418019
vt 2.41422009 -0.798735976
vt 2.41422009 -0.802098989
vt -0.82099998 -0.800418019
vt -0.82099998 -0.802098989
vt -0.82099998 -0.800418019
vt 2.43665695 -0.800418019
vt 2.41422009 -0.802098989
vt 2.41472101 -0.805423975
vt 2.43665695 -0.800418019
vt 2.41472101 -0.805423975
vt 2.41571212 -0.808637977
vt 2.44001007 0.810000002
vt 2.43665695 0.82099998
vt 2.43665695 0.810000002
vt 2.43665695 0.810000002
vt 2.43665695 0.82099998
vt 2.43330407 0.82099998
vt 2.43665695 0.82099998
vt 2.44001007 0.810000002
vt 2.44001007 0.82099998
vt 2.44001007 0.82099998
vt 2.44001007 0.810000002
vt 2.44328904 0.810000002
vt 2.44001007 0.82099998
vt 2.44328904 0.810000002
vt 2.44328904 0.82099998
vt 2.44328904 0.82099998
vt 2.44328904 0.810000002
vt 2.446419 0.810000002
vt 2.44328904 0.82099998
vt 2.446419 0.810000002
vt 2.446419 0.82099998
vt 2.446419 0.82099998
vt 2.446419 0.810000002
vt 2.449332 0.810000002
vt 2.446419 0.82099998
vt 2.449332 0.810000002
vt 2.449332 0.82099998
vt 2.449332 0.82099998
vt 2.449332 0.810000002
vt 2.45196104 0.810000002
vt 2.449332 0.82099998
vt 2.45196104 0.810000002
vt 2.45196104 0.82099998
vt -0.82099998 -0.816910982
vt -0.810000002 -0.816910982
vt -0.810000002 -0.814445972
vt -0.82099998 -0.816910982
vt -0.810000002 -0.814445972
vt -0.82099998 -0.814445972
vt -0.82099998 -0.814445972
vt -0.810000002 -0.814445972
vt -0.810000002 -0.811667979
vt -0.82099998 -0.814445972
vt -0.810000002 -0.811667979
vt -0.82099998 -0.811667979
vt -0.82099998 -0.811667979
vt -0.810000002 -0.811667979
vt -0.810000002 -0.808637977
vt -0.82099998 -0.811667979
vt -0.810000002 -0.808637977
vt -0.82099998 -0.808637977
vt -0.82099998 -0.808637977
vt -0.810000002 -0.808637977
vt -0.810000002 -0.805423975
vt -0.82099998 -0.808637977
vt -0.810000002 -0.805423975
vt -0.82099998 -0.805423975
vt -0.82099998 -0.805423975
vt -0.810000002 -0.805423975
vt -0.810000002 -0.802098989
vt -0.82099998 -0.805423975
vt -0.810000002 -0.802098989
vt -0.82099998 -0.802098989
vt -0.82099998 -0.802098989
vt -0.810000002 -0.802098989
vt -0.810000002 -0.798735976
vt -0.82099998 -0.802098989
vt -0.810000002 -0.798735976
vt -0.82099998 -0.798735976
vt -0.82099998 -0.798735976
vt -0.810000002 -0.798735976
vt -0.810000002 -0.795410991
vt -0.82099998 -0.798735976
vt -0.810000002 -0.795410991
vt -0.82099998 -0.795410991
vt -0.82099998 -0.795410991
vt -0.810000002 -0.795410991
vt -0.810000002 -0.792196989
vt -0.82099998 -0.795410991
vt -0.810000002 -0.792196989
vt -0.82099998 -0.792196989
vt -0.82099998 -0.792196989
vt -0.810000002 -0.792196989
vt -0.810000002 -0.789168
vt -0.82099998 -0.792196989
vt -0.810000002 -0.789168
vt -0.82099998 -0.789168
vt -0.82099998 -0.789168
vt -0.810000002 -0.789168
vt -0.810000002 -0.786388993
vt -0.82099998 -0.789168
vt -0.810000002 -0.786388993
vt -0.82099998 -0.786388993
vt -0.82099998 -0.786388993
vt -0.810000002 -0.786388993
vt -0.810000002 -0.783923984
vt -0.82099998 -0.786388993
vt -0.810000002 -0.783923984
vt -0.82099998 -0.783923984
vt -2.45196104 0.82099998
vt -2.45196104 0.810000002
vt -2.449332 0.810000002
vt -2.45196104 0.82099998
vt -2.449332 0.810000002
vt -2.449332 0.82099998
vt -2.449332 0.82099998
vt -2.449332 0.810000002
vt -2.446419 0.810000002
vt -2.449332 0.82099998
vt -2.446419 0.810000002
vt -2.446419 0.82099998
vt -2.446419 0.82099998
vt -2.446419 0.810000002
vt -2.44328904 0.810000002
vt -2.446419 0.82099998
vt -2.44328904 0.810000002
vt -2.44328904 0.82099998
vt -2.44328904 0.82099998
vt -2.44328904 0.810000002
vt -2.44001007 0.810000002
vt -2.44328904 0.82099998
vt -2.44001007 0.810000002
vt -2.44001007 0.82099998
vt -2.44001007 0.82099998
vt -2.44001007 0.810000002
vt -2.43665695 0.810000002
vt -2.44001007 0.82099998
vt -2.43665695 0.810000002
vt -2.43665695 0.82099998
vt -2.43665695 0.82099998
vt -2.43665695 0.810000002
vt -2.43330407 0.810000002
vt -2.43665695 0.82099998
vt -2.43330407 0.810000002
vt -2.43330407 0.82099998
vt -2.43330407 0.82099998
vt -2.43330407 0.810000002
vt -2.4300251 0.810000002
vt -2.43330407 0.82099998
vt -2.4300251 0.810000002
vt -2.4300251 0.82099998
vt -2.4300251 0.82099998
vt -2.4300251 0.810000002
vt -2.4268949 0.810000002
vt -2.4300251 0.82099998
vt -2.4268949 0.810000002
vt -2.4268949 0.82099998
vt -2.4268949 0.82099998
vt -2.4268949 0.810000002
vt -2.4239819 0.810000002
vt -2.4268949 0.82099998
vt -2.4239819 0.810000002
vt -2.4239819 0.82099998
vt -2.4239819 0.82099998
vt -2.4239819 0.810000002
vt -2.4213531 0.810000002
vt -2.4239819 0.82099998
vt -2.4213531 0.810000002
vt -2.4213531 0.82099998
vt 0.82099998 -0.783923984
vt 0.810000002 -0.783923984
vt 0.810000002 -0.786388993
vt 0.82099998 -0.783923984
vt 0.810000002 -0.786388993
vt 0.82099998 -0.786388993
vt 0.82099998 -0.786388993
vt 0.810000002 -0.786388993
vt 0.810000002 -0.789168
vt 0.82099998 -0.786388993
vt 0.810000002 -0.789168
vt 0.82099998 -0.789168
vt 0.82099998 -0.789168
vt 0.810000002 -0.789168
vt 0.810000002 -0.792196989
vt 0.82099998 -0.789168
vt 0.810000002 -0.792196989
vt 0.82099998 -0.792196989
vt 0.82099998 -0.792196989
vt 0.810000002 -0.792196989
vt 0.810000002 -0.795410991
vt 0.82099998 -0.792196989
vt 0.810000002 -0.795410991
vt 0.82099998 -0.795410991
vt 0.82099998 -0.795410991
vt 0.810000002 -0.795410991
vt 0.810000002 -0.798735976
vt 0.82099998 -0.795410991
vt 0.810000002 -0.798735976
vt 0.82099998 -0.798735976
vt 0.82099998 -0.798735976
vt 0.810000002 -0.798735976
vt 0.810000002 -0.802098989
vt 0.82099998 -0.798735976
vt 0.810000002 -0.802098989
vt 0.82099998 -0.802098989
vt 0.82099998 -0.802098989
vt 0.810000002 -0.802098989
vt 0.810000002 -0.805423975
vt 0.82099998 -0.802098989
vt 0.810000002 -0.805423975
vt 0.82099998 -0.805423975
vt 0.82099998 -0.805423975
vt 0.810000002 -0.805423975
vt 0.810000002 -0.808637977
vt 0.82099998 -0.805423975
vt 0.810000002 -0.808637977
vt 0.82099998 -0.808637977
vt 0.82099998 -0.808637977
vt 0.810000002 -0.808637977
vt 0.810000002 -0.811667979
vt 0.82099998 -0.808637977
vt 0.810000002 -0.811667979
vt 0.82099998 -0.811667979
vt 0.82099998 -0.811667979
vt 0.810000002 -0.811667979
vt 0.810000002 -0.814445972
vt 0.82099998 -0.811667979
vt 0.810000002 -0.814445972
vt 0.82099998 -0.814445972
vt 0.82099998 -0.814445972
vt 0.810000002 -0.814445972
vt 0.810000002 -0.816910982
vt 0.82099998 -0.814445972
vt 0.810000002 -0.816910982
vt 0.82099998 -0.816910982
vt 2.4213531 0.82099998
vt 2.4213531 0.810000002
vt 2.4239819 0.810000002
vt 2.4213531 0.82099998
vt 2.4239819 0.810000002
vt 2.4239819 0.82099998
vt 2.4239819 0.82099998
vt 2.4239819 0.810000002
vt 2.4268949 0.810000002
vt 2.4239819 0.82099998
vt 2.4268949 0.810000002
vt 2.4268949 0.82099998
vt 2.4268949 0.82099998
vt 2.4268949 0.810000002
vt 2.4300251 0.810000002
vt 2.4268949 0.82099998
vt 2.4300251 0.810000002
vt 2.4300251 0.82099998
vt 2.4300251 0.82099998
vt 2.4300251 0.810000002
vt 2.43330407 0.810000002
vt 2.4300251 0.82099998
vt 2.43330407 0.810000002
vt 2.43330407 0.82099998
vt 2.43330407 0.82099998
vt 2.43330407 0.810000002
vt 2.43665695 0.810000002
f 1/1 2/2 3/3
f 3/4 2/5 2/6
f 3/7 2/8 4/9
f 4/10 2/11 5/12
f 4/13 5/14 6/15
f 6/16 5/17 7/18
f 6/19 7/20 8/21
f 8/22 7/23 9/24
f 8/25 9/26 10/27
f 10/28 9/29 11/30
f 10/31 11/32 12/33
f 12/34 11/35 13/36
f 12/37 13/38 14/39
f 14/40 13/41 15/42
f 14/43 15/44 16/45
f 17/46 18/47 19/48
f 19/49 18/50 20/51
f 19/52 20/53 21/54
f 21/55 20/56 22/57
f 21/58 22/59 23/60
f 23/61 22/62 24/63
f 23/64 24/65 25/66
f 25/67 24/68 26/69
f 25/70 26/71 27/72
f 27/73 26/74 28/75
f 27/76 28/77 29/78
f 29/79 28/80 30/81
f 29/82 30/83 31/84
f 31/85 30/86 32/87
f 31/88 32/89 33/90
f 33/91 32/92 34/93
f 33/94 34/95 35/96
f 35/97 34/98 36/99
f 35/100 36/101 37/102
f 37/103 36/104 38/105
f 37/106 38/107 39/108
f 39/109 38/110 40/111
f 39/112 40/113 41/114
f 41/115 40/116 42/117
f 41/118 42/119 43/120
f 43/121 42/122 44/123
f 43/124 44/125 45/126
f 45/127 44/128 46/129
f 45/130 46/131 47/132
f 47/133 46/134 48/135
f 47/136 48/137 49/138
f 49/139 48/140 50/141
f 49/142 50/143 51/144
f 51/145 50/146 52/147
f 51/148 52/149 53/150
f 53/151 52/152 54/153
f 53/154 54/155 55/156
f 55/157 54/158 56/159
f 55/160 56/161 57/162
f 57/163 56/164 58/165
f 57/166 58/167 59/168
f 59/169 58/170 60/171
f 59/172 60/173 61/174
f 61/175 60/176 62/177
f 61/178 62/179 63/180
f 63/181 62/182 64/183
f 63/184 64/185 65/186
f 65/187 64/188 66/189
f 65/190 66/191 67/192
f 67/193 66/194 68/195
f 67/196 68/197 69/198
f 69/199 68/200 70/201
f 69/202 70/203 71/204
f 71/205 70/206 72/207
f 71/208 72/209 73/210
f 73/211 72/212 74/213
f 73/214 74/215 75/216
f 75/217 74/218 76/219
f 75/220 76/221 77/222
f 77/223 76/224 78/225
f 77/226 78/227 79/228
f 79/229 78/230 80/231
f 79/232 80/233 81/234
f 81/235 80/236 82/237
f 81/238 82/239 83/240
f 83/241 82/242 84/243
f 83/244 84/245 85/246
f 85/247 84/248 86/249
f 85/250 86/251 87/252
f 87/253 86/254 88/255
f 87/256 88/257 89/258
f 89/259 88/260 90/261
f 89/262 90/263 91/264
f 91/265 90/266 92/267
f 91/268 92/269 93/270
f 93/271 92/272 94/273
f 93/274 94/275 95/276
f 95/277 94/278 96/279
f 95/280 96/281 97/282
f 97/283 96/284 98/285
f 97/286 98/287 99/288
f 99/289 98/290 100/291
f 99/292 100/293 101/294
f 101/295 100/296 102/297
f 101/298 102/299 103/300
f 103/301 102/302 104/303
f 103/304 104/305 105/306
f 105/307 104/308 106/309
f 105/310 106/311 107/312
f 107/313 106/314 108/315
f 107/316 108/317 109/318
f 109/319 108/320 110/321
f 109/322 110/323 111/324
f 111/325 110/326 112/327
f 111/328 112/329 113/330
f 113/331 112/332 114/333
f 113/334 114/335 115/336
f 115/337 114/338 116/339
f 115/340 116/341 117/342
f 117/343 116/344 118/345
f 117/346 118/347 119/348
f 119/349 118/350 120/351
f 119/352 120/353 121/354
f 121/355 120/356 122/357
f 121/358 122/359 123/360
f 123/361 122/362 124/363
f 123/364 124/365 125/366
f 125/367 124/368 126/369
f 125/370 126/371 127/372
f 127/373 126/374 128/375
f 127/376 128/377 129/378
f 129/379 128/380 130/381
f 129/382 130/383 131/384
f 131/385 130/386 132/387
f 131/388 132/389 133/390
f 133/391 132/392 134/393
f 133/394 134/395 17/396
f 17/397 134/398 18/399
f 18/400 134/401 135/402
f 18/403 135/404 136/405
f 136/406 135/407 137/408
f 136/409 137/410 138/411
f 138/412 137/413 139/414
f 138/415 139/416 140/417
f 140/418 139/419 141/420
f 140/421 141/422 142/423
f 142/424 141/425 143/426
f 142/427 143/428 144/429
f 144/430 143/431 145/432
f 144/433 145/434 146/435
f 146/436 145/437 147/438
f 146/439 147/440 148/441
f 148/442 147/443 149/444
f 148/445 149/446 150/447
f 150/448 149/449 151/450
f 150/451 151/452 152/453
f 152/454 151/455 153/456
f 152/457 153/458 154/459
f 154/460 153/461 155/462
f 154/463 155/464 156/465
f 156/466 155/467 157/468
f 156/469 157/470 158/471
f 158/472 157/473 159/474
f 158/475 159/476 158/477
f 158/478 159/479 160/480
f 158/481 160/482 161/483
f 161/484 160/485 162/486
f 161/487 162/488 163/489
f 163/490 162/491 164/492
f 163/493 164/494 165/495
f 165/496 164/497 166/498
f 165/499 166/500 167/501
f 167/502 166/503 168/504
f 167/505 168/506 169/507
f 169/508 168/509 170/510
f 169/511 170/512 171/513
f 171/514 170/515 172/516
f 171/517 172/518 173/519
f 173/520 172/521 174/522
f 173/523 174/524 175/525
f 175/526 174/527 176/528
f 175/529 176/530 177/531
f 177/532 176/533 178/534
f 177/535 178/536 179/537
f 179/538 178/539 180/540
f 179/541 180/542 181/543
f 181/544 180/545 182/546
f 181/547 182/548 183/549
f 183/550 182/551 184/552
f 183/553 184/554 185/555
f 185/556 184/557 186/558
f 185/559 186/560 187/561
f 187/562 186/563 188/564
f 187/565 188/566 189/567
f 189/568 188/569 190/570
f 189/571 190/572 191/573
f 191/574 190/575 192/576
f 191/577 192/578 193/579
f 193/580 192/581 194/582
f 193/583 194/584 195/585
f 195/586 194/587 196/588
f 195/589 196/590 197/591
f 197/592 196/593 198/594
f 197/595 198/596 199/597
f 199/598 198/599 200/600
f 199/601 200/602 201/603
f 201/604 200/605 202/606
f 201/607 202/608 203/609
f 203/610 202/611 204/612
f 203/613 204/614 205/615
f 205/616 204/617 206/618
f 205/619 206/620 207/621
f 207/622 206/623 208/624
f 207/625 208/626 209/627
f 209/628 208/629 210/630
f 209/631 210/632 211/633
f 211/634 210/635 212/636
f 211/637 212/638 213/639
f 213/640 212/641 214/642
f 213/643 214/644 215/645
f 215/646 214/647 216/648
f 215/649 216/650 217/651
f 217/652 216/653 218/654
f 217/655 218/656 219/657
f 219/658 218/659 220/660
f 219/661 220/662 221/663
f 221/664 220/665 222/666
f 221/667 222/668 223/669
f 223/670 222/671 224/672
f 223/673 224/674 225/675
f 225/676 224/677 226/678
f 225/679 226/680 227/681
f 227/682 226/683 228/684
f 227/685 228/686 229/687
f 229/688 228/689 230/690
f 229/691 230/692 231/693
f 231/694 230/695 232/696
f 231/697 232/698 233/699
f 233/700 232/701 234/702
f 233/703 234/704 235/705
f 235/706 234/707 236/708
f 235/709 236/710 237/711
f 237/712 236/713 238/714
f 237/715 238/716 239/717
f 239/718 238/719 240/720
f 239/721 240/722 241/723
f 241/724 240/725 242/726
f 241/727 242/728 243/729
f 243/730 242/731 244/732
f 243/733 244/734 245/735
f 245/736 244/737 246/738
f 245/739 246/740 247/741
f 247/742 246/743 248/744
f 247/745 248/746 249/747
f 249/748 248/749 250/750
f 159/751 157/752 251/753
f 251/754 157/755 252/756
f 251/757 252/758 253/759
f 253/760 252/761 254/762
f 253/763 254/764 255/765
f 255/766 254/767 256/768
f 255/769 256/770 257/771
f 257/772 256/773 258/774
f 257/775 258/776 259/777
f 259/778 258/779 260/780
f 259/781 260/782 261/783
f 261/784 260/785 262/786
f 261/787 262/788 263/789
f 263/790 262/791 264/792
f 263/793 264/794 265/795
f 265/796 264/797 266/798
f 265/799 266/800 267/801
f 267/802 266/803 268/804
f 267/805 268/806 269/807
f 269/808 268/809 270/810
f 269/811 270/812 271/813
f 271/814 270/815 272/816
f 271/817 272/818 273/819
f 273/820 272/821 274/822
f 273/823 274/824 250/825
f 157/826 155/827 252/828
f 252/829 155/830 275/831
f 252/832 275/833 254/834
f 254/835 275/836 276/837
f 254/838 276/839 256/840
f 256/841 276/842 277/843
f 256/844 277/845 258/846
f 258/847 277/848 278/849
f 258/850 278/851 260/852
f 260/853 278/854 279/855
f 260/856 279/857 262/858
f 262/859 279/860 280/861
f 262/862 280/863 264/864
f 264/865 280/866 281/867
f 264/868 281/869 266/870
f 266/871 281/872 282/873
f 266/874 282/875 268/876
f 268/877 282/878 283/879
f 268/880 283/881 270/882
f 270/883 283/884 284/885
f 270/886 284/887 272/888
f 272/889 284/890 285/891
f 272/892 285/893 274/894
f 274/895 285/896 286/897
f 274/898 286/899 249/900
f 249/901 286/902 287/903
f 249/904 287/905 247/906
f 247/907 287/908 288/909
f 247/910 288/911 245/912
f 245/913 288/914 289/915
f 245/916 289/917 243/918
f 243/919 289/920 290/921
f 243/922 290/923 241/924
f 241/925 290/926 291/927
f 241/928 291/929 239/930
f 239/931 291/932 292/933
f 239/934 292/935 237/936
f 237/937 292/938 293/939
f 237/940 293/941 235/942
f 235/943 293/944 294/945
f 235/946 294/947 233/948
f 233/949 294/950 295/951
f 233/952 295/953 231/954
f 231/955 295/956 296/957
f 231/958 296/959 229/960
f 229/961 296/962 297/963
f 229/964 297/965 227/966
f 227/967 297/968 298/969
f 227/970 298/971 225/972
f 225/973 298/974 299/975
f 225/976 299/977 223/978
f 223/979 299/980 300/981
f 223/982 300/983 221/984
f 221/985 300/986 301/987
f 221/988 301/989 219/990
f 219/991 301/992 302/993
f 219/994 302/995 217/996
f 217/997 302/998 303/999
f 217/1000 303/1001 215/1002
f 215/1003 303/1004 304/1005
f 215/1006 304/1007 213/1008
f 213/1009 304/1010 305/1011
f 213/1012 305/1013 211/1014
f 211/1015 305/1016 306/1017
f 211/1018 306/1019 209/1020
f 209/1021 306/1022 307/1023
f 209/1024 307/1025 207/1026
f 207/1027 307/1028 308/1029
f 207/1030 308/1031 205/1032
f 205/1033 308/1034 309/1035
f 205/1036 309/1037 203/1038
f 203/1039 309/1040 310/1041
f 203/1042 310/1043 201/1044
f 201/1045 310/1046 311/1047
f 201/1048 311/1049 199/1050
f 199/1051 311/1052 312/1053
f 199/1054 312/1055 197/1056
f 197/1057 312/1058 313/1059
f 197/1060 313/1061 195/1062
f 195/1063 313/1064 314/1065
f 195/1066 314/1067 193/1068
f 193/1069 314/1070 315/1071
f 193/1072 315/1073 191/1074
f 191/1075 315/1076 316/1077
f 191/1078 316/1079 189/1080
f 189/1081 316/1082 317/1083
f 189/1084 317/1085 187/1086
f 187/1087 317/1088 318/1089
f 187/1090 318/1091 185/1092
f 185/1093 318/1094 319/1095
f 185/1096 319/1097 183/1098
f 183/1099 319/1100 320/1101
f 183/1102 320/1103 181/1104
f 181/1105 320/1106 321/1107
f 181/1108 321/1109 179/1110
f 179/1111 321/1112 322/1113
f 179/1114 322/1115 177/1116
f 177/1117 322/1118 323/1119
f 177/1120 323/1121 175/1122
f 175/1123 323/1124 324/1125
f 175/1126 324/1127 173/1128
f 173/1129 324/1130 325/1131
f 173/1132 325/1133 171/1134
f 171/1135 325/1136 326/1137
f 171/1138 326/1139 169/1140
f 169/1141 326/1142 327/1143
f 169/1144 327/1145 167/1146
f 167/1147 327/1148 328/1149
f 167/1150 328/1151 165/1152
f 165/1153 328/1154 329/1155
f 165/1156 329/1157 163/1158
f 163/1159 329/1160 330/1161
f 163/1162 330/1163 161/1164
f 161/1165 330/1166 331/1167
f 161/1168 331/1169 158/1170
f 158/1171 331/1172 331/1173
f 158/1174 331/1175 156/1176
f 156/1177 331/1178 332/1179
f 156/1180 332/1181 154/1182
f 154/1183 332/1184 333/1185
f 154/1186 333/1187 152/1188
f 152/1189 333/1190 334/1191
f 152/1192 334/1193 150/1194
f 150/1195 334/1196 335/1197
f 150/1198 335/1199 148/1200
f 148/1201 335/1202 336/1203
f 148/1204 336/1205 146/1206
f 146/1207 336/1208 337/1209
f 146/1210 337/1211 144/1212
f 144/1213 337/1214 338/1215
f 144/1216 338/1217 142/1218
f 142/1219 338/1220 339/1221
f 142/1222 339/1223 140/1224
f 140/1225 339/1226 340/1227
f 140/1228 340/1229 138/1230
f 138/1231 340/1232 341/1233
f 138/1234 341/1235 136/1236
f 136/1237 341/1238 20/1239
f 136/1240 20/1241 18/1242
f 250/1243 274/1244 249/1245
f 20/1246 341/1247 22/1248
f 22/1249 341/1250 342/1251
f 22/1252 342/1253 24/1254
f 24/1255 342/1256 343/1257
f 24/1258 343/1259 26/1260
f 26/1261 343/1262 344/1263
f 26/1264 344/1265 28/1266
f 28/1267 344/1268 345/1269
f 28/1270 345/1271 30/1272
f 30/1273 345/1274 346/1275
f 30/1276 346/1277 32/1278
f 32/1279 346/1280 347/1281
f 32/1282 347/1283 34/1284
f 34/1285 347/1286 348/1287
f 34/1288 348/1289 36/1290
f 36/1291 348/1292 349/1293
f 36/1294 349/1295 38/1296
f 38/1297 349/1298 350/1299
f 38/1300 350/1301 40/1302
f 40/1303 350/1304 351/1305
f 40/1306 351/1307 42/1308
f 42/1309 351/1310 352/1311
f 42/1312 352/1313 44/1314
f 44/1315 352/1316 353/1317
f 44/1318 353/1319 46/1320
f 46/1321 353/1322 354/1323
f 46/1324 354/1325 48/1326
f 48/1327 354/1328 355/1329
f 48/1330 355/1331 50/1332
f 50/1333 355/1334 356/1335
f 50/1336 356/1337 52/1338
f 52/1339 356/1340 357/1341
f 52/1342 357/1343 54/1344
f 54/1345 357/1346 358/1347
f 54/1348 358/1349 56/1350
f 56/1351 358/1352 359/1353
f 56/1354 359/1355 58/1356
f 58/1357 359/1358 360/1359
f 58/1360 360/1361 60/1362
f 60/1363 360/1364 361/1365
f 60/1366 361/1367 62/1368
f 62/1369 361/1370 362/1371
f 62/1372 362/1373 64/1374
f 64/1375 362/1376 363/1377
f 64/1378 363/1379 66/1380
f 66/1381 363/1382 364/1383
f 66/1384 364/1385 68/1386
f 68/1387 364/1388 365/1389
f 68/1390 365/1391 70/1392
f 70/1393 365/1394 366/1395
f 70/1396 366/1397 72/1398
f 72/1399 366/1400 367/1401
f 72/1402 367/1403 74/1404
f 74/1405 367/1406 368/1407
f 74/1408 368/1409 76/1410
f 76/1411 368/1412 369/1413
f 76/1414 369/1415 78/1416
f 78/1417 369/1418 370/1419
f 78/1420 370/1421 80/1422
f 80/1423 370/1424 371/1425
f 80/1426 371/1427 82/1428
f 82/1429 371/1430 372/1431
f 82/1432 372/1433 84/1434
f 84/1435 372/1436 373/1437
f 84/1438 373/1439 86/1440
f 86/1441 373/1442 374/1443
f 86/1444 374/1445 88/1446
f 88/1447 374/1448 375/1449
f 88/1450 375/1451 90/1452
f 90/1453 375/1454 376/1455
f 90/1456 376/1457 92/1458
f 92/1459 376/1460 377/1461
f 92/1462 377/1463 94/1464
f 94/1465 377/1466 378/1467
f 94/1468 378/1469 96/1470
f 96/1471 378/1472 379/1473
f 96/1474 379/1475 98/1476
f 98/1477 379/1478 380/1479
f 98/1480 380/1481 100/1482
f 100/1483 380/1484 381/1485
f 100/1486 381/1487 102/1488
f 102/1489 381/1490 382/1491
f 102/1492 382/1493 104/1494
f 104/1495 382/1496 383/1497
f 104/1498 383/1499 106/1500
f 106/1501 383/1502 384/1503
f 106/1504 384/1505 108/1506
f 108/1507 384/1508 385/1509
f 108/1510 385/1511 110/1512
f 110/1513 385/1514 386/1515
f 110/1516 386/1517 112/1518
f 112/1519 386/1520 387/1521
f 112/1522 387/1523 114/1524
f 114/1525 387/1526 388/1527
f 114/1528 388/1529 116/1530
f 116/1531 388/1532 389/1533
f 116/1534 389/1535 118/1536
f 118/1537 389/1538 390/1539
f 118/1540 390/1541 120/1542
f 120/1543 390/1544 391/1545
f 120/1546 391/1547 122/1548
f 122/1549 391/1550 392/1551
f 122/1552 392/1553 124/1554
f 124/1555 392/1556 393/1557
f 124/1558 393/1559 126/1560
f 126/1561 393/1562 394/1563
f 126/1564 394/1565 128/1566
f 128/1567 394/1568 395/1569
f 128/1570 395/1571 130/1572
f 130/1573 395/1574 396/1575
f 130/1576 396/1577 132/1578
f 132/1579 396/1580 397/1581
f 132/1582 397/1583 134/1584
f 134/1585 397/1586 397/1587
f 134/1588 397/1589 135/1590
f 135/1591 397/1592 398/1593
f 135/1594 398/1595 137/1596
f 137/1597 398/1598 399/1599
f 137/1600 399/1601 139/1602
f 139/1603 399/1604 400/1605
f 139/1606 400/1607 141/1608
f 141/1609 400/1610 401/1611
f 141/1612 401/1613 143/1614
f 143/1615 401/1616 402/1617
f 143/1618 402/1619 145/1620
f 145/1621 402/1622 403/1623
f 145/1624 403/1625 147/1626
f 147/1627 403/1628 404/1629
f 147/1630 404/1631 149/1632
f 149/1633 404/1634 405/1635
f 149/1636 405/1637 151/1638
f 151/1639 405/1640 406/1641
f 151/1642 406/1643 153/1644
f 153/1645 406/1646 275/1647
f 153/1648 275/1649 155/1650
f 275/1651 406/1652 276/1653
f 276/1654 406/1655 407/1656
f 276/1657 407/1658 277/1659
f 277/1660 407/1661 408/1662
f 277/1663 408/1664 278/1665
f 278/1666 408/1667 409/1668
f 278/1669 409/1670 279/1671
f 279/1672 409/1673 410/1674
f 279/1675 410/1676 280/1677
f 280/1678 410/1679 411/1680
f 280/1681 411/1682 281/1683
f 281/1684 411/1685 412/1686
f 281/1687 412/1688 282/1689
f 282/1690 412/1691 413/1692
f 282/1693 413/1694 283/1695
f 283/1696 413/1697 414/1698
f 283/1699 414/1700 284/1701
f 284/1702 414/1703 415/1704
f 284/1705 415/1706 285/1707
f 285/1708 415/1709 416/1710
f 285/1711 416/1712 286/1713
f 286/1714 416/1715 417/1716
f 286/1717 417/1718 287/1719
f 287/1720 417/1721 418/1722
f 287/1723 418/1724 288/1725
f 288/1726 418/1727 419/1728
f 288/1729 419/1730 289/1731
f 289/1732 419/1733 420/1734
f 289/1735 420/1736 290/1737
f 290/1738 420/1739 421/1740
f 290/1741 421/1742 291/1743
f 291/1744 421/1745 422/1746
f 291/1747 422/1748 292/1749
f 292/1750 422/1751 423/1752
f 292/1753 423/1754 293/1755
f 293/1756 423/1757 424/1758
f 293/1759 424/1760 294/1761
f 294/1762 424/1763 425/1764
f 294/1765 425/1766 295/1767
f 295/1768 425/1769 426/1770
f 295/1771 426/1772 296/1773
f 296/1774 426/1775 427/1776
f 296/1777 427/1778 297/1779
f 297/1780 427/1781 428/1782
f 297/1783 428/1784 298/1785
f 298/1786 428/1787 429/1788
f 298/1789 429/1790 299/1791
f 299/1792 429/1793 430/1794
f 299/1795 430/1796 300/1797
f 300/1798 430/1799 431/1800
f 300/1801 431/1802 301/1803
f 301/1804 431/1805 432/1806
f 301/1807 432/1808 302/1809
f 302/1810 432/1811 433/1812
f 302/1813 433/1814 303/1815
f 303/1816 433/1817 434/1818
f 303/1819 434/1820 304/1821
f 304/1822 434/1823 435/1824
f 304/1825 435/1826 305/1827
f 305/1828 435/1829 436/1830
f 305/1831 436/1832 306/1833
f 306/1834 436/1835 437/1836
f 306/1837 437/1838 307/1839
f 307/1840 437/1841 438/1842
f 307/1843 438/1844 308/1845
f 308/1846 438/1847 439/1848
f 308/1849 439/1850 309/1851
f 309/1852 439/1853 440/1854
f 309/1855 440/1856 310/1857
f 310/1858 440/1859 441/1860
f 310/1861 441/1862 311/1863
f 311/1864 441/1865 442/1866
f 311/1867 442/1868 312/1869
f 312/1870 442/1871 443/1872
f 312/1873 443/1874 313/1875
f 313/1876 443/1877 444/1878
f 313/1879 444/1880 314/1881
f 314/1882 444/1883 445/1884
f 314/1885 445/1886 315/1887
f 315/1888 445/1889 446/1890
f 315/1891 446/1892 316/1893
f 316/1894 446/1895 447/1896
f 316/1897 447/1898 317/1899
f 317/1900 447/1901 448/1902
f 317/1903 448/1904 318/1905
f 318/1906 448/1907 449/1908
f 318/1909 449/1910 319/1911
f 319/1912 449/1913 450/1914
f 319/1915 450/1916 320/1917
f 320/1918 450/1919 451/1920
f 320/1921 451/1922 321/1923
f 321/1924 451/1925 452/1926
f 321/1927 452/1928 322/1929
f 322/1930 452/1931 453/1932
f 322/1933 453/1934 323/1935
f 323/1936 453/1937 454/1938
f 323/1939 454/1940 324/1941
f 324/1942 454/1943 455/1944
f 324/1945 455/1946 325/1947
f 325/1948 455/1949 456/1950
f 325/1951 456/1952 326/1953
f 326/1954 456/1955 457/1956
f 326/1957 457/1958 327/1959
f 327/1960 457/1961 458/1962
f 327/1963 458/1964 328/1965
f 328/1966 458/1967 459/1968
f 328/1969 459/1970 329/1971
f 329/1972 459/1973 460/1974
f 329/1975 460/1976 330/1977
f 330/1978 460/1979 461/1980
f 330/1981 461/1982 331/1983
f 331/1984 461/1985 461/1986
f 331/1987 461/1988 332/1989
f 332/1990 461/1991 462/1992
f 332/1993 462/1994 333/1995
f 333/1996 462/1997 463/1998
f 333/1999 463/2000 334/2001
f 334/2002 463/2003 464/2004
f 334/2005 464/2006 335/2007
f 335/2008 464/2009 465/2010
f 335/2011 465/2012 336/2013
f 336/2014 465/2015 466/2016
f 336/2017 466/2018 337/2019
f 337/2020 466/2021 467/2022
f 337/2023 467/2024 338/2025
f 338/2026 467/2027 468/2028
f 338/2029 468/2030 339/2031
f 339/2032 468/2033 469/2034
f 339/2035 469/2036 340/2037
f 340/2038 469/2039 342/2040
f 340/2041 342/2042 341/2043
f 342/2044 469/2045 343/2046
f 343/2047 469/2048 470/2049
f 343/2050 470/2051 344/2052
f 344/2053 470/2054 471/2055
f 344/2056 471/2057 345/2058
f 345/2059 471/2060 472/2061
f 345/2062 472/2063 346/2064
f 346/2065 472/2066 473/2067
f 346/2068 473/2069 347/2070
f 347/2071 473/2072 474/2073
f 347/2074 474/2075 348/2076
f 348/2077 474/2078 475/2079
f 348/2080 475/2081 349/2082
f 349/2083 475/2084 476/2085
f 349/2086 476/2087 350/2088
f 350/2089 476/2090 477/2091
f 350/2092 477/2093 351/2094
f 351/2095 477/2096 478/2097
f 351/2098 478/2099 352/2100
f 352/2101 478/2102 479/2103
f 352/2104 479/2105 353/2106
f 353/2107 479/2108 480/2109
f 353/2110 480/2111 354/2112
f 354/2113 480/2114 481/2115
f 354/2116 481/2117 355/2118
f 355/2119 481/2120 482/2121
f 355/2122 482/2123 356/2124
f 356/2125 482/2126 483/2127
f 356/2128 483/2129 357/2130
f 357/2131 483/2132 484/2133
f 357/2134 484/2135 358/2136
f 358/2137 484/2138 485/2139
f 358/2140 485/2141 359/2142
f 359/2143 485/2144 486/2145
f 359/2146 486/2147 360/2148
f 360/2149 486/2150 487/2151
f 360/2152 487/2153 361/2154
f 361/2155 487/2156 488/2157
f 361/2158 488/2159 362/2160
f 362/2161 488/2162 489/2163
f 362/2164 489/2165 363/2166
f 363/2167 489/2168 490/2169
f 363/2170 490/2171 364/2172
f 364/2173 490/2174 491/2175
f 364/2176 491/2177 365/2178
f 365/2179 491/2180 492/2181
f 365/2182 492/2183 366/2184
f 366/2185 492/2186 493/2187
f 366/2188 493/2189 367/2190
f 367/2191 493/2192 494/2193
f 367/2194 494/2195 368/2196
f 368/2197 494/2198 495/2199
f 368/2200 495/2201 369/2202
f 369/2203 495/2204 496/2205
f 369/2206 496/2207 370/2208
f 370/2209 496/2210 497/2211
f 370/2212 497/2213 371/2214
f 371/2215 497/2216 498/2217
f 371/2218 498/2219 372/2220
f 372/2221 498/2222 499/2223
f 372/2224 499/2225 373/2226
f 373/2227 499/2228 500/2229
f 373/2230 500/2231 374/2232
f 374/2233 500/2234 501/2235
f 374/2236 501/2237 375/2238
f 375/2239 501/2240 502/2241
f 375/2242 502/2243 376/2244
f 376/2245 502/2246 503/2247
f 376/2248 503/2249 377/2250
f 377/2251 503/2252 504/2253
f 377/2254 504/2255 378/2256
f 378/2257 504/2258 505/2259
f 378/2260 505/2261 379/2262
f 379/2263 505/2264 506/2265
f 379/2266 506/2267 380/2268
f 380/2269 506/2270 507/2271
f 380/2272 507/2273 381/2274
f 381/2275 507/2276 508/2277
f 381/2278 508/2279 382/2280
f 382/2281 508/2282 509/2283
f 382/2284 509/2285 383/2286
f 383/2287 509/2288 510/2289
f 383/2290 510/2291 384/2292
f 384/2293 510/2294 511/2295
f 384/2296 511/2297 385/2298
f 385/2299 511/2300 512/2301
f 385/2302 512/2303 386/2304
f 386/2305 512/2306 513/2307
f 386/2308 513/2309 387/2310
f 387/2311 513/2312 514/2313
f 387/2314 514/2315 388/2316
f 388/2317 514/2318 515/2319
f 388/2320 515/2321 389/2322
f 389/2323 515/2324 516/2325
f 389/2326 516/2327 390/2328
f 390/2329 516/2330 517/2331
f 390/2332 517/2333 391/2334
f 391/2335 517/2336 518/2337
f 391/2338 518/2339 392/2340
f 392/2341 518/2342 519/2343
f 392/2344 519/2345 393/2346
f 393/2347 519/2348 520/2349
f 393/2350 520/2351 394/2352
f 394/2353 520/2354 521/2355
f 394/2356 521/2357 395/2358
f 395/2359 521/2360 522/2361
f 395/2362 522/2363 396/2364
f 396/2365 522/2366 523/2367
f 396/2368 523/2369 397/2370
f 397/2371 523/2372 523/2373
f 397/2374 523/2375 398/2376
f 398/2377 523/2378 524/2379
f 398/2380 524/2381 399/2382
f 399/2383 524/2384 525/2385
f 399/2386 525/2387 400/2388
f 400/2389 525/2390 526/2391
f 400/2392 526/2393 401/2394
f 401/2395 526/2396 527/2397
f 401/2398 527/2399 402/2400
f 402/2401 527/2402 528/2403
f 402/2404 528/2405 403/2406
f 403/2407 528/2408 529/2409
f 403/2410 529/2411 404/2412
f 404/2413 529/2414 530/2415
f 404/2416 530/2417 405/2418
f 405/2419 530/2420 407/2421
f 405/2422 407/2423 406/2424
f 407/2425 530/2426 408/2427
f 408/2428 530/2429 531/2430
f 408/2431 531/2432 409/2433
f 409/2434 531/2435 532/2436
f 409/2437 532/2438 410/2439
f 410/2440 532/2441 533/2442
f 410/2443 533/2444 411/2445
f 411/2446 533/2447 534/2448
f 411/2449 534/2450 412/2451
f 412/2452 534/2453 535/2454
f 412/2455 535/2456 413/2457
f 413/2458 535/2459 536/2460
f 413/2461 536/2462 414/2463
f 414/2464 536/2465 537/2466
f 414/2467 537/2468 415/2469
f 415/2470 537/2471 538/2472
f 415/2473 538/2474 416/2475
f 416/2476 538/2477 539/2478
f 416/2479 539/2480 417/2481
f 417/2482 539/2483 540/2484
f 417/2485 540/2486 418/2487
f 418/2488 540/2489 541/2490
f 418/2491 541/2492 419/2493
f 419/2494 541/2495 542/2496
f 419/2497 542/2498 420/2499
f 420/2500 542/2501 543/2502
f 420/2503 543/2504 421/2505
f 421/2506 543/2507 544/2508
f 421/2509 544/2510 422/2511
f 422/2512 544/2513 545/2514
f 422/2515 545/2516 423/2517
f 423/2518 545/2519 546/2520
f 423/2521 546/2522 424/2523
f 424/2524 546/2525 547/2526
f 424/2527 547/2528 425/2529
f 425/2530 547/2531 548/2532
f 425/2533 548/2534 426/2535
f 426/2536 548/2537 549/2538
f 426/2539 549/2540 427/2541
f 427/2542 549/2543 550/2544
f 427/2545 550/2546 428/2547
f 428/2548 550/2549 551/2550
f 428/2551 551/2552 429/2553
f 429/2554 551/2555 552/2556
f 429/2557 552/2558 430/2559
f 430/2560 552/2561 553/2562
f 430/2563 553/2564 431/2565
f 431/2566 553/2567 554/2568
f 431/2569 554/2570 432/2571
f 432/2572 554/2573 555/2574
f 432/2575 555/2576 433/2577
f 433/2578 555/2579 556/2580
f 433/2581 556/2582 434/2583
f 434/2584 556/2585 557/2586
f 434/2587 557/2588 435/2589
f 435/2590 557/2591 558/2592
f 435/2593 558/2594 436/2595
f 436/2596 558/2597 559/2598
f 436/2599 559/2600 437/2601
f 437/2602 559/2603 560/2604
f 437/2605 560/2606 438/2607
f 438/2608 560/2609 561/2610
f 438/2611 561/2612 439/2613
f 439/2614 561/2615 562/2616
f 439/2617 562/2618 440/2619
f 440/2620 562/2621 563/2622
f 440/2623 563/2624 441/2625
f 441/2626 563/2627 564/2628
f 441/2629 564/2630 442/2631
f 442/2632 564/2633 565/2634
f 442/2635 565/2636 443/2637
f 443/2638 565/2639 566/2640
f 443/2641 566/2642 444/2643
f 444/2644 566/2645 567/2646
f 444/2647 567/2648 445/2649
f 445/2650 567/2651 568/2652
f 445/2653 568/2654 446/2655
f 446/2656 568/2657 569/2658
f 446/2659 569/2660 447/2661
f 447/2662 569/2663 570/2664
f 447/2665 570/2666 448/2667
f 448/2668 570/2669 571/2670
f 448/2671 571/2672 449/2673
f 449/2674 571/2675 572/2676
f 449/2677 572/2678 450/2679
f 450/2680 572/2681 573/2682
f 450/2683 573/2684 451/2685
f 451/2686 573/2687 574/2688
f 451/2689 574/2690 452/2691
f 452/2692 574/2693 575/2694
f 452/2695 575/2696 453/2697
f 453/2698 575/2699 576/2700
f 453/2701 576/2702 454/2703
f 454/2704 576/2705 577/2706
f 454/2707 577/2708 455/2709
f 455/2710 577/2711 578/2712
f 455/2713 578/2714 456/2715
f 456/2716 578/2717 579/2718
f 456/2719 579/2720 457/2721
f 457/2722 579/2723 580/2724
f 457/2725 580/2726 458/2727
f 458/2728 580/2729 581/2730
f 458/2731 581/2732 459/2733
f 459/2734 581/2735 582/2736
f 459/2737 582/2738 460/2739
f 460/2740 582/2741 583/2742
f 460/2743 583/2744 461/2745
f 461/2746 583/2747 583/2748
f 461/2749 583/2750 462/2751
f 462/2752 583/2753 584/2754
f 462/2755 584/2756 463/2757
f 463/2758 584/2759 585/2760
f 463/2761 585/2762 464/2763
f 464/2764 585/2765 586/2766
f 464/2767 586/2768 465/2769
f 465/2770 586/2771 587/2772
f 465/2773 587/2774 466/2775
f 466/2776 587/2777 588/2778
f 466/2779 588/2780 467/2781
f 467/2782 588/2783 589/2784
f 467/2785 589/2786 468/2787
f 468/2788 589/2789 470/2790
f 468/2791 470/2792 469/2793
f 470/2794 589/2795 471/2796
f 471/2797 589/2798 590/2799
f 471/2800 590/2801 472/2802
f 472/2803 590/2804 591/2805
f 472/2806 591/2807 473/2808
f 473/2809 591/2810 592/2811
f 473/2812 592/2813 474/2814
f 474/2815 592/2816 593/2817
f 474/2818 593/2819 475/2820
f 475/2821 593/2822 594/2823
f 475/2824 594/2825 476/2826
f 476/2827 594/2828 595/2829
f 476/2830 595/2831 477/2832
f 477/2833 595/2834 596/2835
f 477/2836 596/2837 478/2838
f 478/2839 596/2840 597/2841
f 478/2842 597/2843 479/2844
f 479/2845 597/2846 598/2847
f 479/2848 598/2849 480/2850
f 480/2851 598/2852 599/2853
f 480/2854 599/2855 481/2856
f 481/2857 599/2858 600/2859
f 481/2860 600/2861 482/2862
f 482/2863 600/2864 601/2865
f 482/2866 601/2867 483/2868
f 483/2869 601/2870 602/2871
f 483/2872 602/2873 484/2874
f 484/2875 602/2876 603/2877
f 484/2878 603/2879 485/2880
f 485/2881 603/2882 604/2883
f 485/2884 604/2885 486/2886
f 486/2887 604/2888 605/2889
f 486/2890 605/2891 487/2892
f 487/2893 605/2894 606/2895
f 487/2896 606/2897 488/2898
f 488/2899 606/2900 607/2901
f 488/2902 607/2903 489/2904
f 489/2905 607/2906 608/2907
f 489/2908 608/2909 490/2910
f 490/2911 608/2912 609/2913
f 490/2914 609/2915 491/2916
f 491/2917 609/2918 610/2919
f 491/2920 610/2921 492/2922
f 492/2923 610/2924 611/2925
f 492/2926 611/2927 493/2928
f 493/2929 611/2930 612/2931
f 493/2932 612/2933 494/2934
f 494/2935 612/2936 613/2937
f 494/2938 613/2939 495/2940
f 495/2941 613/2942 614/2943
f 495/2944 614/2945 496/2946
f 496/2947 614/2948 615/2949
f 496/2950 615/2951 497/2952
f 497/2953 615/2954 616/2955
f 497/2956 616/2957 498/2958
f 498/2959 616/2960 617/2961
f 498/2962 617/2963 499/2964
f 499/2965 617/2966 618/2967
f 499/2968 618/2969 500/2970
f 500/2971 618/2972 619/2973
f 500/2974 619/2975 501/2976
f 501/2977 619/2978 620/2979
f 501/2980 620/2981 502/2982
f 502/2983 620/2984 621/2985
f 502/2986 621/2987 503/2988
f 503/2989 621/2990 622/2991
f 503/2992 622/2993 504/2994
f 504/2995 622/2996 623/2997
f 504/2998 623/2999 505/3000
f 505/3001 623/3002 624/3003
f 505/3004 624/3005 506/3006
f 506/3007 624/3008 625/3009
f 506/3010 625/3011 507/3012
f 507/3013 625/3014 626/3015
f 507/3016 626/3017 508/3018
f 508/3019 626/3020 627/3021
f 508/3022 627/3023 509/3024
f 509/3025 627/3026 628/3027
f 509/3028 628/3029 510/3030
f 510/3031 628/3032 629/3033
f 510/3034 629/3035 511/3036
f 511/3037 629/3038 630/3039
f 511/3040 630/3041 512/3042
f 512/3043 630/3044 631/3045
f 512/3046 631/3047 513/3048
f 513/3049 631/3050 632/3051
f 513/3052 632/3053 514/3054
f 514/3055 632/3056 633/3057
f 514/3058 633/3059 515/3060
f 515/3061 633/3062 634/3063
f 515/3064 634/3065 516/3066
f 516/3067 634/3068 635/3069
f 516/3070 635/3071 517/3072
f 517/3073 635/3074 636/3075
f 517/3076 636/3077 518/3078
f 518/3079 636/3080 637/3081
f 518/3082 637/3083 519/3084
f 519/3085 637/3086 638/3087
f 519/3088 638/3089 520/3090
f 520/3091 638/3092 639/3093
f 520/3094 639/3095 521/3096
f 521/3097 639/3098 640/3099
f 521/3100 640/3101 522/3102
f 522/3103 640/3104 641/3105
f 522/3106 641/3107 523/3108
f 523/3109 641/3110 641/3111
f 523/3112 641/3113 524/3114
f 524/3115 641/3116 642/3117
f 524/3118 642/3119 525/3120
f 525/3121 642/3122 643/3123
f 525/3124 643/3125 526/3126
f 526/3127 643/3128 644/3129
f 526/3130 644/3131 527/3132
f 527/3133 644/3134 645/3135
f 527/3136 645/3137 528/3138
f 528/3139 645/3140 646/3141
f 528/3142 646/3143 529/3144
f 529/3145 646/3146 531/3147
f 529/3148 531/3149 530/3150
f 531/3151 646/3152 532/3153
f 532/3154 646/3155 647/3156
f 532/3157 647/3158 533/3159
f 533/3160 647/3161 648/3162
f 533/3163 648/3164 534/3165
f 534/3166 648/3167 649/3168
f 534/3169 649/3170 535/3171
f 535/3172 649/3173 650/3174
f 535/3175 650/3176 536/3177
f 536/3178 650/3179 651/3180
f 536/3181 651/3182 537/3183
f 537/3184 651/3185 652/3186
f 537/3187 652/3188 538/3189
f 538/3190 652/3191 653/3192
f 538/3193 653/3194 539/3195
f 539/3196 653/3197 654/3198
f 539/3199 654/3200 540/3201
f 540/3202 654/3203 655/3204
f 540/3205 655/3206 541/3207
f 541/3208 655/3209 656/3210
f 541/3211 656/3212 542/3213
f 542/3214 656/3215 657/3216
f 542/3217 657/3218 543/3219
f 543/3220 657/3221 658/3222
f 543/3223 658/3224 544/3225
f 544/3226 658/3227 659/3228
f 544/3229 659/3230 545/3231
f 545/3232 659/3233 660/3234
f 545/3235 660/3236 546/3237
f 546/3238 660/3239 661/3240
f 546/3241 661/3242 547/3243
f 547/3244 661/3245 662/3246
f 547/3247 662/3248 548/3249
f 548/3250 662/3251 663/3252
f 548/3253 663/3254 549/3255
f 549/3256 663/3257 664/3258
f 549/3259 664/3260 550/3261
f 550/3262 664/3263 665/3264
f 550/3265 665/3266 551/3267
f 551/3268 665/3269 666/3270
f 551/3271 666/3272 552/3273
f 552/3274 666/3275 667/3276
f 552/3277 667/3278 553/3279
f 553/3280 667/3281 668/3282
f 553/3283 668/3284 554/3285
f 554/3286 668/3287 669/3288
f 554/3289 669/3290 555/3291
f 555/3292 669/3293 670/3294
f 555/3295 670/3296 556/3297
f 556/3298 670/3299 671/3300
f 556/3301 671/3302 557/3303
f 557/3304 671/3305 672/3306
f 557/3307 672/3308 558/3309
f 558/3310 672/3311 673/3312
f 558/3313 673/3314 559/3315
f 559/3316 673/3317 674/3318
f 559/3319 674/3320 560/3321
f 560/3322 674/3323 675/3324
f 560/3325 675/3326 561/3327
f 561/3328 675/3329 676/3330
f 561/3331 676/3332 562/3333
f 562/3334 676/3335 677/3336
f 562/3337 677/3338 563/3339
f 563/3340 677/3341 678/3342
f 563/3343 678/3344 564/3345
f 564/3346 678/3347 679/3348
f 564/3349 679/3350 565/3351
f 565/3352 679/3353 680/3354
f 565/3355 680/3356 566/3357
f 566/3358 680/3359 681/3360
f 566/3361 681/3362 567/3363
f 567/3364 681/3365 682/3366
f 567/3367 682/3368 568/3369
f 568/3370 682/3371 683/3372
f 568/3373 683/3374 569/3375
f 569/3376 683/3377 684/3378
f 569/3379 684/3380 570/3381
f 570/3382 684/3383 685/3384
f 570/3385 685/3386 571/3387
f 571/3388 685/3389 686/3390
f 571/3391 686/3392 572/3393
f 572/3394 686/3395 687/3396
f 572/3397 687/3398 573/3399
f 573/3400 687/3401 688/3402
f 573/3403 688/3404 574/3405
f 574/3406 688/3407 689/3408
f 574/3409 689/3410 575/3411
f 575/3412 689/3413 690/3414
f 575/3415 690/3416 576/3417
f 576/3418 690/3419 691/3420
f 576/3421 691/3422 577/3423
f 577/3424 691/3425 692/3426
f 577/3427 692/3428 578/3429
f 578/3430 692/3431 693/3432
f 578/3433 693/3434 579/3435
f 579/3436 693/3437 694/3438
f 579/3439 694/3440 580/3441
f 580/3442 694/3443 695/3444
f 580/3445 695/3446 581/3447
f 581/3448 695/3449 696/3450
f 581/3451 696/3452 582/3453
f 582/3454 696/3455 697/3456
f 582/3457 697/3458 583/3459
f 583/3460 697/3461 697/3462
f 583/3463 697/3464 584/3465
f 584/3466 697/3467 698/3468
f 584/3469 698/3470 585/3471
f 585/3472 698/3473 699/3474
f 585/3475 699/3476 586/3477
f 586/3478 699/3479 700/3480
f 586/3481 700/3482 587/3483
f 587/3484 700/3485 701/3486
f 587/3487 701/3488 588/3489
f 588/3490 701/3491 590/3492
f 588/3493 590/3494 589/3495
f 590/3496 701/3497 591/3498
f 591/3499 701/3500 702/3501
f 591/3502 702/3503 592/3504
f 592/3505 702/3506 703/3507
f 592/3508 703/3509 593/3510
f 593/3511 703/3512 704/3513
f 593/3514 704/3515 594/3516
f 594/3517 704/3518 705/3519
f 594/3520 705/3521 595/3522
f 595/3523 705/3524 706/3525
f 595/3526 706/3527 596/3528
f 596/3529 706/3530 707/3531
f 596/3532 707/3533 597/3534
f 597/3535 707/3536 708/3537
f 597/3538 708/3539 598/3540
f 598/3541 708/3542 709/3543
f 598/3544 709/3545 599/3546
f 599/3547 709/3548 710/3549
f 599/3550 710/3551 600/3552
f 600/3553 710/3554 711/3555
f 600/3556 711/3557 601/3558
f 601/3559 711/3560 712/3561
f 601/3562 712/3563 602/3564
f 602/3565 712/3566 713/3567
f 602/3568 713/3569 603/3570
f 603/3571 713/3572 714/3573
f 603/3574 714/3575 604/3576
f 604/3577 714/3578 715/3579
f 604/3580 715/3581 605/3582
f 605/3583 715/3584 716/3585
f 605/3586 716/3587 606/3588
f 606/3589 716/3590 717/3591
f 606/3592 717/3593 607/3594
f 607/3595 717/3596 718/3597
f 607/3598 718/3599 608/3600
f 608/3601 718/3602 719/3603
f 608/3604 719/3605 609/3606
f 609/3607 719/3608 720/3609
f 609/3610 720/3611 610/3612
f 610/3613 720/3614 721/3615
f 610/3616 721/3617 611/3618
f 611/3619 721/3620 722/3621
f 611/3622 722/3623 612/3624
f 612/3625 722/3626 723/3627
f 612/3628 723/3629 613/3630
f 613/3631 723/3632 724/3633
f 613/3634 724/3635 614/3636
f 614/3637 724/3638 725/3639
f 614/3640 725/3641 615/3642
f 615/3643 725/3644 726/3645
f 615/3646 726/3647 616/3648
f 616/3649 726/3650 727/3651
f 616/3652 727/3653 617/3654
f 617/3655 727/3656 728/3657
f 617/3658 728/3659 618/3660
f 618/3661 728/3662 729/3663
f 618/3664 729/3665 619/3666
f 619/3667 729/3668 730/3669
f 619/3670 730/3671 620/3672
f 620/3673 730/3674 731/3675
f 620/3676 731/3677 621/3678
f 621/3679 731/3680 732/3681
f 621/3682 732/3683 622/3684
f 622/3685 732/3686 733/3687
f 622/3688 733/3689 623/3690
f 623/3691 733/3692 734/3693
f 623/3694 734/3695 624/3696
f 624/3697 734/3698 735/3699
f 624/3700 735/3701 625/3702
f 625/3703 735/3704 736/3705
f 625/3706 736/3707 626/3708
f 626/3709 736/3710 737/3711
f 626/3712 737/3713 627/3714
f 627/3715 737/3716 738/3717
f 627/3718 738/3719 628/3720
f 628/3721 738/3722 739/3723
f 628/3724 739/3725 629/3726
f 629/3727 739/3728 740/3729
f 629/3730 740/3731 630/3732
f 630/3733 740/3734 741/3735
f 630/3736 741/3737 631/3738
f 631/3739 741/3740 742/3741
f 631/3742 742/3743 632/3744
f 632/3745 742/3746 743/3747
f 632/3748 743/3749 633/3750
f 633/3751 743/3752 744/3753
f 633/3754 744/3755 634/3756
f 634/3757 744/3758 745/3759
f 634/3760 745/3761 635/3762
f 635/3763 745/3764 746/3765
f 635/3766 746/3767 636/3768
f 636/3769 746/3770 747/3771
f 636/3772 747/3773 637/3774
f 637/3775 747/3776 748/3777
f 637/3778 748/3779 638/3780
f 638/3781 748/3782 749/3783
f 638/3784 749/3785 639/3786
f 639/3787 749/3788 750/3789
f 639/3790 750/3791 640/3792
f 640/3793 750/3794 751/3795
f 640/3796 751/3797 641/3798
f 641/3799 751/3800 751/3801
f 641/3802 751/3803 642/3804
f 642/3805 751/3806 752/3807
f 642/3808 752/3809 643/3810
f 643/3811 752/3812 753/3813
f 643/3814 753/3815 644/3816
f 644/3817 753/3818 754/3819
f 644/3820 754/3821 645/3822
f 645/3823 754/3824 647/3825
f 645/3826 647/3827 646/3828
f 647/3829 754/3830 648/3831
f 648/3832 754/3833 755/3834
f 648/3835 755/3836 649/3837
f 649/3838 755/3839 756/3840
f 649/3841 756/3842 650/3843
f 650/3844 756/3845 757/3846
f 650/3847 757/3848 651/3849
f 651/3850 757/3851 758/3852
f 651/3853 758/3854 652/3855
f 652/3856 758/3857 759/3858
f 652/3859 759/3860 653/3861
f 653/3862 759/3863 760/3864
f 653/3865 760/3866 654/3867
f 654/3868 760/3869 761/3870
f 654/3871 761/3872 655/3873
f 655/3874 761/3875 762/3876
f 655/3877 762/3878 656/3879
f 656/3880 762/3881 763/3882
f 656/3883 763/3884 657/3885
f 657/3886 763/3887 764/3888
f 657/3889 764/3890 658/3891
f 658/3892 764/3893 765/3894
f 658/3895 765/3896 659/3897
f 659/3898 765/3899 766/3900
f 659/3901 766/3902 660/3903
f 660/3904 766/3905 767/3906
f 660/3907 767/3908 661/3909
f 661/3910 767/3911 768/3912
f 661/3913 768/3914 662/3915
f 662/3916 768/3917 769/3918
f 662/3919 769/3920 663/3921
f 663/3922 769/3923 770/3924
f 663/3925 770/3926 664/3927
f 664/3928 770/3929 771/3930
f 664/3931 771/3932 665/3933
f 665/3934 771/3935 772/3936
f 665/3937 772/3938 666/3939
f 666/3940 772/3941 773/3942
f 666/3943 773/3944 667/3945
f 667/3946 773/3947 774/3948
f 667/3949 774/3950 668/3951
f 668/3952 774/3953 775/3954
f 668/3955 775/3956 669/3957
f 669/3958 775/3959 776/3960
f 669/3961 776/3962 670/3963
f 670/3964 776/3965 777/3966
f 670/3967 777/3968 671/3969
f 671/3970 777/3971 778/3972
f 671/3973 778/3974 672/3975
f 672/3976 778/3977 779/3978
f 672/3979 779/3980 673/3981
f 673/3982 779/3983 780/3984
f 673/3985 780/3986 674/3987
f 674/3988 780/3989 781/3990
f 674/3991 781/3992 675/3993
f 675/3994 781/3995 782/3996
f 675/3997 782/3998 676/3999
f 676/4000 782/4001 783/4002
f 676/4003 783/4004 677/4005
f 677/4006 783/4007 784/4008
f 677/4009 784/4010 678/4011
f 678/4012 784/4013 785/4014
f 678/4015 785/4016 679/4017
f 679/4018 785/4019 786/4020
f 679/4021 786/4022 680/4023
f 680/4024 786/4025 787/4026
f 680/4027 787/4028 681/4029
f 681/4030 787/4031 788/4032
f 681/4033 788/4034 682/4035
f 682/4036 788/4037 789/4038
f 682/4039 789/4040 683/4041
f 683/4042 789/4043 790/4044
f 683/4045 790/4046 684/4047
f 684/4048 790/4049 791/4050
f 684/4051 791/4052 685/4053
f 685/4054 791/4055 792/4056
f 685/4057 792/4058 686/4059
f 686/4060 792/4061 793/4062
f 686/4063 793/4064 687/4065
f 687/4066 793/4067 794/4068
f 687/4069 794/4070 688/4071
f 688/4072 794/4073 795/4074
f 688/4075 795/4076 689/4077
f 689/4078 795/4079 796/4080
f 689/4081 796/4082 690/4083
f 690/4084 796/4085 797/4086
f 690/4087 797/4088 691/4089
f 691/4090 797/4091 798/4092
f 691/4093 798/4094 692/4095
f 692/4096 798/4097 799/4098
f 692/4099 799/4100 693/4101
f 693/4102 799/4103 800/4104
f 693/4105 800/4106 694/4107
f 694/4108 800/4109 801/4110
f 694/4111 801/4112 695/4113
f 695/4114 801/4115 802/4116
f 695/4117 802/4118 696/4119
f 696/4120 802/4121 803/4122
f 696/4123 803/4124 697/4125
f 697/4126 803/4127 803/4128
f 697/4129 803/4130 698/4131
f 698/4132 803/4133 804/4134
f 698/4135 804/4136 699/4137
f 699/4138 804/4139 805/4140
f 699/4141 805/4142 700/4143
f 700/4144 805/4145 702/4146
f 700/4147 702/4148 701/4149
f 702/4150 805/4151 703/4152
f 703/4153 805/4154 806/4155
f 703/4156 806/4157 704/4158
f 704/4159 806/4160 807/4161
f 704/4162 807/4163 705/4164
f 705/4165 807/4166 808/4167
f 705/4168 808/4169 706/4170
f 706/4171 808/4172 809/4173
f 706/4174 809/4175 707/4176
f 707/4177 809/4178 810/4179
f 707/4180 810/4181 708/4182
f 708/4183 810/4184 811/4185
f 708/4186 811/4187 709/4188
f 709/4189 811/4190 812/4191
f 709/4192 812/4193 710/4194
f 710/4195 812/4196 813/4197
f 710/4198 813/4199 711/4200
f 711/4201 813/4202 814/4203
f 711/4204 814/4205 712/4206
f 712/4207 814/4208 815/4209
f 712/4210 815/4211 713/4212
f 713/4213 815/4214 816/4215
f 713/4216 816/4217 714/4218
f 714/4219 816/4220 817/4221
f 714/4222 817/4223 715/4224
f 715/4225 817/4226 818/4227
f 715/4228 818/4229 716/4230
f 716/4231 818/4232 819/4233
f 716/4234 819/4235 717/4236
f 717/4237 819/4238 820/4239
f 717/4240 820/4241 718/4242
f 718/4243 820/4244 821/4245
f 718/4246 821/4247 719/4248
f 719/4249 821/4250 822/4251
f 719/4252 822/4253 720/4254
f 720/4255 822/4256 823/4257
f 720/4258 823/4259 721/4260
f 721/4261 823/4262 824/4263
f 721/4264 824/4265 722/4266
f 722/4267 824/4268 825/4269
f 722/4270 825/4271 723/4272
f 723/4273 825/4274 826/4275
f 723/4276 826/4277 724/4278
f 724/4279 826/4280 827/4281
f 724/4282 827/4283 725/4284
f 725/4285 827/4286 828/4287
f 725/4288 828/4289 726/4290
f 726/4291 828/4292 829/4293
f 726/4294 829/4295 727/4296
f 727/4297 829/4298 830/4299
f 727/4300 830/4301 728/4302
f 728/4303 830/4304 831/4305
f 728/4306 831/4307 729/4308
f 729/4309 831/4310 832/4311
f 729/4312 832/4313 730/4314
f 730/4315 832/4316 833/4317
f 730/4318 833/4319 731/4320
f 731/4321 833/4322 834/4323
f 731/4324 834/4325 732/4326
f 732/4327 834/4328 835/4329
f 732/4330 835/4331 733/4332
f 733/4333 835/4334 836/4335
f 733/4336 836/4337 734/4338
f 734/4339 836/4340 837/4341
f 734/4342 837/4343 735/4344
f 735/4345 837/4346 838/4347
f 735/4348 838/4349 736/4350
f 736/4351 838/4352 839/4353
f 736/4354 839/4355 737/4356
f 737/4357 839/4358 840/4359
f 737/4360 840/4361 738/4362
f 738/4363 840/4364 841/4365
f 738/4366 841/4367 739/4368
f 739/4369 841/4370 842/4371
f 739/4372 842/4373 740/4374
f 740/4375 842/4376 843/4377
f 740/4378 843/4379 741/4380
f 741/4381 843/4382 844/4383
f 741/4384 844/4385 742/4386
f 742/4387 844/4388 845/4389
f 742/4390 845/4391 743/4392
f 743/4393 845/4394 846/4395
f 743/4396 846/4397 744/4398
f 744/4399 846/4400 847/4401
f 744/4402 847/4403 745/4404
f 745/4405 847/4406 848/4407
f 745/4408 848/4409 746/4410
f 746/4411 848/4412 849/4413
f 746/4414 849/4415 747/4416
f 747/4417 849/4418 850/4419
f 747/4420 850/4421 748/4422
f 748/4423 850/4424 851/4425
f 748/4426 851/4427 749/4428
f 749/4429 851/4430 852/4431
f 749/4432 852/4433 750/4434
f 750/4435 852/4436 853/4437
f 750/4438 853/4439 751/4440
f 751/4441 853/4442 853/4443
f 751/4444 853/4445 752/4446
f 752/4447 853/4448 854/4449
f 752/4450 854/4451 753/4452
f 753/4453 854/4454 755/4455
f 753/4456 755/4457 754/4458
f 755/4459 854/4460 756/4461
f 756/4462 854/4463 855/4464
f 756/4465 855/4466 757/4467
f 757/4468 855/4469 856/4470
f 757/4471 856/4472 758/4473
f 758/4474 856/4475 857/4476
f 758/4477 857/4478 759/4479
f 759/4480 857/4481 858/4482
f 759/4483 858/4484 760/4485
f 760/4486 858/4487 859/4488
f 760/4489 859/4490 761/4491
f 761/4492 859/4493 860/4494
f 761/4495 860/4496 762/4497
f 762/4498 860/4499 861/4500
f 762/4501 861/4502 763/4503
f 763/4504 861/4505 862/4506
f 763/4507 862/4508 764/4509
f 764/4510 862/4511 863/4512
f 764/4513 863/4514 765/4515
f 765/4516 863/4517 864/4518
f 765/4519 864/4520 766/4521
f 766/4522 864/4523 865/4524
f 766/4525 865/4526 767/4527
f 767/4528 865/4529 866/4530
f 767/4531 866/4532 768/4533
f 768/4534 866/4535 867/4536
f 768/4537 867/4538 769/4539
f 769/4540 867/4541 868/4542
f 769/4543 868/4544 770/4545
f 770/4546 868/4547 869/4548
f 770/4549 869/4550 771/4551
f 771/4552 869/4553 870/4554
f 771/4555 870/4556 772/4557
f 772/4558 870/4559 871/4560
f 772/4561 871/4562 773/4563
f 773/4564 871/4565 872/4566
f 773/4567 872/4568 774/4569
f 774/4570 872/4571 873/4572
f 774/4573 873/4574 775/4575
f 775/4576 873/4577 874/4578
f 775/4579 874/4580 776/4581
f 776/4582 874/4583 875/4584
f 776/4585 875/4586 777/4587
f 777/4588 875/4589 876/4590
f 777/4591 876/4592 778/4593
f 778/4594 876/4595 877/4596
f 778/4597 877/4598 779/4599
f 779/4600 877/4601 878/4602
f 779/4603 878/4604 780/4605
f 780/4606 878/4607 879/4608
f 780/4609 879/4610 781/4611
f 781/4612 879/4613 880/4614
f 781/4615 880/4616 782/4617
f 782/4618 880/4619 881/4620
f 782/4621 881/4622 783/4623
f 783/4624 881/4625 882/4626
f 783/4627 882/4628 784/4629
f 784/4630 882/4631 883/4632
f 784/4633 883/4634 785/4635
f 785/4636 883/4637 884/4638
f 785/4639 884/4640 786/4641
f 786/4642 884/4643 885/4644
f 786/4645 885/4646 787/4647
f 787/4648 885/4649 886/4650
f 787/4651 886/4652 788/4653
f 788/4654 886/4655 887/4656
f 788/4657 887/4658 789/4659
f 789/4660 887/4661 888/4662
f 789/4663 888/4664 790/4665
f 790/4666 888/4667 889/4668
f 790/4669 889/4670 791/4671
f 791/4672 889/4673 890/4674
f 791/4675 890/4676 792/4677
f 792/4678 890/4679 891/4680
f 792/4681 891/4682 793/4683
f 793/4684 891/4685 892/4686
f 793/4687 892/4688 794/4689
f 794/4690 892/4691 893/4692
f 794/4693 893/4694 795/4695
f 795/4696 893/4697 894/4698
f 795/4699 894/4700 796/4701
f 796/4702 894/4703 895/4704
f 796/4705 895/4706 797/4707
f 797/4708 895/4709 896/4710
f 797/4711 896/4712 798/4713
f 798/4714 896/4715 897/4716
f 798/4717 897/4718 799/4719
f 799/4720 897/4721 898/4722
f 799/4723 898/4724 800/4725
f 800/4726 898/4727 899/4728
f 800/4729 899/4730 801/4731
f 801/4732 899/4733 900/4734
f 801/4735 900/4736 802/4737
f 802/4738 900/4739 901/4740
f 802/4741 901/4742 803/4743
f 803/4744 901/4745 901/4746
f 803/4747 901/4748 804/4749
f 804/4750 901/4751 806/4752
f 804/4753 806/4754 805/4755
f 806/4756 901/4757 807/4758
f 807/4759 901/4760 900/4761
f 807/4762 900/4763 808/4764
f 808/4765 900/4766 899/4767
f 808/4768 899/4769 809/4770
f 809/4771 899/4772 898/4773
f 809/4774 898/4775 810/4776
f 810/4777 898/4778 897/4779
f 810/4780 897/4781 811/4782
f 811/4783 897/4784 896/4785
f 811/4786 896/4787 812/4788
f 812/4789 896/4790 895/4791
f 812/4792 895/4793 813/4794
f 813/4795 895/4796 894/4797
f 813/4798 894/4799 814/4800
f 814/4801 894/4802 893/4803
f 814/4804 893/4805 815/4806
f 815/4807 893/4808 892/4809
f 815/4810 892/4811 816/4812
f 816/4813 892/4814 891/4815
f 816/4816 891/4817 817/4818
f 817/4819 891/4820 890/4821
f 817/4822 890/4823 818/4824
f 818/4825 890/4826 889/4827
f 818/4828 889/4829 819/4830
f 819/4831 889/4832 888/4833
f 819/4834 888/4835 820/4836
f 820/4837 888/4838 887/4839
f 820/4840 887/4841 821/4842
f 821/4843 887/4844 886/4845
f 821/4846 886/4847 822/4848
f 822/4849 886/4850 885/4851
f 822/4852 885/4853 823/4854
f 823/4855 885/4856 884/4857
f 823/4858 884/4859 824/4860
f 824/4861 884/4862 883/4863
f 824/4864 883/4865 825/4866
f 825/4867 883/4868 882/4869
f 825/4870 882/4871 826/4872
f 826/4873 882/4874 881/4875
f 826/4876 881/4877 827/4878
f 827/4879 881/4880 880/4881
f 827/4882 880/4883 828/4884
f 828/4885 880/4886 879/4887
f 828/4888 879/4889 829/4890
f 829/4891 879/4892 878/4893
f 829/4894 878/4895 830/4896
f 830/4897 878/4898 877/4899
f 830/4900 877/4901 831/4902
f 831/4903 877/4904 876/4905
f 831/4906 876/4907 832/4908
f 832/4909 876/4910 875/4911
f 832/4912 875/4913 833/4914
f 833/4915 875/4916 874/4917
f 833/4918 874/4919 834/4920
f 834/4921 874/4922 873/4923
f 834/4924 873/4925 835/4926
f 835/4927 873/4928 872/4929
f 835/4930 872/4931 836/4932
f 836/4933 872/4934 871/4935
f 836/4936 871/4937 837/4938
f 837/4939 871/4940 870/4941
f 837/4942 870/4943 838/4944
f 838/4945 870/4946 869/4947
f 838/4948 869/4949 839/4950
f 839/4951 869/4952 868/4953
f 839/4954 868/4955 840/4956
f 840/4957 868/4958 867/4959
f 840/4960 867/4961 841/4962
f 841/4963 867/4964 866/4965
f 841/4966 866/4967 842/4968
f 842/4969 866/4970 865/4971
f 842/4972 865/4973 843/4974
f 843/4975 865/4976 864/4977
f 843/4978 864/4979 844/4980
f 844/4981 864/4982 863/4983
f 844/4984 863/4985 845/4986
f 845/4987 863/4988 862/4989
f 845/4990 862/4991 846/4992
f 846/4993 862/4994 861/4995
f 846/4996 861/4997 847/4998
f 847/4999 861/5000 860/5001
f 847/5002 860/5003 848/5004
f 848/5005 860/5006 859/5007
f 848/5008 859/5009 849/5010
f 849/5011 859/5012 858/5013
f 849/5014 858/5015 850/5016
f 850/5017 858/5018 857/5019
f 850/5020 857/5021 851/5022
f 851/5023 857/5024 856/5025
f 851/5026 856/5027 852/5028
f 852/5029 856/5030 855/5031
f 852/5032 855/5033 853/5034
f 853/5035 855/5036 854/5037
f 1/5038 902/5039 903/5040
f 903/5041 902/5042 904/5043
f 903/5044 904/5045 905/5046
f 905/5047 904/5048 906/5049
f 905/5050 906/5051 907/5052
f 907/5053 906/5054 908/5055
f 907/5056 908/5057 909/5058
f 909/5059 908/5060 910/5061
f 909/5062 910/5063 911/5064
f 911/5065 910/5066 912/5067
f 911/5068 912/5069 913/5070
f 913/5071 912/5072 914/5073
f 913/5074 914/5075 915/5076
f 915/5077 914/5078 916/5079
f 915/5080 916/5081 917/5082
f 917/5083 916/5084 918/5085
f 917/5086 918/5087 919/5088
f 919/5089 918/5090 920/5091
f 919/5092 920/5093 921/5094
f 921/5095 920/5096 922/5097
f 921/5098 922/5099 923/5100
f 923/5101 922/5102 924/5103
f 923/5104 924/5105 925/5106
f 925/5107 924/5108 926/5109
f 925/5110 926/5111 927/5112
f 927/5113 926/5114 928/5115
f 927/5116 928/5117 929/5118
f 929/5119 928/5120 930/5121
f 929/5122 930/5123 931/5124
f 931/5125 930/5126 932/5127
f 931/5128 932/5129 933/5130
f 933/5131 932/5132 934/5133
f 933/5134 934/5135 935/5136
f 935/5137 934/5138 936/5139
f 935/5140 936/5141 937/5142
f 937/5143 936/5144 938/5145
f 937/5146 938/5147 939/5148
f 939/5149 938/5150 940/5151
f 939/5152 940/5153 941/5154
f 941/5155 940/5156 942/5157
f 941/5158 942/5159 943/5160
f 943/5161 942/5162 944/5163
f 943/5164 944/5165 945/5166
f 945/5167 944/5168 946/5169
f 945/5170 946/5171 947/5172
f 947/5173 946/5174 946/5175
f 947/5176 946/5177 948/5178
f 948/5179 946/5180 949/5181
f 948/5182 949/5183 950/5184
f 950/5185 949/5186 951/5187
f 950/5188 951/5189 952/5190
f 952/5191 951/5192 953/5193
f 952/5194 953/5195 954/5196
f 954/5197 953/5198 955/5199
f 954/5200 955/5201 956/5202
f 956/5203 955/5204 957/5205
f 956/5206 957/5207 958/5208
f 958/5209 957/5210 959/5211
f 958/5212 959/5213 960/5214
f 960/5215 959/5216 961/5217
f 960/5218 961/5219 962/5220
f 962/5221 961/5222 963/5223
f 962/5224 963/5225 964/5226
f 964/5227 963/5228 965/5229
f 964/5230 965/5231 966/5232
f 966/5233 965/5234 967/5235
f 966/5236 967/5237 968/5238
f 968/5239 967/5240 969/5241
f 968/5242 969/5243 970/5244
f 970/5245 969/5246 971/5247
f 970/5248 971/5249 972/5250
f 972/5251 971/5252 973/5253
f 972/5254 973/5255 974/5256
f 974/5257 973/5258 975/5259
f 974/5260 975/5261 976/5262
f 976/5263 975/5264 977/5265
f 976/5266 977/5267 978/5268
f 978/5269 977/5270 979/5271
f 978/5272 979/5273 980/5274
f 980/5275 979/5276 981/5277
f 980/5278 981/5279 982/5280
f 982/5281 981/5282 983/5283
f 982/5284 983/5285 984/5286
f 984/5287 983/5288 985/5289
f 984/5290 985/5291 986/5292
f 986/5293 985/5294 987/5295
f 986/5296 987/5297 988/5298
f 988/5299 987/5300 989/5301
f 988/5302 989/5303 990/5304
f 990/5305 989/5306 991/5307
f 990/5308 991/5309 992/5310
f 992/5311 991/5312 993/5313
f 992/5314 993/5315 994/5316
f 994/5317 993/5318 995/5319
f 994/5320 995/5321 996/5322
f 996/5323 995/5324 997/5325
f 996/5326 997/5327 998/5328
f 998/5329 997/5330 999/5331
f 998/5332 999/5333 1000/5334
f 1000/5335 999/5336 1001/5337
f 1000/5338 1001/5339 1002/5340
f 1002/5341 1001/5342 1003/5343
f 1002/5344 1003/5345 1004/5346
f 1004/5347 1003/5348 1005/5349
f 1004/5350 1005/5351 1006/5352
f 1006/5353 1005/5354 1007/5355
f 1006/5356 1007/5357 1008/5358
f 1008/5359 1007/5360 1009/5361
f 1008/5362 1009/5363 1010/5364
f 1010/5365 1009/5366 1011/5367
f 1010/5368 1011/5369 1012/5370
f 1012/5371 1011/5372 1013/5373
f 1012/5374 1013/5375 1014/5376
f 1014/5377 1013/5378 1015/5379
f 1014/5380 1015/5381 1016/5382
f 1016/5383 1015/5384 1017/5385
f 1016/5386 1017/5387 1018/5388
f 1018/5389 1017/5390 1019/5391
f 1018/5392 1019/5393 1020/5394
f 1020/5395 1019/5396 1021/5397
f 1020/5398 1021/5399 1022/5400
f 1022/5401 1021/5402 1023/5403
f 1022/5404 1023/5405 1024/5406
f 1024/5407 1023/5408 1025/5409
f 1024/5410 1025/5411 1026/5412
f 1026/5413 1025/5414 1027/5415
f 1026/5416 1027/5417 1028/5418
f 1028/5419 1027/5420 1029/5421
f 1028/5422 1029/5423 1030/5424
f 1030/5425 1029/5426 1031/5427
f 1030/5428 1031/5429 1032/5430
f 1032/5431 1031/5432 1033/5433
f 1032/5434 1033/5435 1034/5436
f 1034/5437 1033/5438 1035/5439
f 1034/5440 1035/5441 1036/5442
f 1036/5443 1035/5444 1037/5445
f 1036/5446 1037/5447 1038/5448
f 1038/5449 1037/5450 1039/5451
f 1038/5452 1039/5453 1040/5454
f 1040/5455 1039/5456 1041/5457
f 1040/5458 1041/5459 1042/5460
f 1042/5461 1041/5462 1043/5463
f 1042/5464 1043/5465 1044/5466
f 1044/5467 1043/5468 14/5469
f 1044/5470 14/5471 1044/5472
f 1044/5473 14/5474 16/5475
f 1044/5476 16/5477 1045/5478
f 1045/5479 16/5480 1046/5481
f 1045/5482 1046/5483 1045/5484
f 1045/5485 1046/5486 1047/5487
f 1045/5488 1047/5489 1045/5490
f 1045/5491 1047/5492 1048/5493
f 1045/5494 1048/5495 1045/5496
f 1045/5497 1048/5498 1049/5499
f 1045/5500 1049/5501 1045/5502
f 1045/5503 1049/5504 1050/5505
f 1045/5506 1050/5507 1045/5508
f 1045/5509 1050/5510 1051/5511
f 1045/5512 1051/5513 1045/5514
f 1045/5515 1051/5516 1052/5517
f 1045/5518 1052/5519 1045/5520
f 1045/5521 1052/5522 1053/5523
f 1045/5524 1053/5525 1045/5526
f 1045/5527 1053/5528 947/5529
f 1045/5530 947/5531 1045/5532
f 1045/5533 947/5534 948/5535
f 1045/5536 948/5537 1045/5538
f 1045/5539 948/5540 950/5541
f 1045/5542 950/5543 1045/5544
f 1045/5545 950/5546 952/5547
f 1045/5548 952/5549 1045/5550
f 1045/5551 952/5552 954/5553
f 1045/5554 954/5555 1045/5556
f 1045/5557 954/5558 956/5559
f 1045/5560 956/5561 1045/5562
f 1045/5563 956/5564 958/5565
f 1045/5566 958/5567 1045/5568
f 1045/5569 958/5570 960/5571
f 1045/5572 960/5573 1045/5574
f 1045/5575 960/5576 962/5577
f 1045/5578 962/5579 1045/5580
f 1045/5581 962/5582 964/5583
f 1045/5584 964/5585 1045/5586
f 1045/5587 964/5588 966/5589
f 1045/5590 966/5591 1045/5592
f 1045/5593 966/5594 968/5595
f 1045/5596 968/5597 1045/5598
f 1045/5599 968/5600 970/5601
f 1045/5602 970/5603 1045/5604
f 1045/5605 970/5606 972/5607
f 1045/5608 972/5609 1045/5610
f 1045/5611 972/5612 974/5613
f 1045/5614 974/5615 1045/5616
f 1045/5617 974/5618 976/5619
f 1045/5620 976/5621 1045/5622
f 1045/5623 976/5624 978/5625
f 1045/5626 978/5627 1045/5628
f 1045/5629 978/5630 980/5631
f 1045/5632 980/5633 1045/5634
f 1045/5635 980/5636 982/5637
f 1045/5638 982/5639 1045/5640
f 1045/5641 982/5642 984/5643
f 1045/5644 984/5645 1045/5646
f 1045/5647 984/5648 986/5649
f 1045/5650 986/5651 1045/5652
f 1045/5653 986/5654 988/5655
f 1045/5656 988/5657 1045/5658
f 1045/5659 988/5660 990/5661
f 1045/5662 990/5663 1045/5664
f 1045/5665 990/5666 992/5667
f 1045/5668 992/5669 1045/5670
f 1045/5671 992/5672 994/5673
f 1045/5674 994/5675 1045/5676
f 1045/5677 994/5678 996/5679
f 1045/5680 996/5681 1045/5682
f 1045/5683 996/5684 998/5685
f 1045/5686 998/5687 1045/5688
f 1045/5689 998/5690 1000/5691
f 1045/5692 1000/5693 1045/5694
f 1045/5695 1000/5696 1002/5697
f 1045/5698 1002/5699 1045/5700
f 1045/5701 1002/5702 1004/5703
f 1045/5704 1004/5705 1045/5706
f 1045/5707 1004/5708 1006/5709
f 1045/5710 1006/5711 1045/5712
f 1045/5713 1006/5714 1008/5715
f 1045/5716 1008/5717 1045/5718
f 1045/5719 1008/5720 1010/5721
f 1045/5722 1010/5723 1045/5724
f 1045/5725 1010/5726 1012/5727
f 1045/5728 1012/5729 1045/5730
f 1045/5731 1012/5732 1014/5733
f 1045/5734 1014/5735 1045/5736
f 1045/5737 1014/5738 1016/5739
f 1045/5740 1016/5741 1045/5742
f 1045/5743 1016/5744 1018/5745
f 1045/5746 1018/5747 1045/5748
f 1045/5749 1018/5750 1020/5751
f 1045/5752 1020/5753 1045/5754
f 1045/5755 1020/5756 1022/5757
f 1045/5758 1022/5759 1045/5760
f 1045/5761 1022/5762 1024/5763
f 1045/5764 1024/5765 1045/5766
f 1045/5767 1024/5768 1026/5769
f 1045/5770 1026/5771 1045/5772
f 1045/5773 1026/5774 1028/5775
f 1045/5776 1028/5777 1045/5778
f 1045/5779 1028/5780 1030/5781
f 1045/5782 1030/5783 1045/5784
f 1045/5785 1030/5786 1032/5787
f 1045/5788 1032/5789 1045/5790
f 1045/5791 1032/5792 1034/5793
f 1045/5794 1034/5795 1045/5796
f 1045/5797 1034/5798 1036/5799
f 1045/5800 1036/5801 1045/5802
f 1045/5803 1036/5804 1038/5805
f 1045/5806 1038/5807 1045/5808
f 1045/5809 1038/5810 1040/5811
f 1045/5812 1040/5813 1045/5814
f 1045/5815 1040/5816 1042/5817
f 1045/5818 1042/5819 1044/5820
f 14/5821 1043/5822 12/5823
f 12/5824 1043/5825 1054/5826
f 12/5827 1054/5828 10/5829
f 10/5830 1054/5831 1055/5832
f 10/5833 1055/5834 8/5835
f 8/5836 1055/5837 1056/5838
f 8/5839 1056/5840 6/5841
f 6/5842 1056/5843 1057/5844
f 6/5845 1057/5846 4/5847
f 4/5848 1057/5849 1058/5850
f 4/5851 1058/5852 3/5853
f 1043/5854 1041/5855 1054/5856
f 1054/5857 1041/5858 1059/5859
f 1054/5860 1059/5861 1055/5862
f 1055/5863 1059/5864 1060/5865
f 1055/5866 1060/5867 1056/5868
f 1056/5869 1060/5870 1061/5871
f 1056/5872 1061/5873 1057/5874
f 1057/5875 1061/5876 1062/5877
f 1057/5878 1062/5879 1058/5880
f 1058/5881 1062/5882 1063/5883
f 1058/5884 1063/5885 1064/5886
f 1064/5887 1063/5888 1065/5889
f 1064/5890 1065/5891 1066/5892
f 1066/5893 1065/5894 1067/5895
f 1066/5896 1067/5897 1068/5898
f 1068/5899 1067/5900 1069/5901
f 1068/5902 1069/5903 1070/5904
f 1070/5905 1069/5906 1071/5907
f 1070/5908 1071/5909 1072/5910
f 1072/5911 1071/5912 1073/5913
f 1072/5914 1073/5915 1074/5916
f 1074/5917 1073/5918 1075/5919
f 1074/5920 1075/5921 1076/5922
f 1076/5923 1075/5924 1077/5925
f 1076/5926 1077/5927 1078/5928
f 1078/5929 1077/5930 1079/5931
f 1078/5932 1079/5933 1080/5934
f 1080/5935 1079/5936 1081/5937
f 1080/5938 1081/5939 916/5940
f 916/5941 1081/5942 1082/5943
f 916/5944 1082/5945 1083/5946
f 1083/5947 1082/5948 1084/5949
f 1083/5950 1084/5951 1085/5952
f 1085/5953 1084/5954 1086/5955
f 1085/5956 1086/5957 1087/5958
f 1087/5959 1086/5960 1088/5961
f 1087/5962 1088/5963 1089/5964
f 1089/5965 1088/5966 1090/5967
f 1089/5968 1090/5969 1091/5970
f 1091/5971 1090/5972 1092/5973
f 1091/5974 1092/5975 1093/5976
f 1093/5977 1092/5978 1094/5979
f 1093/5980 1094/5981 1095/5982
f 1095/5983 1094/5984 1096/5985
f 1095/5986 1096/5987 1097/5988
f 1097/5989 1096/5990 1098/5991
f 1097/5992 1098/5993 1099/5994
f 1099/5995 1098/5996 1100/5997
f 1099/5998 1100/5999 1101/6000
f 1101/6001 1100/6002 1102/6003
f 1101/6004 1102/6005 1103/6006
f 1103/6007 1102/6008 1104/6009
f 1103/6010 1104/6011 1105/6012
f 1105/6013 1104/6014 1106/6015
f 1105/6016 1106/6017 1107/6018
f 1107/6019 1106/6020 1108/6021
f 1107/6022 1108/6023 1109/6024
f 1109/6025 1108/6026 1013/6027
f 1109/6028 1013/6029 1109/6030
f 1109/6031 1013/6032 1011/6033
f 1109/6034 1011/6035 1110/6036
f 1110/6037 1011/6038 1009/6039
f 1110/6040 1009/6041 1111/6042
f 1111/6043 1009/6044 1007/6045
f 1111/6046 1007/6047 1112/6048
f 1112/6049 1007/6050 1005/6051
f 1112/6052 1005/6053 1113/6054
f 1113/6055 1005/6056 1003/6057
f 1113/6058 1003/6059 1114/6060
f 1114/6061 1003/6062 1001/6063
f 1114/6064 1001/6065 1115/6066
f 1115/6067 1001/6068 999/6069
f 1115/6070 999/6071 1116/6072
f 1116/6073 999/6074 997/6075
f 1116/6076 997/6077 1117/6078
f 1117/6079 997/6080 995/6081
f 1117/6082 995/6083 1118/6084
f 1118/6085 995/6086 993/6087
f 1118/6088 993/6089 1119/6090
f 1119/6091 993/6092 991/6093
f 1119/6094 991/6095 1120/6096
f 1120/6097 991/6098 989/6099
f 1120/6100 989/6101 1121/6102
f 1121/6103 989/6104 987/6105
f 1121/6106 987/6107 1122/6108
f 1122/6109 987/6110 985/6111
f 1122/6112 985/6113 1123/6114
f 1123/6115 985/6116 983/6117
f 1123/6118 983/6119 1124/6120
f 1124/6121 983/6122 981/6123
f 1124/6124 981/6125 1125/6126
f 1125/6127 981/6128 979/6129
f 1125/6130 979/6131 1126/6132
f 1126/6133 979/6134 977/6135
f 1126/6136 977/6137 1127/6138
f 1127/6139 977/6140 975/6141
f 1127/6142 975/6143 1128/6144
f 1128/6145 975/6146 973/6147
f 1128/6148 973/6149 1129/6150
f 1129/6151 973/6152 971/6153
f 1129/6154 971/6155 1130/6156
f 1130/6157 971/6158 969/6159
f 1130/6160 969/6161 1131/6162
f 1131/6163 969/6164 967/6165
f 1131/6166 967/6167 1132/6168
f 1132/6169 967/6170 965/6171
f 1132/6172 965/6173 1133/6174
f 1133/6175 965/6176 963/6177
f 1133/6178 963/6179 1134/6180
f 1134/6181 963/6182 961/6183
f 1134/6184 961/6185 1135/6186
f 1135/6187 961/6188 959/6189
f 1135/6190 959/6191 1136/6192
f 1136/6193 959/6194 957/6195
f 1136/6196 957/6197 1137/6198
f 1137/6199 957/6200 955/6201
f 1137/6202 955/6203 1138/6204
f 1138/6205 955/6206 953/6207
f 1138/6208 953/6209 1139/6210
f 1139/6211 953/6212 951/6213
f 1139/6214 951/6215 1140/6216
f 1140/6217 951/6218 949/6219
f 1140/6220 949/6221 1141/6222
f 1141/6223 949/6224 946/6225
f 1141/6226 946/6227 1141/6228
f 1141/6229 946/6230 944/6231
f 1141/6232 944/6233 1142/6234
f 1142/6235 944/6236 942/6237
f 1142/6238 942/6239 1143/6240
f 1143/6241 942/6242 940/6243
f 1143/6244 940/6245 1144/6246
f 1144/6247 940/6248 938/6249
f 1144/6250 938/6251 1145/6252
f 1145/6253 938/6254 936/6255
f 1145/6256 936/6257 1146/6258
f 1146/6259 936/6260 1147/6261
f 1146/6262 1147/6263 1148/6264
f 1148/6265 1147/6266 1149/6267
f 1148/6268 1149/6269 1150/6270
f 1150/6271 1149/6272 930/6273
f 1150/6274 930/6275 1151/6276
f 1151/6277 930/6278 928/6279
f 1151/6280 928/6281 1152/6282
f 1152/6283 928/6284 926/6285
f 1152/6286 926/6287 1153/6288
f 1153/6289 926/6290 924/6291
f 1153/6292 924/6293 1154/6294
f 1154/6295 924/6296 922/6297
f 1154/6298 922/6299 1155/6300
f 1155/6301 922/6302 920/6303
f 1155/6304 920/6305 1156/6306
f 1156/6307 920/6308 918/6309
f 1156/6310 918/6311 1156/6312
f 1156/6313 918/6314 916/6315
f 1156/6316 916/6317 1157/6318
f 1157/6319 916/6320 1158/6321
f 1157/6322 1158/6323 1159/6324
f 1159/6325 1158/6326 1160/6327
f 1159/6328 1160/6329 1161/6330
f 1161/6331 1160/6332 1162/6333
f 1161/6334 1162/6335 1163/6336
f 1163/6337 1162/6338 1164/6339
f 1163/6340 1164/6341 1165/6342
f 1165/6343 1164/6344 1166/6345
f 1165/6346 1166/6347 1167/6348
f 1167/6349 1166/6350 1168/6351
f 1167/6352 1168/6353 1169/6354
f 1169/6355 1168/6356 1170/6357
f 1169/6358 1170/6359 1171/6360
f 1171/6361 1170/6362 1172/6363
f 1171/6364 1172/6365 1173/6366
f 1173/6367 1172/6368 1174/6369
f 1173/6370 1174/6371 1175/6372
f 1175/6373 1174/6374 1176/6375
f 1175/6376 1176/6377 1177/6378
f 1177/6379 1176/6380 1178/6381
f 1177/6382 1178/6383 1179/6384
f 1179/6385 1178/6386 1180/6387
f 1179/6388 1180/6389 1181/6390
f 1181/6391 1180/6392 1182/6393
f 1181/6394 1182/6395 1140/6396
f 1140/6397 1182/6398 1182/6399
f 1140/6400 1182/6401 1139/6402
f 1139/6403 1182/6404 1183/6405
f 1139/6406 1183/6407 1138/6408
f 1138/6409 1183/6410 1184/6411
f 1138/6412 1184/6413 1137/6414
f 1137/6415 1184/6416 1185/6417
f 1137/6418 1185/6419 1136/6420
f 1136/6421 1185/6422 1186/6423
f 1136/6424 1186/6425 1135/6426
f 1135/6427 1186/6428 1187/6429
f 1135/6430 1187/6431 1134/6432
f 1134/6433 1187/6434 1188/6435
f 1134/6436 1188/6437 1133/6438
f 1133/6439 1188/6440 1189/6441
f 1133/6442 1189/6443 1132/6444
f 1132/6445 1189/6446 1190/6447
f 1132/6448 1190/6449 1131/6450
f 1131/6451 1190/6452 1191/6453
f 1131/6454 1191/6455 1130/6456
f 1130/6457 1191/6458 1192/6459
f 1130/6460 1192/6461 1129/6462
f 1129/6463 1192/6464 1193/6465
f 1129/6466 1193/6467 1128/6468
f 1128/6469 1193/6470 1194/6471
f 1128/6472 1194/6473 1127/6474
f 1127/6475 1194/6476 1195/6477
f 1127/6478 1195/6479 1126/6480
f 1126/6481 1195/6482 1196/6483
f 1126/6484 1196/6485 1125/6486
f 1125/6487 1196/6488 1197/6489
f 1125/6490 1197/6491 1124/6492
f 1124/6493 1197/6494 1198/6495
f 1124/6496 1198/6497 1123/6498
f 1123/6499 1198/6500 1199/6501
f 1123/6502 1199/6503 1122/6504
f 1122/6505 1199/6506 1200/6507
f 1122/6508 1200/6509 1121/6510
f 1121/6511 1200/6512 1201/6513
f 1121/6514 1201/6515 1120/6516
f 1120/6517 1201/6518 1202/6519
f 1120/6520 1202/6521 1119/6522
f 1119/6523 1202/6524 1203/6525
f 1119/6526 1203/6527 1118/6528
f 1118/6529 1203/6530 1204/6531
f 1118/6532 1204/6533 1117/6534
f 1117/6535 1204/6536 1205/6537
f 1117/6538 1205/6539 1116/6540
f 1116/6541 1205/6542 1206/6543
f 1116/6544 1206/6545 1115/6546
f 1115/6547 1206/6548 1207/6549
f 1115/6550 1207/6551 1114/6552
f 1114/6553 1207/6554 1208/6555
f 1114/6556 1208/6557 1113/6558
f 1113/6559 1208/6560 1209/6561
f 1113/6562 1209/6563 1112/6564
f 1112/6565 1209/6566 1210/6567
f 1112/6568 1210/6569 1111/6570
f 1111/6571 1210/6572 1211/6573
f 1111/6574 1211/6575 1110/6576
f 1110/6577 1211/6578 1212/6579
f 1110/6580 1212/6581 1109/6582
f 1109/6583 1212/6584 1212/6585
f 1109/6586 1212/6587 1107/6588
f 1107/6589 1212/6590 1213/6591
f 1107/6592 1213/6593 1105/6594
f 1105/6595 1213/6596 1214/6597
f 1105/6598 1214/6599 1103/6600
f 1103/6601 1214/6602 1215/6603
f 1103/6604 1215/6605 1101/6606
f 1101/6607 1215/6608 1216/6609
f 1101/6610 1216/6611 1217/6612
f 1217/6613 1216/6614 1218/6615
f 1217/6616 1218/6617 1219/6618
f 1219/6619 1218/6620 1220/6621
f 1219/6622 1220/6623 1097/6624
f 1097/6625 1220/6626 1220/6627
f 1097/6628 1220/6629 1095/6630
f 1095/6631 1220/6632 1221/6633
f 1095/6634 1221/6635 1093/6636
f 1093/6637 1221/6638 1222/6639
f 1093/6640 1222/6641 1091/6642
f 1091/6643 1222/6644 1223/6645
f 1091/6646 1223/6647 1089/6648
f 1089/6649 1223/6650 1224/6651
f 1089/6652 1224/6653 1087/6654
f 1087/6655 1224/6656 1225/6657
f 1087/6658 1225/6659 1085/6660
f 1085/6661 1225/6662 1226/6663
f 1085/6664 1226/6665 1083/6666
f 1083/6667 1226/6668 1226/6669
f 1083/6670 1226/6671 916/6672
f 916/6673 1226/6674 1227/6675
f 916/6676 1227/6677 1228/6678
f 1228/6679 1227/6680 1229/6681
f 1228/6682 1229/6683 1230/6684
f 1230/6685 1229/6686 1231/6687
f 1230/6688 1231/6689 1232/6690
f 1232/6691 1231/6692 1233/6693
f 1232/6694 1233/6695 1234/6696
f 1234/6697 1233/6698 1235/6699
f 1234/6700 1235/6701 1236/6702
f 1236/6703 1235/6704 1237/6705
f 1236/6706 1237/6707 1238/6708
f 1238/6709 1237/6710 1239/6711
f 1238/6712 1239/6713 1240/6714
f 1240/6715 1239/6716 1241/6717
f 1240/6718 1241/6719 1242/6720
f 1242/6721 1241/6722 1243/6723
f 1242/6724 1243/6725 1244/6726
f 1244/6727 1243/6728 1245/6729
f 1244/6730 1245/6731 1246/6732
f 1246/6733 1245/6734 1247/6735
f 1246/6736 1247/6737 1248/6738
f 1248/6739 1247/6740 1249/6741
f 1248/6742 1249/6743 1250/6744
f 1250/6745 1249/6746 1211/6747
f 1250/6748 1211/6749 1250/6750
f 1250/6751 1211/6752 1210/6753
f 1250/6754 1210/6755 1251/6756
f 1251/6757 1210/6758 1209/6759
f 1251/6760 1209/6761 1252/6762
f 1252/6763 1209/6764 1208/6765
f 1252/6766 1208/6767 1253/6768
f 1253/6769 1208/6770 1207/6771
f 1253/6772 1207/6773 1254/6774
f 1254/6775 1207/6776 1206/6777
f 1254/6778 1206/6779 1255/6780
f 1255/6781 1206/6782 1205/6783
f 1255/6784 1205/6785 1256/6786
f 1256/6787 1205/6788 1204/6789
f 1256/6790 1204/6791 1257/6792
f 1257/6793 1204/6794 1203/6795
f 1257/6796 1203/6797 1258/6798
f 1258/6799 1203/6800 1202/6801
f 1258/6802 1202/6803 1259/6804
f 1259/6805 1202/6806 1201/6807
f 1259/6808 1201/6809 1260/6810
f 1260/6811 1201/6812 1200/6813
f 1260/6814 1200/6815 1261/6816
f 1261/6817 1200/6818 1199/6819
f 1261/6820 1199/6821 1262/6822
f 1262/6823 1199/6824 1198/6825
f 1262/6826 1198/6827 1263/6828
f 1263/6829 1198/6830 1197/6831
f 1263/6832 1197/6833 1264/6834
f 1264/6835 1197/6836 1196/6837
f 1264/6838 1196/6839 1265/6840
f 1265/6841 1196/6842 1195/6843
f 1265/6844 1195/6845 1266/6846
f 1266/6847 1195/6848 1194/6849
f 1266/6850 1194/6851 1267/6852
f 1267/6853 1194/6854 1193/6855
f 1267/6856 1193/6857 1268/6858
f 1268/6859 1193/6860 1192/6861
f 1268/6862 1192/6863 1269/6864
f 1269/6865 1192/6866 1191/6867
f 1269/6868 1191/6869 1270/6870
f 1270/6871 1191/6872 1190/6873
f 1270/6874 1190/6875 1271/6876
f 1271/6877 1190/6878 1189/6879
f 1271/6880 1189/6881 1272/6882
f 1272/6883 1189/6884 1188/6885
f 1272/6886 1188/6887 1273/6888
f 1273/6889 1188/6890 1187/6891
f 1273/6892 1187/6893 1274/6894
f 1274/6895 1187/6896 1186/6897
f 1274/6898 1186/6899 1275/6900
f 1275/6901 1186/6902 1185/6903
f 1275/6904 1185/6905 1276/6906
f 1276/6907 1185/6908 1184/6909
f 1276/6910 1184/6911 1277/6912
f 1277/6913 1184/6914 1183/6915
f 1277/6916 1183/6917 1278/6918
f 1278/6919 1183/6920 1182/6921
f 1278/6922 1182/6923 1278/6924
f 1278/6925 1182/6926 1180/6927
f 1278/6928 1180/6929 1279/6930
f 1279/6931 1180/6932 1178/6933
f 1279/6934 1178/6935 1280/6936
f 1280/6937 1178/6938 1176/6939
f 1280/6940 1176/6941 1281/6942
f 1281/6943 1176/6944 1282/6945
f 1281/6946 1282/6947 1283/6948
f 1283/6949 1282/6950 1284/6951
f 1283/6952 1284/6953 1285/6954
f 1285/6955 1284/6956 1170/6957
f 1285/6958 1170/6959 1286/6960
f 1286/6961 1170/6962 1168/6963
f 1286/6964 1168/6965 1287/6966
f 1287/6967 1168/6968 1166/6969
f 1287/6970 1166/6971 1288/6972
f 1288/6973 1166/6974 1164/6975
f 1288/6976 1164/6977 1289/6978
f 1289/6979 1164/6980 1162/6981
f 1289/6982 1162/6983 1290/6984
f 1290/6985 1162/6986 1160/6987
f 1290/6988 1160/6989 1291/6990
f 1291/6991 1160/6992 1158/6993
f 1291/6994 1158/6995 1291/6996
f 1291/6997 1158/6998 916/6999
f 1291/7000 916/7001 1292/7002
f 1292/7003 916/7004 1293/7005
f 1292/7006 1293/7007 1294/7008
f 1294/7009 1293/7010 1295/7011
f 1294/7012 1295/7013 1296/7014
f 1296/7015 1295/7016 1297/7017
f 1296/7018 1297/7019 1298/7020
f 1298/7021 1297/7022 1299/7023
f 1298/7024 1299/7025 1300/7026
f 1300/7027 1299/7028 1301/7029
f 1300/7030 1301/7031 1302/7032
f 1302/7033 1301/7034 1303/7035
f 1302/7036 1303/7037 1304/7038
f 1304/7039 1303/7040 1305/7041
f 1304/7042 1305/7043 1306/7044
f 1306/7045 1305/7046 1307/7047
f 1306/7048 1307/7049 1308/7050
f 1308/7051 1307/7052 1309/7053
f 1308/7054 1309/7055 1310/7056
f 1310/7057 1309/7058 1311/7059
f 1310/7060 1311/7061 1312/7062
f 1312/7063 1311/7064 1313/7065
f 1312/7066 1313/7067 1277/7068
f 1277/7069 1313/7070 1313/7071
f 1277/7072 1313/7073 1276/7074
f 1276/7075 1313/7076 1314/7077
f 1276/7078 1314/7079 1275/7080
f 1275/7081 1314/7082 1315/7083
f 1275/7084 1315/7085 1274/7086
f 1274/7087 1315/7088 1316/7089
f 1274/7090 1316/7091 1273/7092
f 1273/7093 1316/7094 1317/7095
f 1273/7096 1317/7097 1272/7098
f 1272/7099 1317/7100 1318/7101
f 1272/7102 1318/7103 1271/7104
f 1271/7105 1318/7106 1319/7107
f 1271/7108 1319/7109 1270/7110
f 1270/7111 1319/7112 1320/7113
f 1270/7114 1320/7115 1269/7116
f 1269/7117 1320/7118 1321/7119
f 1269/7120 1321/7121 1268/7122
f 1268/7123 1321/7124 1322/7125
f 1268/7126 1322/7127 1267/7128
f 1267/7129 1322/7130 1323/7131
f 1267/7132 1323/7133 1266/7134
f 1266/7135 1323/7136 1324/7137
f 1266/7138 1324/7139 1265/7140
f 1265/7141 1324/7142 1325/7143
f 1265/7144 1325/7145 1264/7146
f 1264/7147 1325/7148 1326/7149
f 1264/7150 1326/7151 1263/7152
f 1263/7153 1326/7154 1327/7155
f 1263/7156 1327/7157 1262/7158
f 1262/7159 1327/7160 1328/7161
f 1262/7162 1328/7163 1261/7164
f 1261/7165 1328/7166 1329/7167
f 1261/7168 1329/7169 1260/7170
f 1260/7171 1329/7172 1330/7173
f 1260/7174 1330/7175 1259/7176
f 1259/7177 1330/7178 1331/7179
f 1259/7180 1331/7181 1258/7182
f 1258/7183 1331/7184 1332/7185
f 1258/7186 1332/7187 1257/7188
f 1257/7189 1332/7190 1333/7191
f 1257/7192 1333/7193 1256/7194
f 1256/7195 1333/7196 1334/7197
f 1256/7198 1334/7199 1255/7200
f 1255/7201 1334/7202 1335/7203
f 1255/7204 1335/7205 1254/7206
f 1254/7207 1335/7208 1336/7209
f 1254/7210 1336/7211 1253/7212
f 1253/7213 1336/7214 1337/7215
f 1253/7216 1337/7217 1252/7218
f 1252/7219 1337/7220 1338/7221
f 1252/7222 1338/7223 1251/7224
f 1251/7225 1338/7226 1339/7227
f 1251/7228 1339/7229 1250/7230
f 1250/7231 1339/7232 1339/7233
f 1250/7234 1339/7235 1248/7236
f 1248/7237 1339/7238 1340/7239
f 1248/7240 1340/7241 1246/7242
f 1246/7243 1340/7244 1341/7245
f 1246/7246 1341/7247 1342/7248
f 1342/7249 1341/7250 1343/7251
f 1342/7252 1343/7253 1344/7254
f 1344/7255 1343/7256 1345/7257
f 1344/7258 1345/7259 1242/7260
f 1242/7261 1345/7262 1345/7263
f 1242/7264 1345/7265 1240/7266
f 1240/7267 1345/7268 1346/7269
f 1240/7270 1346/7271 1238/7272
f 1238/7273 1346/7274 1347/7275
f 1238/7276 1347/7277 1236/7278
f 1236/7279 1347/7280 1348/7281
f 1236/7282 1348/7283 1234/7284
f 1234/7285 1348/7286 1349/7287
f 1234/7288 1349/7289 1232/7290
f 1232/7291 1349/7292 1350/7293
f 1232/7294 1350/7295 1230/7296
f 1230/7297 1350/7298 1351/7299
f 1230/7300 1351/7301 1228/7302
f 1228/7303 1351/7304 1351/7305
f 1228/7306 1351/7307 916/7308
f 916/7309 1351/7310 1352/7311
f 916/7312 1352/7313 1353/7314
f 1353/7315 1352/7316 1354/7317
f 1353/7318 1354/7319 1355/7320
f 1355/7321 1354/7322 1356/7323
f 1355/7324 1356/7325 1357/7326
f 1357/7327 1356/7328 1358/7329
f 1357/7330 1358/7331 1359/7332
f 1359/7333 1358/7334 1360/7335
f 1359/7336 1360/7337 1361/7338
f 1361/7339 1360/7340 1362/7341
f 1361/7342 1362/7343 1363/7344
f 1363/7345 1362/7346 1364/7347
f 1363/7348 1364/7349 1365/7350
f 1365/7351 1364/7352 1366/7353
f 1365/7354 1366/7355 1367/7356
f 1367/7357 1366/7358 1368/7359
f 1367/7360 1368/7361 1369/7362
f 1369/7363 1368/7364 1370/7365
f 1369/7366 1370/7367 1371/7368
f 1371/7369 1370/7370 1338/7371
f 1371/7372 1338/7373 1371/7374
f 1371/7375 1338/7376 1337/7377
f 1371/7378 1337/7379 1372/7380
f 1372/7381 1337/7382 1336/7383
f 1372/7384 1336/7385 1373/7386
f 1373/7387 1336/7388 1335/7389
f 1373/7390 1335/7391 1374/7392
f 1374/7393 1335/7394 1334/7395
f 1374/7396 1334/7397 1375/7398
f 1375/7399 1334/7400 1333/7401
f 1375/7402 1333/7403 1376/7404
f 1376/7405 1333/7406 1332/7407
f 1376/7408 1332/7409 1377/7410
f 1377/7411 1332/7412 1331/7413
f 1377/7414 1331/7415 1378/7416
f 1378/7417 1331/7418 1330/7419
f 1378/7420 1330/7421 1379/7422
f 1379/7423 1330/7424 1329/7425
f 1379/7426 1329/7427 1380/7428
f 1380/7429 1329/7430 1328/7431
f 1380/7432 1328/7433 1381/7434
f 1381/7435 1328/7436 1327/7437
f 1381/7438 1327/7439 1382/7440
f 1382/7441 1327/7442 1326/7443
f 1382/7444 1326/7445 1383/7446
f 1383/7447 1326/7448 1325/7449
f 1383/7450 1325/7451 1384/7452
f 1384/7453 1325/7454 1324/7455
f 1384/7456 1324/7457 1385/7458
f 1385/7459 1324/7460 1323/7461
f 1385/7462 1323/7463 1386/7464
f 1386/7465 1323/7466 1322/7467
f 1386/7468 1322/7469 1387/7470
f 1387/7471 1322/7472 1321/7473
f 1387/7474 1321/7475 1388/7476
f 1388/7477 1321/7478 1320/7479
f 1388/7480 1320/7481 1389/7482
f 1389/7483 1320/7484 1319/7485
f 1389/7486 1319/7487 1390/7488
f 1390/7489 1319/7490 1318/7491
f 1390/7492 1318/7493 1391/7494
f 1391/7495 1318/7496 1317/7497
f 1391/7498 1317/7499 1392/7500
f 1392/7501 1317/7502 1316/7503
f 1392/7504 1316/7505 1393/7506
f 1393/7507 1316/7508 1315/7509
f 1393/7510 1315/7511 1394/7512
f 1394/7513 1315/7514 1314/7515
f 1394/7516 1314/7517 1395/7518
f 1395/7519 1314/7520 1313/7521
f 1395/7522 1313/7523 1395/7524
f 1395/7525 1313/7526 1311/7527
f 1395/7528 1311/7529 1396/7530
f 1396/7531 1311/7532 1397/7533
f 1396/7534 1397/7535 1398/7536
f 1398/7537 1397/7538 1399/7539
f 1398/7540 1399/7541 1400/7542
f 1400/7543 1399/7544 1305/7545
f 1400/7546 1305/7547 1401/7548
f 1401/7549 1305/7550 1303/7551
f 1401/7552 1303/7553 1402/7554
f 1402/7555 1303/7556 1301/7557
f 1402/7558 1301/7559 1403/7560
f 1403/7561 1301/7562 1299/7563
f 1403/7564 1299/7565 1404/7566
f 1404/7567 1299/7568 1297/7569
f 1404/7570 1297/7571 1405/7572
f 1405/7573 1297/7574 1295/7575
f 1405/7576 1295/7577 1406/7578
f 1406/7579 1295/7580 1293/7581
f 1406/7582 1293/7583 1406/7584
f 1406/7585 1293/7586 916/7587
f 1406/7588 916/7589 1407/7590
f 1407/7591 916/7592 1408/7593
f 1407/7594 1408/7595 1409/7596
f 1409/7597 1408/7598 1410/7599
f 1409/7600 1410/7601 1411/7602
f 1411/7603 1410/7604 1412/7605
f 1411/7606 1412/7607 1413/7608
f 1413/7609 1412/7610 1414/7611
f 1413/7612 1414/7613 1415/7614
f 1415/7615 1414/7616 1416/7617
f 1415/7618 1416/7619 1417/7620
f 1417/7621 1416/7622 1418/7623
f 1417/7624 1418/7625 1419/7626
f 1419/7627 1418/7628 1420/7629
f 1419/7630 1420/7631 1421/7632
f 1421/7633 1420/7634 1422/7635
f 1421/7636 1422/7637 1423/7638
f 1423/7639 1422/7640 1424/7641
f 1423/7642 1424/7643 1394/7644
f 1394/7645 1424/7646 1424/7647
f 1394/7648 1424/7649 1393/7650
f 1393/7651 1424/7652 1425/7653
f 1393/7654 1425/7655 1426/7656
f 1426/7657 1425/7658 1427/7659
f 1426/7660 1427/7661 1428/7662
f 1428/7663 1427/7664 1429/7665
f 1428/7666 1429/7667 1430/7668
f 1430/7669 1429/7670 1431/7671
f 1430/7672 1431/7673 1432/7674
f 1432/7675 1431/7676 1433/7677
f 1432/7678 1433/7679 1434/7680
f 1434/7681 1433/7682 1435/7683
f 1434/7684 1435/7685 1436/7686
f 1436/7687 1435/7688 1437/7689
f 1436/7690 1437/7691 1438/7692
f 1438/7693 1437/7694 1439/7695
f 1438/7696 1439/7697 1440/7698
f 1440/7699 1439/7700 1441/7701
f 1440/7702 1441/7703 1442/7704
f 1442/7705 1441/7706 916/7707
f 1442/7708 916/7709 1443/7710
f 1443/7711 916/7712 1444/7713
f 1443/7714 1444/7715 1445/7716
f 1445/7717 1444/7718 1446/7719
f 1445/7720 1446/7721 1447/7722
f 1447/7723 1446/7724 1448/7725
f 1447/7726 1448/7727 1449/7728
f 1449/7729 1448/7730 1450/7731
f 1449/7732 1450/7733 1451/7734
f 1451/7735 1450/7736 1452/7737
f 1451/7738 1452/7739 1453/7740
f 1453/7741 1452/7742 1454/7743
f 1453/7744 1454/7745 1455/7746
f 1455/7747 1454/7748 1456/7749
f 1455/7750 1456/7751 1457/7752
f 1457/7753 1456/7754 1458/7755
f 1457/7756 1458/7757 1459/7758
f 1459/7759 1458/7760 1460/7761
f 1459/7762 1460/7763 1384/7764
f 1384/7765 1460/7766 1460/7767
f 1384/7768 1460/7769 1383/7770
f 1383/7771 1460/7772 1461/7773
f 1383/7774 1461/7775 1462/7776
f 1462/7777 1461/7778 1463/7779
f 1462/7780 1463/7781 1464/7782
f 1464/7783 1463/7784 1465/7785
f 1464/7786 1465/7787 1466/7788
f 1466/7789 1465/7790 1467/7791
f 1466/7792 1467/7793 1468/7794
f 1468/7795 1467/7796 1469/7797
f 1468/7798 1469/7799 1470/7800
f 1470/7801 1469/7802 1471/7803
f 1470/7804 1471/7805 1472/7806
f 1472/7807 1471/7808 1473/7809
f 1472/7810 1473/7811 1474/7812
f 1474/7813 1473/7814 1475/7815
f 1474/7816 1475/7817 1476/7818
f 1476/7819 1475/7820 1477/7821
f 1476/7822 1477/7823 1478/7824
f 1478/7825 1477/7826 916/7827
f 1478/7828 916/7829 1479/7830
f 1479/7831 916/7832 1480/7833
f 1479/7834 1480/7835 1481/7836
f 1481/7837 1480/7838 1482/7839
f 1481/7840 1482/7841 1483/7842
f 1483/7843 1482/7844 1484/7845
f 1483/7846 1484/7847 1485/7848
f 1485/7849 1484/7850 1486/7851
f 1485/7852 1486/7853 1487/7854
f 1487/7855 1486/7856 1488/7857
f 1487/7858 1488/7859 1489/7860
f 1489/7861 1488/7862 1490/7863
f 1489/7864 1490/7865 1491/7866
f 1491/7867 1490/7868 1492/7869
f 1491/7870 1492/7871 1493/7872
f 1493/7873 1492/7874 1494/7875
f 1493/7876 1494/7877 1495/7878
f 1495/7879 1494/7880 1496/7881
f 1495/7882 1496/7883 1374/7884
f 1374/7885 1496/7886 1496/7887
f 1374/7888 1496/7889 1373/7890
f 1373/7891 1496/7892 1497/7893
f 1373/7894 1497/7895 1372/7896
f 1372/7897 1497/7898 1498/7899
f 1372/7900 1498/7901 1499/7902
f 1499/7903 1498/7904 1500/7905
f 1499/7906 1500/7907 1501/7908
f 1501/7909 1500/7910 1502/7911
f 1501/7912 1502/7913 1503/7914
f 1503/7915 1502/7916 1504/7917
f 1503/7918 1504/7919 1505/7920
f 1505/7921 1504/7922 1506/7923
f 1505/7924 1506/7925 1507/7926
f 1507/7927 1506/7928 1508/7929
f 1507/7930 1508/7931 1509/7932
f 1509/7933 1508/7934 1510/7935
f 1509/7936 1510/7937 1511/7938
f 1511/7939 1510/7940 1512/7941
f 1511/7942 1512/7943 1513/7944
f 1513/7945 1512/7946 1514/7947
f 1513/7948 1514/7949 1515/7950
f 1515/7951 1514/7952 916/7953
f 1515/7954 916/7955 1515/7956
f 1515/7957 916/7958 1353/7959
f 1515/7960 1353/7961 1515/7962
f 1515/7963 1353/7964 1355/7965
f 1515/7966 1355/7967 1513/7968
f 1513/7969 1355/7970 1357/7971
f 1513/7972 1357/7973 1511/7974
f 1511/7975 1357/7976 1359/7977
f 1511/7978 1359/7979 1509/7980
f 1509/7981 1359/7982 1361/7983
f 1509/7984 1361/7985 1507/7986
f 1507/7987 1361/7988 1363/7989
f 1507/7990 1363/7991 1505/7992
f 1505/7993 1363/7994 1365/7995
f 1505/7996 1365/7997 1503/7998
f 1503/7999 1365/8000 1516/8001
f 1503/8002 1516/8003 1501/8004
f 1501/8005 1516/8006 1517/8007
f 1501/8008 1517/8009 1499/8010
f 1499/8011 1517/8012 1371/8013
f 1499/8014 1371/8015 1372/8016
f 1371/8017 1517/8018 1369/8019
f 1369/8020 1517/8021 1516/8022
f 1369/8023 1516/8024 1367/8025
f 1367/8026 1516/8027 1365/8028
f 1383/8029 1462/8030 1382/8031
f 1382/8032 1462/8033 1518/8034
f 1382/8035 1518/8036 1519/8037
f 1519/8038 1518/8039 1520/8040
f 1519/8041 1520/8042 1521/8043
f 1521/8044 1520/8045 1466/8046
f 1521/8047 1466/8048 1522/8049
f 1522/8050 1466/8051 1468/8052
f 1522/8053 1468/8054 1523/8055
f 1523/8056 1468/8057 1470/8058
f 1523/8059 1470/8060 1524/8061
f 1524/8062 1470/8063 1472/8064
f 1524/8065 1472/8066 1525/8067
f 1525/8068 1472/8069 1474/8070
f 1525/8071 1474/8072 1526/8073
f 1526/8074 1474/8075 1476/8076
f 1526/8077 1476/8078 1527/8079
f 1527/8080 1476/8081 1478/8082
f 1527/8083 1478/8084 1527/8085
f 1527/8086 1478/8087 1479/8088
f 1527/8089 1479/8090 1527/8091
f 1527/8092 1479/8093 1481/8094
f 1527/8095 1481/8096 1528/8097
f 1528/8098 1481/8099 1483/8100
f 1528/8101 1483/8102 1529/8103
f 1529/8104 1483/8105 1485/8106
f 1529/8107 1485/8108 1530/8109
f 1530/8110 1485/8111 1487/8112
f 1530/8113 1487/8114 1531/8115
f 1531/8116 1487/8117 1489/8118
f 1531/8119 1489/8120 1532/8121
f 1532/8122 1489/8123 1491/8124
f 1532/8125 1491/8126 1533/8127
f 1533/8128 1491/8129 1534/8130
f 1533/8131 1534/8132 1535/8133
f 1535/8134 1534/8135 1536/8136
f 1535/8137 1536/8138 1375/8139
f 1375/8140 1536/8141 1536/8142
f 1375/8143 1536/8144 1374/8145
f 1374/8146 1536/8147 1536/8148
f 1374/8149 1536/8150 1495/8151
f 1495/8152 1536/8153 1536/8154
f 1495/8155 1536/8156 1493/8157
f 1493/8158 1536/8159 1534/8160
f 1493/8161 1534/8162 1491/8163
f 1527/8164 1528/8165 1526/8166
f 1526/8167 1528/8168 1537/8169
f 1526/8170 1537/8171 1525/8172
f 1525/8173 1537/8174 1538/8175
f 1525/8176 1538/8177 1524/8178
f 1524/8179 1538/8180 1539/8181
f 1524/8182 1539/8183 1523/8184
f 1523/8185 1539/8186 1540/8187
f 1523/8188 1540/8189 1522/8190
f 1522/8191 1540/8192 1541/8193
f 1522/8194 1541/8195 1521/8196
f 1521/8197 1541/8198 1542/8199
f 1521/8200 1542/8201 1519/8202
f 1519/8203 1542/8204 1381/8205
f 1519/8206 1381/8207 1382/8208
f 1528/8209 1529/8210 1537/8211
f 1537/8212 1529/8213 1543/8214
f 1537/8215 1543/8216 1538/8217
f 1538/8218 1543/8219 1544/8220
f 1538/8221 1544/8222 1539/8223
f 1539/8224 1544/8225 1545/8226
f 1539/8227 1545/8228 1540/8229
f 1540/8230 1545/8231 1546/8232
f 1540/8233 1546/8234 1547/8235
f 1547/8236 1546/8237 1548/8238
f 1547/8239 1548/8240 1549/8241
f 1549/8242 1548/8243 1380/8244
f 1549/8245 1380/8246 1549/8247
f 1549/8248 1380/8249 1381/8250
f 1549/8251 1381/8252 1549/8253
f 1549/8254 1381/8255 1542/8256
f 1549/8257 1542/8258 1549/8259
f 1549/8260 1542/8261 1541/8262
f 1549/8263 1541/8264 1547/8265
f 1547/8266 1541/8267 1540/8268
f 1380/8269 1548/8270 1379/8271
f 1379/8272 1548/8273 1550/8274
f 1379/8275 1550/8276 1551/8277
f 1551/8278 1550/8279 1552/8280
f 1551/8281 1552/8282 1553/8283
f 1553/8284 1552/8285 1545/8286
f 1553/8287 1545/8288 1554/8289
f 1554/8290 1545/8291 1544/8292
f 1554/8293 1544/8294 1555/8295
f 1555/8296 1544/8297 1543/8298
f 1555/8299 1543/8300 1530/8301
f 1530/8302 1543/8303 1529/8304
f 1530/8305 1531/8306 1555/8307
f 1555/8308 1531/8309 1556/8310
f 1555/8311 1556/8312 1554/8313
f 1554/8314 1556/8315 1557/8316
f 1554/8317 1557/8318 1553/8319
f 1553/8320 1557/8321 1558/8322
f 1553/8323 1558/8324 1551/8325
f 1551/8326 1558/8327 1378/8328
f 1551/8329 1378/8330 1379/8331
f 1531/8332 1532/8333 1556/8334
f 1556/8335 1532/8336 1559/8337
f 1556/8338 1559/8339 1560/8340
f 1560/8341 1559/8342 1561/8343
f 1560/8344 1561/8345 1562/8346
f 1562/8347 1561/8348 1377/8349
f 1562/8350 1377/8351 1562/8352
f 1562/8353 1377/8354 1378/8355
f 1562/8356 1378/8357 1562/8358
f 1562/8359 1378/8360 1558/8361
f 1562/8362 1558/8363 1562/8364
f 1562/8365 1558/8366 1557/8367
f 1562/8368 1557/8369 1560/8370
f 1560/8371 1557/8372 1556/8373
f 1377/8374 1561/8375 1376/8376
f 1376/8377 1561/8378 1563/8379
f 1376/8380 1563/8381 1564/8382
f 1564/8383 1563/8384 1565/8385
f 1564/8386 1565/8387 1533/8388
f 1533/8389 1565/8390 1565/8391
f 1533/8392 1565/8393 1532/8394
f 1532/8395 1565/8396 1565/8397
f 1532/8398 1565/8399 1559/8400
f 1559/8401 1565/8402 1563/8403
f 1559/8404 1563/8405 1561/8406
f 1533/8407 1535/8408 1564/8409
f 1564/8410 1535/8411 1375/8412
f 1564/8413 1375/8414 1376/8415
f 1545/8416 1552/8417 1546/8418
f 1546/8419 1552/8420 1550/8421
f 1546/8422 1550/8423 1548/8424
f 1466/8425 1520/8426 1464/8427
f 1464/8428 1520/8429 1518/8430
f 1464/8431 1518/8432 1462/8433
f 1384/8434 1385/8435 1459/8436
f 1459/8437 1385/8438 1566/8439
f 1459/8440 1566/8441 1457/8442
f 1457/8443 1566/8444 1567/8445
f 1457/8446 1567/8447 1455/8448
f 1455/8449 1567/8450 1568/8451
f 1455/8452 1568/8453 1453/8454
f 1453/8455 1568/8456 1569/8457
f 1453/8458 1569/8459 1451/8460
f 1451/8461 1569/8462 1570/8463
f 1451/8464 1570/8465 1449/8466
f 1449/8467 1570/8468 1571/8469
f 1449/8470 1571/8471 1447/8472
f 1447/8473 1571/8474 1572/8475
f 1447/8476 1572/8477 1445/8478
f 1445/8479 1572/8480 1573/8481
f 1445/8482 1573/8483 1443/8484
f 1443/8485 1573/8486 1573/8487
f 1443/8488 1573/8489 1442/8490
f 1442/8491 1573/8492 1573/8493
f 1442/8494 1573/8495 1440/8496
f 1440/8497 1573/8498 1574/8499
f 1440/8500 1574/8501 1438/8502
f 1438/8503 1574/8504 1575/8505
f 1438/8506 1575/8507 1436/8508
f 1436/8509 1575/8510 1576/8511
f 1436/8512 1576/8513 1434/8514
f 1434/8515 1576/8516 1577/8517
f 1434/8518 1577/8519 1432/8520
f 1432/8521 1577/8522 1578/8523
f 1432/8524 1578/8525 1430/8526
f 1430/8527 1578/8528 1579/8529
f 1430/8530 1579/8531 1428/8532
f 1428/8533 1579/8534 1580/8535
f 1428/8536 1580/8537 1426/8538
f 1426/8539 1580/8540 1392/8541
f 1426/8542 1392/8543 1393/8544
f 1573/8545 1572/8546 1574/8547
f 1574/8548 1572/8549 1581/8550
f 1574/8551 1581/8552 1575/8553
f 1575/8554 1581/8555 1582/8556
f 1575/8557 1582/8558 1576/8559
f 1576/8560 1582/8561 1583/8562
f 1576/8563 1583/8564 1577/8565
f 1577/8566 1583/8567 1584/8568
f 1577/8569 1584/8570 1578/8571
f 1578/8572 1584/8573 1585/8574
f 1578/8575 1585/8576 1586/8577
f 1586/8578 1585/8579 1587/8580
f 1586/8581 1587/8582 1588/8583
f 1588/8584 1587/8585 1391/8586
f 1588/8587 1391/8588 1588/8589
f 1588/8590 1391/8591 1392/8592
f 1588/8593 1392/8594 1588/8595
f 1588/8596 1392/8597 1580/8598
f 1588/8599 1580/8600 1588/8601
f 1588/8602 1580/8603 1579/8604
f 1588/8605 1579/8606 1586/8607
f 1586/8608 1579/8609 1578/8610
f 1391/8611 1587/8612 1390/8613
f 1390/8614 1587/8615 1589/8616
f 1390/8617 1589/8618 1590/8619
f 1590/8620 1589/8621 1591/8622
f 1590/8623 1591/8624 1592/8625
f 1592/8626 1591/8627 1584/8628
f 1592/8629 1584/8630 1593/8631
f 1593/8632 1584/8633 1583/8634
f 1593/8635 1583/8636 1594/8637
f 1594/8638 1583/8639 1582/8640
f 1594/8641 1582/8642 1595/8643
f 1595/8644 1582/8645 1581/8646
f 1595/8647 1581/8648 1571/8649
f 1571/8650 1581/8651 1572/8652
f 1571/8653 1570/8654 1595/8655
f 1595/8656 1570/8657 1596/8658
f 1595/8659 1596/8660 1594/8661
f 1594/8662 1596/8663 1597/8664
f 1594/8665 1597/8666 1593/8667
f 1593/8668 1597/8669 1598/8670
f 1593/8671 1598/8672 1599/8673
f 1599/8674 1598/8675 1600/8676
f 1599/8677 1600/8678 1601/8679
f 1601/8680 1600/8681 1389/8682
f 1601/8683 1389/8684 1590/8685
f 1590/8686 1389/8687 1390/8688
f 1590/8689 1592/8690 1601/8691
f 1601/8692 1592/8693 1592/8694
f 1601/8695 1592/8696 1599/8697
f 1599/8698 1592/8699 1593/8700
f 1389/8701 1600/8702 1388/8703
f 1388/8704 1600/8705 1602/8706
f 1388/8707 1602/8708 1603/8709
f 1603/8710 1602/8711 1604/8712
f 1603/8713 1604/8714 1605/8715
f 1605/8716 1604/8717 1606/8718
f 1605/8719 1606/8720 1607/8721
f 1607/8722 1606/8723 1568/8724
f 1607/8725 1568/8726 1608/8727
f 1608/8728 1568/8729 1567/8730
f 1608/8731 1567/8732 1609/8733
f 1609/8734 1567/8735 1566/8736
f 1609/8737 1566/8738 1609/8739
f 1609/8740 1566/8741 1385/8742
f 1609/8743 1385/8744 1609/8745
f 1609/8746 1385/8747 1386/8748
f 1609/8749 1386/8750 1610/8751
f 1610/8752 1386/8753 1611/8754
f 1610/8755 1611/8756 1607/8757
f 1607/8758 1611/8759 1611/8760
f 1607/8761 1611/8762 1605/8763
f 1605/8764 1611/8765 1611/8766
f 1605/8767 1611/8768 1603/8769
f 1603/8770 1611/8771 1387/8772
f 1603/8773 1387/8774 1388/8775
f 1611/8776 1386/8777 1387/8778
f 1607/8779 1608/8780 1610/8781
f 1610/8782 1608/8783 1609/8784
f 1568/8785 1606/8786 1569/8787
f 1569/8788 1606/8789 1596/8790
f 1569/8791 1596/8792 1570/8793
f 1596/8794 1606/8795 1597/8796
f 1597/8797 1606/8798 1604/8799
f 1597/8800 1604/8801 1598/8802
f 1598/8803 1604/8804 1602/8805
f 1598/8806 1602/8807 1600/8808
f 1584/8809 1591/8810 1585/8811
f 1585/8812 1591/8813 1589/8814
f 1585/8815 1589/8816 1587/8817
f 1394/8818 1395/8819 1423/8820
f 1423/8821 1395/8822 1612/8823
f 1423/8824 1612/8825 1421/8826
f 1421/8827 1612/8828 1613/8829
f 1421/8830 1613/8831 1419/8832
f 1419/8833 1613/8834 1400/8835
f 1419/8836 1400/8837 1417/8838
f 1417/8839 1400/8840 1401/8841
f 1417/8842 1401/8843 1415/8844
f 1415/8845 1401/8846 1402/8847
f 1415/8848 1402/8849 1413/8850
f 1413/8851 1402/8852 1403/8853
f 1413/8854 1403/8855 1411/8856
f 1411/8857 1403/8858 1404/8859
f 1411/8860 1404/8861 1409/8862
f 1409/8863 1404/8864 1405/8865
f 1409/8866 1405/8867 1407/8868
f 1407/8869 1405/8870 1406/8871
f 1400/8872 1613/8873 1398/8874
f 1398/8875 1613/8876 1613/8877
f 1398/8878 1613/8879 1396/8880
f 1396/8881 1613/8882 1612/8883
f 1396/8884 1612/8885 1395/8886
f 1305/8887 1399/8888 1307/8889
f 1307/8890 1399/8891 1399/8892
f 1307/8893 1399/8894 1309/8895
f 1309/8896 1399/8897 1397/8898
f 1309/8899 1397/8900 1311/8901
f 1338/8902 1370/8903 1339/8904
f 1339/8905 1370/8906 1370/8907
f 1339/8908 1370/8909 1340/8910
f 1340/8911 1370/8912 1368/8913
f 1340/8914 1368/8915 1614/8916
f 1614/8917 1368/8918 1366/8919
f 1614/8920 1366/8921 1615/8922
f 1615/8923 1366/8924 1364/8925
f 1615/8926 1364/8927 1343/8928
f 1343/8929 1364/8930 1364/8931
f 1343/8932 1364/8933 1345/8934
f 1345/8935 1364/8936 1362/8937
f 1345/8938 1362/8939 1346/8940
f 1346/8941 1362/8942 1360/8943
f 1346/8944 1360/8945 1347/8946
f 1347/8947 1360/8948 1358/8949
f 1347/8950 1358/8951 1348/8952
f 1348/8953 1358/8954 1356/8955
f 1348/8956 1356/8957 1349/8958
f 1349/8959 1356/8960 1354/8961
f 1349/8962 1354/8963 1350/8964
f 1350/8965 1354/8966 1352/8967
f 1350/8968 1352/8969 1351/8970
f 1343/8971 1341/8972 1615/8973
f 1615/8974 1341/8975 1341/8976
f 1615/8977 1341/8978 1614/8979
f 1614/8980 1341/8981 1340/8982
f 1242/8983 1244/8984 1344/8985
f 1344/8986 1244/8987 1244/8988
f 1344/8989 1244/8990 1342/8991
f 1342/8992 1244/8993 1246/8994
f 1277/8995 1278/8996 1312/8997
f 1312/8998 1278/8999 1279/9000
f 1312/9001 1279/9002 1310/9003
f 1310/9004 1279/9005 1280/9006
f 1310/9007 1280/9008 1616/9009
f 1616/9010 1280/9011 1281/9012
f 1616/9013 1281/9014 1617/9015
f 1617/9016 1281/9017 1283/9018
f 1617/9019 1283/9020 1304/9021
f 1304/9022 1283/9023 1285/9024
f 1304/9025 1285/9026 1302/9027
f 1302/9028 1285/9029 1286/9030
f 1302/9031 1286/9032 1300/9033
f 1300/9034 1286/9035 1287/9036
f 1300/9037 1287/9038 1298/9039
f 1298/9040 1287/9041 1288/9042
f 1298/9043 1288/9044 1296/9045
f 1296/9046 1288/9047 1289/9048
f 1296/9049 1289/9050 1294/9051
f 1294/9052 1289/9053 1290/9054
f 1294/9055 1290/9056 1292/9057
f 1292/9058 1290/9059 1291/9060
f 1304/9061 1306/9062 1617/9063
f 1617/9064 1306/9065 1306/9066
f 1617/9067 1306/9068 1616/9069
f 1616/9070 1306/9071 1308/9072
f 1616/9073 1308/9074 1310/9075
f 1170/9076 1284/9077 1172/9078
f 1172/9079 1284/9080 1284/9081
f 1172/9082 1284/9083 1174/9084
f 1174/9085 1284/9086 1282/9087
f 1174/9088 1282/9089 1176/9090
f 1211/9091 1249/9092 1212/9093
f 1212/9094 1249/9095 1249/9096
f 1212/9097 1249/9098 1213/9099
f 1213/9100 1249/9101 1247/9102
f 1213/9103 1247/9104 1214/9105
f 1214/9106 1247/9107 1245/9108
f 1214/9109 1245/9110 1215/9111
f 1215/9112 1245/9113 1618/9114
f 1215/9115 1618/9116 1216/9117
f 1216/9118 1618/9119 1619/9120
f 1216/9121 1619/9122 1218/9123
f 1218/9124 1619/9125 1239/9126
f 1218/9127 1239/9128 1220/9129
f 1220/9130 1239/9131 1237/9132
f 1220/9133 1237/9134 1221/9135
f 1221/9136 1237/9137 1235/9138
f 1221/9139 1235/9140 1222/9141
f 1222/9142 1235/9143 1233/9144
f 1222/9145 1233/9146 1223/9147
f 1223/9148 1233/9149 1231/9150
f 1223/9151 1231/9152 1224/9153
f 1224/9154 1231/9155 1229/9156
f 1224/9157 1229/9158 1225/9159
f 1225/9160 1229/9161 1227/9162
f 1225/9163 1227/9164 1226/9165
f 1239/9166 1619/9167 1241/9168
f 1241/9169 1619/9170 1618/9171
f 1241/9172 1618/9173 1243/9174
f 1243/9175 1618/9176 1245/9177
f 1097/9178 1099/9179 1219/9180
f 1219/9181 1099/9182 1099/9183
f 1219/9184 1099/9185 1217/9186
f 1217/9187 1099/9188 1101/9189
f 1140/9190 1141/9191 1181/9192
f 1181/9193 1141/9194 1142/9195
f 1181/9196 1142/9197 1179/9198
f 1179/9199 1142/9200 1143/9201
f 1179/9202 1143/9203 1177/9204
f 1177/9205 1143/9206 1144/9207
f 1177/9208 1144/9209 1175/9210
f 1175/9211 1144/9212 1145/9213
f 1175/9214 1145/9215 1620/9216
f 1620/9217 1145/9218 1146/9219
f 1620/9220 1146/9221 1621/9222
f 1621/9223 1146/9224 1148/9225
f 1621/9226 1148/9227 1169/9228
f 1169/9229 1148/9230 1150/9231
f 1169/9232 1150/9233 1167/9234
f 1167/9235 1150/9236 1151/9237
f 1167/9238 1151/9239 1165/9240
f 1165/9241 1151/9242 1152/9243
f 1165/9244 1152/9245 1163/9246
f 1163/9247 1152/9248 1153/9249
f 1163/9250 1153/9251 1161/9252
f 1161/9253 1153/9254 1154/9255
f 1161/9256 1154/9257 1159/9258
f 1159/9259 1154/9260 1155/9261
f 1159/9262 1155/9263 1157/9264
f 1157/9265 1155/9266 1156/9267
f 1169/9268 1171/9269 1621/9270
f 1621/9271 1171/9272 1171/9273
f 1621/9274 1171/9275 1620/9276
f 1620/9277 1171/9278 1173/9279
f 1620/9280 1173/9281 1175/9282
f 930/9283 1149/9284 932/9285
f 932/9286 1149/9287 1149/9288
f 932/9289 1149/9290 934/9291
f 934/9292 1149/9293 1147/9294
f 934/9295 1147/9296 936/9297
f 1013/9298 1108/9299 1015/9300
f 1015/9301 1108/9302 1622/9303
f 1015/9304 1622/9305 1017/9306
f 1017/9307 1622/9308 1623/9309
f 1017/9310 1623/9311 1019/9312
f 1019/9313 1623/9314 1624/9315
f 1019/9316 1624/9317 1021/9318
f 1021/9319 1624/9320 1625/9321
f 1021/9322 1625/9323 1023/9324
f 1023/9325 1625/9326 1626/9327
f 1023/9328 1626/9329 1025/9330
f 1025/9331 1626/9332 1627/9333
f 1025/9334 1627/9335 1027/9336
f 1027/9337 1627/9338 1628/9339
f 1027/9340 1628/9341 1029/9342
f 1029/9343 1628/9344 1629/9345
f 1029/9346 1629/9347 1031/9348
f 1031/9349 1629/9350 1630/9351
f 1031/9352 1630/9353 1033/9354
f 1033/9355 1630/9356 1631/9357
f 1033/9358 1631/9359 1035/9360
f 1035/9361 1631/9362 1632/9363
f 1035/9364 1632/9365 1037/9366
f 1037/9367 1632/9368 1633/9369
f 1037/9370 1633/9371 1039/9372
f 1039/9373 1633/9374 1059/9375
f 1039/9376 1059/9377 1041/9378
f 1059/9379 1633/9380 1060/9381
f 1060/9382 1633/9383 1634/9384
f 1060/9385 1634/9386 1061/9387
f 1061/9388 1634/9389 1635/9390
f 1061/9391 1635/9392 1062/9393
f 1062/9394 1635/9395 1636/9396
f 1062/9397 1636/9398 1063/9399
f 1063/9400 1636/9401 1637/9402
f 1063/9403 1637/9404 1638/9405
f 1638/9406 1637/9407 1639/9408
f 1638/9409 1639/9410 1640/9411
f 1640/9412 1639/9413 1641/9414
f 1640/9415 1641/9416 1069/9417
f 1069/9418 1641/9419 1642/9420
f 1069/9421 1642/9422 1071/9423
f 1071/9424 1642/9425 1643/9426
f 1071/9427 1643/9428 1073/9429
f 1073/9430 1643/9431 1644/9432
f 1073/9433 1644/9434 1075/9435
f 1075/9436 1644/9437 1645/9438
f 1075/9439 1645/9440 1077/9441
f 1077/9442 1645/9443 1646/9444
f 1077/9445 1646/9446 1079/9447
f 1079/9448 1646/9449 1647/9450
f 1079/9451 1647/9452 1081/9453
f 1081/9454 1647/9455 1647/9456
f 1081/9457 1647/9458 1082/9459
f 1082/9460 1647/9461 1647/9462
f 1082/9463 1647/9464 1084/9465
f 1084/9466 1647/9467 1648/9468
f 1084/9469 1648/9470 1086/9471
f 1086/9472 1648/9473 1649/9474
f 1086/9475 1649/9476 1088/9477
f 1088/9478 1649/9479 1650/9480
f 1088/9481 1650/9482 1090/9483
f 1090/9484 1650/9485 1651/9486
f 1090/9487 1651/9488 1092/9489
f 1092/9490 1651/9491 1652/9492
f 1092/9493 1652/9494 1094/9495
f 1094/9496 1652/9497 1653/9498
f 1094/9499 1653/9500 1654/9501
f 1654/9502 1653/9503 1655/9504
f 1654/9505 1655/9506 1656/9507
f 1656/9508 1655/9509 1657/9510
f 1656/9511 1657/9512 1100/9513
f 1100/9514 1657/9515 1658/9516
f 1100/9517 1658/9518 1102/9519
f 1102/9520 1658/9521 1659/9522
f 1102/9523 1659/9524 1104/9525
f 1104/9526 1659/9527 1660/9528
f 1104/9529 1660/9530 1106/9531
f 1106/9532 1660/9533 1622/9534
f 1106/9535 1622/9536 1108/9537
f 1622/9538 1660/9539 1623/9540
f 1623/9541 1660/9542 1661/9543
f 1623/9544 1661/9545 1624/9546
f 1624/9547 1661/9548 1662/9549
f 1624/9550 1662/9551 1625/9552
f 1625/9553 1662/9554 1663/9555
f 1625/9556 1663/9557 1626/9558
f 1626/9559 1663/9560 1664/9561
f 1626/9562 1664/9563 1627/9564
f 1627/9565 1664/9566 1665/9567
f 1627/9568 1665/9569 1628/9570
f 1628/9571 1665/9572 1666/9573
f 1628/9574 1666/9575 1629/9576
f 1629/9577 1666/9578 1667/9579
f 1629/9580 1667/9581 1630/9582
f 1630/9583 1667/9584 1668/9585
f 1630/9586 1668/9587 1631/9588
f 1631/9589 1668/9590 1669/9591
f 1631/9592 1669/9593 1632/9594
f 1632/9595 1669/9596 1634/9597
f 1632/9598 1634/9599 1633/9600
f 1634/9601 1669/9602 1635/9603
f 1635/9604 1669/9605 1670/9606
f 1635/9607 1670/9608 1636/9609
f 1636/9610 1670/9611 1671/9612
f 1636/9613 1671/9614 1637/9615
f 1637/9616 1671/9617 1672/9618
f 1637/9619 1672/9620 1639/9621
f 1639/9622 1672/9623 1673/9624
f 1639/9625 1673/9626 1641/9627
f 1641/9628 1673/9629 1674/9630
f 1641/9631 1674/9632 1642/9633
f 1642/9634 1674/9635 1675/9636
f 1642/9637 1675/9638 1643/9639
f 1643/9640 1675/9641 1676/9642
f 1643/9643 1676/9644 1644/9645
f 1644/9646 1676/9647 1677/9648
f 1644/9649 1677/9650 1645/9651
f 1645/9652 1677/9653 1678/9654
f 1645/9655 1678/9656 1646/9657
f 1646/9658 1678/9659 1648/9660
f 1646/9661 1648/9662 1647/9663
f 1648/9664 1678/9665 1649/9666
f 1649/9667 1678/9668 1679/9669
f 1649/9670 1679/9671 1650/9672
f 1650/9673 1679/9674 1680/9675
f 1650/9676 1680/9677 1651/9678
f 1651/9679 1680/9680 1681/9681
f 1651/9682 1681/9683 1652/9684
f 1652/9685 1681/9686 1682/9687
f 1652/9688 1682/9689 1683/9690
f 1683/9691 1682/9692 1684/9693
f 1683/9694 1684/9695 1685/9696
f 1685/9697 1684/9698 1686/9699
f 1685/9700 1686/9701 1655/9702
f 1655/9703 1686/9704 1686/9705
f 1655/9706 1686/9707 1657/9708
f 1657/9709 1686/9710 1687/9711
f 1657/9712 1687/9713 1658/9714
f 1658/9715 1687/9716 1688/9717
f 1658/9718 1688/9719 1659/9720
f 1659/9721 1688/9722 1661/9723
f 1659/9724 1661/9725 1660/9726
f 1661/9727 1688/9728 1662/9729
f 1662/9730 1688/9731 1689/9732
f 1662/9733 1689/9734 1663/9735
f 1663/9736 1689/9737 1690/9738
f 1663/9739 1690/9740 1664/9741
f 1664/9742 1690/9743 1691/9744
f 1664/9745 1691/9746 1665/9747
f 1665/9748 1691/9749 1692/9750
f 1665/9751 1692/9752 1666/9753
f 1666/9754 1692/9755 1693/9756
f 1666/9757 1693/9758 1667/9759
f 1667/9760 1693/9761 1694/9762
f 1667/9763 1694/9764 1668/9765
f 1668/9766 1694/9767 1670/9768
f 1668/9769 1670/9770 1669/9771
f 1670/9772 1694/9773 1671/9774
f 1671/9775 1694/9776 1695/9777
f 1671/9778 1695/9779 1672/9780
f 1672/9781 1695/9782 1696/9783
f 1672/9784 1696/9785 1697/9786
f 1697/9787 1696/9788 1698/9789
f 1697/9790 1698/9791 1699/9792
f 1699/9793 1698/9794 1700/9795
f 1699/9796 1700/9797 1675/9798
f 1675/9799 1700/9800 1701/9801
f 1675/9802 1701/9803 1676/9804
f 1676/9805 1701/9806 1702/9807
f 1676/9808 1702/9809 1677/9810
f 1677/9811 1702/9812 1679/9813
f 1677/9814 1679/9815 1678/9816
f 1679/9817 1702/9818 1680/9819
f 1680/9820 1702/9821 1703/9822
f 1680/9823 1703/9824 1681/9825
f 1681/9826 1703/9827 1704/9828
f 1681/9829 1704/9830 1705/9831
f 1705/9832 1704/9833 1706/9834
f 1705/9835 1706/9836 1707/9837
f 1707/9838 1706/9839 1708/9840
f 1707/9841 1708/9842 1684/9843
f 1684/9844 1708/9845 1708/9846
f 1684/9847 1708/9848 1686/9849
f 1686/9850 1708/9851 1709/9852
f 1686/9853 1709/9854 1687/9855
f 1687/9856 1709/9857 1689/9858
f 1687/9859 1689/9860 1688/9861
f 1689/9862 1709/9863 1690/9864
f 1690/9865 1709/9866 1710/9867
f 1690/9868 1710/9869 1691/9870
f 1691/9871 1710/9872 1711/9873
f 1691/9874 1711/9875 1692/9876
f 1692/9877 1711/9878 1712/9879
f 1692/9880 1712/9881 1693/9882
f 1693/9883 1712/9884 1695/9885
f 1693/9886 1695/9887 1694/9888
f 1695/9889 1712/9890 1696/9891
f 1696/9892 1712/9893 1713/9894
f 1696/9895 1713/9896 1714/9897
f 1714/9898 1713/9899 1715/9900
f 1714/9901 1715/9902 1716/9903
f 1716/9904 1715/9905 1717/9906
f 1716/9907 1717/9908 1701/9909
f 1701/9910 1717/9911 1703/9912
f 1701/9913 1703/9914 1702/9915
f 1703/9916 1717/9917 1704/9918
f 1704/9919 1717/9920 1718/9921
f 1704/9922 1718/9923 1706/9924
f 1706/9925 1718/9926 1719/9927
f 1706/9928 1719/9929 1708/9930
f 1708/9931 1719/9932 1710/9933
f 1708/9934 1710/9935 1709/9936
f 1710/9937 1719/9938 1711/9939
f 1711/9940 1719/9941 1713/9942
f 1711/9943 1713/9944 1712/9945
f 1713/9946 1719/9947 1715/9948
f 1715/9949 1719/9950 1718/9951
f 1715/9952 1718/9953 1717/9954
f 1701/9955 1700/9956 1716/9957
f 1716/9958 1700/9959 1700/9960
f 1716/9961 1700/9962 1714/9963
f 1714/9964 1700/9965 1698/9966
f 1714/9967 1698/9968 1696/9969
f 1684/9970 1682/9971 1707/9972
f 1707/9973 1682/9974 1682/9975
f 1707/9976 1682/9977 1705/9978
f 1705/9979 1682/9980 1681/9981
f 1675/9982 1674/9983 1699/9984
f 1699/9985 1674/9986 1674/9987
f 1699/9988 1674/9989 1697/9990
f 1697/9991 1674/9992 1673/9993
f 1697/9994 1673/9995 1672/9996
f 1655/9997 1653/9998 1685/9999
f 1685/10000 1653/10001 1653/10002
f 1685/10003 1653/10004 1683/10005
f 1683/10006 1653/10007 1652/10008
f 1100/10009 1098/10010 1656/10011
f 1656/10012 1098/10013 1096/10014
f 1656/10015 1096/10016 1654/10017
f 1654/10018 1096/10019 1094/10020
f 1069/10021 1067/10022 1640/10023
f 1640/10024 1067/10025 1067/10026
f 1640/10027 1067/10028 1638/10029
f 1638/10030 1067/10031 1065/10032
f 1638/10033 1065/10034 1063/10035
f 947/10036 1053/10037 945/10038
f 945/10039 1053/10040 1720/10041
f 945/10042 1720/10043 943/10044
f 943/10045 1720/10046 1721/10047
f 943/10048 1721/10049 941/10050
f 941/10051 1721/10052 1722/10053
f 941/10054 1722/10055 939/10056
f 939/10057 1722/10058 1723/10059
f 939/10060 1723/10061 937/10062
f 937/10063 1723/10064 1724/10065
f 937/10066 1724/10067 935/10068
f 935/10069 1724/10070 1725/10071
f 935/10072 1725/10073 1726/10074
f 1726/10075 1725/10076 1727/10077
f 1726/10078 1727/10079 1728/10080
f 1728/10081 1727/10082 1729/10083
f 1728/10084 1729/10085 929/10086
f 929/10087 1729/10088 1730/10089
f 929/10090 1730/10091 927/10092
f 927/10093 1730/10094 1731/10095
f 927/10096 1731/10097 925/10098
f 925/10099 1731/10100 1732/10101
f 925/10102 1732/10103 923/10104
f 923/10105 1732/10106 1733/10107
f 923/10108 1733/10109 921/10110
f 921/10111 1733/10112 1734/10113
f 921/10114 1734/10115 919/10116
f 919/10117 1734/10118 1735/10119
f 919/10120 1735/10121 917/10122
f 917/10123 1735/10124 1735/10125
f 917/10126 1735/10127 915/10128
f 915/10129 1735/10130 1735/10131
f 915/10132 1735/10133 913/10134
f 913/10135 1735/10136 1736/10137
f 913/10138 1736/10139 911/10140
f 911/10141 1736/10142 1737/10143
f 911/10144 1737/10145 909/10146
f 909/10147 1737/10148 1738/10149
f 909/10150 1738/10151 907/10152
f 907/10153 1738/10154 1739/10155
f 907/10156 1739/10157 905/10158
f 905/10159 1739/10160 1740/10161
f 905/10162 1740/10163 903/10164
f 903/10165 1740/10166 1741/10167
f 903/10168 1741/10169 1742/10170
f 1742/10171 1741/10172 1743/10173
f 1742/10174 1743/10175 2/10176
f 2/10177 1743/10178 1743/10179
f 2/10180 1743/10181 5/10182
f 5/10183 1743/10184 1744/10185
f 5/10186 1744/10187 7/10188
f 7/10189 1744/10190 1745/10191
f 7/10192 1745/10193 9/10194
f 9/10195 1745/10196 1746/10197
f 9/10198 1746/10199 11/10200
f 11/10201 1746/10202 1747/10203
f 11/10204 1747/10205 13/10206
f 13/10207 1747/10208 1748/10209
f 13/10210 1748/10211 15/10212
f 15/10213 1748/10214 1749/10215
f 15/10216 1749/10217 1046/10218
f 1046/10219 1749/10220 1749/10221
f 1046/10222 1749/10223 1047/10224
f 1047/10225 1749/10226 1750/10227
f 1047/10228 1750/10229 1048/10230
f 1048/10231 1750/10232 1751/10233
f 1048/10234 1751/10235 1049/10236
f 1049/10237 1751/10238 1752/10239
f 1049/10240 1752/10241 1050/10242
f 1050/10243 1752/10244 1753/10245
f 1050/10246 1753/10247 1051/10248
f 1051/10249 1753/10250 1754/10251
f 1051/10252 1754/10253 1052/10254
f 1052/10255 1754/10256 1720/10257
f 1052/10258 1720/10259 1053/10260
f 1046/10261 16/10262 15/10263
f 1720/10264 1754/10265 1721/10266
f 1721/10267 1754/10268 1755/10269
f 1721/10270 1755/10271 1722/10272
f 1722/10273 1755/10274 1756/10275
f 1722/10276 1756/10277 1723/10278
f 1723/10279 1756/10280 1757/10281
f 1723/10282 1757/10283 1724/10284
f 1724/10285 1757/10286 1758/10287
f 1724/10288 1758/10289 1725/10290
f 1725/10291 1758/10292 1759/10293
f 1725/10294 1759/10295 1760/10296
f 1760/10297 1759/10298 1761/10299
f 1760/10300 1761/10301 1762/10302
f 1762/10303 1761/10304 1763/10305
f 1762/10306 1763/10307 1730/10308
f 1730/10309 1763/10310 1764/10311
f 1730/10312 1764/10313 1731/10314
f 1731/10315 1764/10316 1765/10317
f 1731/10318 1765/10319 1732/10320
f 1732/10321 1765/10322 1766/10323
f 1732/10324 1766/10325 1733/10326
f 1733/10327 1766/10328 1767/10329
f 1733/10330 1767/10331 1734/10332
f 1734/10333 1767/10334 1736/10335
f 1734/10336 1736/10337 1735/10338
f 1736/10339 1767/10340 1737/10341
f 1737/10342 1767/10343 1768/10344
f 1737/10345 1768/10346 1738/10347
f 1738/10348 1768/10349 1769/10350
f 1738/10351 1769/10352 1739/10353
f 1739/10354 1769/10355 1770/10356
f 1739/10357 1770/10358 1740/10359
f 1740/10360 1770/10361 1771/10362
f 1740/10363 1771/10364 1772/10365
f 1772/10366 1771/10367 1773/10368
f 1772/10369 1773/10370 1774/10371
f 1774/10372 1773/10373 1744/10374
f 1774/10375 1744/10376 1774/10377
f 1774/10378 1744/10379 1743/10380
f 1774/10381 1743/10382 1774/10383
f 1774/10384 1743/10385 1741/10386
f 1774/10387 1741/10388 1772/10389
f 1772/10390 1741/10391 1740/10392
f 1767/10393 1766/10394 1768/10395
f 1768/10396 1766/10397 1775/10398
f 1768/10399 1775/10400 1769/10401
f 1769/10402 1775/10403 1776/10404
f 1769/10405 1776/10406 1770/10407
f 1770/10408 1776/10409 1777/10410
f 1770/10411 1777/10412 1771/10413
f 1771/10414 1777/10415 1778/10416
f 1771/10417 1778/10418 1773/10419
f 1773/10420 1778/10421 1779/10422
f 1773/10423 1779/10424 1744/10425
f 1744/10426 1779/10427 1779/10428
f 1744/10429 1779/10430 1745/10431
f 1745/10432 1779/10433 1780/10434
f 1745/10435 1780/10436 1746/10437
f 1746/10438 1780/10439 1781/10440
f 1746/10441 1781/10442 1747/10443
f 1747/10444 1781/10445 1782/10446
f 1747/10447 1782/10448 1748/10449
f 1748/10450 1782/10451 1783/10452
f 1748/10453 1783/10454 1749/10455
f 1749/10456 1783/10457 1783/10458
f 1749/10459 1783/10460 1750/10461
f 1750/10462 1783/10463 1784/10464
f 1750/10465 1784/10466 1751/10467
f 1751/10468 1784/10469 1785/10470
f 1751/10471 1785/10472 1752/10473
f 1752/10474 1785/10475 1786/10476
f 1752/10477 1786/10478 1753/10479
f 1753/10480 1786/10481 1755/10482
f 1753/10483 1755/10484 1754/10485
f 1755/10486 1786/10487 1756/10488
f 1756/10489 1786/10490 1787/10491
f 1756/10492 1787/10493 1757/10494
f 1757/10495 1787/10496 1788/10497
f 1757/10498 1788/10499 1758/10500
f 1758/10501 1788/10502 1789/10503
f 1758/10504 1789/10505 1759/10506
f 1759/10507 1789/10508 1790/10509
f 1759/10510 1790/10511 1761/10512
f 1761/10513 1790/10514 1791/10515
f 1761/10516 1791/10517 1763/10518
f 1763/10519 1791/10520 1792/10521
f 1763/10522 1792/10523 1764/10524
f 1764/10525 1792/10526 1793/10527
f 1764/10528 1793/10529 1765/10530
f 1765/10531 1793/10532 1775/10533
f 1765/10534 1775/10535 1766/10536
f 1775/10537 1793/10538 1776/10539
f 1776/10540 1793/10541 1794/10542
f 1776/10543 1794/10544 1795/10545
f 1795/10546 1794/10547 1796/10548
f 1795/10549 1796/10550 1797/10551
f 1797/10552 1796/10553 1798/10554
f 1797/10555 1798/10556 1779/10557
f 1779/10558 1798/10559 1798/10560
f 1779/10561 1798/10562 1780/10563
f 1780/10564 1798/10565 1799/10566
f 1780/10567 1799/10568 1781/10569
f 1781/10570 1799/10571 1800/10572
f 1781/10573 1800/10574 1782/10575
f 1782/10576 1800/10577 1801/10578
f 1782/10579 1801/10580 1783/10581
f 1783/10582 1801/10583 1801/10584
f 1783/10585 1801/10586 1784/10587
f 1784/10588 1801/10589 1802/10590
f 1784/10591 1802/10592 1785/10593
f 1785/10594 1802/10595 1787/10596
f 1785/10597 1787/10598 1786/10599
f 1787/10600 1802/10601 1788/10602
f 1788/10603 1802/10604 1803/10605
f 1788/10606 1803/10607 1789/10608
f 1789/10609 1803/10610 1804/10611
f 1789/10612 1804/10613 1790/10614
f 1790/10615 1804/10616 1805/10617
f 1790/10618 1805/10619 1806/10620
f 1806/10621 1805/10622 1807/10623
f 1806/10624 1807/10625 1808/10626
f 1808/10627 1807/10628 1794/10629
f 1808/10630 1794/10631 1808/10632
f 1808/10633 1794/10634 1793/10635
f 1808/10636 1793/10637 1808/10638
f 1808/10639 1793/10640 1792/10641
f 1808/10642 1792/10643 1806/10644
f 1806/10645 1792/10646 1791/10647
f 1806/10648 1791/10649 1790/10650
f 1794/10651 1807/10652 1796/10653
f 1796/10654 1807/10655 1805/10656
f 1796/10657 1805/10658 1798/10659
f 1798/10660 1805/10661 1805/10662
f 1798/10663 1805/10664 1799/10665
f 1799/10666 1805/10667 1804/10668
f 1799/10669 1804/10670 1800/10671
f 1800/10672 1804/10673 1803/10674
f 1800/10675 1803/10676 1801/10677
f 1801/10678 1803/10679 1802/10680
f 1779/10681 1778/10682 1797/10683
f 1797/10684 1778/10685 1777/10686
f 1797/10687 1777/10688 1795/10689
f 1795/10690 1777/10691 1776/10692
f 1730/10693 1729/10694 1762/10695
f 1762/10696 1729/10697 1729/10698
f 1762/10699 1729/10700 1760/10701
f 1760/10702 1729/10703 1727/10704
f 1760/10705 1727/10706 1725/10707
f 2/10708 1/10709 1742/10710
f 1742/10711 1/10712 903/10713
f 929/10714 931/10715 1728/10716
f 1728/10717 931/10718 931/10719
f 1728/10720 931/10721 1726/10722
f 1726/10723 931/10724 933/10725
f 1726/10726 933/10727 935/10728
f 1809/10729 1810/10730 1811/10731
f 1811/10732 1810/10733 1812/10734
f 1811/10735 1812/10736 1076/10737
f 1076/10738 1812/10739 1812/10740
f 1076/10741 1812/10742 1074/10743
f 1074/10744 1812/10745 1813/10746
f 1074/10747 1813/10748 1072/10749
f 1072/10750 1813/10751 1814/10752
f 1072/10753 1814/10754 1070/10755
f 1070/10756 1814/10757 1815/10758
f 1070/10759 1815/10760 1068/10761
f 1068/10762 1815/10763 1816/10764
f 1068/10765 1816/10766 1817/10767
f 1817/10768 1816/10769 1818/10770
f 1817/10771 1818/10772 1819/10773
f 1819/10774 1818/10775 3/10776
f 1819/10777 3/10778 1819/10779
f 1819/10780 3/10781 1058/10782
f 1819/10783 1058/10784 1819/10785
f 1819/10786 1058/10787 1064/10788
f 1819/10789 1064/10790 1817/10791
f 1817/10792 1064/10793 1066/10794
f 1817/10795 1066/10796 1068/10797
f 1076/10798 1078/10799 1811/10800
f 1811/10801 1078/10802 1820/10803
f 1811/10804 1820/10805 1809/10806
f 1809/10807 1820/10808 916/10809
f 1809/10810 916/10811 1821/10812
f 1821/10813 916/10814 1822/10815
f 1821/10816 1822/10817 1823/10818
f 1823/10819 1822/10820 1824/10821
f 1823/10822 1824/10823 1825/10824
f 1825/10825 1824/10826 1826/10827
f 1825/10828 1826/10829 1827/10830
f 1827/10831 1826/10832 1828/10833
f 1827/10834 1828/10835 1829/10836
f 1829/10837 1828/10838 906/10839
f 1829/10840 906/10841 1829/10842
f 1829/10843 906/10844 904/10845
f 1829/10846 904/10847 1830/10848
f 1830/10849 904/10850 902/10851
f 1830/10852 902/10853 1816/10854
f 1816/10855 902/10856 902/10857
f 1816/10858 902/10859 1818/10860
f 1818/10861 902/10862 1/10863
f 1818/10864 1/10865 3/10866
f 1816/10867 1815/10868 1830/10869
f 1830/10870 1815/10871 1831/10872
f 1830/10873 1831/10874 1829/10875
f 1829/10876 1831/10877 1831/10878
f 1829/10879 1831/10880 1827/10881
f 1827/10882 1831/10883 1832/10884
f 1827/10885 1832/10886 1825/10887
f 1825/10888 1832/10889 1833/10890
f 1825/10891 1833/10892 1823/10893
f 1823/10894 1833/10895 1810/10896
f 1823/10897 1810/10898 1821/10899
f 1821/10900 1810/10901 1809/10902
f 1810/10903 1833/10904 1812/10905
f 1812/10906 1833/10907 1833/10908
f 1812/10909 1833/10910 1813/10911
f 1813/10912 1833/10913 1832/10914
f 1813/10915 1832/10916 1814/10917
f 1814/10918 1832/10919 1831/10920
f 1814/10921 1831/10922 1815/10923
f 906/10924 1828/10925 908/10926
f 908/10927 1828/10928 1834/10929
f 908/10930 1834/10931 910/10932
f 910/10933 1834/10934 1835/10935
f 910/10936 1835/10937 912/10938
f 912/10939 1835/10940 1836/10941
f 912/10942 1836/10943 914/10944
f 914/10945 1836/10946 1836/10947
f 914/10948 1836/10949 916/10950
f 916/10951 1836/10952 1837/10953
f 916/10954 1837/10955 1838/10956
f 1838/10957 1837/10958 1839/10959
f 1838/10960 1839/10961 1824/10962
f 1824/10963 1839/10964 1839/10965
f 1824/10966 1839/10967 1826/10968
f 1826/10969 1839/10970 1834/10971
f 1826/10972 1834/10973 1828/10974
f 1834/10975 1839/10976 1835/10977
f 1835/10978 1839/10979 1837/10980
f 1835/10981 1837/10982 1836/10983
f 1824/10984 1822/10985 1838/10986
f 1838/10987 1822/10988 916/10989
f 916/10990 1820/10991 1080/10992
f 1080/10993 1820/10994 1078/10995
f 1500/10996 1498/10997 1840/10998
f 1840/10999 1498/11000 1497/11001
f 1840/11002 1497/11003 1841/11004
f 1841/11005 1497/11006 1496/11007
f 1841/11008 1496/11009 1841/11010
f 1841/11011 1496/11012 1494/11013
f 1841/11014 1494/11015 1842/11016
f 1842/11017 1494/11018 1492/11019
f 1842/11020 1492/11021 1843/11022
f 1843/11023 1492/11024 1490/11025
f 1843/11026 1490/11027 1844/11028
f 1844/11029 1490/11030 1488/11031
f 1844/11032 1488/11033 1845/11034
f 1845/11035 1488/11036 1486/11037
f 1845/11038 1486/11039 1846/11040
f 1846/11041 1486/11042 1484/11043
f 1846/11044 1484/11045 1847/11046
f 1847/11047 1484/11048 1482/11049
f 1847/11050 1482/11051 1848/11052
f 1848/11053 1482/11054 1480/11055
f 1848/11056 1480/11057 1848/11058
f 1848/11059 1480/11060 916/11061
f 1848/11062 916/11063 1849/11064
f 1849/11065 916/11066 1850/11067
f 1849/11068 1850/11069 1851/11070
f 1851/11071 1850/11072 1852/11073
f 1851/11074 1852/11075 1853/11076
f 1853/11077 1852/11078 1854/11079
f 1853/11080 1854/11081 1855/11082
f 1855/11083 1854/11084 1856/11085
f 1855/11086 1856/11087 1857/11088
f 1857/11089 1856/11090 1858/11091
f 1857/11092 1858/11093 1859/11094
f 1859/11095 1858/11096 1504/11097
f 1859/11098 1504/11099 1859/11100
f 1859/11101 1504/11102 1502/11103
f 1859/11104 1502/11105 1842/11106
f 1842/11107 1502/11108 1840/11109
f 1842/11110 1840/11111 1841/11112
f 1500/11113 1840/11114 1502/11115
f 1842/11116 1843/11117 1859/11118
f 1859/11119 1843/11120 1843/11121
f 1859/11122 1843/11123 1857/11124
f 1857/11125 1843/11126 1844/11127
f 1857/11128 1844/11129 1855/11130
f 1855/11131 1844/11132 1845/11133
f 1855/11134 1845/11135 1853/11136
f 1853/11137 1845/11138 1846/11139
f 1853/11140 1846/11141 1851/11142
f 1851/11143 1846/11144 1847/11145
f 1851/11146 1847/11147 1849/11148
f 1849/11149 1847/11150 1848/11151
f 1504/11152 1858/11153 1506/11154
f 1506/11155 1858/11156 1860/11157
f 1506/11158 1860/11159 1508/11160
f 1508/11161 1860/11162 1861/11163
f 1508/11164 1861/11165 1510/11166
f 1510/11167 1861/11168 1862/11169
f 1510/11170 1862/11171 1512/11172
f 1512/11173 1862/11174 1863/11175
f 1512/11176 1863/11177 1514/11178
f 1514/11179 1863/11180 1863/11181
f 1514/11182 1863/11183 916/11184
f 916/11185 1863/11186 1864/11187
f 916/11188 1864/11189 1865/11190
f 1865/11191 1864/11192 1866/11193
f 1865/11194 1866/11195 1867/11196
f 1867/11197 1866/11198 1868/11199
f 1867/11200 1868/11201 1854/11202
f 1854/11203 1868/11204 1868/11205
f 1854/11206 1868/11207 1856/11208
f 1856/11209 1868/11210 1860/11211
f 1856/11212 1860/11213 1858/11214
f 1860/11215 1868/11216 1861/11217
f 1861/11218 1868/11219 1866/11220
f 1861/11221 1866/11222 1862/11223
f 1862/11224 1866/11225 1864/11226
f 1862/11227 1864/11228 1863/11229
f 1854/11230 1852/11231 1867/11232
f 1867/11233 1852/11234 1869/11235
f 1867/11236 1869/11237 1865/11238
f 1865/11239 1869/11240 1869/11241
f 1865/11242 1869/11243 916/11244
f 916/11245 1869/11246 1869/11247
f 916/11248 1869/11249 1850/11250
f 1850/11251 1869/11252 1852/11253
f 1463/11254 1461/11255 1870/11256
f 1870/11257 1461/11258 1460/11259
f 1870/11260 1460/11261 1870/11262
f 1870/11263 1460/11264 1458/11265
f 1870/11266 1458/11267 1870/11268
f 1870/11269 1458/11270 1456/11271
f 1870/11272 1456/11273 1465/11274
f 1465/11275 1456/11276 1871/11277
f 1465/11278 1871/11279 1467/11280
f 1467/11281 1871/11282 1872/11283
f 1467/11284 1872/11285 1469/11286
f 1469/11287 1872/11288 1873/11289
f 1469/11290 1873/11291 1471/11292
f 1471/11293 1873/11294 1874/11295
f 1471/11296 1874/11297 1473/11298
f 1473/11299 1874/11300 1875/11301
f 1473/11302 1875/11303 1475/11304
f 1475/11305 1875/11306 1876/11307
f 1475/11308 1876/11309 1477/11310
f 1477/11311 1876/11312 1876/11313
f 1477/11314 1876/11315 916/11316
f 916/11317 1876/11318 1877/11319
f 916/11320 1877/11321 1878/11322
f 1878/11323 1877/11324 1879/11325
f 1878/11326 1879/11327 1880/11328
f 1880/11329 1879/11330 1881/11331
f 1880/11332 1881/11333 1882/11334
f 1882/11335 1881/11336 1883/11337
f 1882/11338 1883/11339 1884/11340
f 1884/11341 1883/11342 1885/11343
f 1884/11344 1885/11345 1452/11346
f 1452/11347 1885/11348 1885/11349
f 1452/11350 1885/11351 1454/11352
f 1454/11353 1885/11354 1871/11355
f 1454/11356 1871/11357 1456/11358
f 1463/11359 1870/11360 1465/11361
f 1871/11362 1885/11363 1872/11364
f 1872/11365 1885/11366 1883/11367
f 1872/11368 1883/11369 1873/11370
f 1873/11371 1883/11372 1881/11373
f 1873/11374 1881/11375 1874/11376
f 1874/11377 1881/11378 1879/11379
f 1874/11380 1879/11381 1875/11382
f 1875/11383 1879/11384 1877/11385
f 1875/11386 1877/11387 1876/11388
f 1452/11389 1450/11390 1884/11391
f 1884/11392 1450/11393 1886/11394
f 1884/11395 1886/11396 1882/11397
f 1882/11398 1886/11399 1887/11400
f 1882/11401 1887/11402 1880/11403
f 1880/11404 1887/11405 1888/11406
f 1880/11407 1888/11408 1878/11409
f 1878/11410 1888/11411 1888/11412
f 1878/11413 1888/11414 916/11415
f 916/11416 1888/11417 1889/11418
f 916/11419 1889/11420 1890/11421
f 1890/11422 1889/11423 1891/11424
f 1890/11425 1891/11426 1446/11427
f 1446/11428 1891/11429 1891/11430
f 1446/11431 1891/11432 1448/11433
f 1448/11434 1891/11435 1886/11436
f 1448/11437 1886/11438 1450/11439
f 1886/11440 1891/11441 1887/11442
f 1887/11443 1891/11444 1889/11445
f 1887/11446 1889/11447 1888/11448
f 1446/11449 1444/11450 1890/11451
f 1890/11452 1444/11453 916/11454
f 1427/11455 1425/11456 1892/11457
f 1892/11458 1425/11459 1424/11460
f 1892/11461 1424/11462 1892/11463
f 1892/11464 1424/11465 1422/11466
f 1892/11467 1422/11468 1892/11469
f 1892/11470 1422/11471 1420/11472
f 1892/11473 1420/11474 1429/11475
f 1429/11476 1420/11477 1893/11478
f 1429/11479 1893/11480 1431/11481
f 1431/11482 1893/11483 1894/11484
f 1431/11485 1894/11486 1433/11487
f 1433/11488 1894/11489 1895/11490
f 1433/11491 1895/11492 1435/11493
f 1435/11494 1895/11495 1896/11496
f 1435/11497 1896/11498 1437/11499
f 1437/11500 1896/11501 1897/11502
f 1437/11503 1897/11504 1439/11505
f 1439/11506 1897/11507 1898/11508
f 1439/11509 1898/11510 1441/11511
f 1441/11512 1898/11513 1898/11514
f 1441/11515 1898/11516 916/11517
f 916/11518 1898/11519 1899/11520
f 916/11521 1899/11522 1900/11523
f 1900/11524 1899/11525 1901/11526
f 1900/11527 1901/11528 1902/11529
f 1902/11530 1901/11531 1903/11532
f 1902/11533 1903/11534 1904/11535
f 1904/11536 1903/11537 1905/11538
f 1904/11539 1905/11540 1906/11541
f 1906/11542 1905/11543 1907/11544
f 1906/11545 1907/11546 1416/11547
f 1416/11548 1907/11549 1907/11550
f 1416/11551 1907/11552 1418/11553
f 1418/11554 1907/11555 1893/11556
f 1418/11557 1893/11558 1420/11559
f 1427/11560 1892/11561 1429/11562
f 1893/11563 1907/11564 1894/11565
f 1894/11566 1907/11567 1905/11568
f 1894/11569 1905/11570 1895/11571
f 1895/11572 1905/11573 1903/11574
f 1895/11575 1903/11576 1896/11577
f 1896/11578 1903/11579 1901/11580
f 1896/11581 1901/11582 1897/11583
f 1897/11584 1901/11585 1899/11586
f 1897/11587 1899/11588 1898/11589
f 1416/11590 1414/11591 1906/11592
f 1906/11593 1414/11594 1908/11595
f 1906/11596 1908/11597 1904/11598
f 1904/11599 1908/11600 1909/11601
f 1904/11602 1909/11603 1902/11604
f 1902/11605 1909/11606 1910/11607
f 1902/11608 1910/11609 1900/11610
f 1900/11611 1910/11612 1910/11613
f 1900/11614 1910/11615 916/11616
f 916/11617 1910/11618 1911/11619
f 916/11620 1911/11621 1912/11622
f 1912/11623 1911/11624 1913/11625
f 1912/11626 1913/11627 1410/11628
f 1410/11629 1913/11630 1913/11631
f 1410/11632 1913/11633 1412/11634
f 1412/11635 1913/11636 1908/11637
f 1412/11638 1908/11639 1414/11640
f 1908/11641 1913/11642 1909/11643
f 1909/11644 1913/11645 1911/11646
f 1909/11647 1911/11648 1910/11649
f 1410/11650 1408/11651 1912/11652
f 1912/11653 1408/11654 916/11655
f 250/11656 248/11657 1914/11658
f 1914/11659 248/11660 246/11661
f 1914/11662 246/11663 1914/11664
f 1914/11665 246/11666 244/11667
f 1914/11668 244/11669 1914/11670
f 1914/11671 244/11672 242/11673
f 1914/11674 242/11675 1914/11676
f 1914/11677 242/11678 240/11679
f 1914/11680 240/11681 1914/11682
f 1914/11683 240/11684 238/11685
f 1914/11686 238/11687 1914/11688
f 1914/11689 238/11690 236/11691
f 1914/11692 236/11693 1914/11694
f 1914/11695 236/11696 234/11697
f 1914/11698 234/11699 1914/11700
f 1914/11701 234/11702 232/11703
f 1914/11704 232/11705 1914/11706
f 1914/11707 232/11708 230/11709
f 1914/11710 230/11711 1914/11712
f 1914/11713 230/11714 228/11715
f 1914/11716 228/11717 1914/11718
f 1914/11719 228/11720 226/11721
f 1914/11722 226/11723 1914/11724
f 1914/11725 226/11726 224/11727
f 1914/11728 224/11729 1914/11730
f 1914/11731 224/11732 222/11733
f 1914/11734 222/11735 1914/11736
f 1914/11737 222/11738 220/11739
f 1914/11740 220/11741 1914/11742
f 1914/11743 220/11744 218/11745
f 1914/11746 218/11747 1914/11748
f 1914/11749 218/11750 216/11751
f 1914/11752 216/11753 1914/11754
f 1914/11755 216/11756 214/11757
f 1914/11758 214/11759 1914/11760
f 1914/11761 214/11762 212/11763
f 1914/11764 212/11765 1914/11766
f 1914/11767 212/11768 210/11769
f 1914/11770 210/11771 1914/11772
f 1914/11773 210/11774 208/11775
f 1914/11776 208/11777 1914/11778
f 1914/11779 208/11780 206/11781
f 1914/11782 206/11783 1914/11784
f 1914/11785 206/11786 204/11787
f 1914/11788 204/11789 1914/11790
f 1914/11791 204/11792 202/11793
f 1914/11794 202/11795 1914/11796
f 1914/11797 202/11798 200/11799
f 1914/11800 200/11801 1914/11802
f 1914/11803 200/11804 198/11805
f 1914/11806 198/11807 1914/11808
f 1914/11809 198/11810 196/11811
f 1914/11812 196/11813 1914/11814
f 1914/11815 196/11816 194/11817
f 1914/11818 194/11819 1914/11820
f 1914/11821 194/11822 192/11823
f 1914/11824 192/11825 1914/11826
f 1914/11827 192/11828 190/11829
f 1914/11830 190/11831 1914/11832
f 1914/11833 190/11834 188/11835
f 1914/11836 188/11837 1914/11838
f 1914/11839 188/11840 186/11841
f 1914/11842 186/11843 1914/11844
f 1914/11845 186/11846 184/11847
f 1914/11848 184/11849 1914/11850
f 1914/11851 184/11852 182/11853
f 1914/11854 182/11855 1914/11856
f 1914/11857 182/11858 180/11859
f 1914/11860 180/11861 1914/11862
f 1914/11863 180/11864 178/11865
f 1914/11866 178/11867 1914/11868
f 1914/11869 178/11870 176/11871
f 1914/11872 176/11873 1914/11874
f 1914/11875 176/11876 174/11877
f 1914/11878 174/11879 1914/11880
f 1914/11881 174/11882 172/11883
f 1914/11884 172/11885 1914/11886
f 1914/11887 172/11888 170/11889
f 1914/11890 170/11891 1914/11892
f 1914/11893 170/11894 168/11895
f 1914/11896 168/11897 1914/11898
f 1914/11899 168/11900 166/11901
f 1914/11902 166/11903 1914/11904
f 1914/11905 166/11906 164/11907
f 1914/11908 164/11909 1914/11910
f 1914/11911 164/11912 162/11913
f 1914/11914 162/11915 1914/11916
f 1914/11917 162/11918 160/11919
f 1914/11920 160/11921 1914/11922
f 1914/11923 160/11924 159/11925
f 1914/11926 159/11927 1914/11928
f 1914/11929 159/11930 251/11931
f 1914/11932 251/11933 1914/11934
f 1914/11935 251/11936 253/11937
f 1914/11938 253/11939 1914/11940
f 1914/11941 253/11942 255/11943
f 1914/11944 255/11945 1914/11946
f 1914/11947 255/11948 257/11949
f 1914/11950 257/11951 1914/11952
f 1914/11953 257/11954 259/11955
f 1914/11956 259/11957 1914/11958
f 1914/11959 259/11960 261/11961
f 1914/11962 261/11963 1914/11964
f 1914/11965 261/11966 263/11967
f 1914/11968 263/11969 1914/11970
f 1914/11971 263/11972 265/11973
f 1914/11974 265/11975 1914/11976
f 1914/11977 265/11978 267/11979
f 1914/11980 267/11981 1914/11982
f 1914/11983 267/11984 269/11985
f 1914/11986 269/11987 1914/11988
f 1914/11989 269/11990 271/11991
f 1914/11992 271/11993 1914/11994
f 1914/11995 271/11996 273/11997
f 1914/11998 273/11999 250/12000
f 103/12001 105/12002 1915/12003
f 1915/12004 105/12005 107/12006
f 1915/12007 107/12008 1915/12009
f 1915/12010 107/12011 109/12012
f 1915/12013 109/12014 1915/12015
f 1915/12016 109/12017 111/12018
f 1915/12019 111/12020 1915/12021
f 1915/12022 111/12023 113/12024
f 1915/12025 113/12026 1915/12027
f 1915/12028 113/12029 115/12030
f 1915/12031 115/12032 1915/12033
f 1915/12034 115/12035 117/12036
f 1915/12037 117/12038 1915/12039
f 1915/12040 117/12041 119/12042
f 1915/12043 119/12044 1915/12045
f 1915/12046 119/12047 121/12048
f 1915/12049 121/12050 1915/12051
f 1915/12052 121/12053 123/12054
f 1915/12055 123/12056 1915/12057
f 1915/12058 123/12059 125/12060
f 1915/12061 125/12062 1915/12063
f 1915/12064 125/12065 127/12066
f 1915/12067 127/12068 1915/12069
f 1915/12070 127/12071 129/12072
f 1915/12073 129/12074 1915/12075
f 1915/12076 129/12077 131/12078
f 1915/12079 131/12080 1915/12081
f 1915/12082 131/12083 133/12084
f 1915/12085 133/12086 1915/12087
f 1915/12088 133/12089 17/12090
f 1915/12091 17/12092 1915/12093
f 1915/12094 17/12095 19/12096
f 1915/12097 19/12098 1915/12099
f 1915/12100 19/12101 21/12102
f 1915/12103 21/12104 1915/12105
f 1915/12106 21/12107 23/12108
f 1915/12109 23/12110 1915/12111
f 1915/12112 23/12113 25/12114
f 1915/12115 25/12116 1915/12117
f 1915/12118 25/12119 27/12120
f 1915/12121 27/12122 1915/12123
f 1915/12124 27/12125 29/12126
f 1915/12127 29/12128 1915/12129
f 1915/12130 29/12131 31/12132
f 1915/12133 31/12134 1915/12135
f 1915/12136 31/12137 33/12138
f 1915/12139 33/12140 1915/12141
f 1915/12142 33/12143 35/12144
f 1915/12145 35/12146 1915/12147
f 1915/12148 35/12149 37/12150
f 1915/12151 37/12152 1915/12153
f 1915/12154 37/12155 39/12156
f 1915/12157 39/12158 1915/12159
f 1915/12160 39/12161 41/12162
f 1915/12163 41/12164 1915/12165
f 1915/12166 41/12167 43/12168
f 1915/12169 43/12170 1915/12171
f 1915/12172 43/12173 45/12174
f 1915/12175 45/12176 1915/12177
f 1915/12178 45/12179 47/12180
f 1915/12181 47/12182 1915/12183
f 1915/12184 47/12185 49/12186
f 1915/12187 49/12188 1915/12189
f 1915/12190 49/12191 51/12192
f 1915/12193 51/12194 1915/12195
f 1915/12196 51/12197 53/12198
f 1915/12199 53/12200 1915/12201
f 1915/12202 53/12203 55/12204
f 1915/12205 55/12206 1915/12207
f 1915/12208 55/12209 57/12210
f 1915/12211 57/12212 1915/12213
f 1915/12214 57/12215 59/12216
f 1915/12217 59/12218 1915/12219
f 1915/12220 59/12221 61/12222
f 1915/12223 61/12224 1915/12225
f 1915/12226 61/12227 63/12228
f 1915/12229 63/12230 1915/12231
f 1915/12232 63/12233 65/12234
f 1915/12235 65/12236 1915/12237
f 1915/12238 65/12239 67/12240
f 1915/12241 67/12242 1915/12243
f 1915/12244 67/12245 69/12246
f 1915/12247 69/12248 1915/12249
f 1915/12250 69/12251 71/12252
f 1915/12253 71/12254 1915/12255
f 1915/12256 71/12257 73/12258
f 1915/12259 73/12260 1915/12261
f 1915/12262 73/12263 75/12264
f 1915/12265 75/12266 1915/12267
f 1915/12268 75/12269 77/12270
f 1915/12271 77/12272 1915/12273
f 1915/12274 77/12275 79/12276
f 1915/12277 79/12278 1915/12279
f 1915/12280 79/12281 81/12282
f 1915/12283 81/12284 1915/12285
f 1915/12286 81/12287 83/12288
f 1915/12289 83/12290 1915/12291
f 1915/12292 83/12293 85/12294
f 1915/12295 85/12296 1915/12297
f 1915/12298 85/12299 87/12300
f 1915/12301 87/12302 1915/12303
f 1915/12304 87/12305 89/12306
f 1915/12307 89/12308 1915/12309
f 1915/12310 89/12311 91/12312
f 1915/12313 91/12314 1915/12315
f 1915/12316 91/12317 93/12318
f 1915/12319 93/12320 1915/12321
f 1915/12322 93/12323 95/12324
f 1915/12325 95/12326 1915/12327
f 1915/12328 95/12329 97/12330
f 1915/12331 97/12332 1915/12333
f 1915/12334 97/12335 99/12336
f 1915/12337 99/12338 1915/12339
f 1915/12340 99/12341 101/12342
f 1915/12343 101/12344 103/12345
f 1916/12346 1917/12347 1918/12348
f 1918/12349 1917/12350 1919/12351
f 1918/12352 1919/12353 1918/12354
f 1918/12355 1919/12356 1920/12357
f 1918/12358 1920/12359 1918/12360
f 1918/12361 1920/12362 1921/12363
f 1918/12364 1921/12365 1918/12366
f 1918/12367 1921/12368 1922/12369
f 1918/12370 1922/12371 1918/12372
f 1918/12373 1922/12374 1923/12375
f 1918/12376 1923/12377 1918/12378
f 1918/12379 1923/12380 1924/12381
f 1918/12382 1924/12383 1918/12384
f 1918/12385 1924/12386 1925/12387
f 1918/12388 1925/12389 1918/12390
f 1918/12391 1925/12392 1926/12393
f 1918/12394 1926/12395 1918/12396
f 1918/12397 1926/12398 1927/12399
f 1918/12400 1927/12401 1918/12402
f 1918/12403 1927/12404 1928/12405
f 1918/12406 1928/12407 1918/12408
f 1918/12409 1928/12410 1929/12411
f 1918/12412 1929/12413 1918/12414
f 1918/12415 1929/12416 1930/12417
f 1918/12418 1930/12419 1918/12420
f 1918/12421 1930/12422 1931/12423
f 1918/12424 1931/12425 1918/12426
f 1918/12427 1931/12428 1932/12429
f 1918/12430 1932/12431 1918/12432
f 1918/12433 1932/12434 1933/12435
f 1918/12436 1933/12437 1918/12438
f 1918/12439 1933/12440 1934/12441
f 1918/12442 1934/12443 1918/12444
f 1918/12445 1934/12446 1935/12447
f 1918/12448 1935/12449 1918/12450
f 1918/12451 1935/12452 1936/12453
f 1918/12454 1936/12455 1918/12456
f 1918/12457 1936/12458 1937/12459
f 1918/12460 1937/12461 1918/12462
f 1918/12463 1937/12464 1938/12465
f 1918/12466 1938/12467 1918/12468
f 1918/12469 1938/12470 1939/12471
f 1918/12472 1939/12473 1918/12474
f 1918/12475 1939/12476 1940/12477
f 1918/12478 1940/12479 1918/12480
f 1918/12481 1940/12482 1941/12483
f 1918/12484 1941/12485 1918/12486
f 1918/12487 1941/12488 1942/12489
f 1918/12490 1942/12491 1918/12492
f 1918/12493 1942/12494 1943/12495
f 1918/12496 1943/12497 1918/12498
f 1918/12499 1943/12500 1944/12501
f 1918/12502 1944/12503 1918/12504
f 1918/12505 1944/12506 1945/12507
f 1918/12508 1945/12509 1918/12510
f 1918/12511 1945/12512 1946/12513
f 1918/12514 1946/12515 1918/12516
f 1918/12517 1946/12518 1947/12519
f 1918/12520 1947/12521 1918/12522
f 1918/12523 1947/12524 1948/12525
f 1918/12526 1948/12527 1918/12528
f 1918/12529 1948/12530 1949/12531
f 1918/12532 1949/12533 1918/12534
f 1918/12535 1949/12536 1950/12537
f 1918/12538 1950/12539 1918/12540
f 1918/12541 1950/12542 1951/12543
f 1918/12544 1951/12545 1918/12546
f 1918/12547 1951/12548 1952/12549
f 1918/12550 1952/12551 1918/12552
f 1918/12553 1952/12554 1953/12555
f 1918/12556 1953/12557 1918/12558
f 1918/12559 1953/12560 1954/12561
f 1918/12562 1954/12563 1918/12564
f 1918/12565 1954/12566 1955/12567
f 1918/12568 1955/12569 1918/12570
f 1918/12571 1955/12572 1956/12573
f 1918/12574 1956/12575 1918/12576
f 1918/12577 1956/12578 1957/12579
f 1918/12580 1957/12581 1918/12582
f 1918/12583 1957/12584 1958/12585
f 1918/12586 1958/12587 1916/12588
f 1959/12589 1960/12590 1961/12591
f 1961/12592 1960/12593 1962/12594
f 1961/12595 1962/12596 1961/12597
f 1961/12598 1962/12599 1963/12600
f 1961/12601 1963/12602 1961/12603
f 1961/12604 1963/12605 1964/12606
f 1961/12607 1964/12608 1961/12609
f 1961/12610 1964/12611 1965/12612
f 1961/12613 1965/12614 1961/12615
f 1961/12616 1965/12617 1966/12618
f 1961/12619 1966/12620 1961/12621
f 1961/12622 1966/12623 1967/12624
f 1961/12625 1967/12626 1961/12627
f 1961/12628 1967/12629 1968/12630
f 1961/12631 1968/12632 1961/12633
f 1961/12634 1968/12635 1969/12636
f 1961/12637 1969/12638 1961/12639
f 1961/12640 1969/12641 1970/12642
f 1961/12643 1970/12644 1961/12645
f 1961/12646 1970/12647 1971/12648
f 1961/12649 1971/12650 1961/12651
f 1961/12652 1971/12653 1972/12654
f 1961/12655 1972/12656 1961/12657
f 1961/12658 1972/12659 1973/12660
f 1961/12661 1973/12662 1961/12663
f 1961/12664 1973/12665 1974/12666
f 1961/12667 1974/12668 1961/12669
f 1961/12670 1974/12671 1975/12672
f 1961/12673 1975/12674 1961/12675
f 1961/12676 1975/12677 1976/12678
f 1961/12679 1976/12680 1961/12681
f 1961/12682 1976/12683 1977/12684
f 1961/12685 1977/12686 1961/12687
f 1961/12688 1977/12689 1978/12690
f 1961/12691 1978/12692 1961/12693
f 1961/12694 1978/12695 1979/12696
f 1961/12697 1979/12698 1961/12699
f 1961/12700 1979/12701 1980/12702
f 1961/12703 1980/12704 1961/12705
f 1961/12706 1980/12707 1981/12708
f 1961/12709 1981/12710 1961/12711
f 1961/12712 1981/12713 1982/12714
f 1961/12715 1982/12716 1961/12717
f 1961/12718 1982/12719 1983/12720
f 1961/12721 1983/12722 1961/12723
f 1961/12724 1983/12725 1984/12726
f 1961/12727 1984/12728 1961/12729
f 1961/12730 1984/12731 1985/12732
f 1961/12733 1985/12734 1961/12735
f 1961/12736 1985/12737 1986/12738
f 1961/12739 1986/12740 1961/12741
f 1961/12742 1986/12743 1987/12744
f 1961/12745 1987/12746 1961/12747
f 1961/12748 1987/12749 1988/12750
f 1961/12751 1988/12752 1961/12753
f 1961/12754 1988/12755 1989/12756
f 1961/12757 1989/12758 1961/12759
f 1961/12760 1989/12761 1990/12762
f 1961/12763 1990/12764 1961/12765
f 1961/12766 1990/12767 1991/12768
f 1961/12769 1991/12770 1961/12771
f 1961/12772 1991/12773 1992/12774
f 1961/12775 1992/12776 1961/12777
f 1961/12778 1992/12779 1993/12780
f 1961/12781 1993/12782 1961/12783
f 1961/12784 1993/12785 1994/12786
f 1961/12787 1994/12788 1961/12789
f 1961/12790 1994/12791 1995/12792
f 1961/12793 1995/12794 1961/12795
f 1961/12796 1995/12797 1996/12798
f 1961/12799 1996/12800 1961/12801
f 1961/12802 1996/12803 1997/12804
f 1961/12805 1997/12806 1961/12807
f 1961/12808 1997/12809 1998/12810
f 1961/12811 1998/12812 1961/12813
f 1961/12814 1998/12815 1999/12816
f 1961/12817 1999/12818 1961/12819
f 1961/12820 1999/12821 2000/12822
f 1961/12823 2000/12824 1961/12825
f 1961/12826 2000/12827 2001/12828
f 1961/12829 2001/12830 1959/12831
f 1957/12832 1968/12833 1958/12834
f 1958/12835 1968/12836 1967/12837
f 1968/12838 1957/12839 1969/12840
f 1969/12841 1957/12842 1956/12843
f 1969/12844 1956/12845 1970/12846
f 1970/12847 1956/12848 1955/12849
f 1970/12850 1955/12851 1971/12852
f 1971/12853 1955/12854 1954/12855
f 1971/12856 1954/12857 1972/12858
f 1972/12859 1954/12860 1953/12861
f 1972/12862 1953/12863 1973/12864
f 1973/12865 1953/12866 1952/12867
f 1973/12868 1952/12869 1974/12870
f 1974/12871 1952/12872 1951/12873
f 1974/12874 1951/12875 1975/12876
f 1975/12877 1951/12878 1950/12879
f 1975/12880 1950/12881 1976/12882
f 1976/12883 1950/12884 1949/12885
f 1976/12886 1949/12887 1977/12888
f 1977/12889 1949/12890 1948/12891
f 1977/12892 1948/12893 1978/12894
f 1978/12895 1948/12896 1947/12897
f 1978/12898 1947/12899 1979/12900
f 1979/12901 1947/12902 1946/12903
f 1979/12904 1946/12905 1980/12906
f 1980/12907 1946/12908 1945/12909
f 1980/12910 1945/12911 1981/12912
f 1981/12913 1945/12914 1944/12915
f 1981/12916 1944/12917 1982/12918
f 1982/12919 1944/12920 1943/12921
f 1982/12922 1943/12923 1983/12924
f 1983/12925 1943/12926 1942/12927
f 1983/12928 1942/12929 1984/12930
f 1984/12931 1942/12932 1941/12933
f 1984/12934 1941/12935 1985/12936
f 1985/12937 1941/12938 1940/12939
f 1985/12940 1940/12941 1986/12942
f 1986/12943 1940/12944 1939/12945
f 1986/12946 1939/12947 1987/12948
f 1987/12949 1939/12950 1938/12951
f 1987/12952 1938/12953 1988/12954
f 1988/12955 1938/12956 1937/12957
f 1988/12958 1937/12959 1989/12960
f 1989/12961 1937/12962 1936/12963
f 1989/12964 1936/12965 1990/12966
f 1990/12967 1936/12968 1935/12969
f 1990/12970 1935/12971 1991/12972
f 1991/12973 1935/12974 1934/12975
f 1991/12976 1934/12977 1992/12978
f 1992/12979 1934/12980 1933/12981
f 1992/12982 1933/12983 1993/12984
f 1993/12985 1933/12986 1932/12987
f 1993/12988 1932/12989 1994/12990
f 1994/12991 1932/12992 1931/12993
f 1994/12994 1931/12995 1995/12996
f 1995/12997 1931/12998 1930/12999
f 1995/13000 1930/13001 1996/13002
f 1996/13003 1930/13004 1929/13005
f 1996/13006 1929/13007 1997/13008
f 1997/13009 1929/13010 1928/13011
f 1997/13012 1928/13013 1998/13014
f 1998/13015 1928/13016 1927/13017
f 1998/13018 1927/13019 1999/13020
f 1999/13021 1927/13022 1926/13023
f 1999/13024 1926/13025 2000/13026
f 2000/13027 1926/13028 1925/13029
f 2000/13030 1925/13031 2001/13032
f 2001/13033 1925/13034 1924/13035
f 2001/13036 1924/13037 1959/13038
f 1959/13039 1924/13040 1923/13041
f 1959/13042 1923/13043 1960/13044
f 1960/13045 1923/13046 1922/13047
f 1960/13048 1922/13049 1962/13050
f 1962/13051 1922/13052 1921/13053
f 1962/13054 1921/13055 1963/13056
f 1963/13057 1921/13058 1920/13059
f 1963/13060 1920/13061 1964/13062
f 1964/13063 1920/13064 1919/13065
f 1964/13066 1919/13067 1965/13068
f 1965/13069 1919/13070 1917/13071
f 1965/13072 1917/13073 1966/13074
f 1966/13075 1917/13076 1916/13077
f 1966/13078 1916/13079 1967/13080
f 1967/13081 1916/13082 1958/13083
