# Exported from USD for MuJoCo with source material subsets
v 10.2301086 -7.64628683 0.106968474
v 10.2278291 -7.6494206 0.106968474
v 10.2278291 -7.64628683 0.106968474
v 10.2815494 -6.88728701 0.0943784237
v 10.2810676 -6.88281189 0.0943784237
v 10.283829 -6.88415228 0.0943784237
v 10.2789163 -6.88728701 0.0943784237
v 10.2815494 -6.88728701 0.106978369
v 9.83582923 -7.6494206 0.106968355
v 9.83354959 -7.64628683 0.106968355
v 9.83582923 -7.64628683 0.106968355
v 9.79022923 -6.82552277 0.0943682909
v 9.79022923 -6.87205063 0.0943682909
v 9.79022923 -6.85957514 0.0431105614
v 9.78782919 -7.66152273 0.0943682909
v 9.78782919 -7.70805012 0.0943682909
v 9.78474203 -7.66065966 0.0943682909
v 10.2301086 -6.88728701 0.106978369
v 10.283829 -6.88728701 0.11237843
v 10.2278291 -6.88728701 0.112378311
v 9.78474203 -7.64628683 0.0943682909
v 9.78210881 -7.64628683 0.0943682909
v 9.78210881 -7.64628683 0.106968355
v 9.82542923 -6.84402357 0.0471182585
v 9.82542923 -6.82552277 0.0943682909
v 9.82542923 -6.83799873 0.0431105614
v 10.2815494 -6.81028686 0.106978369
v 10.283829 -6.81028686 0.106978369
v 10.283829 -6.81342159 0.106978369
v 9.77982917 -6.88728701 0.106968355
v 9.78210881 -6.88728701 0.106968355
v 9.77982917 -6.88728701 0.112368298
v 9.82782927 -7.68954979 0.0471183777
v 9.82782921 -7.70805012 0.0943682909
v 9.82782927 -7.69557463 0.0431105614
v 9.78565481 -7.70977627 0.112368298
v 9.78634938 -7.65971361 0.112368298
v 9.78496024 -7.65971361 0.112368298
v 10.238229 -6.82552277 0.0943783045
v 10.255829 -6.82466017 0.0943784237
v 10.238229 -6.87205063 0.0943783045
v 9.78210881 -7.72328697 0.106968355
v 9.77982917 -7.72328697 0.112368298
v 9.77982917 -7.72328697 0.106968355
v 9.83582923 -6.81342159 0.106968355
v 9.83354959 -6.81028686 0.106968355
v 9.83582923 -6.81028686 0.106968355
v 9.77982917 -7.64628683 0.112368298
v 9.78634938 -7.64888035 0.112368298
v 9.83582923 -7.64628683 0.112368298
v 9.77982917 -7.66065966 0.0943682909
v 9.77982917 -7.6494206 0.106968355
v 9.77982917 -7.6494206 0.0943682909
v 9.82542923 -7.69020306 0.0440868855
v 9.82542923 -7.69028698 0.0448683023
v 9.82782927 -7.69028698 0.0448684216
v 9.77982917 -6.88415228 0.0943682909
v 9.77982917 -6.88415228 0.106968355
v 9.77982917 -6.8729137 0.0943682909
v 9.83582923 -6.88415228 0.106968355
v 9.83582923 -6.88415228 0.0943682909
v 9.83582923 -6.8729137 0.0943682909
v 9.77982917 -6.81028686 0.106968355
v 9.77982917 -6.81028686 0.112368298
v 9.78210881 -6.81028686 0.106968355
v 10.2278291 -6.88415228 0.106978369
v 10.2278291 -6.8729137 0.0943783045
v 10.2278291 -6.88415228 0.0943783045
v 10.2374134 -6.8773955 0.112378311
v 10.2376546 -6.87927662 0.112378311
v 10.2740034 -6.87927662 0.11237843
v 10.2382291 -6.84878717 0.0493783474
v 10.2758291 -6.83799873 0.043120575
v 10.275829 -6.82552277 0.0943784237
v 10.2758291 -6.85957514 0.043120575
v 9.82600358 -7.71527658 0.112368298
v 9.7894136 -7.71339546 0.112368298
v 9.78965482 -7.71527658 0.112368298
v 9.83582923 -7.6494206 0.0943682909
v 9.83582923 -7.66065966 0.0943682909
v 9.83582923 -6.81342159 0.0943682909
v 9.83582923 -6.82466017 0.0943682909
v 9.83582923 -6.81028686 0.112368298
v 9.83582923 -7.72015224 0.106968355
v 9.83582923 -7.72328697 0.106968355
v 9.83354959 -7.72328697 0.106968355
v 9.82782927 -6.84328733 0.0448684216
v 9.82542923 -6.84328733 0.0448683023
v 9.82782927 -6.84337078 0.0440868855
v 9.82542923 -6.84878717 0.0493683338
v 9.82542923 -6.87205063 0.0943682909
v 9.77982917 -7.64628683 0.106968355
v 9.83354959 -6.88728701 0.106968355
v 9.83582923 -6.88728701 0.106968355
v 9.77982917 -6.81342159 0.106968355
v 9.82600358 -6.87927662 0.112368298
v 9.8262448 -6.8773955 0.112368298
v 9.78965482 -6.87927662 0.112368298
v 10.2278291 -6.81342159 0.106978369
v 10.2278291 -6.81028686 0.112378311
v 10.2278291 -6.81028686 0.106978369
v 10.2278291 -6.88728701 0.106978369
v 10.2358291 -6.84402357 0.0471283913
v 10.2358291 -6.82552277 0.0943783045
v 10.2358291 -6.83799873 0.043120575
v 10.2382291 -6.84337078 0.044096899
v 10.2382291 -6.84328733 0.0448784351
v 10.2358291 -6.84328733 0.0448784351
v 10.283829 -6.81028686 0.11237843
v 10.275829 -6.87205063 0.0943784237
v 9.8340036 -7.71527658 0.112368298
v 9.83582923 -7.72328697 0.112368298
v 9.83582923 -7.72015224 0.0943682909
v 9.83582923 -7.70891367 0.0943682909
v 9.83091637 -7.66065966 0.0943682909
v 9.82782921 -7.66152273 0.0943682909
v 9.82782921 -7.68478666 0.049368453
v 9.82782927 -7.68002354 0.0471183777
v 9.82782927 -7.6739987 0.0431105614
v 10.2382291 -6.83799873 0.043120575
v 10.2382291 -6.84402357 0.0471283913
v 9.82542923 -6.85354982 0.0471182585
v 9.82542923 -6.85957514 0.0431105614
v 9.78782925 -6.85957514 0.0431105614
v 9.78782919 -6.82552277 0.0943682909
v 9.78782925 -6.83799873 0.0431105614
v 9.78634938 -7.72069298 0.112368298
v 10.283829 -6.82466017 0.0943784237
v 10.283829 -6.81342159 0.0943784237
v 9.78474203 -6.88728701 0.0943682909
v 9.78210881 -6.88728701 0.0943682909
v 9.7816548 -7.71527658 0.112368298
v 10.273429 -6.87205063 0.0943784237
v 10.273429 -6.82552277 0.0943784237
v 10.2734291 -6.85957514 0.043120575
v 9.82542923 -7.66152273 0.0943682909
v 9.82542923 -7.70805012 0.0943682909
v 9.80782923 -7.66065966 0.0943682909
v 9.83582923 -6.88728701 0.112368298
v 9.78474203 -6.81028686 0.0943682909
v 9.78210881 -6.81028686 0.0943682909
v 9.7816548 -6.87927662 0.112368298
v 9.78474203 -7.72328697 0.0943682909
v 9.78210881 -7.72328697 0.0943682909
v 9.77982917 -7.72015224 0.106968355
v 9.79022923 -7.70805012 0.0943682909
v 9.79022923 -7.66152273 0.0943682909
v 10.283829 -6.88728701 0.106978369
v 9.79022923 -7.6739987 0.0431105614
v 9.79022923 -7.69557463 0.0431105614
v 10.2301086 -6.88728701 0.0943783045
v 10.2327418 -6.88728701 0.0943783045
v 9.78782925 -7.6739987 0.0431105614
v 9.78782925 -7.69557463 0.0431105614
v 10.2327418 -6.8729137 0.0943783045
v 10.2358291 -6.87205063 0.0943783045
v 10.2358291 -6.84878717 0.0493783474
v 10.2358291 -6.85354982 0.0471283913
v 10.2358291 -6.85957514 0.043120575
v 10.2789163 -6.81028686 0.0943784237
v 10.2815494 -6.81028686 0.0943784237
v 10.2382291 -6.85354982 0.0471283913
v 10.2382291 -6.85957514 0.043120575
v 10.255829 -6.8729137 0.0943784237
v 10.2789163 -6.82466017 0.0943784237
v 10.283829 -6.8729137 0.0943784237
v 10.283829 -6.88415228 0.106978369
v 10.2773088 -6.88469301 0.11237843
v 9.83091637 -7.64628683 0.0943682909
v 9.83354959 -7.64628683 0.0943682909
v 9.8330678 -6.81476198 0.0943682909
v 9.83354959 -6.81028686 0.0943682909
v 9.8330678 -7.65076195 0.0943682909
v 9.83091637 -6.81028686 0.0943682909
v 10.2296546 -6.87927662 0.112378311
v 9.83091637 -6.82466017 0.0943682909
v 9.82782921 -6.87205063 0.0943682909
v 9.82782921 -6.82552277 0.0943682909
v 9.82782921 -6.84878717 0.049368453
v 9.82782927 -6.84402357 0.0471183777
v 9.82782927 -6.83799873 0.0431105614
v 9.7825906 -7.65076195 0.0943682909
v 9.82542923 -6.84337078 0.0456498384
v 9.82542923 -7.68002354 0.0471182585
v 9.82542923 -7.6739987 0.0431105614
v 10.2358291 -6.84337078 0.045659852
v 10.278698 -6.87386022 0.11237843
v 10.2780034 -6.82379661 0.11237843
v 10.2773088 -6.87386022 0.11237843
v 9.80782923 -6.82466017 0.0943682909
v 9.82782927 -6.85354982 0.0471183777
v 9.82782927 -6.85957514 0.0431105614
v 9.79022923 -6.83799873 0.0431105614
v 9.78782919 -6.87205063 0.0943682909
v 9.78474203 -6.82466017 0.0943682909
v 9.83091637 -6.88728701 0.0943682909
v 9.83354959 -6.88728701 0.0943682909
v 9.82782927 -7.69020306 0.0456498384
v 9.82542923 -7.68478666 0.0493683338
v 10.2820034 -6.81829678 0.11237843
v 9.82542923 -7.68954979 0.0471182585
v 9.82542923 -7.69557463 0.0431105614
v 10.2734291 -6.83799873 0.043120575
v 9.77982917 -6.81342159 0.0943682909
v 9.77982917 -6.82466017 0.0943682909
v 9.7825906 -6.81476198 0.0943682909
v 9.8340036 -6.87927662 0.112368298
v 9.82930901 -6.88469301 0.112368298
v 10.2773088 -6.81288086 0.11237843
v 9.83354959 -7.72328697 0.0943682909
v 9.83091637 -7.72328697 0.0943682909
v 9.82930901 -6.81288086 0.112368298
v 10.2305905 -6.88281189 0.0943783045
v 9.77982917 -7.70891367 0.0943682909
v 9.77982917 -7.72015224 0.0943682909
v 10.2278291 -6.81342159 0.0943783045
v 10.2278291 -6.82466017 0.0943783045
v 10.2301086 -6.81028686 0.106978369
v 10.2301086 -6.81028686 0.0943783045
v 10.2327418 -6.81028686 0.0943783045
v 9.82600364 -6.81829678 0.0943682909
v 9.8257164 -6.82466017 0.0943682909
v 9.8257164 -6.81028686 0.0943682909
v 9.80782923 -6.81028686 0.0943682909
v 9.78994199 -6.81028686 0.0943682909
v 9.78994199 -6.82466017 0.0943682909
v 9.78965482 -6.81829678 0.0943682909
v 9.7894136 -6.82017837 0.0943682909
v 9.78871903 -6.82183252 0.0943682909
v 9.78765479 -6.8230599 0.0943682909
v 9.78634938 -6.82371317 0.0943682909
v 9.78565481 -6.82379661 0.0943682909
v 9.78496024 -6.82371317 0.0943682909
v 9.78365478 -6.8230599 0.0943682909
v 9.7825906 -6.82183252 0.0943682909
v 9.78189602 -6.82017837 0.0943682909
v 9.7816548 -6.81829678 0.0943682909
v 9.7894136 -6.81641565 0.0943682909
v 9.78871903 -6.81476198 0.0943682909
v 9.78765479 -6.81353413 0.0943682909
v 9.78634938 -6.81288086 0.0943682909
v 9.78496024 -6.81288086 0.0943682909
v 10.2296546 -6.81829678 0.0943783045
v 10.2298959 -6.82017837 0.0943783045
v 10.2305905 -6.82183252 0.0943783045
v 10.2316546 -6.8230599 0.0943783045
v 10.2327418 -6.82466017 0.0943783045
v 10.2329601 -6.82371317 0.0943783045
v 10.2343493 -6.82371317 0.0943783045
v 10.2379418 -6.82466017 0.0943783045
v 10.2356546 -6.8230599 0.0943783045
v 10.2367188 -6.82183252 0.0943783045
v 10.2374134 -6.82017837 0.0943783045
v 10.2376546 -6.81829678 0.0943783045
v 10.2316546 -6.87451397 0.0943783045
v 10.2305905 -6.87574135 0.0943783045
v 10.2298959 -6.8773955 0.0943783045
v 10.2296546 -6.87927662 0.0943783045
v 10.2329601 -6.87386022 0.0943783045
v 10.2336546 -6.87377678 0.0943783045
v 10.2343493 -6.87386022 0.0943783045
v 10.2379418 -6.8729137 0.0943783045
v 10.2356546 -6.87451397 0.0943783045
v 10.2367188 -6.87574135 0.0943783045
v 10.2374134 -6.8773955 0.0943783045
v 10.2376546 -6.87927662 0.0943783045
v 10.2379418 -6.88728701 0.0943783045
v 10.2374134 -6.88115774 0.0943783045
v 10.2367188 -6.88281189 0.0943783045
v 10.2356546 -6.88403974 0.0943783045
v 10.2343493 -6.88469301 0.0943783045
v 10.2329601 -6.88469301 0.0943783045
v 10.255829 -6.88728701 0.0943784237
v 10.2737163 -6.88728701 0.0943784237
v 10.2737163 -6.8729137 0.0943784237
v 10.2740034 -6.87927662 0.0943784237
v 10.2737163 -6.82466017 0.0943784237
v 10.255829 -6.8115419 0.0943784237
v 10.2737163 -6.8115419 0.0943784237
v 10.255829 -6.81028686 0.0943784237
v 10.2737163 -6.81028686 0.0943784237
v 10.2789163 -6.8115419 0.0943784237
v 10.2379418 -6.81028686 0.0943783045
v 10.2379418 -6.8115419 0.0943783045
v 10.2327418 -6.8115419 0.0943783045
v 10.2358291 -6.84337078 0.044096899
v 10.2382291 -6.84402357 0.0426283598
v 10.2358291 -6.84402357 0.0426283598
v 10.2382291 -6.84525143 0.0414311409
v 10.2358291 -6.84525143 0.0414311409
v 10.2382291 -6.84690557 0.0406498432
v 10.2358291 -6.84690557 0.0406498432
v 10.2382291 -6.84878717 0.0403784037
v 10.2358291 -6.84878717 0.0403784037
v 10.2382291 -6.85066782 0.0406498432
v 10.2358291 -6.85066782 0.0406498432
v 10.2382291 -6.85232244 0.0414311409
v 10.2358291 -6.85232244 0.0414311409
v 10.2382291 -6.85354982 0.0426283598
v 10.2358291 -6.85354982 0.0426283598
v 10.2382291 -6.85420357 0.044096899
v 10.2358291 -6.85420357 0.044096899
v 10.2382291 -6.85420357 0.045659852
v 10.2358291 -6.85420357 0.045659852
v 10.2382291 -6.85232244 0.0483256102
v 10.2358291 -6.85232244 0.0483256102
v 10.2382291 -6.85066782 0.0491069078
v 10.2358291 -6.85066782 0.0491069078
v 10.2382291 -6.84690557 0.0491069078
v 10.2358291 -6.84690557 0.0491069078
v 10.2382291 -6.84525143 0.0483256102
v 10.2358291 -6.84525143 0.0483256102
v 10.2382291 -6.84337078 0.045659852
v 9.7894136 -7.65617834 0.112368298
v 9.78871903 -7.65783201 0.112368298
v 9.83000359 -7.65979658 0.112368298
v 9.78871903 -7.71174131 0.112368298
v 9.78765479 -7.65905987 0.112368298
v 9.78765479 -7.71051298 0.112368298
v 9.78634938 -7.70985971 0.112368298
v 9.78994199 -7.66152273 0.0943682909
v 9.78994199 -7.66065966 0.0943682909
v 9.78994199 -7.64628683 0.0943682909
v 9.80782923 -7.64628683 0.0943682909
v 9.8257164 -7.66065966 0.0943682909
v 9.8257164 -7.64628683 0.0943682909
v 9.82600364 -7.65429674 0.0943682909
v 9.82624486 -7.65241562 0.0943682909
v 9.82693937 -7.65076195 0.0943682909
v 9.82800361 -7.64953361 0.0943682909
v 9.82930901 -7.64888035 0.0943682909
v 9.83069822 -7.64888035 0.0943682909
v 9.78965482 -7.65429674 0.0943682909
v 9.82624486 -7.65617834 0.0943682909
v 9.82693937 -7.65783201 0.0943682909
v 9.82800361 -7.65905987 0.0943682909
v 9.82930901 -7.65971361 0.0943682909
v 9.83000365 -7.65979658 0.0943682909
v 9.83069822 -7.65971361 0.0943682909
v 9.83200362 -7.65905987 0.0943682909
v 9.8330678 -7.65783201 0.0943682909
v 9.83376238 -7.65617834 0.0943682909
v 9.8340036 -7.65429674 0.0943682909
v 9.83091637 -7.70891367 0.0943682909
v 9.8257164 -7.70891367 0.0943682909
v 9.82930901 -7.70985971 0.0943682909
v 9.82800361 -7.71051298 0.0943682909
v 9.82693937 -7.71174131 0.0943682909
v 9.82624486 -7.71339546 0.0943682909
v 9.82600364 -7.71527658 0.0943682909
v 9.83069822 -7.70985971 0.0943682909
v 9.83200362 -7.71051298 0.0943682909
v 9.8330678 -7.71174131 0.0943682909
v 9.83376238 -7.71339546 0.0943682909
v 9.8340036 -7.71527658 0.0943682909
v 10.2376546 -6.81829678 0.112378311
v 10.2374134 -6.82017837 0.112378311
v 10.2336546 -6.87377678 0.112378311
v 10.2367188 -6.82183252 0.112378311
v 10.2356546 -6.8230599 0.112378311
v 10.2343492 -6.82371317 0.112378311
v 10.2329601 -6.82371317 0.112378311
v 9.78634938 -7.65971361 0.0943682909
v 9.78765479 -7.65905987 0.0943682909
v 9.78871903 -7.65783201 0.0943682909
v 9.7894136 -7.65617834 0.0943682909
v 9.78496024 -7.65971361 0.0943682909
v 9.78365478 -7.65905987 0.0943682909
v 9.7825906 -7.65783201 0.0943682909
v 9.78189602 -7.65617834 0.0943682909
v 9.7816548 -7.65429674 0.0943682909
v 9.78994199 -7.72328697 0.0943682909
v 9.80782923 -7.72328697 0.0943682909
v 9.8257164 -7.72328697 0.0943682909
v 10.2734291 -6.85639273 0.0383762836
v 10.2734291 -6.85843025 0.0405481577
v 10.2734291 -6.85365139 0.0368062973
v 10.2734291 -6.85045992 0.0359831572
v 10.2734291 -6.84711395 0.0359831572
v 10.2734291 -6.84392248 0.0368062973
v 10.2734291 -6.84118114 0.0383762836
v 10.2734291 -6.83914362 0.0405481577
v 9.83000359 -6.87377678 0.112368298
v 9.83069816 -6.82371317 0.112368298
v 9.82930901 -6.87386022 0.112368298
v 9.82800361 -6.87451397 0.112368298
v 9.82693937 -6.87574135 0.112368298
v 9.78871903 -6.87574135 0.112368298
v 9.7894136 -6.8773955 0.112368298
v 9.82930901 -6.82371317 0.112368298
v 9.78765479 -6.87451397 0.112368298
v 9.78965482 -6.81829678 0.112368298
v 9.78634938 -6.87386022 0.112368298
v 9.78496024 -6.87386022 0.112368298
v 9.7894136 -6.82017837 0.112368298
v 9.78871903 -6.82183252 0.112368298
v 9.78765479 -6.8230599 0.112368298
v 9.78634938 -6.82371317 0.112368298
v 9.78565481 -6.82379661 0.112368298
v 9.78496024 -6.82371317 0.112368298
v 9.78365478 -6.87451397 0.112368298
v 9.78365478 -6.8230599 0.112368298
v 9.7825906 -6.87574135 0.112368298
v 9.7825906 -6.82183252 0.112368298
v 9.78189602 -6.82017837 0.112368298
v 9.7816548 -6.81829678 0.112368298
v 9.78189602 -6.81641565 0.112368298
v 9.7825906 -6.81476198 0.112368298
v 9.78365478 -6.81353413 0.112368298
v 9.78496024 -6.81288086 0.112368298
v 9.78634938 -6.81288086 0.112368298
v 9.8262448 -6.81641565 0.112368298
v 9.82600358 -6.81829678 0.112368298
v 9.8262448 -6.82017837 0.112368298
v 9.82693937 -6.82183252 0.112368298
v 9.82800361 -6.8230599 0.112368298
v 9.78765479 -6.81353413 0.112368298
v 9.78871903 -6.81476198 0.112368298
v 9.7894136 -6.81641565 0.112368298
v 9.82693937 -6.81476198 0.112368298
v 9.82800361 -6.81353413 0.112368298
v 9.78189602 -6.8773955 0.112368298
v 9.78189602 -6.88115774 0.112368298
v 9.7825906 -6.88281189 0.112368298
v 9.78365478 -6.88403974 0.112368298
v 9.78496024 -6.88469301 0.112368298
v 9.78634938 -6.88469301 0.112368298
v 9.78765479 -6.88403974 0.112368298
v 9.78871903 -6.88281189 0.112368298
v 9.82800361 -6.88403974 0.112368298
v 9.82693937 -6.88281189 0.112368298
v 9.8262448 -6.88115774 0.112368298
v 9.7894136 -6.88115774 0.112368298
v 9.83376238 -6.8773955 0.112368298
v 9.8330678 -6.87574135 0.112368298
v 9.83200362 -6.87451397 0.112368298
v 9.83069816 -6.87386022 0.112368298
v 9.8340036 -6.81829678 0.112368298
v 9.83376238 -6.81641565 0.112368298
v 9.8330678 -6.81476198 0.112368298
v 9.83200362 -6.81353413 0.112368298
v 9.83069816 -6.81288086 0.112368298
v 9.83376238 -7.71715771 0.0943682909
v 9.8330678 -7.71881185 0.0943682909
v 9.83200362 -7.72003971 0.0943682909
v 9.83091637 -7.72203194 0.0943682909
v 9.83069822 -7.72069298 0.0943682909
v 9.82930901 -7.72069298 0.0943682909
v 9.8257164 -7.72203194 0.0943682909
v 9.82800361 -7.72003971 0.0943682909
v 9.82693937 -7.71881185 0.0943682909
v 9.82624486 -7.71715771 0.0943682909
v 9.82930901 -7.65971361 0.112368298
v 9.78965482 -7.65429674 0.112368298
v 9.78365478 -6.81353413 0.0943682909
v 10.2737163 -6.82552277 0.0943784237
v 9.78189602 -7.65241562 0.0943682909
v 9.78496024 -7.70985971 0.112368298
v 9.78365478 -7.71051298 0.112368298
v 9.7825906 -7.71174131 0.112368298
v 9.78189602 -7.71339546 0.112368298
v 9.78365478 -7.65905987 0.112368298
v 9.7825906 -7.65783201 0.112368298
v 9.78189602 -7.65617834 0.112368298
v 9.7816548 -7.65429674 0.112368298
v 9.78189602 -7.65241562 0.112368298
v 9.7825906 -7.65076195 0.112368298
v 9.78365478 -7.64953361 0.112368298
v 9.78496024 -7.64888035 0.112368298
v 9.8257164 -7.70805012 0.0943682909
v 9.82542923 -7.69442974 0.0405381441
v 9.82782927 -7.69442974 0.0405381441
v 9.82542923 -7.69239221 0.0383662701
v 9.82782927 -7.69239221 0.0383662701
v 9.82542923 -7.68965088 0.0367962837
v 9.82782927 -7.68965088 0.0367962837
v 9.82542923 -7.68645988 0.0359730244
v 9.82782927 -7.68645988 0.0359730244
v 9.82542923 -7.68311392 0.0359730244
v 9.82782927 -7.68311392 0.0359730244
v 9.82542923 -7.67992245 0.0367962837
v 9.82782927 -7.67992245 0.0367962837
v 9.82542923 -7.67718111 0.0383662701
v 9.82782927 -7.67718111 0.0383662701
v 9.82542923 -7.67514358 0.0405381441
v 9.82782927 -7.67514358 0.0405381441
v 9.8257164 -7.66152273 0.0943682909
v 9.8340036 -6.87927662 0.0943682909
v 9.83376238 -6.8773955 0.0943682909
v 9.8330678 -6.87574135 0.0943682909
v 9.83200362 -6.87451397 0.0943682909
v 9.83091637 -6.8729137 0.0943682909
v 9.83069822 -6.87386022 0.0943682909
v 9.83000365 -6.87377678 0.0943682909
v 9.82930901 -6.87386022 0.0943682909
v 9.8257164 -6.8729137 0.0943682909
v 9.82800361 -6.87451397 0.0943682909
v 9.82693937 -6.87574135 0.0943682909
v 9.82624486 -6.8773955 0.0943682909
v 9.82600364 -6.87927662 0.0943682909
v 9.8257164 -6.88603197 0.0943682909
v 9.82624486 -6.88115774 0.0943682909
v 9.82693937 -6.88281189 0.0943682909
v 9.82800361 -6.88403974 0.0943682909
v 9.82930901 -6.88469301 0.0943682909
v 9.83091637 -6.88603197 0.0943682909
v 9.83069822 -6.88469301 0.0943682909
v 9.83200362 -6.88403974 0.0943682909
v 9.8330678 -6.88281189 0.0943682909
v 9.83376238 -6.88115774 0.0943682909
v 9.83200362 -6.8230599 0.0943682909
v 9.8330678 -6.82183252 0.0943682909
v 9.83376238 -6.82017837 0.0943682909
v 9.8340036 -6.81829678 0.0943682909
v 9.83069822 -6.82371317 0.0943682909
v 9.82930901 -6.82371317 0.0943682909
v 9.82800361 -6.8230599 0.0943682909
v 9.82693937 -6.82183252 0.0943682909
v 9.82624486 -6.82017837 0.0943682909
v 9.82782921 -7.68832193 0.0483155966
v 9.82782921 -7.68666731 0.0490968943
v 9.80782923 -6.88728701 0.0943682909
v 9.8257164 -6.88728701 0.0943682909
v 9.78994199 -6.88728701 0.0943682909
v 10.2737163 -6.87205063 0.0943784237
v 10.2758291 -6.85843025 0.0405481577
v 10.2758291 -6.85639273 0.0383762836
v 10.2758291 -6.85365139 0.0368062973
v 10.2758291 -6.85045992 0.0359831572
v 10.2758291 -6.84711395 0.0359831572
v 10.2758291 -6.84392248 0.0368062973
v 10.2758291 -6.84118114 0.0383762836
v 10.2758291 -6.83914362 0.0405481577
v 9.7816548 -6.87927662 0.0943682909
v 9.78189602 -6.8773955 0.0943682909
v 9.7825906 -6.87574135 0.0943682909
v 9.78365478 -6.87451397 0.0943682909
v 9.78474203 -6.8729137 0.0943682909
v 9.78496024 -6.87386022 0.0943682909
v 9.78634938 -6.87386022 0.0943682909
v 9.78994199 -6.8729137 0.0943682909
v 9.78765479 -6.87451397 0.0943682909
v 9.78871903 -6.87574135 0.0943682909
v 9.7894136 -6.8773955 0.0943682909
v 9.78965482 -6.87927662 0.0943682909
v 9.78782925 -7.69239221 0.0383662701
v 9.78782925 -7.69442974 0.0405381441
v 9.78782925 -7.68965088 0.0367960453
v 9.78782925 -7.68645988 0.0359730244
v 9.78782925 -7.68311392 0.0359730244
v 9.78782925 -7.67992245 0.0367960453
v 9.78782925 -7.67718111 0.0383662701
v 9.78782925 -7.67514358 0.0405381441
v 9.82542923 -7.69020306 0.0456498384
v 9.82542923 -7.68954979 0.0426183462
v 9.78994199 -6.88603197 0.0943682909
v 9.7894136 -6.88115774 0.0943682909
v 9.78871903 -6.88281189 0.0943682909
v 9.78765479 -6.88403974 0.0943682909
v 9.78634938 -6.88469301 0.0943682909
v 9.78474203 -6.88603197 0.0943682909
v 9.78496024 -6.88469301 0.0943682909
v 9.78365478 -6.88403974 0.0943682909
v 9.7825906 -6.88281189 0.0943682909
v 9.78189602 -6.88115774 0.0943682909
v 9.78765479 -7.64953361 0.112368298
v 9.78871903 -7.65076195 0.112368298
v 9.82930901 -7.64888035 0.112368298
v 9.82800361 -7.64953361 0.112368298
v 9.82693937 -7.65076195 0.112368298
v 9.8262448 -7.65241562 0.112368298
v 9.7894136 -7.65241562 0.112368298
v 9.82600358 -7.65429674 0.112368298
v 9.83069816 -7.64888035 0.112368298
v 9.83200362 -7.64953361 0.112368298
v 9.8330678 -7.65076195 0.112368298
v 9.83376238 -7.65241562 0.112368298
v 9.8340036 -7.65429674 0.112368298
v 9.83376238 -7.71339546 0.112368298
v 9.83376238 -7.65617834 0.112368298
v 9.8330678 -7.71174131 0.112368298
v 9.83200362 -7.71051298 0.112368298
v 9.83069816 -7.70985971 0.112368298
v 9.8330678 -7.65783201 0.112368298
v 9.82930901 -7.70985971 0.112368298
v 9.82800361 -7.71051298 0.112368298
v 9.82693937 -7.71174131 0.112368298
v 9.8262448 -7.71339546 0.112368298
v 9.83200362 -7.65905987 0.112368298
v 9.83069816 -7.65971361 0.112368298
v 9.82782927 -7.69020306 0.0440868855
v 9.82782927 -7.68954979 0.0426183462
v 9.82542923 -7.68832193 0.0414211273
v 9.82782927 -7.68832193 0.0414211273
v 9.82542923 -7.68666731 0.0406398296
v 9.82782927 -7.68666731 0.0406398296
v 9.82542923 -7.68478666 0.0403682709
v 9.82782927 -7.68478666 0.0403683901
v 9.82542923 -7.68290602 0.0406398296
v 9.82782927 -7.68290602 0.0406398296
v 9.82542923 -7.68125139 0.0414211273
v 9.82782927 -7.68125139 0.0414211273
v 9.82542923 -7.68002354 0.0426183462
v 9.82782927 -7.68002354 0.0426183462
v 9.82542923 -7.67937027 0.0440868855
v 9.82782927 -7.67937027 0.0440868855
v 9.82542923 -7.67937027 0.0456498384
v 9.82782927 -7.67937027 0.0456498384
v 9.82542923 -7.68125139 0.0483155966
v 9.82782921 -7.68125139 0.0483155966
v 9.82542923 -7.68290602 0.0490968943
v 9.82782921 -7.68290602 0.0490968943
v 9.82542923 -7.68666731 0.0490968943
v 9.82542923 -7.68832193 0.0483155966
v 9.79022923 -6.85045992 0.0359730244
v 9.79022923 -6.84711395 0.0359730244
v 9.79022923 -6.85365139 0.0367960453
v 9.79022923 -6.84392248 0.0367960453
v 9.79022923 -6.84118114 0.0383662701
v 9.79022923 -6.83914362 0.0405381441
v 9.79022923 -6.85639273 0.0383662701
v 9.79022923 -6.85843025 0.0405381441
v 9.78496024 -7.72069298 0.112368298
v 9.78365478 -7.72003971 0.112368298
v 9.7825906 -7.71881185 0.112368298
v 9.78189602 -7.71715771 0.112368298
v 9.78994199 -6.87205063 0.0943682909
v 9.78994199 -6.82552277 0.0943682909
v 9.78782925 -6.83914362 0.0405381441
v 9.78782925 -6.84118114 0.0383662701
v 9.78782925 -6.84392248 0.0367960453
v 9.78782925 -6.84711395 0.0359730244
v 9.78782925 -6.85045992 0.0359730244
v 9.78782925 -6.85365139 0.0367960453
v 9.78782925 -6.85639273 0.0383662701
v 9.78782925 -6.85843025 0.0405381441
v 9.8257164 -6.87205063 0.0943682909
v 9.82542923 -6.85843025 0.0405381441
v 9.82782927 -6.85843025 0.0405381441
v 9.82542923 -6.85639273 0.0383662701
v 9.82782927 -6.85639273 0.0383662701
v 9.82542923 -6.85365139 0.0367962837
v 9.82782927 -6.85365139 0.0367962837
v 9.82542923 -6.85045992 0.0359730244
v 9.82782927 -6.85045992 0.0359730244
v 9.82542923 -6.84711395 0.0359730244
v 9.82782927 -6.84711395 0.0359730244
v 9.82542923 -6.84392248 0.0367962837
v 9.82782927 -6.84392248 0.0367962837
v 9.82542923 -6.84118114 0.0383662701
v 9.82782927 -6.84118114 0.0383662701
v 9.82542923 -6.83914362 0.0405381441
v 9.82782927 -6.83914362 0.0405381441
v 9.8257164 -6.82552277 0.0943682909
v 10.2343492 -6.87386022 0.112378311
v 10.2749392 -6.87574135 0.11237843
v 10.2356546 -6.87451397 0.112378311
v 10.2367188 -6.87574135 0.112378311
v 10.2742446 -6.8773955 0.11237843
v 9.82542923 -6.85232244 0.0483155966
v 9.82542923 -6.85066782 0.0490968943
v 9.82782927 -6.85420357 0.0456498384
v 9.82782927 -6.85420357 0.0440868855
v 9.82782927 -6.85354982 0.0426183462
v 9.82542923 -6.85354982 0.0426183462
v 9.82542923 -6.85232244 0.0414211273
v 9.82542923 -6.85066782 0.0406398296
v 9.82542923 -6.84878717 0.0403682709
v 9.82542923 -6.84690557 0.0406398296
v 9.82542923 -6.84525143 0.0414211273
v 9.82542923 -6.84402357 0.0426183462
v 10.2760034 -6.87451397 0.11237843
v 10.2820034 -6.87927662 0.0943784237
v 10.2817622 -6.8773955 0.0943784237
v 10.2810676 -6.87574135 0.0943784237
v 10.2800035 -6.87451397 0.0943784237
v 10.2789163 -6.8729137 0.0943784237
v 10.278698 -6.87386022 0.0943784237
v 10.2773088 -6.87386022 0.0943784237
v 10.2760034 -6.87451397 0.0943784237
v 10.2749392 -6.87574135 0.0943784237
v 10.2742447 -6.8773955 0.0943784237
v 10.2800035 -6.8230599 0.0943784237
v 10.2810676 -6.82183252 0.0943784237
v 10.2817622 -6.82017837 0.0943784237
v 10.2820034 -6.81829678 0.0943784237
v 10.278698 -6.82371317 0.0943784237
v 10.2780035 -6.82379661 0.0943784237
v 10.2773088 -6.82371317 0.0943784237
v 10.2760034 -6.8230599 0.0943784237
v 10.2749392 -6.82183252 0.0943784237
v 10.2742447 -6.82017837 0.0943784237
v 10.2740034 -6.81829678 0.0943784237
v 10.2742447 -6.81641565 0.0943784237
v 10.2749392 -6.81476198 0.0943784237
v 10.2760034 -6.81353413 0.0943784237
v 10.2773088 -6.81288086 0.0943784237
v 10.278698 -6.81288086 0.0943784237
v 10.2800035 -6.81353413 0.0943784237
v 10.2810676 -6.81476198 0.0943784237
v 10.2817622 -6.81641565 0.0943784237
v 9.82782927 -6.84402357 0.0426183462
v 9.82782927 -6.84337078 0.0456498384
v 9.82542923 -6.84337078 0.0440868855
v 9.82782927 -6.84525143 0.0414211273
v 9.82782927 -6.84690557 0.0406398296
v 9.82782927 -6.84878717 0.0403683901
v 9.82782927 -6.85066782 0.0406398296
v 9.82782927 -6.85232244 0.0414211273
v 9.82542923 -6.85420357 0.0440868855
v 9.82542923 -6.85420357 0.0456498384
v 9.82782921 -6.85232244 0.0483155966
v 9.82782921 -6.85066782 0.0490968943
v 9.82782921 -6.84690557 0.0490968943
v 9.82542923 -6.84690557 0.0490968943
v 9.82782921 -6.84525143 0.0483155966
v 9.82542923 -6.84525143 0.0483155966
v 9.83200362 -7.64953361 0.0943682909
v 9.7894136 -7.65241562 0.0943682909
v 9.78871903 -7.65076195 0.0943682909
v 9.78765479 -7.64953361 0.0943682909
v 9.78634938 -7.64888035 0.0943682909
v 9.78496024 -7.64888035 0.0943682909
v 10.278698 -6.88469301 0.11237843
v 10.2800034 -6.88403974 0.11237843
v 10.2810676 -6.88281189 0.11237843
v 10.2817622 -6.88115774 0.11237843
v 10.2820034 -6.87927662 0.11237843
v 10.2810676 -6.82183252 0.11237843
v 10.2817622 -6.8773955 0.11237843
v 10.2810676 -6.87574135 0.11237843
v 10.2800034 -6.87451397 0.11237843
v 10.2800034 -6.8230599 0.11237843
v 10.278698 -6.82371317 0.11237843
v 10.2817622 -6.82017837 0.11237843
v 10.2773088 -6.82371317 0.11237843
v 10.2760034 -6.8230599 0.11237843
v 10.2749392 -6.82183252 0.11237843
v 10.2742446 -6.82017837 0.11237843
v 10.2740034 -6.81829678 0.11237843
v 10.2367188 -6.81476198 0.112378311
v 10.2374134 -6.81641565 0.112378311
v 10.2742446 -6.81641565 0.11237843
v 10.2749392 -6.81476198 0.11237843
v 10.2356546 -6.81353413 0.112378311
v 10.2343492 -6.81288086 0.112378311
v 10.2329601 -6.81288086 0.112378311
v 10.2316546 -6.81353413 0.112378311
v 10.2305905 -6.81476198 0.112378311
v 10.2298959 -6.81641565 0.112378311
v 10.2296546 -6.81829678 0.112378311
v 10.2305905 -6.87574135 0.112378311
v 10.2298959 -6.82017837 0.112378311
v 10.2305905 -6.82183252 0.112378311
v 10.2316546 -6.87451397 0.112378311
v 10.2316546 -6.8230599 0.112378311
v 10.2329601 -6.87386022 0.112378311
v 10.2298959 -6.8773955 0.112378311
v 10.2760034 -6.81353413 0.11237843
v 9.82624486 -6.81641565 0.0943682909
v 9.82693937 -6.81476198 0.0943682909
v 9.82800361 -6.81353413 0.0943682909
v 9.82930901 -6.81288086 0.0943682909
v 9.83069822 -6.81288086 0.0943682909
v 9.8262448 -7.65617834 0.112368298
v 9.82693937 -7.65783201 0.112368298
v 9.82800361 -7.65905987 0.112368298
v 9.83200362 -6.81353413 0.0943682909
v 9.83376238 -7.65241562 0.0943682909
v 10.2358291 -6.83914362 0.0405481577
v 10.2358291 -6.84118114 0.0383762836
v 10.2358291 -6.84392248 0.0368062973
v 10.2358291 -6.84711395 0.0359830379
v 10.2358291 -6.85045992 0.0359830379
v 10.2358291 -6.85365139 0.0368062973
v 10.2358291 -6.85639273 0.0383762836
v 10.2358291 -6.85843025 0.0405481577
v 10.2379418 -6.82552277 0.0943783045
v 9.79022923 -7.69239221 0.0383662701
v 9.79022923 -7.68965088 0.0367960453
v 9.79022923 -7.69442974 0.0405381441
v 9.79022923 -7.68645988 0.0359730244
v 9.79022923 -7.68311392 0.0359730244
v 9.79022923 -7.67992245 0.0367960453
v 9.79022923 -7.67718111 0.0383662701
v 9.79022923 -7.67514358 0.0405381441
v 9.78765479 -7.72003971 0.112368298
v 9.78871903 -7.71881185 0.112368298
v 9.7894136 -7.71715771 0.112368298
v 9.82930901 -7.72069298 0.112368298
v 9.82800361 -7.72003971 0.112368298
v 9.82693937 -7.71881185 0.112368298
v 9.8262448 -7.71715771 0.112368298
v 9.83069816 -7.72069298 0.112368298
v 9.83200362 -7.72003971 0.112368298
v 9.8330678 -7.71881185 0.112368298
v 9.83376238 -7.71715771 0.112368298
v 10.2382291 -6.83914362 0.0405481577
v 10.2382291 -6.84118114 0.0383762836
v 10.2382291 -6.84392248 0.0368062973
v 10.2382291 -6.84711395 0.0359830379
v 10.2382291 -6.85045992 0.0359830379
v 10.2382291 -6.85365139 0.0368062973
v 10.2382291 -6.85639273 0.0383762836
v 10.2382291 -6.85843025 0.0405481577
v 10.2379418 -6.87205063 0.0943783045
v 9.7816548 -7.71527658 0.0943682909
v 9.78189602 -7.71339546 0.0943682909
v 9.7825906 -7.71174131 0.0943682909
v 9.78365478 -7.71051298 0.0943682909
v 9.78474203 -7.70891367 0.0943682909
v 9.78496024 -7.70985971 0.0943682909
v 9.78565481 -7.70977627 0.0943682909
v 9.78634938 -7.70985971 0.0943682909
v 9.78994199 -7.70891367 0.0943682909
v 9.78765479 -7.71051298 0.0943682909
v 9.78871903 -7.71174131 0.0943682909
v 9.7894136 -7.71339546 0.0943682909
v 9.78965482 -7.71527658 0.0943682909
v 9.78994199 -7.72203194 0.0943682909
v 9.7894136 -7.71715771 0.0943682909
v 9.78871903 -7.71881185 0.0943682909
v 9.78765479 -7.72003971 0.0943682909
v 9.78634938 -7.72069298 0.0943682909
v 9.78474203 -7.72203194 0.0943682909
v 9.78496024 -7.72069298 0.0943682909
v 9.78365478 -7.72003971 0.0943682909
v 9.7825906 -7.71881185 0.0943682909
v 9.78189602 -7.71715771 0.0943682909
v 9.78994199 -7.70805012 0.0943682909
v 10.2742446 -6.88115774 0.11237843
v 10.2374134 -6.88115774 0.112378311
v 10.2749392 -6.88281189 0.11237843
v 10.2367188 -6.88281189 0.112378311
v 10.2356546 -6.88403974 0.112378311
v 10.2343492 -6.88469301 0.112378311
v 10.2329601 -6.88469301 0.112378311
v 10.2316546 -6.88403974 0.112378311
v 10.2305905 -6.88281189 0.112378311
v 10.2298959 -6.88115774 0.112378311
v 10.2760034 -6.88403974 0.11237843
v 10.2817622 -6.81641565 0.11237843
v 10.2810676 -6.81476198 0.11237843
v 10.2800034 -6.81353413 0.11237843
v 10.278698 -6.81288086 0.11237843
v 10.2316546 -6.88403974 0.0943783045
v 9.80782923 -7.72203194 0.0943682909
v 9.80782923 -7.70891367 0.0943682909
v 10.2298959 -6.88115774 0.0943783045
v 9.83376238 -6.82017837 0.112368298
v 9.8330678 -6.82183252 0.112368298
v 9.83200362 -6.8230599 0.112368298
v 9.78189602 -6.81641565 0.0943682909
v 9.80782923 -6.88603197 0.0943682909
v 10.2742447 -6.88115774 0.0943784237
v 10.2749392 -6.88281189 0.0943784237
v 10.2760034 -6.88403974 0.0943784237
v 10.2773088 -6.88469301 0.0943784237
v 10.278698 -6.88469301 0.0943784237
v 9.78365478 -7.64953361 0.0943682909
v 9.83376238 -6.81641565 0.0943682909
v 10.2374134 -6.81641565 0.0943783045
v 10.2367188 -6.81476198 0.0943783045
v 10.2356546 -6.81353413 0.0943783045
v 10.2343493 -6.81288086 0.0943783045
v 10.2329601 -6.81288086 0.0943783045
v 10.2316546 -6.81353413 0.0943783045
v 10.2305905 -6.81476198 0.0943783045
v 10.2298959 -6.81641565 0.0943783045
v 9.83069816 -6.88469301 0.112368298
v 9.83200362 -6.88403974 0.112368298
v 9.8330678 -6.88281189 0.112368298
v 9.83376238 -6.88115774 0.112368298
v 9.80782923 -6.8729137 0.0943682909
v 10.2800035 -6.88403974 0.0943784237
v 10.2817622 -6.88115774 0.0943784237
v 10.283829 -7.72328697 0.112368536
v 10.283829 -7.64628683 0.112368536
v 10.2820034 -7.71527658 0.112368536
v 10.2773088 -7.72069298 0.112368536
v 10.2278291 -7.72328697 0.112368536
v 10.2817622 -7.65617834 0.112368536
v 10.2780034 -7.70977627 0.112368536
v 10.2820034 -7.65429674 0.112368536
v 10.2376546 -7.71527658 0.112368536
v 10.2740034 -7.71527658 0.112368536
v 10.2742446 -7.71339546 0.112368536
v 10.2278291 -7.64628683 0.112368536
v 10.2773088 -7.64888035 0.112368536
v 10.2374134 -7.65617834 0.112368536
v 10.2740034 -7.65429674 0.112368536
v 10.2376546 -7.65429674 0.112368536
v 10.2296546 -7.65429674 0.112368536
v 10.2817622 -7.71715771 0.112368536
v 10.2810676 -7.71881185 0.112368536
v 10.2800034 -7.72003971 0.112368536
v 10.278698 -7.72069298 0.112368536
v 10.2298959 -7.65241562 0.112368536
v 10.2305905 -7.65076195 0.112368536
v 10.2316546 -7.64953361 0.112368536
v 10.2329601 -7.64888035 0.112368536
v 10.2343492 -7.64888035 0.112368536
v 10.2356546 -7.64953361 0.112368536
v 10.2367188 -7.65076195 0.112368536
v 10.2760034 -7.64953361 0.112368536
v 10.2749392 -7.65076195 0.112368536
v 10.2374134 -7.65241562 0.112368536
v 10.2742446 -7.65241562 0.112368536
v 10.2742446 -7.65617834 0.112368536
v 10.2367188 -7.65783201 0.112368536
v 10.2749392 -7.65783201 0.112368536
v 10.2305905 -7.71174131 0.112368536
v 10.2316546 -7.71051298 0.112368536
v 10.2760034 -7.65905987 0.112368536
v 10.2773088 -7.65971361 0.112368536
v 10.2329601 -7.70985971 0.112368536
v 10.278698 -7.65971361 0.112368536
v 10.2800034 -7.65905987 0.112368536
v 10.2343492 -7.70985971 0.112368536
v 10.2356546 -7.71051298 0.112368536
v 10.2367188 -7.71174131 0.112368536
v 10.2810676 -7.65783201 0.112368536
v 10.2749392 -7.71174131 0.112368536
v 10.2760034 -7.71051298 0.112368536
v 10.2773088 -7.70985971 0.112368536
v 10.2374134 -7.71339546 0.112368536
v 10.2356546 -7.65905987 0.112368536
v 10.2343492 -7.65971361 0.112368536
v 10.2336546 -7.65979658 0.112368536
v 10.2329601 -7.65971361 0.112368536
v 10.2298959 -7.71339546 0.112368536
v 10.2316546 -7.65905987 0.112368536
v 10.2296546 -7.71527658 0.112368536
v 10.2298959 -7.71715771 0.112368536
v 10.2305905 -7.71881185 0.112368536
v 10.2316546 -7.72003971 0.112368536
v 10.2329601 -7.72069298 0.112368536
v 10.2343492 -7.72069298 0.112368536
v 10.2749392 -7.71881185 0.112368536
v 10.2356546 -7.72003971 0.112368536
v 10.2367188 -7.71881185 0.112368536
v 10.2742446 -7.71715771 0.112368536
v 10.2374134 -7.71715771 0.112368536
v 10.2760034 -7.72003971 0.112368536
v 10.2305905 -7.65783201 0.112368536
v 10.2298959 -7.65617834 0.112368536
v 10.278698 -7.64888035 0.112368536
v 10.2800034 -7.64953361 0.112368536
v 10.2810676 -7.65076195 0.112368536
v 10.2817622 -7.65241562 0.112368536
v 10.278698 -7.70985971 0.112368536
v 10.2800034 -7.71051298 0.112368536
v 10.2810676 -7.71174131 0.112368536
v 10.2817622 -7.71339546 0.112368536
v 10.2358291 -7.70805012 0.0943685293
v 10.2358291 -7.69557463 0.0431107998
v 10.2379418 -7.70805012 0.0943685293
v 10.2382291 -7.69557463 0.0431107998
v 10.238229 -7.70805012 0.0943685293
v 10.238229 -7.66152273 0.0943685293
v 10.2382291 -7.6739987 0.0431107998
v 10.2379418 -7.66152273 0.0943685293
v 10.2358291 -7.6739987 0.0431107998
v 10.2358291 -7.66152273 0.0943685293
v 10.2358291 -7.68002354 0.0471184969
v 10.2358291 -7.68954979 0.0471184969
v 10.2358291 -7.68478666 0.049368453
v 10.2358291 -7.68125139 0.048315835
v 10.2358291 -7.68290602 0.0490972519
v 10.2358291 -7.68666731 0.0490972519
v 10.2358291 -7.68832193 0.048315835
v 10.2358291 -7.69020306 0.0456499577
v 10.2358291 -7.69028698 0.0448685408
v 10.2358291 -7.69020306 0.0440872431
v 10.2358291 -7.68954979 0.0426184654
v 10.2358291 -7.67937027 0.0456499577
v 10.2358291 -7.67937027 0.0440872431
v 10.2358291 -7.68002354 0.0426184654
v 10.2358291 -7.67514358 0.0405382633
v 10.2358291 -7.67718111 0.0383666277
v 10.2358291 -7.68125139 0.0414213657
v 10.2358291 -7.67992245 0.0367964029
v 10.2358291 -7.68290602 0.0406399488
v 10.2358291 -7.68311392 0.0359732628
v 10.2358291 -7.68478666 0.0403685093
v 10.2358291 -7.68645988 0.0359732628
v 10.2358291 -7.68666731 0.0406399488
v 10.2358291 -7.68965088 0.0367964029
v 10.2358291 -7.68832193 0.0414213657
v 10.2358291 -7.69239221 0.0383666277
v 10.2358291 -7.69442974 0.0405382633
v 10.2382291 -7.68002354 0.0471184969
v 10.2382291 -7.68478666 0.049368453
v 10.2382291 -7.68954979 0.0471184969
v 10.2382291 -7.68125139 0.048315835
v 10.2382291 -7.68290602 0.0490972519
v 10.2382291 -7.69020306 0.0456499577
v 10.2382291 -7.69028698 0.0448685408
v 10.2382291 -7.69020306 0.0440872431
v 10.2382291 -7.68954979 0.0426184654
v 10.2382291 -7.67937027 0.0456499577
v 10.2382291 -7.67937027 0.0440872431
v 10.2382291 -7.68002354 0.0426184654
v 10.2382291 -7.68832193 0.048315835
v 10.2382291 -7.68666731 0.0490972519
v 10.2382291 -7.67514358 0.0405382633
v 10.2382291 -7.67718111 0.0383666277
v 10.2382291 -7.68125139 0.0414213657
v 10.2382291 -7.67992245 0.0367964029
v 10.2382291 -7.68290602 0.0406399488
v 10.2382291 -7.68311392 0.0359732628
v 10.2382291 -7.68478666 0.0403685093
v 10.2382291 -7.68645988 0.0359732628
v 10.2382291 -7.68666731 0.0406399488
v 10.2382291 -7.68965088 0.0367964029
v 10.2382291 -7.68832193 0.0414213657
v 10.2382291 -7.69239221 0.0383666277
v 10.2382291 -7.69442974 0.0405382633
v 10.255829 -7.70891367 0.0943685293
v 10.273429 -7.66152273 0.0943685293
v 10.273429 -7.70805012 0.0943685293
v 10.2810676 -7.71881185 0.0943685293
v 10.283829 -7.72015224 0.0943685293
v 10.2815494 -7.72328697 0.0943685293
v 10.275829 -7.70805012 0.0943685293
v 10.275829 -7.66152273 0.0943685293
v 10.2789163 -7.70891367 0.0943685293
v 10.2278291 -7.72015224 0.0943685293
v 10.2305905 -7.71881185 0.0943685293
v 10.2301086 -7.72328697 0.0943685293
v 10.2327418 -7.70891367 0.0943685293
v 10.2296546 -7.65429674 0.0943685293
v 10.2278291 -7.6494206 0.0943685293
v 10.2298959 -7.65241562 0.0943685293
v 10.2305905 -7.65076195 0.0943685293
v 10.2316546 -7.64953361 0.0943685293
v 10.2327418 -7.64754139 0.0943685293
v 10.2329601 -7.64888035 0.0943685293
v 10.2343493 -7.64888035 0.0943685293
v 10.2379418 -7.64754139 0.0943685293
v 10.2356546 -7.64953361 0.0943685293
v 10.2367188 -7.65076195 0.0943685293
v 10.2374134 -7.65241562 0.0943685293
v 10.2376546 -7.65429674 0.0943685293
v 10.2379418 -7.66065966 0.0943685293
v 10.2374134 -7.65617834 0.0943685293
v 10.2367188 -7.65783201 0.0943685293
v 10.2356546 -7.65905987 0.0943685293
v 10.2343493 -7.65971361 0.0943685293
v 10.2327418 -7.66065966 0.0943685293
v 10.2336546 -7.65979658 0.0943685293
v 10.2329601 -7.65971361 0.0943685293
v 10.2316546 -7.65905987 0.0943685293
v 10.2278291 -7.66065966 0.0943685293
v 10.2305905 -7.65783201 0.0943685293
v 10.2298959 -7.65617834 0.0943685293
v 10.2278291 -7.70891367 0.0943685293
v 10.2316546 -7.71051298 0.0943685293
v 10.2305905 -7.71174131 0.0943685293
v 10.2298959 -7.71339546 0.0943685293
v 10.2296546 -7.71527658 0.0943685293
v 10.2329601 -7.70985971 0.0943685293
v 10.2343493 -7.70985971 0.0943685293
v 10.2379418 -7.70891367 0.0943685293
v 10.2356546 -7.71051298 0.0943685293
v 10.2367188 -7.71174131 0.0943685293
v 10.2374134 -7.71339546 0.0943685293
v 10.2376546 -7.71527658 0.0943685293
v 10.2379418 -7.72328697 0.0943685293
v 10.2374134 -7.71715771 0.0943685293
v 10.2367188 -7.71881185 0.0943685293
v 10.2356546 -7.72003971 0.0943685293
v 10.2343493 -7.72069298 0.0943685293
v 10.2327418 -7.72328697 0.0943685293
v 10.2329601 -7.72069298 0.0943685293
v 10.255829 -7.72328697 0.0943685293
v 10.2737163 -7.72328697 0.0943685293
v 10.2737163 -7.70891367 0.0943685293
v 10.2740034 -7.71527658 0.0943685293
v 10.2742447 -7.71339546 0.0943685293
v 10.2749392 -7.71174131 0.0943685293
v 10.2760034 -7.71051298 0.0943685293
v 10.2773088 -7.70985971 0.0943685293
v 10.2780035 -7.70977627 0.0943685293
v 10.278698 -7.70985971 0.0943685293
v 10.2800035 -7.71051298 0.0943685293
v 10.283829 -7.70891367 0.0943685293
v 10.2810676 -7.71174131 0.0943685293
v 10.2817622 -7.71339546 0.0943685293
v 10.2820034 -7.71527658 0.0943685293
v 10.2742447 -7.71715771 0.0943685293
v 10.2749392 -7.71881185 0.0943685293
v 10.2760034 -7.72003971 0.0943685293
v 10.2773088 -7.72069298 0.0943685293
v 10.2789163 -7.72328697 0.0943685293
v 10.278698 -7.72069298 0.0943685293
v 10.283829 -7.6494206 0.0943685293
v 10.283829 -7.66065966 0.0943685293
v 10.2820034 -7.65429674 0.0943685293
v 10.2817622 -7.65617834 0.0943685293
v 10.2810676 -7.65783201 0.0943685293
v 10.2800035 -7.65905987 0.0943685293
v 10.2789163 -7.66065966 0.0943685293
v 10.278698 -7.65971361 0.0943685293
v 10.2773088 -7.65971361 0.0943685293
v 10.2737163 -7.66065966 0.0943685293
v 10.2760034 -7.65905987 0.0943685293
v 10.2749392 -7.65783201 0.0943685293
v 10.2742447 -7.65617834 0.0943685293
v 10.2740034 -7.65429674 0.0943685293
v 10.2737163 -7.64754139 0.0943685293
v 10.255829 -7.64754139 0.0943685293
v 10.255829 -7.64628683 0.0943685293
v 10.2379418 -7.64628683 0.0943685293
v 10.2327418 -7.64628683 0.0943685293
v 10.2301086 -7.64628683 0.0943685293
v 10.2737163 -7.64628683 0.0943685293
v 10.2789163 -7.64754139 0.0943685293
v 10.2773088 -7.64888035 0.0943685293
v 10.278698 -7.64888035 0.0943685293
v 10.2800035 -7.64953361 0.0943685293
v 10.2810676 -7.65076195 0.0943685293
v 10.2817622 -7.65241562 0.0943685293
v 10.2760034 -7.64953361 0.0943685293
v 10.2749392 -7.65076195 0.0943685293
v 10.2742447 -7.65241562 0.0943685293
v 10.2789163 -7.64628683 0.0943685293
v 10.2815494 -7.64628683 0.0943685293
v 10.2298959 -7.71715771 0.0943685293
v 10.2316546 -7.72003971 0.0943685293
v 10.2737163 -7.66152273 0.0943685293
v 10.2817622 -7.71715771 0.0943685293
v 10.2737163 -7.70805012 0.0943685293
v 10.2800035 -7.72003971 0.0943685293
v 10.255829 -7.66065966 0.0943685293
v 10.2278291 -7.72015224 0.106968474
v 10.2301086 -7.72328697 0.106968474
v 10.2734291 -7.69557463 0.0431107998
v 10.2758291 -7.69557463 0.0431107998
v 10.2734291 -7.6739987 0.0431107998
v 10.2758291 -7.6739987 0.0431107998
v 10.2758291 -7.69442974 0.0405382633
v 10.2758291 -7.67514358 0.0405382633
v 10.2758291 -7.67718111 0.0383666277
v 10.2758291 -7.67992245 0.0367964029
v 10.2758291 -7.68311392 0.0359732628
v 10.2758291 -7.68645988 0.0359732628
v 10.2758291 -7.68965088 0.0367964029
v 10.2758291 -7.69239221 0.0383666277
v 10.2734291 -7.69442974 0.0405382633
v 10.2734291 -7.67514358 0.0405382633
v 10.2734291 -7.67718111 0.0383666277
v 10.2734291 -7.67992245 0.0367964029
v 10.2734291 -7.68311392 0.0359732628
v 10.2734291 -7.68645988 0.0359732628
v 10.2734291 -7.68965088 0.0367964029
v 10.2734291 -7.69239221 0.0383666277
v 10.283829 -7.72015224 0.106968474
v 10.2815494 -7.72328697 0.106968474
v 10.283829 -7.6494206 0.106968474
v 10.2815494 -7.64628683 0.106968474
v 10.2278291 -7.72328697 0.106968474
v 10.283829 -7.72328697 0.106968474
v 10.283829 -7.64628683 0.106968474
vt 0.439451009 -0.198280007
vt 0.442586005 -0.195999995
vt 0.439451009 -0.195999995
vt -0.319548994 -0.249720007
vt -0.324023992 -0.249238998
vt -0.322683007 -0.252000004
vt 0.094378002 -0.247087002
vt 0.094378002 -0.249720007
vt 0.106977999 -0.249720007
vt 0.442586005 0.195999995
vt 0.439451009 0.198278993
vt 0.439451009 0.195999995
vt 0.381312013 0.0943680033
vt 0.334785014 0.0943680033
vt 0.347259998 0.0431100018
vt 0.454688013 0.244000003
vt 0.501214981 0.244000003
vt 0.453824997 0.247087002
vt 0.106977999 -0.198280007
vt 0.112378001 -0.252000004
vt 0.112378001 -0.195999995
vt -0.0943680033 0.247087002
vt -0.0943680033 0.249720007
vt -0.106968001 0.249720007
vt -0.362812012 0.0471180007
vt -0.381312013 0.0943680033
vt -0.368836999 0.0431100018
vt -0.396548986 -0.249720007
vt -0.396548986 -0.252000004
vt -0.393413991 -0.252000004
vt 0.106968001 0.252000004
vt 0.106968001 0.249720007
vt 0.112368003 0.252000004
vt -0.482713997 0.0471180007
vt -0.501214981 0.0943680033
vt -0.488739997 0.0431100018
vt -0.502941012 0.246173993
vt -0.452877998 0.245480001
vt -0.452877998 0.246868998
vt -0.381312013 -0.206400007
vt -0.382174999 -0.224000007
vt -0.334785014 -0.206400007
vt 0.106968001 0.249720007
vt 0.112368003 0.252000004
vt 0.106968001 0.252000004
vt -0.393413991 0.195999995
vt -0.396548986 0.198278993
vt -0.396548986 0.195999995
vt -0.439451009 0.252000004
vt -0.442045003 0.245480001
vt -0.439451009 0.195999995
vt 0.453824997 0.0943680033
vt 0.442586005 0.106968001
vt 0.442586005 0.0943680033
vt -0.0440870002 0.206400007
vt -0.0448679999 0.206400007
vt -0.0448679999 0.203999996
vt -0.322683007 0.0943680033
vt -0.322683007 0.106968001
vt -0.333921999 0.0943680033
vt 0.322683007 0.106968001
vt 0.322683007 0.0943680033
vt 0.333921999 0.0943680033
vt -0.106968001 0.252000004
vt -0.112368003 0.252000004
vt -0.106968001 0.249720007
vt -0.322683007 0.106977999
vt -0.333921999 0.094378002
vt -0.322683007 0.094378002
vt 0.329439998 -0.205584005
vt 0.327558994 -0.205825999
vt 0.327558994 -0.242174998
vt 0.358049005 0.0493780002
vt 0.381312013 0.094378002
vt 0.334785014 0.094378002
vt 0.368836999 0.0431200005
vt 0.381312013 0.094378002
vt 0.347259998 0.0431200005
vt -0.508440971 0.205825001
vt -0.506560028 0.242415994
vt -0.508440971 0.242174
vt -0.442586005 0.0943680033
vt -0.442586005 0.106968001
vt -0.453824997 0.0943680033
vt 0.393413991 0.0943680033
vt 0.393413991 0.106968001
vt 0.382174999 0.0943680033
vt -0.106968001 0.195999995
vt -0.106968001 0.198278993
vt -0.112368003 0.195999995
vt -0.106968001 0.195999995
vt -0.106968001 0.198278993
vt -0.112368003 0.195999995
vt 0.513316989 0.195999995
vt 0.516451001 0.195999995
vt 0.516451001 0.198278993
vt 0.0448679999 0.203999996
vt 0.0448679999 0.206400007
vt 0.0440870002 0.203999996
vt -0.381312013 0.0943680033
vt -0.358049005 0.0493680015
vt -0.334785014 0.0943680033
vt 0.439451009 0.249720007
vt 0.442586005 0.252000004
vt 0.439451009 0.252000004
vt -0.322683007 0.252000004
vt -0.319548994 0.249720007
vt -0.319548994 0.252000004
vt -0.319548994 0.198278993
vt -0.322683007 0.195999995
vt -0.319548994 0.195999995
vt -0.393413991 0.106968001
vt -0.396548986 0.112368003
vt -0.396548986 0.106968001
vt 0.327558994 0.205825001
vt 0.329439998 0.205584005
vt 0.327558994 0.242174
vt -0.393413991 0.106977999
vt -0.396548986 0.112378001
vt -0.396548986 0.106977999
vt -0.322683007 0.106977999
vt -0.319548994 0.106977999
vt -0.319548994 0.112378001
vt -0.362812012 0.0471279994
vt -0.381312013 0.094378002
vt -0.368836999 0.0431200005
vt 0.0440960005 -0.206400007
vt 0.0448779985 -0.206400007
vt 0.0448779985 -0.203999996
vt 0.442586005 0.106968001
vt 0.516451001 0.112368003
vt 0.439451009 0.112368003
vt -0.106977999 -0.249720007
vt -0.112378001 -0.252000004
vt -0.106977999 -0.252000004
vt 0.347259998 0.0431200005
vt 0.381312013 0.094378002
vt 0.334785014 0.094378002
vt -0.439451009 0.195999995
vt -0.508440971 0.197825
vt -0.516451001 0.195999995
vt -0.442586005 0.106968001
vt -0.439451009 0.112368003
vt -0.516451001 0.112368003
vt -0.513316989 0.106968001
vt -0.513316989 0.0943680033
vt -0.502077997 0.0943680033
vt 0.453824997 0.200912997
vt 0.501214981 0.203999996
vt 0.454688013 0.203999996
vt -0.454688013 0.0943680033
vt -0.501214981 0.0943680033
vt -0.47795099 0.0493680015
vt -0.454688013 0.0943680033
vt -0.473188013 0.0471180007
vt -0.467162997 0.0431100018
vt 0.368836999 0.0431200005
vt 0.381312013 0.094378002
vt 0.362812012 0.0471279994
vt -0.353285998 0.0471180007
vt -0.347259998 0.0431100018
vt -0.334785014 0.0943680033
vt -0.347259998 0.0431100018
vt -0.381312013 0.0943680033
vt -0.368836999 0.0431100018
vt -0.516451001 0.252000004
vt -0.516451001 0.195999995
vt -0.51385802 0.245480001
vt -0.106977999 -0.249720007
vt -0.112378001 -0.195999995
vt -0.112378001 -0.252000004
vt 0.393413991 0.106977999
vt 0.382174999 0.094378002
vt 0.393413991 0.094378002
vt 0.0943680033 0.247087002
vt 0.106968001 0.249720007
vt 0.0943680033 0.249720007
vt -0.516451001 0.252000004
vt -0.508440971 0.250173986
vt -0.439451009 0.252000004
vt -0.334785014 0.094378002
vt -0.381312013 0.094378002
vt -0.347259998 0.0431200005
vt 0.454688013 0.206400007
vt 0.501214981 0.206400007
vt 0.453824997 0.224000007
vt 0.106968001 0.249720007
vt 0.112368003 0.195999995
vt 0.112368003 0.252000004
vt 0.319548994 0.106968001
vt 0.322683007 0.106968001
vt 0.319548994 0.112368003
vt -0.106968001 0.249720007
vt -0.0943680033 0.247087002
vt -0.0943680033 0.249720007
vt 0.319548994 0.252000004
vt 0.327558994 0.250173986
vt 0.396548986 0.252000004
vt 0.0943680033 0.247087002
vt 0.106968001 0.249720007
vt 0.0943680033 0.249720007
vt 0.516451001 0.106968001
vt 0.516451001 0.112368003
vt 0.513316989 0.106968001
vt 0.453824997 0.224000007
vt 0.501214981 0.241600007
vt 0.454688013 0.241600007
vt 0.106977999 -0.249720007
vt 0.106977999 -0.252000004
vt 0.112378001 -0.252000004
vt -0.467162997 0.0431100018
vt -0.501214981 0.0943680033
vt -0.488739997 0.0431100018
vt 0.094378002 -0.198280007
vt 0.094378002 -0.200912997
vt 0.106977999 -0.198280007
vt 0.467162997 0.0431100018
vt 0.488739997 0.0431100018
vt 0.501214981 0.0943680033
vt -0.333921999 -0.200912997
vt -0.381312013 -0.203999996
vt -0.334785014 -0.203999996
vt -0.334785014 0.094378002
vt -0.381312013 0.094378002
vt -0.358049005 0.0493780002
vt -0.334785014 0.094378002
vt -0.353285998 0.0471279994
vt -0.347259998 0.0431200005
vt -0.322683007 -0.195999995
vt -0.319548994 -0.198280007
vt -0.319548994 -0.195999995
vt -0.094378002 -0.247087002
vt -0.106977999 -0.249720007
vt -0.094378002 -0.249720007
vt 0.396548986 0.106977999
vt 0.396548986 0.112378001
vt 0.393413991 0.106977999
vt 0.353285998 0.0471279994
vt 0.334785014 0.094378002
vt 0.347259998 0.0431200005
vt -0.333921999 -0.224000007
vt -0.381312013 -0.241600007
vt -0.334785014 -0.241600007
vt -0.381312013 -0.244000003
vt -0.382174999 -0.247087002
vt -0.334785014 -0.244000003
vt 0.333921999 0.094378002
vt 0.322683007 0.106977999
vt 0.322683007 0.094378002
vt 0.319548994 -0.252000004
vt 0.322142005 -0.245480001
vt 0.319548994 -0.195999995
vt -0.0943680033 0.200912997
vt -0.106968001 0.198278993
vt -0.0943680033 0.198278993
vt -0.392073989 0.198761001
vt -0.396548986 0.198278993
vt -0.393413991 0.195999995
vt 0.442586005 0.195999995
vt 0.443926007 0.198761001
vt 0.439451009 0.198278993
vt -0.0943680033 0.200912997
vt -0.106968001 0.198278993
vt -0.0943680033 0.198278993
vt 0.327558994 -0.197825998
vt 0.396548986 -0.195999995
vt 0.319548994 -0.195999995
vt -0.442586005 0.106968001
vt -0.439451009 0.106968001
vt -0.439451009 0.112368003
vt 0.393413991 0.106968001
vt 0.396548986 0.106968001
vt 0.396548986 0.112368003
vt -0.106968001 0.198278993
vt -0.112368003 0.252000004
vt -0.112368003 0.195999995
vt -0.106968001 0.198278993
vt -0.112368003 0.252000004
vt -0.112368003 0.195999995
vt -0.382174999 0.200912997
vt -0.334785014 0.203999996
vt -0.381312013 0.203999996
vt -0.513316989 0.106968001
vt -0.516451001 0.112368003
vt -0.516451001 0.106968001
vt 0.381312013 0.0943680033
vt 0.334785014 0.0943680033
vt 0.358049005 0.0493680015
vt 0.106968001 0.195999995
vt 0.112368003 0.195999995
vt 0.106968001 0.198278993
vt 0.381312013 0.0943680033
vt 0.362812012 0.0471180007
vt 0.368836999 0.0431100018
vt 0.439451009 0.249720007
vt 0.443926007 0.249237999
vt 0.442586005 0.252000004
vt 0.0456489995 0.206400007
vt 0.0448679999 0.206400007
vt 0.0448679999 0.203999996
vt 0.473188013 0.0471180007
vt 0.454688013 0.0943680033
vt 0.467162997 0.0431100018
vt 0.0448779985 -0.203999996
vt 0.0448779985 -0.206400007
vt 0.0456589982 -0.203999996
vt 0.332975 -0.246868998
vt 0.383038014 -0.246173993
vt 0.332975 -0.245480001
vt -0.381312013 0.206400007
vt -0.334785014 0.206400007
vt -0.382174999 0.224000007
vt 0.353285998 0.0471180007
vt 0.334785014 0.0943680033
vt 0.347259998 0.0431100018
vt -0.382174999 0.224000007
vt -0.334785014 0.241600007
vt -0.381312013 0.241600007
vt 0.381312013 0.0943680033
vt 0.347259998 0.0431100018
vt 0.368836999 0.0431100018
vt -0.106968001 0.249720007
vt -0.106968001 0.252000004
vt -0.112368003 0.252000004
vt -0.347259998 0.0431100018
vt -0.334785014 0.0943680033
vt -0.381312013 0.0943680033
vt 0.439451009 0.106968001
vt 0.442586005 0.106968001
vt 0.439451009 0.112368003
vt -0.381312013 0.244000003
vt -0.334785014 0.244000003
vt -0.382174999 0.247087002
vt 0.0943680033 0.200912997
vt 0.0943680033 0.198278993
vt 0.106968001 0.198278993
vt -0.0448679999 0.203999996
vt -0.0448679999 0.206400007
vt -0.0456489995 0.203999996
vt 0.454688013 0.0943680033
vt 0.47795099 0.0493680015
vt 0.501214981 0.0943680033
vt -0.322683007 0.106968001
vt -0.319548994 0.106968001
vt -0.319548994 0.112368003
vt 0.106968001 0.198278993
vt 0.106968001 0.195999995
vt 0.112368003 0.195999995
vt 0.322683007 0.106968001
vt 0.396548986 0.112368003
vt 0.319548994 0.112368003
vt 0.396548986 -0.252000004
vt 0.388538003 -0.250173986
vt 0.319548994 -0.252000004
vt 0.482713997 0.0471180007
vt 0.488739997 0.0431100018
vt 0.501214981 0.0943680033
vt -0.381312013 0.094378002
vt -0.368836999 0.0431200005
vt -0.347259998 0.0431200005
vt -0.393413991 0.106968001
vt -0.319548994 0.112368003
vt -0.396548986 0.112368003
vt -0.393413991 0.252000004
vt -0.396548986 0.252000004
vt -0.396548986 0.249720007
vt -0.393413991 0.106968001
vt -0.393413991 0.0943680033
vt -0.382174999 0.0943680033
vt -0.392073989 0.249237999
vt -0.393413991 0.252000004
vt -0.396548986 0.249720007
vt 0.319548994 0.195999995
vt 0.396548986 0.195999995
vt 0.327558994 0.197825
vt 0.319548994 0.195999995
vt 0.322142005 0.202519998
vt 0.319548994 0.252000004
vt 0.396548986 -0.252000004
vt 0.396548986 -0.195999995
vt 0.393954992 -0.245480001
vt 0.0943680033 0.198278993
vt 0.106968001 0.198278993
vt 0.0943680033 0.200912997
vt 0.322683007 0.106977999
vt 0.396548986 0.112378001
vt 0.319548994 0.112378001
vt 0.454688013 0.0943680033
vt 0.467162997 0.0431100018
vt 0.501214981 0.0943680033
vt 0.396548986 0.195999995
vt 0.396548986 0.252000004
vt 0.393954992 0.202519998
vt -0.322683007 -0.195999995
vt -0.324023992 -0.198762
vt -0.319548994 -0.198280007
vt 0.319548994 0.106977999
vt 0.322683007 0.106977999
vt 0.319548994 0.112378001
vt -0.319548994 -0.249720007
vt -0.322683007 -0.252000004
vt -0.319548994 -0.252000004
vt 0.106968001 0.249720007
vt 0.112368003 0.195999995
vt 0.112368003 0.252000004
vt 0.106977999 -0.195999995
vt 0.106977999 -0.198280007
vt 0.112378001 -0.195999995
vt 0.516451001 0.249720007
vt 0.516451001 0.252000004
vt 0.513316989 0.252000004
vt 0.513316989 0.106968001
vt 0.502077997 0.0943680033
vt 0.513316989 0.0943680033
vt -0.393413991 0.094378002
vt -0.382174999 0.094378002
vt -0.393413991 0.106977999
vt -0.454688013 0.0943680033
vt -0.501214981 0.0943680033
vt -0.467162997 0.0431100018
vt -0.393413991 0.106977999
vt -0.319548994 0.112378001
vt -0.396548986 0.112378001
vt -0.393413991 -0.195999995
vt -0.396548986 -0.195999995
vt -0.396548986 -0.198280007
vt -0.106977999 -0.195999995
vt -0.112378001 -0.195999995
vt -0.106977999 -0.198280007
vt -0.094378002 -0.198280007
vt -0.106977999 -0.198280007
vt -0.094378002 -0.200912997
vt -0.388538003 0.205825001
vt -0.382174999 0.206112996
vt -0.396548986 0.206112996
vt -0.0943680033 0.206112996
vt -0.0943680033 0.206112996
vt -0.0943680033 0.206112996
vt -0.396548986 0.206112996
vt -0.382174999 0.206112996
vt -0.396548986 0.224000007
vt -0.396548986 0.224000007
vt -0.382174999 0.206112996
vt -0.382174999 0.224000007
vt -0.396548986 0.224000007
vt -0.382174999 0.224000007
vt -0.396548986 0.241887003
vt -0.396548986 0.241887003
vt -0.382174999 0.224000007
vt -0.382174999 0.241887003
vt -0.396548986 0.241887003
vt -0.382174999 0.241887003
vt -0.388538003 0.242174
vt -0.0943680033 0.242174
vt -0.0943680033 0.241887003
vt -0.0943680033 0.241887003
vt -0.388538003 0.242174
vt -0.382174999 0.241887003
vt -0.386657 0.242415994
vt -0.0943680033 0.242415994
vt -0.0943680033 0.241887003
vt -0.0943680033 0.241887003
vt -0.386657 0.242415994
vt -0.382174999 0.241887003
vt -0.385003 0.243110001
vt -0.0943680033 0.243110001
vt -0.0943680033 0.241887003
vt -0.0943680033 0.241887003
vt -0.385003 0.243110001
vt -0.382174999 0.241887003
vt -0.383774996 0.244174004
vt -0.0943680033 0.244174004
vt -0.0943680033 0.241887003
vt -0.0943680033 0.241887003
vt -0.383774996 0.244174004
vt -0.382174999 0.241887003
vt -0.383121997 0.245480001
vt -0.383121997 0.245480001
vt -0.382174999 0.241887003
vt -0.382174999 0.247087002
vt -0.383121997 0.245480001
vt -0.382174999 0.247087002
vt -0.383038014 0.246173993
vt -0.0943680033 0.246173993
vt -0.0943680033 0.247087002
vt -0.0943680033 0.247087002
vt -0.383038014 0.246173993
vt -0.382174999 0.247087002
vt -0.383121997 0.246868998
vt -0.0943680033 0.246868998
vt -0.0943680033 0.247087002
vt -0.0943680033 0.247087002
vt -0.383121997 0.246868998
vt -0.382174999 0.247087002
vt -0.383774996 0.248173997
vt -0.383774996 0.248173997
vt -0.382174999 0.247087002
vt -0.382174999 0.252000004
vt -0.383774996 0.248173997
vt -0.382174999 0.252000004
vt -0.385003 0.249237999
vt -0.0943680033 0.249237999
vt -0.0943680033 0.252000004
vt -0.0943680033 0.252000004
vt -0.385003 0.249237999
vt -0.382174999 0.252000004
vt -0.386657 0.249933004
vt -0.0943680033 0.249933004
vt -0.0943680033 0.252000004
vt -0.0943680033 0.252000004
vt -0.386657 0.249933004
vt -0.382174999 0.252000004
vt -0.388538003 0.250173986
vt -0.388538003 0.250173986
vt -0.382174999 0.252000004
vt -0.393413991 0.252000004
vt -0.382174999 0.206112996
vt -0.381312013 0.206400007
vt -0.382174999 0.224000007
vt -0.382174999 0.224000007
vt -0.381312013 0.241600007
vt -0.382174999 0.241887003
vt -0.381312013 0.244000003
vt -0.382174999 0.247087002
vt -0.382174999 0.241887003
vt -0.388538003 0.242174
vt -0.39041999 0.242415994
vt -0.396548986 0.241887003
vt -0.396548986 0.241887003
vt -0.39041999 0.242415994
vt -0.392073989 0.243110001
vt -0.0943680033 0.241887003
vt -0.0943680033 0.243110001
vt -0.0943680033 0.241887003
vt -0.396548986 0.241887003
vt -0.392073989 0.243110001
vt -0.393301994 0.244174004
vt -0.0943680033 0.241887003
vt -0.0943680033 0.244174004
vt -0.0943680033 0.241887003
vt -0.396548986 0.241887003
vt -0.393301994 0.244174004
vt -0.393954992 0.245480001
vt -0.396548986 0.241887003
vt -0.393954992 0.245480001
vt -0.396548986 0.247087002
vt -0.396548986 0.247087002
vt -0.393954992 0.245480001
vt -0.393954992 0.246868998
vt -0.396548986 0.247087002
vt -0.393954992 0.246868998
vt -0.396548986 0.249720007
vt -0.393413991 -0.195999995
vt -0.388538003 -0.197825998
vt -0.382174999 -0.195999995
vt -0.382174999 -0.195999995
vt -0.388538003 -0.197825998
vt -0.386657 -0.198066995
vt -0.094378002 -0.195999995
vt -0.094378002 -0.198066995
vt -0.094378002 -0.195999995
vt -0.382174999 -0.195999995
vt -0.386657 -0.198066995
vt -0.385003 -0.198762
vt -0.094378002 -0.195999995
vt -0.094378002 -0.198762
vt -0.094378002 -0.195999995
vt -0.382174999 -0.195999995
vt -0.385003 -0.198762
vt -0.383774996 -0.199826002
vt -0.382174999 -0.195999995
vt -0.383774996 -0.199826002
vt -0.382174999 -0.200912997
vt -0.382174999 -0.200912997
vt -0.383774996 -0.199826002
vt -0.383121997 -0.201131001
vt -0.094378002 -0.200912997
vt -0.094378002 -0.201131001
vt -0.094378002 -0.200912997
vt -0.382174999 -0.200912997
vt -0.383121997 -0.201131001
vt -0.383121997 -0.202519998
vt -0.382174999 -0.200912997
vt -0.383121997 -0.202519998
vt -0.382174999 -0.206112996
vt -0.382174999 -0.206112996
vt -0.383121997 -0.202519998
vt -0.383774996 -0.203825995
vt -0.094378002 -0.206112996
vt -0.094378002 -0.203825995
vt -0.094378002 -0.206112996
vt -0.382174999 -0.206112996
vt -0.383774996 -0.203825995
vt -0.385003 -0.204889998
vt -0.094378002 -0.206112996
vt -0.094378002 -0.204889998
vt -0.094378002 -0.206112996
vt -0.382174999 -0.206112996
vt -0.385003 -0.204889998
vt -0.386657 -0.205584005
vt -0.382174999 -0.206112996
vt -0.386657 -0.205584005
vt -0.388538003 -0.205825999
vt -0.382174999 -0.206112996
vt -0.381312013 -0.203999996
vt -0.382174999 -0.200912997
vt -0.382174999 -0.200912997
vt -0.381312013 -0.203999996
vt -0.333921999 -0.200912997
vt -0.382174999 -0.200912997
vt -0.333921999 -0.200912997
vt -0.382174999 -0.195999995
vt -0.094378002 -0.195999995
vt -0.094378002 -0.200912997
vt -0.094378002 -0.200912997
vt -0.382174999 -0.195999995
vt -0.333921999 -0.200912997
vt -0.333921999 -0.195999995
vt -0.333921999 -0.195999995
vt -0.333921999 -0.200912997
vt -0.332322001 -0.199826002
vt -0.094378002 -0.195999995
vt -0.094378002 -0.199826002
vt -0.094378002 -0.195999995
vt -0.333921999 -0.195999995
vt -0.332322001 -0.199826002
vt -0.331093997 -0.198762
vt -0.094378002 -0.195999995
vt -0.094378002 -0.198762
vt -0.094378002 -0.195999995
vt -0.333921999 -0.195999995
vt -0.331093997 -0.198762
vt -0.329439998 -0.198066995
vt -0.094378002 -0.195999995
vt -0.094378002 -0.198066995
vt -0.094378002 -0.195999995
vt -0.333921999 -0.195999995
vt -0.329439998 -0.198066995
vt -0.327558994 -0.197825998
vt -0.333921999 -0.195999995
vt -0.327558994 -0.197825998
vt -0.322683007 -0.195999995
vt -0.332322001 -0.199826002
vt -0.333921999 -0.200912997
vt -0.332975 -0.201131001
vt -0.094378002 -0.201131001
vt -0.094378002 -0.200912997
vt -0.094378002 -0.200912997
vt -0.332975 -0.201131001
vt -0.333921999 -0.200912997
vt -0.333059013 -0.201826006
vt -0.094378002 -0.201826006
vt -0.094378002 -0.200912997
vt -0.094378002 -0.200912997
vt -0.333059013 -0.201826006
vt -0.333921999 -0.200912997
vt -0.332975 -0.202519998
vt -0.332975 -0.202519998
vt -0.333921999 -0.200912997
vt -0.333921999 -0.206112996
vt -0.332975 -0.202519998
vt -0.333921999 -0.206112996
vt -0.332322001 -0.203825995
vt -0.094378002 -0.203825995
vt -0.094378002 -0.206112996
vt -0.094378002 -0.206112996
vt -0.332322001 -0.203825995
vt -0.333921999 -0.206112996
vt -0.331093997 -0.204889998
vt -0.094378002 -0.204889998
vt -0.094378002 -0.206112996
vt -0.094378002 -0.206112996
vt -0.331093997 -0.204889998
vt -0.333921999 -0.206112996
vt -0.329439998 -0.205584005
vt -0.094378002 -0.205584005
vt -0.094378002 -0.206112996
vt -0.094378002 -0.206112996
vt -0.329439998 -0.205584005
vt -0.333921999 -0.206112996
vt -0.327558994 -0.205825999
vt -0.327558994 -0.205825999
vt -0.333921999 -0.206112996
vt -0.319548994 -0.206112996
vt -0.327558994 -0.205825999
vt -0.319548994 -0.206112996
vt -0.325677991 -0.205584005
vt -0.094378002 -0.205584005
vt -0.094378002 -0.206112996
vt -0.094378002 -0.206112996
vt -0.325677991 -0.205584005
vt -0.319548994 -0.206112996
vt -0.324023992 -0.204889998
vt -0.094378002 -0.204889998
vt -0.094378002 -0.206112996
vt -0.094378002 -0.206112996
vt -0.324023992 -0.204889998
vt -0.319548994 -0.206112996
vt -0.322795987 -0.203825995
vt -0.094378002 -0.203825995
vt -0.094378002 -0.206112996
vt -0.094378002 -0.206112996
vt -0.322795987 -0.203825995
vt -0.319548994 -0.206112996
vt -0.322142005 -0.202519998
vt -0.322142005 -0.202519998
vt -0.319548994 -0.206112996
vt -0.319548994 -0.200912997
vt -0.322142005 -0.202519998
vt -0.319548994 -0.200912997
vt -0.322142005 -0.201131001
vt -0.322142005 -0.201131001
vt -0.319548994 -0.200912997
vt -0.319548994 -0.198280007
vt -0.333921999 -0.200912997
vt -0.334785014 -0.203999996
vt -0.333921999 -0.206112996
vt -0.319548994 -0.206112996
vt -0.333921999 -0.206112996
vt -0.319548994 -0.224000007
vt -0.319548994 -0.224000007
vt -0.333921999 -0.206112996
vt -0.333921999 -0.224000007
vt -0.319548994 -0.224000007
vt -0.333921999 -0.224000007
vt -0.319548994 -0.241887003
vt -0.319548994 -0.241887003
vt -0.333921999 -0.224000007
vt -0.333921999 -0.241887003
vt -0.319548994 -0.241887003
vt -0.333921999 -0.241887003
vt -0.327558994 -0.242174998
vt -0.333921999 -0.224000007
vt -0.334785014 -0.241600007
vt -0.333921999 -0.241887003
vt -0.333921999 -0.206112996
vt -0.334785014 -0.206400007
vt -0.333921999 -0.224000007
vt -0.333921999 -0.224000007
vt -0.334785014 -0.206400007
vt -0.382174999 -0.224000007
vt -0.333921999 -0.224000007
vt -0.382174999 -0.224000007
vt -0.381312013 -0.241600007
vt -0.094378002 -0.241600007
vt -0.094378002 -0.224000007
vt -0.094378002 -0.224000007
vt -0.381312013 -0.241600007
vt -0.382174999 -0.224000007
vt -0.382174999 -0.241887003
vt -0.382174999 -0.241887003
vt -0.382174999 -0.224000007
vt -0.395294011 -0.224000007
vt -0.382174999 -0.241887003
vt -0.395294011 -0.224000007
vt -0.395294011 -0.241887003
vt -0.395294011 -0.241887003
vt -0.395294011 -0.224000007
vt -0.396548986 -0.224000007
vt -0.094378002 -0.241887003
vt -0.094378002 -0.224000007
vt -0.094378002 -0.241887003
vt -0.395294011 -0.241887003
vt -0.396548986 -0.224000007
vt -0.396548986 -0.241887003
vt -0.395294011 -0.241887003
vt -0.396548986 -0.241887003
vt -0.395294011 -0.247087002
vt -0.395294011 -0.247087002
vt -0.396548986 -0.241887003
vt -0.396548986 -0.247087002
vt -0.094378002 -0.247087002
vt -0.094378002 -0.247087002
vt -0.094378002 -0.247087002
vt -0.395294011 -0.247087002
vt -0.396548986 -0.247087002
vt -0.396548986 -0.249720007
vt -0.395294011 -0.247087002
vt -0.396548986 -0.249720007
vt -0.393413991 -0.252000004
vt -0.396548986 -0.224000007
vt -0.395294011 -0.224000007
vt -0.396548986 -0.206112996
vt -0.396548986 -0.206112996
vt -0.395294011 -0.224000007
vt -0.395294011 -0.206112996
vt -0.396548986 -0.206112996
vt -0.395294011 -0.206112996
vt -0.396548986 -0.200912997
vt -0.396548986 -0.200912997
vt -0.395294011 -0.206112996
vt -0.395294011 -0.200912997
vt -0.396548986 -0.200912997
vt -0.395294011 -0.200912997
vt -0.396548986 -0.198280007
vt -0.396548986 -0.198280007
vt -0.395294011 -0.200912997
vt -0.393413991 -0.195999995
vt -0.395294011 -0.224000007
vt -0.382174999 -0.224000007
vt -0.395294011 -0.206112996
vt -0.395294011 -0.206112996
vt -0.382174999 -0.224000007
vt -0.382174999 -0.206112996
vt -0.395294011 -0.206112996
vt -0.382174999 -0.206112996
vt -0.388538003 -0.205825999
vt -0.381312013 -0.206400007
vt -0.382174999 -0.206112996
vt -0.382174999 -0.224000007
vt 0.0448779985 -0.203999996
vt 0.0440960005 -0.203999996
vt 0.0440960005 -0.206400007
vt -0.0440960005 -0.206400007
vt -0.0440960005 -0.203999996
vt -0.0440960005 -0.203999996
vt 0.0440960005 -0.206400007
vt 0.0440960005 -0.203999996
vt 0.0426280014 -0.206400007
vt 0.0426280014 -0.206400007
vt 0.0440960005 -0.203999996
vt 0.0426280014 -0.203999996
vt 0.362812012 -0.206400007
vt 0.362812012 -0.203999996
vt 0.361584008 -0.206400007
vt 0.361584008 -0.206400007
vt 0.362812012 -0.203999996
vt 0.361584008 -0.203999996
vt 0.361584008 -0.206400007
vt 0.361584008 -0.203999996
vt 0.359930009 -0.206400007
vt 0.359930009 -0.206400007
vt 0.361584008 -0.203999996
vt 0.359930009 -0.203999996
vt 0.359930009 -0.206400007
vt 0.359930009 -0.203999996
vt 0.358049005 -0.206400007
vt 0.358049005 -0.206400007
vt 0.359930009 -0.203999996
vt 0.358049005 -0.203999996
vt 0.358049005 -0.206400007
vt 0.358049005 -0.203999996
vt 0.356166989 -0.206400007
vt 0.356166989 -0.206400007
vt 0.358049005 -0.203999996
vt 0.356166989 -0.203999996
vt 0.356166989 -0.206400007
vt 0.356166989 -0.203999996
vt 0.35451299 -0.206400007
vt 0.35451299 -0.206400007
vt 0.356166989 -0.203999996
vt 0.35451299 -0.203999996
vt 0.35451299 -0.206400007
vt 0.35451299 -0.203999996
vt 0.353285998 -0.206400007
vt 0.353285998 -0.206400007
vt 0.35451299 -0.203999996
vt 0.353285998 -0.203999996
vt -0.0426280014 -0.206400007
vt -0.0426280014 -0.203999996
vt -0.0440960005 -0.206400007
vt -0.0440960005 -0.206400007
vt -0.0426280014 -0.203999996
vt -0.0440960005 -0.203999996
vt -0.0440960005 -0.206400007
vt -0.0440960005 -0.203999996
vt -0.0456589982 -0.206400007
vt -0.0456589982 -0.206400007
vt -0.0440960005 -0.203999996
vt -0.0456589982 -0.203999996
vt -0.0456589982 -0.206400007
vt -0.0456589982 -0.203999996
vt -0.0471279994 -0.206400007
vt -0.0471279994 -0.206400007
vt -0.0456589982 -0.203999996
vt -0.0471279994 -0.203999996
vt -0.353285998 -0.206400007
vt -0.353285998 -0.203999996
vt -0.35451299 -0.206400007
vt -0.35451299 -0.206400007
vt -0.353285998 -0.203999996
vt -0.35451299 -0.203999996
vt -0.35451299 -0.206400007
vt -0.35451299 -0.203999996
vt -0.356166989 -0.206400007
vt -0.356166989 -0.206400007
vt -0.35451299 -0.203999996
vt -0.356166989 -0.203999996
vt -0.356166989 -0.206400007
vt -0.356166989 -0.203999996
vt -0.358049005 -0.206400007
vt -0.358049005 -0.206400007
vt -0.356166989 -0.203999996
vt -0.358049005 -0.203999996
vt -0.358049005 -0.206400007
vt -0.358049005 -0.203999996
vt -0.359930009 -0.206400007
vt -0.359930009 -0.206400007
vt -0.358049005 -0.203999996
vt -0.359930009 -0.203999996
vt -0.359930009 -0.206400007
vt -0.359930009 -0.203999996
vt -0.361584008 -0.206400007
vt -0.361584008 -0.206400007
vt -0.359930009 -0.203999996
vt -0.361584008 -0.203999996
vt -0.361584008 -0.206400007
vt -0.361584008 -0.203999996
vt -0.362812012 -0.206400007
vt -0.362812012 -0.206400007
vt -0.361584008 -0.203999996
vt -0.362812012 -0.203999996
vt 0.0471279994 -0.206400007
vt 0.0471279994 -0.203999996
vt 0.0456589982 -0.206400007
vt 0.0456589982 -0.206400007
vt 0.0471279994 -0.203999996
vt 0.0456589982 -0.203999996
vt 0.0456589982 -0.206400007
vt 0.0456589982 -0.203999996
vt 0.0448779985 -0.206400007
vt -0.449342996 0.242415994
vt -0.450996995 0.243110001
vt -0.452960998 0.201824993
vt -0.112368003 0.201824993
vt -0.112368003 0.243110001
vt -0.112368003 0.243110001
vt -0.452960998 0.201824993
vt -0.450996995 0.243110001
vt -0.504905999 0.243110001
vt -0.504905999 0.243110001
vt -0.450996995 0.243110001
vt -0.452225 0.244174004
vt -0.112368003 0.243110001
vt -0.112368003 0.244174004
vt -0.112368003 0.243110001
vt -0.504905999 0.243110001
vt -0.452225 0.244174004
vt -0.452877998 0.245480001
vt -0.504905999 0.243110001
vt -0.452877998 0.245480001
vt -0.503678024 0.244174004
vt -0.112368003 0.244174004
vt -0.112368003 0.245480001
vt -0.112368003 0.245480001
vt -0.503678024 0.244174004
vt -0.452877998 0.245480001
vt -0.503024995 0.245480001
vt -0.503024995 0.245480001
vt -0.452877998 0.245480001
vt -0.502941012 0.246173993
vt 0.454688013 0.241600007
vt 0.454688013 0.241887003
vt 0.453824997 0.241887003
vt 0.453824997 0.241887003
vt 0.454688013 0.241887003
vt 0.454688013 0.244000003
vt 0.454688013 0.241600007
vt 0.453824997 0.241887003
vt 0.453824997 0.224000007
vt 0.453824997 0.224000007
vt 0.453824997 0.241887003
vt 0.439451009 0.241887003
vt -0.0943680033 0.224000007
vt -0.0943680033 0.241887003
vt -0.0943680033 0.224000007
vt 0.453824997 0.224000007
vt 0.439451009 0.241887003
vt 0.439451009 0.224000007
vt 0.453824997 0.224000007
vt 0.439451009 0.224000007
vt 0.453824997 0.206112996
vt 0.453824997 0.206112996
vt 0.439451009 0.224000007
vt 0.439451009 0.206112996
vt 0.453824997 0.206112996
vt 0.439451009 0.206112996
vt 0.447461993 0.205825001
vt -0.0943680033 0.205825001
vt -0.0943680033 0.206112996
vt -0.0943680033 0.206112996
vt 0.447461993 0.205825001
vt 0.439451009 0.206112996
vt 0.445580006 0.205584005
vt -0.0943680033 0.205584005
vt -0.0943680033 0.206112996
vt -0.0943680033 0.206112996
vt 0.445580006 0.205584005
vt 0.439451009 0.206112996
vt 0.443926007 0.204889998
vt -0.0943680033 0.204889998
vt -0.0943680033 0.206112996
vt -0.0943680033 0.206112996
vt 0.443926007 0.204889998
vt 0.439451009 0.206112996
vt 0.442698002 0.203824997
vt -0.0943680033 0.203824997
vt -0.0943680033 0.206112996
vt -0.0943680033 0.206112996
vt 0.442698002 0.203824997
vt 0.439451009 0.206112996
vt 0.442045003 0.202519998
vt 0.442045003 0.202519998
vt 0.439451009 0.206112996
vt 0.439451009 0.200912997
vt 0.442045003 0.202519998
vt 0.439451009 0.200912997
vt 0.442045003 0.201131001
vt 0.442045003 0.201131001
vt 0.439451009 0.200912997
vt 0.439451009 0.198278993
vt 0.453824997 0.241887003
vt 0.447461993 0.242174
vt 0.439451009 0.241887003
vt 0.453824997 0.206112996
vt 0.454688013 0.206400007
vt 0.453824997 0.224000007
vt 0.447461993 0.205825001
vt 0.449342996 0.205584005
vt 0.453824997 0.206112996
vt 0.453824997 0.206112996
vt 0.449342996 0.205584005
vt 0.450996995 0.204889998
vt -0.0943680033 0.206112996
vt -0.0943680033 0.204889998
vt -0.0943680033 0.206112996
vt 0.453824997 0.206112996
vt 0.450996995 0.204889998
vt 0.452225 0.203824997
vt -0.0943680033 0.206112996
vt -0.0943680033 0.203824997
vt -0.0943680033 0.206112996
vt 0.453824997 0.206112996
vt 0.452225 0.203824997
vt 0.452877998 0.202519998
vt 0.453824997 0.206112996
vt 0.452877998 0.202519998
vt 0.453824997 0.200912997
vt 0.453824997 0.200912997
vt 0.452877998 0.202519998
vt 0.452960998 0.201824993
vt -0.0943680033 0.200912997
vt -0.0943680033 0.201824993
vt -0.0943680033 0.200912997
vt 0.453824997 0.200912997
vt 0.452960998 0.201824993
vt 0.452877998 0.201131001
vt -0.0943680033 0.200912997
vt -0.0943680033 0.201131001
vt -0.0943680033 0.200912997
vt 0.453824997 0.200912997
vt 0.452877998 0.201131001
vt 0.452225 0.199825004
vt 0.453824997 0.200912997
vt 0.452225 0.199825004
vt 0.453824997 0.195999995
vt 0.453824997 0.195999995
vt 0.452225 0.199825004
vt 0.450996995 0.198761001
vt -0.0943680033 0.195999995
vt -0.0943680033 0.198761001
vt -0.0943680033 0.195999995
vt 0.453824997 0.195999995
vt 0.450996995 0.198761001
vt 0.449342996 0.198066995
vt -0.0943680033 0.195999995
vt -0.0943680033 0.198066995
vt -0.0943680033 0.195999995
vt 0.453824997 0.195999995
vt 0.449342996 0.198066995
vt 0.447461993 0.197825
vt 0.453824997 0.195999995
vt 0.447461993 0.197825
vt 0.442586005 0.195999995
vt 0.453824997 0.200912997
vt 0.454688013 0.203999996
vt 0.453824997 0.206112996
vt 0.453824997 0.195999995
vt 0.502077997 0.195999995
vt 0.453824997 0.200912997
vt 0.453824997 0.200912997
vt 0.502077997 0.195999995
vt 0.502077997 0.200912997
vt 0.453824997 0.200912997
vt 0.502077997 0.200912997
vt 0.501214981 0.203999996
vt -0.0943680033 0.203999996
vt -0.0943680033 0.200912997
vt -0.0943680033 0.200912997
vt 0.501214981 0.203999996
vt 0.502077997 0.200912997
vt 0.502077997 0.206112996
vt 0.502077997 0.206112996
vt 0.502077997 0.200912997
vt 0.503024995 0.202519998
vt -0.0943680033 0.206112996
vt -0.0943680033 0.202519998
vt -0.0943680033 0.206112996
vt 0.502077997 0.206112996
vt 0.503024995 0.202519998
vt 0.503678024 0.203824997
vt -0.0943680033 0.206112996
vt -0.0943680033 0.203824997
vt -0.0943680033 0.206112996
vt 0.502077997 0.206112996
vt 0.503678024 0.203824997
vt 0.504905999 0.204889998
vt -0.0943680033 0.206112996
vt -0.0943680033 0.204889998
vt -0.0943680033 0.206112996
vt 0.502077997 0.206112996
vt 0.504905999 0.204889998
vt 0.506560028 0.205584005
vt 0.502077997 0.206112996
vt 0.506560028 0.205584005
vt 0.508440971 0.205825001
vt 0.503024995 0.202519998
vt 0.502077997 0.200912997
vt 0.503024995 0.201131001
vt -0.0943680033 0.201131001
vt -0.0943680033 0.200912997
vt -0.0943680033 0.200912997
vt 0.503024995 0.201131001
vt 0.502077997 0.200912997
vt 0.503678024 0.199825004
vt 0.503678024 0.199825004
vt 0.502077997 0.200912997
vt 0.502077997 0.195999995
vt 0.503678024 0.199825004
vt 0.502077997 0.195999995
vt 0.504905999 0.198761001
vt -0.0943680033 0.198761001
vt -0.0943680033 0.195999995
vt -0.0943680033 0.195999995
vt 0.504905999 0.198761001
vt 0.502077997 0.195999995
vt 0.506560028 0.198066995
vt -0.0943680033 0.198066995
vt -0.0943680033 0.195999995
vt -0.0943680033 0.195999995
vt 0.506560028 0.198066995
vt 0.502077997 0.195999995
vt 0.508440971 0.197825
vt 0.508440971 0.197825
vt 0.502077997 0.195999995
vt 0.513316989 0.195999995
vt 0.388538003 -0.205825999
vt 0.386657 -0.205584005
vt 0.333059013 -0.201826006
vt 0.333059013 -0.201826006
vt 0.386657 -0.205584005
vt 0.385003 -0.204889998
vt -0.112378001 -0.201826006
vt -0.112378001 -0.204889998
vt -0.112378001 -0.201826006
vt 0.333059013 -0.201826006
vt 0.385003 -0.204889998
vt 0.383774996 -0.203825995
vt -0.112378001 -0.201826006
vt -0.112378001 -0.203825995
vt -0.112378001 -0.201826006
vt 0.333059013 -0.201826006
vt 0.383774996 -0.203825995
vt 0.383121997 -0.202519998
vt 0.333059013 -0.201826006
vt 0.383121997 -0.202519998
vt 0.383121997 -0.201131001
vt 0.516451001 0.112368003
vt 0.442586005 0.106968001
vt 0.513316989 0.106968001
vt -0.106968001 0.252000004
vt -0.106968001 0.252000004
vt -0.106968001 0.252000004
vt 0.513316989 0.106968001
vt 0.442586005 0.106968001
vt 0.502077997 0.0943680033
vt 0.502077997 0.0943680033
vt 0.442586005 0.106968001
vt 0.453824997 0.0943680033
vt 0.513316989 0.0943680033
vt 0.516451001 0.0943680033
vt 0.513316989 0.106968001
vt 0.513316989 0.106968001
vt 0.516451001 0.0943680033
vt 0.516451001 0.106968001
vt 0.454688013 0.244000003
vt 0.453824997 0.247087002
vt 0.453824997 0.241887003
vt 0.453824997 0.241887003
vt 0.453824997 0.247087002
vt 0.452877998 0.245480001
vt -0.0943680033 0.241887003
vt -0.0943680033 0.245480001
vt -0.0943680033 0.241887003
vt 0.453824997 0.241887003
vt 0.452877998 0.245480001
vt 0.452225 0.244174004
vt -0.0943680033 0.241887003
vt -0.0943680033 0.244174004
vt -0.0943680033 0.241887003
vt 0.453824997 0.241887003
vt 0.452225 0.244174004
vt 0.450996995 0.243110001
vt -0.0943680033 0.241887003
vt -0.0943680033 0.243110001
vt -0.0943680033 0.241887003
vt 0.453824997 0.241887003
vt 0.450996995 0.243110001
vt 0.449342996 0.242415994
vt 0.453824997 0.241887003
vt 0.449342996 0.242415994
vt 0.447461993 0.242174
vt 0.452877998 0.245480001
vt 0.453824997 0.247087002
vt 0.452877998 0.246868998
vt -0.0943680033 0.246868998
vt -0.0943680033 0.247087002
vt -0.0943680033 0.247087002
vt 0.452877998 0.246868998
vt 0.453824997 0.247087002
vt 0.452225 0.248173997
vt 0.452225 0.248173997
vt 0.453824997 0.247087002
vt 0.453824997 0.252000004
vt 0.452225 0.248173997
vt 0.453824997 0.252000004
vt 0.450996995 0.249237999
vt -0.0943680033 0.249237999
vt -0.0943680033 0.252000004
vt -0.0943680033 0.252000004
vt 0.450996995 0.249237999
vt 0.453824997 0.252000004
vt 0.449342996 0.249933004
vt -0.0943680033 0.249933004
vt -0.0943680033 0.252000004
vt -0.0943680033 0.252000004
vt 0.449342996 0.249933004
vt 0.453824997 0.252000004
vt 0.447461993 0.250173986
vt 0.447461993 0.250173986
vt 0.453824997 0.252000004
vt 0.442586005 0.252000004
vt 0.0943680033 0.247087002
vt 0.0943680033 0.241887003
vt 0.106968001 0.249720007
vt 0.106968001 0.249720007
vt 0.0943680033 0.241887003
vt 0.0943680033 0.224000007
vt 0.106968001 0.249720007
vt 0.0943680033 0.224000007
vt 0.106968001 0.198278993
vt 0.106968001 0.198278993
vt 0.0943680033 0.224000007
vt 0.0943680033 0.206112996
vt 0.106968001 0.198278993
vt 0.0943680033 0.206112996
vt 0.0943680033 0.200912997
vt 0.106968001 0.198278993
vt 0.112368003 0.195999995
vt 0.106968001 0.249720007
vt -0.350443006 0.0383759998
vt -0.348405987 0.0405480005
vt -0.353184015 0.0368059985
vt -0.353184015 0.0368059985
vt -0.348405987 0.0405480005
vt -0.347259998 0.0431200005
vt -0.353184015 0.0368059985
vt -0.347259998 0.0431200005
vt -0.356375992 0.0359820016
vt -0.0359820016 -0.241600007
vt -0.0431200005 -0.241600007
vt -0.0431200005 -0.241600007
vt -0.356375992 0.0359820016
vt -0.347259998 0.0431200005
vt -0.359721988 0.0359820016
vt -0.0359820016 -0.241600007
vt -0.0431200005 -0.241600007
vt -0.0431200005 -0.241600007
vt -0.359721988 0.0359820016
vt -0.347259998 0.0431200005
vt -0.362913013 0.0368059985
vt -0.0368059985 -0.241600007
vt -0.0431200005 -0.241600007
vt -0.0431200005 -0.241600007
vt -0.362913013 0.0368059985
vt -0.347259998 0.0431200005
vt -0.365653992 0.0383759998
vt -0.0383759998 -0.241600007
vt -0.0431200005 -0.241600007
vt -0.0431200005 -0.241600007
vt -0.365653992 0.0383759998
vt -0.347259998 0.0431200005
vt -0.367691994 0.0405480005
vt -0.367691994 0.0405480005
vt -0.347259998 0.0431200005
vt -0.368836999 0.0431200005
vt 0.333059013 0.201824993
vt 0.383121997 0.201131001
vt 0.332975 0.202519998
vt -0.112368003 0.202519998
vt -0.112368003 0.201131001
vt -0.112368003 0.201131001
vt 0.332975 0.202519998
vt 0.383121997 0.201131001
vt 0.332322001 0.203824997
vt -0.112368003 0.203824997
vt -0.112368003 0.201131001
vt -0.112368003 0.201131001
vt 0.332322001 0.203824997
vt 0.383121997 0.201131001
vt 0.331093997 0.204889998
vt 0.331093997 0.204889998
vt 0.383121997 0.201131001
vt 0.331093997 0.243110001
vt 0.331093997 0.204889998
vt 0.331093997 0.243110001
vt 0.329439998 0.205584005
vt 0.329439998 0.205584005
vt 0.331093997 0.243110001
vt 0.329439998 0.242415994
vt 0.329439998 0.205584005
vt 0.329439998 0.242415994
vt 0.327558994 0.242174
vt 0.383121997 0.201131001
vt 0.383121997 0.202519998
vt 0.331093997 0.243110001
vt -0.112368003 0.243110001
vt -0.112368003 0.202519998
vt -0.112368003 0.202519998
vt 0.331093997 0.243110001
vt 0.383121997 0.202519998
vt 0.332322001 0.244174004
vt 0.332322001 0.244174004
vt 0.383121997 0.202519998
vt 0.388538003 0.242174
vt 0.332322001 0.244174004
vt 0.388538003 0.242174
vt 0.332975 0.245480001
vt -0.112368003 0.245480001
vt -0.112368003 0.242174
vt -0.112368003 0.242174
vt 0.332975 0.245480001
vt 0.388538003 0.242174
vt 0.332975 0.246868998
vt 0.332975 0.246868998
vt 0.388538003 0.242174
vt 0.386657 0.242415994
vt -0.112368003 0.246868998
vt -0.112368003 0.242415994
vt -0.112368003 0.246868998
vt 0.332975 0.246868998
vt 0.386657 0.242415994
vt 0.385003 0.243110001
vt -0.112368003 0.246868998
vt -0.112368003 0.243110001
vt -0.112368003 0.246868998
vt 0.332975 0.246868998
vt 0.385003 0.243110001
vt 0.383774996 0.244174004
vt -0.112368003 0.246868998
vt -0.112368003 0.244174004
vt -0.112368003 0.246868998
vt 0.332975 0.246868998
vt 0.383774996 0.244174004
vt 0.383121997 0.245480001
vt -0.112368003 0.246868998
vt -0.112368003 0.245480001
vt -0.112368003 0.246868998
vt 0.332975 0.246868998
vt 0.383121997 0.245480001
vt 0.383038014 0.246173993
vt -0.112368003 0.246868998
vt -0.112368003 0.246173993
vt -0.112368003 0.246868998
vt 0.332975 0.246868998
vt 0.383038014 0.246173993
vt 0.383121997 0.246868998
vt 0.332975 0.246868998
vt 0.383121997 0.246868998
vt 0.332322001 0.248173997
vt 0.332322001 0.248173997
vt 0.383121997 0.246868998
vt 0.383774996 0.248173997
vt 0.332322001 0.248173997
vt 0.383774996 0.248173997
vt 0.331093997 0.249237999
vt 0.331093997 0.249237999
vt 0.383774996 0.248173997
vt 0.385003 0.249237999
vt -0.112368003 0.249237999
vt -0.112368003 0.249237999
vt -0.112368003 0.249237999
vt 0.331093997 0.249237999
vt 0.385003 0.249237999
vt 0.386657 0.249933004
vt -0.112368003 0.249237999
vt -0.112368003 0.249933004
vt -0.112368003 0.249237999
vt 0.331093997 0.249237999
vt 0.386657 0.249933004
vt 0.388538003 0.250173986
vt 0.331093997 0.249237999
vt 0.388538003 0.250173986
vt 0.396548986 0.252000004
vt 0.396548986 0.252000004
vt 0.388538003 0.250173986
vt 0.39041999 0.249933004
vt -0.112368003 0.252000004
vt -0.112368003 0.249933004
vt -0.112368003 0.252000004
vt 0.396548986 0.252000004
vt 0.39041999 0.249933004
vt 0.392073989 0.249237999
vt -0.112368003 0.252000004
vt -0.112368003 0.249237999
vt -0.112368003 0.252000004
vt 0.396548986 0.252000004
vt 0.392073989 0.249237999
vt 0.393301994 0.248173997
vt -0.112368003 0.252000004
vt -0.112368003 0.248173997
vt -0.112368003 0.252000004
vt 0.396548986 0.252000004
vt 0.393301994 0.248173997
vt 0.393954992 0.246868998
vt -0.112368003 0.252000004
vt -0.112368003 0.246868998
vt -0.112368003 0.252000004
vt 0.396548986 0.252000004
vt 0.393954992 0.246868998
vt 0.393954992 0.245480001
vt 0.396548986 0.252000004
vt 0.393954992 0.245480001
vt 0.39041999 0.205584005
vt -0.112368003 0.205584005
vt -0.112368003 0.245480001
vt -0.112368003 0.245480001
vt 0.39041999 0.205584005
vt 0.393954992 0.245480001
vt 0.388538003 0.205825001
vt -0.112368003 0.205825001
vt -0.112368003 0.245480001
vt -0.112368003 0.245480001
vt 0.388538003 0.205825001
vt 0.393954992 0.245480001
vt 0.386657 0.205584005
vt -0.112368003 0.205584005
vt -0.112368003 0.245480001
vt -0.112368003 0.245480001
vt 0.386657 0.205584005
vt 0.393954992 0.245480001
vt 0.385003 0.204889998
vt -0.112368003 0.204889998
vt -0.112368003 0.245480001
vt -0.112368003 0.245480001
vt 0.385003 0.204889998
vt 0.393954992 0.245480001
vt 0.383774996 0.203824997
vt -0.112368003 0.203824997
vt -0.112368003 0.245480001
vt -0.112368003 0.245480001
vt 0.383774996 0.203824997
vt 0.393954992 0.245480001
vt 0.383121997 0.202519998
vt 0.383121997 0.202519998
vt 0.393954992 0.245480001
vt 0.393301994 0.244174004
vt -0.112368003 0.202519998
vt -0.112368003 0.244174004
vt -0.112368003 0.202519998
vt 0.383121997 0.202519998
vt 0.393301994 0.244174004
vt 0.392073989 0.243110001
vt -0.112368003 0.202519998
vt -0.112368003 0.243110001
vt -0.112368003 0.202519998
vt 0.383121997 0.202519998
vt 0.392073989 0.243110001
vt 0.39041999 0.242415994
vt 0.383121997 0.202519998
vt 0.39041999 0.242415994
vt 0.388538003 0.242174
vt 0.39041999 0.205584005
vt 0.392073989 0.204889998
vt 0.396548986 0.252000004
vt 0.396548986 0.252000004
vt 0.392073989 0.204889998
vt 0.393301994 0.203824997
vt 0.396548986 0.252000004
vt 0.393301994 0.203824997
vt 0.393954992 0.202519998
vt 0.331093997 0.249237999
vt 0.396548986 0.252000004
vt 0.329439998 0.249933004
vt 0.329439998 0.249933004
vt 0.396548986 0.252000004
vt 0.327558994 0.250173986
vt 0.327558994 0.250173986
vt 0.319548994 0.252000004
vt 0.325677991 0.249933004
vt -0.112368003 0.249933004
vt -0.112368003 0.252000004
vt -0.112368003 0.252000004
vt 0.325677991 0.249933004
vt 0.319548994 0.252000004
vt 0.324023992 0.249237999
vt -0.112368003 0.249237999
vt -0.112368003 0.252000004
vt -0.112368003 0.252000004
vt 0.324023992 0.249237999
vt 0.319548994 0.252000004
vt 0.322795987 0.248173997
vt -0.112368003 0.248173997
vt -0.112368003 0.252000004
vt -0.112368003 0.252000004
vt 0.322795987 0.248173997
vt 0.319548994 0.252000004
vt 0.322142005 0.246868998
vt -0.112368003 0.246868998
vt -0.112368003 0.252000004
vt -0.112368003 0.252000004
vt 0.322142005 0.246868998
vt 0.319548994 0.252000004
vt 0.322142005 0.245480001
vt 0.322142005 0.245480001
vt 0.319548994 0.252000004
vt 0.322142005 0.202519998
vt 0.322142005 0.245480001
vt 0.322142005 0.202519998
vt 0.322795987 0.244174004
vt -0.112368003 0.244174004
vt -0.112368003 0.202519998
vt -0.112368003 0.202519998
vt 0.322795987 0.244174004
vt 0.322142005 0.202519998
vt 0.324023992 0.243110001
vt 0.324023992 0.243110001
vt 0.322142005 0.202519998
vt 0.322795987 0.203824997
vt -0.112368003 0.243110001
vt -0.112368003 0.203824997
vt -0.112368003 0.243110001
vt 0.324023992 0.243110001
vt 0.322795987 0.203824997
vt 0.324023992 0.204889998
vt -0.112368003 0.243110001
vt -0.112368003 0.204889998
vt -0.112368003 0.243110001
vt 0.324023992 0.243110001
vt 0.324023992 0.204889998
vt 0.325677991 0.205584005
vt 0.324023992 0.243110001
vt 0.325677991 0.205584005
vt 0.325677991 0.242415994
vt 0.325677991 0.242415994
vt 0.325677991 0.205584005
vt 0.327558994 0.205825001
vt 0.325677991 0.242415994
vt 0.327558994 0.205825001
vt 0.327558994 0.242174
vt 0.322683007 0.106977999
vt 0.319548994 0.106977999
vt 0.322683007 0.094378002
vt 0.322683007 0.094378002
vt 0.319548994 0.106977999
vt 0.319548994 0.094378002
vt -0.516451001 0.0943680033
vt -0.513316989 0.0943680033
vt -0.516451001 0.106968001
vt -0.516451001 0.106968001
vt -0.513316989 0.0943680033
vt -0.513316989 0.106968001
vt 0.327558994 0.197825
vt 0.396548986 0.195999995
vt 0.329439998 0.198066995
vt -0.112368003 0.198066995
vt -0.112368003 0.195999995
vt -0.112368003 0.195999995
vt 0.329439998 0.198066995
vt 0.396548986 0.195999995
vt 0.331093997 0.198761001
vt -0.112368003 0.198761001
vt -0.112368003 0.195999995
vt -0.112368003 0.195999995
vt 0.331093997 0.198761001
vt 0.396548986 0.195999995
vt 0.332322001 0.199825004
vt -0.112368003 0.199825004
vt -0.112368003 0.195999995
vt -0.112368003 0.195999995
vt 0.332322001 0.199825004
vt 0.396548986 0.195999995
vt 0.332975 0.201131001
vt 0.332975 0.201131001
vt 0.396548986 0.195999995
vt 0.388538003 0.197825
vt 0.332975 0.201131001
vt 0.388538003 0.197825
vt 0.333059013 0.201824993
vt 0.388538003 0.197825
vt 0.396548986 0.195999995
vt 0.39041999 0.198066995
vt -0.112368003 0.198066995
vt -0.112368003 0.195999995
vt -0.112368003 0.195999995
vt 0.39041999 0.198066995
vt 0.396548986 0.195999995
vt 0.392073989 0.198761001
vt -0.112368003 0.198761001
vt -0.112368003 0.195999995
vt -0.112368003 0.195999995
vt 0.392073989 0.198761001
vt 0.396548986 0.195999995
vt 0.393301994 0.199825004
vt -0.112368003 0.199825004
vt -0.112368003 0.195999995
vt -0.112368003 0.195999995
vt 0.393301994 0.199825004
vt 0.396548986 0.195999995
vt 0.393954992 0.201131001
vt 0.393954992 0.201131001
vt 0.396548986 0.195999995
vt 0.393954992 0.202519998
vt 0.508440971 0.197825
vt 0.513316989 0.195999995
vt 0.510321975 0.198066995
vt -0.0943680033 0.198066995
vt -0.0943680033 0.195999995
vt -0.0943680033 0.195999995
vt 0.510321975 0.198066995
vt 0.513316989 0.195999995
vt 0.511976004 0.198761001
vt -0.0943680033 0.198761001
vt -0.0943680033 0.195999995
vt -0.0943680033 0.195999995
vt 0.511976004 0.198761001
vt 0.513316989 0.195999995
vt 0.513203979 0.199825004
vt 0.513203979 0.199825004
vt 0.513316989 0.195999995
vt 0.515196025 0.200912997
vt 0.513203979 0.199825004
vt 0.515196025 0.200912997
vt 0.51385802 0.201131001
vt -0.0943680033 0.201131001
vt -0.0943680033 0.200912997
vt -0.0943680033 0.200912997
vt 0.51385802 0.201131001
vt 0.515196025 0.200912997
vt 0.51385802 0.202519998
vt 0.51385802 0.202519998
vt 0.515196025 0.200912997
vt 0.515196025 0.206112996
vt 0.51385802 0.202519998
vt 0.515196025 0.206112996
vt 0.513203979 0.203824997
vt -0.0943680033 0.203824997
vt -0.0943680033 0.206112996
vt -0.0943680033 0.206112996
vt 0.513203979 0.203824997
vt 0.515196025 0.206112996
vt 0.511976004 0.204889998
vt -0.0943680033 0.204889998
vt -0.0943680033 0.206112996
vt -0.0943680033 0.206112996
vt 0.511976004 0.204889998
vt 0.515196025 0.206112996
vt 0.510321975 0.205584005
vt 0.510321975 0.205584005
vt 0.515196025 0.206112996
vt 0.508440971 0.205825001
vt -0.452960998 0.201824993
vt -0.452877998 0.202519998
vt -0.449342996 0.242415994
vt -0.449342996 0.242415994
vt -0.452877998 0.202519998
vt -0.447461993 0.242174
vt -0.392073989 0.249237999
vt -0.396548986 0.249720007
vt -0.393301994 0.248173997
vt -0.393301994 0.248173997
vt -0.396548986 0.249720007
vt -0.393954992 0.246868998
vt -0.381312013 -0.241600007
vt -0.382174999 -0.241887003
vt -0.381312013 -0.241887003
vt -0.381312013 -0.241887003
vt -0.382174999 -0.241887003
vt -0.381312013 -0.244000003
vt -0.396548986 0.0943680033
vt -0.393413991 0.0943680033
vt -0.396548986 0.106968001
vt -0.396548986 0.106968001
vt -0.393413991 0.0943680033
vt -0.393413991 0.106968001
vt -0.0943680033 0.247087002
vt -0.106968001 0.249720007
vt -0.0943680033 0.241887003
vt -0.0943680033 0.241887003
vt -0.106968001 0.249720007
vt -0.106968001 0.249720007
vt -0.0943680033 0.241887003
vt -0.106968001 0.249720007
vt -0.0943680033 0.224000007
vt -0.0943680033 0.224000007
vt -0.106968001 0.249720007
vt -0.106968001 0.198278993
vt -0.0943680033 0.224000007
vt -0.106968001 0.198278993
vt -0.0943680033 0.206112996
vt -0.0943680033 0.206112996
vt -0.106968001 0.198278993
vt -0.0943680033 0.200912997
vt -0.106968001 0.198278993
vt -0.106968001 0.249720007
vt -0.112368003 0.252000004
vt 0.447461993 0.250173986
vt 0.442586005 0.252000004
vt 0.445580006 0.249933004
vt 0.445580006 0.249933004
vt 0.442586005 0.252000004
vt 0.443926007 0.249237999
vt -0.502941012 0.246173993
vt -0.452877998 0.246868998
vt -0.503024995 0.246868998
vt -0.112368003 0.246868998
vt -0.112368003 0.246868998
vt -0.112368003 0.246868998
vt -0.503024995 0.246868998
vt -0.452877998 0.246868998
vt -0.503678024 0.248173997
vt -0.112368003 0.248173997
vt -0.112368003 0.246868998
vt -0.112368003 0.246868998
vt -0.503678024 0.248173997
vt -0.452877998 0.246868998
vt -0.504905999 0.249237999
vt -0.112368003 0.249237999
vt -0.112368003 0.246868998
vt -0.112368003 0.246868998
vt -0.504905999 0.249237999
vt -0.452877998 0.246868998
vt -0.506560028 0.249933004
vt -0.506560028 0.249933004
vt -0.452877998 0.246868998
vt -0.452225 0.248173997
vt -0.112368003 0.249933004
vt -0.112368003 0.248173997
vt -0.112368003 0.249933004
vt -0.506560028 0.249933004
vt -0.452225 0.248173997
vt -0.450996995 0.249237999
vt -0.112368003 0.249933004
vt -0.112368003 0.249237999
vt -0.112368003 0.249933004
vt -0.506560028 0.249933004
vt -0.450996995 0.249237999
vt -0.449342996 0.249933004
vt -0.112368003 0.249933004
vt -0.112368003 0.249933004
vt -0.112368003 0.249933004
vt -0.506560028 0.249933004
vt -0.449342996 0.249933004
vt -0.447461993 0.250173986
vt -0.506560028 0.249933004
vt -0.447461993 0.250173986
vt -0.439451009 0.252000004
vt -0.439451009 0.252000004
vt -0.447461993 0.250173986
vt -0.445580006 0.249933004
vt -0.112368003 0.252000004
vt -0.112368003 0.249933004
vt -0.112368003 0.252000004
vt -0.439451009 0.252000004
vt -0.445580006 0.249933004
vt -0.443926007 0.249237999
vt -0.112368003 0.252000004
vt -0.112368003 0.249237999
vt -0.112368003 0.252000004
vt -0.439451009 0.252000004
vt -0.443926007 0.249237999
vt -0.442698002 0.248173997
vt -0.112368003 0.252000004
vt -0.112368003 0.248173997
vt -0.112368003 0.252000004
vt -0.439451009 0.252000004
vt -0.442698002 0.248173997
vt -0.442045003 0.246868998
vt -0.439451009 0.252000004
vt -0.442045003 0.246868998
vt -0.442045003 0.245480001
vt -0.508440971 0.250173986
vt -0.506560028 0.249933004
vt -0.439451009 0.252000004
vt 0.501214981 0.206400007
vt 0.501214981 0.206112996
vt 0.502077997 0.206112996
vt 0.502077997 0.206112996
vt 0.501214981 0.206112996
vt 0.501214981 0.203999996
vt 0.0943680033 0.203999996
vt 0.0943680033 0.206112996
vt 0.0431100018 0.203999996
vt 0.0431100018 0.203999996
vt 0.0943680033 0.206112996
vt 0.0431100018 0.206400007
vt -0.0431100018 0.203999996
vt -0.0431100018 0.206400007
vt -0.0431100018 0.203999996
vt 0.0431100018 0.203999996
vt 0.0431100018 0.206400007
vt 0.0405380018 0.206400007
vt 0.0431100018 0.203999996
vt 0.0405380018 0.206400007
vt 0.0405380018 0.203999996
vt 0.0405380018 0.203999996
vt 0.0405380018 0.206400007
vt 0.0383660011 0.206400007
vt 0.0405380018 0.203999996
vt 0.0383660011 0.206400007
vt 0.0383660011 0.203999996
vt 0.48555699 0.203999996
vt 0.48555699 0.206400007
vt 0.482816011 0.206400007
vt 0.48555699 0.203999996
vt 0.482816011 0.206400007
vt 0.482816011 0.203999996
vt 0.482816011 0.203999996
vt 0.482816011 0.206400007
vt 0.479624003 0.206400007
vt 0.482816011 0.203999996
vt 0.479624003 0.206400007
vt 0.479624003 0.203999996
vt 0.479624003 0.203999996
vt 0.479624003 0.206400007
vt 0.476278007 0.206400007
vt 0.479624003 0.203999996
vt 0.476278007 0.206400007
vt 0.476278007 0.203999996
vt 0.476278007 0.203999996
vt 0.476278007 0.206400007
vt 0.473087013 0.206400007
vt 0.476278007 0.203999996
vt 0.473087013 0.206400007
vt 0.473087013 0.203999996
vt 0.473087013 0.203999996
vt 0.473087013 0.206400007
vt 0.470346004 0.206400007
vt 0.473087013 0.203999996
vt 0.470346004 0.206400007
vt 0.470346004 0.203999996
vt -0.0383660011 0.203999996
vt -0.0383660011 0.206400007
vt -0.0405380018 0.206400007
vt -0.0383660011 0.203999996
vt -0.0405380018 0.206400007
vt -0.0405380018 0.203999996
vt -0.0405380018 0.203999996
vt -0.0405380018 0.206400007
vt -0.0431100018 0.206400007
vt -0.0405380018 0.203999996
vt -0.0431100018 0.206400007
vt -0.0431100018 0.203999996
vt -0.0431100018 0.203999996
vt -0.0431100018 0.206400007
vt -0.0943680033 0.206112996
vt -0.0431100018 0.203999996
vt -0.0943680033 0.206112996
vt -0.0943680033 0.203999996
vt 0.0431100018 0.206400007
vt 0.0943680033 0.206112996
vt 0.0943680033 0.206400007
vt -0.0943680033 0.206112996
vt -0.0431100018 0.206400007
vt -0.0943680033 0.206400007
vt -0.322683007 0.195999995
vt -0.327558994 0.197825
vt -0.333921999 0.195999995
vt -0.333921999 0.195999995
vt -0.327558994 0.197825
vt -0.329439998 0.198066995
vt -0.0943680033 0.195999995
vt -0.0943680033 0.198066995
vt -0.0943680033 0.195999995
vt -0.333921999 0.195999995
vt -0.329439998 0.198066995
vt -0.331093997 0.198761001
vt -0.0943680033 0.195999995
vt -0.0943680033 0.198761001
vt -0.0943680033 0.195999995
vt -0.333921999 0.195999995
vt -0.331093997 0.198761001
vt -0.332322001 0.199825004
vt -0.333921999 0.195999995
vt -0.332322001 0.199825004
vt -0.333921999 0.200912997
vt -0.333921999 0.200912997
vt -0.332322001 0.199825004
vt -0.332975 0.201131001
vt -0.0943680033 0.200912997
vt -0.0943680033 0.201131001
vt -0.0943680033 0.200912997
vt -0.333921999 0.200912997
vt -0.332975 0.201131001
vt -0.333059013 0.201824993
vt -0.0943680033 0.200912997
vt -0.0943680033 0.201824993
vt -0.0943680033 0.200912997
vt -0.333921999 0.200912997
vt -0.333059013 0.201824993
vt -0.332975 0.202519998
vt -0.333921999 0.200912997
vt -0.332975 0.202519998
vt -0.333921999 0.206112996
vt -0.333921999 0.206112996
vt -0.332975 0.202519998
vt -0.332322001 0.203824997
vt -0.0943680033 0.206112996
vt -0.0943680033 0.203824997
vt -0.0943680033 0.206112996
vt -0.333921999 0.206112996
vt -0.332322001 0.203824997
vt -0.331093997 0.204889998
vt -0.0943680033 0.206112996
vt -0.0943680033 0.204889998
vt -0.0943680033 0.206112996
vt -0.333921999 0.206112996
vt -0.331093997 0.204889998
vt -0.329439998 0.205584005
vt -0.0943680033 0.206112996
vt -0.0943680033 0.205584005
vt -0.0943680033 0.206112996
vt -0.333921999 0.206112996
vt -0.329439998 0.205584005
vt -0.327558994 0.205825001
vt -0.333921999 0.206112996
vt -0.327558994 0.205825001
vt -0.320804 0.206112996
vt -0.320804 0.206112996
vt -0.327558994 0.205825001
vt -0.325677991 0.205584005
vt -0.0943680033 0.206112996
vt -0.0943680033 0.205584005
vt -0.0943680033 0.206112996
vt -0.320804 0.206112996
vt -0.325677991 0.205584005
vt -0.324023992 0.204889998
vt -0.0943680033 0.206112996
vt -0.0943680033 0.204889998
vt -0.0943680033 0.206112996
vt -0.320804 0.206112996
vt -0.324023992 0.204889998
vt -0.322795987 0.203824997
vt -0.0943680033 0.206112996
vt -0.0943680033 0.203824997
vt -0.0943680033 0.206112996
vt -0.320804 0.206112996
vt -0.322795987 0.203824997
vt -0.322142005 0.202519998
vt -0.320804 0.206112996
vt -0.322142005 0.202519998
vt -0.320804 0.200912997
vt -0.320804 0.200912997
vt -0.322142005 0.202519998
vt -0.322142005 0.201131001
vt -0.0943680033 0.200912997
vt -0.0943680033 0.201131001
vt -0.0943680033 0.200912997
vt -0.320804 0.200912997
vt -0.322142005 0.201131001
vt -0.322795987 0.199825004
vt -0.320804 0.200912997
vt -0.322795987 0.199825004
vt -0.322683007 0.195999995
vt -0.322683007 0.195999995
vt -0.322795987 0.199825004
vt -0.324023992 0.198761001
vt -0.0943680033 0.195999995
vt -0.0943680033 0.198761001
vt -0.0943680033 0.195999995
vt -0.322683007 0.195999995
vt -0.324023992 0.198761001
vt -0.325677991 0.198066995
vt -0.322683007 0.195999995
vt -0.325677991 0.198066995
vt -0.327558994 0.197825
vt -0.333921999 0.206112996
vt -0.334785014 0.203999996
vt -0.333921999 0.200912997
vt -0.333921999 0.200912997
vt -0.334785014 0.203999996
vt -0.382174999 0.200912997
vt -0.333921999 0.200912997
vt -0.382174999 0.200912997
vt -0.333921999 0.195999995
vt -0.0943680033 0.195999995
vt -0.0943680033 0.200912997
vt -0.0943680033 0.200912997
vt -0.333921999 0.195999995
vt -0.382174999 0.200912997
vt -0.382174999 0.195999995
vt -0.382174999 0.195999995
vt -0.382174999 0.200912997
vt -0.383774996 0.199825004
vt -0.0943680033 0.195999995
vt -0.0943680033 0.199825004
vt -0.0943680033 0.195999995
vt -0.382174999 0.195999995
vt -0.383774996 0.199825004
vt -0.385003 0.198761001
vt -0.0943680033 0.195999995
vt -0.0943680033 0.198761001
vt -0.0943680033 0.195999995
vt -0.382174999 0.195999995
vt -0.385003 0.198761001
vt -0.386657 0.198066995
vt -0.0943680033 0.195999995
vt -0.0943680033 0.198066995
vt -0.0943680033 0.195999995
vt -0.382174999 0.195999995
vt -0.386657 0.198066995
vt -0.388538003 0.197825
vt -0.382174999 0.195999995
vt -0.388538003 0.197825
vt -0.393413991 0.195999995
vt -0.383774996 0.199825004
vt -0.382174999 0.200912997
vt -0.383121997 0.201131001
vt -0.0943680033 0.201131001
vt -0.0943680033 0.200912997
vt -0.0943680033 0.200912997
vt -0.383121997 0.201131001
vt -0.382174999 0.200912997
vt -0.383121997 0.202519998
vt -0.383121997 0.202519998
vt -0.382174999 0.200912997
vt -0.382174999 0.206112996
vt -0.383121997 0.202519998
vt -0.382174999 0.206112996
vt -0.383774996 0.203824997
vt -0.0943680033 0.203824997
vt -0.0943680033 0.206112996
vt -0.0943680033 0.206112996
vt -0.383774996 0.203824997
vt -0.382174999 0.206112996
vt -0.385003 0.204889998
vt -0.0943680033 0.204889998
vt -0.0943680033 0.206112996
vt -0.0943680033 0.206112996
vt -0.385003 0.204889998
vt -0.382174999 0.206112996
vt -0.386657 0.205584005
vt -0.386657 0.205584005
vt -0.382174999 0.206112996
vt -0.388538003 0.205825001
vt -0.382174999 0.200912997
vt -0.381312013 0.203999996
vt -0.382174999 0.206112996
vt -0.482713997 0.0471180007
vt -0.481487006 0.0483149998
vt -0.501214981 0.0943680033
vt -0.501214981 0.0943680033
vt -0.481487006 0.0483149998
vt -0.479831994 0.0490970016
vt -0.501214981 0.0943680033
vt -0.479831994 0.0490970016
vt -0.47795099 0.0493680015
vt 0.322683007 0.106968001
vt 0.319548994 0.106968001
vt 0.322683007 0.0943680033
vt 0.322683007 0.0943680033
vt 0.319548994 0.106968001
vt 0.319548994 0.0943680033
vt 0.112368003 0.195999995
vt 0.106968001 0.249720007
vt 0.106968001 0.198278993
vt 0.106968001 0.198278993
vt 0.106968001 0.249720007
vt 0.0943680033 0.224000007
vt -0.106968001 0.198278993
vt -0.0943680033 0.224000007
vt -0.106968001 0.198278993
vt 0.106968001 0.198278993
vt 0.0943680033 0.224000007
vt 0.0943680033 0.206112996
vt 0.106968001 0.198278993
vt 0.0943680033 0.206112996
vt 0.0943680033 0.200912997
vt 0.0943680033 0.224000007
vt 0.106968001 0.249720007
vt 0.0943680033 0.241887003
vt 0.0943680033 0.241887003
vt 0.106968001 0.249720007
vt 0.0943680033 0.247087002
vt 0.094378002 -0.244000003
vt 0.094378002 -0.241887003
vt 0.0431200005 -0.244000003
vt 0.0431200005 -0.244000003
vt 0.094378002 -0.241887003
vt 0.0431200005 -0.241600007
vt -0.0431200005 -0.244000003
vt -0.0431200005 -0.241600007
vt -0.0431200005 -0.244000003
vt 0.0431200005 -0.244000003
vt 0.0431200005 -0.241600007
vt 0.0405480005 -0.241600007
vt 0.0431200005 -0.244000003
vt 0.0405480005 -0.241600007
vt 0.0405480005 -0.244000003
vt 0.0405480005 -0.244000003
vt 0.0405480005 -0.241600007
vt 0.0383759998 -0.241600007
vt 0.0405480005 -0.244000003
vt 0.0383759998 -0.241600007
vt 0.0383759998 -0.244000003
vt -0.350443006 -0.244000003
vt -0.350443006 -0.241600007
vt -0.353184015 -0.241600007
vt -0.350443006 -0.244000003
vt -0.353184015 -0.241600007
vt -0.353184015 -0.244000003
vt -0.353184015 -0.244000003
vt -0.353184015 -0.241600007
vt -0.356375992 -0.241600007
vt -0.353184015 -0.244000003
vt -0.356375992 -0.241600007
vt -0.356375992 -0.244000003
vt -0.356375992 -0.244000003
vt -0.356375992 -0.241600007
vt -0.359721988 -0.241600007
vt -0.356375992 -0.244000003
vt -0.359721988 -0.241600007
vt -0.359721988 -0.244000003
vt -0.359721988 -0.244000003
vt -0.359721988 -0.241600007
vt -0.362913013 -0.241600007
vt -0.359721988 -0.244000003
vt -0.362913013 -0.241600007
vt -0.362913013 -0.244000003
vt -0.362913013 -0.244000003
vt -0.362913013 -0.241600007
vt -0.365653992 -0.241600007
vt -0.362913013 -0.244000003
vt -0.365653992 -0.241600007
vt -0.365653992 -0.244000003
vt -0.0383759998 -0.244000003
vt -0.0383759998 -0.241600007
vt -0.0405480005 -0.241600007
vt -0.0383759998 -0.244000003
vt -0.0405480005 -0.241600007
vt -0.0405480005 -0.244000003
vt -0.0405480005 -0.244000003
vt -0.0405480005 -0.241600007
vt -0.0431200005 -0.241600007
vt -0.0405480005 -0.244000003
vt -0.0431200005 -0.241600007
vt -0.0431200005 -0.244000003
vt -0.0431200005 -0.244000003
vt -0.0431200005 -0.241600007
vt -0.094378002 -0.241887003
vt -0.0431200005 -0.244000003
vt -0.094378002 -0.241887003
vt -0.094378002 -0.244000003
vt 0.094378002 -0.241600007
vt 0.0431200005 -0.241600007
vt 0.094378002 -0.241887003
vt -0.094378002 -0.241600007
vt -0.094378002 -0.241887003
vt -0.0431200005 -0.241600007
vt -0.333921999 0.0943680033
vt -0.322683007 0.106968001
vt -0.382174999 0.0943680033
vt -0.0943680033 0.252000004
vt -0.106968001 0.252000004
vt -0.106968001 0.252000004
vt -0.382174999 0.0943680033
vt -0.322683007 0.106968001
vt -0.393413991 0.106968001
vt -0.393413991 0.106968001
vt -0.322683007 0.106968001
vt -0.319548994 0.112368003
vt -0.322683007 0.252000004
vt -0.333921999 0.252000004
vt -0.327558994 0.250173986
vt -0.0943680033 0.250173986
vt -0.0943680033 0.252000004
vt -0.0943680033 0.252000004
vt -0.327558994 0.250173986
vt -0.333921999 0.252000004
vt -0.329439998 0.249933004
vt -0.0943680033 0.249933004
vt -0.0943680033 0.252000004
vt -0.0943680033 0.252000004
vt -0.329439998 0.249933004
vt -0.333921999 0.252000004
vt -0.331093997 0.249237999
vt -0.0943680033 0.249237999
vt -0.0943680033 0.252000004
vt -0.0943680033 0.252000004
vt -0.331093997 0.249237999
vt -0.333921999 0.252000004
vt -0.332322001 0.248173997
vt -0.332322001 0.248173997
vt -0.333921999 0.252000004
vt -0.333921999 0.247087002
vt -0.332322001 0.248173997
vt -0.333921999 0.247087002
vt -0.332975 0.246868998
vt -0.0943680033 0.246868998
vt -0.0943680033 0.247087002
vt -0.0943680033 0.247087002
vt -0.332975 0.246868998
vt -0.333921999 0.247087002
vt -0.332975 0.245480001
vt -0.332975 0.245480001
vt -0.333921999 0.247087002
vt -0.333921999 0.241887003
vt -0.332975 0.245480001
vt -0.333921999 0.241887003
vt -0.332322001 0.244174004
vt -0.0943680033 0.244174004
vt -0.0943680033 0.241887003
vt -0.0943680033 0.241887003
vt -0.332322001 0.244174004
vt -0.333921999 0.241887003
vt -0.331093997 0.243110001
vt -0.0943680033 0.243110001
vt -0.0943680033 0.241887003
vt -0.0943680033 0.241887003
vt -0.331093997 0.243110001
vt -0.333921999 0.241887003
vt -0.329439998 0.242415994
vt -0.329439998 0.242415994
vt -0.333921999 0.241887003
vt -0.327558994 0.242174
vt -0.333921999 0.241887003
vt -0.333921999 0.247087002
vt -0.334785014 0.244000003
vt -0.0943680033 0.244000003
vt -0.0943680033 0.247087002
vt -0.0943680033 0.247087002
vt -0.334785014 0.244000003
vt -0.333921999 0.247087002
vt -0.382174999 0.247087002
vt -0.0943680033 0.247087002
vt -0.0943680033 0.247087002
vt -0.0943680033 0.247087002
vt -0.382174999 0.247087002
vt -0.333921999 0.247087002
vt -0.382174999 0.252000004
vt -0.382174999 0.252000004
vt -0.333921999 0.247087002
vt -0.333921999 0.252000004
vt 0.48555699 0.0383660011
vt 0.487594008 0.0405380018
vt 0.482816011 0.0367959999
vt -0.0367959999 0.244000003
vt -0.0405380018 0.244000003
vt -0.0405380018 0.244000003
vt 0.482816011 0.0367959999
vt 0.487594008 0.0405380018
vt 0.479624003 0.0359730013
vt -0.0359730013 0.244000003
vt -0.0405380018 0.244000003
vt -0.0405380018 0.244000003
vt 0.479624003 0.0359730013
vt 0.487594008 0.0405380018
vt 0.476278007 0.0359730013
vt -0.0359730013 0.244000003
vt -0.0405380018 0.244000003
vt -0.0405380018 0.244000003
vt 0.476278007 0.0359730013
vt 0.487594008 0.0405380018
vt 0.473087013 0.0367959999
vt 0.473087013 0.0367959999
vt 0.487594008 0.0405380018
vt 0.488739997 0.0431100018
vt 0.473087013 0.0367959999
vt 0.488739997 0.0431100018
vt 0.470346004 0.0383660011
vt -0.0383660011 0.244000003
vt -0.0431100018 0.244000003
vt -0.0431100018 0.244000003
vt 0.470346004 0.0383660011
vt 0.488739997 0.0431100018
vt 0.468308002 0.0405380018
vt 0.468308002 0.0405380018
vt 0.488739997 0.0431100018
vt 0.467162997 0.0431100018
vt 0.482713997 0.0471180007
vt 0.483368009 0.0456489995
vt 0.488739997 0.0431100018
vt 0.488739997 0.0431100018
vt 0.483368009 0.0456489995
vt 0.483451009 0.0448679999
vt -0.0431100018 0.206400007
vt -0.0448679999 0.206400007
vt -0.0431100018 0.206400007
vt 0.488739997 0.0431100018
vt 0.483451009 0.0448679999
vt 0.483368009 0.0440870002
vt 0.488739997 0.0431100018
vt 0.483368009 0.0440870002
vt 0.482713997 0.042617999
vt -0.327558994 0.242174
vt -0.320804 0.241887003
vt -0.325677991 0.242415994
vt -0.0943680033 0.242415994
vt -0.0943680033 0.241887003
vt -0.0943680033 0.241887003
vt -0.325677991 0.242415994
vt -0.320804 0.241887003
vt -0.324023992 0.243110001
vt -0.0943680033 0.243110001
vt -0.0943680033 0.241887003
vt -0.0943680033 0.241887003
vt -0.324023992 0.243110001
vt -0.320804 0.241887003
vt -0.322795987 0.244174004
vt -0.0943680033 0.244174004
vt -0.0943680033 0.241887003
vt -0.0943680033 0.241887003
vt -0.322795987 0.244174004
vt -0.320804 0.241887003
vt -0.322142005 0.245480001
vt -0.322142005 0.245480001
vt -0.320804 0.241887003
vt -0.320804 0.247087002
vt -0.322142005 0.245480001
vt -0.320804 0.247087002
vt -0.322142005 0.246868998
vt -0.0943680033 0.246868998
vt -0.0943680033 0.247087002
vt -0.0943680033 0.247087002
vt -0.322142005 0.246868998
vt -0.320804 0.247087002
vt -0.322795987 0.248173997
vt -0.322795987 0.248173997
vt -0.320804 0.247087002
vt -0.322683007 0.252000004
vt -0.322795987 0.248173997
vt -0.322683007 0.252000004
vt -0.324023992 0.249237999
vt -0.0943680033 0.249237999
vt -0.0943680033 0.252000004
vt -0.0943680033 0.252000004
vt -0.324023992 0.249237999
vt -0.322683007 0.252000004
vt -0.325677991 0.249933004
vt -0.325677991 0.249933004
vt -0.322683007 0.252000004
vt -0.327558994 0.250173986
vt -0.442045003 0.245480001
vt -0.442698002 0.244174004
vt -0.439451009 0.195999995
vt -0.439451009 0.195999995
vt -0.442698002 0.244174004
vt -0.443926007 0.243110001
vt -0.439451009 0.195999995
vt -0.443926007 0.243110001
vt -0.442045003 0.202519998
vt -0.112368003 0.202519998
vt -0.112368003 0.243110001
vt -0.112368003 0.243110001
vt -0.442045003 0.202519998
vt -0.443926007 0.243110001
vt -0.442698002 0.203824997
vt -0.112368003 0.203824997
vt -0.112368003 0.243110001
vt -0.112368003 0.243110001
vt -0.442698002 0.203824997
vt -0.443926007 0.243110001
vt -0.443926007 0.204889998
vt -0.112368003 0.204889998
vt -0.112368003 0.243110001
vt -0.112368003 0.243110001
vt -0.443926007 0.204889998
vt -0.443926007 0.243110001
vt -0.445580006 0.205584005
vt -0.445580006 0.205584005
vt -0.443926007 0.243110001
vt -0.445580006 0.242415994
vt -0.445580006 0.205584005
vt -0.445580006 0.242415994
vt -0.447461993 0.205825001
vt -0.447461993 0.205825001
vt -0.445580006 0.242415994
vt -0.447461993 0.242174
vt -0.442045003 0.202519998
vt -0.442045003 0.201131001
vt -0.439451009 0.195999995
vt -0.439451009 0.195999995
vt -0.442045003 0.201131001
vt -0.442698002 0.199825004
vt -0.112368003 0.195999995
vt -0.112368003 0.199825004
vt -0.112368003 0.195999995
vt -0.439451009 0.195999995
vt -0.442698002 0.199825004
vt -0.443926007 0.198761001
vt -0.112368003 0.195999995
vt -0.112368003 0.198761001
vt -0.112368003 0.195999995
vt -0.439451009 0.195999995
vt -0.443926007 0.198761001
vt -0.445580006 0.198066995
vt -0.112368003 0.195999995
vt -0.112368003 0.198066995
vt -0.112368003 0.195999995
vt -0.439451009 0.195999995
vt -0.445580006 0.198066995
vt -0.447461993 0.197825
vt -0.439451009 0.195999995
vt -0.447461993 0.197825
vt -0.506560028 0.198066995
vt -0.506560028 0.198066995
vt -0.447461993 0.197825
vt -0.449342996 0.198066995
vt -0.506560028 0.198066995
vt -0.449342996 0.198066995
vt -0.504905999 0.198761001
vt -0.112368003 0.198761001
vt -0.112368003 0.198066995
vt -0.112368003 0.198066995
vt -0.504905999 0.198761001
vt -0.449342996 0.198066995
vt -0.503678024 0.199825004
vt -0.112368003 0.199825004
vt -0.112368003 0.198066995
vt -0.112368003 0.198066995
vt -0.503678024 0.199825004
vt -0.449342996 0.198066995
vt -0.503024995 0.201131001
vt -0.503024995 0.201131001
vt -0.449342996 0.198066995
vt -0.450996995 0.198761001
vt -0.503024995 0.201131001
vt -0.450996995 0.198761001
vt -0.503024995 0.202519998
vt -0.112368003 0.202519998
vt -0.112368003 0.198761001
vt -0.112368003 0.198761001
vt -0.503024995 0.202519998
vt -0.450996995 0.198761001
vt -0.503678024 0.203824997
vt -0.112368003 0.203824997
vt -0.112368003 0.198761001
vt -0.112368003 0.198761001
vt -0.503678024 0.203824997
vt -0.450996995 0.198761001
vt -0.504905999 0.204889998
vt -0.504905999 0.204889998
vt -0.450996995 0.198761001
vt -0.504905999 0.243110001
vt -0.504905999 0.204889998
vt -0.504905999 0.243110001
vt -0.506560028 0.205584005
vt -0.506560028 0.205584005
vt -0.504905999 0.243110001
vt -0.506560028 0.242415994
vt -0.506560028 0.205584005
vt -0.506560028 0.242415994
vt -0.508440971 0.205825001
vt -0.439451009 0.195999995
vt -0.506560028 0.198066995
vt -0.508440971 0.197825
vt -0.450996995 0.198761001
vt -0.452225 0.199825004
vt -0.504905999 0.243110001
vt -0.504905999 0.243110001
vt -0.452225 0.199825004
vt -0.452877998 0.201131001
vt -0.504905999 0.243110001
vt -0.452877998 0.201131001
vt -0.452960998 0.201824993
vt -0.322683007 0.0943680033
vt -0.319548994 0.0943680033
vt -0.322683007 0.106968001
vt -0.322683007 0.106968001
vt -0.319548994 0.0943680033
vt -0.319548994 0.106968001
vt -0.0448679999 0.203999996
vt -0.0440870002 0.203999996
vt -0.0440870002 0.206400007
vt -0.0440870002 0.206400007
vt -0.0440870002 0.203999996
vt -0.0440870002 0.203999996
vt -0.0440870002 0.206400007
vt -0.0440870002 0.203999996
vt -0.042617999 0.206400007
vt -0.042617999 0.206400007
vt -0.0440870002 0.203999996
vt -0.042617999 0.203999996
vt -0.482713997 0.206400007
vt -0.482713997 0.203999996
vt -0.481487006 0.206400007
vt -0.481487006 0.206400007
vt -0.482713997 0.203999996
vt -0.481487006 0.203999996
vt -0.481487006 0.206400007
vt -0.481487006 0.203999996
vt -0.479831994 0.206400007
vt -0.479831994 0.206400007
vt -0.481487006 0.203999996
vt -0.479831994 0.203999996
vt -0.479831994 0.206400007
vt -0.479831994 0.203999996
vt -0.47795099 0.206400007
vt -0.47795099 0.206400007
vt -0.479831994 0.203999996
vt -0.47795099 0.203999996
vt -0.47795099 0.206400007
vt -0.47795099 0.203999996
vt -0.476069987 0.206400007
vt -0.476069987 0.206400007
vt -0.47795099 0.203999996
vt -0.476069987 0.203999996
vt -0.476069987 0.206400007
vt -0.476069987 0.203999996
vt -0.474415988 0.206400007
vt -0.474415988 0.206400007
vt -0.476069987 0.203999996
vt -0.474415988 0.203999996
vt -0.474415988 0.206400007
vt -0.474415988 0.203999996
vt -0.473188013 0.206400007
vt -0.473188013 0.206400007
vt -0.474415988 0.203999996
vt -0.473188013 0.203999996
vt 0.042617999 0.206400007
vt 0.042617999 0.203999996
vt 0.0440870002 0.206400007
vt 0.0440870002 0.206400007
vt 0.042617999 0.203999996
vt 0.0440870002 0.203999996
vt 0.0440870002 0.206400007
vt 0.0440870002 0.203999996
vt 0.0456489995 0.206400007
vt 0.0456489995 0.206400007
vt 0.0440870002 0.203999996
vt 0.0456489995 0.203999996
vt 0.0456489995 0.206400007
vt 0.0456489995 0.203999996
vt 0.0471180007 0.206400007
vt 0.0471180007 0.206400007
vt 0.0456489995 0.203999996
vt 0.0471180007 0.203999996
vt 0.473188013 0.206400007
vt 0.473188013 0.203999996
vt 0.474415988 0.206400007
vt 0.474415988 0.206400007
vt 0.473188013 0.203999996
vt 0.474415988 0.203999996
vt 0.474415988 0.206400007
vt 0.474415988 0.203999996
vt 0.476069987 0.206400007
vt 0.476069987 0.206400007
vt 0.474415988 0.203999996
vt 0.476069987 0.203999996
vt 0.476069987 0.206400007
vt 0.476069987 0.203999996
vt 0.47795099 0.206400007
vt 0.47795099 0.206400007
vt 0.476069987 0.203999996
vt 0.47795099 0.203999996
vt 0.47795099 0.206400007
vt 0.47795099 0.203999996
vt 0.479831994 0.206400007
vt 0.479831994 0.206400007
vt 0.47795099 0.203999996
vt 0.479831994 0.203999996
vt 0.479831994 0.206400007
vt 0.479831994 0.203999996
vt 0.481487006 0.206400007
vt 0.481487006 0.206400007
vt 0.479831994 0.203999996
vt 0.481487006 0.203999996
vt 0.481487006 0.206400007
vt 0.481487006 0.203999996
vt 0.482713997 0.206400007
vt 0.482713997 0.206400007
vt 0.481487006 0.203999996
vt 0.482713997 0.203999996
vt -0.0471180007 0.206400007
vt -0.0471180007 0.203999996
vt -0.0456489995 0.206400007
vt -0.0456489995 0.206400007
vt -0.0471180007 0.203999996
vt -0.0456489995 0.203999996
vt -0.0456489995 0.206400007
vt -0.0456489995 0.203999996
vt -0.0448679999 0.206400007
vt 0.396548986 0.112378001
vt 0.322683007 0.106977999
vt 0.393413991 0.106977999
vt -0.106977999 -0.252000004
vt -0.106977999 -0.252000004
vt -0.106977999 -0.252000004
vt 0.393413991 0.106977999
vt 0.322683007 0.106977999
vt 0.382174999 0.094378002
vt 0.382174999 0.094378002
vt 0.322683007 0.106977999
vt 0.333921999 0.094378002
vt -0.488739997 0.0431100018
vt -0.487594008 0.0405380018
vt -0.482713997 0.042617999
vt -0.482713997 0.042617999
vt -0.487594008 0.0405380018
vt -0.48555699 0.0383660011
vt -0.482713997 0.042617999
vt -0.48555699 0.0383660011
vt -0.481487006 0.0414209999
vt -0.481487006 0.0414209999
vt -0.48555699 0.0383660011
vt -0.482816011 0.0367959999
vt -0.481487006 0.0414209999
vt -0.482816011 0.0367959999
vt -0.479831994 0.0406389982
vt -0.479831994 0.0406389982
vt -0.482816011 0.0367959999
vt -0.479624003 0.0359730013
vt -0.479831994 0.0406389982
vt -0.479624003 0.0359730013
vt -0.47795099 0.0403679982
vt -0.47795099 0.0403679982
vt -0.479624003 0.0359730013
vt -0.476278007 0.0359730013
vt -0.47795099 0.0403679982
vt -0.476278007 0.0359730013
vt -0.476069987 0.0406389982
vt -0.476069987 0.0406389982
vt -0.476278007 0.0359730013
vt -0.473087013 0.0367959999
vt -0.476069987 0.0406389982
vt -0.473087013 0.0367959999
vt -0.474415988 0.0414209999
vt -0.474415988 0.0414209999
vt -0.473087013 0.0367959999
vt -0.470346004 0.0383660011
vt -0.474415988 0.0414209999
vt -0.470346004 0.0383660011
vt -0.473188013 0.042617999
vt -0.473188013 0.042617999
vt -0.470346004 0.0383660011
vt -0.468308002 0.0405380018
vt -0.473188013 0.042617999
vt -0.468308002 0.0405380018
vt -0.467162997 0.0431100018
vt 0.393413991 0.094378002
vt 0.396548986 0.094378002
vt 0.393413991 0.106977999
vt 0.393413991 0.106977999
vt 0.396548986 0.094378002
vt 0.396548986 0.106977999
vt -0.094378002 -0.247087002
vt -0.094378002 -0.241887003
vt -0.106977999 -0.249720007
vt -0.106977999 -0.249720007
vt -0.094378002 -0.241887003
vt -0.094378002 -0.224000007
vt -0.106977999 -0.249720007
vt -0.094378002 -0.224000007
vt -0.106977999 -0.198280007
vt -0.106977999 -0.198280007
vt -0.094378002 -0.224000007
vt -0.094378002 -0.206112996
vt -0.106977999 -0.198280007
vt -0.094378002 -0.206112996
vt -0.094378002 -0.200912997
vt -0.106977999 -0.198280007
vt -0.112378001 -0.195999995
vt -0.106977999 -0.249720007
vt 0.356375992 0.0359730013
vt 0.359721988 0.0359730013
vt 0.353184015 0.0367959999
vt 0.353184015 0.0367959999
vt 0.359721988 0.0359730013
vt 0.362913013 0.0367959999
vt -0.0367959999 0.241600007
vt -0.0367959999 0.241600007
vt -0.0367959999 0.241600007
vt 0.353184015 0.0367959999
vt 0.362913013 0.0367959999
vt 0.365653992 0.0383660011
vt -0.0367959999 0.241600007
vt -0.0383660011 0.241600007
vt -0.0367959999 0.241600007
vt 0.353184015 0.0367959999
vt 0.365653992 0.0383660011
vt 0.367691994 0.0405380018
vt 0.353184015 0.0367959999
vt 0.367691994 0.0405380018
vt 0.350443006 0.0383660011
vt -0.0383660011 0.241600007
vt -0.0405380018 0.241600007
vt -0.0405380018 0.241600007
vt 0.350443006 0.0383660011
vt 0.367691994 0.0405380018
vt 0.348405987 0.0405380018
vt 0.348405987 0.0405380018
vt 0.367691994 0.0405380018
vt 0.368836999 0.0431100018
vt 0.348405987 0.0405380018
vt 0.368836999 0.0431100018
vt 0.347259998 0.0431100018
vt -0.51385802 0.245480001
vt -0.51385802 0.246868998
vt -0.516451001 0.252000004
vt -0.516451001 0.252000004
vt -0.51385802 0.246868998
vt -0.513203979 0.248173997
vt -0.112368003 0.252000004
vt -0.112368003 0.248173997
vt -0.112368003 0.252000004
vt -0.516451001 0.252000004
vt -0.513203979 0.248173997
vt -0.511976004 0.249237999
vt -0.112368003 0.252000004
vt -0.112368003 0.249237999
vt -0.112368003 0.252000004
vt -0.516451001 0.252000004
vt -0.511976004 0.249237999
vt -0.510321975 0.249933004
vt -0.516451001 0.252000004
vt -0.510321975 0.249933004
vt -0.508440971 0.250173986
vt -0.334785014 0.244000003
vt -0.334785014 0.241887003
vt -0.333921999 0.241887003
vt -0.333921999 0.241887003
vt -0.334785014 0.241887003
vt -0.334785014 0.241600007
vt -0.0943680033 0.244000003
vt -0.0943680033 0.241887003
vt -0.0431100018 0.244000003
vt -0.0431100018 0.244000003
vt -0.0943680033 0.241887003
vt -0.0431100018 0.241600007
vt -0.0431100018 0.244000003
vt -0.0431100018 0.241600007
vt -0.0431100018 0.244000003
vt -0.0431100018 0.244000003
vt -0.0431100018 0.241600007
vt -0.0405380018 0.241600007
vt -0.0431100018 0.244000003
vt -0.0405380018 0.241600007
vt -0.0405380018 0.244000003
vt -0.0405380018 0.244000003
vt -0.0405380018 0.241600007
vt -0.0383660011 0.241600007
vt -0.0405380018 0.244000003
vt -0.0383660011 0.241600007
vt -0.0383660011 0.244000003
vt -0.365653992 0.244000003
vt -0.365653992 0.241600007
vt -0.362913013 0.241600007
vt -0.365653992 0.244000003
vt -0.362913013 0.241600007
vt -0.362913013 0.244000003
vt -0.362913013 0.244000003
vt -0.362913013 0.241600007
vt -0.359721988 0.241600007
vt -0.362913013 0.244000003
vt -0.359721988 0.241600007
vt -0.359721988 0.244000003
vt -0.359721988 0.244000003
vt -0.359721988 0.241600007
vt -0.356375992 0.241600007
vt -0.359721988 0.244000003
vt -0.356375992 0.241600007
vt -0.356375992 0.244000003
vt -0.356375992 0.244000003
vt -0.356375992 0.241600007
vt -0.353184015 0.241600007
vt -0.356375992 0.244000003
vt -0.353184015 0.241600007
vt -0.353184015 0.244000003
vt -0.353184015 0.244000003
vt -0.353184015 0.241600007
vt -0.350443006 0.241600007
vt -0.353184015 0.244000003
vt -0.350443006 0.241600007
vt -0.350443006 0.244000003
vt 0.0383660011 0.244000003
vt 0.0383660011 0.241600007
vt 0.0405380018 0.241600007
vt 0.0383660011 0.244000003
vt 0.0405380018 0.241600007
vt 0.0405380018 0.244000003
vt 0.0405380018 0.244000003
vt 0.0405380018 0.241600007
vt 0.0431100018 0.241600007
vt 0.0405380018 0.244000003
vt 0.0431100018 0.241600007
vt 0.0431100018 0.244000003
vt 0.0431100018 0.244000003
vt 0.0431100018 0.241600007
vt 0.0943680033 0.241887003
vt 0.0431100018 0.244000003
vt 0.0943680033 0.241887003
vt 0.0943680033 0.244000003
vt -0.0943680033 0.241600007
vt -0.0431100018 0.241600007
vt -0.0943680033 0.241887003
vt 0.0943680033 0.241600007
vt 0.0943680033 0.241887003
vt 0.0431100018 0.241600007
vt -0.381312013 0.241600007
vt -0.381312013 0.241887003
vt -0.382174999 0.241887003
vt -0.382174999 0.241887003
vt -0.381312013 0.241887003
vt -0.381312013 0.244000003
vt -0.334785014 0.203999996
vt -0.333921999 0.206112996
vt -0.334785014 0.206112996
vt -0.334785014 0.206112996
vt -0.333921999 0.206112996
vt -0.334785014 0.206400007
vt 0.0943680033 0.206400007
vt 0.0431100018 0.206400007
vt 0.0943680033 0.206112996
vt 0.0943680033 0.206112996
vt 0.0431100018 0.206400007
vt 0.0431100018 0.203999996
vt 0.0943680033 0.206112996
vt 0.0431100018 0.203999996
vt 0.0943680033 0.203999996
vt 0.0431100018 0.206400007
vt 0.0405380018 0.206400007
vt 0.0431100018 0.203999996
vt -0.0431100018 0.203999996
vt -0.0405380018 0.206400007
vt -0.0405380018 0.206400007
vt 0.0431100018 0.203999996
vt 0.0405380018 0.206400007
vt 0.0405380018 0.203999996
vt 0.0405380018 0.203999996
vt 0.0405380018 0.206400007
vt 0.0383660011 0.206400007
vt 0.0405380018 0.203999996
vt 0.0383660011 0.206400007
vt 0.0383660011 0.203999996
vt -0.350443006 0.203999996
vt -0.350443006 0.206400007
vt -0.353184015 0.206400007
vt -0.350443006 0.203999996
vt -0.353184015 0.206400007
vt -0.353184015 0.203999996
vt -0.353184015 0.203999996
vt -0.353184015 0.206400007
vt -0.356375992 0.206400007
vt -0.353184015 0.203999996
vt -0.356375992 0.206400007
vt -0.356375992 0.203999996
vt -0.356375992 0.203999996
vt -0.356375992 0.206400007
vt -0.359721988 0.206400007
vt -0.356375992 0.203999996
vt -0.359721988 0.206400007
vt -0.359721988 0.203999996
vt -0.359721988 0.203999996
vt -0.359721988 0.206400007
vt -0.362913013 0.206400007
vt -0.359721988 0.203999996
vt -0.362913013 0.206400007
vt -0.362913013 0.203999996
vt -0.362913013 0.203999996
vt -0.362913013 0.206400007
vt -0.365653992 0.206400007
vt -0.362913013 0.203999996
vt -0.365653992 0.206400007
vt -0.365653992 0.203999996
vt -0.0383660011 0.203999996
vt -0.0383660011 0.206400007
vt -0.0405380018 0.206400007
vt -0.0383660011 0.203999996
vt -0.0405380018 0.206400007
vt -0.0405380018 0.203999996
vt -0.0405380018 0.203999996
vt -0.0405380018 0.206400007
vt -0.0431100018 0.206400007
vt -0.0405380018 0.203999996
vt -0.0431100018 0.206400007
vt -0.0431100018 0.203999996
vt -0.0431100018 0.203999996
vt -0.0431100018 0.206400007
vt -0.0943680033 0.206112996
vt -0.0431100018 0.203999996
vt -0.0943680033 0.206112996
vt -0.0943680033 0.203999996
vt -0.0943680033 0.206112996
vt -0.0431100018 0.206400007
vt -0.0943680033 0.206400007
vt 0.333059013 -0.201826006
vt 0.332975 -0.202519998
vt 0.331093997 -0.243110001
vt 0.331093997 -0.243110001
vt 0.332975 -0.202519998
vt 0.332322001 -0.203825995
vt -0.112378001 -0.243110001
vt -0.112378001 -0.203825995
vt -0.112378001 -0.243110001
vt 0.331093997 -0.243110001
vt 0.332322001 -0.203825995
vt 0.331093997 -0.204889998
vt 0.331093997 -0.243110001
vt 0.331093997 -0.204889998
vt 0.329439998 -0.242415994
vt 0.329439998 -0.242415994
vt 0.331093997 -0.204889998
vt 0.329439998 -0.205584005
vt 0.329439998 -0.242415994
vt 0.329439998 -0.205584005
vt 0.327558994 -0.242174998
vt -0.353285998 0.0471180007
vt -0.334785014 0.0943680033
vt -0.35451299 0.0483149998
vt -0.0483149998 0.206400007
vt -0.0943680033 0.206400007
vt -0.0943680033 0.206400007
vt -0.35451299 0.0483149998
vt -0.334785014 0.0943680033
vt -0.356166989 0.0490970016
vt -0.356166989 0.0490970016
vt -0.334785014 0.0943680033
vt -0.358049005 0.0493680015
vt 0.353285998 0.0471180007
vt 0.347259998 0.0431100018
vt 0.352631986 0.0456489995
vt -0.0456489995 0.203999996
vt -0.0431100018 0.203999996
vt -0.0431100018 0.203999996
vt 0.352631986 0.0456489995
vt 0.347259998 0.0431100018
vt 0.352631986 0.0440870002
vt 0.352631986 0.0440870002
vt 0.347259998 0.0431100018
vt 0.353285998 0.042617999
vt -0.347259998 0.0431100018
vt -0.353285998 0.042617999
vt -0.348405987 0.0405380018
vt -0.0405380018 0.206400007
vt -0.042617999 0.206400007
vt -0.042617999 0.206400007
vt -0.348405987 0.0405380018
vt -0.353285998 0.042617999
vt -0.350443006 0.0383660011
vt -0.350443006 0.0383660011
vt -0.353285998 0.042617999
vt -0.35451299 0.0414209999
vt -0.350443006 0.0383660011
vt -0.35451299 0.0414209999
vt -0.353184015 0.0367959999
vt -0.353184015 0.0367959999
vt -0.35451299 0.0414209999
vt -0.356166989 0.0406389982
vt -0.353184015 0.0367959999
vt -0.356166989 0.0406389982
vt -0.356375992 0.0359730013
vt -0.356375992 0.0359730013
vt -0.356166989 0.0406389982
vt -0.358049005 0.0403679982
vt -0.356375992 0.0359730013
vt -0.358049005 0.0403679982
vt -0.359721988 0.0359730013
vt -0.359721988 0.0359730013
vt -0.358049005 0.0403679982
vt -0.359930009 0.0406389982
vt -0.359721988 0.0359730013
vt -0.359930009 0.0406389982
vt -0.362913013 0.0367959999
vt -0.362913013 0.0367959999
vt -0.359930009 0.0406389982
vt -0.361584008 0.0414209999
vt -0.362913013 0.0367959999
vt -0.361584008 0.0414209999
vt -0.365653992 0.0383660011
vt -0.365653992 0.0383660011
vt -0.361584008 0.0414209999
vt -0.362812012 0.042617999
vt -0.365653992 0.0383660011
vt -0.362812012 0.042617999
vt -0.367691994 0.0405380018
vt -0.367691994 0.0405380018
vt -0.362812012 0.042617999
vt -0.368836999 0.0431100018
vt 0.333059013 -0.201826006
vt 0.331093997 -0.243110001
vt 0.388538003 -0.205825999
vt 0.388538003 -0.205825999
vt 0.331093997 -0.243110001
vt 0.332322001 -0.244174004
vt 0.473188013 0.042617999
vt 0.472535014 0.0440870002
vt 0.467162997 0.0431100018
vt 0.467162997 0.0431100018
vt 0.472535014 0.0440870002
vt 0.472535014 0.0456489995
vt 0.467162997 0.0431100018
vt 0.472535014 0.0456489995
vt 0.473188013 0.0471180007
vt -0.322683007 -0.252000004
vt -0.327558994 -0.250173986
vt -0.333921999 -0.252000004
vt -0.333921999 -0.252000004
vt -0.327558994 -0.250173986
vt -0.329439998 -0.249933004
vt -0.094378002 -0.252000004
vt -0.094378002 -0.249933004
vt -0.094378002 -0.252000004
vt -0.333921999 -0.252000004
vt -0.329439998 -0.249933004
vt -0.331093997 -0.249238998
vt -0.094378002 -0.252000004
vt -0.094378002 -0.249238998
vt -0.094378002 -0.252000004
vt -0.333921999 -0.252000004
vt -0.331093997 -0.249238998
vt -0.332322001 -0.248174995
vt -0.333921999 -0.252000004
vt -0.332322001 -0.248174995
vt -0.333921999 -0.247087002
vt -0.333921999 -0.247087002
vt -0.332322001 -0.248174995
vt -0.332975 -0.246868998
vt -0.094378002 -0.247087002
vt -0.094378002 -0.246868998
vt -0.094378002 -0.247087002
vt -0.333921999 -0.247087002
vt -0.332975 -0.246868998
vt -0.332975 -0.245480001
vt -0.333921999 -0.247087002
vt -0.332975 -0.245480001
vt -0.333921999 -0.241887003
vt -0.333921999 -0.241887003
vt -0.332975 -0.245480001
vt -0.332322001 -0.244174004
vt -0.094378002 -0.241887003
vt -0.094378002 -0.244174004
vt -0.094378002 -0.241887003
vt -0.333921999 -0.241887003
vt -0.332322001 -0.244174004
vt -0.331093997 -0.243110001
vt -0.094378002 -0.241887003
vt -0.094378002 -0.243110001
vt -0.094378002 -0.241887003
vt -0.333921999 -0.241887003
vt -0.331093997 -0.243110001
vt -0.329439998 -0.242415994
vt -0.333921999 -0.241887003
vt -0.329439998 -0.242415994
vt -0.327558994 -0.242174998
vt -0.333921999 -0.241887003
vt -0.334785014 -0.244000003
vt -0.333921999 -0.247087002
vt -0.333921999 -0.247087002
vt -0.334785014 -0.244000003
vt -0.382174999 -0.247087002
vt -0.333921999 -0.247087002
vt -0.382174999 -0.247087002
vt -0.333921999 -0.252000004
vt -0.094378002 -0.252000004
vt -0.094378002 -0.247087002
vt -0.094378002 -0.247087002
vt -0.333921999 -0.252000004
vt -0.382174999 -0.247087002
vt -0.382174999 -0.252000004
vt -0.382174999 -0.252000004
vt -0.382174999 -0.247087002
vt -0.383774996 -0.248174995
vt -0.094378002 -0.252000004
vt -0.094378002 -0.248174995
vt -0.094378002 -0.252000004
vt -0.382174999 -0.252000004
vt -0.383774996 -0.248174995
vt -0.385003 -0.249238998
vt -0.094378002 -0.252000004
vt -0.094378002 -0.249238998
vt -0.094378002 -0.252000004
vt -0.382174999 -0.252000004
vt -0.385003 -0.249238998
vt -0.386657 -0.249933004
vt -0.094378002 -0.252000004
vt -0.094378002 -0.249933004
vt -0.094378002 -0.252000004
vt -0.382174999 -0.252000004
vt -0.386657 -0.249933004
vt -0.388538003 -0.250173986
vt -0.382174999 -0.252000004
vt -0.388538003 -0.250173986
vt -0.393413991 -0.252000004
vt -0.383774996 -0.248174995
vt -0.382174999 -0.247087002
vt -0.383121997 -0.246868998
vt -0.094378002 -0.246868998
vt -0.094378002 -0.247087002
vt -0.094378002 -0.247087002
vt -0.383121997 -0.246868998
vt -0.382174999 -0.247087002
vt -0.383038014 -0.246173993
vt -0.094378002 -0.246173993
vt -0.094378002 -0.247087002
vt -0.094378002 -0.247087002
vt -0.383038014 -0.246173993
vt -0.382174999 -0.247087002
vt -0.383121997 -0.245480001
vt -0.383121997 -0.245480001
vt -0.382174999 -0.247087002
vt -0.382174999 -0.241887003
vt -0.383121997 -0.245480001
vt -0.382174999 -0.241887003
vt -0.383774996 -0.244174004
vt -0.094378002 -0.244174004
vt -0.094378002 -0.241887003
vt -0.094378002 -0.241887003
vt -0.383774996 -0.244174004
vt -0.382174999 -0.241887003
vt -0.385003 -0.243110001
vt -0.094378002 -0.243110001
vt -0.094378002 -0.241887003
vt -0.094378002 -0.241887003
vt -0.385003 -0.243110001
vt -0.382174999 -0.241887003
vt -0.386657 -0.242415994
vt -0.094378002 -0.242415994
vt -0.094378002 -0.241887003
vt -0.094378002 -0.241887003
vt -0.386657 -0.242415994
vt -0.382174999 -0.241887003
vt -0.388538003 -0.242174998
vt -0.388538003 -0.242174998
vt -0.382174999 -0.241887003
vt -0.395294011 -0.241887003
vt -0.388538003 -0.242174998
vt -0.395294011 -0.241887003
vt -0.39041999 -0.242415994
vt -0.094378002 -0.242415994
vt -0.094378002 -0.241887003
vt -0.094378002 -0.241887003
vt -0.39041999 -0.242415994
vt -0.395294011 -0.241887003
vt -0.392073989 -0.243110001
vt -0.094378002 -0.243110001
vt -0.094378002 -0.241887003
vt -0.094378002 -0.241887003
vt -0.392073989 -0.243110001
vt -0.395294011 -0.241887003
vt -0.393301994 -0.244174004
vt -0.094378002 -0.244174004
vt -0.094378002 -0.241887003
vt -0.094378002 -0.241887003
vt -0.393301994 -0.244174004
vt -0.395294011 -0.241887003
vt -0.393954992 -0.245480001
vt -0.393954992 -0.245480001
vt -0.395294011 -0.241887003
vt -0.395294011 -0.247087002
vt -0.393954992 -0.245480001
vt -0.395294011 -0.247087002
vt -0.393954992 -0.246868998
vt -0.094378002 -0.246868998
vt -0.094378002 -0.247087002
vt -0.094378002 -0.247087002
vt -0.393954992 -0.246868998
vt -0.395294011 -0.247087002
vt -0.393301994 -0.248174995
vt -0.393301994 -0.248174995
vt -0.395294011 -0.247087002
vt -0.393413991 -0.252000004
vt -0.393301994 -0.248174995
vt -0.393413991 -0.252000004
vt -0.392073989 -0.249238998
vt -0.094378002 -0.249238998
vt -0.094378002 -0.252000004
vt -0.094378002 -0.252000004
vt -0.392073989 -0.249238998
vt -0.393413991 -0.252000004
vt -0.39041999 -0.249933004
vt -0.39041999 -0.249933004
vt -0.393413991 -0.252000004
vt -0.388538003 -0.250173986
vt -0.381312013 -0.244000003
vt -0.382174999 -0.241887003
vt -0.382174999 -0.247087002
vt -0.473188013 0.0471180007
vt -0.472535014 0.0456489995
vt -0.467162997 0.0431100018
vt -0.467162997 0.0431100018
vt -0.472535014 0.0456489995
vt -0.472535014 0.0440870002
vt -0.467162997 0.0431100018
vt -0.472535014 0.0440870002
vt -0.473188013 0.042617999
vt -0.473188013 0.0471180007
vt -0.454688013 0.0943680033
vt -0.474415988 0.0483149998
vt -0.0483149998 0.203999996
vt -0.0943680033 0.203999996
vt -0.0943680033 0.203999996
vt -0.474415988 0.0483149998
vt -0.454688013 0.0943680033
vt -0.476069987 0.0490970016
vt -0.476069987 0.0490970016
vt -0.454688013 0.0943680033
vt -0.47795099 0.0493680015
vt 0.362812012 0.042617999
vt 0.368836999 0.0431100018
vt 0.363465011 0.0440870002
vt -0.0440870002 0.203999996
vt -0.0431100018 0.203999996
vt -0.0431100018 0.203999996
vt 0.363465011 0.0440870002
vt 0.368836999 0.0431100018
vt 0.363548994 0.0448679999
vt -0.0448679999 0.203999996
vt -0.0431100018 0.203999996
vt -0.0431100018 0.203999996
vt 0.363548994 0.0448679999
vt 0.368836999 0.0431100018
vt 0.363465011 0.0456489995
vt 0.363465011 0.0456489995
vt 0.368836999 0.0431100018
vt 0.362812012 0.0471180007
vt 0.0448679999 0.206400007
vt 0.0440870002 0.206400007
vt 0.0440870002 0.203999996
vt -0.0440870002 0.203999996
vt -0.0440870002 0.206400007
vt -0.0440870002 0.206400007
vt 0.0440870002 0.203999996
vt 0.0440870002 0.206400007
vt 0.042617999 0.203999996
vt 0.042617999 0.203999996
vt 0.0440870002 0.206400007
vt 0.042617999 0.206400007
vt 0.362812012 0.203999996
vt 0.362812012 0.206400007
vt 0.361584008 0.203999996
vt 0.361584008 0.203999996
vt 0.362812012 0.206400007
vt 0.361584008 0.206400007
vt 0.361584008 0.203999996
vt 0.361584008 0.206400007
vt 0.359930009 0.203999996
vt 0.359930009 0.203999996
vt 0.361584008 0.206400007
vt 0.359930009 0.206400007
vt 0.359930009 0.203999996
vt 0.359930009 0.206400007
vt 0.358049005 0.203999996
vt 0.358049005 0.203999996
vt 0.359930009 0.206400007
vt 0.358049005 0.206400007
vt 0.358049005 0.203999996
vt 0.358049005 0.206400007
vt 0.356166989 0.203999996
vt 0.356166989 0.203999996
vt 0.358049005 0.206400007
vt 0.356166989 0.206400007
vt 0.356166989 0.203999996
vt 0.356166989 0.206400007
vt 0.35451299 0.203999996
vt 0.35451299 0.203999996
vt 0.356166989 0.206400007
vt 0.35451299 0.206400007
vt 0.35451299 0.203999996
vt 0.35451299 0.206400007
vt 0.353285998 0.203999996
vt 0.353285998 0.203999996
vt 0.35451299 0.206400007
vt 0.353285998 0.206400007
vt -0.042617999 0.203999996
vt -0.042617999 0.206400007
vt -0.0440870002 0.203999996
vt -0.0440870002 0.203999996
vt -0.042617999 0.206400007
vt -0.0440870002 0.206400007
vt -0.0440870002 0.203999996
vt -0.0440870002 0.206400007
vt -0.0456489995 0.203999996
vt -0.0456489995 0.203999996
vt -0.0440870002 0.206400007
vt -0.0456489995 0.206400007
vt -0.0456489995 0.203999996
vt -0.0456489995 0.206400007
vt -0.0471180007 0.203999996
vt -0.0471180007 0.203999996
vt -0.0456489995 0.206400007
vt -0.0471180007 0.206400007
vt -0.353285998 0.203999996
vt -0.353285998 0.206400007
vt -0.35451299 0.203999996
vt -0.35451299 0.203999996
vt -0.353285998 0.206400007
vt -0.35451299 0.206400007
vt -0.35451299 0.203999996
vt -0.35451299 0.206400007
vt -0.356166989 0.203999996
vt -0.356166989 0.203999996
vt -0.35451299 0.206400007
vt -0.356166989 0.206400007
vt -0.356166989 0.203999996
vt -0.356166989 0.206400007
vt -0.358049005 0.203999996
vt -0.358049005 0.203999996
vt -0.356166989 0.206400007
vt -0.358049005 0.206400007
vt -0.358049005 0.203999996
vt -0.358049005 0.206400007
vt -0.359930009 0.203999996
vt -0.359930009 0.203999996
vt -0.358049005 0.206400007
vt -0.359930009 0.206400007
vt -0.359930009 0.203999996
vt -0.359930009 0.206400007
vt -0.361584008 0.203999996
vt -0.361584008 0.203999996
vt -0.359930009 0.206400007
vt -0.361584008 0.206400007
vt -0.361584008 0.203999996
vt -0.361584008 0.206400007
vt -0.362812012 0.203999996
vt -0.362812012 0.203999996
vt -0.361584008 0.206400007
vt -0.362812012 0.206400007
vt 0.0471180007 0.203999996
vt 0.0471180007 0.206400007
vt 0.0456489995 0.203999996
vt 0.0456489995 0.203999996
vt 0.0471180007 0.206400007
vt 0.0456489995 0.206400007
vt 0.0456489995 0.203999996
vt 0.0456489995 0.206400007
vt 0.0448679999 0.203999996
vt -0.362812012 0.0471180007
vt -0.368836999 0.0431100018
vt -0.363465011 0.0456489995
vt -0.0456489995 0.206400007
vt -0.0431100018 0.206400007
vt -0.0431100018 0.206400007
vt -0.363465011 0.0456489995
vt -0.368836999 0.0431100018
vt -0.363548994 0.0448679999
vt -0.0448679999 0.206400007
vt -0.0431100018 0.206400007
vt -0.0431100018 0.206400007
vt -0.363548994 0.0448679999
vt -0.368836999 0.0431100018
vt -0.363465011 0.0440870002
vt -0.363465011 0.0440870002
vt -0.368836999 0.0431100018
vt -0.362812012 0.042617999
vt 0.454688013 0.206400007
vt 0.453824997 0.206112996
vt 0.454688013 0.206112996
vt 0.454688013 0.206112996
vt 0.453824997 0.206112996
vt 0.454688013 0.203999996
vt -0.362812012 0.0471180007
vt -0.361584008 0.0483149998
vt -0.381312013 0.0943680033
vt -0.381312013 0.0943680033
vt -0.361584008 0.0483149998
vt -0.359930009 0.0490970016
vt -0.381312013 0.0943680033
vt -0.359930009 0.0490970016
vt -0.358049005 0.0493680015
vt 0.439451009 0.0943680033
vt 0.442586005 0.0943680033
vt 0.439451009 0.106968001
vt 0.439451009 0.106968001
vt 0.442586005 0.0943680033
vt 0.442586005 0.106968001
vt 0.443926007 0.198761001
vt 0.442698002 0.199825004
vt 0.439451009 0.198278993
vt 0.439451009 0.198278993
vt 0.442698002 0.199825004
vt 0.442045003 0.201131001
vt 0.447461993 0.242174
vt 0.445580006 0.242415994
vt 0.439451009 0.241887003
vt 0.439451009 0.241887003
vt 0.445580006 0.242415994
vt 0.443926007 0.243110001
vt -0.0943680033 0.241887003
vt -0.0943680033 0.243110001
vt -0.0943680033 0.241887003
vt 0.439451009 0.241887003
vt 0.443926007 0.243110001
vt 0.442698002 0.244174004
vt -0.0943680033 0.241887003
vt -0.0943680033 0.244174004
vt -0.0943680033 0.241887003
vt 0.439451009 0.241887003
vt 0.442698002 0.244174004
vt 0.442045003 0.245480001
vt 0.439451009 0.241887003
vt 0.442045003 0.245480001
vt 0.439451009 0.247087002
vt 0.439451009 0.247087002
vt 0.442045003 0.245480001
vt 0.442045003 0.246868998
vt 0.439451009 0.247087002
vt 0.442045003 0.246868998
vt 0.439451009 0.249720007
vt -0.381312013 0.203999996
vt -0.381312013 0.206112996
vt -0.382174999 0.206112996
vt -0.382174999 0.206112996
vt -0.381312013 0.206112996
vt -0.381312013 0.206400007
vt -0.516451001 0.112368003
vt -0.513316989 0.106968001
vt -0.442586005 0.106968001
vt -0.106968001 0.195999995
vt -0.106968001 0.195999995
vt -0.106968001 0.195999995
vt -0.442586005 0.106968001
vt -0.513316989 0.106968001
vt -0.453824997 0.0943680033
vt -0.453824997 0.0943680033
vt -0.513316989 0.106968001
vt -0.502077997 0.0943680033
vt 0.396548986 0.106968001
vt 0.393413991 0.106968001
vt 0.396548986 0.0943680033
vt 0.396548986 0.0943680033
vt 0.393413991 0.106968001
vt 0.393413991 0.0943680033
vt 0.322142005 -0.245480001
vt 0.319548994 -0.252000004
vt 0.322142005 -0.246868998
vt -0.112378001 -0.246868998
vt -0.112378001 -0.252000004
vt -0.112378001 -0.252000004
vt 0.322142005 -0.246868998
vt 0.319548994 -0.252000004
vt 0.322795987 -0.248174995
vt -0.112378001 -0.248174995
vt -0.112378001 -0.252000004
vt -0.112378001 -0.252000004
vt 0.322795987 -0.248174995
vt 0.319548994 -0.252000004
vt 0.324023992 -0.249238998
vt -0.112378001 -0.249238998
vt -0.112378001 -0.252000004
vt -0.112378001 -0.252000004
vt 0.324023992 -0.249238998
vt 0.319548994 -0.252000004
vt 0.325677991 -0.249933004
vt -0.112378001 -0.249933004
vt -0.112378001 -0.252000004
vt -0.112378001 -0.252000004
vt 0.325677991 -0.249933004
vt 0.319548994 -0.252000004
vt 0.327558994 -0.250173986
vt 0.327558994 -0.250173986
vt 0.319548994 -0.252000004
vt 0.385003 -0.249238998
vt 0.327558994 -0.250173986
vt 0.385003 -0.249238998
vt 0.329439998 -0.249933004
vt -0.112378001 -0.249933004
vt -0.112378001 -0.249238998
vt -0.112378001 -0.249238998
vt 0.329439998 -0.249933004
vt 0.385003 -0.249238998
vt 0.331093997 -0.249238998
vt -0.112378001 -0.249238998
vt -0.112378001 -0.249238998
vt -0.112378001 -0.249238998
vt 0.331093997 -0.249238998
vt 0.385003 -0.249238998
vt 0.332322001 -0.248174995
vt 0.332322001 -0.248174995
vt 0.385003 -0.249238998
vt 0.383774996 -0.248174995
vt 0.332322001 -0.248174995
vt 0.383774996 -0.248174995
vt 0.332975 -0.246868998
vt 0.332975 -0.246868998
vt 0.383774996 -0.248174995
vt 0.383121997 -0.246868998
vt 0.332975 -0.246868998
vt 0.383121997 -0.246868998
vt 0.383038014 -0.246173993
vt 0.385003 -0.249238998
vt 0.319548994 -0.252000004
vt 0.386657 -0.249933004
vt 0.386657 -0.249933004
vt 0.319548994 -0.252000004
vt 0.388538003 -0.250173986
vt 0.383038014 -0.246173993
vt 0.383121997 -0.245480001
vt 0.332975 -0.245480001
vt 0.332975 -0.245480001
vt 0.383121997 -0.245480001
vt 0.383774996 -0.244174004
vt -0.112378001 -0.245480001
vt -0.112378001 -0.244174004
vt -0.112378001 -0.245480001
vt 0.332975 -0.245480001
vt 0.383774996 -0.244174004
vt 0.385003 -0.243110001
vt -0.112378001 -0.245480001
vt -0.112378001 -0.243110001
vt -0.112378001 -0.245480001
vt 0.332975 -0.245480001
vt 0.385003 -0.243110001
vt 0.386657 -0.242415994
vt -0.112378001 -0.245480001
vt -0.112378001 -0.242415994
vt -0.112378001 -0.245480001
vt 0.332975 -0.245480001
vt 0.386657 -0.242415994
vt 0.388538003 -0.242174998
vt 0.332975 -0.245480001
vt 0.388538003 -0.242174998
vt 0.332322001 -0.244174004
vt 0.332322001 -0.244174004
vt 0.388538003 -0.242174998
vt 0.392073989 -0.204889998
vt -0.112378001 -0.244174004
vt -0.112378001 -0.204889998
vt -0.112378001 -0.244174004
vt 0.332322001 -0.244174004
vt 0.392073989 -0.204889998
vt 0.39041999 -0.205584005
vt 0.332322001 -0.244174004
vt 0.39041999 -0.205584005
vt 0.388538003 -0.205825999
vt 0.388538003 -0.242174998
vt 0.39041999 -0.242415994
vt 0.392073989 -0.204889998
vt 0.392073989 -0.204889998
vt 0.39041999 -0.242415994
vt 0.392073989 -0.243110001
vt 0.392073989 -0.204889998
vt 0.392073989 -0.243110001
vt 0.393301994 -0.203825995
vt -0.112378001 -0.203825995
vt -0.112378001 -0.243110001
vt -0.112378001 -0.243110001
vt 0.393301994 -0.203825995
vt 0.392073989 -0.243110001
vt 0.393954992 -0.202519998
vt 0.393954992 -0.202519998
vt 0.392073989 -0.243110001
vt 0.396548986 -0.195999995
vt 0.393954992 -0.202519998
vt 0.396548986 -0.195999995
vt 0.393954992 -0.201131001
vt -0.112378001 -0.201131001
vt -0.112378001 -0.195999995
vt -0.112378001 -0.195999995
vt 0.393954992 -0.201131001
vt 0.396548986 -0.195999995
vt 0.393301994 -0.199826002
vt -0.112378001 -0.199826002
vt -0.112378001 -0.195999995
vt -0.112378001 -0.195999995
vt 0.393301994 -0.199826002
vt 0.396548986 -0.195999995
vt 0.392073989 -0.198762
vt -0.112378001 -0.198762
vt -0.112378001 -0.195999995
vt -0.112378001 -0.195999995
vt 0.392073989 -0.198762
vt 0.396548986 -0.195999995
vt 0.39041999 -0.198066995
vt -0.112378001 -0.198066995
vt -0.112378001 -0.195999995
vt -0.112378001 -0.195999995
vt 0.39041999 -0.198066995
vt 0.396548986 -0.195999995
vt 0.388538003 -0.197825998
vt 0.388538003 -0.197825998
vt 0.396548986 -0.195999995
vt 0.331093997 -0.198762
vt 0.388538003 -0.197825998
vt 0.331093997 -0.198762
vt 0.386657 -0.198066995
vt -0.112378001 -0.198066995
vt -0.112378001 -0.198762
vt -0.112378001 -0.198762
vt 0.386657 -0.198066995
vt 0.331093997 -0.198762
vt 0.385003 -0.198762
vt 0.385003 -0.198762
vt 0.331093997 -0.198762
vt 0.332322001 -0.199826002
vt 0.385003 -0.198762
vt 0.332322001 -0.199826002
vt 0.383774996 -0.199826002
vt -0.112378001 -0.199826002
vt -0.112378001 -0.199826002
vt -0.112378001 -0.199826002
vt 0.383774996 -0.199826002
vt 0.332322001 -0.199826002
vt 0.383121997 -0.201131001
vt 0.383121997 -0.201131001
vt 0.332322001 -0.199826002
vt 0.332975 -0.201131001
vt 0.383121997 -0.201131001
vt 0.332975 -0.201131001
vt 0.333059013 -0.201826006
vt 0.331093997 -0.198762
vt 0.396548986 -0.195999995
vt 0.329439998 -0.198066995
vt 0.329439998 -0.198066995
vt 0.396548986 -0.195999995
vt 0.327558994 -0.197825998
vt 0.392073989 -0.243110001
vt 0.393301994 -0.244174004
vt 0.396548986 -0.195999995
vt 0.396548986 -0.195999995
vt 0.393301994 -0.244174004
vt 0.393954992 -0.245480001
vt -0.388538003 0.205825001
vt -0.396548986 0.206112996
vt -0.39041999 0.205584005
vt -0.0943680033 0.205584005
vt -0.0943680033 0.206112996
vt -0.0943680033 0.206112996
vt -0.39041999 0.205584005
vt -0.396548986 0.206112996
vt -0.392073989 0.204889998
vt -0.0943680033 0.204889998
vt -0.0943680033 0.206112996
vt -0.0943680033 0.206112996
vt -0.392073989 0.204889998
vt -0.396548986 0.206112996
vt -0.393301994 0.203824997
vt -0.0943680033 0.203824997
vt -0.0943680033 0.206112996
vt -0.0943680033 0.206112996
vt -0.393301994 0.203824997
vt -0.396548986 0.206112996
vt -0.393954992 0.202519998
vt -0.393954992 0.202519998
vt -0.396548986 0.206112996
vt -0.396548986 0.200912997
vt -0.393954992 0.202519998
vt -0.396548986 0.200912997
vt -0.393954992 0.201131001
vt -0.393954992 0.201131001
vt -0.396548986 0.200912997
vt -0.396548986 0.198278993
vt -0.447461993 0.205825001
vt -0.447461993 0.242174
vt -0.449342996 0.205584005
vt -0.112368003 0.205584005
vt -0.112368003 0.242174
vt -0.112368003 0.242174
vt -0.449342996 0.205584005
vt -0.447461993 0.242174
vt -0.450996995 0.204889998
vt -0.112368003 0.204889998
vt -0.112368003 0.242174
vt -0.112368003 0.242174
vt -0.450996995 0.204889998
vt -0.447461993 0.242174
vt -0.452225 0.203824997
vt -0.452225 0.203824997
vt -0.447461993 0.242174
vt -0.452877998 0.202519998
vt -0.393954992 0.201131001
vt -0.396548986 0.198278993
vt -0.393301994 0.199825004
vt -0.393301994 0.199825004
vt -0.396548986 0.198278993
vt -0.392073989 0.198761001
vt 0.362812012 0.0426280014
vt 0.368836999 0.0431200005
vt 0.363465011 0.0440960005
vt -0.0440960005 -0.206400007
vt -0.0431200005 -0.206400007
vt -0.0431200005 -0.206400007
vt 0.363465011 0.0440960005
vt 0.368836999 0.0431200005
vt 0.363548994 0.0448779985
vt -0.0448779985 -0.206400007
vt -0.0431200005 -0.206400007
vt -0.0431200005 -0.206400007
vt 0.363548994 0.0448779985
vt 0.368836999 0.0431200005
vt 0.363465011 0.0456589982
vt 0.363465011 0.0456589982
vt 0.368836999 0.0431200005
vt 0.362812012 0.0471279994
vt -0.0943680033 0.200912997
vt -0.0943680033 0.206112996
vt -0.106968001 0.198278993
vt -0.106968001 0.198278993
vt -0.0943680033 0.206112996
vt -0.0943680033 0.224000007
vt -0.106968001 0.198278993
vt -0.0943680033 0.224000007
vt -0.106968001 0.249720007
vt -0.106968001 0.249720007
vt -0.0943680033 0.224000007
vt -0.0943680033 0.241887003
vt -0.106968001 0.249720007
vt -0.0943680033 0.241887003
vt -0.0943680033 0.247087002
vt -0.106968001 0.198278993
vt -0.106968001 0.249720007
vt -0.112368003 0.252000004
vt 0.447461993 0.197825
vt 0.445580006 0.198066995
vt 0.442586005 0.195999995
vt 0.442586005 0.195999995
vt 0.445580006 0.198066995
vt 0.443926007 0.198761001
vt -0.368836999 0.0431200005
vt -0.367691994 0.0405480005
vt -0.362812012 0.0426280014
vt -0.362812012 0.0426280014
vt -0.367691994 0.0405480005
vt -0.365653992 0.0383759998
vt -0.362812012 0.0426280014
vt -0.365653992 0.0383759998
vt -0.361584008 0.0414309986
vt -0.361584008 0.0414309986
vt -0.365653992 0.0383759998
vt -0.362913013 0.0368059985
vt -0.361584008 0.0414309986
vt -0.362913013 0.0368059985
vt -0.359930009 0.0406490006
vt -0.359930009 0.0406490006
vt -0.362913013 0.0368059985
vt -0.359721988 0.0359820016
vt -0.359930009 0.0406490006
vt -0.359721988 0.0359820016
vt -0.358049005 0.0403780006
vt -0.358049005 0.0403780006
vt -0.359721988 0.0359820016
vt -0.356375992 0.0359820016
vt -0.358049005 0.0403780006
vt -0.356375992 0.0359820016
vt -0.356166989 0.0406490006
vt -0.356166989 0.0406490006
vt -0.356375992 0.0359820016
vt -0.353184015 0.0368059985
vt -0.356166989 0.0406490006
vt -0.353184015 0.0368059985
vt -0.35451299 0.0414309986
vt -0.35451299 0.0414309986
vt -0.353184015 0.0368059985
vt -0.350443006 0.0383759998
vt -0.35451299 0.0414309986
vt -0.350443006 0.0383759998
vt -0.353285998 0.0426280014
vt -0.353285998 0.0426280014
vt -0.350443006 0.0383759998
vt -0.348405987 0.0405480005
vt -0.353285998 0.0426280014
vt -0.348405987 0.0405480005
vt -0.347259998 0.0431200005
vt 0.353285998 0.0426280014
vt 0.352631986 0.0440960005
vt 0.347259998 0.0431200005
vt 0.347259998 0.0431200005
vt 0.352631986 0.0440960005
vt 0.352631986 0.0456589982
vt 0.347259998 0.0431200005
vt 0.352631986 0.0456589982
vt 0.353285998 0.0471279994
vt -0.381312013 -0.206400007
vt -0.381312013 -0.206112996
vt -0.382174999 -0.206112996
vt -0.382174999 -0.206112996
vt -0.381312013 -0.206112996
vt -0.381312013 -0.203999996
vt 0.347259998 0.0431200005
vt 0.348405987 0.0405480005
vt 0.368836999 0.0431200005
vt 0.368836999 0.0431200005
vt 0.348405987 0.0405480005
vt 0.350443006 0.0383759998
vt -0.0431200005 -0.244000003
vt -0.0383759998 -0.244000003
vt -0.0431200005 -0.244000003
vt 0.368836999 0.0431200005
vt 0.350443006 0.0383759998
vt 0.353184015 0.0368059985
vt -0.0431200005 -0.244000003
vt -0.0368059985 -0.244000003
vt -0.0431200005 -0.244000003
vt 0.368836999 0.0431200005
vt 0.353184015 0.0368059985
vt 0.356375992 0.0359820016
vt -0.0431200005 -0.244000003
vt -0.0359820016 -0.244000003
vt -0.0431200005 -0.244000003
vt 0.368836999 0.0431200005
vt 0.356375992 0.0359820016
vt 0.359721988 0.0359820016
vt -0.0431200005 -0.244000003
vt -0.0359820016 -0.244000003
vt -0.0431200005 -0.244000003
vt 0.368836999 0.0431200005
vt 0.359721988 0.0359820016
vt 0.362913013 0.0368059985
vt -0.0431200005 -0.244000003
vt -0.0368059985 -0.244000003
vt -0.0431200005 -0.244000003
vt 0.368836999 0.0431200005
vt 0.362913013 0.0368059985
vt 0.365653992 0.0383759998
vt 0.368836999 0.0431200005
vt 0.365653992 0.0383759998
vt 0.367691994 0.0405480005
vt -0.48555699 0.0383660011
vt -0.482816011 0.0367959999
vt -0.487594008 0.0405380018
vt -0.487594008 0.0405380018
vt -0.482816011 0.0367959999
vt -0.479624003 0.0359730013
vt -0.0405380018 0.241600007
vt -0.0359730013 0.241600007
vt -0.0405380018 0.241600007
vt -0.487594008 0.0405380018
vt -0.479624003 0.0359730013
vt -0.476278007 0.0359730013
vt -0.0405380018 0.241600007
vt -0.0359730013 0.241600007
vt -0.0405380018 0.241600007
vt -0.487594008 0.0405380018
vt -0.476278007 0.0359730013
vt -0.473087013 0.0367959999
vt -0.487594008 0.0405380018
vt -0.473087013 0.0367959999
vt -0.488739997 0.0431100018
vt -0.488739997 0.0431100018
vt -0.473087013 0.0367959999
vt -0.470346004 0.0383660011
vt -0.0431100018 0.241600007
vt -0.0383660011 0.241600007
vt -0.0431100018 0.241600007
vt -0.488739997 0.0431100018
vt -0.470346004 0.0383660011
vt -0.468308002 0.0405380018
vt -0.488739997 0.0431100018
vt -0.468308002 0.0405380018
vt -0.467162997 0.0431100018
vt -0.334785014 -0.244000003
vt -0.333921999 -0.241887003
vt -0.334785014 -0.241887003
vt -0.334785014 -0.241887003
vt -0.333921999 -0.241887003
vt -0.334785014 -0.241600007
vt -0.51385802 0.245480001
vt -0.516451001 0.195999995
vt -0.513203979 0.244174004
vt -0.112368003 0.244174004
vt -0.112368003 0.195999995
vt -0.112368003 0.195999995
vt -0.513203979 0.244174004
vt -0.516451001 0.195999995
vt -0.511976004 0.243110001
vt -0.112368003 0.243110001
vt -0.112368003 0.195999995
vt -0.112368003 0.195999995
vt -0.511976004 0.243110001
vt -0.516451001 0.195999995
vt -0.510321975 0.242415994
vt -0.510321975 0.242415994
vt -0.516451001 0.195999995
vt -0.51385802 0.202519998
vt -0.510321975 0.242415994
vt -0.51385802 0.202519998
vt -0.508440971 0.242174
vt -0.508440971 0.242174
vt -0.51385802 0.202519998
vt -0.513203979 0.203824997
vt -0.112368003 0.242174
vt -0.112368003 0.203824997
vt -0.112368003 0.242174
vt -0.508440971 0.242174
vt -0.513203979 0.203824997
vt -0.511976004 0.204889998
vt -0.112368003 0.242174
vt -0.112368003 0.204889998
vt -0.112368003 0.242174
vt -0.508440971 0.242174
vt -0.511976004 0.204889998
vt -0.510321975 0.205584005
vt -0.508440971 0.242174
vt -0.510321975 0.205584005
vt -0.508440971 0.205825001
vt -0.51385802 0.202519998
vt -0.516451001 0.195999995
vt -0.51385802 0.201131001
vt -0.112368003 0.201131001
vt -0.112368003 0.195999995
vt -0.112368003 0.195999995
vt -0.51385802 0.201131001
vt -0.516451001 0.195999995
vt -0.513203979 0.199825004
vt -0.112368003 0.199825004
vt -0.112368003 0.195999995
vt -0.112368003 0.195999995
vt -0.513203979 0.199825004
vt -0.516451001 0.195999995
vt -0.511976004 0.198761001
vt -0.112368003 0.198761001
vt -0.112368003 0.195999995
vt -0.112368003 0.195999995
vt -0.511976004 0.198761001
vt -0.516451001 0.195999995
vt -0.510321975 0.198066995
vt -0.510321975 0.198066995
vt -0.516451001 0.195999995
vt -0.508440971 0.197825
vt -0.353285998 0.0471279994
vt -0.352631986 0.0456589982
vt -0.347259998 0.0431200005
vt -0.347259998 0.0431200005
vt -0.352631986 0.0456589982
vt -0.352631986 0.0440960005
vt -0.347259998 0.0431200005
vt -0.352631986 0.0440960005
vt -0.353285998 0.0426280014
vt -0.322683007 0.094378002
vt -0.319548994 0.094378002
vt -0.322683007 0.106977999
vt -0.322683007 0.106977999
vt -0.319548994 0.094378002
vt -0.319548994 0.106977999
vt -0.353285998 0.0471279994
vt -0.334785014 0.094378002
vt -0.35451299 0.0483249985
vt -0.0483249985 -0.203999996
vt -0.094378002 -0.203999996
vt -0.094378002 -0.203999996
vt -0.35451299 0.0483249985
vt -0.334785014 0.094378002
vt -0.356166989 0.0491060019
vt -0.356166989 0.0491060019
vt -0.334785014 0.094378002
vt -0.358049005 0.0493780002
vt 0.362812012 0.0471279994
vt 0.381312013 0.094378002
vt 0.361584008 0.0483249985
vt -0.0483249985 -0.206400007
vt -0.094378002 -0.206400007
vt -0.094378002 -0.206400007
vt 0.361584008 0.0483249985
vt 0.381312013 0.094378002
vt 0.359930009 0.0491060019
vt 0.359930009 0.0491060019
vt 0.381312013 0.094378002
vt 0.358049005 0.0493780002
vt -0.094378002 -0.206400007
vt -0.0431200005 -0.206400007
vt -0.094378002 -0.206112996
vt -0.094378002 -0.206112996
vt -0.0431200005 -0.206400007
vt -0.0431200005 -0.203999996
vt -0.094378002 -0.206112996
vt -0.0431200005 -0.203999996
vt -0.094378002 -0.203999996
vt -0.0431200005 -0.206400007
vt -0.0405480005 -0.206400007
vt -0.0431200005 -0.203999996
vt -0.0431200005 -0.203999996
vt -0.0405480005 -0.206400007
vt -0.0405480005 -0.206400007
vt -0.0431200005 -0.203999996
vt -0.0405480005 -0.206400007
vt -0.0405480005 -0.203999996
vt -0.0405480005 -0.203999996
vt -0.0405480005 -0.206400007
vt -0.0383759998 -0.206400007
vt -0.0405480005 -0.203999996
vt -0.0383759998 -0.206400007
vt -0.0383759998 -0.203999996
vt -0.365653992 -0.203999996
vt -0.365653992 -0.206400007
vt -0.362913013 -0.206400007
vt -0.365653992 -0.203999996
vt -0.362913013 -0.206400007
vt -0.362913013 -0.203999996
vt -0.362913013 -0.203999996
vt -0.362913013 -0.206400007
vt -0.359721988 -0.206400007
vt -0.362913013 -0.203999996
vt -0.359721988 -0.206400007
vt -0.359721988 -0.203999996
vt -0.359721988 -0.203999996
vt -0.359721988 -0.206400007
vt -0.356375992 -0.206400007
vt -0.359721988 -0.203999996
vt -0.356375992 -0.206400007
vt -0.356375992 -0.203999996
vt -0.356375992 -0.203999996
vt -0.356375992 -0.206400007
vt -0.353184015 -0.206400007
vt -0.356375992 -0.203999996
vt -0.353184015 -0.206400007
vt -0.353184015 -0.203999996
vt -0.353184015 -0.203999996
vt -0.353184015 -0.206400007
vt -0.350443006 -0.206400007
vt -0.353184015 -0.203999996
vt -0.350443006 -0.206400007
vt -0.350443006 -0.203999996
vt 0.0383759998 -0.203999996
vt 0.0383759998 -0.206400007
vt 0.0405480005 -0.206400007
vt 0.0383759998 -0.203999996
vt 0.0405480005 -0.206400007
vt 0.0405480005 -0.203999996
vt 0.0405480005 -0.203999996
vt 0.0405480005 -0.206400007
vt 0.0431200005 -0.206400007
vt 0.0405480005 -0.203999996
vt 0.0431200005 -0.206400007
vt 0.0431200005 -0.203999996
vt 0.0431200005 -0.203999996
vt 0.0431200005 -0.206400007
vt 0.094378002 -0.206112996
vt 0.0431200005 -0.203999996
vt 0.094378002 -0.206112996
vt 0.094378002 -0.203999996
vt 0.094378002 -0.206112996
vt 0.0431200005 -0.206400007
vt 0.094378002 -0.206400007
vt -0.362812012 0.0471279994
vt -0.361584008 0.0483249985
vt -0.381312013 0.094378002
vt -0.381312013 0.094378002
vt -0.361584008 0.0483249985
vt -0.359930009 0.0491060019
vt -0.381312013 0.094378002
vt -0.359930009 0.0491060019
vt -0.358049005 0.0493780002
vt -0.362812012 0.0471279994
vt -0.368836999 0.0431200005
vt -0.363465011 0.0456589982
vt -0.0456589982 -0.203999996
vt -0.0431200005 -0.203999996
vt -0.0431200005 -0.203999996
vt -0.363465011 0.0456589982
vt -0.368836999 0.0431200005
vt -0.363548994 0.0448779985
vt -0.0448779985 -0.203999996
vt -0.0431200005 -0.203999996
vt -0.0431200005 -0.203999996
vt -0.363548994 0.0448779985
vt -0.368836999 0.0431200005
vt -0.363465011 0.0440960005
vt -0.363465011 0.0440960005
vt -0.368836999 0.0431200005
vt -0.362812012 0.0426280014
vt -0.334785014 -0.206400007
vt -0.333921999 -0.206112996
vt -0.334785014 -0.206112996
vt -0.334785014 -0.206112996
vt -0.333921999 -0.206112996
vt -0.334785014 -0.203999996
vt 0.513316989 0.252000004
vt 0.502077997 0.252000004
vt 0.508440971 0.250173986
vt -0.0943680033 0.250173986
vt -0.0943680033 0.252000004
vt -0.0943680033 0.252000004
vt 0.508440971 0.250173986
vt 0.502077997 0.252000004
vt 0.506560028 0.249933004
vt -0.0943680033 0.249933004
vt -0.0943680033 0.252000004
vt -0.0943680033 0.252000004
vt 0.506560028 0.249933004
vt 0.502077997 0.252000004
vt 0.504905999 0.249237999
vt -0.0943680033 0.249237999
vt -0.0943680033 0.252000004
vt -0.0943680033 0.252000004
vt 0.504905999 0.249237999
vt 0.502077997 0.252000004
vt 0.503678024 0.248173997
vt 0.503678024 0.248173997
vt 0.502077997 0.252000004
vt 0.502077997 0.247087002
vt 0.503678024 0.248173997
vt 0.502077997 0.247087002
vt 0.503024995 0.246868998
vt -0.0943680033 0.246868998
vt -0.0943680033 0.247087002
vt -0.0943680033 0.247087002
vt 0.503024995 0.246868998
vt 0.502077997 0.247087002
vt 0.502941012 0.246173993
vt -0.0943680033 0.246173993
vt -0.0943680033 0.247087002
vt -0.0943680033 0.247087002
vt 0.502941012 0.246173993
vt 0.502077997 0.247087002
vt 0.503024995 0.245480001
vt 0.503024995 0.245480001
vt 0.502077997 0.247087002
vt 0.502077997 0.241887003
vt 0.503024995 0.245480001
vt 0.502077997 0.241887003
vt 0.503678024 0.244174004
vt -0.0943680033 0.244174004
vt -0.0943680033 0.241887003
vt -0.0943680033 0.241887003
vt 0.503678024 0.244174004
vt 0.502077997 0.241887003
vt 0.504905999 0.243110001
vt -0.0943680033 0.243110001
vt -0.0943680033 0.241887003
vt -0.0943680033 0.241887003
vt 0.504905999 0.243110001
vt 0.502077997 0.241887003
vt 0.506560028 0.242415994
vt -0.0943680033 0.242415994
vt -0.0943680033 0.241887003
vt -0.0943680033 0.241887003
vt 0.506560028 0.242415994
vt 0.502077997 0.241887003
vt 0.508440971 0.242174
vt 0.508440971 0.242174
vt 0.502077997 0.241887003
vt 0.515196025 0.241887003
vt 0.508440971 0.242174
vt 0.515196025 0.241887003
vt 0.510321975 0.242415994
vt -0.0943680033 0.242415994
vt -0.0943680033 0.241887003
vt -0.0943680033 0.241887003
vt 0.510321975 0.242415994
vt 0.515196025 0.241887003
vt 0.511976004 0.243110001
vt -0.0943680033 0.243110001
vt -0.0943680033 0.241887003
vt -0.0943680033 0.241887003
vt 0.511976004 0.243110001
vt 0.515196025 0.241887003
vt 0.513203979 0.244174004
vt -0.0943680033 0.244174004
vt -0.0943680033 0.241887003
vt -0.0943680033 0.241887003
vt 0.513203979 0.244174004
vt 0.515196025 0.241887003
vt 0.51385802 0.245480001
vt 0.51385802 0.245480001
vt 0.515196025 0.241887003
vt 0.515196025 0.247087002
vt 0.51385802 0.245480001
vt 0.515196025 0.247087002
vt 0.51385802 0.246868998
vt -0.0943680033 0.246868998
vt -0.0943680033 0.247087002
vt -0.0943680033 0.247087002
vt 0.51385802 0.246868998
vt 0.515196025 0.247087002
vt 0.513203979 0.248173997
vt 0.513203979 0.248173997
vt 0.515196025 0.247087002
vt 0.513316989 0.252000004
vt 0.513203979 0.248173997
vt 0.513316989 0.252000004
vt 0.511976004 0.249237999
vt -0.0943680033 0.249237999
vt -0.0943680033 0.252000004
vt -0.0943680033 0.252000004
vt 0.511976004 0.249237999
vt 0.513316989 0.252000004
vt 0.510321975 0.249933004
vt 0.510321975 0.249933004
vt 0.513316989 0.252000004
vt 0.508440971 0.250173986
vt 0.502077997 0.241887003
vt 0.502077997 0.247087002
vt 0.501214981 0.244000003
vt -0.0943680033 0.244000003
vt -0.0943680033 0.247087002
vt -0.0943680033 0.247087002
vt 0.501214981 0.244000003
vt 0.502077997 0.247087002
vt 0.453824997 0.247087002
vt -0.0943680033 0.247087002
vt -0.0943680033 0.247087002
vt -0.0943680033 0.247087002
vt 0.453824997 0.247087002
vt 0.502077997 0.247087002
vt 0.453824997 0.252000004
vt 0.453824997 0.252000004
vt 0.502077997 0.247087002
vt 0.502077997 0.252000004
vt 0.112378001 -0.252000004
vt 0.106977999 -0.198280007
vt 0.106977999 -0.249720007
vt 0.106977999 -0.249720007
vt 0.106977999 -0.198280007
vt 0.094378002 -0.224000007
vt -0.106977999 -0.249720007
vt -0.094378002 -0.224000007
vt -0.106977999 -0.249720007
vt 0.106977999 -0.249720007
vt 0.094378002 -0.224000007
vt 0.094378002 -0.241887003
vt 0.106977999 -0.249720007
vt 0.094378002 -0.241887003
vt 0.094378002 -0.247087002
vt 0.094378002 -0.224000007
vt 0.106977999 -0.198280007
vt 0.094378002 -0.206112996
vt 0.094378002 -0.206112996
vt 0.106977999 -0.198280007
vt 0.094378002 -0.200912997
vt 0.353285998 0.0471279994
vt 0.35451299 0.0483249985
vt 0.334785014 0.094378002
vt 0.334785014 0.094378002
vt 0.35451299 0.0483249985
vt 0.356166989 0.0491060019
vt 0.334785014 0.094378002
vt 0.356166989 0.0491060019
vt 0.358049005 0.0493780002
vt 0.501214981 0.241600007
vt 0.502077997 0.241887003
vt 0.501214981 0.241887003
vt 0.501214981 0.241887003
vt 0.502077997 0.241887003
vt 0.501214981 0.244000003
vt 0.0943680033 0.241600007
vt 0.0943680033 0.241887003
vt 0.0431100018 0.241600007
vt 0.0431100018 0.241600007
vt 0.0943680033 0.241887003
vt 0.0431100018 0.244000003
vt -0.0431100018 0.241600007
vt -0.0431100018 0.244000003
vt -0.0431100018 0.241600007
vt 0.0431100018 0.241600007
vt 0.0431100018 0.244000003
vt 0.0405380018 0.244000003
vt 0.0431100018 0.241600007
vt 0.0405380018 0.244000003
vt 0.0405380018 0.241600007
vt 0.0405380018 0.241600007
vt 0.0405380018 0.244000003
vt 0.0383660011 0.244000003
vt 0.0405380018 0.241600007
vt 0.0383660011 0.244000003
vt 0.0383660011 0.241600007
vt 0.48555699 0.241600007
vt 0.48555699 0.244000003
vt 0.482816011 0.244000003
vt 0.48555699 0.241600007
vt 0.482816011 0.244000003
vt 0.482816011 0.241600007
vt 0.482816011 0.241600007
vt 0.482816011 0.244000003
vt 0.479624003 0.244000003
vt 0.482816011 0.241600007
vt 0.479624003 0.244000003
vt 0.479624003 0.241600007
vt 0.479624003 0.241600007
vt 0.479624003 0.244000003
vt 0.476278007 0.244000003
vt 0.479624003 0.241600007
vt 0.476278007 0.244000003
vt 0.476278007 0.241600007
vt 0.476278007 0.241600007
vt 0.476278007 0.244000003
vt 0.473087013 0.244000003
vt 0.476278007 0.241600007
vt 0.473087013 0.244000003
vt 0.473087013 0.241600007
vt 0.473087013 0.241600007
vt 0.473087013 0.244000003
vt 0.470346004 0.244000003
vt 0.473087013 0.241600007
vt 0.470346004 0.244000003
vt 0.470346004 0.241600007
vt -0.0383660011 0.241600007
vt -0.0383660011 0.244000003
vt -0.0405380018 0.244000003
vt -0.0383660011 0.241600007
vt -0.0405380018 0.244000003
vt -0.0405380018 0.241600007
vt -0.0405380018 0.241600007
vt -0.0405380018 0.244000003
vt -0.0431100018 0.244000003
vt -0.0405380018 0.241600007
vt -0.0431100018 0.244000003
vt -0.0431100018 0.241600007
vt -0.0431100018 0.241600007
vt -0.0431100018 0.244000003
vt -0.0943680033 0.241887003
vt -0.0431100018 0.241600007
vt -0.0943680033 0.241887003
vt -0.0943680033 0.241600007
vt 0.0943680033 0.241887003
vt 0.0943680033 0.244000003
vt 0.0431100018 0.244000003
vt -0.0943680033 0.241887003
vt -0.0431100018 0.244000003
vt -0.0943680033 0.244000003
vt 0.327558994 -0.242174998
vt 0.327558994 -0.205825999
vt 0.325677991 -0.242415994
vt 0.325677991 -0.242415994
vt 0.327558994 -0.205825999
vt 0.325677991 -0.205584005
vt 0.325677991 -0.242415994
vt 0.325677991 -0.205584005
vt 0.324023992 -0.243110001
vt 0.324023992 -0.243110001
vt 0.325677991 -0.205584005
vt 0.324023992 -0.204889998
vt -0.112378001 -0.243110001
vt -0.112378001 -0.204889998
vt -0.112378001 -0.243110001
vt 0.324023992 -0.243110001
vt 0.324023992 -0.204889998
vt 0.322795987 -0.203825995
vt -0.112378001 -0.243110001
vt -0.112378001 -0.203825995
vt -0.112378001 -0.243110001
vt 0.324023992 -0.243110001
vt 0.322795987 -0.203825995
vt 0.322142005 -0.202519998
vt 0.324023992 -0.243110001
vt 0.322142005 -0.202519998
vt 0.319548994 -0.195999995
vt 0.319548994 -0.195999995
vt 0.322142005 -0.202519998
vt 0.322142005 -0.201131001
vt -0.112378001 -0.195999995
vt -0.112378001 -0.201131001
vt -0.112378001 -0.195999995
vt 0.319548994 -0.195999995
vt 0.322142005 -0.201131001
vt 0.322795987 -0.199826002
vt -0.112378001 -0.195999995
vt -0.112378001 -0.199826002
vt -0.112378001 -0.195999995
vt 0.319548994 -0.195999995
vt 0.322795987 -0.199826002
vt 0.324023992 -0.198762
vt -0.112378001 -0.195999995
vt -0.112378001 -0.198762
vt -0.112378001 -0.195999995
vt 0.319548994 -0.195999995
vt 0.324023992 -0.198762
vt 0.325677991 -0.198066995
vt 0.319548994 -0.195999995
vt 0.325677991 -0.198066995
vt 0.327558994 -0.197825998
vt 0.324023992 -0.243110001
vt 0.319548994 -0.195999995
vt 0.322795987 -0.244174004
vt 0.322795987 -0.244174004
vt 0.319548994 -0.195999995
vt 0.322142005 -0.245480001
vt -0.393413991 0.106977999
vt -0.396548986 0.106977999
vt -0.393413991 0.094378002
vt -0.393413991 0.094378002
vt -0.396548986 0.106977999
vt -0.396548986 0.094378002
vt -0.319548994 0.112378001
vt -0.393413991 0.106977999
vt -0.322683007 0.106977999
vt -0.106977999 -0.195999995
vt -0.106977999 -0.195999995
vt -0.106977999 -0.195999995
vt -0.322683007 0.106977999
vt -0.393413991 0.106977999
vt -0.333921999 0.094378002
vt -0.333921999 0.094378002
vt -0.393413991 0.106977999
vt -0.382174999 0.094378002
vt 0.388538003 -0.250173986
vt 0.396548986 -0.252000004
vt 0.39041999 -0.249933004
vt -0.112378001 -0.249933004
vt -0.112378001 -0.252000004
vt -0.112378001 -0.252000004
vt 0.39041999 -0.249933004
vt 0.396548986 -0.252000004
vt 0.392073989 -0.249238998
vt -0.112378001 -0.249238998
vt -0.112378001 -0.252000004
vt -0.112378001 -0.252000004
vt 0.392073989 -0.249238998
vt 0.396548986 -0.252000004
vt 0.393301994 -0.248174995
vt -0.112378001 -0.248174995
vt -0.112378001 -0.252000004
vt -0.112378001 -0.252000004
vt 0.393301994 -0.248174995
vt 0.396548986 -0.252000004
vt 0.393954992 -0.246868998
vt 0.393954992 -0.246868998
vt 0.396548986 -0.252000004
vt 0.393954992 -0.245480001
vt -0.322142005 -0.201131001
vt -0.319548994 -0.198280007
vt -0.322795987 -0.199826002
vt -0.322795987 -0.199826002
vt -0.319548994 -0.198280007
vt -0.324023992 -0.198762
vt 0.513316989 0.252000004
vt 0.515196025 0.247087002
vt 0.516451001 0.249720007
vt -0.0943680033 0.249720007
vt -0.0943680033 0.247087002
vt -0.0943680033 0.247087002
vt 0.516451001 0.249720007
vt 0.515196025 0.247087002
vt 0.516451001 0.247087002
vt -0.0943680033 0.247087002
vt -0.0943680033 0.247087002
vt -0.0943680033 0.247087002
vt 0.516451001 0.247087002
vt 0.515196025 0.247087002
vt 0.516451001 0.241887003
vt 0.516451001 0.241887003
vt 0.515196025 0.247087002
vt 0.515196025 0.241887003
vt 0.516451001 0.241887003
vt 0.515196025 0.241887003
vt 0.516451001 0.224000007
vt 0.516451001 0.224000007
vt 0.515196025 0.241887003
vt 0.515196025 0.224000007
vt 0.516451001 0.224000007
vt 0.515196025 0.224000007
vt 0.516451001 0.206112996
vt 0.516451001 0.206112996
vt 0.515196025 0.224000007
vt 0.515196025 0.206112996
vt 0.516451001 0.206112996
vt 0.515196025 0.206112996
vt 0.516451001 0.200912997
vt 0.516451001 0.200912997
vt 0.515196025 0.206112996
vt 0.515196025 0.200912997
vt 0.516451001 0.200912997
vt 0.515196025 0.200912997
vt 0.516451001 0.198278993
vt 0.516451001 0.198278993
vt 0.515196025 0.200912997
vt 0.513316989 0.195999995
vt 0.515196025 0.241887003
vt 0.502077997 0.241887003
vt 0.515196025 0.224000007
vt 0.515196025 0.224000007
vt 0.502077997 0.241887003
vt 0.502077997 0.224000007
vt 0.515196025 0.224000007
vt 0.502077997 0.224000007
vt 0.515196025 0.206112996
vt 0.515196025 0.206112996
vt 0.502077997 0.224000007
vt 0.502077997 0.206112996
vt 0.515196025 0.206112996
vt 0.502077997 0.206112996
vt 0.508440971 0.205825001
vt 0.502077997 0.206112996
vt 0.502077997 0.224000007
vt 0.501214981 0.206400007
vt -0.0943680033 0.206400007
vt -0.0943680033 0.224000007
vt -0.0943680033 0.224000007
vt 0.501214981 0.206400007
vt 0.502077997 0.224000007
vt 0.453824997 0.224000007
vt -0.0943680033 0.224000007
vt -0.0943680033 0.224000007
vt -0.0943680033 0.224000007
vt 0.453824997 0.224000007
vt 0.502077997 0.224000007
vt 0.501214981 0.241600007
vt 0.501214981 0.241600007
vt 0.502077997 0.224000007
vt 0.502077997 0.241887003
vt -0.327558994 -0.197825998
vt -0.325677991 -0.198066995
vt -0.322683007 -0.195999995
vt -0.322683007 -0.195999995
vt -0.325677991 -0.198066995
vt -0.324023992 -0.198762
vt 0.388538003 0.197825
vt 0.386657 0.198066995
vt 0.333059013 0.201824993
vt 0.333059013 0.201824993
vt 0.386657 0.198066995
vt 0.385003 0.198761001
vt -0.112368003 0.201824993
vt -0.112368003 0.198761001
vt -0.112368003 0.201824993
vt 0.333059013 0.201824993
vt 0.385003 0.198761001
vt 0.383774996 0.199825004
vt 0.333059013 0.201824993
vt 0.383774996 0.199825004
vt 0.383121997 0.201131001
vt -0.392073989 0.249237999
vt -0.39041999 0.249933004
vt -0.393413991 0.252000004
vt -0.393413991 0.252000004
vt -0.39041999 0.249933004
vt -0.388538003 0.250173986
vt -0.482713997 0.0471180007
vt -0.488739997 0.0431100018
vt -0.483368009 0.0456489995
vt -0.0456489995 0.203999996
vt -0.0431100018 0.203999996
vt -0.0431100018 0.203999996
vt -0.483368009 0.0456489995
vt -0.488739997 0.0431100018
vt -0.483451009 0.0448679999
vt -0.0448679999 0.203999996
vt -0.0431100018 0.203999996
vt -0.0431100018 0.203999996
vt -0.483451009 0.0448679999
vt -0.488739997 0.0431100018
vt -0.483368009 0.0440870002
vt -0.483368009 0.0440870002
vt -0.488739997 0.0431100018
vt -0.482713997 0.042617999
vt -0.322683007 0.252000004
vt -0.320804 0.247087002
vt -0.319548994 0.249720007
vt -0.0943680033 0.249720007
vt -0.0943680033 0.247087002
vt -0.0943680033 0.247087002
vt -0.319548994 0.249720007
vt -0.320804 0.247087002
vt -0.319548994 0.247087002
vt -0.0943680033 0.247087002
vt -0.0943680033 0.247087002
vt -0.0943680033 0.247087002
vt -0.319548994 0.247087002
vt -0.320804 0.247087002
vt -0.319548994 0.241887003
vt -0.319548994 0.241887003
vt -0.320804 0.247087002
vt -0.320804 0.241887003
vt -0.319548994 0.241887003
vt -0.320804 0.241887003
vt -0.319548994 0.224000007
vt -0.319548994 0.224000007
vt -0.320804 0.241887003
vt -0.320804 0.224000007
vt -0.319548994 0.224000007
vt -0.320804 0.224000007
vt -0.319548994 0.206112996
vt -0.319548994 0.206112996
vt -0.320804 0.224000007
vt -0.320804 0.206112996
vt -0.319548994 0.206112996
vt -0.320804 0.206112996
vt -0.319548994 0.200912997
vt -0.319548994 0.200912997
vt -0.320804 0.206112996
vt -0.320804 0.200912997
vt -0.319548994 0.200912997
vt -0.320804 0.200912997
vt -0.319548994 0.198278993
vt -0.319548994 0.198278993
vt -0.320804 0.200912997
vt -0.322683007 0.195999995
vt -0.347259998 0.0431100018
vt -0.368836999 0.0431100018
vt -0.348405987 0.0405380018
vt -0.0405380018 0.244000003
vt -0.0431100018 0.244000003
vt -0.0431100018 0.244000003
vt -0.348405987 0.0405380018
vt -0.368836999 0.0431100018
vt -0.350443006 0.0383660011
vt -0.0383660011 0.244000003
vt -0.0431100018 0.244000003
vt -0.0431100018 0.244000003
vt -0.350443006 0.0383660011
vt -0.368836999 0.0431100018
vt -0.353184015 0.0367959999
vt -0.0367959999 0.244000003
vt -0.0431100018 0.244000003
vt -0.0431100018 0.244000003
vt -0.353184015 0.0367959999
vt -0.368836999 0.0431100018
vt -0.356375992 0.0359730013
vt -0.0359730013 0.244000003
vt -0.0431100018 0.244000003
vt -0.0431100018 0.244000003
vt -0.356375992 0.0359730013
vt -0.368836999 0.0431100018
vt -0.359721988 0.0359730013
vt -0.0359730013 0.244000003
vt -0.0431100018 0.244000003
vt -0.0431100018 0.244000003
vt -0.359721988 0.0359730013
vt -0.368836999 0.0431100018
vt -0.362913013 0.0367959999
vt -0.362913013 0.0367959999
vt -0.368836999 0.0431100018
vt -0.367691994 0.0405380018
vt -0.362913013 0.0367959999
vt -0.367691994 0.0405380018
vt -0.365653992 0.0383660011
vt -0.353285998 0.0471180007
vt -0.352631986 0.0456489995
vt -0.347259998 0.0431100018
vt -0.347259998 0.0431100018
vt -0.352631986 0.0456489995
vt -0.352631986 0.0440870002
vt -0.347259998 0.0431100018
vt -0.352631986 0.0440870002
vt -0.353285998 0.042617999
vt 0.473188013 0.0471180007
vt 0.474415988 0.0483149998
vt 0.454688013 0.0943680033
vt 0.454688013 0.0943680033
vt 0.474415988 0.0483149998
vt 0.476069987 0.0490970016
vt 0.454688013 0.0943680033
vt 0.476069987 0.0490970016
vt 0.47795099 0.0493680015
vt -0.327558994 -0.242174998
vt -0.325677991 -0.242415994
vt -0.319548994 -0.241887003
vt -0.319548994 -0.241887003
vt -0.325677991 -0.242415994
vt -0.324023992 -0.243110001
vt -0.094378002 -0.241887003
vt -0.094378002 -0.243110001
vt -0.094378002 -0.241887003
vt -0.319548994 -0.241887003
vt -0.324023992 -0.243110001
vt -0.322795987 -0.244174004
vt -0.094378002 -0.241887003
vt -0.094378002 -0.244174004
vt -0.094378002 -0.241887003
vt -0.319548994 -0.241887003
vt -0.322795987 -0.244174004
vt -0.322142005 -0.245480001
vt -0.319548994 -0.241887003
vt -0.322142005 -0.245480001
vt -0.319548994 -0.247087002
vt -0.319548994 -0.247087002
vt -0.322142005 -0.245480001
vt -0.322142005 -0.246868998
vt -0.319548994 -0.247087002
vt -0.322142005 -0.246868998
vt -0.319548994 -0.249720007
vt 0.358049005 0.0493680015
vt 0.359930009 0.0490970016
vt 0.381312013 0.0943680033
vt 0.381312013 0.0943680033
vt 0.359930009 0.0490970016
vt 0.361584008 0.0483149998
vt 0.381312013 0.0943680033
vt 0.361584008 0.0483149998
vt 0.362812012 0.0471180007
vt 0.443926007 0.249237999
vt 0.439451009 0.249720007
vt 0.442698002 0.248173997
vt 0.442698002 0.248173997
vt 0.439451009 0.249720007
vt 0.442045003 0.246868998
vt 0.396548986 0.112368003
vt 0.322683007 0.106968001
vt 0.393413991 0.106968001
vt 0.393413991 0.106968001
vt 0.322683007 0.106968001
vt 0.333921999 0.0943680033
vt 0.393413991 0.106968001
vt 0.333921999 0.0943680033
vt 0.382174999 0.0943680033
vt -0.442586005 0.0943680033
vt -0.439451009 0.0943680033
vt -0.442586005 0.106968001
vt -0.442586005 0.106968001
vt -0.439451009 0.0943680033
vt -0.439451009 0.106968001
vt -0.388538003 0.197825
vt -0.39041999 0.198066995
vt -0.393413991 0.195999995
vt -0.393413991 0.195999995
vt -0.39041999 0.198066995
vt -0.392073989 0.198761001
vt -0.388538003 -0.205825999
vt -0.39041999 -0.205584005
vt -0.395294011 -0.206112996
vt -0.395294011 -0.206112996
vt -0.39041999 -0.205584005
vt -0.392073989 -0.204889998
vt -0.094378002 -0.206112996
vt -0.094378002 -0.204889998
vt -0.094378002 -0.206112996
vt -0.395294011 -0.206112996
vt -0.392073989 -0.204889998
vt -0.393301994 -0.203825995
vt -0.094378002 -0.206112996
vt -0.094378002 -0.203825995
vt -0.094378002 -0.206112996
vt -0.395294011 -0.206112996
vt -0.393301994 -0.203825995
vt -0.393954992 -0.202519998
vt -0.395294011 -0.206112996
vt -0.393954992 -0.202519998
vt -0.395294011 -0.200912997
vt -0.395294011 -0.200912997
vt -0.393954992 -0.202519998
vt -0.393954992 -0.201131001
vt -0.094378002 -0.200912997
vt -0.094378002 -0.201131001
vt -0.094378002 -0.200912997
vt -0.395294011 -0.200912997
vt -0.393954992 -0.201131001
vt -0.393301994 -0.199826002
vt -0.395294011 -0.200912997
vt -0.393301994 -0.199826002
vt -0.393413991 -0.195999995
vt -0.393413991 -0.195999995
vt -0.393301994 -0.199826002
vt -0.392073989 -0.198762
vt -0.094378002 -0.195999995
vt -0.094378002 -0.198762
vt -0.094378002 -0.195999995
vt -0.393413991 -0.195999995
vt -0.392073989 -0.198762
vt -0.39041999 -0.198066995
vt -0.393413991 -0.195999995
vt -0.39041999 -0.198066995
vt -0.388538003 -0.197825998
vt 0.368836999 0.0431200005
vt 0.362812012 0.0426280014
vt 0.367691994 0.0405480005
vt -0.0405480005 -0.206400007
vt -0.0426280014 -0.206400007
vt -0.0426280014 -0.206400007
vt 0.367691994 0.0405480005
vt 0.362812012 0.0426280014
vt 0.365653992 0.0383759998
vt 0.365653992 0.0383759998
vt 0.362812012 0.0426280014
vt 0.361584008 0.0414309986
vt 0.365653992 0.0383759998
vt 0.361584008 0.0414309986
vt 0.362913013 0.0368059985
vt 0.362913013 0.0368059985
vt 0.361584008 0.0414309986
vt 0.359930009 0.0406490006
vt 0.362913013 0.0368059985
vt 0.359930009 0.0406490006
vt 0.359721988 0.0359820016
vt 0.359721988 0.0359820016
vt 0.359930009 0.0406490006
vt 0.358049005 0.0403780006
vt 0.359721988 0.0359820016
vt 0.358049005 0.0403780006
vt 0.356375992 0.0359820016
vt 0.356375992 0.0359820016
vt 0.358049005 0.0403780006
vt 0.356166989 0.0406490006
vt 0.356375992 0.0359820016
vt 0.356166989 0.0406490006
vt 0.353184015 0.0368059985
vt 0.353184015 0.0368059985
vt 0.356166989 0.0406490006
vt 0.35451299 0.0414309986
vt 0.353184015 0.0368059985
vt 0.35451299 0.0414309986
vt 0.350443006 0.0383759998
vt 0.350443006 0.0383759998
vt 0.35451299 0.0414309986
vt 0.353285998 0.0426280014
vt 0.350443006 0.0383759998
vt 0.353285998 0.0426280014
vt 0.348405987 0.0405480005
vt 0.348405987 0.0405480005
vt 0.353285998 0.0426280014
vt 0.347259998 0.0431200005
vt 0.322142005 0.202519998
vt 0.319548994 0.195999995
vt 0.322142005 0.201131001
vt -0.112368003 0.201131001
vt -0.112368003 0.195999995
vt -0.112368003 0.195999995
vt 0.322142005 0.201131001
vt 0.319548994 0.195999995
vt 0.322795987 0.199825004
vt -0.112368003 0.199825004
vt -0.112368003 0.195999995
vt -0.112368003 0.195999995
vt 0.322795987 0.199825004
vt 0.319548994 0.195999995
vt 0.324023992 0.198761001
vt -0.112368003 0.198761001
vt -0.112368003 0.195999995
vt -0.112368003 0.195999995
vt 0.324023992 0.198761001
vt 0.319548994 0.195999995
vt 0.325677991 0.198066995
vt 0.325677991 0.198066995
vt 0.319548994 0.195999995
vt 0.327558994 0.197825
vt 0.482713997 0.0471180007
vt 0.501214981 0.0943680033
vt 0.481487006 0.0483149998
vt -0.0483149998 0.206400007
vt -0.0943680033 0.206400007
vt -0.0943680033 0.206400007
vt 0.481487006 0.0483149998
vt 0.501214981 0.0943680033
vt 0.479831994 0.0490970016
vt 0.479831994 0.0490970016
vt 0.501214981 0.0943680033
vt 0.47795099 0.0493680015
vt -0.327558994 0.242174
vt -0.333921999 0.241887003
vt -0.320804 0.241887003
vt -0.0943680033 0.241887003
vt -0.0943680033 0.241887003
vt -0.0943680033 0.241887003
vt -0.320804 0.241887003
vt -0.333921999 0.241887003
vt -0.320804 0.224000007
vt -0.320804 0.224000007
vt -0.333921999 0.241887003
vt -0.333921999 0.224000007
vt -0.320804 0.224000007
vt -0.333921999 0.224000007
vt -0.320804 0.206112996
vt -0.0943680033 0.206112996
vt -0.0943680033 0.224000007
vt -0.0943680033 0.224000007
vt -0.320804 0.206112996
vt -0.333921999 0.224000007
vt -0.333921999 0.206112996
vt -0.0943680033 0.206112996
vt -0.0943680033 0.224000007
vt -0.0943680033 0.224000007
vt -0.333921999 0.206112996
vt -0.333921999 0.224000007
vt -0.334785014 0.206400007
vt -0.0943680033 0.206400007
vt -0.0943680033 0.224000007
vt -0.0943680033 0.224000007
vt -0.334785014 0.206400007
vt -0.333921999 0.224000007
vt -0.382174999 0.224000007
vt -0.0943680033 0.224000007
vt -0.0943680033 0.224000007
vt -0.0943680033 0.224000007
vt -0.382174999 0.224000007
vt -0.333921999 0.224000007
vt -0.334785014 0.241600007
vt -0.334785014 0.241600007
vt -0.333921999 0.224000007
vt -0.333921999 0.241887003
vt 0.347259998 0.0431100018
vt 0.348405987 0.0405380018
vt 0.353285998 0.042617999
vt 0.353285998 0.042617999
vt 0.348405987 0.0405380018
vt 0.350443006 0.0383660011
vt 0.353285998 0.042617999
vt 0.350443006 0.0383660011
vt 0.35451299 0.0414209999
vt 0.35451299 0.0414209999
vt 0.350443006 0.0383660011
vt 0.353184015 0.0367959999
vt 0.35451299 0.0414209999
vt 0.353184015 0.0367959999
vt 0.356166989 0.0406389982
vt 0.356166989 0.0406389982
vt 0.353184015 0.0367959999
vt 0.356375992 0.0359730013
vt 0.356166989 0.0406389982
vt 0.356375992 0.0359730013
vt 0.358049005 0.0403679982
vt 0.358049005 0.0403679982
vt 0.356375992 0.0359730013
vt 0.359721988 0.0359730013
vt 0.358049005 0.0403679982
vt 0.359721988 0.0359730013
vt 0.359930009 0.0406389982
vt 0.359930009 0.0406389982
vt 0.359721988 0.0359730013
vt 0.362913013 0.0367959999
vt 0.359930009 0.0406389982
vt 0.362913013 0.0367959999
vt 0.361584008 0.0414209999
vt 0.361584008 0.0414209999
vt 0.362913013 0.0367959999
vt 0.365653992 0.0383660011
vt 0.361584008 0.0414209999
vt 0.365653992 0.0383660011
vt 0.362812012 0.042617999
vt 0.362812012 0.042617999
vt 0.365653992 0.0383660011
vt 0.367691994 0.0405380018
vt 0.362812012 0.042617999
vt 0.367691994 0.0405380018
vt 0.368836999 0.0431100018
vt 0.358049005 0.0493680015
vt 0.334785014 0.0943680033
vt 0.356166989 0.0490970016
vt -0.0490970016 0.203999996
vt -0.0943680033 0.203999996
vt -0.0943680033 0.203999996
vt 0.356166989 0.0490970016
vt 0.334785014 0.0943680033
vt 0.35451299 0.0483149998
vt 0.35451299 0.0483149998
vt 0.334785014 0.0943680033
vt 0.353285998 0.0471180007
vt 0.467162997 0.0431100018
vt 0.468308002 0.0405380018
vt 0.473188013 0.042617999
vt 0.473188013 0.042617999
vt 0.468308002 0.0405380018
vt 0.470346004 0.0383660011
vt 0.473188013 0.042617999
vt 0.470346004 0.0383660011
vt 0.474415988 0.0414209999
vt 0.474415988 0.0414209999
vt 0.470346004 0.0383660011
vt 0.473087013 0.0367959999
vt 0.474415988 0.0414209999
vt 0.473087013 0.0367959999
vt 0.476069987 0.0406389982
vt 0.476069987 0.0406389982
vt 0.473087013 0.0367959999
vt 0.476278007 0.0359730013
vt 0.476069987 0.0406389982
vt 0.476278007 0.0359730013
vt 0.47795099 0.0403679982
vt 0.47795099 0.0403679982
vt 0.476278007 0.0359730013
vt 0.479624003 0.0359730013
vt 0.47795099 0.0403679982
vt 0.479624003 0.0359730013
vt 0.479831994 0.0406389982
vt 0.479831994 0.0406389982
vt 0.479624003 0.0359730013
vt 0.482816011 0.0367959999
vt 0.479831994 0.0406389982
vt 0.482816011 0.0367959999
vt 0.481487006 0.0414209999
vt 0.481487006 0.0414209999
vt 0.482816011 0.0367959999
vt 0.48555699 0.0383660011
vt 0.481487006 0.0414209999
vt 0.48555699 0.0383660011
vt 0.482713997 0.042617999
vt 0.482713997 0.042617999
vt 0.48555699 0.0383660011
vt 0.487594008 0.0405380018
vt 0.482713997 0.042617999
vt 0.487594008 0.0405380018
vt 0.488739997 0.0431100018
vt -0.322142005 -0.246868998
vt -0.322795987 -0.248174995
vt -0.319548994 -0.249720007
vt -0.319548994 -0.249720007
vt -0.322795987 -0.248174995
vt -0.324023992 -0.249238998
vt -0.324023992 -0.249238998
vt -0.325677991 -0.249933004
vt -0.322683007 -0.252000004
vt -0.322683007 -0.252000004
vt -0.325677991 -0.249933004
vt -0.327558994 -0.250173986
vt -0.516451001 -0.252000004
vt -0.439451009 -0.252000004
vt -0.508440971 -0.250173986
vt -0.516451001 -0.252000004
vt -0.51385802 -0.245480001
vt -0.516451001 -0.195999995
vt -0.449342996 -0.249933004
vt -0.502941012 -0.246173993
vt -0.447461993 -0.250173986
vt -0.508440971 -0.205825999
vt -0.508440971 -0.242174998
vt -0.506560028 -0.242415994
vt -0.439451009 -0.252000004
vt -0.439451009 -0.195999995
vt -0.442045003 -0.245480001
vt -0.449342996 -0.205584005
vt -0.447461993 -0.242174998
vt -0.447461993 -0.205825999
vt -0.447461993 -0.197825998
vt -0.439451009 -0.195999995
vt -0.516451001 -0.195999995
vt -0.508440971 -0.250173986
vt -0.510321975 -0.249933004
vt -0.516451001 -0.252000004
vt -0.516451001 -0.252000004
vt -0.510321975 -0.249933004
vt -0.511976004 -0.249238998
vt -0.112368003 -0.252000004
vt -0.112368003 -0.249238998
vt -0.112368003 -0.252000004
vt -0.516451001 -0.252000004
vt -0.511976004 -0.249238998
vt -0.513203979 -0.248174995
vt -0.112368003 -0.252000004
vt -0.112368003 -0.248174995
vt -0.112368003 -0.252000004
vt -0.516451001 -0.252000004
vt -0.513203979 -0.248174995
vt -0.51385802 -0.246868998
vt -0.516451001 -0.252000004
vt -0.51385802 -0.246868998
vt -0.51385802 -0.245480001
vt -0.447461993 -0.197825998
vt -0.445580006 -0.198066995
vt -0.439451009 -0.195999995
vt -0.439451009 -0.195999995
vt -0.445580006 -0.198066995
vt -0.443926007 -0.198762
vt -0.112368003 -0.195999995
vt -0.112368003 -0.198762
vt -0.112368003 -0.195999995
vt -0.439451009 -0.195999995
vt -0.443926007 -0.198762
vt -0.442698002 -0.199826002
vt -0.112368003 -0.195999995
vt -0.112368003 -0.199826002
vt -0.112368003 -0.195999995
vt -0.439451009 -0.195999995
vt -0.442698002 -0.199826002
vt -0.442045003 -0.201131001
vt -0.112368003 -0.195999995
vt -0.112368003 -0.201131001
vt -0.112368003 -0.195999995
vt -0.439451009 -0.195999995
vt -0.442045003 -0.201131001
vt -0.442045003 -0.202519998
vt -0.439451009 -0.195999995
vt -0.442045003 -0.202519998
vt -0.442045003 -0.245480001
vt -0.442045003 -0.245480001
vt -0.442045003 -0.202519998
vt -0.442698002 -0.203825995
vt -0.112368003 -0.245480001
vt -0.112368003 -0.203825995
vt -0.112368003 -0.245480001
vt -0.442045003 -0.245480001
vt -0.442698002 -0.203825995
vt -0.443926007 -0.204889998
vt -0.442045003 -0.245480001
vt -0.443926007 -0.204889998
vt -0.442698002 -0.244174004
vt -0.112368003 -0.244174004
vt -0.112368003 -0.204889998
vt -0.112368003 -0.204889998
vt -0.442698002 -0.244174004
vt -0.443926007 -0.204889998
vt -0.443926007 -0.243110001
vt -0.443926007 -0.243110001
vt -0.443926007 -0.204889998
vt -0.445580006 -0.205584005
vt -0.443926007 -0.243110001
vt -0.445580006 -0.205584005
vt -0.445580006 -0.242415994
vt -0.445580006 -0.242415994
vt -0.445580006 -0.205584005
vt -0.447461993 -0.205825999
vt -0.445580006 -0.242415994
vt -0.447461993 -0.205825999
vt -0.447461993 -0.242174998
vt -0.447461993 -0.242174998
vt -0.449342996 -0.205584005
vt -0.449342996 -0.242415994
vt -0.449342996 -0.242415994
vt -0.449342996 -0.205584005
vt -0.450996995 -0.204889998
vt -0.449342996 -0.242415994
vt -0.450996995 -0.204889998
vt -0.450996995 -0.243110001
vt -0.450996995 -0.243110001
vt -0.450996995 -0.204889998
vt -0.504905999 -0.198762
vt -0.112368003 -0.243110001
vt -0.112368003 -0.198762
vt -0.112368003 -0.243110001
vt -0.450996995 -0.243110001
vt -0.504905999 -0.198762
vt -0.503678024 -0.199826002
vt -0.450996995 -0.243110001
vt -0.503678024 -0.199826002
vt -0.452225 -0.244174004
vt -0.112368003 -0.244174004
vt -0.112368003 -0.199826002
vt -0.112368003 -0.199826002
vt -0.452225 -0.244174004
vt -0.503678024 -0.199826002
vt -0.452877998 -0.245480001
vt -0.452877998 -0.245480001
vt -0.503678024 -0.199826002
vt -0.503024995 -0.201131001
vt -0.452877998 -0.245480001
vt -0.503024995 -0.201131001
vt -0.452877998 -0.246868998
vt -0.112368003 -0.246868998
vt -0.112368003 -0.201131001
vt -0.112368003 -0.201131001
vt -0.452877998 -0.246868998
vt -0.503024995 -0.201131001
vt -0.452225 -0.248174995
vt -0.452225 -0.248174995
vt -0.503024995 -0.201131001
vt -0.503024995 -0.202519998
vt -0.112368003 -0.248174995
vt -0.112368003 -0.202519998
vt -0.112368003 -0.248174995
vt -0.452225 -0.248174995
vt -0.503024995 -0.202519998
vt -0.503678024 -0.203825995
vt -0.112368003 -0.248174995
vt -0.112368003 -0.203825995
vt -0.112368003 -0.248174995
vt -0.452225 -0.248174995
vt -0.503678024 -0.203825995
vt -0.504905999 -0.204889998
vt -0.452225 -0.248174995
vt -0.504905999 -0.204889998
vt -0.450996995 -0.249238998
vt -0.450996995 -0.249238998
vt -0.504905999 -0.204889998
vt -0.504905999 -0.243110001
vt -0.112368003 -0.249238998
vt -0.112368003 -0.243110001
vt -0.112368003 -0.249238998
vt -0.450996995 -0.249238998
vt -0.504905999 -0.243110001
vt -0.503678024 -0.244174004
vt -0.450996995 -0.249238998
vt -0.503678024 -0.244174004
vt -0.449342996 -0.249933004
vt -0.449342996 -0.249933004
vt -0.503678024 -0.244174004
vt -0.503024995 -0.245480001
vt -0.449342996 -0.249933004
vt -0.503024995 -0.245480001
vt -0.502941012 -0.246173993
vt -0.504905999 -0.204889998
vt -0.506560028 -0.205584005
vt -0.504905999 -0.243110001
vt -0.112368003 -0.243110001
vt -0.112368003 -0.205584005
vt -0.112368003 -0.205584005
vt -0.504905999 -0.243110001
vt -0.506560028 -0.205584005
vt -0.506560028 -0.242415994
vt -0.506560028 -0.242415994
vt -0.506560028 -0.205584005
vt -0.508440971 -0.205825999
vt -0.450996995 -0.204889998
vt -0.452225 -0.203825995
vt -0.504905999 -0.198762
vt -0.504905999 -0.198762
vt -0.452225 -0.203825995
vt -0.452877998 -0.202519998
vt -0.112368003 -0.198762
vt -0.112368003 -0.202519998
vt -0.112368003 -0.198762
vt -0.504905999 -0.198762
vt -0.452877998 -0.202519998
vt -0.452960998 -0.201826006
vt -0.112368003 -0.198762
vt -0.112368003 -0.201826006
vt -0.112368003 -0.198762
vt -0.504905999 -0.198762
vt -0.452960998 -0.201826006
vt -0.452877998 -0.201131001
vt -0.504905999 -0.198762
vt -0.452877998 -0.201131001
vt -0.506560028 -0.198066995
vt -0.506560028 -0.198066995
vt -0.452877998 -0.201131001
vt -0.452225 -0.199826002
vt -0.506560028 -0.198066995
vt -0.452225 -0.199826002
vt -0.508440971 -0.197825998
vt -0.508440971 -0.197825998
vt -0.452225 -0.199826002
vt -0.516451001 -0.195999995
vt -0.508440971 -0.197825998
vt -0.516451001 -0.195999995
vt -0.510321975 -0.198066995
vt -0.112368003 -0.198066995
vt -0.112368003 -0.195999995
vt -0.112368003 -0.195999995
vt -0.510321975 -0.198066995
vt -0.516451001 -0.195999995
vt -0.511976004 -0.198762
vt -0.112368003 -0.198762
vt -0.112368003 -0.195999995
vt -0.112368003 -0.195999995
vt -0.511976004 -0.198762
vt -0.516451001 -0.195999995
vt -0.513203979 -0.199826002
vt -0.112368003 -0.199826002
vt -0.112368003 -0.195999995
vt -0.112368003 -0.195999995
vt -0.513203979 -0.199826002
vt -0.516451001 -0.195999995
vt -0.51385802 -0.201131001
vt -0.112368003 -0.201131001
vt -0.112368003 -0.195999995
vt -0.112368003 -0.195999995
vt -0.51385802 -0.201131001
vt -0.516451001 -0.195999995
vt -0.51385802 -0.202519998
vt -0.51385802 -0.202519998
vt -0.516451001 -0.195999995
vt -0.511976004 -0.243110001
vt -0.51385802 -0.202519998
vt -0.511976004 -0.243110001
vt -0.513203979 -0.203825995
vt -0.112368003 -0.203825995
vt -0.112368003 -0.243110001
vt -0.112368003 -0.243110001
vt -0.513203979 -0.203825995
vt -0.511976004 -0.243110001
vt -0.511976004 -0.204889998
vt -0.511976004 -0.204889998
vt -0.511976004 -0.243110001
vt -0.510321975 -0.242415994
vt -0.511976004 -0.204889998
vt -0.510321975 -0.242415994
vt -0.510321975 -0.205584005
vt -0.510321975 -0.205584005
vt -0.510321975 -0.242415994
vt -0.508440971 -0.242174998
vt -0.510321975 -0.205584005
vt -0.508440971 -0.242174998
vt -0.508440971 -0.205825999
vt -0.511976004 -0.243110001
vt -0.516451001 -0.195999995
vt -0.513203979 -0.244174004
vt -0.513203979 -0.244174004
vt -0.516451001 -0.195999995
vt -0.51385802 -0.245480001
vt -0.452225 -0.199826002
vt -0.450996995 -0.198762
vt -0.516451001 -0.195999995
vt -0.516451001 -0.195999995
vt -0.450996995 -0.198762
vt -0.449342996 -0.198066995
vt -0.516451001 -0.195999995
vt -0.449342996 -0.198066995
vt -0.447461993 -0.197825998
vt -0.442045003 -0.245480001
vt -0.442045003 -0.246868998
vt -0.439451009 -0.252000004
vt -0.439451009 -0.252000004
vt -0.442045003 -0.246868998
vt -0.442698002 -0.248174995
vt -0.112368003 -0.252000004
vt -0.112368003 -0.248174995
vt -0.112368003 -0.252000004
vt -0.439451009 -0.252000004
vt -0.442698002 -0.248174995
vt -0.443926007 -0.249238998
vt -0.112368003 -0.252000004
vt -0.112368003 -0.249238998
vt -0.112368003 -0.252000004
vt -0.439451009 -0.252000004
vt -0.443926007 -0.249238998
vt -0.445580006 -0.249933004
vt -0.112368003 -0.252000004
vt -0.112368003 -0.249933004
vt -0.112368003 -0.252000004
vt -0.439451009 -0.252000004
vt -0.445580006 -0.249933004
vt -0.447461993 -0.250173986
vt -0.439451009 -0.252000004
vt -0.447461993 -0.250173986
vt -0.503024995 -0.246868998
vt -0.503024995 -0.246868998
vt -0.447461993 -0.250173986
vt -0.502941012 -0.246173993
vt -0.503024995 -0.246868998
vt -0.503678024 -0.248174995
vt -0.439451009 -0.252000004
vt -0.439451009 -0.252000004
vt -0.503678024 -0.248174995
vt -0.504905999 -0.249238998
vt -0.112368003 -0.252000004
vt -0.112368003 -0.249238998
vt -0.112368003 -0.252000004
vt -0.439451009 -0.252000004
vt -0.504905999 -0.249238998
vt -0.506560028 -0.249933004
vt -0.439451009 -0.252000004
vt -0.506560028 -0.249933004
vt -0.508440971 -0.250173986
vt 0.0943680033 -0.203999996
vt 0.0431100018 -0.203999996
vt 0.0943680033 -0.206112996
vt 0.0943680033 -0.206112996
vt 0.0431100018 -0.203999996
vt 0.0431100018 -0.206400007
vt 0.0943680033 -0.206112996
vt 0.0431100018 -0.206400007
vt 0.0943680033 -0.206400007
vt -0.0943680033 -0.206400007
vt -0.0431100018 -0.206400007
vt -0.0943680033 -0.206112996
vt -0.0943680033 -0.206112996
vt -0.0431100018 -0.206400007
vt -0.0431100018 -0.203999996
vt -0.0943680033 -0.206112996
vt -0.0431100018 -0.203999996
vt -0.0943680033 -0.203999996
vt 0.473188013 0.0471180007
vt 0.454688013 0.0943680033
vt 0.467162997 0.0431100018
vt 0.501214981 0.0943680033
vt 0.482713997 0.0471180007
vt 0.488739997 0.0431100018
vt 0.501214981 0.0943680033
vt 0.454688013 0.0943680033
vt 0.47795099 0.0493680015
vt 0.473188013 0.0471180007
vt 0.474415988 0.0483149998
vt 0.454688013 0.0943680033
vt 0.454688013 0.0943680033
vt 0.474415988 0.0483149998
vt 0.476069987 0.0490970016
vt 0.454688013 0.0943680033
vt 0.476069987 0.0490970016
vt 0.47795099 0.0493680015
vt 0.47795099 0.0493680015
vt 0.479831994 0.0490970016
vt 0.501214981 0.0943680033
vt 0.501214981 0.0943680033
vt 0.479831994 0.0490970016
vt 0.481487006 0.0483149998
vt 0.501214981 0.0943680033
vt 0.481487006 0.0483149998
vt 0.482713997 0.0471180007
vt 0.482713997 0.0471180007
vt 0.483368009 0.0456489995
vt 0.488739997 0.0431100018
vt 0.488739997 0.0431100018
vt 0.483368009 0.0456489995
vt 0.483451009 0.0448679999
vt -0.0431100018 -0.203999996
vt -0.0448679999 -0.203999996
vt -0.0431100018 -0.203999996
vt 0.488739997 0.0431100018
vt 0.483451009 0.0448679999
vt 0.483368009 0.0440870002
vt 0.488739997 0.0431100018
vt 0.483368009 0.0440870002
vt 0.482713997 0.042617999
vt 0.473188013 0.0471180007
vt 0.467162997 0.0431100018
vt 0.472535014 0.0456489995
vt -0.0456489995 -0.203999996
vt -0.0431100018 -0.203999996
vt -0.0431100018 -0.203999996
vt 0.472535014 0.0456489995
vt 0.467162997 0.0431100018
vt 0.472535014 0.0440870002
vt 0.472535014 0.0440870002
vt 0.467162997 0.0431100018
vt 0.473188013 0.042617999
vt 0.467162997 0.0431100018
vt 0.468308002 0.0405380018
vt 0.473188013 0.042617999
vt 0.473188013 0.042617999
vt 0.468308002 0.0405380018
vt 0.470346004 0.0383660011
vt 0.473188013 0.042617999
vt 0.470346004 0.0383660011
vt 0.474415988 0.0414209999
vt 0.474415988 0.0414209999
vt 0.470346004 0.0383660011
vt 0.473087013 0.0367959999
vt 0.474415988 0.0414209999
vt 0.473087013 0.0367959999
vt 0.476069987 0.0406389982
vt 0.476069987 0.0406389982
vt 0.473087013 0.0367959999
vt 0.476278007 0.0359730013
vt 0.476069987 0.0406389982
vt 0.476278007 0.0359730013
vt 0.47795099 0.0403679982
vt 0.47795099 0.0403679982
vt 0.476278007 0.0359730013
vt 0.479624003 0.0359730013
vt 0.47795099 0.0403679982
vt 0.479624003 0.0359730013
vt 0.479831994 0.0406389982
vt 0.479831994 0.0406389982
vt 0.479624003 0.0359730013
vt 0.482816011 0.0367959999
vt 0.479831994 0.0406389982
vt 0.482816011 0.0367959999
vt 0.481487006 0.0414209999
vt 0.481487006 0.0414209999
vt 0.482816011 0.0367959999
vt 0.48555699 0.0383660011
vt 0.481487006 0.0414209999
vt 0.48555699 0.0383660011
vt 0.482713997 0.042617999
vt 0.482713997 0.042617999
vt 0.48555699 0.0383660011
vt 0.487594008 0.0405380018
vt 0.482713997 0.042617999
vt 0.487594008 0.0405380018
vt 0.488739997 0.0431100018
vt -0.473188013 0.0471180007
vt -0.467162997 0.0431100018
vt -0.454688013 0.0943680033
vt -0.501214981 0.0943680033
vt -0.47795099 0.0493680015
vt -0.454688013 0.0943680033
vt -0.482713997 0.0471180007
vt -0.501214981 0.0943680033
vt -0.488739997 0.0431100018
vt -0.473188013 0.0471180007
vt -0.454688013 0.0943680033
vt -0.474415988 0.0483149998
vt -0.0483149998 -0.206400007
vt -0.0943680033 -0.206400007
vt -0.0943680033 -0.206400007
vt -0.474415988 0.0483149998
vt -0.454688013 0.0943680033
vt -0.476069987 0.0490970016
vt -0.476069987 0.0490970016
vt -0.454688013 0.0943680033
vt -0.47795099 0.0493680015
vt -0.482713997 0.0471180007
vt -0.488739997 0.0431100018
vt -0.483368009 0.0456489995
vt -0.0456489995 -0.206400007
vt -0.0431100018 -0.206400007
vt -0.0431100018 -0.206400007
vt -0.483368009 0.0456489995
vt -0.488739997 0.0431100018
vt -0.483451009 0.0448679999
vt -0.0448679999 -0.206400007
vt -0.0431100018 -0.206400007
vt -0.0431100018 -0.206400007
vt -0.483451009 0.0448679999
vt -0.488739997 0.0431100018
vt -0.483368009 0.0440870002
vt -0.483368009 0.0440870002
vt -0.488739997 0.0431100018
vt -0.482713997 0.042617999
vt -0.473188013 0.0471180007
vt -0.472535014 0.0456489995
vt -0.467162997 0.0431100018
vt -0.467162997 0.0431100018
vt -0.472535014 0.0456489995
vt -0.472535014 0.0440870002
vt -0.467162997 0.0431100018
vt -0.472535014 0.0440870002
vt -0.473188013 0.042617999
vt -0.482713997 0.0471180007
vt -0.481487006 0.0483149998
vt -0.501214981 0.0943680033
vt -0.501214981 0.0943680033
vt -0.481487006 0.0483149998
vt -0.479831994 0.0490970016
vt -0.501214981 0.0943680033
vt -0.479831994 0.0490970016
vt -0.47795099 0.0493680015
vt -0.467162997 0.0431100018
vt -0.473188013 0.042617999
vt -0.468308002 0.0405380018
vt -0.0405380018 -0.206400007
vt -0.042617999 -0.206400007
vt -0.042617999 -0.206400007
vt -0.468308002 0.0405380018
vt -0.473188013 0.042617999
vt -0.470346004 0.0383660011
vt -0.470346004 0.0383660011
vt -0.473188013 0.042617999
vt -0.474415988 0.0414209999
vt -0.470346004 0.0383660011
vt -0.474415988 0.0414209999
vt -0.473087013 0.0367959999
vt -0.473087013 0.0367959999
vt -0.474415988 0.0414209999
vt -0.476069987 0.0406389982
vt -0.473087013 0.0367959999
vt -0.476069987 0.0406389982
vt -0.476278007 0.0359730013
vt -0.476278007 0.0359730013
vt -0.476069987 0.0406389982
vt -0.47795099 0.0403679982
vt -0.476278007 0.0359730013
vt -0.47795099 0.0403679982
vt -0.479624003 0.0359730013
vt -0.479624003 0.0359730013
vt -0.47795099 0.0403679982
vt -0.479831994 0.0406389982
vt -0.479624003 0.0359730013
vt -0.479831994 0.0406389982
vt -0.482816011 0.0367959999
vt -0.482816011 0.0367959999
vt -0.479831994 0.0406389982
vt -0.481487006 0.0414209999
vt -0.482816011 0.0367959999
vt -0.481487006 0.0414209999
vt -0.48555699 0.0383660011
vt -0.48555699 0.0383660011
vt -0.481487006 0.0414209999
vt -0.482713997 0.042617999
vt -0.48555699 0.0383660011
vt -0.482713997 0.042617999
vt -0.487594008 0.0405380018
vt -0.487594008 0.0405380018
vt -0.482713997 0.042617999
vt -0.488739997 0.0431100018
vt 0.0431100018 -0.203999996
vt 0.0405380018 -0.203999996
vt 0.0431100018 -0.206400007
vt -0.0431100018 -0.206400007
vt -0.0405380018 -0.203999996
vt -0.0405380018 -0.203999996
vt 0.0431100018 -0.206400007
vt 0.0405380018 -0.203999996
vt 0.0405380018 -0.206400007
vt 0.0405380018 -0.206400007
vt 0.0405380018 -0.203999996
vt 0.0383660011 -0.203999996
vt 0.0405380018 -0.206400007
vt 0.0383660011 -0.203999996
vt 0.0383660011 -0.206400007
vt 0.48555699 -0.206400007
vt 0.48555699 -0.203999996
vt 0.482816011 -0.203999996
vt 0.48555699 -0.206400007
vt 0.482816011 -0.203999996
vt 0.482816011 -0.206400007
vt 0.482816011 -0.206400007
vt 0.482816011 -0.203999996
vt 0.479624003 -0.203999996
vt 0.482816011 -0.206400007
vt 0.479624003 -0.203999996
vt 0.479624003 -0.206400007
vt 0.479624003 -0.206400007
vt 0.479624003 -0.203999996
vt 0.476278007 -0.203999996
vt 0.479624003 -0.206400007
vt 0.476278007 -0.203999996
vt 0.476278007 -0.206400007
vt 0.476278007 -0.206400007
vt 0.476278007 -0.203999996
vt 0.473087013 -0.203999996
vt 0.476278007 -0.206400007
vt 0.473087013 -0.203999996
vt 0.473087013 -0.206400007
vt 0.473087013 -0.206400007
vt 0.473087013 -0.203999996
vt 0.470346004 -0.203999996
vt 0.473087013 -0.206400007
vt 0.470346004 -0.203999996
vt 0.470346004 -0.206400007
vt -0.0383660011 -0.206400007
vt -0.0383660011 -0.203999996
vt -0.0405380018 -0.203999996
vt -0.0383660011 -0.206400007
vt -0.0405380018 -0.203999996
vt -0.0405380018 -0.206400007
vt -0.0405380018 -0.206400007
vt -0.0405380018 -0.203999996
vt -0.0431100018 -0.203999996
vt -0.0405380018 -0.206400007
vt -0.0431100018 -0.203999996
vt -0.0431100018 -0.206400007
vt -0.0448679999 -0.206400007
vt -0.0456489995 -0.203999996
vt -0.0456489995 -0.206400007
vt -0.0456489995 -0.206400007
vt -0.0456489995 -0.203999996
vt -0.0456489995 -0.203999996
vt -0.0456489995 -0.206400007
vt -0.0456489995 -0.203999996
vt -0.0471180007 -0.206400007
vt -0.0471180007 -0.206400007
vt -0.0456489995 -0.203999996
vt -0.0471180007 -0.203999996
vt 0.482713997 -0.206400007
vt 0.482713997 -0.203999996
vt 0.481487006 -0.206400007
vt 0.481487006 -0.206400007
vt 0.482713997 -0.203999996
vt 0.481487006 -0.203999996
vt 0.481487006 -0.206400007
vt 0.481487006 -0.203999996
vt 0.479831994 -0.206400007
vt 0.479831994 -0.206400007
vt 0.481487006 -0.203999996
vt 0.479831994 -0.203999996
vt 0.479831994 -0.206400007
vt 0.479831994 -0.203999996
vt 0.47795099 -0.206400007
vt 0.47795099 -0.206400007
vt 0.479831994 -0.203999996
vt 0.47795099 -0.203999996
vt 0.47795099 -0.206400007
vt 0.47795099 -0.203999996
vt 0.476069987 -0.206400007
vt 0.476069987 -0.206400007
vt 0.47795099 -0.203999996
vt 0.476069987 -0.203999996
vt 0.476069987 -0.206400007
vt 0.476069987 -0.203999996
vt 0.474415988 -0.206400007
vt 0.474415988 -0.206400007
vt 0.476069987 -0.203999996
vt 0.474415988 -0.203999996
vt 0.474415988 -0.206400007
vt 0.474415988 -0.203999996
vt 0.473188013 -0.206400007
vt 0.473188013 -0.206400007
vt 0.474415988 -0.203999996
vt 0.473188013 -0.203999996
vt 0.0471180007 -0.206400007
vt 0.0471180007 -0.203999996
vt 0.0456489995 -0.206400007
vt 0.0456489995 -0.206400007
vt 0.0471180007 -0.203999996
vt 0.0456489995 -0.203999996
vt 0.0456489995 -0.206400007
vt 0.0456489995 -0.203999996
vt 0.0440870002 -0.206400007
vt 0.0440870002 -0.206400007
vt 0.0456489995 -0.203999996
vt 0.0440870002 -0.203999996
vt 0.0440870002 -0.206400007
vt 0.0440870002 -0.203999996
vt 0.042617999 -0.206400007
vt 0.042617999 -0.206400007
vt 0.0440870002 -0.203999996
vt 0.042617999 -0.203999996
vt -0.473188013 -0.206400007
vt -0.473188013 -0.203999996
vt -0.474415988 -0.206400007
vt -0.474415988 -0.206400007
vt -0.473188013 -0.203999996
vt -0.474415988 -0.203999996
vt -0.474415988 -0.206400007
vt -0.474415988 -0.203999996
vt -0.476069987 -0.206400007
vt -0.476069987 -0.206400007
vt -0.474415988 -0.203999996
vt -0.476069987 -0.203999996
vt -0.476069987 -0.206400007
vt -0.476069987 -0.203999996
vt -0.47795099 -0.206400007
vt -0.47795099 -0.206400007
vt -0.476069987 -0.203999996
vt -0.47795099 -0.203999996
vt -0.47795099 -0.206400007
vt -0.47795099 -0.203999996
vt -0.479831994 -0.206400007
vt -0.479831994 -0.206400007
vt -0.47795099 -0.203999996
vt -0.479831994 -0.203999996
vt -0.479831994 -0.206400007
vt -0.479831994 -0.203999996
vt -0.481487006 -0.206400007
vt -0.481487006 -0.206400007
vt -0.479831994 -0.203999996
vt -0.481487006 -0.203999996
vt -0.481487006 -0.206400007
vt -0.481487006 -0.203999996
vt -0.482713997 -0.206400007
vt -0.482713997 -0.206400007
vt -0.481487006 -0.203999996
vt -0.482713997 -0.203999996
vt -0.042617999 -0.206400007
vt -0.042617999 -0.203999996
vt -0.0440870002 -0.206400007
vt -0.0440870002 -0.206400007
vt -0.042617999 -0.203999996
vt -0.0440870002 -0.203999996
vt -0.0440870002 -0.206400007
vt -0.0440870002 -0.203999996
vt -0.0448679999 -0.206400007
vt -0.0440870002 -0.203999996
vt -0.0448679999 -0.203999996
vt -0.0448679999 -0.206400007
vt -0.0448679999 -0.206400007
vt -0.0448679999 -0.203999996
vt -0.0456489995 -0.203999996
vt 0.502077997 -0.224000007
vt 0.454688013 -0.241600007
vt 0.501214981 -0.241600007
vt 0.511976004 -0.249238998
vt 0.513316989 -0.252000004
vt 0.516451001 -0.249720007
vt 0.501214981 -0.244000003
vt 0.454688013 -0.244000003
vt 0.502077997 -0.247087002
vt 0.513316989 -0.195999995
vt 0.511976004 -0.198762
vt 0.516451001 -0.198280007
vt 0.502077997 -0.200912997
vt 0.454688013 -0.203999996
vt 0.501214981 -0.203999996
vt 0.501214981 -0.206400007
vt 0.454688013 -0.206400007
vt 0.502077997 -0.224000007
vt 0.447461993 -0.197825998
vt 0.442586005 -0.195999995
vt 0.445580006 -0.198066995
vt -0.0943680033 -0.198066995
vt -0.0943680033 -0.195999995
vt -0.0943680033 -0.195999995
vt 0.445580006 -0.198066995
vt 0.442586005 -0.195999995
vt 0.443926007 -0.198762
vt -0.0943680033 -0.198762
vt -0.0943680033 -0.195999995
vt -0.0943680033 -0.195999995
vt 0.443926007 -0.198762
vt 0.442586005 -0.195999995
vt 0.442698002 -0.199826002
vt 0.442698002 -0.199826002
vt 0.442586005 -0.195999995
vt 0.440706015 -0.200912997
vt 0.442698002 -0.199826002
vt 0.440706015 -0.200912997
vt 0.442045003 -0.201131001
vt -0.0943680033 -0.201131001
vt -0.0943680033 -0.200912997
vt -0.0943680033 -0.200912997
vt 0.442045003 -0.201131001
vt 0.440706015 -0.200912997
vt 0.442045003 -0.202519998
vt 0.442045003 -0.202519998
vt 0.440706015 -0.200912997
vt 0.440706015 -0.206112996
vt 0.442045003 -0.202519998
vt 0.440706015 -0.206112996
vt 0.442698002 -0.203825995
vt -0.0943680033 -0.203825995
vt -0.0943680033 -0.206112996
vt -0.0943680033 -0.206112996
vt 0.442698002 -0.203825995
vt 0.440706015 -0.206112996
vt 0.443926007 -0.204889998
vt -0.0943680033 -0.204889998
vt -0.0943680033 -0.206112996
vt -0.0943680033 -0.206112996
vt 0.443926007 -0.204889998
vt 0.440706015 -0.206112996
vt 0.445580006 -0.205584005
vt -0.0943680033 -0.205584005
vt -0.0943680033 -0.206112996
vt -0.0943680033 -0.206112996
vt 0.445580006 -0.205584005
vt 0.440706015 -0.206112996
vt 0.447461993 -0.205825999
vt 0.447461993 -0.205825999
vt 0.440706015 -0.206112996
vt 0.453824997 -0.206112996
vt 0.447461993 -0.205825999
vt 0.453824997 -0.206112996
vt 0.449342996 -0.205584005
vt -0.0943680033 -0.205584005
vt -0.0943680033 -0.206112996
vt -0.0943680033 -0.206112996
vt 0.449342996 -0.205584005
vt 0.453824997 -0.206112996
vt 0.450996995 -0.204889998
vt -0.0943680033 -0.204889998
vt -0.0943680033 -0.206112996
vt -0.0943680033 -0.206112996
vt 0.450996995 -0.204889998
vt 0.453824997 -0.206112996
vt 0.452225 -0.203825995
vt -0.0943680033 -0.203825995
vt -0.0943680033 -0.206112996
vt -0.0943680033 -0.206112996
vt 0.452225 -0.203825995
vt 0.453824997 -0.206112996
vt 0.452877998 -0.202519998
vt 0.452877998 -0.202519998
vt 0.453824997 -0.206112996
vt 0.453824997 -0.200912997
vt 0.452877998 -0.202519998
vt 0.453824997 -0.200912997
vt 0.452960998 -0.201826006
vt -0.0943680033 -0.201826006
vt -0.0943680033 -0.200912997
vt -0.0943680033 -0.200912997
vt 0.452960998 -0.201826006
vt 0.453824997 -0.200912997
vt 0.452877998 -0.201131001
vt -0.0943680033 -0.201131001
vt -0.0943680033 -0.200912997
vt -0.0943680033 -0.200912997
vt 0.452877998 -0.201131001
vt 0.453824997 -0.200912997
vt 0.452225 -0.199826002
vt 0.452225 -0.199826002
vt 0.453824997 -0.200912997
vt 0.453824997 -0.195999995
vt 0.452225 -0.199826002
vt 0.453824997 -0.195999995
vt 0.450996995 -0.198762
vt -0.0943680033 -0.198762
vt -0.0943680033 -0.195999995
vt -0.0943680033 -0.195999995
vt 0.450996995 -0.198762
vt 0.453824997 -0.195999995
vt 0.449342996 -0.198066995
vt -0.0943680033 -0.198066995
vt -0.0943680033 -0.195999995
vt -0.0943680033 -0.195999995
vt 0.449342996 -0.198066995
vt 0.453824997 -0.195999995
vt 0.447461993 -0.197825998
vt 0.447461993 -0.197825998
vt 0.453824997 -0.195999995
vt 0.442586005 -0.195999995
vt 0.453824997 -0.206112996
vt 0.454688013 -0.203999996
vt 0.453824997 -0.200912997
vt 0.453824997 -0.200912997
vt 0.454688013 -0.203999996
vt 0.502077997 -0.200912997
vt 0.453824997 -0.200912997
vt 0.502077997 -0.200912997
vt 0.453824997 -0.195999995
vt -0.0943680033 -0.195999995
vt -0.0943680033 -0.200912997
vt -0.0943680033 -0.200912997
vt 0.453824997 -0.195999995
vt 0.502077997 -0.200912997
vt 0.502077997 -0.195999995
vt 0.502077997 -0.195999995
vt 0.502077997 -0.200912997
vt 0.503678024 -0.199826002
vt -0.0943680033 -0.195999995
vt -0.0943680033 -0.199826002
vt -0.0943680033 -0.195999995
vt 0.502077997 -0.195999995
vt 0.503678024 -0.199826002
vt 0.504905999 -0.198762
vt -0.0943680033 -0.195999995
vt -0.0943680033 -0.198762
vt -0.0943680033 -0.195999995
vt 0.502077997 -0.195999995
vt 0.504905999 -0.198762
vt 0.506560028 -0.198066995
vt -0.0943680033 -0.195999995
vt -0.0943680033 -0.198066995
vt -0.0943680033 -0.195999995
vt 0.502077997 -0.195999995
vt 0.506560028 -0.198066995
vt 0.508440971 -0.197825998
vt 0.502077997 -0.195999995
vt 0.508440971 -0.197825998
vt 0.513316989 -0.195999995
vt 0.503678024 -0.199826002
vt 0.502077997 -0.200912997
vt 0.503024995 -0.201131001
vt -0.0943680033 -0.201131001
vt -0.0943680033 -0.200912997
vt -0.0943680033 -0.200912997
vt 0.503024995 -0.201131001
vt 0.502077997 -0.200912997
vt 0.503024995 -0.202519998
vt 0.503024995 -0.202519998
vt 0.502077997 -0.200912997
vt 0.502077997 -0.206112996
vt 0.503024995 -0.202519998
vt 0.502077997 -0.206112996
vt 0.503678024 -0.203825995
vt -0.0943680033 -0.203825995
vt -0.0943680033 -0.206112996
vt -0.0943680033 -0.206112996
vt 0.503678024 -0.203825995
vt 0.502077997 -0.206112996
vt 0.504905999 -0.204889998
vt -0.0943680033 -0.204889998
vt -0.0943680033 -0.206112996
vt -0.0943680033 -0.206112996
vt 0.504905999 -0.204889998
vt 0.502077997 -0.206112996
vt 0.506560028 -0.205584005
vt 0.506560028 -0.205584005
vt 0.502077997 -0.206112996
vt 0.508440971 -0.205825999
vt 0.502077997 -0.200912997
vt 0.501214981 -0.203999996
vt 0.502077997 -0.206112996
vt 0.508440971 -0.205825999
vt 0.516451001 -0.206112996
vt 0.510321975 -0.205584005
vt -0.0943680033 -0.205584005
vt -0.0943680033 -0.206112996
vt -0.0943680033 -0.206112996
vt 0.510321975 -0.205584005
vt 0.516451001 -0.206112996
vt 0.511976004 -0.204889998
vt -0.0943680033 -0.204889998
vt -0.0943680033 -0.206112996
vt -0.0943680033 -0.206112996
vt 0.511976004 -0.204889998
vt 0.516451001 -0.206112996
vt 0.513203979 -0.203825995
vt -0.0943680033 -0.203825995
vt -0.0943680033 -0.206112996
vt -0.0943680033 -0.206112996
vt 0.513203979 -0.203825995
vt 0.516451001 -0.206112996
vt 0.51385802 -0.202519998
vt 0.51385802 -0.202519998
vt 0.516451001 -0.206112996
vt 0.516451001 -0.200912997
vt 0.51385802 -0.202519998
vt 0.516451001 -0.200912997
vt 0.51385802 -0.201131001
vt 0.51385802 -0.201131001
vt 0.516451001 -0.200912997
vt 0.516451001 -0.198280007
vt 0.508440971 -0.205825999
vt 0.502077997 -0.206112996
vt 0.516451001 -0.206112996
vt -0.0943680033 -0.206112996
vt -0.0943680033 -0.206112996
vt -0.0943680033 -0.206112996
vt 0.516451001 -0.206112996
vt 0.502077997 -0.206112996
vt 0.516451001 -0.224000007
vt 0.516451001 -0.224000007
vt 0.502077997 -0.206112996
vt 0.502077997 -0.224000007
vt 0.516451001 -0.224000007
vt 0.502077997 -0.224000007
vt 0.516451001 -0.241887003
vt 0.516451001 -0.241887003
vt 0.502077997 -0.224000007
vt 0.502077997 -0.241887003
vt 0.516451001 -0.241887003
vt 0.502077997 -0.241887003
vt 0.508440971 -0.242174998
vt -0.0943680033 -0.242174998
vt -0.0943680033 -0.241887003
vt -0.0943680033 -0.241887003
vt 0.508440971 -0.242174998
vt 0.502077997 -0.241887003
vt 0.506560028 -0.242415994
vt -0.0943680033 -0.242415994
vt -0.0943680033 -0.241887003
vt -0.0943680033 -0.241887003
vt 0.506560028 -0.242415994
vt 0.502077997 -0.241887003
vt 0.504905999 -0.243110001
vt -0.0943680033 -0.243110001
vt -0.0943680033 -0.241887003
vt -0.0943680033 -0.241887003
vt 0.504905999 -0.243110001
vt 0.502077997 -0.241887003
vt 0.503678024 -0.244174004
vt -0.0943680033 -0.244174004
vt -0.0943680033 -0.241887003
vt -0.0943680033 -0.241887003
vt 0.503678024 -0.244174004
vt 0.502077997 -0.241887003
vt 0.503024995 -0.245480001
vt 0.503024995 -0.245480001
vt 0.502077997 -0.241887003
vt 0.502077997 -0.247087002
vt 0.503024995 -0.245480001
vt 0.502077997 -0.247087002
vt 0.502941012 -0.246173993
vt -0.0943680033 -0.246173993
vt -0.0943680033 -0.247087002
vt -0.0943680033 -0.247087002
vt 0.502941012 -0.246173993
vt 0.502077997 -0.247087002
vt 0.503024995 -0.246868998
vt -0.0943680033 -0.246868998
vt -0.0943680033 -0.247087002
vt -0.0943680033 -0.247087002
vt 0.503024995 -0.246868998
vt 0.502077997 -0.247087002
vt 0.503678024 -0.248174995
vt 0.503678024 -0.248174995
vt 0.502077997 -0.247087002
vt 0.502077997 -0.252000004
vt 0.503678024 -0.248174995
vt 0.502077997 -0.252000004
vt 0.504905999 -0.249238998
vt -0.0943680033 -0.249238998
vt -0.0943680033 -0.252000004
vt -0.0943680033 -0.252000004
vt 0.504905999 -0.249238998
vt 0.502077997 -0.252000004
vt 0.506560028 -0.249933004
vt -0.0943680033 -0.249933004
vt -0.0943680033 -0.252000004
vt -0.0943680033 -0.252000004
vt 0.506560028 -0.249933004
vt 0.502077997 -0.252000004
vt 0.508440971 -0.250173986
vt 0.508440971 -0.250173986
vt 0.502077997 -0.252000004
vt 0.513316989 -0.252000004
vt 0.502077997 -0.206112996
vt 0.501214981 -0.206400007
vt 0.502077997 -0.224000007
vt 0.502077997 -0.224000007
vt 0.501214981 -0.241600007
vt 0.502077997 -0.241887003
vt 0.501214981 -0.244000003
vt 0.502077997 -0.247087002
vt 0.502077997 -0.241887003
vt 0.508440971 -0.242174998
vt 0.510321975 -0.242415994
vt 0.516451001 -0.241887003
vt 0.516451001 -0.241887003
vt 0.510321975 -0.242415994
vt 0.511976004 -0.243110001
vt -0.0943680033 -0.241887003
vt -0.0943680033 -0.243110001
vt -0.0943680033 -0.241887003
vt 0.516451001 -0.241887003
vt 0.511976004 -0.243110001
vt 0.513203979 -0.244174004
vt -0.0943680033 -0.241887003
vt -0.0943680033 -0.244174004
vt -0.0943680033 -0.241887003
vt 0.516451001 -0.241887003
vt 0.513203979 -0.244174004
vt 0.51385802 -0.245480001
vt 0.516451001 -0.241887003
vt 0.51385802 -0.245480001
vt 0.516451001 -0.247087002
vt 0.516451001 -0.247087002
vt 0.51385802 -0.245480001
vt 0.51385802 -0.246868998
vt 0.516451001 -0.247087002
vt 0.51385802 -0.246868998
vt 0.516451001 -0.249720007
vt 0.442586005 -0.252000004
vt 0.453824997 -0.252000004
vt 0.447461993 -0.250173986
vt -0.0943680033 -0.250173986
vt -0.0943680033 -0.252000004
vt -0.0943680033 -0.252000004
vt 0.447461993 -0.250173986
vt 0.453824997 -0.252000004
vt 0.449342996 -0.249933004
vt -0.0943680033 -0.249933004
vt -0.0943680033 -0.252000004
vt -0.0943680033 -0.252000004
vt 0.449342996 -0.249933004
vt 0.453824997 -0.252000004
vt 0.450996995 -0.249238998
vt -0.0943680033 -0.249238998
vt -0.0943680033 -0.252000004
vt -0.0943680033 -0.252000004
vt 0.450996995 -0.249238998
vt 0.453824997 -0.252000004
vt 0.452225 -0.248174995
vt 0.452225 -0.248174995
vt 0.453824997 -0.252000004
vt 0.453824997 -0.247087002
vt 0.452225 -0.248174995
vt 0.453824997 -0.247087002
vt 0.452877998 -0.246868998
vt -0.0943680033 -0.246868998
vt -0.0943680033 -0.247087002
vt -0.0943680033 -0.247087002
vt 0.452877998 -0.246868998
vt 0.453824997 -0.247087002
vt 0.452877998 -0.245480001
vt 0.452877998 -0.245480001
vt 0.453824997 -0.247087002
vt 0.453824997 -0.241887003
vt 0.452877998 -0.245480001
vt 0.453824997 -0.241887003
vt 0.452225 -0.244174004
vt -0.0943680033 -0.244174004
vt -0.0943680033 -0.241887003
vt -0.0943680033 -0.241887003
vt 0.452225 -0.244174004
vt 0.453824997 -0.241887003
vt 0.450996995 -0.243110001
vt -0.0943680033 -0.243110001
vt -0.0943680033 -0.241887003
vt -0.0943680033 -0.241887003
vt 0.450996995 -0.243110001
vt 0.453824997 -0.241887003
vt 0.449342996 -0.242415994
vt 0.449342996 -0.242415994
vt 0.453824997 -0.241887003
vt 0.447461993 -0.242174998
vt 0.453824997 -0.241887003
vt 0.453824997 -0.247087002
vt 0.454688013 -0.244000003
vt -0.0943680033 -0.244000003
vt -0.0943680033 -0.247087002
vt -0.0943680033 -0.247087002
vt 0.454688013 -0.244000003
vt 0.453824997 -0.247087002
vt 0.502077997 -0.247087002
vt -0.0943680033 -0.247087002
vt -0.0943680033 -0.247087002
vt -0.0943680033 -0.247087002
vt 0.502077997 -0.247087002
vt 0.453824997 -0.247087002
vt 0.502077997 -0.252000004
vt 0.502077997 -0.252000004
vt 0.453824997 -0.247087002
vt 0.453824997 -0.252000004
vt 0.447461993 -0.242174998
vt 0.453824997 -0.241887003
vt 0.440706015 -0.241887003
vt 0.440706015 -0.241887003
vt 0.453824997 -0.241887003
vt 0.440706015 -0.224000007
vt 0.440706015 -0.241887003
vt 0.440706015 -0.224000007
vt 0.439451009 -0.224000007
vt -0.0943680033 -0.224000007
vt -0.0943680033 -0.224000007
vt -0.0943680033 -0.224000007
vt 0.439451009 -0.224000007
vt 0.440706015 -0.224000007
vt 0.439451009 -0.206112996
vt 0.439451009 -0.206112996
vt 0.440706015 -0.224000007
vt 0.440706015 -0.206112996
vt 0.439451009 -0.206112996
vt 0.440706015 -0.206112996
vt 0.439451009 -0.200912997
vt 0.439451009 -0.200912997
vt 0.440706015 -0.206112996
vt 0.440706015 -0.200912997
vt 0.439451009 -0.200912997
vt 0.440706015 -0.200912997
vt 0.439451009 -0.198280007
vt 0.439451009 -0.198280007
vt 0.440706015 -0.200912997
vt 0.442586005 -0.195999995
vt 0.439451009 -0.224000007
vt 0.439451009 -0.241887003
vt 0.440706015 -0.241887003
vt 0.440706015 -0.241887003
vt 0.439451009 -0.241887003
vt 0.440706015 -0.247087002
vt 0.440706015 -0.241887003
vt 0.440706015 -0.247087002
vt 0.442045003 -0.245480001
vt -0.0943680033 -0.245480001
vt -0.0943680033 -0.247087002
vt -0.0943680033 -0.247087002
vt 0.442045003 -0.245480001
vt 0.440706015 -0.247087002
vt 0.442045003 -0.246868998
vt -0.0943680033 -0.246868998
vt -0.0943680033 -0.247087002
vt -0.0943680033 -0.247087002
vt 0.442045003 -0.246868998
vt 0.440706015 -0.247087002
vt 0.442698002 -0.248174995
vt 0.442698002 -0.248174995
vt 0.440706015 -0.247087002
vt 0.442586005 -0.252000004
vt 0.442698002 -0.248174995
vt 0.442586005 -0.252000004
vt 0.443926007 -0.249238998
vt -0.0943680033 -0.249238998
vt -0.0943680033 -0.252000004
vt -0.0943680033 -0.252000004
vt 0.443926007 -0.249238998
vt 0.442586005 -0.252000004
vt 0.445580006 -0.249933004
vt 0.445580006 -0.249933004
vt 0.442586005 -0.252000004
vt 0.447461993 -0.250173986
vt 0.442045003 -0.245480001
vt 0.442698002 -0.244174004
vt 0.440706015 -0.241887003
vt 0.440706015 -0.241887003
vt 0.442698002 -0.244174004
vt 0.443926007 -0.243110001
vt -0.0943680033 -0.241887003
vt -0.0943680033 -0.243110001
vt -0.0943680033 -0.241887003
vt 0.440706015 -0.241887003
vt 0.443926007 -0.243110001
vt 0.445580006 -0.242415994
vt 0.440706015 -0.241887003
vt 0.445580006 -0.242415994
vt 0.447461993 -0.242174998
vt 0.439451009 -0.241887003
vt 0.439451009 -0.247087002
vt 0.440706015 -0.247087002
vt 0.440706015 -0.247087002
vt 0.439451009 -0.247087002
vt 0.439451009 -0.249720007
vt 0.440706015 -0.247087002
vt 0.439451009 -0.249720007
vt 0.442586005 -0.252000004
vt 0.508440971 -0.197825998
vt 0.510321975 -0.198066995
vt 0.513316989 -0.195999995
vt 0.513316989 -0.195999995
vt 0.510321975 -0.198066995
vt 0.511976004 -0.198762
vt 0.511976004 -0.198762
vt 0.513203979 -0.199826002
vt 0.516451001 -0.198280007
vt 0.516451001 -0.198280007
vt 0.513203979 -0.199826002
vt 0.51385802 -0.201131001
vt 0.454688013 -0.244000003
vt 0.454688013 -0.241887003
vt 0.453824997 -0.241887003
vt 0.453824997 -0.241887003
vt 0.454688013 -0.241887003
vt 0.454688013 -0.241600007
vt 0.501214981 -0.206400007
vt 0.502077997 -0.206112996
vt 0.501214981 -0.206112996
vt 0.501214981 -0.206112996
vt 0.502077997 -0.206112996
vt 0.501214981 -0.203999996
vt 0.508440971 -0.250173986
vt 0.513316989 -0.252000004
vt 0.510321975 -0.249933004
vt 0.510321975 -0.249933004
vt 0.513316989 -0.252000004
vt 0.511976004 -0.249238998
vt 0.501214981 -0.244000003
vt 0.502077997 -0.241887003
vt 0.501214981 -0.241887003
vt 0.501214981 -0.241887003
vt 0.502077997 -0.241887003
vt 0.501214981 -0.241600007
vt 0.511976004 -0.249238998
vt 0.516451001 -0.249720007
vt 0.513203979 -0.248174995
vt 0.513203979 -0.248174995
vt 0.516451001 -0.249720007
vt 0.51385802 -0.246868998
vt 0.454688013 -0.206400007
vt 0.454688013 -0.206112996
vt 0.453824997 -0.206112996
vt 0.453824997 -0.206112996
vt 0.454688013 -0.206112996
vt 0.454688013 -0.203999996
vt 0.454688013 -0.206400007
vt 0.453824997 -0.206112996
vt 0.453824997 -0.224000007
vt 0.453824997 -0.224000007
vt 0.453824997 -0.206112996
vt 0.440706015 -0.206112996
vt -0.0943680033 -0.224000007
vt -0.0943680033 -0.206112996
vt -0.0943680033 -0.224000007
vt 0.453824997 -0.224000007
vt 0.440706015 -0.206112996
vt 0.440706015 -0.224000007
vt -0.0943680033 -0.224000007
vt -0.0943680033 -0.224000007
vt -0.0943680033 -0.224000007
vt 0.453824997 -0.224000007
vt 0.440706015 -0.224000007
vt 0.453824997 -0.241887003
vt -0.0943680033 -0.224000007
vt -0.0943680033 -0.241887003
vt -0.0943680033 -0.224000007
vt 0.453824997 -0.224000007
vt 0.453824997 -0.241887003
vt 0.454688013 -0.241600007
vt -0.0943680033 -0.224000007
vt -0.0943680033 -0.241600007
vt -0.0943680033 -0.224000007
vt 0.453824997 -0.224000007
vt 0.454688013 -0.241600007
vt 0.502077997 -0.224000007
vt 0.453824997 -0.224000007
vt 0.502077997 -0.224000007
vt 0.454688013 -0.206400007
vt 0.513316989 0.0943680033
vt 0.516451001 0.0943680033
vt 0.513316989 0.106968001
vt 0.513316989 0.106968001
vt 0.516451001 0.0943680033
vt 0.516451001 0.106968001
vt 0.0943680033 -0.241600007
vt 0.0431100018 -0.241600007
vt 0.0943680033 -0.241887003
vt 0.0943680033 -0.241887003
vt 0.0431100018 -0.241600007
vt 0.0431100018 -0.244000003
vt 0.0943680033 -0.241887003
vt 0.0431100018 -0.244000003
vt 0.0943680033 -0.244000003
vt -0.0943680033 -0.241600007
vt -0.0943680033 -0.241887003
vt -0.0431100018 -0.241600007
vt -0.0431100018 -0.241600007
vt -0.0943680033 -0.241887003
vt -0.0943680033 -0.241887003
vt -0.0431100018 -0.241600007
vt -0.0943680033 -0.241887003
vt -0.0431100018 -0.244000003
vt -0.0431100018 -0.244000003
vt -0.0943680033 -0.241887003
vt -0.0943680033 -0.244000003
vt -0.488739997 0.0431100018
vt -0.467162997 0.0431100018
vt -0.501214981 0.0943680033
vt -0.501214981 0.0943680033
vt -0.467162997 0.0431100018
vt -0.454688013 0.0943680033
vt -0.488739997 0.0431100018
vt -0.487594008 0.0405380018
vt -0.467162997 0.0431100018
vt -0.0431100018 -0.244000003
vt -0.0405380018 -0.244000003
vt -0.0405380018 -0.244000003
vt -0.467162997 0.0431100018
vt -0.487594008 0.0405380018
vt -0.468308002 0.0405380018
vt -0.0405380018 -0.244000003
vt -0.0405380018 -0.244000003
vt -0.0405380018 -0.244000003
vt -0.468308002 0.0405380018
vt -0.487594008 0.0405380018
vt -0.470346004 0.0383660011
vt -0.0383660011 -0.244000003
vt -0.0405380018 -0.244000003
vt -0.0405380018 -0.244000003
vt -0.470346004 0.0383660011
vt -0.487594008 0.0405380018
vt -0.473087013 0.0367959999
vt -0.0367959999 -0.244000003
vt -0.0405380018 -0.244000003
vt -0.0405380018 -0.244000003
vt -0.473087013 0.0367959999
vt -0.487594008 0.0405380018
vt -0.476278007 0.0359730013
vt -0.0359730013 -0.244000003
vt -0.0405380018 -0.244000003
vt -0.0405380018 -0.244000003
vt -0.476278007 0.0359730013
vt -0.487594008 0.0405380018
vt -0.479624003 0.0359730013
vt -0.0359730013 -0.244000003
vt -0.0405380018 -0.244000003
vt -0.0405380018 -0.244000003
vt -0.479624003 0.0359730013
vt -0.487594008 0.0405380018
vt -0.482816011 0.0367959999
vt -0.482816011 0.0367959999
vt -0.487594008 0.0405380018
vt -0.48555699 0.0383660011
vt 0.501214981 0.0943680033
vt 0.454688013 0.0943680033
vt 0.467162997 0.0431100018
vt 0.501214981 0.0943680033
vt 0.467162997 0.0431100018
vt 0.488739997 0.0431100018
vt 0.488739997 0.0431100018
vt 0.467162997 0.0431100018
vt 0.487594008 0.0405380018
vt 0.487594008 0.0405380018
vt 0.467162997 0.0431100018
vt 0.468308002 0.0405380018
vt -0.0405380018 -0.241600007
vt -0.0405380018 -0.241600007
vt -0.0405380018 -0.241600007
vt 0.487594008 0.0405380018
vt 0.468308002 0.0405380018
vt 0.470346004 0.0383660011
vt -0.0405380018 -0.241600007
vt -0.0383660011 -0.241600007
vt -0.0405380018 -0.241600007
vt 0.487594008 0.0405380018
vt 0.470346004 0.0383660011
vt 0.473087013 0.0367959999
vt -0.0405380018 -0.241600007
vt -0.0367959999 -0.241600007
vt -0.0405380018 -0.241600007
vt 0.487594008 0.0405380018
vt 0.473087013 0.0367959999
vt 0.476278007 0.0359730013
vt -0.0405380018 -0.241600007
vt -0.0359730013 -0.241600007
vt -0.0405380018 -0.241600007
vt 0.487594008 0.0405380018
vt 0.476278007 0.0359730013
vt 0.479624003 0.0359730013
vt -0.0405380018 -0.241600007
vt -0.0359730013 -0.241600007
vt -0.0405380018 -0.241600007
vt 0.487594008 0.0405380018
vt 0.479624003 0.0359730013
vt 0.482816011 0.0367959999
vt 0.487594008 0.0405380018
vt 0.482816011 0.0367959999
vt 0.48555699 0.0383660011
vt -0.0431100018 -0.244000003
vt -0.0405380018 -0.244000003
vt -0.0431100018 -0.241600007
vt -0.0431100018 -0.241600007
vt -0.0405380018 -0.244000003
vt -0.0405380018 -0.244000003
vt -0.0431100018 -0.241600007
vt -0.0405380018 -0.244000003
vt -0.0405380018 -0.241600007
vt -0.0405380018 -0.241600007
vt -0.0405380018 -0.244000003
vt -0.0383660011 -0.244000003
vt -0.0405380018 -0.241600007
vt -0.0383660011 -0.244000003
vt -0.0383660011 -0.241600007
vt 0.470346004 -0.241600007
vt 0.470346004 -0.244000003
vt 0.473087013 -0.244000003
vt 0.470346004 -0.241600007
vt 0.473087013 -0.244000003
vt 0.473087013 -0.241600007
vt 0.473087013 -0.241600007
vt 0.473087013 -0.244000003
vt 0.476278007 -0.244000003
vt 0.473087013 -0.241600007
vt 0.476278007 -0.244000003
vt 0.476278007 -0.241600007
vt 0.476278007 -0.241600007
vt 0.476278007 -0.244000003
vt 0.479624003 -0.244000003
vt 0.476278007 -0.241600007
vt 0.479624003 -0.244000003
vt 0.479624003 -0.241600007
vt 0.479624003 -0.241600007
vt 0.479624003 -0.244000003
vt 0.482816011 -0.244000003
vt 0.479624003 -0.241600007
vt 0.482816011 -0.244000003
vt 0.482816011 -0.241600007
vt 0.482816011 -0.241600007
vt 0.482816011 -0.244000003
vt 0.48555699 -0.244000003
vt 0.482816011 -0.241600007
vt 0.48555699 -0.244000003
vt 0.48555699 -0.241600007
vt 0.0383660011 -0.241600007
vt 0.0383660011 -0.244000003
vt 0.0405380018 -0.244000003
vt 0.0383660011 -0.241600007
vt 0.0405380018 -0.244000003
vt 0.0405380018 -0.241600007
vt 0.0405380018 -0.241600007
vt 0.0405380018 -0.244000003
vt 0.0431100018 -0.244000003
vt 0.0405380018 -0.241600007
vt 0.0431100018 -0.244000003
vt 0.0431100018 -0.241600007
vt -0.513316989 0.106968001
vt -0.516451001 0.106968001
vt -0.513316989 0.0943680033
vt -0.513316989 0.0943680033
vt -0.516451001 0.106968001
vt -0.516451001 0.0943680033
vt 0.439451009 0.0943680033
vt 0.442586005 0.0943680033
vt 0.439451009 0.106968001
vt 0.439451009 0.106968001
vt 0.442586005 0.0943680033
vt 0.442586005 0.106968001
vt -0.442586005 0.0943680033
vt -0.439451009 0.0943680033
vt -0.442586005 0.106968001
vt -0.442586005 0.106968001
vt -0.439451009 0.0943680033
vt -0.439451009 0.106968001
vt 0.513316989 -0.195999995
vt 0.516451001 -0.198280007
vt 0.516451001 -0.195999995
vt 0.513316989 -0.252000004
vt 0.516451001 -0.252000004
vt 0.516451001 -0.249720007
vt 0.442586005 -0.252000004
vt 0.439451009 -0.249720007
vt 0.439451009 -0.252000004
vt -0.106968001 -0.252000004
vt -0.106968001 -0.249720007
vt -0.112368003 -0.252000004
vt -0.106968001 -0.249720007
vt -0.112368003 -0.195999995
vt -0.112368003 -0.252000004
vt -0.106968001 -0.195999995
vt -0.112368003 -0.195999995
vt -0.106968001 -0.198280007
vt -0.0943680033 -0.200912997
vt -0.0943680033 -0.198280007
vt -0.106968001 -0.198280007
vt -0.0943680033 -0.247087002
vt -0.106968001 -0.249720007
vt -0.0943680033 -0.249720007
vt -0.112368003 -0.195999995
vt -0.106968001 -0.249720007
vt -0.106968001 -0.198280007
vt -0.106968001 -0.198280007
vt -0.106968001 -0.249720007
vt -0.0943680033 -0.224000007
vt -0.106968001 -0.198280007
vt -0.0943680033 -0.224000007
vt -0.106968001 -0.198280007
vt -0.106968001 -0.198280007
vt -0.0943680033 -0.224000007
vt -0.0943680033 -0.206112996
vt -0.106968001 -0.198280007
vt -0.0943680033 -0.206112996
vt -0.0943680033 -0.200912997
vt -0.0943680033 -0.224000007
vt -0.106968001 -0.249720007
vt -0.0943680033 -0.241887003
vt -0.0943680033 -0.241887003
vt -0.106968001 -0.249720007
vt -0.0943680033 -0.247087002
vt -0.513316989 0.106968001
vt -0.516451001 0.112368003
vt -0.516451001 0.106968001
vt -0.513316989 0.106968001
vt -0.513316989 0.0943680033
vt -0.502077997 0.0943680033
vt -0.513316989 0.106968001
vt -0.439451009 0.112368003
vt -0.516451001 0.112368003
vt -0.442586005 0.106968001
vt -0.439451009 0.106968001
vt -0.439451009 0.112368003
vt -0.442586005 0.0943680033
vt -0.442586005 0.106968001
vt -0.453824997 0.0943680033
vt -0.439451009 0.112368003
vt -0.513316989 0.106968001
vt -0.442586005 0.106968001
vt -0.442586005 0.106968001
vt -0.513316989 0.106968001
vt -0.502077997 0.0943680033
vt -0.442586005 0.106968001
vt -0.502077997 0.0943680033
vt -0.453824997 0.0943680033
vt 0.106968001 -0.252000004
vt 0.112368003 -0.252000004
vt 0.106968001 -0.249720007
vt 0.106968001 -0.249720007
vt 0.0943680033 -0.247087002
vt 0.0943680033 -0.249720007
vt 0.0943680033 -0.198280007
vt 0.0943680033 -0.200912997
vt 0.106968001 -0.198280007
vt 0.106968001 -0.195999995
vt 0.106968001 -0.198280007
vt 0.112368003 -0.195999995
vt 0.106968001 -0.198280007
vt 0.112368003 -0.252000004
vt 0.112368003 -0.195999995
vt 0.0943680033 -0.247087002
vt 0.106968001 -0.249720007
vt 0.0943680033 -0.241887003
vt -0.0943680033 -0.241887003
vt -0.106968001 -0.249720007
vt -0.106968001 -0.249720007
vt 0.0943680033 -0.241887003
vt 0.106968001 -0.249720007
vt 0.0943680033 -0.224000007
vt 0.0943680033 -0.224000007
vt 0.106968001 -0.249720007
vt 0.106968001 -0.198280007
vt 0.0943680033 -0.224000007
vt 0.106968001 -0.198280007
vt 0.0943680033 -0.206112996
vt 0.0943680033 -0.206112996
vt 0.106968001 -0.198280007
vt 0.0943680033 -0.200912997
vt 0.106968001 -0.198280007
vt 0.106968001 -0.249720007
vt 0.112368003 -0.252000004
vt 0.513316989 0.106968001
vt 0.516451001 0.106968001
vt 0.516451001 0.112368003
vt 0.442586005 0.106968001
vt 0.442586005 0.0943680033
vt 0.453824997 0.0943680033
vt 0.513316989 0.106968001
vt 0.502077997 0.0943680033
vt 0.513316989 0.0943680033
vt 0.442586005 0.106968001
vt 0.516451001 0.112368003
vt 0.439451009 0.112368003
vt 0.439451009 0.106968001
vt 0.442586005 0.106968001
vt 0.439451009 0.112368003
vt 0.502077997 0.0943680033
vt 0.513316989 0.106968001
vt 0.453824997 0.0943680033
vt -0.0943680033 -0.195999995
vt -0.106968001 -0.195999995
vt -0.106968001 -0.195999995
vt 0.453824997 0.0943680033
vt 0.513316989 0.106968001
vt 0.442586005 0.106968001
vt 0.442586005 0.106968001
vt 0.513316989 0.106968001
vt 0.516451001 0.112368003
f 1/1 2/2 3/3
f 4/4 5/5 6/6
f 7/7 4/8 8/9
f 9/10 10/11 11/12
f 12/13 13/14 14/15
f 15/16 16/17 17/18
f 18/19 19/20 20/21
f 21/22 22/23 23/24
f 24/25 25/26 26/27
f 27/28 28/29 29/30
f 30/31 31/32 32/33
f 33/34 34/35 35/36
f 36/37 37/38 38/39
f 39/40 40/41 41/42
f 42/43 43/44 44/45
f 45/46 46/47 47/48
f 48/49 49/50 50/51
f 51/52 52/53 53/54
f 54/55 55/56 56/57
f 57/58 58/59 59/60
f 60/61 61/62 62/63
f 63/64 64/65 65/66
f 66/67 67/68 68/69
f 69/70 70/71 71/72
f 72/73 39/74 41/75
f 73/76 74/77 75/78
f 76/79 77/80 78/81
f 79/82 9/83 80/84
f 81/85 45/86 82/87
f 11/88 10/89 50/90
f 47/91 46/92 83/93
f 84/94 85/95 86/96
f 87/97 88/98 89/99
f 25/100 90/101 91/102
f 23/103 52/104 92/105
f 58/106 31/107 30/108
f 93/109 60/110 94/111
f 95/112 64/113 63/114
f 96/115 97/116 98/117
f 99/118 100/119 101/120
f 66/121 102/122 20/123
f 103/124 104/125 105/126
f 106/127 107/128 108/129
f 52/130 43/131 48/132
f 27/133 109/134 28/135
f 75/136 74/137 110/138
f 50/139 111/140 112/141
f 9/142 50/143 112/144
f 84/145 113/146 114/147
f 115/148 34/149 116/150
f 116/151 34/152 117/153
f 116/154 118/155 119/156
f 120/157 39/158 121/159
f 122/160 123/161 91/162
f 124/163 125/164 126/165
f 43/166 112/167 127/168
f 27/169 100/170 109/171
f 29/172 128/173 129/174
f 130/175 31/176 131/177
f 43/178 132/179 48/180
f 133/181 134/182 135/183
f 136/184 137/185 138/186
f 31/187 139/188 32/189
f 94/190 60/191 139/192
f 65/193 140/194 141/195
f 32/196 142/197 64/198
f 143/199 42/200 144/201
f 44/202 43/203 145/204
f 138/205 146/206 147/207
f 8/208 148/209 19/210
f 149/211 146/212 150/213
f 151/214 152/215 18/216
f 153/217 154/218 16/219
f 155/220 104/221 156/222
f 156/223 104/224 157/225
f 156/226 158/227 159/228
f 66/229 18/230 102/231
f 160/232 27/233 161/234
f 28/235 109/236 29/237
f 162/238 41/239 163/240
f 164/241 134/242 133/243
f 74/244 165/245 110/246
f 166/247 167/248 6/249
f 19/250 168/251 20/252
f 169/253 10/254 170/255
f 171/256 172/257 81/258
f 79/259 173/260 170/261
f 174/262 46/263 172/264
f 175/265 100/266 20/267
f 9/268 11/269 50/270
f 45/271 47/272 83/273
f 10/274 48/275 50/276
f 46/277 64/278 83/279
f 176/280 177/281 178/282
f 84/283 112/284 85/285
f 178/286 177/287 179/288
f 85/289 112/290 86/291
f 178/292 180/293 181/294
f 22/295 182/296 53/297
f 183/298 88/299 87/300
f 184/301 136/302 185/303
f 108/304 107/305 186/306
f 187/307 188/308 189/309
f 25/310 91/311 190/312
f 191/313 177/314 192/315
f 190/316 13/317 12/318
f 12/319 14/320 193/321
f 23/322 92/323 48/324
f 124/325 194/326 125/327
f 92/328 52/329 48/330
f 125/331 194/332 195/333
f 196/334 197/335 93/336
f 56/337 55/338 198/339
f 136/340 199/341 137/342
f 58/343 30/344 32/345
f 93/346 94/347 139/348
f 60/349 83/350 139/351
f 109/352 200/353 19/354
f 201/355 202/356 137/357
f 134/358 203/359 135/360
f 95/361 32/362 64/363
f 95/364 63/365 65/366
f 95/367 204/368 205/369
f 206/370 204/371 141/372
f 139/373 83/374 207/375
f 139/376 208/377 32/378
f 109/379 100/380 209/381
f 210/382 86/383 211/384
f 167/385 109/386 19/387
f 15/388 153/389 16/390
f 83/391 64/392 212/393
f 68/394 213/395 151/396
f 148/397 167/398 19/399
f 8/400 167/401 148/402
f 42/403 112/404 43/405
f 102/406 18/407 20/408
f 42/409 44/410 145/411
f 145/412 214/413 215/414
f 216/415 217/416 99/417
f 147/418 146/419 149/420
f 99/421 20/422 100/423
f 99/424 101/425 218/426
f 101/427 100/428 218/429
f 219/430 218/431 220/432
f 221/433 222/434 223/435
f 223/436 222/437 222/438
f 223/439 222/440 224/441
f 224/442 222/443 190/444
f 224/445 190/446 225/447
f 225/448 190/449 226/450
f 225/451 226/452 227/453
f 227/454 226/455 226/456
f 227/457 226/458 228/459
f 228/460 226/461 226/462
f 228/463 226/464 229/465
f 229/466 226/467 226/468
f 229/469 226/470 230/471
f 230/472 226/473 226/474
f 230/475 226/476 231/477
f 231/478 226/479 195/480
f 231/481 195/482 232/483
f 232/484 195/485 195/486
f 232/487 195/488 233/489
f 233/490 195/491 195/492
f 233/493 195/494 234/495
f 234/496 195/497 205/498
f 234/499 205/500 235/501
f 235/502 205/503 205/504
f 235/505 205/506 236/507
f 236/508 205/509 205/510
f 236/511 205/512 237/513
f 237/514 205/515 204/516
f 222/517 25/518 190/519
f 190/520 12/521 226/522
f 125/523 195/524 226/525
f 227/526 238/527 225/528
f 225/529 238/530 239/531
f 225/532 239/533 225/534
f 225/535 239/536 240/537
f 225/538 240/539 225/540
f 225/541 240/542 241/543
f 225/544 241/545 140/546
f 140/547 241/548 242/549
f 140/550 242/551 141/552
f 216/553 243/554 217/555
f 217/556 243/557 244/558
f 217/559 244/560 217/561
f 217/562 244/563 245/564
f 217/565 245/566 217/567
f 217/568 245/569 246/570
f 217/571 246/572 247/573
f 247/574 246/575 248/576
f 247/577 248/578 247/579
f 247/580 248/581 249/582
f 247/583 249/584 250/585
f 250/586 249/587 251/588
f 250/589 251/590 250/591
f 250/592 251/593 252/594
f 250/595 252/596 250/597
f 250/598 252/599 253/600
f 250/601 253/602 254/603
f 250/604 104/605 247/606
f 247/607 104/608 155/609
f 247/610 155/611 217/612
f 217/613 155/614 155/615
f 217/616 155/617 67/618
f 67/619 155/620 255/621
f 67/622 255/623 67/624
f 67/625 255/626 256/627
f 67/628 256/629 67/630
f 67/631 256/632 257/633
f 67/634 257/635 67/636
f 67/637 257/638 258/639
f 67/640 258/641 68/642
f 255/643 155/644 259/645
f 259/646 155/647 155/648
f 259/649 155/650 260/651
f 260/652 155/653 155/654
f 260/655 155/656 261/657
f 261/658 155/659 262/660
f 261/661 262/662 263/663
f 263/664 262/665 262/666
f 263/667 262/668 264/669
f 264/670 262/671 262/672
f 264/673 262/674 265/675
f 265/676 262/677 262/678
f 265/679 262/680 266/681
f 266/682 262/683 267/684
f 266/685 267/686 268/687
f 268/688 267/689 267/690
f 268/691 267/692 269/693
f 269/694 267/695 267/696
f 269/697 267/698 270/699
f 270/700 267/701 267/702
f 270/703 267/704 271/705
f 271/706 267/707 152/708
f 271/709 152/710 272/711
f 272/712 152/713 151/714
f 155/715 156/716 262/717
f 267/718 262/719 273/720
f 273/721 262/722 164/723
f 273/724 164/725 274/726
f 274/727 164/728 275/729
f 274/730 275/731 276/732
f 164/733 133/734 275/735
f 262/736 41/737 164/738
f 164/739 41/740 40/741
f 164/742 40/743 134/744
f 134/745 40/746 40/747
f 134/748 40/749 277/750
f 277/751 40/752 278/753
f 277/754 278/755 279/756
f 279/757 278/758 280/759
f 279/760 280/761 279/762
f 279/763 280/764 281/765
f 279/766 281/767 282/768
f 282/769 281/770 160/771
f 282/772 160/773 282/774
f 282/775 160/776 161/777
f 282/778 161/779 129/780
f 280/781 278/782 283/783
f 283/784 278/785 284/786
f 283/787 284/788 220/789
f 220/790 284/791 285/792
f 220/793 285/794 219/795
f 219/796 285/797 216/798
f 278/799 40/800 284/801
f 284/802 40/803 250/804
f 284/805 250/806 254/807
f 39/808 250/809 40/810
f 108/811 286/812 106/813
f 106/814 286/815 286/816
f 106/817 286/818 287/819
f 287/820 286/821 288/822
f 287/823 288/824 289/825
f 289/826 288/827 290/828
f 289/829 290/830 291/831
f 291/832 290/833 292/834
f 291/835 292/836 293/837
f 293/838 292/839 294/840
f 293/841 294/842 295/843
f 295/844 294/845 296/846
f 295/847 296/848 297/849
f 297/850 296/851 298/852
f 297/853 298/854 299/855
f 299/856 298/857 300/858
f 299/859 300/860 301/861
f 301/862 300/863 302/864
f 301/865 302/866 303/867
f 303/868 302/869 304/870
f 303/871 304/872 162/873
f 162/874 304/875 158/876
f 162/877 158/878 305/879
f 305/880 158/881 306/882
f 305/883 306/884 307/885
f 307/886 306/887 308/888
f 307/889 308/890 72/891
f 72/892 308/893 157/894
f 72/895 157/896 309/897
f 309/898 157/899 310/900
f 309/901 310/902 311/903
f 311/904 310/905 312/906
f 311/907 312/908 121/909
f 121/910 312/911 103/912
f 121/913 103/914 313/915
f 313/916 103/917 186/918
f 313/919 186/920 107/921
f 314/922 315/923 316/924
f 316/925 315/926 315/927
f 316/928 315/929 317/930
f 317/931 315/932 318/933
f 317/934 318/935 317/936
f 317/937 318/938 37/939
f 317/940 37/941 319/942
f 319/943 37/944 37/945
f 319/946 37/947 320/948
f 320/949 37/950 36/951
f 147/952 321/953 322/954
f 322/955 321/956 15/957
f 147/958 322/959 138/960
f 138/961 322/962 323/963
f 138/964 323/965 138/966
f 138/967 323/968 324/969
f 138/970 324/971 325/972
f 325/973 324/974 326/975
f 325/976 326/977 327/978
f 327/979 326/980 326/981
f 327/982 326/983 328/984
f 328/985 326/986 326/987
f 328/988 326/989 329/990
f 329/991 326/992 326/993
f 329/994 326/995 330/996
f 330/997 326/998 326/999
f 330/1000 326/1001 331/1002
f 331/1003 326/1004 169/1005
f 331/1006 169/1007 332/1008
f 332/1009 169/1010 170/1011
f 322/1012 333/1013 323/1014
f 325/1015 136/1016 138/1017
f 327/1018 334/1019 325/1020
f 325/1021 334/1022 335/1023
f 325/1024 335/1025 325/1026
f 325/1027 335/1028 336/1029
f 325/1030 336/1031 325/1032
f 325/1033 336/1034 337/1035
f 325/1036 337/1037 115/1038
f 115/1039 337/1040 338/1041
f 115/1042 338/1043 115/1044
f 115/1045 338/1046 339/1047
f 115/1048 339/1049 115/1050
f 115/1051 339/1052 340/1053
f 115/1054 340/1055 80/1056
f 80/1057 340/1058 341/1059
f 80/1060 341/1061 80/1062
f 80/1063 341/1064 342/1065
f 80/1066 342/1067 80/1068
f 80/1069 342/1070 343/1071
f 80/1072 343/1073 79/1074
f 115/1075 116/1076 325/1077
f 80/1078 114/1079 115/1080
f 115/1081 114/1082 344/1083
f 115/1084 344/1085 34/1086
f 34/1087 344/1088 344/1089
f 34/1090 344/1091 345/1092
f 345/1093 344/1094 346/1095
f 345/1096 346/1097 345/1098
f 345/1099 346/1100 347/1101
f 345/1102 347/1103 345/1104
f 345/1105 347/1106 348/1107
f 345/1108 348/1109 345/1110
f 345/1111 348/1112 349/1113
f 345/1114 349/1115 350/1116
f 346/1117 344/1118 351/1119
f 351/1120 344/1121 344/1122
f 351/1123 344/1124 352/1125
f 352/1126 344/1127 114/1128
f 352/1129 114/1130 353/1131
f 353/1132 114/1133 114/1134
f 353/1135 114/1136 354/1137
f 354/1138 114/1139 114/1140
f 354/1141 114/1142 355/1143
f 355/1144 114/1145 113/1146
f 356/1147 357/1148 358/1149
f 358/1150 357/1151 359/1152
f 358/1153 359/1154 358/1155
f 358/1156 359/1157 360/1158
f 358/1159 360/1160 358/1161
f 358/1162 360/1163 361/1164
f 358/1165 361/1166 362/1167
f 43/1168 52/1169 145/1170
f 145/1171 52/1172 52/1173
f 145/1174 52/1175 214/1176
f 214/1177 52/1178 51/1179
f 215/1180 144/1181 145/1182
f 145/1183 144/1184 42/1185
f 15/1186 17/1187 322/1188
f 322/1189 17/1190 363/1191
f 322/1192 363/1193 322/1194
f 322/1195 363/1196 364/1197
f 322/1198 364/1199 322/1200
f 322/1201 364/1202 365/1203
f 322/1204 365/1205 322/1206
f 322/1207 365/1208 366/1209
f 322/1210 366/1211 333/1212
f 363/1213 17/1214 367/1215
f 367/1216 17/1217 17/1218
f 367/1219 17/1220 368/1221
f 368/1222 17/1223 51/1224
f 368/1225 51/1226 369/1227
f 369/1228 51/1229 51/1230
f 369/1231 51/1232 370/1233
f 370/1234 51/1235 51/1236
f 370/1237 51/1238 371/1239
f 371/1240 51/1241 53/1242
f 143/1243 372/1244 42/1245
f 42/1246 372/1247 373/1248
f 42/1249 373/1250 86/1251
f 86/1252 373/1253 374/1254
f 86/1255 374/1256 211/1257
f 86/1258 112/1259 42/1260
f 375/1261 376/1262 377/1263
f 377/1264 376/1265 135/1266
f 377/1267 135/1268 378/1269
f 378/1270 135/1271 135/1272
f 378/1273 135/1274 379/1275
f 379/1276 135/1277 135/1278
f 379/1279 135/1280 380/1281
f 380/1282 135/1283 135/1284
f 380/1285 135/1286 381/1287
f 381/1288 135/1289 135/1290
f 381/1291 135/1292 382/1293
f 382/1294 135/1295 203/1296
f 383/1297 384/1298 385/1299
f 385/1300 384/1301 384/1302
f 385/1303 384/1304 386/1305
f 386/1306 384/1307 384/1308
f 386/1309 384/1310 387/1311
f 387/1312 384/1313 388/1314
f 387/1315 388/1316 97/1317
f 97/1318 388/1319 389/1320
f 97/1321 389/1322 98/1323
f 384/1324 390/1325 388/1326
f 388/1327 390/1328 390/1329
f 388/1330 390/1331 391/1332
f 391/1333 390/1334 392/1335
f 391/1336 392/1337 393/1338
f 393/1339 392/1340 392/1341
f 393/1342 392/1343 394/1344
f 394/1345 392/1346 395/1347
f 394/1348 395/1349 394/1350
f 394/1351 395/1352 396/1353
f 394/1354 396/1355 394/1356
f 394/1357 396/1358 397/1359
f 394/1360 397/1361 394/1362
f 394/1363 397/1364 398/1365
f 394/1366 398/1367 394/1368
f 394/1369 398/1370 399/1371
f 394/1372 399/1373 394/1374
f 394/1375 399/1376 400/1377
f 394/1378 400/1379 401/1380
f 401/1381 400/1382 402/1383
f 401/1384 402/1385 403/1386
f 403/1387 402/1388 404/1389
f 403/1390 404/1391 403/1392
f 403/1393 404/1394 405/1395
f 403/1396 405/1397 403/1398
f 403/1399 405/1400 406/1401
f 403/1402 406/1403 64/1404
f 64/1405 406/1406 407/1407
f 64/1408 407/1409 64/1410
f 64/1411 407/1412 408/1413
f 64/1414 408/1415 64/1416
f 64/1417 408/1418 409/1419
f 64/1420 409/1421 64/1422
f 64/1423 409/1424 410/1425
f 64/1426 410/1427 64/1428
f 64/1429 410/1430 411/1431
f 64/1432 411/1433 412/1434
f 412/1435 411/1436 411/1437
f 412/1438 411/1439 413/1440
f 413/1441 411/1442 411/1443
f 413/1444 411/1445 414/1446
f 414/1447 411/1448 411/1449
f 414/1450 411/1451 415/1452
f 415/1453 411/1454 411/1455
f 415/1456 411/1457 416/1458
f 416/1459 411/1460 411/1461
f 416/1462 411/1463 390/1464
f 390/1465 411/1466 417/1467
f 390/1468 417/1469 390/1470
f 390/1471 417/1472 418/1473
f 390/1474 418/1475 390/1476
f 390/1477 418/1478 419/1479
f 390/1480 419/1481 392/1482
f 412/1483 420/1484 64/1485
f 64/1486 420/1487 421/1488
f 64/1489 421/1490 212/1491
f 403/1492 64/1493 422/1494
f 422/1495 64/1496 142/1497
f 142/1498 32/1499 423/1500
f 423/1501 32/1502 32/1503
f 423/1504 32/1505 424/1506
f 424/1507 32/1508 32/1509
f 424/1510 32/1511 425/1512
f 425/1513 32/1514 32/1515
f 425/1516 32/1517 426/1518
f 426/1519 32/1520 32/1521
f 426/1522 32/1523 427/1524
f 427/1525 32/1526 208/1527
f 427/1528 208/1529 428/1530
f 428/1531 208/1532 208/1533
f 428/1534 208/1535 429/1536
f 429/1537 208/1538 430/1539
f 429/1540 430/1541 429/1542
f 429/1543 430/1544 431/1545
f 429/1546 431/1547 429/1548
f 429/1549 431/1550 432/1551
f 429/1552 432/1553 433/1554
f 433/1555 432/1556 96/1557
f 433/1558 96/1559 98/1560
f 167/1561 8/1562 6/1563
f 6/1564 8/1565 4/1566
f 210/1567 113/1568 86/1569
f 86/1570 113/1571 84/1572
f 207/1573 83/1574 434/1575
f 434/1576 83/1577 83/1578
f 434/1579 83/1580 435/1581
f 435/1582 83/1583 83/1584
f 435/1585 83/1586 436/1587
f 436/1588 83/1589 83/1590
f 436/1591 83/1592 437/1593
f 437/1594 83/1595 438/1596
f 437/1597 438/1598 383/1599
f 438/1600 83/1601 439/1602
f 439/1603 83/1604 83/1605
f 439/1606 83/1607 440/1608
f 440/1609 83/1610 83/1611
f 440/1612 83/1613 441/1614
f 441/1615 83/1616 83/1617
f 441/1618 83/1619 442/1620
f 442/1621 83/1622 212/1623
f 355/1624 113/1625 443/1626
f 443/1627 113/1628 113/1629
f 443/1630 113/1631 444/1632
f 444/1633 113/1634 113/1635
f 444/1636 113/1637 445/1638
f 445/1639 113/1640 446/1641
f 445/1642 446/1643 447/1644
f 447/1645 446/1646 446/1647
f 447/1648 446/1649 448/1650
f 448/1651 446/1652 449/1653
f 448/1654 449/1655 450/1656
f 450/1657 449/1658 449/1659
f 450/1660 449/1661 451/1662
f 451/1663 449/1664 449/1665
f 451/1666 449/1667 452/1668
f 452/1669 449/1670 350/1671
f 316/1672 453/1673 314/1674
f 314/1675 453/1676 454/1677
f 206/1678 141/1679 455/1680
f 455/1681 141/1682 242/1683
f 134/1684 277/1685 456/1686
f 456/1687 277/1688 74/1689
f 141/1690 204/1691 65/1692
f 65/1693 204/1694 95/1695
f 140/1696 65/1697 225/1698
f 225/1699 65/1700 65/1701
f 225/1702 65/1703 224/1704
f 224/1705 65/1706 46/1707
f 224/1708 46/1709 223/1710
f 223/1711 46/1712 174/1713
f 46/1714 65/1715 64/1716
f 371/1717 53/1718 457/1719
f 457/1720 53/1721 182/1722
f 36/1723 38/1724 458/1725
f 458/1726 38/1727 38/1728
f 458/1729 38/1730 459/1731
f 459/1732 38/1733 38/1734
f 459/1735 38/1736 460/1737
f 460/1738 38/1739 38/1740
f 460/1741 38/1742 461/1743
f 461/1744 38/1745 462/1746
f 461/1747 462/1748 461/1749
f 461/1750 462/1751 463/1752
f 461/1753 463/1754 461/1755
f 461/1756 463/1757 464/1758
f 461/1759 464/1760 461/1761
f 461/1762 464/1763 465/1764
f 461/1765 465/1766 48/1767
f 48/1768 465/1769 466/1770
f 48/1771 466/1772 48/1773
f 48/1774 466/1775 467/1776
f 48/1777 467/1778 48/1779
f 48/1780 467/1781 468/1782
f 48/1783 468/1784 48/1785
f 48/1786 468/1787 469/1788
f 48/1789 469/1790 49/1791
f 132/1792 461/1793 48/1794
f 137/1795 470/1796 345/1797
f 345/1798 470/1799 34/1800
f 34/1801 470/1802 35/1803
f 35/1804 470/1805 202/1806
f 35/1807 202/1808 35/1809
f 35/1810 202/1811 471/1812
f 35/1813 471/1814 472/1815
f 472/1816 471/1817 473/1818
f 472/1819 473/1820 474/1821
f 474/1822 473/1823 475/1824
f 474/1825 475/1826 476/1827
f 476/1828 475/1829 477/1830
f 476/1831 477/1832 478/1833
f 478/1834 477/1835 479/1836
f 478/1837 479/1838 480/1839
f 480/1840 479/1841 481/1842
f 480/1843 481/1844 482/1845
f 482/1846 481/1847 483/1848
f 482/1849 483/1850 484/1851
f 484/1852 483/1853 485/1854
f 484/1855 485/1856 486/1857
f 486/1858 485/1859 185/1860
f 486/1861 185/1862 119/1863
f 119/1864 185/1865 487/1866
f 119/1867 487/1868 116/1869
f 202/1870 470/1871 137/1872
f 487/1873 185/1874 136/1875
f 61/1876 488/1877 62/1878
f 62/1879 488/1880 489/1881
f 62/1882 489/1883 62/1884
f 62/1885 489/1886 490/1887
f 62/1888 490/1889 62/1890
f 62/1891 490/1892 491/1893
f 62/1894 491/1895 492/1896
f 492/1897 491/1898 493/1899
f 492/1900 493/1901 492/1902
f 492/1903 493/1904 494/1905
f 492/1906 494/1907 492/1908
f 492/1909 494/1910 495/1911
f 492/1912 495/1913 496/1914
f 496/1915 495/1916 497/1917
f 496/1918 497/1919 496/1920
f 496/1921 497/1922 498/1923
f 496/1924 498/1925 496/1926
f 496/1927 498/1928 499/1929
f 496/1930 499/1931 496/1932
f 496/1933 499/1934 500/1935
f 496/1936 500/1937 501/1938
f 501/1939 500/1940 502/1941
f 501/1942 502/1943 501/1944
f 501/1945 502/1946 503/1947
f 501/1948 503/1949 501/1950
f 501/1951 503/1952 504/1953
f 501/1954 504/1955 501/1956
f 501/1957 504/1958 505/1959
f 501/1960 505/1961 506/1962
f 506/1963 505/1964 507/1965
f 506/1966 507/1967 506/1968
f 506/1969 507/1970 508/1971
f 506/1972 508/1973 61/1974
f 61/1975 508/1976 509/1977
f 61/1978 509/1979 61/1980
f 61/1981 509/1982 510/1983
f 61/1984 510/1985 488/1986
f 496/1987 177/1988 492/1989
f 492/1990 177/1991 176/1992
f 492/1993 176/1994 62/1995
f 62/1996 176/1997 176/1998
f 62/1999 176/2000 82/2001
f 82/2002 176/2003 511/2004
f 82/2005 511/2006 82/2007
f 82/2008 511/2009 512/2010
f 82/2011 512/2012 82/2013
f 82/2014 512/2015 513/2016
f 82/2017 513/2018 82/2019
f 82/2020 513/2021 514/2022
f 82/2023 514/2024 81/2025
f 511/2026 176/2027 515/2028
f 515/2029 176/2030 176/2031
f 515/2032 176/2033 516/2034
f 516/2035 176/2036 222/2037
f 516/2038 222/2039 517/2040
f 517/2041 222/2042 222/2043
f 517/2044 222/2045 518/2046
f 518/2047 222/2048 222/2049
f 518/2050 222/2051 519/2052
f 519/2053 222/2054 221/2055
f 176/2056 178/2057 222/2058
f 33/2059 520/2060 34/2061
f 34/2062 520/2063 521/2064
f 34/2065 521/2066 117/2067
f 60/2068 93/2069 61/2070
f 61/2071 93/2072 197/2073
f 139/2074 31/2075 93/2076
f 93/2077 31/2078 522/2079
f 93/2080 522/2081 93/2082
f 93/2083 522/2084 523/2085
f 93/2086 523/2087 196/2088
f 522/2089 31/2090 524/2091
f 524/2092 31/2093 130/2094
f 110/2095 525/2096 75/2097
f 75/2098 525/2099 135/2100
f 75/2101 135/2102 75/2103
f 75/2104 135/2105 376/2106
f 75/2107 376/2108 526/2109
f 526/2110 376/2111 375/2112
f 526/2113 375/2114 527/2115
f 527/2116 375/2117 377/2118
f 527/2119 377/2120 528/2121
f 528/2122 377/2123 378/2124
f 528/2125 378/2126 529/2127
f 529/2128 378/2129 379/2130
f 529/2131 379/2132 530/2133
f 530/2134 379/2135 380/2136
f 530/2137 380/2138 531/2139
f 531/2140 380/2141 381/2142
f 531/2143 381/2144 532/2145
f 532/2146 381/2147 382/2148
f 532/2149 382/2150 533/2151
f 533/2152 382/2153 203/2154
f 533/2155 203/2156 73/2157
f 73/2158 203/2159 456/2160
f 73/2161 456/2162 74/2163
f 133/2164 135/2165 525/2166
f 134/2167 456/2168 203/2169
f 59/2170 58/2171 205/2172
f 205/2173 58/2174 58/2175
f 205/2176 58/2177 95/2178
f 95/2179 58/2180 32/2181
f 57/2182 59/2183 534/2184
f 534/2185 59/2186 59/2187
f 534/2188 59/2189 535/2190
f 535/2191 59/2192 59/2193
f 535/2194 59/2195 536/2196
f 536/2197 59/2198 59/2199
f 536/2200 59/2201 537/2202
f 537/2203 59/2204 538/2205
f 537/2206 538/2207 539/2208
f 539/2209 538/2210 538/2211
f 539/2212 538/2213 540/2214
f 540/2215 538/2216 541/2217
f 540/2218 541/2219 542/2220
f 542/2221 541/2222 541/2223
f 542/2224 541/2225 543/2226
f 543/2227 541/2228 541/2229
f 543/2230 541/2231 544/2232
f 544/2233 541/2234 545/2235
f 541/2236 538/2237 194/2238
f 194/2239 538/2240 538/2241
f 194/2242 538/2243 195/2244
f 195/2245 538/2246 538/2247
f 195/2248 538/2249 205/2250
f 205/2251 538/2252 59/2253
f 546/2254 547/2255 548/2256
f 548/2257 547/2258 547/2259
f 548/2260 547/2261 549/2262
f 549/2263 547/2264 547/2265
f 549/2266 547/2267 550/2268
f 550/2269 547/2270 547/2271
f 550/2272 547/2273 551/2274
f 551/2275 547/2276 154/2277
f 551/2278 154/2279 552/2280
f 552/2281 154/2282 154/2283
f 552/2284 154/2285 553/2286
f 553/2287 154/2288 153/2289
f 201/2290 554/2291 202/2292
f 202/2293 554/2294 55/2295
f 202/2296 55/2297 202/2298
f 202/2299 55/2300 54/2301
f 202/2302 54/2303 555/2304
f 545/2305 556/2306 557/2307
f 557/2308 556/2309 556/2310
f 557/2311 556/2312 558/2313
f 558/2314 556/2315 556/2316
f 558/2317 556/2318 559/2319
f 559/2320 556/2321 556/2322
f 559/2323 556/2324 560/2325
f 560/2326 556/2327 561/2328
f 560/2329 561/2330 562/2331
f 562/2332 561/2333 561/2334
f 562/2335 561/2336 563/2337
f 563/2338 561/2339 57/2340
f 563/2341 57/2342 564/2343
f 564/2344 57/2345 57/2346
f 564/2347 57/2348 565/2349
f 565/2350 57/2351 534/2352
f 49/2353 566/2354 50/2355
f 50/2356 566/2357 567/2358
f 50/2359 567/2360 568/2361
f 568/2362 567/2363 567/2364
f 568/2365 567/2366 569/2367
f 569/2368 567/2369 567/2370
f 569/2371 567/2372 570/2373
f 570/2374 567/2375 567/2376
f 570/2377 567/2378 571/2379
f 571/2380 567/2381 572/2382
f 571/2383 572/2384 573/2385
f 573/2386 572/2387 454/2388
f 568/2389 574/2390 50/2391
f 50/2392 574/2393 575/2394
f 50/2395 575/2396 50/2397
f 50/2398 575/2399 576/2400
f 50/2401 576/2402 50/2403
f 50/2404 576/2405 577/2406
f 50/2407 577/2408 50/2409
f 50/2410 577/2411 578/2412
f 50/2413 578/2414 579/2415
f 579/2416 578/2417 580/2418
f 579/2419 580/2420 581/2421
f 581/2422 580/2423 580/2424
f 581/2425 580/2426 582/2427
f 582/2428 580/2429 580/2430
f 582/2431 580/2432 583/2433
f 583/2434 580/2435 584/2436
f 583/2437 584/2438 585/2439
f 585/2440 584/2441 584/2442
f 585/2443 584/2444 586/2445
f 586/2446 584/2447 584/2448
f 586/2449 584/2450 587/2451
f 587/2452 584/2453 317/2454
f 587/2455 317/2456 588/2457
f 588/2458 317/2459 77/2460
f 588/2461 77/2462 76/2463
f 50/2464 579/2465 111/2466
f 584/2467 589/2468 317/2469
f 317/2470 589/2471 590/2472
f 317/2473 590/2474 316/2475
f 57/2476 131/2477 58/2478
f 58/2479 131/2480 31/2481
f 56/2482 591/2483 54/2484
f 54/2485 591/2486 591/2487
f 54/2488 591/2489 555/2490
f 555/2491 591/2492 592/2493
f 555/2494 592/2495 593/2496
f 593/2497 592/2498 594/2499
f 593/2500 594/2501 595/2502
f 595/2503 594/2504 596/2505
f 595/2506 596/2507 597/2508
f 597/2509 596/2510 598/2511
f 597/2512 598/2513 599/2514
f 599/2515 598/2516 600/2517
f 599/2518 600/2519 601/2520
f 601/2521 600/2522 602/2523
f 601/2524 602/2525 603/2526
f 603/2527 602/2528 604/2529
f 603/2530 604/2531 605/2532
f 605/2533 604/2534 606/2535
f 605/2536 606/2537 607/2538
f 607/2539 606/2540 608/2541
f 607/2542 608/2543 184/2544
f 184/2545 608/2546 118/2547
f 184/2548 118/2549 609/2550
f 609/2551 118/2552 610/2553
f 609/2554 610/2555 611/2556
f 611/2557 610/2558 612/2559
f 611/2560 612/2561 199/2562
f 199/2563 612/2564 117/2565
f 199/2566 117/2567 613/2568
f 613/2569 117/2570 521/2571
f 613/2572 521/2573 614/2574
f 614/2575 521/2576 520/2577
f 614/2578 520/2579 201/2580
f 201/2581 520/2582 33/2583
f 201/2584 33/2585 554/2586
f 554/2587 33/2588 198/2589
f 554/2590 198/2591 55/2592
f 109/2593 167/2594 29/2595
f 29/2596 167/2597 167/2598
f 29/2599 167/2600 128/2601
f 128/2602 167/2603 166/2604
f 35/2605 472/2606 592/2607
f 592/2608 472/2609 474/2610
f 592/2611 474/2612 594/2613
f 594/2614 474/2615 476/2616
f 594/2617 476/2618 596/2619
f 596/2620 476/2621 478/2622
f 596/2623 478/2624 598/2625
f 598/2626 478/2627 480/2628
f 598/2629 480/2630 600/2631
f 600/2632 480/2633 482/2634
f 600/2635 482/2636 602/2637
f 602/2638 482/2639 484/2640
f 602/2641 484/2642 604/2643
f 604/2644 484/2645 486/2646
f 604/2647 486/2648 119/2649
f 129/2650 161/2651 29/2652
f 29/2653 161/2654 27/2655
f 160/2656 281/2657 27/2658
f 27/2659 281/2660 280/2661
f 27/2662 280/2663 218/2664
f 218/2665 280/2666 283/2667
f 218/2668 283/2669 220/2670
f 218/2671 100/2672 27/2673
f 615/2674 616/2675 617/2676
f 617/2677 616/2678 618/2679
f 617/2680 618/2681 617/2682
f 617/2683 618/2684 619/2685
f 617/2686 619/2687 617/2688
f 617/2689 619/2690 620/2691
f 617/2692 620/2693 621/2694
f 621/2695 620/2696 620/2697
f 621/2698 620/2699 622/2700
f 622/2701 620/2702 193/2703
f 622/2704 193/2705 14/2706
f 127/2707 623/2708 43/2709
f 43/2710 623/2711 624/2712
f 43/2713 624/2714 43/2715
f 43/2716 624/2717 625/2718
f 43/2719 625/2720 43/2721
f 43/2722 625/2723 626/2724
f 43/2725 626/2726 132/2727
f 194/2728 627/2729 541/2730
f 541/2731 627/2732 13/2733
f 125/2734 628/2735 126/2736
f 126/2737 628/2738 193/2739
f 126/2740 193/2741 126/2742
f 126/2743 193/2744 620/2745
f 126/2746 620/2747 629/2748
f 629/2749 620/2750 619/2751
f 629/2752 619/2753 630/2754
f 630/2755 619/2756 618/2757
f 630/2758 618/2759 631/2760
f 631/2761 618/2762 616/2763
f 631/2764 616/2765 632/2766
f 632/2767 616/2768 615/2769
f 632/2770 615/2771 633/2772
f 633/2773 615/2774 617/2775
f 633/2776 617/2777 634/2778
f 634/2779 617/2780 621/2781
f 634/2782 621/2783 635/2784
f 635/2785 621/2786 622/2787
f 635/2788 622/2789 636/2790
f 636/2791 622/2792 14/2793
f 636/2794 14/2795 124/2796
f 124/2797 14/2798 627/2799
f 124/2800 627/2801 194/2802
f 12/2803 193/2804 628/2805
f 13/2806 627/2807 14/2808
f 12/2809 628/2810 226/2811
f 226/2812 628/2813 125/2814
f 177/2815 496/2816 637/2817
f 637/2818 496/2819 91/2820
f 91/2821 123/2822 637/2823
f 637/2824 123/2825 192/2826
f 637/2827 192/2828 177/2829
f 123/2830 638/2831 192/2832
f 192/2833 638/2834 638/2835
f 192/2836 638/2837 639/2838
f 639/2839 638/2840 640/2841
f 639/2842 640/2843 641/2844
f 641/2845 640/2846 642/2847
f 641/2848 642/2849 643/2850
f 643/2851 642/2852 644/2853
f 643/2854 644/2855 645/2856
f 645/2857 644/2858 646/2859
f 645/2860 646/2861 647/2862
f 647/2863 646/2864 648/2865
f 647/2866 648/2867 649/2868
f 649/2869 648/2870 650/2871
f 649/2872 650/2873 651/2874
f 651/2875 650/2876 652/2877
f 651/2878 652/2879 653/2880
f 653/2881 652/2882 26/2883
f 653/2884 26/2885 181/2886
f 181/2887 26/2888 654/2889
f 181/2890 654/2891 178/2892
f 654/2893 26/2894 25/2895
f 358/2896 655/2897 656/2898
f 656/2899 655/2900 657/2901
f 656/2902 657/2903 656/2904
f 656/2905 657/2906 658/2907
f 656/2908 658/2909 659/2910
f 659/2911 658/2912 69/2913
f 659/2914 69/2915 71/2916
f 122/2917 91/2918 660/2919
f 660/2920 91/2921 91/2922
f 660/2923 91/2924 661/2925
f 661/2926 91/2927 90/2928
f 191/2929 192/2930 662/2931
f 662/2932 192/2933 192/2934
f 662/2935 192/2936 663/2937
f 663/2938 192/2939 664/2940
f 123/2941 665/2942 638/2943
f 638/2944 665/2945 665/2946
f 638/2947 665/2948 640/2949
f 640/2950 665/2951 666/2952
f 640/2953 666/2954 642/2955
f 642/2956 666/2957 667/2958
f 642/2959 667/2960 644/2961
f 644/2962 667/2963 668/2964
f 644/2965 668/2966 646/2967
f 646/2968 668/2969 669/2970
f 646/2971 669/2972 648/2973
f 648/2974 669/2975 670/2976
f 648/2977 670/2978 650/2979
f 650/2980 670/2981 671/2982
f 650/2983 671/2984 652/2985
f 652/2986 671/2987 26/2988
f 358/2989 656/2990 356/2991
f 356/2992 656/2993 672/2994
f 603/2995 605/2996 185/2997
f 185/2998 605/2999 607/3000
f 185/3001 607/3002 184/3003
f 6/3004 673/3005 166/3006
f 166/3007 673/3008 674/3009
f 166/3010 674/3011 166/3012
f 166/3013 674/3014 675/3015
f 166/3016 675/3017 166/3018
f 166/3019 675/3020 676/3021
f 166/3022 676/3023 677/3024
f 677/3025 676/3026 678/3027
f 677/3028 678/3029 677/3030
f 677/3031 678/3032 679/3033
f 677/3034 679/3035 275/3036
f 275/3037 679/3038 680/3039
f 275/3040 680/3041 275/3042
f 275/3043 680/3044 681/3045
f 275/3046 681/3047 275/3048
f 275/3049 681/3050 682/3051
f 275/3052 682/3053 276/3054
f 275/3055 110/3056 677/3057
f 677/3058 110/3059 165/3060
f 677/3061 165/3062 166/3063
f 166/3064 165/3065 165/3066
f 166/3067 165/3068 128/3069
f 128/3070 165/3071 683/3072
f 128/3073 683/3074 128/3075
f 128/3076 683/3077 684/3078
f 128/3079 684/3080 128/3081
f 128/3082 684/3083 685/3084
f 128/3085 685/3086 128/3087
f 128/3088 685/3089 686/3090
f 128/3091 686/3092 129/3093
f 683/3094 165/3095 687/3096
f 687/3097 165/3098 165/3099
f 687/3100 165/3101 688/3102
f 688/3103 165/3104 165/3105
f 688/3106 165/3107 689/3108
f 689/3109 165/3110 277/3111
f 689/3112 277/3113 690/3114
f 690/3115 277/3116 277/3117
f 690/3118 277/3119 691/3120
f 691/3121 277/3122 277/3123
f 691/3124 277/3125 692/3126
f 692/3127 277/3128 277/3129
f 692/3130 277/3131 693/3132
f 693/3133 277/3134 279/3135
f 693/3136 279/3137 694/3138
f 694/3139 279/3140 279/3141
f 694/3142 279/3143 695/3144
f 695/3145 279/3146 279/3147
f 695/3148 279/3149 696/3150
f 696/3151 279/3152 279/3153
f 696/3154 279/3155 697/3156
f 697/3157 279/3158 282/3159
f 697/3160 282/3161 698/3162
f 698/3163 282/3164 282/3165
f 698/3166 282/3167 699/3168
f 699/3169 282/3170 129/3171
f 699/3172 129/3173 700/3174
f 700/3175 129/3176 129/3177
f 700/3178 129/3179 701/3180
f 701/3181 129/3182 686/3183
f 74/3184 277/3185 165/3186
f 118/3187 608/3188 119/3189
f 119/3190 608/3191 606/3192
f 119/3193 606/3194 604/3195
f 118/3196 116/3197 610/3198
f 610/3199 116/3200 116/3201
f 610/3202 116/3203 612/3204
f 612/3205 116/3206 117/3207
f 702/3208 181/3209 89/3210
f 89/3211 181/3212 181/3213
f 89/3214 181/3215 87/3216
f 87/3217 181/3218 181/3219
f 87/3220 181/3221 703/3222
f 703/3223 181/3224 180/3225
f 88/3226 704/3227 89/3228
f 89/3229 704/3230 704/3231
f 89/3232 704/3233 702/3234
f 702/3235 704/3236 671/3237
f 702/3238 671/3239 705/3240
f 705/3241 671/3242 670/3243
f 705/3244 670/3245 706/3246
f 706/3247 670/3248 669/3249
f 706/3250 669/3251 707/3252
f 707/3253 669/3254 668/3255
f 707/3256 668/3257 708/3258
f 708/3259 668/3260 667/3261
f 708/3262 667/3263 709/3264
f 709/3265 667/3266 666/3267
f 709/3268 666/3269 664/3270
f 664/3271 666/3272 665/3273
f 664/3274 665/3275 663/3276
f 663/3277 665/3278 710/3279
f 663/3280 710/3281 662/3282
f 662/3283 710/3284 711/3285
f 662/3286 711/3287 191/3288
f 191/3289 711/3290 122/3291
f 191/3292 122/3293 712/3294
f 712/3295 122/3296 660/3297
f 712/3298 660/3299 713/3300
f 713/3301 660/3302 661/3303
f 713/3304 661/3305 179/3306
f 179/3307 661/3308 90/3309
f 179/3310 90/3311 714/3312
f 714/3313 90/3314 715/3315
f 714/3316 715/3317 716/3318
f 716/3319 715/3320 717/3321
f 716/3322 717/3323 180/3324
f 180/3325 717/3326 24/3327
f 180/3328 24/3329 703/3330
f 703/3331 24/3332 183/3333
f 703/3334 183/3335 87/3336
f 24/3337 26/3338 183/3339
f 183/3340 26/3341 26/3342
f 183/3343 26/3344 88/3345
f 88/3346 26/3347 26/3348
f 88/3349 26/3350 704/3351
f 704/3352 26/3353 671/3354
f 136/3355 325/3356 487/3357
f 487/3358 325/3359 116/3360
f 24/3361 717/3362 25/3363
f 25/3364 717/3365 715/3366
f 25/3367 715/3368 90/3369
f 22/3370 53/3371 23/3372
f 23/3373 53/3374 52/3375
f 173/3376 718/3377 170/3378
f 170/3379 718/3380 332/3381
f 333/3382 719/3383 323/3384
f 323/3385 719/3386 720/3387
f 323/3388 720/3389 323/3390
f 323/3391 720/3392 721/3393
f 323/3394 721/3395 323/3396
f 323/3397 721/3398 722/3399
f 323/3400 722/3401 21/3402
f 21/3403 722/3404 723/3405
f 21/3406 723/3407 22/3408
f 178/3409 654/3410 222/3411
f 222/3412 654/3413 25/3414
f 112/3415 84/3416 9/3417
f 9/3418 84/3419 84/3420
f 9/3421 84/3422 80/3423
f 80/3424 84/3425 114/3426
f 46/3427 45/3428 172/3429
f 172/3430 45/3431 81/3432
f 168/3433 19/3434 724/3435
f 724/3436 19/3437 19/3438
f 724/3439 19/3440 725/3441
f 725/3442 19/3443 19/3444
f 725/3445 19/3446 726/3447
f 726/3448 19/3449 19/3450
f 726/3451 19/3452 727/3453
f 727/3454 19/3455 19/3456
f 727/3457 19/3458 728/3459
f 728/3460 19/3461 729/3462
f 728/3463 729/3464 730/3465
f 730/3466 729/3467 729/3468
f 730/3469 729/3470 731/3471
f 731/3472 729/3473 729/3474
f 731/3475 729/3476 732/3477
f 732/3478 729/3479 733/3480
f 732/3481 733/3482 187/3483
f 187/3484 733/3485 734/3486
f 187/3487 734/3488 188/3489
f 729/3490 19/3491 735/3492
f 735/3493 19/3494 200/3495
f 188/3496 736/3497 189/3498
f 189/3499 736/3500 737/3501
f 189/3502 737/3503 189/3504
f 189/3505 737/3506 738/3507
f 189/3508 738/3509 189/3510
f 189/3511 738/3512 739/3513
f 189/3514 739/3515 189/3516
f 189/3517 739/3518 740/3519
f 189/3520 740/3521 672/3522
f 672/3523 740/3524 741/3525
f 672/3526 741/3527 672/3528
f 672/3529 741/3530 742/3531
f 672/3532 742/3533 356/3534
f 740/3535 743/3536 741/3537
f 741/3538 743/3539 744/3540
f 741/3541 744/3542 745/3543
f 745/3544 744/3545 744/3546
f 745/3547 744/3548 746/3549
f 746/3550 744/3551 100/3552
f 746/3553 100/3554 747/3555
f 747/3556 100/3557 100/3558
f 747/3559 100/3560 748/3561
f 748/3562 100/3563 100/3564
f 748/3565 100/3566 749/3567
f 749/3568 100/3569 100/3570
f 749/3571 100/3572 750/3573
f 750/3574 100/3575 100/3576
f 750/3577 100/3578 751/3579
f 751/3580 100/3581 752/3582
f 751/3583 752/3584 753/3585
f 753/3586 752/3587 752/3588
f 753/3589 752/3590 754/3591
f 754/3592 752/3593 755/3594
f 754/3595 755/3596 756/3597
f 756/3598 755/3599 755/3600
f 756/3601 755/3602 362/3603
f 362/3604 755/3605 757/3606
f 362/3607 757/3608 358/3609
f 752/3610 100/3611 758/3612
f 758/3613 100/3614 175/3615
f 744/3616 759/3617 100/3618
f 100/3619 759/3620 209/3621
f 221/3622 223/3623 760/3624
f 760/3625 223/3626 223/3627
f 760/3628 223/3629 761/3630
f 761/3631 223/3632 223/3633
f 761/3634 223/3635 762/3636
f 762/3637 223/3638 223/3639
f 762/3640 223/3641 763/3642
f 763/3643 223/3644 174/3645
f 763/3646 174/3647 764/3648
f 764/3649 174/3650 172/3651
f 573/3652 454/3653 765/3654
f 765/3655 454/3656 454/3657
f 765/3658 454/3659 766/3660
f 766/3661 454/3662 454/3663
f 766/3664 454/3665 767/3666
f 767/3667 454/3668 453/3669
f 764/3670 172/3671 768/3672
f 768/3673 172/3674 171/3675
f 287/3676 120/3677 106/3678
f 106/3679 120/3680 120/3681
f 106/3682 120/3683 107/3684
f 107/3685 120/3686 120/3687
f 107/3688 120/3689 313/3690
f 313/3691 120/3692 121/3693
f 169/3694 326/3695 10/3696
f 10/3697 326/3698 324/3699
f 10/3700 324/3701 23/3702
f 23/3703 324/3704 323/3705
f 23/3706 323/3707 21/3708
f 10/3709 23/3710 48/3711
f 343/3712 769/3713 79/3714
f 79/3715 769/3716 173/3717
f 105/3718 770/3719 288/3720
f 288/3721 770/3722 771/3723
f 288/3724 771/3725 290/3726
f 290/3727 771/3728 772/3729
f 290/3730 772/3731 292/3732
f 292/3733 772/3734 773/3735
f 292/3736 773/3737 294/3738
f 294/3739 773/3740 774/3741
f 294/3742 774/3743 296/3744
f 296/3745 774/3746 775/3747
f 296/3748 775/3749 298/3750
f 298/3751 775/3752 776/3753
f 298/3754 776/3755 300/3756
f 300/3757 776/3758 777/3759
f 300/3760 777/3761 159/3762
f 299/3763 301/3764 163/3765
f 163/3766 301/3767 303/3768
f 163/3769 303/3770 162/3771
f 39/3772 778/3773 250/3774
f 250/3775 778/3776 104/3777
f 75/3778 526/3779 73/3780
f 73/3781 526/3782 527/3783
f 73/3784 527/3785 73/3786
f 73/3787 527/3788 528/3789
f 73/3790 528/3791 73/3792
f 73/3793 528/3794 529/3795
f 73/3796 529/3797 73/3798
f 73/3799 529/3800 530/3801
f 73/3802 530/3803 73/3804
f 73/3805 530/3806 531/3807
f 73/3808 531/3809 73/3810
f 73/3811 531/3812 532/3813
f 73/3814 532/3815 533/3816
f 779/3817 780/3818 781/3819
f 781/3820 780/3821 782/3822
f 781/3823 782/3824 781/3825
f 781/3826 782/3827 783/3828
f 781/3829 783/3830 781/3831
f 781/3832 783/3833 784/3834
f 781/3835 784/3836 150/3837
f 150/3838 784/3839 785/3840
f 150/3841 785/3842 150/3843
f 150/3844 785/3845 786/3846
f 150/3847 786/3848 149/3849
f 110/3850 275/3851 525/3852
f 525/3853 275/3854 133/3855
f 127/3856 112/3857 787/3858
f 787/3859 112/3860 112/3861
f 787/3862 112/3863 788/3864
f 788/3865 112/3866 112/3867
f 788/3868 112/3869 789/3870
f 789/3871 112/3872 790/3873
f 789/3874 790/3875 78/3876
f 78/3877 790/3878 791/3879
f 78/3880 791/3881 78/3882
f 78/3883 791/3884 792/3885
f 78/3886 792/3887 78/3888
f 78/3889 792/3890 793/3891
f 78/3892 793/3893 76/3894
f 790/3895 112/3896 794/3897
f 794/3898 112/3899 112/3900
f 794/3901 112/3902 795/3903
f 795/3904 112/3905 112/3906
f 795/3907 112/3908 796/3909
f 796/3910 112/3911 112/3912
f 796/3913 112/3914 797/3915
f 797/3916 112/3917 111/3918
f 158/3919 304/3920 159/3921
f 159/3922 304/3923 302/3924
f 159/3925 302/3926 300/3927
f 68/3928 151/3929 66/3930
f 66/3931 151/3932 18/3933
f 158/3934 156/3935 306/3936
f 306/3937 156/3938 156/3939
f 306/3940 156/3941 308/3942
f 308/3943 156/3944 157/3945
f 121/3946 39/3947 311/3948
f 311/3949 39/3950 39/3951
f 311/3952 39/3953 309/3954
f 309/3955 39/3956 72/3957
f 39/3958 120/3959 778/3960
f 778/3961 120/3962 105/3963
f 778/3964 105/3965 104/3966
f 120/3967 798/3968 105/3969
f 105/3970 798/3971 798/3972
f 105/3973 798/3974 770/3975
f 770/3976 798/3977 799/3978
f 770/3979 799/3980 771/3981
f 771/3982 799/3983 800/3984
f 771/3985 800/3986 772/3987
f 772/3988 800/3989 801/3990
f 772/3991 801/3992 773/3993
f 773/3994 801/3995 802/3996
f 773/3997 802/3998 774/3999
f 774/4000 802/4001 803/4002
f 774/4003 803/4004 775/4005
f 775/4006 803/4007 804/4008
f 775/4009 804/4010 776/4011
f 776/4012 804/4013 805/4014
f 776/4015 805/4016 777/4017
f 777/4018 805/4019 163/4020
f 777/4021 163/4022 159/4023
f 159/4024 163/4025 806/4026
f 159/4027 806/4028 156/4029
f 806/4030 163/4031 41/4032
f 103/4033 312/4034 104/4035
f 104/4036 312/4037 310/4038
f 104/4039 310/4040 157/4041
f 103/4042 105/4043 186/4044
f 186/4045 105/4046 105/4047
f 186/4048 105/4049 108/4050
f 108/4051 105/4052 105/4053
f 108/4054 105/4055 286/4056
f 286/4057 105/4058 288/4059
f 41/4060 262/4061 806/4062
f 806/4063 262/4064 156/4065
f 215/4066 214/4067 807/4068
f 807/4069 214/4070 214/4071
f 807/4072 214/4073 808/4074
f 808/4075 214/4076 214/4077
f 808/4078 214/4079 809/4080
f 809/4081 214/4082 214/4083
f 809/4084 214/4085 810/4086
f 810/4087 214/4088 811/4089
f 810/4090 811/4091 812/4092
f 812/4093 811/4094 811/4095
f 812/4096 811/4097 813/4098
f 813/4099 811/4100 811/4101
f 813/4102 811/4103 814/4104
f 814/4105 811/4106 815/4107
f 814/4108 815/4109 816/4110
f 816/4111 815/4112 815/4113
f 816/4114 815/4115 817/4116
f 817/4117 815/4118 815/4119
f 817/4120 815/4121 818/4122
f 818/4123 815/4124 815/4125
f 818/4126 815/4127 819/4128
f 819/4129 815/4130 820/4131
f 819/4132 820/4133 821/4134
f 821/4135 820/4136 820/4137
f 821/4138 820/4139 822/4140
f 822/4141 820/4142 820/4143
f 822/4144 820/4145 823/4146
f 823/4147 820/4148 820/4149
f 823/4150 820/4151 824/4152
f 824/4153 820/4154 825/4155
f 824/4156 825/4157 826/4158
f 826/4159 825/4160 825/4161
f 826/4162 825/4163 827/4164
f 827/4165 825/4166 215/4167
f 827/4168 215/4169 828/4170
f 828/4171 215/4172 215/4173
f 828/4174 215/4175 829/4176
f 829/4177 215/4178 807/4179
f 815/4180 811/4181 16/4182
f 16/4183 811/4184 811/4185
f 16/4186 811/4187 17/4188
f 17/4189 811/4190 811/4191
f 17/4192 811/4193 51/4194
f 51/4195 811/4196 214/4197
f 19/4198 18/4199 8/4200
f 8/4201 18/4202 273/4203
f 8/4204 273/4205 8/4206
f 8/4207 273/4208 274/4209
f 8/4210 274/4211 7/4212
f 273/4213 18/4214 267/4215
f 267/4216 18/4217 152/4218
f 162/4219 305/4220 41/4221
f 41/4222 305/4223 307/4224
f 41/4225 307/4226 72/4227
f 146/4228 815/4229 830/4230
f 830/4231 815/4232 16/4233
f 146/4234 830/4235 150/4236
f 150/4237 830/4238 154/4239
f 150/4240 154/4241 150/4242
f 150/4243 154/4244 547/4245
f 150/4246 547/4247 781/4248
f 781/4249 547/4250 546/4251
f 781/4252 546/4253 779/4254
f 779/4255 546/4256 548/4257
f 779/4258 548/4259 780/4260
f 780/4261 548/4262 549/4263
f 780/4264 549/4265 782/4266
f 782/4267 549/4268 550/4269
f 782/4270 550/4271 783/4272
f 783/4273 550/4274 551/4275
f 783/4276 551/4277 784/4278
f 784/4279 551/4280 552/4281
f 784/4282 552/4283 785/4284
f 785/4285 552/4286 553/4287
f 785/4288 553/4289 786/4290
f 786/4291 553/4292 153/4293
f 786/4294 153/4295 149/4296
f 149/4297 153/4298 321/4299
f 149/4300 321/4301 147/4302
f 830/4303 16/4304 154/4305
f 321/4306 153/4307 15/4308
f 71/4309 70/4310 831/4311
f 831/4312 70/4313 832/4314
f 831/4315 832/4316 833/4317
f 833/4318 832/4319 834/4320
f 833/4321 834/4322 833/4323
f 833/4324 834/4325 835/4326
f 833/4327 835/4328 833/4329
f 833/4330 835/4331 836/4332
f 833/4333 836/4334 20/4335
f 20/4336 836/4337 837/4338
f 20/4339 837/4340 20/4341
f 20/4342 837/4343 838/4344
f 20/4345 838/4346 20/4347
f 20/4348 838/4349 839/4350
f 20/4351 839/4352 20/4353
f 20/4354 839/4355 840/4356
f 20/4357 840/4358 175/4359
f 833/4360 20/4361 841/4362
f 841/4363 20/4364 168/4365
f 99/4366 218/4367 216/4368
f 216/4369 218/4370 219/4371
f 20/4372 99/4373 66/4374
f 66/4375 99/4376 99/4377
f 66/4378 99/4379 67/4380
f 67/4381 99/4382 217/4383
f 200/4384 109/4385 842/4386
f 842/4387 109/4388 109/4389
f 842/4390 109/4391 843/4392
f 843/4393 109/4394 109/4395
f 843/4396 109/4397 844/4398
f 844/4399 109/4400 109/4401
f 844/4402 109/4403 845/4404
f 845/4405 109/4406 209/4407
f 272/4408 151/4409 846/4410
f 846/4411 151/4412 213/4413
f 215/4414 825/4415 144/4416
f 144/4417 825/4418 825/4419
f 144/4420 825/4421 143/4422
f 143/4423 825/4424 825/4425
f 143/4426 825/4427 372/4428
f 372/4429 825/4430 820/4431
f 372/4432 820/4433 373/4434
f 373/4435 820/4436 847/4437
f 373/4438 847/4439 374/4440
f 374/4441 847/4442 449/4443
f 374/4444 449/4445 211/4446
f 211/4447 449/4448 446/4449
f 211/4450 446/4451 210/4452
f 210/4453 446/4454 113/4455
f 820/4456 815/4457 847/4458
f 847/4459 815/4460 848/4461
f 847/4462 848/4463 449/4464
f 449/4465 848/4466 345/4467
f 449/4468 345/4469 350/4470
f 345/4471 848/4472 137/4473
f 137/4474 848/4475 848/4476
f 137/4477 848/4478 138/4479
f 138/4480 848/4481 848/4482
f 138/4483 848/4484 146/4485
f 146/4486 848/4487 815/4488
f 258/4489 849/4490 68/4491
f 68/4492 849/4493 213/4494
f 438/4495 850/4496 383/4497
f 383/4498 850/4499 851/4500
f 383/4501 851/4502 383/4503
f 383/4504 851/4505 852/4506
f 383/4507 852/4508 384/4509
f 206/4510 853/4511 204/4512
f 204/4513 853/4514 237/4515
f 33/4516 35/4517 198/4518
f 198/4519 35/4520 35/4521
f 198/4522 35/4523 56/4524
f 56/4525 35/4526 35/4527
f 56/4528 35/4529 591/4530
f 591/4531 35/4532 592/4533
f 57/4534 561/4535 131/4536
f 131/4537 561/4538 561/4539
f 131/4540 561/4541 130/4542
f 130/4543 561/4544 561/4545
f 130/4546 561/4547 524/4548
f 524/4549 561/4550 556/4551
f 524/4552 556/4553 522/4554
f 522/4555 556/4556 854/4557
f 522/4558 854/4559 523/4560
f 523/4561 854/4562 501/4563
f 523/4564 501/4565 196/4566
f 196/4567 501/4568 506/4569
f 196/4570 506/4571 197/4572
f 197/4573 506/4574 61/4575
f 124/4576 126/4577 636/4578
f 636/4579 126/4580 126/4581
f 636/4582 126/4583 635/4584
f 635/4585 126/4586 126/4587
f 635/4588 126/4589 634/4590
f 634/4591 126/4592 126/4593
f 634/4594 126/4595 633/4596
f 633/4597 126/4598 126/4599
f 633/4600 126/4601 632/4602
f 632/4603 126/4604 126/4605
f 632/4606 126/4607 631/4608
f 631/4609 126/4610 629/4611
f 631/4612 629/4613 630/4614
f 122/4615 711/4616 123/4617
f 123/4618 711/4619 710/4620
f 123/4621 710/4622 665/4623
f 184/4624 609/4625 136/4626
f 136/4627 609/4628 611/4629
f 136/4630 611/4631 199/4632
f 276/4633 855/4634 274/4635
f 274/4636 855/4637 856/4638
f 274/4639 856/4640 274/4641
f 274/4642 856/4643 857/4644
f 274/4645 857/4646 274/4647
f 274/4648 857/4649 858/4650
f 274/4651 858/4652 7/4653
f 7/4654 858/4655 859/4656
f 7/4657 859/4658 4/4659
f 179/4660 714/4661 178/4662
f 178/4663 714/4664 716/4665
f 178/4666 716/4667 180/4668
f 182/4669 22/4670 860/4671
f 860/4672 22/4673 723/4674
f 83/4675 60/4676 45/4677
f 45/4678 60/4679 62/4680
f 45/4681 62/4682 82/4683
f 79/4684 170/4685 9/4686
f 9/4687 170/4688 10/4689
f 514/4690 861/4691 81/4692
f 81/4693 861/4694 171/4695
f 254/4696 862/4697 284/4698
f 284/4699 862/4700 863/4701
f 284/4702 863/4703 284/4704
f 284/4705 863/4706 864/4707
f 284/4708 864/4709 284/4710
f 284/4711 864/4712 865/4713
f 284/4714 865/4715 285/4716
f 285/4717 865/4718 866/4719
f 285/4720 866/4721 285/4722
f 285/4723 866/4724 867/4725
f 285/4726 867/4727 216/4728
f 216/4729 867/4730 868/4731
f 216/4732 868/4733 216/4734
f 216/4735 868/4736 869/4737
f 216/4738 869/4739 243/4740
f 120/4741 287/4742 798/4743
f 798/4744 287/4745 287/4746
f 798/4747 287/4748 799/4749
f 799/4750 287/4751 289/4752
f 799/4753 289/4754 800/4755
f 800/4756 289/4757 291/4758
f 800/4759 291/4760 801/4761
f 801/4762 291/4763 293/4764
f 801/4765 293/4766 802/4767
f 802/4768 293/4769 295/4770
f 802/4771 295/4772 803/4773
f 803/4774 295/4775 297/4776
f 803/4777 297/4778 804/4779
f 804/4780 297/4781 299/4782
f 804/4783 299/4784 805/4785
f 805/4786 299/4787 163/4788
f 208/4789 139/4790 870/4791
f 870/4792 139/4793 139/4794
f 870/4795 139/4796 871/4797
f 871/4798 139/4799 139/4800
f 871/4801 139/4802 872/4803
f 872/4804 139/4805 139/4806
f 872/4807 139/4808 873/4809
f 873/4810 139/4811 207/4812
f 201/4813 137/4814 614/4815
f 614/4816 137/4817 137/4818
f 614/4819 137/4820 613/4821
f 613/4822 137/4823 199/4824
f 545/4825 541/4826 556/4827
f 556/4828 541/4829 541/4830
f 556/4831 541/4832 854/4833
f 854/4834 541/4835 874/4836
f 854/4837 874/4838 501/4839
f 501/4840 874/4841 874/4842
f 501/4843 874/4844 496/4845
f 496/4846 874/4847 874/4848
f 496/4849 874/4850 91/4851
f 91/4852 874/4853 874/4854
f 91/4855 874/4856 190/4857
f 190/4858 874/4859 874/4860
f 190/4861 874/4862 13/4863
f 13/4864 874/4865 541/4866
f 192/4867 639/4868 664/4869
f 664/4870 639/4871 641/4872
f 664/4873 641/4874 709/4875
f 709/4876 641/4877 643/4878
f 709/4879 643/4880 708/4881
f 708/4882 643/4883 645/4884
f 708/4885 645/4886 707/4887
f 707/4888 645/4889 647/4890
f 707/4891 647/4892 706/4893
f 706/4894 647/4895 649/4896
f 706/4897 649/4898 705/4899
f 705/4900 649/4901 651/4902
f 705/4903 651/4904 702/4905
f 702/4906 651/4907 653/4908
f 702/4909 653/4910 181/4911
f 179/4912 177/4913 713/4914
f 713/4915 177/4916 177/4917
f 713/4918 177/4919 712/4920
f 712/4921 177/4922 191/4923
f 185/4924 485/4925 603/4926
f 603/4927 485/4928 483/4929
f 603/4930 483/4931 601/4932
f 601/4933 483/4934 481/4935
f 601/4936 481/4937 599/4938
f 599/4939 481/4940 479/4941
f 599/4942 479/4943 597/4944
f 597/4945 479/4946 477/4947
f 597/4948 477/4949 595/4950
f 595/4951 477/4952 475/4953
f 595/4954 475/4955 593/4956
f 593/4957 475/4958 473/4959
f 593/4960 473/4961 555/4962
f 555/4963 473/4964 471/4965
f 555/4966 471/4967 202/4968
f 859/4969 875/4970 4/4971
f 4/4972 875/4973 5/4974
f 5/4975 876/4976 6/4977
f 6/4978 876/4979 673/4980
f 877/4981 878/4982 879/4983
f 877/4984 880/4985 881/4986
f 882/4987 883/4988 884/4989
f 885/4990 886/4991 887/4992
f 878/4993 888/4994 889/4995
f 890/4996 891/4997 892/4998
f 893/4999 888/5000 881/5001
f 879/5002 894/5003 877/5004
f 877/5005 894/5006 895/5007
f 877/5008 895/5009 877/5010
f 877/5011 895/5012 896/5013
f 877/5014 896/5015 877/5016
f 877/5017 896/5018 897/5019
f 877/5020 897/5021 880/5022
f 893/5023 898/5024 888/5025
f 888/5026 898/5027 899/5028
f 888/5029 899/5030 888/5031
f 888/5032 899/5033 900/5034
f 888/5035 900/5036 888/5037
f 888/5038 900/5039 901/5040
f 888/5041 901/5042 888/5043
f 888/5044 901/5045 902/5046
f 888/5047 902/5048 889/5049
f 889/5050 902/5051 903/5052
f 889/5053 903/5054 889/5055
f 889/5056 903/5057 904/5058
f 889/5059 904/5060 905/5061
f 905/5062 904/5063 904/5064
f 905/5065 904/5066 906/5067
f 906/5068 904/5069 907/5070
f 906/5071 907/5072 908/5073
f 908/5074 907/5075 892/5076
f 908/5077 892/5078 891/5079
f 891/5080 890/5081 909/5082
f 909/5083 890/5084 910/5085
f 909/5086 910/5087 911/5088
f 911/5089 910/5090 912/5091
f 911/5092 912/5093 911/5094
f 911/5095 912/5096 913/5097
f 911/5098 913/5099 914/5100
f 914/5101 913/5102 913/5103
f 914/5104 913/5105 915/5106
f 915/5107 913/5108 916/5109
f 915/5110 916/5111 917/5112
f 917/5113 916/5114 916/5115
f 917/5116 916/5117 918/5118
f 918/5119 916/5120 919/5121
f 918/5122 919/5123 918/5124
f 918/5125 919/5126 920/5127
f 918/5128 920/5129 918/5130
f 918/5131 920/5132 921/5133
f 918/5134 921/5135 922/5136
f 922/5137 921/5138 923/5139
f 922/5140 923/5141 922/5142
f 922/5143 923/5144 924/5145
f 922/5146 924/5147 882/5148
f 882/5149 924/5150 925/5151
f 882/5152 925/5153 883/5154
f 921/5155 926/5156 923/5157
f 923/5158 926/5159 926/5160
f 923/5161 926/5162 887/5163
f 887/5164 926/5165 885/5166
f 910/5167 927/5168 912/5169
f 912/5170 927/5171 928/5172
f 912/5173 928/5174 912/5175
f 912/5176 928/5177 929/5178
f 912/5179 929/5180 912/5181
f 912/5182 929/5183 930/5184
f 912/5185 930/5186 931/5187
f 931/5188 930/5189 932/5190
f 931/5191 932/5192 933/5193
f 933/5194 932/5195 881/5196
f 933/5197 881/5198 934/5199
f 934/5200 881/5201 881/5202
f 934/5203 881/5204 935/5205
f 935/5206 881/5207 881/5208
f 935/5209 881/5210 936/5211
f 936/5212 881/5213 881/5214
f 936/5215 881/5216 937/5217
f 937/5218 881/5219 881/5220
f 937/5221 881/5222 938/5223
f 938/5224 881/5225 939/5226
f 938/5227 939/5228 940/5229
f 940/5230 939/5231 939/5232
f 940/5233 939/5234 941/5235
f 941/5236 939/5237 942/5238
f 941/5239 942/5240 943/5241
f 943/5242 942/5243 886/5244
f 943/5245 886/5246 885/5247
f 939/5248 881/5249 944/5250
f 944/5251 881/5252 880/5253
f 932/5254 945/5255 881/5256
f 881/5257 945/5258 946/5259
f 881/5260 946/5261 893/5262
f 889/5263 947/5264 878/5265
f 878/5266 947/5267 948/5268
f 878/5269 948/5270 878/5271
f 878/5272 948/5273 949/5274
f 878/5275 949/5276 878/5277
f 878/5278 949/5279 950/5280
f 878/5281 950/5282 878/5283
f 878/5284 950/5285 884/5286
f 878/5287 884/5288 951/5289
f 951/5290 884/5291 883/5292
f 951/5293 952/5294 878/5295
f 878/5296 952/5297 953/5298
f 878/5299 953/5300 878/5301
f 878/5302 953/5303 954/5304
f 878/5305 954/5306 879/5307
f 955/5308 956/5309 957/5310
f 957/5311 956/5312 958/5313
f 957/5314 958/5315 959/5316
f 960/5317 961/5318 962/5319
f 962/5320 961/5321 963/5322
f 962/5323 963/5324 964/5325
f 965/5326 964/5327 963/5328
f 955/5329 966/5330 956/5331
f 955/5332 964/5333 967/5334
f 965/5335 968/5336 964/5337
f 964/5338 968/5339 969/5340
f 964/5341 969/5342 967/5343
f 967/5344 970/5345 955/5346
f 955/5347 970/5348 971/5349
f 955/5350 971/5351 966/5352
f 966/5353 972/5354 956/5355
f 956/5356 972/5357 973/5358
f 956/5359 973/5360 956/5361
f 956/5362 973/5363 974/5364
f 956/5365 974/5366 975/5367
f 965/5368 963/5369 976/5370
f 976/5371 963/5372 963/5373
f 976/5374 963/5375 977/5376
f 977/5377 963/5378 978/5379
f 963/5380 979/5381 978/5382
f 978/5383 979/5384 980/5385
f 978/5386 980/5387 981/5388
f 981/5389 980/5390 982/5391
f 981/5392 982/5393 983/5394
f 983/5395 982/5396 984/5397
f 983/5398 984/5399 985/5400
f 985/5401 984/5402 986/5403
f 985/5404 986/5405 987/5406
f 987/5407 986/5408 988/5409
f 987/5410 988/5411 989/5412
f 989/5413 988/5414 990/5415
f 989/5416 990/5417 975/5418
f 975/5419 990/5420 991/5421
f 975/5422 991/5423 956/5424
f 992/5425 961/5426 960/5427
f 959/5428 993/5429 960/5430
f 994/5431 959/5432 958/5433
f 992/5434 960/5435 995/5436
f 995/5437 960/5438 960/5439
f 995/5440 960/5441 996/5442
f 996/5443 960/5444 993/5445
f 994/5446 958/5447 997/5448
f 997/5449 958/5450 958/5451
f 997/5452 958/5453 998/5454
f 998/5455 958/5456 958/5457
f 998/5458 958/5459 999/5460
f 999/5461 958/5462 1000/5463
f 992/5464 1001/5465 961/5466
f 961/5467 1001/5468 1002/5469
f 961/5470 1002/5471 1003/5472
f 994/5473 1004/5474 959/5475
f 959/5476 1004/5477 1005/5478
f 959/5479 1005/5480 993/5481
f 961/5482 1003/5483 1006/5484
f 1006/5485 1003/5486 1003/5487
f 1006/5488 1003/5489 1007/5490
f 1007/5491 1003/5492 1008/5493
f 1007/5494 1008/5495 1009/5496
f 1009/5497 1008/5498 1010/5499
f 1009/5500 1010/5501 1011/5502
f 1011/5503 1010/5504 1012/5505
f 1011/5506 1012/5507 1013/5508
f 1013/5509 1012/5510 1014/5511
f 1013/5512 1014/5513 1015/5514
f 1015/5515 1014/5516 1016/5517
f 1015/5518 1016/5519 1017/5520
f 1017/5521 1016/5522 1000/5523
f 1017/5524 1000/5525 1018/5526
f 1018/5527 1000/5528 958/5529
f 956/5530 991/5531 958/5532
f 958/5533 991/5534 991/5535
f 958/5536 991/5537 1018/5538
f 1018/5539 991/5540 990/5541
f 1018/5542 990/5543 1017/5544
f 1017/5545 990/5546 988/5547
f 1017/5548 988/5549 1015/5550
f 1015/5551 988/5552 986/5553
f 1015/5554 986/5555 1013/5556
f 1013/5557 986/5558 984/5559
f 1013/5560 984/5561 1011/5562
f 1011/5563 984/5564 982/5565
f 1011/5566 982/5567 1009/5568
f 1009/5569 982/5570 980/5571
f 1009/5572 980/5573 1007/5574
f 1007/5575 980/5576 979/5577
f 1007/5578 979/5579 1006/5580
f 1006/5581 979/5582 963/5583
f 1006/5584 963/5585 961/5586
f 998/5587 972/5588 997/5589
f 997/5590 972/5591 972/5592
f 997/5593 972/5594 994/5595
f 994/5596 972/5597 966/5598
f 994/5599 966/5600 1004/5601
f 1004/5602 966/5603 971/5604
f 1004/5605 971/5606 1005/5607
f 1005/5608 971/5609 970/5610
f 1005/5611 970/5612 993/5613
f 993/5614 970/5615 967/5616
f 993/5617 967/5618 996/5619
f 996/5620 967/5621 969/5622
f 996/5623 969/5624 995/5625
f 995/5626 969/5627 968/5628
f 995/5629 968/5630 992/5631
f 992/5632 968/5633 965/5634
f 992/5635 965/5636 1001/5637
f 1001/5638 965/5639 976/5640
f 1001/5641 976/5642 1002/5643
f 1002/5644 976/5645 977/5646
f 1002/5647 977/5648 1003/5649
f 1003/5650 977/5651 978/5652
f 1003/5653 978/5654 1008/5655
f 1008/5656 978/5657 981/5658
f 1008/5659 981/5660 1010/5661
f 1010/5662 981/5663 983/5664
f 1010/5665 983/5666 1012/5667
f 1012/5668 983/5669 985/5670
f 1012/5671 985/5672 1014/5673
f 1014/5674 985/5675 987/5676
f 1014/5677 987/5678 1016/5679
f 1016/5680 987/5681 989/5682
f 1016/5683 989/5684 1000/5685
f 1000/5686 989/5687 975/5688
f 1000/5689 975/5690 999/5691
f 999/5692 975/5693 974/5694
f 999/5695 974/5696 998/5697
f 974/5698 973/5699 998/5700
f 998/5701 973/5702 972/5703
f 1019/5704 1020/5705 1021/5706
f 1022/5707 1023/5708 1024/5709
f 1025/5710 1026/5711 1027/5712
f 1028/5713 1029/5714 1030/5715
f 1031/5716 964/5717 955/5718
f 959/5719 960/5720 1019/5721
f 1032/5722 1033/5723 1034/5724
f 1034/5725 1033/5726 1033/5727
f 1034/5728 1033/5729 1035/5730
f 1035/5731 1033/5732 1033/5733
f 1035/5734 1033/5735 1036/5736
f 1036/5737 1033/5738 1037/5739
f 1036/5740 1037/5741 1038/5742
f 1038/5743 1037/5744 1037/5745
f 1038/5746 1037/5747 1039/5748
f 1039/5749 1037/5750 1040/5751
f 1039/5752 1040/5753 1041/5754
f 1041/5755 1040/5756 1040/5757
f 1041/5758 1040/5759 1042/5760
f 1042/5761 1040/5762 1040/5763
f 1042/5764 1040/5765 1043/5766
f 1043/5767 1040/5768 1040/5769
f 1043/5770 1040/5771 1044/5772
f 1044/5773 1040/5774 1045/5775
f 1044/5776 1045/5777 1046/5778
f 1046/5779 1045/5780 1045/5781
f 1046/5782 1045/5783 1047/5784
f 1047/5785 1045/5786 1045/5787
f 1047/5788 1045/5789 1048/5790
f 1048/5791 1045/5792 1045/5793
f 1048/5794 1045/5795 1049/5796
f 1049/5797 1045/5798 1050/5799
f 1049/5800 1050/5801 1051/5802
f 1051/5803 1050/5804 1050/5805
f 1051/5806 1050/5807 1052/5808
f 1052/5809 1050/5810 1050/5811
f 1052/5812 1050/5813 1053/5814
f 1053/5815 1050/5816 1054/5817
f 1053/5818 1054/5819 1055/5820
f 1055/5821 1054/5822 1054/5823
f 1055/5824 1054/5825 1056/5826
f 1056/5827 1054/5828 1054/5829
f 1056/5830 1054/5831 1032/5832
f 1032/5833 1054/5834 1033/5835
f 1045/5836 964/5837 1050/5838
f 1050/5839 964/5840 1031/5841
f 1050/5842 1031/5843 1054/5844
f 1054/5845 1031/5846 1031/5847
f 1054/5848 1031/5849 1057/5850
f 1057/5851 1031/5852 1058/5853
f 1057/5854 1058/5855 1057/5856
f 1057/5857 1058/5858 1059/5859
f 1057/5860 1059/5861 1057/5862
f 1057/5863 1059/5864 1060/5865
f 1057/5866 1060/5867 1057/5868
f 1057/5869 1060/5870 1061/5871
f 1057/5872 1061/5873 1028/5874
f 1058/5875 1031/5876 1062/5877
f 1062/5878 1031/5879 1031/5880
f 1062/5881 1031/5882 1063/5883
f 1063/5884 1031/5885 1064/5886
f 1063/5887 1064/5888 1065/5889
f 1065/5890 1064/5891 1064/5892
f 1065/5893 1064/5894 1066/5895
f 1066/5896 1064/5897 1064/5898
f 1066/5899 1064/5900 1067/5901
f 1067/5902 1064/5903 1068/5904
f 1031/5905 955/5906 1064/5907
f 1068/5908 1069/5909 1070/5910
f 1070/5911 1069/5912 1069/5913
f 1070/5914 1069/5915 1071/5916
f 1071/5917 1069/5918 1069/5919
f 1071/5920 1069/5921 1072/5922
f 1072/5923 1069/5924 1069/5925
f 1072/5926 1069/5927 1073/5928
f 1073/5929 1069/5930 1074/5931
f 1073/5932 1074/5933 1075/5934
f 1075/5935 1074/5936 1030/5937
f 1068/5938 1064/5939 1069/5940
f 1069/5941 1064/5942 1064/5943
f 1069/5944 1064/5945 1076/5946
f 1076/5947 1064/5948 1019/5949
f 1076/5950 1019/5951 1077/5952
f 1077/5953 1019/5954 1078/5955
f 1077/5956 1078/5957 1079/5958
f 1079/5959 1078/5960 1078/5961
f 1079/5962 1078/5963 1080/5964
f 1080/5965 1078/5966 1078/5967
f 1080/5968 1078/5969 1081/5970
f 1081/5971 1078/5972 1078/5973
f 1081/5974 1078/5975 1082/5976
f 1082/5977 1078/5978 1078/5979
f 1082/5980 1078/5981 1083/5982
f 1083/5983 1078/5984 1027/5985
f 1083/5986 1027/5987 1084/5988
f 1084/5989 1027/5990 1027/5991
f 1084/5992 1027/5993 1085/5994
f 1085/5995 1027/5996 1027/5997
f 1085/5998 1027/5999 1086/6000
f 1086/6001 1027/6002 1087/6003
f 1086/6004 1087/6005 1088/6006
f 1088/6007 1087/6008 1087/6009
f 1088/6010 1087/6011 1089/6012
f 1089/6013 1087/6014 1087/6015
f 1089/6016 1087/6017 1090/6018
f 1090/6019 1087/6020 1023/6021
f 1064/6022 959/6023 1019/6024
f 1019/6025 1021/6026 1078/6027
f 1025/6028 1027/6029 1078/6030
f 1079/6031 1091/6032 1077/6033
f 1077/6034 1091/6035 1092/6036
f 1077/6037 1092/6038 1077/6039
f 1077/6040 1092/6041 1093/6042
f 1077/6043 1093/6044 1077/6045
f 1077/6046 1093/6047 1094/6048
f 1077/6049 1094/6050 1095/6051
f 1095/6052 1094/6053 1096/6054
f 1095/6055 1096/6056 1024/6057
f 1097/6058 1098/6059 1099/6060
f 1099/6061 1098/6062 1098/6063
f 1099/6064 1098/6065 1100/6066
f 1100/6067 1098/6068 1098/6069
f 1100/6070 1098/6071 1101/6072
f 1101/6073 1098/6074 1098/6075
f 1101/6076 1098/6077 1102/6078
f 1102/6079 1098/6080 1103/6081
f 1102/6082 1103/6083 1104/6084
f 1104/6085 1103/6086 1103/6087
f 1104/6088 1103/6089 1105/6090
f 1105/6091 1103/6092 1106/6093
f 1105/6094 1106/6095 1107/6096
f 1107/6097 1106/6098 1106/6099
f 1107/6100 1106/6101 1108/6102
f 1108/6103 1106/6104 1106/6105
f 1108/6106 1106/6107 1109/6108
f 1109/6109 1106/6110 1110/6111
f 1106/6112 1103/6113 1026/6114
f 1026/6115 1103/6116 1103/6117
f 1026/6118 1103/6119 1027/6120
f 1027/6121 1103/6122 1103/6123
f 1027/6124 1103/6125 1087/6126
f 1087/6127 1103/6128 1098/6129
f 1110/6130 1106/6131 1111/6132
f 1111/6133 1106/6134 1112/6135
f 1111/6136 1112/6137 1113/6138
f 1113/6139 1112/6140 1112/6141
f 1113/6142 1112/6143 1114/6144
f 1114/6145 1112/6146 1040/6147
f 1114/6148 1040/6149 1115/6150
f 1115/6151 1040/6152 1037/6153
f 1115/6154 1037/6155 1116/6156
f 1116/6157 1037/6158 1033/6159
f 1113/6160 1117/6161 1111/6162
f 1111/6163 1117/6164 1118/6165
f 1111/6166 1118/6167 1119/6168
f 1119/6169 1118/6170 1118/6171
f 1119/6172 1118/6173 1120/6174
f 1120/6175 1118/6176 1118/6177
f 1120/6178 1118/6179 1121/6180
f 1121/6181 1118/6182 1097/6183
f 1121/6184 1097/6185 1122/6186
f 1122/6187 1097/6188 1097/6189
f 1122/6190 1097/6191 1123/6192
f 1123/6193 1097/6194 1099/6195
f 1119/6196 1124/6197 1111/6198
f 1111/6199 1124/6200 1125/6201
f 1111/6202 1125/6203 1111/6204
f 1111/6205 1125/6206 1126/6207
f 1111/6208 1126/6209 1110/6210
f 1117/6211 1127/6212 1118/6213
f 1118/6214 1127/6215 1128/6216
f 1118/6217 1128/6218 1097/6219
f 1061/6220 1129/6221 1028/6222
f 1028/6223 1129/6224 1029/6225
f 1029/6226 1130/6227 1030/6228
f 1030/6229 1130/6230 1075/6231
f 1026/6232 1131/6233 1106/6234
f 1106/6235 1131/6236 1020/6237
f 959/6238 1064/6239 957/6240
f 957/6241 1064/6242 955/6243
f 1090/6244 1023/6245 1132/6246
f 1132/6247 1023/6248 1022/6249
f 1025/6250 1078/6251 1133/6252
f 1133/6253 1078/6254 1021/6255
f 1022/6256 1024/6257 1134/6258
f 1134/6259 1024/6260 1096/6261
f 960/6262 962/6263 1045/6264
f 1045/6265 962/6266 964/6267
f 960/6268 1045/6269 1135/6270
f 1135/6271 1045/6272 1040/6273
f 1135/6274 1040/6275 1135/6276
f 1135/6277 1040/6278 1112/6279
f 1135/6280 1112/6281 1135/6282
f 1135/6283 1112/6284 1106/6285
f 1135/6286 1106/6287 1135/6288
f 1135/6289 1106/6290 1020/6291
f 1135/6292 1020/6293 1135/6294
f 1135/6295 1020/6296 1019/6297
f 1135/6298 1019/6299 960/6300
f 1028/6301 1030/6302 1136/6303
f 1136/6304 1030/6305 1137/6306
f 1021/6307 1138/6308 1133/6309
f 1133/6310 1138/6311 1139/6312
f 1133/6313 1139/6314 1025/6315
f 1020/6316 1131/6317 1140/6318
f 1140/6319 1131/6320 1131/6321
f 1140/6322 1131/6323 1141/6324
f 1141/6325 1131/6326 1026/6327
f 1139/6328 1141/6329 1025/6330
f 1025/6331 1141/6332 1026/6333
f 1139/6334 1142/6335 1141/6336
f 1141/6337 1142/6338 1142/6339
f 1141/6340 1142/6341 1143/6342
f 1143/6343 1142/6344 1142/6345
f 1143/6346 1142/6347 1144/6348
f 1144/6349 1142/6350 1142/6351
f 1144/6352 1142/6353 1145/6354
f 1145/6355 1142/6356 1142/6357
f 1145/6358 1142/6359 1146/6360
f 1146/6361 1142/6362 1142/6363
f 1146/6364 1142/6365 1147/6366
f 1147/6367 1142/6368 1142/6369
f 1147/6370 1142/6371 1148/6372
f 1148/6373 1142/6374 1149/6375
f 1021/6376 1020/6377 1140/6378
f 1021/6379 1140/6380 1138/6381
f 1138/6382 1140/6383 1150/6384
f 1150/6385 1140/6386 1151/6387
f 1150/6388 1151/6389 1150/6390
f 1150/6391 1151/6392 1152/6393
f 1150/6394 1152/6395 1150/6396
f 1150/6397 1152/6398 1153/6399
f 1150/6400 1153/6401 1150/6402
f 1150/6403 1153/6404 1154/6405
f 1150/6406 1154/6407 1150/6408
f 1150/6409 1154/6410 1155/6411
f 1150/6412 1155/6413 1150/6414
f 1150/6415 1155/6416 1156/6417
f 1150/6418 1156/6419 1157/6420
f 1141/6421 1143/6422 1140/6423
f 1140/6424 1143/6425 1143/6426
f 1140/6427 1143/6428 1151/6429
f 1151/6430 1143/6431 1144/6432
f 1151/6433 1144/6434 1152/6435
f 1152/6436 1144/6437 1145/6438
f 1152/6439 1145/6440 1153/6441
f 1153/6442 1145/6443 1146/6444
f 1153/6445 1146/6446 1154/6447
f 1154/6448 1146/6449 1147/6450
f 1154/6451 1147/6452 1155/6453
f 1155/6454 1147/6455 1148/6456
f 1155/6457 1148/6458 1156/6459
f 1156/6460 1148/6461 1149/6462
f 1156/6463 1149/6464 1157/6465
f 1157/6466 1149/6467 1142/6468
f 1157/6469 1142/6470 1150/6471
f 1150/6472 1142/6473 1139/6474
f 1150/6475 1139/6476 1138/6477
f 1158/6478 1159/6479 1023/6480
f 1023/6481 1159/6482 1024/6483
f 1116/6484 1033/6485 1/6486
f 1/6487 1033/6488 2/6489
f 1097/6490 1128/6491 1160/6492
f 1160/6493 1128/6494 1161/6495
f 1136/6496 1137/6497 1162/6498
f 1158/6499 1163/6500 1159/6501
f 1160/6502 1161/6503 1164/6504
f 1164/6505 1161/6506 878/6507
f 1161/6508 888/6509 878/6510
f 3/6511 888/6512 1/6513
f 1115/6514 1116/6515 1/6516
f 1127/6517 1161/6518 1128/6519
f 888/6520 1161/6521 1/6522
f 1/6523 1161/6524 1113/6525
f 1/6526 1113/6527 1/6528
f 1/6529 1113/6530 1114/6531
f 1/6532 1114/6533 1115/6534
f 1113/6535 1161/6536 1117/6537
f 1117/6538 1161/6539 1127/6540
f 1158/6541 877/6542 1163/6543
f 1158/6544 1023/6545 1087/6546
f 1158/6547 878/6548 877/6549
f 1160/6550 1164/6551 878/6552
f 1097/6553 1160/6554 1098/6555
f 878/6556 1158/6557 1160/6558
f 1160/6559 1158/6560 1087/6561
f 1160/6562 1087/6563 1098/6564
f 1163/6565 877/6566 1159/6567
f 1159/6568 1095/6569 1024/6570
f 1030/6571 1074/6572 1137/6573
f 1162/6574 1137/6575 881/6576
f 1137/6577 877/6578 881/6579
f 1095/6580 1159/6581 1077/6582
f 1077/6583 1159/6584 1159/6585
f 1077/6586 1159/6587 1076/6588
f 1076/6589 1159/6590 1137/6591
f 1076/6592 1137/6593 1069/6594
f 1069/6595 1137/6596 1074/6597
f 1137/6598 1159/6599 877/6600
f 1136/6601 1162/6602 881/6603
f 2/6604 1033/6605 1054/6606
f 1136/6607 1057/6608 1028/6609
f 2/6610 881/6611 888/6612
f 3/6613 2/6614 888/6615
f 1057/6616 1136/6617 1054/6618
f 1054/6619 1136/6620 1136/6621
f 1054/6622 1136/6623 2/6624
f 2/6625 1136/6626 881/6627
