# Exported from USD for MuJoCo with source material subsets
v 10.325626 3.80691113 0.767500353
v 10.335626 3.80691113 0.767500353
v 10.335626 3.8026358 0.768254173
v 10.335626 3.76263632 0.768254173
v 10.325626 3.76691116 0.767500353
v 10.335626 3.76691116 0.767500353
v 10.3206259 3.76691116 0.792500389
v 10.3206259 3.77118601 0.791746449
v 10.1256261 3.76691116 0.792500329
v 10.1256261 3.80691065 0.792500329
v 10.1256261 3.8026358 0.79174639
v 10.3206259 3.80691113 0.792500389
v 10.3356263 3.48263563 0.768254173
v 10.3256262 3.48691143 0.767500353
v 10.3356263 3.48691143 0.767500353
v 10.1256261 3.76263584 0.79174639
v 10.3206259 3.81118645 0.791746449
v 10.3256262 3.49922098 0.777829778
v 10.3256262 3.49922098 0.782170963
v 10.3356263 3.49941124 0.780000281
v 10.325626 3.77922119 0.777829778
v 10.325626 3.77922119 0.782170963
v 10.335626 3.77941097 0.780000281
v 10.3256259 3.81922115 0.777829778
v 10.3256259 3.81922115 0.782170963
v 10.335626 3.81941141 0.780000281
v 10.1256262 3.62694515 0.792500329
v 10.1256262 3.62266983 0.79174639
v 10.3206261 3.62694515 0.792500389
v 10.3206261 3.63122048 0.791746449
v 10.3256261 3.63925518 0.777829778
v 10.3256261 3.63925518 0.782170963
v 10.3356261 3.63944496 0.780000281
v 10.3356261 3.62267031 0.768254173
v 10.3256261 3.62694515 0.767500353
v 10.3356261 3.62694515 0.767500353
v 10.1256264 3.44691099 0.792500329
v 10.1256264 3.44263567 0.79174639
v 10.3206263 3.44691099 0.792500389
v 10.3206263 3.45118631 0.791746449
v 10.3256263 3.44691099 0.767500353
v 10.3356263 3.44691099 0.767500353
v 10.3356263 3.44263615 0.768254173
v 10.3256263 3.45922102 0.777829778
v 10.3256263 3.45922102 0.782170963
v 10.3356263 3.45941128 0.780000281
v 10.3206262 3.48691143 0.792500389
v 10.3206262 3.49118628 0.791746449
v 10.1256263 3.48691143 0.792500329
v 10.1256263 3.48263563 0.79174639
v 10.325626 3.77118601 0.768254173
v 10.335626 3.77118649 0.768254173
v 10.325626 3.77494587 0.770424795
v 10.335626 3.77494587 0.770424795
v 10.325626 3.77773632 0.773750377
v 10.335626 3.77773632 0.773750377
v 10.335626 3.77922119 0.777829778
v 10.3206262 3.48263563 0.791746449
v 10.1256263 3.47887673 0.789575887
v 10.3206262 3.47887673 0.789575887
v 10.1256263 3.4760858 0.786250305
v 10.3206262 3.4760858 0.786250365
v 10.1256263 3.4746014 0.782170904
v 10.3206262 3.4746014 0.782170963
v 10.1256263 3.4746014 0.777829719
v 10.3206262 3.4746014 0.777829778
v 10.1256263 3.4760858 0.773750317
v 10.3206262 3.4760858 0.773750377
v 10.1256263 3.47887673 0.770424736
v 10.3206262 3.47887673 0.770424795
v 10.1256263 3.48263563 0.768254173
v 10.3206262 3.48263563 0.768254173
v 10.1256263 3.48691143 0.767500293
v 10.3206262 3.48691143 0.767500353
v 10.1256263 3.49118628 0.768254173
v 10.3206262 3.49118628 0.768254173
v 10.1256263 3.49494566 0.770424736
v 10.3206262 3.49494614 0.770424795
v 10.1256263 3.49773611 0.773750317
v 10.3206262 3.49773611 0.773750377
v 10.1256263 3.49922098 0.777829719
v 10.3206262 3.49922098 0.777829778
v 10.1256263 3.49922098 0.782170904
v 10.3206262 3.49922098 0.782170963
v 10.1256263 3.49773611 0.786250305
v 10.3206262 3.49773611 0.786250365
v 10.1256263 3.49494566 0.789575887
v 10.3206262 3.49494614 0.789575887
v 10.1256263 3.49118628 0.79174639
v 10.3356263 3.45922102 0.782170963
v 10.3256263 3.45773663 0.786250365
v 10.3356263 3.45773663 0.786250365
v 10.3256263 3.45494618 0.789575887
v 10.3356263 3.45494618 0.789575887
v 10.3256263 3.45118631 0.791746449
v 10.3356263 3.45118631 0.791746449
v 10.3256263 3.44691099 0.792500389
v 10.3356263 3.44691099 0.792500389
v 10.3256263 3.44263615 0.791746449
v 10.3356263 3.44263615 0.791746449
v 10.3256263 3.43887629 0.789575887
v 10.3356263 3.43887629 0.789575887
v 10.3256263 3.43608584 0.786250365
v 10.3356263 3.43608584 0.786250365
v 10.3256263 3.43460096 0.782170963
v 10.3356263 3.43460096 0.782170963
v 10.3256263 3.43460096 0.777829778
v 10.3356263 3.43460096 0.777829778
v 10.3256263 3.43608584 0.773750377
v 10.3356263 3.43608584 0.773750377
v 10.3256263 3.43887629 0.770424795
v 10.3356263 3.43887629 0.770424795
v 10.3256263 3.44263615 0.768254173
v 10.3356263 3.45922102 0.777829778
v 10.3356263 3.45773663 0.773750377
v 10.3256263 3.45773663 0.773750377
v 10.3356263 3.45494618 0.770424795
v 10.3256263 3.45494618 0.770424795
v 10.3356263 3.45118631 0.768254173
v 10.3256263 3.45118631 0.768254173
v 10.1256264 3.45118631 0.79174639
v 10.3206263 3.45494618 0.789575887
v 10.1256264 3.4549457 0.789575887
v 10.3206263 3.45773663 0.786250365
v 10.1256264 3.45773615 0.786250305
v 10.3206263 3.45922102 0.782170963
v 10.1256264 3.45922102 0.782170904
v 10.3206263 3.45922102 0.777829778
v 10.1256264 3.45922102 0.777829719
v 10.3206263 3.45773663 0.773750377
v 10.1256264 3.45773615 0.773750317
v 10.3206263 3.45494618 0.770424795
v 10.1256264 3.4549457 0.770424736
v 10.3206263 3.45118631 0.768254173
v 10.1256264 3.45118631 0.768254173
v 10.3206263 3.44691099 0.767500353
v 10.1256264 3.44691099 0.767500293
v 10.3206263 3.44263615 0.768254173
v 10.1256264 3.44263567 0.768254173
v 10.3206263 3.43887629 0.770424795
v 10.1256264 3.43887629 0.770424736
v 10.3206263 3.43608584 0.773750377
v 10.1256264 3.43608584 0.773750317
v 10.3206263 3.43460096 0.777829778
v 10.1256264 3.43460096 0.777829719
v 10.3206263 3.43460096 0.782170963
v 10.1256264 3.43460096 0.782170904
v 10.3206263 3.43608584 0.786250365
v 10.1256264 3.43608584 0.786250305
v 10.3206263 3.43887629 0.789575887
v 10.1256264 3.43887629 0.789575887
v 10.3206263 3.44263615 0.791746449
v 10.3356261 3.63925518 0.777829778
v 10.3356261 3.63777126 0.773750377
v 10.3256261 3.63777126 0.773750377
v 10.3356261 3.63498034 0.770424795
v 10.3256261 3.63498034 0.770424795
v 10.3356261 3.63122048 0.768254173
v 10.3256261 3.63122048 0.768254173
v 10.3256261 3.62267031 0.768254173
v 10.3356261 3.61891045 0.770424795
v 10.3256261 3.61891045 0.770424795
v 10.3356261 3.61612 0.773750377
v 10.3256261 3.61612 0.773750377
v 10.3356261 3.61463512 0.777829778
v 10.3256261 3.61463512 0.777829778
v 10.3356261 3.61463512 0.782170963
v 10.3256261 3.61463512 0.782170963
v 10.3356261 3.61612 0.786250365
v 10.3256261 3.61612 0.786250365
v 10.3356261 3.61891045 0.789575887
v 10.3256261 3.61891045 0.789575887
v 10.3356261 3.62267031 0.791746449
v 10.3256261 3.62267031 0.791746449
v 10.3356261 3.62694515 0.792500389
v 10.3256261 3.62694515 0.792500389
v 10.3356261 3.63122048 0.791746449
v 10.3256261 3.63122048 0.791746449
v 10.3356261 3.63498034 0.789575887
v 10.3256261 3.63498034 0.789575887
v 10.3356261 3.63777126 0.786250365
v 10.3256261 3.63777126 0.786250365
v 10.3356261 3.63925518 0.782170963
v 10.1256262 3.63122048 0.79174639
v 10.3206261 3.63498034 0.789575887
v 10.1256262 3.63498034 0.789575887
v 10.3206261 3.63777126 0.786250365
v 10.1256262 3.63777031 0.786250305
v 10.3206261 3.63925518 0.782170963
v 10.1256262 3.63925518 0.782170904
v 10.3206261 3.63925518 0.777829778
v 10.1256262 3.63925518 0.777829719
v 10.3206261 3.63777126 0.773750377
v 10.1256262 3.63777031 0.773750317
v 10.3206261 3.63498034 0.770424795
v 10.1256262 3.63498034 0.770424736
v 10.3206261 3.63122048 0.768254173
v 10.1256262 3.63122048 0.768254173
v 10.3206261 3.62694515 0.767500353
v 10.1256262 3.62694515 0.767500293
v 10.3206261 3.62267031 0.768254173
v 10.1256262 3.62266983 0.768254173
v 10.3206261 3.61891045 0.770424795
v 10.1256262 3.61891045 0.770424736
v 10.3206261 3.61612 0.773750377
v 10.1256262 3.61612 0.773750317
v 10.3206261 3.61463512 0.777829778
v 10.1256262 3.61463512 0.777829719
v 10.3206261 3.61463512 0.782170963
v 10.1256262 3.61463512 0.782170904
v 10.3206261 3.61612 0.786250365
v 10.1256262 3.61612 0.786250305
v 10.3206261 3.61891045 0.789575887
v 10.1256262 3.61891045 0.789575887
v 10.3206261 3.62267031 0.791746449
v 10.335626 3.81922115 0.782170963
v 10.3256259 3.81773628 0.786250365
v 10.335626 3.81773628 0.786250365
v 10.3256259 3.81494583 0.789575887
v 10.335626 3.81494583 0.789575887
v 10.3256259 3.81118645 0.791746449
v 10.335626 3.81118645 0.791746449
v 10.325626 3.80691113 0.792500389
v 10.335626 3.80691113 0.792500389
v 10.325626 3.8026358 0.791746449
v 10.335626 3.8026358 0.791746449
v 10.325626 3.79887642 0.789575887
v 10.335626 3.79887642 0.789575887
v 10.325626 3.79608597 0.786250365
v 10.335626 3.79608597 0.786250365
v 10.325626 3.7946011 0.782170963
v 10.335626 3.7946011 0.782170963
v 10.325626 3.7946011 0.777829778
v 10.335626 3.7946011 0.777829778
v 10.325626 3.79608597 0.773750377
v 10.335626 3.79608597 0.773750377
v 10.325626 3.79887642 0.770424795
v 10.335626 3.79887642 0.770424795
v 10.325626 3.8026358 0.768254173
v 10.335626 3.81922115 0.777829778
v 10.335626 3.81773628 0.773750377
v 10.3256259 3.81773628 0.773750377
v 10.335626 3.81494583 0.770424795
v 10.3256259 3.81494583 0.770424795
v 10.335626 3.81118645 0.768254173
v 10.3256259 3.81118645 0.768254173
v 10.335626 3.77922119 0.782170963
v 10.325626 3.77773632 0.786250365
v 10.335626 3.77773632 0.786250365
v 10.325626 3.77494587 0.789575887
v 10.335626 3.77494587 0.789575887
v 10.325626 3.77118601 0.791746449
v 10.335626 3.77118649 0.791746449
v 10.325626 3.76691116 0.792500389
v 10.335626 3.76691116 0.792500389
v 10.325626 3.76263632 0.791746449
v 10.335626 3.76263632 0.791746449
v 10.325626 3.75887646 0.789575887
v 10.335626 3.75887646 0.789575887
v 10.325626 3.75608601 0.786250365
v 10.335626 3.75608601 0.786250365
v 10.325626 3.75460114 0.782170963
v 10.335626 3.75460114 0.782170963
v 10.325626 3.75460114 0.777829778
v 10.335626 3.75460114 0.777829778
v 10.325626 3.75608601 0.773750377
v 10.335626 3.75608601 0.773750377
v 10.325626 3.75887646 0.770424795
v 10.335626 3.75887646 0.770424795
v 10.325626 3.76263632 0.768254173
v 10.3356263 3.49922098 0.782170963
v 10.3256262 3.49773611 0.786250365
v 10.3356263 3.49773611 0.786250365
v 10.3256262 3.49494614 0.789575887
v 10.3356263 3.49494614 0.789575887
v 10.3256262 3.49118628 0.791746449
v 10.3356263 3.49118628 0.791746449
v 10.3256262 3.48691143 0.792500389
v 10.3356263 3.48691143 0.792500389
v 10.3256262 3.48263563 0.791746449
v 10.3356263 3.48263563 0.791746449
v 10.3256262 3.47887673 0.789575887
v 10.3356263 3.47887673 0.789575887
v 10.3256262 3.4760858 0.786250365
v 10.3356263 3.4760858 0.786250365
v 10.3256262 3.4746014 0.782170963
v 10.3356263 3.4746014 0.782170963
v 10.3256262 3.4746014 0.777829778
v 10.3356263 3.4746014 0.777829778
v 10.3256262 3.4760858 0.773750377
v 10.3356263 3.4760858 0.773750377
v 10.3256262 3.47887673 0.770424795
v 10.3356263 3.47887673 0.770424795
v 10.3256262 3.48263563 0.768254173
v 10.3356263 3.49922098 0.777829778
v 10.3356263 3.49773611 0.773750377
v 10.3256262 3.49773611 0.773750377
v 10.3356263 3.49494614 0.770424795
v 10.3256262 3.49494614 0.770424795
v 10.3356263 3.49118628 0.768254173
v 10.3256262 3.49118628 0.768254173
v 10.125626 3.81118597 0.79174639
v 10.3206259 3.81494583 0.789575887
v 10.125626 3.81494583 0.789575887
v 10.3206259 3.81773628 0.786250365
v 10.125626 3.81773628 0.786250305
v 10.3206259 3.81922115 0.782170963
v 10.125626 3.81922115 0.782170904
v 10.3206259 3.81922115 0.777829778
v 10.125626 3.81922115 0.777829719
v 10.3206259 3.81773628 0.773750377
v 10.125626 3.81773628 0.773750317
v 10.3206259 3.81494583 0.770424795
v 10.125626 3.81494583 0.770424736
v 10.3206259 3.81118645 0.768254173
v 10.125626 3.81118597 0.768254173
v 10.3206259 3.80691113 0.767500353
v 10.1256261 3.80691065 0.767500293
v 10.3206259 3.8026358 0.768254173
v 10.1256261 3.8026358 0.768254173
v 10.3206259 3.79887642 0.770424795
v 10.1256261 3.79887642 0.770424736
v 10.3206259 3.79608597 0.773750377
v 10.1256261 3.79608549 0.773750317
v 10.3206259 3.7946011 0.777829778
v 10.1256261 3.7946011 0.777829719
v 10.3206259 3.7946011 0.782170963
v 10.1256261 3.7946011 0.782170904
v 10.3206259 3.79608597 0.786250365
v 10.1256261 3.79608549 0.786250305
v 10.3206259 3.79887642 0.789575887
v 10.1256261 3.79887642 0.789575887
v 10.3206259 3.8026358 0.791746449
v 10.1256261 3.77118601 0.79174639
v 10.3206259 3.77494587 0.789575887
v 10.1256261 3.77494587 0.789575887
v 10.3206259 3.77773632 0.786250365
v 10.1256261 3.77773632 0.786250305
v 10.3206259 3.77922119 0.782170963
v 10.1256261 3.77922119 0.782170904
v 10.3206259 3.77922119 0.777829778
v 10.1256261 3.77922119 0.777829719
v 10.3206259 3.77773632 0.773750377
v 10.1256261 3.77773632 0.773750317
v 10.3206259 3.77494587 0.770424795
v 10.1256261 3.77494587 0.770424736
v 10.3206259 3.77118601 0.768254173
v 10.1256261 3.77118601 0.768254173
v 10.3206259 3.76691116 0.767500353
v 10.1256261 3.76691116 0.767500293
v 10.3206259 3.76263632 0.768254173
v 10.1256261 3.76263584 0.768254173
v 10.3206259 3.75887646 0.770424795
v 10.1256261 3.75887598 0.770424736
v 10.3206259 3.75608601 0.773750377
v 10.1256261 3.75608553 0.773750317
v 10.3206259 3.75460114 0.777829778
v 10.1256261 3.75460066 0.777829719
v 10.3206259 3.75460114 0.782170963
v 10.1256261 3.75460066 0.782170904
v 10.3206259 3.75608601 0.786250365
v 10.1256261 3.75608553 0.786250305
v 10.3206259 3.75887646 0.789575887
v 10.1256261 3.75887598 0.789575887
v 10.3206259 3.76263632 0.791746449
v 10.335626 3.76691116 0.780000281
v 10.3356263 3.48691143 0.780000281
v 10.335626 3.80691113 0.780000281
v 10.3356261 3.62694515 0.780000281
v 10.3356263 3.44691099 0.780000281
v 9.94062719 2.63691129 0.835000229
v 9.94062719 2.64204158 0.835904789
v 10.3056269 2.63691153 0.835000288
v 10.3056269 2.6516837 0.852605057
v 10.3056269 2.6516837 0.847395611
v 9.94062713 2.65191139 0.850000215
v 10.3056269 2.63178124 0.835904908
v 9.94062719 2.631781 0.835904789
v 10.305627 2.62726988 0.838509631
v 9.94062719 2.6272694 0.838509512
v 10.305627 2.62392129 0.842500281
v 9.94062719 2.62392081 0.842500222
v 10.305627 2.62213959 0.847395611
v 9.94062719 2.62213911 0.847395492
v 10.305627 2.62213959 0.852605057
v 9.94062719 2.62213911 0.852604878
v 10.305627 2.62392129 0.857500327
v 9.94062719 2.62392081 0.857500207
v 10.305627 2.62726988 0.861490977
v 9.94062719 2.6272694 0.861490858
v 10.3056269 2.63178124 0.8640957
v 9.94062719 2.631781 0.864095581
v 10.3056269 2.63691153 0.865000319
v 9.94062719 2.63691129 0.8650002
v 10.3056269 2.64204206 0.8640957
v 9.94062719 2.64204158 0.864095581
v 10.3056269 2.64655341 0.861490977
v 9.94062719 2.64655317 0.861490858
v 10.3056269 2.64990224 0.857500327
v 9.94062713 2.649902 0.857500207
v 9.94062713 2.65168346 0.852604878
v 9.94062713 2.65168346 0.847395492
v 10.3056269 2.64990224 0.842500281
v 9.94062713 2.649902 0.842500222
v 10.3056269 2.64655341 0.838509631
v 9.94062719 2.64655317 0.838509512
v 10.3056269 2.64204206 0.835904908
v 9.94062719 2.63691129 0.850000215
v 9.94062665 3.21691097 0.835000229
v 9.94062665 3.22204126 0.835904789
v 10.3056264 3.21691097 0.835000288
v 10.3056264 3.23168339 0.852605057
v 10.3056264 3.23168339 0.847395611
v 9.94062665 3.23191132 0.850000215
v 10.3056264 3.21178116 0.835904908
v 9.94062665 3.21178068 0.835904789
v 10.3056264 3.20726933 0.838509631
v 9.94062665 3.20726933 0.838509512
v 10.3056264 3.20392098 0.842500281
v 9.94062665 3.20392098 0.842500222
v 10.3056264 3.20213904 0.847395611
v 9.94062671 3.20213904 0.847395492
v 10.3056264 3.20213904 0.852605057
v 9.94062671 3.20213904 0.852604878
v 10.3056264 3.20392098 0.857500327
v 9.94062665 3.20392098 0.857500207
v 10.3056264 3.20726933 0.861490977
v 9.94062665 3.20726933 0.861490858
v 10.3056264 3.21178116 0.8640957
v 9.94062665 3.21178068 0.864095581
v 10.3056264 3.21691097 0.865000319
v 9.94062665 3.21691097 0.8650002
v 10.3056264 3.22204126 0.8640957
v 9.94062665 3.22204126 0.864095581
v 10.3056264 3.2265531 0.861490977
v 9.94062665 3.22655262 0.861490858
v 10.3056264 3.22990192 0.857500327
v 9.94062665 3.22990097 0.857500207
v 9.94062665 3.23168339 0.852604878
v 9.94062665 3.23168339 0.847395492
v 10.3056264 3.22990192 0.842500281
v 9.94062665 3.22990097 0.842500222
v 10.3056264 3.2265531 0.838509631
v 9.94062665 3.22655262 0.838509512
v 10.3056264 3.22204126 0.835904908
v 9.94062665 3.21691097 0.850000215
v 9.94062659 3.27691139 0.835000229
v 9.94062659 3.28204168 0.835904789
v 10.3056264 3.27691139 0.835000288
v 10.3056264 3.29168381 0.852605057
v 10.3056264 3.29168381 0.847395611
v 9.94062659 3.29191126 0.850000215
v 10.3056264 3.28204168 0.835904908
v 9.94062659 3.28655256 0.838509512
v 10.3056264 3.28655304 0.838509631
v 9.94062659 3.28990139 0.842500222
v 10.3056264 3.28990187 0.842500281
v 9.94062659 3.29168333 0.847395492
v 9.94062659 3.29168333 0.852604878
v 9.94062659 3.28990139 0.857500207
v 10.3056264 3.28990187 0.857500327
v 9.94062659 3.28655256 0.861490858
v 10.3056264 3.28655304 0.861490977
v 9.94062659 3.28204168 0.864095581
v 10.3056264 3.28204168 0.8640957
v 9.94062659 3.27691139 0.8650002
v 10.3056264 3.27691139 0.865000319
v 9.94062665 3.27178063 0.864095581
v 10.3056264 3.2717811 0.8640957
v 9.94062665 3.26726927 0.861490858
v 10.3056264 3.26726927 0.861490977
v 9.94062665 3.26392092 0.857500207
v 10.3056264 3.26392092 0.857500327
v 9.94062665 3.26213898 0.852604878
v 10.3056264 3.26213898 0.852605057
v 9.94062665 3.26213898 0.847395492
v 10.3056264 3.26213898 0.847395611
v 9.94062665 3.26392092 0.842500222
v 10.3056264 3.26392092 0.842500281
v 9.94062665 3.26726927 0.838509512
v 10.3056264 3.26726927 0.838509631
v 9.94062665 3.27178063 0.835904789
v 10.3056264 3.2717811 0.835904908
v 9.94062659 3.27691139 0.850000215
v 9.94062671 3.15691103 0.835000229
v 9.94062671 3.16204132 0.835904789
v 10.3056265 3.15691151 0.835000288
v 10.3056265 3.17168345 0.852605057
v 10.3056265 3.17168345 0.847395611
v 9.94062671 3.17191137 0.850000215
v 10.3056265 3.16204132 0.835904908
v 9.94062671 3.16655268 0.838509512
v 10.3056265 3.16655315 0.838509631
v 9.94062671 3.16990103 0.842500222
v 10.3056265 3.16990198 0.842500281
v 9.94062671 3.17168297 0.847395492
v 9.94062671 3.17168297 0.852604878
v 9.94062671 3.16990103 0.857500207
v 10.3056265 3.16990198 0.857500327
v 9.94062671 3.16655268 0.861490858
v 10.3056265 3.16655315 0.861490977
v 9.94062671 3.16204132 0.864095581
v 10.3056265 3.16204132 0.8640957
v 9.94062671 3.15691103 0.8650002
v 10.3056265 3.15691151 0.865000319
v 9.94062671 3.15178074 0.864095581
v 10.3056265 3.15178122 0.8640957
v 9.94062671 3.14726938 0.861490858
v 10.3056265 3.14726938 0.861490977
v 9.94062671 3.14392056 0.857500207
v 10.3056265 3.14392103 0.857500327
v 9.94062671 3.14213909 0.852604878
v 10.3056265 3.14213909 0.852605057
v 9.94062671 3.14213909 0.847395492
v 10.3056265 3.14213909 0.847395611
v 9.94062671 3.14392056 0.842500222
v 10.3056265 3.14392103 0.842500281
v 9.94062671 3.14726938 0.838509512
v 10.3056265 3.14726938 0.838509631
v 9.94062671 3.15178074 0.835904789
v 10.3056265 3.15178122 0.835904908
v 9.94062671 3.15691103 0.850000215
v 9.94062724 2.57691135 0.835000229
v 9.94062719 2.5820414 0.835904789
v 10.305627 2.57691158 0.835000288
v 10.305627 2.59168376 0.852605057
v 10.305627 2.59168376 0.847395611
v 9.94062719 2.59191145 0.850000215
v 10.305627 2.58204211 0.835904908
v 9.94062719 2.58655323 0.838509512
v 10.305627 2.58655347 0.838509631
v 9.94062719 2.58990182 0.842500222
v 10.305627 2.5899023 0.842500281
v 9.94062719 2.59168352 0.847395492
v 9.94062719 2.59168352 0.852604878
v 9.94062719 2.58990182 0.857500207
v 10.305627 2.5899023 0.857500327
v 9.94062719 2.58655323 0.861490858
v 10.305627 2.58655347 0.861490977
v 9.94062719 2.5820414 0.864095581
v 10.305627 2.58204211 0.8640957
v 9.94062724 2.57691135 0.8650002
v 10.305627 2.57691158 0.865000319
v 9.94062724 2.57178105 0.864095581
v 10.305627 2.57178129 0.8640957
v 9.94062724 2.56726946 0.861490858
v 10.305627 2.5672697 0.861490977
v 9.94062724 2.56392087 0.857500207
v 10.305627 2.56392135 0.857500327
v 9.94062724 2.56213917 0.852604878
v 10.305627 2.56213965 0.852605057
v 9.94062724 2.56213917 0.847395492
v 10.305627 2.56213965 0.847395611
v 9.94062724 2.56392087 0.842500222
v 10.305627 2.56392135 0.842500281
v 9.94062724 2.56726946 0.838509512
v 10.305627 2.5672697 0.838509631
v 9.94062724 2.57178105 0.835904789
v 10.305627 2.57178129 0.835904908
v 9.94062724 2.57691135 0.850000215
vt 0.812502027 -0.447501004
vt 0.822502017 -0.447501004
vt 0.822502017 -0.44322601
vt 0.822502017 -0.403225988
vt 0.812502027 -0.407501012
vt 0.822502017 -0.407501012
vt -0.807501972 -0.407501012
vt -0.807501972 -0.411776006
vt -0.612501979 -0.407501012
vt -0.612501979 -0.447501004
vt -0.612501979 -0.44322601
vt -0.807501972 -0.447501004
vt 0.822502017 -0.123226002
vt 0.812502027 -0.127500996
vt 0.822502017 -0.127500996
vt -0.612501979 -0.407501012
vt -0.612501979 -0.403225988
vt -0.807501972 -0.407501012
vt -0.807501972 -0.447501004
vt -0.807501972 -0.451775998
vt -0.612501979 -0.447501004
vt -0.812502027 0.777828991
vt -0.812502027 0.782171011
vt -0.822502017 0.779999971
vt -0.812502027 0.777828991
vt -0.812502027 0.782171011
vt -0.822502017 0.779999971
vt -0.812502027 0.777828991
vt -0.812502027 0.782171011
vt -0.822502017 0.779999971
vt -0.612501979 -0.267535001
vt -0.612501979 -0.263260007
vt -0.807501972 -0.267535001
vt -0.807501972 -0.267535001
vt -0.807501972 -0.271809995
vt -0.612501979 -0.267535001
vt -0.812502027 0.777828991
vt -0.812502027 0.782171011
vt -0.822502017 0.779999971
vt 0.822502017 -0.263260007
vt 0.812502027 -0.267535001
vt 0.822502017 -0.267535001
vt -0.612501979 -0.0875009969
vt -0.612501979 -0.0832260028
vt -0.807501972 -0.0875009969
vt -0.807501972 -0.0875009969
vt -0.807501972 -0.0917759985
vt -0.612501979 -0.0875009969
vt 0.812502027 -0.0875009969
vt 0.822502017 -0.0875009969
vt 0.822502017 -0.0832260028
vt -0.812502027 0.777828991
vt -0.812502027 0.782171011
vt -0.822502017 0.779999971
vt -0.807501972 -0.127500996
vt -0.807501972 -0.131776005
vt -0.612501979 -0.127500996
vt -0.612501979 -0.127500996
vt -0.612501979 -0.123226002
vt -0.807501972 -0.127500996
vt 0.812502027 -0.407501012
vt 0.812502027 -0.411776006
vt 0.822502017 -0.407501012
vt -0.767499983 -0.407501012
vt -0.768253982 -0.411776006
vt -0.768253982 -0.411776006
vt 0.822502017 -0.407501012
vt 0.812502027 -0.411776006
vt 0.822502017 -0.411776006
vt 0.822502017 -0.411776006
vt 0.812502027 -0.411776006
vt 0.812502027 -0.415535986
vt 0.822502017 -0.411776006
vt 0.812502027 -0.415535986
vt 0.822502017 -0.415535986
vt -0.822502017 0.770424008
vt -0.812502027 0.770424008
vt -0.812502027 0.773750007
vt -0.822502017 0.770424008
vt -0.812502027 0.773750007
vt -0.822502017 0.773750007
vt -0.822502017 0.773750007
vt -0.812502027 0.773750007
vt -0.812502027 0.777828991
vt -0.822502017 0.773750007
vt -0.812502027 0.777828991
vt -0.822502017 0.777828991
vt -0.822502017 0.777828991
vt -0.812502027 0.777828991
vt -0.822502017 0.779999971
vt -0.807501972 -0.127500996
vt -0.612501979 -0.123226002
vt -0.807501972 -0.123226002
vt -0.807501972 -0.123226002
vt -0.612501979 -0.123226002
vt -0.612501979 -0.119465999
vt -0.807501972 -0.123226002
vt -0.612501979 -0.119465999
vt -0.807501972 -0.119465999
vt 0.807501972 0.789575994
vt 0.612501979 0.789575994
vt 0.612501979 0.786249995
vt 0.807501972 0.789575994
vt 0.612501979 0.786249995
vt 0.807501972 0.786249995
vt 0.807501972 0.786249995
vt 0.612501979 0.786249995
vt 0.612501979 0.782171011
vt 0.807501972 0.786249995
vt 0.612501979 0.782171011
vt 0.807501972 0.782171011
vt 0.807501972 0.782171011
vt 0.612501979 0.782171011
vt 0.612501979 0.777828991
vt 0.807501972 0.782171011
vt 0.612501979 0.777828991
vt 0.807501972 0.777828991
vt 0.807501972 0.777828991
vt 0.612501979 0.777828991
vt 0.612501979 0.773750007
vt 0.807501972 0.777828991
vt 0.612501979 0.773750007
vt 0.807501972 0.773750007
vt 0.807501972 0.773750007
vt 0.612501979 0.773750007
vt 0.612501979 0.770424008
vt 0.807501972 0.773750007
vt 0.612501979 0.770424008
vt 0.807501972 0.770424008
vt 0.807501972 -0.119465999
vt 0.612501979 -0.119465999
vt 0.612501979 -0.123226002
vt 0.807501972 -0.119465999
vt 0.612501979 -0.123226002
vt 0.807501972 -0.123226002
vt 0.807501972 -0.123226002
vt 0.612501979 -0.123226002
vt 0.612501979 -0.127500996
vt 0.807501972 -0.123226002
vt 0.612501979 -0.127500996
vt 0.807501972 -0.127500996
vt 0.807501972 -0.127500996
vt 0.612501979 -0.127500996
vt 0.612501979 -0.131776005
vt 0.807501972 -0.127500996
vt 0.612501979 -0.131776005
vt 0.807501972 -0.131776005
vt 0.807501972 -0.131776005
vt 0.612501979 -0.131776005
vt 0.612501979 -0.135536
vt 0.807501972 -0.131776005
vt 0.612501979 -0.135536
vt 0.807501972 -0.135536
vt -0.807501972 0.770424008
vt -0.612501979 0.770424008
vt -0.612501979 0.773750007
vt -0.807501972 0.770424008
vt -0.612501979 0.773750007
vt -0.807501972 0.773750007
vt -0.807501972 0.773750007
vt -0.612501979 0.773750007
vt -0.612501979 0.777828991
vt -0.807501972 0.773750007
vt -0.612501979 0.777828991
vt -0.807501972 0.777828991
vt -0.807501972 0.777828991
vt -0.612501979 0.777828991
vt -0.612501979 0.782171011
vt -0.807501972 0.777828991
vt -0.612501979 0.782171011
vt -0.807501972 0.782171011
vt -0.807501972 0.782171011
vt -0.612501979 0.782171011
vt -0.612501979 0.786249995
vt -0.807501972 0.782171011
vt -0.612501979 0.786249995
vt -0.807501972 0.786249995
vt -0.807501972 0.786249995
vt -0.612501979 0.786249995
vt -0.612501979 0.789575994
vt -0.807501972 0.786249995
vt -0.612501979 0.789575994
vt -0.807501972 0.789575994
vt -0.807501972 -0.135536
vt -0.612501979 -0.135536
vt -0.612501979 -0.131776005
vt -0.807501972 -0.135536
vt -0.612501979 -0.131776005
vt -0.807501972 -0.131776005
vt -0.807501972 -0.131776005
vt -0.612501979 -0.131776005
vt -0.612501979 -0.127500996
vt -0.822502017 0.779999971
vt -0.812502027 0.782171011
vt -0.822502017 0.782171011
vt -0.822502017 0.782171011
vt -0.812502027 0.782171011
vt -0.812502027 0.786249995
vt -0.822502017 0.782171011
vt -0.812502027 0.786249995
vt -0.822502017 0.786249995
vt -0.822502017 0.786249995
vt -0.812502027 0.786249995
vt -0.812502027 0.789575994
vt -0.822502017 0.786249995
vt -0.812502027 0.789575994
vt -0.822502017 0.789575994
vt -0.822502017 -0.095536001
vt -0.812502027 -0.095536001
vt -0.812502027 -0.0917759985
vt -0.822502017 -0.095536001
vt -0.812502027 -0.0917759985
vt -0.822502017 -0.0917759985
vt -0.822502017 -0.0917759985
vt -0.812502027 -0.0917759985
vt -0.812502027 -0.0875009969
vt -0.822502017 -0.0917759985
vt -0.812502027 -0.0875009969
vt -0.822502017 -0.0875009969
vt -0.822502017 -0.0875009969
vt -0.812502027 -0.0875009969
vt -0.812502027 -0.0832260028
vt -0.822502017 -0.0875009969
vt -0.812502027 -0.0832260028
vt -0.822502017 -0.0832260028
vt -0.822502017 -0.0832260028
vt -0.812502027 -0.0832260028
vt -0.812502027 -0.0794660002
vt -0.822502017 -0.0832260028
vt -0.812502027 -0.0794660002
vt -0.822502017 -0.0794660002
vt 0.822502017 0.789575994
vt 0.812502027 0.789575994
vt 0.812502027 0.786249995
vt 0.822502017 0.789575994
vt 0.812502027 0.786249995
vt 0.822502017 0.786249995
vt 0.822502017 0.786249995
vt 0.812502027 0.786249995
vt 0.812502027 0.782171011
vt 0.822502017 0.786249995
vt 0.812502027 0.782171011
vt 0.822502017 0.782171011
vt 0.822502017 0.782171011
vt 0.812502027 0.782171011
vt 0.812502027 0.777828991
vt 0.822502017 0.782171011
vt 0.812502027 0.777828991
vt 0.822502017 0.777828991
vt 0.822502017 0.777828991
vt 0.812502027 0.777828991
vt 0.812502027 0.773750007
vt 0.822502017 0.777828991
vt 0.812502027 0.773750007
vt 0.822502017 0.773750007
vt 0.822502017 0.773750007
vt 0.812502027 0.773750007
vt 0.812502027 0.770424008
vt 0.822502017 0.773750007
vt 0.812502027 0.770424008
vt 0.822502017 0.770424008
vt 0.822502017 -0.0794660002
vt 0.812502027 -0.0794660002
vt 0.812502027 -0.0832260028
vt 0.822502017 -0.0794660002
vt 0.812502027 -0.0832260028
vt 0.822502017 -0.0832260028
vt 0.822502017 -0.0832260028
vt 0.812502027 -0.0832260028
vt 0.812502027 -0.0875009969
vt -0.822502017 0.779999971
vt -0.822502017 0.777828991
vt -0.812502027 0.777828991
vt -0.812502027 0.777828991
vt -0.822502017 0.777828991
vt -0.822502017 0.773750007
vt -0.812502027 0.777828991
vt -0.822502017 0.773750007
vt -0.812502027 0.773750007
vt -0.812502027 0.773750007
vt -0.822502017 0.773750007
vt -0.822502017 0.770424008
vt -0.812502027 0.773750007
vt -0.822502017 0.770424008
vt -0.812502027 0.770424008
vt 0.812502027 -0.095536001
vt 0.822502017 -0.095536001
vt 0.822502017 -0.0917759985
vt 0.812502027 -0.095536001
vt 0.822502017 -0.0917759985
vt 0.812502027 -0.0917759985
vt 0.812502027 -0.0917759985
vt 0.822502017 -0.0917759985
vt 0.822502017 -0.0875009969
vt 0.812502027 -0.0917759985
vt 0.822502017 -0.0875009969
vt 0.812502027 -0.0875009969
vt -0.612501979 -0.0875009969
vt -0.807501972 -0.0917759985
vt -0.612501979 -0.0917759985
vt -0.612501979 -0.0917759985
vt -0.807501972 -0.0917759985
vt -0.807501972 -0.095536001
vt -0.612501979 -0.0917759985
vt -0.807501972 -0.095536001
vt -0.612501979 -0.095536001
vt -0.612501979 0.789575994
vt -0.807501972 0.789575994
vt -0.807501972 0.786249995
vt -0.612501979 0.789575994
vt -0.807501972 0.786249995
vt -0.612501979 0.786249995
vt -0.612501979 0.786249995
vt -0.807501972 0.786249995
vt -0.807501972 0.782171011
vt -0.612501979 0.786249995
vt -0.807501972 0.782171011
vt -0.612501979 0.782171011
vt -0.612501979 0.782171011
vt -0.807501972 0.782171011
vt -0.807501972 0.777828991
vt -0.612501979 0.782171011
vt -0.807501972 0.777828991
vt -0.612501979 0.777828991
vt -0.612501979 0.777828991
vt -0.807501972 0.777828991
vt -0.807501972 0.773750007
vt -0.612501979 0.777828991
vt -0.807501972 0.773750007
vt -0.612501979 0.773750007
vt -0.612501979 0.773750007
vt -0.807501972 0.773750007
vt -0.807501972 0.770424008
vt -0.612501979 0.773750007
vt -0.807501972 0.770424008
vt -0.612501979 0.770424008
vt 0.612501979 -0.095536001
vt 0.807501972 -0.095536001
vt 0.807501972 -0.0917759985
vt 0.612501979 -0.095536001
vt 0.807501972 -0.0917759985
vt 0.612501979 -0.0917759985
vt 0.612501979 -0.0917759985
vt 0.807501972 -0.0917759985
vt 0.807501972 -0.0875009969
vt 0.612501979 -0.0917759985
vt 0.807501972 -0.0875009969
vt 0.612501979 -0.0875009969
vt 0.612501979 -0.0875009969
vt 0.807501972 -0.0875009969
vt 0.807501972 -0.0832260028
vt 0.612501979 -0.0875009969
vt 0.807501972 -0.0832260028
vt 0.612501979 -0.0832260028
vt 0.612501979 -0.0832260028
vt 0.807501972 -0.0832260028
vt 0.807501972 -0.0794660002
vt 0.612501979 -0.0832260028
vt 0.807501972 -0.0794660002
vt 0.612501979 -0.0794660002
vt 0.612501979 0.770424008
vt 0.807501972 0.770424008
vt 0.807501972 0.773750007
vt 0.612501979 0.770424008
vt 0.807501972 0.773750007
vt 0.612501979 0.773750007
vt 0.612501979 0.773750007
vt 0.807501972 0.773750007
vt 0.807501972 0.777828991
vt 0.612501979 0.773750007
vt 0.807501972 0.777828991
vt 0.612501979 0.777828991
vt 0.612501979 0.777828991
vt 0.807501972 0.777828991
vt 0.807501972 0.782171011
vt 0.612501979 0.777828991
vt 0.807501972 0.782171011
vt 0.612501979 0.782171011
vt 0.612501979 0.782171011
vt 0.807501972 0.782171011
vt 0.807501972 0.786249995
vt 0.612501979 0.782171011
vt 0.807501972 0.786249995
vt 0.612501979 0.786249995
vt 0.612501979 0.786249995
vt 0.807501972 0.786249995
vt 0.807501972 0.789575994
vt 0.612501979 0.786249995
vt 0.807501972 0.789575994
vt 0.612501979 0.789575994
vt -0.612501979 -0.0794660002
vt -0.807501972 -0.0794660002
vt -0.807501972 -0.0832260028
vt -0.612501979 -0.0794660002
vt -0.807501972 -0.0832260028
vt -0.612501979 -0.0832260028
vt -0.612501979 -0.0832260028
vt -0.807501972 -0.0832260028
vt -0.807501972 -0.0875009969
vt -0.822502017 0.779999971
vt -0.822502017 0.777828991
vt -0.812502027 0.777828991
vt -0.812502027 0.777828991
vt -0.822502017 0.777828991
vt -0.822502017 0.773750007
vt -0.812502027 0.777828991
vt -0.822502017 0.773750007
vt -0.812502027 0.773750007
vt -0.812502027 0.773750007
vt -0.822502017 0.773750007
vt -0.822502017 0.770424008
vt -0.812502027 0.773750007
vt -0.822502017 0.770424008
vt -0.812502027 0.770424008
vt 0.812502027 -0.275570005
vt 0.822502017 -0.275570005
vt 0.822502017 -0.271809995
vt 0.812502027 -0.275570005
vt 0.822502017 -0.271809995
vt 0.812502027 -0.271809995
vt 0.812502027 -0.271809995
vt 0.822502017 -0.271809995
vt 0.822502017 -0.267535001
vt 0.812502027 -0.271809995
vt 0.822502017 -0.267535001
vt 0.812502027 -0.267535001
vt 0.812502027 -0.267535001
vt 0.822502017 -0.263260007
vt 0.812502027 -0.263260007
vt 0.812502027 -0.263260007
vt 0.822502017 -0.263260007
vt 0.822502017 -0.259499997
vt 0.812502027 -0.263260007
vt 0.822502017 -0.259499997
vt 0.812502027 -0.259499997
vt 0.812502027 0.770424008
vt 0.822502017 0.770424008
vt 0.822502017 0.773750007
vt 0.812502027 0.770424008
vt 0.822502017 0.773750007
vt 0.812502027 0.773750007
vt 0.812502027 0.773750007
vt 0.822502017 0.773750007
vt 0.822502017 0.777828991
vt 0.812502027 0.773750007
vt 0.822502017 0.777828991
vt 0.812502027 0.777828991
vt 0.812502027 0.777828991
vt 0.822502017 0.777828991
vt 0.822502017 0.782171011
vt 0.812502027 0.777828991
vt 0.822502017 0.782171011
vt 0.812502027 0.782171011
vt 0.812502027 0.782171011
vt 0.822502017 0.782171011
vt 0.822502017 0.786249995
vt 0.812502027 0.782171011
vt 0.822502017 0.786249995
vt 0.812502027 0.786249995
vt 0.812502027 0.786249995
vt 0.822502017 0.786249995
vt 0.822502017 0.789575994
vt 0.812502027 0.786249995
vt 0.822502017 0.789575994
vt 0.812502027 0.789575994
vt -0.812502027 -0.259499997
vt -0.822502017 -0.259499997
vt -0.822502017 -0.263260007
vt -0.812502027 -0.259499997
vt -0.822502017 -0.263260007
vt -0.812502027 -0.263260007
vt -0.812502027 -0.263260007
vt -0.822502017 -0.263260007
vt -0.822502017 -0.267535001
vt -0.812502027 -0.263260007
vt -0.822502017 -0.267535001
vt -0.812502027 -0.267535001
vt -0.812502027 -0.267535001
vt -0.822502017 -0.267535001
vt -0.822502017 -0.271809995
vt -0.812502027 -0.267535001
vt -0.822502017 -0.271809995
vt -0.812502027 -0.271809995
vt -0.812502027 -0.271809995
vt -0.822502017 -0.271809995
vt -0.822502017 -0.275570005
vt -0.812502027 -0.271809995
vt -0.822502017 -0.275570005
vt -0.812502027 -0.275570005
vt -0.812502027 0.789575994
vt -0.822502017 0.789575994
vt -0.822502017 0.786249995
vt -0.812502027 0.789575994
vt -0.822502017 0.786249995
vt -0.812502027 0.786249995
vt -0.812502027 0.786249995
vt -0.822502017 0.786249995
vt -0.822502017 0.782171011
vt -0.812502027 0.786249995
vt -0.822502017 0.782171011
vt -0.812502027 0.782171011
vt -0.812502027 0.782171011
vt -0.822502017 0.782171011
vt -0.822502017 0.779999971
vt -0.612501979 -0.267535001
vt -0.807501972 -0.271809995
vt -0.612501979 -0.271809995
vt -0.612501979 -0.271809995
vt -0.807501972 -0.271809995
vt -0.807501972 -0.275570005
vt -0.612501979 -0.271809995
vt -0.807501972 -0.275570005
vt -0.612501979 -0.275570005
vt -0.612501979 0.789575994
vt -0.807501972 0.789575994
vt -0.807501972 0.786249995
vt -0.612501979 0.789575994
vt -0.807501972 0.786249995
vt -0.612501979 0.786249995
vt -0.612501979 0.786249995
vt -0.807501972 0.786249995
vt -0.807501972 0.782171011
vt -0.612501979 0.786249995
vt -0.807501972 0.782171011
vt -0.612501979 0.782171011
vt -0.612501979 0.782171011
vt -0.807501972 0.782171011
vt -0.807501972 0.777828991
vt -0.612501979 0.782171011
vt -0.807501972 0.777828991
vt -0.612501979 0.777828991
vt -0.612501979 0.777828991
vt -0.807501972 0.777828991
vt -0.807501972 0.773750007
vt -0.612501979 0.777828991
vt -0.807501972 0.773750007
vt -0.612501979 0.773750007
vt -0.612501979 0.773750007
vt -0.807501972 0.773750007
vt -0.807501972 0.770424008
vt -0.612501979 0.773750007
vt -0.807501972 0.770424008
vt -0.612501979 0.770424008
vt 0.612501979 -0.275570005
vt 0.807501972 -0.275570005
vt 0.807501972 -0.271809995
vt 0.612501979 -0.275570005
vt 0.807501972 -0.271809995
vt 0.612501979 -0.271809995
vt 0.612501979 -0.271809995
vt 0.807501972 -0.271809995
vt 0.807501972 -0.267535001
vt 0.612501979 -0.271809995
vt 0.807501972 -0.267535001
vt 0.612501979 -0.267535001
vt 0.612501979 -0.267535001
vt 0.807501972 -0.267535001
vt 0.807501972 -0.263260007
vt 0.612501979 -0.267535001
vt 0.807501972 -0.263260007
vt 0.612501979 -0.263260007
vt 0.612501979 -0.263260007
vt 0.807501972 -0.263260007
vt 0.807501972 -0.259499997
vt 0.612501979 -0.263260007
vt 0.807501972 -0.259499997
vt 0.612501979 -0.259499997
vt 0.612501979 0.770424008
vt 0.807501972 0.770424008
vt 0.807501972 0.773750007
vt 0.612501979 0.770424008
vt 0.807501972 0.773750007
vt 0.612501979 0.773750007
vt 0.612501979 0.773750007
vt 0.807501972 0.773750007
vt 0.807501972 0.777828991
vt 0.612501979 0.773750007
vt 0.807501972 0.777828991
vt 0.612501979 0.777828991
vt 0.612501979 0.777828991
vt 0.807501972 0.777828991
vt 0.807501972 0.782171011
vt 0.612501979 0.777828991
vt 0.807501972 0.782171011
vt 0.612501979 0.782171011
vt 0.612501979 0.782171011
vt 0.807501972 0.782171011
vt 0.807501972 0.786249995
vt 0.612501979 0.782171011
vt 0.807501972 0.786249995
vt 0.612501979 0.786249995
vt 0.612501979 0.786249995
vt 0.807501972 0.786249995
vt 0.807501972 0.789575994
vt 0.612501979 0.786249995
vt 0.807501972 0.789575994
vt 0.612501979 0.789575994
vt -0.612501979 -0.259499997
vt -0.807501972 -0.259499997
vt -0.807501972 -0.263260007
vt -0.612501979 -0.259499997
vt -0.807501972 -0.263260007
vt -0.612501979 -0.263260007
vt -0.612501979 -0.263260007
vt -0.807501972 -0.263260007
vt -0.807501972 -0.267535001
vt -0.822502017 0.779999971
vt -0.812502027 0.782171011
vt -0.822502017 0.782171011
vt -0.822502017 0.782171011
vt -0.812502027 0.782171011
vt -0.812502027 0.786249995
vt -0.822502017 0.782171011
vt -0.812502027 0.786249995
vt -0.822502017 0.786249995
vt -0.822502017 0.786249995
vt -0.812502027 0.786249995
vt -0.812502027 0.789575994
vt -0.822502017 0.786249995
vt -0.812502027 0.789575994
vt -0.822502017 0.789575994
vt -0.822502017 -0.455536008
vt -0.812502027 -0.455536008
vt -0.812502027 -0.451775998
vt -0.822502017 -0.455536008
vt -0.812502027 -0.451775998
vt -0.822502017 -0.451775998
vt -0.822502017 -0.451775998
vt -0.812502027 -0.451775998
vt -0.812502027 -0.447501004
vt -0.822502017 -0.451775998
vt -0.812502027 -0.447501004
vt -0.822502017 -0.447501004
vt -0.822502017 -0.447501004
vt -0.812502027 -0.447501004
vt -0.812502027 -0.44322601
vt -0.822502017 -0.447501004
vt -0.812502027 -0.44322601
vt -0.822502017 -0.44322601
vt -0.822502017 -0.44322601
vt -0.812502027 -0.44322601
vt -0.812502027 -0.439466
vt -0.822502017 -0.44322601
vt -0.812502027 -0.439466
vt -0.822502017 -0.439466
vt 0.822502017 0.789575994
vt 0.812502027 0.789575994
vt 0.812502027 0.786249995
vt 0.822502017 0.789575994
vt 0.812502027 0.786249995
vt 0.822502017 0.786249995
vt 0.822502017 0.786249995
vt 0.812502027 0.786249995
vt 0.812502027 0.782171011
vt 0.822502017 0.786249995
vt 0.812502027 0.782171011
vt 0.822502017 0.782171011
vt 0.822502017 0.782171011
vt 0.812502027 0.782171011
vt 0.812502027 0.777828991
vt 0.822502017 0.782171011
vt 0.812502027 0.777828991
vt 0.822502017 0.777828991
vt 0.822502017 0.777828991
vt 0.812502027 0.777828991
vt 0.812502027 0.773750007
vt 0.822502017 0.777828991
vt 0.812502027 0.773750007
vt 0.822502017 0.773750007
vt 0.822502017 0.773750007
vt 0.812502027 0.773750007
vt 0.812502027 0.770424008
vt 0.822502017 0.773750007
vt 0.812502027 0.770424008
vt 0.822502017 0.770424008
vt 0.822502017 -0.439466
vt 0.812502027 -0.439466
vt 0.812502027 -0.44322601
vt 0.822502017 -0.439466
vt 0.812502027 -0.44322601
vt 0.822502017 -0.44322601
vt 0.822502017 -0.44322601
vt 0.812502027 -0.44322601
vt 0.812502027 -0.447501004
vt -0.822502017 0.779999971
vt -0.822502017 0.777828991
vt -0.812502027 0.777828991
vt -0.812502027 0.777828991
vt -0.822502017 0.777828991
vt -0.822502017 0.773750007
vt -0.812502027 0.777828991
vt -0.822502017 0.773750007
vt -0.812502027 0.773750007
vt -0.812502027 0.773750007
vt -0.822502017 0.773750007
vt -0.822502017 0.770424008
vt -0.812502027 0.773750007
vt -0.822502017 0.770424008
vt -0.812502027 0.770424008
vt 0.812502027 -0.455536008
vt 0.822502017 -0.455536008
vt 0.822502017 -0.451775998
vt 0.812502027 -0.455536008
vt 0.822502017 -0.451775998
vt 0.812502027 -0.451775998
vt 0.812502027 -0.451775998
vt 0.822502017 -0.451775998
vt 0.822502017 -0.447501004
vt 0.812502027 -0.451775998
vt 0.822502017 -0.447501004
vt 0.812502027 -0.447501004
vt -0.822502017 0.779999971
vt -0.812502027 0.782171011
vt -0.822502017 0.782171011
vt -0.822502017 0.782171011
vt -0.812502027 0.782171011
vt -0.812502027 0.786249995
vt -0.822502017 0.782171011
vt -0.812502027 0.786249995
vt -0.822502017 0.786249995
vt -0.822502017 0.786249995
vt -0.812502027 0.786249995
vt -0.812502027 0.789575994
vt -0.822502017 0.786249995
vt -0.812502027 0.789575994
vt -0.822502017 0.789575994
vt -0.822502017 -0.415535986
vt -0.812502027 -0.415535986
vt -0.812502027 -0.411776006
vt -0.822502017 -0.415535986
vt -0.812502027 -0.411776006
vt -0.822502017 -0.411776006
vt -0.822502017 -0.411776006
vt -0.812502027 -0.411776006
vt -0.812502027 -0.407501012
vt -0.822502017 -0.411776006
vt -0.812502027 -0.407501012
vt -0.822502017 -0.407501012
vt -0.822502017 -0.407501012
vt -0.812502027 -0.407501012
vt -0.812502027 -0.403225988
vt -0.822502017 -0.407501012
vt -0.812502027 -0.403225988
vt -0.822502017 -0.403225988
vt -0.822502017 -0.403225988
vt -0.812502027 -0.403225988
vt -0.812502027 -0.399466008
vt -0.822502017 -0.403225988
vt -0.812502027 -0.399466008
vt -0.822502017 -0.399466008
vt 0.822502017 0.789575994
vt 0.812502027 0.789575994
vt 0.812502027 0.786249995
vt 0.822502017 0.789575994
vt 0.812502027 0.786249995
vt 0.822502017 0.786249995
vt 0.822502017 0.786249995
vt 0.812502027 0.786249995
vt 0.812502027 0.782171011
vt 0.822502017 0.786249995
vt 0.812502027 0.782171011
vt 0.822502017 0.782171011
vt 0.822502017 0.782171011
vt 0.812502027 0.782171011
vt 0.812502027 0.777828991
vt 0.822502017 0.782171011
vt 0.812502027 0.777828991
vt 0.822502017 0.777828991
vt 0.822502017 0.777828991
vt 0.812502027 0.777828991
vt 0.812502027 0.773750007
vt 0.822502017 0.777828991
vt 0.812502027 0.773750007
vt 0.822502017 0.773750007
vt 0.822502017 0.773750007
vt 0.812502027 0.773750007
vt 0.812502027 0.770424008
vt 0.822502017 0.773750007
vt 0.812502027 0.770424008
vt 0.822502017 0.770424008
vt 0.822502017 -0.399466008
vt 0.812502027 -0.399466008
vt 0.812502027 -0.403225988
vt 0.822502017 -0.399466008
vt 0.812502027 -0.403225988
vt 0.822502017 -0.403225988
vt 0.822502017 -0.403225988
vt 0.812502027 -0.403225988
vt 0.812502027 -0.407501012
vt -0.822502017 0.779999971
vt -0.812502027 0.782171011
vt -0.822502017 0.782171011
vt -0.822502017 0.782171011
vt -0.812502027 0.782171011
vt -0.812502027 0.786249995
vt -0.822502017 0.782171011
vt -0.812502027 0.786249995
vt -0.822502017 0.786249995
vt -0.822502017 0.786249995
vt -0.812502027 0.786249995
vt -0.812502027 0.789575994
vt -0.822502017 0.786249995
vt -0.812502027 0.789575994
vt -0.822502017 0.789575994
vt -0.822502017 -0.135536
vt -0.812502027 -0.135536
vt -0.812502027 -0.131776005
vt -0.822502017 -0.135536
vt -0.812502027 -0.131776005
vt -0.822502017 -0.131776005
vt -0.822502017 -0.131776005
vt -0.812502027 -0.131776005
vt -0.812502027 -0.127500996
vt -0.822502017 -0.131776005
vt -0.812502027 -0.127500996
vt -0.822502017 -0.127500996
vt -0.822502017 -0.127500996
vt -0.812502027 -0.127500996
vt -0.812502027 -0.123226002
vt -0.822502017 -0.127500996
vt -0.812502027 -0.123226002
vt -0.822502017 -0.123226002
vt -0.822502017 -0.123226002
vt -0.812502027 -0.123226002
vt -0.812502027 -0.119465999
vt -0.822502017 -0.123226002
vt -0.812502027 -0.119465999
vt -0.822502017 -0.119465999
vt 0.822502017 0.789575994
vt 0.812502027 0.789575994
vt 0.812502027 0.786249995
vt 0.822502017 0.789575994
vt 0.812502027 0.786249995
vt 0.822502017 0.786249995
vt 0.822502017 0.786249995
vt 0.812502027 0.786249995
vt 0.812502027 0.782171011
vt 0.822502017 0.786249995
vt 0.812502027 0.782171011
vt 0.822502017 0.782171011
vt 0.822502017 0.782171011
vt 0.812502027 0.782171011
vt 0.812502027 0.777828991
vt 0.822502017 0.782171011
vt 0.812502027 0.777828991
vt 0.822502017 0.777828991
vt 0.822502017 0.777828991
vt 0.812502027 0.777828991
vt 0.812502027 0.773750007
vt 0.822502017 0.777828991
vt 0.812502027 0.773750007
vt 0.822502017 0.773750007
vt 0.822502017 0.773750007
vt 0.812502027 0.773750007
vt 0.812502027 0.770424008
vt 0.822502017 0.773750007
vt 0.812502027 0.770424008
vt 0.822502017 0.770424008
vt 0.822502017 -0.119465999
vt 0.812502027 -0.119465999
vt 0.812502027 -0.123226002
vt 0.822502017 -0.119465999
vt 0.812502027 -0.123226002
vt 0.822502017 -0.123226002
vt 0.822502017 -0.123226002
vt 0.812502027 -0.123226002
vt 0.812502027 -0.127500996
vt -0.822502017 0.779999971
vt -0.822502017 0.777828991
vt -0.812502027 0.777828991
vt -0.812502027 0.777828991
vt -0.822502017 0.777828991
vt -0.822502017 0.773750007
vt -0.812502027 0.777828991
vt -0.822502017 0.773750007
vt -0.812502027 0.773750007
vt -0.812502027 0.773750007
vt -0.822502017 0.773750007
vt -0.822502017 0.770424008
vt -0.812502027 0.773750007
vt -0.822502017 0.770424008
vt -0.812502027 0.770424008
vt 0.812502027 -0.135536
vt 0.822502017 -0.135536
vt 0.822502017 -0.131776005
vt 0.812502027 -0.135536
vt 0.822502017 -0.131776005
vt 0.812502027 -0.131776005
vt 0.812502027 -0.131776005
vt 0.822502017 -0.131776005
vt 0.822502017 -0.127500996
vt 0.812502027 -0.131776005
vt 0.822502017 -0.127500996
vt 0.812502027 -0.127500996
vt -0.612501979 -0.447501004
vt -0.807501972 -0.451775998
vt -0.612501979 -0.451775998
vt -0.612501979 -0.451775998
vt -0.807501972 -0.451775998
vt -0.807501972 -0.455536008
vt -0.612501979 -0.451775998
vt -0.807501972 -0.455536008
vt -0.612501979 -0.455536008
vt -0.612501979 0.789575994
vt -0.807501972 0.789575994
vt -0.807501972 0.786249995
vt -0.612501979 0.789575994
vt -0.807501972 0.786249995
vt -0.612501979 0.786249995
vt -0.612501979 0.786249995
vt -0.807501972 0.786249995
vt -0.807501972 0.782171011
vt -0.612501979 0.786249995
vt -0.807501972 0.782171011
vt -0.612501979 0.782171011
vt -0.612501979 0.782171011
vt -0.807501972 0.782171011
vt -0.807501972 0.777828991
vt -0.612501979 0.782171011
vt -0.807501972 0.777828991
vt -0.612501979 0.777828991
vt -0.612501979 0.777828991
vt -0.807501972 0.777828991
vt -0.807501972 0.773750007
vt -0.612501979 0.777828991
vt -0.807501972 0.773750007
vt -0.612501979 0.773750007
vt -0.612501979 0.773750007
vt -0.807501972 0.773750007
vt -0.807501972 0.770424008
vt -0.612501979 0.773750007
vt -0.807501972 0.770424008
vt -0.612501979 0.770424008
vt 0.612501979 -0.455536008
vt 0.807501972 -0.455536008
vt 0.807501972 -0.451775998
vt 0.612501979 -0.455536008
vt 0.807501972 -0.451775998
vt 0.612501979 -0.451775998
vt 0.612501979 -0.451775998
vt 0.807501972 -0.451775998
vt 0.807501972 -0.447501004
vt 0.612501979 -0.451775998
vt 0.807501972 -0.447501004
vt 0.612501979 -0.447501004
vt 0.612501979 -0.447501004
vt 0.807501972 -0.447501004
vt 0.807501972 -0.44322601
vt 0.612501979 -0.447501004
vt 0.807501972 -0.44322601
vt 0.612501979 -0.44322601
vt 0.612501979 -0.44322601
vt 0.807501972 -0.44322601
vt 0.807501972 -0.439466
vt 0.612501979 -0.44322601
vt 0.807501972 -0.439466
vt 0.612501979 -0.439466
vt 0.612501979 0.770424008
vt 0.807501972 0.770424008
vt 0.807501972 0.773750007
vt 0.612501979 0.770424008
vt 0.807501972 0.773750007
vt 0.612501979 0.773750007
vt 0.612501979 0.773750007
vt 0.807501972 0.773750007
vt 0.807501972 0.777828991
vt 0.612501979 0.773750007
vt 0.807501972 0.777828991
vt 0.612501979 0.777828991
vt 0.612501979 0.777828991
vt 0.807501972 0.777828991
vt 0.807501972 0.782171011
vt 0.612501979 0.777828991
vt 0.807501972 0.782171011
vt 0.612501979 0.782171011
vt 0.612501979 0.782171011
vt 0.807501972 0.782171011
vt 0.807501972 0.786249995
vt 0.612501979 0.782171011
vt 0.807501972 0.786249995
vt 0.612501979 0.786249995
vt 0.612501979 0.786249995
vt 0.807501972 0.786249995
vt 0.807501972 0.789575994
vt 0.612501979 0.786249995
vt 0.807501972 0.789575994
vt 0.612501979 0.789575994
vt -0.612501979 -0.439466
vt -0.807501972 -0.439466
vt -0.807501972 -0.44322601
vt -0.612501979 -0.439466
vt -0.807501972 -0.44322601
vt -0.612501979 -0.44322601
vt -0.612501979 -0.44322601
vt -0.807501972 -0.44322601
vt -0.807501972 -0.447501004
vt -0.612501979 -0.407501012
vt -0.807501972 -0.411776006
vt -0.612501979 -0.411776006
vt -0.612501979 -0.411776006
vt -0.807501972 -0.411776006
vt -0.807501972 -0.415535986
vt -0.612501979 -0.411776006
vt -0.807501972 -0.415535986
vt -0.612501979 -0.415535986
vt -0.612501979 0.789575994
vt -0.807501972 0.789575994
vt -0.807501972 0.786249995
vt -0.612501979 0.789575994
vt -0.807501972 0.786249995
vt -0.612501979 0.786249995
vt -0.612501979 0.786249995
vt -0.807501972 0.786249995
vt -0.807501972 0.782171011
vt -0.612501979 0.786249995
vt -0.807501972 0.782171011
vt -0.612501979 0.782171011
vt -0.612501979 0.782171011
vt -0.807501972 0.782171011
vt -0.807501972 0.777828991
vt -0.612501979 0.782171011
vt -0.807501972 0.777828991
vt -0.612501979 0.777828991
vt -0.612501979 0.777828991
vt -0.807501972 0.777828991
vt -0.807501972 0.773750007
vt -0.612501979 0.777828991
vt -0.807501972 0.773750007
vt -0.612501979 0.773750007
vt -0.612501979 0.773750007
vt -0.807501972 0.773750007
vt -0.807501972 0.770424008
vt -0.612501979 0.773750007
vt -0.807501972 0.770424008
vt -0.612501979 0.770424008
vt 0.612501979 -0.415535986
vt 0.807501972 -0.415535986
vt 0.807501972 -0.411776006
vt 0.612501979 -0.415535986
vt 0.807501972 -0.411776006
vt 0.612501979 -0.411776006
vt 0.612501979 -0.411776006
vt 0.807501972 -0.411776006
vt 0.807501972 -0.407501012
vt 0.612501979 -0.411776006
vt 0.807501972 -0.407501012
vt 0.612501979 -0.407501012
vt 0.612501979 -0.407501012
vt 0.807501972 -0.407501012
vt 0.807501972 -0.403225988
vt 0.612501979 -0.407501012
vt 0.807501972 -0.403225988
vt 0.612501979 -0.403225988
vt 0.612501979 -0.403225988
vt 0.807501972 -0.403225988
vt 0.807501972 -0.399466008
vt 0.612501979 -0.403225988
vt 0.807501972 -0.399466008
vt 0.612501979 -0.399466008
vt 0.612501979 0.770424008
vt 0.807501972 0.770424008
vt 0.807501972 0.773750007
vt 0.612501979 0.770424008
vt 0.807501972 0.773750007
vt 0.612501979 0.773750007
vt 0.612501979 0.773750007
vt 0.807501972 0.773750007
vt 0.807501972 0.777828991
vt 0.612501979 0.773750007
vt 0.807501972 0.777828991
vt 0.612501979 0.777828991
vt 0.612501979 0.777828991
vt 0.807501972 0.777828991
vt 0.807501972 0.782171011
vt 0.612501979 0.777828991
vt 0.807501972 0.782171011
vt 0.612501979 0.782171011
vt 0.612501979 0.782171011
vt 0.807501972 0.782171011
vt 0.807501972 0.786249995
vt 0.612501979 0.782171011
vt 0.807501972 0.786249995
vt 0.612501979 0.786249995
vt 0.612501979 0.786249995
vt 0.807501972 0.786249995
vt 0.807501972 0.789575994
vt 0.612501979 0.786249995
vt 0.807501972 0.789575994
vt 0.612501979 0.789575994
vt -0.612501979 -0.399466008
vt -0.807501972 -0.399466008
vt -0.807501972 -0.403225988
vt -0.612501979 -0.399466008
vt -0.807501972 -0.403225988
vt -0.612501979 -0.403225988
vt -0.612501979 -0.403225988
vt -0.807501972 -0.403225988
vt -0.807501972 -0.407501012
vt 0.786249995 -0.396676004
vt 0.782171011 -0.395191014
vt 0.779999971 -0.407501012
vt 0.779999971 -0.407501012
vt 0.782171011 -0.395191014
vt 0.777828991 -0.395191014
vt -0.779999971 -0.407501012
vt -0.777828991 -0.395191014
vt -0.779999971 -0.407501012
vt 0.779999971 -0.407501012
vt 0.777828991 -0.395191014
vt 0.773750007 -0.396676004
vt -0.779999971 -0.407501012
vt -0.773750007 -0.396676004
vt -0.779999971 -0.407501012
vt 0.779999971 -0.407501012
vt 0.773750007 -0.396676004
vt 0.770424008 -0.399466008
vt -0.779999971 -0.407501012
vt -0.770424008 -0.399466008
vt -0.779999971 -0.407501012
vt 0.779999971 -0.407501012
vt 0.770424008 -0.399466008
vt 0.768253982 -0.403225988
vt -0.779999971 -0.407501012
vt -0.768253982 -0.403225988
vt -0.779999971 -0.407501012
vt 0.779999971 -0.407501012
vt 0.768253982 -0.403225988
vt 0.767499983 -0.407501012
vt -0.779999971 -0.407501012
vt -0.767499983 -0.407501012
vt -0.779999971 -0.407501012
vt 0.779999971 -0.407501012
vt 0.767499983 -0.407501012
vt 0.768253982 -0.411776006
vt -0.779999971 -0.407501012
vt -0.768253982 -0.411776006
vt -0.779999971 -0.407501012
vt 0.779999971 -0.407501012
vt 0.768253982 -0.411776006
vt 0.770424008 -0.415535986
vt -0.779999971 -0.407501012
vt -0.770424008 -0.415535986
vt -0.779999971 -0.407501012
vt 0.779999971 -0.407501012
vt 0.770424008 -0.415535986
vt 0.773750007 -0.41832599
vt -0.779999971 -0.407501012
vt -0.773750007 -0.41832599
vt -0.779999971 -0.407501012
vt 0.779999971 -0.407501012
vt 0.773750007 -0.41832599
vt 0.777828991 -0.41981101
vt -0.779999971 -0.407501012
vt -0.777828991 -0.41981101
vt -0.779999971 -0.407501012
vt 0.779999971 -0.407501012
vt 0.777828991 -0.41981101
vt 0.779999971 -0.420001
vt -0.779999971 -0.407501012
vt -0.779999971 -0.420001
vt -0.779999971 -0.407501012
vt 0.779999971 -0.407501012
vt 0.779999971 -0.420001
vt 0.782171011 -0.41981101
vt -0.779999971 -0.407501012
vt -0.782171011 -0.41981101
vt -0.779999971 -0.407501012
vt 0.779999971 -0.407501012
vt 0.782171011 -0.41981101
vt 0.786249995 -0.41832599
vt -0.779999971 -0.407501012
vt -0.786249995 -0.41832599
vt -0.779999971 -0.407501012
vt 0.779999971 -0.407501012
vt 0.786249995 -0.41832599
vt 0.789575994 -0.415535986
vt -0.779999971 -0.407501012
vt -0.789575994 -0.415535986
vt -0.779999971 -0.407501012
vt 0.779999971 -0.407501012
vt 0.789575994 -0.415535986
vt 0.79174602 -0.411776006
vt -0.779999971 -0.407501012
vt -0.79174602 -0.411776006
vt -0.779999971 -0.407501012
vt 0.779999971 -0.407501012
vt 0.79174602 -0.411776006
vt 0.792500019 -0.407501012
vt -0.779999971 -0.407501012
vt -0.792500019 -0.407501012
vt -0.779999971 -0.407501012
vt 0.779999971 -0.407501012
vt 0.792500019 -0.407501012
vt 0.79174602 -0.403225988
vt -0.779999971 -0.407501012
vt -0.79174602 -0.403225988
vt -0.779999971 -0.407501012
vt 0.779999971 -0.407501012
vt 0.79174602 -0.403225988
vt 0.789575994 -0.399466008
vt 0.779999971 -0.407501012
vt 0.789575994 -0.399466008
vt 0.786249995 -0.396676004
vt 0.777828991 -0.115190998
vt 0.773750007 -0.116676003
vt 0.779999971 -0.127500996
vt 0.779999971 -0.127500996
vt 0.773750007 -0.116676003
vt 0.770424008 -0.119465999
vt -0.779999971 -0.127500996
vt -0.770424008 -0.119465999
vt -0.779999971 -0.127500996
vt 0.779999971 -0.127500996
vt 0.770424008 -0.119465999
vt 0.768253982 -0.123226002
vt -0.779999971 -0.127500996
vt -0.768253982 -0.123226002
vt -0.779999971 -0.127500996
vt 0.779999971 -0.127500996
vt 0.768253982 -0.123226002
vt 0.767499983 -0.127500996
vt -0.779999971 -0.127500996
vt -0.767499983 -0.127500996
vt -0.779999971 -0.127500996
vt 0.779999971 -0.127500996
vt 0.767499983 -0.127500996
vt 0.768253982 -0.131776005
vt -0.779999971 -0.127500996
vt -0.768253982 -0.131776005
vt -0.779999971 -0.127500996
vt 0.779999971 -0.127500996
vt 0.768253982 -0.131776005
vt 0.770424008 -0.135536
vt -0.779999971 -0.127500996
vt -0.770424008 -0.135536
vt -0.779999971 -0.127500996
vt 0.779999971 -0.127500996
vt 0.770424008 -0.135536
vt 0.773750007 -0.138326004
vt -0.779999971 -0.127500996
vt -0.773750007 -0.138326004
vt -0.779999971 -0.127500996
vt 0.779999971 -0.127500996
vt 0.773750007 -0.138326004
vt 0.777828991 -0.139810994
vt -0.779999971 -0.127500996
vt -0.777828991 -0.139810994
vt -0.779999971 -0.127500996
vt 0.779999971 -0.127500996
vt 0.777828991 -0.139810994
vt 0.779999971 -0.140000999
vt -0.779999971 -0.127500996
vt -0.779999971 -0.140000999
vt -0.779999971 -0.127500996
vt 0.779999971 -0.127500996
vt 0.779999971 -0.140000999
vt 0.782171011 -0.139810994
vt -0.779999971 -0.127500996
vt -0.782171011 -0.139810994
vt -0.779999971 -0.127500996
vt 0.779999971 -0.127500996
vt 0.782171011 -0.139810994
vt 0.786249995 -0.138326004
vt -0.779999971 -0.127500996
vt -0.786249995 -0.138326004
vt -0.779999971 -0.127500996
vt 0.779999971 -0.127500996
vt 0.786249995 -0.138326004
vt 0.789575994 -0.135536
vt -0.779999971 -0.127500996
vt -0.789575994 -0.135536
vt -0.779999971 -0.127500996
vt 0.779999971 -0.127500996
vt 0.789575994 -0.135536
vt 0.79174602 -0.131776005
vt -0.779999971 -0.127500996
vt -0.79174602 -0.131776005
vt -0.779999971 -0.127500996
vt 0.779999971 -0.127500996
vt 0.79174602 -0.131776005
vt 0.792500019 -0.127500996
vt -0.779999971 -0.127500996
vt -0.792500019 -0.127500996
vt -0.779999971 -0.127500996
vt 0.779999971 -0.127500996
vt 0.792500019 -0.127500996
vt 0.79174602 -0.123226002
vt -0.779999971 -0.127500996
vt -0.79174602 -0.123226002
vt -0.779999971 -0.127500996
vt 0.779999971 -0.127500996
vt 0.79174602 -0.123226002
vt 0.789575994 -0.119465999
vt -0.779999971 -0.127500996
vt -0.789575994 -0.119465999
vt -0.779999971 -0.127500996
vt 0.779999971 -0.127500996
vt 0.789575994 -0.119465999
vt 0.786249995 -0.116676003
vt -0.779999971 -0.127500996
vt -0.786249995 -0.116676003
vt -0.779999971 -0.127500996
vt 0.779999971 -0.127500996
vt 0.786249995 -0.116676003
vt 0.782171011 -0.115190998
vt 0.779999971 -0.127500996
vt 0.782171011 -0.115190998
vt 0.777828991 -0.115190998
vt 0.768253982 -0.451775998
vt 0.770424008 -0.455536008
vt 0.779999971 -0.447501004
vt 0.779999971 -0.447501004
vt 0.770424008 -0.455536008
vt 0.773750007 -0.458326012
vt -0.779999971 -0.447501004
vt -0.773750007 -0.458326012
vt -0.779999971 -0.447501004
vt 0.779999971 -0.447501004
vt 0.773750007 -0.458326012
vt 0.777828991 -0.459811002
vt -0.779999971 -0.447501004
vt -0.777828991 -0.459811002
vt -0.779999971 -0.447501004
vt 0.779999971 -0.447501004
vt 0.777828991 -0.459811002
vt 0.779999971 -0.460000992
vt -0.779999971 -0.447501004
vt -0.779999971 -0.460000992
vt -0.779999971 -0.447501004
vt 0.779999971 -0.447501004
vt 0.779999971 -0.460000992
vt 0.782171011 -0.459811002
vt -0.779999971 -0.447501004
vt -0.782171011 -0.459811002
vt -0.779999971 -0.447501004
vt 0.779999971 -0.447501004
vt 0.782171011 -0.459811002
vt 0.786249995 -0.458326012
vt -0.779999971 -0.447501004
vt -0.786249995 -0.458326012
vt -0.779999971 -0.447501004
vt 0.779999971 -0.447501004
vt 0.786249995 -0.458326012
vt 0.789575994 -0.455536008
vt -0.779999971 -0.447501004
vt -0.789575994 -0.455536008
vt -0.779999971 -0.447501004
vt 0.779999971 -0.447501004
vt 0.789575994 -0.455536008
vt 0.79174602 -0.451775998
vt -0.779999971 -0.447501004
vt -0.79174602 -0.451775998
vt -0.779999971 -0.447501004
vt 0.779999971 -0.447501004
vt 0.79174602 -0.451775998
vt 0.792500019 -0.447501004
vt -0.779999971 -0.447501004
vt -0.792500019 -0.447501004
vt -0.779999971 -0.447501004
vt 0.779999971 -0.447501004
vt 0.792500019 -0.447501004
vt 0.79174602 -0.44322601
vt -0.779999971 -0.447501004
vt -0.79174602 -0.44322601
vt -0.779999971 -0.447501004
vt 0.779999971 -0.447501004
vt 0.79174602 -0.44322601
vt 0.789575994 -0.439466
vt -0.779999971 -0.447501004
vt -0.789575994 -0.439466
vt -0.779999971 -0.447501004
vt 0.779999971 -0.447501004
vt 0.789575994 -0.439466
vt 0.786249995 -0.436675996
vt -0.779999971 -0.447501004
vt -0.786249995 -0.436675996
vt -0.779999971 -0.447501004
vt 0.779999971 -0.447501004
vt 0.786249995 -0.436675996
vt 0.782171011 -0.435191005
vt -0.779999971 -0.447501004
vt -0.782171011 -0.435191005
vt -0.779999971 -0.447501004
vt 0.779999971 -0.447501004
vt 0.782171011 -0.435191005
vt 0.777828991 -0.435191005
vt -0.779999971 -0.447501004
vt -0.777828991 -0.435191005
vt -0.779999971 -0.447501004
vt 0.779999971 -0.447501004
vt 0.777828991 -0.435191005
vt 0.773750007 -0.436675996
vt -0.779999971 -0.447501004
vt -0.773750007 -0.436675996
vt -0.779999971 -0.447501004
vt 0.779999971 -0.447501004
vt 0.773750007 -0.436675996
vt 0.770424008 -0.439466
vt -0.779999971 -0.447501004
vt -0.770424008 -0.439466
vt -0.779999971 -0.447501004
vt 0.779999971 -0.447501004
vt 0.770424008 -0.439466
vt 0.768253982 -0.44322601
vt -0.779999971 -0.447501004
vt -0.768253982 -0.44322601
vt -0.779999971 -0.447501004
vt 0.779999971 -0.447501004
vt 0.768253982 -0.44322601
vt 0.767499983 -0.447501004
vt 0.779999971 -0.447501004
vt 0.767499983 -0.447501004
vt 0.768253982 -0.451775998
vt 0.782171011 -0.279844999
vt 0.786249995 -0.278360993
vt 0.779999971 -0.267535001
vt 0.779999971 -0.267535001
vt 0.786249995 -0.278360993
vt 0.789575994 -0.275570005
vt -0.779999971 -0.267535001
vt -0.789575994 -0.275570005
vt -0.779999971 -0.267535001
vt 0.779999971 -0.267535001
vt 0.789575994 -0.275570005
vt 0.79174602 -0.271809995
vt -0.779999971 -0.267535001
vt -0.79174602 -0.271809995
vt -0.779999971 -0.267535001
vt 0.779999971 -0.267535001
vt 0.79174602 -0.271809995
vt 0.792500019 -0.267535001
vt -0.779999971 -0.267535001
vt -0.792500019 -0.267535001
vt -0.779999971 -0.267535001
vt 0.779999971 -0.267535001
vt 0.792500019 -0.267535001
vt 0.79174602 -0.263260007
vt -0.779999971 -0.267535001
vt -0.79174602 -0.263260007
vt -0.779999971 -0.267535001
vt 0.779999971 -0.267535001
vt 0.79174602 -0.263260007
vt 0.789575994 -0.259499997
vt -0.779999971 -0.267535001
vt -0.789575994 -0.259499997
vt -0.779999971 -0.267535001
vt 0.779999971 -0.267535001
vt 0.789575994 -0.259499997
vt 0.786249995 -0.256709993
vt -0.779999971 -0.267535001
vt -0.786249995 -0.256709993
vt -0.779999971 -0.267535001
vt 0.779999971 -0.267535001
vt 0.786249995 -0.256709993
vt 0.782171011 -0.255225003
vt -0.779999971 -0.267535001
vt -0.782171011 -0.255225003
vt -0.779999971 -0.267535001
vt 0.779999971 -0.267535001
vt 0.782171011 -0.255225003
vt 0.777828991 -0.255225003
vt -0.779999971 -0.267535001
vt -0.777828991 -0.255225003
vt -0.779999971 -0.267535001
vt 0.779999971 -0.267535001
vt 0.777828991 -0.255225003
vt 0.773750007 -0.256709993
vt -0.779999971 -0.267535001
vt -0.773750007 -0.256709993
vt -0.779999971 -0.267535001
vt 0.779999971 -0.267535001
vt 0.773750007 -0.256709993
vt 0.770424008 -0.259499997
vt -0.779999971 -0.267535001
vt -0.770424008 -0.259499997
vt -0.779999971 -0.267535001
vt 0.779999971 -0.267535001
vt 0.770424008 -0.259499997
vt 0.768253982 -0.263260007
vt -0.779999971 -0.267535001
vt -0.768253982 -0.263260007
vt -0.779999971 -0.267535001
vt 0.779999971 -0.267535001
vt 0.768253982 -0.263260007
vt 0.767499983 -0.267535001
vt -0.779999971 -0.267535001
vt -0.767499983 -0.267535001
vt -0.779999971 -0.267535001
vt 0.779999971 -0.267535001
vt 0.767499983 -0.267535001
vt 0.768253982 -0.271809995
vt -0.779999971 -0.267535001
vt -0.768253982 -0.271809995
vt -0.779999971 -0.267535001
vt 0.779999971 -0.267535001
vt 0.768253982 -0.271809995
vt 0.770424008 -0.275570005
vt -0.779999971 -0.267535001
vt -0.770424008 -0.275570005
vt -0.779999971 -0.267535001
vt 0.779999971 -0.267535001
vt 0.770424008 -0.275570005
vt 0.773750007 -0.278360993
vt -0.779999971 -0.267535001
vt -0.773750007 -0.278360993
vt -0.779999971 -0.267535001
vt 0.779999971 -0.267535001
vt 0.773750007 -0.278360993
vt 0.777828991 -0.279844999
vt -0.779999971 -0.267535001
vt -0.777828991 -0.279844999
vt -0.779999971 -0.267535001
vt 0.779999971 -0.267535001
vt 0.777828991 -0.279844999
vt 0.779999971 -0.280034989
vt 0.779999971 -0.267535001
vt 0.779999971 -0.280034989
vt 0.782171011 -0.279844999
vt 0.768253982 -0.0917759985
vt 0.770424008 -0.095536001
vt 0.779999971 -0.0875009969
vt 0.779999971 -0.0875009969
vt 0.770424008 -0.095536001
vt 0.773750007 -0.0983259976
vt -0.779999971 -0.0875009969
vt -0.773750007 -0.0983259976
vt -0.779999971 -0.0875009969
vt 0.779999971 -0.0875009969
vt 0.773750007 -0.0983259976
vt 0.777828991 -0.0998110026
vt -0.779999971 -0.0875009969
vt -0.777828991 -0.0998110026
vt -0.779999971 -0.0875009969
vt 0.779999971 -0.0875009969
vt 0.777828991 -0.0998110026
vt 0.779999971 -0.100001
vt -0.779999971 -0.0875009969
vt -0.779999971 -0.100001
vt -0.779999971 -0.0875009969
vt 0.779999971 -0.0875009969
vt 0.779999971 -0.100001
vt 0.782171011 -0.0998110026
vt -0.779999971 -0.0875009969
vt -0.782171011 -0.0998110026
vt -0.779999971 -0.0875009969
vt 0.779999971 -0.0875009969
vt 0.782171011 -0.0998110026
vt 0.786249995 -0.0983259976
vt -0.779999971 -0.0875009969
vt -0.786249995 -0.0983259976
vt -0.779999971 -0.0875009969
vt 0.779999971 -0.0875009969
vt 0.786249995 -0.0983259976
vt 0.789575994 -0.095536001
vt -0.779999971 -0.0875009969
vt -0.789575994 -0.095536001
vt -0.779999971 -0.0875009969
vt 0.779999971 -0.0875009969
vt 0.789575994 -0.095536001
vt 0.79174602 -0.0917759985
vt -0.779999971 -0.0875009969
vt -0.79174602 -0.0917759985
vt -0.779999971 -0.0875009969
vt 0.779999971 -0.0875009969
vt 0.79174602 -0.0917759985
vt 0.792500019 -0.0875009969
vt -0.779999971 -0.0875009969
vt -0.792500019 -0.0875009969
vt -0.779999971 -0.0875009969
vt 0.779999971 -0.0875009969
vt 0.792500019 -0.0875009969
vt 0.79174602 -0.0832260028
vt -0.779999971 -0.0875009969
vt -0.79174602 -0.0832260028
vt -0.779999971 -0.0875009969
vt 0.779999971 -0.0875009969
vt 0.79174602 -0.0832260028
vt 0.789575994 -0.0794660002
vt -0.779999971 -0.0875009969
vt -0.789575994 -0.0794660002
vt -0.779999971 -0.0875009969
vt 0.779999971 -0.0875009969
vt 0.789575994 -0.0794660002
vt 0.786249995 -0.0766760036
vt -0.779999971 -0.0875009969
vt -0.786249995 -0.0766760036
vt -0.779999971 -0.0875009969
vt 0.779999971 -0.0875009969
vt 0.786249995 -0.0766760036
vt 0.782171011 -0.0751909986
vt -0.779999971 -0.0875009969
vt -0.782171011 -0.0751909986
vt -0.779999971 -0.0875009969
vt 0.779999971 -0.0875009969
vt 0.782171011 -0.0751909986
vt 0.777828991 -0.0751909986
vt -0.779999971 -0.0875009969
vt -0.777828991 -0.0751909986
vt -0.779999971 -0.0875009969
vt 0.779999971 -0.0875009969
vt 0.777828991 -0.0751909986
vt 0.773750007 -0.0766760036
vt -0.779999971 -0.0875009969
vt -0.773750007 -0.0766760036
vt -0.779999971 -0.0875009969
vt 0.779999971 -0.0875009969
vt 0.773750007 -0.0766760036
vt 0.770424008 -0.0794660002
vt -0.779999971 -0.0875009969
vt -0.770424008 -0.0794660002
vt -0.779999971 -0.0875009969
vt 0.779999971 -0.0875009969
vt 0.770424008 -0.0794660002
vt 0.768253982 -0.0832260028
vt -0.779999971 -0.0875009969
vt -0.768253982 -0.0832260028
vt -0.779999971 -0.0875009969
vt 0.779999971 -0.0875009969
vt 0.768253982 -0.0832260028
vt 0.767499983 -0.0875009969
vt 0.779999971 -0.0875009969
vt 0.767499983 -0.0875009969
vt 0.768253982 -0.0917759985
vt 0.427502006 0.722499013
vt 0.427502006 0.71736902
vt 0.792501986 0.722499013
vt -0.792501986 0.852604985
vt -0.792501986 0.847395003
vt -0.427502006 0.850000024
vt 0.792501986 0.722499013
vt 0.792501986 0.727629006
vt 0.427502006 0.722499013
vt -0.834999979 0.722499013
vt -0.835905015 0.727629006
vt -0.835905015 0.727629006
vt 0.427502006 0.722499013
vt 0.792501986 0.727629006
vt 0.427502006 0.727629006
vt 0.427502006 0.727629006
vt 0.792501986 0.727629006
vt 0.792501986 0.732141018
vt 0.427502006 0.727629006
vt 0.792501986 0.732141018
vt 0.427502006 0.732141018
vt 0.427502006 0.838509023
vt 0.792501986 0.838509023
vt 0.792501986 0.842499971
vt 0.427502006 0.838509023
vt 0.792501986 0.842499971
vt 0.427502006 0.842499971
vt 0.427502006 0.842499971
vt 0.792501986 0.842499971
vt 0.792501986 0.847395003
vt 0.427502006 0.842499971
vt 0.792501986 0.847395003
vt 0.427502006 0.847395003
vt 0.427502006 0.847395003
vt 0.792501986 0.847395003
vt 0.792501986 0.852604985
vt 0.427502006 0.847395003
vt 0.792501986 0.852604985
vt 0.427502006 0.852604985
vt 0.427502006 0.852604985
vt 0.792501986 0.852604985
vt 0.792501986 0.857500017
vt 0.427502006 0.852604985
vt 0.792501986 0.857500017
vt 0.427502006 0.857500017
vt 0.427502006 0.857500017
vt 0.792501986 0.857500017
vt 0.792501986 0.861491024
vt 0.427502006 0.857500017
vt 0.792501986 0.861491024
vt 0.427502006 0.861491024
vt -0.427502006 0.732141018
vt -0.792501986 0.732141018
vt -0.792501986 0.727629006
vt -0.427502006 0.732141018
vt -0.792501986 0.727629006
vt -0.427502006 0.727629006
vt -0.427502006 0.727629006
vt -0.792501986 0.727629006
vt -0.792501986 0.722499013
vt -0.427502006 0.727629006
vt -0.792501986 0.722499013
vt -0.427502006 0.722499013
vt -0.427502006 0.722499013
vt -0.792501986 0.722499013
vt -0.792501986 0.71736902
vt -0.427502006 0.722499013
vt -0.792501986 0.71736902
vt -0.427502006 0.71736902
vt -0.427502006 0.71736902
vt -0.792501986 0.71736902
vt -0.792501986 0.712857008
vt -0.427502006 0.71736902
vt -0.792501986 0.712857008
vt -0.427502006 0.712857008
vt -0.427502006 0.861491024
vt -0.792501986 0.861491024
vt -0.792501986 0.857500017
vt -0.427502006 0.861491024
vt -0.792501986 0.857500017
vt -0.427502006 0.857500017
vt -0.427502006 0.857500017
vt -0.792501986 0.857500017
vt -0.792501986 0.852604985
vt -0.427502006 0.857500017
vt -0.792501986 0.852604985
vt -0.427502006 0.852604985
vt -0.427502006 0.852604985
vt -0.792501986 0.852604985
vt -0.427502006 0.850000024
vt -0.427502006 0.850000024
vt -0.792501986 0.847395003
vt -0.427502006 0.847395003
vt -0.427502006 0.847395003
vt -0.792501986 0.847395003
vt -0.792501986 0.842499971
vt -0.427502006 0.847395003
vt -0.792501986 0.842499971
vt -0.427502006 0.842499971
vt -0.427502006 0.842499971
vt -0.792501986 0.842499971
vt -0.792501986 0.838509023
vt -0.427502006 0.842499971
vt -0.792501986 0.838509023
vt -0.427502006 0.838509023
vt 0.427502006 0.712857008
vt 0.792501986 0.712857008
vt 0.792501986 0.71736902
vt 0.427502006 0.712857008
vt 0.792501986 0.71736902
vt 0.427502006 0.71736902
vt 0.427502006 0.71736902
vt 0.792501986 0.71736902
vt 0.792501986 0.722499013
vt -0.857500017 0.735489011
vt -0.861491024 0.732141018
vt -0.850000024 0.722499013
vt -0.850000024 0.722499013
vt -0.861491024 0.732141018
vt -0.864094973 0.727629006
vt -0.850000024 0.722499013
vt -0.864094973 0.727629006
vt -0.850000024 0.722499013
vt -0.850000024 0.722499013
vt -0.864094973 0.727629006
vt -0.86500001 0.722499013
vt -0.850000024 0.722499013
vt -0.86500001 0.722499013
vt -0.850000024 0.722499013
vt -0.850000024 0.722499013
vt -0.86500001 0.722499013
vt -0.864094973 0.71736902
vt -0.850000024 0.722499013
vt -0.864094973 0.71736902
vt -0.850000024 0.722499013
vt -0.850000024 0.722499013
vt -0.864094973 0.71736902
vt -0.861491024 0.712857008
vt -0.850000024 0.722499013
vt -0.861491024 0.712857008
vt -0.850000024 0.722499013
vt -0.850000024 0.722499013
vt -0.861491024 0.712857008
vt -0.857500017 0.709509015
vt -0.850000024 0.722499013
vt -0.857500017 0.709509015
vt -0.850000024 0.722499013
vt -0.850000024 0.722499013
vt -0.857500017 0.709509015
vt -0.852604985 0.707727015
vt -0.850000024 0.722499013
vt -0.852604985 0.707727015
vt -0.850000024 0.722499013
vt -0.850000024 0.722499013
vt -0.852604985 0.707727015
vt -0.850000024 0.707499027
vt -0.850000024 0.722499013
vt -0.850000024 0.707499027
vt -0.850000024 0.722499013
vt -0.850000024 0.722499013
vt -0.850000024 0.707499027
vt -0.847395003 0.707727015
vt -0.850000024 0.722499013
vt -0.847395003 0.707727015
vt -0.850000024 0.722499013
vt -0.850000024 0.722499013
vt -0.847395003 0.707727015
vt -0.842499971 0.709509015
vt -0.850000024 0.722499013
vt -0.842499971 0.709509015
vt -0.850000024 0.722499013
vt -0.850000024 0.722499013
vt -0.842499971 0.709509015
vt -0.838509023 0.712857008
vt -0.850000024 0.722499013
vt -0.838509023 0.712857008
vt -0.850000024 0.722499013
vt -0.850000024 0.722499013
vt -0.838509023 0.712857008
vt -0.835905015 0.71736902
vt -0.850000024 0.722499013
vt -0.835905015 0.71736902
vt -0.850000024 0.722499013
vt -0.850000024 0.722499013
vt -0.835905015 0.71736902
vt -0.834999979 0.722499013
vt -0.850000024 0.722499013
vt -0.834999979 0.722499013
vt -0.850000024 0.722499013
vt -0.850000024 0.722499013
vt -0.834999979 0.722499013
vt -0.835905015 0.727629006
vt -0.850000024 0.722499013
vt -0.835905015 0.727629006
vt -0.850000024 0.722499013
vt -0.850000024 0.722499013
vt -0.835905015 0.727629006
vt -0.838509023 0.732141018
vt -0.850000024 0.722499013
vt -0.838509023 0.732141018
vt -0.850000024 0.722499013
vt -0.850000024 0.722499013
vt -0.838509023 0.732141018
vt -0.842499971 0.735489011
vt -0.850000024 0.722499013
vt -0.842499971 0.735489011
vt -0.850000024 0.722499013
vt -0.850000024 0.722499013
vt -0.842499971 0.735489011
vt -0.847395003 0.737271011
vt -0.850000024 0.722499013
vt -0.847395003 0.737271011
vt -0.850000024 0.722499013
vt -0.850000024 0.722499013
vt -0.847395003 0.737271011
vt -0.852604985 0.737271011
vt -0.850000024 0.722499013
vt -0.852604985 0.737271011
vt -0.857500017 0.735489011
vt 0.427502006 0.142499
vt 0.427502006 0.137369007
vt 0.792501986 0.142499
vt -0.792501986 0.852604985
vt -0.792501986 0.847395003
vt -0.427502006 0.850000024
vt 0.792501986 0.142499
vt 0.792501986 0.147628993
vt 0.427502006 0.142499
vt -0.834999979 0.142499
vt -0.835905015 0.147628993
vt -0.835905015 0.147628993
vt 0.427502006 0.142499
vt 0.792501986 0.147628993
vt 0.427502006 0.147628993
vt 0.427502006 0.147628993
vt 0.792501986 0.147628993
vt 0.792501986 0.152141005
vt 0.427502006 0.147628993
vt 0.792501986 0.152141005
vt 0.427502006 0.152141005
vt 0.427502006 0.838509023
vt 0.792501986 0.838509023
vt 0.792501986 0.842499971
vt 0.427502006 0.838509023
vt 0.792501986 0.842499971
vt 0.427502006 0.842499971
vt 0.427502006 0.842499971
vt 0.792501986 0.842499971
vt 0.792501986 0.847395003
vt 0.427502006 0.842499971
vt 0.792501986 0.847395003
vt 0.427502006 0.847395003
vt 0.427502006 0.847395003
vt 0.792501986 0.847395003
vt 0.792501986 0.852604985
vt 0.427502006 0.847395003
vt 0.792501986 0.852604985
vt 0.427502006 0.852604985
vt 0.427502006 0.852604985
vt 0.792501986 0.852604985
vt 0.792501986 0.857500017
vt 0.427502006 0.852604985
vt 0.792501986 0.857500017
vt 0.427502006 0.857500017
vt 0.427502006 0.857500017
vt 0.792501986 0.857500017
vt 0.792501986 0.861491024
vt 0.427502006 0.857500017
vt 0.792501986 0.861491024
vt 0.427502006 0.861491024
vt -0.427502006 0.152141005
vt -0.792501986 0.152141005
vt -0.792501986 0.147628993
vt -0.427502006 0.152141005
vt -0.792501986 0.147628993
vt -0.427502006 0.147628993
vt -0.427502006 0.147628993
vt -0.792501986 0.147628993
vt -0.792501986 0.142499
vt -0.427502006 0.147628993
vt -0.792501986 0.142499
vt -0.427502006 0.142499
vt -0.427502006 0.142499
vt -0.792501986 0.142499
vt -0.792501986 0.137369007
vt -0.427502006 0.142499
vt -0.792501986 0.137369007
vt -0.427502006 0.137369007
vt -0.427502006 0.137369007
vt -0.792501986 0.137369007
vt -0.792501986 0.132856995
vt -0.427502006 0.137369007
vt -0.792501986 0.132856995
vt -0.427502006 0.132856995
vt -0.427502006 0.861491024
vt -0.792501986 0.861491024
vt -0.792501986 0.857500017
vt -0.427502006 0.861491024
vt -0.792501986 0.857500017
vt -0.427502006 0.857500017
vt -0.427502006 0.857500017
vt -0.792501986 0.857500017
vt -0.792501986 0.852604985
vt -0.427502006 0.857500017
vt -0.792501986 0.852604985
vt -0.427502006 0.852604985
vt -0.427502006 0.852604985
vt -0.792501986 0.852604985
vt -0.427502006 0.850000024
vt -0.427502006 0.850000024
vt -0.792501986 0.847395003
vt -0.427502006 0.847395003
vt -0.427502006 0.847395003
vt -0.792501986 0.847395003
vt -0.792501986 0.842499971
vt -0.427502006 0.847395003
vt -0.792501986 0.842499971
vt -0.427502006 0.842499971
vt -0.427502006 0.842499971
vt -0.792501986 0.842499971
vt -0.792501986 0.838509023
vt -0.427502006 0.842499971
vt -0.792501986 0.838509023
vt -0.427502006 0.838509023
vt 0.427502006 0.132856995
vt 0.792501986 0.132856995
vt 0.792501986 0.137369007
vt 0.427502006 0.132856995
vt 0.792501986 0.137369007
vt 0.427502006 0.137369007
vt 0.427502006 0.137369007
vt 0.792501986 0.137369007
vt 0.792501986 0.142499
vt -0.857500017 0.155488998
vt -0.861491024 0.152141005
vt -0.850000024 0.142499
vt -0.850000024 0.142499
vt -0.861491024 0.152141005
vt -0.864094973 0.147628993
vt -0.850000024 0.142499
vt -0.864094973 0.147628993
vt -0.850000024 0.142499
vt -0.850000024 0.142499
vt -0.864094973 0.147628993
vt -0.86500001 0.142499
vt -0.850000024 0.142499
vt -0.86500001 0.142499
vt -0.850000024 0.142499
vt -0.850000024 0.142499
vt -0.86500001 0.142499
vt -0.864094973 0.137369007
vt -0.850000024 0.142499
vt -0.864094973 0.137369007
vt -0.850000024 0.142499
vt -0.850000024 0.142499
vt -0.864094973 0.137369007
vt -0.861491024 0.132856995
vt -0.850000024 0.142499
vt -0.861491024 0.132856995
vt -0.850000024 0.142499
vt -0.850000024 0.142499
vt -0.861491024 0.132856995
vt -0.857500017 0.129509002
vt -0.850000024 0.142499
vt -0.857500017 0.129509002
vt -0.850000024 0.142499
vt -0.850000024 0.142499
vt -0.857500017 0.129509002
vt -0.852604985 0.127727002
vt -0.850000024 0.142499
vt -0.852604985 0.127727002
vt -0.850000024 0.142499
vt -0.850000024 0.142499
vt -0.852604985 0.127727002
vt -0.850000024 0.127498999
vt -0.850000024 0.142499
vt -0.850000024 0.127498999
vt -0.850000024 0.142499
vt -0.850000024 0.142499
vt -0.850000024 0.127498999
vt -0.847395003 0.127727002
vt -0.850000024 0.142499
vt -0.847395003 0.127727002
vt -0.850000024 0.142499
vt -0.850000024 0.142499
vt -0.847395003 0.127727002
vt -0.842499971 0.129509002
vt -0.850000024 0.142499
vt -0.842499971 0.129509002
vt -0.850000024 0.142499
vt -0.850000024 0.142499
vt -0.842499971 0.129509002
vt -0.838509023 0.132856995
vt -0.850000024 0.142499
vt -0.838509023 0.132856995
vt -0.850000024 0.142499
vt -0.850000024 0.142499
vt -0.838509023 0.132856995
vt -0.835905015 0.137369007
vt -0.850000024 0.142499
vt -0.835905015 0.137369007
vt -0.850000024 0.142499
vt -0.850000024 0.142499
vt -0.835905015 0.137369007
vt -0.834999979 0.142499
vt -0.850000024 0.142499
vt -0.834999979 0.142499
vt -0.850000024 0.142499
vt -0.850000024 0.142499
vt -0.834999979 0.142499
vt -0.835905015 0.147628993
vt -0.850000024 0.142499
vt -0.835905015 0.147628993
vt -0.850000024 0.142499
vt -0.850000024 0.142499
vt -0.835905015 0.147628993
vt -0.838509023 0.152141005
vt -0.850000024 0.142499
vt -0.838509023 0.152141005
vt -0.850000024 0.142499
vt -0.850000024 0.142499
vt -0.838509023 0.152141005
vt -0.842499971 0.155488998
vt -0.850000024 0.142499
vt -0.842499971 0.155488998
vt -0.850000024 0.142499
vt -0.850000024 0.142499
vt -0.842499971 0.155488998
vt -0.847395003 0.157270998
vt -0.850000024 0.142499
vt -0.847395003 0.157270998
vt -0.850000024 0.142499
vt -0.850000024 0.142499
vt -0.847395003 0.157270998
vt -0.852604985 0.157270998
vt -0.850000024 0.142499
vt -0.852604985 0.157270998
vt -0.857500017 0.155488998
vt 0.427502006 0.0824989974
vt 0.427502006 0.077368997
vt 0.792501986 0.0824989974
vt -0.792501986 0.852604985
vt -0.792501986 0.847395003
vt -0.427502006 0.850000024
vt 0.792501986 0.0824989974
vt 0.427502006 0.077368997
vt 0.792501986 0.077368997
vt 0.792501986 0.077368997
vt 0.427502006 0.077368997
vt 0.427502006 0.0728569999
vt 0.792501986 0.077368997
vt 0.427502006 0.0728569999
vt 0.792501986 0.0728569999
vt -0.792501986 0.838509023
vt -0.427502006 0.838509023
vt -0.427502006 0.842499971
vt -0.792501986 0.838509023
vt -0.427502006 0.842499971
vt -0.792501986 0.842499971
vt -0.792501986 0.842499971
vt -0.427502006 0.842499971
vt -0.427502006 0.847395003
vt -0.792501986 0.842499971
vt -0.427502006 0.847395003
vt -0.792501986 0.847395003
vt -0.792501986 0.847395003
vt -0.427502006 0.847395003
vt -0.427502006 0.850000024
vt -0.427502006 0.850000024
vt -0.427502006 0.852604985
vt -0.792501986 0.852604985
vt -0.792501986 0.852604985
vt -0.427502006 0.852604985
vt -0.427502006 0.857500017
vt -0.792501986 0.852604985
vt -0.427502006 0.857500017
vt -0.792501986 0.857500017
vt -0.792501986 0.857500017
vt -0.427502006 0.857500017
vt -0.427502006 0.861491024
vt -0.792501986 0.857500017
vt -0.427502006 0.861491024
vt -0.792501986 0.861491024
vt -0.792501986 0.0728569999
vt -0.427502006 0.0728569999
vt -0.427502006 0.077368997
vt -0.792501986 0.0728569999
vt -0.427502006 0.077368997
vt -0.792501986 0.077368997
vt -0.792501986 0.077368997
vt -0.427502006 0.077368997
vt -0.427502006 0.0824989974
vt -0.792501986 0.077368997
vt -0.427502006 0.0824989974
vt -0.792501986 0.0824989974
vt -0.792501986 0.0824989974
vt -0.427502006 0.0824989974
vt -0.427502006 0.0876289979
vt -0.792501986 0.0824989974
vt -0.427502006 0.0876289979
vt -0.792501986 0.0876289979
vt -0.792501986 0.0876289979
vt -0.427502006 0.0876289979
vt -0.427502006 0.0921410024
vt -0.792501986 0.0876289979
vt -0.427502006 0.0921410024
vt -0.792501986 0.0921410024
vt 0.792501986 0.861491024
vt 0.427502006 0.861491024
vt 0.427502006 0.857500017
vt 0.792501986 0.861491024
vt 0.427502006 0.857500017
vt 0.792501986 0.857500017
vt 0.792501986 0.857500017
vt 0.427502006 0.857500017
vt 0.427502006 0.852604985
vt 0.792501986 0.857500017
vt 0.427502006 0.852604985
vt 0.792501986 0.852604985
vt 0.792501986 0.852604985
vt 0.427502006 0.852604985
vt 0.427502006 0.847395003
vt 0.792501986 0.852604985
vt 0.427502006 0.847395003
vt 0.792501986 0.847395003
vt 0.792501986 0.847395003
vt 0.427502006 0.847395003
vt 0.427502006 0.842499971
vt 0.792501986 0.847395003
vt 0.427502006 0.842499971
vt 0.792501986 0.842499971
vt 0.792501986 0.842499971
vt 0.427502006 0.842499971
vt 0.427502006 0.838509023
vt 0.792501986 0.842499971
vt 0.427502006 0.838509023
vt 0.792501986 0.838509023
vt 0.792501986 0.0921410024
vt 0.427502006 0.0921410024
vt 0.427502006 0.0876289979
vt 0.792501986 0.0921410024
vt 0.427502006 0.0876289979
vt 0.792501986 0.0876289979
vt 0.792501986 0.0876289979
vt 0.427502006 0.0876289979
vt 0.427502006 0.0824989974
vt 0.792501986 0.0876289979
vt 0.427502006 0.0824989974
vt 0.792501986 0.0824989974
vt -0.852604985 0.0972710028
vt -0.857500017 0.0954890028
vt -0.850000024 0.0824989974
vt -0.850000024 0.0824989974
vt -0.857500017 0.0954890028
vt -0.861491024 0.0921410024
vt -0.850000024 0.0824989974
vt -0.861491024 0.0921410024
vt -0.850000024 0.0824989974
vt -0.850000024 0.0824989974
vt -0.861491024 0.0921410024
vt -0.864094973 0.0876289979
vt -0.850000024 0.0824989974
vt -0.864094973 0.0876289979
vt -0.850000024 0.0824989974
vt -0.850000024 0.0824989974
vt -0.864094973 0.0876289979
vt -0.86500001 0.0824989974
vt -0.850000024 0.0824989974
vt -0.86500001 0.0824989974
vt -0.850000024 0.0824989974
vt -0.850000024 0.0824989974
vt -0.86500001 0.0824989974
vt -0.864094973 0.077368997
vt -0.850000024 0.0824989974
vt -0.864094973 0.077368997
vt -0.850000024 0.0824989974
vt -0.850000024 0.0824989974
vt -0.864094973 0.077368997
vt -0.861491024 0.0728569999
vt -0.850000024 0.0824989974
vt -0.861491024 0.0728569999
vt -0.850000024 0.0824989974
vt -0.850000024 0.0824989974
vt -0.861491024 0.0728569999
vt -0.857500017 0.0695089996
vt -0.850000024 0.0824989974
vt -0.857500017 0.0695089996
vt -0.850000024 0.0824989974
vt -0.850000024 0.0824989974
vt -0.857500017 0.0695089996
vt -0.852604985 0.0677269995
vt -0.850000024 0.0824989974
vt -0.852604985 0.0677269995
vt -0.850000024 0.0824989974
vt -0.850000024 0.0824989974
vt -0.852604985 0.0677269995
vt -0.850000024 0.0674989969
vt -0.850000024 0.0824989974
vt -0.850000024 0.0674989969
vt -0.850000024 0.0824989974
vt -0.850000024 0.0824989974
vt -0.850000024 0.0674989969
vt -0.847395003 0.0677269995
vt -0.850000024 0.0824989974
vt -0.847395003 0.0677269995
vt -0.850000024 0.0824989974
vt -0.850000024 0.0824989974
vt -0.847395003 0.0677269995
vt -0.842499971 0.0695089996
vt -0.850000024 0.0824989974
vt -0.842499971 0.0695089996
vt -0.850000024 0.0824989974
vt -0.850000024 0.0824989974
vt -0.842499971 0.0695089996
vt -0.838509023 0.0728569999
vt -0.850000024 0.0824989974
vt -0.838509023 0.0728569999
vt -0.850000024 0.0824989974
vt -0.850000024 0.0824989974
vt -0.838509023 0.0728569999
vt -0.835905015 0.077368997
vt -0.850000024 0.0824989974
vt -0.835905015 0.077368997
vt -0.850000024 0.0824989974
vt -0.850000024 0.0824989974
vt -0.835905015 0.077368997
vt -0.834999979 0.0824989974
vt -0.850000024 0.0824989974
vt -0.834999979 0.0824989974
vt -0.850000024 0.0824989974
vt -0.850000024 0.0824989974
vt -0.834999979 0.0824989974
vt -0.835905015 0.0876289979
vt -0.850000024 0.0824989974
vt -0.835905015 0.0876289979
vt -0.850000024 0.0824989974
vt -0.850000024 0.0824989974
vt -0.835905015 0.0876289979
vt -0.838509023 0.0921410024
vt -0.850000024 0.0824989974
vt -0.838509023 0.0921410024
vt -0.850000024 0.0824989974
vt -0.850000024 0.0824989974
vt -0.838509023 0.0921410024
vt -0.842499971 0.0954890028
vt -0.850000024 0.0824989974
vt -0.842499971 0.0954890028
vt -0.850000024 0.0824989974
vt -0.850000024 0.0824989974
vt -0.842499971 0.0954890028
vt -0.847395003 0.0972710028
vt -0.850000024 0.0824989974
vt -0.847395003 0.0972710028
vt -0.852604985 0.0972710028
vt 0.427502006 0.202499002
vt 0.427502006 0.197368994
vt 0.792501986 0.202499002
vt -0.792501986 0.852604985
vt -0.792501986 0.847395003
vt -0.427502006 0.850000024
vt 0.792501986 0.202499002
vt 0.427502006 0.197368994
vt 0.792501986 0.197368994
vt 0.792501986 0.197368994
vt 0.427502006 0.197368994
vt 0.427502006 0.192856997
vt 0.792501986 0.197368994
vt 0.427502006 0.192856997
vt 0.792501986 0.192856997
vt -0.792501986 0.838509023
vt -0.427502006 0.838509023
vt -0.427502006 0.842499971
vt -0.792501986 0.838509023
vt -0.427502006 0.842499971
vt -0.792501986 0.842499971
vt -0.792501986 0.842499971
vt -0.427502006 0.842499971
vt -0.427502006 0.847395003
vt -0.792501986 0.842499971
vt -0.427502006 0.847395003
vt -0.792501986 0.847395003
vt -0.792501986 0.847395003
vt -0.427502006 0.847395003
vt -0.427502006 0.850000024
vt -0.427502006 0.850000024
vt -0.427502006 0.852604985
vt -0.792501986 0.852604985
vt -0.792501986 0.852604985
vt -0.427502006 0.852604985
vt -0.427502006 0.857500017
vt -0.792501986 0.852604985
vt -0.427502006 0.857500017
vt -0.792501986 0.857500017
vt -0.792501986 0.857500017
vt -0.427502006 0.857500017
vt -0.427502006 0.861491024
vt -0.792501986 0.857500017
vt -0.427502006 0.861491024
vt -0.792501986 0.861491024
vt -0.792501986 0.192856997
vt -0.427502006 0.192856997
vt -0.427502006 0.197368994
vt -0.792501986 0.192856997
vt -0.427502006 0.197368994
vt -0.792501986 0.197368994
vt -0.792501986 0.197368994
vt -0.427502006 0.197368994
vt -0.427502006 0.202499002
vt -0.792501986 0.197368994
vt -0.427502006 0.202499002
vt -0.792501986 0.202499002
vt -0.792501986 0.202499002
vt -0.427502006 0.202499002
vt -0.427502006 0.207628995
vt -0.792501986 0.202499002
vt -0.427502006 0.207628995
vt -0.792501986 0.207628995
vt -0.792501986 0.207628995
vt -0.427502006 0.207628995
vt -0.427502006 0.212141007
vt -0.792501986 0.207628995
vt -0.427502006 0.212141007
vt -0.792501986 0.212141007
vt 0.792501986 0.861491024
vt 0.427502006 0.861491024
vt 0.427502006 0.857500017
vt 0.792501986 0.861491024
vt 0.427502006 0.857500017
vt 0.792501986 0.857500017
vt 0.792501986 0.857500017
vt 0.427502006 0.857500017
vt 0.427502006 0.852604985
vt 0.792501986 0.857500017
vt 0.427502006 0.852604985
vt 0.792501986 0.852604985
vt 0.792501986 0.852604985
vt 0.427502006 0.852604985
vt 0.427502006 0.847395003
vt 0.792501986 0.852604985
vt 0.427502006 0.847395003
vt 0.792501986 0.847395003
vt 0.792501986 0.847395003
vt 0.427502006 0.847395003
vt 0.427502006 0.842499971
vt 0.792501986 0.847395003
vt 0.427502006 0.842499971
vt 0.792501986 0.842499971
vt 0.792501986 0.842499971
vt 0.427502006 0.842499971
vt 0.427502006 0.838509023
vt 0.792501986 0.842499971
vt 0.427502006 0.838509023
vt 0.792501986 0.838509023
vt 0.792501986 0.212141007
vt 0.427502006 0.212141007
vt 0.427502006 0.207628995
vt 0.792501986 0.212141007
vt 0.427502006 0.207628995
vt 0.792501986 0.207628995
vt 0.792501986 0.207628995
vt 0.427502006 0.207628995
vt 0.427502006 0.202499002
vt 0.792501986 0.207628995
vt 0.427502006 0.202499002
vt 0.792501986 0.202499002
vt -0.835905015 0.197368994
vt -0.834999979 0.202499002
vt -0.850000024 0.202499002
vt -0.850000024 0.202499002
vt -0.834999979 0.202499002
vt -0.835905015 0.207628995
vt -0.850000024 0.202499002
vt -0.835905015 0.207628995
vt -0.850000024 0.202499002
vt -0.850000024 0.202499002
vt -0.835905015 0.207628995
vt -0.838509023 0.212141007
vt -0.850000024 0.202499002
vt -0.838509023 0.212141007
vt -0.850000024 0.202499002
vt -0.850000024 0.202499002
vt -0.838509023 0.212141007
vt -0.842499971 0.215489
vt -0.850000024 0.202499002
vt -0.842499971 0.215489
vt -0.850000024 0.202499002
vt -0.850000024 0.202499002
vt -0.842499971 0.215489
vt -0.847395003 0.217271
vt -0.850000024 0.202499002
vt -0.847395003 0.217271
vt -0.850000024 0.202499002
vt -0.850000024 0.202499002
vt -0.847395003 0.217271
vt -0.852604985 0.217271
vt -0.850000024 0.202499002
vt -0.852604985 0.217271
vt -0.850000024 0.202499002
vt -0.850000024 0.202499002
vt -0.852604985 0.217271
vt -0.857500017 0.215489
vt -0.850000024 0.202499002
vt -0.857500017 0.215489
vt -0.850000024 0.202499002
vt -0.850000024 0.202499002
vt -0.857500017 0.215489
vt -0.861491024 0.212141007
vt -0.850000024 0.202499002
vt -0.861491024 0.212141007
vt -0.850000024 0.202499002
vt -0.850000024 0.202499002
vt -0.861491024 0.212141007
vt -0.864094973 0.207628995
vt -0.850000024 0.202499002
vt -0.864094973 0.207628995
vt -0.850000024 0.202499002
vt -0.850000024 0.202499002
vt -0.864094973 0.207628995
vt -0.86500001 0.202499002
vt -0.850000024 0.202499002
vt -0.86500001 0.202499002
vt -0.850000024 0.202499002
vt -0.850000024 0.202499002
vt -0.86500001 0.202499002
vt -0.864094973 0.197368994
vt -0.850000024 0.202499002
vt -0.864094973 0.197368994
vt -0.850000024 0.202499002
vt -0.850000024 0.202499002
vt -0.864094973 0.197368994
vt -0.861491024 0.192856997
vt -0.850000024 0.202499002
vt -0.861491024 0.192856997
vt -0.850000024 0.202499002
vt -0.850000024 0.202499002
vt -0.861491024 0.192856997
vt -0.857500017 0.189509004
vt -0.850000024 0.202499002
vt -0.857500017 0.189509004
vt -0.850000024 0.202499002
vt -0.850000024 0.202499002
vt -0.857500017 0.189509004
vt -0.852604985 0.187727004
vt -0.850000024 0.202499002
vt -0.852604985 0.187727004
vt -0.850000024 0.202499002
vt -0.850000024 0.202499002
vt -0.852604985 0.187727004
vt -0.850000024 0.187499002
vt -0.850000024 0.202499002
vt -0.850000024 0.187499002
vt -0.850000024 0.202499002
vt -0.850000024 0.202499002
vt -0.850000024 0.187499002
vt -0.847395003 0.187727004
vt -0.850000024 0.202499002
vt -0.847395003 0.187727004
vt -0.850000024 0.202499002
vt -0.850000024 0.202499002
vt -0.847395003 0.187727004
vt -0.842499971 0.189509004
vt -0.850000024 0.202499002
vt -0.842499971 0.189509004
vt -0.850000024 0.202499002
vt -0.850000024 0.202499002
vt -0.842499971 0.189509004
vt -0.838509023 0.192856997
vt -0.850000024 0.202499002
vt -0.838509023 0.192856997
vt -0.835905015 0.197368994
vt 0.427502006 0.782499015
vt 0.427502006 0.777369022
vt 0.792501986 0.782499015
vt -0.792501986 0.852604985
vt -0.792501986 0.847395003
vt -0.427502006 0.850000024
vt 0.792501986 0.782499015
vt 0.427502006 0.777369022
vt 0.792501986 0.777369022
vt 0.792501986 0.777369022
vt 0.427502006 0.777369022
vt 0.427502006 0.77285701
vt 0.792501986 0.777369022
vt 0.427502006 0.77285701
vt 0.792501986 0.77285701
vt -0.792501986 0.838509023
vt -0.427502006 0.838509023
vt -0.427502006 0.842499971
vt -0.792501986 0.838509023
vt -0.427502006 0.842499971
vt -0.792501986 0.842499971
vt -0.792501986 0.842499971
vt -0.427502006 0.842499971
vt -0.427502006 0.847395003
vt -0.792501986 0.842499971
vt -0.427502006 0.847395003
vt -0.792501986 0.847395003
vt -0.792501986 0.847395003
vt -0.427502006 0.847395003
vt -0.427502006 0.850000024
vt -0.427502006 0.850000024
vt -0.427502006 0.852604985
vt -0.792501986 0.852604985
vt -0.792501986 0.852604985
vt -0.427502006 0.852604985
vt -0.427502006 0.857500017
vt -0.792501986 0.852604985
vt -0.427502006 0.857500017
vt -0.792501986 0.857500017
vt -0.792501986 0.857500017
vt -0.427502006 0.857500017
vt -0.427502006 0.861491024
vt -0.792501986 0.857500017
vt -0.427502006 0.861491024
vt -0.792501986 0.861491024
vt -0.792501986 0.77285701
vt -0.427502006 0.77285701
vt -0.427502006 0.777369022
vt -0.792501986 0.77285701
vt -0.427502006 0.777369022
vt -0.792501986 0.777369022
vt -0.792501986 0.777369022
vt -0.427502006 0.777369022
vt -0.427502006 0.782499015
vt -0.792501986 0.777369022
vt -0.427502006 0.782499015
vt -0.792501986 0.782499015
vt -0.792501986 0.782499015
vt -0.427502006 0.782499015
vt -0.427502006 0.787629008
vt -0.792501986 0.782499015
vt -0.427502006 0.787629008
vt -0.792501986 0.787629008
vt -0.792501986 0.787629008
vt -0.427502006 0.787629008
vt -0.427502006 0.79214102
vt -0.792501986 0.787629008
vt -0.427502006 0.79214102
vt -0.792501986 0.79214102
vt 0.792501986 0.861491024
vt 0.427502006 0.861491024
vt 0.427502006 0.857500017
vt 0.792501986 0.861491024
vt 0.427502006 0.857500017
vt 0.792501986 0.857500017
vt 0.792501986 0.857500017
vt 0.427502006 0.857500017
vt 0.427502006 0.852604985
vt 0.792501986 0.857500017
vt 0.427502006 0.852604985
vt 0.792501986 0.852604985
vt 0.792501986 0.852604985
vt 0.427502006 0.852604985
vt 0.427502006 0.847395003
vt 0.792501986 0.852604985
vt 0.427502006 0.847395003
vt 0.792501986 0.847395003
vt 0.792501986 0.847395003
vt 0.427502006 0.847395003
vt 0.427502006 0.842499971
vt 0.792501986 0.847395003
vt 0.427502006 0.842499971
vt 0.792501986 0.842499971
vt 0.792501986 0.842499971
vt 0.427502006 0.842499971
vt 0.427502006 0.838509023
vt 0.792501986 0.842499971
vt 0.427502006 0.838509023
vt 0.792501986 0.838509023
vt 0.792501986 0.79214102
vt 0.427502006 0.79214102
vt 0.427502006 0.787629008
vt 0.792501986 0.79214102
vt 0.427502006 0.787629008
vt 0.792501986 0.787629008
vt 0.792501986 0.787629008
vt 0.427502006 0.787629008
vt 0.427502006 0.782499015
vt 0.792501986 0.787629008
vt 0.427502006 0.782499015
vt 0.792501986 0.782499015
vt -0.835905015 0.777369022
vt -0.834999979 0.782499015
vt -0.850000024 0.782499015
vt -0.850000024 0.782499015
vt -0.834999979 0.782499015
vt -0.835905015 0.787629008
vt -0.850000024 0.782499015
vt -0.835905015 0.787629008
vt -0.850000024 0.782499015
vt -0.850000024 0.782499015
vt -0.835905015 0.787629008
vt -0.838509023 0.79214102
vt -0.850000024 0.782499015
vt -0.838509023 0.79214102
vt -0.850000024 0.782499015
vt -0.850000024 0.782499015
vt -0.838509023 0.79214102
vt -0.842499971 0.795489013
vt -0.850000024 0.782499015
vt -0.842499971 0.795489013
vt -0.850000024 0.782499015
vt -0.850000024 0.782499015
vt -0.842499971 0.795489013
vt -0.847395003 0.797271013
vt -0.850000024 0.782499015
vt -0.847395003 0.797271013
vt -0.850000024 0.782499015
vt -0.850000024 0.782499015
vt -0.847395003 0.797271013
vt -0.852604985 0.797271013
vt -0.850000024 0.782499015
vt -0.852604985 0.797271013
vt -0.850000024 0.782499015
vt -0.850000024 0.782499015
vt -0.852604985 0.797271013
vt -0.857500017 0.795489013
vt -0.850000024 0.782499015
vt -0.857500017 0.795489013
vt -0.850000024 0.782499015
vt -0.850000024 0.782499015
vt -0.857500017 0.795489013
vt -0.861491024 0.79214102
vt -0.850000024 0.782499015
vt -0.861491024 0.79214102
vt -0.850000024 0.782499015
vt -0.850000024 0.782499015
vt -0.861491024 0.79214102
vt -0.864094973 0.787629008
vt -0.850000024 0.782499015
vt -0.864094973 0.787629008
vt -0.850000024 0.782499015
vt -0.850000024 0.782499015
vt -0.864094973 0.787629008
vt -0.86500001 0.782499015
vt -0.850000024 0.782499015
vt -0.86500001 0.782499015
vt -0.850000024 0.782499015
vt -0.850000024 0.782499015
vt -0.86500001 0.782499015
vt -0.864094973 0.777369022
vt -0.850000024 0.782499015
vt -0.864094973 0.777369022
vt -0.850000024 0.782499015
vt -0.850000024 0.782499015
vt -0.864094973 0.777369022
vt -0.861491024 0.77285701
vt -0.850000024 0.782499015
vt -0.861491024 0.77285701
vt -0.850000024 0.782499015
vt -0.850000024 0.782499015
vt -0.861491024 0.77285701
vt -0.857500017 0.769509017
vt -0.850000024 0.782499015
vt -0.857500017 0.769509017
vt -0.850000024 0.782499015
vt -0.850000024 0.782499015
vt -0.857500017 0.769509017
vt -0.852604985 0.767727017
vt -0.850000024 0.782499015
vt -0.852604985 0.767727017
vt -0.850000024 0.782499015
vt -0.850000024 0.782499015
vt -0.852604985 0.767727017
vt -0.850000024 0.76749903
vt -0.850000024 0.782499015
vt -0.850000024 0.76749903
vt -0.850000024 0.782499015
vt -0.850000024 0.782499015
vt -0.850000024 0.76749903
vt -0.847395003 0.767727017
vt -0.850000024 0.782499015
vt -0.847395003 0.767727017
vt -0.850000024 0.782499015
vt -0.850000024 0.782499015
vt -0.847395003 0.767727017
vt -0.842499971 0.769509017
vt -0.850000024 0.782499015
vt -0.842499971 0.769509017
vt -0.850000024 0.782499015
vt -0.850000024 0.782499015
vt -0.842499971 0.769509017
vt -0.838509023 0.77285701
vt -0.850000024 0.782499015
vt -0.838509023 0.77285701
vt -0.835905015 0.777369022
f 1/1 2/2 3/3
f 4/4 5/5 6/6
f 7/7 8/8 9/9
f 10/10 11/11 12/12
f 13/13 14/14 15/15
f 9/16 16/17 7/18
f 12/19 17/20 10/21
f 18/22 19/23 20/24
f 21/25 22/26 23/27
f 24/28 25/29 26/30
f 27/31 28/32 29/33
f 29/34 30/35 27/36
f 31/37 32/38 33/39
f 34/40 35/41 36/42
f 37/43 38/44 39/45
f 39/46 40/47 37/48
f 41/49 42/50 43/51
f 44/52 45/53 46/54
f 47/55 48/56 49/57
f 49/58 50/59 47/60
f 5/61 51/62 6/63
f 6/64 51/65 51/66
f 6/67 51/68 52/69
f 52/70 51/71 53/72
f 52/73 53/74 54/75
f 54/76 53/77 55/78
f 54/79 55/80 56/81
f 56/82 55/83 21/84
f 56/85 21/86 57/87
f 57/88 21/89 23/90
f 47/91 50/92 58/93
f 58/94 50/95 59/96
f 58/97 59/98 60/99
f 60/100 59/101 61/102
f 60/103 61/104 62/105
f 62/106 61/107 63/108
f 62/109 63/110 64/111
f 64/112 63/113 65/114
f 64/115 65/116 66/117
f 66/118 65/119 67/120
f 66/121 67/122 68/123
f 68/124 67/125 69/126
f 68/127 69/128 70/129
f 70/130 69/131 71/132
f 70/133 71/134 72/135
f 72/136 71/137 73/138
f 72/139 73/140 74/141
f 74/142 73/143 75/144
f 74/145 75/146 76/147
f 76/148 75/149 77/150
f 76/151 77/152 78/153
f 78/154 77/155 79/156
f 78/157 79/158 80/159
f 80/160 79/161 81/162
f 80/163 81/164 82/165
f 82/166 81/167 83/168
f 82/169 83/170 84/171
f 84/172 83/173 85/174
f 84/175 85/176 86/177
f 86/178 85/179 87/180
f 86/181 87/182 88/183
f 88/184 87/185 89/186
f 88/187 89/188 48/189
f 48/190 89/191 49/192
f 46/193 45/194 90/195
f 90/196 45/197 91/198
f 90/199 91/200 92/201
f 92/202 91/203 93/204
f 92/205 93/206 94/207
f 94/208 93/209 95/210
f 94/211 95/212 96/213
f 96/214 95/215 97/216
f 96/217 97/218 98/219
f 98/220 97/221 99/222
f 98/223 99/224 100/225
f 100/226 99/227 101/228
f 100/229 101/230 102/231
f 102/232 101/233 103/234
f 102/235 103/236 104/237
f 104/238 103/239 105/240
f 104/241 105/242 106/243
f 106/244 105/245 107/246
f 106/247 107/248 108/249
f 108/250 107/251 109/252
f 108/253 109/254 110/255
f 110/256 109/257 111/258
f 110/259 111/260 112/261
f 112/262 111/263 113/264
f 112/265 113/266 43/267
f 43/268 113/269 41/270
f 46/271 114/272 44/273
f 44/274 114/275 115/276
f 44/277 115/278 116/279
f 116/280 115/281 117/282
f 116/283 117/284 118/285
f 118/286 117/287 119/288
f 118/289 119/290 120/291
f 120/292 119/293 42/294
f 120/295 42/296 41/297
f 37/298 40/299 121/300
f 121/301 40/302 122/303
f 121/304 122/305 123/306
f 123/307 122/308 124/309
f 123/310 124/311 125/312
f 125/313 124/314 126/315
f 125/316 126/317 127/318
f 127/319 126/320 128/321
f 127/322 128/323 129/324
f 129/325 128/326 130/327
f 129/328 130/329 131/330
f 131/331 130/332 132/333
f 131/334 132/335 133/336
f 133/337 132/338 134/339
f 133/340 134/341 135/342
f 135/343 134/344 136/345
f 135/346 136/347 137/348
f 137/349 136/350 138/351
f 137/352 138/353 139/354
f 139/355 138/356 140/357
f 139/358 140/359 141/360
f 141/361 140/362 142/363
f 141/364 142/365 143/366
f 143/367 142/368 144/369
f 143/370 144/371 145/372
f 145/373 144/374 146/375
f 145/376 146/377 147/378
f 147/379 146/380 148/381
f 147/382 148/383 149/384
f 149/385 148/386 150/387
f 149/388 150/389 151/390
f 151/391 150/392 152/393
f 151/394 152/395 38/396
f 38/397 152/398 39/399
f 33/400 153/401 31/402
f 31/403 153/404 154/405
f 31/406 154/407 155/408
f 155/409 154/410 156/411
f 155/412 156/413 157/414
f 157/415 156/416 158/417
f 157/418 158/419 159/420
f 159/421 158/422 36/423
f 159/424 36/425 35/426
f 35/427 34/428 160/429
f 160/430 34/431 161/432
f 160/433 161/434 162/435
f 162/436 161/437 163/438
f 162/439 163/440 164/441
f 164/442 163/443 165/444
f 164/445 165/446 166/447
f 166/448 165/449 167/450
f 166/451 167/452 168/453
f 168/454 167/455 169/456
f 168/457 169/458 170/459
f 170/460 169/461 171/462
f 170/463 171/464 172/465
f 172/466 171/467 173/468
f 172/469 173/470 174/471
f 174/472 173/473 175/474
f 174/475 175/476 176/477
f 176/478 175/479 177/480
f 176/481 177/482 178/483
f 178/484 177/485 179/486
f 178/487 179/488 180/489
f 180/490 179/491 181/492
f 180/493 181/494 182/495
f 182/496 181/497 183/498
f 182/499 183/500 32/501
f 32/502 183/503 33/504
f 27/505 30/506 184/507
f 184/508 30/509 185/510
f 184/511 185/512 186/513
f 186/514 185/515 187/516
f 186/517 187/518 188/519
f 188/520 187/521 189/522
f 188/523 189/524 190/525
f 190/526 189/527 191/528
f 190/529 191/530 192/531
f 192/532 191/533 193/534
f 192/535 193/536 194/537
f 194/538 193/539 195/540
f 194/541 195/542 196/543
f 196/544 195/545 197/546
f 196/547 197/548 198/549
f 198/550 197/551 199/552
f 198/553 199/554 200/555
f 200/556 199/557 201/558
f 200/559 201/560 202/561
f 202/562 201/563 203/564
f 202/565 203/566 204/567
f 204/568 203/569 205/570
f 204/571 205/572 206/573
f 206/574 205/575 207/576
f 206/577 207/578 208/579
f 208/580 207/581 209/582
f 208/583 209/584 210/585
f 210/586 209/587 211/588
f 210/589 211/590 212/591
f 212/592 211/593 213/594
f 212/595 213/596 214/597
f 214/598 213/599 215/600
f 214/601 215/602 28/603
f 28/604 215/605 29/606
f 26/607 25/608 216/609
f 216/610 25/611 217/612
f 216/613 217/614 218/615
f 218/616 217/617 219/618
f 218/619 219/620 220/621
f 220/622 219/623 221/624
f 220/625 221/626 222/627
f 222/628 221/629 223/630
f 222/631 223/632 224/633
f 224/634 223/635 225/636
f 224/637 225/638 226/639
f 226/640 225/641 227/642
f 226/643 227/644 228/645
f 228/646 227/647 229/648
f 228/649 229/650 230/651
f 230/652 229/653 231/654
f 230/655 231/656 232/657
f 232/658 231/659 233/660
f 232/661 233/662 234/663
f 234/664 233/665 235/666
f 234/667 235/668 236/669
f 236/670 235/671 237/672
f 236/673 237/674 238/675
f 238/676 237/677 239/678
f 238/679 239/680 3/681
f 3/682 239/683 1/684
f 26/685 240/686 24/687
f 24/688 240/689 241/690
f 24/691 241/692 242/693
f 242/694 241/695 243/696
f 242/697 243/698 244/699
f 244/700 243/701 245/702
f 244/703 245/704 246/705
f 246/706 245/707 2/708
f 246/709 2/710 1/711
f 23/712 22/713 247/714
f 247/715 22/716 248/717
f 247/718 248/719 249/720
f 249/721 248/722 250/723
f 249/724 250/725 251/726
f 251/727 250/728 252/729
f 251/730 252/731 253/732
f 253/733 252/734 254/735
f 253/736 254/737 255/738
f 255/739 254/740 256/741
f 255/742 256/743 257/744
f 257/745 256/746 258/747
f 257/748 258/749 259/750
f 259/751 258/752 260/753
f 259/754 260/755 261/756
f 261/757 260/758 262/759
f 261/760 262/761 263/762
f 263/763 262/764 264/765
f 263/766 264/767 265/768
f 265/769 264/770 266/771
f 265/772 266/773 267/774
f 267/775 266/776 268/777
f 267/778 268/779 269/780
f 269/781 268/782 270/783
f 269/784 270/785 4/786
f 4/787 270/788 5/789
f 20/790 19/791 271/792
f 271/793 19/794 272/795
f 271/796 272/797 273/798
f 273/799 272/800 274/801
f 273/802 274/803 275/804
f 275/805 274/806 276/807
f 275/808 276/809 277/810
f 277/811 276/812 278/813
f 277/814 278/815 279/816
f 279/817 278/818 280/819
f 279/820 280/821 281/822
f 281/823 280/824 282/825
f 281/826 282/827 283/828
f 283/829 282/830 284/831
f 283/832 284/833 285/834
f 285/835 284/836 286/837
f 285/838 286/839 287/840
f 287/841 286/842 288/843
f 287/844 288/845 289/846
f 289/847 288/848 290/849
f 289/850 290/851 291/852
f 291/853 290/854 292/855
f 291/856 292/857 293/858
f 293/859 292/860 294/861
f 293/862 294/863 13/864
f 13/865 294/866 14/867
f 20/868 295/869 18/870
f 18/871 295/872 296/873
f 18/874 296/875 297/876
f 297/877 296/878 298/879
f 297/880 298/881 299/882
f 299/883 298/884 300/885
f 299/886 300/887 301/888
f 301/889 300/890 15/891
f 301/892 15/893 14/894
f 10/895 17/896 302/897
f 302/898 17/899 303/900
f 302/901 303/902 304/903
f 304/904 303/905 305/906
f 304/907 305/908 306/909
f 306/910 305/911 307/912
f 306/913 307/914 308/915
f 308/916 307/917 309/918
f 308/919 309/920 310/921
f 310/922 309/923 311/924
f 310/925 311/926 312/927
f 312/928 311/929 313/930
f 312/931 313/932 314/933
f 314/934 313/935 315/936
f 314/937 315/938 316/939
f 316/940 315/941 317/942
f 316/943 317/944 318/945
f 318/946 317/947 319/948
f 318/949 319/950 320/951
f 320/952 319/953 321/954
f 320/955 321/956 322/957
f 322/958 321/959 323/960
f 322/961 323/962 324/963
f 324/964 323/965 325/966
f 324/967 325/968 326/969
f 326/970 325/971 327/972
f 326/973 327/974 328/975
f 328/976 327/977 329/978
f 328/979 329/980 330/981
f 330/982 329/983 331/984
f 330/985 331/986 332/987
f 332/988 331/989 333/990
f 332/991 333/992 11/993
f 11/994 333/995 12/996
f 9/997 8/998 334/999
f 334/1000 8/1001 335/1002
f 334/1003 335/1004 336/1005
f 336/1006 335/1007 337/1008
f 336/1009 337/1010 338/1011
f 338/1012 337/1013 339/1014
f 338/1015 339/1016 340/1017
f 340/1018 339/1019 341/1020
f 340/1021 341/1022 342/1023
f 342/1024 341/1025 343/1026
f 342/1027 343/1028 344/1029
f 344/1030 343/1031 345/1032
f 344/1033 345/1034 346/1035
f 346/1036 345/1037 347/1038
f 346/1039 347/1040 348/1041
f 348/1042 347/1043 349/1044
f 348/1045 349/1046 350/1047
f 350/1048 349/1049 351/1050
f 350/1051 351/1052 352/1053
f 352/1054 351/1055 353/1056
f 352/1057 353/1058 354/1059
f 354/1060 353/1061 355/1062
f 354/1063 355/1064 356/1065
f 356/1066 355/1067 357/1068
f 356/1069 357/1070 358/1071
f 358/1072 357/1073 359/1074
f 358/1075 359/1076 360/1077
f 360/1078 359/1079 361/1080
f 360/1081 361/1082 362/1083
f 362/1084 361/1085 363/1086
f 362/1087 363/1088 364/1089
f 364/1090 363/1091 365/1092
f 364/1093 365/1094 16/1095
f 16/1096 365/1097 7/1098
f 261/1099 263/1100 366/1101
f 366/1102 263/1103 265/1104
f 366/1105 265/1106 366/1107
f 366/1108 265/1109 267/1110
f 366/1111 267/1112 366/1113
f 366/1114 267/1115 269/1116
f 366/1117 269/1118 366/1119
f 366/1120 269/1121 4/1122
f 366/1123 4/1124 366/1125
f 366/1126 4/1127 6/1128
f 366/1129 6/1130 366/1131
f 366/1132 6/1133 52/1134
f 366/1135 52/1136 366/1137
f 366/1138 52/1139 54/1140
f 366/1141 54/1142 366/1143
f 366/1144 54/1145 56/1146
f 366/1147 56/1148 366/1149
f 366/1150 56/1151 57/1152
f 366/1153 57/1154 366/1155
f 366/1156 57/1157 23/1158
f 366/1159 23/1160 366/1161
f 366/1162 23/1163 247/1164
f 366/1165 247/1166 366/1167
f 366/1168 247/1169 249/1170
f 366/1171 249/1172 366/1173
f 366/1174 249/1175 251/1176
f 366/1177 251/1178 366/1179
f 366/1180 251/1181 253/1182
f 366/1183 253/1184 366/1185
f 366/1186 253/1187 255/1188
f 366/1189 255/1190 366/1191
f 366/1192 255/1193 257/1194
f 366/1195 257/1196 366/1197
f 366/1198 257/1199 259/1200
f 366/1201 259/1202 261/1203
f 289/1204 291/1205 367/1206
f 367/1207 291/1208 293/1209
f 367/1210 293/1211 367/1212
f 367/1213 293/1214 13/1215
f 367/1216 13/1217 367/1218
f 367/1219 13/1220 15/1221
f 367/1222 15/1223 367/1224
f 367/1225 15/1226 300/1227
f 367/1228 300/1229 367/1230
f 367/1231 300/1232 298/1233
f 367/1234 298/1235 367/1236
f 367/1237 298/1238 296/1239
f 367/1240 296/1241 367/1242
f 367/1243 296/1244 295/1245
f 367/1246 295/1247 367/1248
f 367/1249 295/1250 20/1251
f 367/1252 20/1253 367/1254
f 367/1255 20/1256 271/1257
f 367/1258 271/1259 367/1260
f 367/1261 271/1262 273/1263
f 367/1264 273/1265 367/1266
f 367/1267 273/1268 275/1269
f 367/1270 275/1271 367/1272
f 367/1273 275/1274 277/1275
f 367/1276 277/1277 367/1278
f 367/1279 277/1280 279/1281
f 367/1282 279/1283 367/1284
f 367/1285 279/1286 281/1287
f 367/1288 281/1289 367/1290
f 367/1291 281/1292 283/1293
f 367/1294 283/1295 367/1296
f 367/1297 283/1298 285/1299
f 367/1300 285/1301 367/1302
f 367/1303 285/1304 287/1305
f 367/1306 287/1307 289/1308
f 245/1309 243/1310 368/1311
f 368/1312 243/1313 241/1314
f 368/1315 241/1316 368/1317
f 368/1318 241/1319 240/1320
f 368/1321 240/1322 368/1323
f 368/1324 240/1325 26/1326
f 368/1327 26/1328 368/1329
f 368/1330 26/1331 216/1332
f 368/1333 216/1334 368/1335
f 368/1336 216/1337 218/1338
f 368/1339 218/1340 368/1341
f 368/1342 218/1343 220/1344
f 368/1345 220/1346 368/1347
f 368/1348 220/1349 222/1350
f 368/1351 222/1352 368/1353
f 368/1354 222/1355 224/1356
f 368/1357 224/1358 368/1359
f 368/1360 224/1361 226/1362
f 368/1363 226/1364 368/1365
f 368/1366 226/1367 228/1368
f 368/1369 228/1370 368/1371
f 368/1372 228/1373 230/1374
f 368/1375 230/1376 368/1377
f 368/1378 230/1379 232/1380
f 368/1381 232/1382 368/1383
f 368/1384 232/1385 234/1386
f 368/1387 234/1388 368/1389
f 368/1390 234/1391 236/1392
f 368/1393 236/1394 368/1395
f 368/1396 236/1397 238/1398
f 368/1399 238/1400 368/1401
f 368/1402 238/1403 3/1404
f 368/1405 3/1406 368/1407
f 368/1408 3/1409 2/1410
f 368/1411 2/1412 245/1413
f 183/1414 181/1415 369/1416
f 369/1417 181/1418 179/1419
f 369/1420 179/1421 369/1422
f 369/1423 179/1424 177/1425
f 369/1426 177/1427 369/1428
f 369/1429 177/1430 175/1431
f 369/1432 175/1433 369/1434
f 369/1435 175/1436 173/1437
f 369/1438 173/1439 369/1440
f 369/1441 173/1442 171/1443
f 369/1444 171/1445 369/1446
f 369/1447 171/1448 169/1449
f 369/1450 169/1451 369/1452
f 369/1453 169/1454 167/1455
f 369/1456 167/1457 369/1458
f 369/1459 167/1460 165/1461
f 369/1462 165/1463 369/1464
f 369/1465 165/1466 163/1467
f 369/1468 163/1469 369/1470
f 369/1471 163/1472 161/1473
f 369/1474 161/1475 369/1476
f 369/1477 161/1478 34/1479
f 369/1480 34/1481 369/1482
f 369/1483 34/1484 36/1485
f 369/1486 36/1487 369/1488
f 369/1489 36/1490 158/1491
f 369/1492 158/1493 369/1494
f 369/1495 158/1496 156/1497
f 369/1498 156/1499 369/1500
f 369/1501 156/1502 154/1503
f 369/1504 154/1505 369/1506
f 369/1507 154/1508 153/1509
f 369/1510 153/1511 369/1512
f 369/1513 153/1514 33/1515
f 369/1516 33/1517 183/1518
f 119/1519 117/1520 370/1521
f 370/1522 117/1523 115/1524
f 370/1525 115/1526 370/1527
f 370/1528 115/1529 114/1530
f 370/1531 114/1532 370/1533
f 370/1534 114/1535 46/1536
f 370/1537 46/1538 370/1539
f 370/1540 46/1541 90/1542
f 370/1543 90/1544 370/1545
f 370/1546 90/1547 92/1548
f 370/1549 92/1550 370/1551
f 370/1552 92/1553 94/1554
f 370/1555 94/1556 370/1557
f 370/1558 94/1559 96/1560
f 370/1561 96/1562 370/1563
f 370/1564 96/1565 98/1566
f 370/1567 98/1568 370/1569
f 370/1570 98/1571 100/1572
f 370/1573 100/1574 370/1575
f 370/1576 100/1577 102/1578
f 370/1579 102/1580 370/1581
f 370/1582 102/1583 104/1584
f 370/1585 104/1586 370/1587
f 370/1588 104/1589 106/1590
f 370/1591 106/1592 370/1593
f 370/1594 106/1595 108/1596
f 370/1597 108/1598 370/1599
f 370/1600 108/1601 110/1602
f 370/1603 110/1604 370/1605
f 370/1606 110/1607 112/1608
f 370/1609 112/1610 370/1611
f 370/1612 112/1613 43/1614
f 370/1615 43/1616 370/1617
f 370/1618 43/1619 42/1620
f 370/1621 42/1622 119/1623
f 371/1624 372/1625 373/1626
f 374/1627 375/1628 376/1629
f 373/1630 377/1631 371/1632
f 371/1633 377/1634 377/1635
f 371/1636 377/1637 378/1638
f 378/1639 377/1640 379/1641
f 378/1642 379/1643 380/1644
f 380/1645 379/1646 381/1647
f 380/1648 381/1649 382/1650
f 382/1651 381/1652 383/1653
f 382/1654 383/1655 384/1656
f 384/1657 383/1658 385/1659
f 384/1660 385/1661 386/1662
f 386/1663 385/1664 387/1665
f 386/1666 387/1667 388/1668
f 388/1669 387/1670 389/1671
f 388/1672 389/1673 390/1674
f 390/1675 389/1676 391/1677
f 390/1678 391/1679 392/1680
f 392/1681 391/1682 393/1683
f 392/1684 393/1685 394/1686
f 394/1687 393/1688 395/1689
f 394/1690 395/1691 396/1692
f 396/1693 395/1694 397/1695
f 396/1696 397/1697 398/1698
f 398/1699 397/1700 399/1701
f 398/1702 399/1703 400/1704
f 400/1705 399/1706 374/1707
f 400/1708 374/1709 401/1710
f 401/1711 374/1712 376/1713
f 376/1714 375/1715 402/1716
f 402/1717 375/1718 403/1719
f 402/1720 403/1721 404/1722
f 404/1723 403/1724 405/1725
f 404/1726 405/1727 406/1728
f 406/1729 405/1730 407/1731
f 406/1732 407/1733 372/1734
f 372/1735 407/1736 373/1737
f 388/1738 390/1739 408/1740
f 408/1741 390/1742 392/1743
f 408/1744 392/1745 408/1746
f 408/1747 392/1748 394/1749
f 408/1750 394/1751 408/1752
f 408/1753 394/1754 396/1755
f 408/1756 396/1757 408/1758
f 408/1759 396/1760 398/1761
f 408/1762 398/1763 408/1764
f 408/1765 398/1766 400/1767
f 408/1768 400/1769 408/1770
f 408/1771 400/1772 401/1773
f 408/1774 401/1775 408/1776
f 408/1777 401/1778 376/1779
f 408/1780 376/1781 408/1782
f 408/1783 376/1784 402/1785
f 408/1786 402/1787 408/1788
f 408/1789 402/1790 404/1791
f 408/1792 404/1793 408/1794
f 408/1795 404/1796 406/1797
f 408/1798 406/1799 408/1800
f 408/1801 406/1802 372/1803
f 408/1804 372/1805 408/1806
f 408/1807 372/1808 371/1809
f 408/1810 371/1811 408/1812
f 408/1813 371/1814 378/1815
f 408/1816 378/1817 408/1818
f 408/1819 378/1820 380/1821
f 408/1822 380/1823 408/1824
f 408/1825 380/1826 382/1827
f 408/1828 382/1829 408/1830
f 408/1831 382/1832 384/1833
f 408/1834 384/1835 408/1836
f 408/1837 384/1838 386/1839
f 408/1840 386/1841 388/1842
f 409/1843 410/1844 411/1845
f 412/1846 413/1847 414/1848
f 411/1849 415/1850 409/1851
f 409/1852 415/1853 415/1854
f 409/1855 415/1856 416/1857
f 416/1858 415/1859 417/1860
f 416/1861 417/1862 418/1863
f 418/1864 417/1865 419/1866
f 418/1867 419/1868 420/1869
f 420/1870 419/1871 421/1872
f 420/1873 421/1874 422/1875
f 422/1876 421/1877 423/1878
f 422/1879 423/1880 424/1881
f 424/1882 423/1883 425/1884
f 424/1885 425/1886 426/1887
f 426/1888 425/1889 427/1890
f 426/1891 427/1892 428/1893
f 428/1894 427/1895 429/1896
f 428/1897 429/1898 430/1899
f 430/1900 429/1901 431/1902
f 430/1903 431/1904 432/1905
f 432/1906 431/1907 433/1908
f 432/1909 433/1910 434/1911
f 434/1912 433/1913 435/1914
f 434/1915 435/1916 436/1917
f 436/1918 435/1919 437/1920
f 436/1921 437/1922 438/1923
f 438/1924 437/1925 412/1926
f 438/1927 412/1928 439/1929
f 439/1930 412/1931 414/1932
f 414/1933 413/1934 440/1935
f 440/1936 413/1937 441/1938
f 440/1939 441/1940 442/1941
f 442/1942 441/1943 443/1944
f 442/1945 443/1946 444/1947
f 444/1948 443/1949 445/1950
f 444/1951 445/1952 410/1953
f 410/1954 445/1955 411/1956
f 426/1957 428/1958 446/1959
f 446/1960 428/1961 430/1962
f 446/1963 430/1964 446/1965
f 446/1966 430/1967 432/1968
f 446/1969 432/1970 446/1971
f 446/1972 432/1973 434/1974
f 446/1975 434/1976 446/1977
f 446/1978 434/1979 436/1980
f 446/1981 436/1982 446/1983
f 446/1984 436/1985 438/1986
f 446/1987 438/1988 446/1989
f 446/1990 438/1991 439/1992
f 446/1993 439/1994 446/1995
f 446/1996 439/1997 414/1998
f 446/1999 414/2000 446/2001
f 446/2002 414/2003 440/2004
f 446/2005 440/2006 446/2007
f 446/2008 440/2009 442/2010
f 446/2011 442/2012 446/2013
f 446/2014 442/2015 444/2016
f 446/2017 444/2018 446/2019
f 446/2020 444/2021 410/2022
f 446/2023 410/2024 446/2025
f 446/2026 410/2027 409/2028
f 446/2029 409/2030 446/2031
f 446/2032 409/2033 416/2034
f 446/2035 416/2036 446/2037
f 446/2038 416/2039 418/2040
f 446/2041 418/2042 446/2043
f 446/2044 418/2045 420/2046
f 446/2047 420/2048 446/2049
f 446/2050 420/2051 422/2052
f 446/2053 422/2054 446/2055
f 446/2056 422/2057 424/2058
f 446/2059 424/2060 426/2061
f 447/2062 448/2063 449/2064
f 450/2065 451/2066 452/2067
f 449/2068 448/2069 453/2070
f 453/2071 448/2072 454/2073
f 453/2074 454/2075 455/2076
f 455/2077 454/2078 456/2079
f 455/2080 456/2081 457/2082
f 457/2083 456/2084 458/2085
f 457/2086 458/2087 451/2088
f 451/2089 458/2090 452/2091
f 452/2092 459/2093 450/2094
f 450/2095 459/2096 460/2097
f 450/2098 460/2099 461/2100
f 461/2101 460/2102 462/2103
f 461/2104 462/2105 463/2106
f 463/2107 462/2108 464/2109
f 463/2110 464/2111 465/2112
f 465/2113 464/2114 466/2115
f 465/2116 466/2117 467/2118
f 467/2119 466/2120 468/2121
f 467/2122 468/2123 469/2124
f 469/2125 468/2126 470/2127
f 469/2128 470/2129 471/2130
f 471/2131 470/2132 472/2133
f 471/2134 472/2135 473/2136
f 473/2137 472/2138 474/2139
f 473/2140 474/2141 475/2142
f 475/2143 474/2144 476/2145
f 475/2146 476/2147 477/2148
f 477/2149 476/2150 478/2151
f 477/2152 478/2153 479/2154
f 479/2155 478/2156 480/2157
f 479/2158 480/2159 481/2160
f 481/2161 480/2162 482/2163
f 481/2164 482/2165 483/2166
f 483/2167 482/2168 447/2169
f 483/2170 447/2171 449/2172
f 474/2173 472/2174 484/2175
f 484/2176 472/2177 470/2178
f 484/2179 470/2180 484/2181
f 484/2182 470/2183 468/2184
f 484/2185 468/2186 484/2187
f 484/2188 468/2189 466/2190
f 484/2191 466/2192 484/2193
f 484/2194 466/2195 464/2196
f 484/2197 464/2198 484/2199
f 484/2200 464/2201 462/2202
f 484/2203 462/2204 484/2205
f 484/2206 462/2207 460/2208
f 484/2209 460/2210 484/2211
f 484/2212 460/2213 459/2214
f 484/2215 459/2216 484/2217
f 484/2218 459/2219 452/2220
f 484/2221 452/2222 484/2223
f 484/2224 452/2225 458/2226
f 484/2227 458/2228 484/2229
f 484/2230 458/2231 456/2232
f 484/2233 456/2234 484/2235
f 484/2236 456/2237 454/2238
f 484/2239 454/2240 484/2241
f 484/2242 454/2243 448/2244
f 484/2245 448/2246 484/2247
f 484/2248 448/2249 447/2250
f 484/2251 447/2252 484/2253
f 484/2254 447/2255 482/2256
f 484/2257 482/2258 484/2259
f 484/2260 482/2261 480/2262
f 484/2263 480/2264 484/2265
f 484/2266 480/2267 478/2268
f 484/2269 478/2270 484/2271
f 484/2272 478/2273 476/2274
f 484/2275 476/2276 474/2277
f 485/2278 486/2279 487/2280
f 488/2281 489/2282 490/2283
f 487/2284 486/2285 491/2286
f 491/2287 486/2288 492/2289
f 491/2290 492/2291 493/2292
f 493/2293 492/2294 494/2295
f 493/2296 494/2297 495/2298
f 495/2299 494/2300 496/2301
f 495/2302 496/2303 489/2304
f 489/2305 496/2306 490/2307
f 490/2308 497/2309 488/2310
f 488/2311 497/2312 498/2313
f 488/2314 498/2315 499/2316
f 499/2317 498/2318 500/2319
f 499/2320 500/2321 501/2322
f 501/2323 500/2324 502/2325
f 501/2326 502/2327 503/2328
f 503/2329 502/2330 504/2331
f 503/2332 504/2333 505/2334
f 505/2335 504/2336 506/2337
f 505/2338 506/2339 507/2340
f 507/2341 506/2342 508/2343
f 507/2344 508/2345 509/2346
f 509/2347 508/2348 510/2349
f 509/2350 510/2351 511/2352
f 511/2353 510/2354 512/2355
f 511/2356 512/2357 513/2358
f 513/2359 512/2360 514/2361
f 513/2362 514/2363 515/2364
f 515/2365 514/2366 516/2367
f 515/2368 516/2369 517/2370
f 517/2371 516/2372 518/2373
f 517/2374 518/2375 519/2376
f 519/2377 518/2378 520/2379
f 519/2380 520/2381 521/2382
f 521/2383 520/2384 485/2385
f 521/2386 485/2387 487/2388
f 486/2389 485/2390 522/2391
f 522/2392 485/2393 520/2394
f 522/2395 520/2396 522/2397
f 522/2398 520/2399 518/2400
f 522/2401 518/2402 522/2403
f 522/2404 518/2405 516/2406
f 522/2407 516/2408 522/2409
f 522/2410 516/2411 514/2412
f 522/2413 514/2414 522/2415
f 522/2416 514/2417 512/2418
f 522/2419 512/2420 522/2421
f 522/2422 512/2423 510/2424
f 522/2425 510/2426 522/2427
f 522/2428 510/2429 508/2430
f 522/2431 508/2432 522/2433
f 522/2434 508/2435 506/2436
f 522/2437 506/2438 522/2439
f 522/2440 506/2441 504/2442
f 522/2443 504/2444 522/2445
f 522/2446 504/2447 502/2448
f 522/2449 502/2450 522/2451
f 522/2452 502/2453 500/2454
f 522/2455 500/2456 522/2457
f 522/2458 500/2459 498/2460
f 522/2461 498/2462 522/2463
f 522/2464 498/2465 497/2466
f 522/2467 497/2468 522/2469
f 522/2470 497/2471 490/2472
f 522/2473 490/2474 522/2475
f 522/2476 490/2477 496/2478
f 522/2479 496/2480 522/2481
f 522/2482 496/2483 494/2484
f 522/2485 494/2486 522/2487
f 522/2488 494/2489 492/2490
f 522/2491 492/2492 486/2493
f 523/2494 524/2495 525/2496
f 526/2497 527/2498 528/2499
f 525/2500 524/2501 529/2502
f 529/2503 524/2504 530/2505
f 529/2506 530/2507 531/2508
f 531/2509 530/2510 532/2511
f 531/2512 532/2513 533/2514
f 533/2515 532/2516 534/2517
f 533/2518 534/2519 527/2520
f 527/2521 534/2522 528/2523
f 528/2524 535/2525 526/2526
f 526/2527 535/2528 536/2529
f 526/2530 536/2531 537/2532
f 537/2533 536/2534 538/2535
f 537/2536 538/2537 539/2538
f 539/2539 538/2540 540/2541
f 539/2542 540/2543 541/2544
f 541/2545 540/2546 542/2547
f 541/2548 542/2549 543/2550
f 543/2551 542/2552 544/2553
f 543/2554 544/2555 545/2556
f 545/2557 544/2558 546/2559
f 545/2560 546/2561 547/2562
f 547/2563 546/2564 548/2565
f 547/2566 548/2567 549/2568
f 549/2569 548/2570 550/2571
f 549/2572 550/2573 551/2574
f 551/2575 550/2576 552/2577
f 551/2578 552/2579 553/2580
f 553/2581 552/2582 554/2583
f 553/2584 554/2585 555/2586
f 555/2587 554/2588 556/2589
f 555/2590 556/2591 557/2592
f 557/2593 556/2594 558/2595
f 557/2596 558/2597 559/2598
f 559/2599 558/2600 523/2601
f 559/2602 523/2603 525/2604
f 524/2605 523/2606 560/2607
f 560/2608 523/2609 558/2610
f 560/2611 558/2612 560/2613
f 560/2614 558/2615 556/2616
f 560/2617 556/2618 560/2619
f 560/2620 556/2621 554/2622
f 560/2623 554/2624 560/2625
f 560/2626 554/2627 552/2628
f 560/2629 552/2630 560/2631
f 560/2632 552/2633 550/2634
f 560/2635 550/2636 560/2637
f 560/2638 550/2639 548/2640
f 560/2641 548/2642 560/2643
f 560/2644 548/2645 546/2646
f 560/2647 546/2648 560/2649
f 560/2650 546/2651 544/2652
f 560/2653 544/2654 560/2655
f 560/2656 544/2657 542/2658
f 560/2659 542/2660 560/2661
f 560/2662 542/2663 540/2664
f 560/2665 540/2666 560/2667
f 560/2668 540/2669 538/2670
f 560/2671 538/2672 560/2673
f 560/2674 538/2675 536/2676
f 560/2677 536/2678 560/2679
f 560/2680 536/2681 535/2682
f 560/2683 535/2684 560/2685
f 560/2686 535/2687 528/2688
f 560/2689 528/2690 560/2691
f 560/2692 528/2693 534/2694
f 560/2695 534/2696 560/2697
f 560/2698 534/2699 532/2700
f 560/2701 532/2702 560/2703
f 560/2704 532/2705 530/2706
f 560/2707 530/2708 524/2709
