# Exported from USD for MuJoCo with source material subsets
v -16.6450772 3.25209778 0.827453906
v -16.6432815 3.25722521 0.833091313
v -16.6470237 3.24753349 0.821343118
v -16.6401625 3.26907795 0.842882866
v -16.6490849 3.24361485 0.81487217
v -16.6377801 3.28266781 0.850362712
v -16.6368955 3.28994387 0.853139395
v -16.6512538 3.24035233 0.808063233
v -16.653507 3.23778599 0.800989414
v -16.6362218 3.29749459 0.855254495
v -16.635772 3.30518406 0.856666112
v -16.655819 3.23593729 0.793730879
v -16.6581685 3.23482531 0.7863554
v -16.6355444 3.31301039 0.857381338
v -16.6605551 3.23444861 0.778862828
v -16.6355444 3.32085484 0.857381338
v -16.6629417 3.23482531 0.771370226
v -16.6357699 3.32866924 0.856672907
v -16.665298 3.23594349 0.763972575
v -16.6362213 3.33639162 0.855256164
v -16.6676139 3.23779505 0.75670206
v -16.6368909 3.34390848 0.853153789
v -16.6698672 3.24036759 0.749628091
v -16.6377777 3.35121506 0.850369656
v -16.6720307 3.24362248 0.742836112
v -16.6388673 3.35817736 0.846949005
v -16.6740979 3.24755924 0.736345613
v -16.6401562 3.36479109 0.842902804
v -16.6760341 3.25210159 0.730267877
v -16.6416286 3.37096041 0.838280255
v -16.6778384 3.25725477 0.72460323
v -16.6432716 3.37664097 0.833122367
v -16.6794814 3.26293629 0.719445283
v -16.645076 3.3817951 0.82745775
v -16.6809539 3.26910561 0.714822764
v -16.6470119 3.38633745 0.821379924
v -16.6822427 3.27571934 0.710776502
v -16.6490793 3.39027327 0.814889515
v -16.6833323 3.28268164 0.707355911
v -16.6512427 3.39352864 0.808097446
v -16.6842191 3.28998774 0.704571778
v -16.653496 3.39610117 0.801023478
v -16.6848887 3.29750508 0.702469403
v -16.6558118 3.39795321 0.793752963
v -16.6853401 3.3052265 0.70105266
v -16.6581684 3.39907139 0.7863554
v -16.6855656 3.31304091 0.700344318
v -16.6605552 3.39944857 0.778862113
v -16.6855656 3.32088631 0.700344318
v -16.6629416 3.39907139 0.771370226
v -16.685338 3.32871168 0.701059455
v -16.6652908 3.39795893 0.763994658
v -16.667603 3.39611023 0.756736124
v -16.6848882 3.33640211 0.702471072
v -16.6842145 3.34395283 0.704586143
v -16.6698562 3.39354437 0.749662334
v -16.672025 3.39028185 0.742853368
v -16.6833301 3.35122841 0.707362885
v -16.6809474 3.36481779 0.714842731
v -16.6822367 3.35821408 0.710795278
v -16.641634 3.26291388 0.838264072
v -16.6388734 3.27568262 0.84693029
v -16.6740861 3.38636273 0.736382419
v -16.6778284 3.37667149 0.724634344
v -16.6794761 3.37098234 0.719461495
v -16.6760328 3.38179892 0.730271662
v -14.636564 2.76628249 0.93664884
v -14.6392724 2.73186701 0.93664884
v -14.6365637 2.76628249 0.0676487628
v -14.6392722 2.73186701 0.0676487628
v -14.6473316 2.69829887 0.93664884
v -14.6473314 2.69829887 0.0676487628
v -14.6605426 2.66640466 0.93664881
v -14.6605423 2.66640466 0.0676487628
v -14.6785803 2.63696974 0.93664881
v -14.6785801 2.63696974 0.0676487628
v -14.7010005 2.6107189 0.93664881
v -14.7010003 2.6107189 0.0676487628
v -14.7272514 2.58829873 0.93664881
v -14.7272511 2.58829873 0.0676486436
v -14.7566862 2.57026094 0.93664881
v -14.756686 2.57026094 0.0676486436
v -14.7885804 2.55705016 0.93664881
v -14.7885802 2.55705016 0.0676486436
v -14.8221486 2.5489909 0.93664881
v -14.8221483 2.5489909 0.0676486436
v -14.856564 2.54628247 0.93664881
v -14.8565638 2.54628247 0.0676486436
v -14.6365633 3.86628264 0.93664884
v -14.7009996 4.02184647 0.93664881
v -14.6785795 3.99559563 0.93664881
v -14.6605418 3.96616047 0.93664881
v -14.6473308 3.93426626 0.93664884
v -14.6392717 3.90069836 0.93664884
v -14.7272505 4.04426592 0.93664881
v -14.7566853 4.06230372 0.93664881
v -14.7885795 4.07551497 0.93664881
v -14.8221476 4.08357447 0.93664881
v -14.8565631 4.0862829 0.93664881
v -14.9665641 2.5462827 0.936648721
v -14.9665632 4.0862829 0.936648721
v -14.636563 3.86628264 0.0676487628
v -14.6392714 3.90069836 0.0676487628
v -14.6473305 3.93426626 0.0676487628
v -14.6605415 3.96616047 0.0676487628
v -14.6785793 3.99559563 0.0676487628
v -14.7009994 4.02184647 0.0676487628
v -14.7272502 4.04426592 0.0676486436
v -14.756685 4.06230372 0.0676486436
v -14.7885793 4.07551497 0.0676486436
v -14.8221474 4.08357447 0.0676486436
v -14.8565629 4.0862829 0.0676486436
v -16.1739964 3.45195454 0.0676484052
v -16.1739966 3.17695444 0.0676484052
v -16.3529445 3.23195427 0.0676484052
v -16.3529444 3.39695423 0.0676484052
v -15.9539971 2.54628318 0.0676485244
v -16.1739969 2.76628345 0.0676484052
v -16.1712883 2.73186773 0.0676484052
v -16.1632294 2.69829982 0.0676484052
v -16.1500183 2.66640561 0.0676484052
v -16.1319808 2.63697069 0.0676484052
v -16.1095605 2.61071962 0.0676484052
v -16.0833098 2.58829969 0.0676484052
v -16.0538749 2.57026189 0.0676484052
v -16.0219808 2.55705088 0.0676484052
v -15.9884127 2.54899162 0.0676484052
v -15.9539961 4.08628338 0.0676485244
v -16.1739962 3.86628359 0.0676484052
v -16.1712876 3.90069931 0.0676484052
v -16.1632286 3.93426722 0.0676484052
v -16.1500176 3.96616142 0.0676484052
v -16.1319799 3.99559658 0.0676484052
v -16.1095596 4.02184647 0.0676484052
v -16.0833089 4.04426687 0.0676484052
v -16.053874 4.06230467 0.0676484052
v -16.0219798 4.07551544 0.0676484052
v -15.9884117 4.08357447 0.0676484052
v -14.9665632 4.0862829 0.771648729
v -15.8465631 4.08628338 0.771648491
v -15.9539963 4.08628338 0.936648423
v -15.8465632 4.08628338 0.936648482
v -14.9665641 2.5462827 0.771648729
v -15.846564 2.54628318 0.771648491
v -15.9539973 2.54628318 0.936648423
v -15.8465641 2.54628318 0.936648482
v -15.9884129 2.54899162 0.936648423
v -15.9884119 4.08357447 0.936648423
v -16.0219811 2.55705088 0.936648423
v -16.0219801 4.07551544 0.936648423
v -16.0538752 2.57026189 0.936648423
v -16.0538743 4.06230467 0.936648423
v -16.0833101 2.58829969 0.936648423
v -16.0833091 4.04426687 0.936648423
v -16.1095607 2.61071962 0.936648423
v -16.1095598 4.02184647 0.936648423
v -16.1739971 2.76628345 0.936648363
v -16.1739964 3.86628359 0.936648363
v -16.1319801 3.99559658 0.936648423
v -16.1500178 3.96616142 0.936648423
v -16.1632289 3.93426722 0.936648363
v -16.1712878 3.90069931 0.936648363
v -16.131981 2.63697069 0.936648423
v -16.1500186 2.66640561 0.936648423
v -16.1632296 2.69829982 0.936648363
v -16.1712885 2.73186773 0.936648363
v -16.1739967 3.17695444 0.111648435
v -16.1739965 3.45195454 0.111648435
v -16.6346652 3.39944857 0.765947545
v -16.6369713 3.39820498 0.750758344
v -16.6428407 3.39453238 0.738284165
v -16.6483136 3.38859194 0.726652736
v -16.6532215 3.3806402 0.716221565
v -16.6574296 3.37100857 0.707278306
v -16.6608404 3.36007469 0.700029606
v -16.6633969 3.3482396 0.694596047
v -16.6650817 3.33590477 0.691015357
v -16.6659124 3.32344645 0.689249868
v -16.6659363 3.31120175 0.689199323
v -16.6652231 3.2994582 0.690714771
v -16.6638588 3.28844565 0.693614477
v -16.6619379 3.27833956 0.697696978
v -16.6595584 3.26925772 0.702754373
v -16.6568163 3.26127022 0.708582098
v -16.6538028 3.25440376 0.714986676
v -16.6506011 3.24865168 0.721791202
v -16.6472853 3.2439782 0.728838349
v -16.6439193 3.24032753 0.73599186
v -16.6405575 3.23763006 0.743136907
v -16.6372443 3.23580616 0.750178689
v -16.634015 3.23477381 0.757041806
v -16.6355236 3.23444861 0.766455376
v -16.6124003 3.23444861 0.751089895
v -16.6100468 3.23477381 0.740050757
v -16.5913761 3.23444861 0.73275345
v -16.5903785 3.23477381 0.7210015
v -16.5734826 3.23444861 0.711375827
v -16.5740312 3.23477381 0.699182207
v -16.5590021 3.23444861 0.687607283
v -16.5604787 3.23477381 0.673664028
v -16.5478072 3.23444861 0.66198873
v -16.5490497 3.23477381 0.642309898
v -16.5394187 3.23444861 0.635324473
v -16.5394219 3.23477381 0.604241783
v -16.5325839 3.23444861 0.608307594
v -16.5266751 3.23444861 0.581048304
v -16.5305238 3.23477381 0.562301213
v -16.5208473 3.23444861 0.553790206
v -16.5205809 3.23477381 0.52275675
v -16.514073 3.23444861 0.526770884
v -16.5050836 3.23444861 0.50041079
v -16.5083672 3.23477381 0.48891967
v -16.4934909 3.23444861 0.475089425
v -16.4932498 3.23477381 0.459975893
v -16.4787778 3.23444861 0.451357955
v -16.4739459 3.23477333 0.433262998
v -16.4612584 3.23444861 0.429684097
v -16.4486546 3.23477333 0.40643912
v -16.4418128 3.23444861 0.409683997
v -16.4210612 3.23444861 0.39099502
v -16.4175037 3.23477333 0.378645593
v -16.3997621 3.23444861 0.372967714
v -16.384954 3.23477333 0.350635404
v -16.3787506 3.23444861 0.35464322
v -16.3583088 3.23444765 0.335706348
v -16.3555499 3.23477333 0.322884494
v -16.3389053 3.23444765 0.315693492
v -16.3306401 3.23477333 0.294944758
v -16.3209708 3.23444765 0.294346625
v -16.3103925 3.23477333 0.266502494
v -16.3050171 3.23444765 0.271519655
v -16.2913397 3.23444765 0.247234637
v -16.2946958 3.23477333 0.237427944
v -16.280349 3.23444765 0.221578473
v -16.2833176 3.23477333 0.20742392
v -16.2724245 3.23444765 0.19486546
v -16.2762721 3.23477333 0.176735157
v -16.2676465 3.23444765 0.167411441
v -16.2734163 3.23477333 0.14481687
v -16.2660476 3.23444765 0.139538998
v -16.2674967 3.23444765 0.111648435
v -16.2753602 3.23482483 0.111648435
v -16.2809395 3.23580616 0.143852109
v -16.283124 3.23594349 0.111648435
v -16.2886587 3.23762959 0.142862195
v -16.2907545 3.23779505 0.111648435
v -16.296491 3.24032753 0.141857857
v -16.2981787 3.24036759 0.111648435
v -16.3043325 3.2439782 0.140852088
v -16.3053068 3.24362248 0.111648435
v -16.3121186 3.24755829 0.111648435
v -16.3120575 3.2486512 0.139861459
v -16.3184974 3.25210112 0.111648435
v -16.3195166 3.25440376 0.138905043
v -16.3244424 3.25725477 0.111648435
v -16.3265372 3.26127022 0.138004655
v -16.3298556 3.26293534 0.111648435
v -16.3329255 3.26925724 0.13718533
v -16.334707 3.26910513 0.111648435
v -16.3389535 3.27571886 0.111648435
v -16.3384693 3.27833956 0.136474246
v -16.3425436 3.28268164 0.111648435
v -16.3429445 3.28844565 0.135900373
v -16.3454655 3.28998726 0.111648435
v -16.346123 3.29945725 0.135492796
v -16.347672 3.29750508 0.111648435
v -16.3491589 3.3052265 0.111648435
v -16.3477843 3.31120127 0.135279769
v -16.3499022 3.31304091 0.111648435
v -16.3477288 3.32344597 0.135286802
v -16.3499022 3.32088631 0.111648435
v -16.3491517 3.32871168 0.111648435
v -16.3457935 3.33590477 0.135535115
v -16.3476701 3.33640211 0.111648435
v -16.3454503 3.34395235 0.111648435
v -16.3418684 3.3482396 0.136038417
v -16.3425362 3.35122793 0.111648435
v -16.3359123 3.36007422 0.136802191
v -16.3389338 3.3582136 0.111648435
v -16.334686 3.36481779 0.111648435
v -16.3279663 3.37100857 0.137821192
v -16.3298386 3.37098187 0.111648435
v -16.3244097 3.37667101 0.111648435
v -16.3181629 3.3806402 0.139078492
v -16.3184932 3.38179844 0.111648435
v -16.3120799 3.38636225 0.111648435
v -16.3067282 3.38859194 0.140544767
v -16.3052887 3.39028137 0.111648435
v -16.2939782 3.39453238 0.14217996
v -16.2981426 3.39354389 0.111648435
v -16.2907187 3.39611023 0.111648435
v -16.2803041 3.39820498 0.143933648
v -16.2831007 3.39795845 0.111648435
v -16.2753601 3.39907139 0.111648435
v -16.2660515 3.39944761 0.140530342
v -16.2674966 3.39944761 0.111648435
v -16.2679059 3.39944761 0.169260854
v -16.2829785 3.39820498 0.174933547
v -16.2730927 3.39944761 0.197686309
v -16.2897157 3.39820498 0.204724902
v -16.2817237 3.39944761 0.225287193
v -16.3006712 3.39820498 0.233889991
v -16.2934924 3.39944761 0.251605386
v -16.3158667 3.39820498 0.262229914
v -16.3081165 3.39944761 0.276517624
v -16.3355774 3.39820498 0.290061587
v -16.3251864 3.39944761 0.299854213
v -16.3442107 3.39944761 0.321617478
v -16.3599787 3.39820498 0.317535931
v -16.3646024 3.39944761 0.342050189
v -16.3890018 3.39820498 0.344993109
v -16.3860142 3.39944857 0.361454958
v -16.4079061 3.39944857 0.38029843
v -16.4214575 3.39820498 0.372936958
v -16.4297038 3.39944857 0.399227137
v -16.4529257 3.39820498 0.400963718
v -16.4506712 3.39944857 0.41906392
v -16.4788177 3.39820498 0.428314561
v -16.4700938 3.39944857 0.440359825
v -16.4870201 3.39944857 0.463722104
v -16.4987684 3.39820498 0.455760771
v -16.5005733 3.39944857 0.489274615
v -16.5144258 3.39820498 0.485526377
v -16.5110059 3.39944857 0.516166383
v -16.5270057 3.39820498 0.520121569
v -16.5190109 3.39944857 0.543966884
v -16.5371227 3.39820498 0.560138816
v -16.5254641 3.39944857 0.57214194
v -16.5314055 3.39944857 0.600393111
v -16.5460159 3.39820498 0.602064425
v -16.5379958 3.39944857 0.628486687
v -16.5554568 3.39820498 0.639632398
v -16.5460779 3.39944857 0.656156594
v -16.5664981 3.39820498 0.670201415
v -16.5567974 3.39944857 0.68292957
v -16.5794706 3.39820498 0.6948654
v -16.5711097 3.39944857 0.708074922
v -16.5950713 3.39820498 0.715882892
v -16.5891969 3.39944857 0.730477506
v -16.6138903 3.39820498 0.734267259
v -16.6105819 3.39944857 0.749875033
v -16.2962927 3.39453238 0.171356911
v -16.3024179 3.39453238 0.199366564
v -16.3125338 3.39453238 0.22686618
v -16.3267345 3.39453238 0.253747696
v -16.3453792 3.39453238 0.280367369
v -16.3687714 3.39453238 0.306917781
v -16.3970381 3.39453238 0.333791429
v -16.429307 3.39453238 0.361603672
v -16.4614051 3.39453238 0.390093679
v -16.4884897 3.39453238 0.418490523
v -16.5097244 3.39453238 0.447392875
v -16.526454 3.39453238 0.47878986
v -16.5397607 3.39453238 0.514890188
v -16.5502233 3.39453238 0.555845732
v -16.5591068 3.39453238 0.597741717
v -16.568177 3.39453238 0.634316916
v -16.5784482 3.39453238 0.66332739
v -16.5902695 3.39453238 0.686295623
v -16.6043876 3.39453238 0.705721194
v -16.6215207 3.39453238 0.722785348
v -16.6286353 3.38859194 0.712079281
v -16.6350161 3.3806402 0.702477926
v -16.6404867 3.37100857 0.694246108
v -16.6449206 3.36007469 0.687573964
v -16.6482443 3.3482396 0.682572717
v -16.6504347 3.33590477 0.679276878
v -16.6515146 3.32344645 0.677651877
v -16.6515456 3.31120175 0.677605266
v -16.6506184 3.2994582 0.679000312
v -16.6488448 3.28844565 0.68166923
v -16.6463476 3.27833956 0.685427004
v -16.6432541 3.26925724 0.690082008
v -16.6396891 3.26127022 0.695446128
v -16.6357716 3.25440376 0.701341206
v -16.6316093 3.24865168 0.707604522
v -16.6272986 3.2439782 0.714090997
v -16.622923 3.24032753 0.720675403
v -16.6185524 3.23763006 0.727252001
v -16.614245 3.23580616 0.733733708
v -16.5955042 3.23580616 0.715410704
v -16.5799725 3.23580616 0.694467181
v -16.5670534 3.23580616 0.669882053
v -16.5560481 3.23580616 0.639385397
v -16.5466242 3.23580616 0.601863498
v -16.5377315 3.23580616 0.55993926
v -16.5275984 3.23580616 0.519878501
v -16.5149848 3.23580616 0.485213274
v -16.4992776 3.23580616 0.45537197
v -16.4792672 3.23580616 0.427857989
v -16.4533198 3.23580616 0.400458628
v -16.4218224 3.23580616 0.372410292
v -16.3893753 3.23580616 0.344472581
v -16.3603874 3.23580616 0.317042524
v -16.3360329 3.23580616 0.289611096
v -16.3163717 3.23580616 0.261835748
v -16.3012225 3.23580616 0.233563656
v -16.2903061 3.23580616 0.204475993
v -16.2835973 3.23580616 0.174767369
v -16.2911133 3.23762959 0.172748202
v -16.2987392 3.24032753 0.170699472
v -16.3063744 3.2439782 0.168648476
v -16.3138959 3.2486512 0.166627878
v -16.3211586 3.25440376 0.16467678
v -16.3279943 3.26127022 0.162840361
v -16.3342144 3.26925724 0.161169523
v -16.3396122 3.27833956 0.159719342
v -16.3439695 3.28844565 0.158548826
v -16.3470644 3.29945725 0.157717461
v -16.3486819 3.31120127 0.157282943
v -16.3486279 3.32344597 0.157297248
v -16.3467435 3.33590477 0.15780353
v -16.3429218 3.3482396 0.15883016
v -16.3371225 3.36007422 0.160388226
v -16.3293858 3.37100857 0.16246664
v -16.3198404 3.3806402 0.165030951
v -16.308707 3.38859194 0.168021792
v -16.3142617 3.38859194 0.194370383
v -16.323595 3.38859194 0.220317
v -16.336868 3.38859194 0.245838696
v -16.3545188 3.38859194 0.271328026
v -16.3769699 3.38859194 0.297016973
v -16.4045312 3.38859194 0.323346728
v -16.4366261 3.38859194 0.351036305
v -16.4693116 3.38859194 0.379958207
v -16.497508 3.38859194 0.409330422
v -16.5199402 3.38859194 0.439590508
v -16.5376694 3.38859194 0.472508484
v -16.5516538 3.38859194 0.510012263
v -16.5624388 3.38859194 0.551842803
v -16.571313 3.38859194 0.593711192
v -16.5800376 3.38859194 0.629360611
v -16.5895907 3.38859194 0.656917745
v -16.6003385 3.38859194 0.678304786
v -16.6130746 3.38859194 0.696246082
v -16.620865 3.3806402 0.687748665
v -16.6275443 3.37100857 0.680463308
v -16.6329582 3.36007469 0.674558395
v -16.6370164 3.3482396 0.670132214
v -16.6396905 3.33590477 0.667215282
v -16.641009 3.32344645 0.665777141
v -16.6410469 3.31120175 0.665735895
v -16.639915 3.2994582 0.666970486
v -16.6377494 3.28844565 0.669332558
v -16.6347004 3.27833956 0.672658259
v -16.6309233 3.26925724 0.676778072
v -16.6265708 3.26127022 0.681525404
v -16.6217875 3.25440376 0.686742658
v -16.6167055 3.24865168 0.69228577
v -16.6114424 3.2439782 0.698026473
v -16.6060997 3.24032753 0.70385378
v -16.6007634 3.23763006 0.709674174
v -16.5860686 3.23763006 0.68962943
v -16.5737994 3.23762959 0.666001493
v -16.5632287 3.23762959 0.63638478
v -16.5540142 3.23762959 0.599423403
v -16.545127 3.23762959 0.557515794
v -16.5347988 3.23762959 0.516925329
v -16.5217749 3.23762959 0.481410498
v -16.5054625 3.23762959 0.450648243
v -16.4847271 3.23762959 0.422312314
v -16.4581065 3.23762959 0.39432227
v -16.4262535 3.23762959 0.366012627
v -16.3939119 3.23762959 0.338149125
v -16.3653509 3.23762959 0.311048502
v -16.3415662 3.23762959 0.284138614
v -16.3225068 3.23762959 0.257047469
v -16.3079191 3.23762959 0.229598576
v -16.2974765 3.23762959 0.201451058
v -16.3047521 3.24032753 0.198382014
v -16.3120363 3.2439782 0.195309156
v -16.3192123 3.24865168 0.192282075
v -16.3261412 3.25440376 0.189359302
v -16.3326627 3.26127022 0.18660819
v -16.3385969 3.26925724 0.184104914
v -16.3437467 3.27833956 0.181932444
v -16.3479037 3.28844565 0.180178875
v -16.3508564 3.29945725 0.178933376
v -16.3523996 3.31120127 0.178282374
v -16.3523481 3.32344597 0.178304071
v -16.3505503 3.33590477 0.179062361
v -16.3469042 3.3482396 0.180600518
v -16.3413714 3.36007422 0.182934517
v -16.3339903 3.37100857 0.186048144
v -16.3248836 3.3806402 0.189889664
v -16.3335148 3.3806402 0.214443678
v -16.3459558 3.3806402 0.238745803
v -16.3627154 3.3806402 0.263221497
v -16.3843224 3.3806402 0.288138026
v -16.4112513 3.3806402 0.313979799
v -16.4431901 3.3806402 0.341559226
v -16.4764022 3.3806402 0.370868439
v -16.5055959 3.3806402 0.401115412
v -16.5291019 3.3806402 0.432593042
v -16.5477275 3.3806402 0.466875309
v -16.5623197 3.3806402 0.50563758
v -16.5733937 3.3806402 0.548252875
v -16.5822599 3.3806402 0.590096587
v -16.5906745 3.3806402 0.624915654
v -16.5995836 3.3806402 0.651169473
v -16.6093689 3.3806402 0.671138519
v -16.6171108 3.37100857 0.664994473
v -16.623386 3.36007469 0.660014624
v -16.6280898 3.3482396 0.656281823
v -16.6311896 3.33590477 0.65382188
v -16.6327179 3.32344645 0.652608925
v -16.6327617 3.31120175 0.652574236
v -16.6314496 3.2994582 0.653615409
v -16.6289394 3.28844565 0.655607397
v -16.6254052 3.27833956 0.658412153
v -16.6210273 3.26925724 0.661886508
v -16.6159823 3.26127022 0.665890211
v -16.6104379 3.25440376 0.670290166
v -16.6045473 3.24865168 0.67496478
v -16.5984465 3.2439782 0.679806286
v -16.5922539 3.24032753 0.684720809
v -16.5806441 3.24032753 0.662064189
v -16.5705145 3.24032753 0.633340115
v -16.5615123 3.24032753 0.596947426
v -16.5526308 3.24032753 0.555056864
v -16.5421046 3.24032753 0.513928885
v -16.5286643 3.24032753 0.477551991
v -16.5117378 3.24032753 0.445855254
v -16.490267 3.24032753 0.416685337
v -16.4629633 3.24032753 0.388096267
v -16.4307495 3.24032753 0.359521145
v -16.3985149 3.24032753 0.331733102
v -16.3703871 3.24032753 0.304966623
v -16.3471805 3.24032753 0.278585846
v -16.3287316 3.24032753 0.252189154
v -16.3147138 3.24032753 0.225575561
v -16.3215166 3.2439782 0.221547717
v -16.3282182 3.24865168 0.217579717
v -16.3346892 3.25440376 0.21374833
v -16.3407798 3.26127022 0.21014213
v -16.3463218 3.26925724 0.206860775
v -16.3511311 3.27833956 0.204013223
v -16.3550135 3.28844565 0.20171451
v -16.357771 3.29945725 0.20008182
v -16.3592123 3.31120127 0.1992284
v -16.3591641 3.32344597 0.199257011
v -16.3574852 3.33590477 0.200250978
v -16.3540801 3.3482396 0.202267284
v -16.3489129 3.36007422 0.205326552
v -16.3420196 3.37100857 0.209408039
v -16.3537474 3.37100857 0.232664579
v -16.3697426 3.37100857 0.256271297
v -16.3906262 3.37100857 0.280525381
v -16.4170127 3.37100857 0.305949027
v -16.4488177 3.37100857 0.33343398
v -16.4824812 3.37100857 0.36307537
v -16.51253 3.37100857 0.394072289
v -16.5369567 3.37100857 0.426593775
v -16.5563509 3.37100857 0.462045604
v -16.5714642 3.37100857 0.501887077
v -16.5827861 3.37100857 0.545175129
v -16.5916452 3.37100857 0.586997563
v -16.5997938 3.37100857 0.621104652
v -16.608151 3.37100857 0.646241242
v -16.6150951 3.36007469 0.642246777
v -16.6203002 3.3482396 0.639252597
v -16.6237305 3.33590477 0.637279386
v -16.6254218 3.32344645 0.636306578
v -16.6254705 3.31120175 0.636278624
v -16.6240185 3.2994582 0.637113804
v -16.6212406 3.28844565 0.638711626
v -16.6173297 3.27833956 0.640961403
v -16.6124849 3.26925724 0.643748278
v -16.6069021 3.26127022 0.646959716
v -16.6007666 3.25440376 0.650489086
v -16.594248 3.24865168 0.654238814
v -16.587497 3.2439782 0.658122176
v -16.577809 3.2439782 0.630291874
v -16.5690195 3.2439782 0.594468588
v -16.5601435 3.2439782 0.552594954
v -16.549419 3.2439782 0.510928804
v -16.535562 3.2439782 0.473688776
v -16.5180207 3.2439782 0.441056544
v -16.4958134 3.2439782 0.411051685
v -16.4678259 3.2439782 0.381862694
v -16.4352509 3.2439782 0.353021974
v -16.4031233 3.2439782 0.32530939
v -16.3754294 3.2439782 0.298877472
v -16.3528015 3.2439782 0.27302658
v -16.3349639 3.2439782 0.247324878
v -16.3411035 3.24865168 0.242533022
v -16.3470318 3.25440376 0.237906093
v -16.3526115 3.26127022 0.233551079
v -16.3576888 3.26925724 0.229588503
v -16.3620949 3.27833956 0.226149553
v -16.3656517 3.28844565 0.223373646
v -16.3681779 3.29945725 0.221401924
v -16.3694982 3.31120127 0.22037136
v -16.3694541 3.32344597 0.220405811
v -16.367916 3.33590477 0.221606249
v -16.3647963 3.3482396 0.224041099
v -16.3600626 3.36007422 0.227735633
v -16.3754385 3.36007422 0.250638062
v -16.3957356 3.36007422 0.274355227
v -16.4216826 3.36007422 0.299439723
v -16.453379 3.36007422 0.326848322
v -16.4874085 3.36007422 0.356758887
v -16.5181504 3.36007422 0.388363594
v -16.5433232 3.36007469 0.421731228
v -16.5633404 3.36007469 0.45813101
v -16.578876 3.36007469 0.498847121
v -16.5903988 3.36007469 0.542680377
v -16.5992523 3.36007469 0.584485644
v -16.6071857 3.36007469 0.61801582
v -16.6127261 3.3482396 0.615700537
v -16.6163775 3.33590477 0.614174718
v -16.6181776 3.32344645 0.613422388
v -16.6182294 3.31120175 0.613400871
v -16.616684 3.2994582 0.614046687
v -16.6137271 3.28844565 0.615282291
v -16.6095641 3.27833956 0.617021913
v -16.6044071 3.26925724 0.619176919
v -16.5984645 3.26127022 0.621660287
v -16.5919338 3.25440376 0.624389464
v -16.5849951 3.24865168 0.627288872
v -16.5764149 3.24865168 0.592026586
v -16.5675445 3.24865168 0.550169701
v -16.5566248 3.24865168 0.507973427
v -16.5423571 3.24865168 0.469883079
v -16.5242102 3.24865168 0.4363293
v -16.5012774 3.24865168 0.405501777
v -16.4726162 3.24865168 0.375721866
v -16.4396854 3.24865168 0.346619422
v -16.4076632 3.24865168 0.318981225
v -16.3803967 3.24865168 0.29287892
v -16.3583389 3.24865168 0.267549986
v -16.3636858 3.25440376 0.262261921
v -16.3687183 3.26127022 0.257284516
v -16.3732975 3.26925724 0.252755577
v -16.3772715 3.27833956 0.248825306
v -16.3804793 3.28844565 0.24565261
v -16.3827578 3.29945725 0.243399138
v -16.3839487 3.31120127 0.24222135
v -16.3839089 3.32344597 0.242260689
v -16.3825216 3.33590477 0.243632728
v -16.379708 3.3482396 0.246415431
v -16.3995655 3.3482396 0.269730145
v -16.4251829 3.3482396 0.294560665
v -16.456798 3.3482396 0.321911925
v -16.491102 3.3482396 0.352024073
v -16.5223632 3.3482396 0.384084517
v -16.5480954 3.3482396 0.418086344
v -16.5685795 3.3482396 0.455196673
v -16.5844318 3.3482396 0.496568376
v -16.5961052 3.3482396 0.540810401
v -16.6049543 3.3482396 0.582602793
v -16.608712 3.33590477 0.581362003
v -16.6105648 3.32344645 0.580750162
v -16.6106179 3.31120175 0.580732638
v -16.6090274 3.2994582 0.581257874
v -16.6059845 3.28844565 0.582262689
v -16.6017002 3.27833956 0.583677346
v -16.5963928 3.26925724 0.585429782
v -16.5902771 3.26127022 0.587449307
v -16.5835559 3.25440376 0.589668686
v -16.5746907 3.25440376 0.547827894
v -16.5635824 3.25440376 0.505119795
v -16.5489182 3.25440376 0.466208333
v -16.5301865 3.25440376 0.431764716
v -16.5065534 3.25440376 0.400142843
v -16.4772416 3.25440376 0.369792396
v -16.4439672 3.25440376 0.340437287
v -16.4120469 3.25440376 0.312870914
v -16.385193 3.25440376 0.287086779
v -16.3897073 3.26127022 0.2816351
v -16.393815 3.26925724 0.276674623
v -16.3973798 3.27833956 0.272369677
v -16.4002574 3.28844565 0.268894726
v -16.4023012 3.29945725 0.266426438
v -16.4033695 3.31120127 0.265136415
v -16.4033338 3.32344597 0.26517939
v -16.4020894 3.33590477 0.266682321
v -16.4274897 3.33590477 0.291345233
v -16.4590512 3.33590477 0.318658763
v -16.493536 3.33590477 0.348904008
v -16.5251395 3.33590477 0.381264621
v -16.5512403 3.33590477 0.415684396
v -16.5720321 3.33590477 0.453263039
v -16.588093 3.33590477 0.495066756
v -16.5998656 3.33590477 0.539578194
v -16.6017197 3.32344645 0.538970584
v -16.6017728 3.31120175 0.53895312
v -16.6001812 3.2994582 0.53947472
v -16.597136 3.28844565 0.540472621
v -16.5928486 3.27833956 0.541877681
v -16.5875372 3.26925724 0.543618137
v -16.5814169 3.26127022 0.545623774
v -16.5701312 3.26127022 0.502433771
v -16.5550938 3.26127022 0.462749714
v -16.5358117 3.26127022 0.427468413
v -16.5115192 3.26127022 0.395099038
v -16.4815951 3.26127022 0.364211494
v -16.4479973 3.26127022 0.334618503
v -16.4161729 3.26127022 0.307119721
v -16.4199273 3.26925724 0.301886493
v -16.4231853 3.27833956 0.297345156
v -16.4258153 3.28844565 0.293679172
v -16.4276834 3.29945725 0.291075403
v -16.4286598 3.31120127 0.28971439
v -16.4286271 3.32344645 0.289759928
v -16.4601622 3.32344645 0.317054743
v -16.4947361 3.32344645 0.347365493
v -16.5265084 3.32344645 0.379874224
v -16.5527909 3.32344645 0.414500112
v -16.5737345 3.32344645 0.452309603
v -16.5898983 3.32344645 0.494326347
v -16.58995 3.31120175 0.494305128
v -16.5884004 3.2994582 0.494940693
v -16.5854355 3.28844565 0.496156806
v -16.5812612 3.27833956 0.49786889
v -16.57609 3.26925724 0.499989802
v -16.5607131 3.26925724 0.45960247
v -16.5409301 3.26925724 0.423559124
v -16.5160377 3.26925724 0.390509421
v -16.4855565 3.26925724 0.359133178
v -16.4516644 3.26925724 0.329323882
v -16.4548469 3.27833956 0.324729199
v -16.4574157 3.28844565 0.321020061
v -16.4592403 3.29945725 0.318385715
v -16.460194 3.31120127 0.317008788
v -16.4947705 3.31120127 0.347321385
v -16.5265477 3.31120175 0.379834408
v -16.5528354 3.31120175 0.414466197
v -16.5737833 3.31120175 0.452282304
v -16.572322 3.2994582 0.453100735
v -16.5695261 3.28844565 0.454666728
v -16.5655896 3.27833956 0.456871385
v -16.5453719 3.27833956 0.420166546
v -16.519959 3.27833956 0.386526579
v -16.4889942 3.27833956 0.354726249
v -16.4917692 3.28844565 0.351168746
v -16.4937403 3.29945725 0.348642105
v -16.5253726 3.29945725 0.381027872
v -16.5515042 3.29945725 0.415482813
v -16.5489576 3.28844565 0.417427951
v -16.5231243 3.28844565 0.383311504
v -16.6220569 3.39820545 0.774908656
v -16.5935016 3.39820498 0.754191333
v -16.5700935 3.39820498 0.730310911
v -16.5509417 3.39820498 0.702449733
v -16.5354226 3.39820498 0.669116909
v -16.5230175 3.39820498 0.628482813
v -16.5129209 3.39820498 0.582752878
v -16.5029528 3.39820498 0.539363796
v -16.4912283 3.39820498 0.503563756
v -16.4768017 3.39820498 0.474262888
v -16.4578483 3.39820498 0.447489971
v -16.4314586 3.39820498 0.419727379
v -16.3973963 3.39820498 0.389723295
v -16.3617732 3.39820498 0.358670765
v -16.3298761 3.39820498 0.327016288
v -16.3032554 3.39820498 0.294393951
v -16.2821464 3.39820498 0.260499055
v -16.2665685 3.39820498 0.225217575
v -16.2565962 3.39820498 0.188810104
v -16.252128 3.39820498 0.150908107
v -16.2596331 3.39907139 0.111648435
v -16.2518693 3.39795273 0.111648435
v -16.2442387 3.39610117 0.111648435
v -16.2384769 3.39453238 0.152832979
v -16.2368146 3.39352864 0.111648435
v -16.2257481 3.38859194 0.154627914
v -16.2296864 3.39027327 0.111648435
v -16.2228746 3.38633698 0.111648435
v -16.2143328 3.38064116 0.156237597
v -16.2164959 3.3817951 0.111648435
v -16.2105508 3.37664097 0.111648435
v -16.2045457 3.37100857 0.157617683
v -16.2051376 3.37095993 0.111648435
v -16.2002862 3.36479109 0.111648435
v -16.1966131 3.36007469 0.158736223
v -16.1960397 3.35817736 0.111648435
v -16.1906669 3.34824055 0.159574741
v -16.1924497 3.35121458 0.111648435
v -16.1895278 3.34390848 0.111648435
v -16.1867483 3.33590477 0.160127396
v -16.1873213 3.33639115 0.111648435
v -16.1858344 3.32866924 0.111648435
v -16.1848162 3.32344645 0.160399789
v -16.185091 3.32085484 0.111648435
v -16.1847609 3.31120175 0.160407538
v -16.185091 3.31300991 0.111648435
v -16.1858415 3.30518406 0.111648435
v -16.1864194 3.2994582 0.160173768
v -16.1873231 3.29749459 0.111648435
v -16.1895926 3.28844565 0.159726256
v -16.1895429 3.28994339 0.111648435
v -16.192457 3.28266781 0.111648435
v -16.1940601 3.27833956 0.159096235
v -16.1960594 3.27568262 0.111648435
v -16.1995946 3.26925724 0.158315772
v -16.2003072 3.26907795 0.111648435
v -16.2051547 3.26291388 0.111648435
v -16.205972 3.26127022 0.157416457
v -16.2105835 3.25722426 0.111648435
v -16.2129809 3.25440376 0.156428331
v -16.2165 3.2520973 0.111648435
v -16.2204273 3.24865168 0.155378217
v -16.2229133 3.24753349 0.111648435
v -16.2281393 3.2439782 0.15429067
v -16.2297046 3.24361485 0.111648435
v -16.2359677 3.24032753 0.153186912
v -16.2368506 3.24035233 0.111648435
v -16.2437868 3.23762959 0.152084345
v -16.2442746 3.23778551 0.111648435
v -16.2518925 3.23593729 0.111648435
v -16.251493 3.23580616 0.150997633
v -16.2596332 3.23482483 0.111648435
v -16.2590035 3.23477333 0.149938578
v -16.2632529 3.23477333 0.186834449
v -16.272856 3.23477333 0.222271437
v -16.2879378 3.23477333 0.256668383
v -16.3084739 3.23477333 0.289813572
v -16.3345138 3.23477333 0.321848685
v -16.3659254 3.23477333 0.35310542
v -16.4013364 3.23477333 0.384005839
v -16.4356614 3.23477333 0.414200241
v -16.4626886 3.23477333 0.442511612
v -16.4823487 3.23477333 0.47008633
v -16.49735 3.23477381 0.500286693
v -16.5094352 3.23477381 0.5368756
v -16.5195368 3.23477381 0.580645258
v -16.529555 3.23477381 0.626142735
v -16.5416516 3.23477381 0.666048581
v -16.5566221 3.23477381 0.698456461
v -16.5750132 3.23477381 0.725410873
v -16.5975127 3.23477381 0.748523408
v -16.6250978 3.23477381 0.768666351
v -16.2559814 3.23580616 0.188992614
v -16.2659877 3.23580616 0.225489611
v -16.2816116 3.23580616 0.260852927
v -16.3027734 3.23580616 0.294817025
v -16.3294477 3.23580616 0.327493602
v -16.3613898 3.23580616 0.359184856
v -16.3970325 3.23580616 0.390251452
v -16.4310705 3.23580616 0.420237953
v -16.4574013 3.23580616 0.447949761
v -16.4762894 3.23580616 0.474648708
v -16.490663 3.23580616 0.503866488
v -16.5023541 3.23580616 0.539593691
v -16.5123098 3.23580616 0.582947547
v -16.5224138 3.23580616 0.62869888
v -16.5348474 3.23580616 0.669400329
v -16.5504171 3.23580616 0.702818626
v -16.5696391 3.23580616 0.730763519
v -16.5931312 3.23580616 0.754714841
v -16.6217762 3.23580616 0.775485212
v -16.6183681 3.23763006 0.782481724
v -16.6149101 3.24032753 0.789580727
v -16.6114479 3.2439782 0.796688164
v -16.6080372 3.24865168 0.803689921
v -16.6047439 3.25440424 0.810450548
v -16.6016442 3.26127022 0.81681391
v -16.5988237 3.26925772 0.822604055
v -16.5963761 3.27834004 0.827628756
v -16.5944003 3.2884466 0.831685031
v -16.592997 3.2994582 0.834565962
v -16.5922635 3.31120175 0.836071754
v -16.592288 3.32344692 0.836021477
v -16.5931424 3.33590525 0.834267253
v -16.5948754 3.34824055 0.830709571
v -16.5975051 3.36007517 0.82531097
v -16.6010135 3.37100952 0.818108791
v -16.6053418 3.38064116 0.80922314
v -16.6103902 3.38859242 0.798859054
v -16.6160197 3.39453238 0.787302608
v -16.585538 3.39453238 0.765444631
v -16.5603257 3.39453238 0.740039671
v -16.5396635 3.39453238 0.710378284
v -16.5230555 3.39453238 0.675208921
v -16.5100379 3.39453238 0.633128876
v -16.4997851 3.39453238 0.586937601
v -16.4900823 3.39453238 0.544304127
v -16.4790741 3.39453238 0.510070259
v -16.4657884 3.39453238 0.482555324
v -16.448238 3.39453238 0.457374329
v -16.4231142 3.39453238 0.430701429
v -16.3895737 3.39453238 0.401075238
v -16.3535293 3.39453238 0.369720513
v -16.3206679 3.39453238 0.337276393
v -16.2928941 3.39453238 0.303488189
v -16.2706482 3.39453238 0.268104786
v -16.2540848 3.39453238 0.231067056
v -16.2433799 3.39453238 0.192732448
v -16.2310565 3.38859242 0.196389789
v -16.2200046 3.38064116 0.199669832
v -16.2105293 3.37100857 0.202481979
v -16.2028492 3.36007469 0.204761261
v -16.1970925 3.34824055 0.206469769
v -16.1932986 3.33590477 0.2075957
v -16.1914281 3.32344645 0.208150858
v -16.1913744 3.31120175 0.208166832
v -16.1929802 3.2994582 0.207690233
v -16.1960522 3.28844565 0.206778521
v -16.2003776 3.27833956 0.205494756
v -16.2057358 3.26925724 0.203904623
v -16.2119101 3.26127022 0.202072257
v -16.2186958 3.25440376 0.200058335
v -16.2259051 3.24865168 0.197918648
v -16.2333715 3.2439782 0.195702786
v -16.2409506 3.24032753 0.193453545
v -16.2485207 3.23762959 0.191206807
v -16.2589406 3.23762959 0.228791827
v -16.2751207 3.23762959 0.265146429
v -16.2969243 3.23762959 0.299950713
v -16.3242496 3.23762959 0.333285564
v -16.3567359 3.23762959 0.365422482
v -16.3926166 3.23762959 0.396659726
v -16.4263599 3.23762959 0.426432842
v -16.4519761 3.23762959 0.453529591
v -16.4700723 3.23762959 0.479329878
v -16.4838018 3.23762959 0.507539386
v -16.4950885 3.23763006 0.542382473
v -16.5048945 3.23763006 0.585309857
v -16.5150867 3.23763006 0.631321723
v -16.527866 3.23763006 0.672839278
v -16.5440504 3.23763006 0.707294339
v -16.5641251 3.23763006 0.736255491
v -16.5886357 3.23763006 0.761067444
v -16.5840742 3.24032753 0.767513091
v -16.5795073 3.2439782 0.773966456
v -16.5750083 3.24865168 0.780323828
v -16.5706643 3.25440424 0.786462391
v -16.5665755 3.26127022 0.792240018
v -16.562855 3.26925772 0.797497356
v -16.5596264 3.27834004 0.802059675
v -16.5570201 3.2884466 0.805742586
v -16.555169 3.2994582 0.808358366
v -16.5542015 3.31120175 0.809725577
v -16.5542337 3.32344645 0.80967986
v -16.5553609 3.33590525 0.808087194
v -16.5576469 3.34824055 0.804856921
v -16.5611157 3.36007517 0.799955184
v -16.5657434 3.37100952 0.793415809
v -16.5714529 3.38064116 0.785347873
v -16.5781124 3.38859242 0.775937611
v -16.551218 3.38859242 0.74911114
v -16.5291475 3.38859242 0.717771107
v -16.511524 3.38859242 0.680889184
v -16.4979352 3.38859242 0.637461061
v -16.487537 3.38859242 0.590839619
v -16.4780813 3.38859242 0.548910553
v -16.4677412 3.38859242 0.516137058
v -16.4555192 3.38859242 0.490287477
v -16.4392771 3.38859242 0.466590876
v -16.4153335 3.38859242 0.440933878
v -16.3822798 3.38859242 0.411660129
v -16.3458424 3.38859242 0.380023593
v -16.3120819 3.38859242 0.346843177
v -16.283233 3.38859242 0.311967784
v -16.2599268 3.38859242 0.275196606
v -16.2424447 3.38859242 0.236521417
v -16.2320056 3.38064116 0.241412872
v -16.2230556 3.37100857 0.245606715
v -16.2158014 3.36007469 0.249005848
v -16.2103637 3.34824055 0.251553768
v -16.2067802 3.33590477 0.253232891
v -16.2050134 3.32344645 0.254060799
v -16.2049627 3.31120175 0.254084522
v -16.2064794 3.2994582 0.253373915
v -16.2093812 3.28844565 0.252014095
v -16.2134667 3.27833956 0.250099773
v -16.2185278 3.26925724 0.247728223
v -16.2243599 3.26127022 0.244995529
v -16.2307693 3.25440376 0.24199223
v -16.237579 3.24865168 0.238801414
v -16.2446314 3.2439782 0.235496754
v -16.2517903 3.24032753 0.232142264
v -16.2685348 3.24032753 0.269502813
v -16.2909896 3.24032753 0.305159682
v -16.3189754 3.24032753 0.339162284
v -16.3520141 3.24032753 0.371751482
v -16.388136 3.24032753 0.403161818
v -16.4215804 3.24032753 0.432718569
v -16.4464716 3.24032753 0.459191138
v -16.4637641 3.24032753 0.484079594
v -16.4768401 3.24032753 0.511266166
v -16.4877166 3.24032753 0.545212204
v -16.4973707 3.24032753 0.587706799
v -16.5076522 3.24032753 0.633982891
v -16.5207824 3.24032753 0.676328653
v -16.5375906 3.24032753 0.711835617
v -16.5585304 3.24032753 0.741827929
v -16.5529289 3.2439782 0.747407043
v -16.5474108 3.24865168 0.752903128
v -16.5420827 3.25440424 0.758209998
v -16.5370677 3.26127022 0.763204986
v -16.5325044 3.26925772 0.767750109
v -16.5285444 3.27834004 0.771694386
v -16.5253478 3.2884466 0.774878288
v -16.5230772 3.2994582 0.777139688
v -16.5218906 3.31120175 0.778321708
v -16.5219302 3.32344645 0.77828216
v -16.5233126 3.33590525 0.776905203
v -16.5261164 3.34824055 0.774112517
v -16.5303711 3.36007517 0.769874925
v -16.5360472 3.37100952 0.764221484
v -16.54305 3.38064116 0.757246489
v -16.5197164 3.38064116 0.724401111
v -16.5011824 3.38064116 0.685983414
v -16.4870813 3.38064116 0.641346211
v -16.4765527 3.38064116 0.594338888
v -16.4673186 3.38064116 0.553041751
v -16.4575775 3.38064116 0.521577889
v -16.4463096 3.38064116 0.497221822
v -16.4312407 3.38064116 0.474856371
v -16.4083558 3.38064116 0.450110609
v -16.3757384 3.38064116 0.421152824
v -16.3389488 3.38064116 0.389263684
v -16.3043819 3.38064116 0.355422849
v -16.2745687 3.38064116 0.319572562
v -16.2503116 3.38064116 0.28155672
v -16.242068 3.37100857 0.287009591
v -16.2353864 3.36007469 0.291429216
v -16.2303779 3.34824055 0.294742102
v -16.2270773 3.33590477 0.29692536
v -16.2254499 3.32344645 0.29800188
v -16.2254033 3.31120175 0.298032755
v -16.2268003 3.2994582 0.297108704
v -16.229473 3.28844565 0.295340711
v -16.2332361 3.27833956 0.292851681
v -16.2378977 3.26925724 0.289768094
v -16.2432694 3.26127022 0.286214882
v -16.2491729 3.25440376 0.282310003
v -16.2554451 3.24865168 0.278161103
v -16.2619408 3.2439782 0.273864383
v -16.2850479 3.2439782 0.31037485
v -16.3136949 3.2439782 0.345045978
v -16.3472865 3.2439782 0.378088171
v -16.3836501 3.2439782 0.409671718
v -16.4167952 3.2439782 0.439011628
v -16.4409605 3.2439782 0.46485948
v -16.4574484 3.2439782 0.488834972
v -16.4698702 3.2439782 0.514997417
v -16.4803358 3.2439782 0.548045212
v -16.489838 3.2439782 0.590106541
v -16.5002088 3.2439782 0.636647219
v -16.5136903 3.2439782 0.679822082
v -16.531123 3.2439782 0.716382379
v -16.5247516 3.24865168 0.720861429
v -16.5185996 3.25440424 0.725186342
v -16.512809 3.26127022 0.729257012
v -16.5075402 3.26925772 0.732961053
v -16.5029678 3.27833956 0.736175472
v -16.4992768 3.28844565 0.738770241
v -16.4966552 3.2994582 0.740613187
v -16.4952851 3.31120175 0.741576398
v -16.4953308 3.32344645 0.741544241
v -16.496927 3.33590525 0.740422094
v -16.5001644 3.34824055 0.73814615
v -16.505077 3.36007469 0.734692657
v -16.5116307 3.37100952 0.730085427
v -16.4923159 3.37100952 0.690351004
v -16.4777757 3.37100952 0.644677097
v -16.4671352 3.37100952 0.597339088
v -16.4580912 3.37100952 0.556583578
v -16.4488638 3.37100952 0.526242608
v -16.4384137 3.37100952 0.503166908
v -16.4243508 3.37100952 0.481942886
v -16.4023732 3.37100952 0.457978243
v -16.3701301 3.37100857 0.429291481
v -16.3330384 3.37100857 0.397185678
v -16.2977803 3.37100857 0.362778598
v -16.2671405 3.37100857 0.326092595
v -16.2611195 3.36007469 0.331377203
v -16.2566064 3.34824055 0.335338408
v -16.2536322 3.33590477 0.337948913
v -16.2521658 3.32344645 0.339236015
v -16.2521238 3.31120175 0.33927297
v -16.2533826 3.2994582 0.338168139
v -16.255791 3.28844565 0.3360542
v -16.2591819 3.27833956 0.333077902
v -16.2633826 3.26925724 0.329390878
v -16.268223 3.26127022 0.325142378
v -16.2735427 3.25440376 0.320473248
v -16.2791946 3.24865168 0.315512473
v -16.308493 3.24865168 0.350842172
v -16.3426293 3.24865168 0.384330505
v -16.3792308 3.24865168 0.416084761
v -16.4120812 3.24865168 0.445211226
v -16.4355313 3.24865168 0.470443482
v -16.4512265 3.24865168 0.493519658
v -16.4630039 3.24865168 0.518673116
v -16.4730648 3.24865168 0.55083614
v -16.4824172 3.24865168 0.592470581
v -16.4928762 3.24865168 0.639271909
v -16.5067038 3.24865168 0.683263713
v -16.4999577 3.25440376 0.686586851
v -16.493608 3.26127022 0.689714486
v -16.4878304 3.26925772 0.692560608
v -16.4828165 3.27833956 0.695030386
v -16.4787691 3.28844565 0.697024161
v -16.4758944 3.2994582 0.698440188
v -16.4743919 3.31120175 0.699180299
v -16.4744421 3.32344645 0.699155563
v -16.4761924 3.33590525 0.698293382
v -16.4797424 3.34824055 0.696544582
v -16.4851294 3.36007469 0.693891102
v -16.4702331 3.36007469 0.647376949
v -16.459502 3.36007469 0.599770838
v -16.4506122 3.36007469 0.559454376
v -16.4418009 3.36007469 0.530023569
v -16.4320137 3.36007469 0.507985765
v -16.4187663 3.36007469 0.487686688
v -16.3975243 3.36007469 0.464355284
v -16.3655844 3.36007469 0.435888106
v -16.3282479 3.36007469 0.403606707
v -16.2924294 3.36007469 0.368740672
v -16.2884185 3.34824055 0.373209769
v -16.2857753 3.33590525 0.376154954
v -16.2844721 3.32344645 0.377607102
v -16.2844347 3.31120175 0.377648825
v -16.2855535 3.2994582 0.376402253
v -16.2876938 3.28844565 0.374017412
v -16.2907074 3.27833956 0.370659525
v -16.2944405 3.26925724 0.366499895
v -16.2987424 3.26127022 0.361706728
v -16.30347 3.25440376 0.356438929
v -16.3381324 3.25440376 0.390357966
v -16.3749638 3.25440376 0.422277147
v -16.4075295 3.25440376 0.45119744
v -16.430289 3.25440376 0.475835318
v -16.4452189 3.25440376 0.498042995
v -16.456374 3.25440376 0.522222275
v -16.4660441 3.25440376 0.553530985
v -16.4752518 3.25440376 0.594753319
v -16.4857959 3.25440376 0.641806239
v -16.4791318 3.26127022 0.644191677
v -16.4730681 3.26925772 0.64636218
v -16.4678058 3.27833956 0.648245925
v -16.463558 3.28844565 0.64976632
v -16.4605409 3.2994582 0.650846356
v -16.4589639 3.31120175 0.651410812
v -16.4590166 3.32344645 0.651391977
v -16.4608536 3.33590525 0.650734359
v -16.4645795 3.34824055 0.649400765
v -16.4537804 3.34824055 0.601593608
v -16.445006 3.34824055 0.561606282
v -16.4365069 3.34824055 0.532857651
v -16.4272166 3.34824055 0.511597747
v -16.4145802 3.34824055 0.49199211
v -16.3938897 3.34824055 0.469135279
v -16.3621771 3.34824055 0.440832728
v -16.324657 3.34824055 0.408419723
v -16.3222906 3.33590525 0.411591584
v -16.3211238 3.32344645 0.41315549
v -16.3210904 3.31120175 0.413200373
v -16.322092 3.2994582 0.411857957
v -16.3240082 3.28844565 0.409289474
v -16.3267062 3.27833956 0.405673141
v -16.3300485 3.26925724 0.401193375
v -16.3338998 3.26127022 0.396031195
v -16.3709475 3.26127022 0.428105468
v -16.4032452 3.26127022 0.456831688
v -16.4253549 3.26127022 0.480910176
v -16.4395643 3.26127022 0.502300614
v -16.4501337 3.26127022 0.525562877
v -16.459436 3.26127022 0.556067521
v -16.4685076 3.26127022 0.596901888
v -16.462371 3.26925772 0.59885692
v -16.4570455 3.27833956 0.600553447
v -16.4527466 3.28844565 0.601922983
v -16.4496932 3.2994582 0.602895731
v -16.4480973 3.31120175 0.603404159
v -16.4481506 3.32344645 0.603387171
v -16.4500097 3.33590525 0.60279482
v -16.4413115 3.33590525 0.563024396
v -16.4330179 3.33590525 0.534725243
v -16.4240552 3.33590525 0.513978118
v -16.4118216 3.33590525 0.49482947
v -16.3914944 3.33590525 0.472285444
v -16.3599315 3.33590525 0.444091374
v -16.3588244 3.32344645 0.445698017
v -16.3587928 3.31120175 0.445744092
v -16.3597431 3.2994582 0.4443649
v -16.3615614 3.28844565 0.441726262
v -16.3641215 3.27833956 0.438011104
v -16.367293 3.26925772 0.433408732
v -16.3993468 3.26925772 0.461958522
v -16.4208652 3.26925772 0.485527927
v -16.4344192 3.26925772 0.506174618
v -16.4444556 3.26925772 0.528602475
v -16.4534233 3.26925772 0.558375472
v -16.4482052 3.27833956 0.560378367
v -16.4439931 3.28844565 0.561995143
v -16.4410014 3.2994582 0.563143486
v -16.4394377 3.31120175 0.563743764
v -16.4394899 3.32344645 0.563723678
v -16.4312977 3.32344645 0.535646135
v -16.4224964 3.32344645 0.515151674
v -16.4104614 3.32344645 0.496228451
v -16.3903133 3.32344645 0.473838622
v -16.3902796 3.31120175 0.473883087
v -16.3912933 3.2994582 0.47254991
v -16.3932329 3.28844565 0.469999069
v -16.3959639 3.27833956 0.466407472
v -16.416969 3.27833956 0.489535266
v -16.4299542 3.27833956 0.509536559
v -16.4395279 3.27833956 0.531240338
v -16.4355503 3.28844565 0.533369714
v -16.4327251 3.2994582 0.534882123
v -16.4312484 3.31120175 0.535672599
v -16.4224518 3.31120175 0.51518541
v -16.4104224 3.31120175 0.496268624
v -16.41159 3.2994582 0.49506771
v -16.4138238 3.28844565 0.49277013
v -16.4263498 3.28844565 0.512250358
v -16.4237898 3.2994582 0.514177913
v -16.3529445 3.23195427 0.111648435
v -16.3529445 3.39695423 0.111648435
vt -0.166648999 0.752232015
vt -0.171309993 0.757357001
vt -0.162499994 0.746676981
vt -0.162499994 0.746676981
vt -0.171309993 0.757357001
vt -0.182086006 0.766259015
vt -0.162499994 0.746676981
vt -0.182086006 0.766259015
vt -0.158937007 0.740795016
vt -0.158937007 0.740795016
vt -0.182086006 0.766259015
vt -0.194440007 0.773059011
vt -0.740795016 -0.934008002
vt -0.773059011 -0.923731029
vt -0.740795016 -0.934008002
vt -0.158937007 0.740795016
vt -0.194440007 0.773059011
vt -0.201055005 0.775583029
vt -0.158937007 0.740795016
vt -0.201055005 0.775583029
vt -0.155971006 0.734605014
vt -0.734605014 -0.935979009
vt -0.775583029 -0.922927022
vt -0.775583029 -0.922927022
vt -0.155971006 0.734605014
vt -0.201055005 0.775583029
vt -0.153638005 0.728173971
vt -0.153638005 0.728173971
vt -0.201055005 0.775583029
vt -0.207919002 0.777505994
vt -0.728173971 -0.938027978
vt -0.777505994 -0.922313988
vt -0.728173971 -0.938027978
vt -0.153638005 0.728173971
vt -0.207919002 0.777505994
vt -0.214909002 0.778788984
vt -0.153638005 0.728173971
vt -0.214909002 0.778788984
vt -0.151958004 0.721575022
vt -0.721575022 -0.940129995
vt -0.778788984 -0.921904981
vt -0.778788984 -0.921904981
vt -0.151958004 0.721575022
vt -0.214909002 0.778788984
vt -0.150946006 0.714869976
vt -0.150946006 0.714869976
vt -0.214909002 0.778788984
vt -0.222023994 0.779438972
vt -0.150946006 0.714869976
vt -0.222023994 0.779438972
vt -0.150603995 0.708059013
vt -0.150603995 0.708059013
vt -0.222023994 0.779438972
vt -0.229156002 0.779438972
vt -0.150603995 0.708059013
vt -0.229156002 0.779438972
vt -0.150946006 0.701246977
vt -0.150946006 0.701246977
vt -0.229156002 0.779438972
vt -0.236259997 0.778795004
vt -0.150946006 0.701246977
vt -0.236259997 0.778795004
vt -0.151962996 0.694522023
vt -0.151962996 0.694522023
vt -0.236259997 0.778795004
vt -0.243279994 0.777507007
vt -0.151962996 0.694522023
vt -0.243279994 0.777507007
vt -0.153646007 0.687913001
vt -0.153646007 0.687913001
vt -0.243279994 0.777507007
vt -0.25011301 0.775596023
vt -0.153646007 0.687913001
vt -0.25011301 0.775596023
vt -0.155984998 0.681482017
vt -0.155984998 0.681482017
vt -0.25011301 0.775596023
vt -0.256754994 0.773064971
vt -0.155984998 0.681482017
vt -0.256754994 0.773064971
vt -0.158943996 0.675306976
vt -0.158943996 0.675306976
vt -0.256754994 0.773064971
vt -0.263085008 0.769954979
vt -0.158943996 0.675306976
vt -0.263085008 0.769954979
vt -0.162523001 0.66940701
vt -0.162523001 0.66940701
vt -0.263085008 0.769954979
vt -0.269098014 0.766277015
vt -0.162523001 0.66940701
vt -0.269098014 0.766277015
vt -0.166651994 0.663881004
vt -0.166651994 0.663881004
vt -0.269098014 0.766277015
vt -0.274706006 0.762075007
vt -0.166651994 0.663881004
vt -0.274706006 0.762075007
vt -0.171338007 0.658731997
vt -0.171338007 0.658731997
vt -0.274706006 0.762075007
vt -0.279870003 0.757386029
vt -0.171338007 0.658731997
vt -0.279870003 0.757386029
vt -0.176502004 0.654043019
vt -0.176502004 0.654043019
vt -0.279870003 0.757386029
vt -0.284556001 0.752236009
vt -0.176502004 0.654043019
vt -0.284556001 0.752236009
vt -0.182109997 0.649841011
vt -0.182109997 0.649841011
vt -0.284556001 0.752236009
vt -0.288684994 0.746711016
vt -0.182109997 0.649841011
vt -0.288684994 0.746711016
vt -0.188123003 0.646161973
vt -0.188123003 0.646161973
vt -0.288684994 0.746711016
vt -0.292263001 0.740809977
vt -0.188123003 0.646161973
vt -0.292263001 0.740809977
vt -0.194453001 0.643052995
vt -0.194453001 0.643052995
vt -0.292263001 0.740809977
vt -0.295222014 0.734636009
vt -0.194453001 0.643052995
vt -0.295222014 0.734636009
vt -0.201094002 0.64052099
vt -0.201094002 0.64052099
vt -0.295222014 0.734636009
vt -0.29756099 0.728205025
vt -0.201094002 0.64052099
vt -0.29756099 0.728205025
vt -0.207928002 0.638610005
vt -0.207928002 0.638610005
vt -0.29756099 0.728205025
vt -0.299245 0.721594989
vt -0.207928002 0.638610005
vt -0.299245 0.721594989
vt -0.214947999 0.637322009
vt -0.214947999 0.637322009
vt -0.299245 0.721594989
vt -0.300260991 0.714869976
vt -0.214947999 0.637322009
vt -0.300260991 0.714869976
vt -0.222051993 0.63667798
vt -0.222051993 0.63667798
vt -0.300260991 0.714869976
vt -0.300603986 0.708058
vt -0.222051993 0.63667798
vt -0.300603986 0.708058
vt -0.229184002 0.63667798
vt -0.229184002 0.63667798
vt -0.300603986 0.708058
vt -0.300260991 0.701246977
vt -0.229184002 0.63667798
vt -0.300260991 0.701246977
vt -0.236297995 0.637328029
vt -0.236297995 0.637328029
vt -0.300260991 0.701246977
vt -0.299250007 0.694541991
vt -0.637328029 -0.96696502
vt -0.694541991 -0.948741019
vt -0.637328029 -0.96696502
vt -0.236297995 0.637328029
vt -0.299250007 0.694541991
vt -0.29756999 0.687943995
vt -0.236297995 0.637328029
vt -0.29756999 0.687943995
vt -0.243288994 0.638611972
vt -0.638611972 -0.966556013
vt -0.687943995 -0.950842023
vt -0.687943995 -0.950842023
vt -0.243288994 0.638611972
vt -0.29756999 0.687943995
vt -0.250153005 0.640534997
vt -0.250153005 0.640534997
vt -0.29756999 0.687943995
vt -0.295237005 0.681513011
vt -0.640534997 -0.965943992
vt -0.681513011 -0.952890992
vt -0.640534997 -0.965943992
vt -0.250153005 0.640534997
vt -0.295237005 0.681513011
vt -0.292270988 0.675323009
vt -0.250153005 0.640534997
vt -0.292270988 0.675323009
vt -0.256767988 0.643059015
vt -0.256767988 0.643059015
vt -0.292270988 0.675323009
vt -0.269122005 0.649859011
vt -0.256767988 0.643059015
vt -0.269122005 0.649859011
vt -0.263117999 0.64617902
vt -0.176482007 0.762059987
vt -0.182086006 0.766259015
vt -0.171309993 0.757357001
vt -0.188089997 0.769937992
vt -0.194440007 0.773059011
vt -0.182086006 0.766259015
vt -0.292270988 0.675323009
vt -0.288708001 0.669439971
vt -0.269122005 0.649859011
vt -0.269122005 0.649859011
vt -0.288708001 0.669439971
vt -0.279897988 0.658760011
vt -0.269122005 0.649859011
vt -0.279897988 0.658760011
vt -0.274726003 0.65405798
vt -0.279897988 0.658760011
vt -0.288708001 0.669439971
vt -0.284559011 0.663884997
vt -0.275000006 0.851499975
vt -0.306286991 0.851499975
vt -0.275000006 0.0615000017
vt -0.0615000017 0.895556986
vt -0.851499975 0.893095016
vt -0.851499975 0.893095016
vt -0.275000006 0.0615000017
vt -0.306286991 0.851499975
vt -0.306286991 0.0615000017
vt -0.306286991 0.0615000017
vt -0.306286991 0.851499975
vt -0.336802989 0.851499975
vt -0.306286991 0.0615000017
vt -0.336802989 0.851499975
vt -0.336802989 0.0615000017
vt -0.336802989 0.0615000017
vt -0.336802989 0.851499975
vt -0.365797997 0.851499975
vt -0.336802989 0.0615000017
vt -0.365797997 0.851499975
vt -0.365797997 0.0615000017
vt -0.365797997 0.0615000017
vt -0.365797997 0.851499975
vt -0.392556995 0.851499975
vt -0.365797997 0.0615000017
vt -0.392556995 0.851499975
vt -0.392556995 0.0615000017
vt -0.392556995 0.0615000017
vt -0.392556995 0.851499975
vt -0.416422009 0.851499975
vt -0.392556995 0.0615000017
vt -0.416422009 0.851499975
vt -0.416422009 0.0615000017
vt -0.0615000017 0.836978018
vt -0.851499975 0.836978018
vt -0.851499975 0.813113987
vt -0.0615000017 0.836978018
vt -0.851499975 0.813113987
vt -0.0615000017 0.813113987
vt -0.0615000017 0.813113987
vt -0.851499975 0.813113987
vt -0.851499975 0.786355019
vt -0.0615000017 0.813113987
vt -0.851499975 0.786355019
vt -0.0615000017 0.786355019
vt -0.0615000017 0.786355019
vt -0.851499975 0.786355019
vt -0.851499975 0.757359982
vt -0.0615000017 0.786355019
vt -0.851499975 0.757359982
vt -0.0615000017 0.757359982
vt -0.0615000017 0.757359982
vt -0.851499975 0.757359982
vt -0.851499975 0.726844013
vt -0.0615000017 0.757359982
vt -0.851499975 0.726844013
vt -0.0615000017 0.726844013
vt -0.0615000017 0.726844013
vt -0.851499975 0.726844013
vt -0.851499975 0.695556998
vt -0.0615000017 0.726844013
vt -0.851499975 0.695556998
vt -0.0615000017 0.695556998
vt 0.306286991 0.893095016
vt 0.275000006 0.895556986
vt 0.336802989 0.885767996
vt -0.851499975 0.885767996
vt -0.851499975 0.895556986
vt -0.851499975 0.895556986
vt 0.336802989 0.885767996
vt 0.275000006 0.895556986
vt 0.365797997 0.873758018
vt -0.851499975 0.873758018
vt -0.851499975 0.895556986
vt -0.851499975 0.895556986
vt 0.365797997 0.873758018
vt 0.275000006 0.895556986
vt 0.392556995 0.857360005
vt -0.851499975 0.857360005
vt -0.851499975 0.895556986
vt -0.851499975 0.895556986
vt 0.392556995 0.857360005
vt 0.275000006 0.895556986
vt 0.416422009 0.836978018
vt 0.416422009 0.836978018
vt 0.275000006 0.895556986
vt -0.725000024 0.895556986
vt 0.416422009 0.836978018
vt -0.725000024 0.895556986
vt -0.866420984 0.836978018
vt -0.851499975 0.836978018
vt -0.851499975 0.895556986
vt -0.851499975 0.895556986
vt -0.866420984 0.836978018
vt -0.725000024 0.895556986
vt -0.842557013 0.857360005
vt -0.851499975 0.857360005
vt -0.851499975 0.895556986
vt -0.851499975 0.895556986
vt -0.842557013 0.857360005
vt -0.725000024 0.895556986
vt -0.815797985 0.873758018
vt -0.851499975 0.873758018
vt -0.851499975 0.895556986
vt -0.851499975 0.895556986
vt -0.815797985 0.873758018
vt -0.725000024 0.895556986
vt -0.786803007 0.885767996
vt -0.786803007 0.885767996
vt -0.725000024 0.895556986
vt -0.756286979 0.893095016
vt 0.416422009 0.836978018
vt -0.866420984 0.836978018
vt 0.436803013 0.813113987
vt 0.436803013 0.813113987
vt -0.866420984 0.836978018
vt -0.886802971 0.813113987
vt 0.436803013 0.813113987
vt -0.886802971 0.813113987
vt 0.453200996 0.786355019
vt 0.453200996 0.786355019
vt -0.886802971 0.813113987
vt -0.903200984 0.786355019
vt 0.453200996 0.786355019
vt -0.903200984 0.786355019
vt 0.465211004 0.757359982
vt 0.465211004 0.757359982
vt -0.903200984 0.786355019
vt -0.915211022 0.757359982
vt 0.465211004 0.757359982
vt -0.915211022 0.757359982
vt 0.472537994 0.726844013
vt 0.472537994 0.726844013
vt -0.915211022 0.757359982
vt -0.922537982 0.726844013
vt 0.472537994 0.726844013
vt -0.922537982 0.726844013
vt 0.474999994 0.695556998
vt 0.474999994 0.695556998
vt -0.922537982 0.726844013
vt -0.925000012 0.695556998
vt 0.474999994 0.695556998
vt -0.925000012 0.695556998
vt 0.474999994 0.595556974
vt 0.474999994 0.595556974
vt -0.925000012 0.695556998
vt -0.925000012 0.595556974
vt -0.275000006 0.0615000017
vt 0.725000024 0.0615000017
vt -0.275000006 0.851499975
vt -0.275000006 0.851499975
vt 0.725000024 0.0615000017
vt 0.725000024 0.851499975
vt 0.725000024 0.0615000017
vt 0.756286979 0.0615000017
vt 0.725000024 0.851499975
vt -0.851499975 0.895556986
vt -0.0615000017 0.893095016
vt -0.0615000017 0.893095016
vt 0.725000024 0.851499975
vt 0.756286979 0.0615000017
vt 0.756286979 0.851499975
vt 0.756286979 0.851499975
vt 0.756286979 0.0615000017
vt 0.786803007 0.0615000017
vt 0.756286979 0.851499975
vt 0.786803007 0.0615000017
vt 0.786803007 0.851499975
vt 0.786803007 0.851499975
vt 0.786803007 0.0615000017
vt 0.815797985 0.0615000017
vt 0.786803007 0.851499975
vt 0.815797985 0.0615000017
vt 0.815797985 0.851499975
vt 0.815797985 0.851499975
vt 0.815797985 0.0615000017
vt 0.842557013 0.0615000017
vt 0.815797985 0.851499975
vt 0.842557013 0.0615000017
vt 0.842557013 0.851499975
vt 0.842557013 0.851499975
vt 0.842557013 0.0615000017
vt 0.866420984 0.0615000017
vt 0.842557013 0.851499975
vt 0.866420984 0.0615000017
vt 0.866420984 0.851499975
vt 0.851499975 0.836978018
vt 0.0615000017 0.836978018
vt 0.0615000017 0.813113987
vt 0.851499975 0.836978018
vt 0.0615000017 0.813113987
vt 0.851499975 0.813113987
vt 0.851499975 0.813113987
vt 0.0615000017 0.813113987
vt 0.0615000017 0.786355019
vt 0.851499975 0.813113987
vt 0.0615000017 0.786355019
vt 0.851499975 0.786355019
vt 0.851499975 0.786355019
vt 0.0615000017 0.786355019
vt 0.0615000017 0.757359982
vt 0.851499975 0.786355019
vt 0.0615000017 0.757359982
vt 0.851499975 0.757359982
vt 0.851499975 0.757359982
vt 0.0615000017 0.757359982
vt 0.0615000017 0.726844013
vt 0.851499975 0.757359982
vt 0.0615000017 0.726844013
vt 0.851499975 0.726844013
vt 0.851499975 0.726844013
vt 0.0615000017 0.726844013
vt 0.0615000017 0.695556998
vt 0.851499975 0.726844013
vt 0.0615000017 0.695556998
vt 0.851499975 0.695556998
vt 0.922537982 0.726844013
vt 0.915211022 0.757359982
vt 0.925000012 0.695556998
vt 0.925000012 0.695556998
vt 0.915211022 0.757359982
vt 0.903200984 0.786355019
vt -0.0615000017 0.695556998
vt -0.0615000017 0.786355019
vt -0.0615000017 0.695556998
vt 0.925000012 0.695556998
vt 0.903200984 0.786355019
vt 0.886802971 0.813113987
vt -0.0615000017 0.695556998
vt -0.0615000017 0.813113987
vt -0.0615000017 0.695556998
vt 0.925000012 0.695556998
vt 0.886802971 0.813113987
vt 0.866420984 0.836978018
vt -0.0615000017 0.695556998
vt -0.0615000017 0.836978018
vt -0.0615000017 0.695556998
vt 0.925000012 0.695556998
vt 0.866420984 0.836978018
vt 0.842557013 0.857360005
vt -0.0615000017 0.695556998
vt -0.0615000017 0.857360005
vt -0.0615000017 0.695556998
vt 0.925000012 0.695556998
vt 0.842557013 0.857360005
vt 0.815797985 0.873758018
vt -0.0615000017 0.695556998
vt -0.0615000017 0.873758018
vt -0.0615000017 0.695556998
vt 0.925000012 0.695556998
vt 0.815797985 0.873758018
vt 0.786803007 0.885767996
vt -0.0615000017 0.695556998
vt -0.0615000017 0.885767996
vt -0.0615000017 0.695556998
vt 0.925000012 0.695556998
vt 0.786803007 0.885767996
vt 0.756286979 0.893095016
vt -0.0615000017 0.695556998
vt -0.0615000017 0.893095016
vt -0.0615000017 0.695556998
vt 0.925000012 0.695556998
vt 0.756286979 0.893095016
vt 0.725000024 0.895556986
vt 0.925000012 0.695556998
vt 0.725000024 0.895556986
vt 0.348336995 -0.502110004
vt 0.348336995 -0.502110004
vt 0.725000024 0.895556986
vt 0.0983370021 -0.502110004
vt -0.0615000017 -0.502110004
vt -0.0615000017 -0.502110004
vt -0.0615000017 -0.502110004
vt 0.348336995 -0.502110004
vt 0.0983370021 -0.502110004
vt 0.148337007 -0.664789021
vt 0.348336995 -0.502110004
vt 0.148337007 -0.664789021
vt 0.298337013 -0.664789021
vt 0.725000024 0.895556986
vt -0.275000006 0.895556986
vt 0.0983370021 -0.502110004
vt 0.0983370021 -0.502110004
vt -0.275000006 0.895556986
vt -0.474999994 0.695556998
vt -0.0615000017 -0.502110004
vt -0.0615000017 0.695556998
vt -0.0615000017 -0.502110004
vt 0.0983370021 -0.502110004
vt -0.474999994 0.695556998
vt -0.474999994 -0.302109987
vt 0.0983370021 -0.502110004
vt -0.474999994 -0.302109987
vt -0.275000006 -0.502110004
vt -0.0615000017 -0.502110004
vt -0.0615000017 -0.302109987
vt -0.0615000017 -0.302109987
vt -0.275000006 -0.502110004
vt -0.474999994 -0.302109987
vt -0.306286991 -0.499646991
vt -0.0615000017 -0.499646991
vt -0.0615000017 -0.302109987
vt -0.0615000017 -0.302109987
vt -0.306286991 -0.499646991
vt -0.474999994 -0.302109987
vt -0.336802989 -0.492321014
vt -0.0615000017 -0.492321014
vt -0.0615000017 -0.302109987
vt -0.0615000017 -0.302109987
vt -0.336802989 -0.492321014
vt -0.474999994 -0.302109987
vt -0.365797997 -0.480311006
vt -0.0615000017 -0.480311006
vt -0.0615000017 -0.302109987
vt -0.0615000017 -0.302109987
vt -0.365797997 -0.480311006
vt -0.474999994 -0.302109987
vt -0.392556995 -0.463912994
vt -0.0615000017 -0.463912994
vt -0.0615000017 -0.302109987
vt -0.0615000017 -0.302109987
vt -0.392556995 -0.463912994
vt -0.474999994 -0.302109987
vt -0.416422009 -0.443531007
vt -0.0615000017 -0.443531007
vt -0.0615000017 -0.302109987
vt -0.0615000017 -0.302109987
vt -0.416422009 -0.443531007
vt -0.474999994 -0.302109987
vt -0.436803013 -0.419667006
vt -0.0615000017 -0.419667006
vt -0.0615000017 -0.302109987
vt -0.0615000017 -0.302109987
vt -0.436803013 -0.419667006
vt -0.474999994 -0.302109987
vt -0.453200996 -0.392908007
vt -0.0615000017 -0.392908007
vt -0.0615000017 -0.302109987
vt -0.0615000017 -0.302109987
vt -0.453200996 -0.392908007
vt -0.474999994 -0.302109987
vt -0.465211004 -0.363913
vt -0.465211004 -0.363913
vt -0.474999994 -0.302109987
vt -0.472537994 -0.333395988
vt -0.275000006 0.895556986
vt -0.306286991 0.893095016
vt -0.474999994 0.695556998
vt -0.474999994 0.695556998
vt -0.306286991 0.893095016
vt -0.336802989 0.885767996
vt -0.0615000017 0.695556998
vt -0.0615000017 0.885767996
vt -0.0615000017 0.695556998
vt -0.474999994 0.695556998
vt -0.336802989 0.885767996
vt -0.365797997 0.873758018
vt -0.0615000017 0.695556998
vt -0.0615000017 0.873758018
vt -0.0615000017 0.695556998
vt -0.474999994 0.695556998
vt -0.365797997 0.873758018
vt -0.392556995 0.857360005
vt -0.0615000017 0.695556998
vt -0.0615000017 0.857360005
vt -0.0615000017 0.695556998
vt -0.474999994 0.695556998
vt -0.392556995 0.857360005
vt -0.416422009 0.836978018
vt -0.0615000017 0.695556998
vt -0.0615000017 0.836978018
vt -0.0615000017 0.695556998
vt -0.474999994 0.695556998
vt -0.416422009 0.836978018
vt -0.436803013 0.813113987
vt -0.0615000017 0.695556998
vt -0.0615000017 0.813113987
vt -0.0615000017 0.695556998
vt -0.474999994 0.695556998
vt -0.436803013 0.813113987
vt -0.453200996 0.786355019
vt -0.0615000017 0.695556998
vt -0.0615000017 0.786355019
vt -0.0615000017 0.695556998
vt -0.474999994 0.695556998
vt -0.453200996 0.786355019
vt -0.465211004 0.757359982
vt -0.474999994 0.695556998
vt -0.465211004 0.757359982
vt -0.472537994 0.726844013
vt 0.925000012 0.695556998
vt 0.348336995 -0.502110004
vt 0.925000012 -0.302109987
vt 0.925000012 -0.302109987
vt 0.348336995 -0.502110004
vt 0.725000024 -0.502110004
vt -0.0615000017 -0.302109987
vt -0.0615000017 -0.502110004
vt -0.0615000017 -0.302109987
vt 0.925000012 -0.302109987
vt 0.725000024 -0.502110004
vt 0.756286979 -0.499646991
vt -0.0615000017 -0.302109987
vt -0.0615000017 -0.499646991
vt -0.0615000017 -0.302109987
vt 0.925000012 -0.302109987
vt 0.756286979 -0.499646991
vt 0.786803007 -0.492321014
vt -0.0615000017 -0.302109987
vt -0.0615000017 -0.492321014
vt -0.0615000017 -0.302109987
vt 0.925000012 -0.302109987
vt 0.786803007 -0.492321014
vt 0.815797985 -0.480311006
vt -0.0615000017 -0.302109987
vt -0.0615000017 -0.480311006
vt -0.0615000017 -0.302109987
vt 0.925000012 -0.302109987
vt 0.815797985 -0.480311006
vt 0.842557013 -0.463912994
vt -0.0615000017 -0.302109987
vt -0.0615000017 -0.463912994
vt -0.0615000017 -0.302109987
vt 0.925000012 -0.302109987
vt 0.842557013 -0.463912994
vt 0.866420984 -0.443531007
vt -0.0615000017 -0.302109987
vt -0.0615000017 -0.443531007
vt -0.0615000017 -0.302109987
vt 0.925000012 -0.302109987
vt 0.866420984 -0.443531007
vt 0.886802971 -0.419667006
vt -0.0615000017 -0.302109987
vt -0.0615000017 -0.419667006
vt -0.0615000017 -0.302109987
vt 0.925000012 -0.302109987
vt 0.886802971 -0.419667006
vt 0.903200984 -0.392908007
vt -0.0615000017 -0.302109987
vt -0.0615000017 -0.392908007
vt -0.0615000017 -0.302109987
vt 0.925000012 -0.302109987
vt 0.903200984 -0.392908007
vt 0.915211022 -0.363913
vt 0.925000012 -0.302109987
vt 0.915211022 -0.363913
vt 0.922537982 -0.333395988
vt 0.851499975 0.595556974
vt 0.851499975 0.695556998
vt 0.701499999 0.595556974
vt 0.701499999 0.595556974
vt 0.851499975 0.695556998
vt 0.0615000017 0.695556998
vt 0.701499999 0.595556974
vt 0.0615000017 0.695556998
vt 0.701499999 -0.204442993
vt 0.701499999 -0.204442993
vt 0.0615000017 0.695556998
vt 0.0615000017 -0.302109987
vt -0.701499999 -0.204442993
vt -0.0615000017 -0.302109987
vt -0.701499999 -0.204442993
vt 0.701499999 -0.204442993
vt 0.0615000017 -0.302109987
vt 0.851499975 -0.302109987
vt 0.701499999 -0.204442993
vt 0.851499975 -0.302109987
vt 0.851499975 -0.204442993
vt -0.925000012 0.851499975
vt -0.925000012 0.701499999
vt 0.474999994 0.851499975
vt 0.474999994 0.851499975
vt -0.925000012 0.701499999
vt 0.474999994 0.701499999
vt -0.851499975 0.595556974
vt -0.701499999 0.595556974
vt -0.851499975 0.695556998
vt -0.851499975 0.695556998
vt -0.701499999 0.595556974
vt -0.701499999 0.595556974
vt -0.851499975 0.695556998
vt -0.701499999 0.595556974
vt -0.0615000017 0.695556998
vt -0.0615000017 0.695556998
vt -0.701499999 0.595556974
vt -0.701499999 0.595556974
vt -0.0615000017 0.695556998
vt -0.701499999 0.595556974
vt -0.0615000017 -0.302109987
vt -0.0615000017 -0.302109987
vt -0.701499999 0.595556974
vt -0.701499999 -0.204442993
vt -0.0615000017 -0.302109987
vt -0.701499999 -0.204442993
vt -0.851499975 -0.302109987
vt -0.851499975 -0.302109987
vt -0.701499999 -0.204442993
vt -0.851499975 -0.204442993
vt 0.474999994 0.595556974
vt -0.925000012 0.595556974
vt 0.474999994 -0.204442993
vt 0.474999994 -0.204442993
vt -0.925000012 0.595556974
vt -0.925000012 -0.204442993
vt -0.474999994 0.851499975
vt -0.474999994 0.701499999
vt 0.925000012 0.851499975
vt 0.925000012 0.851499975
vt -0.474999994 0.701499999
vt 0.925000012 0.701499999
vt 0.474999994 -0.204442993
vt -0.925000012 -0.204442993
vt 0.474999994 -0.302109987
vt 0.474999994 -0.302109987
vt -0.925000012 -0.204442993
vt -0.925000012 -0.302109987
vt 0.474999994 -0.302109987
vt -0.925000012 -0.302109987
vt 0.472537994 -0.333395988
vt 0.472537994 -0.333395988
vt -0.925000012 -0.302109987
vt -0.922537982 -0.333395988
vt 0.472537994 -0.333395988
vt -0.922537982 -0.333395988
vt 0.465211004 -0.363913
vt 0.465211004 -0.363913
vt -0.922537982 -0.333395988
vt -0.915211022 -0.363913
vt 0.465211004 -0.363913
vt -0.915211022 -0.363913
vt 0.453200996 -0.392908007
vt 0.453200996 -0.392908007
vt -0.915211022 -0.363913
vt -0.903200984 -0.392908007
vt 0.453200996 -0.392908007
vt -0.903200984 -0.392908007
vt 0.436803013 -0.419667006
vt 0.436803013 -0.419667006
vt -0.903200984 -0.392908007
vt -0.886802971 -0.419667006
vt 0.436803013 -0.419667006
vt -0.886802971 -0.419667006
vt 0.416422009 -0.443531007
vt 0.416422009 -0.443531007
vt -0.886802971 -0.419667006
vt -0.866420984 -0.443531007
vt 0.416422009 -0.443531007
vt -0.866420984 -0.443531007
vt 0.275000006 -0.502110004
vt -0.851499975 -0.502110004
vt -0.851499975 -0.443531007
vt -0.851499975 -0.443531007
vt 0.275000006 -0.502110004
vt -0.866420984 -0.443531007
vt -0.725000024 -0.502110004
vt -0.725000024 -0.502110004
vt -0.866420984 -0.443531007
vt -0.842557013 -0.463912994
vt -0.851499975 -0.502110004
vt -0.851499975 -0.463912994
vt -0.851499975 -0.502110004
vt -0.725000024 -0.502110004
vt -0.842557013 -0.463912994
vt -0.815797985 -0.480311006
vt -0.851499975 -0.502110004
vt -0.851499975 -0.480311006
vt -0.851499975 -0.502110004
vt -0.725000024 -0.502110004
vt -0.815797985 -0.480311006
vt -0.786803007 -0.492321014
vt -0.725000024 -0.502110004
vt -0.786803007 -0.492321014
vt -0.756286979 -0.499646991
vt 0.416422009 -0.443531007
vt 0.275000006 -0.502110004
vt 0.392556995 -0.463912994
vt -0.851499975 -0.463912994
vt -0.851499975 -0.502110004
vt -0.851499975 -0.502110004
vt 0.392556995 -0.463912994
vt 0.275000006 -0.502110004
vt 0.365797997 -0.480311006
vt -0.851499975 -0.480311006
vt -0.851499975 -0.502110004
vt -0.851499975 -0.502110004
vt 0.365797997 -0.480311006
vt 0.275000006 -0.502110004
vt 0.336802989 -0.492321014
vt 0.336802989 -0.492321014
vt 0.275000006 -0.502110004
vt 0.306286991 -0.499646991
vt -0.725000024 0.851499975
vt -0.756286979 0.851499975
vt -0.725000024 0.0615000017
vt -0.0615000017 -0.502110004
vt -0.851499975 -0.499646991
vt -0.851499975 -0.499646991
vt -0.725000024 0.0615000017
vt -0.756286979 0.851499975
vt -0.756286979 0.0615000017
vt -0.756286979 0.0615000017
vt -0.756286979 0.851499975
vt -0.786803007 0.851499975
vt -0.756286979 0.0615000017
vt -0.786803007 0.851499975
vt -0.786803007 0.0615000017
vt -0.786803007 0.0615000017
vt -0.786803007 0.851499975
vt -0.815797985 0.851499975
vt -0.786803007 0.0615000017
vt -0.815797985 0.851499975
vt -0.815797985 0.0615000017
vt -0.815797985 0.0615000017
vt -0.815797985 0.851499975
vt -0.842557013 0.851499975
vt -0.815797985 0.0615000017
vt -0.842557013 0.851499975
vt -0.842557013 0.0615000017
vt -0.842557013 0.0615000017
vt -0.842557013 0.851499975
vt -0.866420984 0.851499975
vt -0.842557013 0.0615000017
vt -0.866420984 0.851499975
vt -0.866420984 0.0615000017
vt 0.0615000017 -0.443531007
vt 0.851499975 -0.443531007
vt 0.851499975 -0.419667006
vt 0.0615000017 -0.443531007
vt 0.851499975 -0.419667006
vt 0.0615000017 -0.419667006
vt 0.0615000017 -0.419667006
vt 0.851499975 -0.419667006
vt 0.851499975 -0.392908007
vt 0.0615000017 -0.419667006
vt 0.851499975 -0.392908007
vt 0.0615000017 -0.392908007
vt 0.0615000017 -0.392908007
vt 0.851499975 -0.392908007
vt 0.851499975 -0.363913
vt 0.0615000017 -0.392908007
vt 0.851499975 -0.363913
vt 0.0615000017 -0.363913
vt 0.0615000017 -0.363913
vt 0.851499975 -0.363913
vt 0.851499975 -0.333395988
vt 0.0615000017 -0.363913
vt 0.851499975 -0.333395988
vt 0.0615000017 -0.333395988
vt 0.0615000017 -0.333395988
vt 0.851499975 -0.333395988
vt 0.851499975 -0.302109987
vt 0.0615000017 -0.333395988
vt 0.851499975 -0.302109987
vt 0.0615000017 -0.302109987
vt -0.851499975 -0.302109987
vt -0.851499975 -0.333395988
vt -0.0615000017 -0.302109987
vt -0.0615000017 -0.302109987
vt -0.851499975 -0.333395988
vt -0.851499975 -0.333395988
vt -0.0615000017 -0.302109987
vt -0.851499975 -0.333395988
vt -0.0615000017 -0.333395988
vt -0.0615000017 -0.333395988
vt -0.851499975 -0.333395988
vt -0.851499975 -0.363913
vt -0.0615000017 -0.333395988
vt -0.851499975 -0.363913
vt -0.0615000017 -0.363913
vt -0.0615000017 -0.363913
vt -0.851499975 -0.363913
vt -0.851499975 -0.392908007
vt -0.0615000017 -0.363913
vt -0.851499975 -0.392908007
vt -0.0615000017 -0.392908007
vt -0.0615000017 -0.392908007
vt -0.851499975 -0.392908007
vt -0.851499975 -0.419667006
vt -0.0615000017 -0.392908007
vt -0.851499975 -0.419667006
vt -0.0615000017 -0.419667006
vt -0.0615000017 -0.419667006
vt -0.851499975 -0.419667006
vt -0.851499975 -0.443531007
vt -0.0615000017 -0.419667006
vt -0.851499975 -0.443531007
vt -0.0615000017 -0.443531007
vt 0.416422009 0.0615000017
vt 0.416422009 0.851499975
vt 0.392556995 0.851499975
vt 0.416422009 0.0615000017
vt 0.392556995 0.851499975
vt 0.392556995 0.0615000017
vt 0.392556995 0.0615000017
vt 0.392556995 0.851499975
vt 0.365797997 0.851499975
vt 0.392556995 0.0615000017
vt 0.365797997 0.851499975
vt 0.365797997 0.0615000017
vt 0.365797997 0.0615000017
vt 0.365797997 0.851499975
vt 0.336802989 0.851499975
vt 0.365797997 0.0615000017
vt 0.336802989 0.851499975
vt 0.336802989 0.0615000017
vt 0.336802989 0.0615000017
vt 0.336802989 0.851499975
vt 0.306286991 0.851499975
vt 0.336802989 0.0615000017
vt 0.306286991 0.851499975
vt 0.306286991 0.0615000017
vt 0.306286991 0.0615000017
vt 0.306286991 0.851499975
vt 0.275000006 0.851499975
vt 0.306286991 0.0615000017
vt 0.275000006 0.851499975
vt 0.275000006 0.0615000017
vt -0.0983370021 0.0615000017
vt 0.275000006 0.0615000017
vt -0.0983370021 0.101499997
vt -0.0983370021 0.101499997
vt 0.275000006 0.0615000017
vt 0.275000006 0.851499975
vt -0.101499997 -0.502110004
vt -0.851499975 -0.502110004
vt -0.101499997 -0.502110004
vt -0.0983370021 0.101499997
vt 0.275000006 0.851499975
vt -0.725000024 0.851499975
vt -0.0983370021 0.101499997
vt -0.725000024 0.851499975
vt -0.348336995 0.101499997
vt -0.348336995 0.101499997
vt -0.725000024 0.851499975
vt -0.725000024 0.0615000017
vt -0.348336995 0.101499997
vt -0.725000024 0.0615000017
vt -0.348336995 0.0615000017
vt 0.708058 -0.944435
vt 0.696317971 -0.920898974
vt 0.701246977 -0.946605027
vt 0.701246977 -0.946605027
vt 0.696317971 -0.920898974
vt 0.682509005 -0.922995985
vt 0.701246977 -0.946605027
vt 0.682509005 -0.922995985
vt 0.694541991 -0.948741019
vt -0.694541991 -0.948741019
vt -0.682509005 -0.922995985
vt -0.682509005 -0.922995985
vt 0.694541991 -0.948741019
vt 0.682509005 -0.922995985
vt 0.687943995 -0.950842023
vt 0.687943995 -0.950842023
vt 0.682509005 -0.922995985
vt 0.671168983 -0.928331017
vt 0.687943995 -0.950842023
vt 0.671168983 -0.928331017
vt 0.681513011 -0.952890992
vt 0.681513011 -0.952890992
vt 0.671168983 -0.928331017
vt 0.660595 -0.933306992
vt 0.681513011 -0.952890992
vt 0.660595 -0.933306992
vt 0.675323009 -0.954863012
vt -0.675323009 -0.954863012
vt -0.660595 -0.933306992
vt -0.660595 -0.933306992
vt 0.675323009 -0.954863012
vt 0.660595 -0.933306992
vt 0.669439971 -0.956736028
vt 0.669439971 -0.956736028
vt 0.660595 -0.933306992
vt 0.65111202 -0.937768996
vt 0.669439971 -0.956736028
vt 0.65111202 -0.937768996
vt 0.663884997 -0.958505988
vt -0.663884997 -0.958505988
vt -0.65111202 -0.937768996
vt -0.65111202 -0.937768996
vt 0.663884997 -0.958505988
vt 0.65111202 -0.937768996
vt 0.658760011 -0.960138023
vt 0.658760011 -0.960138023
vt 0.65111202 -0.937768996
vt 0.642982006 -0.941594005
vt 0.658760011 -0.960138023
vt 0.642982006 -0.941594005
vt 0.65405798 -0.961636007
vt -0.65405798 -0.961636007
vt -0.642982006 -0.941594005
vt -0.642982006 -0.941594005
vt 0.274726003 -0.961636007
vt 0.274749994 -0.941594005
vt 0.269122005 -0.962974012
vt 0.269122005 -0.962974012
vt 0.274749994 -0.941594005
vt 0.264809996 -0.944694996
vt 0.269122005 -0.962974012
vt 0.264809996 -0.944694996
vt 0.263117999 -0.964146018
vt 0.263117999 -0.964146018
vt 0.264809996 -0.944694996
vt 0.254051 -0.947018981
vt 0.263117999 -0.964146018
vt 0.254051 -0.947018981
vt 0.256767988 -0.965139985
vt -0.643059015 -0.965139985
vt -0.631452978 -0.947018981
vt -0.631452978 -0.947018981
vt 0.256767988 -0.965139985
vt 0.254051 -0.947018981
vt 0.250153005 -0.965943992
vt 0.250153005 -0.965943992
vt 0.254051 -0.947018981
vt 0.242836997 -0.948549986
vt 0.250153005 -0.965943992
vt 0.242836997 -0.948549986
vt 0.243288994 -0.966556013
vt -0.638611972 -0.966556013
vt -0.628197014 -0.948549986
vt -0.628197014 -0.948549986
vt 0.243288994 -0.966556013
vt 0.242836997 -0.948549986
vt 0.236297995 -0.96696502
vt 0.236297995 -0.96696502
vt 0.242836997 -0.948549986
vt 0.231510997 -0.949306011
vt 0.236297995 -0.96696502
vt 0.231510997 -0.949306011
vt 0.229184002 -0.967172027
vt 0.229184002 -0.967172027
vt 0.231510997 -0.949306011
vt 0.220379993 -0.949326992
vt 0.229184002 -0.967172027
vt 0.220379993 -0.949326992
vt 0.222051993 -0.967172027
vt -0.63667798 -0.967172027
vt -0.626546979 -0.949326992
vt -0.626546979 -0.949326992
vt 0.222051993 -0.967172027
vt 0.220379993 -0.949326992
vt 0.214947999 -0.966966987
vt 0.214947999 -0.966966987
vt 0.220379993 -0.949326992
vt 0.209703997 -0.94867897
vt 0.214947999 -0.966966987
vt 0.209703997 -0.94867897
vt 0.207928002 -0.966557026
vt 0.207928002 -0.966557026
vt 0.209703997 -0.94867897
vt 0.199692994 -0.947439015
vt 0.207928002 -0.966557026
vt 0.199692994 -0.947439015
vt 0.201094002 -0.965947986
vt -0.64052099 -0.965947986
vt -0.630559981 -0.947439015
vt -0.630559981 -0.947439015
vt 0.201094002 -0.965947986
vt 0.199692994 -0.947439015
vt 0.194453001 -0.965142012
vt 0.194453001 -0.965142012
vt 0.199692994 -0.947439015
vt 0.190504998 -0.945692003
vt 0.194453001 -0.965142012
vt 0.190504998 -0.945692003
vt 0.188123003 -0.964151025
vt 0.188123003 -0.964151025
vt 0.190504998 -0.945692003
vt 0.182248995 -0.94352901
vt 0.188123003 -0.964151025
vt 0.182248995 -0.94352901
vt 0.182109997 -0.962979019
vt -0.649841011 -0.962979019
vt -0.638868988 -0.94352901
vt -0.638868988 -0.94352901
vt 0.182109997 -0.962979019
vt 0.182248995 -0.94352901
vt 0.176502004 -0.961641014
vt 0.176502004 -0.961641014
vt 0.182248995 -0.94352901
vt 0.174987003 -0.941035986
vt -0.654043019 -0.961641014
vt -0.644167006 -0.941035986
vt -0.658731997 -0.960147023
vt -0.658731997 -0.960147023
vt -0.644167006 -0.941035986
vt -0.649990022 -0.938296974
vt -0.658731997 -0.960147023
vt -0.649990022 -0.938296974
vt -0.663881004 -0.958507001
vt -0.663881004 -0.958507001
vt -0.649990022 -0.938296974
vt -0.656175017 -0.935386002
vt -0.663881004 -0.958507001
vt -0.656175017 -0.935386002
vt -0.66940701 -0.956746995
vt -0.66940701 -0.956746995
vt -0.656175017 -0.935386002
vt -0.66258198 -0.932371974
vt -0.66940701 -0.956746995
vt -0.66258198 -0.932371974
vt -0.675306976 -0.954868019
vt -0.675306976 -0.954868019
vt -0.66258198 -0.932371974
vt -0.669085026 -0.929311991
vt -0.675306976 -0.954868019
vt -0.669085026 -0.929311991
vt -0.681482017 -0.952901006
vt -0.681482017 -0.952901006
vt -0.669085026 -0.929311991
vt -0.675580978 -0.926256001
vt -0.681482017 -0.952901006
vt -0.675580978 -0.926256001
vt -0.687913001 -0.950851977
vt -0.687913001 -0.950851977
vt -0.675580978 -0.926256001
vt -0.675580978 -0.926256001
vt -0.687913001 -0.950851977
vt -0.675580978 -0.926256001
vt -0.694522023 -0.948746979
vt -0.694522023 -0.948746979
vt -0.675580978 -0.926256001
vt -0.681981981 -0.923243999
vt -0.694522023 -0.948746979
vt -0.681981981 -0.923243999
vt -0.701246977 -0.946605027
vt -0.701246977 -0.946605027
vt -0.681981981 -0.923243999
vt -0.688221991 -0.920307994
vt -0.701246977 -0.946605027
vt -0.688221991 -0.920307994
vt -0.696779013 -0.92167902
vt -0.696779013 -0.92167902
vt -0.688221991 -0.920307994
vt -0.688221991 -0.920307994
vt -0.696779013 -0.92167902
vt -0.688221991 -0.920307994
vt -0.682811022 -0.900658011
vt -0.682811022 -0.900658011
vt -0.688221991 -0.920307994
vt -0.672774971 -0.89851898
vt -0.682811022 -0.900658011
vt -0.672774971 -0.89851898
vt -0.666140974 -0.881545007
vt -0.666140974 -0.881545007
vt -0.672774971 -0.89851898
vt -0.65545702 -0.880638003
vt -0.666140974 -0.881545007
vt -0.65545702 -0.880638003
vt -0.646706998 -0.865278006
vt -0.646706998 -0.865278006
vt -0.65545702 -0.880638003
vt -0.635622025 -0.865777016
vt -0.646706998 -0.865278006
vt -0.635622025 -0.865777016
vt -0.625099003 -0.852114022
vt -0.625099003 -0.852114022
vt -0.635622025 -0.865777016
vt -0.612423003 -0.853456974
vt -0.625099003 -0.852114022
vt -0.612423003 -0.853456974
vt -0.601809978 -0.841937006
vt -0.601809978 -0.841937006
vt -0.612423003 -0.853456974
vt -0.583920002 -0.84306699
vt -0.601809978 -0.841937006
vt -0.583920002 -0.84306699
vt -0.577569008 -0.834311008
vt -0.577569008 -0.834311008
vt -0.583920002 -0.84306699
vt -0.549311996 -0.834313989
vt -0.577569008 -0.834311008
vt -0.549311996 -0.834313989
vt -0.553008974 -0.828097999
vt -0.553008974 -0.828097999
vt -0.549311996 -0.834313989
vt -0.549311996 -0.834313989
vt -0.553008974 -0.828097999
vt -0.549311996 -0.834313989
vt -0.528226972 -0.822726011
vt -0.528226972 -0.822726011
vt -0.549311996 -0.834313989
vt -0.51118499 -0.826224983
vt -0.528226972 -0.822726011
vt -0.51118499 -0.826224983
vt -0.503446996 -0.817427993
vt -0.503446996 -0.817427993
vt -0.51118499 -0.826224983
vt -0.475234985 -0.817185998
vt -0.503446996 -0.817427993
vt -0.475234985 -0.817185998
vt -0.478884012 -0.811269999
vt -0.478884012 -0.811269999
vt -0.475234985 -0.817185998
vt -0.475234985 -0.817185998
vt -0.478884012 -0.811269999
vt -0.475234985 -0.817185998
vt -0.454921007 -0.803098023
vt -0.454921007 -0.803098023
vt -0.475234985 -0.817185998
vt -0.444474012 -0.806083024
vt -0.454921007 -0.803098023
vt -0.444474012 -0.806083024
vt -0.431901008 -0.792559028
vt -0.431901008 -0.792559028
vt -0.444474012 -0.806083024
vt -0.418161005 -0.792339981
vt -0.431901008 -0.792559028
vt -0.418161005 -0.792339981
vt -0.410326988 -0.779182971
vt -0.410326988 -0.779182971
vt -0.418161005 -0.792339981
vt -0.393877 -0.774791002
vt -0.410326988 -0.779182971
vt -0.393877 -0.774791002
vt -0.390623987 -0.763256013
vt -0.390623987 -0.763256013
vt -0.393877 -0.774791002
vt -0.369491994 -0.751798987
vt -0.390623987 -0.763256013
vt -0.369491994 -0.751798987
vt -0.372442007 -0.745579004
vt -0.372442007 -0.745579004
vt -0.369491994 -0.751798987
vt -0.369491994 -0.751798987
vt -0.372442007 -0.745579004
vt -0.369491994 -0.751798987
vt -0.355452001 -0.726714015
vt -0.355452001 -0.726714015
vt -0.369491994 -0.751798987
vt -0.344224989 -0.723479986
vt -0.355452001 -0.726714015
vt -0.344224989 -0.723479986
vt -0.339062989 -0.707351029
vt -0.339062989 -0.707351029
vt -0.344224989 -0.723479986
vt -0.318760991 -0.693889022
vt -0.339062989 -0.707351029
vt -0.318760991 -0.693889022
vt -0.32240501 -0.688248992
vt -0.32240501 -0.688248992
vt -0.318760991 -0.693889022
vt -0.318760991 -0.693889022
vt -0.32240501 -0.688248992
vt -0.318760991 -0.693889022
vt -0.305189013 -0.669665992
vt -0.305189013 -0.669665992
vt -0.318760991 -0.693889022
vt -0.293532997 -0.667158008
vt -0.305189013 -0.669665992
vt -0.293532997 -0.667158008
vt -0.286996007 -0.652025998
vt -0.286996007 -0.652025998
vt -0.293532997 -0.667158008
vt -0.268133014 -0.644513011
vt -0.286996007 -0.652025998
vt -0.268133014 -0.644513011
vt -0.267589003 -0.635721982
vt -0.267589003 -0.635721982
vt -0.268133014 -0.644513011
vt -0.242276996 -0.626106024
vt -0.267589003 -0.635721982
vt -0.242276996 -0.626106024
vt -0.246838003 -0.621218979
vt -0.246838003 -0.621218979
vt -0.242276996 -0.626106024
vt -0.242276996 -0.626106024
vt -0.246838003 -0.621218979
vt -0.242276996 -0.626106024
vt -0.224759996 -0.608784974
vt -0.224759996 -0.608784974
vt -0.242276996 -0.626106024
vt -0.215845004 -0.611836016
vt -0.224759996 -0.608784974
vt -0.215845004 -0.611836016
vt -0.201436996 -0.598793983
vt -0.201436996 -0.598793983
vt -0.215845004 -0.611836016
vt -0.188568994 -0.601491988
vt -0.201436996 -0.598793983
vt -0.188568994 -0.601491988
vt -0.177151993 -0.591588974
vt -0.177151993 -0.591588974
vt -0.188568994 -0.601491988
vt -0.160669997 -0.595086992
vt -0.177151993 -0.591588974
vt -0.160669997 -0.595086992
vt -0.152193993 -0.587246001
vt -0.152193993 -0.587246001
vt -0.160669997 -0.595086992
vt -0.131652996 -0.592490971
vt -0.152193993 -0.587246001
vt -0.131652996 -0.592490971
vt -0.126855001 -0.585792005
vt -0.126855001 -0.585792005
vt -0.131652996 -0.592490971
vt -0.131652996 -0.592490971
vt -0.126855001 -0.585792005
vt -0.131652996 -0.592490971
vt -0.101499997 -0.587109983
vt -0.101499997 -0.587109983
vt -0.131652996 -0.592490971
vt -0.131652996 -0.592490971
vt -0.101499997 -0.587109983
vt -0.131652996 -0.592490971
vt -0.101499997 -0.59425801
vt -0.101499997 -0.59425801
vt -0.131652996 -0.592490971
vt -0.130776003 -0.599330008
vt -0.101499997 -0.59425801
vt -0.130776003 -0.599330008
vt -0.101499997 -0.601315975
vt -0.101499997 -0.601315975
vt -0.130776003 -0.599330008
vt -0.129876003 -0.606347978
vt -0.101499997 -0.601315975
vt -0.129876003 -0.606347978
vt -0.101499997 -0.608253002
vt -0.101499997 -0.608253002
vt -0.129876003 -0.606347978
vt -0.128962994 -0.613467991
vt -0.101499997 -0.608253002
vt -0.128962994 -0.613467991
vt -0.101499997 -0.615001976
vt -0.101499997 -0.615001976
vt -0.128962994 -0.613467991
vt -0.128049001 -0.620597005
vt -0.101499997 -0.615001976
vt -0.128049001 -0.620597005
vt -0.101499997 -0.621482015
vt -0.101499997 -0.621482015
vt -0.128049001 -0.620597005
vt -0.128049001 -0.620597005
vt -0.101499997 -0.621482015
vt -0.128049001 -0.620597005
vt -0.101499997 -0.627674997
vt -0.101499997 -0.627674997
vt -0.128049001 -0.620597005
vt -0.127148002 -0.627619028
vt -0.101499997 -0.627674997
vt -0.127148002 -0.627619028
vt -0.101499997 -0.633473992
vt -0.101499997 -0.633473992
vt -0.127148002 -0.627619028
vt -0.126278996 -0.63440001
vt -0.101499997 -0.633473992
vt -0.126278996 -0.63440001
vt -0.101499997 -0.638877988
vt -0.101499997 -0.638877988
vt -0.126278996 -0.63440001
vt -0.125459999 -0.640783012
vt -0.171338007 0.101499997
vt -0.174987003 0.125459999
vt -0.176502004 0.101499997
vt -0.176502004 0.101499997
vt -0.174987003 0.125459999
vt -0.182248995 0.124715999
vt -0.176502004 0.101499997
vt -0.182248995 0.124715999
vt -0.182109997 0.101499997
vt -0.101499997 -0.648209989
vt -0.124715999 -0.646589994
vt -0.124715999 -0.646589994
vt -0.182109997 0.101499997
vt -0.182248995 0.124715999
vt -0.188123003 0.101499997
vt -0.188123003 0.101499997
vt -0.182248995 0.124715999
vt -0.190504998 0.124068998
vt -0.188123003 0.101499997
vt -0.190504998 0.124068998
vt -0.194453001 0.101499997
vt -0.194453001 0.101499997
vt -0.190504998 0.124068998
vt -0.199692994 0.123547003
vt -0.194453001 0.101499997
vt -0.199692994 0.123547003
vt -0.201094002 0.101499997
vt -0.201094002 0.101499997
vt -0.199692994 0.123547003
vt -0.209703997 0.123176999
vt -0.201094002 0.101499997
vt -0.209703997 0.123176999
vt -0.207928002 0.101499997
vt -0.101499997 -0.659995973
vt -0.123176999 -0.658587992
vt -0.123176999 -0.658587992
vt -0.207928002 0.101499997
vt -0.209703997 0.123176999
vt -0.214947999 0.101499997
vt -0.214947999 0.101499997
vt -0.209703997 0.123176999
vt -0.220379993 0.122983001
vt -0.214947999 0.101499997
vt -0.220379993 0.122983001
vt -0.222051993 0.101499997
vt -0.222051993 0.101499997
vt -0.220379993 0.122983001
vt -0.231510997 0.122989997
vt -0.222051993 0.101499997
vt -0.231510997 0.122989997
vt -0.229184002 0.101499997
vt -0.101499997 -0.662024021
vt -0.122989997 -0.660048008
vt -0.122989997 -0.660048008
vt -0.229184002 0.101499997
vt -0.231510997 0.122989997
vt -0.236297995 0.101499997
vt -0.236297995 0.101499997
vt -0.231510997 0.122989997
vt -0.242836997 0.123214997
vt -0.236297995 0.101499997
vt -0.242836997 0.123214997
vt -0.243288994 0.101499997
vt -0.101499997 -0.659995019
vt -0.123214997 -0.658289015
vt -0.123214997 -0.658289015
vt -0.243288994 0.101499997
vt -0.242836997 0.123214997
vt -0.250153005 0.101499997
vt -0.250153005 0.101499997
vt -0.242836997 0.123214997
vt -0.254051 0.123672999
vt -0.250153005 0.101499997
vt -0.254051 0.123672999
vt -0.256767988 0.101499997
vt -0.256767988 0.101499997
vt -0.254051 0.123672999
vt -0.264809996 0.124366999
vt -0.256767988 0.101499997
vt -0.264809996 0.124366999
vt -0.263117999 0.101499997
vt -0.101499997 -0.652052999
vt -0.124366999 -0.649305999
vt -0.124366999 -0.649305999
vt -0.263117999 0.101499997
vt -0.264809996 0.124366999
vt -0.269122005 0.101499997
vt -0.269122005 0.101499997
vt -0.264809996 0.124366999
vt -0.274749994 0.125294
vt -0.269122005 0.101499997
vt -0.274749994 0.125294
vt -0.274726003 0.101499997
vt -0.101499997 -0.643783987
vt -0.125294 -0.642081976
vt -0.125294 -0.642081976
vt -0.274726003 0.101499997
vt -0.274749994 0.125294
vt -0.279897988 0.101499997
vt 0.101499997 -0.63884902
vt 0.125294 -0.642081976
vt 0.126436993 -0.633170009
vt 0.101499997 -0.63884902
vt 0.126436993 -0.633170009
vt 0.101499997 -0.633469999
vt -0.101499997 -0.633469999
vt -0.126436993 -0.633170009
vt -0.126436993 -0.633170009
vt 0.101499997 -0.633469999
vt 0.126436993 -0.633170009
vt 0.101499997 -0.627640009
vt 0.101499997 -0.627640009
vt 0.126436993 -0.633170009
vt 0.127770007 -0.622775018
vt 0.101499997 -0.627640009
vt 0.127770007 -0.622775018
vt 0.101499997 -0.621465981
vt 0.101499997 -0.621465981
vt 0.127770007 -0.622775018
vt 0.129255995 -0.611184001
vt 0.101499997 -0.621465981
vt 0.129255995 -0.611184001
vt 0.101499997 -0.614970028
vt -0.101499997 -0.614970028
vt -0.129255995 -0.611184001
vt -0.129255995 -0.611184001
vt 0.101499997 -0.614970028
vt 0.129255995 -0.611184001
vt 0.101499997 -0.608220994
vt 0.101499997 -0.608220994
vt 0.129255995 -0.611184001
vt 0.130850002 -0.598752975
vt 0.101499997 -0.608220994
vt 0.130850002 -0.598752975
vt 0.101499997 -0.601294994
vt -0.101499997 -0.601294994
vt -0.130850002 -0.598752975
vt -0.130850002 -0.598752975
vt 0.101499997 -0.601294994
vt 0.130850002 -0.598752975
vt 0.101499997 -0.59425801
vt 0.101499997 -0.59425801
vt 0.130850002 -0.598752975
vt 0.127756998 -0.585795999
vt 0.101499997 -0.59425801
vt 0.127756998 -0.585795999
vt 0.101499997 -0.587109983
vt -0.708059013 -0.944435
vt -0.701246977 -0.946605027
vt -0.696779013 -0.92167902
vt 0.127756998 -0.585795999
vt 0.130850002 -0.598752975
vt 0.153874993 -0.587481976
vt 0.153874993 -0.587481976
vt 0.130850002 -0.598752975
vt 0.159032002 -0.601184011
vt 0.153874993 -0.587481976
vt 0.159032002 -0.601184011
vt 0.179716006 -0.592197001
vt 0.179716006 -0.592197001
vt 0.159032002 -0.601184011
vt 0.186114997 -0.607308984
vt 0.179716006 -0.592197001
vt 0.186114997 -0.607308984
vt 0.204807997 -0.600042999
vt 0.204807997 -0.600042999
vt 0.186114997 -0.607308984
vt 0.212629005 -0.617268026
vt 0.204807997 -0.600042999
vt 0.212629005 -0.617268026
vt 0.228734002 -0.610741973
vt 0.228734002 -0.610741973
vt 0.212629005 -0.617268026
vt 0.238391995 -0.631081998
vt 0.228734002 -0.610741973
vt 0.238391995 -0.631081998
vt 0.25138101 -0.624037027
vt 0.25138101 -0.624037027
vt 0.238391995 -0.631081998
vt 0.263693988 -0.649001002
vt 0.25138101 -0.624037027
vt 0.263693988 -0.649001002
vt 0.272596002 -0.639554977
vt -0.272596002 -0.639554977
vt -0.263693988 -0.649001002
vt -0.263693988 -0.649001002
vt 0.272596002 -0.639554977
vt 0.263693988 -0.649001002
vt 0.292380989 -0.65684998
vt 0.292380989 -0.65684998
vt 0.263693988 -0.649001002
vt 0.288670987 -0.671184003
vt 0.292380989 -0.65684998
vt 0.288670987 -0.671184003
vt 0.310956001 -0.675387979
vt 0.310956001 -0.675387979
vt 0.288670987 -0.671184003
vt 0.313632011 -0.697569013
vt 0.310956001 -0.675387979
vt 0.313632011 -0.697569013
vt 0.328597009 -0.694853008
vt -0.328597009 -0.694853008
vt -0.313632011 -0.697569013
vt -0.313632011 -0.697569013
vt 0.328597009 -0.694853008
vt 0.313632011 -0.697569013
vt 0.345726997 -0.714754999
vt 0.345726997 -0.714754999
vt 0.313632011 -0.697569013
vt 0.339035004 -0.727074027
vt 0.345726997 -0.714754999
vt 0.339035004 -0.727074027
vt 0.362935007 -0.73457098
vt 0.362935007 -0.73457098
vt 0.339035004 -0.727074027
vt 0.364513993 -0.755680978
vt 0.362935007 -0.73457098
vt 0.364513993 -0.755680978
vt 0.380968988 -0.753632009
vt 0.380968988 -0.753632009
vt 0.364513993 -0.755680978
vt 0.389378011 -0.779219985
vt 0.380968988 -0.753632009
vt 0.389378011 -0.779219985
vt 0.400328994 -0.771288991
vt -0.400328994 -0.771288991
vt -0.389378011 -0.779219985
vt -0.389378011 -0.779219985
vt 0.400328994 -0.771288991
vt 0.389378011 -0.779219985
vt 0.421566993 -0.78667599
vt 0.421566993 -0.78667599
vt 0.389378011 -0.779219985
vt 0.414330006 -0.797357023
vt 0.421566993 -0.78667599
vt 0.414330006 -0.797357023
vt 0.444797009 -0.798996985
vt 0.444797009 -0.798996985
vt 0.414330006 -0.797357023
vt 0.441388994 -0.811591029
vt 0.444797009 -0.798996985
vt 0.441388994 -0.811591029
vt 0.469244003 -0.808481991
vt 0.469244003 -0.808481991
vt 0.441388994 -0.811591029
vt 0.472838998 -0.823027015
vt 0.469244003 -0.808481991
vt 0.472838998 -0.823027015
vt 0.494516999 -0.815759003
vt 0.494516999 -0.815759003
vt 0.472838998 -0.823027015
vt 0.509218991 -0.832224011
vt 0.494516999 -0.815759003
vt 0.509218991 -0.832224011
vt 0.520130992 -0.821624994
vt -0.520130992 -0.821624994
vt -0.509218991 -0.832224011
vt -0.509218991 -0.832224011
vt 0.520130992 -0.821624994
vt 0.509218991 -0.832224011
vt 0.545813978 -0.827027023
vt 0.545813978 -0.827027023
vt 0.509218991 -0.832224011
vt 0.547333002 -0.840309024
vt 0.545813978 -0.827027023
vt 0.547333002 -0.840309024
vt 0.571353018 -0.833018005
vt 0.571353018 -0.833018005
vt 0.547333002 -0.840309024
vt 0.581485987 -0.84889102
vt 0.571353018 -0.833018005
vt 0.581485987 -0.84889102
vt 0.596508026 -0.840364993
vt 0.596508026 -0.840364993
vt 0.581485987 -0.84889102
vt 0.609275997 -0.858928978
vt 0.596508026 -0.840364993
vt 0.609275997 -0.858928978
vt 0.620846987 -0.850109994
vt 0.620846987 -0.850109994
vt 0.609275997 -0.858928978
vt 0.631696999 -0.870721996
vt 0.620846987 -0.850109994
vt 0.631696999 -0.870721996
vt 0.643706024 -0.863120973
vt 0.643706024 -0.863120973
vt 0.631696999 -0.870721996
vt 0.650803983 -0.884904981
vt 0.643706024 -0.863120973
vt 0.650803983 -0.884904981
vt 0.664071977 -0.879563987
vt 0.664071977 -0.879563987
vt 0.650803983 -0.884904981
vt 0.667517006 -0.902013004
vt 0.664071977 -0.879563987
vt 0.667517006 -0.902013004
vt 0.681706011 -0.899004996
vt 0.681706011 -0.899004996
vt 0.667517006 -0.902013004
vt 0.682509005 -0.922995985
vt 0.681706011 -0.899004996
vt 0.682509005 -0.922995985
vt 0.696317971 -0.920898974
vt 0.130850002 -0.598752975
vt 0.129255995 -0.611184001
vt 0.159032002 -0.601184011
vt 0.159032002 -0.601184011
vt 0.129255995 -0.611184001
vt 0.155781001 -0.613287985
vt 0.159032002 -0.601184011
vt 0.155781001 -0.613287985
vt 0.186114997 -0.607308984
vt 0.186114997 -0.607308984
vt 0.155781001 -0.613287985
vt 0.181244001 -0.618856013
vt 0.186114997 -0.607308984
vt 0.181244001 -0.618856013
vt 0.212629005 -0.617268026
vt 0.212629005 -0.617268026
vt 0.181244001 -0.618856013
vt 0.206244007 -0.628051996
vt 0.212629005 -0.617268026
vt 0.206244007 -0.628051996
vt 0.238391995 -0.631081998
vt 0.238391995 -0.631081998
vt 0.206244007 -0.628051996
vt 0.230681002 -0.640962005
vt 0.238391995 -0.631081998
vt 0.230681002 -0.640962005
vt 0.263693988 -0.649001002
vt 0.263693988 -0.649001002
vt 0.230681002 -0.640962005
vt 0.254880995 -0.657912016
vt 0.263693988 -0.649001002
vt 0.254880995 -0.657912016
vt 0.288670987 -0.671184003
vt 0.288670987 -0.671184003
vt 0.254880995 -0.657912016
vt 0.279018015 -0.679177999
vt 0.288670987 -0.671184003
vt 0.279018015 -0.679177999
vt 0.313632011 -0.697569013
vt 0.313632011 -0.697569013
vt 0.279018015 -0.679177999
vt 0.303447992 -0.704874992
vt 0.313632011 -0.697569013
vt 0.303447992 -0.704874992
vt 0.339035004 -0.727074027
vt 0.339035004 -0.727074027
vt 0.303447992 -0.704874992
vt 0.328732014 -0.734210014
vt 0.339035004 -0.727074027
vt 0.328732014 -0.734210014
vt 0.364513993 -0.755680978
vt 0.364513993 -0.755680978
vt 0.328732014 -0.734210014
vt 0.35463199 -0.763390005
vt 0.364513993 -0.755680978
vt 0.35463199 -0.763390005
vt 0.389378011 -0.779219985
vt 0.389378011 -0.779219985
vt 0.35463199 -0.763390005
vt 0.380448014 -0.788012028
vt 0.389378011 -0.779219985
vt 0.380448014 -0.788012028
vt 0.414330006 -0.797357023
vt 0.414330006 -0.797357023
vt 0.380448014 -0.788012028
vt 0.406722009 -0.807317019
vt 0.414330006 -0.797357023
vt 0.406722009 -0.807317019
vt 0.441388994 -0.811591029
vt 0.441388994 -0.811591029
vt 0.406722009 -0.807317019
vt 0.435265005 -0.822525024
vt 0.441388994 -0.811591029
vt 0.435265005 -0.822525024
vt 0.472838998 -0.823027015
vt 0.472838998 -0.823027015
vt 0.435265005 -0.822525024
vt 0.468084008 -0.834622025
vt 0.472838998 -0.823027015
vt 0.468084008 -0.834622025
vt 0.509218991 -0.832224011
vt 0.509218991 -0.832224011
vt 0.468084008 -0.834622025
vt 0.505316019 -0.844133973
vt 0.509218991 -0.832224011
vt 0.505316019 -0.844133973
vt 0.547333002 -0.840309024
vt 0.547333002 -0.840309024
vt 0.505316019 -0.844133973
vt 0.543403029 -0.852209985
vt 0.547333002 -0.840309024
vt 0.543403029 -0.852209985
vt 0.581485987 -0.84889102
vt 0.581485987 -0.84889102
vt 0.543403029 -0.852209985
vt 0.576653004 -0.860454977
vt 0.581485987 -0.84889102
vt 0.576653004 -0.860454977
vt 0.609275997 -0.858928978
vt 0.609275997 -0.858928978
vt 0.576653004 -0.860454977
vt 0.603026986 -0.869792998
vt 0.609275997 -0.858928978
vt 0.603026986 -0.869792998
vt 0.631696999 -0.870721996
vt 0.631696999 -0.870721996
vt 0.603026986 -0.869792998
vt 0.62390703 -0.880539
vt 0.631696999 -0.870721996
vt 0.62390703 -0.880539
vt 0.650803983 -0.884904981
vt 0.650803983 -0.884904981
vt 0.62390703 -0.880539
vt 0.641565979 -0.893374026
vt 0.650803983 -0.884904981
vt 0.641565979 -0.893374026
vt 0.667517006 -0.902013004
vt 0.667517006 -0.902013004
vt 0.641565979 -0.893374026
vt 0.657078981 -0.908949971
vt 0.667517006 -0.902013004
vt 0.657078981 -0.908949971
vt 0.682509005 -0.922995985
vt -0.682509005 -0.922995985
vt -0.657078981 -0.908949971
vt -0.657078981 -0.908949971
vt 0.682509005 -0.922995985
vt 0.657078981 -0.908949971
vt 0.671168983 -0.928331017
vt 0.671168983 -0.928331017
vt 0.657078981 -0.908949971
vt 0.64734602 -0.915417016
vt 0.671168983 -0.928331017
vt 0.64734602 -0.915417016
vt 0.660595 -0.933306992
vt 0.660595 -0.933306992
vt 0.64734602 -0.915417016
vt 0.638617992 -0.921217978
vt 0.660595 -0.933306992
vt 0.638617992 -0.921217978
vt 0.65111202 -0.937768996
vt 0.65111202 -0.937768996
vt 0.638617992 -0.921217978
vt 0.631133974 -0.926190972
vt 0.65111202 -0.937768996
vt 0.631133974 -0.926190972
vt 0.642982006 -0.941594005
vt 0.274749994 -0.941594005
vt 0.274749994 -0.926190972
vt 0.264809996 -0.930221975
vt 0.274749994 -0.941594005
vt 0.264809996 -0.930221975
vt 0.264809996 -0.944694996
vt 0.264809996 -0.944694996
vt 0.264809996 -0.930221975
vt 0.254051 -0.93324399
vt 0.264809996 -0.944694996
vt 0.254051 -0.93324399
vt 0.254051 -0.947018981
vt 0.254051 -0.947018981
vt 0.254051 -0.93324399
vt 0.242836997 -0.935235023
vt 0.254051 -0.947018981
vt 0.242836997 -0.935235023
vt 0.242836997 -0.948549986
vt 0.242836997 -0.948549986
vt 0.242836997 -0.935235023
vt 0.231510997 -0.93621701
vt 0.242836997 -0.948549986
vt 0.231510997 -0.93621701
vt 0.231510997 -0.949306011
vt 0.231510997 -0.949306011
vt 0.231510997 -0.93621701
vt 0.220379993 -0.936245024
vt 0.231510997 -0.949306011
vt 0.220379993 -0.936245024
vt 0.220379993 -0.949326992
vt 0.220379993 -0.949326992
vt 0.220379993 -0.936245024
vt 0.209703997 -0.935401976
vt 0.220379993 -0.949326992
vt 0.209703997 -0.935401976
vt 0.209703997 -0.94867897
vt 0.209703997 -0.94867897
vt 0.209703997 -0.935401976
vt 0.199692994 -0.933789015
vt 0.209703997 -0.94867897
vt 0.199692994 -0.933789015
vt 0.199692994 -0.947439015
vt 0.199692994 -0.947439015
vt 0.199692994 -0.933789015
vt 0.190504998 -0.931518972
vt 0.199692994 -0.947439015
vt 0.190504998 -0.931518972
vt 0.190504998 -0.945692003
vt 0.190504998 -0.945692003
vt 0.190504998 -0.931518972
vt 0.182248995 -0.928707004
vt 0.190504998 -0.945692003
vt 0.182248995 -0.928707004
vt 0.182248995 -0.94352901
vt -0.638868988 -0.94352901
vt -0.627349019 -0.928707004
vt -0.632224977 -0.925466001
vt 0.182248995 -0.94352901
vt 0.174987003 -0.925466001
vt 0.174987003 -0.941035986
vt -0.644167006 -0.941035986
vt -0.632224977 -0.925466001
vt -0.637584984 -0.921904981
vt -0.644167006 -0.941035986
vt -0.637584984 -0.921904981
vt -0.649990022 -0.938296974
vt -0.649990022 -0.938296974
vt -0.637584984 -0.921904981
vt -0.643278003 -0.91812098
vt -0.649990022 -0.938296974
vt -0.643278003 -0.91812098
vt -0.656175017 -0.935386002
vt -0.656175017 -0.935386002
vt -0.643278003 -0.91812098
vt -0.649174988 -0.914201975
vt -0.656175017 -0.935386002
vt -0.649174988 -0.914201975
vt -0.66258198 -0.932371974
vt -0.66258198 -0.932371974
vt -0.649174988 -0.914201975
vt -0.655161023 -0.91022402
vt -0.66258198 -0.932371974
vt -0.655161023 -0.91022402
vt -0.669085026 -0.929311991
vt -0.669085026 -0.929311991
vt -0.655161023 -0.91022402
vt -0.661140025 -0.906251013
vt -0.669085026 -0.929311991
vt -0.661140025 -0.906251013
vt -0.675580978 -0.926256001
vt -0.675580978 -0.926256001
vt -0.661140025 -0.906251013
vt -0.667032003 -0.902334988
vt -0.675580978 -0.926256001
vt -0.667032003 -0.902334988
vt -0.681981981 -0.923243999
vt -0.681981981 -0.923243999
vt -0.667032003 -0.902334988
vt -0.672774971 -0.89851898
vt -0.681981981 -0.923243999
vt -0.672774971 -0.89851898
vt -0.688221991 -0.920307994
vt -0.672774971 -0.89851898
vt -0.667032003 -0.902334988
vt -0.65545702 -0.880638003
vt -0.65545702 -0.880638003
vt -0.667032003 -0.902334988
vt -0.650375009 -0.885298014
vt -0.65545702 -0.880638003
vt -0.650375009 -0.885298014
vt -0.635622025 -0.865777016
vt -0.635622025 -0.865777016
vt -0.650375009 -0.885298014
vt -0.63133502 -0.871177971
vt -0.635622025 -0.865777016
vt -0.63133502 -0.871177971
vt -0.612423003 -0.853456974
vt -0.612423003 -0.853456974
vt -0.63133502 -0.871177971
vt -0.608985007 -0.859434009
vt -0.612423003 -0.853456974
vt -0.608985007 -0.859434009
vt -0.583920002 -0.84306699
vt -0.583920002 -0.84306699
vt -0.608985007 -0.859434009
vt -0.581260979 -0.849429011
vt -0.583920002 -0.84306699
vt -0.581260979 -0.849429011
vt -0.549311996 -0.834313989
vt -0.549311996 -0.834313989
vt -0.581260979 -0.849429011
vt -0.547150016 -0.840861976
vt -0.549311996 -0.834313989
vt -0.547150016 -0.840861976
vt -0.51118499 -0.826224983
vt -0.51118499 -0.826224983
vt -0.547150016 -0.840861976
vt -0.509037018 -0.832777977
vt -0.51118499 -0.826224983
vt -0.509037018 -0.832777977
vt -0.475234985 -0.817185998
vt -0.475234985 -0.817185998
vt -0.509037018 -0.832777977
vt -0.472618014 -0.82356602
vt -0.475234985 -0.817185998
vt -0.472618014 -0.82356602
vt -0.444474012 -0.806083024
vt -0.444474012 -0.806083024
vt -0.472618014 -0.82356602
vt -0.441105008 -0.81209898
vt -0.444474012 -0.806083024
vt -0.441105008 -0.81209898
vt -0.418161005 -0.792339981
vt -0.418161005 -0.792339981
vt -0.441105008 -0.81209898
vt -0.413976014 -0.797819018
vt -0.418161005 -0.792339981
vt -0.413976014 -0.797819018
vt -0.393877 -0.774791002
vt -0.393877 -0.774791002
vt -0.413976014 -0.797819018
vt -0.388963014 -0.779627979
vt -0.393877 -0.774791002
vt -0.388963014 -0.779627979
vt -0.369491994 -0.751798987
vt -0.369491994 -0.751798987
vt -0.388963014 -0.779627979
vt -0.364055008 -0.756039977
vt -0.369491994 -0.751798987
vt -0.364055008 -0.756039977
vt -0.344224989 -0.723479986
vt -0.344224989 -0.723479986
vt -0.364055008 -0.756039977
vt -0.338555992 -0.727406025
vt -0.344224989 -0.723479986
vt -0.338555992 -0.727406025
vt -0.318760991 -0.693889022
vt -0.318760991 -0.693889022
vt -0.338555992 -0.727406025
vt -0.313158005 -0.697907984
vt -0.318760991 -0.693889022
vt -0.313158005 -0.697907984
vt -0.293532997 -0.667158008
vt -0.293532997 -0.667158008
vt -0.313158005 -0.697907984
vt -0.288221985 -0.671555996
vt -0.293532997 -0.667158008
vt -0.288221985 -0.671555996
vt -0.268133014 -0.644513011
vt -0.268133014 -0.644513011
vt -0.288221985 -0.671555996
vt -0.263283998 -0.649415016
vt -0.268133014 -0.644513011
vt -0.263283998 -0.649415016
vt -0.242276996 -0.626106024
vt -0.242276996 -0.626106024
vt -0.263283998 -0.649415016
vt -0.238033995 -0.631541014
vt -0.242276996 -0.626106024
vt -0.238033995 -0.631541014
vt -0.215845004 -0.611836016
vt -0.215845004 -0.611836016
vt -0.238033995 -0.631541014
vt -0.212331995 -0.617769003
vt -0.215845004 -0.611836016
vt -0.212331995 -0.617769003
vt -0.188568994 -0.601491988
vt -0.188568994 -0.601491988
vt -0.212331995 -0.617769003
vt -0.185889006 -0.607845008
vt -0.188568994 -0.601491988
vt -0.185889006 -0.607845008
vt -0.160669997 -0.595086992
vt -0.160669997 -0.595086992
vt -0.185889006 -0.607845008
vt -0.158880994 -0.601746023
vt -0.160669997 -0.595086992
vt -0.158880994 -0.601746023
vt -0.131652996 -0.592490971
vt -0.131652996 -0.592490971
vt -0.158880994 -0.601746023
vt -0.158880994 -0.601746023
vt -0.131652996 -0.592490971
vt -0.158880994 -0.601746023
vt -0.130776003 -0.599330008
vt -0.130776003 -0.599330008
vt -0.158880994 -0.601746023
vt -0.157045007 -0.60857898
vt -0.130776003 -0.599330008
vt -0.157045007 -0.60857898
vt -0.129876003 -0.606347978
vt -0.129876003 -0.606347978
vt -0.157045007 -0.60857898
vt -0.155183002 -0.615512013
vt -0.129876003 -0.606347978
vt -0.155183002 -0.615512013
vt -0.128962994 -0.613467991
vt -0.128962994 -0.613467991
vt -0.155183002 -0.615512013
vt -0.153318003 -0.622452974
vt -0.128962994 -0.613467991
vt -0.153318003 -0.622452974
vt -0.128049001 -0.620597005
vt -0.128049001 -0.620597005
vt -0.153318003 -0.622452974
vt -0.151481003 -0.629290998
vt -0.128049001 -0.620597005
vt -0.151481003 -0.629290998
vt -0.127148002 -0.627619028
vt -0.127148002 -0.627619028
vt -0.151481003 -0.629290998
vt -0.149708003 -0.635892987
vt -0.127148002 -0.627619028
vt -0.149708003 -0.635892987
vt -0.126278996 -0.63440001
vt -0.126278996 -0.63440001
vt -0.149708003 -0.635892987
vt -0.148038 -0.64210701
vt -0.126278996 -0.63440001
vt -0.148038 -0.64210701
vt -0.125459999 -0.640783012
vt -0.174987003 0.125459999
vt -0.174987003 0.148038
vt -0.182248995 0.146519005
vt -0.174987003 0.125459999
vt -0.182248995 0.146519005
vt -0.182248995 0.124715999
vt -0.182248995 0.124715999
vt -0.182248995 0.146519005
vt -0.190504998 0.145200998
vt -0.182248995 0.124715999
vt -0.190504998 0.145200998
vt -0.190504998 0.124068998
vt -0.190504998 0.124068998
vt -0.190504998 0.145200998
vt -0.199692994 0.144136995
vt -0.190504998 0.124068998
vt -0.199692994 0.144136995
vt -0.199692994 0.123547003
vt -0.199692994 0.123547003
vt -0.199692994 0.144136995
vt -0.209703997 0.143381
vt -0.199692994 0.123547003
vt -0.209703997 0.143381
vt -0.209703997 0.123176999
vt -0.209703997 0.123176999
vt -0.209703997 0.143381
vt -0.220379993 0.142986
vt -0.209703997 0.123176999
vt -0.220379993 0.142986
vt -0.220379993 0.122983001
vt -0.220379993 0.122983001
vt -0.220379993 0.142986
vt -0.231510997 0.142998993
vt -0.220379993 0.122983001
vt -0.231510997 0.142998993
vt -0.231510997 0.122989997
vt -0.231510997 0.122989997
vt -0.231510997 0.142998993
vt -0.242836997 0.143459007
vt -0.231510997 0.122989997
vt -0.242836997 0.143459007
vt -0.242836997 0.123214997
vt -0.242836997 0.123214997
vt -0.242836997 0.143459007
vt -0.254051 0.144392997
vt -0.242836997 0.123214997
vt -0.254051 0.144392997
vt -0.254051 0.123672999
vt -0.254051 0.123672999
vt -0.254051 0.144392997
vt -0.264809996 0.145808995
vt -0.254051 0.123672999
vt -0.264809996 0.145808995
vt -0.264809996 0.124366999
vt -0.264809996 0.124366999
vt -0.264809996 0.145808995
vt -0.274749994 0.147698
vt -0.264809996 0.124366999
vt -0.274749994 0.147698
vt -0.274749994 0.125294
vt 0.125294 -0.642081976
vt 0.147698 -0.643371999
vt 0.150030002 -0.634694993
vt 0.125294 -0.642081976
vt 0.150030002 -0.634694993
vt 0.126436993 -0.633170009
vt 0.126436993 -0.633170009
vt 0.150030002 -0.634694993
vt 0.152749002 -0.624574006
vt 0.126436993 -0.633170009
vt 0.152749002 -0.624574006
vt 0.127770007 -0.622775018
vt 0.127770007 -0.622775018
vt 0.152749002 -0.624574006
vt 0.155781001 -0.613287985
vt 0.127770007 -0.622775018
vt 0.155781001 -0.613287985
vt 0.129255995 -0.611184001
vt 0.155781001 -0.613287985
vt 0.152749002 -0.624574006
vt 0.181244001 -0.618856013
vt 0.181244001 -0.618856013
vt 0.152749002 -0.624574006
vt 0.176701993 -0.629622996
vt 0.181244001 -0.618856013
vt 0.176701993 -0.629622996
vt 0.206244007 -0.628051996
vt 0.206244007 -0.628051996
vt 0.176701993 -0.629622996
vt 0.200289994 -0.638108015
vt 0.206244007 -0.628051996
vt 0.200289994 -0.638108015
vt 0.230681002 -0.640962005
vt 0.230681002 -0.640962005
vt 0.200289994 -0.638108015
vt 0.223490998 -0.650174022
vt 0.230681002 -0.640962005
vt 0.223490998 -0.650174022
vt 0.254880995 -0.657912016
vt 0.254880995 -0.657912016
vt 0.223490998 -0.650174022
vt 0.246663004 -0.666221023
vt 0.254880995 -0.657912016
vt 0.246663004 -0.666221023
vt 0.279018015 -0.679177999
vt 0.279018015 -0.679177999
vt 0.246663004 -0.666221023
vt 0.270016998 -0.686631024
vt 0.279018015 -0.679177999
vt 0.270016998 -0.686631024
vt 0.303447992 -0.704874992
vt 0.303447992 -0.704874992
vt 0.270016998 -0.686631024
vt 0.293953001 -0.711687028
vt 0.303447992 -0.704874992
vt 0.293953001 -0.711687028
vt 0.328732014 -0.734210014
vt 0.328732014 -0.734210014
vt 0.293953001 -0.711687028
vt 0.31912601 -0.740863979
vt 0.328732014 -0.734210014
vt 0.31912601 -0.740863979
vt 0.35463199 -0.763390005
vt 0.35463199 -0.763390005
vt 0.31912601 -0.740863979
vt 0.345418006 -0.770578027
vt 0.35463199 -0.763390005
vt 0.345418006 -0.770578027
vt 0.380448014 -0.788012028
vt 0.380448014 -0.788012028
vt 0.345418006 -0.770578027
vt 0.372119993 -0.796211004
vt 0.380448014 -0.788012028
vt 0.372119993 -0.796211004
vt 0.406722009 -0.807317019
vt 0.406722009 -0.807317019
vt 0.372119993 -0.796211004
vt 0.399628997 -0.816604018
vt 0.406722009 -0.807317019
vt 0.399628997 -0.816604018
vt 0.435265005 -0.822525024
vt 0.435265005 -0.822525024
vt 0.399628997 -0.816604018
vt 0.429554999 -0.832720995
vt 0.435265005 -0.822525024
vt 0.429554999 -0.832720995
vt 0.468084008 -0.834622025
vt 0.468084008 -0.834622025
vt 0.429554999 -0.832720995
vt 0.463649005 -0.84543401
vt 0.468084008 -0.834622025
vt 0.463649005 -0.84543401
vt 0.505316019 -0.844133973
vt 0.505316019 -0.844133973
vt 0.463649005 -0.84543401
vt 0.501676977 -0.855238974
vt 0.505316019 -0.844133973
vt 0.501676977 -0.855238974
vt 0.543403029 -0.852209985
vt 0.543403029 -0.852209985
vt 0.501676977 -0.855238974
vt 0.539739013 -0.863305986
vt 0.543403029 -0.852209985
vt 0.539739013 -0.863305986
vt 0.576653004 -0.860454977
vt 0.576653004 -0.860454977
vt 0.539739013 -0.863305986
vt 0.572148025 -0.871237993
vt 0.576653004 -0.860454977
vt 0.572148025 -0.871237993
vt 0.603026986 -0.869792998
vt 0.603026986 -0.869792998
vt 0.572148025 -0.871237993
vt 0.597199976 -0.879921973
vt 0.603026986 -0.869792998
vt 0.597199976 -0.879921973
vt 0.62390703 -0.880539
vt 0.62390703 -0.880539
vt 0.597199976 -0.879921973
vt 0.616641998 -0.889693022
vt 0.62390703 -0.880539
vt 0.616641998 -0.889693022
vt 0.641565979 -0.893374026
vt 0.641565979 -0.893374026
vt 0.616641998 -0.889693022
vt 0.632952988 -0.901270986
vt 0.641565979 -0.893374026
vt 0.632952988 -0.901270986
vt 0.657078981 -0.908949971
vt -0.657078981 -0.908949971
vt -0.632952988 -0.901270986
vt -0.632952988 -0.901270986
vt 0.657078981 -0.908949971
vt 0.632952988 -0.901270986
vt 0.64734602 -0.915417016
vt 0.64734602 -0.915417016
vt 0.632952988 -0.901270986
vt 0.625227988 -0.908353984
vt 0.64734602 -0.915417016
vt 0.625227988 -0.908353984
vt 0.638617992 -0.921217978
vt 0.638617992 -0.921217978
vt 0.625227988 -0.908353984
vt 0.618605018 -0.914426029
vt 0.638617992 -0.921217978
vt 0.618605018 -0.914426029
vt 0.631133974 -0.926190972
vt 0.631133974 -0.926190972
vt 0.618605018 -0.914426029
vt 0.613237023 -0.919346988
vt -0.274749994 0.631133974
vt -0.264809996 0.613237023
vt -0.264809996 0.625069022
vt -0.264809996 0.625069022
vt -0.264809996 0.613237023
vt -0.254051 0.609212995
vt -0.264809996 0.625069022
vt -0.254051 0.609212995
vt -0.254051 0.620522022
vt -0.254051 0.620522022
vt -0.254051 0.609212995
vt -0.242836997 0.606561005
vt -0.254051 0.620522022
vt -0.242836997 0.606561005
vt -0.242836997 0.617525995
vt -0.242836997 0.617525995
vt -0.242836997 0.606561005
vt -0.231510997 0.605253994
vt -0.242836997 0.617525995
vt -0.231510997 0.605253994
vt -0.231510997 0.616048992
vt -0.231510997 0.616048992
vt -0.231510997 0.605253994
vt -0.220379993 0.605216026
vt -0.231510997 0.616048992
vt -0.220379993 0.605216026
vt -0.220379993 0.616006017
vt -0.220379993 0.616006017
vt -0.220379993 0.605216026
vt -0.209703997 0.606338978
vt -0.220379993 0.616006017
vt -0.209703997 0.606338978
vt -0.209703997 0.617275
vt -0.209703997 0.617275
vt -0.209703997 0.606338978
vt -0.199692994 0.608485997
vt -0.209703997 0.617275
vt -0.199692994 0.608485997
vt -0.199692994 0.619701028
vt -0.199692994 0.619701028
vt -0.199692994 0.608485997
vt -0.190504998 0.611509025
vt -0.199692994 0.619701028
vt -0.190504998 0.611509025
vt -0.190504998 0.62311703
vt -0.190504998 0.62311703
vt -0.190504998 0.611509025
vt -0.182248995 0.615253985
vt -0.190504998 0.62311703
vt -0.182248995 0.615253985
vt -0.182248995 0.627349019
vt -0.627349019 -0.928707004
vt -0.615253985 -0.917496979
vt -0.619570017 -0.913541019
vt -0.627349019 -0.928707004
vt -0.619570017 -0.913541019
vt -0.632224977 -0.925466001
vt -0.632224977 -0.925466001
vt -0.619570017 -0.913541019
vt -0.624312997 -0.909192026
vt -0.632224977 -0.925466001
vt -0.624312997 -0.909192026
vt -0.637584984 -0.921904981
vt -0.637584984 -0.921904981
vt -0.624312997 -0.909192026
vt -0.629351974 -0.90457201
vt -0.637584984 -0.921904981
vt -0.629351974 -0.90457201
vt -0.643278003 -0.91812098
vt -0.643278003 -0.91812098
vt -0.629351974 -0.90457201
vt -0.634571016 -0.899787009
vt -0.643278003 -0.91812098
vt -0.634571016 -0.899787009
vt -0.649174988 -0.914201975
vt -0.649174988 -0.914201975
vt -0.634571016 -0.899787009
vt -0.639868975 -0.894930005
vt -0.649174988 -0.914201975
vt -0.639868975 -0.894930005
vt -0.655161023 -0.91022402
vt -0.655161023 -0.91022402
vt -0.639868975 -0.894930005
vt -0.645160019 -0.890079021
vt -0.655161023 -0.91022402
vt -0.645160019 -0.890079021
vt -0.661140025 -0.906251013
vt -0.661140025 -0.906251013
vt -0.645160019 -0.890079021
vt -0.650375009 -0.885298014
vt -0.661140025 -0.906251013
vt -0.650375009 -0.885298014
vt -0.667032003 -0.902334988
vt -0.650375009 -0.885298014
vt -0.645160019 -0.890079021
vt -0.63133502 -0.871177971
vt -0.63133502 -0.871177971
vt -0.645160019 -0.890079021
vt -0.626936972 -0.876720011
vt -0.63133502 -0.871177971
vt -0.626936972 -0.876720011
vt -0.608985007 -0.859434009
vt -0.608985007 -0.859434009
vt -0.626936972 -0.876720011
vt -0.605457008 -0.865566015
vt -0.608985007 -0.859434009
vt -0.605457008 -0.865566015
vt -0.581260979 -0.849429011
vt -0.581260979 -0.849429011
vt -0.605457008 -0.865566015
vt -0.578532994 -0.855956972
vt -0.581260979 -0.849429011
vt -0.578532994 -0.855956972
vt -0.547150016 -0.840861976
vt -0.547150016 -0.840861976
vt -0.578532994 -0.855956972
vt -0.544932008 -0.847580016
vt -0.547150016 -0.840861976
vt -0.544932008 -0.847580016
vt -0.509037018 -0.832777977
vt -0.509037018 -0.832777977
vt -0.544932008 -0.847580016
vt -0.506833971 -0.839501023
vt -0.509037018 -0.832777977
vt -0.506833971 -0.839501023
vt -0.472618014 -0.82356602
vt -0.472618014 -0.82356602
vt -0.506833971 -0.839501023
vt -0.469933987 -0.830111027
vt -0.472618014 -0.82356602
vt -0.469933987 -0.830111027
vt -0.441105008 -0.81209898
vt -0.441105008 -0.81209898
vt -0.469933987 -0.830111027
vt -0.437647998 -0.818271995
vt -0.441105008 -0.81209898
vt -0.437647998 -0.818271995
vt -0.413976014 -0.797819018
vt -0.413976014 -0.797819018
vt -0.437647998 -0.818271995
vt -0.409682006 -0.803442001
vt -0.413976014 -0.797819018
vt -0.409682006 -0.803442001
vt -0.388963014 -0.779627979
vt -0.388963014 -0.779627979
vt -0.409682006 -0.803442001
vt -0.383922011 -0.784591973
vt -0.388963014 -0.779627979
vt -0.383922011 -0.784591973
vt -0.364055008 -0.756039977
vt -0.364055008 -0.756039977
vt -0.383922011 -0.784591973
vt -0.358476013 -0.760390997
vt -0.364055008 -0.756039977
vt -0.358476013 -0.760390997
vt -0.338555992 -0.727406025
vt -0.338555992 -0.727406025
vt -0.358476013 -0.760390997
vt -0.332740009 -0.731433988
vt -0.338555992 -0.727406025
vt -0.332740009 -0.731433988
vt -0.313158005 -0.697907984
vt -0.313158005 -0.697907984
vt -0.332740009 -0.731433988
vt -0.307410002 -0.702032983
vt -0.313158005 -0.697907984
vt -0.307410002 -0.702032983
vt -0.288221985 -0.671555996
vt -0.288221985 -0.671555996
vt -0.307410002 -0.702032983
vt -0.282772988 -0.676068008
vt -0.288221985 -0.671555996
vt -0.282772988 -0.676068008
vt -0.263283998 -0.649415016
vt -0.263283998 -0.649415016
vt -0.282772988 -0.676068008
vt -0.258309007 -0.654444993
vt -0.263283998 -0.649415016
vt -0.258309007 -0.654444993
vt -0.238033995 -0.631541014
vt -0.238033995 -0.631541014
vt -0.258309007 -0.654444993
vt -0.233680993 -0.637118995
vt -0.238033995 -0.631541014
vt -0.233680993 -0.637118995
vt -0.212331995 -0.617769003
vt -0.212331995 -0.617769003
vt -0.233680993 -0.637118995
vt -0.208728001 -0.623857021
vt -0.212331995 -0.617769003
vt -0.208728001 -0.623857021
vt -0.185889006 -0.607845008
vt -0.185889006 -0.607845008
vt -0.208728001 -0.623857021
vt -0.183138996 -0.614364028
vt -0.185889006 -0.607845008
vt -0.183138996 -0.614364028
vt -0.158880994 -0.601746023
vt -0.158880994 -0.601746023
vt -0.183138996 -0.614364028
vt -0.183138996 -0.614364028
vt -0.158880994 -0.601746023
vt -0.183138996 -0.614364028
vt -0.157045007 -0.60857898
vt -0.157045007 -0.60857898
vt -0.183138996 -0.614364028
vt -0.180349007 -0.620977998
vt -0.157045007 -0.60857898
vt -0.180349007 -0.620977998
vt -0.155183002 -0.615512013
vt -0.155183002 -0.615512013
vt -0.180349007 -0.620977998
vt -0.177554995 -0.627600014
vt -0.155183002 -0.615512013
vt -0.177554995 -0.627600014
vt -0.153318003 -0.622452974
vt -0.153318003 -0.622452974
vt -0.177554995 -0.627600014
vt -0.174804002 -0.634123981
vt -0.153318003 -0.622452974
vt -0.174804002 -0.634123981
vt -0.151481003 -0.629290998
vt -0.151481003 -0.629290998
vt -0.174804002 -0.634123981
vt -0.172146007 -0.640423
vt -0.151481003 -0.629290998
vt -0.172146007 -0.640423
vt -0.149708003 -0.635892987
vt -0.149708003 -0.635892987
vt -0.172146007 -0.640423
vt -0.169644997 -0.64635098
vt -0.149708003 -0.635892987
vt -0.169644997 -0.64635098
vt -0.148038 -0.64210701
vt -0.174987003 0.148038
vt -0.174987003 0.169644997
vt -0.182248995 0.167370006
vt -0.174987003 0.148038
vt -0.182248995 0.167370006
vt -0.182248995 0.146519005
vt -0.182248995 0.146519005
vt -0.182248995 0.167370006
vt -0.190504998 0.165395007
vt -0.182248995 0.146519005
vt -0.190504998 0.165395007
vt -0.190504998 0.145200998
vt -0.190504998 0.145200998
vt -0.190504998 0.165395007
vt -0.199692994 0.163801
vt -0.190504998 0.145200998
vt -0.199692994 0.163801
vt -0.199692994 0.144136995
vt -0.199692994 0.144136995
vt -0.199692994 0.163801
vt -0.209703997 0.162668005
vt -0.199692994 0.144136995
vt -0.209703997 0.162668005
vt -0.209703997 0.143381
vt -0.209703997 0.143381
vt -0.209703997 0.162668005
vt -0.220379993 0.162075996
vt -0.209703997 0.143381
vt -0.220379993 0.162075996
vt -0.220379993 0.142986
vt -0.220379993 0.142986
vt -0.220379993 0.162075996
vt -0.231510997 0.162095994
vt -0.220379993 0.142986
vt -0.231510997 0.162095994
vt -0.231510997 0.142998993
vt -0.231510997 0.142998993
vt -0.231510997 0.162095994
vt -0.242836997 0.162786007
vt -0.231510997 0.142998993
vt -0.242836997 0.162786007
vt -0.242836997 0.143459007
vt -0.242836997 0.143459007
vt -0.242836997 0.162786007
vt -0.254051 0.164184004
vt -0.242836997 0.143459007
vt -0.254051 0.164184004
vt -0.254051 0.144392997
vt -0.254051 0.144392997
vt -0.254051 0.164184004
vt -0.264809996 0.166306004
vt -0.254051 0.144392997
vt -0.264809996 0.166306004
vt -0.264809996 0.145808995
vt -0.264809996 0.145808995
vt -0.264809996 0.166306004
vt -0.274749994 0.169136003
vt -0.264809996 0.145808995
vt -0.274749994 0.169136003
vt -0.274749994 0.147698
vt 0.147698 -0.643371999
vt 0.169136003 -0.647557974
vt 0.172628999 -0.639280021
vt 0.147698 -0.643371999
vt 0.172628999 -0.639280021
vt 0.150030002 -0.634694993
vt 0.150030002 -0.634694993
vt 0.172628999 -0.639280021
vt 0.176701993 -0.629622996
vt 0.150030002 -0.634694993
vt 0.176701993 -0.629622996
vt 0.152749002 -0.624574006
vt 0.176701993 -0.629622996
vt 0.172628999 -0.639280021
vt 0.200289994 -0.638108015
vt 0.200289994 -0.638108015
vt 0.172628999 -0.639280021
vt 0.194949999 -0.647126019
vt 0.200289994 -0.638108015
vt 0.194949999 -0.647126019
vt 0.223490998 -0.650174022
vt 0.223490998 -0.650174022
vt 0.194949999 -0.647126019
vt 0.217042997 -0.658436
vt 0.223490998 -0.650174022
vt 0.217042997 -0.658436
vt 0.246663004 -0.666221023
vt 0.246663004 -0.666221023
vt 0.217042997 -0.658436
vt 0.239294007 -0.67367202
vt 0.246663004 -0.666221023
vt 0.239294007 -0.67367202
vt 0.270016998 -0.686631024
vt 0.270016998 -0.686631024
vt 0.239294007 -0.67367202
vt 0.261945009 -0.693315029
vt 0.270016998 -0.686631024
vt 0.261945009 -0.693315029
vt 0.293953001 -0.711687028
vt 0.293953001 -0.711687028
vt 0.261945009 -0.693315029
vt 0.285438001 -0.717796028
vt 0.293953001 -0.711687028
vt 0.285438001 -0.717796028
vt 0.31912601 -0.740863979
vt 0.31912601 -0.740863979
vt 0.285438001 -0.717796028
vt 0.31051001 -0.746831
vt 0.31912601 -0.740863979
vt 0.31051001 -0.746831
vt 0.345418006 -0.770578027
vt 0.345418006 -0.770578027
vt 0.31051001 -0.746831
vt 0.337155014 -0.777023971
vt 0.345418006 -0.770578027
vt 0.337155014 -0.777023971
vt 0.372119993 -0.796211004
vt 0.372119993 -0.796211004
vt 0.337155014 -0.777023971
vt 0.364652008 -0.803562999
vt 0.372119993 -0.796211004
vt 0.364652008 -0.803562999
vt 0.399628997 -0.816604018
vt 0.399628997 -0.816604018
vt 0.364652008 -0.803562999
vt 0.393267989 -0.824932992
vt 0.399628997 -0.816604018
vt 0.393267989 -0.824932992
vt 0.429554999 -0.832720995
vt 0.429554999 -0.832720995
vt 0.393267989 -0.824932992
vt 0.424434006 -0.841865003
vt 0.429554999 -0.832720995
vt 0.424434006 -0.841865003
vt 0.463649005 -0.84543401
vt 0.463649005 -0.84543401
vt 0.424434006 -0.841865003
vt 0.459672004 -0.855130017
vt 0.463649005 -0.84543401
vt 0.459672004 -0.855130017
vt 0.501676977 -0.855238974
vt 0.501676977 -0.855238974
vt 0.459672004 -0.855130017
vt 0.498412997 -0.865198016
vt 0.501676977 -0.855238974
vt 0.498412997 -0.865198016
vt 0.539739013 -0.863305986
vt 0.539739013 -0.863305986
vt 0.498412997 -0.865198016
vt 0.536453009 -0.873257995
vt 0.539739013 -0.863305986
vt 0.536453009 -0.873257995
vt 0.572148025 -0.871237993
vt 0.572148025 -0.871237993
vt 0.536453009 -0.873257995
vt 0.568107009 -0.880906999
vt 0.572148025 -0.871237993
vt 0.568107009 -0.880906999
vt 0.597199976 -0.879921973
vt 0.597199976 -0.879921973
vt 0.568107009 -0.880906999
vt 0.59197402 -0.889006972
vt 0.597199976 -0.879921973
vt 0.59197402 -0.889006972
vt 0.616641998 -0.889693022
vt 0.616641998 -0.889693022
vt 0.59197402 -0.889006972
vt 0.610127985 -0.897902012
vt 0.616641998 -0.889693022
vt 0.610127985 -0.897902012
vt 0.632952988 -0.901270986
vt -0.632952988 -0.901270986
vt -0.610127985 -0.897902012
vt -0.610127985 -0.897902012
vt 0.632952988 -0.901270986
vt 0.610127985 -0.897902012
vt 0.625227988 -0.908353984
vt 0.625227988 -0.908353984
vt 0.610127985 -0.897902012
vt 0.604542017 -0.904941022
vt 0.625227988 -0.908353984
vt 0.604542017 -0.904941022
vt 0.618605018 -0.914426029
vt -0.274749994 0.618605018
vt -0.274749994 0.604542017
vt -0.264809996 0.600014985
vt -0.274749994 0.618605018
vt -0.264809996 0.600014985
vt -0.264809996 0.613237023
vt -0.264809996 0.613237023
vt -0.264809996 0.600014985
vt -0.254051 0.596620977
vt -0.264809996 0.613237023
vt -0.254051 0.596620977
vt -0.254051 0.609212995
vt -0.254051 0.609212995
vt -0.254051 0.596620977
vt -0.242836997 0.594385028
vt -0.254051 0.609212995
vt -0.242836997 0.594385028
vt -0.242836997 0.606561005
vt -0.242836997 0.606561005
vt -0.242836997 0.594385028
vt -0.231510997 0.593282998
vt -0.242836997 0.606561005
vt -0.231510997 0.593282998
vt -0.231510997 0.605253994
vt -0.231510997 0.605253994
vt -0.231510997 0.593282998
vt -0.220379993 0.59325099
vt -0.231510997 0.605253994
vt -0.220379993 0.59325099
vt -0.220379993 0.605216026
vt -0.220379993 0.605216026
vt -0.220379993 0.59325099
vt -0.209703997 0.594197989
vt -0.220379993 0.605216026
vt -0.209703997 0.594197989
vt -0.209703997 0.606338978
vt -0.209703997 0.606338978
vt -0.209703997 0.594197989
vt -0.199692994 0.596008003
vt -0.209703997 0.606338978
vt -0.199692994 0.596008003
vt -0.199692994 0.608485997
vt -0.199692994 0.608485997
vt -0.199692994 0.596008003
vt -0.190504998 0.598558009
vt -0.199692994 0.608485997
vt -0.190504998 0.598558009
vt -0.190504998 0.611509025
vt -0.190504998 0.611509025
vt -0.190504998 0.598558009
vt -0.182248995 0.601716995
vt -0.190504998 0.611509025
vt -0.182248995 0.601716995
vt -0.182248995 0.615253985
vt -0.182248995 0.615253985
vt -0.182248995 0.601716995
vt -0.174987003 0.605355978
vt -0.182248995 0.615253985
vt -0.174987003 0.605355978
vt -0.174987003 0.619570017
vt -0.619570017 -0.913541019
vt -0.605355978 -0.903914988
vt -0.609355986 -0.898873985
vt -0.619570017 -0.913541019
vt -0.609355986 -0.898873985
vt -0.624312997 -0.909192026
vt -0.624312997 -0.909192026
vt -0.609355986 -0.898873985
vt -0.613605976 -0.893518984
vt -0.624312997 -0.909192026
vt -0.613605976 -0.893518984
vt -0.629351974 -0.90457201
vt -0.629351974 -0.90457201
vt -0.613605976 -0.893518984
vt -0.618007004 -0.887973011
vt -0.629351974 -0.90457201
vt -0.618007004 -0.887973011
vt -0.634571016 -0.899787009
vt -0.634571016 -0.899787009
vt -0.618007004 -0.887973011
vt -0.622475028 -0.882342994
vt -0.634571016 -0.899787009
vt -0.622475028 -0.882342994
vt -0.639868975 -0.894930005
vt -0.639868975 -0.894930005
vt -0.622475028 -0.882342994
vt -0.626936972 -0.876720011
vt -0.639868975 -0.894930005
vt -0.626936972 -0.876720011
vt -0.645160019 -0.890079021
vt -0.626936972 -0.876720011
vt -0.622475028 -0.882342994
vt -0.605457008 -0.865566015
vt -0.605457008 -0.865566015
vt -0.622475028 -0.882342994
vt -0.601877987 -0.871788979
vt -0.605457008 -0.865566015
vt -0.601877987 -0.871788979
vt -0.578532994 -0.855956972
vt -0.578532994 -0.855956972
vt -0.601877987 -0.871788979
vt -0.575765014 -0.862580001
vt -0.578532994 -0.855956972
vt -0.575765014 -0.862580001
vt -0.544932008 -0.847580016
vt -0.544932008 -0.847580016
vt -0.575765014 -0.862580001
vt -0.542680979 -0.854395986
vt -0.544932008 -0.847580016
vt -0.542680979 -0.854395986
vt -0.506833971 -0.839501023
vt -0.506833971 -0.839501023
vt -0.542680979 -0.854395986
vt -0.504598975 -0.846322
vt -0.506833971 -0.839501023
vt -0.504598975 -0.846322
vt -0.469933987 -0.830111027
vt -0.469933987 -0.830111027
vt -0.504598975 -0.846322
vt -0.467209995 -0.836753011
vt -0.469933987 -0.830111027
vt -0.467209995 -0.836753011
vt -0.437647998 -0.818271995
vt -0.437647998 -0.818271995
vt -0.467209995 -0.836753011
vt -0.434139997 -0.824535012
vt -0.437647998 -0.818271995
vt -0.434139997 -0.824535012
vt -0.409682006 -0.803442001
vt -0.409682006 -0.803442001
vt -0.434139997 -0.824535012
vt -0.405324996 -0.809147
vt -0.409682006 -0.803442001
vt -0.405324996 -0.809147
vt -0.383922011 -0.784591973
vt -0.383922011 -0.784591973
vt -0.405324996 -0.809147
vt -0.378805995 -0.789628029
vt -0.383922011 -0.784591973
vt -0.378805995 -0.789628029
vt -0.358476013 -0.760390997
vt -0.358476013 -0.760390997
vt -0.378805995 -0.789628029
vt -0.352815986 -0.764805973
vt -0.358476013 -0.760390997
vt -0.352815986 -0.764805973
vt -0.332740009 -0.731433988
vt -0.332740009 -0.731433988
vt -0.352815986 -0.764805973
vt -0.326839 -0.735521019
vt -0.332740009 -0.731433988
vt -0.326839 -0.735521019
vt -0.307410002 -0.702032983
vt -0.307410002 -0.702032983
vt -0.326839 -0.735521019
vt -0.301577002 -0.706216991
vt -0.307410002 -0.702032983
vt -0.301577002 -0.706216991
vt -0.282772988 -0.676068008
vt -0.282772988 -0.676068008
vt -0.301577002 -0.706216991
vt -0.277244002 -0.680646002
vt -0.282772988 -0.676068008
vt -0.277244002 -0.680646002
vt -0.258309007 -0.654444993
vt -0.258309007 -0.654444993
vt -0.277244002 -0.680646002
vt -0.253261 -0.659548998
vt -0.258309007 -0.654444993
vt -0.253261 -0.659548998
vt -0.233680993 -0.637118995
vt -0.233680993 -0.637118995
vt -0.253261 -0.659548998
vt -0.229264006 -0.642777979
vt -0.233680993 -0.637118995
vt -0.229264006 -0.642777979
vt -0.208728001 -0.623857021
vt -0.208728001 -0.623857021
vt -0.229264006 -0.642777979
vt -0.205070004 -0.630034029
vt -0.208728001 -0.623857021
vt -0.205070004 -0.630034029
vt -0.183138996 -0.614364028
vt -0.183138996 -0.614364028
vt -0.205070004 -0.630034029
vt -0.205070004 -0.630034029
vt -0.183138996 -0.614364028
vt -0.205070004 -0.630034029
vt -0.180349007 -0.620977998
vt -0.180349007 -0.620977998
vt -0.205070004 -0.630034029
vt -0.201408997 -0.636219025
vt -0.180349007 -0.620977998
vt -0.201408997 -0.636219025
vt -0.177554995 -0.627600014
vt -0.177554995 -0.627600014
vt -0.201408997 -0.636219025
vt -0.197800994 -0.642310977
vt -0.177554995 -0.627600014
vt -0.197800994 -0.642310977
vt -0.174804002 -0.634123981
vt -0.174804002 -0.634123981
vt -0.197800994 -0.642310977
vt -0.194317997 -0.648194015
vt -0.174804002 -0.634123981
vt -0.194317997 -0.648194015
vt -0.172146007 -0.640423
vt -0.172146007 -0.640423
vt -0.194317997 -0.648194015
vt -0.191039994 -0.653730989
vt -0.172146007 -0.640423
vt -0.191039994 -0.653730989
vt -0.169644997 -0.64635098
vt -0.174987003 0.169644997
vt -0.174987003 0.191039994
vt -0.182248995 0.188057005
vt -0.174987003 0.169644997
vt -0.182248995 0.188057005
vt -0.182248995 0.167370006
vt -0.182248995 0.167370006
vt -0.182248995 0.188057005
vt -0.190504998 0.185468003
vt -0.182248995 0.167370006
vt -0.190504998 0.185468003
vt -0.190504998 0.165395007
vt -0.190504998 0.165395007
vt -0.190504998 0.185468003
vt -0.199692994 0.183377996
vt -0.190504998 0.165395007
vt -0.199692994 0.183377996
vt -0.199692994 0.163801
vt -0.199692994 0.163801
vt -0.199692994 0.183377996
vt -0.209703997 0.181894004
vt -0.199692994 0.163801
vt -0.209703997 0.181894004
vt -0.209703997 0.162668005
vt -0.209703997 0.162668005
vt -0.209703997 0.181894004
vt -0.220379993 0.181117997
vt -0.209703997 0.162668005
vt -0.220379993 0.181117997
vt -0.220379993 0.162075996
vt -0.220379993 0.162075996
vt -0.220379993 0.181117997
vt -0.231510997 0.181143999
vt -0.220379993 0.162075996
vt -0.231510997 0.181143999
vt -0.231510997 0.162095994
vt -0.231510997 0.162095994
vt -0.231510997 0.181143999
vt -0.242836997 0.182047993
vt -0.231510997 0.162095994
vt -0.242836997 0.182047993
vt -0.242836997 0.162786007
vt -0.242836997 0.162786007
vt -0.242836997 0.182047993
vt -0.254051 0.183881
vt -0.242836997 0.162786007
vt -0.254051 0.183881
vt -0.254051 0.164184004
vt -0.254051 0.164184004
vt -0.254051 0.183881
vt -0.264809996 0.186662003
vt -0.254051 0.164184004
vt -0.264809996 0.186662003
vt -0.264809996 0.166306004
vt -0.264809996 0.166306004
vt -0.264809996 0.186662003
vt -0.274749994 0.190373003
vt -0.264809996 0.166306004
vt -0.274749994 0.190373003
vt -0.274749994 0.169136003
vt 0.169136003 -0.647557974
vt 0.190373003 -0.654857993
vt 0.194949999 -0.647126019
vt 0.169136003 -0.647557974
vt 0.194949999 -0.647126019
vt 0.172628999 -0.639280021
vt 0.194949999 -0.647126019
vt 0.190373003 -0.654857993
vt 0.217042997 -0.658436
vt 0.217042997 -0.658436
vt 0.190373003 -0.654857993
vt 0.211514995 -0.665518999
vt 0.217042997 -0.658436
vt 0.211514995 -0.665518999
vt 0.239294007 -0.67367202
vt 0.239294007 -0.67367202
vt 0.211514995 -0.665518999
vt 0.232976004 -0.680060983
vt 0.239294007 -0.67367202
vt 0.232976004 -0.680060983
vt 0.261945009 -0.693315029
vt 0.261945009 -0.693315029
vt 0.232976004 -0.680060983
vt 0.255024999 -0.699046016
vt 0.261945009 -0.693315029
vt 0.255024999 -0.699046016
vt 0.285438001 -0.717796028
vt 0.285438001 -0.717796028
vt 0.255024999 -0.699046016
vt 0.278136998 -0.723033011
vt 0.285438001 -0.717796028
vt 0.278136998 -0.723033011
vt 0.31051001 -0.746831
vt 0.31051001 -0.746831
vt 0.278136998 -0.723033011
vt 0.303122997 -0.751946986
vt 0.31051001 -0.746831
vt 0.303122997 -0.751946986
vt 0.337155014 -0.777023971
vt 0.337155014 -0.777023971
vt 0.303122997 -0.751946986
vt 0.330069989 -0.782549977
vt 0.337155014 -0.777023971
vt 0.330069989 -0.782549977
vt 0.364652008 -0.803562999
vt 0.364652008 -0.803562999
vt 0.330069989 -0.782549977
vt 0.358249009 -0.809867024
vt 0.364652008 -0.803562999
vt 0.358249009 -0.809867024
vt 0.393267989 -0.824932992
vt 0.393267989 -0.824932992
vt 0.358249009 -0.809867024
vt 0.387813985 -0.832072973
vt 0.393267989 -0.824932992
vt 0.387813985 -0.832072973
vt 0.424434006 -0.841865003
vt 0.424434006 -0.841865003
vt 0.387813985 -0.832072973
vt 0.420042992 -0.849704027
vt 0.424434006 -0.841865003
vt 0.420042992 -0.849704027
vt 0.459672004 -0.855130017
vt 0.459672004 -0.855130017
vt 0.420042992 -0.849704027
vt 0.456263006 -0.863443971
vt 0.459672004 -0.855130017
vt 0.456263006 -0.863443971
vt 0.498412997 -0.865198016
vt 0.498412997 -0.865198016
vt 0.456263006 -0.863443971
vt 0.495615005 -0.873736024
vt 0.498412997 -0.865198016
vt 0.495615005 -0.873736024
vt 0.536453009 -0.873257995
vt 0.536453009 -0.873257995
vt 0.495615005 -0.873736024
vt 0.533635974 -0.881789982
vt 0.536453009 -0.873257995
vt 0.533635974 -0.881789982
vt 0.568107009 -0.880906999
vt 0.568107009 -0.880906999
vt 0.533635974 -0.881789982
vt 0.564642012 -0.889198005
vt 0.568107009 -0.880906999
vt 0.564642012 -0.889198005
vt 0.59197402 -0.889006972
vt 0.59197402 -0.889006972
vt 0.564642012 -0.889198005
vt 0.587494016 -0.896794975
vt 0.59197402 -0.889006972
vt 0.587494016 -0.896794975
vt 0.610127985 -0.897902012
vt -0.610127985 -0.897902012
vt -0.587494016 -0.896794975
vt -0.587494016 -0.896794975
vt 0.610127985 -0.897902012
vt 0.587494016 -0.896794975
vt 0.604542017 -0.904941022
vt -0.274749994 0.604542017
vt -0.274749994 0.587494016
vt -0.264809996 0.583862007
vt -0.274749994 0.604542017
vt -0.264809996 0.583862007
vt -0.264809996 0.600014985
vt -0.264809996 0.600014985
vt -0.264809996 0.583862007
vt -0.254051 0.581139982
vt -0.264809996 0.600014985
vt -0.254051 0.581139982
vt -0.254051 0.596620977
vt -0.254051 0.596620977
vt -0.254051 0.581139982
vt -0.242836997 0.579347014
vt -0.254051 0.596620977
vt -0.242836997 0.579347014
vt -0.242836997 0.594385028
vt -0.242836997 0.594385028
vt -0.242836997 0.579347014
vt -0.231510997 0.578462005
vt -0.242836997 0.594385028
vt -0.231510997 0.578462005
vt -0.231510997 0.593282998
vt -0.231510997 0.593282998
vt -0.231510997 0.578462005
vt -0.220379993 0.578436971
vt -0.231510997 0.593282998
vt -0.220379993 0.578436971
vt -0.220379993 0.59325099
vt -0.220379993 0.59325099
vt -0.220379993 0.578436971
vt -0.209703997 0.579195976
vt -0.220379993 0.59325099
vt -0.209703997 0.579195976
vt -0.209703997 0.594197989
vt -0.209703997 0.594197989
vt -0.209703997 0.579195976
vt -0.199692994 0.580649018
vt -0.209703997 0.594197989
vt -0.199692994 0.580649018
vt -0.199692994 0.596008003
vt -0.199692994 0.596008003
vt -0.199692994 0.580649018
vt -0.190504998 0.582693994
vt -0.199692994 0.596008003
vt -0.190504998 0.582693994
vt -0.190504998 0.598558009
vt -0.190504998 0.598558009
vt -0.190504998 0.582693994
vt -0.182248995 0.585227013
vt -0.190504998 0.598558009
vt -0.182248995 0.585227013
vt -0.182248995 0.601716995
vt -0.182248995 0.601716995
vt -0.182248995 0.585227013
vt -0.174987003 0.588146985
vt -0.182248995 0.601716995
vt -0.174987003 0.588146985
vt -0.174987003 0.605355978
vt -0.605355978 -0.903914988
vt -0.588146985 -0.895659983
vt -0.591355026 -0.890082002
vt -0.605355978 -0.903914988
vt -0.591355026 -0.890082002
vt -0.609355986 -0.898873985
vt -0.609355986 -0.898873985
vt -0.591355026 -0.890082002
vt -0.594763994 -0.884155989
vt -0.609355986 -0.898873985
vt -0.594763994 -0.884155989
vt -0.613605976 -0.893518984
vt -0.613605976 -0.893518984
vt -0.594763994 -0.884155989
vt -0.59829402 -0.878018975
vt -0.613605976 -0.893518984
vt -0.59829402 -0.878018975
vt -0.618007004 -0.887973011
vt -0.618007004 -0.887973011
vt -0.59829402 -0.878018975
vt -0.601877987 -0.871788979
vt -0.618007004 -0.887973011
vt -0.601877987 -0.871788979
vt -0.622475028 -0.882342994
vt -0.601877987 -0.871788979
vt -0.59829402 -0.878018975
vt -0.575765014 -0.862580001
vt -0.575765014 -0.862580001
vt -0.59829402 -0.878018975
vt -0.572993994 -0.869211972
vt -0.575765014 -0.862580001
vt -0.572993994 -0.869211972
vt -0.542680979 -0.854395986
vt -0.542680979 -0.854395986
vt -0.572993994 -0.869211972
vt -0.540427983 -0.861221015
vt -0.542680979 -0.854395986
vt -0.540427983 -0.861221015
vt -0.504598975 -0.846322
vt -0.504598975 -0.846322
vt -0.540427983 -0.861221015
vt -0.502361 -0.853151977
vt -0.504598975 -0.846322
vt -0.502361 -0.853151977
vt -0.467209995 -0.836753011
vt -0.467209995 -0.836753011
vt -0.502361 -0.853151977
vt -0.464482009 -0.843402982
vt -0.467209995 -0.836753011
vt -0.464482009 -0.843402982
vt -0.434139997 -0.824535012
vt -0.434139997 -0.824535012
vt -0.464482009 -0.843402982
vt -0.430628002 -0.830805004
vt -0.434139997 -0.824535012
vt -0.430628002 -0.830805004
vt -0.405324996 -0.809147
vt -0.405324996 -0.809147
vt -0.430628002 -0.830805004
vt -0.400961995 -0.814858973
vt -0.405324996 -0.809147
vt -0.400961995 -0.814858973
vt -0.378805995 -0.789628029
vt -0.378805995 -0.789628029
vt -0.400961995 -0.814858973
vt -0.373685002 -0.794669986
vt -0.378805995 -0.789628029
vt -0.373685002 -0.794669986
vt -0.352815986 -0.764805973
vt -0.352815986 -0.764805973
vt -0.373685002 -0.794669986
vt -0.347149998 -0.769227028
vt -0.352815986 -0.764805973
vt -0.347149998 -0.769227028
vt -0.326839 -0.735521019
vt -0.326839 -0.735521019
vt -0.347149998 -0.769227028
vt -0.320930988 -0.739612997
vt -0.326839 -0.735521019
vt -0.320930988 -0.739612997
vt -0.301577002 -0.706216991
vt -0.301577002 -0.706216991
vt -0.320930988 -0.739612997
vt -0.295736998 -0.710406005
vt -0.301577002 -0.706216991
vt -0.295736998 -0.710406005
vt -0.277244002 -0.680646002
vt -0.277244002 -0.680646002
vt -0.295736998 -0.710406005
vt -0.271708012 -0.685230017
vt -0.277244002 -0.680646002
vt -0.271708012 -0.685230017
vt -0.253261 -0.659548998
vt -0.253261 -0.659548998
vt -0.271708012 -0.685230017
vt -0.248208001 -0.664659023
vt -0.253261 -0.659548998
vt -0.248208001 -0.664659023
vt -0.229264006 -0.642777979
vt -0.229264006 -0.642777979
vt -0.248208001 -0.664659023
vt -0.224841997 -0.648442984
vt -0.229264006 -0.642777979
vt -0.224841997 -0.648442984
vt -0.205070004 -0.630034029
vt -0.205070004 -0.630034029
vt -0.224841997 -0.648442984
vt -0.224841997 -0.648442984
vt -0.205070004 -0.630034029
vt -0.224841997 -0.648442984
vt -0.201408997 -0.636219025
vt -0.201408997 -0.636219025
vt -0.224841997 -0.648442984
vt -0.220486 -0.654025018
vt -0.201408997 -0.636219025
vt -0.220486 -0.654025018
vt -0.197800994 -0.642310977
vt -0.197800994 -0.642310977
vt -0.220486 -0.654025018
vt -0.216279998 -0.659413993
vt -0.197800994 -0.642310977
vt -0.216279998 -0.659413993
vt -0.194317997 -0.648194015
vt -0.194317997 -0.648194015
vt -0.216279998 -0.659413993
vt -0.212320998 -0.664487004
vt -0.194317997 -0.648194015
vt -0.212320998 -0.664487004
vt -0.191039994 -0.653730989
vt -0.174987003 0.191039994
vt -0.174987003 0.212320998
vt -0.182248995 0.208718002
vt -0.174987003 0.191039994
vt -0.182248995 0.208718002
vt -0.182248995 0.188057005
vt -0.182248995 0.188057005
vt -0.182248995 0.208718002
vt -0.190504998 0.205592006
vt -0.182248995 0.188057005
vt -0.190504998 0.205592006
vt -0.190504998 0.185468003
vt -0.190504998 0.185468003
vt -0.190504998 0.205592006
vt -0.199692994 0.203068003
vt -0.190504998 0.185468003
vt -0.199692994 0.203068003
vt -0.199692994 0.183377996
vt -0.199692994 0.183377996
vt -0.199692994 0.203068003
vt -0.209703997 0.201276004
vt -0.199692994 0.183377996
vt -0.209703997 0.201276004
vt -0.209703997 0.181894004
vt -0.209703997 0.181894004
vt -0.209703997 0.201276004
vt -0.220379993 0.200339004
vt -0.209703997 0.181894004
vt -0.220379993 0.200339004
vt -0.220379993 0.181117997
vt -0.220379993 0.181117997
vt -0.220379993 0.200339004
vt -0.231510997 0.200369999
vt -0.220379993 0.181117997
vt -0.231510997 0.200369999
vt -0.231510997 0.181143999
vt -0.231510997 0.181143999
vt -0.231510997 0.200369999
vt -0.242836997 0.201462001
vt -0.231510997 0.181143999
vt -0.242836997 0.201462001
vt -0.242836997 0.182047993
vt -0.242836997 0.182047993
vt -0.242836997 0.201462001
vt -0.254051 0.203675002
vt -0.242836997 0.182047993
vt -0.254051 0.203675002
vt -0.254051 0.183881
vt -0.254051 0.183881
vt -0.254051 0.203675002
vt -0.264809996 0.207034007
vt -0.254051 0.183881
vt -0.264809996 0.207034007
vt -0.264809996 0.186662003
vt -0.264809996 0.186662003
vt -0.264809996 0.207034007
vt -0.274749994 0.211514995
vt -0.264809996 0.186662003
vt -0.274749994 0.211514995
vt -0.274749994 0.190373003
vt -0.274749994 0.211514995
vt -0.264809996 0.207034007
vt -0.274749994 0.232976004
vt -0.274749994 0.232976004
vt -0.264809996 0.207034007
vt -0.264809996 0.227853999
vt -0.274749994 0.232976004
vt -0.264809996 0.227853999
vt -0.274749994 0.255024999
vt -0.274749994 0.255024999
vt -0.264809996 0.227853999
vt -0.264809996 0.249414995
vt 0.255024999 -0.699046016
vt 0.249414995 -0.703689992
vt 0.278136998 -0.723033011
vt 0.278136998 -0.723033011
vt 0.249414995 -0.703689992
vt 0.272219986 -0.727279007
vt 0.274749994 -0.723033011
vt 0.264809996 -0.727279007
vt 0.274749994 -0.751946986
vt 0.274749994 -0.751946986
vt 0.264809996 -0.727279007
vt 0.264809996 -0.756093979
vt 0.274749994 -0.751946986
vt 0.264809996 -0.756093979
vt 0.274749994 -0.782549977
vt 0.274749994 -0.782549977
vt 0.264809996 -0.756093979
vt 0.264809996 -0.787029028
vt 0.330069989 -0.782549977
vt 0.324328005 -0.787029028
vt 0.358249009 -0.809867024
vt 0.358249009 -0.809867024
vt 0.324328005 -0.787029028
vt 0.353058994 -0.81497699
vt -0.274749994 0.358249009
vt -0.264809996 0.353058994
vt -0.274749994 0.387813985
vt -0.274749994 0.387813985
vt -0.264809996 0.353058994
vt -0.264809996 0.383394003
vt -0.274749994 0.387813985
vt -0.264809996 0.383394003
vt -0.274749994 0.420042992
vt -0.274749994 0.420042992
vt -0.264809996 0.383394003
vt -0.264809996 0.416483998
vt -0.274749994 0.420042992
vt -0.264809996 0.416483998
vt -0.274749994 0.456263006
vt -0.274749994 0.456263006
vt -0.264809996 0.416483998
vt -0.264809996 0.453498989
vt -0.274749994 0.456263006
vt -0.264809996 0.453498989
vt -0.274749994 0.495615005
vt -0.274749994 0.495615005
vt -0.264809996 0.453498989
vt -0.264809996 0.493346989
vt -0.274749994 0.495615005
vt -0.264809996 0.493346989
vt -0.274749994 0.533635974
vt -0.274749994 0.533635974
vt -0.264809996 0.493346989
vt -0.264809996 0.531351984
vt -0.274749994 0.533635974
vt -0.264809996 0.531351984
vt -0.274749994 0.564642012
vt -0.274749994 0.564642012
vt -0.264809996 0.531351984
vt -0.264809996 0.561833978
vt -0.274749994 0.564642012
vt -0.264809996 0.561833978
vt -0.274749994 0.587494016
vt -0.587494016 -0.896794975
vt -0.561833978 -0.895918012
vt -0.561833978 -0.895918012
vt -0.274749994 0.587494016
vt -0.264809996 0.561833978
vt -0.264809996 0.583862007
vt -0.264809996 0.583862007
vt -0.264809996 0.561833978
vt -0.254051 0.55972898
vt -0.264809996 0.583862007
vt -0.254051 0.55972898
vt -0.254051 0.581139982
vt -0.254051 0.581139982
vt -0.254051 0.55972898
vt -0.242836997 0.55834198
vt -0.254051 0.581139982
vt -0.242836997 0.55834198
vt -0.242836997 0.579347014
vt -0.242836997 0.579347014
vt -0.242836997 0.55834198
vt -0.231510997 0.557658017
vt -0.242836997 0.579347014
vt -0.231510997 0.557658017
vt -0.231510997 0.578462005
vt -0.231510997 0.578462005
vt -0.231510997 0.557658017
vt -0.220379993 0.557639003
vt -0.231510997 0.578462005
vt -0.220379993 0.557639003
vt -0.220379993 0.578436971
vt -0.220379993 0.578436971
vt -0.220379993 0.557639003
vt -0.209703997 0.558225989
vt -0.220379993 0.578436971
vt -0.209703997 0.558225989
vt -0.209703997 0.579195976
vt -0.209703997 0.579195976
vt -0.209703997 0.558225989
vt -0.199692994 0.559349
vt -0.209703997 0.579195976
vt -0.199692994 0.559349
vt -0.199692994 0.580649018
vt -0.199692994 0.580649018
vt -0.199692994 0.559349
vt -0.190504998 0.560931027
vt -0.199692994 0.580649018
vt -0.190504998 0.560931027
vt -0.190504998 0.582693994
vt -0.190504998 0.582693994
vt -0.190504998 0.560931027
vt -0.182248995 0.562889993
vt -0.190504998 0.582693994
vt -0.182248995 0.562889993
vt -0.182248995 0.585227013
vt -0.182248995 0.585227013
vt -0.182248995 0.562889993
vt -0.174987003 0.565146983
vt -0.182248995 0.585227013
vt -0.174987003 0.565146983
vt -0.174987003 0.588146985
vt -0.588146985 -0.895659983
vt -0.565146983 -0.887988985
vt -0.567628026 -0.882052004
vt -0.588146985 -0.895659983
vt -0.567628026 -0.882052004
vt -0.591355026 -0.890082002
vt -0.591355026 -0.890082002
vt -0.567628026 -0.882052004
vt -0.570263982 -0.875743985
vt -0.591355026 -0.890082002
vt -0.570263982 -0.875743985
vt -0.594763994 -0.884155989
vt -0.594763994 -0.884155989
vt -0.570263982 -0.875743985
vt -0.572993994 -0.869211972
vt -0.594763994 -0.884155989
vt -0.572993994 -0.869211972
vt -0.59829402 -0.878018975
vt -0.572993994 -0.869211972
vt -0.570263982 -0.875743985
vt -0.540427983 -0.861221015
vt -0.540427983 -0.861221015
vt -0.570263982 -0.875743985
vt -0.538208008 -0.867944002
vt -0.540427983 -0.861221015
vt -0.538208008 -0.867944002
vt -0.502361 -0.853151977
vt -0.502361 -0.853151977
vt -0.538208008 -0.867944002
vt -0.500155985 -0.859879971
vt -0.502361 -0.853151977
vt -0.500155985 -0.859879971
vt -0.464482009 -0.843402982
vt -0.464482009 -0.843402982
vt -0.500155985 -0.859879971
vt -0.461795986 -0.849952996
vt -0.464482009 -0.843402982
vt -0.461795986 -0.849952996
vt -0.430628002 -0.830805004
vt -0.430628002 -0.830805004
vt -0.461795986 -0.849952996
vt -0.427168012 -0.836983025
vt -0.430628002 -0.830805004
vt -0.427168012 -0.836983025
vt -0.400961995 -0.814858973
vt -0.400961995 -0.814858973
vt -0.427168012 -0.836983025
vt -0.396665007 -0.820484996
vt -0.400961995 -0.814858973
vt -0.396665007 -0.820484996
vt -0.373685002 -0.794669986
vt -0.373685002 -0.794669986
vt -0.396665007 -0.820484996
vt -0.368640006 -0.79963702
vt -0.373685002 -0.794669986
vt -0.368640006 -0.79963702
vt -0.347149998 -0.769227028
vt -0.347149998 -0.769227028
vt -0.368640006 -0.79963702
vt -0.34156701 -0.773581982
vt -0.347149998 -0.769227028
vt -0.34156701 -0.773581982
vt -0.320930988 -0.739612997
vt -0.320930988 -0.739612997
vt -0.34156701 -0.773581982
vt -0.315109998 -0.743645012
vt -0.320930988 -0.739612997
vt -0.315109998 -0.743645012
vt -0.295736998 -0.710406005
vt -0.295736998 -0.710406005
vt -0.315109998 -0.743645012
vt -0.289983988 -0.714533985
vt -0.295736998 -0.710406005
vt -0.289983988 -0.714533985
vt -0.271708012 -0.685230017
vt -0.271708012 -0.685230017
vt -0.289983988 -0.714533985
vt -0.266254991 -0.689746022
vt -0.271708012 -0.685230017
vt -0.266254991 -0.689746022
vt -0.248208001 -0.664659023
vt -0.248208001 -0.664659023
vt -0.266254991 -0.689746022
vt -0.243229002 -0.669692993
vt -0.248208001 -0.664659023
vt -0.243229002 -0.669692993
vt -0.224841997 -0.648442984
vt -0.224841997 -0.648442984
vt -0.243229002 -0.669692993
vt -0.243229002 -0.669692993
vt -0.224841997 -0.648442984
vt -0.243229002 -0.669692993
vt -0.220486 -0.654025018
vt -0.220486 -0.654025018
vt -0.243229002 -0.669692993
vt -0.238420993 -0.67455399
vt -0.220486 -0.654025018
vt -0.238420993 -0.67455399
vt -0.216279998 -0.659413993
vt -0.216279998 -0.659413993
vt -0.238420993 -0.67455399
vt -0.233897001 -0.679129004
vt -0.216279998 -0.659413993
vt -0.233897001 -0.679129004
vt -0.212320998 -0.664487004
vt -0.174987003 0.212320998
vt -0.174987003 0.233897001
vt -0.182248995 0.229779005
vt -0.174987003 0.212320998
vt -0.182248995 0.229779005
vt -0.182248995 0.208718002
vt -0.182248995 0.208718002
vt -0.182248995 0.229779005
vt -0.190504998 0.226206005
vt -0.182248995 0.208718002
vt -0.190504998 0.226206005
vt -0.190504998 0.205592006
vt -0.190504998 0.205592006
vt -0.190504998 0.226206005
vt -0.199692994 0.223322004
vt -0.190504998 0.205592006
vt -0.199692994 0.223322004
vt -0.199692994 0.203068003
vt -0.199692994 0.203068003
vt -0.199692994 0.223322004
vt -0.209703997 0.221274003
vt -0.199692994 0.203068003
vt -0.209703997 0.221274003
vt -0.209703997 0.201276004
vt -0.209703997 0.201276004
vt -0.209703997 0.221274003
vt -0.220379993 0.220202997
vt -0.209703997 0.201276004
vt -0.220379993 0.220202997
vt -0.220379993 0.200339004
vt -0.220379993 0.200339004
vt -0.220379993 0.220202997
vt -0.231510997 0.220238999
vt -0.220379993 0.200339004
vt -0.231510997 0.220238999
vt -0.231510997 0.200369999
vt -0.231510997 0.200369999
vt -0.231510997 0.220238999
vt -0.242836997 0.221486002
vt -0.231510997 0.200369999
vt -0.242836997 0.221486002
vt -0.242836997 0.201462001
vt -0.242836997 0.201462001
vt -0.242836997 0.221486002
vt -0.254051 0.224015996
vt -0.242836997 0.201462001
vt -0.254051 0.224015996
vt -0.254051 0.203675002
vt -0.254051 0.203675002
vt -0.254051 0.224015996
vt -0.264809996 0.227853999
vt -0.254051 0.203675002
vt -0.264809996 0.227853999
vt -0.264809996 0.207034007
vt -0.264809996 0.227853999
vt -0.254051 0.224015996
vt -0.264809996 0.249414995
vt -0.264809996 0.249414995
vt -0.254051 0.224015996
vt -0.254051 0.245211005
vt 0.264809996 -0.703689992
vt 0.254051 -0.707171977
vt 0.264809996 -0.727279007
vt 0.264809996 -0.727279007
vt 0.254051 -0.707171977
vt 0.254051 -0.730461001
vt 0.264809996 -0.727279007
vt 0.254051 -0.730461001
vt 0.264809996 -0.756093979
vt 0.264809996 -0.756093979
vt 0.254051 -0.730461001
vt 0.254051 -0.759202003
vt 0.264809996 -0.756093979
vt 0.254051 -0.759202003
vt 0.264809996 -0.787029028
vt 0.264809996 -0.787029028
vt 0.254051 -0.759202003
vt 0.254051 -0.790386975
vt -0.264809996 0.324328005
vt -0.254051 0.320024014
vt -0.264809996 0.353058994
vt -0.264809996 0.353058994
vt -0.254051 0.320024014
vt -0.254051 0.349168986
vt -0.264809996 0.353058994
vt -0.254051 0.349168986
vt -0.264809996 0.383394003
vt -0.264809996 0.383394003
vt -0.254051 0.349168986
vt -0.254051 0.380080014
vt -0.264809996 0.383394003
vt -0.254051 0.380080014
vt -0.264809996 0.416483998
vt -0.264809996 0.416483998
vt -0.254051 0.380080014
vt -0.254051 0.413816988
vt -0.264809996 0.416483998
vt -0.254051 0.413816988
vt -0.264809996 0.453498989
vt -0.264809996 0.453498989
vt -0.254051 0.413816988
vt -0.254051 0.451427013
vt -0.264809996 0.453498989
vt -0.254051 0.451427013
vt -0.264809996 0.493346989
vt -0.264809996 0.493346989
vt -0.254051 0.451427013
vt -0.254051 0.491647989
vt -0.264809996 0.493346989
vt -0.254051 0.491647989
vt -0.264809996 0.531351984
vt -0.264809996 0.531351984
vt -0.254051 0.491647989
vt -0.254051 0.529640973
vt -0.264809996 0.531351984
vt -0.254051 0.529640973
vt -0.264809996 0.561833978
vt -0.561833978 -0.895918012
vt -0.529640973 -0.89388901
vt -0.529640973 -0.89388901
vt -0.264809996 0.561833978
vt -0.254051 0.529640973
vt -0.254051 0.55972898
vt -0.254051 0.55972898
vt -0.254051 0.529640973
vt -0.242836997 0.528513014
vt -0.254051 0.55972898
vt -0.242836997 0.528513014
vt -0.242836997 0.55834198
vt -0.242836997 0.55834198
vt -0.242836997 0.528513014
vt -0.231510997 0.527956009
vt -0.242836997 0.55834198
vt -0.231510997 0.527956009
vt -0.231510997 0.557658017
vt -0.231510997 0.557658017
vt -0.231510997 0.527956009
vt -0.220379993 0.527939975
vt -0.231510997 0.557658017
vt -0.220379993 0.527939975
vt -0.220379993 0.557639003
vt -0.220379993 0.557639003
vt -0.220379993 0.527939975
vt -0.209703997 0.528418005
vt -0.220379993 0.557639003
vt -0.209703997 0.528418005
vt -0.209703997 0.558225989
vt -0.209703997 0.558225989
vt -0.209703997 0.528418005
vt -0.199692994 0.529331028
vt -0.209703997 0.558225989
vt -0.199692994 0.529331028
vt -0.199692994 0.559349
vt -0.199692994 0.559349
vt -0.199692994 0.529331028
vt -0.190504998 0.530616999
vt -0.199692994 0.559349
vt -0.190504998 0.530616999
vt -0.190504998 0.560931027
vt -0.190504998 0.560931027
vt -0.190504998 0.530616999
vt -0.182248995 0.532211006
vt -0.190504998 0.560931027
vt -0.182248995 0.532211006
vt -0.182248995 0.562889993
vt -0.182248995 0.562889993
vt -0.182248995 0.532211006
vt -0.174987003 0.534045994
vt -0.182248995 0.562889993
vt -0.174987003 0.534045994
vt -0.174987003 0.565146983
vt -0.565146983 -0.887988985
vt -0.534045994 -0.880545974
vt -0.536064029 -0.874436021
vt -0.565146983 -0.887988985
vt -0.536064029 -0.874436021
vt -0.567628026 -0.882052004
vt -0.567628026 -0.882052004
vt -0.536064029 -0.874436021
vt -0.538208008 -0.867944002
vt -0.567628026 -0.882052004
vt -0.538208008 -0.867944002
vt -0.570263982 -0.875743985
vt -0.538208008 -0.867944002
vt -0.536064029 -0.874436021
vt -0.500155985 -0.859879971
vt -0.500155985 -0.859879971
vt -0.536064029 -0.874436021
vt -0.498026997 -0.866376996
vt -0.500155985 -0.859879971
vt -0.498026997 -0.866376996
vt -0.461795986 -0.849952996
vt -0.461795986 -0.849952996
vt -0.498026997 -0.866376996
vt -0.459201008 -0.856278002
vt -0.461795986 -0.849952996
vt -0.459201008 -0.856278002
vt -0.427168012 -0.836983025
vt -0.427168012 -0.836983025
vt -0.459201008 -0.856278002
vt -0.423826993 -0.842947006
vt -0.427168012 -0.836983025
vt -0.423826993 -0.842947006
vt -0.396665007 -0.820484996
vt -0.396665007 -0.820484996
vt -0.423826993 -0.842947006
vt -0.392515004 -0.825918019
vt -0.396665007 -0.820484996
vt -0.392515004 -0.825918019
vt -0.368640006 -0.79963702
vt -0.368640006 -0.79963702
vt -0.392515004 -0.825918019
vt -0.363768011 -0.804434001
vt -0.368640006 -0.79963702
vt -0.363768011 -0.804434001
vt -0.34156701 -0.773581982
vt -0.34156701 -0.773581982
vt -0.363768011 -0.804434001
vt -0.336176991 -0.77778703
vt -0.34156701 -0.773581982
vt -0.336176991 -0.77778703
vt -0.315109998 -0.743645012
vt -0.315109998 -0.743645012
vt -0.336176991 -0.77778703
vt -0.309489995 -0.747537017
vt -0.315109998 -0.743645012
vt -0.309489995 -0.747537017
vt -0.289983988 -0.714533985
vt -0.289983988 -0.714533985
vt -0.309489995 -0.747537017
vt -0.284429997 -0.718518972
vt -0.289983988 -0.714533985
vt -0.284429997 -0.718518972
vt -0.266254991 -0.689746022
vt -0.266254991 -0.689746022
vt -0.284429997 -0.718518972
vt -0.260989994 -0.694105983
vt -0.266254991 -0.689746022
vt -0.260989994 -0.694105983
vt -0.243229002 -0.669692993
vt -0.243229002 -0.669692993
vt -0.260989994 -0.694105983
vt -0.260989994 -0.694105983
vt -0.243229002 -0.669692993
vt -0.260989994 -0.694105983
vt -0.238420993 -0.67455399
vt -0.238420993 -0.67455399
vt -0.260989994 -0.694105983
vt -0.256033987 -0.698210001
vt -0.238420993 -0.67455399
vt -0.256033987 -0.698210001
vt -0.233897001 -0.679129004
vt -0.233897001 -0.679129004
vt -0.256033987 -0.698210001
vt -0.251524001 -0.701943994
vt -0.233897001 -0.679129004
vt -0.251524001 -0.701943994
vt -0.229779005 -0.683291972
vt -0.182248995 0.229779005
vt -0.182248995 0.251524001
vt -0.190504998 0.247610003
vt -0.182248995 0.229779005
vt -0.190504998 0.247610003
vt -0.190504998 0.226206005
vt -0.190504998 0.226206005
vt -0.190504998 0.247610003
vt -0.199692994 0.244451001
vt -0.190504998 0.226206005
vt -0.199692994 0.244451001
vt -0.199692994 0.223322004
vt -0.199692994 0.223322004
vt -0.199692994 0.244451001
vt -0.209703997 0.242207006
vt -0.199692994 0.223322004
vt -0.209703997 0.242207006
vt -0.209703997 0.221274003
vt -0.209703997 0.221274003
vt -0.209703997 0.242207006
vt -0.220379993 0.241034999
vt -0.209703997 0.221274003
vt -0.220379993 0.241034999
vt -0.220379993 0.220202997
vt -0.220379993 0.220202997
vt -0.220379993 0.241034999
vt -0.231510997 0.241073996
vt -0.220379993 0.220202997
vt -0.231510997 0.241073996
vt -0.231510997 0.220238999
vt -0.231510997 0.220238999
vt -0.231510997 0.241073996
vt -0.242836997 0.24244
vt -0.231510997 0.220238999
vt -0.242836997 0.24244
vt -0.242836997 0.221486002
vt -0.242836997 0.221486002
vt -0.242836997 0.24244
vt -0.254051 0.245211005
vt -0.242836997 0.221486002
vt -0.254051 0.245211005
vt -0.254051 0.224015996
vt 0.254051 -0.707171977
vt 0.242836997 -0.709466994
vt 0.254051 -0.730461001
vt 0.254051 -0.730461001
vt 0.242836997 -0.709466994
vt 0.242836997 -0.732558012
vt 0.254051 -0.730461001
vt 0.242836997 -0.732558012
vt 0.254051 -0.759202003
vt 0.254051 -0.759202003
vt 0.242836997 -0.732558012
vt 0.242836997 -0.761250019
vt 0.254051 -0.759202003
vt 0.242836997 -0.761250019
vt 0.254051 -0.790386975
vt 0.254051 -0.790386975
vt 0.242836997 -0.761250019
vt 0.242836997 -0.792599976
vt -0.254051 0.320024014
vt -0.242836997 0.317187011
vt -0.254051 0.349168986
vt -0.254051 0.349168986
vt -0.242836997 0.317187011
vt -0.242836997 0.346605986
vt -0.254051 0.349168986
vt -0.242836997 0.346605986
vt -0.254051 0.380080014
vt -0.254051 0.380080014
vt -0.242836997 0.346605986
vt -0.242836997 0.377896994
vt -0.254051 0.380080014
vt -0.242836997 0.377896994
vt -0.254051 0.413816988
vt -0.254051 0.413816988
vt -0.242836997 0.377896994
vt -0.242836997 0.412059009
vt -0.254051 0.413816988
vt -0.242836997 0.412059009
vt -0.254051 0.451427013
vt -0.254051 0.451427013
vt -0.242836997 0.412059009
vt -0.242836997 0.450062007
vt -0.254051 0.451427013
vt -0.242836997 0.450062007
vt -0.254051 0.491647989
vt -0.254051 0.491647989
vt -0.242836997 0.450062007
vt -0.242836997 0.490527004
vt -0.254051 0.491647989
vt -0.242836997 0.490527004
vt -0.254051 0.529640973
vt -0.529640973 -0.89388901
vt -0.490527004 -0.889262974
vt -0.490527004 -0.889262974
vt -0.254051 0.529640973
vt -0.242836997 0.490527004
vt -0.242836997 0.528513014
vt -0.242836997 0.528513014
vt -0.242836997 0.490527004
vt -0.231510997 0.489975005
vt -0.242836997 0.528513014
vt -0.231510997 0.489975005
vt -0.231510997 0.527956009
vt -0.231510997 0.527956009
vt -0.231510997 0.489975005
vt -0.220379993 0.489959002
vt -0.231510997 0.527956009
vt -0.220379993 0.489959002
vt -0.220379993 0.527939975
vt -0.220379993 0.527939975
vt -0.220379993 0.489959002
vt -0.209703997 0.490433007
vt -0.220379993 0.527939975
vt -0.209703997 0.490433007
vt -0.209703997 0.528418005
vt -0.209703997 0.528418005
vt -0.209703997 0.490433007
vt -0.199692994 0.491340011
vt -0.209703997 0.528418005
vt -0.199692994 0.491340011
vt -0.199692994 0.529331028
vt -0.199692994 0.529331028
vt -0.199692994 0.491340011
vt -0.190504998 0.492617995
vt -0.199692994 0.529331028
vt -0.190504998 0.492617995
vt -0.190504998 0.530616999
vt -0.190504998 0.530616999
vt -0.190504998 0.492617995
vt -0.182248995 0.494199991
vt -0.190504998 0.530616999
vt -0.182248995 0.494199991
vt -0.182248995 0.532211006
vt -0.182248995 0.532211006
vt -0.182248995 0.494199991
vt -0.174987003 0.496022999
vt -0.182248995 0.532211006
vt -0.174987003 0.496022999
vt -0.174987003 0.534045994
vt -0.534045994 -0.880545974
vt -0.496022999 -0.872491002
vt -0.498026997 -0.866376996
vt -0.534045994 -0.880545974
vt -0.498026997 -0.866376996
vt -0.536064029 -0.874436021
vt -0.498026997 -0.866376996
vt -0.496022999 -0.872491002
vt -0.459201008 -0.856278002
vt -0.459201008 -0.856278002
vt -0.496022999 -0.872491002
vt -0.456759989 -0.862232029
vt -0.459201008 -0.856278002
vt -0.456759989 -0.862232029
vt -0.423826993 -0.842947006
vt -0.423826993 -0.842947006
vt -0.456759989 -0.862232029
vt -0.420682997 -0.848560989
vt -0.423826993 -0.842947006
vt -0.420682997 -0.848560989
vt -0.392515004 -0.825918019
vt -0.392515004 -0.825918019
vt -0.420682997 -0.848560989
vt -0.388608992 -0.831031978
vt -0.392515004 -0.825918019
vt -0.388608992 -0.831031978
vt -0.363768011 -0.804434001
vt -0.363768011 -0.804434001
vt -0.388608992 -0.831031978
vt -0.359183013 -0.80894798
vt -0.363768011 -0.804434001
vt -0.359183013 -0.80894798
vt -0.336176991 -0.77778703
vt -0.336176991 -0.77778703
vt -0.359183013 -0.80894798
vt -0.331102997 -0.781744003
vt -0.336176991 -0.77778703
vt -0.331102997 -0.781744003
vt -0.309489995 -0.747537017
vt -0.309489995 -0.747537017
vt -0.331102997 -0.781744003
vt -0.304199994 -0.751200974
vt -0.309489995 -0.747537017
vt -0.304199994 -0.751200974
vt -0.284429997 -0.718518972
vt -0.284429997 -0.718518972
vt -0.304199994 -0.751200974
vt -0.279201001 -0.722270012
vt -0.284429997 -0.718518972
vt -0.279201001 -0.722270012
vt -0.260989994 -0.694105983
vt -0.260989994 -0.694105983
vt -0.279201001 -0.722270012
vt -0.279201001 -0.722270012
vt -0.260989994 -0.694105983
vt -0.279201001 -0.722270012
vt -0.256033987 -0.698210001
vt -0.256033987 -0.698210001
vt -0.279201001 -0.722270012
vt -0.274444014 -0.725682974
vt -0.256033987 -0.698210001
vt -0.274444014 -0.725682974
vt -0.251524001 -0.701943994
vt 0.182248995 -0.701943994
vt 0.182248995 -0.725682974
vt 0.190504998 -0.728645027
vt 0.182248995 -0.701943994
vt 0.190504998 -0.728645027
vt 0.190504998 -0.705184996
vt 0.190504998 -0.705184996
vt 0.190504998 -0.728645027
vt 0.199692994 -0.731036007
vt 0.190504998 -0.705184996
vt 0.199692994 -0.731036007
vt 0.199692994 -0.707800984
vt 0.199692994 -0.707800984
vt 0.199692994 -0.731036007
vt 0.209703997 -0.732734025
vt 0.199692994 -0.707800984
vt 0.209703997 -0.732734025
vt 0.209703997 -0.70965898
vt 0.209703997 -0.70965898
vt 0.209703997 -0.732734025
vt 0.220379993 -0.733621001
vt 0.209703997 -0.70965898
vt 0.220379993 -0.733621001
vt 0.220379993 -0.71063
vt 0.220379993 -0.71063
vt 0.220379993 -0.733621001
vt 0.231510997 -0.733591974
vt 0.220379993 -0.71063
vt 0.231510997 -0.733591974
vt 0.231510997 -0.710597992
vt 0.231510997 -0.710597992
vt 0.231510997 -0.733591974
vt 0.242836997 -0.732558012
vt 0.231510997 -0.710597992
vt 0.242836997 -0.732558012
vt 0.242836997 -0.709466994
vt 0.242836997 -0.732558012
vt 0.231510997 -0.733591974
vt 0.242836997 -0.761250019
vt 0.242836997 -0.761250019
vt 0.231510997 -0.733591974
vt 0.231510997 -0.76226002
vt 0.242836997 -0.761250019
vt 0.231510997 -0.76226002
vt 0.242836997 -0.792599976
vt 0.242836997 -0.792599976
vt 0.231510997 -0.76226002
vt 0.231510997 -0.793690979
vt -0.242836997 0.317187011
vt -0.231510997 0.315788001
vt -0.242836997 0.346605986
vt -0.242836997 0.346605986
vt -0.231510997 0.315788001
vt -0.231510997 0.34534201
vt -0.242836997 0.346605986
vt -0.231510997 0.34534201
vt -0.242836997 0.377896994
vt -0.242836997 0.377896994
vt -0.231510997 0.34534201
vt -0.231510997 0.376819998
vt -0.242836997 0.377896994
vt -0.231510997 0.376819998
vt -0.242836997 0.412059009
vt -0.242836997 0.412059009
vt -0.231510997 0.376819998
vt -0.231510997 0.411192
vt -0.242836997 0.412059009
vt -0.231510997 0.411192
vt -0.242836997 0.450062007
vt -0.242836997 0.450062007
vt -0.231510997 0.411192
vt -0.231510997 0.449389011
vt -0.242836997 0.450062007
vt -0.231510997 0.449389011
vt -0.242836997 0.490527004
vt -0.490527004 -0.889262974
vt -0.449389011 -0.880201995
vt -0.449389011 -0.880201995
vt -0.242836997 0.490527004
vt -0.231510997 0.449389011
vt -0.231510997 0.489975005
vt -0.231510997 0.489975005
vt -0.231510997 0.449389011
vt -0.220379993 0.449369997
vt -0.231510997 0.489975005
vt -0.220379993 0.449369997
vt -0.220379993 0.489959002
vt -0.220379993 0.489959002
vt -0.220379993 0.449369997
vt -0.209703997 0.449948013
vt -0.220379993 0.489959002
vt -0.209703997 0.449948013
vt -0.209703997 0.490433007
vt -0.209703997 0.490433007
vt -0.209703997 0.449948013
vt -0.199692994 0.451052994
vt -0.209703997 0.490433007
vt -0.199692994 0.451052994
vt -0.199692994 0.491340011
vt -0.199692994 0.491340011
vt -0.199692994 0.451052994
vt -0.190504998 0.452609986
vt -0.199692994 0.491340011
vt -0.190504998 0.452609986
vt -0.190504998 0.492617995
vt -0.190504998 0.492617995
vt -0.190504998 0.452609986
vt -0.182248995 0.454537988
vt -0.190504998 0.492617995
vt -0.182248995 0.454537988
vt -0.182248995 0.494199991
vt -0.182248995 0.494199991
vt -0.182248995 0.454537988
vt -0.174987003 0.456759989
vt -0.182248995 0.494199991
vt -0.174987003 0.456759989
vt -0.174987003 0.496022999
vt -0.174987003 0.456759989
vt -0.182248995 0.454537988
vt -0.174987003 0.420682997
vt -0.174987003 0.420682997
vt -0.182248995 0.454537988
vt -0.182248995 0.417822003
vt -0.174987003 0.420682997
vt -0.182248995 0.417822003
vt -0.174987003 0.388608992
vt -0.174987003 0.388608992
vt -0.182248995 0.417822003
vt -0.182248995 0.385055006
vt -0.388608992 -0.831031978
vt -0.385055006 -0.835685015
vt -0.359183013 -0.80894798
vt -0.174987003 0.359183013
vt -0.182248995 0.385055006
vt -0.182248995 0.355010003
vt -0.359183013 -0.80894798
vt -0.355010003 -0.813055992
vt -0.331102997 -0.781744003
vt -0.331102997 -0.781744003
vt -0.355010003 -0.813055992
vt -0.326485991 -0.785345972
vt -0.331102997 -0.781744003
vt -0.326485991 -0.785345972
vt -0.304199994 -0.751200974
vt -0.304199994 -0.751200974
vt -0.326485991 -0.785345972
vt -0.299387008 -0.754535019
vt -0.304199994 -0.751200974
vt -0.299387008 -0.754535019
vt -0.279201001 -0.722270012
vt -0.279201001 -0.722270012
vt -0.299387008 -0.754535019
vt -0.299387008 -0.754535019
vt -0.279201001 -0.722270012
vt -0.299387008 -0.754535019
vt -0.274444014 -0.725682974
vt 0.182248995 -0.725682974
vt 0.182248995 -0.754535019
vt 0.190504998 -0.75742799
vt 0.182248995 -0.725682974
vt 0.190504998 -0.75742799
vt 0.190504998 -0.728645027
vt 0.190504998 -0.728645027
vt 0.190504998 -0.75742799
vt 0.199692994 -0.759763002
vt 0.190504998 -0.728645027
vt 0.199692994 -0.759763002
vt 0.199692994 -0.731036007
vt 0.199692994 -0.731036007
vt 0.199692994 -0.759763002
vt 0.209703997 -0.761421978
vt 0.199692994 -0.731036007
vt 0.209703997 -0.761421978
vt 0.209703997 -0.732734025
vt 0.209703997 -0.732734025
vt 0.209703997 -0.761421978
vt 0.220379993 -0.762288988
vt 0.209703997 -0.732734025
vt 0.220379993 -0.762288988
vt 0.220379993 -0.733621001
vt 0.220379993 -0.733621001
vt 0.220379993 -0.762288988
vt 0.231510997 -0.76226002
vt 0.220379993 -0.733621001
vt 0.231510997 -0.76226002
vt 0.231510997 -0.733591974
vt 0.231510997 -0.76226002
vt 0.220379993 -0.762288988
vt 0.231510997 -0.793690979
vt 0.231510997 -0.793690979
vt 0.220379993 -0.762288988
vt 0.220379993 -0.793721974
vt -0.231510997 0.315788001
vt -0.220379993 0.315748006
vt -0.231510997 0.34534201
vt -0.231510997 0.34534201
vt -0.220379993 0.315748006
vt -0.220379993 0.345306009
vt -0.231510997 0.34534201
vt -0.220379993 0.345306009
vt -0.231510997 0.376819998
vt -0.231510997 0.376819998
vt -0.220379993 0.345306009
vt -0.220379993 0.376789004
vt -0.231510997 0.376819998
vt -0.220379993 0.376789004
vt -0.231510997 0.411192
vt -0.231510997 0.411192
vt -0.220379993 0.376789004
vt -0.220379993 0.411166996
vt -0.231510997 0.411192
vt -0.220379993 0.411166996
vt -0.231510997 0.449389011
vt -0.449389011 -0.880201995
vt -0.411166996 -0.865552008
vt -0.411166996 -0.865552008
vt -0.231510997 0.449389011
vt -0.220379993 0.411166996
vt -0.220379993 0.449369997
vt -0.220379993 0.449369997
vt -0.220379993 0.411166996
vt -0.209703997 0.411911011
vt -0.220379993 0.449369997
vt -0.209703997 0.411911011
vt -0.209703997 0.449948013
vt -0.209703997 0.449948013
vt -0.209703997 0.411911011
vt -0.199692994 0.413334996
vt -0.209703997 0.449948013
vt -0.199692994 0.413334996
vt -0.199692994 0.451052994
vt -0.199692994 0.451052994
vt -0.199692994 0.413334996
vt -0.190504998 0.415338993
vt -0.199692994 0.451052994
vt -0.190504998 0.415338993
vt -0.190504998 0.452609986
vt -0.190504998 0.452609986
vt -0.190504998 0.415338993
vt -0.182248995 0.417822003
vt -0.190504998 0.452609986
vt -0.182248995 0.417822003
vt -0.182248995 0.454537988
vt -0.182248995 0.417822003
vt -0.190504998 0.415338993
vt -0.182248995 0.385055006
vt -0.182248995 0.385055006
vt -0.190504998 0.415338993
vt -0.190504998 0.381971002
vt -0.182248995 0.385055006
vt -0.190504998 0.381971002
vt -0.182248995 0.355010003
vt -0.182248995 0.355010003
vt -0.190504998 0.381971002
vt -0.190504998 0.351388991
vt -0.182248995 0.355010003
vt -0.190504998 0.351388991
vt -0.182248995 0.326485991
vt -0.182248995 0.326485991
vt -0.190504998 0.351388991
vt -0.190504998 0.322479993
vt 0.182248995 -0.785345972
vt 0.190504998 -0.788470984
vt 0.182248995 -0.754535019
vt -0.299387008 -0.754535019
vt -0.322479993 -0.788470984
vt -0.322479993 -0.788470984
vt 0.182248995 -0.754535019
vt 0.190504998 -0.788470984
vt 0.190504998 -0.75742799
vt 0.190504998 -0.75742799
vt 0.190504998 -0.788470984
vt 0.199692994 -0.790993989
vt 0.190504998 -0.75742799
vt 0.199692994 -0.790993989
vt 0.199692994 -0.759763002
vt 0.199692994 -0.759763002
vt 0.199692994 -0.790993989
vt 0.209703997 -0.792786002
vt 0.199692994 -0.759763002
vt 0.209703997 -0.792786002
vt 0.209703997 -0.761421978
vt 0.209703997 -0.761421978
vt 0.209703997 -0.792786002
vt 0.220379993 -0.793721974
vt 0.209703997 -0.761421978
vt 0.220379993 -0.793721974
vt 0.220379993 -0.762288988
vt -0.220379993 0.315748006
vt -0.209703997 0.31694901
vt -0.220379993 0.345306009
vt -0.220379993 0.345306009
vt -0.209703997 0.31694901
vt -0.209703997 0.346390992
vt -0.220379993 0.345306009
vt -0.209703997 0.346390992
vt -0.220379993 0.376789004
vt -0.220379993 0.376789004
vt -0.209703997 0.346390992
vt -0.209703997 0.377712995
vt -0.220379993 0.376789004
vt -0.209703997 0.377712995
vt -0.220379993 0.411166996
vt -0.411166996 -0.865552008
vt -0.377712995 -0.845297992
vt -0.377712995 -0.845297992
vt -0.220379993 0.411166996
vt -0.209703997 0.377712995
vt -0.209703997 0.411911011
vt -0.209703997 0.411911011
vt -0.209703997 0.377712995
vt -0.199692994 0.379482001
vt -0.209703997 0.411911011
vt -0.199692994 0.379482001
vt -0.199692994 0.413334996
vt -0.199692994 0.413334996
vt -0.199692994 0.379482001
vt -0.190504998 0.381971002
vt -0.199692994 0.413334996
vt -0.190504998 0.381971002
vt -0.190504998 0.415338993
vt -0.190504998 0.381971002
vt -0.199692994 0.379482001
vt -0.190504998 0.351388991
vt -0.190504998 0.351388991
vt -0.199692994 0.379482001
vt -0.199692994 0.348466992
vt -0.190504998 0.351388991
vt -0.199692994 0.348466992
vt -0.190504998 0.322479993
vt -0.322479993 -0.788470984
vt -0.348466992 -0.819498003
vt -0.348466992 -0.819498003
vt -0.190504998 0.322479993
vt -0.199692994 0.348466992
vt -0.199692994 0.319245994
vt -0.199692994 0.319245994
vt -0.199692994 0.348466992
vt -0.209703997 0.346390992
vt -0.199692994 0.319245994
vt -0.209703997 0.346390992
vt -0.209703997 0.31694901
vt -0.209703997 0.346390992
vt -0.199692994 0.348466992
vt -0.209703997 0.377712995
vt -0.209703997 0.377712995
vt -0.199692994 0.348466992
vt -0.199692994 0.379482001
vt 0.708058 -0.944435
vt 0.714869976 -0.942265987
vt 0.696317971 -0.920898974
vt 0.696317971 -0.920898974
vt 0.714869976 -0.942265987
vt 0.704464018 -0.909437001
vt 0.696317971 -0.920898974
vt 0.704464018 -0.909437001
vt 0.681706011 -0.899004996
vt 0.681706011 -0.899004996
vt 0.704464018 -0.909437001
vt 0.685630023 -0.883477986
vt 0.681706011 -0.899004996
vt 0.685630023 -0.883477986
vt 0.664071977 -0.879563987
vt 0.664071977 -0.879563987
vt 0.685630023 -0.883477986
vt 0.663920999 -0.862197995
vt 0.664071977 -0.879563987
vt 0.663920999 -0.862197995
vt 0.643706024 -0.863120973
vt 0.643706024 -0.863120973
vt 0.663920999 -0.862197995
vt 0.638592005 -0.844787002
vt 0.643706024 -0.863120973
vt 0.638592005 -0.844787002
vt 0.620846987 -0.850109994
vt 0.620846987 -0.850109994
vt 0.638592005 -0.844787002
vt 0.608290017 -0.830678999
vt 0.620846987 -0.850109994
vt 0.608290017 -0.830678999
vt 0.596508026 -0.840364993
vt -0.596508026 -0.840364993
vt -0.608290017 -0.830678999
vt -0.608290017 -0.830678999
vt 0.596508026 -0.840364993
vt 0.608290017 -0.830678999
vt 0.571353018 -0.833018005
vt 0.571353018 -0.833018005
vt 0.608290017 -0.830678999
vt 0.571349978 -0.819401026
vt 0.571353018 -0.833018005
vt 0.571349978 -0.819401026
vt 0.545813978 -0.827027023
vt 0.545813978 -0.827027023
vt 0.571349978 -0.819401026
vt 0.52977699 -0.81022203
vt 0.545813978 -0.827027023
vt 0.52977699 -0.81022203
vt 0.520130992 -0.821624994
vt -0.520130992 -0.821624994
vt -0.52977699 -0.81022203
vt -0.52977699 -0.81022203
vt 0.520130992 -0.821624994
vt 0.52977699 -0.81022203
vt 0.494516999 -0.815759003
vt 0.494516999 -0.815759003
vt 0.52977699 -0.81022203
vt 0.490332007 -0.801160991
vt 0.494516999 -0.815759003
vt 0.490332007 -0.801160991
vt 0.469244003 -0.808481991
vt 0.469244003 -0.808481991
vt 0.490332007 -0.801160991
vt 0.457787007 -0.790502012
vt 0.469244003 -0.808481991
vt 0.457787007 -0.790502012
vt 0.444797009 -0.798996985
vt 0.444797009 -0.798996985
vt 0.457787007 -0.790502012
vt 0.431149989 -0.777387023
vt 0.444797009 -0.798996985
vt 0.431149989 -0.777387023
vt 0.421566993 -0.78667599
vt -0.421566993 -0.78667599
vt -0.431149989 -0.777387023
vt -0.431149989 -0.777387023
vt 0.421566993 -0.78667599
vt 0.431149989 -0.777387023
vt 0.400328994 -0.771288991
vt 0.400328994 -0.771288991
vt 0.431149989 -0.777387023
vt 0.406810999 -0.760156989
vt 0.400328994 -0.771288991
vt 0.406810999 -0.760156989
vt 0.380968988 -0.753632009
vt 0.380968988 -0.753632009
vt 0.406810999 -0.760156989
vt 0.381572008 -0.736166
vt 0.380968988 -0.753632009
vt 0.381572008 -0.736166
vt 0.362935007 -0.73457098
vt 0.362935007 -0.73457098
vt 0.381572008 -0.736166
vt 0.354295999 -0.705200016
vt 0.362935007 -0.73457098
vt 0.354295999 -0.705200016
vt 0.345726997 -0.714754999
vt -0.345726997 -0.714754999
vt -0.354295999 -0.705200016
vt -0.354295999 -0.705200016
vt 0.345726997 -0.714754999
vt 0.354295999 -0.705200016
vt 0.328597009 -0.694853008
vt 0.328597009 -0.694853008
vt 0.354295999 -0.705200016
vt 0.326065987 -0.672815979
vt 0.328597009 -0.694853008
vt 0.326065987 -0.672815979
vt 0.310956001 -0.675387979
vt -0.310956001 -0.675387979
vt -0.326065987 -0.672815979
vt -0.326065987 -0.672815979
vt 0.310956001 -0.675387979
vt 0.326065987 -0.672815979
vt 0.292380989 -0.65684998
vt 0.292380989 -0.65684998
vt 0.326065987 -0.672815979
vt 0.297289014 -0.643818021
vt 0.292380989 -0.65684998
vt 0.297289014 -0.643818021
vt 0.272596002 -0.639554977
vt 0.272596002 -0.639554977
vt 0.297289014 -0.643818021
vt 0.267632008 -0.619616985
vt 0.272596002 -0.639554977
vt 0.267632008 -0.619616985
vt 0.25138101 -0.624037027
vt 0.25138101 -0.624037027
vt 0.267632008 -0.619616985
vt 0.236818999 -0.600427985
vt 0.25138101 -0.624037027
vt 0.236818999 -0.600427985
vt 0.228734002 -0.610741973
vt -0.228734002 -0.610741973
vt -0.236818999 -0.600427985
vt -0.236818999 -0.600427985
vt 0.228734002 -0.610741973
vt 0.236818999 -0.600427985
vt 0.204807997 -0.600042999
vt 0.204807997 -0.600042999
vt 0.236818999 -0.600427985
vt 0.204744995 -0.586265981
vt 0.204807997 -0.600042999
vt 0.204744995 -0.586265981
vt 0.179716006 -0.592197001
vt 0.179716006 -0.592197001
vt 0.204744995 -0.586265981
vt 0.171646997 -0.577199996
vt 0.179716006 -0.592197001
vt 0.171646997 -0.577199996
vt 0.153874993 -0.587481976
vt 0.153874993 -0.587481976
vt 0.171646997 -0.577199996
vt 0.137190998 -0.573137999
vt 0.153874993 -0.587481976
vt 0.137190998 -0.573137999
vt 0.127756998 -0.585795999
vt 0.127756998 -0.585795999
vt 0.137190998 -0.573137999
vt 0.101499997 -0.579961002
vt 0.127756998 -0.585795999
vt 0.101499997 -0.579961002
vt 0.101499997 -0.587109983
vt 0.101499997 -0.579961002
vt 0.137190998 -0.573137999
vt 0.101499997 -0.572902977
vt -0.101499997 -0.572902977
vt -0.137190998 -0.573137999
vt -0.137190998 -0.573137999
vt 0.101499997 -0.572902977
vt 0.137190998 -0.573137999
vt 0.101499997 -0.56596601
vt 0.101499997 -0.56596601
vt 0.137190998 -0.573137999
vt 0.138941005 -0.560728014
vt 0.101499997 -0.56596601
vt 0.138941005 -0.560728014
vt 0.101499997 -0.559216976
vt 0.101499997 -0.559216976
vt 0.138941005 -0.560728014
vt 0.140571997 -0.54915601
vt 0.101499997 -0.559216976
vt 0.140571997 -0.54915601
vt 0.101499997 -0.552736998
vt -0.101499997 -0.552736998
vt -0.140571997 -0.54915601
vt -0.140571997 -0.54915601
vt 0.101499997 -0.552736998
vt 0.140571997 -0.54915601
vt 0.101499997 -0.546544015
vt 0.101499997 -0.546544015
vt 0.140571997 -0.54915601
vt 0.142036006 -0.53877902
vt 0.101499997 -0.546544015
vt 0.142036006 -0.53877902
vt 0.101499997 -0.54074502
vt -0.101499997 -0.54074502
vt -0.142036006 -0.53877902
vt -0.142036006 -0.53877902
vt 0.101499997 -0.54074502
vt 0.142036006 -0.53877902
vt 0.101499997 -0.535341024
vt 0.101499997 -0.535341024
vt 0.142036006 -0.53877902
vt 0.143289998 -0.529882014
vt 0.279870003 0.101499997
vt 0.274749994 0.143289998
vt 0.274706006 0.101499997
vt -0.101499997 -0.530420005
vt -0.143289998 -0.529882014
vt -0.143289998 -0.529882014
vt 0.274706006 0.101499997
vt 0.274749994 0.143289998
vt 0.269098014 0.101499997
vt 0.269098014 0.101499997
vt 0.274749994 0.143289998
vt 0.264809996 0.144307002
vt 0.269098014 0.101499997
vt 0.264809996 0.144307002
vt 0.263085008 0.101499997
vt 0.263085008 0.101499997
vt 0.264809996 0.144307002
vt 0.254051 0.145070001
vt 0.263085008 0.101499997
vt 0.254051 0.145070001
vt 0.256754994 0.101499997
vt -0.101499997 -0.518885016
vt -0.145070001 -0.517264009
vt -0.145070001 -0.517264009
vt 0.256754994 0.101499997
vt 0.254051 0.145070001
vt 0.25011301 0.101499997
vt 0.25011301 0.101499997
vt 0.254051 0.145070001
vt 0.242837995 0.145572007
vt 0.25011301 0.101499997
vt 0.242837995 0.145572007
vt 0.243279994 0.101499997
vt -0.101499997 -0.51422298
vt -0.145572007 -0.513701975
vt -0.145572007 -0.513701975
vt 0.243279994 0.101499997
vt 0.242837995 0.145572007
vt 0.236259997 0.101499997
vt 0.236259997 0.101499997
vt 0.242837995 0.145572007
vt 0.231511995 0.145820007
vt 0.236259997 0.101499997
vt 0.231511995 0.145820007
vt 0.229156002 0.101499997
vt 0.229156002 0.101499997
vt 0.231511995 0.145820007
vt 0.220379993 0.145826995
vt 0.229156002 0.101499997
vt 0.220379993 0.145826995
vt 0.222023994 0.101499997
vt -0.101499997 -0.512194991
vt -0.145826995 -0.511895001
vt -0.145826995 -0.511895001
vt 0.222023994 0.101499997
vt 0.220379993 0.145826995
vt 0.214909002 0.101499997
vt 0.214909002 0.101499997
vt 0.220379993 0.145826995
vt 0.209703997 0.145613998
vt 0.214909002 0.101499997
vt 0.209703997 0.145613998
vt 0.207919002 0.101499997
vt 0.207919002 0.101499997
vt 0.209703997 0.145613998
vt 0.199692994 0.145207003
vt 0.207919002 0.101499997
vt 0.199692994 0.145207003
vt 0.201055005 0.101499997
vt -0.101499997 -0.516242981
vt -0.145207003 -0.516287982
vt -0.145207003 -0.516287982
vt 0.201055005 0.101499997
vt 0.199692994 0.145207003
vt 0.194440007 0.101499997
vt 0.194440007 0.101499997
vt 0.199692994 0.145207003
vt 0.190504998 0.144635007
vt 0.194440007 0.101499997
vt 0.190504998 0.144635007
vt 0.188089997 0.101499997
vt 0.188089997 0.101499997
vt 0.190504998 0.144635007
vt 0.182248995 0.143924996
vt 0.188089997 0.101499997
vt 0.182248995 0.143924996
vt 0.182086006 0.101499997
vt -0.101499997 -0.526027977
vt -0.143924996 -0.525380015
vt -0.143924996 -0.525380015
vt 0.182086006 0.101499997
vt 0.182248995 0.143924996
vt 0.176482007 0.101499997
vt 0.176482007 0.101499997
vt 0.182248995 0.143924996
vt 0.174988002 0.143107995
vt 0.176482007 0.101499997
vt 0.174988002 0.143107995
vt 0.171309993 0.101499997
vt -0.101499997 -0.535369992
vt -0.143107995 -0.531177998
vt -0.142208993 -0.537549973
vt -0.101499997 -0.535369992
vt -0.142208993 -0.537549973
vt -0.101499997 -0.540749013
vt -0.101499997 -0.540749013
vt -0.142208993 -0.537549973
vt -0.141255006 -0.544318974
vt -0.101499997 -0.540749013
vt -0.141255006 -0.544318974
vt -0.101499997 -0.546579003
vt -0.101499997 -0.546579003
vt -0.141255006 -0.544318974
vt -0.140266001 -0.55132997
vt -0.101499997 -0.546579003
vt -0.140266001 -0.55132997
vt -0.101499997 -0.552752972
vt -0.101499997 -0.552752972
vt -0.140266001 -0.55132997
vt -0.139262006 -0.558447003
vt -0.101499997 -0.552752972
vt -0.139262006 -0.558447003
vt -0.101499997 -0.559249997
vt -0.101499997 -0.559249997
vt -0.139262006 -0.558447003
vt -0.138260007 -0.565554976
vt -0.101499997 -0.559249997
vt -0.138260007 -0.565554976
vt -0.101499997 -0.565998971
vt -0.101499997 -0.565998971
vt -0.138260007 -0.565554976
vt -0.138260007 -0.565554976
vt -0.101499997 -0.565998971
vt -0.138260007 -0.565554976
vt -0.101499997 -0.572924018
vt -0.101499997 -0.572924018
vt -0.138260007 -0.565554976
vt -0.137272 -0.572561026
vt -0.101499997 -0.572924018
vt -0.137272 -0.572561026
vt -0.101499997 -0.579961002
vt -0.101499997 -0.579961002
vt -0.137272 -0.572561026
vt -0.136308998 -0.579388976
vt -0.101499997 -0.579961002
vt -0.136308998 -0.579388976
vt -0.126855001 -0.585792005
vt -0.126855001 -0.585792005
vt -0.136308998 -0.579388976
vt -0.136308998 -0.579388976
vt -0.126855001 -0.585792005
vt -0.136308998 -0.579388976
vt -0.152193993 -0.587246001
vt -0.152193993 -0.587246001
vt -0.136308998 -0.579388976
vt -0.169851005 -0.583252013
vt -0.152193993 -0.587246001
vt -0.169851005 -0.583252013
vt -0.177151993 -0.591588974
vt -0.177151993 -0.591588974
vt -0.169851005 -0.583252013
vt -0.202066004 -0.591982007
vt -0.177151993 -0.591588974
vt -0.202066004 -0.591982007
vt -0.201436996 -0.598793983
vt -0.201436996 -0.598793983
vt -0.202066004 -0.591982007
vt -0.202066004 -0.591982007
vt -0.201436996 -0.598793983
vt -0.202066004 -0.591982007
vt -0.224759996 -0.608784974
vt -0.224759996 -0.608784974
vt -0.202066004 -0.591982007
vt -0.233336002 -0.605692029
vt -0.224759996 -0.608784974
vt -0.233336002 -0.605692029
vt -0.246838003 -0.621218979
vt -0.246838003 -0.621218979
vt -0.233336002 -0.605692029
vt -0.263467997 -0.624361992
vt -0.246838003 -0.621218979
vt -0.263467997 -0.624361992
vt -0.267589003 -0.635721982
vt -0.267589003 -0.635721982
vt -0.263467997 -0.624361992
vt -0.292591006 -0.648033977
vt -0.267589003 -0.635721982
vt -0.292591006 -0.648033977
vt -0.286996007 -0.652025998
vt -0.286996007 -0.652025998
vt -0.292591006 -0.648033977
vt -0.292591006 -0.648033977
vt -0.286996007 -0.652025998
vt -0.292591006 -0.648033977
vt -0.305189013 -0.669665992
vt -0.305189013 -0.669665992
vt -0.292591006 -0.648033977
vt -0.321007013 -0.676590025
vt -0.305189013 -0.669665992
vt -0.321007013 -0.676590025
vt -0.32240501 -0.688248992
vt -0.32240501 -0.688248992
vt -0.321007013 -0.676590025
vt -0.321007013 -0.676590025
vt -0.32240501 -0.688248992
vt -0.321007013 -0.676590025
vt -0.339062989 -0.707351029
vt -0.339062989 -0.707351029
vt -0.321007013 -0.676590025
vt -0.349097997 -0.708782017
vt -0.339062989 -0.707351029
vt -0.349097997 -0.708782017
vt -0.355452001 -0.726714015
vt -0.355452001 -0.726714015
vt -0.349097997 -0.708782017
vt -0.376547009 -0.739987016
vt -0.355452001 -0.726714015
vt -0.376547009 -0.739987016
vt -0.372442007 -0.745579004
vt -0.372442007 -0.745579004
vt -0.376547009 -0.739987016
vt -0.376547009 -0.739987016
vt -0.372442007 -0.745579004
vt -0.376547009 -0.739987016
vt -0.390623987 -0.763256013
vt -0.390623987 -0.763256013
vt -0.376547009 -0.739987016
vt -0.40228501 -0.764557004
vt -0.390623987 -0.763256013
vt -0.40228501 -0.764557004
vt -0.410326988 -0.779182971
vt -0.410326988 -0.779182971
vt -0.40228501 -0.764557004
vt -0.427352995 -0.782429993
vt -0.410326988 -0.779182971
vt -0.427352995 -0.782429993
vt -0.431901008 -0.792559028
vt -0.431901008 -0.792559028
vt -0.427352995 -0.782429993
vt -0.454807997 -0.796066999
vt -0.431901008 -0.792559028
vt -0.454807997 -0.796066999
vt -0.454921007 -0.803098023
vt -0.454921007 -0.803098023
vt -0.454807997 -0.796066999
vt -0.454807997 -0.796066999
vt -0.454921007 -0.803098023
vt -0.454807997 -0.796066999
vt -0.478884012 -0.811269999
vt -0.478884012 -0.811269999
vt -0.454807997 -0.796066999
vt -0.488070011 -0.807053983
vt -0.478884012 -0.811269999
vt -0.488070011 -0.807053983
vt -0.503446996 -0.817427993
vt -0.503446996 -0.817427993
vt -0.488070011 -0.807053983
vt -0.527860999 -0.816236973
vt -0.503446996 -0.817427993
vt -0.527860999 -0.816236973
vt -0.528226972 -0.822726011
vt -0.528226972 -0.822726011
vt -0.527860999 -0.816236973
vt -0.527860999 -0.816236973
vt -0.528226972 -0.822726011
vt -0.527860999 -0.816236973
vt -0.553008974 -0.828097999
vt -0.553008974 -0.828097999
vt -0.527860999 -0.816236973
vt -0.569221973 -0.825344026
vt -0.553008974 -0.828097999
vt -0.569221973 -0.825344026
vt -0.577569008 -0.834311008
vt -0.577569008 -0.834311008
vt -0.569221973 -0.825344026
vt -0.605499983 -0.836341023
vt -0.577569008 -0.834311008
vt -0.605499983 -0.836341023
vt -0.601809978 -0.841937006
vt -0.601809978 -0.841937006
vt -0.605499983 -0.836341023
vt -0.605499983 -0.836341023
vt -0.601809978 -0.841937006
vt -0.605499983 -0.836341023
vt -0.625099003 -0.852114022
vt -0.625099003 -0.852114022
vt -0.605499983 -0.836341023
vt -0.634962022 -0.849951029
vt -0.625099003 -0.852114022
vt -0.634962022 -0.849951029
vt -0.646706998 -0.865278006
vt -0.646706998 -0.865278006
vt -0.634962022 -0.849951029
vt -0.659466028 -0.866670012
vt -0.646706998 -0.865278006
vt -0.659466028 -0.866670012
vt -0.666140974 -0.881545007
vt -0.666140974 -0.881545007
vt -0.659466028 -0.866670012
vt -0.680477023 -0.887124002
vt -0.666140974 -0.881545007
vt -0.680477023 -0.887124002
vt -0.682811022 -0.900658011
vt -0.682811022 -0.900658011
vt -0.680477023 -0.887124002
vt -0.698789001 -0.912200987
vt -0.682811022 -0.900658011
vt -0.698789001 -0.912200987
vt -0.696779013 -0.92167902
vt -0.696779013 -0.92167902
vt -0.698789001 -0.912200987
vt -0.714869976 -0.942265987
vt -0.696779013 -0.92167902
vt -0.714869976 -0.942265987
vt -0.708059013 -0.944435
vt -0.101499997 -0.587109983
vt -0.101499997 -0.579961002
vt -0.126855001 -0.585792005
vt -0.136308998 -0.579388976
vt -0.137272 -0.572561026
vt -0.169851005 -0.583252013
vt -0.169851005 -0.583252013
vt -0.137272 -0.572561026
vt -0.171812996 -0.576641023
vt -0.169851005 -0.583252013
vt -0.171812996 -0.576641023
vt -0.202066004 -0.591982007
vt -0.202066004 -0.591982007
vt -0.171812996 -0.576641023
vt -0.204991996 -0.585738003
vt -0.202066004 -0.591982007
vt -0.204991996 -0.585738003
vt -0.233336002 -0.605692029
vt -0.233336002 -0.605692029
vt -0.204991996 -0.585738003
vt -0.237140998 -0.599941015
vt -0.233336002 -0.605692029
vt -0.237140998 -0.599941015
vt -0.263467997 -0.624361992
vt -0.263467997 -0.624361992
vt -0.237140998 -0.599941015
vt -0.268016994 -0.61917901
vt -0.263467997 -0.624361992
vt -0.268016994 -0.61917901
vt -0.292591006 -0.648033977
vt -0.292591006 -0.648033977
vt -0.268016994 -0.61917901
vt -0.297722995 -0.643428981
vt -0.292591006 -0.648033977
vt -0.297722995 -0.643428981
vt -0.321007013 -0.676590025
vt -0.321007013 -0.676590025
vt -0.297722995 -0.643428981
vt -0.32653299 -0.672466993
vt -0.321007013 -0.676590025
vt -0.32653299 -0.672466993
vt -0.349097997 -0.708782017
vt -0.349097997 -0.708782017
vt -0.32653299 -0.672466993
vt -0.354775995 -0.704868972
vt -0.349097997 -0.708782017
vt -0.354775995 -0.704868972
vt -0.376547009 -0.739987016
vt -0.376547009 -0.739987016
vt -0.354775995 -0.704868972
vt -0.382036 -0.735813022
vt -0.376547009 -0.739987016
vt -0.382036 -0.735813022
vt -0.40228501 -0.764557004
vt -0.40228501 -0.764557004
vt -0.382036 -0.735813022
vt -0.407229006 -0.759750009
vt -0.40228501 -0.764557004
vt -0.407229006 -0.759750009
vt -0.427352995 -0.782429993
vt -0.427352995 -0.782429993
vt -0.407229006 -0.759750009
vt -0.431499988 -0.776920974
vt -0.427352995 -0.782429993
vt -0.431499988 -0.776920974
vt -0.454807997 -0.796066999
vt -0.454807997 -0.796066999
vt -0.431499988 -0.776920974
vt -0.458061993 -0.789987981
vt -0.454807997 -0.796066999
vt -0.458061993 -0.789987981
vt -0.488070011 -0.807053983
vt -0.488070011 -0.807053983
vt -0.458061993 -0.789987981
vt -0.490541011 -0.800616026
vt -0.488070011 -0.807053983
vt -0.490541011 -0.800616026
vt -0.527860999 -0.816236973
vt -0.527860999 -0.816236973
vt -0.490541011 -0.800616026
vt -0.529954016 -0.809666991
vt -0.527860999 -0.816236973
vt -0.529954016 -0.809666991
vt -0.569221973 -0.825344026
vt -0.569221973 -0.825344026
vt -0.529954016 -0.809666991
vt -0.571546018 -0.818852007
vt -0.569221973 -0.825344026
vt -0.571546018 -0.818852007
vt -0.605499983 -0.836341023
vt -0.605499983 -0.836341023
vt -0.571546018 -0.818852007
vt -0.608546972 -0.830156028
vt -0.605499983 -0.836341023
vt -0.608546972 -0.830156028
vt -0.634962022 -0.849951029
vt -0.634962022 -0.849951029
vt -0.608546972 -0.830156028
vt -0.638927996 -0.844309986
vt -0.634962022 -0.849951029
vt -0.638927996 -0.844309986
vt -0.659466028 -0.866670012
vt -0.659466028 -0.866670012
vt -0.638927996 -0.844309986
vt -0.664331973 -0.861783981
vt -0.659466028 -0.866670012
vt -0.664331973 -0.861783981
vt -0.680477023 -0.887124002
vt -0.680477023 -0.887124002
vt -0.664331973 -0.861783981
vt -0.686106026 -0.883140981
vt -0.680477023 -0.887124002
vt -0.686106026 -0.883140981
vt -0.698789001 -0.912200987
vt -0.698789001 -0.912200987
vt -0.686106026 -0.883140981
vt -0.704988003 -0.909182012
vt -0.698789001 -0.912200987
vt -0.704988003 -0.909182012
vt -0.714869976 -0.942265987
vt -0.714869976 -0.942265987
vt -0.704988003 -0.909182012
vt -0.704988003 -0.909182012
vt -0.714869976 -0.942265987
vt -0.704988003 -0.909182012
vt -0.721575022 -0.940129995
vt -0.721575022 -0.940129995
vt -0.704988003 -0.909182012
vt -0.71134901 -0.906082988
vt -0.721575022 -0.940129995
vt -0.71134901 -0.906082988
vt -0.728173971 -0.938027978
vt -0.728173971 -0.938027978
vt -0.71134901 -0.906082988
vt -0.717801988 -0.902939975
vt -0.728173971 -0.938027978
vt -0.717801988 -0.902939975
vt -0.734605014 -0.935979009
vt -0.734605014 -0.935979009
vt -0.717801988 -0.902939975
vt -0.724264026 -0.899792016
vt -0.734605014 -0.935979009
vt -0.724264026 -0.899792016
vt -0.740795016 -0.934008002
vt -0.740795016 -0.934008002
vt -0.724264026 -0.899792016
vt -0.724264026 -0.899792016
vt -0.740795016 -0.934008002
vt -0.724264026 -0.899792016
vt -0.746676981 -0.932133973
vt -0.746676981 -0.932133973
vt -0.724264026 -0.899792016
vt -0.730629027 -0.896691978
vt -0.746676981 -0.932133973
vt -0.730629027 -0.896691978
vt -0.752232015 -0.930364013
vt -0.752232015 -0.930364013
vt -0.730629027 -0.896691978
vt -0.736774981 -0.893697977
vt -0.752232015 -0.930364013
vt -0.736774981 -0.893697977
vt -0.757357001 -0.928731978
vt -0.757357001 -0.928731978
vt -0.736774981 -0.893697977
vt -0.742560029 -0.890879989
vt -0.757357001 -0.928731978
vt -0.742560029 -0.890879989
vt -0.762059987 -0.927233994
vt -0.176482007 -0.927233994
vt -0.174988002 -0.890879989
vt -0.182248995 -0.888315976
vt -0.176482007 -0.927233994
vt -0.182248995 -0.888315976
vt -0.182086006 -0.925897002
vt -0.766259015 -0.925897002
vt -0.747824013 -0.888315976
vt -0.747824013 -0.888315976
vt -0.182086006 -0.925897002
vt -0.182248995 -0.888315976
vt -0.188089997 -0.924724996
vt -0.188089997 -0.924724996
vt -0.182248995 -0.888315976
vt -0.190504998 -0.886090994
vt -0.188089997 -0.924724996
vt -0.190504998 -0.886090994
vt -0.194440007 -0.923731029
vt -0.194440007 -0.923731029
vt -0.190504998 -0.886090994
vt -0.199692994 -0.884294987
vt -0.194440007 -0.923731029
vt -0.199692994 -0.884294987
vt -0.201055005 -0.922927022
vt -0.201055005 -0.922927022
vt -0.199692994 -0.884294987
vt -0.209703997 -0.88301897
vt -0.201055005 -0.922927022
vt -0.209703997 -0.88301897
vt -0.207919002 -0.922313988
vt -0.777505994 -0.922313988
vt -0.758697987 -0.88301897
vt -0.758697987 -0.88301897
vt -0.207919002 -0.922313988
vt -0.209703997 -0.88301897
vt -0.214909002 -0.921904981
vt -0.214909002 -0.921904981
vt -0.209703997 -0.88301897
vt -0.220379993 -0.882351995
vt -0.214909002 -0.921904981
vt -0.220379993 -0.882351995
vt -0.222023994 -0.921697974
vt -0.222023994 -0.921697974
vt -0.220379993 -0.882351995
vt -0.231511995 -0.882373989
vt -0.222023994 -0.921697974
vt -0.231511995 -0.882373989
vt -0.229156002 -0.921697974
vt -0.779438972 -0.921697974
vt -0.760020971 -0.882373989
vt -0.760020971 -0.882373989
vt -0.229156002 -0.921697974
vt -0.231511995 -0.882373989
vt -0.236259997 -0.921903014
vt -0.236259997 -0.921903014
vt -0.231511995 -0.882373989
vt -0.242837995 -0.883150995
vt -0.236259997 -0.921903014
vt -0.242837995 -0.883150995
vt -0.243279994 -0.922313988
vt -0.777507007 -0.922313988
vt -0.758426011 -0.883150995
vt -0.758426011 -0.883150995
vt -0.243279994 -0.922313988
vt -0.242837995 -0.883150995
vt -0.25011301 -0.922922015
vt -0.25011301 -0.922922015
vt -0.242837995 -0.883150995
vt -0.254051 -0.884727001
vt -0.25011301 -0.922922015
vt -0.254051 -0.884727001
vt -0.256754994 -0.923729002
vt -0.256754994 -0.923729002
vt -0.254051 -0.884727001
vt -0.264809996 -0.887117028
vt -0.256754994 -0.923729002
vt -0.264809996 -0.887117028
vt -0.263085008 -0.924718976
vt -0.769954979 -0.924718976
vt -0.750284016 -0.887117028
vt -0.750284016 -0.887117028
vt -0.263085008 -0.924718976
vt -0.264809996 -0.887117028
vt -0.269098014 -0.925890982
vt -0.269098014 -0.925890982
vt -0.264809996 -0.887117028
vt -0.274749994 -0.890305996
vt -0.269098014 -0.925890982
vt -0.274749994 -0.890305996
vt -0.274706006 -0.927228987
vt -0.762075007 -0.927228987
vt -0.743736982 -0.890305996
vt -0.743736982 -0.890305996
vt 0.762075007 -0.927228987
vt 0.743736982 -0.890305996
vt 0.757386029 -0.928722978
vt 0.757386029 -0.928722978
vt 0.743736982 -0.890305996
vt 0.735659003 -0.894240975
vt 0.757386029 -0.928722978
vt 0.735659003 -0.894240975
vt 0.752236009 -0.930362999
vt -0.752236009 -0.930362999
vt -0.735659003 -0.894240975
vt -0.735659003 -0.894240975
vt 0.752236009 -0.930362999
vt 0.735659003 -0.894240975
vt 0.746711016 -0.932123005
vt 0.746711016 -0.932123005
vt 0.735659003 -0.894240975
vt 0.726236999 -0.89883101
vt 0.746711016 -0.932123005
vt 0.726236999 -0.89883101
vt 0.740809977 -0.934002995
vt 0.740809977 -0.934002995
vt 0.726236999 -0.89883101
vt 0.715731025 -0.903948009
vt 0.740809977 -0.934002995
vt 0.715731025 -0.903948009
vt 0.734636009 -0.935970008
vt -0.734636009 -0.935970008
vt -0.715731025 -0.903948009
vt -0.715731025 -0.903948009
vt 0.734636009 -0.935970008
vt 0.715731025 -0.903948009
vt 0.728205025 -0.938018024
vt 0.728205025 -0.938018024
vt 0.715731025 -0.903948009
vt 0.704464018 -0.909437001
vt 0.728205025 -0.938018024
vt 0.704464018 -0.909437001
vt 0.721594989 -0.940123022
vt 0.721594989 -0.940123022
vt 0.704464018 -0.909437001
vt 0.714869976 -0.942265987
vt 0.704464018 -0.909437001
vt 0.715731025 -0.903948009
vt 0.685630023 -0.883477986
vt 0.685630023 -0.883477986
vt 0.715731025 -0.903948009
vt 0.695860028 -0.876237988
vt 0.685630023 -0.883477986
vt 0.695860028 -0.876237988
vt 0.663920999 -0.862197995
vt 0.663920999 -0.862197995
vt 0.695860028 -0.876237988
vt 0.672765017 -0.853317976
vt 0.663920999 -0.862197995
vt 0.672765017 -0.853317976
vt 0.638592005 -0.844787002
vt 0.638592005 -0.844787002
vt 0.672765017 -0.853317976
vt 0.645799994 -0.834533989
vt 0.638592005 -0.844787002
vt 0.645799994 -0.834533989
vt 0.608290017 -0.830678999
vt 0.608290017 -0.830678999
vt 0.645799994 -0.834533989
vt 0.613828003 -0.819436014
vt 0.608290017 -0.830678999
vt 0.613828003 -0.819436014
vt 0.571349978 -0.819401026
vt 0.571349978 -0.819401026
vt 0.613828003 -0.819436014
vt 0.575573027 -0.807600975
vt 0.571349978 -0.819401026
vt 0.575573027 -0.807600975
vt 0.52977699 -0.81022203
vt 0.52977699 -0.81022203
vt 0.575573027 -0.807600975
vt 0.533581018 -0.798281014
vt 0.52977699 -0.81022203
vt 0.533581018 -0.798281014
vt 0.490332007 -0.801160991
vt 0.490332007 -0.801160991
vt 0.533581018 -0.798281014
vt 0.494823992 -0.789460003
vt 0.490332007 -0.801160991
vt 0.494823992 -0.789460003
vt 0.457787007 -0.790502012
vt 0.457787007 -0.790502012
vt 0.494823992 -0.789460003
vt 0.463701993 -0.77945298
vt 0.457787007 -0.790502012
vt 0.463701993 -0.77945298
vt 0.431149989 -0.777387023
vt 0.431149989 -0.777387023
vt 0.463701993 -0.77945298
vt 0.43868801 -0.767374992
vt 0.431149989 -0.777387023
vt 0.43868801 -0.767374992
vt 0.406810999 -0.760156989
vt 0.406810999 -0.760156989
vt 0.43868801 -0.767374992
vt 0.415796012 -0.751420021
vt 0.406810999 -0.760156989
vt 0.415796012 -0.751420021
vt 0.381572008 -0.736166
vt 0.381572008 -0.736166
vt 0.415796012 -0.751420021
vt 0.391548008 -0.728579998
vt 0.381572008 -0.736166
vt 0.391548008 -0.728579998
vt 0.354295999 -0.705200016
vt 0.354295999 -0.705200016
vt 0.391548008 -0.728579998
vt 0.364614993 -0.698089004
vt 0.354295999 -0.705200016
vt 0.364614993 -0.698089004
vt 0.326065987 -0.672815979
vt 0.326065987 -0.672815979
vt 0.364614993 -0.698089004
vt 0.336111009 -0.665320992
vt 0.326065987 -0.672815979
vt 0.336111009 -0.665320992
vt 0.297289014 -0.643818021
vt 0.297289014 -0.643818021
vt 0.336111009 -0.665320992
vt 0.306616008 -0.635447025
vt 0.297289014 -0.643818021
vt 0.306616008 -0.635447025
vt 0.267632008 -0.619616985
vt 0.267632008 -0.619616985
vt 0.306616008 -0.635447025
vt 0.275900006 -0.610198021
vt 0.267632008 -0.619616985
vt 0.275900006 -0.610198021
vt 0.236818999 -0.600427985
vt 0.236818999 -0.600427985
vt 0.275900006 -0.610198021
vt 0.243733004 -0.589974999
vt 0.236818999 -0.600427985
vt 0.243733004 -0.589974999
vt 0.204744995 -0.586265981
vt 0.204744995 -0.586265981
vt 0.243733004 -0.589974999
vt 0.210062996 -0.574917018
vt 0.204744995 -0.586265981
vt 0.210062996 -0.574917018
vt 0.171646997 -0.577199996
vt 0.171646997 -0.577199996
vt 0.210062996 -0.574917018
vt 0.175212994 -0.56518501
vt 0.171646997 -0.577199996
vt 0.175212994 -0.56518501
vt 0.137190998 -0.573137999
vt -0.137190998 -0.573137999
vt -0.175212994 -0.56518501
vt -0.175212994 -0.56518501
vt 0.137190998 -0.573137999
vt 0.175212994 -0.56518501
vt 0.138941005 -0.560728014
vt 0.138941005 -0.560728014
vt 0.175212994 -0.56518501
vt 0.178537995 -0.553982019
vt 0.138941005 -0.560728014
vt 0.178537995 -0.553982019
vt 0.140571997 -0.54915601
vt 0.140571997 -0.54915601
vt 0.178537995 -0.553982019
vt 0.18152 -0.543935001
vt 0.140571997 -0.54915601
vt 0.18152 -0.543935001
vt 0.142036006 -0.53877902
vt 0.142036006 -0.53877902
vt 0.18152 -0.543935001
vt 0.184075996 -0.535320997
vt 0.142036006 -0.53877902
vt 0.184075996 -0.535320997
vt 0.143289998 -0.529882014
vt 0.274749994 0.143289998
vt 0.274749994 0.184075996
vt 0.264809996 0.186148003
vt 0.274749994 0.143289998
vt 0.264809996 0.186148003
vt 0.264809996 0.144307002
vt 0.264809996 0.144307002
vt 0.264809996 0.186148003
vt 0.254051 0.187701002
vt 0.264809996 0.144307002
vt 0.254051 0.187701002
vt 0.254051 0.145070001
vt 0.254051 0.145070001
vt 0.254051 0.187701002
vt 0.242837995 0.188724995
vt 0.254051 0.145070001
vt 0.242837995 0.188724995
vt 0.242837995 0.145572007
vt 0.242837995 0.145572007
vt 0.242837995 0.188724995
vt 0.231511995 0.189229995
vt 0.242837995 0.145572007
vt 0.231511995 0.189229995
vt 0.231511995 0.145820007
vt 0.231511995 0.145820007
vt 0.231511995 0.189229995
vt 0.220379993 0.189244002
vt 0.231511995 0.145820007
vt 0.220379993 0.189244002
vt 0.220379993 0.145826995
vt 0.220379993 0.145826995
vt 0.220379993 0.189244002
vt 0.209703997 0.188811004
vt 0.220379993 0.145826995
vt 0.209703997 0.188811004
vt 0.209703997 0.145613998
vt 0.209703997 0.145613998
vt 0.209703997 0.188811004
vt 0.199692994 0.187981993
vt 0.209703997 0.145613998
vt 0.199692994 0.187981993
vt 0.199692994 0.145207003
vt 0.199692994 0.145207003
vt 0.199692994 0.187981993
vt 0.190504998 0.186814994
vt 0.199692994 0.145207003
vt 0.190504998 0.186814994
vt 0.190504998 0.144635007
vt 0.190504998 0.144635007
vt 0.190504998 0.186814994
vt 0.182248995 0.185369
vt 0.190504998 0.144635007
vt 0.182248995 0.185369
vt 0.182248995 0.143924996
vt 0.182248995 0.143924996
vt 0.182248995 0.185369
vt 0.174988002 0.183703005
vt 0.182248995 0.143924996
vt 0.174988002 0.183703005
vt 0.174988002 0.143107995
vt -0.143107995 -0.531177998
vt -0.183703005 -0.536575973
vt -0.181872994 -0.542744994
vt -0.143107995 -0.531177998
vt -0.181872994 -0.542744994
vt -0.142208993 -0.537549973
vt -0.142208993 -0.537549973
vt -0.181872994 -0.542744994
vt -0.179928005 -0.549299002
vt -0.142208993 -0.537549973
vt -0.179928005 -0.549299002
vt -0.141255006 -0.544318974
vt -0.141255006 -0.544318974
vt -0.179928005 -0.549299002
vt -0.177912995 -0.556087017
vt -0.141255006 -0.544318974
vt -0.177912995 -0.556087017
vt -0.140266001 -0.55132997
vt -0.140266001 -0.55132997
vt -0.177912995 -0.556087017
vt -0.175868005 -0.562977016
vt -0.140266001 -0.55132997
vt -0.175868005 -0.562977016
vt -0.139262006 -0.558447003
vt -0.139262006 -0.558447003
vt -0.175868005 -0.562977016
vt -0.173825994 -0.569859028
vt -0.139262006 -0.558447003
vt -0.173825994 -0.569859028
vt -0.138260007 -0.565554976
vt -0.138260007 -0.565554976
vt -0.173825994 -0.569859028
vt -0.171812996 -0.576641023
vt -0.138260007 -0.565554976
vt -0.171812996 -0.576641023
vt -0.137272 -0.572561026
vt -0.171812996 -0.576641023
vt -0.173825994 -0.569859028
vt -0.204991996 -0.585738003
vt -0.204991996 -0.585738003
vt -0.173825994 -0.569859028
vt -0.207993999 -0.579330981
vt -0.204991996 -0.585738003
vt -0.207993999 -0.579330981
vt -0.237140998 -0.599941015
vt -0.237140998 -0.599941015
vt -0.207993999 -0.579330981
vt -0.241044 -0.59404099
vt -0.237140998 -0.599941015
vt -0.241044 -0.59404099
vt -0.268016994 -0.61917901
vt -0.268016994 -0.61917901
vt -0.241044 -0.59404099
vt -0.272684008 -0.613861978
vt -0.268016994 -0.61917901
vt -0.272684008 -0.613861978
vt -0.297722995 -0.643428981
vt -0.297722995 -0.643428981
vt -0.272684008 -0.613861978
vt -0.302987993 -0.638702989
vt -0.297722995 -0.643428981
vt -0.302987993 -0.638702989
vt -0.32653299 -0.672466993
vt -0.32653299 -0.672466993
vt -0.302987993 -0.638702989
vt -0.332204014 -0.668236017
vt -0.32653299 -0.672466993
vt -0.332204014 -0.668236017
vt -0.354775995 -0.704868972
vt -0.354775995 -0.704868972
vt -0.332204014 -0.668236017
vt -0.360601008 -0.700855017
vt -0.354775995 -0.704868972
vt -0.360601008 -0.700855017
vt -0.382036 -0.735813022
vt -0.382036 -0.735813022
vt -0.360601008 -0.700855017
vt -0.387668014 -0.731531024
vt -0.382036 -0.735813022
vt -0.387668014 -0.731531024
vt -0.407229006 -0.759750009
vt -0.407229006 -0.759750009
vt -0.387668014 -0.731531024
vt -0.412301004 -0.754818022
vt -0.407229006 -0.759750009
vt -0.412301004 -0.754818022
vt -0.431499988 -0.776920974
vt -0.431499988 -0.776920974
vt -0.412301004 -0.754818022
vt -0.435755998 -0.771269023
vt -0.431499988 -0.776920974
vt -0.435755998 -0.771269023
vt -0.458061993 -0.789987981
vt -0.458061993 -0.789987981
vt -0.435755998 -0.771269023
vt -0.461400986 -0.783751011
vt -0.458061993 -0.789987981
vt -0.461400986 -0.783751011
vt -0.490541011 -0.800616026
vt -0.490541011 -0.800616026
vt -0.461400986 -0.783751011
vt -0.49307701 -0.794010997
vt -0.490541011 -0.800616026
vt -0.49307701 -0.794010997
vt -0.529954016 -0.809666991
vt -0.529954016 -0.809666991
vt -0.49307701 -0.794010997
vt -0.532101989 -0.802926004
vt -0.529954016 -0.809666991
vt -0.532101989 -0.802926004
vt -0.571546018 -0.818852007
vt -0.571546018 -0.818852007
vt -0.532101989 -0.802926004
vt -0.573930025 -0.81219101
vt -0.571546018 -0.818852007
vt -0.573930025 -0.81219101
vt -0.608546972 -0.830156028
vt -0.608546972 -0.830156028
vt -0.573930025 -0.81219101
vt -0.611674011 -0.823809028
vt -0.608546972 -0.830156028
vt -0.611674011 -0.823809028
vt -0.638927996 -0.844309986
vt -0.638927996 -0.844309986
vt -0.611674011 -0.823809028
vt -0.642996013 -0.838522017
vt -0.638927996 -0.844309986
vt -0.642996013 -0.838522017
vt -0.664331973 -0.861783981
vt -0.664331973 -0.861783981
vt -0.642996013 -0.838522017
vt -0.669324994 -0.856772006
vt -0.664331973 -0.861783981
vt -0.669324994 -0.856772006
vt -0.686106026 -0.883140981
vt -0.686106026 -0.883140981
vt -0.669324994 -0.856772006
vt -0.691881001 -0.87905401
vt -0.686106026 -0.883140981
vt -0.691881001 -0.87905401
vt -0.704988003 -0.909182012
vt -0.704988003 -0.909182012
vt -0.691881001 -0.87905401
vt -0.691881001 -0.87905401
vt -0.704988003 -0.909182012
vt -0.691881001 -0.87905401
vt -0.71134901 -0.906082988
vt -0.71134901 -0.906082988
vt -0.691881001 -0.87905401
vt -0.697740972 -0.874907017
vt -0.71134901 -0.906082988
vt -0.697740972 -0.874907017
vt -0.717801988 -0.902939975
vt -0.717801988 -0.902939975
vt -0.697740972 -0.874907017
vt -0.703607023 -0.870755017
vt -0.717801988 -0.902939975
vt -0.703607023 -0.870755017
vt -0.724264026 -0.899792016
vt -0.724264026 -0.899792016
vt -0.703607023 -0.870755017
vt -0.709387004 -0.866665006
vt -0.724264026 -0.899792016
vt -0.709387004 -0.866665006
vt -0.730629027 -0.896691978
vt -0.730629027 -0.896691978
vt -0.709387004 -0.866665006
vt -0.714967012 -0.862716019
vt -0.730629027 -0.896691978
vt -0.714967012 -0.862716019
vt -0.736774981 -0.893697977
vt -0.736774981 -0.893697977
vt -0.714967012 -0.862716019
vt -0.720220029 -0.858999014
vt -0.736774981 -0.893697977
vt -0.720220029 -0.858999014
vt -0.742560029 -0.890879989
vt -0.174988002 -0.890879989
vt -0.174988002 -0.858999014
vt -0.182248995 -0.855616987
vt -0.174988002 -0.890879989
vt -0.182248995 -0.855616987
vt -0.182248995 -0.888315976
vt -0.182248995 -0.888315976
vt -0.182248995 -0.855616987
vt -0.190504998 -0.852681994
vt -0.182248995 -0.888315976
vt -0.190504998 -0.852681994
vt -0.190504998 -0.886090994
vt -0.190504998 -0.886090994
vt -0.190504998 -0.852681994
vt -0.199692994 -0.850313008
vt -0.190504998 -0.886090994
vt -0.199692994 -0.850313008
vt -0.199692994 -0.884294987
vt -0.199692994 -0.884294987
vt -0.199692994 -0.850313008
vt -0.209703997 -0.848630011
vt -0.199692994 -0.884294987
vt -0.209703997 -0.848630011
vt -0.209703997 -0.88301897
vt -0.209703997 -0.88301897
vt -0.209703997 -0.848630011
vt -0.220379993 -0.847750008
vt -0.209703997 -0.88301897
vt -0.220379993 -0.847750008
vt -0.220379993 -0.882351995
vt -0.220379993 -0.882351995
vt -0.220379993 -0.847750008
vt -0.231511995 -0.847778976
vt -0.220379993 -0.882351995
vt -0.231511995 -0.847778976
vt -0.231511995 -0.882373989
vt -0.231511995 -0.882373989
vt -0.231511995 -0.847778976
vt -0.242837995 -0.848803997
vt -0.231511995 -0.882373989
vt -0.242837995 -0.848803997
vt -0.242837995 -0.883150995
vt -0.242837995 -0.883150995
vt -0.242837995 -0.848803997
vt -0.254051 -0.850881994
vt -0.242837995 -0.883150995
vt -0.254051 -0.850881994
vt -0.254051 -0.884727001
vt -0.254051 -0.884727001
vt -0.254051 -0.850881994
vt -0.264809996 -0.854035974
vt -0.254051 -0.884727001
vt -0.264809996 -0.854035974
vt -0.264809996 -0.887117028
vt -0.264809996 -0.887117028
vt -0.264809996 -0.854035974
vt -0.274749994 -0.858242989
vt -0.264809996 -0.887117028
vt -0.274749994 -0.858242989
vt -0.274749994 -0.890305996
vt 0.743736982 -0.890305996
vt 0.721288979 -0.858242989
vt 0.713953972 -0.863433003
vt 0.743736982 -0.890305996
vt 0.713953972 -0.863433003
vt 0.735659003 -0.894240975
vt 0.735659003 -0.894240975
vt 0.713953972 -0.863433003
vt 0.705398977 -0.869486988
vt 0.735659003 -0.894240975
vt 0.705398977 -0.869486988
vt 0.726236999 -0.89883101
vt 0.726236999 -0.89883101
vt 0.705398977 -0.869486988
vt 0.695860028 -0.876237988
vt 0.726236999 -0.89883101
vt 0.695860028 -0.876237988
vt 0.715731025 -0.903948009
vt 0.695860028 -0.876237988
vt 0.705398977 -0.869486988
vt 0.672765017 -0.853317976
vt 0.672765017 -0.853317976
vt 0.705398977 -0.869486988
vt 0.681011975 -0.845037997
vt 0.672765017 -0.853317976
vt 0.681011975 -0.845037997
vt 0.645799994 -0.834533989
vt 0.645799994 -0.834533989
vt 0.681011975 -0.845037997
vt 0.652521014 -0.824974
vt 0.645799994 -0.834533989
vt 0.652521014 -0.824974
vt 0.613828003 -0.819436014
vt 0.613828003 -0.819436014
vt 0.652521014 -0.824974
vt 0.618991971 -0.808952987
vt 0.613828003 -0.819436014
vt 0.618991971 -0.808952987
vt 0.575573027 -0.807600975
vt 0.575573027 -0.807600975
vt 0.618991971 -0.808952987
vt 0.579512 -0.796598971
vt 0.575573027 -0.807600975
vt 0.579512 -0.796598971
vt 0.533581018 -0.798281014
vt 0.533581018 -0.798281014
vt 0.579512 -0.796598971
vt 0.537127972 -0.787145972
vt 0.533581018 -0.798281014
vt 0.537127972 -0.787145972
vt 0.494823992 -0.789460003
vt 0.494823992 -0.789460003
vt 0.537127972 -0.787145972
vt 0.49901101 -0.778550029
vt 0.494823992 -0.789460003
vt 0.49901101 -0.778550029
vt 0.463701993 -0.77945298
vt 0.463701993 -0.77945298
vt 0.49901101 -0.778550029
vt 0.469217002 -0.769150019
vt 0.463701993 -0.77945298
vt 0.469217002 -0.769150019
vt 0.43868801 -0.767374992
vt 0.43868801 -0.767374992
vt 0.469217002 -0.769150019
vt 0.445717007 -0.758038998
vt 0.43868801 -0.767374992
vt 0.445717007 -0.758038998
vt 0.415796012 -0.751420021
vt 0.415796012 -0.751420021
vt 0.445717007 -0.758038998
vt 0.424174994 -0.743273973
vt 0.415796012 -0.751420021
vt 0.424174994 -0.743273973
vt 0.391548008 -0.728579998
vt 0.391548008 -0.728579998
vt 0.424174994 -0.743273973
vt 0.400851011 -0.721507013
vt 0.391548008 -0.728579998
vt 0.400851011 -0.721507013
vt 0.364614993 -0.698089004
vt 0.364614993 -0.698089004
vt 0.400851011 -0.721507013
vt 0.374238014 -0.691457987
vt 0.364614993 -0.698089004
vt 0.374238014 -0.691457987
vt 0.336111009 -0.665320992
vt 0.336111009 -0.665320992
vt 0.374238014 -0.691457987
vt 0.345477998 -0.658333004
vt 0.336111009 -0.665320992
vt 0.345477998 -0.658333004
vt 0.306616008 -0.635447025
vt 0.306616008 -0.635447025
vt 0.345477998 -0.658333004
vt 0.315313995 -0.627641976
vt 0.306616008 -0.635447025
vt 0.315313995 -0.627641976
vt 0.275900006 -0.610198021
vt 0.275900006 -0.610198021
vt 0.315313995 -0.627641976
vt 0.283609003 -0.601414979
vt 0.275900006 -0.610198021
vt 0.283609003 -0.601414979
vt 0.243733004 -0.589974999
vt 0.243733004 -0.589974999
vt 0.283609003 -0.601414979
vt 0.250180006 -0.580227971
vt 0.243733004 -0.589974999
vt 0.250180006 -0.580227971
vt 0.210062996 -0.574917018
vt 0.210062996 -0.574917018
vt 0.250180006 -0.580227971
vt 0.215020999 -0.564334989
vt 0.210062996 -0.574917018
vt 0.215020999 -0.564334989
vt 0.175212994 -0.56518501
vt -0.175212994 -0.56518501
vt -0.215020999 -0.564334989
vt -0.215020999 -0.564334989
vt 0.175212994 -0.56518501
vt 0.215020999 -0.564334989
vt 0.178537995 -0.553982019
vt 0.178537995 -0.553982019
vt 0.215020999 -0.564334989
vt 0.219467998 -0.554844975
vt 0.178537995 -0.553982019
vt 0.219467998 -0.554844975
vt 0.18152 -0.543935001
vt 0.18152 -0.543935001
vt 0.219467998 -0.554844975
vt 0.223279998 -0.546709001
vt 0.18152 -0.543935001
vt 0.223279998 -0.546709001
vt 0.184075996 -0.535320997
vt 0.274749994 0.184075996
vt 0.274749994 0.223279998
vt 0.264809996 0.226370007
vt 0.274749994 0.184075996
vt 0.264809996 0.226370007
vt 0.264809996 0.186148003
vt 0.264809996 0.186148003
vt 0.264809996 0.226370007
vt 0.254051 0.228687003
vt 0.264809996 0.186148003
vt 0.254051 0.228687003
vt 0.254051 0.187701002
vt 0.254051 0.187701002
vt 0.254051 0.228687003
vt 0.242837995 0.230213001
vt 0.254051 0.187701002
vt 0.242837995 0.230213001
vt 0.242837995 0.188724995
vt 0.242837995 0.188724995
vt 0.242837995 0.230213001
vt 0.231511995 0.230966002
vt 0.242837995 0.188724995
vt 0.231511995 0.230966002
vt 0.231511995 0.189229995
vt 0.231511995 0.189229995
vt 0.231511995 0.230966002
vt 0.220379993 0.230986997
vt 0.231511995 0.189229995
vt 0.220379993 0.230986997
vt 0.220379993 0.189244002
vt 0.220379993 0.189244002
vt 0.220379993 0.230986997
vt 0.209703997 0.230341002
vt 0.220379993 0.189244002
vt 0.209703997 0.230341002
vt 0.209703997 0.188811004
vt 0.209703997 0.188811004
vt 0.209703997 0.230341002
vt 0.199692994 0.229104996
vt 0.209703997 0.188811004
vt 0.199692994 0.229104996
vt 0.199692994 0.187981993
vt 0.199692994 0.187981993
vt 0.199692994 0.229104996
vt 0.190504998 0.227365002
vt 0.199692994 0.187981993
vt 0.190504998 0.227365002
vt 0.190504998 0.186814994
vt 0.190504998 0.186814994
vt 0.190504998 0.227365002
vt 0.182248995 0.225208998
vt 0.190504998 0.186814994
vt 0.182248995 0.225208998
vt 0.182248995 0.185369
vt 0.182248995 0.185369
vt 0.182248995 0.225208998
vt 0.174988002 0.222725004
vt 0.182248995 0.185369
vt 0.174988002 0.222725004
vt 0.174988002 0.183703005
vt -0.183703005 -0.536575973
vt -0.222725004 -0.547894001
vt -0.219993994 -0.553721011
vt -0.183703005 -0.536575973
vt -0.219993994 -0.553721011
vt -0.181872994 -0.542744994
vt -0.181872994 -0.542744994
vt -0.219993994 -0.553721011
vt -0.217094004 -0.559912026
vt -0.181872994 -0.542744994
vt -0.217094004 -0.559912026
vt -0.179928005 -0.549299002
vt -0.179928005 -0.549299002
vt -0.217094004 -0.559912026
vt -0.214090005 -0.566322982
vt -0.179928005 -0.549299002
vt -0.214090005 -0.566322982
vt -0.177912995 -0.556087017
vt -0.177912995 -0.556087017
vt -0.214090005 -0.566322982
vt -0.211040005 -0.572830975
vt -0.177912995 -0.556087017
vt -0.211040005 -0.572830975
vt -0.175868005 -0.562977016
vt -0.175868005 -0.562977016
vt -0.211040005 -0.572830975
vt -0.207993999 -0.579330981
vt -0.175868005 -0.562977016
vt -0.207993999 -0.579330981
vt -0.173825994 -0.569859028
vt -0.207993999 -0.579330981
vt -0.211040005 -0.572830975
vt -0.241044 -0.59404099
vt -0.241044 -0.59404099
vt -0.211040005 -0.572830975
vt -0.245003998 -0.588052988
vt -0.241044 -0.59404099
vt -0.245003998 -0.588052988
vt -0.272684008 -0.613861978
vt -0.272684008 -0.613861978
vt -0.245003998 -0.588052988
vt -0.277420014 -0.608466983
vt -0.272684008 -0.613861978
vt -0.277420014 -0.608466983
vt -0.302987993 -0.638702989
vt -0.302987993 -0.638702989
vt -0.277420014 -0.608466983
vt -0.308331013 -0.633907974
vt -0.302987993 -0.638702989
vt -0.308331013 -0.633907974
vt -0.332204014 -0.668236017
vt -0.332204014 -0.668236017
vt -0.308331013 -0.633907974
vt -0.337958008 -0.663944006
vt -0.332204014 -0.668236017
vt -0.337958008 -0.663944006
vt -0.360601008 -0.700855017
vt -0.360601008 -0.700855017
vt -0.337958008 -0.663944006
vt -0.366512001 -0.696781993
vt -0.360601008 -0.700855017
vt -0.366512001 -0.696781993
vt -0.387668014 -0.731531024
vt -0.387668014 -0.731531024
vt -0.366512001 -0.696781993
vt -0.393382013 -0.727186024
vt -0.387668014 -0.731531024
vt -0.393382013 -0.727186024
vt -0.412301004 -0.754818022
vt -0.412301004 -0.754818022
vt -0.393382013 -0.727186024
vt -0.417448014 -0.749813974
vt -0.412301004 -0.754818022
vt -0.417448014 -0.749813974
vt -0.435755998 -0.771269023
vt -0.435755998 -0.771269023
vt -0.417448014 -0.749813974
vt -0.440073997 -0.765533984
vt -0.435755998 -0.771269023
vt -0.440073997 -0.765533984
vt -0.461400986 -0.783751011
vt -0.461400986 -0.783751011
vt -0.440073997 -0.765533984
vt -0.464789003 -0.777422011
vt -0.461400986 -0.783751011
vt -0.464789003 -0.777422011
vt -0.49307701 -0.794010997
vt -0.49307701 -0.794010997
vt -0.464789003 -0.777422011
vt -0.49564901 -0.787308991
vt -0.49307701 -0.794010997
vt -0.49564901 -0.787308991
vt -0.532101989 -0.802926004
vt -0.532101989 -0.802926004
vt -0.49564901 -0.787308991
vt -0.534280002 -0.796086013
vt -0.532101989 -0.802926004
vt -0.534280002 -0.796086013
vt -0.573930025 -0.81219101
vt -0.573930025 -0.81219101
vt -0.534280002 -0.796086013
vt -0.576349974 -0.805432975
vt -0.573930025 -0.81219101
vt -0.576349974 -0.805432975
vt -0.611674011 -0.823809028
vt -0.611674011 -0.823809028
vt -0.576349974 -0.805432975
vt -0.614845991 -0.817368984
vt -0.611674011 -0.823809028
vt -0.614845991 -0.817368984
vt -0.642996013 -0.838522017
vt -0.642996013 -0.838522017
vt -0.614845991 -0.817368984
vt -0.647125006 -0.832648993
vt -0.642996013 -0.838522017
vt -0.647125006 -0.832648993
vt -0.669324994 -0.856772006
vt -0.669324994 -0.856772006
vt -0.647125006 -0.832648993
vt -0.674390972 -0.851686001
vt -0.669324994 -0.856772006
vt -0.674390972 -0.851686001
vt -0.691881001 -0.87905401
vt -0.691881001 -0.87905401
vt -0.674390972 -0.851686001
vt -0.674390972 -0.851686001
vt -0.691881001 -0.87905401
vt -0.674390972 -0.851686001
vt -0.697740972 -0.874907017
vt -0.697740972 -0.874907017
vt -0.674390972 -0.851686001
vt -0.679463029 -0.846593022
vt -0.697740972 -0.874907017
vt -0.679463029 -0.846593022
vt -0.703607023 -0.870755017
vt -0.703607023 -0.870755017
vt -0.679463029 -0.846593022
vt -0.684458971 -0.841576993
vt -0.703607023 -0.870755017
vt -0.684458971 -0.841576993
vt -0.709387004 -0.866665006
vt -0.709387004 -0.866665006
vt -0.684458971 -0.841576993
vt -0.689283013 -0.836732984
vt -0.709387004 -0.866665006
vt -0.689283013 -0.836732984
vt -0.714967012 -0.862716019
vt -0.714967012 -0.862716019
vt -0.689283013 -0.836732984
vt -0.693823993 -0.832174003
vt -0.714967012 -0.862716019
vt -0.693823993 -0.832174003
vt -0.720220029 -0.858999014
vt -0.720220029 -0.858999014
vt -0.693823993 -0.832174003
vt -0.697956026 -0.828025997
vt -0.720220029 -0.858999014
vt -0.697956026 -0.828025997
vt -0.724999011 -0.855616987
vt -0.182248995 -0.855616987
vt -0.182248995 -0.828025997
vt -0.190504998 -0.824425995
vt -0.182248995 -0.855616987
vt -0.190504998 -0.824425995
vt -0.190504998 -0.852681994
vt -0.190504998 -0.852681994
vt -0.190504998 -0.824425995
vt -0.199692994 -0.821519017
vt -0.190504998 -0.852681994
vt -0.199692994 -0.821519017
vt -0.199692994 -0.850313008
vt -0.199692994 -0.850313008
vt -0.199692994 -0.821519017
vt -0.209703997 -0.819455028
vt -0.199692994 -0.850313008
vt -0.209703997 -0.819455028
vt -0.209703997 -0.848630011
vt -0.209703997 -0.848630011
vt -0.209703997 -0.819455028
vt -0.220379993 -0.818377018
vt -0.209703997 -0.848630011
vt -0.220379993 -0.818377018
vt -0.220379993 -0.847750008
vt -0.220379993 -0.847750008
vt -0.220379993 -0.818377018
vt -0.231511995 -0.818413019
vt -0.220379993 -0.847750008
vt -0.231511995 -0.818413019
vt -0.231511995 -0.847778976
vt -0.231511995 -0.847778976
vt -0.231511995 -0.818413019
vt -0.242837995 -0.819669008
vt -0.231511995 -0.847778976
vt -0.242837995 -0.819669008
vt -0.242837995 -0.848803997
vt -0.242837995 -0.848803997
vt -0.242837995 -0.819669008
vt -0.254051 -0.822218001
vt -0.242837995 -0.848803997
vt -0.254051 -0.822218001
vt -0.254051 -0.850881994
vt -0.254051 -0.850881994
vt -0.254051 -0.822218001
vt -0.264809996 -0.826085985
vt -0.254051 -0.850881994
vt -0.264809996 -0.826085985
vt -0.264809996 -0.854035974
vt 0.727234006 -0.854035974
vt 0.699887991 -0.826085985
vt 0.694747984 -0.831246018
vt 0.727234006 -0.854035974
vt 0.694747984 -0.831246018
vt 0.721288979 -0.858242989
vt 0.721288979 -0.858242989
vt 0.694747984 -0.831246018
vt 0.688408017 -0.837611973
vt 0.721288979 -0.858242989
vt 0.688408017 -0.837611973
vt 0.713953972 -0.863433003
vt 0.713953972 -0.863433003
vt 0.688408017 -0.837611973
vt 0.681011975 -0.845037997
vt 0.713953972 -0.863433003
vt 0.681011975 -0.845037997
vt 0.705398977 -0.869486988
vt 0.681011975 -0.845037997
vt 0.688408017 -0.837611973
vt 0.652521014 -0.824974
vt 0.652521014 -0.824974
vt 0.688408017 -0.837611973
vt 0.658547997 -0.816399992
vt 0.652521014 -0.824974
vt 0.658547997 -0.816399992
vt 0.618991971 -0.808952987
vt 0.618991971 -0.808952987
vt 0.658547997 -0.816399992
vt 0.623623013 -0.79955101
vt 0.618991971 -0.808952987
vt 0.623623013 -0.79955101
vt 0.579512 -0.796598971
vt 0.579512 -0.796598971
vt 0.623623013 -0.79955101
vt 0.583043993 -0.786732018
vt 0.579512 -0.796598971
vt 0.583043993 -0.786732018
vt 0.537127972 -0.787145972
vt 0.537127972 -0.787145972
vt 0.583043993 -0.786732018
vt 0.540310025 -0.777159989
vt 0.537127972 -0.787145972
vt 0.540310025 -0.777159989
vt 0.49901101 -0.778550029
vt 0.49901101 -0.778550029
vt 0.540310025 -0.777159989
vt 0.502767026 -0.768765986
vt 0.49901101 -0.778550029
vt 0.502767026 -0.768765986
vt 0.469217002 -0.769150019
vt 0.469217002 -0.769150019
vt 0.502767026 -0.768765986
vt 0.474162996 -0.759909987
vt 0.469217002 -0.769150019
vt 0.474162996 -0.759909987
vt 0.445717007 -0.758038998
vt 0.445717007 -0.758038998
vt 0.474162996 -0.759909987
vt 0.452021003 -0.749666989
vt 0.445717007 -0.758038998
vt 0.452021003 -0.749666989
vt 0.424174994 -0.743273973
vt 0.424174994 -0.743273973
vt 0.452021003 -0.749666989
vt 0.431688994 -0.735967994
vt 0.424174994 -0.743273973
vt 0.431688994 -0.735967994
vt 0.400851011 -0.721507013
vt 0.400851011 -0.721507013
vt 0.431688994 -0.735967994
vt 0.409193009 -0.715162992
vt 0.400851011 -0.721507013
vt 0.409193009 -0.715162992
vt 0.374238014 -0.691457987
vt 0.374238014 -0.691457987
vt 0.409193009 -0.715162992
vt 0.382867992 -0.685510993
vt 0.374238014 -0.691457987
vt 0.382867992 -0.685510993
vt 0.345477998 -0.658333004
vt 0.345477998 -0.658333004
vt 0.382867992 -0.685510993
vt 0.353877991 -0.652065992
vt 0.345477998 -0.658333004
vt 0.353877991 -0.652065992
vt 0.315313995 -0.627641976
vt 0.315313995 -0.627641976
vt 0.353877991 -0.652065992
vt 0.323112994 -0.620642006
vt 0.315313995 -0.627641976
vt 0.323112994 -0.620642006
vt 0.283609003 -0.601414979
vt 0.283609003 -0.601414979
vt 0.323112994 -0.620642006
vt 0.290522009 -0.593539
vt 0.283609003 -0.601414979
vt 0.290522009 -0.593539
vt 0.250180006 -0.580227971
vt 0.250180006 -0.580227971
vt 0.290522009 -0.593539
vt 0.255962014 -0.57148701
vt 0.250180006 -0.580227971
vt 0.255962014 -0.57148701
vt 0.215020999 -0.564334989
vt -0.215020999 -0.564334989
vt -0.255962014 -0.57148701
vt -0.255962014 -0.57148701
vt 0.215020999 -0.564334989
vt 0.255962014 -0.57148701
vt 0.219467998 -0.554844975
vt 0.219467998 -0.554844975
vt 0.255962014 -0.57148701
vt 0.260919005 -0.563992977
vt 0.219467998 -0.554844975
vt 0.260919005 -0.563992977
vt 0.223279998 -0.546709001
vt 0.274749994 0.223279998
vt 0.274749994 0.260919005
vt 0.264809996 0.264937013
vt 0.274749994 0.223279998
vt 0.264809996 0.264937013
vt 0.264809996 0.226370007
vt 0.264809996 0.226370007
vt 0.264809996 0.264937013
vt 0.254051 0.267948985
vt 0.264809996 0.226370007
vt 0.254051 0.267948985
vt 0.254051 0.228687003
vt 0.254051 0.228687003
vt 0.254051 0.267948985
vt 0.242837995 0.269933999
vt 0.254051 0.228687003
vt 0.242837995 0.269933999
vt 0.242837995 0.230213001
vt 0.242837995 0.230213001
vt 0.242837995 0.269933999
vt 0.231511995 0.270911992
vt 0.242837995 0.230213001
vt 0.231511995 0.270911992
vt 0.231511995 0.230966002
vt 0.231511995 0.230966002
vt 0.231511995 0.270911992
vt 0.220379993 0.270940006
vt 0.231511995 0.230966002
vt 0.220379993 0.270940006
vt 0.220379993 0.230986997
vt 0.220379993 0.230986997
vt 0.220379993 0.270940006
vt 0.209703997 0.270099998
vt 0.220379993 0.230986997
vt 0.209703997 0.270099998
vt 0.209703997 0.230341002
vt 0.209703997 0.230341002
vt 0.209703997 0.270099998
vt 0.199692994 0.268492997
vt 0.209703997 0.230341002
vt 0.199692994 0.268492997
vt 0.199692994 0.229104996
vt 0.199692994 0.229104996
vt 0.199692994 0.268492997
vt 0.190504998 0.266229987
vt 0.199692994 0.229104996
vt 0.190504998 0.266229987
vt 0.190504998 0.227365002
vt 0.190504998 0.227365002
vt 0.190504998 0.266229987
vt 0.182248995 0.263426989
vt 0.190504998 0.227365002
vt 0.182248995 0.263426989
vt 0.182248995 0.225208998
vt 0.182248995 0.225208998
vt 0.182248995 0.263426989
vt 0.174988002 0.260197014
vt 0.182248995 0.225208998
vt 0.174988002 0.260197014
vt 0.174988002 0.222725004
vt -0.222725004 -0.547894001
vt -0.260197014 -0.565084994
vt -0.256646991 -0.570451975
vt -0.222725004 -0.547894001
vt -0.256646991 -0.570451975
vt -0.219993994 -0.553721011
vt -0.219993994 -0.553721011
vt -0.256646991 -0.570451975
vt -0.252875 -0.576153994
vt -0.219993994 -0.553721011
vt -0.252875 -0.576153994
vt -0.217094004 -0.559912026
vt -0.217094004 -0.559912026
vt -0.252875 -0.576153994
vt -0.248969004 -0.582059026
vt -0.217094004 -0.559912026
vt -0.248969004 -0.582059026
vt -0.214090005 -0.566322982
vt -0.214090005 -0.566322982
vt -0.248969004 -0.582059026
vt -0.245003998 -0.588052988
vt -0.214090005 -0.566322982
vt -0.245003998 -0.588052988
vt -0.211040005 -0.572830975
vt -0.245003998 -0.588052988
vt -0.248969004 -0.582059026
vt -0.277420014 -0.608466983
vt -0.277420014 -0.608466983
vt -0.248969004 -0.582059026
vt -0.282160997 -0.603065014
vt -0.277420014 -0.608466983
vt -0.282160997 -0.603065014
vt -0.308331013 -0.633907974
vt -0.308331013 -0.633907974
vt -0.282160997 -0.603065014
vt -0.313679993 -0.629108012
vt -0.308331013 -0.633907974
vt -0.313679993 -0.629108012
vt -0.337958008 -0.663944006
vt -0.337958008 -0.663944006
vt -0.313679993 -0.629108012
vt -0.343717992 -0.659645975
vt -0.337958008 -0.663944006
vt -0.343717992 -0.659645975
vt -0.366512001 -0.696781993
vt -0.366512001 -0.696781993
vt -0.343717992 -0.659645975
vt -0.372429997 -0.692703009
vt -0.366512001 -0.696781993
vt -0.372429997 -0.692703009
vt -0.393382013 -0.727186024
vt -0.393382013 -0.727186024
vt -0.372429997 -0.692703009
vt -0.399102986 -0.722835004
vt -0.393382013 -0.727186024
vt -0.399102986 -0.722835004
vt -0.417448014 -0.749813974
vt -0.417448014 -0.749813974
vt -0.399102986 -0.722835004
vt -0.422601014 -0.744804025
vt -0.417448014 -0.749813974
vt -0.422601014 -0.744804025
vt -0.440073997 -0.765533984
vt -0.440073997 -0.765533984
vt -0.422601014 -0.744804025
vt -0.444397002 -0.759792984
vt -0.440073997 -0.765533984
vt -0.444397002 -0.759792984
vt -0.464789003 -0.777422011
vt -0.464789003 -0.777422011
vt -0.444397002 -0.759792984
vt -0.468181014 -0.771085024
vt -0.464789003 -0.777422011
vt -0.468181014 -0.771085024
vt -0.49564901 -0.787308991
vt -0.49564901 -0.787308991
vt -0.468181014 -0.771085024
vt -0.498225003 -0.780600011
vt -0.49564901 -0.787308991
vt -0.498225003 -0.780600011
vt -0.534280002 -0.796086013
vt -0.534280002 -0.796086013
vt -0.498225003 -0.780600011
vt -0.536462009 -0.789237976
vt -0.534280002 -0.796086013
vt -0.536462009 -0.789237976
vt -0.576349974 -0.805432975
vt -0.576349974 -0.805432975
vt -0.536462009 -0.789237976
vt -0.578772008 -0.798666
vt -0.576349974 -0.805432975
vt -0.578772008 -0.798666
vt -0.614845991 -0.817368984
vt -0.614845991 -0.817368984
vt -0.578772008 -0.798666
vt -0.618022025 -0.810922027
vt -0.614845991 -0.817368984
vt -0.618022025 -0.810922027
vt -0.647125006 -0.832648993
vt -0.647125006 -0.832648993
vt -0.618022025 -0.810922027
vt -0.651257992 -0.826770008
vt -0.647125006 -0.832648993
vt -0.651257992 -0.826770008
vt -0.674390972 -0.851686001
vt -0.674390972 -0.851686001
vt -0.651257992 -0.826770008
vt -0.651257992 -0.826770008
vt -0.674390972 -0.851686001
vt -0.651257992 -0.826770008
vt -0.679463029 -0.846593022
vt -0.679463029 -0.846593022
vt -0.651257992 -0.826770008
vt -0.655330002 -0.820977986
vt -0.679463029 -0.846593022
vt -0.655330002 -0.820977986
vt -0.684458971 -0.841576993
vt -0.684458971 -0.841576993
vt -0.655330002 -0.820977986
vt -0.659262002 -0.815384984
vt -0.684458971 -0.841576993
vt -0.659262002 -0.815384984
vt -0.689283013 -0.836732984
vt -0.689283013 -0.836732984
vt -0.659262002 -0.815384984
vt -0.662962973 -0.810121
vt -0.689283013 -0.836732984
vt -0.662962973 -0.810121
vt -0.693823993 -0.832174003
vt 0.174988002 0.693823993
vt 0.174988002 0.662962973
vt 0.182248995 0.66632998
vt 0.174988002 0.693823993
vt 0.182248995 0.66632998
vt 0.182248995 0.697956026
vt 0.182248995 0.697956026
vt 0.182248995 0.66632998
vt 0.190504998 0.669251978
vt 0.182248995 0.697956026
vt 0.190504998 0.669251978
vt 0.190504998 0.70154202
vt 0.190504998 0.70154202
vt 0.190504998 0.669251978
vt 0.199692994 0.671611011
vt 0.190504998 0.70154202
vt 0.199692994 0.671611011
vt 0.199692994 0.704436004
vt 0.199692994 0.704436004
vt 0.199692994 0.671611011
vt 0.209703997 0.673286021
vt 0.199692994 0.704436004
vt 0.209703997 0.673286021
vt 0.209703997 0.706492007
vt 0.209703997 0.706492007
vt 0.209703997 0.673286021
vt 0.220379993 0.674161971
vt 0.209703997 0.706492007
vt 0.220379993 0.674161971
vt 0.220379993 0.707566977
vt 0.220379993 0.707566977
vt 0.220379993 0.674161971
vt 0.231511995 0.674133003
vt 0.220379993 0.707566977
vt 0.231511995 0.674133003
vt 0.231511995 0.707530975
vt 0.231511995 0.707530975
vt 0.231511995 0.674133003
vt 0.242837995 0.673112988
vt 0.231511995 0.707530975
vt 0.242837995 0.673112988
vt 0.242837995 0.70627898
vt 0.242837995 0.70627898
vt 0.242837995 0.673112988
vt 0.254051 0.671043992
vt 0.242837995 0.70627898
vt 0.254051 0.671043992
vt 0.254051 0.703740001
vt 0.254051 0.703740001
vt 0.254051 0.671043992
vt 0.264809996 0.667904019
vt 0.254051 0.703740001
vt 0.264809996 0.667904019
vt 0.264809996 0.699887991
vt 0.264809996 0.699887991
vt 0.264809996 0.667904019
vt 0.274749994 0.663716018
vt 0.264809996 0.699887991
vt 0.274749994 0.663716018
vt 0.274749994 0.694747984
vt 0.694747984 -0.831246018
vt 0.663716018 -0.809050024
vt 0.658547997 -0.816399992
vt 0.694747984 -0.831246018
vt 0.658547997 -0.816399992
vt 0.688408017 -0.837611973
vt 0.658547997 -0.816399992
vt 0.663716018 -0.809050024
vt 0.623623013 -0.79955101
vt 0.623623013 -0.79955101
vt 0.663716018 -0.809050024
vt 0.627592981 -0.791490972
vt 0.623623013 -0.79955101
vt 0.627592981 -0.791490972
vt 0.583043993 -0.786732018
vt 0.583043993 -0.786732018
vt 0.627592981 -0.791490972
vt 0.586072028 -0.778271973
vt 0.583043993 -0.786732018
vt 0.586072028 -0.778271973
vt 0.540310025 -0.777159989
vt 0.540310025 -0.777159989
vt 0.586072028 -0.778271973
vt 0.543036997 -0.768598974
vt 0.540310025 -0.777159989
vt 0.543036997 -0.768598974
vt 0.502767026 -0.768765986
vt 0.502767026 -0.768765986
vt 0.543036997 -0.768598974
vt 0.505986989 -0.76037699
vt 0.502767026 -0.768765986
vt 0.505986989 -0.76037699
vt 0.474162996 -0.759909987
vt 0.474162996 -0.759909987
vt 0.505986989 -0.76037699
vt 0.478403986 -0.751989007
vt 0.474162996 -0.759909987
vt 0.478403986 -0.751989007
vt 0.452021003 -0.749666989
vt 0.452021003 -0.749666989
vt 0.478403986 -0.751989007
vt 0.457426012 -0.74248898
vt 0.452021003 -0.749666989
vt 0.457426012 -0.74248898
vt 0.431688994 -0.735967994
vt 0.431688994 -0.735967994
vt 0.457426012 -0.74248898
vt 0.438131005 -0.729704022
vt 0.431688994 -0.735967994
vt 0.438131005 -0.729704022
vt 0.409193009 -0.715162992
vt 0.409193009 -0.715162992
vt 0.438131005 -0.729704022
vt 0.416345 -0.709725022
vt 0.409193009 -0.715162992
vt 0.416345 -0.709725022
vt 0.382867992 -0.685510993
vt 0.382867992 -0.685510993
vt 0.416345 -0.709725022
vt 0.390267015 -0.680413008
vt 0.382867992 -0.685510993
vt 0.390267015 -0.680413008
vt 0.353877991 -0.652065992
vt 0.353877991 -0.652065992
vt 0.390267015 -0.680413008
vt 0.361079007 -0.646692991
vt 0.353877991 -0.652065992
vt 0.361079007 -0.646692991
vt 0.323112994 -0.620642006
vt 0.323112994 -0.620642006
vt 0.361079007 -0.646692991
vt 0.32980001 -0.614639997
vt 0.323112994 -0.620642006
vt 0.32980001 -0.614639997
vt 0.290522009 -0.593539
vt 0.290522009 -0.593539
vt 0.32980001 -0.614639997
vt 0.296449006 -0.586785972
vt 0.290522009 -0.593539
vt 0.296449006 -0.586785972
vt 0.255962014 -0.57148701
vt -0.255962014 -0.57148701
vt -0.296449006 -0.586785972
vt -0.296449006 -0.586785972
vt 0.255962014 -0.57148701
vt 0.296449006 -0.586785972
vt 0.260919005 -0.563992977
vt 0.274749994 0.260919005
vt 0.274749994 0.296449006
vt 0.264809996 0.301254004
vt 0.274749994 0.260919005
vt 0.264809996 0.301254004
vt 0.264809996 0.264937013
vt 0.264809996 0.264937013
vt 0.264809996 0.301254004
vt 0.254051 0.304854989
vt 0.264809996 0.264937013
vt 0.254051 0.304854989
vt 0.254051 0.267948985
vt 0.254051 0.267948985
vt 0.254051 0.304854989
vt 0.242837995 0.307227999
vt 0.254051 0.267948985
vt 0.242837995 0.307227999
vt 0.242837995 0.269933999
vt 0.242837995 0.269933999
vt 0.242837995 0.307227999
vt 0.231511995 0.308398008
vt 0.242837995 0.269933999
vt 0.231511995 0.308398008
vt 0.231511995 0.270911992
vt 0.231511995 0.270911992
vt 0.231511995 0.308398008
vt 0.220379993 0.308432013
vt 0.231511995 0.270911992
vt 0.220379993 0.308432013
vt 0.220379993 0.270940006
vt 0.220379993 0.270940006
vt 0.220379993 0.308432013
vt 0.209703997 0.307426989
vt 0.220379993 0.270940006
vt 0.209703997 0.307426989
vt 0.209703997 0.270099998
vt 0.209703997 0.270099998
vt 0.209703997 0.307426989
vt 0.199692994 0.305505008
vt 0.209703997 0.270099998
vt 0.199692994 0.305505008
vt 0.199692994 0.268492997
vt 0.199692994 0.268492997
vt 0.199692994 0.305505008
vt 0.190504998 0.3028
vt 0.199692994 0.268492997
vt 0.190504998 0.3028
vt 0.190504998 0.266229987
vt 0.190504998 0.266229987
vt 0.190504998 0.3028
vt 0.182248995 0.299448013
vt 0.190504998 0.266229987
vt 0.182248995 0.299448013
vt 0.182248995 0.263426989
vt 0.182248995 0.263426989
vt 0.182248995 0.299448013
vt 0.174988002 0.29558599
vt 0.182248995 0.263426989
vt 0.174988002 0.29558599
vt 0.174988002 0.260197014
vt -0.260197014 -0.565084994
vt -0.29558599 -0.587769985
vt -0.291341007 -0.592606008
vt -0.260197014 -0.565084994
vt -0.291341007 -0.592606008
vt -0.256646991 -0.570451975
vt -0.256646991 -0.570451975
vt -0.291341007 -0.592606008
vt -0.286830992 -0.597743988
vt -0.256646991 -0.570451975
vt -0.286830992 -0.597743988
vt -0.252875 -0.576153994
vt -0.252875 -0.576153994
vt -0.286830992 -0.597743988
vt -0.282160997 -0.603065014
vt -0.252875 -0.576153994
vt -0.282160997 -0.603065014
vt -0.248969004 -0.582059026
vt -0.282160997 -0.603065014
vt -0.286830992 -0.597743988
vt -0.313679993 -0.629108012
vt -0.313679993 -0.629108012
vt -0.286830992 -0.597743988
vt -0.318949014 -0.624378979
vt -0.313679993 -0.629108012
vt -0.318949014 -0.624378979
vt -0.343717992 -0.659645975
vt -0.343717992 -0.659645975
vt -0.318949014 -0.624378979
vt -0.34939301 -0.655412018
vt -0.343717992 -0.659645975
vt -0.34939301 -0.655412018
vt -0.372429997 -0.692703009
vt -0.372429997 -0.692703009
vt -0.34939301 -0.655412018
vt -0.378259987 -0.688686013
vt -0.372429997 -0.692703009
vt -0.378259987 -0.688686013
vt -0.399102986 -0.722835004
vt -0.399102986 -0.722835004
vt -0.378259987 -0.688686013
vt -0.404738992 -0.718550026
vt -0.399102986 -0.722835004
vt -0.404738992 -0.718550026
vt -0.422601014 -0.744804025
vt -0.422601014 -0.744804025
vt -0.404738992 -0.718550026
vt -0.427677006 -0.739867985
vt -0.422601014 -0.744804025
vt -0.427677006 -0.739867985
vt -0.444397002 -0.759792984
vt -0.444397002 -0.759792984
vt -0.427677006 -0.739867985
vt -0.448655993 -0.75413698
vt -0.444397002 -0.759792984
vt -0.448655993 -0.75413698
vt -0.468181014 -0.771085024
vt -0.468181014 -0.771085024
vt -0.448655993 -0.75413698
vt -0.471522987 -0.764842987
vt -0.468181014 -0.771085024
vt -0.471522987 -0.764842987
vt -0.498225003 -0.780600011
vt -0.498225003 -0.780600011
vt -0.471522987 -0.764842987
vt -0.500761986 -0.773989975
vt -0.498225003 -0.780600011
vt -0.500761986 -0.773989975
vt -0.536462009 -0.789237976
vt -0.536462009 -0.789237976
vt -0.500761986 -0.773989975
vt -0.538610995 -0.782491982
vt -0.536462009 -0.789237976
vt -0.538610995 -0.782491982
vt -0.578772008 -0.798666
vt -0.578772008 -0.798666
vt -0.538610995 -0.782491982
vt -0.581157982 -0.791999996
vt -0.578772008 -0.798666
vt -0.581157982 -0.791999996
vt -0.618022025 -0.810922027
vt -0.618022025 -0.810922027
vt -0.581157982 -0.791999996
vt -0.621150017 -0.804570019
vt -0.618022025 -0.810922027
vt -0.621150017 -0.804570019
vt -0.651257992 -0.826770008
vt -0.651257992 -0.826770008
vt -0.621150017 -0.804570019
vt -0.621150017 -0.804570019
vt -0.651257992 -0.826770008
vt -0.621150017 -0.804570019
vt -0.655330002 -0.820977986
vt -0.655330002 -0.820977986
vt -0.621150017 -0.804570019
vt -0.624171019 -0.798438013
vt -0.655330002 -0.820977986
vt -0.624171019 -0.798438013
vt -0.659262002 -0.815384984
vt -0.659262002 -0.815384984
vt -0.624171019 -0.798438013
vt -0.627014995 -0.792665005
vt -0.659262002 -0.815384984
vt -0.627014995 -0.792665005
vt -0.662962973 -0.810121
vt 0.174988002 0.662962973
vt 0.174988002 0.627014995
vt 0.182248995 0.629602015
vt 0.174988002 0.662962973
vt 0.182248995 0.629602015
vt 0.182248995 0.66632998
vt 0.182248995 0.66632998
vt 0.182248995 0.629602015
vt 0.190504998 0.631847024
vt 0.182248995 0.66632998
vt 0.190504998 0.631847024
vt 0.190504998 0.669251978
vt 0.190504998 0.669251978
vt 0.190504998 0.631847024
vt 0.199692994 0.633660018
vt 0.190504998 0.669251978
vt 0.199692994 0.633660018
vt 0.199692994 0.671611011
vt 0.199692994 0.671611011
vt 0.199692994 0.633660018
vt 0.209703997 0.634947002
vt 0.199692994 0.671611011
vt 0.209703997 0.634947002
vt 0.209703997 0.673286021
vt 0.209703997 0.673286021
vt 0.209703997 0.634947002
vt 0.220379993 0.635619998
vt 0.209703997 0.673286021
vt 0.220379993 0.635619998
vt 0.220379993 0.674161971
vt 0.220379993 0.674161971
vt 0.220379993 0.635619998
vt 0.231511995 0.635598004
vt 0.220379993 0.674161971
vt 0.231511995 0.635598004
vt 0.231511995 0.674133003
vt 0.231511995 0.674133003
vt 0.231511995 0.635598004
vt 0.242837995 0.634814024
vt 0.231511995 0.674133003
vt 0.242837995 0.634814024
vt 0.242837995 0.673112988
vt 0.242837995 0.673112988
vt 0.242837995 0.634814024
vt 0.254051 0.63322401
vt 0.242837995 0.673112988
vt 0.254051 0.63322401
vt 0.254051 0.671043992
vt 0.254051 0.671043992
vt 0.254051 0.63322401
vt 0.264809996 0.630811989
vt 0.254051 0.671043992
vt 0.264809996 0.630811989
vt 0.264809996 0.667904019
vt 0.264809996 0.667904019
vt 0.264809996 0.630811989
vt 0.274749994 0.627592981
vt 0.264809996 0.667904019
vt 0.274749994 0.627592981
vt 0.274749994 0.663716018
vt 0.274749994 0.627592981
vt 0.264809996 0.630811989
vt 0.274749994 0.586072028
vt 0.274749994 0.586072028
vt 0.264809996 0.630811989
vt 0.264809996 0.588526011
vt 0.274749994 0.586072028
vt 0.264809996 0.588526011
vt 0.274749994 0.543036997
vt 0.274749994 0.543036997
vt 0.264809996 0.588526011
vt 0.264809996 0.545247972
vt 0.274749994 0.543036997
vt 0.264809996 0.545247972
vt 0.274749994 0.505986989
vt 0.274749994 0.505986989
vt 0.264809996 0.545247972
vt 0.264809996 0.508597016
vt 0.274749994 0.505986989
vt 0.264809996 0.508597016
vt 0.274749994 0.478403986
vt 0.274749994 0.478403986
vt 0.264809996 0.508597016
vt 0.264809996 0.481840998
vt 0.274749994 0.478403986
vt 0.264809996 0.481840998
vt 0.274749994 0.457426012
vt 0.274749994 0.457426012
vt 0.264809996 0.481840998
vt 0.264809996 0.461807013
vt 0.274749994 0.457426012
vt 0.264809996 0.461807013
vt 0.274749994 0.438131005
vt 0.274749994 0.438131005
vt 0.264809996 0.461807013
vt 0.264809996 0.443352997
vt 0.274749994 0.438131005
vt 0.264809996 0.443352997
vt 0.274749994 0.416345
vt 0.274749994 0.416345
vt 0.264809996 0.443352997
vt 0.264809996 0.422143012
vt -0.274749994 -0.709725022
vt -0.264809996 -0.705316007
vt -0.274749994 -0.680413008
vt -0.274749994 -0.680413008
vt -0.264809996 -0.705316007
vt -0.264809996 -0.676280022
vt -0.274749994 -0.680413008
vt -0.264809996 -0.676280022
vt -0.274749994 -0.646692991
vt -0.274749994 -0.646692991
vt -0.264809996 -0.676280022
vt -0.264809996 -0.642337978
vt 0.361079007 -0.646692991
vt 0.366917014 -0.642337978
vt 0.32980001 -0.614639997
vt 0.32980001 -0.614639997
vt 0.366917014 -0.642337978
vt 0.335220009 -0.60977602
vt 0.274749994 0.32980001
vt 0.264809996 0.335220009
vt 0.274749994 0.296449006
vt -0.296449006 -0.586785972
vt -0.335220009 -0.60977602
vt -0.335220009 -0.60977602
vt 0.274749994 0.296449006
vt 0.264809996 0.335220009
vt 0.264809996 0.301254004
vt 0.264809996 0.301254004
vt 0.264809996 0.335220009
vt 0.254051 0.33928299
vt 0.264809996 0.301254004
vt 0.254051 0.33928299
vt 0.254051 0.304854989
vt 0.254051 0.304854989
vt 0.254051 0.33928299
vt 0.242837995 0.341960996
vt 0.254051 0.304854989
vt 0.242837995 0.341960996
vt 0.242837995 0.307227999
vt 0.242837995 0.307227999
vt 0.242837995 0.341960996
vt 0.231511995 0.343281001
vt 0.242837995 0.307227999
vt 0.231511995 0.343281001
vt 0.231511995 0.308398008
vt 0.231511995 0.308398008
vt 0.231511995 0.343281001
vt 0.220379993 0.343318999
vt 0.231511995 0.308398008
vt 0.220379993 0.343318999
vt 0.220379993 0.308432013
vt 0.220379993 0.308432013
vt 0.220379993 0.343318999
vt 0.209703997 0.342184991
vt 0.220379993 0.308432013
vt 0.209703997 0.342184991
vt 0.209703997 0.307426989
vt 0.209703997 0.307426989
vt 0.209703997 0.342184991
vt 0.199692994 0.340016991
vt 0.209703997 0.307426989
vt 0.199692994 0.340016991
vt 0.199692994 0.305505008
vt 0.199692994 0.305505008
vt 0.199692994 0.340016991
vt 0.190504998 0.336964995
vt 0.199692994 0.305505008
vt 0.190504998 0.336964995
vt 0.190504998 0.3028
vt 0.190504998 0.3028
vt 0.190504998 0.336964995
vt 0.182248995 0.333182991
vt 0.190504998 0.3028
vt 0.182248995 0.333182991
vt 0.182248995 0.299448013
vt -0.299448013 -0.583369017
vt -0.333182991 -0.611603975
vt -0.32882601 -0.615514994
vt -0.299448013 -0.583369017
vt -0.32882601 -0.615514994
vt -0.29558599 -0.587769985
vt -0.29558599 -0.587769985
vt -0.32882601 -0.615514994
vt -0.324036986 -0.619813025
vt -0.29558599 -0.587769985
vt -0.324036986 -0.619813025
vt -0.291341007 -0.592606008
vt -0.291341007 -0.592606008
vt -0.324036986 -0.619813025
vt -0.318949014 -0.624378979
vt -0.291341007 -0.592606008
vt -0.318949014 -0.624378979
vt -0.286830992 -0.597743988
vt -0.318949014 -0.624378979
vt -0.324036986 -0.619813025
vt -0.34939301 -0.655412018
vt -0.34939301 -0.655412018
vt -0.324036986 -0.619813025
vt -0.354871988 -0.651323974
vt -0.34939301 -0.655412018
vt -0.354871988 -0.651323974
vt -0.378259987 -0.688686013
vt -0.378259987 -0.688686013
vt -0.354871988 -0.651323974
vt -0.383890003 -0.684807003
vt -0.378259987 -0.688686013
vt -0.383890003 -0.684807003
vt -0.404738992 -0.718550026
vt -0.404738992 -0.718550026
vt -0.383890003 -0.684807003
vt -0.410180986 -0.714411974
vt -0.404738992 -0.718550026
vt -0.410180986 -0.714411974
vt -0.427677006 -0.739867985
vt -0.427677006 -0.739867985
vt -0.410180986 -0.714411974
vt -0.432579011 -0.735103011
vt -0.427677006 -0.739867985
vt -0.432579011 -0.735103011
vt -0.448655993 -0.75413698
vt -0.448655993 -0.75413698
vt -0.432579011 -0.735103011
vt -0.452767998 -0.748674989
vt -0.448655993 -0.75413698
vt -0.452767998 -0.748674989
vt -0.471522987 -0.764842987
vt -0.471522987 -0.764842987
vt -0.452767998 -0.748674989
vt -0.474748999 -0.758816004
vt -0.471522987 -0.764842987
vt -0.474748999 -0.758816004
vt -0.500761986 -0.773989975
vt -0.500761986 -0.773989975
vt -0.474748999 -0.758816004
vt -0.503211975 -0.767606974
vt -0.500761986 -0.773989975
vt -0.503211975 -0.767606974
vt -0.538610995 -0.782491982
vt -0.538610995 -0.782491982
vt -0.503211975 -0.767606974
vt -0.540686011 -0.775978029
vt -0.538610995 -0.782491982
vt -0.540686011 -0.775978029
vt -0.581157982 -0.791999996
vt -0.581157982 -0.791999996
vt -0.540686011 -0.775978029
vt -0.583462 -0.785562992
vt -0.581157982 -0.791999996
vt -0.583462 -0.785562992
vt -0.621150017 -0.804570019
vt -0.621150017 -0.804570019
vt -0.583462 -0.785562992
vt -0.583462 -0.785562992
vt -0.621150017 -0.804570019
vt -0.583462 -0.785562992
vt -0.624171019 -0.798438013
vt -0.624171019 -0.798438013
vt -0.583462 -0.785562992
vt -0.58563 -0.779505014
vt -0.624171019 -0.798438013
vt -0.58563 -0.779505014
vt -0.627014995 -0.792665005
vt 0.174988002 0.627014995
vt 0.174988002 0.58563
vt 0.182248995 0.587603986
vt 0.174988002 0.627014995
vt 0.182248995 0.587603986
vt 0.182248995 0.629602015
vt 0.182248995 0.629602015
vt 0.182248995 0.587603986
vt 0.190504998 0.58931601
vt 0.182248995 0.629602015
vt 0.190504998 0.58931601
vt 0.190504998 0.631847024
vt 0.190504998 0.631847024
vt 0.190504998 0.58931601
vt 0.199692994 0.590698004
vt 0.190504998 0.631847024
vt 0.199692994 0.590698004
vt 0.199692994 0.633660018
vt 0.199692994 0.633660018
vt 0.199692994 0.590698004
vt 0.209703997 0.59167999
vt 0.199692994 0.633660018
vt 0.209703997 0.59167999
vt 0.209703997 0.634947002
vt 0.209703997 0.634947002
vt 0.209703997 0.59167999
vt 0.220379993 0.592193007
vt 0.209703997 0.634947002
vt 0.220379993 0.592193007
vt 0.220379993 0.635619998
vt 0.220379993 0.635619998
vt 0.220379993 0.592193007
vt 0.231511995 0.59217602
vt 0.220379993 0.635619998
vt 0.231511995 0.59217602
vt 0.231511995 0.635598004
vt 0.231511995 0.635598004
vt 0.231511995 0.59217602
vt 0.242837995 0.591578007
vt 0.231511995 0.635598004
vt 0.242837995 0.591578007
vt 0.242837995 0.634814024
vt 0.242837995 0.634814024
vt 0.242837995 0.591578007
vt 0.254051 0.590366006
vt 0.242837995 0.634814024
vt 0.254051 0.590366006
vt 0.254051 0.63322401
vt 0.254051 0.63322401
vt 0.254051 0.590366006
vt 0.264809996 0.588526011
vt 0.254051 0.63322401
vt 0.264809996 0.588526011
vt 0.264809996 0.630811989
vt 0.264809996 0.588526011
vt 0.254051 0.590366006
vt 0.264809996 0.545247972
vt 0.264809996 0.545247972
vt 0.254051 0.590366006
vt 0.254051 0.546904981
vt 0.264809996 0.545247972
vt 0.254051 0.546904981
vt 0.264809996 0.508597016
vt 0.264809996 0.508597016
vt 0.254051 0.546904981
vt 0.254051 0.510553002
vt 0.264809996 0.508597016
vt 0.254051 0.510553002
vt 0.264809996 0.481840998
vt 0.264809996 0.481840998
vt 0.254051 0.510553002
vt 0.254051 0.484418005
vt 0.264809996 0.481840998
vt 0.254051 0.484418005
vt 0.264809996 0.461807013
vt 0.264809996 0.461807013
vt 0.254051 0.484418005
vt 0.254051 0.465090007
vt 0.264809996 0.461807013
vt 0.254051 0.465090007
vt 0.264809996 0.443352997
vt 0.264809996 0.443352997
vt 0.254051 0.465090007
vt 0.254051 0.447266996
vt 0.264809996 0.443352997
vt 0.254051 0.447266996
vt 0.264809996 0.422143012
vt 0.264809996 0.422143012
vt 0.254051 0.447266996
vt 0.254051 0.426488012
vt -0.264809996 -0.705316007
vt -0.254051 -0.702012002
vt -0.264809996 -0.676280022
vt -0.264809996 -0.676280022
vt -0.254051 -0.702012002
vt -0.254051 -0.673183024
vt -0.264809996 -0.676280022
vt -0.254051 -0.673183024
vt -0.264809996 -0.642337978
vt -0.264809996 -0.642337978
vt -0.254051 -0.673183024
vt -0.254051 -0.639074028
vt -0.264809996 -0.642337978
vt -0.254051 -0.639074028
vt -0.264809996 -0.60977602
vt -0.335220009 -0.60977602
vt -0.371291995 -0.639074028
vt -0.371291995 -0.639074028
vt -0.264809996 -0.60977602
vt -0.254051 -0.639074028
vt -0.254051 -0.606128991
vt -0.254051 -0.606128991
vt -0.254051 -0.639074028
vt -0.242837995 -0.636922002
vt -0.254051 -0.606128991
vt -0.242837995 -0.636922002
vt -0.242837995 -0.603726983
vt -0.242837995 -0.603726983
vt -0.242837995 -0.636922002
vt -0.231511995 -0.635861993
vt -0.242837995 -0.603726983
vt -0.231511995 -0.635861993
vt -0.231511995 -0.602541983
vt -0.231511995 -0.602541983
vt -0.231511995 -0.635861993
vt -0.220379993 -0.635830998
vt -0.231511995 -0.602541983
vt -0.220379993 -0.635830998
vt -0.220379993 -0.602508008
vt -0.220379993 -0.602508008
vt -0.220379993 -0.635830998
vt -0.209703997 -0.636741996
vt -0.220379993 -0.602508008
vt -0.209703997 -0.636741996
vt -0.209703997 -0.603524983
vt -0.209703997 -0.603524983
vt -0.209703997 -0.636741996
vt -0.199692994 -0.638484001
vt -0.209703997 -0.603524983
vt -0.199692994 -0.638484001
vt -0.199692994 -0.605471015
vt -0.199692994 -0.605471015
vt -0.199692994 -0.638484001
vt -0.190504998 -0.640936017
vt -0.199692994 -0.605471015
vt -0.190504998 -0.640936017
vt -0.190504998 -0.608210027
vt -0.190504998 -0.608210027
vt -0.190504998 -0.640936017
vt -0.182248995 -0.643975019
vt -0.190504998 -0.608210027
vt -0.182248995 -0.643975019
vt -0.182248995 -0.611603975
vt -0.333182991 -0.611603975
vt -0.364722997 -0.643975019
vt -0.360029995 -0.647476017
vt -0.333182991 -0.611603975
vt -0.360029995 -0.647476017
vt -0.32882601 -0.615514994
vt -0.32882601 -0.615514994
vt -0.360029995 -0.647476017
vt -0.354871988 -0.651323974
vt -0.32882601 -0.615514994
vt -0.354871988 -0.651323974
vt -0.324036986 -0.619813025
vt -0.354871988 -0.651323974
vt -0.360029995 -0.647476017
vt -0.383890003 -0.684807003
vt -0.383890003 -0.684807003
vt -0.360029995 -0.647476017
vt -0.389187992 -0.68115598
vt -0.383890003 -0.684807003
vt -0.389187992 -0.68115598
vt -0.410180986 -0.714411974
vt -0.410180986 -0.714411974
vt -0.389187992 -0.68115598
vt -0.415302992 -0.710516989
vt -0.410180986 -0.714411974
vt -0.415302992 -0.710516989
vt -0.432579011 -0.735103011
vt -0.432579011 -0.735103011
vt -0.415302992 -0.710516989
vt -0.437193006 -0.730616987
vt -0.432579011 -0.735103011
vt -0.437193006 -0.730616987
vt -0.452767998 -0.748674989
vt -0.452767998 -0.748674989
vt -0.437193006 -0.730616987
vt -0.456638008 -0.743534982
vt -0.452767998 -0.748674989
vt -0.456638008 -0.743534982
vt -0.474748999 -0.758816004
vt -0.474748999 -0.758816004
vt -0.456638008 -0.743534982
vt -0.477786005 -0.753143013
vt -0.474748999 -0.758816004
vt -0.477786005 -0.753143013
vt -0.503211975 -0.767606974
vt -0.503211975 -0.767606974
vt -0.477786005 -0.753143013
vt -0.505517006 -0.761600018
vt -0.503211975 -0.767606974
vt -0.505517006 -0.761600018
vt -0.540686011 -0.775978029
vt -0.540686011 -0.775978029
vt -0.505517006 -0.761600018
vt -0.542639971 -0.769846976
vt -0.540686011 -0.775978029
vt -0.542639971 -0.769846976
vt -0.583462 -0.785562992
vt -0.583462 -0.785562992
vt -0.542639971 -0.769846976
vt -0.542639971 -0.769846976
vt -0.583462 -0.785562992
vt -0.542639971 -0.769846976
vt -0.58563 -0.779505014
vt 0.174988002 0.58563
vt 0.174988002 0.542639971
vt 0.182248995 0.544417024
vt 0.174988002 0.58563
vt 0.182248995 0.544417024
vt 0.182248995 0.587603986
vt 0.182248995 0.587603986
vt 0.182248995 0.544417024
vt 0.190504998 0.545958996
vt 0.182248995 0.587603986
vt 0.190504998 0.545958996
vt 0.190504998 0.58931601
vt 0.190504998 0.58931601
vt 0.190504998 0.545958996
vt 0.199692994 0.547204018
vt 0.190504998 0.58931601
vt 0.199692994 0.547204018
vt 0.199692994 0.590698004
vt 0.199692994 0.590698004
vt 0.199692994 0.547204018
vt 0.209703997 0.548089027
vt 0.199692994 0.590698004
vt 0.209703997 0.548089027
vt 0.209703997 0.59167999
vt 0.209703997 0.59167999
vt 0.209703997 0.548089027
vt 0.220379993 0.548551023
vt 0.209703997 0.59167999
vt 0.220379993 0.548551023
vt 0.220379993 0.592193007
vt 0.220379993 0.592193007
vt 0.220379993 0.548551023
vt 0.231511995 0.548534989
vt 0.220379993 0.592193007
vt 0.231511995 0.548534989
vt 0.231511995 0.59217602
vt 0.231511995 0.59217602
vt 0.231511995 0.548534989
vt 0.242837995 0.547996998
vt 0.231511995 0.59217602
vt 0.242837995 0.547996998
vt 0.242837995 0.591578007
vt 0.242837995 0.591578007
vt 0.242837995 0.547996998
vt 0.254051 0.546904981
vt 0.242837995 0.591578007
vt 0.254051 0.546904981
vt 0.254051 0.590366006
vt 0.254051 0.546904981
vt 0.242837995 0.547996998
vt 0.254051 0.510553002
vt 0.254051 0.510553002
vt 0.242837995 0.547996998
vt 0.242837995 0.511842012
vt 0.254051 0.510553002
vt 0.242837995 0.511842012
vt 0.254051 0.484418005
vt 0.254051 0.484418005
vt 0.242837995 0.511842012
vt 0.242837995 0.486115992
vt 0.254051 0.484418005
vt 0.242837995 0.486115992
vt 0.254051 0.465090007
vt 0.254051 0.465090007
vt 0.242837995 0.486115992
vt 0.242837995 0.467254013
vt 0.254051 0.465090007
vt 0.242837995 0.467254013
vt 0.254051 0.447266996
vt 0.254051 0.447266996
vt 0.242837995 0.467254013
vt 0.242837995 0.449847013
vt 0.254051 0.447266996
vt 0.242837995 0.449847013
vt 0.254051 0.426488012
vt 0.254051 0.426488012
vt 0.242837995 0.449847013
vt 0.242837995 0.429351985
vt -0.254051 -0.702012002
vt -0.242837995 -0.699835002
vt -0.254051 -0.673183024
vt -0.254051 -0.673183024
vt -0.242837995 -0.699835002
vt -0.242837995 -0.671141028
vt -0.254051 -0.673183024
vt -0.242837995 -0.671141028
vt -0.254051 -0.639074028
vt -0.371291995 -0.639074028
vt -0.403721005 -0.671141028
vt -0.403721005 -0.671141028
vt -0.254051 -0.639074028
vt -0.242837995 -0.671141028
vt -0.242837995 -0.636922002
vt -0.242837995 -0.636922002
vt -0.242837995 -0.671141028
vt -0.231511995 -0.670135021
vt -0.242837995 -0.636922002
vt -0.231511995 -0.670135021
vt -0.231511995 -0.635861993
vt -0.231511995 -0.635861993
vt -0.231511995 -0.670135021
vt -0.220379993 -0.670105994
vt -0.231511995 -0.635861993
vt -0.220379993 -0.670105994
vt -0.220379993 -0.635830998
vt -0.220379993 -0.635830998
vt -0.220379993 -0.670105994
vt -0.209703997 -0.670970023
vt -0.220379993 -0.635830998
vt -0.209703997 -0.670970023
vt -0.209703997 -0.636741996
vt -0.209703997 -0.636741996
vt -0.209703997 -0.670970023
vt -0.199692994 -0.672622979
vt -0.209703997 -0.636741996
vt -0.199692994 -0.672622979
vt -0.199692994 -0.638484001
vt -0.199692994 -0.638484001
vt -0.199692994 -0.672622979
vt -0.190504998 -0.674950004
vt -0.199692994 -0.638484001
vt -0.190504998 -0.674950004
vt -0.190504998 -0.640936017
vt -0.190504998 -0.640936017
vt -0.190504998 -0.674950004
vt -0.182248995 -0.677833021
vt -0.190504998 -0.640936017
vt -0.182248995 -0.677833021
vt -0.182248995 -0.643975019
vt -0.364722997 -0.643975019
vt -0.394010007 -0.677833021
vt -0.389187992 -0.68115598
vt -0.364722997 -0.643975019
vt -0.389187992 -0.68115598
vt -0.360029995 -0.647476017
vt -0.389187992 -0.68115598
vt -0.394010007 -0.677833021
vt -0.415302992 -0.710516989
vt -0.415302992 -0.710516989
vt -0.394010007 -0.677833021
vt -0.419963986 -0.706973016
vt -0.415302992 -0.710516989
vt -0.419963986 -0.706973016
vt -0.437193006 -0.730616987
vt -0.437193006 -0.730616987
vt -0.419963986 -0.706973016
vt -0.441390991 -0.726535022
vt 0.174988002 0.437193006
vt 0.182248995 0.441390991
vt 0.174988002 0.456638008
vt 0.174988002 0.456638008
vt 0.182248995 0.441390991
vt 0.182248995 0.460159987
vt 0.174988002 0.456638008
vt 0.182248995 0.460159987
vt 0.174988002 0.477786005
vt 0.174988002 0.477786005
vt 0.182248995 0.460159987
vt 0.182248995 0.480549008
vt 0.174988002 0.477786005
vt 0.182248995 0.480549008
vt 0.174988002 0.505517006
vt 0.174988002 0.505517006
vt 0.182248995 0.480549008
vt 0.182248995 0.507615983
vt 0.174988002 0.505517006
vt 0.182248995 0.507615983
vt 0.174988002 0.542639971
vt -0.542639971 -0.769846976
vt -0.507615983 -0.756133974
vt -0.507615983 -0.756133974
vt 0.174988002 0.542639971
vt 0.182248995 0.507615983
vt 0.182248995 0.544417024
vt 0.182248995 0.544417024
vt 0.182248995 0.507615983
vt 0.190504998 0.509436011
vt 0.182248995 0.544417024
vt 0.190504998 0.509436011
vt 0.190504998 0.545958996
vt 0.190504998 0.545958996
vt 0.190504998 0.509436011
vt 0.199692994 0.510905981
vt 0.190504998 0.545958996
vt 0.199692994 0.510905981
vt 0.199692994 0.547204018
vt 0.199692994 0.547204018
vt 0.199692994 0.510905981
vt 0.209703997 0.511950016
vt 0.199692994 0.547204018
vt 0.209703997 0.511950016
vt 0.209703997 0.548089027
vt 0.209703997 0.548089027
vt 0.209703997 0.511950016
vt 0.220379993 0.512495995
vt 0.209703997 0.548089027
vt 0.220379993 0.512495995
vt 0.220379993 0.548551023
vt 0.220379993 0.548551023
vt 0.220379993 0.512495995
vt 0.231511995 0.512477994
vt 0.220379993 0.548551023
vt 0.231511995 0.512477994
vt 0.231511995 0.548534989
vt 0.231511995 0.548534989
vt 0.231511995 0.512477994
vt 0.242837995 0.511842012
vt 0.231511995 0.548534989
vt 0.242837995 0.511842012
vt 0.242837995 0.547996998
vt 0.242837995 0.511842012
vt 0.231511995 0.512477994
vt 0.242837995 0.486115992
vt 0.242837995 0.486115992
vt 0.231511995 0.512477994
vt 0.231511995 0.48695299
vt 0.242837995 0.486115992
vt 0.231511995 0.48695299
vt 0.242837995 0.467254013
vt 0.242837995 0.467254013
vt 0.231511995 0.48695299
vt 0.231511995 0.468320996
vt 0.242837995 0.467254013
vt 0.231511995 0.468320996
vt 0.242837995 0.449847013
vt 0.242837995 0.449847013
vt 0.231511995 0.468320996
vt 0.231511995 0.451117992
vt 0.242837995 0.449847013
vt 0.231511995 0.451117992
vt 0.242837995 0.429351985
vt 0.242837995 0.429351985
vt 0.231511995 0.451117992
vt 0.231511995 0.43076399
vt -0.242837995 -0.699835002
vt -0.231511995 -0.698760986
vt -0.242837995 -0.671141028
vt -0.403721005 -0.671141028
vt -0.43076399 -0.698760986
vt -0.43076399 -0.698760986
vt -0.242837995 -0.671141028
vt -0.231511995 -0.698760986
vt -0.231511995 -0.670135021
vt -0.231511995 -0.670135021
vt -0.231511995 -0.698760986
vt -0.220379993 -0.698729992
vt -0.231511995 -0.670135021
vt -0.220379993 -0.698729992
vt -0.220379993 -0.670105994
vt -0.220379993 -0.670105994
vt -0.220379993 -0.698729992
vt -0.209703997 -0.699652016
vt -0.220379993 -0.670105994
vt -0.209703997 -0.699652016
vt -0.209703997 -0.670970023
vt -0.209703997 -0.670970023
vt -0.209703997 -0.699652016
vt -0.199692994 -0.701415002
vt -0.209703997 -0.670970023
vt -0.199692994 -0.701415002
vt -0.199692994 -0.672622979
vt -0.199692994 -0.672622979
vt -0.199692994 -0.701415002
vt -0.190504998 -0.703898013
vt -0.199692994 -0.672622979
vt -0.190504998 -0.703898013
vt -0.190504998 -0.674950004
vt -0.190504998 -0.674950004
vt -0.190504998 -0.703898013
vt -0.182248995 -0.706973016
vt -0.190504998 -0.674950004
vt -0.182248995 -0.706973016
vt -0.182248995 -0.677833021
vt 0.182248995 0.419963986
vt 0.190504998 0.424008012
vt 0.182248995 0.441390991
vt 0.182248995 0.441390991
vt 0.190504998 0.424008012
vt 0.190504998 0.445033997
vt 0.182248995 0.441390991
vt 0.190504998 0.445033997
vt 0.182248995 0.460159987
vt 0.182248995 0.460159987
vt 0.190504998 0.445033997
vt 0.190504998 0.46321699
vt 0.182248995 0.460159987
vt 0.190504998 0.46321699
vt 0.182248995 0.480549008
vt 0.182248995 0.480549008
vt 0.190504998 0.46321699
vt 0.190504998 0.482946992
vt 0.182248995 0.480549008
vt 0.190504998 0.482946992
vt 0.182248995 0.507615983
vt -0.507615983 -0.756133974
vt -0.482946992 -0.743502021
vt -0.482946992 -0.743502021
vt 0.182248995 0.507615983
vt 0.190504998 0.482946992
vt 0.190504998 0.509436011
vt 0.190504998 0.509436011
vt 0.190504998 0.482946992
vt 0.199692994 0.48488301
vt 0.190504998 0.509436011
vt 0.199692994 0.48488301
vt 0.199692994 0.510905981
vt 0.199692994 0.510905981
vt 0.199692994 0.48488301
vt 0.209703997 0.486258
vt 0.199692994 0.510905981
vt 0.209703997 0.486258
vt 0.209703997 0.511950016
vt 0.209703997 0.511950016
vt 0.209703997 0.486258
vt 0.220379993 0.486977011
vt 0.209703997 0.511950016
vt 0.220379993 0.486977011
vt 0.220379993 0.512495995
vt 0.220379993 0.512495995
vt 0.220379993 0.486977011
vt 0.231511995 0.48695299
vt 0.220379993 0.512495995
vt 0.231511995 0.48695299
vt 0.231511995 0.512477994
vt 0.231511995 0.48695299
vt 0.220379993 0.486977011
vt 0.231511995 0.468320996
vt 0.231511995 0.468320996
vt 0.220379993 0.486977011
vt 0.220379993 0.46835199
vt 0.231511995 0.468320996
vt 0.220379993 0.46835199
vt 0.231511995 0.451117992
vt 0.231511995 0.451117992
vt 0.220379993 0.46835199
vt 0.220379993 0.451155007
vt 0.231511995 0.451117992
vt 0.220379993 0.451155007
vt 0.231511995 0.43076399
vt -0.43076399 -0.698760986
vt -0.451155007 -0.717042029
vt -0.451155007 -0.717042029
vt 0.231511995 0.43076399
vt 0.220379993 0.451155007
vt 0.220379993 0.430804014
vt 0.220379993 0.430804014
vt 0.220379993 0.451155007
vt 0.209703997 0.45006299
vt 0.220379993 0.430804014
vt 0.209703997 0.45006299
vt 0.209703997 0.429592013
vt 0.209703997 0.429592013
vt 0.209703997 0.45006299
vt 0.199692994 0.447973996
vt 0.209703997 0.429592013
vt 0.199692994 0.447973996
vt 0.199692994 0.427273005
vt 0.199692994 0.427273005
vt 0.199692994 0.447973996
vt 0.190504998 0.445033997
vt 0.199692994 0.427273005
vt 0.190504998 0.445033997
vt 0.190504998 0.424008012
vt 0.190504998 0.445033997
vt 0.199692994 0.447973996
vt 0.190504998 0.46321699
vt 0.190504998 0.46321699
vt 0.199692994 0.447973996
vt 0.199692994 0.465683997
vt 0.190504998 0.46321699
vt 0.199692994 0.465683997
vt 0.190504998 0.482946992
vt -0.482946992 -0.743502021
vt -0.465683997 -0.73152101
vt -0.465683997 -0.73152101
vt 0.190504998 0.482946992
vt 0.199692994 0.465683997
vt 0.199692994 0.48488301
vt 0.199692994 0.48488301
vt 0.199692994 0.465683997
vt 0.209703997 0.467435986
vt 0.199692994 0.48488301
vt 0.209703997 0.467435986
vt 0.209703997 0.486258
vt 0.209703997 0.486258
vt 0.209703997 0.467435986
vt 0.220379993 0.46835199
vt 0.209703997 0.486258
vt 0.220379993 0.46835199
vt 0.220379993 0.486977011
vt 0.220379993 0.46835199
vt 0.209703997 0.467435986
vt 0.220379993 0.451155007
vt -0.451155007 -0.717042029
vt -0.467435986 -0.729193985
vt -0.467435986 -0.729193985
vt 0.220379993 0.451155007
vt 0.209703997 0.467435986
vt 0.209703997 0.45006299
vt 0.209703997 0.45006299
vt 0.209703997 0.467435986
vt 0.199692994 0.465683997
vt 0.209703997 0.45006299
vt 0.199692994 0.465683997
vt 0.199692994 0.447973996
vt -0.101499997 -0.502110004
vt -0.101499997 -0.664789021
vt -0.0615000017 -0.502110004
vt -0.0615000017 -0.502110004
vt -0.101499997 -0.664789021
vt -0.0615000017 -0.664789021
vt 0.0615000017 -0.502110004
vt 0.0615000017 -0.664789021
vt 0.101499997 -0.502110004
vt 0.101499997 -0.502110004
vt 0.0615000017 -0.664789021
vt 0.101499997 -0.664789021
vt -0.148337007 0.101499997
vt -0.298337013 0.101499997
vt -0.148337007 0.0615000017
vt -0.148337007 0.0615000017
vt -0.298337013 0.101499997
vt -0.298337013 0.0615000017
vt -0.171309993 -0.535369992
vt -0.166648999 -0.540749013
vt -0.0983370021 -0.502110004
vt -0.0983370021 -0.502110004
vt -0.166648999 -0.540749013
vt -0.162499994 -0.546579003
vt -0.101499997 -0.502110004
vt -0.101499997 -0.546579003
vt -0.101499997 -0.502110004
vt -0.0983370021 -0.502110004
vt -0.162499994 -0.546579003
vt -0.158937007 -0.552752972
vt -0.101499997 -0.502110004
vt -0.101499997 -0.552752972
vt -0.101499997 -0.502110004
vt -0.0983370021 -0.502110004
vt -0.158937007 -0.552752972
vt -0.155971006 -0.559249997
vt -0.101499997 -0.502110004
vt -0.101499997 -0.559249997
vt -0.101499997 -0.502110004
vt -0.0983370021 -0.502110004
vt -0.155971006 -0.559249997
vt -0.153638005 -0.565998971
vt -0.101499997 -0.502110004
vt -0.101499997 -0.565998971
vt -0.101499997 -0.502110004
vt -0.0983370021 -0.502110004
vt -0.153638005 -0.565998971
vt -0.151958004 -0.572924018
vt -0.101499997 -0.502110004
vt -0.101499997 -0.572924018
vt -0.101499997 -0.502110004
vt -0.0983370021 -0.502110004
vt -0.151958004 -0.572924018
vt -0.150946006 -0.579961002
vt -0.101499997 -0.502110004
vt -0.101499997 -0.579961002
vt -0.101499997 -0.502110004
vt -0.0983370021 -0.502110004
vt -0.150946006 -0.579961002
vt -0.150603995 -0.587109983
vt -0.101499997 -0.502110004
vt -0.101499997 -0.587109983
vt -0.101499997 -0.502110004
vt -0.0983370021 -0.502110004
vt -0.150603995 -0.587109983
vt -0.150946006 -0.59425801
vt -0.101499997 -0.502110004
vt -0.101499997 -0.59425801
vt -0.101499997 -0.502110004
vt -0.0983370021 -0.502110004
vt -0.150946006 -0.59425801
vt -0.151962996 -0.601315975
vt -0.0983370021 -0.502110004
vt -0.151962996 -0.601315975
vt -0.148337007 -0.664789021
vt -0.148337007 -0.664789021
vt -0.151962996 -0.601315975
vt -0.153646007 -0.608253002
vt -0.101499997 -0.664789021
vt -0.101499997 -0.608253002
vt -0.101499997 -0.664789021
vt -0.148337007 -0.664789021
vt -0.153646007 -0.608253002
vt -0.155984998 -0.615001976
vt -0.101499997 -0.664789021
vt -0.101499997 -0.615001976
vt -0.101499997 -0.664789021
vt -0.148337007 -0.664789021
vt -0.155984998 -0.615001976
vt -0.158943996 -0.621482015
vt -0.101499997 -0.664789021
vt -0.101499997 -0.621482015
vt -0.101499997 -0.664789021
vt -0.148337007 -0.664789021
vt -0.158943996 -0.621482015
vt -0.162523001 -0.627674997
vt -0.101499997 -0.664789021
vt -0.101499997 -0.627674997
vt -0.101499997 -0.664789021
vt -0.148337007 -0.664789021
vt -0.162523001 -0.627674997
vt -0.166651994 -0.633473992
vt -0.101499997 -0.664789021
vt -0.101499997 -0.633473992
vt -0.101499997 -0.664789021
vt -0.148337007 -0.664789021
vt -0.166651994 -0.633473992
vt -0.171338007 -0.638877988
vt -0.101499997 -0.664789021
vt -0.101499997 -0.638877988
vt -0.101499997 -0.664789021
vt -0.148337007 -0.664789021
vt -0.171338007 -0.638877988
vt -0.176502004 -0.64380002
vt -0.101499997 -0.664789021
vt -0.101499997 -0.64380002
vt -0.101499997 -0.664789021
vt -0.148337007 -0.664789021
vt -0.176502004 -0.64380002
vt -0.182109997 -0.648209989
vt -0.101499997 -0.664789021
vt -0.101499997 -0.648209989
vt -0.101499997 -0.664789021
vt -0.148337007 -0.664789021
vt -0.182109997 -0.648209989
vt -0.188123003 -0.652069986
vt -0.101499997 -0.664789021
vt -0.101499997 -0.652069986
vt -0.101499997 -0.664789021
vt -0.148337007 -0.664789021
vt -0.188123003 -0.652069986
vt -0.194453001 -0.655333996
vt -0.101499997 -0.664789021
vt -0.101499997 -0.655333996
vt -0.101499997 -0.664789021
vt -0.148337007 -0.664789021
vt -0.194453001 -0.655333996
vt -0.201094002 -0.657989979
vt -0.101499997 -0.664789021
vt -0.101499997 -0.657989979
vt -0.101499997 -0.664789021
vt -0.148337007 -0.664789021
vt -0.201094002 -0.657989979
vt -0.207928002 -0.659995973
vt -0.101499997 -0.664789021
vt -0.101499997 -0.659995973
vt -0.101499997 -0.664789021
vt -0.148337007 -0.664789021
vt -0.207928002 -0.659995973
vt -0.214947999 -0.661347985
vt -0.101499997 -0.664789021
vt -0.101499997 -0.661347985
vt -0.101499997 -0.664789021
vt -0.148337007 -0.664789021
vt -0.214947999 -0.661347985
vt -0.222051993 -0.662024021
vt -0.148337007 -0.664789021
vt -0.222051993 -0.662024021
vt -0.298337013 -0.664789021
vt -0.298337013 -0.664789021
vt -0.222051993 -0.662024021
vt -0.229184002 -0.662024021
vt -0.101499997 -0.664789021
vt -0.101499997 -0.662024021
vt -0.101499997 -0.664789021
vt -0.298337013 -0.664789021
vt -0.229184002 -0.662024021
vt -0.236297995 -0.661341012
vt -0.101499997 -0.664789021
vt -0.101499997 -0.661341012
vt -0.101499997 -0.664789021
vt -0.298337013 -0.664789021
vt -0.236297995 -0.661341012
vt -0.243288994 -0.659995019
vt -0.101499997 -0.664789021
vt -0.101499997 -0.659995019
vt -0.101499997 -0.664789021
vt -0.298337013 -0.664789021
vt -0.243288994 -0.659995019
vt -0.250153005 -0.657976985
vt -0.101499997 -0.664789021
vt -0.101499997 -0.657976985
vt -0.101499997 -0.664789021
vt -0.298337013 -0.664789021
vt -0.250153005 -0.657976985
vt -0.256767988 -0.655327022
vt -0.101499997 -0.664789021
vt -0.101499997 -0.655327022
vt -0.101499997 -0.664789021
vt -0.298337013 -0.664789021
vt -0.256767988 -0.655327022
vt -0.263117999 -0.652052999
vt -0.101499997 -0.664789021
vt -0.101499997 -0.652052999
vt -0.101499997 -0.664789021
vt -0.298337013 -0.664789021
vt -0.263117999 -0.652052999
vt -0.269122005 -0.648190975
vt -0.101499997 -0.664789021
vt -0.101499997 -0.648190975
vt -0.101499997 -0.664789021
vt -0.298337013 -0.664789021
vt -0.269122005 -0.648190975
vt -0.274726003 -0.643783987
vt -0.101499997 -0.664789021
vt -0.101499997 -0.643783987
vt -0.101499997 -0.664789021
vt -0.298337013 -0.664789021
vt -0.274726003 -0.643783987
vt -0.279897988 -0.63884902
vt -0.101499997 -0.664789021
vt -0.101499997 -0.63884902
vt -0.101499997 -0.664789021
vt -0.298337013 -0.664789021
vt -0.279897988 -0.63884902
vt -0.284559011 -0.633469999
vt -0.101499997 -0.664789021
vt -0.101499997 -0.633469999
vt -0.101499997 -0.664789021
vt -0.298337013 -0.664789021
vt -0.284559011 -0.633469999
vt -0.288708001 -0.627640009
vt -0.101499997 -0.664789021
vt -0.101499997 -0.627640009
vt -0.101499997 -0.664789021
vt -0.298337013 -0.664789021
vt -0.288708001 -0.627640009
vt -0.292270988 -0.621465981
vt -0.101499997 -0.664789021
vt -0.101499997 -0.621465981
vt -0.101499997 -0.664789021
vt -0.298337013 -0.664789021
vt -0.292270988 -0.621465981
vt -0.295237005 -0.614970028
vt -0.101499997 -0.664789021
vt -0.101499997 -0.614970028
vt -0.101499997 -0.664789021
vt -0.298337013 -0.664789021
vt -0.295237005 -0.614970028
vt -0.29756999 -0.608220994
vt -0.101499997 -0.664789021
vt -0.101499997 -0.608220994
vt -0.101499997 -0.664789021
vt -0.298337013 -0.664789021
vt -0.29756999 -0.608220994
vt -0.299250007 -0.601294994
vt -0.298337013 -0.664789021
vt -0.299250007 -0.601294994
vt -0.348336995 -0.502110004
vt -0.348336995 -0.502110004
vt -0.299250007 -0.601294994
vt -0.300260991 -0.59425801
vt -0.101499997 -0.502110004
vt -0.101499997 -0.59425801
vt -0.101499997 -0.502110004
vt -0.348336995 -0.502110004
vt -0.300260991 -0.59425801
vt -0.300603986 -0.587109983
vt -0.101499997 -0.502110004
vt -0.101499997 -0.587109983
vt -0.101499997 -0.502110004
vt -0.348336995 -0.502110004
vt -0.300603986 -0.587109983
vt -0.300260991 -0.579961002
vt -0.101499997 -0.502110004
vt -0.101499997 -0.579961002
vt -0.101499997 -0.502110004
vt -0.348336995 -0.502110004
vt -0.300260991 -0.579961002
vt -0.299245 -0.572902977
vt -0.101499997 -0.502110004
vt -0.101499997 -0.572902977
vt -0.101499997 -0.502110004
vt -0.348336995 -0.502110004
vt -0.299245 -0.572902977
vt -0.29756099 -0.56596601
vt -0.101499997 -0.502110004
vt -0.101499997 -0.56596601
vt -0.101499997 -0.502110004
vt -0.348336995 -0.502110004
vt -0.29756099 -0.56596601
vt -0.295222014 -0.559216976
vt -0.101499997 -0.502110004
vt -0.101499997 -0.559216976
vt -0.101499997 -0.502110004
vt -0.348336995 -0.502110004
vt -0.295222014 -0.559216976
vt -0.292263001 -0.552736998
vt -0.101499997 -0.502110004
vt -0.101499997 -0.552736998
vt -0.101499997 -0.502110004
vt -0.348336995 -0.502110004
vt -0.292263001 -0.552736998
vt -0.288684994 -0.546544015
vt -0.101499997 -0.502110004
vt -0.101499997 -0.546544015
vt -0.101499997 -0.502110004
vt -0.348336995 -0.502110004
vt -0.288684994 -0.546544015
vt -0.284556001 -0.54074502
vt -0.101499997 -0.502110004
vt -0.101499997 -0.54074502
vt -0.101499997 -0.502110004
vt -0.348336995 -0.502110004
vt -0.284556001 -0.54074502
vt -0.279870003 -0.535341024
vt -0.101499997 -0.502110004
vt -0.101499997 -0.535341024
vt -0.101499997 -0.502110004
vt -0.348336995 -0.502110004
vt -0.279870003 -0.535341024
vt -0.274706006 -0.530420005
vt -0.101499997 -0.502110004
vt -0.101499997 -0.530420005
vt -0.101499997 -0.502110004
vt -0.348336995 -0.502110004
vt -0.274706006 -0.530420005
vt -0.269098014 -0.526009023
vt -0.101499997 -0.502110004
vt -0.101499997 -0.526009023
vt -0.101499997 -0.502110004
vt -0.348336995 -0.502110004
vt -0.269098014 -0.526009023
vt -0.263085008 -0.522149026
vt -0.101499997 -0.502110004
vt -0.101499997 -0.522149026
vt -0.101499997 -0.502110004
vt -0.348336995 -0.502110004
vt -0.263085008 -0.522149026
vt -0.256754994 -0.518885016
vt -0.101499997 -0.502110004
vt -0.101499997 -0.518885016
vt -0.101499997 -0.502110004
vt -0.348336995 -0.502110004
vt -0.256754994 -0.518885016
vt -0.25011301 -0.516228974
vt -0.101499997 -0.502110004
vt -0.101499997 -0.516228974
vt -0.101499997 -0.502110004
vt -0.348336995 -0.502110004
vt -0.25011301 -0.516228974
vt -0.243279994 -0.51422298
vt -0.101499997 -0.502110004
vt -0.101499997 -0.51422298
vt -0.101499997 -0.502110004
vt -0.348336995 -0.502110004
vt -0.243279994 -0.51422298
vt -0.236259997 -0.512871027
vt -0.101499997 -0.502110004
vt -0.101499997 -0.512871027
vt -0.101499997 -0.502110004
vt -0.348336995 -0.502110004
vt -0.236259997 -0.512871027
vt -0.229156002 -0.512194991
vt -0.101499997 -0.502110004
vt -0.101499997 -0.512194991
vt -0.101499997 -0.502110004
vt -0.348336995 -0.502110004
vt -0.229156002 -0.512194991
vt -0.222023994 -0.512194991
vt -0.348336995 -0.502110004
vt -0.222023994 -0.512194991
vt -0.0983370021 -0.502110004
vt -0.0983370021 -0.502110004
vt -0.222023994 -0.512194991
vt -0.214909002 -0.512878001
vt -0.101499997 -0.502110004
vt -0.101499997 -0.512878001
vt -0.101499997 -0.502110004
vt -0.0983370021 -0.502110004
vt -0.214909002 -0.512878001
vt -0.207919002 -0.514225006
vt -0.101499997 -0.502110004
vt -0.101499997 -0.514225006
vt -0.101499997 -0.502110004
vt -0.0983370021 -0.502110004
vt -0.207919002 -0.514225006
vt -0.201055005 -0.516242981
vt -0.101499997 -0.502110004
vt -0.101499997 -0.516242981
vt -0.101499997 -0.502110004
vt -0.0983370021 -0.502110004
vt -0.201055005 -0.516242981
vt -0.194440007 -0.51889199
vt -0.101499997 -0.502110004
vt -0.101499997 -0.51889199
vt -0.101499997 -0.502110004
vt -0.0983370021 -0.502110004
vt -0.194440007 -0.51889199
vt -0.188089997 -0.522167027
vt -0.101499997 -0.502110004
vt -0.101499997 -0.522167027
vt -0.101499997 -0.502110004
vt -0.0983370021 -0.502110004
vt -0.188089997 -0.522167027
vt -0.182086006 -0.526027977
vt -0.101499997 -0.502110004
vt -0.101499997 -0.526027977
vt -0.101499997 -0.502110004
vt -0.0983370021 -0.502110004
vt -0.182086006 -0.526027977
vt -0.176482007 -0.530435026
vt -0.0983370021 -0.502110004
vt -0.176482007 -0.530435026
vt -0.171309993 -0.535369992
f 1/1 2/2 3/3
f 3/4 2/5 4/6
f 3/7 4/8 5/9
f 5/10 4/11 6/12
f 5/13 6/14 5/15
f 5/16 6/17 7/18
f 5/19 7/20 8/21
f 8/22 7/23 7/24
f 8/25 7/26 9/27
f 9/28 7/29 10/30
f 9/31 10/32 9/33
f 9/34 10/35 11/36
f 9/37 11/38 12/39
f 12/40 11/41 11/42
f 12/43 11/44 13/45
f 13/46 11/47 14/48
f 13/49 14/50 15/51
f 15/52 14/53 16/54
f 15/55 16/56 17/57
f 17/58 16/59 18/60
f 17/61 18/62 19/63
f 19/64 18/65 20/66
f 19/67 20/68 21/69
f 21/70 20/71 22/72
f 21/73 22/74 23/75
f 23/76 22/77 24/78
f 23/79 24/80 25/81
f 25/82 24/83 26/84
f 25/85 26/86 27/87
f 27/88 26/89 28/90
f 27/91 28/92 29/93
f 29/94 28/95 30/96
f 29/97 30/98 31/99
f 31/100 30/101 32/102
f 31/103 32/104 33/105
f 33/106 32/107 34/108
f 33/109 34/110 35/111
f 35/112 34/113 36/114
f 35/115 36/116 37/117
f 37/118 36/119 38/120
f 37/121 38/122 39/123
f 39/124 38/125 40/126
f 39/127 40/128 41/129
f 41/130 40/131 42/132
f 41/133 42/134 43/135
f 43/136 42/137 44/138
f 43/139 44/140 45/141
f 45/142 44/143 46/144
f 45/145 46/146 47/147
f 47/148 46/149 48/150
f 47/151 48/152 49/153
f 49/154 48/155 50/156
f 49/157 50/158 51/159
f 51/160 50/161 52/162
f 51/163 52/164 51/165
f 51/166 52/167 53/168
f 51/169 53/170 54/171
f 54/172 53/173 53/174
f 54/175 53/176 55/177
f 55/178 53/179 56/180
f 55/181 56/182 55/183
f 55/184 56/185 57/186
f 55/187 57/188 58/189
f 58/190 57/191 59/192
f 58/193 59/194 60/195
f 61/196 4/197 2/198
f 62/199 6/200 4/201
f 57/202 63/203 59/204
f 59/205 63/206 64/207
f 59/208 64/209 65/210
f 64/211 63/212 66/213
f 67/214 68/215 69/216
f 69/217 68/218 68/219
f 69/220 68/221 70/222
f 70/223 68/224 71/225
f 70/226 71/227 72/228
f 72/229 71/230 73/231
f 72/232 73/233 74/234
f 74/235 73/236 75/237
f 74/238 75/239 76/240
f 76/241 75/242 77/243
f 76/244 77/245 78/246
f 78/247 77/248 79/249
f 78/250 79/251 80/252
f 80/253 79/254 81/255
f 80/256 81/257 82/258
f 82/259 81/260 83/261
f 82/262 83/263 84/264
f 84/265 83/266 85/267
f 84/268 85/269 86/270
f 86/271 85/272 87/273
f 86/274 87/275 88/276
f 68/277 67/278 71/279
f 71/280 67/281 67/282
f 71/283 67/284 73/285
f 73/286 67/287 67/288
f 73/289 67/290 75/291
f 75/292 67/293 67/294
f 75/295 67/296 77/297
f 77/298 67/299 89/300
f 77/301 89/302 90/303
f 90/304 89/305 89/306
f 90/307 89/308 91/309
f 91/310 89/311 89/312
f 91/313 89/314 92/315
f 92/316 89/317 89/318
f 92/319 89/320 93/321
f 93/322 89/323 94/324
f 77/325 90/326 79/327
f 79/328 90/329 95/330
f 79/331 95/332 81/333
f 81/334 95/335 96/336
f 81/337 96/338 83/339
f 83/340 96/341 97/342
f 83/343 97/344 85/345
f 85/346 97/347 98/348
f 85/349 98/350 87/351
f 87/352 98/353 99/354
f 87/355 99/356 100/357
f 100/358 99/359 101/360
f 69/361 102/362 67/363
f 67/364 102/365 89/366
f 102/367 103/368 89/369
f 89/370 103/371 103/372
f 89/373 103/374 94/375
f 94/376 103/377 104/378
f 94/379 104/380 93/381
f 93/382 104/383 105/384
f 93/385 105/386 92/387
f 92/388 105/389 106/390
f 92/391 106/392 91/393
f 91/394 106/395 107/396
f 91/397 107/398 90/399
f 90/400 107/401 108/402
f 90/403 108/404 95/405
f 95/406 108/407 109/408
f 95/409 109/410 96/411
f 96/412 109/413 110/414
f 96/415 110/416 97/417
f 97/418 110/419 111/420
f 97/421 111/422 98/423
f 98/424 111/425 112/426
f 98/427 112/428 99/429
f 111/430 110/431 112/432
f 112/433 110/434 109/435
f 112/436 109/437 112/438
f 112/439 109/440 108/441
f 112/442 108/443 112/444
f 112/445 108/446 107/447
f 112/448 107/449 112/450
f 112/451 107/452 106/453
f 112/454 106/455 112/456
f 112/457 106/458 105/459
f 112/460 105/461 112/462
f 112/463 105/464 104/465
f 112/466 104/467 112/468
f 112/469 104/470 103/471
f 112/472 103/473 112/474
f 112/475 103/476 102/477
f 112/478 102/479 113/480
f 113/481 102/482 114/483
f 113/484 114/485 113/486
f 113/487 114/488 115/489
f 113/490 115/491 116/492
f 102/493 69/494 114/495
f 114/496 69/497 88/498
f 114/499 88/500 114/501
f 114/502 88/503 117/504
f 114/505 117/506 118/507
f 118/508 117/509 117/510
f 118/511 117/512 119/513
f 119/514 117/515 117/516
f 119/517 117/518 120/519
f 120/520 117/521 117/522
f 120/523 117/524 121/525
f 121/526 117/527 117/528
f 121/529 117/530 122/531
f 122/532 117/533 117/534
f 122/535 117/536 123/537
f 123/538 117/539 117/540
f 123/541 117/542 124/543
f 124/544 117/545 117/546
f 124/547 117/548 125/549
f 125/550 117/551 117/552
f 125/553 117/554 126/555
f 126/556 117/557 127/558
f 69/559 70/560 88/561
f 88/562 70/563 72/564
f 88/565 72/566 88/567
f 88/568 72/569 74/570
f 88/571 74/572 88/573
f 88/574 74/575 76/576
f 88/577 76/578 88/579
f 88/580 76/581 78/582
f 88/583 78/584 88/585
f 88/586 78/587 80/588
f 88/589 80/590 88/591
f 88/592 80/593 82/594
f 88/595 82/596 88/597
f 88/598 82/599 84/600
f 88/601 84/602 86/603
f 112/604 113/605 128/606
f 128/607 113/608 129/609
f 128/610 129/611 128/612
f 128/613 129/614 130/615
f 128/616 130/617 128/618
f 128/619 130/620 131/621
f 128/622 131/623 128/624
f 128/625 131/626 132/627
f 128/628 132/629 128/630
f 128/631 132/632 133/633
f 128/634 133/635 128/636
f 128/637 133/638 134/639
f 128/640 134/641 128/642
f 128/643 134/644 135/645
f 128/646 135/647 128/648
f 128/649 135/650 136/651
f 128/652 136/653 128/654
f 128/655 136/656 137/657
f 128/658 137/659 138/660
f 101/661 99/662 139/663
f 139/664 99/665 112/666
f 139/667 112/668 140/669
f 140/670 112/671 128/672
f 140/673 128/674 140/675
f 140/676 128/677 141/678
f 140/679 141/680 142/681
f 101/682 139/683 100/684
f 100/685 139/686 143/687
f 100/688 143/689 87/690
f 87/691 143/692 143/693
f 87/694 143/695 88/696
f 88/697 143/698 143/699
f 88/700 143/701 117/702
f 117/703 143/704 144/705
f 117/706 144/707 145/708
f 145/709 144/710 146/711
f 143/712 139/713 144/714
f 144/715 139/716 140/717
f 146/718 144/719 142/720
f 142/721 144/722 140/723
f 146/724 142/725 145/726
f 145/727 142/728 141/729
f 145/730 141/731 147/732
f 147/733 141/734 148/735
f 147/736 148/737 149/738
f 149/739 148/740 150/741
f 149/742 150/743 151/744
f 151/745 150/746 152/747
f 151/748 152/749 153/750
f 153/751 152/752 154/753
f 153/754 154/755 155/756
f 155/757 154/758 156/759
f 155/760 156/761 157/762
f 157/763 156/764 156/765
f 157/766 156/767 158/768
f 158/769 156/770 159/771
f 158/772 159/773 158/774
f 158/775 159/776 160/777
f 158/778 160/779 158/780
f 158/781 160/782 161/783
f 158/784 161/785 162/786
f 155/787 157/788 163/789
f 163/790 157/791 157/792
f 163/793 157/794 164/795
f 164/796 157/797 157/798
f 164/799 157/800 165/801
f 165/802 157/803 166/804
f 158/805 162/806 129/807
f 129/808 162/809 162/810
f 129/811 162/812 130/813
f 130/814 162/815 161/816
f 130/817 161/818 131/819
f 131/820 161/821 160/822
f 131/823 160/824 132/825
f 132/826 160/827 159/828
f 132/829 159/830 133/831
f 133/832 159/833 156/834
f 133/835 156/836 134/837
f 134/838 156/839 154/840
f 134/841 154/842 135/843
f 135/844 154/845 152/846
f 135/847 152/848 136/849
f 136/850 152/851 150/852
f 136/853 150/854 137/855
f 137/856 150/857 148/858
f 137/859 148/860 138/861
f 138/862 148/863 141/864
f 138/865 141/866 128/867
f 145/868 147/869 117/870
f 117/871 147/872 147/873
f 117/874 147/875 127/876
f 127/877 147/878 149/879
f 127/880 149/881 126/882
f 126/883 149/884 151/885
f 126/886 151/887 125/888
f 125/889 151/890 153/891
f 125/892 153/893 124/894
f 124/895 153/896 155/897
f 124/898 155/899 123/900
f 123/901 155/902 163/903
f 123/904 163/905 122/906
f 122/907 163/908 164/909
f 122/910 164/911 121/912
f 121/913 164/914 165/915
f 121/916 165/917 120/918
f 120/919 165/920 166/921
f 120/922 166/923 119/924
f 119/925 166/926 157/927
f 119/928 157/929 118/930
f 114/931 118/932 167/933
f 167/934 118/935 157/936
f 167/937 157/938 167/939
f 167/940 157/941 158/942
f 167/943 158/944 168/945
f 168/946 158/947 129/948
f 168/949 129/950 113/951
f 48/952 169/953 50/954
f 50/955 169/956 170/957
f 50/958 170/959 52/960
f 52/961 170/962 170/963
f 52/964 170/965 53/966
f 53/967 170/968 171/969
f 53/970 171/971 56/972
f 56/973 171/974 172/975
f 56/976 172/977 57/978
f 57/979 172/980 172/981
f 57/982 172/983 63/984
f 63/985 172/986 173/987
f 63/988 173/989 66/990
f 66/991 173/992 173/993
f 66/994 173/995 64/996
f 64/997 173/998 174/999
f 64/1000 174/1001 65/1002
f 65/1003 174/1004 174/1005
f 65/1006 174/1007 59/1008
f 59/1009 174/1010 175/1011
f 59/1012 175/1013 60/1014
f 60/1015 175/1016 176/1017
f 60/1018 176/1019 58/1020
f 58/1021 176/1022 176/1023
f 58/1024 176/1025 55/1026
f 55/1027 176/1028 177/1029
f 55/1030 177/1031 54/1032
f 54/1033 177/1034 177/1035
f 54/1036 177/1037 51/1038
f 51/1039 177/1040 178/1041
f 51/1042 178/1043 49/1044
f 49/1045 178/1046 179/1047
f 49/1048 179/1049 47/1050
f 47/1051 179/1052 179/1053
f 47/1054 179/1055 45/1056
f 45/1057 179/1058 180/1059
f 45/1060 180/1061 43/1062
f 43/1063 180/1064 181/1065
f 43/1066 181/1067 41/1068
f 41/1069 181/1070 181/1071
f 41/1072 181/1073 39/1074
f 39/1075 181/1076 182/1077
f 39/1078 182/1079 37/1080
f 37/1081 182/1082 183/1083
f 37/1084 183/1085 35/1086
f 35/1087 183/1088 183/1089
f 35/1090 183/1091 33/1092
f 33/1093 183/1094 184/1095
f 33/1096 184/1097 31/1098
f 31/1099 184/1100 185/1101
f 31/1102 185/1103 29/1104
f 29/1105 185/1106 186/1107
f 29/1108 186/1109 27/1110
f 27/1111 186/1112 187/1113
f 27/1114 187/1115 25/1116
f 25/1117 187/1118 188/1119
f 25/1120 188/1121 23/1122
f 23/1123 188/1124 189/1125
f 23/1126 189/1127 21/1128
f 21/1129 189/1130 189/1131
f 21/1132 189/1133 19/1134
f 19/1135 189/1136 190/1137
f 19/1138 190/1139 17/1140
f 17/1141 190/1142 191/1143
f 17/1144 191/1145 192/1146
f 192/1147 191/1148 191/1149
f 192/1150 191/1151 193/1152
f 193/1153 191/1154 194/1155
f 193/1156 194/1157 195/1158
f 195/1159 194/1160 196/1161
f 195/1162 196/1163 197/1164
f 197/1165 196/1166 198/1167
f 197/1168 198/1169 199/1170
f 199/1171 198/1172 200/1173
f 199/1174 200/1175 201/1176
f 201/1177 200/1178 202/1179
f 201/1180 202/1181 203/1182
f 203/1183 202/1184 204/1185
f 203/1186 204/1187 205/1188
f 205/1189 204/1190 204/1191
f 205/1192 204/1193 206/1194
f 206/1195 204/1196 207/1197
f 206/1198 207/1199 208/1200
f 208/1201 207/1202 209/1203
f 208/1204 209/1205 210/1206
f 210/1207 209/1208 209/1209
f 210/1210 209/1211 211/1212
f 211/1213 209/1214 212/1215
f 211/1216 212/1217 213/1218
f 213/1219 212/1220 214/1221
f 213/1222 214/1223 215/1224
f 215/1225 214/1226 216/1227
f 215/1228 216/1229 217/1230
f 217/1231 216/1232 218/1233
f 217/1234 218/1235 219/1236
f 219/1237 218/1238 218/1239
f 219/1240 218/1241 220/1242
f 220/1243 218/1244 221/1245
f 220/1246 221/1247 222/1248
f 222/1249 221/1250 223/1251
f 222/1252 223/1253 224/1254
f 224/1255 223/1256 223/1257
f 224/1258 223/1259 225/1260
f 225/1261 223/1262 226/1263
f 225/1264 226/1265 227/1266
f 227/1267 226/1268 228/1269
f 227/1270 228/1271 229/1272
f 229/1273 228/1274 230/1275
f 229/1276 230/1277 231/1278
f 231/1279 230/1280 230/1281
f 231/1282 230/1283 232/1284
f 232/1285 230/1286 233/1287
f 232/1288 233/1289 234/1290
f 234/1291 233/1292 235/1293
f 234/1294 235/1295 236/1296
f 236/1297 235/1298 237/1299
f 236/1300 237/1301 238/1302
f 238/1303 237/1304 239/1305
f 238/1306 239/1307 240/1308
f 240/1309 239/1310 239/1311
f 240/1312 239/1313 241/1314
f 241/1315 239/1316 239/1317
f 241/1318 239/1319 242/1320
f 242/1321 239/1322 243/1323
f 242/1324 243/1325 244/1326
f 244/1327 243/1328 245/1329
f 244/1330 245/1331 246/1332
f 246/1333 245/1334 247/1335
f 246/1336 247/1337 248/1338
f 248/1339 247/1340 249/1341
f 248/1342 249/1343 250/1344
f 250/1345 249/1346 249/1347
f 250/1348 249/1349 251/1350
f 251/1351 249/1352 252/1353
f 251/1354 252/1355 253/1356
f 253/1357 252/1358 254/1359
f 253/1360 254/1361 255/1362
f 255/1363 254/1364 256/1365
f 255/1366 256/1367 257/1368
f 257/1369 256/1370 258/1371
f 257/1372 258/1373 259/1374
f 259/1375 258/1376 258/1377
f 259/1378 258/1379 260/1380
f 260/1381 258/1382 261/1383
f 260/1384 261/1385 262/1386
f 262/1387 261/1388 263/1389
f 262/1390 263/1391 264/1392
f 264/1393 263/1394 265/1395
f 264/1396 265/1397 266/1398
f 266/1399 265/1400 265/1401
f 266/1402 265/1403 267/1404
f 267/1405 265/1406 268/1407
f 267/1408 268/1409 269/1410
f 269/1411 268/1412 270/1413
f 269/1414 270/1415 271/1416
f 271/1417 270/1418 270/1419
f 271/1420 270/1421 272/1422
f 272/1423 270/1424 273/1425
f 272/1426 273/1427 274/1428
f 274/1429 273/1430 273/1431
f 274/1432 273/1433 275/1434
f 275/1435 273/1436 276/1437
f 275/1438 276/1439 277/1440
f 277/1441 276/1442 278/1443
f 277/1444 278/1445 279/1446
f 279/1447 278/1448 278/1449
f 279/1450 278/1451 280/1452
f 280/1453 278/1454 281/1455
f 280/1456 281/1457 282/1458
f 282/1459 281/1460 281/1461
f 282/1462 281/1463 283/1464
f 283/1465 281/1466 284/1467
f 283/1468 284/1469 285/1470
f 285/1471 284/1472 284/1473
f 285/1474 284/1475 286/1476
f 286/1477 284/1478 287/1479
f 286/1480 287/1481 288/1482
f 288/1483 287/1484 289/1485
f 288/1486 289/1487 290/1488
f 290/1489 289/1490 289/1491
f 290/1492 289/1493 291/1494
f 291/1495 289/1496 292/1497
f 291/1498 292/1499 293/1500
f 293/1501 292/1502 292/1503
f 293/1504 292/1505 294/1506
f 294/1507 292/1508 295/1509
f 294/1510 295/1511 296/1512
f 15/1513 17/1514 192/1515
f 295/1516 292/1517 297/1518
f 297/1519 292/1520 298/1521
f 297/1522 298/1523 299/1524
f 299/1525 298/1526 300/1527
f 299/1528 300/1529 301/1530
f 301/1531 300/1532 302/1533
f 301/1534 302/1535 303/1536
f 303/1537 302/1538 304/1539
f 303/1540 304/1541 305/1542
f 305/1543 304/1544 306/1545
f 305/1546 306/1547 307/1548
f 307/1549 306/1550 306/1551
f 307/1552 306/1553 308/1554
f 308/1555 306/1556 309/1557
f 308/1558 309/1559 310/1560
f 310/1561 309/1562 311/1563
f 310/1564 311/1565 312/1566
f 312/1567 311/1568 311/1569
f 312/1570 311/1571 313/1572
f 313/1573 311/1574 314/1575
f 313/1576 314/1577 315/1578
f 315/1579 314/1580 316/1581
f 315/1582 316/1583 317/1584
f 317/1585 316/1586 318/1587
f 317/1588 318/1589 319/1590
f 319/1591 318/1592 318/1593
f 319/1594 318/1595 320/1596
f 320/1597 318/1598 321/1599
f 320/1600 321/1601 322/1602
f 322/1603 321/1604 323/1605
f 322/1606 323/1607 324/1608
f 324/1609 323/1610 325/1611
f 324/1612 325/1613 326/1614
f 326/1615 325/1616 327/1617
f 326/1618 327/1619 328/1620
f 328/1621 327/1622 327/1623
f 328/1624 327/1625 329/1626
f 329/1627 327/1628 330/1629
f 329/1630 330/1631 331/1632
f 331/1633 330/1634 332/1635
f 331/1636 332/1637 333/1638
f 333/1639 332/1640 334/1641
f 333/1642 334/1643 335/1644
f 335/1645 334/1646 336/1647
f 335/1648 336/1649 337/1650
f 337/1651 336/1652 338/1653
f 337/1654 338/1655 339/1656
f 339/1657 338/1658 340/1659
f 339/1660 340/1661 341/1662
f 341/1663 340/1664 170/1665
f 341/1666 170/1667 169/1668
f 292/1669 289/1670 298/1671
f 298/1672 289/1673 342/1674
f 298/1675 342/1676 300/1677
f 300/1678 342/1679 343/1680
f 300/1681 343/1682 302/1683
f 302/1684 343/1685 344/1686
f 302/1687 344/1688 304/1689
f 304/1690 344/1691 345/1692
f 304/1693 345/1694 306/1695
f 306/1696 345/1697 346/1698
f 306/1699 346/1700 309/1701
f 309/1702 346/1703 347/1704
f 309/1705 347/1706 311/1707
f 311/1708 347/1709 348/1710
f 311/1711 348/1712 314/1713
f 314/1714 348/1715 349/1716
f 314/1717 349/1718 316/1719
f 316/1720 349/1721 350/1722
f 316/1723 350/1724 318/1725
f 318/1726 350/1727 351/1728
f 318/1729 351/1730 321/1731
f 321/1732 351/1733 352/1734
f 321/1735 352/1736 323/1737
f 323/1738 352/1739 353/1740
f 323/1741 353/1742 325/1743
f 325/1744 353/1745 354/1746
f 325/1747 354/1748 327/1749
f 327/1750 354/1751 355/1752
f 327/1753 355/1754 330/1755
f 330/1756 355/1757 356/1758
f 330/1759 356/1760 332/1761
f 332/1762 356/1763 357/1764
f 332/1765 357/1766 334/1767
f 334/1768 357/1769 358/1770
f 334/1771 358/1772 336/1773
f 336/1774 358/1775 359/1776
f 336/1777 359/1778 338/1779
f 338/1780 359/1781 360/1782
f 338/1783 360/1784 340/1785
f 340/1786 360/1787 361/1788
f 340/1789 361/1790 170/1791
f 170/1792 361/1793 361/1794
f 170/1795 361/1796 171/1797
f 171/1798 361/1799 362/1800
f 171/1801 362/1802 172/1803
f 172/1804 362/1805 363/1806
f 172/1807 363/1808 173/1809
f 173/1810 363/1811 364/1812
f 173/1813 364/1814 174/1815
f 174/1816 364/1817 365/1818
f 174/1819 365/1820 175/1821
f 175/1822 365/1823 366/1824
f 175/1825 366/1826 176/1827
f 176/1828 366/1829 367/1830
f 176/1831 367/1832 177/1833
f 177/1834 367/1835 368/1836
f 177/1837 368/1838 178/1839
f 178/1840 368/1841 369/1842
f 178/1843 369/1844 179/1845
f 179/1846 369/1847 370/1848
f 179/1849 370/1850 180/1851
f 180/1852 370/1853 371/1854
f 180/1855 371/1856 181/1857
f 181/1858 371/1859 372/1860
f 181/1861 372/1862 182/1863
f 182/1864 372/1865 373/1866
f 182/1867 373/1868 183/1869
f 183/1870 373/1871 374/1872
f 183/1873 374/1874 184/1875
f 184/1876 374/1877 375/1878
f 184/1879 375/1880 185/1881
f 185/1882 375/1883 376/1884
f 185/1885 376/1886 186/1887
f 186/1888 376/1889 377/1890
f 186/1891 377/1892 187/1893
f 187/1894 377/1895 378/1896
f 187/1897 378/1898 188/1899
f 188/1900 378/1901 379/1902
f 188/1903 379/1904 189/1905
f 189/1906 379/1907 380/1908
f 189/1909 380/1910 190/1911
f 190/1912 380/1913 194/1914
f 190/1915 194/1916 191/1917
f 194/1918 380/1919 196/1920
f 196/1921 380/1922 381/1923
f 196/1924 381/1925 198/1926
f 198/1927 381/1928 382/1929
f 198/1930 382/1931 200/1932
f 200/1933 382/1934 383/1935
f 200/1936 383/1937 202/1938
f 202/1939 383/1940 384/1941
f 202/1942 384/1943 204/1944
f 204/1945 384/1946 385/1947
f 204/1948 385/1949 207/1950
f 207/1951 385/1952 386/1953
f 207/1954 386/1955 209/1956
f 209/1957 386/1958 387/1959
f 209/1960 387/1961 212/1962
f 212/1963 387/1964 388/1965
f 212/1966 388/1967 214/1968
f 214/1969 388/1970 389/1971
f 214/1972 389/1973 216/1974
f 216/1975 389/1976 390/1977
f 216/1978 390/1979 218/1980
f 218/1981 390/1982 391/1983
f 218/1984 391/1985 221/1986
f 221/1987 391/1988 392/1989
f 221/1990 392/1991 223/1992
f 223/1993 392/1994 393/1995
f 223/1996 393/1997 226/1998
f 226/1999 393/2000 394/2001
f 226/2002 394/2003 228/2004
f 228/2005 394/2006 395/2007
f 228/2008 395/2009 230/2010
f 230/2011 395/2012 396/2013
f 230/2014 396/2015 233/2016
f 233/2017 396/2018 397/2019
f 233/2020 397/2021 235/2022
f 235/2023 397/2024 398/2025
f 235/2026 398/2027 237/2028
f 237/2029 398/2030 399/2031
f 237/2032 399/2033 239/2034
f 239/2035 399/2036 399/2037
f 239/2038 399/2039 243/2040
f 243/2041 399/2042 400/2043
f 243/2044 400/2045 245/2046
f 245/2047 400/2048 401/2049
f 245/2050 401/2051 247/2052
f 247/2053 401/2054 402/2055
f 247/2056 402/2057 249/2058
f 249/2059 402/2060 403/2061
f 249/2062 403/2063 252/2064
f 252/2065 403/2066 404/2067
f 252/2068 404/2069 254/2070
f 254/2071 404/2072 405/2073
f 254/2074 405/2075 256/2076
f 256/2077 405/2078 406/2079
f 256/2080 406/2081 258/2082
f 258/2083 406/2084 407/2085
f 258/2086 407/2087 261/2088
f 261/2089 407/2090 408/2091
f 261/2092 408/2093 263/2094
f 263/2095 408/2096 409/2097
f 263/2098 409/2099 265/2100
f 265/2101 409/2102 410/2103
f 265/2104 410/2105 268/2106
f 268/2107 410/2108 411/2109
f 268/2110 411/2111 270/2112
f 270/2113 411/2114 412/2115
f 270/2116 412/2117 273/2118
f 273/2119 412/2120 413/2121
f 273/2122 413/2123 276/2124
f 276/2125 413/2126 414/2127
f 276/2128 414/2129 278/2130
f 278/2131 414/2132 415/2133
f 278/2134 415/2135 281/2136
f 281/2137 415/2138 416/2139
f 281/2140 416/2141 284/2142
f 284/2143 416/2144 417/2145
f 284/2146 417/2147 287/2148
f 287/2149 417/2150 342/2151
f 287/2152 342/2153 289/2154
f 342/2155 417/2156 343/2157
f 343/2158 417/2159 418/2160
f 343/2161 418/2162 344/2163
f 344/2164 418/2165 419/2166
f 344/2167 419/2168 345/2169
f 345/2170 419/2171 420/2172
f 345/2173 420/2174 346/2175
f 346/2176 420/2177 421/2178
f 346/2179 421/2180 347/2181
f 347/2182 421/2183 422/2184
f 347/2185 422/2186 348/2187
f 348/2188 422/2189 423/2190
f 348/2191 423/2192 349/2193
f 349/2194 423/2195 424/2196
f 349/2197 424/2198 350/2199
f 350/2200 424/2201 425/2202
f 350/2203 425/2204 351/2205
f 351/2206 425/2207 426/2208
f 351/2209 426/2210 352/2211
f 352/2212 426/2213 427/2214
f 352/2215 427/2216 353/2217
f 353/2218 427/2219 428/2220
f 353/2221 428/2222 354/2223
f 354/2224 428/2225 429/2226
f 354/2227 429/2228 355/2229
f 355/2230 429/2231 430/2232
f 355/2233 430/2234 356/2235
f 356/2236 430/2237 431/2238
f 356/2239 431/2240 357/2241
f 357/2242 431/2243 432/2244
f 357/2245 432/2246 358/2247
f 358/2248 432/2249 433/2250
f 358/2251 433/2252 359/2253
f 359/2254 433/2255 434/2256
f 359/2257 434/2258 360/2259
f 360/2260 434/2261 435/2262
f 360/2263 435/2264 361/2265
f 361/2266 435/2267 435/2268
f 361/2269 435/2270 362/2271
f 362/2272 435/2273 436/2274
f 362/2275 436/2276 363/2277
f 363/2278 436/2279 437/2280
f 363/2281 437/2282 364/2283
f 364/2284 437/2285 438/2286
f 364/2287 438/2288 365/2289
f 365/2290 438/2291 439/2292
f 365/2293 439/2294 366/2295
f 366/2296 439/2297 440/2298
f 366/2299 440/2300 367/2301
f 367/2302 440/2303 441/2304
f 367/2305 441/2306 368/2307
f 368/2308 441/2309 442/2310
f 368/2311 442/2312 369/2313
f 369/2314 442/2315 443/2316
f 369/2317 443/2318 370/2319
f 370/2320 443/2321 444/2322
f 370/2323 444/2324 371/2325
f 371/2326 444/2327 445/2328
f 371/2329 445/2330 372/2331
f 372/2332 445/2333 446/2334
f 372/2335 446/2336 373/2337
f 373/2338 446/2339 447/2340
f 373/2341 447/2342 374/2343
f 374/2344 447/2345 448/2346
f 374/2347 448/2348 375/2349
f 375/2350 448/2351 449/2352
f 375/2353 449/2354 376/2355
f 376/2356 449/2357 450/2358
f 376/2359 450/2360 377/2361
f 377/2362 450/2363 451/2364
f 377/2365 451/2366 378/2367
f 378/2368 451/2369 452/2370
f 378/2371 452/2372 379/2373
f 379/2374 452/2375 381/2376
f 379/2377 381/2378 380/2379
f 381/2380 452/2381 382/2382
f 382/2383 452/2384 453/2385
f 382/2386 453/2387 383/2388
f 383/2389 453/2390 454/2391
f 383/2392 454/2393 384/2394
f 384/2395 454/2396 455/2397
f 384/2398 455/2399 385/2400
f 385/2401 455/2402 456/2403
f 385/2404 456/2405 386/2406
f 386/2407 456/2408 457/2409
f 386/2410 457/2411 387/2412
f 387/2413 457/2414 458/2415
f 387/2416 458/2417 388/2418
f 388/2419 458/2420 459/2421
f 388/2422 459/2423 389/2424
f 389/2425 459/2426 460/2427
f 389/2428 460/2429 390/2430
f 390/2431 460/2432 461/2433
f 390/2434 461/2435 391/2436
f 391/2437 461/2438 462/2439
f 391/2440 462/2441 392/2442
f 392/2443 462/2444 463/2445
f 392/2446 463/2447 393/2448
f 393/2449 463/2450 464/2451
f 393/2452 464/2453 394/2454
f 394/2455 464/2456 465/2457
f 394/2458 465/2459 395/2460
f 395/2461 465/2462 466/2463
f 395/2464 466/2465 396/2466
f 396/2467 466/2468 467/2469
f 396/2470 467/2471 397/2472
f 397/2473 467/2474 468/2475
f 397/2476 468/2477 398/2478
f 398/2479 468/2480 469/2481
f 398/2482 469/2483 399/2484
f 399/2485 469/2486 469/2487
f 399/2488 469/2489 400/2490
f 400/2491 469/2492 470/2493
f 400/2494 470/2495 401/2496
f 401/2497 470/2498 471/2499
f 401/2500 471/2501 402/2502
f 402/2503 471/2504 472/2505
f 402/2506 472/2507 403/2508
f 403/2509 472/2510 473/2511
f 403/2512 473/2513 404/2514
f 404/2515 473/2516 474/2517
f 404/2518 474/2519 405/2520
f 405/2521 474/2522 475/2523
f 405/2524 475/2525 406/2526
f 406/2527 475/2528 476/2529
f 406/2530 476/2531 407/2532
f 407/2533 476/2534 477/2535
f 407/2536 477/2537 408/2538
f 408/2539 477/2540 478/2541
f 408/2542 478/2543 409/2544
f 409/2545 478/2546 479/2547
f 409/2548 479/2549 410/2550
f 410/2551 479/2552 480/2553
f 410/2554 480/2555 411/2556
f 411/2557 480/2558 481/2559
f 411/2560 481/2561 412/2562
f 412/2563 481/2564 482/2565
f 412/2566 482/2567 413/2568
f 413/2569 482/2570 483/2571
f 413/2572 483/2573 414/2574
f 414/2575 483/2576 484/2577
f 414/2578 484/2579 415/2580
f 415/2581 484/2582 485/2583
f 415/2584 485/2585 416/2586
f 416/2587 485/2588 418/2589
f 416/2590 418/2591 417/2592
f 418/2593 485/2594 419/2595
f 419/2596 485/2597 486/2598
f 419/2599 486/2600 420/2601
f 420/2602 486/2603 487/2604
f 420/2605 487/2606 421/2607
f 421/2608 487/2609 488/2610
f 421/2611 488/2612 422/2613
f 422/2614 488/2615 489/2616
f 422/2617 489/2618 423/2619
f 423/2620 489/2621 490/2622
f 423/2623 490/2624 424/2625
f 424/2626 490/2627 491/2628
f 424/2629 491/2630 425/2631
f 425/2632 491/2633 492/2634
f 425/2635 492/2636 426/2637
f 426/2638 492/2639 493/2640
f 426/2641 493/2642 427/2643
f 427/2644 493/2645 494/2646
f 427/2647 494/2648 428/2649
f 428/2650 494/2651 495/2652
f 428/2653 495/2654 429/2655
f 429/2656 495/2657 496/2658
f 429/2659 496/2660 430/2661
f 430/2662 496/2663 497/2664
f 430/2665 497/2666 431/2667
f 431/2668 497/2669 498/2670
f 431/2671 498/2672 432/2673
f 432/2674 498/2675 499/2676
f 432/2677 499/2678 433/2679
f 433/2680 499/2681 500/2682
f 433/2683 500/2684 434/2685
f 434/2686 500/2687 501/2688
f 434/2689 501/2690 435/2691
f 435/2692 501/2693 501/2694
f 435/2695 501/2696 436/2697
f 436/2698 501/2699 502/2700
f 436/2701 502/2702 437/2703
f 437/2704 502/2705 503/2706
f 437/2707 503/2708 438/2709
f 438/2710 503/2711 504/2712
f 438/2713 504/2714 439/2715
f 439/2716 504/2717 505/2718
f 439/2719 505/2720 440/2721
f 440/2722 505/2723 506/2724
f 440/2725 506/2726 441/2727
f 441/2728 506/2729 507/2730
f 441/2731 507/2732 442/2733
f 442/2734 507/2735 508/2736
f 442/2737 508/2738 443/2739
f 443/2740 508/2741 509/2742
f 443/2743 509/2744 444/2745
f 444/2746 509/2747 510/2748
f 444/2749 510/2750 445/2751
f 445/2752 510/2753 511/2754
f 445/2755 511/2756 446/2757
f 446/2758 511/2759 512/2760
f 446/2761 512/2762 447/2763
f 447/2764 512/2765 513/2766
f 447/2767 513/2768 448/2769
f 448/2770 513/2771 514/2772
f 448/2773 514/2774 449/2775
f 449/2776 514/2777 515/2778
f 449/2779 515/2780 450/2781
f 450/2782 515/2783 516/2784
f 450/2785 516/2786 451/2787
f 451/2788 516/2789 453/2790
f 451/2791 453/2792 452/2793
f 453/2794 516/2795 454/2796
f 454/2797 516/2798 517/2799
f 454/2800 517/2801 455/2802
f 455/2803 517/2804 518/2805
f 455/2806 518/2807 456/2808
f 456/2809 518/2810 519/2811
f 456/2812 519/2813 457/2814
f 457/2815 519/2816 520/2817
f 457/2818 520/2819 458/2820
f 458/2821 520/2822 521/2823
f 458/2824 521/2825 459/2826
f 459/2827 521/2828 522/2829
f 459/2830 522/2831 460/2832
f 460/2833 522/2834 523/2835
f 460/2836 523/2837 461/2838
f 461/2839 523/2840 524/2841
f 461/2842 524/2843 462/2844
f 462/2845 524/2846 525/2847
f 462/2848 525/2849 463/2850
f 463/2851 525/2852 526/2853
f 463/2854 526/2855 464/2856
f 464/2857 526/2858 527/2859
f 464/2860 527/2861 465/2862
f 465/2863 527/2864 528/2865
f 465/2866 528/2867 466/2868
f 466/2869 528/2870 529/2871
f 466/2872 529/2873 467/2874
f 467/2875 529/2876 530/2877
f 467/2878 530/2879 468/2880
f 468/2881 530/2882 531/2883
f 468/2884 531/2885 469/2886
f 469/2887 531/2888 531/2889
f 469/2890 531/2891 470/2892
f 470/2893 531/2894 532/2895
f 470/2896 532/2897 471/2898
f 471/2899 532/2900 533/2901
f 471/2902 533/2903 472/2904
f 472/2905 533/2906 534/2907
f 472/2908 534/2909 473/2910
f 473/2911 534/2912 535/2913
f 473/2914 535/2915 474/2916
f 474/2917 535/2918 536/2919
f 474/2920 536/2921 475/2922
f 475/2923 536/2924 537/2925
f 475/2926 537/2927 476/2928
f 476/2929 537/2930 538/2931
f 476/2932 538/2933 477/2934
f 477/2935 538/2936 539/2937
f 477/2938 539/2939 478/2940
f 478/2941 539/2942 540/2943
f 478/2944 540/2945 479/2946
f 479/2947 540/2948 541/2949
f 479/2950 541/2951 480/2952
f 480/2953 541/2954 542/2955
f 480/2956 542/2957 481/2958
f 481/2959 542/2960 543/2961
f 481/2962 543/2963 482/2964
f 482/2965 543/2966 544/2967
f 482/2968 544/2969 483/2970
f 483/2971 544/2972 545/2973
f 483/2974 545/2975 484/2976
f 484/2977 545/2978 486/2979
f 484/2980 486/2981 485/2982
f 486/2983 545/2984 487/2985
f 487/2986 545/2987 546/2988
f 487/2989 546/2990 488/2991
f 488/2992 546/2993 547/2994
f 488/2995 547/2996 489/2997
f 489/2998 547/2999 548/3000
f 489/3001 548/3002 490/3003
f 490/3004 548/3005 549/3006
f 490/3007 549/3008 491/3009
f 491/3010 549/3011 550/3012
f 491/3013 550/3014 492/3015
f 492/3016 550/3017 551/3018
f 492/3019 551/3020 493/3021
f 493/3022 551/3023 552/3024
f 493/3025 552/3026 494/3027
f 494/3028 552/3029 553/3030
f 494/3031 553/3032 495/3033
f 495/3034 553/3035 554/3036
f 495/3037 554/3038 496/3039
f 496/3040 554/3041 555/3042
f 496/3043 555/3044 497/3045
f 497/3046 555/3047 556/3048
f 497/3049 556/3050 498/3051
f 498/3052 556/3053 557/3054
f 498/3055 557/3056 499/3057
f 499/3058 557/3059 558/3060
f 499/3061 558/3062 500/3063
f 500/3064 558/3065 559/3066
f 500/3067 559/3068 501/3069
f 501/3070 559/3071 559/3072
f 501/3073 559/3074 502/3075
f 502/3076 559/3077 560/3078
f 502/3079 560/3080 503/3081
f 503/3082 560/3083 561/3084
f 503/3085 561/3086 504/3087
f 504/3088 561/3089 562/3090
f 504/3091 562/3092 505/3093
f 505/3094 562/3095 563/3096
f 505/3097 563/3098 506/3099
f 506/3100 563/3101 564/3102
f 506/3103 564/3104 507/3105
f 507/3106 564/3107 565/3108
f 507/3109 565/3110 508/3111
f 508/3112 565/3113 566/3114
f 508/3115 566/3116 509/3117
f 509/3118 566/3119 567/3120
f 509/3121 567/3122 510/3123
f 510/3124 567/3125 568/3126
f 510/3127 568/3128 511/3129
f 511/3130 568/3131 569/3132
f 511/3133 569/3134 512/3135
f 512/3136 569/3137 570/3138
f 512/3139 570/3140 513/3141
f 513/3142 570/3143 571/3144
f 513/3145 571/3146 514/3147
f 514/3148 571/3149 572/3150
f 514/3151 572/3152 515/3153
f 515/3154 572/3155 517/3156
f 515/3157 517/3158 516/3159
f 517/3160 572/3161 518/3162
f 518/3163 572/3164 573/3165
f 518/3166 573/3167 519/3168
f 519/3169 573/3170 574/3171
f 519/3172 574/3173 520/3174
f 520/3175 574/3176 575/3177
f 520/3178 575/3179 521/3180
f 521/3181 575/3182 576/3183
f 521/3184 576/3185 522/3186
f 522/3187 576/3188 577/3189
f 522/3190 577/3191 523/3192
f 523/3193 577/3194 578/3195
f 523/3196 578/3197 524/3198
f 524/3199 578/3200 579/3201
f 524/3202 579/3203 525/3204
f 525/3205 579/3206 580/3207
f 525/3208 580/3209 526/3210
f 526/3211 580/3212 581/3213
f 526/3214 581/3215 527/3216
f 527/3217 581/3218 582/3219
f 527/3220 582/3221 528/3222
f 528/3223 582/3224 583/3225
f 528/3226 583/3227 529/3228
f 529/3229 583/3230 584/3231
f 529/3232 584/3233 530/3234
f 530/3235 584/3236 585/3237
f 530/3238 585/3239 531/3240
f 531/3241 585/3242 585/3243
f 531/3244 585/3245 532/3246
f 532/3247 585/3248 586/3249
f 532/3250 586/3251 533/3252
f 533/3253 586/3254 587/3255
f 533/3256 587/3257 534/3258
f 534/3259 587/3260 588/3261
f 534/3262 588/3263 535/3264
f 535/3265 588/3266 589/3267
f 535/3268 589/3269 536/3270
f 536/3271 589/3272 590/3273
f 536/3274 590/3275 537/3276
f 537/3277 590/3278 591/3279
f 537/3280 591/3281 538/3282
f 538/3283 591/3284 592/3285
f 538/3286 592/3287 539/3288
f 539/3289 592/3290 593/3291
f 539/3292 593/3293 540/3294
f 540/3295 593/3296 594/3297
f 540/3298 594/3299 541/3300
f 541/3301 594/3302 595/3303
f 541/3304 595/3305 542/3306
f 542/3307 595/3308 596/3309
f 542/3310 596/3311 543/3312
f 543/3313 596/3314 597/3315
f 543/3316 597/3317 544/3318
f 544/3319 597/3320 546/3321
f 544/3322 546/3323 545/3324
f 546/3325 597/3326 547/3327
f 547/3328 597/3329 598/3330
f 547/3331 598/3332 548/3333
f 548/3334 598/3335 599/3336
f 548/3337 599/3338 549/3339
f 549/3340 599/3341 600/3342
f 549/3343 600/3344 550/3345
f 550/3346 600/3347 601/3348
f 550/3349 601/3350 551/3351
f 551/3352 601/3353 602/3354
f 551/3355 602/3356 552/3357
f 552/3358 602/3359 603/3360
f 552/3361 603/3362 553/3363
f 553/3364 603/3365 604/3366
f 553/3367 604/3368 554/3369
f 554/3370 604/3371 605/3372
f 554/3373 605/3374 555/3375
f 555/3376 605/3377 606/3378
f 555/3379 606/3380 556/3381
f 556/3382 606/3383 607/3384
f 556/3385 607/3386 557/3387
f 557/3388 607/3389 608/3390
f 557/3391 608/3392 558/3393
f 558/3394 608/3395 609/3396
f 558/3397 609/3398 559/3399
f 559/3400 609/3401 609/3402
f 559/3403 609/3404 560/3405
f 560/3406 609/3407 610/3408
f 560/3409 610/3410 561/3411
f 561/3412 610/3413 611/3414
f 561/3415 611/3416 562/3417
f 562/3418 611/3419 612/3420
f 562/3421 612/3422 563/3423
f 563/3424 612/3425 613/3426
f 563/3427 613/3428 564/3429
f 564/3430 613/3431 614/3432
f 564/3433 614/3434 565/3435
f 565/3436 614/3437 615/3438
f 565/3439 615/3440 566/3441
f 566/3442 615/3443 616/3444
f 566/3445 616/3446 567/3447
f 567/3448 616/3449 617/3450
f 567/3451 617/3452 568/3453
f 568/3454 617/3455 618/3456
f 568/3457 618/3458 569/3459
f 569/3460 618/3461 619/3462
f 569/3463 619/3464 570/3465
f 570/3466 619/3467 620/3468
f 570/3469 620/3470 571/3471
f 571/3472 620/3473 573/3474
f 571/3475 573/3476 572/3477
f 573/3478 620/3479 574/3480
f 574/3481 620/3482 621/3483
f 574/3484 621/3485 575/3486
f 575/3487 621/3488 622/3489
f 575/3490 622/3491 576/3492
f 576/3493 622/3494 623/3495
f 576/3496 623/3497 577/3498
f 577/3499 623/3500 624/3501
f 577/3502 624/3503 578/3504
f 578/3505 624/3506 625/3507
f 578/3508 625/3509 579/3510
f 579/3511 625/3512 626/3513
f 579/3514 626/3515 580/3516
f 580/3517 626/3518 627/3519
f 580/3520 627/3521 581/3522
f 581/3523 627/3524 628/3525
f 581/3526 628/3527 582/3528
f 582/3529 628/3530 629/3531
f 582/3532 629/3533 583/3534
f 583/3535 629/3536 630/3537
f 583/3538 630/3539 584/3540
f 584/3541 630/3542 631/3543
f 584/3544 631/3545 585/3546
f 585/3547 631/3548 631/3549
f 585/3550 631/3551 586/3552
f 586/3553 631/3554 632/3555
f 586/3556 632/3557 587/3558
f 587/3559 632/3560 633/3561
f 587/3562 633/3563 588/3564
f 588/3565 633/3566 634/3567
f 588/3568 634/3569 589/3570
f 589/3571 634/3572 635/3573
f 589/3574 635/3575 590/3576
f 590/3577 635/3578 636/3579
f 590/3580 636/3581 591/3582
f 591/3583 636/3584 637/3585
f 591/3586 637/3587 592/3588
f 592/3589 637/3590 638/3591
f 592/3592 638/3593 593/3594
f 593/3595 638/3596 639/3597
f 593/3598 639/3599 594/3600
f 594/3601 639/3602 640/3603
f 594/3604 640/3605 595/3606
f 595/3607 640/3608 641/3609
f 595/3610 641/3611 596/3612
f 596/3613 641/3614 598/3615
f 596/3616 598/3617 597/3618
f 598/3619 641/3620 599/3621
f 599/3622 641/3623 642/3624
f 599/3625 642/3626 600/3627
f 600/3628 642/3629 643/3630
f 600/3631 643/3632 601/3633
f 601/3634 643/3635 644/3636
f 601/3637 644/3638 602/3639
f 602/3640 644/3641 645/3642
f 602/3643 645/3644 603/3645
f 603/3646 645/3647 646/3648
f 603/3649 646/3650 604/3651
f 604/3652 646/3653 647/3654
f 604/3655 647/3656 605/3657
f 605/3658 647/3659 648/3660
f 605/3661 648/3662 606/3663
f 606/3664 648/3665 649/3666
f 606/3667 649/3668 607/3669
f 607/3670 649/3671 650/3672
f 607/3673 650/3674 608/3675
f 608/3676 650/3677 651/3678
f 608/3679 651/3680 609/3681
f 609/3682 651/3683 651/3684
f 609/3685 651/3686 610/3687
f 610/3688 651/3689 652/3690
f 610/3691 652/3692 611/3693
f 611/3694 652/3695 653/3696
f 611/3697 653/3698 612/3699
f 612/3700 653/3701 654/3702
f 612/3703 654/3704 613/3705
f 613/3706 654/3707 655/3708
f 613/3709 655/3710 614/3711
f 614/3712 655/3713 656/3714
f 614/3715 656/3716 615/3717
f 615/3718 656/3719 657/3720
f 615/3721 657/3722 616/3723
f 616/3724 657/3725 658/3726
f 616/3727 658/3728 617/3729
f 617/3730 658/3731 659/3732
f 617/3733 659/3734 618/3735
f 618/3736 659/3737 660/3738
f 618/3739 660/3740 619/3741
f 619/3742 660/3743 621/3744
f 619/3745 621/3746 620/3747
f 621/3748 660/3749 622/3750
f 622/3751 660/3752 661/3753
f 622/3754 661/3755 623/3756
f 623/3757 661/3758 662/3759
f 623/3760 662/3761 624/3762
f 624/3763 662/3764 663/3765
f 624/3766 663/3767 625/3768
f 625/3769 663/3770 664/3771
f 625/3772 664/3773 626/3774
f 626/3775 664/3776 665/3777
f 626/3778 665/3779 627/3780
f 627/3781 665/3782 666/3783
f 627/3784 666/3785 628/3786
f 628/3787 666/3788 667/3789
f 628/3790 667/3791 629/3792
f 629/3793 667/3794 668/3795
f 629/3796 668/3797 630/3798
f 630/3799 668/3800 669/3801
f 630/3802 669/3803 631/3804
f 631/3805 669/3806 669/3807
f 631/3808 669/3809 632/3810
f 632/3811 669/3812 670/3813
f 632/3814 670/3815 633/3816
f 633/3817 670/3818 671/3819
f 633/3820 671/3821 634/3822
f 634/3823 671/3824 672/3825
f 634/3826 672/3827 635/3828
f 635/3829 672/3830 673/3831
f 635/3832 673/3833 636/3834
f 636/3835 673/3836 674/3837
f 636/3838 674/3839 637/3840
f 637/3841 674/3842 675/3843
f 637/3844 675/3845 638/3846
f 638/3847 675/3848 676/3849
f 638/3850 676/3851 639/3852
f 639/3853 676/3854 677/3855
f 639/3856 677/3857 640/3858
f 640/3859 677/3860 642/3861
f 640/3862 642/3863 641/3864
f 642/3865 677/3866 643/3867
f 643/3868 677/3869 678/3870
f 643/3871 678/3872 644/3873
f 644/3874 678/3875 679/3876
f 644/3877 679/3878 645/3879
f 645/3880 679/3881 680/3882
f 645/3883 680/3884 646/3885
f 646/3886 680/3887 681/3888
f 646/3889 681/3890 647/3891
f 647/3892 681/3893 682/3894
f 647/3895 682/3896 648/3897
f 648/3898 682/3899 683/3900
f 648/3901 683/3902 649/3903
f 649/3904 683/3905 684/3906
f 649/3907 684/3908 650/3909
f 650/3910 684/3911 685/3912
f 650/3913 685/3914 651/3915
f 651/3916 685/3917 685/3918
f 651/3919 685/3920 652/3921
f 652/3922 685/3923 686/3924
f 652/3925 686/3926 653/3927
f 653/3928 686/3929 687/3930
f 653/3931 687/3932 654/3933
f 654/3934 687/3935 688/3936
f 654/3937 688/3938 655/3939
f 655/3940 688/3941 689/3942
f 655/3943 689/3944 656/3945
f 656/3946 689/3947 690/3948
f 656/3949 690/3950 657/3951
f 657/3952 690/3953 691/3954
f 657/3955 691/3956 658/3957
f 658/3958 691/3959 692/3960
f 658/3961 692/3962 659/3963
f 659/3964 692/3965 661/3966
f 659/3967 661/3968 660/3969
f 661/3970 692/3971 662/3972
f 662/3973 692/3974 693/3975
f 662/3976 693/3977 663/3978
f 663/3979 693/3980 694/3981
f 663/3982 694/3983 664/3984
f 664/3985 694/3986 695/3987
f 664/3988 695/3989 665/3990
f 665/3991 695/3992 696/3993
f 665/3994 696/3995 666/3996
f 666/3997 696/3998 697/3999
f 666/4000 697/4001 667/4002
f 667/4003 697/4004 698/4005
f 667/4006 698/4007 668/4008
f 668/4009 698/4010 699/4011
f 668/4012 699/4013 669/4014
f 669/4015 699/4016 699/4017
f 669/4018 699/4019 670/4020
f 670/4021 699/4022 700/4023
f 670/4024 700/4025 671/4026
f 671/4027 700/4028 701/4029
f 671/4030 701/4031 672/4032
f 672/4033 701/4034 702/4035
f 672/4036 702/4037 673/4038
f 673/4039 702/4040 703/4041
f 673/4042 703/4043 674/4044
f 674/4045 703/4046 704/4047
f 674/4048 704/4049 675/4050
f 675/4051 704/4052 705/4053
f 675/4054 705/4055 676/4056
f 676/4057 705/4058 678/4059
f 676/4060 678/4061 677/4062
f 678/4063 705/4064 679/4065
f 679/4066 705/4067 706/4068
f 679/4069 706/4070 680/4071
f 680/4072 706/4073 707/4074
f 680/4075 707/4076 681/4077
f 681/4078 707/4079 708/4080
f 681/4081 708/4082 682/4083
f 682/4084 708/4085 709/4086
f 682/4087 709/4088 683/4089
f 683/4090 709/4091 710/4092
f 683/4093 710/4094 684/4095
f 684/4096 710/4097 711/4098
f 684/4099 711/4100 685/4101
f 685/4102 711/4103 711/4104
f 685/4105 711/4106 686/4107
f 686/4108 711/4109 712/4110
f 686/4111 712/4112 687/4113
f 687/4114 712/4115 713/4116
f 687/4117 713/4118 688/4119
f 688/4120 713/4121 714/4122
f 688/4123 714/4124 689/4125
f 689/4126 714/4127 715/4128
f 689/4129 715/4130 690/4131
f 690/4132 715/4133 716/4134
f 690/4135 716/4136 691/4137
f 691/4138 716/4139 693/4140
f 691/4141 693/4142 692/4143
f 693/4144 716/4145 694/4146
f 694/4147 716/4148 717/4149
f 694/4150 717/4151 695/4152
f 695/4153 717/4154 718/4155
f 695/4156 718/4157 696/4158
f 696/4159 718/4160 719/4161
f 696/4162 719/4163 697/4164
f 697/4165 719/4166 720/4167
f 697/4168 720/4169 698/4170
f 698/4171 720/4172 721/4173
f 698/4174 721/4175 699/4176
f 699/4177 721/4178 721/4179
f 699/4180 721/4181 700/4182
f 700/4183 721/4184 722/4185
f 700/4186 722/4187 701/4188
f 701/4189 722/4190 723/4191
f 701/4192 723/4193 702/4194
f 702/4195 723/4196 724/4197
f 702/4198 724/4199 703/4200
f 703/4201 724/4202 725/4203
f 703/4204 725/4205 704/4206
f 704/4207 725/4208 706/4209
f 704/4210 706/4211 705/4212
f 706/4213 725/4214 707/4215
f 707/4216 725/4217 726/4218
f 707/4219 726/4220 708/4221
f 708/4222 726/4223 727/4224
f 708/4225 727/4226 709/4227
f 709/4228 727/4229 728/4230
f 709/4231 728/4232 710/4233
f 710/4234 728/4235 729/4236
f 710/4237 729/4238 711/4239
f 711/4240 729/4241 729/4242
f 711/4243 729/4244 712/4245
f 712/4246 729/4247 730/4248
f 712/4249 730/4250 713/4251
f 713/4252 730/4253 731/4254
f 713/4255 731/4256 714/4257
f 714/4258 731/4259 732/4260
f 714/4261 732/4262 715/4263
f 715/4264 732/4265 717/4266
f 715/4267 717/4268 716/4269
f 717/4270 732/4271 718/4272
f 718/4273 732/4274 733/4275
f 718/4276 733/4277 719/4278
f 719/4279 733/4280 734/4281
f 719/4282 734/4283 720/4284
f 720/4285 734/4286 735/4287
f 720/4288 735/4289 721/4290
f 721/4291 735/4292 735/4293
f 721/4294 735/4295 722/4296
f 722/4297 735/4298 736/4299
f 722/4300 736/4301 723/4302
f 723/4303 736/4304 737/4305
f 723/4306 737/4307 724/4308
f 724/4309 737/4310 726/4311
f 724/4312 726/4313 725/4314
f 726/4315 737/4316 727/4317
f 727/4318 737/4319 738/4320
f 727/4321 738/4322 728/4323
f 728/4324 738/4325 739/4326
f 728/4327 739/4328 729/4329
f 729/4330 739/4331 739/4332
f 729/4333 739/4334 730/4335
f 730/4336 739/4337 740/4338
f 730/4339 740/4340 731/4341
f 731/4342 740/4343 733/4344
f 731/4345 733/4346 732/4347
f 733/4348 740/4349 734/4350
f 734/4351 740/4352 741/4353
f 734/4354 741/4355 735/4356
f 735/4357 741/4358 741/4359
f 735/4360 741/4361 736/4362
f 736/4363 741/4364 738/4365
f 736/4366 738/4367 737/4368
f 738/4369 741/4370 739/4371
f 739/4372 741/4373 740/4374
f 48/4375 46/4376 169/4377
f 169/4378 46/4379 742/4380
f 169/4381 742/4382 341/4383
f 341/4384 742/4385 743/4386
f 341/4387 743/4388 339/4389
f 339/4390 743/4391 744/4392
f 339/4393 744/4394 337/4395
f 337/4396 744/4397 745/4398
f 337/4399 745/4400 335/4401
f 335/4402 745/4403 746/4404
f 335/4405 746/4406 333/4407
f 333/4408 746/4409 746/4410
f 333/4411 746/4412 331/4413
f 331/4414 746/4415 747/4416
f 331/4417 747/4418 329/4419
f 329/4420 747/4421 748/4422
f 329/4423 748/4424 328/4425
f 328/4426 748/4427 748/4428
f 328/4429 748/4430 326/4431
f 326/4432 748/4433 749/4434
f 326/4435 749/4436 324/4437
f 324/4438 749/4439 750/4440
f 324/4441 750/4442 322/4443
f 322/4444 750/4445 751/4446
f 322/4447 751/4448 320/4449
f 320/4450 751/4451 751/4452
f 320/4453 751/4454 319/4455
f 319/4456 751/4457 752/4458
f 319/4459 752/4460 317/4461
f 317/4462 752/4463 753/4464
f 317/4465 753/4466 315/4467
f 315/4468 753/4469 754/4470
f 315/4471 754/4472 313/4473
f 313/4474 754/4475 754/4476
f 313/4477 754/4478 312/4479
f 312/4480 754/4481 755/4482
f 312/4483 755/4484 310/4485
f 310/4486 755/4487 755/4488
f 310/4489 755/4490 308/4491
f 308/4492 755/4493 756/4494
f 308/4495 756/4496 307/4497
f 307/4498 756/4499 757/4500
f 307/4501 757/4502 305/4503
f 305/4504 757/4505 758/4506
f 305/4507 758/4508 303/4509
f 303/4510 758/4511 758/4512
f 303/4513 758/4514 301/4515
f 301/4516 758/4517 759/4518
f 301/4519 759/4520 299/4521
f 299/4522 759/4523 760/4524
f 299/4525 760/4526 297/4527
f 297/4528 760/4529 761/4530
f 297/4531 761/4532 295/4533
f 295/4534 761/4535 762/4536
f 295/4537 762/4538 296/4539
f 762/4540 761/4541 763/4542
f 763/4543 761/4544 761/4545
f 763/4546 761/4547 764/4548
f 764/4549 761/4550 765/4551
f 764/4552 765/4553 766/4554
f 766/4555 765/4556 767/4557
f 766/4558 767/4559 768/4560
f 768/4561 767/4562 767/4563
f 768/4564 767/4565 769/4566
f 769/4567 767/4568 770/4569
f 769/4570 770/4571 771/4572
f 771/4573 770/4574 770/4575
f 771/4576 770/4577 772/4578
f 772/4579 770/4580 773/4581
f 772/4582 773/4583 774/4584
f 774/4585 773/4586 773/4587
f 774/4588 773/4589 775/4590
f 775/4591 773/4592 776/4593
f 775/4594 776/4595 777/4596
f 777/4597 776/4598 778/4599
f 777/4600 778/4601 779/4602
f 779/4603 778/4604 778/4605
f 779/4606 778/4607 780/4608
f 780/4609 778/4610 781/4611
f 780/4612 781/4613 782/4614
f 782/4615 781/4616 781/4617
f 782/4618 781/4619 783/4620
f 783/4621 781/4622 784/4623
f 783/4624 784/4625 785/4626
f 785/4627 784/4628 786/4629
f 785/4630 786/4631 787/4632
f 787/4633 786/4634 786/4635
f 787/4636 786/4637 788/4638
f 788/4639 786/4640 789/4641
f 788/4642 789/4643 790/4644
f 790/4645 789/4646 791/4647
f 790/4648 791/4649 792/4650
f 792/4651 791/4652 791/4653
f 792/4654 791/4655 793/4656
f 793/4657 791/4658 794/4659
f 793/4660 794/4661 795/4662
f 795/4663 794/4664 796/4665
f 795/4666 796/4667 797/4668
f 797/4669 796/4670 796/4671
f 797/4672 796/4673 798/4674
f 798/4675 796/4676 799/4677
f 798/4678 799/4679 800/4680
f 800/4681 799/4682 801/4683
f 800/4684 801/4685 802/4686
f 802/4687 801/4688 803/4689
f 802/4690 803/4691 804/4692
f 804/4693 803/4694 805/4695
f 804/4696 805/4697 806/4698
f 806/4699 805/4700 807/4701
f 806/4702 807/4703 808/4704
f 808/4705 807/4706 809/4707
f 808/4708 809/4709 810/4710
f 810/4711 809/4712 809/4713
f 810/4714 809/4715 811/4716
f 811/4717 809/4718 812/4719
f 811/4720 812/4721 813/4722
f 813/4723 812/4724 814/4725
f 813/4726 814/4727 240/4728
f 240/4729 814/4730 814/4731
f 240/4732 814/4733 238/4734
f 238/4735 814/4736 815/4737
f 238/4738 815/4739 236/4740
f 236/4741 815/4742 816/4743
f 236/4744 816/4745 234/4746
f 234/4747 816/4748 816/4749
f 234/4750 816/4751 232/4752
f 232/4753 816/4754 817/4755
f 232/4756 817/4757 231/4758
f 231/4759 817/4760 818/4761
f 231/4762 818/4763 229/4764
f 229/4765 818/4766 819/4767
f 229/4768 819/4769 227/4770
f 227/4771 819/4772 819/4773
f 227/4774 819/4775 225/4776
f 225/4777 819/4778 820/4779
f 225/4780 820/4781 224/4782
f 224/4783 820/4784 820/4785
f 224/4786 820/4787 222/4788
f 222/4789 820/4790 821/4791
f 222/4792 821/4793 220/4794
f 220/4795 821/4796 822/4797
f 220/4798 822/4799 219/4800
f 219/4801 822/4802 822/4803
f 219/4804 822/4805 217/4806
f 217/4807 822/4808 823/4809
f 217/4810 823/4811 215/4812
f 215/4813 823/4814 824/4815
f 215/4816 824/4817 213/4818
f 213/4819 824/4820 825/4821
f 213/4822 825/4823 211/4824
f 211/4825 825/4826 825/4827
f 211/4828 825/4829 210/4830
f 210/4831 825/4832 826/4833
f 210/4834 826/4835 208/4836
f 208/4837 826/4838 827/4839
f 208/4840 827/4841 206/4842
f 206/4843 827/4844 827/4845
f 206/4846 827/4847 205/4848
f 205/4849 827/4850 828/4851
f 205/4852 828/4853 203/4854
f 203/4855 828/4856 829/4857
f 203/4858 829/4859 201/4860
f 201/4861 829/4862 829/4863
f 201/4864 829/4865 199/4866
f 199/4867 829/4868 830/4869
f 199/4870 830/4871 197/4872
f 197/4873 830/4874 831/4875
f 197/4876 831/4877 195/4878
f 195/4879 831/4880 832/4881
f 195/4882 832/4883 193/4884
f 193/4885 832/4886 833/4887
f 193/4888 833/4889 192/4890
f 192/4891 833/4892 13/4893
f 192/4894 13/4895 15/4896
f 241/4897 813/4898 240/4899
f 814/4900 812/4901 815/4902
f 815/4903 812/4904 834/4905
f 815/4906 834/4907 816/4908
f 816/4909 834/4910 835/4911
f 816/4912 835/4913 817/4914
f 817/4915 835/4916 836/4917
f 817/4918 836/4919 818/4920
f 818/4921 836/4922 837/4923
f 818/4924 837/4925 819/4926
f 819/4927 837/4928 838/4929
f 819/4930 838/4931 820/4932
f 820/4933 838/4934 839/4935
f 820/4936 839/4937 821/4938
f 821/4939 839/4940 840/4941
f 821/4942 840/4943 822/4944
f 822/4945 840/4946 841/4947
f 822/4948 841/4949 823/4950
f 823/4951 841/4952 842/4953
f 823/4954 842/4955 824/4956
f 824/4957 842/4958 843/4959
f 824/4960 843/4961 825/4962
f 825/4963 843/4964 844/4965
f 825/4966 844/4967 826/4968
f 826/4969 844/4970 845/4971
f 826/4972 845/4973 827/4974
f 827/4975 845/4976 846/4977
f 827/4978 846/4979 828/4980
f 828/4981 846/4982 847/4983
f 828/4984 847/4985 829/4986
f 829/4987 847/4988 848/4989
f 829/4990 848/4991 830/4992
f 830/4993 848/4994 849/4995
f 830/4996 849/4997 831/4998
f 831/4999 849/5000 850/5001
f 831/5002 850/5003 832/5004
f 832/5005 850/5006 851/5007
f 832/5008 851/5009 833/5010
f 833/5011 851/5012 852/5013
f 833/5014 852/5015 13/5016
f 13/5017 852/5018 852/5019
f 13/5020 852/5021 12/5022
f 12/5023 852/5024 853/5025
f 12/5026 853/5027 9/5028
f 9/5029 853/5030 854/5031
f 9/5032 854/5033 8/5034
f 8/5035 854/5036 855/5037
f 8/5038 855/5039 5/5040
f 5/5041 855/5042 855/5043
f 5/5044 855/5045 3/5046
f 3/5047 855/5048 856/5049
f 3/5050 856/5051 1/5052
f 1/5053 856/5054 857/5055
f 1/5056 857/5057 2/5058
f 2/5059 857/5060 858/5061
f 2/5062 858/5063 61/5064
f 61/5065 858/5066 859/5067
f 61/5068 859/5069 4/5070
f 4/5071 859/5072 859/5073
f 4/5074 859/5075 62/5076
f 62/5077 859/5078 860/5079
f 62/5080 860/5081 6/5082
f 6/5083 860/5084 861/5085
f 6/5086 861/5087 7/5088
f 7/5089 861/5090 862/5091
f 7/5092 862/5093 10/5094
f 10/5095 862/5096 862/5097
f 10/5098 862/5099 11/5100
f 11/5101 862/5102 863/5103
f 11/5104 863/5105 14/5106
f 14/5107 863/5108 864/5109
f 14/5110 864/5111 16/5112
f 16/5113 864/5114 864/5115
f 16/5116 864/5117 18/5118
f 18/5119 864/5120 865/5121
f 18/5122 865/5123 20/5124
f 20/5125 865/5126 865/5127
f 20/5128 865/5129 22/5130
f 22/5131 865/5132 866/5133
f 22/5134 866/5135 24/5136
f 24/5137 866/5138 867/5139
f 24/5140 867/5141 26/5142
f 26/5143 867/5144 867/5145
f 26/5146 867/5147 28/5148
f 28/5149 867/5150 868/5151
f 28/5152 868/5153 30/5154
f 30/5155 868/5156 868/5157
f 30/5158 868/5159 32/5160
f 32/5161 868/5162 869/5163
f 32/5164 869/5165 34/5166
f 34/5167 869/5168 869/5169
f 34/5170 869/5171 36/5172
f 36/5173 869/5174 870/5175
f 36/5176 870/5177 38/5178
f 38/5179 870/5180 871/5181
f 38/5182 871/5183 40/5184
f 40/5185 871/5186 871/5187
f 40/5188 871/5189 42/5190
f 42/5191 871/5192 742/5193
f 42/5194 742/5195 44/5196
f 44/5197 742/5198 46/5199
f 742/5200 871/5201 743/5202
f 743/5203 871/5204 872/5205
f 743/5206 872/5207 744/5208
f 744/5209 872/5210 873/5211
f 744/5212 873/5213 745/5214
f 745/5215 873/5216 874/5217
f 745/5218 874/5219 746/5220
f 746/5221 874/5222 875/5223
f 746/5224 875/5225 747/5226
f 747/5227 875/5228 876/5229
f 747/5230 876/5231 748/5232
f 748/5233 876/5234 877/5235
f 748/5236 877/5237 749/5238
f 749/5239 877/5240 878/5241
f 749/5242 878/5243 750/5244
f 750/5245 878/5246 879/5247
f 750/5248 879/5249 751/5250
f 751/5251 879/5252 880/5253
f 751/5254 880/5255 752/5256
f 752/5257 880/5258 881/5259
f 752/5260 881/5261 753/5262
f 753/5263 881/5264 882/5265
f 753/5266 882/5267 754/5268
f 754/5269 882/5270 883/5271
f 754/5272 883/5273 755/5274
f 755/5275 883/5276 884/5277
f 755/5278 884/5279 756/5280
f 756/5281 884/5282 885/5283
f 756/5284 885/5285 757/5286
f 757/5287 885/5288 886/5289
f 757/5290 886/5291 758/5292
f 758/5293 886/5294 887/5295
f 758/5296 887/5297 759/5298
f 759/5299 887/5300 888/5301
f 759/5302 888/5303 760/5304
f 760/5305 888/5306 889/5307
f 760/5308 889/5309 761/5310
f 761/5311 889/5312 889/5313
f 761/5314 889/5315 765/5316
f 765/5317 889/5318 890/5319
f 765/5320 890/5321 767/5322
f 767/5323 890/5324 891/5325
f 767/5326 891/5327 770/5328
f 770/5329 891/5330 892/5331
f 770/5332 892/5333 773/5334
f 773/5335 892/5336 893/5337
f 773/5338 893/5339 776/5340
f 776/5341 893/5342 894/5343
f 776/5344 894/5345 778/5346
f 778/5347 894/5348 895/5349
f 778/5350 895/5351 781/5352
f 781/5353 895/5354 896/5355
f 781/5356 896/5357 784/5358
f 784/5359 896/5360 897/5361
f 784/5362 897/5363 786/5364
f 786/5365 897/5366 898/5367
f 786/5368 898/5369 789/5370
f 789/5371 898/5372 899/5373
f 789/5374 899/5375 791/5376
f 791/5377 899/5378 900/5379
f 791/5380 900/5381 794/5382
f 794/5383 900/5384 901/5385
f 794/5386 901/5387 796/5388
f 796/5389 901/5390 902/5391
f 796/5392 902/5393 799/5394
f 799/5395 902/5396 903/5397
f 799/5398 903/5399 801/5400
f 801/5401 903/5402 904/5403
f 801/5404 904/5405 803/5406
f 803/5407 904/5408 905/5409
f 803/5410 905/5411 805/5412
f 805/5413 905/5414 906/5415
f 805/5416 906/5417 807/5418
f 807/5419 906/5420 907/5421
f 807/5422 907/5423 809/5424
f 809/5425 907/5426 834/5427
f 809/5428 834/5429 812/5430
f 834/5431 907/5432 835/5433
f 835/5434 907/5435 908/5436
f 835/5437 908/5438 836/5439
f 836/5440 908/5441 909/5442
f 836/5443 909/5444 837/5445
f 837/5446 909/5447 910/5448
f 837/5449 910/5450 838/5451
f 838/5452 910/5453 911/5454
f 838/5455 911/5456 839/5457
f 839/5458 911/5459 912/5460
f 839/5461 912/5462 840/5463
f 840/5464 912/5465 913/5466
f 840/5467 913/5468 841/5469
f 841/5470 913/5471 914/5472
f 841/5473 914/5474 842/5475
f 842/5476 914/5477 915/5478
f 842/5479 915/5480 843/5481
f 843/5482 915/5483 916/5484
f 843/5485 916/5486 844/5487
f 844/5488 916/5489 917/5490
f 844/5491 917/5492 845/5493
f 845/5494 917/5495 918/5496
f 845/5497 918/5498 846/5499
f 846/5500 918/5501 919/5502
f 846/5503 919/5504 847/5505
f 847/5506 919/5507 920/5508
f 847/5509 920/5510 848/5511
f 848/5512 920/5513 921/5514
f 848/5515 921/5516 849/5517
f 849/5518 921/5519 922/5520
f 849/5521 922/5522 850/5523
f 850/5524 922/5525 923/5526
f 850/5527 923/5528 851/5529
f 851/5530 923/5531 924/5532
f 851/5533 924/5534 852/5535
f 852/5536 924/5537 924/5538
f 852/5539 924/5540 853/5541
f 853/5542 924/5543 925/5544
f 853/5545 925/5546 854/5547
f 854/5548 925/5549 926/5550
f 854/5551 926/5552 855/5553
f 855/5554 926/5555 927/5556
f 855/5557 927/5558 856/5559
f 856/5560 927/5561 928/5562
f 856/5563 928/5564 857/5565
f 857/5566 928/5567 929/5568
f 857/5569 929/5570 858/5571
f 858/5572 929/5573 930/5574
f 858/5575 930/5576 859/5577
f 859/5578 930/5579 931/5580
f 859/5581 931/5582 860/5583
f 860/5584 931/5585 932/5586
f 860/5587 932/5588 861/5589
f 861/5590 932/5591 933/5592
f 861/5593 933/5594 862/5595
f 862/5596 933/5597 934/5598
f 862/5599 934/5600 863/5601
f 863/5602 934/5603 935/5604
f 863/5605 935/5606 864/5607
f 864/5608 935/5609 936/5610
f 864/5611 936/5612 865/5613
f 865/5614 936/5615 937/5616
f 865/5617 937/5618 866/5619
f 866/5620 937/5621 938/5622
f 866/5623 938/5624 867/5625
f 867/5626 938/5627 939/5628
f 867/5629 939/5630 868/5631
f 868/5632 939/5633 940/5634
f 868/5635 940/5636 869/5637
f 869/5638 940/5639 941/5640
f 869/5641 941/5642 870/5643
f 870/5644 941/5645 872/5646
f 870/5647 872/5648 871/5649
f 872/5650 941/5651 873/5652
f 873/5653 941/5654 942/5655
f 873/5656 942/5657 874/5658
f 874/5659 942/5660 943/5661
f 874/5662 943/5663 875/5664
f 875/5665 943/5666 944/5667
f 875/5668 944/5669 876/5670
f 876/5671 944/5672 945/5673
f 876/5674 945/5675 877/5676
f 877/5677 945/5678 946/5679
f 877/5680 946/5681 878/5682
f 878/5683 946/5684 947/5685
f 878/5686 947/5687 879/5688
f 879/5689 947/5690 948/5691
f 879/5692 948/5693 880/5694
f 880/5695 948/5696 949/5697
f 880/5698 949/5699 881/5700
f 881/5701 949/5702 950/5703
f 881/5704 950/5705 882/5706
f 882/5707 950/5708 951/5709
f 882/5710 951/5711 883/5712
f 883/5713 951/5714 952/5715
f 883/5716 952/5717 884/5718
f 884/5719 952/5720 953/5721
f 884/5722 953/5723 885/5724
f 885/5725 953/5726 954/5727
f 885/5728 954/5729 886/5730
f 886/5731 954/5732 955/5733
f 886/5734 955/5735 887/5736
f 887/5737 955/5738 956/5739
f 887/5740 956/5741 888/5742
f 888/5743 956/5744 957/5745
f 888/5746 957/5747 889/5748
f 889/5749 957/5750 957/5751
f 889/5752 957/5753 890/5754
f 890/5755 957/5756 958/5757
f 890/5758 958/5759 891/5760
f 891/5761 958/5762 959/5763
f 891/5764 959/5765 892/5766
f 892/5767 959/5768 960/5769
f 892/5770 960/5771 893/5772
f 893/5773 960/5774 961/5775
f 893/5776 961/5777 894/5778
f 894/5779 961/5780 962/5781
f 894/5782 962/5783 895/5784
f 895/5785 962/5786 963/5787
f 895/5788 963/5789 896/5790
f 896/5791 963/5792 964/5793
f 896/5794 964/5795 897/5796
f 897/5797 964/5798 965/5799
f 897/5800 965/5801 898/5802
f 898/5803 965/5804 966/5805
f 898/5806 966/5807 899/5808
f 899/5809 966/5810 967/5811
f 899/5812 967/5813 900/5814
f 900/5815 967/5816 968/5817
f 900/5818 968/5819 901/5820
f 901/5821 968/5822 969/5823
f 901/5824 969/5825 902/5826
f 902/5827 969/5828 970/5829
f 902/5830 970/5831 903/5832
f 903/5833 970/5834 971/5835
f 903/5836 971/5837 904/5838
f 904/5839 971/5840 972/5841
f 904/5842 972/5843 905/5844
f 905/5845 972/5846 973/5847
f 905/5848 973/5849 906/5850
f 906/5851 973/5852 908/5853
f 906/5854 908/5855 907/5856
f 908/5857 973/5858 909/5859
f 909/5860 973/5861 974/5862
f 909/5863 974/5864 910/5865
f 910/5866 974/5867 975/5868
f 910/5869 975/5870 911/5871
f 911/5872 975/5873 976/5874
f 911/5875 976/5876 912/5877
f 912/5878 976/5879 977/5880
f 912/5881 977/5882 913/5883
f 913/5884 977/5885 978/5886
f 913/5887 978/5888 914/5889
f 914/5890 978/5891 979/5892
f 914/5893 979/5894 915/5895
f 915/5896 979/5897 980/5898
f 915/5899 980/5900 916/5901
f 916/5902 980/5903 981/5904
f 916/5905 981/5906 917/5907
f 917/5908 981/5909 982/5910
f 917/5911 982/5912 918/5913
f 918/5914 982/5915 983/5916
f 918/5917 983/5918 919/5919
f 919/5920 983/5921 984/5922
f 919/5923 984/5924 920/5925
f 920/5926 984/5927 985/5928
f 920/5929 985/5930 921/5931
f 921/5932 985/5933 986/5934
f 921/5935 986/5936 922/5937
f 922/5938 986/5939 987/5940
f 922/5941 987/5942 923/5943
f 923/5944 987/5945 988/5946
f 923/5947 988/5948 924/5949
f 924/5950 988/5951 988/5952
f 924/5953 988/5954 925/5955
f 925/5956 988/5957 989/5958
f 925/5959 989/5960 926/5961
f 926/5962 989/5963 990/5964
f 926/5965 990/5966 927/5967
f 927/5968 990/5969 991/5970
f 927/5971 991/5972 928/5973
f 928/5974 991/5975 992/5976
f 928/5977 992/5978 929/5979
f 929/5980 992/5981 993/5982
f 929/5983 993/5984 930/5985
f 930/5986 993/5987 994/5988
f 930/5989 994/5990 931/5991
f 931/5992 994/5993 995/5994
f 931/5995 995/5996 932/5997
f 932/5998 995/5999 996/6000
f 932/6001 996/6002 933/6003
f 933/6004 996/6005 997/6006
f 933/6007 997/6008 934/6009
f 934/6010 997/6011 998/6012
f 934/6013 998/6014 935/6015
f 935/6016 998/6017 999/6018
f 935/6019 999/6020 936/6021
f 936/6022 999/6023 1000/6024
f 936/6025 1000/6026 937/6027
f 937/6028 1000/6029 1001/6030
f 937/6031 1001/6032 938/6033
f 938/6034 1001/6035 1002/6036
f 938/6037 1002/6038 939/6039
f 939/6040 1002/6041 1003/6042
f 939/6043 1003/6044 940/6045
f 940/6046 1003/6047 942/6048
f 940/6049 942/6050 941/6051
f 942/6052 1003/6053 943/6054
f 943/6055 1003/6056 1004/6057
f 943/6058 1004/6059 944/6060
f 944/6061 1004/6062 1005/6063
f 944/6064 1005/6065 945/6066
f 945/6067 1005/6068 1006/6069
f 945/6070 1006/6071 946/6072
f 946/6073 1006/6074 1007/6075
f 946/6076 1007/6077 947/6078
f 947/6079 1007/6080 1008/6081
f 947/6082 1008/6083 948/6084
f 948/6085 1008/6086 1009/6087
f 948/6088 1009/6089 949/6090
f 949/6091 1009/6092 1010/6093
f 949/6094 1010/6095 950/6096
f 950/6097 1010/6098 1011/6099
f 950/6100 1011/6101 951/6102
f 951/6103 1011/6104 1012/6105
f 951/6106 1012/6107 952/6108
f 952/6109 1012/6110 1013/6111
f 952/6112 1013/6113 953/6114
f 953/6115 1013/6116 1014/6117
f 953/6118 1014/6119 954/6120
f 954/6121 1014/6122 1015/6123
f 954/6124 1015/6125 955/6126
f 955/6127 1015/6128 1016/6129
f 955/6130 1016/6131 956/6132
f 956/6133 1016/6134 1017/6135
f 956/6136 1017/6137 957/6138
f 957/6139 1017/6140 1017/6141
f 957/6142 1017/6143 958/6144
f 958/6145 1017/6146 1018/6147
f 958/6148 1018/6149 959/6150
f 959/6151 1018/6152 1019/6153
f 959/6154 1019/6155 960/6156
f 960/6157 1019/6158 1020/6159
f 960/6160 1020/6161 961/6162
f 961/6163 1020/6164 1021/6165
f 961/6166 1021/6167 962/6168
f 962/6169 1021/6170 1022/6171
f 962/6172 1022/6173 963/6174
f 963/6175 1022/6176 1023/6177
f 963/6178 1023/6179 964/6180
f 964/6181 1023/6182 1024/6183
f 964/6184 1024/6185 965/6186
f 965/6187 1024/6188 1025/6189
f 965/6190 1025/6191 966/6192
f 966/6193 1025/6194 1026/6195
f 966/6196 1026/6197 967/6198
f 967/6199 1026/6200 1027/6201
f 967/6202 1027/6203 968/6204
f 968/6205 1027/6206 1028/6207
f 968/6208 1028/6209 969/6210
f 969/6211 1028/6212 1029/6213
f 969/6214 1029/6215 970/6216
f 970/6217 1029/6218 1030/6219
f 970/6220 1030/6221 971/6222
f 971/6223 1030/6224 1031/6225
f 971/6226 1031/6227 972/6228
f 972/6229 1031/6230 974/6231
f 972/6232 974/6233 973/6234
f 974/6235 1031/6236 975/6237
f 975/6238 1031/6239 1032/6240
f 975/6241 1032/6242 976/6243
f 976/6244 1032/6245 1033/6246
f 976/6247 1033/6248 977/6249
f 977/6250 1033/6251 1034/6252
f 977/6253 1034/6254 978/6255
f 978/6256 1034/6257 1035/6258
f 978/6259 1035/6260 979/6261
f 979/6262 1035/6263 1036/6264
f 979/6265 1036/6266 980/6267
f 980/6268 1036/6269 1037/6270
f 980/6271 1037/6272 981/6273
f 981/6274 1037/6275 1038/6276
f 981/6277 1038/6278 982/6279
f 982/6280 1038/6281 1039/6282
f 982/6283 1039/6284 983/6285
f 983/6286 1039/6287 1040/6288
f 983/6289 1040/6290 984/6291
f 984/6292 1040/6293 1041/6294
f 984/6295 1041/6296 985/6297
f 985/6298 1041/6299 1042/6300
f 985/6301 1042/6302 986/6303
f 986/6304 1042/6305 1043/6306
f 986/6307 1043/6308 987/6309
f 987/6310 1043/6311 1044/6312
f 987/6313 1044/6314 988/6315
f 988/6316 1044/6317 1044/6318
f 988/6319 1044/6320 989/6321
f 989/6322 1044/6323 1045/6324
f 989/6325 1045/6326 990/6327
f 990/6328 1045/6329 1046/6330
f 990/6331 1046/6332 991/6333
f 991/6334 1046/6335 1047/6336
f 991/6337 1047/6338 992/6339
f 992/6340 1047/6341 1048/6342
f 992/6343 1048/6344 993/6345
f 993/6346 1048/6347 1049/6348
f 993/6349 1049/6350 994/6351
f 994/6352 1049/6353 1050/6354
f 994/6355 1050/6356 995/6357
f 995/6358 1050/6359 1051/6360
f 995/6361 1051/6362 996/6363
f 996/6364 1051/6365 1052/6366
f 996/6367 1052/6368 997/6369
f 997/6370 1052/6371 1053/6372
f 997/6373 1053/6374 998/6375
f 998/6376 1053/6377 1054/6378
f 998/6379 1054/6380 999/6381
f 999/6382 1054/6383 1055/6384
f 999/6385 1055/6386 1000/6387
f 1000/6388 1055/6389 1056/6390
f 1000/6391 1056/6392 1001/6393
f 1001/6394 1056/6395 1057/6396
f 1001/6397 1057/6398 1002/6399
f 1002/6400 1057/6401 1004/6402
f 1002/6403 1004/6404 1003/6405
f 1004/6406 1057/6407 1005/6408
f 1005/6409 1057/6410 1058/6411
f 1005/6412 1058/6413 1006/6414
f 1006/6415 1058/6416 1059/6417
f 1006/6418 1059/6419 1007/6420
f 1007/6421 1059/6422 1060/6423
f 1007/6424 1060/6425 1008/6426
f 1008/6427 1060/6428 1061/6429
f 1008/6430 1061/6431 1009/6432
f 1009/6433 1061/6434 1062/6435
f 1009/6436 1062/6437 1010/6438
f 1010/6439 1062/6440 1063/6441
f 1010/6442 1063/6443 1011/6444
f 1011/6445 1063/6446 1064/6447
f 1011/6448 1064/6449 1012/6450
f 1012/6451 1064/6452 1065/6453
f 1012/6454 1065/6455 1013/6456
f 1013/6457 1065/6458 1066/6459
f 1013/6460 1066/6461 1014/6462
f 1014/6463 1066/6464 1067/6465
f 1014/6466 1067/6467 1015/6468
f 1015/6469 1067/6470 1068/6471
f 1015/6472 1068/6473 1016/6474
f 1016/6475 1068/6476 1069/6477
f 1016/6478 1069/6479 1017/6480
f 1017/6481 1069/6482 1069/6483
f 1017/6484 1069/6485 1018/6486
f 1018/6487 1069/6488 1070/6489
f 1018/6490 1070/6491 1019/6492
f 1019/6493 1070/6494 1071/6495
f 1019/6496 1071/6497 1020/6498
f 1020/6499 1071/6500 1072/6501
f 1020/6502 1072/6503 1021/6504
f 1021/6505 1072/6506 1073/6507
f 1021/6508 1073/6509 1022/6510
f 1022/6511 1073/6512 1074/6513
f 1022/6514 1074/6515 1023/6516
f 1023/6517 1074/6518 1075/6519
f 1023/6520 1075/6521 1024/6522
f 1024/6523 1075/6524 1076/6525
f 1024/6526 1076/6527 1025/6528
f 1025/6529 1076/6530 1077/6531
f 1025/6532 1077/6533 1026/6534
f 1026/6535 1077/6536 1078/6537
f 1026/6538 1078/6539 1027/6540
f 1027/6541 1078/6542 1079/6543
f 1027/6544 1079/6545 1028/6546
f 1028/6547 1079/6548 1080/6549
f 1028/6550 1080/6551 1029/6552
f 1029/6553 1080/6554 1081/6555
f 1029/6556 1081/6557 1030/6558
f 1030/6559 1081/6560 1032/6561
f 1030/6562 1032/6563 1031/6564
f 1032/6565 1081/6566 1033/6567
f 1033/6568 1081/6569 1082/6570
f 1033/6571 1082/6572 1034/6573
f 1034/6574 1082/6575 1083/6576
f 1034/6577 1083/6578 1035/6579
f 1035/6580 1083/6581 1084/6582
f 1035/6583 1084/6584 1036/6585
f 1036/6586 1084/6587 1085/6588
f 1036/6589 1085/6590 1037/6591
f 1037/6592 1085/6593 1086/6594
f 1037/6595 1086/6596 1038/6597
f 1038/6598 1086/6599 1087/6600
f 1038/6601 1087/6602 1039/6603
f 1039/6604 1087/6605 1088/6606
f 1039/6607 1088/6608 1040/6609
f 1040/6610 1088/6611 1089/6612
f 1040/6613 1089/6614 1041/6615
f 1041/6616 1089/6617 1090/6618
f 1041/6619 1090/6620 1042/6621
f 1042/6622 1090/6623 1091/6624
f 1042/6625 1091/6626 1043/6627
f 1043/6628 1091/6629 1092/6630
f 1043/6631 1092/6632 1044/6633
f 1044/6634 1092/6635 1092/6636
f 1044/6637 1092/6638 1045/6639
f 1045/6640 1092/6641 1093/6642
f 1045/6643 1093/6644 1046/6645
f 1046/6646 1093/6647 1094/6648
f 1046/6649 1094/6650 1047/6651
f 1047/6652 1094/6653 1095/6654
f 1047/6655 1095/6656 1048/6657
f 1048/6658 1095/6659 1096/6660
f 1048/6661 1096/6662 1049/6663
f 1049/6664 1096/6665 1097/6666
f 1049/6667 1097/6668 1050/6669
f 1050/6670 1097/6671 1098/6672
f 1050/6673 1098/6674 1051/6675
f 1051/6676 1098/6677 1099/6678
f 1051/6679 1099/6680 1052/6681
f 1052/6682 1099/6683 1100/6684
f 1052/6685 1100/6686 1053/6687
f 1053/6688 1100/6689 1101/6690
f 1053/6691 1101/6692 1054/6693
f 1054/6694 1101/6695 1102/6696
f 1054/6697 1102/6698 1055/6699
f 1055/6700 1102/6701 1103/6702
f 1055/6703 1103/6704 1056/6705
f 1056/6706 1103/6707 1058/6708
f 1056/6709 1058/6710 1057/6711
f 1058/6712 1103/6713 1059/6714
f 1059/6715 1103/6716 1104/6717
f 1059/6718 1104/6719 1060/6720
f 1060/6721 1104/6722 1105/6723
f 1060/6724 1105/6725 1061/6726
f 1061/6727 1105/6728 1106/6729
f 1061/6730 1106/6731 1062/6732
f 1062/6733 1106/6734 1107/6735
f 1062/6736 1107/6737 1063/6738
f 1063/6739 1107/6740 1108/6741
f 1063/6742 1108/6743 1064/6744
f 1064/6745 1108/6746 1109/6747
f 1064/6748 1109/6749 1065/6750
f 1065/6751 1109/6752 1110/6753
f 1065/6754 1110/6755 1066/6756
f 1066/6757 1110/6758 1111/6759
f 1066/6760 1111/6761 1067/6762
f 1067/6763 1111/6764 1112/6765
f 1067/6766 1112/6767 1068/6768
f 1068/6769 1112/6770 1113/6771
f 1068/6772 1113/6773 1069/6774
f 1069/6775 1113/6776 1113/6777
f 1069/6778 1113/6779 1070/6780
f 1070/6781 1113/6782 1114/6783
f 1070/6784 1114/6785 1071/6786
f 1071/6787 1114/6788 1115/6789
f 1071/6790 1115/6791 1072/6792
f 1072/6793 1115/6794 1116/6795
f 1072/6796 1116/6797 1073/6798
f 1073/6799 1116/6800 1117/6801
f 1073/6802 1117/6803 1074/6804
f 1074/6805 1117/6806 1118/6807
f 1074/6808 1118/6809 1075/6810
f 1075/6811 1118/6812 1119/6813
f 1075/6814 1119/6815 1076/6816
f 1076/6817 1119/6818 1120/6819
f 1076/6820 1120/6821 1077/6822
f 1077/6823 1120/6824 1121/6825
f 1077/6826 1121/6827 1078/6828
f 1078/6829 1121/6830 1122/6831
f 1078/6832 1122/6833 1079/6834
f 1079/6835 1122/6836 1123/6837
f 1079/6838 1123/6839 1080/6840
f 1080/6841 1123/6842 1082/6843
f 1080/6844 1082/6845 1081/6846
f 1082/6847 1123/6848 1083/6849
f 1083/6850 1123/6851 1124/6852
f 1083/6853 1124/6854 1084/6855
f 1084/6856 1124/6857 1125/6858
f 1084/6859 1125/6860 1085/6861
f 1085/6862 1125/6863 1126/6864
f 1085/6865 1126/6866 1086/6867
f 1086/6868 1126/6869 1127/6870
f 1086/6871 1127/6872 1087/6873
f 1087/6874 1127/6875 1128/6876
f 1087/6877 1128/6878 1088/6879
f 1088/6880 1128/6881 1129/6882
f 1088/6883 1129/6884 1089/6885
f 1089/6886 1129/6887 1130/6888
f 1089/6889 1130/6890 1090/6891
f 1090/6892 1130/6893 1131/6894
f 1090/6895 1131/6896 1091/6897
f 1091/6898 1131/6899 1132/6900
f 1091/6901 1132/6902 1092/6903
f 1092/6904 1132/6905 1132/6906
f 1092/6907 1132/6908 1093/6909
f 1093/6910 1132/6911 1133/6912
f 1093/6913 1133/6914 1094/6915
f 1094/6916 1133/6917 1134/6918
f 1094/6919 1134/6920 1095/6921
f 1095/6922 1134/6923 1135/6924
f 1095/6925 1135/6926 1096/6927
f 1096/6928 1135/6929 1136/6930
f 1096/6931 1136/6932 1097/6933
f 1097/6934 1136/6935 1137/6936
f 1097/6937 1137/6938 1098/6939
f 1098/6940 1137/6941 1138/6942
f 1098/6943 1138/6944 1099/6945
f 1099/6946 1138/6947 1139/6948
f 1099/6949 1139/6950 1100/6951
f 1100/6952 1139/6953 1140/6954
f 1100/6955 1140/6956 1101/6957
f 1101/6958 1140/6959 1141/6960
f 1101/6961 1141/6962 1102/6963
f 1102/6964 1141/6965 1104/6966
f 1102/6967 1104/6968 1103/6969
f 1104/6970 1141/6971 1105/6972
f 1105/6973 1141/6974 1142/6975
f 1105/6976 1142/6977 1106/6978
f 1106/6979 1142/6980 1143/6981
f 1106/6982 1143/6983 1107/6984
f 1107/6985 1143/6986 1144/6987
f 1107/6988 1144/6989 1108/6990
f 1108/6991 1144/6992 1145/6993
f 1108/6994 1145/6995 1109/6996
f 1109/6997 1145/6998 1146/6999
f 1109/7000 1146/7001 1110/7002
f 1110/7003 1146/7004 1147/7005
f 1110/7006 1147/7007 1111/7008
f 1111/7009 1147/7010 1148/7011
f 1111/7012 1148/7013 1112/7014
f 1112/7015 1148/7016 1149/7017
f 1112/7018 1149/7019 1113/7020
f 1113/7021 1149/7022 1149/7023
f 1113/7024 1149/7025 1114/7026
f 1114/7027 1149/7028 1150/7029
f 1114/7030 1150/7031 1115/7032
f 1115/7033 1150/7034 1151/7035
f 1115/7036 1151/7037 1116/7038
f 1116/7039 1151/7040 1152/7041
f 1116/7042 1152/7043 1117/7044
f 1117/7045 1152/7046 1153/7047
f 1117/7048 1153/7049 1118/7050
f 1118/7051 1153/7052 1154/7053
f 1118/7054 1154/7055 1119/7056
f 1119/7057 1154/7058 1155/7059
f 1119/7060 1155/7061 1120/7062
f 1120/7063 1155/7064 1156/7065
f 1120/7066 1156/7067 1121/7068
f 1121/7069 1156/7070 1157/7071
f 1121/7072 1157/7073 1122/7074
f 1122/7075 1157/7076 1124/7077
f 1122/7078 1124/7079 1123/7080
f 1124/7081 1157/7082 1125/7083
f 1125/7084 1157/7085 1158/7086
f 1125/7087 1158/7088 1126/7089
f 1126/7090 1158/7091 1159/7092
f 1126/7093 1159/7094 1127/7095
f 1127/7096 1159/7097 1160/7098
f 1127/7099 1160/7100 1128/7101
f 1128/7102 1160/7103 1161/7104
f 1128/7105 1161/7106 1129/7107
f 1129/7108 1161/7109 1162/7110
f 1129/7111 1162/7112 1130/7113
f 1130/7114 1162/7115 1163/7116
f 1130/7117 1163/7118 1131/7119
f 1131/7120 1163/7121 1164/7122
f 1131/7123 1164/7124 1132/7125
f 1132/7126 1164/7127 1164/7128
f 1132/7129 1164/7130 1133/7131
f 1133/7132 1164/7133 1165/7134
f 1133/7135 1165/7136 1134/7137
f 1134/7138 1165/7139 1166/7140
f 1134/7141 1166/7142 1135/7143
f 1135/7144 1166/7145 1167/7146
f 1135/7147 1167/7148 1136/7149
f 1136/7150 1167/7151 1168/7152
f 1136/7153 1168/7154 1137/7155
f 1137/7156 1168/7157 1169/7158
f 1137/7159 1169/7160 1138/7161
f 1138/7162 1169/7163 1170/7164
f 1138/7165 1170/7166 1139/7167
f 1139/7168 1170/7169 1171/7170
f 1139/7171 1171/7172 1140/7173
f 1140/7174 1171/7175 1142/7176
f 1140/7177 1142/7178 1141/7179
f 1142/7180 1171/7181 1143/7182
f 1143/7183 1171/7184 1172/7185
f 1143/7186 1172/7187 1144/7188
f 1144/7189 1172/7190 1173/7191
f 1144/7192 1173/7193 1145/7194
f 1145/7195 1173/7196 1174/7197
f 1145/7198 1174/7199 1146/7200
f 1146/7201 1174/7202 1175/7203
f 1146/7204 1175/7205 1147/7206
f 1147/7207 1175/7208 1176/7209
f 1147/7210 1176/7211 1148/7212
f 1148/7213 1176/7214 1177/7215
f 1148/7216 1177/7217 1149/7218
f 1149/7219 1177/7220 1177/7221
f 1149/7222 1177/7223 1150/7224
f 1150/7225 1177/7226 1178/7227
f 1150/7228 1178/7229 1151/7230
f 1151/7231 1178/7232 1179/7233
f 1151/7234 1179/7235 1152/7236
f 1152/7237 1179/7238 1180/7239
f 1152/7240 1180/7241 1153/7242
f 1153/7243 1180/7244 1181/7245
f 1153/7246 1181/7247 1154/7248
f 1154/7249 1181/7250 1182/7251
f 1154/7252 1182/7253 1155/7254
f 1155/7255 1182/7256 1183/7257
f 1155/7258 1183/7259 1156/7260
f 1156/7261 1183/7262 1158/7263
f 1156/7264 1158/7265 1157/7266
f 1158/7267 1183/7268 1159/7269
f 1159/7270 1183/7271 1184/7272
f 1159/7273 1184/7274 1160/7275
f 1160/7276 1184/7277 1185/7278
f 1160/7279 1185/7280 1161/7281
f 1161/7282 1185/7283 1186/7284
f 1161/7285 1186/7286 1162/7287
f 1162/7288 1186/7289 1187/7290
f 1162/7291 1187/7292 1163/7293
f 1163/7294 1187/7295 1188/7296
f 1163/7297 1188/7298 1164/7299
f 1164/7300 1188/7301 1188/7302
f 1164/7303 1188/7304 1165/7305
f 1165/7306 1188/7307 1189/7308
f 1165/7309 1189/7310 1166/7311
f 1166/7312 1189/7313 1190/7314
f 1166/7315 1190/7316 1167/7317
f 1167/7318 1190/7319 1191/7320
f 1167/7321 1191/7322 1168/7323
f 1168/7324 1191/7325 1192/7326
f 1168/7327 1192/7328 1169/7329
f 1169/7330 1192/7331 1193/7332
f 1169/7333 1193/7334 1170/7335
f 1170/7336 1193/7337 1172/7338
f 1170/7339 1172/7340 1171/7341
f 1172/7342 1193/7343 1173/7344
f 1173/7345 1193/7346 1194/7347
f 1173/7348 1194/7349 1174/7350
f 1174/7351 1194/7352 1195/7353
f 1174/7354 1195/7355 1175/7356
f 1175/7357 1195/7358 1196/7359
f 1175/7360 1196/7361 1176/7362
f 1176/7363 1196/7364 1197/7365
f 1176/7366 1197/7367 1177/7368
f 1177/7369 1197/7370 1197/7371
f 1177/7372 1197/7373 1178/7374
f 1178/7375 1197/7376 1198/7377
f 1178/7378 1198/7379 1179/7380
f 1179/7381 1198/7382 1199/7383
f 1179/7384 1199/7385 1180/7386
f 1180/7387 1199/7388 1200/7389
f 1180/7390 1200/7391 1181/7392
f 1181/7393 1200/7394 1201/7395
f 1181/7396 1201/7397 1182/7398
f 1182/7399 1201/7400 1184/7401
f 1182/7402 1184/7403 1183/7404
f 1184/7405 1201/7406 1185/7407
f 1185/7408 1201/7409 1202/7410
f 1185/7411 1202/7412 1186/7413
f 1186/7414 1202/7415 1203/7416
f 1186/7417 1203/7418 1187/7419
f 1187/7420 1203/7421 1204/7422
f 1187/7423 1204/7424 1188/7425
f 1188/7426 1204/7427 1204/7428
f 1188/7429 1204/7430 1189/7431
f 1189/7432 1204/7433 1205/7434
f 1189/7435 1205/7436 1190/7437
f 1190/7438 1205/7439 1206/7440
f 1190/7441 1206/7442 1191/7443
f 1191/7444 1206/7445 1207/7446
f 1191/7447 1207/7448 1192/7449
f 1192/7450 1207/7451 1194/7452
f 1192/7453 1194/7454 1193/7455
f 1194/7456 1207/7457 1195/7458
f 1195/7459 1207/7460 1208/7461
f 1195/7462 1208/7463 1196/7464
f 1196/7465 1208/7466 1209/7467
f 1196/7468 1209/7469 1197/7470
f 1197/7471 1209/7472 1209/7473
f 1197/7474 1209/7475 1198/7476
f 1198/7477 1209/7478 1210/7479
f 1198/7480 1210/7481 1199/7482
f 1199/7483 1210/7484 1211/7485
f 1199/7486 1211/7487 1200/7488
f 1200/7489 1211/7490 1202/7491
f 1200/7492 1202/7493 1201/7494
f 1202/7495 1211/7496 1203/7497
f 1203/7498 1211/7499 1212/7500
f 1203/7501 1212/7502 1204/7503
f 1204/7504 1212/7505 1212/7506
f 1204/7507 1212/7508 1205/7509
f 1205/7510 1212/7511 1213/7512
f 1205/7513 1213/7514 1206/7515
f 1206/7516 1213/7517 1208/7518
f 1206/7519 1208/7520 1207/7521
f 1208/7522 1213/7523 1209/7524
f 1209/7525 1213/7526 1213/7527
f 1209/7528 1213/7529 1210/7530
f 1210/7531 1213/7532 1212/7533
f 1210/7534 1212/7535 1211/7536
f 167/7537 1214/7538 114/7539
f 114/7540 1214/7541 115/7542
f 113/7543 116/7544 168/7545
f 168/7546 116/7547 1215/7548
f 1214/7549 1215/7550 115/7551
f 115/7552 1215/7553 116/7554
f 800/7555 802/7556 167/7557
f 167/7558 802/7559 804/7560
f 167/7561 804/7562 167/7563
f 167/7564 804/7565 806/7566
f 167/7567 806/7568 167/7569
f 167/7570 806/7571 808/7572
f 167/7573 808/7574 167/7575
f 167/7576 808/7577 810/7578
f 167/7579 810/7580 167/7581
f 167/7582 810/7583 811/7584
f 167/7585 811/7586 167/7587
f 167/7588 811/7589 813/7590
f 167/7591 813/7592 167/7593
f 167/7594 813/7595 241/7596
f 167/7597 241/7598 167/7599
f 167/7600 241/7601 242/7602
f 167/7603 242/7604 167/7605
f 167/7606 242/7607 244/7608
f 167/7609 244/7610 1214/7611
f 1214/7612 244/7613 246/7614
f 1214/7615 246/7616 1214/7617
f 1214/7618 246/7619 248/7620
f 1214/7621 248/7622 1214/7623
f 1214/7624 248/7625 250/7626
f 1214/7627 250/7628 1214/7629
f 1214/7630 250/7631 251/7632
f 1214/7633 251/7634 1214/7635
f 1214/7636 251/7637 253/7638
f 1214/7639 253/7640 1214/7641
f 1214/7642 253/7643 255/7644
f 1214/7645 255/7646 1214/7647
f 1214/7648 255/7649 257/7650
f 1214/7651 257/7652 1214/7653
f 1214/7654 257/7655 259/7656
f 1214/7657 259/7658 1214/7659
f 1214/7660 259/7661 260/7662
f 1214/7663 260/7664 1214/7665
f 1214/7666 260/7667 262/7668
f 1214/7669 262/7670 1214/7671
f 1214/7672 262/7673 264/7674
f 1214/7675 264/7676 1214/7677
f 1214/7678 264/7679 266/7680
f 1214/7681 266/7682 1214/7683
f 1214/7684 266/7685 267/7686
f 1214/7687 267/7688 1214/7689
f 1214/7690 267/7691 269/7692
f 1214/7693 269/7694 1215/7695
f 1215/7696 269/7697 271/7698
f 1215/7699 271/7700 1215/7701
f 1215/7702 271/7703 272/7704
f 1215/7705 272/7706 1215/7707
f 1215/7708 272/7709 274/7710
f 1215/7711 274/7712 1215/7713
f 1215/7714 274/7715 275/7716
f 1215/7717 275/7718 1215/7719
f 1215/7720 275/7721 277/7722
f 1215/7723 277/7724 1215/7725
f 1215/7726 277/7727 279/7728
f 1215/7729 279/7730 1215/7731
f 1215/7732 279/7733 280/7734
f 1215/7735 280/7736 1215/7737
f 1215/7738 280/7739 282/7740
f 1215/7741 282/7742 1215/7743
f 1215/7744 282/7745 283/7746
f 1215/7747 283/7748 1215/7749
f 1215/7750 283/7751 285/7752
f 1215/7753 285/7754 1215/7755
f 1215/7756 285/7757 286/7758
f 1215/7759 286/7760 1215/7761
f 1215/7762 286/7763 288/7764
f 1215/7765 288/7766 1215/7767
f 1215/7768 288/7769 290/7770
f 1215/7771 290/7772 1215/7773
f 1215/7774 290/7775 291/7776
f 1215/7777 291/7778 1215/7779
f 1215/7780 291/7781 293/7782
f 1215/7783 293/7784 168/7785
f 168/7786 293/7787 294/7788
f 168/7789 294/7790 168/7791
f 168/7792 294/7793 296/7794
f 168/7795 296/7796 168/7797
f 168/7798 296/7799 762/7800
f 168/7801 762/7802 168/7803
f 168/7804 762/7805 763/7806
f 168/7807 763/7808 168/7809
f 168/7810 763/7811 764/7812
f 168/7813 764/7814 168/7815
f 168/7816 764/7817 766/7818
f 168/7819 766/7820 168/7821
f 168/7822 766/7823 768/7824
f 168/7825 768/7826 168/7827
f 168/7828 768/7829 769/7830
f 168/7831 769/7832 168/7833
f 168/7834 769/7835 771/7836
f 168/7837 771/7838 168/7839
f 168/7840 771/7841 772/7842
f 168/7843 772/7844 168/7845
f 168/7846 772/7847 774/7848
f 168/7849 774/7850 168/7851
f 168/7852 774/7853 775/7854
f 168/7855 775/7856 168/7857
f 168/7858 775/7859 777/7860
f 168/7861 777/7862 168/7863
f 168/7864 777/7865 779/7866
f 168/7867 779/7868 168/7869
f 168/7870 779/7871 780/7872
f 168/7873 780/7874 168/7875
f 168/7876 780/7877 782/7878
f 168/7879 782/7880 168/7881
f 168/7882 782/7883 783/7884
f 168/7885 783/7886 168/7887
f 168/7888 783/7889 785/7890
f 168/7891 785/7892 168/7893
f 168/7894 785/7895 787/7896
f 168/7897 787/7898 167/7899
f 167/7900 787/7901 788/7902
f 167/7903 788/7904 167/7905
f 167/7906 788/7907 790/7908
f 167/7909 790/7910 167/7911
f 167/7912 790/7913 792/7914
f 167/7915 792/7916 167/7917
f 167/7918 792/7919 793/7920
f 167/7921 793/7922 167/7923
f 167/7924 793/7925 795/7926
f 167/7927 795/7928 167/7929
f 167/7930 795/7931 797/7932
f 167/7933 797/7934 167/7935
f 167/7936 797/7937 798/7938
f 167/7939 798/7940 800/7941
