# Exported from USD for MuJoCo with source material subsets
v -16.2521623 -2.21528775 1.09634733
v -16.2507548 -2.2174421 1.10256609
v -16.2507507 -2.21744818 1.09012126
v -16.2473497 -2.22265453 1.10514738
v -16.2473497 -2.22265453 1.0875474
v -16.8364384 -1.83574069 1.09575138
v -16.6492973 -1.83574075 1.09575138
v -16.8364381 -1.39842833 1.09575138
v -16.6492972 -1.39842839 1.09575138
v -16.6400334 -1.73615319 1.15955131
v -16.6400334 -1.73615319 1.09355144
v -16.5960109 -1.73615319 1.15955131
v -16.5960109 -1.73615319 1.09355144
v -16.2473495 -2.51485009 0.489711517
v -16.2473495 -2.51485009 0.567096407
v -16.2583495 -2.51485009 0.489711517
v -16.2583495 -2.51485009 0.567096407
v -16.5960109 -1.49707348 1.15955131
v -16.5960109 -1.49707348 1.09355144
v -16.6400109 -1.49707348 1.15955131
v -16.6400332 -1.49707348 1.09355144
v -16.2473497 -2.38149614 0.936800772
v -16.2473497 -2.38084144 0.941766703
v -16.2528496 -2.38149614 0.936800772
v -16.2528496 -2.38084144 0.941766703
v -16.2473497 -2.37892587 0.946387971
v -16.2528496 -2.37892587 0.946387971
v -16.2473497 -2.37587935 0.950357223
v -16.2528496 -2.37587935 0.950357223
v -16.2473497 -2.37190694 0.953403437
v -16.2528496 -2.37190694 0.953403437
v -16.2473497 -2.3672877 0.955316329
v -16.2528496 -2.3672877 0.955316329
v -16.2473497 -2.36232216 0.955968851
v -16.2528496 -2.36232216 0.955968851
v -16.2473497 -2.35736448 0.955315286
v -16.2528496 -2.35736448 0.955315286
v -16.2473497 -2.35273988 0.953398848
v -16.2528496 -2.35273988 0.953398848
v -16.2473497 -2.34877044 0.950351233
v -16.2528496 -2.34877044 0.950351292
v -16.2473497 -2.3457262 0.946382994
v -16.2528496 -2.3457262 0.946382994
v -16.2473497 -2.34381134 0.941756511
v -16.2528496 -2.34381134 0.941756511
v -16.2473497 -2.34315914 0.936800772
v -16.2528496 -2.34315914 0.936800772
v -16.2528496 -2.38084394 0.931845093
v -16.2473497 -2.38084394 0.931845093
v -16.2528496 -2.3789292 0.92721861
v -16.2473497 -2.3789292 0.92721861
v -16.2528496 -2.37588496 0.923250223
v -16.2473497 -2.37588472 0.923250342
v -16.2528496 -2.37191552 0.920202667
v -16.2473496 -2.37191552 0.920202667
v -16.2528496 -2.3672908 0.918286288
v -16.2473496 -2.3672908 0.918286288
v -16.2528496 -2.362333 0.917632664
v -16.2473496 -2.362333 0.917632664
v -16.2528496 -2.35736758 0.918285185
v -16.2473496 -2.35736758 0.918285185
v -16.2528496 -2.35274834 0.920198107
v -16.2473496 -2.35274834 0.920198107
v -16.2528496 -2.34877605 0.923244381
v -16.2473497 -2.34877605 0.923244381
v -16.2528496 -2.34572954 0.927213604
v -16.2473497 -2.34572954 0.927213604
v -16.2528496 -2.34381384 0.931834871
v -16.2473497 -2.34381384 0.931834871
v -16.2473497 -2.45849616 0.936800772
v -16.2473497 -2.45784134 0.941766703
v -16.2528496 -2.45849616 0.936800772
v -16.2528496 -2.45784134 0.941766703
v -16.2473497 -2.45592589 0.946387971
v -16.2528496 -2.45592589 0.946387971
v -16.2473497 -2.45287937 0.950357223
v -16.2528496 -2.45287937 0.950357223
v -16.2473497 -2.44890696 0.953403437
v -16.2528496 -2.44890696 0.953403437
v -16.2473497 -2.44428772 0.955316329
v -16.2528496 -2.44428772 0.955316329
v -16.2473497 -2.43932218 0.955968851
v -16.2528496 -2.43932218 0.955968851
v -16.2473497 -2.4343645 0.955315286
v -16.2528496 -2.4343645 0.955315286
v -16.2473497 -2.4297399 0.953398848
v -16.2528496 -2.4297399 0.953398848
v -16.2473497 -2.42577047 0.950351233
v -16.2528496 -2.42577047 0.950351292
v -16.2473497 -2.42272622 0.946382994
v -16.2528496 -2.42272622 0.946382994
v -16.2473497 -2.42081124 0.941756511
v -16.2528496 -2.42081124 0.941756511
v -16.2473497 -2.42015917 0.936800772
v -16.2528496 -2.42015917 0.936800772
v -16.2528496 -2.45784396 0.931845093
v -16.2473497 -2.45784396 0.931845093
v -16.2528496 -2.45592922 0.92721861
v -16.2473497 -2.45592922 0.92721861
v -16.2528496 -2.45288474 0.923250223
v -16.2473497 -2.45288474 0.923250342
v -16.2528496 -2.44891555 0.920202667
v -16.2473497 -2.44891555 0.920202667
v -16.2528496 -2.44429082 0.918286288
v -16.2473497 -2.44429082 0.918286288
v -16.2528496 -2.43933303 0.917632664
v -16.2473497 -2.43933303 0.917632664
v -16.2528496 -2.4343676 0.918285185
v -16.2473497 -2.4343676 0.918285185
v -16.2528496 -2.42974824 0.920198107
v -16.2473497 -2.42974824 0.920198107
v -16.2528496 -2.42577595 0.923244381
v -16.2473497 -2.42577595 0.923244381
v -16.2528496 -2.42272956 0.927213604
v -16.2473497 -2.42272956 0.927213604
v -16.2528496 -2.42081386 0.931834871
v -16.2473497 -2.42081386 0.931834871
v -16.2473495 -2.49805099 0.567096407
v -16.2473495 -2.49805099 0.489711517
v -16.2583495 -2.49805099 0.567096407
v -16.2583495 -2.49805099 0.489711517
v -16.2560099 -2.21653218 1.09368658
v -16.2552705 -2.21776778 1.0909467
v -16.2592925 -2.21847243 1.0909467
v -16.258025 -2.22084004 1.0886486
v -16.2620786 -2.22135574 1.0886486
v -16.2604715 -2.22483868 1.0875573
v -16.2646761 -2.22516054 1.0875573
v -16.2631668 -2.22920663 1.08845329
v -16.2675424 -2.22929818 1.08845329
v -16.2666232 -2.23270804 1.09161809
v -16.2713242 -2.2324577 1.09161809
v -16.267369 -2.2340259 1.09634733
v -16.2724174 -2.23366732 1.09634733
v -16.2758143 -2.23168892 1.09161809
v -16.2772992 -2.23268325 1.09634733
v -16.2801111 -2.23030586 1.09161809
v -16.2819105 -2.23097855 1.09634733
v -16.2840075 -2.22830409 1.09161809
v -16.286078 -2.22852928 1.09634733
v -16.2875182 -2.22561724 1.09161809
v -16.2897842 -2.22525853 1.09634733
v -16.2905568 -2.22224004 1.09161809
v -16.2928291 -2.22131604 1.09634733
v -16.2929234 -2.21846265 1.09161809
v -16.2950809 -2.21707351 1.09634733
v -16.2947015 -2.21443016 1.09161809
v -16.296734 -2.21255225 1.09634733
v -16.2960294 -2.21009702 1.09161809
v -16.2979306 -2.20772678 1.09634733
v -16.296996 -2.20548088 1.09161809
v -16.2987507 -2.20271427 1.09634733
v -16.2976529 -2.20075399 1.09161809
v -16.2992717 -2.19774551 1.09634733
v -16.2980751 -2.19609422 1.09161809
v -16.2995906 -2.19286174 1.09634733
v -16.2983405 -2.19146568 1.09161809
v -16.2997836 -2.18796617 1.09634733
v -16.2985022 -2.18680436 1.09161809
v -16.299893 -2.18304819 1.09634733
v -16.2985941 -2.18212826 1.09161809
v -16.2999461 -2.17816204 1.09634733
v -16.2986388 -2.17747838 1.09161809
v -16.2999635 -2.17329866 1.09634733
v -16.2986526 -2.17284459 1.09161809
v -16.2999541 -2.1684292 1.09634733
v -16.2986422 -2.16820509 1.09161809
v -16.2999176 -2.16353208 1.09634733
v -16.2986066 -2.16354174 1.09161809
v -16.2998453 -2.15861363 1.09634733
v -16.2985383 -2.15886277 1.09161809
v -16.2997192 -2.15368647 1.09634733
v -16.2984213 -2.15418488 1.09161809
v -16.2995095 -2.14871735 1.09634733
v -16.2982323 -2.14948184 1.09161809
v -16.2979339 -2.14474756 1.09161809
v -16.2948145 -2.1485948 1.08845329
v -16.2944884 -2.14397449 1.08845329
v -16.2906346 -2.14751 1.0875573
v -16.2902748 -2.14302904 1.0875573
v -16.2869219 -2.14654655 1.0886486
v -16.2865323 -2.14218921 1.0886486
v -16.2843224 -2.14587182 1.0909467
v -16.2839118 -2.14160115 1.0909467
v -16.2829286 -2.14551014 1.09368658
v -16.2825068 -2.14128584 1.09368658
v -16.2823617 -2.14351064 1.09634733
v -16.2817467 -2.13864834 1.09634733
v -16.281906 -2.1373002 1.09368658
v -16.28074 -2.13385255 1.09634733
v -16.2810733 -2.1336239 1.09368658
v -16.2800031 -2.13048 1.09368658
v -16.2814432 -2.13049847 1.0909467
v -16.2801372 -2.12780875 1.0909467
v -16.282807 -2.12751145 1.0886486
v -16.2812768 -2.12513179 1.0886486
v -16.2849804 -2.12413449 1.0875573
v -16.2830557 -2.12171835 1.0875573
v -16.2869665 -2.11988575 1.08845329
v -16.2843404 -2.11726815 1.08845329
v -16.2872063 -2.11520559 1.09161809
v -16.2836227 -2.1125812 1.09161809
v -16.286083 -2.11257965 1.09634733
v -16.2818348 -2.11013121 1.09634733
v -16.2796467 -2.11068589 1.09161809
v -16.2772106 -2.10853011 1.09634733
v -16.2752437 -2.10946781 1.09161809
v -16.2721994 -2.10767741 1.09634733
v -16.2706222 -2.10890574 1.09161809
v -16.2671774 -2.10752529 1.09634733
v -16.2659463 -2.10891063 1.09161809
v -16.262099 -2.10791439 1.09634733
v -16.2611882 -2.10937518 1.09161809
v -16.2570912 -2.10872013 1.09634733
v -16.2565257 -2.11018736 1.09161809
v -16.2521992 -2.10983712 1.09634733
v -16.2519231 -2.11127431 1.09161809
v -16.2473496 -2.11120695 1.09634733
v -16.2473496 -2.11288852 1.09117387
v -16.2517844 -2.11480254 1.08845329
v -16.2473496 -2.11728985 1.08797746
v -16.2516152 -2.11911744 1.0875573
v -16.2473496 -2.12272889 1.08797904
v -16.2514648 -2.1229499 1.0886486
v -16.2513595 -2.1256333 1.0909467
v -16.255278 -2.12450296 1.0909467
v -16.255153 -2.12593753 1.09368658
v -16.2588793 -2.1250152 1.09368658
v -16.2567155 -2.12592537 1.09634733
v -16.2615029 -2.12487799 1.09634733
v -16.2624501 -2.12432844 1.09368658
v -16.2663598 -2.1242376 1.09634733
v -16.2656666 -2.12391753 1.09368658
v -16.2684996 -2.12376351 1.09368658
v -16.266118 -2.12255031 1.0909467
v -16.2691138 -2.1224615 1.0909467
v -16.2669597 -2.12000055 1.0886486
v -16.2702594 -2.12003333 1.0886486
v -16.2681619 -2.11635858 1.0875573
v -16.2718955 -2.11656517 1.0875573
v -16.2695156 -2.11225838 1.08845329
v -16.2737375 -2.11266035 1.08845329
v -16.277684 -2.1136207 1.08845329
v -16.2811935 -2.11514241 1.08845329
v -16.2808357 -2.11979086 1.0875573
v -16.2795821 -2.12334592 1.0886486
v -16.2786836 -2.12583024 1.0909467
v -16.2787058 -2.12796814 1.09368658
v -16.2790293 -2.12926335 1.09634733
v -16.2651655 -2.11235399 1.08845329
v -16.2642105 -2.11656505 1.0875573
v -16.2633624 -2.12030536 1.0886486
v -16.2627684 -2.12292427 1.0909467
v -16.2590896 -2.12359077 1.0909467
v -16.2555112 -2.12182767 1.0886486
v -16.2558442 -2.11800677 1.0875573
v -16.2562191 -2.11370487 1.08845329
v -16.2606726 -2.11286814 1.08845329
v -16.2600419 -2.11714 1.0875573
v -16.2594818 -2.12093419 1.0886486
v -16.271256 -2.12421531 1.09634733
v -16.2708582 -2.12382645 1.09368658
v -16.2716586 -2.12262971 1.0909467
v -16.2731514 -2.12039775 1.0886486
v -16.2752836 -2.11720986 1.0875573
v -16.2782227 -2.11827487 1.0875573
v -16.2777226 -2.1220314 1.0886486
v -16.27715 -2.12448556 1.0909467
v -16.2772933 -2.12620456 1.09368658
v -16.2759078 -2.12554855 1.09634733
v -16.2758459 -2.12509662 1.09368658
v -16.2727459 -2.12404961 1.09368658
v -16.275543 -2.12360007 1.0909467
v -16.2737365 -2.12300498 1.0909467
v -16.2755841 -2.12105698 1.0886486
v -16.2519998 -2.12725956 1.09634733
v -16.251303 -2.12707204 1.09368658
v -16.2473496 -2.12880713 1.09634733
v -16.2473496 -2.12712735 1.09117644
v -16.2897364 -2.11580521 1.09634733
v -16.2901643 -2.11838741 1.09161809
v -16.2926667 -2.11962885 1.09634733
v -16.2925599 -2.12209374 1.09161809
v -16.2949561 -2.12397844 1.09634733
v -16.2944227 -2.12621815 1.09161809
v -16.2966469 -2.12871486 1.09634733
v -16.2958136 -2.13068384 1.09161809
v -16.2978354 -2.13364047 1.09634733
v -16.296797 -2.13529116 1.09161809
v -16.298643 -2.13868505 1.09634733
v -16.2974804 -2.14002771 1.09161809
v -16.2991705 -2.14370376 1.09634733
v -16.2940021 -2.13941855 1.08845329
v -16.2897482 -2.13867361 1.0875573
v -16.2859699 -2.13801188 1.0886486
v -16.2833245 -2.13754863 1.0909467
v -16.2825054 -2.13377566 1.0909467
v -16.2841287 -2.13053316 1.0886486
v -16.2866198 -2.12708694 1.0875573
v -16.2891502 -2.12301177 1.08845329
v -16.2909126 -2.12660903 1.08845329
v -16.2922825 -2.13063843 1.08845329
v -16.2932853 -2.13491887 1.08845329
v -16.2889907 -2.13446349 1.0875573
v -16.2851762 -2.1340589 1.0886486
v -16.2879642 -2.13058276 1.0875573
v -16.2827408 -2.14839715 1.09634733
v -16.2832119 -2.149867 1.09368658
v -16.2845972 -2.15026016 1.0909467
v -16.2871807 -2.15099377 1.0886486
v -16.2908704 -2.15204114 1.0875573
v -16.2950246 -2.15322072 1.08845329
v -16.2951569 -2.15784616 1.08845329
v -16.2952358 -2.16248996 1.08845329
v -16.2952792 -2.16712899 1.08845329
v -16.2952955 -2.17175025 1.08845329
v -16.2952875 -2.17636616 1.08845329
v -16.2952506 -2.18099314 1.08845329
v -16.2951704 -2.18563539 1.08845329
v -16.2950269 -2.19024605 1.08845329
v -16.2947901 -2.19479973 1.08845329
v -16.2944129 -2.19935018 1.08845329
v -16.2938287 -2.20392055 1.08845329
v -16.2929763 -2.20832426 1.08845329
v -16.29182 -2.21239013 1.08845329
v -16.2902963 -2.21610445 1.08845329
v -16.2882991 -2.21952504 1.08845329
v -16.2857613 -2.22255487 1.08845329
v -16.2828304 -2.22497505 1.08845329
v -16.2795364 -2.22682185 1.08845329
v -16.2758218 -2.22815747 1.08845329
v -16.2718317 -2.22896308 1.08845329
v -16.2686663 -2.22512788 1.0875573
v -16.2660167 -2.22156662 1.0886486
v -16.2632039 -2.21891708 1.0909467
v -16.2599721 -2.21720297 1.09368658
v -16.2569537 -2.21631927 1.09634733
v -16.2618006 -2.21704478 1.09634733
v -16.2638072 -2.21760959 1.09368658
v -16.2666924 -2.21733088 1.09634733
v -16.2674586 -2.21770114 1.09368658
v -16.2707384 -2.21743995 1.09368658
v -16.2703637 -2.21883041 1.0909467
v -16.2733898 -2.21823508 1.0909467
v -16.2730037 -2.22089297 1.0886486
v -16.2758385 -2.2200026 1.0886486
v -16.2758306 -2.22383863 1.0875573
v -16.2788335 -2.22256083 1.0875573
v -16.2813908 -2.22090382 1.0875573
v -16.2836126 -2.21881003 1.0875573
v -16.285538 -2.21620483 1.0875573
v -16.2870836 -2.21322042 1.0875573
v -16.2882959 -2.2098952 1.0875573
v -16.2892422 -2.20615656 1.0875573
v -16.2899551 -2.20201189 1.0875573
v -16.2904506 -2.19763345 1.0875573
v -16.2907726 -2.19321639 1.0875573
v -16.2909745 -2.18875415 1.0875573
v -16.2910955 -2.18420584 1.0875573
v -16.2911613 -2.17960507 1.0875573
v -16.291189 -2.1750061 1.0875573
v -16.2911896 -2.17041225 1.0875573
v -16.2911662 -2.16581315 1.0875573
v -16.2911135 -2.16120357 1.0875573
v -16.2910214 -2.15660281 1.0875573
v -16.2873483 -2.15549845 1.0886486
v -16.2847764 -2.15472514 1.0909467
v -16.2833974 -2.15431053 1.09368658
v -16.2829726 -2.15329296 1.09634733
v -16.283111 -2.15819222 1.09634733
v -16.283514 -2.15883226 1.09368658
v -16.2848886 -2.15926105 1.0909467
v -16.2874522 -2.16006095 1.0886486
v -16.287513 -2.16464443 1.0886486
v -16.2875429 -2.16922373 1.0886486
v -16.2875487 -2.17379815 1.0886486
v -16.2875294 -2.17837221 1.0886486
v -16.2874764 -2.18293602 1.0886486
v -16.2873752 -2.18742925 1.0886486
v -16.2872043 -2.19180996 1.0886486
v -16.2869313 -2.19610864 1.0886486
v -16.2865146 -2.20031685 1.0886486
v -16.2859259 -2.20423085 1.0886486
v -16.2851658 -2.20767934 1.0886486
v -16.2842301 -2.21065885 1.0886486
v -16.2830853 -2.21325571 1.0886486
v -16.2817039 -2.21548385 1.0886486
v -16.2801121 -2.21728761 1.0886486
v -16.2782093 -2.21877617 1.0886486
v -16.2758442 -2.21731657 1.0909467
v -16.2735966 -2.21680993 1.09368658
v -16.2715737 -2.2169264 1.09634733
v -16.2761754 -2.21528334 1.09634733
v -16.2758471 -2.21587664 1.09368658
v -16.2775377 -2.21470565 1.09368658
v -16.2777721 -2.21612627 1.0909467
v -16.2792168 -2.21475572 1.0909467
v -16.2803676 -2.21315486 1.0909467
v -16.2813682 -2.21119088 1.0909467
v -16.282232 -2.20886547 1.0909467
v -16.2829743 -2.20612771 1.0909467
v -16.2836037 -2.20288271 1.0909467
v -16.2841056 -2.19913012 1.0909467
v -16.2844672 -2.19504089 1.0909467
v -16.2847058 -2.19082541 1.0909467
v -16.2848551 -2.18650145 1.0909467
v -16.2849423 -2.18204696 1.0909467
v -16.2849864 -2.1775089 1.0909467
v -16.2849998 -2.17295236 1.0909467
v -16.2849895 -2.16839153 1.0909467
v -16.2849551 -2.16382605 1.0909467
v -16.2835838 -2.16338724 1.09368658
v -16.2831902 -2.16309304 1.09634733
v -16.2832306 -2.16799409 1.09634733
v -16.2836206 -2.16794533 1.09368658
v -16.2836333 -2.17249865 1.09368658
v -16.2836229 -2.17704613 1.09368658
v -16.2835835 -2.18157036 1.09368658
v -16.2835039 -2.18600411 1.09368658
v -16.2833663 -2.19029755 1.09368658
v -16.283146 -2.19446844 1.09368658
v -16.2828141 -2.19849355 1.09368658
v -16.2823587 -2.20215983 1.09368658
v -16.2817992 -2.20529587 1.09368658
v -16.2811608 -2.20790381 1.09368658
v -16.2804477 -2.21008379 1.09368658
v -16.2796512 -2.21190626 1.09368658
v -16.2787368 -2.21339816 1.09368658
v -16.2793788 -2.21166915 1.09634733
v -16.2810054 -2.20705659 1.09634733
v -16.2819584 -2.20225174 1.09634733
v -16.2825327 -2.1973843 1.09634733
v -16.2828744 -2.19249505 1.09634733
v -16.283072 -2.18759794 1.09634733
v -16.2831781 -2.18269772 1.09634733
v -16.2832286 -2.17779667 1.09634733
v -16.2832431 -2.1728955 1.09634733
v -16.2724523 -2.22468919 1.0875573
v -16.2696646 -2.22142393 1.0886486
v -16.2669553 -2.21905035 1.0909467
v -16.2560095 -2.21653289 1.099007
v -16.2552702 -2.21776826 1.10174576
v -16.2538915 -2.22007186 1.10404472
v -16.2580252 -2.22083968 1.10404472
v -16.2562157 -2.22421998 1.1051364
v -16.2604723 -2.22483701 1.1051364
v -16.2586644 -2.22875542 1.10424199
v -16.2631686 -2.22920186 1.10424199
v -16.2619339 -2.2325117 1.10107999
v -16.2666242 -2.2327047 1.10107999
v -16.2713247 -2.23245425 1.10107999
v -16.2758143 -2.23168535 1.10107999
v -16.2801107 -2.2303024 1.10107999
v -16.2840062 -2.22830064 1.10107999
v -16.2875165 -2.22561402 1.10107999
v -16.2905545 -2.22223717 1.10107999
v -16.2929207 -2.21846015 1.10107999
v -16.2946987 -2.21442813 1.10107999
v -16.2960263 -2.21009523 1.10107999
v -16.2969927 -2.20547945 1.10107999
v -16.2976494 -2.20075256 1.10107999
v -16.2980718 -2.19609303 1.10107999
v -16.2983372 -2.19146449 1.10107999
v -16.2984989 -2.18680305 1.10107999
v -16.2985907 -2.18212706 1.10107999
v -16.2986355 -2.17747731 1.10107999
v -16.2986491 -2.17284352 1.10107999
v -16.2986388 -2.16820401 1.10107999
v -16.2986032 -2.16354055 1.10107999
v -16.2985349 -2.15886182 1.10107999
v -16.2984179 -2.15418405 1.10107999
v -16.2982289 -2.14948088 1.10107999
v -16.2979304 -2.14474685 1.10107999
v -16.2948095 -2.14859349 1.10424199
v -16.2944833 -2.14397342 1.10424199
v -16.2906328 -2.14750952 1.1051364
v -16.2902729 -2.14302856 1.1051364
v -16.2869216 -2.14654643 1.10404472
v -16.2865319 -2.14218909 1.10404472
v -16.2843229 -2.14587194 1.10174576
v -16.2839122 -2.14160115 1.10174576
v -16.2829295 -2.14551038 1.099007
v -16.2825075 -2.14128596 1.099007
v -16.2819069 -2.13730044 1.099007
v -16.2810741 -2.1336239 1.099007
v -16.2800041 -2.13048 1.099007
v -16.2814435 -2.13049847 1.10174576
v -16.2801377 -2.12780875 1.10174576
v -16.2828065 -2.12751157 1.10404472
v -16.2812763 -2.12513191 1.10404472
v -16.2849787 -2.12413508 1.1051364
v -16.283054 -2.12171907 1.1051364
v -16.2869618 -2.11988825 1.10424199
v -16.2843363 -2.11727125 1.10424199
v -16.2872035 -2.11520762 1.10107999
v -16.2836203 -2.1125837 1.10107999
v -16.2796447 -2.11068887 1.10107999
v -16.2752422 -2.10947079 1.10107999
v -16.2706212 -2.10890919 1.10107999
v -16.2659455 -2.1089142 1.10107999
v -16.2611877 -2.10937876 1.10107999
v -16.2565254 -2.11019093 1.10107999
v -16.2519229 -2.11127776 1.10107999
v -16.2473496 -2.11288673 1.10151822
v -16.2517843 -2.11480755 1.10424199
v -16.2473496 -2.11728544 1.10471574
v -16.2516152 -2.11911923 1.1051364
v -16.2473496 -2.12272424 1.10471733
v -16.2514648 -2.12295026 1.10404472
v -16.2513595 -2.12563283 1.10174576
v -16.255278 -2.12450272 1.10174576
v -16.2551531 -2.12593657 1.099007
v -16.2588794 -2.12501437 1.099007
v -16.2624502 -2.12432761 1.099007
v -16.2656669 -2.12391657 1.099007
v -16.2685 -2.12376279 1.099007
v -16.2661181 -2.12254984 1.10174576
v -16.2691141 -2.12246115 1.10174576
v -16.2669596 -2.12000078 1.10404472
v -16.2702592 -2.12003369 1.10404472
v -16.2681614 -2.11636025 1.1051364
v -16.2718947 -2.11656684 1.1051364
v -16.269514 -2.11226339 1.10424199
v -16.2737353 -2.11266512 1.10424199
v -16.277681 -2.113625 1.10424199
v -16.28119 -2.11514622 1.10424199
v -16.2808341 -2.11979193 1.1051364
v -16.2795817 -2.12334616 1.10404472
v -16.2786841 -2.12583012 1.10174576
v -16.2787067 -2.12796802 1.099007
v -16.2651643 -2.11235899 1.10424199
v -16.2606718 -2.11287326 1.10424199
v -16.2562186 -2.11370987 1.10424199
v -16.255844 -2.11800856 1.1051364
v -16.2555111 -2.12182814 1.10404472
v -16.2590896 -2.1235903 1.10174576
v -16.2627686 -2.1229238 1.10174576
v -16.2633623 -2.12030584 1.10404472
v -16.2642101 -2.11656684 1.1051364
v -16.2600416 -2.11714179 1.1051364
v -16.2594817 -2.12093467 1.10404472
v -16.2708586 -2.12382585 1.099007
v -16.2727465 -2.12404889 1.099007
v -16.2716588 -2.12262935 1.10174576
v -16.2737368 -2.12300462 1.10174576
v -16.2731511 -2.12039811 1.10404472
v -16.2755837 -2.12105746 1.10404472
v -16.2752825 -2.11721141 1.1051364
v -16.2782214 -2.11827618 1.1051364
v -16.2777222 -2.12203163 1.10404472
v -16.2771504 -2.12448532 1.10174576
v -16.2772941 -2.12620432 1.099007
v -16.2758467 -2.12509615 1.099007
v -16.2755433 -2.12359983 1.10174576
v -16.2513031 -2.12707109 1.099007
v -16.2473496 -2.12712569 1.10152092
v -16.2901611 -2.11838896 1.10107999
v -16.2891453 -2.1230132 1.10424199
v -16.2866181 -2.12708706 1.1051364
v -16.2841283 -2.13053316 1.10404472
v -16.2825058 -2.1337759 1.10174576
v -16.2833249 -2.13754875 1.10174576
v -16.2859695 -2.13801176 1.10404472
v -16.2897465 -2.13867325 1.1051364
v -16.293997 -2.13941771 1.10424199
v -16.2974769 -2.14002711 1.10107999
v -16.2967935 -2.13529093 1.10107999
v -16.29581 -2.13068384 1.10107999
v -16.2944193 -2.12621862 1.10107999
v -16.2925563 -2.12209458 1.10107999
v -16.2909075 -2.12660963 1.10424199
v -16.2879624 -2.13058276 1.1051364
v -16.2851757 -2.1340589 1.10404472
v -16.2889888 -2.13446326 1.1051364
v -16.2932802 -2.13491828 1.10424199
v -16.2922774 -2.13063831 1.10424199
v -16.2832128 -2.14986724 1.099007
v -16.2833983 -2.15431077 1.099007
v -16.2835147 -2.1588325 1.099007
v -16.2835846 -2.1633876 1.099007
v -16.2836214 -2.16794557 1.099007
v -16.2836341 -2.17249901 1.099007
v -16.2836237 -2.17704636 1.099007
v -16.2835843 -2.18157059 1.099007
v -16.2849868 -2.17750902 1.10174576
v -16.2849427 -2.18204707 1.10174576
v -16.287529 -2.17837209 1.10404472
v -16.2874759 -2.1829359 1.10404472
v -16.2911597 -2.17960448 1.1051364
v -16.2910939 -2.18420524 1.1051364
v -16.2952456 -2.1809916 1.10424199
v -16.2951654 -2.1856336 1.10424199
v -16.2950221 -2.19024414 1.10424199
v -16.2947852 -2.19479782 1.10424199
v -16.2944082 -2.19934816 1.10424199
v -16.2938241 -2.20391816 1.10424199
v -16.2929718 -2.20832176 1.10424199
v -16.2918157 -2.21238715 1.10424199
v -16.2902924 -2.21610088 1.10424199
v -16.2882957 -2.21952111 1.10424199
v -16.2857587 -2.22255046 1.10424199
v -16.2828286 -2.22497005 1.10424199
v -16.2795355 -2.2268166 1.10424199
v -16.2758218 -2.22815234 1.10424199
v -16.2718324 -2.22895796 1.10424199
v -16.2675437 -2.22929317 1.10424199
v -16.2646768 -2.22515876 1.1051364
v -16.2620788 -2.2213555 1.10404472
v -16.2592923 -2.2184729 1.10174576
v -16.2599717 -2.21720368 1.099007
v -16.2638068 -2.2176103 1.099007
v -16.2674582 -2.21770198 1.099007
v -16.2707383 -2.21744079 1.099007
v -16.2703636 -2.21883089 1.10174576
v -16.2733896 -2.21823556 1.10174576
v -16.2730037 -2.22089261 1.10404472
v -16.2758385 -2.22000224 1.10404472
v -16.2758306 -2.22383684 1.1051364
v -16.2788331 -2.22255892 1.1051364
v -16.2813901 -2.22090203 1.1051364
v -16.2836116 -2.21880848 1.1051364
v -16.2855368 -2.2162034 1.1051364
v -16.2870823 -2.21321923 1.1051364
v -16.2882944 -2.20989413 1.1051364
v -16.2892408 -2.20615548 1.1051364
v -16.2899534 -2.20201117 1.1051364
v -16.290449 -2.19763274 1.1051364
v -16.2907709 -2.19321567 1.1051364
v -16.2909728 -2.18875355 1.1051364
v -16.2873748 -2.18742914 1.10404472
v -16.2848555 -2.18650169 1.10174576
v -16.2835047 -2.18600435 1.099007
v -16.283367 -2.19029779 1.099007
v -16.2831469 -2.19446892 1.099007
v -16.2828148 -2.19849414 1.099007
v -16.2823595 -2.2021603 1.099007
v -16.2818 -2.20529634 1.099007
v -16.283604 -2.20288295 1.10174576
v -16.2829748 -2.20612795 1.10174576
v -16.2859254 -2.20423073 1.10404472
v -16.2851654 -2.2076791 1.10404472
v -16.2842296 -2.21065873 1.10404472
v -16.2830851 -2.21325535 1.10404472
v -16.2817038 -2.21548349 1.10404472
v -16.280112 -2.21728725 1.10404472
v -16.2782091 -2.21877569 1.10404472
v -16.2758442 -2.21731705 1.10174576
v -16.2735965 -2.21681089 1.099007
v -16.2758471 -2.21587736 1.099007
v -16.2777721 -2.21612675 1.10174576
v -16.2792169 -2.21475608 1.10174576
v -16.2803678 -2.21315545 1.10174576
v -16.2813686 -2.21119124 1.10174576
v -16.2822325 -2.20886571 1.10174576
v -16.2811614 -2.2079044 1.099007
v -16.2865143 -2.20031685 1.10404472
v -16.2869309 -2.19610841 1.10404472
v -16.2872039 -2.19180996 1.10404472
v -16.2847063 -2.19082565 1.10174576
v -16.2844676 -2.19504113 1.10174576
v -16.2841061 -2.19913024 1.10174576
v -16.2724526 -2.2246874 1.1051364
v -16.2696647 -2.22142357 1.10404472
v -16.2669552 -2.21905083 1.10174576
v -16.2632036 -2.21891755 1.10174576
v -16.2660169 -2.22156627 1.10404472
v -16.2686668 -2.22512621 1.1051364
v -16.2952827 -2.17636461 1.10424199
v -16.2952905 -2.17174882 1.10424199
v -16.2952742 -2.16712744 1.10424199
v -16.295231 -2.16248841 1.10424199
v -16.2951519 -2.15784461 1.10424199
v -16.2950195 -2.15321917 1.10424199
v -16.2908686 -2.15204078 1.1051364
v -16.2871803 -2.15099365 1.10404472
v -16.2845976 -2.15026051 1.10174576
v -16.2847768 -2.15472526 1.10174576
v -16.284889 -2.15926117 1.10174576
v -16.2849557 -2.16382617 1.10174576
v -16.28499 -2.16839165 1.10174576
v -16.2850003 -2.17295236 1.10174576
v -16.2875483 -2.17379779 1.10404472
v -16.2911872 -2.1750055 1.1051364
v -16.2911879 -2.17041165 1.1051364
v -16.2911644 -2.16581256 1.1051364
v -16.2911117 -2.16120297 1.1051364
v -16.2910195 -2.15660221 1.1051364
v -16.2873478 -2.15549833 1.10404472
v -16.2874516 -2.16006095 1.10404472
v -16.2875126 -2.16464431 1.10404472
v -16.2875425 -2.16922349 1.10404472
v -16.262313 -2.23387272 1.09634733
v -16.2571841 -2.23196334 1.10107999
v -16.2541792 -2.22802419 1.10424199
v -16.2519224 -2.2233618 1.1051364
v -16.257232 -2.23330826 1.09634733
v -16.252512 -2.23113853 1.10107999
v -16.2497064 -2.22706432 1.10424199
v -16.2473497 -2.22879726 1.10255119
v -16.2473497 -2.23132176 1.09634733
v -16.2522543 -2.23243684 1.09634733
v -16.2473497 -2.22880692 1.09015117
v -16.2525103 -2.23114175 1.09161809
v -16.2571826 -2.23196644 1.09161809
v -16.2619327 -2.23251504 1.09161809
v -16.2586622 -2.22876007 1.08845329
v -16.2562149 -2.22422165 1.0875573
v -16.2538913 -2.2200721 1.0886486
v -16.2519215 -2.22336335 1.0875573
v -16.2497038 -2.22706885 1.08845329
v -16.2541768 -2.22802872 1.08845329
v -16.2775379 -2.21470637 1.099007
v -16.2787371 -2.213399 1.099007
v -16.2796516 -2.21190697 1.099007
v -16.2804481 -2.2100845 1.099007
v -16.6400109 -1.42154813 1.1868455
v -16.6400109 -1.81558943 1.1868455
v -16.6400109 -1.83891529 1.15955131
v -16.6400111 -1.83891529 1.4895513
v -16.6400111 -1.81558943 1.46675896
v -16.6400109 -1.39891533 1.4895513
v -16.6400109 -1.42154813 1.46675896
v -16.6400109 -1.39891533 1.15955131
vt 0.993499994 0.154434994
vt 0.999153018 0.156393006
vt 0.987839997 0.156398997
vt 0.987839997 0.156398997
vt 0.999153018 0.156393006
vt 1.00150001 0.161131993
vt 0.987839997 0.156398997
vt 1.00150001 0.161131993
vt 0.985499978 0.161131993
vt 0.927052975 -0.190607995
vt 0.756924987 -0.190607995
vt 0.927052975 -0.588163972
vt 0.927052975 -0.588163972
vt 0.756924987 -0.190607995
vt 0.756924987 -0.588163972
vt -0.748503029 1.05095804
vt -0.748503029 0.990957975
vt -0.708482027 1.05095804
vt -0.708482027 1.05095804
vt -0.748503029 0.990957975
vt -0.708482027 0.990957975
vt -0.391517013 0.442012995
vt -0.391517013 0.512363017
vt -0.401517004 0.442012995
vt -0.401517004 0.442012995
vt -0.391517013 0.512363017
vt -0.401517004 0.512363017
vt 0.708482027 1.05095804
vt 0.708482027 0.990957975
vt 0.748481989 1.05095804
vt 0.748481989 1.05095804
vt 0.708482027 0.990957975
vt 0.748503029 0.990957975
vt -0.391517013 0.848457992
vt -0.391517013 0.852971971
vt -0.396517009 0.848457992
vt -0.848457992 0.305532992
vt -0.852971971 0.304937989
vt -0.852971971 0.304937989
vt -0.396517009 0.848457992
vt -0.391517013 0.852971971
vt -0.396517009 0.852971971
vt -0.396517009 0.852971971
vt -0.391517013 0.852971971
vt -0.391517013 0.857173026
vt -0.396517009 0.852971971
vt -0.391517013 0.857173026
vt -0.396517009 0.857173026
vt -0.396517009 0.857173026
vt -0.391517013 0.857173026
vt -0.391517013 0.860782027
vt -0.396517009 0.857173026
vt -0.391517013 0.860782027
vt -0.396517009 0.860782027
vt 0.396517009 0.30042699
vt 0.391517013 0.30042699
vt 0.391517013 0.296815991
vt 0.396517009 0.30042699
vt 0.391517013 0.296815991
vt 0.396517009 0.296815991
vt 0.396517009 0.296815991
vt 0.391517013 0.296815991
vt 0.391517013 0.292616993
vt 0.396517009 0.296815991
vt 0.391517013 0.292616993
vt 0.396517009 0.292616993
vt 0.396517009 0.292616993
vt 0.391517013 0.292616993
vt 0.391517013 0.288103014
vt 0.396517009 0.292616993
vt 0.391517013 0.288103014
vt 0.396517009 0.288103014
vt 0.396517009 0.288103014
vt 0.391517013 0.288103014
vt 0.391517013 0.283596009
vt 0.396517009 0.288103014
vt 0.391517013 0.283596009
vt 0.396517009 0.283596009
vt 0.396517009 0.283596009
vt 0.391517013 0.283596009
vt 0.391517013 0.279390991
vt 0.396517009 0.283596009
vt 0.391517013 0.279390991
vt 0.396517009 0.279390991
vt 0.396517009 0.279390991
vt 0.391517013 0.279390991
vt 0.391517013 0.275783002
vt 0.396517009 0.279390991
vt 0.391517013 0.275783002
vt 0.396517009 0.275783002
vt 0.396517009 0.860776007
vt 0.391517013 0.860776007
vt 0.391517013 0.857168972
vt 0.396517009 0.860776007
vt 0.391517013 0.857168972
vt 0.396517009 0.857168972
vt 0.396517009 0.857168972
vt 0.391517013 0.857168972
vt 0.391517013 0.852962971
vt 0.396517009 0.857168972
vt 0.391517013 0.852962971
vt 0.396517009 0.852962971
vt 0.396517009 0.852962971
vt 0.391517013 0.852962971
vt 0.391517013 0.848457992
vt 0.396517009 0.852962971
vt 0.391517013 0.848457992
vt 0.396517009 0.848457992
vt -0.396517009 0.848457992
vt -0.396517009 0.843952
vt -0.391517013 0.848457992
vt -0.848457992 0.305532992
vt -0.843952 0.304940999
vt -0.843952 0.304940999
vt -0.391517013 0.848457992
vt -0.396517009 0.843952
vt -0.391517013 0.843952
vt -0.391517013 0.843952
vt -0.396517009 0.843952
vt -0.396517009 0.839747012
vt -0.391517013 0.843952
vt -0.396517009 0.839747012
vt -0.391517013 0.839747012
vt -0.391517013 0.839747012
vt -0.396517009 0.839747012
vt -0.396517009 0.836139023
vt -0.391517013 0.839747012
vt -0.396517009 0.836139023
vt -0.391517013 0.836139023
vt -0.391517013 0.300431997
vt -0.396517009 0.300431997
vt -0.396517009 0.296824008
vt -0.391517013 0.300431997
vt -0.396517009 0.296824008
vt -0.391517013 0.296824008
vt -0.391517013 0.296824008
vt -0.396517009 0.296824008
vt -0.396517009 0.292620003
vt -0.391517013 0.296824008
vt -0.396517009 0.292620003
vt -0.391517013 0.292620003
vt -0.391517013 0.292620003
vt -0.396517009 0.292620003
vt -0.396517009 0.288112998
vt -0.391517013 0.292620003
vt -0.396517009 0.288112998
vt -0.391517013 0.288112998
vt -0.391517013 0.288112998
vt -0.396517009 0.288112998
vt -0.396517009 0.283598989
vt -0.391517013 0.288112998
vt -0.396517009 0.283598989
vt -0.391517013 0.283598989
vt -0.391517013 0.283598989
vt -0.396517009 0.283598989
vt -0.396517009 0.279399008
vt -0.391517013 0.283598989
vt -0.396517009 0.279399008
vt -0.391517013 0.279399008
vt -0.391517013 0.279399008
vt -0.396517009 0.279399008
vt -0.396517009 0.275788009
vt -0.391517013 0.279399008
vt -0.396517009 0.275788009
vt -0.391517013 0.275788009
vt 0.391517013 0.836134017
vt 0.396517009 0.836134017
vt 0.396517009 0.839742005
vt 0.391517013 0.836134017
vt 0.396517009 0.839742005
vt 0.391517013 0.839742005
vt 0.391517013 0.839742005
vt 0.396517009 0.839742005
vt 0.396517009 0.843943
vt 0.391517013 0.839742005
vt 0.396517009 0.843943
vt 0.391517013 0.843943
vt 0.391517013 0.843943
vt 0.396517009 0.843943
vt 0.396517009 0.848457992
vt 0.391517013 0.843943
vt 0.396517009 0.848457992
vt 0.391517013 0.848457992
vt -0.391517013 0.848457992
vt -0.391517013 0.852971971
vt -0.396517009 0.848457992
vt -0.848457992 0.375533015
vt -0.852971971 0.374938011
vt -0.852971971 0.374938011
vt -0.396517009 0.848457992
vt -0.391517013 0.852971971
vt -0.396517009 0.852971971
vt -0.396517009 0.852971971
vt -0.391517013 0.852971971
vt -0.391517013 0.857173026
vt -0.396517009 0.852971971
vt -0.391517013 0.857173026
vt -0.396517009 0.857173026
vt -0.396517009 0.857173026
vt -0.391517013 0.857173026
vt -0.391517013 0.860782027
vt -0.396517009 0.857173026
vt -0.391517013 0.860782027
vt -0.396517009 0.860782027
vt 0.396517009 0.370427012
vt 0.391517013 0.370427012
vt 0.391517013 0.366816014
vt 0.396517009 0.370427012
vt 0.391517013 0.366816014
vt 0.396517009 0.366816014
vt 0.396517009 0.366816014
vt 0.391517013 0.366816014
vt 0.391517013 0.362616986
vt 0.396517009 0.366816014
vt 0.391517013 0.362616986
vt 0.396517009 0.362616986
vt 0.396517009 0.362616986
vt 0.391517013 0.362616986
vt 0.391517013 0.358103007
vt 0.396517009 0.362616986
vt 0.391517013 0.358103007
vt 0.396517009 0.358103007
vt 0.396517009 0.358103007
vt 0.391517013 0.358103007
vt 0.391517013 0.353596002
vt 0.396517009 0.358103007
vt 0.391517013 0.353596002
vt 0.396517009 0.353596002
vt 0.396517009 0.353596002
vt 0.391517013 0.353596002
vt 0.391517013 0.349391013
vt 0.396517009 0.353596002
vt 0.391517013 0.349391013
vt 0.396517009 0.349391013
vt 0.396517009 0.349391013
vt 0.391517013 0.349391013
vt 0.391517013 0.345782995
vt 0.396517009 0.349391013
vt 0.391517013 0.345782995
vt 0.396517009 0.345782995
vt 0.396517009 0.860776007
vt 0.391517013 0.860776007
vt 0.391517013 0.857168972
vt 0.396517009 0.860776007
vt 0.391517013 0.857168972
vt 0.396517009 0.857168972
vt 0.396517009 0.857168972
vt 0.391517013 0.857168972
vt 0.391517013 0.852962971
vt 0.396517009 0.857168972
vt 0.391517013 0.852962971
vt 0.396517009 0.852962971
vt 0.396517009 0.852962971
vt 0.391517013 0.852962971
vt 0.391517013 0.848457992
vt 0.396517009 0.852962971
vt 0.391517013 0.848457992
vt 0.396517009 0.848457992
vt -0.396517009 0.848457992
vt -0.396517009 0.843952
vt -0.391517013 0.848457992
vt -0.848457992 0.375533015
vt -0.843952 0.374940991
vt -0.843952 0.374940991
vt -0.391517013 0.848457992
vt -0.396517009 0.843952
vt -0.391517013 0.843952
vt -0.391517013 0.843952
vt -0.396517009 0.843952
vt -0.396517009 0.839747012
vt -0.391517013 0.843952
vt -0.396517009 0.839747012
vt -0.391517013 0.839747012
vt -0.391517013 0.839747012
vt -0.396517009 0.839747012
vt -0.396517009 0.836139023
vt -0.391517013 0.839747012
vt -0.396517009 0.836139023
vt -0.391517013 0.836139023
vt -0.391517013 0.370431989
vt -0.396517009 0.370431989
vt -0.396517009 0.366824001
vt -0.391517013 0.370431989
vt -0.396517009 0.366824001
vt -0.391517013 0.366824001
vt -0.391517013 0.366824001
vt -0.396517009 0.366824001
vt -0.396517009 0.362619996
vt -0.391517013 0.366824001
vt -0.396517009 0.362619996
vt -0.391517013 0.362619996
vt -0.391517013 0.362619996
vt -0.396517009 0.362619996
vt -0.396517009 0.358112991
vt -0.391517013 0.362619996
vt -0.396517009 0.358112991
vt -0.391517013 0.358112991
vt -0.391517013 0.358112991
vt -0.396517009 0.358112991
vt -0.396517009 0.353599012
vt -0.391517013 0.358112991
vt -0.396517009 0.353599012
vt -0.391517013 0.353599012
vt -0.391517013 0.353599012
vt -0.396517009 0.353599012
vt -0.396517009 0.349399
vt -0.391517013 0.353599012
vt -0.396517009 0.349399
vt -0.391517013 0.349399
vt -0.391517013 0.349399
vt -0.396517009 0.349399
vt -0.396517009 0.345788002
vt -0.391517013 0.349399
vt -0.396517009 0.345788002
vt -0.391517013 0.345788002
vt 0.391517013 0.836134017
vt 0.396517009 0.836134017
vt 0.396517009 0.839742005
vt 0.391517013 0.836134017
vt 0.396517009 0.839742005
vt 0.391517013 0.839742005
vt 0.391517013 0.839742005
vt 0.396517009 0.839742005
vt 0.396517009 0.843943
vt 0.391517013 0.839742005
vt 0.396517009 0.843943
vt 0.391517013 0.843943
vt 0.391517013 0.843943
vt 0.396517009 0.843943
vt 0.396517009 0.848457992
vt 0.391517013 0.843943
vt 0.396517009 0.848457992
vt 0.391517013 0.848457992
vt 0.391517013 0.512363017
vt 0.391517013 0.442012995
vt 0.401517004 0.512363017
vt 0.401517004 0.512363017
vt 0.391517013 0.442012995
vt 0.401517004 0.442012995
vt 0.391517013 0.41149199
vt 0.401517004 0.41149199
vt 0.391517013 0.426764011
vt 0.391517013 0.426764011
vt 0.401517004 0.41149199
vt 0.401517004 0.426764011
vt -0.391517013 0.426764011
vt -0.401517004 0.426764011
vt -0.391517013 0.41149199
vt -0.391517013 0.41149199
vt -0.401517004 0.426764011
vt -0.401517004 0.41149199
vt -0.512363017 0.426764011
vt -0.512363017 0.41149199
vt -0.442012995 0.426764011
vt -0.442012995 0.426764011
vt -0.512363017 0.41149199
vt -0.442012995 0.41149199
vt 0.395893008 0.993499994
vt 0.394609004 0.987839997
vt 0.399390012 0.991080999
vt 0.399390012 0.991080999
vt 0.394609004 0.987839997
vt 0.398717999 0.988590002
vt 0.399390012 0.991080999
vt 0.398717999 0.988590002
vt 0.402375013 0.988590002
vt -0.402375013 0.157330006
vt -0.398717999 0.156690001
vt -0.401221991 0.159483001
vt -0.402375013 0.157330006
vt -0.401221991 0.159483001
vt -0.404906988 0.159951001
vt -0.404906988 0.159951001
vt -0.401221991 0.159483001
vt -0.403445989 0.163118005
vt -0.404906988 0.159951001
vt -0.403445989 0.163118005
vt -0.407269001 0.163409993
vt -0.407269001 0.163409993
vt -0.403445989 0.163118005
vt -0.405896991 0.167088002
vt -0.407269001 0.163409993
vt -0.405896991 0.167088002
vt -0.409873992 0.167172
vt -0.409873992 0.167172
vt -0.405896991 0.167088002
vt -0.409038991 0.170271993
vt -0.409873992 0.167172
vt -0.409038991 0.170271993
vt -0.413311988 0.170044005
vt -0.413311988 0.989201009
vt -0.409038991 0.989201009
vt -0.409716994 0.993499994
vt -0.989201009 0.170044005
vt -0.993499994 0.171470001
vt -0.989201009 0.170044005
vt -0.413311988 0.989201009
vt -0.409716994 0.993499994
vt -0.414306015 0.993499994
vt -0.413311988 0.989201009
vt -0.414306015 0.993499994
vt -0.417394012 0.989201009
vt -0.417394012 0.989201009
vt -0.414306015 0.993499994
vt -0.418743998 0.993499994
vt -0.417394012 0.989201009
vt -0.418743998 0.993499994
vt -0.421301007 0.989201009
vt -0.421301007 0.989201009
vt -0.418743998 0.993499994
vt -0.422935992 0.993499994
vt -0.421301007 0.989201009
vt -0.422935992 0.993499994
vt -0.424843013 0.989201009
vt -0.424843013 0.989201009
vt -0.422935992 0.993499994
vt -0.426725 0.993499994
vt -0.424843013 0.989201009
vt -0.426725 0.993499994
vt -0.428034008 0.989201009
vt -0.428034008 0.989201009
vt -0.426725 0.993499994
vt -0.430094004 0.993499994
vt -0.989201009 0.163825005
vt -0.993499994 0.163498998
vt -0.989201009 0.160754994
vt -0.989201009 0.160754994
vt -0.993499994 0.163498998
vt -0.993499994 0.159915
vt -0.989201009 0.160754994
vt -0.993499994 0.159915
vt -0.989201009 0.157321006
vt -0.989201009 0.157321006
vt -0.993499994 0.159915
vt -0.993499994 0.156057999
vt -0.989201009 0.157321006
vt -0.993499994 0.156057999
vt -0.989201009 0.153654993
vt -0.989201009 0.153654993
vt -0.993499994 0.156057999
vt -0.993499994 0.151948005
vt -0.989201009 0.153654993
vt -0.993499994 0.151948005
vt -0.989201009 0.149716005
vt -0.989201009 0.149716005
vt -0.993499994 0.151948005
vt -0.993499994 0.147560999
vt -0.989201009 0.149716005
vt -0.993499994 0.147560999
vt -0.989201009 0.145520002
vt -0.989201009 0.145520002
vt -0.993499994 0.147560999
vt -0.993499994 0.143004999
vt -0.989201009 0.145520002
vt -0.993499994 0.143004999
vt -0.989201009 0.141222
vt -0.989201009 0.141222
vt -0.993499994 0.143004999
vt -0.993499994 0.138486996
vt -0.989201009 0.141222
vt -0.993499994 0.138486996
vt -0.989201009 0.136986002
vt -0.989201009 0.136986002
vt -0.993499994 0.138486996
vt -0.993499994 0.134048
vt -0.989201009 0.136986002
vt -0.993499994 0.134048
vt -0.989201009 0.132779002
vt -0.989201009 0.132779002
vt -0.993499994 0.134048
vt -0.993499994 0.129596993
vt -0.989201009 0.132779002
vt -0.993499994 0.129596993
vt -0.989201009 0.128540993
vt -0.989201009 0.128540993
vt -0.993499994 0.129596993
vt -0.993499994 0.125126004
vt -0.989201009 0.128540993
vt -0.993499994 0.125126004
vt -0.989201009 0.124289997
vt -0.989201009 0.124289997
vt -0.993499994 0.125126004
vt -0.993499994 0.120683998
vt -0.989201009 0.124289997
vt -0.993499994 0.120683998
vt -0.989201009 0.120062999
vt -0.989201009 0.120062999
vt -0.993499994 0.120683998
vt -0.993499994 0.116263002
vt -0.989201009 0.120062999
vt -0.993499994 0.116263002
vt -0.989201009 0.115850002
vt -0.989201009 0.115850002
vt -0.993499994 0.116263002
vt -0.993499994 0.111836001
vt -0.989201009 0.115850002
vt -0.993499994 0.111836001
vt -0.989201009 0.111633003
vt -0.989201009 0.111633003
vt -0.993499994 0.111836001
vt -0.993499994 0.107384004
vt -0.989201009 0.111633003
vt -0.993499994 0.107384004
vt -0.989201009 0.107392997
vt -0.989201009 0.107392997
vt -0.993499994 0.107384004
vt -0.993499994 0.102913
vt -0.989201009 0.107392997
vt -0.993499994 0.102913
vt -0.989201009 0.103139997
vt -0.989201009 0.103139997
vt -0.993499994 0.102913
vt -0.993499994 0.0984340012
vt -0.989201009 0.103139997
vt -0.993499994 0.0984340012
vt -0.989201009 0.0988869965
vt -0.989201009 0.0988869965
vt -0.993499994 0.0984340012
vt -0.993499994 0.0939159989
vt -0.989201009 0.0988869965
vt -0.993499994 0.0939159989
vt -0.989201009 0.0946109965
vt -0.989201009 0.0946109965
vt -0.993499994 0.0939159989
vt -0.989201009 0.0903080031
vt -0.437774003 0.0946109965
vt -0.43750301 0.0903080031
vt -0.434666991 0.0938050002
vt -0.434666991 0.0938050002
vt -0.43750301 0.0903080031
vt -0.434370995 0.0896050036
vt -0.434666991 0.0938050002
vt -0.434370995 0.0896050036
vt -0.430866987 0.0928189978
vt -0.430866987 0.0928189978
vt -0.434370995 0.0896050036
vt -0.430539995 0.088744998
vt -0.430866987 0.0928189978
vt -0.430539995 0.088744998
vt -0.427491993 0.0919430032
vt -0.427491993 0.0919430032
vt -0.430539995 0.088744998
vt -0.427138001 0.0879819989
vt -0.427491993 0.0919430032
vt -0.427138001 0.0879819989
vt -0.425128996 0.0913299993
vt -0.425128996 0.0913299993
vt -0.427138001 0.0879819989
vt -0.424755991 0.0874470025
vt 0.988590002 0.0913299993
vt 0.988590002 0.0874470025
vt 0.991080999 0.0910009965
vt 0.991080999 0.0910009965
vt 0.988590002 0.0874470025
vt 0.991080999 0.0871609971
vt 0.991080999 0.0910009965
vt 0.991080999 0.0871609971
vt 0.993499994 0.0891830027
vt -0.993499994 0.0891830027
vt -0.991080999 0.0871609971
vt -0.991080999 0.0871609971
vt 0.993499994 0.0891830027
vt 0.991080999 0.0871609971
vt 0.993499994 0.0847629979
vt 0.993499994 0.0847629979
vt 0.991080999 0.0871609971
vt 0.991080999 0.0835369974
vt 0.993499994 0.0847629979
vt 0.991080999 0.0835369974
vt 0.993499994 0.0804030001
vt 0.993499994 0.0804030001
vt 0.991080999 0.0835369974
vt 0.991080999 0.0801950023
vt 0.993499994 0.0804030001
vt 0.991080999 0.0801950023
vt 0.991080999 0.0773369968
vt 0.991080999 0.0773369968
vt 0.991080999 0.0801950023
vt 0.988590002 0.077353999
vt 0.991080999 0.0773369968
vt 0.988590002 0.077353999
vt 0.988590002 0.0749090016
vt -0.421324015 0.0749090016
vt -0.422511995 0.077353999
vt -0.423750997 0.0746380016
vt -0.421324015 0.0749090016
vt -0.423750997 0.0746380016
vt -0.422360003 0.0724750012
vt -0.422360003 0.0724750012
vt -0.423750997 0.0746380016
vt -0.42572701 0.0715679973
vt -0.422360003 0.0724750012
vt -0.42572701 0.0715679973
vt -0.423976988 0.0693719983
vt -0.423976988 0.0693719983
vt -0.42572701 0.0715679973
vt -0.427533001 0.0677059963
vt -0.423976988 0.0693719983
vt -0.427533001 0.0677059963
vt -0.425145 0.0653259978
vt -0.425145 0.0653259978
vt -0.427533001 0.0677059963
vt -0.427751005 0.0634509996
vt -0.425145 0.0653259978
vt -0.427751005 0.0634509996
vt -0.424493015 0.0610649996
vt 0.424493015 0.989201009
vt 0.427751005 0.989201009
vt 0.426730007 0.993499994
vt -0.989201009 0.0610649996
vt -0.993499994 0.0610640012
vt -0.989201009 0.0610649996
vt 0.424493015 0.989201009
vt 0.426730007 0.993499994
vt 0.422868013 0.993499994
vt 0.424493015 0.989201009
vt 0.422868013 0.993499994
vt 0.420877993 0.989201009
vt 0.420877993 0.989201009
vt 0.422868013 0.993499994
vt 0.418664008 0.993499994
vt 0.420877993 0.989201009
vt 0.418664008 0.993499994
vt 0.416875988 0.989201009
vt 0.416875988 0.989201009
vt 0.418664008 0.993499994
vt 0.414108008 0.993499994
vt 0.416875988 0.989201009
vt 0.414108008 0.993499994
vt 0.41267401 0.989201009
vt 0.41267401 0.989201009
vt 0.414108008 0.993499994
vt 0.409543008 0.993499994
vt 0.41267401 0.989201009
vt 0.409543008 0.993499994
vt 0.40842399 0.989201009
vt 0.40842399 0.989201009
vt 0.409543008 0.993499994
vt 0.404926002 0.993499994
vt 0.40842399 0.989201009
vt 0.404926002 0.993499994
vt 0.404098004 0.989201009
vt 0.404098004 0.989201009
vt 0.404926002 0.993499994
vt 0.400373012 0.993499994
vt 0.404098004 0.989201009
vt 0.400373012 0.993499994
vt 0.399859011 0.989201009
vt 0.399859011 0.989201009
vt 0.400373012 0.993499994
vt 0.395925999 0.993499994
vt 0.399859011 0.989201009
vt 0.395925999 0.993499994
vt 0.395675004 0.989201009
vt 0.395675004 0.989201009
vt 0.395925999 0.993499994
vt 0.391517013 0.993499994
vt -0.989201009 0.0598770007
vt -0.993499994 0.0598159991
vt -0.989201009 0.0598770007
vt 0.395675004 0.989201009
vt 0.391517013 0.993499994
vt 0.391517013 0.988797009
vt -0.395675004 0.0598770007
vt -0.391517013 0.0613449998
vt -0.395548999 0.0630849972
vt -0.395548999 0.0630849972
vt -0.391517013 0.0613449998
vt -0.391517013 0.0653460026
vt -0.395548999 0.0630849972
vt -0.391517013 0.0653460026
vt -0.395395011 0.0670069978
vt -0.395395011 0.0670069978
vt -0.391517013 0.0653460026
vt -0.391517013 0.0702899992
vt -0.395395011 0.0670069978
vt -0.391517013 0.0702899992
vt -0.395258009 0.070491001
vt -0.395258009 0.070491001
vt -0.391517013 0.0702899992
vt -0.395163 0.0729309991
vt -0.395258009 0.070491001
vt -0.395163 0.0729309991
vt -0.398725003 0.0719029978
vt -0.398725003 0.988590002
vt -0.395163 0.988590002
vt -0.398611009 0.991080999
vt -0.398725003 0.988590002
vt -0.398611009 0.991080999
vt -0.401998997 0.991080999
vt -0.401998997 0.991080999
vt -0.398611009 0.991080999
vt -0.400032014 0.993499994
vt -0.991080999 0.0723690018
vt -0.993499994 0.0731969997
vt -0.991080999 0.0723690018
vt -0.401998997 0.991080999
vt -0.400032014 0.993499994
vt -0.404383987 0.993499994
vt -0.401998997 0.991080999
vt -0.404383987 0.993499994
vt -0.405245006 0.991080999
vt -0.405245006 0.991080999
vt -0.404383987 0.993499994
vt -0.408798993 0.993499994
vt -0.405245006 0.991080999
vt -0.408798993 0.993499994
vt -0.408169001 0.991080999
vt -0.408169001 0.991080999
vt -0.408798993 0.993499994
vt -0.410744995 0.991080999
vt -0.408169001 0.991080999
vt -0.410744995 0.991080999
vt -0.408580005 0.988590002
vt -0.408580005 0.988590002
vt -0.410744995 0.991080999
vt -0.411303014 0.988590002
vt -0.408580005 0.0701280013
vt -0.411303014 0.0700479969
vt -0.409345001 0.067809999
vt -0.409345001 0.067809999
vt -0.411303014 0.0700479969
vt -0.412344992 0.0678400025
vt -0.409345001 0.067809999
vt -0.412344992 0.0678400025
vt -0.410438001 0.0644989982
vt -0.410438001 0.0644989982
vt -0.412344992 0.0678400025
vt -0.413832009 0.0646869987
vt -0.410438001 0.0644989982
vt -0.413832009 0.0646869987
vt -0.411668003 0.0607720017
vt -0.411668003 0.0607720017
vt -0.413832009 0.0646869987
vt -0.415506005 0.0611369982
vt -0.411668003 0.0607720017
vt -0.415506005 0.0611369982
vt -0.41267401 0.057723999
vt -0.989201009 0.057723999
vt -0.986324012 0.0611369982
vt -0.986324012 0.0611369982
vt -0.41267401 0.057723999
vt -0.415506005 0.0611369982
vt -0.416875988 0.0582350008
vt -0.416875988 0.0582350008
vt -0.415506005 0.0611369982
vt -0.419093996 0.0620100014
vt -0.416875988 0.0582350008
vt -0.419093996 0.0620100014
vt -0.420877993 0.0593420006
vt -0.420877993 0.0593420006
vt -0.419093996 0.0620100014
vt -0.422284991 0.0633940026
vt -0.420877993 0.0593420006
vt -0.422284991 0.0633940026
vt -0.424493015 0.0610649996
vt -0.989201009 0.0610649996
vt -0.986324012 0.0633940026
vt -0.986324012 0.0633940026
vt -0.424493015 0.0610649996
vt -0.422284991 0.0633940026
vt -0.425145 0.0653259978
vt -0.425145 0.0653259978
vt -0.422284991 0.0633940026
vt -0.421959013 0.0676200017
vt -0.425145 0.0653259978
vt -0.421959013 0.0676200017
vt -0.423976988 0.0693719983
vt -0.423976988 0.0693719983
vt -0.421959013 0.0676200017
vt -0.420819998 0.0708519965
vt -0.423976988 0.0693719983
vt -0.420819998 0.0708519965
vt -0.422360003 0.0724750012
vt -0.422360003 0.0724750012
vt -0.420819998 0.0708519965
vt -0.420002997 0.0731099993
vt -0.422360003 0.0724750012
vt -0.420002997 0.0731099993
vt -0.421324015 0.0749090016
vt 0.988590002 0.0749090016
vt 0.988590002 0.0731099993
vt 0.991080999 0.075052999
vt 0.988590002 0.0749090016
vt 0.991080999 0.075052999
vt 0.991080999 0.0773369968
vt 0.991080999 0.0773369968
vt 0.991080999 0.075052999
vt 0.993499994 0.0762310028
vt 0.991080999 0.0773369968
vt 0.993499994 0.0762310028
vt 0.993499994 0.0804030001
vt -0.41267401 0.057723999
vt -0.40842399 0.0577289984
vt -0.411668003 0.0607720017
vt -0.411668003 0.0607720017
vt -0.40842399 0.0577289984
vt -0.407714009 0.0608589984
vt -0.411668003 0.0607720017
vt -0.407714009 0.0608589984
vt -0.410438001 0.0644989982
vt -0.410438001 0.0644989982
vt -0.407714009 0.0608589984
vt -0.406845987 0.0646869987
vt -0.410438001 0.0644989982
vt -0.406845987 0.0646869987
vt -0.409345001 0.067809999
vt -0.409345001 0.067809999
vt -0.406845987 0.0646869987
vt -0.406075001 0.0680869967
vt -0.409345001 0.067809999
vt -0.406075001 0.0680869967
vt -0.408580005 0.0701280013
vt -0.408580005 0.0701280013
vt -0.406075001 0.0680869967
vt -0.405535012 0.0704680011
vt -0.408580005 0.988590002
vt -0.405535012 0.988590002
vt -0.408169001 0.991080999
vt -0.991080999 0.0713709965
vt -0.988590002 0.0704680011
vt -0.988590002 0.0704680011
vt -0.408169001 0.991080999
vt -0.405535012 0.988590002
vt -0.405245006 0.991080999
vt -0.405245006 0.991080999
vt -0.405535012 0.988590002
vt -0.40219 0.988590002
vt -0.405245006 0.991080999
vt -0.40219 0.988590002
vt -0.401998997 0.991080999
vt -0.991080999 0.0723690018
vt -0.988590002 0.0710740015
vt -0.988590002 0.0710740015
vt -0.401998997 0.991080999
vt -0.40219 0.988590002
vt -0.398725003 0.988590002
vt -0.398725003 0.0719029978
vt -0.40219 0.0710740015
vt -0.398936987 0.0694710016
vt -0.398725003 0.0719029978
vt -0.398936987 0.0694710016
vt -0.395258009 0.070491001
vt -0.986500978 0.070491001
vt -0.986500978 0.0694710016
vt -0.986500978 0.0694710016
vt -0.395258009 0.070491001
vt -0.398936987 0.0694710016
vt -0.395395011 0.0670069978
vt -0.395395011 0.0670069978
vt -0.398936987 0.0694710016
vt -0.399239987 0.0659980029
vt -0.395395011 0.0670069978
vt -0.399239987 0.0659980029
vt -0.395548999 0.0630849972
vt -0.395548999 0.0630849972
vt -0.399239987 0.0659980029
vt -0.399580985 0.0620869994
vt -0.395548999 0.0630849972
vt -0.399580985 0.0620869994
vt -0.395675004 0.0598770007
vt -0.989201009 0.0598770007
vt -0.986324012 0.0620869994
vt -0.986324012 0.0620869994
vt -0.395675004 0.0598770007
vt -0.399580985 0.0620869994
vt -0.399859011 0.0588890016
vt -0.399859011 0.0588890016
vt -0.399580985 0.0620869994
vt -0.403629005 0.0613260008
vt -0.399859011 0.0588890016
vt -0.403629005 0.0613260008
vt -0.404098004 0.0581509992
vt -0.404098004 0.0581509992
vt -0.403629005 0.0613260008
vt -0.407714009 0.0608589984
vt -0.404098004 0.0581509992
vt -0.407714009 0.0608589984
vt -0.40842399 0.0577289984
vt -0.407714009 0.0608589984
vt -0.403629005 0.0613260008
vt -0.406845987 0.0646869987
vt -0.406845987 0.0646869987
vt -0.403629005 0.0613260008
vt -0.403055996 0.0652099997
vt -0.406845987 0.0646869987
vt -0.403055996 0.0652099997
vt -0.406075001 0.0680869967
vt -0.406075001 0.0680869967
vt -0.403055996 0.0652099997
vt -0.402547002 0.0686590001
vt -0.406075001 0.0680869967
vt -0.402547002 0.0686590001
vt -0.405535012 0.0704680011
vt -0.988590002 0.0704680011
vt -0.986500978 0.0686590001
vt -0.986500978 0.0686590001
vt -0.405535012 0.0704680011
vt -0.402547002 0.0686590001
vt -0.40219 0.0710740015
vt -0.988590002 0.0710740015
vt -0.986500978 0.0686590001
vt -0.986500978 0.0686590001
vt -0.40219 0.0710740015
vt -0.402547002 0.0686590001
vt -0.398936987 0.0694710016
vt -0.986500978 0.0694710016
vt -0.986500978 0.0686590001
vt -0.986500978 0.0686590001
vt -0.398936987 0.0694710016
vt -0.402547002 0.0686590001
vt -0.399239987 0.0659980029
vt -0.399239987 0.0659980029
vt -0.402547002 0.0686590001
vt -0.403055996 0.0652099997
vt -0.399239987 0.0659980029
vt -0.403055996 0.0652099997
vt -0.399580985 0.0620869994
vt -0.399580985 0.0620869994
vt -0.403055996 0.0652099997
vt -0.403629005 0.0613260008
vt -0.408798993 0.993499994
vt -0.413251013 0.993499994
vt -0.410744995 0.991080999
vt -0.410744995 0.991080999
vt -0.413251013 0.993499994
vt -0.412889004 0.991080999
vt -0.410744995 0.991080999
vt -0.412889004 0.991080999
vt -0.411303014 0.988590002
vt -0.411303014 0.988590002
vt -0.412889004 0.991080999
vt -0.413617015 0.988590002
vt -0.411303014 0.0700479969
vt -0.413617015 0.0702000037
vt -0.412344992 0.0678400025
vt -0.412344992 0.0678400025
vt -0.413617015 0.0702000037
vt -0.414974004 0.068171002
vt -0.412344992 0.0678400025
vt -0.414974004 0.068171002
vt -0.413832009 0.0646869987
vt -0.413832009 0.0646869987
vt -0.414974004 0.068171002
vt -0.416911989 0.0652730018
vt -0.413832009 0.0646869987
vt -0.416911989 0.0652730018
vt -0.415506005 0.0611369982
vt -0.986324012 0.0611369982
vt -0.985508978 0.0652730018
vt -0.985508978 0.0652730018
vt -0.415506005 0.0611369982
vt -0.416911989 0.0652730018
vt -0.419093996 0.0620100014
vt -0.419093996 0.0620100014
vt -0.416911989 0.0652730018
vt -0.419584006 0.0662410036
vt -0.419093996 0.0620100014
vt -0.419584006 0.0662410036
vt -0.422284991 0.0633940026
vt -0.986324012 0.0633940026
vt -0.985508978 0.0662410036
vt -0.985508978 0.0662410036
vt -0.422284991 0.0633940026
vt -0.419584006 0.0662410036
vt -0.421959013 0.0676200017
vt -0.421959013 0.0676200017
vt -0.419584006 0.0662410036
vt -0.419129014 0.0696559995
vt -0.421959013 0.0676200017
vt -0.419129014 0.0696559995
vt -0.420819998 0.0708519965
vt -0.420819998 0.0708519965
vt -0.419129014 0.0696559995
vt -0.418608993 0.0718879998
vt -0.420819998 0.0708519965
vt -0.418608993 0.0718879998
vt -0.420002997 0.0731099993
vt -0.420002997 0.988590002
vt -0.418608993 0.988590002
vt -0.418738991 0.991080999
vt 0.988590002 0.0731099993
vt 0.991080999 0.0734499991
vt 0.991080999 0.075052999
vt -0.991080999 0.075052999
vt -0.991080999 0.0734499991
vt -0.991080999 0.0734499991
vt 0.991080999 0.075052999
vt 0.991080999 0.0734499991
vt 0.993499994 0.0762310028
vt -0.993499994 0.0762310028
vt -0.991080999 0.0734499991
vt -0.991080999 0.0734499991
vt 0.993499994 0.0762310028
vt 0.991080999 0.0734499991
vt 0.993499994 0.0728539973
vt -0.417479008 0.993499994
vt -0.418738991 0.991080999
vt -0.41742301 0.991080999
vt -0.417479008 0.993499994
vt -0.41742301 0.991080999
vt -0.414604992 0.991080999
vt -0.414604992 0.991080999
vt -0.41742301 0.991080999
vt -0.417147994 0.988590002
vt -0.414604992 0.991080999
vt -0.417147994 0.988590002
vt -0.415506005 0.988590002
vt -0.415506005 0.0705420002
vt -0.417147994 0.0710830018
vt -0.417185009 0.0687709972
vt -0.415506005 0.0705420002
vt -0.417185009 0.0687709972
vt -0.414974004 0.068171002
vt -0.986500978 0.068171002
vt -0.986500978 0.0687709972
vt -0.986500978 0.0687709972
vt -0.414974004 0.068171002
vt -0.417185009 0.0687709972
vt -0.416911989 0.0652730018
vt -0.985508978 0.0652730018
vt -0.986500978 0.0687709972
vt -0.986500978 0.0687709972
vt -0.416911989 0.0652730018
vt -0.417185009 0.0687709972
vt -0.419584006 0.0662410036
vt -0.985508978 0.0662410036
vt -0.986500978 0.0687709972
vt -0.986500978 0.0687709972
vt -0.419584006 0.0662410036
vt -0.417185009 0.0687709972
vt -0.419129014 0.0696559995
vt -0.419129014 0.0696559995
vt -0.417185009 0.0687709972
vt -0.417147994 0.0710830018
vt -0.419129014 0.0696559995
vt -0.417147994 0.0710830018
vt -0.418608993 0.0718879998
vt -0.418608993 0.988590002
vt -0.417147994 0.988590002
vt -0.41742301 0.991080999
vt -0.418608993 0.988590002
vt -0.41742301 0.991080999
vt -0.418738991 0.991080999
vt -0.414974004 0.068171002
vt -0.413617015 0.0702000037
vt -0.415506005 0.0705420002
vt -0.988590002 0.0705420002
vt -0.988590002 0.0702000037
vt -0.988590002 0.0702000037
vt -0.415506005 0.988590002
vt -0.413617015 0.988590002
vt -0.414604992 0.991080999
vt -0.414604992 0.991080999
vt -0.413617015 0.988590002
vt -0.412889004 0.991080999
vt -0.991080999 0.071491003
vt -0.991080999 0.0712879971
vt -0.991080999 0.071491003
vt -0.414604992 0.991080999
vt -0.412889004 0.991080999
vt -0.413251013 0.993499994
vt -0.414604992 0.991080999
vt -0.413251013 0.993499994
vt -0.417479008 0.993499994
vt -0.400032014 0.993499994
vt -0.398611009 0.991080999
vt -0.395745009 0.993499994
vt -0.395745009 0.993499994
vt -0.398611009 0.991080999
vt -0.395110995 0.991080999
vt -0.395745009 0.993499994
vt -0.395110995 0.991080999
vt -0.391517013 0.993499994
vt -0.993499994 0.075815998
vt -0.991080999 0.0742390007
vt -0.991080999 0.0742390007
vt -0.391517013 0.993499994
vt -0.395110995 0.991080999
vt -0.391517013 0.988798976
vt -0.391517013 0.988798976
vt -0.395110995 0.991080999
vt -0.395163 0.988590002
vt -0.391517013 0.0742890015
vt -0.395163 0.0729309991
vt -0.391517013 0.0702899992
vt -0.395163 0.988590002
vt -0.395110995 0.991080999
vt -0.398611009 0.991080999
vt 0.426730007 0.993499994
vt 0.427751005 0.989201009
vt 0.430050999 0.993499994
vt -0.993499994 0.0639960021
vt -0.989201009 0.0634509996
vt -0.989201009 0.0663440004
vt -0.993499994 0.0639960021
vt -0.989201009 0.0663440004
vt -0.993499994 0.0674720034
vt -0.993499994 0.0674720034
vt -0.989201009 0.0663440004
vt -0.989201009 0.0697129965
vt -0.993499994 0.0674720034
vt -0.989201009 0.0697129965
vt -0.993499994 0.0714270025
vt -0.993499994 0.0714270025
vt -0.989201009 0.0697129965
vt -0.989201009 0.0734630004
vt -0.993499994 0.0714270025
vt -0.989201009 0.0734630004
vt -0.993499994 0.0757320002
vt -0.993499994 0.0757320002
vt -0.989201009 0.0734630004
vt -0.989201009 0.0775220022
vt -0.993499994 0.0757320002
vt -0.989201009 0.0775220022
vt -0.993499994 0.0802100003
vt -0.993499994 0.0802100003
vt -0.989201009 0.0775220022
vt -0.989201009 0.0817110017
vt -0.993499994 0.0802100003
vt -0.989201009 0.0817110017
vt -0.993499994 0.0847959965
vt -0.993499994 0.0847959965
vt -0.989201009 0.0817110017
vt -0.989201009 0.0860169977
vt -0.993499994 0.0847959965
vt -0.989201009 0.0860169977
vt -0.993499994 0.0893590003
vt -0.993499994 0.0893590003
vt -0.989201009 0.0860169977
vt -0.989201009 0.0903080031
vt -0.993499994 0.0893590003
vt -0.989201009 0.0903080031
vt -0.993499994 0.0939159989
vt -0.43750301 0.0903080031
vt -0.437090993 0.0860169977
vt -0.434370995 0.0896050036
vt -0.434370995 0.0896050036
vt -0.437090993 0.0860169977
vt -0.433928996 0.0854630023
vt -0.434370995 0.0896050036
vt -0.433928996 0.0854630023
vt -0.430539995 0.088744998
vt -0.430539995 0.088744998
vt -0.433928996 0.0854630023
vt -0.430061996 0.0847859979
vt -0.430539995 0.088744998
vt -0.430061996 0.0847859979
vt -0.427138001 0.0879819989
vt -0.427138001 0.0879819989
vt -0.430061996 0.0847859979
vt -0.42662701 0.0841839984
vt -0.427138001 0.0879819989
vt -0.42662701 0.0841839984
vt -0.424755991 0.0874470025
vt -0.424755991 0.0874470025
vt -0.42662701 0.0841839984
vt -0.424221992 0.0837630033
vt 0.988590002 0.0874470025
vt 0.988590002 0.0837630033
vt 0.991080999 0.0871609971
vt -0.991080999 0.0871609971
vt -0.988590002 0.0837630033
vt -0.988590002 0.0837630033
vt 0.991080999 0.0871609971
vt 0.988590002 0.0837630033
vt 0.991080999 0.0835369974
vt 0.991080999 0.0835369974
vt 0.988590002 0.0837630033
vt 0.988590002 0.0803330019
vt 0.991080999 0.0835369974
vt 0.988590002 0.0803330019
vt 0.991080999 0.0801950023
vt -0.991080999 0.0801950023
vt -0.988590002 0.0803330019
vt -0.988590002 0.0803330019
vt 0.991080999 0.0801950023
vt 0.988590002 0.0803330019
vt 0.988590002 0.077353999
vt -0.422511995 0.077353999
vt -0.423476994 0.0803330019
vt -0.424953014 0.0773850009
vt -0.422511995 0.077353999
vt -0.424953014 0.0773850009
vt -0.423750997 0.0746380016
vt -0.423750997 0.0746380016
vt -0.424953014 0.0773850009
vt -0.42721799 0.0742520019
vt -0.423750997 0.0746380016
vt -0.42721799 0.0742520019
vt -0.42572701 0.0715679973
vt -0.42572701 0.0715679973
vt -0.42721799 0.0742520019
vt -0.429518014 0.070547998
vt -0.42572701 0.0715679973
vt -0.429518014 0.070547998
vt -0.427533001 0.0677059963
vt -0.427533001 0.0677059963
vt -0.429518014 0.070547998
vt -0.430440009 0.0663440004
vt -0.427533001 0.0677059963
vt -0.430440009 0.0663440004
vt -0.427751005 0.0634509996
vt -0.430440009 0.0663440004
vt -0.429518014 0.070547998
vt -0.432617992 0.0697129965
vt -0.432617992 0.0697129965
vt -0.429518014 0.070547998
vt -0.431120008 0.0738179982
vt -0.432617992 0.0697129965
vt -0.431120008 0.0738179982
vt -0.434311002 0.0734630004
vt -0.434311002 0.0734630004
vt -0.431120008 0.0738179982
vt -0.432366014 0.0774810016
vt -0.434311002 0.0734630004
vt -0.432366014 0.0774810016
vt -0.435575992 0.0775220022
vt -0.435575992 0.0775220022
vt -0.432366014 0.0774810016
vt -0.433277011 0.0813720003
vt -0.435575992 0.0775220022
vt -0.433277011 0.0813720003
vt -0.436470002 0.0817110017
vt -0.436470002 0.0817110017
vt -0.433277011 0.0813720003
vt -0.433928996 0.0854630023
vt -0.436470002 0.0817110017
vt -0.433928996 0.0854630023
vt -0.437090993 0.0860169977
vt -0.433928996 0.0854630023
vt -0.433277011 0.0813720003
vt -0.430061996 0.0847859979
vt -0.430061996 0.0847859979
vt -0.433277011 0.0813720003
vt -0.429372996 0.0809580013
vt -0.430061996 0.0847859979
vt -0.429372996 0.0809580013
vt -0.42662701 0.0841839984
vt -0.42662701 0.0841839984
vt -0.429372996 0.0809580013
vt -0.425904989 0.0805910006
vt -0.42662701 0.0841839984
vt -0.425904989 0.0805910006
vt -0.424221992 0.0837630033
vt -0.988590002 0.0837630033
vt -0.986500978 0.0805910006
vt -0.986500978 0.0805910006
vt -0.424221992 0.0837630033
vt -0.425904989 0.0805910006
vt -0.423476994 0.0803330019
vt -0.988590002 0.0803330019
vt -0.986500978 0.0805910006
vt -0.986500978 0.0805910006
vt -0.423476994 0.0803330019
vt -0.425904989 0.0805910006
vt -0.424953014 0.0773850009
vt -0.424953014 0.0773850009
vt -0.425904989 0.0805910006
vt -0.428440005 0.0774300024
vt -0.424953014 0.0773850009
vt -0.428440005 0.0774300024
vt -0.42721799 0.0742520019
vt -0.42721799 0.0742520019
vt -0.428440005 0.0774300024
vt -0.431120008 0.0738179982
vt -0.42721799 0.0742520019
vt -0.431120008 0.0738179982
vt -0.429518014 0.070547998
vt -0.431120008 0.0738179982
vt -0.428440005 0.0774300024
vt -0.432366014 0.0774810016
vt -0.432366014 0.0774810016
vt -0.428440005 0.0774300024
vt -0.429372996 0.0809580013
vt -0.432366014 0.0774810016
vt -0.429372996 0.0809580013
vt -0.433277011 0.0813720003
vt -0.429372996 0.0809580013
vt -0.428440005 0.0774300024
vt -0.425904989 0.0805910006
vt 0.993499994 0.0891830027
vt 0.993499994 0.0936250016
vt 0.991080999 0.0910009965
vt 0.991080999 0.0910009965
vt 0.993499994 0.0936250016
vt 0.991080999 0.0949620008
vt 0.991080999 0.0910009965
vt 0.991080999 0.0949620008
vt 0.988590002 0.0913299993
vt 0.988590002 0.0913299993
vt 0.991080999 0.0949620008
vt 0.988590002 0.0953190029
vt -0.425128996 0.0913299993
vt -0.425379008 0.0953190029
vt -0.427491993 0.0919430032
vt -0.427491993 0.0919430032
vt -0.425379008 0.0953190029
vt -0.427727014 0.0959860012
vt -0.427491993 0.0919430032
vt -0.427727014 0.0959860012
vt -0.430866987 0.0928189978
vt -0.430866987 0.0928189978
vt -0.427727014 0.0959860012
vt -0.43108201 0.0969379991
vt -0.430866987 0.0928189978
vt -0.43108201 0.0969379991
vt -0.434666991 0.0938050002
vt -0.434666991 0.0938050002
vt -0.43108201 0.0969379991
vt -0.434857994 0.0980100036
vt -0.434666991 0.0938050002
vt -0.434857994 0.0980100036
vt -0.437774003 0.0946109965
vt -0.989201009 0.0946109965
vt -0.986324012 0.0980100036
vt -0.986324012 0.0980100036
vt -0.437774003 0.0946109965
vt -0.434857994 0.0980100036
vt -0.437945992 0.0988869965
vt -0.437945992 0.0988869965
vt -0.434857994 0.0980100036
vt -0.434978992 0.102214999
vt -0.437945992 0.0988869965
vt -0.434978992 0.102214999
vt -0.438053012 0.103139997
vt -0.438053012 0.103139997
vt -0.434978992 0.102214999
vt -0.435050011 0.106436998
vt -0.438053012 0.103139997
vt -0.435050011 0.106436998
vt -0.438115001 0.107392997
vt -0.438115001 0.107392997
vt -0.435050011 0.106436998
vt -0.435090005 0.110653996
vt -0.438115001 0.107392997
vt -0.435090005 0.110653996
vt -0.438147008 0.111633003
vt -0.438147008 0.111633003
vt -0.435090005 0.110653996
vt -0.435104996 0.114855997
vt -0.438147008 0.111633003
vt -0.435104996 0.114855997
vt -0.438156992 0.115850002
vt -0.438156992 0.115850002
vt -0.435104996 0.114855997
vt -0.435097009 0.119052
vt -0.438156992 0.115850002
vt -0.435097009 0.119052
vt -0.438143998 0.120062999
vt -0.438143998 0.120062999
vt -0.435097009 0.119052
vt -0.435063988 0.123258002
vt -0.438143998 0.120062999
vt -0.435063988 0.123258002
vt -0.43810299 0.124289997
vt -0.43810299 0.124289997
vt -0.435063988 0.123258002
vt -0.434991002 0.127478004
vt -0.43810299 0.124289997
vt -0.434991002 0.127478004
vt -0.438019991 0.128540993
vt -0.438019991 0.128540993
vt -0.434991002 0.127478004
vt -0.434859991 0.131669998
vt -0.438019991 0.128540993
vt -0.434859991 0.131669998
vt -0.437873006 0.132779002
vt -0.437873006 0.132779002
vt -0.434859991 0.131669998
vt -0.434644997 0.135809004
vt -0.437873006 0.132779002
vt -0.434644997 0.135809004
vt -0.437631994 0.136986002
vt -0.437631994 0.136986002
vt -0.434644997 0.135809004
vt -0.434302002 0.139945999
vt -0.437631994 0.136986002
vt -0.434302002 0.139945999
vt -0.437247992 0.141222
vt -0.437247992 0.141222
vt -0.434302002 0.139945999
vt -0.433771014 0.144100994
vt -0.437247992 0.141222
vt -0.433771014 0.144100994
vt -0.436650008 0.145520002
vt -0.436650008 0.145520002
vt -0.433771014 0.144100994
vt -0.432996005 0.148104995
vt -0.436650008 0.145520002
vt -0.432996005 0.148104995
vt -0.435772002 0.149716005
vt -0.435772002 0.149716005
vt -0.432996005 0.148104995
vt -0.431944996 0.151801005
vt -0.435772002 0.149716005
vt -0.431944996 0.151801005
vt -0.434565008 0.153654993
vt -0.434565008 0.153654993
vt -0.431944996 0.151801005
vt -0.430559993 0.155176997
vt -0.434565008 0.153654993
vt -0.430559993 0.155176997
vt -0.432947993 0.157321006
vt -0.432947993 0.157321006
vt -0.430559993 0.155176997
vt -0.428743988 0.158287004
vt -0.432947993 0.157321006
vt -0.428743988 0.158287004
vt -0.430797011 0.160754994
vt -0.430797011 0.160754994
vt -0.428743988 0.158287004
vt -0.42643699 0.161042005
vt -0.430797011 0.160754994
vt -0.42643699 0.161042005
vt -0.428034008 0.163825005
vt -0.428034008 0.163825005
vt -0.42643699 0.161042005
vt -0.423772991 0.163241997
vt -0.428034008 0.163825005
vt -0.423772991 0.163241997
vt -0.424843013 0.166268006
vt -0.424843013 0.166268006
vt -0.423772991 0.163241997
vt -0.420778006 0.164920002
vt -0.424843013 0.166268006
vt -0.420778006 0.164920002
vt -0.421301007 0.168088004
vt -0.421301007 0.168088004
vt -0.420778006 0.164920002
vt -0.417400986 0.166134998
vt -0.421301007 0.168088004
vt -0.417400986 0.166134998
vt -0.417394012 0.169345006
vt -0.417394012 0.169345006
vt -0.417400986 0.166134998
vt -0.413774014 0.166867003
vt -0.417394012 0.169345006
vt -0.413774014 0.166867003
vt -0.413311988 0.170044005
vt -0.989201009 0.170044005
vt -0.986324012 0.166867003
vt -0.986324012 0.166867003
vt -0.413311988 0.170044005
vt -0.413774014 0.166867003
vt -0.409873992 0.167172
vt -0.409873992 0.167172
vt -0.413774014 0.166867003
vt -0.410896003 0.163380995
vt -0.409873992 0.167172
vt -0.410896003 0.163380995
vt -0.407269001 0.163409993
vt -0.407269001 0.163409993
vt -0.410896003 0.163380995
vt -0.408486992 0.160143003
vt -0.407269001 0.163409993
vt -0.408486992 0.160143003
vt -0.404906988 0.159951001
vt -0.404906988 0.159951001
vt -0.408486992 0.160143003
vt -0.405930012 0.157734007
vt -0.404906988 0.159951001
vt -0.405930012 0.157734007
vt -0.402375013 0.157330006
vt 0.402375013 0.988590002
vt 0.405930012 0.988590002
vt 0.40299201 0.991080999
vt 0.402375013 0.988590002
vt 0.40299201 0.991080999
vt 0.399390012 0.991080999
vt 0.399390012 0.991080999
vt 0.40299201 0.991080999
vt 0.400247991 0.993499994
vt 0.399390012 0.991080999
vt 0.400247991 0.993499994
vt 0.395893008 0.993499994
vt 0.400247991 0.993499994
vt 0.40299201 0.991080999
vt 0.40465501 0.993499994
vt 0.40465501 0.993499994
vt 0.40299201 0.991080999
vt 0.406479001 0.991080999
vt 0.40465501 0.993499994
vt 0.406479001 0.991080999
vt 0.409101993 0.993499994
vt 0.409101993 0.993499994
vt 0.406479001 0.991080999
vt 0.409797996 0.991080999
vt 0.409101993 0.993499994
vt 0.409797996 0.991080999
vt 0.412779987 0.991080999
vt 0.412779987 0.991080999
vt 0.409797996 0.991080999
vt 0.412438989 0.988590002
vt 0.412779987 0.991080999
vt 0.412438989 0.988590002
vt 0.415190011 0.988590002
vt -0.415190011 0.157113999
vt -0.412438989 0.157655999
vt -0.414839 0.159530997
vt -0.415190011 0.157113999
vt -0.414839 0.159530997
vt -0.417416006 0.158721
vt -0.417416006 0.158721
vt -0.414839 0.159530997
vt -0.417409003 0.162208006
vt -0.417416006 0.158721
vt -0.417409003 0.162208006
vt -0.420139015 0.161046997
vt -0.420139015 0.161046997
vt -0.417409003 0.162208006
vt -0.420778006 0.164920002
vt -0.985508978 0.161046997
vt -0.986324012 0.164920002
vt -0.985508978 0.161046997
vt -0.420139015 0.161046997
vt -0.420778006 0.164920002
vt -0.423772991 0.163241997
vt -0.420139015 0.161046997
vt -0.423772991 0.163241997
vt -0.422464013 0.159539998
vt -0.422464013 0.159539998
vt -0.423772991 0.163241997
vt -0.42643699 0.161042005
vt -0.422464013 0.159539998
vt -0.42643699 0.161042005
vt -0.424484015 0.157637
vt -0.424484015 0.157637
vt -0.42643699 0.161042005
vt -0.428743988 0.158287004
vt -0.424484015 0.157637
vt -0.428743988 0.158287004
vt -0.426234007 0.155268997
vt -0.426234007 0.155268997
vt -0.428743988 0.158287004
vt -0.430559993 0.155176997
vt -0.426234007 0.155268997
vt -0.430559993 0.155176997
vt -0.427639008 0.152556002
vt -0.427639008 0.152556002
vt -0.430559993 0.155176997
vt -0.431944996 0.151801005
vt -0.427639008 0.152556002
vt -0.431944996 0.151801005
vt -0.428741008 0.149533004
vt -0.428741008 0.149533004
vt -0.431944996 0.151801005
vt -0.432996005 0.148104995
vt -0.428741008 0.149533004
vt -0.432996005 0.148104995
vt -0.429601997 0.146134004
vt -0.429601997 0.146134004
vt -0.432996005 0.148104995
vt -0.433771014 0.144100994
vt -0.429601997 0.146134004
vt -0.433771014 0.144100994
vt -0.430249989 0.142366007
vt -0.430249989 0.142366007
vt -0.433771014 0.144100994
vt -0.434302002 0.139945999
vt -0.430249989 0.142366007
vt -0.434302002 0.139945999
vt -0.430700004 0.138385996
vt -0.430700004 0.138385996
vt -0.434302002 0.139945999
vt -0.434644997 0.135809004
vt -0.430700004 0.138385996
vt -0.434644997 0.135809004
vt -0.430992991 0.134369999
vt -0.430992991 0.134369999
vt -0.434644997 0.135809004
vt -0.434859991 0.131669998
vt -0.430992991 0.134369999
vt -0.434859991 0.131669998
vt -0.431176007 0.130314007
vt -0.431176007 0.130314007
vt -0.434859991 0.131669998
vt -0.434991002 0.127478004
vt -0.431176007 0.130314007
vt -0.434991002 0.127478004
vt -0.431286007 0.126178995
vt -0.431286007 0.126178995
vt -0.434991002 0.127478004
vt -0.435063988 0.123258002
vt -0.431286007 0.126178995
vt -0.435063988 0.123258002
vt -0.431345999 0.121996
vt -0.431345999 0.121996
vt -0.435063988 0.123258002
vt -0.435097009 0.119052
vt -0.431345999 0.121996
vt -0.435097009 0.119052
vt -0.431371003 0.117815003
vt -0.431371003 0.117815003
vt -0.435097009 0.119052
vt -0.435104996 0.114855997
vt -0.431371003 0.117815003
vt -0.435104996 0.114855997
vt -0.431371987 0.113638997
vt -0.431371987 0.113638997
vt -0.435104996 0.114855997
vt -0.435090005 0.110653996
vt -0.431371987 0.113638997
vt -0.435090005 0.110653996
vt -0.431351006 0.109457999
vt -0.431351006 0.109457999
vt -0.435090005 0.110653996
vt -0.435050011 0.106436998
vt -0.431351006 0.109457999
vt -0.435050011 0.106436998
vt -0.431302994 0.105268002
vt -0.431302994 0.105268002
vt -0.435050011 0.106436998
vt -0.434978992 0.102214999
vt -0.431302994 0.105268002
vt -0.434978992 0.102214999
vt -0.431219012 0.101085
vt -0.431219012 0.101085
vt -0.434978992 0.102214999
vt -0.434857994 0.0980100036
vt -0.985508978 0.101085
vt -0.986324012 0.0980100036
vt -0.985508978 0.101085
vt -0.431219012 0.101085
vt -0.434857994 0.0980100036
vt -0.43108201 0.0969379991
vt -0.431219012 0.101085
vt -0.43108201 0.0969379991
vt -0.427879989 0.100080997
vt -0.427879989 0.100080997
vt -0.43108201 0.0969379991
vt -0.427727014 0.0959860012
vt -0.427879989 0.100080997
vt -0.427727014 0.0959860012
vt -0.425541997 0.0993779972
vt -0.425541997 0.0993779972
vt -0.427727014 0.0959860012
vt -0.425379008 0.0953190029
vt 0.988590002 0.0993779972
vt 0.988590002 0.0953190029
vt 0.991080999 0.0990009978
vt 0.991080999 0.0990009978
vt 0.988590002 0.0953190029
vt 0.991080999 0.0949620008
vt 0.991080999 0.0990009978
vt 0.991080999 0.0949620008
vt 0.993499994 0.0980760008
vt 0.993499994 0.0980760008
vt 0.991080999 0.0949620008
vt 0.993499994 0.0936250016
vt 0.993499994 0.0980760008
vt 0.993499994 0.102530003
vt 0.991080999 0.0990009978
vt 0.991080999 0.0990009978
vt 0.993499994 0.102530003
vt 0.991080999 0.103111997
vt 0.991080999 0.0990009978
vt 0.991080999 0.103111997
vt 0.988590002 0.0993779972
vt 0.988590002 0.0993779972
vt 0.991080999 0.103111997
vt 0.988590002 0.103501998
vt -0.425541997 0.0993779972
vt -0.42564401 0.103501998
vt -0.427879989 0.100080997
vt -0.427879989 0.100080997
vt -0.42564401 0.103501998
vt -0.427973986 0.104229003
vt -0.427879989 0.100080997
vt -0.427973986 0.104229003
vt -0.431219012 0.101085
vt -0.985508978 0.101085
vt -0.986500978 0.104229003
vt -0.986500978 0.104229003
vt -0.431219012 0.101085
vt -0.427973986 0.104229003
vt -0.431302994 0.105268002
vt -0.431302994 0.105268002
vt -0.427973986 0.104229003
vt -0.428030014 0.108396001
vt -0.431302994 0.105268002
vt -0.428030014 0.108396001
vt -0.431351006 0.109457999
vt -0.431351006 0.109457999
vt -0.428030014 0.108396001
vt -0.428056985 0.112558998
vt -0.431351006 0.109457999
vt -0.428056985 0.112558998
vt -0.431371987 0.113638997
vt -0.431371987 0.113638997
vt -0.428056985 0.112558998
vt -0.428061992 0.116717003
vt -0.431371987 0.113638997
vt -0.428061992 0.116717003
vt -0.431371003 0.117815003
vt -0.431371003 0.117815003
vt -0.428061992 0.116717003
vt -0.428043991 0.120875001
vt -0.431371003 0.117815003
vt -0.428043991 0.120875001
vt -0.431345999 0.121996
vt -0.431345999 0.121996
vt -0.428043991 0.120875001
vt -0.42799601 0.125024006
vt -0.431345999 0.121996
vt -0.42799601 0.125024006
vt -0.431286007 0.126178995
vt -0.431286007 0.126178995
vt -0.42799601 0.125024006
vt -0.42790401 0.129108995
vt -0.431286007 0.126178995
vt -0.42790401 0.129108995
vt -0.431176007 0.130314007
vt -0.431176007 0.130314007
vt -0.42790401 0.129108995
vt -0.427749008 0.133092001
vt -0.431176007 0.130314007
vt -0.427749008 0.133092001
vt -0.430992991 0.134369999
vt -0.430992991 0.134369999
vt -0.427749008 0.133092001
vt -0.427500993 0.136998996
vt -0.430992991 0.134369999
vt -0.427500993 0.136998996
vt -0.430700004 0.138385996
vt -0.430700004 0.138385996
vt -0.427500993 0.136998996
vt -0.427121997 0.140825003
vt -0.430700004 0.138385996
vt -0.427121997 0.140825003
vt -0.430249989 0.142366007
vt -0.430249989 0.142366007
vt -0.427121997 0.140825003
vt -0.426586986 0.144382998
vt -0.430249989 0.142366007
vt -0.426586986 0.144382998
vt -0.429601997 0.146134004
vt -0.429601997 0.146134004
vt -0.426586986 0.144382998
vt -0.425895989 0.147517994
vt -0.429601997 0.146134004
vt -0.425895989 0.147517994
vt -0.428741008 0.149533004
vt -0.428741008 0.149533004
vt -0.425895989 0.147517994
vt -0.425045013 0.150226995
vt -0.428741008 0.149533004
vt -0.425045013 0.150226995
vt -0.427639008 0.152556002
vt -0.427639008 0.152556002
vt -0.425045013 0.150226995
vt -0.424003989 0.152587995
vt -0.427639008 0.152556002
vt -0.424003989 0.152587995
vt -0.426234007 0.155268997
vt -0.426234007 0.155268997
vt -0.424003989 0.152587995
vt -0.422749013 0.154613003
vt -0.426234007 0.155268997
vt -0.422749013 0.154613003
vt -0.424484015 0.157637
vt -0.424484015 0.157637
vt -0.422749013 0.154613003
vt -0.421301007 0.156252995
vt -0.424484015 0.157637
vt -0.421301007 0.156252995
vt -0.422464013 0.159539998
vt -0.422464013 0.159539998
vt -0.421301007 0.156252995
vt -0.419571996 0.157606006
vt -0.422464013 0.159539998
vt -0.419571996 0.157606006
vt -0.420139015 0.161046997
vt -0.985508978 0.161046997
vt -0.986500978 0.157606006
vt -0.986500978 0.157606006
vt -0.420139015 0.161046997
vt -0.419571996 0.157606006
vt -0.417416006 0.158721
vt -0.417416006 0.158721
vt -0.419571996 0.157606006
vt -0.417421997 0.156278998
vt -0.417416006 0.158721
vt -0.417421997 0.156278998
vt -0.415190011 0.157113999
vt 0.415190011 0.988590002
vt 0.417421997 0.988590002
vt 0.415378004 0.991080999
vt 0.415190011 0.988590002
vt 0.415378004 0.991080999
vt 0.412779987 0.991080999
vt 0.412779987 0.991080999
vt 0.415378004 0.991080999
vt 0.413538992 0.993499994
vt 0.412779987 0.991080999
vt 0.413538992 0.993499994
vt 0.409101993 0.993499994
vt 0.413538992 0.993499994
vt 0.415378004 0.991080999
vt 0.417723 0.993499994
vt 0.417723 0.993499994
vt 0.415378004 0.991080999
vt 0.417423993 0.991080999
vt 0.417723 0.993499994
vt 0.417423993 0.991080999
vt 0.418960989 0.991080999
vt 0.418960989 0.991080999
vt 0.417423993 0.991080999
vt 0.419173986 0.988590002
vt 0.418960989 0.991080999
vt 0.419173986 0.988590002
vt 0.420488 0.988590002
vt -0.420488 0.153951004
vt -0.419173986 0.155196995
vt -0.421301007 0.156252995
vt -0.988590002 0.153951004
vt -0.986500978 0.156252995
vt -0.988590002 0.153951004
vt -0.420488 0.153951004
vt -0.421301007 0.156252995
vt -0.422749013 0.154613003
vt -0.420488 0.153951004
vt -0.422749013 0.154613003
vt -0.421534002 0.152495995
vt -0.421534002 0.152495995
vt -0.422749013 0.154613003
vt -0.424003989 0.152587995
vt -0.421534002 0.152495995
vt -0.424003989 0.152587995
vt -0.422443002 0.150711
vt -0.422443002 0.150711
vt -0.424003989 0.152587995
vt -0.425045013 0.150226995
vt -0.422443002 0.150711
vt -0.425045013 0.150226995
vt -0.423229009 0.148597002
vt -0.423229009 0.148597002
vt -0.425045013 0.150226995
vt -0.425895989 0.147517994
vt -0.423229009 0.148597002
vt -0.425895989 0.147517994
vt -0.423904002 0.146108001
vt -0.423904002 0.146108001
vt -0.425895989 0.147517994
vt -0.426586986 0.144382998
vt -0.423904002 0.146108001
vt -0.426586986 0.144382998
vt -0.424475998 0.143158004
vt -0.424475998 0.143158004
vt -0.426586986 0.144382998
vt -0.427121997 0.140825003
vt -0.424475998 0.143158004
vt -0.427121997 0.140825003
vt -0.424932003 0.139745995
vt -0.424932003 0.139745995
vt -0.427121997 0.140825003
vt -0.427500993 0.136998996
vt -0.424932003 0.139745995
vt -0.427500993 0.136998996
vt -0.425260991 0.136029005
vt -0.425260991 0.136029005
vt -0.427500993 0.136998996
vt -0.427749008 0.133092001
vt -0.425260991 0.136029005
vt -0.427749008 0.133092001
vt -0.425478011 0.132196993
vt -0.425478011 0.132196993
vt -0.427749008 0.133092001
vt -0.42790401 0.129108995
vt -0.425478011 0.132196993
vt -0.42790401 0.129108995
vt -0.425612986 0.128266007
vt -0.425612986 0.128266007
vt -0.42790401 0.129108995
vt -0.42799601 0.125024006
vt -0.425612986 0.128266007
vt -0.42799601 0.125024006
vt -0.425693005 0.124215998
vt -0.425693005 0.124215998
vt -0.42799601 0.125024006
vt -0.428043991 0.120875001
vt -0.425693005 0.124215998
vt -0.428043991 0.120875001
vt -0.425733 0.120090999
vt -0.425733 0.120090999
vt -0.428043991 0.120875001
vt -0.428061992 0.116717003
vt -0.425733 0.120090999
vt -0.428061992 0.116717003
vt -0.42574501 0.115947999
vt -0.42574501 0.115947999
vt -0.428061992 0.116717003
vt -0.428056985 0.112558998
vt -0.42574501 0.115947999
vt -0.428056985 0.112558998
vt -0.42573601 0.111801997
vt -0.42573601 0.111801997
vt -0.428056985 0.112558998
vt -0.428030014 0.108396001
vt -0.42573601 0.111801997
vt -0.428030014 0.108396001
vt -0.425704002 0.107652001
vt -0.425704002 0.107652001
vt -0.428030014 0.108396001
vt -0.427973986 0.104229003
vt -0.988590002 0.107652001
vt -0.986500978 0.104229003
vt -0.988590002 0.107652001
vt -0.425704002 0.107652001
vt -0.427973986 0.104229003
vt -0.42564401 0.103501998
vt 0.988590002 0.107652001
vt 0.988590002 0.103501998
vt 0.991080999 0.107253
vt 0.991080999 0.107253
vt 0.988590002 0.103501998
vt 0.991080999 0.103111997
vt 0.991080999 0.107253
vt 0.991080999 0.103111997
vt 0.993499994 0.106985003
vt 0.993499994 0.106985003
vt 0.991080999 0.103111997
vt 0.993499994 0.102530003
vt 0.993499994 0.106985003
vt 0.993499994 0.111441001
vt 0.991080999 0.107253
vt 0.991080999 0.107253
vt 0.993499994 0.111441001
vt 0.991080999 0.111396
vt 0.991080999 0.107253
vt 0.991080999 0.111396
vt 0.988590002 0.107652001
vt -0.988590002 0.107652001
vt -0.991080999 0.111396
vt -0.991080999 0.111396
vt 0.988590002 0.107652001
vt 0.991080999 0.111396
vt 0.988590002 0.111801997
vt 0.988590002 0.111801997
vt 0.991080999 0.111396
vt 0.991080999 0.115535997
vt 0.988590002 0.111801997
vt 0.991080999 0.115535997
vt 0.988590002 0.115947999
vt 0.988590002 0.115947999
vt 0.991080999 0.115535997
vt 0.991080999 0.119670004
vt 0.988590002 0.115947999
vt 0.991080999 0.119670004
vt 0.988590002 0.120090999
vt 0.988590002 0.120090999
vt 0.991080999 0.119670004
vt 0.991080999 0.123783
vt 0.988590002 0.120090999
vt 0.991080999 0.123783
vt 0.988590002 0.124215998
vt 0.988590002 0.124215998
vt 0.991080999 0.123783
vt 0.991080999 0.127812997
vt 0.988590002 0.124215998
vt 0.991080999 0.127812997
vt 0.988590002 0.128266007
vt 0.988590002 0.128266007
vt 0.991080999 0.127812997
vt 0.991080999 0.131716996
vt 0.988590002 0.128266007
vt 0.991080999 0.131716996
vt 0.988590002 0.132196993
vt 0.988590002 0.132196993
vt 0.991080999 0.131716996
vt 0.991080999 0.135508001
vt 0.988590002 0.132196993
vt 0.991080999 0.135508001
vt 0.988590002 0.136029005
vt 0.988590002 0.136029005
vt 0.991080999 0.135508001
vt 0.991080999 0.139167994
vt 0.988590002 0.136029005
vt 0.991080999 0.139167994
vt 0.988590002 0.139745995
vt 0.988590002 0.139745995
vt 0.991080999 0.139167994
vt 0.991080999 0.142499998
vt 0.988590002 0.139745995
vt 0.991080999 0.142499998
vt 0.988590002 0.143158004
vt 0.988590002 0.143158004
vt 0.991080999 0.142499998
vt 0.991080999 0.145350993
vt 0.988590002 0.143158004
vt 0.991080999 0.145350993
vt 0.988590002 0.146108001
vt 0.988590002 0.146108001
vt 0.991080999 0.145350993
vt 0.991080999 0.147722006
vt 0.988590002 0.146108001
vt 0.991080999 0.147722006
vt 0.988590002 0.148597002
vt 0.988590002 0.148597002
vt 0.991080999 0.147722006
vt 0.991080999 0.149703994
vt 0.988590002 0.148597002
vt 0.991080999 0.149703994
vt 0.988590002 0.150711
vt 0.988590002 0.150711
vt 0.991080999 0.149703994
vt 0.991080999 0.151361004
vt 0.988590002 0.150711
vt 0.991080999 0.151361004
vt 0.988590002 0.152495995
vt 0.988590002 0.152495995
vt 0.991080999 0.151361004
vt 0.991080999 0.152716994
vt 0.988590002 0.152495995
vt 0.991080999 0.152716994
vt 0.988590002 0.153951004
vt -0.988590002 0.153951004
vt -0.991080999 0.152716994
vt -0.991080999 0.152716994
vt 0.988590002 0.153951004
vt 0.991080999 0.152716994
vt 0.991080999 0.153906003
vt -0.991080999 0.153906003
vt -0.991080999 0.152716994
vt -0.991080999 0.152716994
vt 0.991080999 0.153906003
vt 0.991080999 0.152716994
vt 0.993499994 0.154431
vt -0.993499994 0.154431
vt -0.991080999 0.152716994
vt -0.991080999 0.152716994
vt 0.993499994 0.154431
vt 0.991080999 0.152716994
vt 0.993499994 0.151144996
vt 0.993499994 0.151144996
vt 0.991080999 0.152716994
vt 0.991080999 0.151361004
vt -0.993499994 0.151144996
vt -0.991080999 0.151361004
vt -0.993499994 0.151144996
vt 0.993499994 0.151144996
vt 0.991080999 0.151361004
vt 0.991080999 0.149703994
vt 0.993499994 0.151144996
vt 0.991080999 0.149703994
vt 0.993499994 0.146952003
vt 0.993499994 0.146952003
vt 0.991080999 0.149703994
vt 0.991080999 0.147722006
vt -0.993499994 0.146952003
vt -0.991080999 0.147722006
vt -0.993499994 0.146952003
vt 0.993499994 0.146952003
vt 0.991080999 0.147722006
vt 0.991080999 0.145350993
vt 0.993499994 0.146952003
vt 0.991080999 0.145350993
vt 0.993499994 0.142583996
vt 0.993499994 0.142583996
vt 0.991080999 0.145350993
vt 0.991080999 0.142499998
vt -0.993499994 0.142583996
vt -0.991080999 0.142499998
vt -0.993499994 0.142583996
vt 0.993499994 0.142583996
vt 0.991080999 0.142499998
vt 0.991080999 0.139167994
vt 0.993499994 0.142583996
vt 0.991080999 0.139167994
vt 0.993499994 0.138159007
vt 0.993499994 0.138159007
vt 0.991080999 0.139167994
vt 0.991080999 0.135508001
vt 0.993499994 0.138159007
vt 0.991080999 0.135508001
vt 0.993499994 0.133714005
vt 0.993499994 0.133714005
vt 0.991080999 0.135508001
vt 0.991080999 0.131716996
vt 0.993499994 0.133714005
vt 0.991080999 0.131716996
vt 0.993499994 0.129262
vt 0.993499994 0.129262
vt 0.991080999 0.131716996
vt 0.991080999 0.127812997
vt 0.993499994 0.129262
vt 0.991080999 0.127812997
vt 0.993499994 0.124807999
vt 0.993499994 0.124807999
vt 0.991080999 0.127812997
vt 0.991080999 0.123783
vt 0.993499994 0.124807999
vt 0.991080999 0.123783
vt 0.993499994 0.120352
vt 0.993499994 0.120352
vt 0.991080999 0.123783
vt 0.991080999 0.119670004
vt -0.993499994 0.120352
vt -0.991080999 0.119670004
vt -0.993499994 0.120352
vt 0.993499994 0.120352
vt 0.991080999 0.119670004
vt 0.991080999 0.115535997
vt 0.993499994 0.120352
vt 0.991080999 0.115535997
vt 0.993499994 0.115897
vt 0.993499994 0.115897
vt 0.991080999 0.115535997
vt 0.991080999 0.111396
vt 0.993499994 0.115897
vt 0.991080999 0.111396
vt 0.993499994 0.111441001
vt -0.421301007 0.156252995
vt -0.419173986 0.155196995
vt -0.419571996 0.157606006
vt -0.986500978 0.157606006
vt -0.988590002 0.155196995
vt -0.988590002 0.155196995
vt -0.419571996 0.157606006
vt -0.419173986 0.155196995
vt -0.417421997 0.156278998
vt 0.417421997 0.988590002
vt 0.419173986 0.988590002
vt 0.417423993 0.991080999
vt 0.417421997 0.988590002
vt 0.417423993 0.991080999
vt 0.415378004 0.991080999
vt -0.420778006 0.164920002
vt -0.417409003 0.162208006
vt -0.417400986 0.166134998
vt -0.417400986 0.166134998
vt -0.417409003 0.162208006
vt -0.414337993 0.162982002
vt -0.417400986 0.166134998
vt -0.414337993 0.162982002
vt -0.413774014 0.166867003
vt -0.986324012 0.166867003
vt -0.985508978 0.162982002
vt -0.985508978 0.162982002
vt -0.413774014 0.166867003
vt -0.414337993 0.162982002
vt -0.410896003 0.163380995
vt -0.410896003 0.163380995
vt -0.414337993 0.162982002
vt -0.411803991 0.160013005
vt -0.410896003 0.163380995
vt -0.411803991 0.160013005
vt -0.408486992 0.160143003
vt -0.408486992 0.160143003
vt -0.411803991 0.160013005
vt -0.409341007 0.157856002
vt -0.408486992 0.160143003
vt -0.409341007 0.157856002
vt -0.405930012 0.157734007
vt 0.405930012 0.988590002
vt 0.409341007 0.988590002
vt 0.406479001 0.991080999
vt 0.405930012 0.988590002
vt 0.406479001 0.991080999
vt 0.40299201 0.991080999
vt 0.406479001 0.991080999
vt 0.409341007 0.988590002
vt 0.409797996 0.991080999
vt -0.991080999 0.156628996
vt -0.988590002 0.157856002
vt -0.988590002 0.157856002
vt 0.409797996 0.991080999
vt 0.409341007 0.988590002
vt 0.412438989 0.988590002
vt -0.412438989 0.157655999
vt -0.409341007 0.157856002
vt -0.411803991 0.160013005
vt -0.412438989 0.157655999
vt -0.411803991 0.160013005
vt -0.414839 0.159530997
vt -0.414839 0.159530997
vt -0.411803991 0.160013005
vt -0.414337993 0.162982002
vt -0.414839 0.159530997
vt -0.414337993 0.162982002
vt -0.417409003 0.162208006
vt 0.400247991 0.993499994
vt 0.399390012 0.995917976
vt 0.395893008 0.993499994
vt -0.993499994 0.154434994
vt -0.995917976 0.155567005
vt -0.995917976 0.155567005
vt 0.395893008 0.993499994
vt 0.399390012 0.995917976
vt 0.394612998 0.999153018
vt 0.394612998 0.999153018
vt 0.399390012 0.995917976
vt 0.398717999 0.99840802
vt 0.394612998 0.156393006
vt 0.398717999 0.156690001
vt 0.397464991 0.158784002
vt 0.397464991 0.158784002
vt 0.398717999 0.156690001
vt 0.401221991 0.159482002
vt 0.397464991 0.158784002
vt 0.401221991 0.159482002
vt 0.399576992 0.162554994
vt 0.399576992 0.162554994
vt 0.401221991 0.159482002
vt 0.403447002 0.163115993
vt 0.399576992 0.162554994
vt 0.403447002 0.163115993
vt 0.401804 0.166677997
vt 0.401804 0.166677997
vt 0.403447002 0.163115993
vt 0.405898005 0.167083994
vt 0.401804 0.166677997
vt 0.405898005 0.167083994
vt 0.404776007 0.170093
vt 0.404776007 0.170093
vt 0.405898005 0.167083994
vt 0.409040004 0.170268998
vt -0.404776007 0.997802019
vt -0.409040004 0.997802019
vt -0.409716994 0.993499994
vt -0.409716994 0.993499994
vt -0.409040004 0.997802019
vt -0.413313001 0.997802019
vt -0.409716994 0.993499994
vt -0.413313001 0.997802019
vt -0.414306015 0.993499994
vt -0.414306015 0.993499994
vt -0.413313001 0.997802019
vt -0.417394012 0.997802019
vt -0.414306015 0.993499994
vt -0.417394012 0.997802019
vt -0.418743998 0.993499994
vt -0.418743998 0.993499994
vt -0.417394012 0.997802019
vt -0.421299994 0.997802019
vt -0.418743998 0.993499994
vt -0.421299994 0.997802019
vt -0.422935992 0.993499994
vt -0.422935992 0.993499994
vt -0.421299994 0.997802019
vt -0.424842 0.997802019
vt -0.422935992 0.993499994
vt -0.424842 0.997802019
vt -0.426725 0.993499994
vt -0.426725 0.993499994
vt -0.424842 0.997802019
vt -0.428032994 0.997802019
vt -0.426725 0.993499994
vt -0.428032994 0.997802019
vt -0.430094004 0.993499994
vt -0.993499994 0.163498998
vt -0.997802019 0.163822994
vt -0.997802019 0.160752997
vt -0.993499994 0.163498998
vt -0.997802019 0.160752997
vt -0.993499994 0.159915
vt -0.993499994 0.159915
vt -0.997802019 0.160752997
vt -0.997802019 0.157318994
vt -0.993499994 0.159915
vt -0.997802019 0.157318994
vt -0.993499994 0.156057999
vt -0.993499994 0.156057999
vt -0.997802019 0.157318994
vt -0.997802019 0.153652996
vt -0.993499994 0.156057999
vt -0.997802019 0.153652996
vt -0.993499994 0.151948005
vt -0.993499994 0.151948005
vt -0.997802019 0.153652996
vt -0.997802019 0.149715006
vt -0.993499994 0.151948005
vt -0.997802019 0.149715006
vt -0.993499994 0.147560999
vt -0.993499994 0.147560999
vt -0.997802019 0.149715006
vt -0.997802019 0.145518005
vt -0.993499994 0.147560999
vt -0.997802019 0.145518005
vt -0.993499994 0.143004999
vt -0.993499994 0.143004999
vt -0.997802019 0.145518005
vt -0.997802019 0.141221002
vt -0.993499994 0.143004999
vt -0.997802019 0.141221002
vt -0.993499994 0.138486996
vt -0.993499994 0.138486996
vt -0.997802019 0.141221002
vt -0.997802019 0.136985004
vt -0.993499994 0.138486996
vt -0.997802019 0.136985004
vt -0.993499994 0.134048
vt -0.993499994 0.134048
vt -0.997802019 0.136985004
vt -0.997802019 0.132777005
vt -0.993499994 0.134048
vt -0.997802019 0.132777005
vt -0.993499994 0.129596993
vt -0.993499994 0.129596993
vt -0.997802019 0.132777005
vt -0.997802019 0.128539994
vt -0.993499994 0.129596993
vt -0.997802019 0.128539994
vt -0.993499994 0.125126004
vt -0.993499994 0.125126004
vt -0.997802019 0.128539994
vt -0.997802019 0.124288999
vt -0.993499994 0.125126004
vt -0.997802019 0.124288999
vt -0.993499994 0.120683998
vt -0.993499994 0.120683998
vt -0.997802019 0.124288999
vt -0.997802019 0.120062001
vt -0.993499994 0.120683998
vt -0.997802019 0.120062001
vt -0.993499994 0.116263002
vt -0.993499994 0.116263002
vt -0.997802019 0.120062001
vt -0.997802019 0.115849003
vt -0.993499994 0.116263002
vt -0.997802019 0.115849003
vt -0.993499994 0.111836001
vt -0.993499994 0.111836001
vt -0.997802019 0.115849003
vt -0.997802019 0.111631997
vt -0.993499994 0.111836001
vt -0.997802019 0.111631997
vt -0.993499994 0.107384004
vt -0.993499994 0.107384004
vt -0.997802019 0.111631997
vt -0.997802019 0.107391998
vt -0.993499994 0.107384004
vt -0.997802019 0.107391998
vt -0.993499994 0.102913
vt -0.993499994 0.102913
vt -0.997802019 0.107391998
vt -0.997802019 0.103138998
vt -0.993499994 0.102913
vt -0.997802019 0.103138998
vt -0.993499994 0.0984340012
vt -0.993499994 0.0984340012
vt -0.997802019 0.103138998
vt -0.997802019 0.0988859981
vt -0.993499994 0.0984340012
vt -0.997802019 0.0988859981
vt -0.993499994 0.0939159989
vt -0.993499994 0.0939159989
vt -0.997802019 0.0988859981
vt -0.997802019 0.0946109965
vt -0.993499994 0.0939159989
vt -0.997802019 0.0946109965
vt -0.997802019 0.0903069973
vt 0.4375 0.0903069973
vt 0.437770993 0.0946109965
vt 0.434662998 0.0938040018
vt 0.4375 0.0903069973
vt 0.434662998 0.0938040018
vt 0.434365988 0.0896039978
vt 0.434365988 0.0896039978
vt 0.434662998 0.0938040018
vt 0.430866003 0.0928179994
vt 0.434365988 0.0896039978
vt 0.430866003 0.0928179994
vt 0.430539012 0.088744998
vt 0.430539012 0.088744998
vt 0.430866003 0.0928179994
vt 0.427491993 0.0919430032
vt 0.430539012 0.088744998
vt 0.427491993 0.0919430032
vt 0.427138001 0.0879819989
vt 0.427138001 0.0879819989
vt 0.427491993 0.0919430032
vt 0.425128996 0.0913299993
vt 0.427138001 0.0879819989
vt 0.425128996 0.0913299993
vt 0.424755991 0.0874470025
vt 0.99840802 0.0874470025
vt 0.99840802 0.0913299993
vt 0.995917976 0.0910009965
vt 0.99840802 0.0874470025
vt 0.995917976 0.0910009965
vt 0.995917976 0.0871609971
vt 0.995917976 0.0871609971
vt 0.995917976 0.0910009965
vt 0.993499994 0.0891830027
vt -0.995917976 0.0871609971
vt -0.993499994 0.0891830027
vt -0.995917976 0.0871609971
vt 0.995917976 0.0871609971
vt 0.993499994 0.0891830027
vt 0.993499994 0.0847629979
vt 0.995917976 0.0871609971
vt 0.993499994 0.0847629979
vt 0.995917976 0.0835369974
vt 0.995917976 0.0835369974
vt 0.993499994 0.0847629979
vt 0.993499994 0.0804030001
vt 0.995917976 0.0835369974
vt 0.993499994 0.0804030001
vt 0.995917976 0.0801950023
vt 0.995917976 0.0801950023
vt 0.993499994 0.0804030001
vt 0.995917976 0.0773369968
vt 0.995917976 0.0801950023
vt 0.995917976 0.0773369968
vt 0.99840802 0.077353999
vt 0.99840802 0.077353999
vt 0.995917976 0.0773369968
vt 0.99840802 0.0749090016
vt 0.422511995 0.077353999
vt 0.421324998 0.0749090016
vt 0.423750997 0.0746380016
vt 0.423750997 0.0746380016
vt 0.421324998 0.0749090016
vt 0.422360003 0.0724750012
vt 0.423750997 0.0746380016
vt 0.422360003 0.0724750012
vt 0.425725996 0.0715690032
vt 0.425725996 0.0715690032
vt 0.422360003 0.0724750012
vt 0.423976004 0.0693729967
vt 0.425725996 0.0715690032
vt 0.423976004 0.0693729967
vt 0.427527994 0.0677080005
vt 0.427527994 0.0677080005
vt 0.423976004 0.0693729967
vt 0.42514199 0.0653290004
vt 0.427527994 0.0677080005
vt 0.42514199 0.0653290004
vt 0.427747995 0.0634529963
vt 0.427747995 0.0634529963
vt 0.42514199 0.0653290004
vt 0.424490988 0.0610679984
vt 0.427747995 0.997802019
vt 0.424490988 0.997802019
vt 0.426730007 0.993499994
vt -0.993499994 0.0610640012
vt -0.997802019 0.0610679984
vt -0.997802019 0.0610679984
vt 0.426730007 0.993499994
vt 0.424490988 0.997802019
vt 0.422868013 0.993499994
vt 0.422868013 0.993499994
vt 0.424490988 0.997802019
vt 0.42087701 0.997802019
vt 0.422868013 0.993499994
vt 0.42087701 0.997802019
vt 0.418664008 0.993499994
vt 0.418664008 0.993499994
vt 0.42087701 0.997802019
vt 0.416873991 0.997802019
vt 0.418664008 0.993499994
vt 0.416873991 0.997802019
vt 0.414108008 0.993499994
vt 0.414108008 0.993499994
vt 0.416873991 0.997802019
vt 0.412672997 0.997802019
vt 0.414108008 0.993499994
vt 0.412672997 0.997802019
vt 0.409543008 0.993499994
vt 0.409543008 0.993499994
vt 0.412672997 0.997802019
vt 0.408423007 0.997802019
vt 0.409543008 0.993499994
vt 0.408423007 0.997802019
vt 0.404926002 0.993499994
vt 0.404926002 0.993499994
vt 0.408423007 0.997802019
vt 0.404096991 0.997802019
vt 0.404926002 0.993499994
vt 0.404096991 0.997802019
vt 0.400373012 0.993499994
vt 0.400373012 0.993499994
vt 0.404096991 0.997802019
vt 0.399859011 0.997802019
vt 0.400373012 0.993499994
vt 0.399859011 0.997802019
vt 0.395925999 0.993499994
vt 0.395925999 0.993499994
vt 0.399859011 0.997802019
vt 0.395675004 0.997802019
vt 0.395925999 0.993499994
vt 0.395675004 0.997802019
vt 0.391517013 0.993499994
vt -0.993499994 0.0598159991
vt -0.997802019 0.0598810017
vt -0.997802019 0.0598810017
vt 0.391517013 0.993499994
vt 0.395675004 0.997802019
vt 0.391517013 0.998201013
vt 0.391517013 0.0613429993
vt 0.395675004 0.0598810017
vt 0.395548999 0.0630889982
vt 0.391517013 0.0613429993
vt 0.395548999 0.0630889982
vt 0.391517013 0.0653420016
vt 0.391517013 0.0653420016
vt 0.395548999 0.0630889982
vt 0.395395011 0.067009002
vt 0.391517013 0.0653420016
vt 0.395395011 0.067009002
vt 0.391517013 0.0702859983
vt 0.391517013 0.0702859983
vt 0.395395011 0.067009002
vt 0.395258009 0.0704919994
vt 0.391517013 0.0702859983
vt 0.395258009 0.0704919994
vt 0.395163 0.0729309991
vt 0.395163 0.0729309991
vt 0.395258009 0.0704919994
vt 0.398725003 0.0719029978
vt -0.395163 0.99840802
vt -0.398725003 0.99840802
vt -0.398611993 0.995917976
vt -0.398611993 0.995917976
vt -0.398725003 0.99840802
vt -0.401998997 0.995917976
vt -0.398611993 0.995917976
vt -0.401998997 0.995917976
vt -0.400032014 0.993499994
vt -0.993499994 0.0731969997
vt -0.995917976 0.0723680034
vt -0.995917976 0.0723680034
vt -0.400032014 0.993499994
vt -0.401998997 0.995917976
vt -0.404383987 0.993499994
vt -0.404383987 0.993499994
vt -0.401998997 0.995917976
vt -0.405245006 0.995917976
vt -0.404383987 0.993499994
vt -0.405245006 0.995917976
vt -0.408798993 0.993499994
vt -0.408798993 0.993499994
vt -0.405245006 0.995917976
vt -0.408170015 0.995917976
vt -0.408798993 0.993499994
vt -0.408170015 0.995917976
vt -0.410744995 0.995917976
vt -0.410744995 0.995917976
vt -0.408170015 0.995917976
vt -0.408580005 0.99840802
vt -0.410744995 0.995917976
vt -0.408580005 0.99840802
vt -0.411303014 0.99840802
vt 0.411303014 0.0700469986
vt 0.408580005 0.0701280013
vt 0.409345001 0.0678109974
vt 0.411303014 0.0700469986
vt 0.409345001 0.0678109974
vt 0.412344009 0.0678400025
vt 0.412344009 0.0678400025
vt 0.409345001 0.0678109974
vt 0.410436988 0.0645010024
vt 0.412344009 0.0678400025
vt 0.410436988 0.0645010024
vt 0.413830996 0.0646890029
vt 0.413830996 0.0646890029
vt 0.410436988 0.0645010024
vt 0.411666989 0.060775999
vt 0.413830996 0.0646890029
vt 0.411666989 0.060775999
vt 0.415504009 0.0611420013
vt 0.415504009 0.0611420013
vt 0.411666989 0.060775999
vt 0.412672997 0.0577270016
vt -1.00067699 0.0611420013
vt -0.997802019 0.0577270016
vt -1.00067699 0.0611420013
vt 0.415504009 0.0611420013
vt 0.412672997 0.0577270016
vt 0.416873991 0.0582379997
vt 0.415504009 0.0611420013
vt 0.416873991 0.0582379997
vt 0.419090986 0.0620139986
vt 0.419090986 0.0620139986
vt 0.416873991 0.0582379997
vt 0.42087701 0.0593449995
vt 0.419090986 0.0620139986
vt 0.42087701 0.0593449995
vt 0.422280997 0.0633969977
vt 0.422280997 0.0633969977
vt 0.42087701 0.0593449995
vt 0.424490988 0.0610679984
vt -1.00067699 0.0633969977
vt -0.997802019 0.0610679984
vt -1.00067699 0.0633969977
vt 0.422280997 0.0633969977
vt 0.424490988 0.0610679984
vt 0.42514199 0.0653290004
vt 0.422280997 0.0633969977
vt 0.42514199 0.0653290004
vt 0.421957999 0.0676210001
vt 0.421957999 0.0676210001
vt 0.42514199 0.0653290004
vt 0.423976004 0.0693729967
vt 0.421957999 0.0676210001
vt 0.423976004 0.0693729967
vt 0.420819014 0.0708519965
vt 0.420819014 0.0708519965
vt 0.423976004 0.0693729967
vt 0.422360003 0.0724750012
vt 0.420819014 0.0708519965
vt 0.422360003 0.0724750012
vt 0.420002997 0.0731099993
vt 0.420002997 0.0731099993
vt 0.422360003 0.0724750012
vt 0.421324998 0.0749090016
vt 0.99840802 0.0731099993
vt 0.99840802 0.0749090016
vt 0.995917976 0.075052999
vt 0.995917976 0.075052999
vt 0.99840802 0.0749090016
vt 0.995917976 0.0773369968
vt 0.995917976 0.075052999
vt 0.995917976 0.0773369968
vt 0.993499994 0.0762310028
vt 0.993499994 0.0762310028
vt 0.995917976 0.0773369968
vt 0.993499994 0.0804030001
vt 0.412672997 0.0577270016
vt 0.411666989 0.060775999
vt 0.408423007 0.0577320009
vt 0.408423007 0.0577320009
vt 0.411666989 0.060775999
vt 0.407712996 0.0608629994
vt 0.408423007 0.0577320009
vt 0.407712996 0.0608629994
vt 0.404096991 0.0581540018
vt 0.404096991 0.0581540018
vt 0.407712996 0.0608629994
vt 0.403627992 0.0613310002
vt 0.404096991 0.0581540018
vt 0.403627992 0.0613310002
vt 0.399859011 0.0588920005
vt 0.399859011 0.0588920005
vt 0.403627992 0.0613310002
vt 0.399580002 0.0620919988
vt 0.399859011 0.0588920005
vt 0.399580002 0.0620919988
vt 0.395675004 0.0598810017
vt -0.997802019 0.0598810017
vt -1.00067699 0.0620919988
vt -1.00067699 0.0620919988
vt 0.395675004 0.0598810017
vt 0.399580002 0.0620919988
vt 0.395548999 0.0630889982
vt 0.395548999 0.0630889982
vt 0.399580002 0.0620919988
vt 0.399239987 0.0659990013
vt 0.395548999 0.0630889982
vt 0.399239987 0.0659990013
vt 0.395395011 0.067009002
vt 0.395395011 0.067009002
vt 0.399239987 0.0659990013
vt 0.398936987 0.069472
vt 0.395395011 0.067009002
vt 0.398936987 0.069472
vt 0.395258009 0.0704919994
vt -1.00049806 0.0704919994
vt -1.00049806 0.069472
vt -1.00049806 0.069472
vt 0.395258009 0.0704919994
vt 0.398936987 0.069472
vt 0.398725003 0.0719029978
vt 0.398725003 0.0719029978
vt 0.398936987 0.069472
vt 0.40219 0.0710740015
vt -0.398725003 0.99840802
vt -0.40219 0.99840802
vt -0.401998997 0.995917976
vt -0.995917976 0.0723680034
vt -0.99840802 0.0710740015
vt -0.99840802 0.0710740015
vt -0.401998997 0.995917976
vt -0.40219 0.99840802
vt -0.405245006 0.995917976
vt -0.405245006 0.995917976
vt -0.40219 0.99840802
vt -0.405535012 0.99840802
vt -0.405245006 0.995917976
vt -0.405535012 0.99840802
vt -0.408170015 0.995917976
vt -0.995917976 0.0713699982
vt -0.99840802 0.0704680011
vt -0.99840802 0.0704680011
vt -0.408170015 0.995917976
vt -0.405535012 0.99840802
vt -0.408580005 0.99840802
vt 0.408580005 0.0701280013
vt 0.405535012 0.0704680011
vt 0.406073987 0.0680880025
vt 0.408580005 0.0701280013
vt 0.406073987 0.0680880025
vt 0.409345001 0.0678109974
vt 0.409345001 0.0678109974
vt 0.406073987 0.0680880025
vt 0.406845003 0.0646890029
vt 0.409345001 0.0678109974
vt 0.406845003 0.0646890029
vt 0.410436988 0.0645010024
vt 0.410436988 0.0645010024
vt 0.406845003 0.0646890029
vt 0.407712996 0.0608629994
vt 0.410436988 0.0645010024
vt 0.407712996 0.0608629994
vt 0.411666989 0.060775999
vt 0.407712996 0.0608629994
vt 0.406845003 0.0646890029
vt 0.403627992 0.0613310002
vt 0.403627992 0.0613310002
vt 0.406845003 0.0646890029
vt 0.403055996 0.0652109981
vt 0.403627992 0.0613310002
vt 0.403055996 0.0652109981
vt 0.399580002 0.0620919988
vt -1.00067699 0.0620919988
vt -1.00149 0.0652109981
vt -1.00149 0.0652109981
vt 0.399580002 0.0620919988
vt 0.403055996 0.0652109981
vt 0.399239987 0.0659990013
vt 0.399239987 0.0659990013
vt 0.403055996 0.0652109981
vt 0.402547002 0.0686590001
vt 0.399239987 0.0659990013
vt 0.402547002 0.0686590001
vt 0.398936987 0.069472
vt -1.00049806 0.069472
vt -1.00049806 0.0686590001
vt -1.00049806 0.0686590001
vt 0.398936987 0.069472
vt 0.402547002 0.0686590001
vt 0.40219 0.0710740015
vt -0.99840802 0.0710740015
vt -1.00049806 0.0686590001
vt -1.00049806 0.0686590001
vt 0.40219 0.0710740015
vt 0.402547002 0.0686590001
vt 0.405535012 0.0704680011
vt -0.99840802 0.0704680011
vt -1.00049806 0.0686590001
vt -1.00049806 0.0686590001
vt 0.405535012 0.0704680011
vt 0.402547002 0.0686590001
vt 0.406073987 0.0680880025
vt 0.406073987 0.0680880025
vt 0.402547002 0.0686590001
vt 0.403055996 0.0652109981
vt 0.406073987 0.0680880025
vt 0.403055996 0.0652109981
vt 0.406845003 0.0646890029
vt -0.408798993 0.993499994
vt -0.410744995 0.995917976
vt -0.413251013 0.993499994
vt -0.413251013 0.993499994
vt -0.410744995 0.995917976
vt -0.412889004 0.995917976
vt -0.413251013 0.993499994
vt -0.412889004 0.995917976
vt -0.414606005 0.995917976
vt -0.414606005 0.995917976
vt -0.412889004 0.995917976
vt -0.413617015 0.99840802
vt -0.414606005 0.995917976
vt -0.413617015 0.99840802
vt -0.415506005 0.99840802
vt 0.415506005 0.0705410019
vt 0.413617015 0.0702000037
vt 0.414972991 0.0681720003
vt 0.415506005 0.0705410019
vt 0.414972991 0.0681720003
vt 0.417185009 0.0687709972
vt 0.417185009 0.0687709972
vt 0.414972991 0.0681720003
vt 0.416911006 0.0652749985
vt 0.417185009 0.0687709972
vt 0.416911006 0.0652749985
vt 0.419582993 0.0662430003
vt 0.419582993 0.0662430003
vt 0.416911006 0.0652749985
vt 0.419090986 0.0620139986
vt -1.00149 0.0662430003
vt -1.00067699 0.0620139986
vt -1.00149 0.0662430003
vt 0.419582993 0.0662430003
vt 0.419090986 0.0620139986
vt 0.422280997 0.0633969977
vt -1.00149 0.0662430003
vt -1.00067699 0.0633969977
vt -1.00149 0.0662430003
vt 0.419582993 0.0662430003
vt 0.422280997 0.0633969977
vt 0.421957999 0.0676210001
vt 0.419582993 0.0662430003
vt 0.421957999 0.0676210001
vt 0.419129014 0.0696569979
vt 0.419129014 0.0696569979
vt 0.421957999 0.0676210001
vt 0.420819014 0.0708519965
vt 0.419129014 0.0696569979
vt 0.420819014 0.0708519965
vt 0.418608993 0.0718870014
vt 0.418608993 0.0718870014
vt 0.420819014 0.0708519965
vt 0.420002997 0.0731099993
vt -0.418608993 0.99840802
vt -0.420002997 0.99840802
vt -0.418740004 0.995917976
vt 0.995917976 0.0734499991
vt 0.99840802 0.0731099993
vt 0.995917976 0.075052999
vt -0.995917976 0.0734499991
vt -0.995917976 0.075052999
vt -0.995917976 0.0734499991
vt 0.995917976 0.0734499991
vt 0.995917976 0.075052999
vt 0.993499994 0.0762310028
vt -0.995917976 0.0734499991
vt -0.993499994 0.0762310028
vt -0.995917976 0.0734499991
vt 0.995917976 0.0734499991
vt 0.993499994 0.0762310028
vt 0.993499994 0.0728539973
vt -0.418740004 0.995917976
vt -0.417479008 0.993499994
vt -0.417423993 0.995917976
vt -0.417423993 0.995917976
vt -0.417479008 0.993499994
vt -0.414606005 0.995917976
vt -0.417423993 0.995917976
vt -0.414606005 0.995917976
vt -0.417147994 0.99840802
vt -0.417147994 0.99840802
vt -0.414606005 0.995917976
vt -0.415506005 0.99840802
vt -0.99840802 0.0710820034
vt -0.99840802 0.0705410019
vt -0.99840802 0.0710820034
vt 0.417147994 0.0710820034
vt 0.415506005 0.0705410019
vt 0.417185009 0.0687709972
vt 0.417147994 0.0710820034
vt 0.417185009 0.0687709972
vt 0.419129014 0.0696569979
vt 0.419129014 0.0696569979
vt 0.417185009 0.0687709972
vt 0.419582993 0.0662430003
vt -0.417479008 0.993499994
vt -0.413251013 0.993499994
vt -0.414606005 0.995917976
vt 0.419129014 0.0696569979
vt 0.418608993 0.0718870014
vt 0.417147994 0.0710820034
vt -0.99840802 0.0710820034
vt -0.99840802 0.0718870014
vt -0.99840802 0.0718870014
vt -0.417147994 0.99840802
vt -0.418608993 0.99840802
vt -0.417423993 0.995917976
vt -0.417423993 0.995917976
vt -0.418608993 0.99840802
vt -0.418740004 0.995917976
vt 0.419090986 0.0620139986
vt 0.416911006 0.0652749985
vt 0.415504009 0.0611420013
vt -1.00067699 0.0611420013
vt -1.00149 0.0652749985
vt -1.00149 0.0652749985
vt 0.415504009 0.0611420013
vt 0.416911006 0.0652749985
vt 0.413830996 0.0646890029
vt 0.413830996 0.0646890029
vt 0.416911006 0.0652749985
vt 0.414972991 0.0681720003
vt 0.413830996 0.0646890029
vt 0.414972991 0.0681720003
vt 0.412344009 0.0678400025
vt 0.412344009 0.0678400025
vt 0.414972991 0.0681720003
vt 0.413617015 0.0702000037
vt 0.412344009 0.0678400025
vt 0.413617015 0.0702000037
vt 0.411303014 0.0700469986
vt -0.411303014 0.99840802
vt -0.413617015 0.99840802
vt -0.412889004 0.995917976
vt -0.411303014 0.99840802
vt -0.412889004 0.995917976
vt -0.410744995 0.995917976
vt -0.400032014 0.993499994
vt -0.395745009 0.993499994
vt -0.398611993 0.995917976
vt -0.398611993 0.995917976
vt -0.395745009 0.993499994
vt -0.395112008 0.995917976
vt -0.398611993 0.995917976
vt -0.395112008 0.995917976
vt -0.395163 0.99840802
vt -0.395163 0.99840802
vt -0.395112008 0.995917976
vt -0.391517013 0.99820298
vt 0.395163 0.0729309991
vt 0.391517013 0.0742880031
vt 0.391517013 0.0702859983
vt -0.391517013 0.99820298
vt -0.395112008 0.995917976
vt -0.391517013 0.993499994
vt -0.391517013 0.993499994
vt -0.395112008 0.995917976
vt -0.395745009 0.993499994
vt 0.426730007 0.993499994
vt 0.430050999 0.993499994
vt 0.427747995 0.997802019
vt -0.997802019 0.0634529963
vt -0.993499994 0.0639960021
vt -0.997802019 0.0663449988
vt 0.427747995 0.0634529963
vt 0.430436999 0.0663449988
vt 0.427527994 0.0677080005
vt 0.427527994 0.0677080005
vt 0.430436999 0.0663449988
vt 0.429513991 0.0705489963
vt 0.427527994 0.0677080005
vt 0.429513991 0.0705489963
vt 0.425725996 0.0715690032
vt 0.425725996 0.0715690032
vt 0.429513991 0.0705489963
vt 0.427215993 0.0742530003
vt 0.425725996 0.0715690032
vt 0.427215993 0.0742530003
vt 0.423750997 0.0746380016
vt 0.423750997 0.0746380016
vt 0.427215993 0.0742530003
vt 0.424953014 0.0773850009
vt 0.423750997 0.0746380016
vt 0.424953014 0.0773850009
vt 0.422511995 0.077353999
vt 0.422511995 0.077353999
vt 0.424953014 0.0773850009
vt 0.423478007 0.0803330019
vt 0.99840802 0.077353999
vt 0.99840802 0.0803330019
vt 0.995917976 0.0801950023
vt -0.995917976 0.0801950023
vt -0.99840802 0.0803330019
vt -0.99840802 0.0803330019
vt 0.995917976 0.0801950023
vt 0.99840802 0.0803330019
vt 0.995917976 0.0835369974
vt 0.995917976 0.0835369974
vt 0.99840802 0.0803330019
vt 0.99840802 0.0837630033
vt 0.995917976 0.0835369974
vt 0.99840802 0.0837630033
vt 0.995917976 0.0871609971
vt -0.995917976 0.0871609971
vt -0.99840802 0.0837630033
vt -0.99840802 0.0837630033
vt 0.995917976 0.0871609971
vt 0.99840802 0.0837630033
vt 0.99840802 0.0874470025
vt 0.424755991 0.0874470025
vt 0.424221992 0.0837630033
vt 0.426625997 0.0841839984
vt 0.424755991 0.0874470025
vt 0.426625997 0.0841839984
vt 0.427138001 0.0879819989
vt 0.427138001 0.0879819989
vt 0.426625997 0.0841839984
vt 0.430059999 0.0847849995
vt 0.427138001 0.0879819989
vt 0.430059999 0.0847849995
vt 0.430539012 0.088744998
vt 0.430539012 0.088744998
vt 0.430059999 0.0847849995
vt 0.43392399 0.0854619965
vt 0.430539012 0.088744998
vt 0.43392399 0.0854619965
vt 0.434365988 0.0896039978
vt 0.434365988 0.0896039978
vt 0.43392399 0.0854619965
vt 0.437088013 0.0860159993
vt 0.434365988 0.0896039978
vt 0.437088013 0.0860159993
vt 0.4375 0.0903069973
vt -0.997802019 0.0903069973
vt -0.997802019 0.0860159993
vt -0.993499994 0.0893590003
vt -0.997802019 0.0903069973
vt -0.993499994 0.0893590003
vt -0.993499994 0.0939159989
vt -0.993499994 0.0893590003
vt -0.997802019 0.0860159993
vt -0.993499994 0.0847959965
vt -0.993499994 0.0847959965
vt -0.997802019 0.0860159993
vt -0.997802019 0.0817110017
vt -0.993499994 0.0847959965
vt -0.997802019 0.0817110017
vt -0.993499994 0.0802100003
vt -0.993499994 0.0802100003
vt -0.997802019 0.0817110017
vt -0.997802019 0.0775220022
vt -0.993499994 0.0802100003
vt -0.997802019 0.0775220022
vt -0.993499994 0.0757320002
vt -0.993499994 0.0757320002
vt -0.997802019 0.0775220022
vt -0.997802019 0.0734630004
vt -0.993499994 0.0757320002
vt -0.997802019 0.0734630004
vt -0.993499994 0.0714270025
vt -0.993499994 0.0714270025
vt -0.997802019 0.0734630004
vt -0.997802019 0.0697140023
vt -0.993499994 0.0714270025
vt -0.997802019 0.0697140023
vt -0.993499994 0.0674720034
vt -0.993499994 0.0674720034
vt -0.997802019 0.0697140023
vt -0.997802019 0.0663449988
vt -0.993499994 0.0674720034
vt -0.997802019 0.0663449988
vt -0.993499994 0.0639960021
vt 0.430436999 0.0663449988
vt 0.432613999 0.0697140023
vt 0.429513991 0.0705489963
vt 0.429513991 0.0705489963
vt 0.432613999 0.0697140023
vt 0.431116015 0.0738179982
vt 0.429513991 0.0705489963
vt 0.431116015 0.0738179982
vt 0.427215993 0.0742530003
vt 0.427215993 0.0742530003
vt 0.431116015 0.0738179982
vt 0.428438008 0.0774300024
vt 0.427215993 0.0742530003
vt 0.428438008 0.0774300024
vt 0.424953014 0.0773850009
vt 0.424953014 0.0773850009
vt 0.428438008 0.0774300024
vt 0.425904989 0.0805910006
vt 0.424953014 0.0773850009
vt 0.425904989 0.0805910006
vt 0.423478007 0.0803330019
vt -0.99840802 0.0803330019
vt -1.00049806 0.0805910006
vt -1.00049806 0.0805910006
vt 0.423478007 0.0803330019
vt 0.425904989 0.0805910006
vt 0.424221992 0.0837630033
vt -0.99840802 0.0837630033
vt -1.00049806 0.0805910006
vt -1.00049806 0.0805910006
vt 0.424221992 0.0837630033
vt 0.425904989 0.0805910006
vt 0.426625997 0.0841839984
vt 0.426625997 0.0841839984
vt 0.425904989 0.0805910006
vt 0.429370999 0.0809580013
vt 0.426625997 0.0841839984
vt 0.429370999 0.0809580013
vt 0.430059999 0.0847849995
vt 0.430059999 0.0847849995
vt 0.429370999 0.0809580013
vt 0.433272988 0.0813720003
vt 0.430059999 0.0847849995
vt 0.433272988 0.0813720003
vt 0.43392399 0.0854619965
vt 0.43392399 0.0854619965
vt 0.433272988 0.0813720003
vt 0.436466008 0.0817110017
vt 0.43392399 0.0854619965
vt 0.436466008 0.0817110017
vt 0.437088013 0.0860159993
vt 0.436466008 0.0817110017
vt 0.433272988 0.0813720003
vt 0.435571998 0.0775220022
vt 0.435571998 0.0775220022
vt 0.433272988 0.0813720003
vt 0.432361007 0.0774810016
vt 0.435571998 0.0775220022
vt 0.432361007 0.0774810016
vt 0.434307992 0.0734630004
vt 0.434307992 0.0734630004
vt 0.432361007 0.0774810016
vt 0.431116015 0.0738179982
vt 0.434307992 0.0734630004
vt 0.431116015 0.0738179982
vt 0.432613999 0.0697140023
vt 0.431116015 0.0738179982
vt 0.432361007 0.0774810016
vt 0.428438008 0.0774300024
vt 0.428438008 0.0774300024
vt 0.432361007 0.0774810016
vt 0.429370999 0.0809580013
vt 0.428438008 0.0774300024
vt 0.429370999 0.0809580013
vt 0.425904989 0.0805910006
vt 0.433272988 0.0813720003
vt 0.429370999 0.0809580013
vt 0.432361007 0.0774810016
vt 0.993499994 0.0891830027
vt 0.995917976 0.0910009965
vt 0.993499994 0.0936250016
vt 0.993499994 0.0936250016
vt 0.995917976 0.0910009965
vt 0.995917976 0.0949620008
vt 0.993499994 0.0936250016
vt 0.995917976 0.0949620008
vt 0.993499994 0.0980760008
vt 0.993499994 0.0980760008
vt 0.995917976 0.0949620008
vt 0.995917976 0.0990009978
vt 0.993499994 0.0980760008
vt 0.995917976 0.0990009978
vt 0.993499994 0.102530003
vt 0.993499994 0.102530003
vt 0.995917976 0.0990009978
vt 0.995917976 0.103111997
vt 0.993499994 0.102530003
vt 0.995917976 0.103111997
vt 0.993499994 0.106985003
vt 0.993499994 0.106985003
vt 0.995917976 0.103111997
vt 0.995917976 0.107253
vt 0.993499994 0.106985003
vt 0.995917976 0.107253
vt 0.993499994 0.111441001
vt 0.993499994 0.111441001
vt 0.995917976 0.107253
vt 0.995917976 0.111396998
vt 0.993499994 0.111441001
vt 0.995917976 0.111396998
vt 0.993499994 0.115897
vt 0.993499994 0.115897
vt 0.995917976 0.111396998
vt 0.995917976 0.115535997
vt 0.993499994 0.115897
vt 0.995917976 0.115535997
vt 0.993499994 0.120352
vt 0.993499994 0.120352
vt 0.995917976 0.115535997
vt 0.995917976 0.119670004
vt 0.993499994 0.120352
vt 0.995917976 0.119670004
vt 0.995917976 0.123783
vt 0.995917976 0.123783
vt 0.995917976 0.119670004
vt 0.99840802 0.120090999
vt 0.995917976 0.123783
vt 0.99840802 0.120090999
vt 0.99840802 0.124215998
vt 0.425693005 0.124215998
vt 0.425733 0.120090999
vt 0.428043991 0.120875001
vt 0.425693005 0.124215998
vt 0.428043991 0.120875001
vt 0.42799601 0.125024006
vt 0.42799601 0.125024006
vt 0.428043991 0.120875001
vt 0.431344986 0.121996
vt 0.42799601 0.125024006
vt 0.431344986 0.121996
vt 0.431284994 0.126177996
vt 0.431284994 0.126177996
vt 0.431344986 0.121996
vt 0.435059011 0.123257004
vt 0.431284994 0.126177996
vt 0.435059011 0.123257004
vt 0.434985995 0.127477005
vt 0.434985995 0.127477005
vt 0.435059011 0.123257004
vt 0.43810001 0.124288999
vt -1.00067699 0.127477005
vt -0.997802019 0.124288999
vt -1.00067699 0.127477005
vt 0.434985995 0.127477005
vt 0.43810001 0.124288999
vt 0.438017011 0.128539994
vt 0.434985995 0.127477005
vt 0.438017011 0.128539994
vt 0.434855998 0.131668001
vt 0.434855998 0.131668001
vt 0.438017011 0.128539994
vt 0.437869996 0.132777005
vt 0.434855998 0.131668001
vt 0.437869996 0.132777005
vt 0.434641004 0.135808006
vt 0.434641004 0.135808006
vt 0.437869996 0.132777005
vt 0.437628001 0.136985004
vt 0.434641004 0.135808006
vt 0.437628001 0.136985004
vt 0.434298009 0.139944002
vt 0.434298009 0.139944002
vt 0.437628001 0.136985004
vt 0.437245011 0.141221002
vt 0.434298009 0.139944002
vt 0.437245011 0.141221002
vt 0.433766991 0.144098997
vt 0.433766991 0.144098997
vt 0.437245011 0.141221002
vt 0.436648011 0.145518005
vt 0.433766991 0.144098997
vt 0.436648011 0.145518005
vt 0.432992011 0.148102
vt 0.432992011 0.148102
vt 0.436648011 0.145518005
vt 0.435768992 0.149715006
vt 0.432992011 0.148102
vt 0.435768992 0.149715006
vt 0.431941003 0.151797995
vt 0.431941003 0.151797995
vt 0.435768992 0.149715006
vt 0.434561998 0.153652996
vt 0.431941003 0.151797995
vt 0.434561998 0.153652996
vt 0.430555999 0.155174002
vt 0.430555999 0.155174002
vt 0.434561998 0.153652996
vt 0.432945997 0.157318994
vt 0.430555999 0.155174002
vt 0.432945997 0.157318994
vt 0.428741008 0.158282995
vt 0.428741008 0.158282995
vt 0.432945997 0.157318994
vt 0.430795014 0.160752997
vt 0.428741008 0.158282995
vt 0.430795014 0.160752997
vt 0.426434994 0.161036998
vt 0.426434994 0.161036998
vt 0.430795014 0.160752997
vt 0.428032994 0.163822994
vt 0.426434994 0.161036998
vt 0.428032994 0.163822994
vt 0.423770994 0.163237005
vt 0.423770994 0.163237005
vt 0.428032994 0.163822994
vt 0.424842 0.166264996
vt 0.423770994 0.163237005
vt 0.424842 0.166264996
vt 0.420776993 0.164915994
vt 0.420776993 0.164915994
vt 0.424842 0.166264996
vt 0.421299994 0.168084994
vt 0.420776993 0.164915994
vt 0.421299994 0.168084994
vt 0.417400986 0.166130006
vt 0.417400986 0.166130006
vt 0.421299994 0.168084994
vt 0.417394012 0.169341996
vt 0.417400986 0.166130006
vt 0.417394012 0.169341996
vt 0.413774014 0.166861996
vt 0.413774014 0.166861996
vt 0.417394012 0.169341996
vt 0.413313001 0.170040995
vt 0.413774014 0.166861996
vt 0.413313001 0.170040995
vt 0.409875989 0.167166993
vt 0.409875989 0.167166993
vt 0.413313001 0.170040995
vt 0.409040004 0.170268998
vt -1.00067699 0.167166993
vt -0.997802019 0.170268998
vt -1.00067699 0.167166993
vt 0.409875989 0.167166993
vt 0.409040004 0.170268998
vt 0.405898005 0.167083994
vt 0.409875989 0.167166993
vt 0.405898005 0.167083994
vt 0.407269001 0.163408995
vt 0.407269001 0.163408995
vt 0.405898005 0.167083994
vt 0.403447002 0.163115993
vt 0.407269001 0.163408995
vt 0.403447002 0.163115993
vt 0.404908001 0.159951001
vt 0.404908001 0.159951001
vt 0.403447002 0.163115993
vt 0.401221991 0.159482002
vt 0.404908001 0.159951001
vt 0.401221991 0.159482002
vt 0.402373999 0.157330006
vt 0.402373999 0.157330006
vt 0.401221991 0.159482002
vt 0.398717999 0.156690001
vt -0.99840802 0.157330006
vt -0.99840802 0.156690001
vt -0.99840802 0.157330006
vt 0.402373999 0.99840802
vt 0.398717999 0.99840802
vt 0.399390012 0.995917976
vt 0.402373999 0.99840802
vt 0.399390012 0.995917976
vt 0.40299201 0.995917976
vt 0.40299201 0.995917976
vt 0.399390012 0.995917976
vt 0.400247991 0.993499994
vt -0.995917976 0.156176999
vt -0.993499994 0.155373007
vt -0.995917976 0.156176999
vt 0.40299201 0.995917976
vt 0.400247991 0.993499994
vt 0.40465501 0.993499994
vt 0.40299201 0.995917976
vt 0.40465501 0.993499994
vt 0.406477988 0.995917976
vt 0.406477988 0.995917976
vt 0.40465501 0.993499994
vt 0.409101993 0.993499994
vt 0.406477988 0.995917976
vt 0.409101993 0.993499994
vt 0.409797996 0.995917976
vt 0.409797996 0.995917976
vt 0.409101993 0.993499994
vt 0.412779987 0.995917976
vt 0.409797996 0.995917976
vt 0.412779987 0.995917976
vt 0.412438989 0.99840802
vt 0.412438989 0.99840802
vt 0.412779987 0.995917976
vt 0.415190011 0.99840802
vt 0.412438989 0.157655999
vt 0.415190011 0.157114998
vt 0.414839 0.159529999
vt 0.414839 0.159529999
vt 0.415190011 0.157114998
vt 0.417416006 0.158721
vt 0.414839 0.159529999
vt 0.417416006 0.158721
vt 0.417409003 0.162207007
vt 0.417409003 0.162207007
vt 0.417416006 0.158721
vt 0.420139015 0.161045
vt 0.417409003 0.162207007
vt 0.420139015 0.161045
vt 0.420776993 0.164915994
vt -1.00067699 0.164915994
vt -1.00149 0.161045
vt -1.00149 0.161045
vt 0.420776993 0.164915994
vt 0.420139015 0.161045
vt 0.423770994 0.163237005
vt 0.423770994 0.163237005
vt 0.420139015 0.161045
vt 0.422463 0.159538999
vt 0.423770994 0.163237005
vt 0.422463 0.159538999
vt 0.426434994 0.161036998
vt 0.426434994 0.161036998
vt 0.422463 0.159538999
vt 0.424483001 0.157636002
vt 0.426434994 0.161036998
vt 0.424483001 0.157636002
vt 0.428741008 0.158282995
vt 0.428741008 0.158282995
vt 0.424483001 0.157636002
vt 0.426232994 0.155267
vt 0.428741008 0.158282995
vt 0.426232994 0.155267
vt 0.430555999 0.155174002
vt 0.430555999 0.155174002
vt 0.426232994 0.155267
vt 0.427637994 0.152555004
vt 0.430555999 0.155174002
vt 0.427637994 0.152555004
vt 0.431941003 0.151797995
vt 0.431941003 0.151797995
vt 0.427637994 0.152555004
vt 0.428739995 0.149532005
vt 0.431941003 0.151797995
vt 0.428739995 0.149532005
vt 0.432992011 0.148102
vt 0.432992011 0.148102
vt 0.428739995 0.149532005
vt 0.4296 0.146133006
vt 0.432992011 0.148102
vt 0.4296 0.146133006
vt 0.433766991 0.144098997
vt 0.433766991 0.144098997
vt 0.4296 0.146133006
vt 0.430247992 0.142364994
vt 0.433766991 0.144098997
vt 0.430247992 0.142364994
vt 0.434298009 0.139944002
vt 0.434298009 0.139944002
vt 0.430247992 0.142364994
vt 0.430698991 0.138384998
vt 0.434298009 0.139944002
vt 0.430698991 0.138384998
vt 0.434641004 0.135808006
vt 0.434641004 0.135808006
vt 0.430698991 0.138384998
vt 0.430990994 0.134369999
vt 0.434641004 0.135808006
vt 0.430990994 0.134369999
vt 0.434855998 0.131668001
vt 0.434855998 0.131668001
vt 0.430990994 0.134369999
vt 0.431174994 0.130312994
vt 0.434855998 0.131668001
vt 0.431174994 0.130312994
vt 0.434985995 0.127477005
vt -1.00067699 0.127477005
vt -1.00149 0.130312994
vt -1.00149 0.130312994
vt 0.434985995 0.127477005
vt 0.431174994 0.130312994
vt 0.431284994 0.126177996
vt 0.431284994 0.126177996
vt 0.431174994 0.130312994
vt 0.42790401 0.129108995
vt 0.431284994 0.126177996
vt 0.42790401 0.129108995
vt 0.42799601 0.125024006
vt 0.42799601 0.125024006
vt 0.42790401 0.129108995
vt 0.425613999 0.128266007
vt 0.42799601 0.125024006
vt 0.425613999 0.128266007
vt 0.425693005 0.124215998
vt 0.99840802 0.124215998
vt 0.99840802 0.128266007
vt 0.995917976 0.127813995
vt 0.99840802 0.124215998
vt 0.995917976 0.127813995
vt 0.995917976 0.123783
vt 0.995917976 0.123783
vt 0.995917976 0.127813995
vt 0.993499994 0.124807999
vt 0.995917976 0.123783
vt 0.993499994 0.124807999
vt 0.993499994 0.120352
vt 0.993499994 0.124807999
vt 0.995917976 0.127813995
vt 0.993499994 0.129262
vt 0.993499994 0.129262
vt 0.995917976 0.127813995
vt 0.995917976 0.131716996
vt 0.993499994 0.129262
vt 0.995917976 0.131716996
vt 0.993499994 0.133714005
vt 0.993499994 0.133714005
vt 0.995917976 0.131716996
vt 0.995917976 0.135508999
vt 0.993499994 0.133714005
vt 0.995917976 0.135508999
vt 0.993499994 0.138159007
vt 0.993499994 0.138159007
vt 0.995917976 0.135508999
vt 0.995917976 0.139167994
vt 0.993499994 0.138159007
vt 0.995917976 0.139167994
vt 0.993499994 0.142583996
vt 0.993499994 0.142583996
vt 0.995917976 0.139167994
vt 0.995917976 0.142500997
vt 0.993499994 0.142583996
vt 0.995917976 0.142500997
vt 0.995917976 0.145352006
vt 0.995917976 0.145352006
vt 0.995917976 0.142500997
vt 0.99840802 0.143158004
vt 0.995917976 0.145352006
vt 0.99840802 0.143158004
vt 0.99840802 0.146108001
vt 0.423904002 0.146108001
vt 0.424475998 0.143158004
vt 0.426586002 0.144382998
vt 0.423904002 0.146108001
vt 0.426586002 0.144382998
vt 0.425895005 0.147517994
vt 0.425895005 0.147517994
vt 0.426586002 0.144382998
vt 0.4296 0.146133006
vt -1.00049806 0.147517994
vt -1.00149 0.146133006
vt -1.00049806 0.147517994
vt 0.425895005 0.147517994
vt 0.4296 0.146133006
vt 0.428739995 0.149532005
vt 0.425895005 0.147517994
vt 0.428739995 0.149532005
vt 0.425045013 0.150226995
vt 0.425045013 0.150226995
vt 0.428739995 0.149532005
vt 0.427637994 0.152555004
vt 0.425045013 0.150226995
vt 0.427637994 0.152555004
vt 0.424003989 0.152586997
vt 0.424003989 0.152586997
vt 0.427637994 0.152555004
vt 0.426232994 0.155267
vt 0.424003989 0.152586997
vt 0.426232994 0.155267
vt 0.422747999 0.154613003
vt 0.422747999 0.154613003
vt 0.426232994 0.155267
vt 0.424483001 0.157636002
vt 0.422747999 0.154613003
vt 0.424483001 0.157636002
vt 0.421301007 0.156252995
vt 0.421301007 0.156252995
vt 0.424483001 0.157636002
vt 0.422463 0.159538999
vt 0.421301007 0.156252995
vt 0.422463 0.159538999
vt 0.419571012 0.157606006
vt 0.419571012 0.157606006
vt 0.422463 0.159538999
vt 0.420139015 0.161045
vt -1.00049806 0.157606006
vt -1.00149 0.161045
vt -1.00049806 0.157606006
vt 0.419571012 0.157606006
vt 0.420139015 0.161045
vt 0.417416006 0.158721
vt 0.419571012 0.157606006
vt 0.417416006 0.158721
vt 0.417421997 0.156279996
vt 0.417421997 0.156279996
vt 0.417416006 0.158721
vt 0.415190011 0.157114998
vt 0.417421997 0.99840802
vt 0.415190011 0.99840802
vt 0.415378004 0.995917976
vt 0.415378004 0.995917976
vt 0.415190011 0.99840802
vt 0.412779987 0.995917976
vt 0.415378004 0.995917976
vt 0.412779987 0.995917976
vt 0.413538992 0.993499994
vt 0.413538992 0.993499994
vt 0.412779987 0.995917976
vt 0.409101993 0.993499994
vt 0.413538992 0.993499994
vt 0.417723 0.993499994
vt 0.415378004 0.995917976
vt 0.415378004 0.995917976
vt 0.417723 0.993499994
vt 0.417423993 0.995917976
vt 0.415378004 0.995917976
vt 0.417423993 0.995917976
vt 0.417421997 0.99840802
vt 0.417421997 0.99840802
vt 0.417423993 0.995917976
vt 0.419173986 0.99840802
vt 0.417421997 0.156279996
vt 0.419173986 0.155197993
vt 0.419571012 0.157606006
vt -1.00049806 0.157606006
vt -0.99840802 0.155197993
vt -0.99840802 0.155197993
vt 0.419571012 0.157606006
vt 0.419173986 0.155197993
vt 0.421301007 0.156252995
vt 0.421301007 0.156252995
vt 0.419173986 0.155197993
vt 0.420488 0.153952003
vt 0.421301007 0.156252995
vt 0.420488 0.153952003
vt 0.422747999 0.154613003
vt 0.422747999 0.154613003
vt 0.420488 0.153952003
vt 0.421534002 0.152495995
vt 0.422747999 0.154613003
vt 0.421534002 0.152495995
vt 0.424003989 0.152586997
vt 0.424003989 0.152586997
vt 0.421534002 0.152495995
vt 0.422443986 0.150711
vt 0.424003989 0.152586997
vt 0.422443986 0.150711
vt 0.425045013 0.150226995
vt 0.425045013 0.150226995
vt 0.422443986 0.150711
vt 0.423229009 0.148597002
vt 0.425045013 0.150226995
vt 0.423229009 0.148597002
vt 0.425895005 0.147517994
vt -1.00049806 0.147517994
vt -0.99840802 0.148597002
vt -0.99840802 0.148597002
vt 0.425895005 0.147517994
vt 0.423229009 0.148597002
vt 0.423904002 0.146108001
vt 0.99840802 0.146108001
vt 0.99840802 0.148597002
vt 0.995917976 0.147723004
vt 0.99840802 0.146108001
vt 0.995917976 0.147723004
vt 0.995917976 0.145352006
vt 0.995917976 0.145352006
vt 0.995917976 0.147723004
vt 0.993499994 0.146952003
vt 0.995917976 0.145352006
vt 0.993499994 0.146952003
vt 0.993499994 0.142583996
vt 0.4296 0.146133006
vt 0.426586002 0.144382998
vt 0.430247992 0.142364994
vt 0.430247992 0.142364994
vt 0.426586002 0.144382998
vt 0.427121997 0.140825003
vt 0.430247992 0.142364994
vt 0.427121997 0.140825003
vt 0.430698991 0.138384998
vt 0.430698991 0.138384998
vt 0.427121997 0.140825003
vt 0.42750001 0.136998996
vt 0.430698991 0.138384998
vt 0.42750001 0.136998996
vt 0.430990994 0.134369999
vt 0.430990994 0.134369999
vt 0.42750001 0.136998996
vt 0.427749008 0.133092001
vt 0.430990994 0.134369999
vt 0.427749008 0.133092001
vt 0.431174994 0.130312994
vt -1.00149 0.130312994
vt -1.00049806 0.133092001
vt -1.00049806 0.133092001
vt 0.431174994 0.130312994
vt 0.427749008 0.133092001
vt 0.42790401 0.129108995
vt 0.42790401 0.129108995
vt 0.427749008 0.133092001
vt 0.425478011 0.132196993
vt 0.42790401 0.129108995
vt 0.425478011 0.132196993
vt 0.425613999 0.128266007
vt 0.99840802 0.128266007
vt 0.99840802 0.132196993
vt 0.995917976 0.131716996
vt 0.99840802 0.128266007
vt 0.995917976 0.131716996
vt 0.995917976 0.127813995
vt 0.995917976 0.131716996
vt 0.99840802 0.132196993
vt 0.995917976 0.135508999
vt 0.995917976 0.135508999
vt 0.99840802 0.132196993
vt 0.99840802 0.136029005
vt 0.995917976 0.135508999
vt 0.99840802 0.136029005
vt 0.995917976 0.139167994
vt 0.995917976 0.139167994
vt 0.99840802 0.136029005
vt 0.99840802 0.139745995
vt 0.995917976 0.139167994
vt 0.99840802 0.139745995
vt 0.995917976 0.142500997
vt -0.995917976 0.142500997
vt -0.99840802 0.139745995
vt -0.99840802 0.139745995
vt 0.995917976 0.142500997
vt 0.99840802 0.139745995
vt 0.99840802 0.143158004
vt 0.424475998 0.143158004
vt 0.424932003 0.139745995
vt 0.427121997 0.140825003
vt 0.424475998 0.143158004
vt 0.427121997 0.140825003
vt 0.426586002 0.144382998
vt 0.427121997 0.140825003
vt 0.424932003 0.139745995
vt 0.42750001 0.136998996
vt 0.42750001 0.136998996
vt 0.424932003 0.139745995
vt 0.425260991 0.136029005
vt 0.42750001 0.136998996
vt 0.425260991 0.136029005
vt 0.427749008 0.133092001
vt 0.427749008 0.133092001
vt 0.425260991 0.136029005
vt 0.425478011 0.132196993
vt 0.420776993 0.164915994
vt 0.417400986 0.166130006
vt 0.417409003 0.162207007
vt 0.417409003 0.162207007
vt 0.417400986 0.166130006
vt 0.414337993 0.162980005
vt 0.417409003 0.162207007
vt 0.414337993 0.162980005
vt 0.414839 0.159529999
vt 0.414839 0.159529999
vt 0.414337993 0.162980005
vt 0.411803991 0.160013005
vt 0.414839 0.159529999
vt 0.411803991 0.160013005
vt 0.412438989 0.157655999
vt 0.412438989 0.157655999
vt 0.411803991 0.160013005
vt 0.409341007 0.157856002
vt 0.412438989 0.99840802
vt 0.409341007 0.99840802
vt 0.409797996 0.995917976
vt -0.995917976 0.156629995
vt -0.99840802 0.157856002
vt -0.99840802 0.157856002
vt 0.409797996 0.995917976
vt 0.409341007 0.99840802
vt 0.406477988 0.995917976
vt 0.406477988 0.995917976
vt 0.409341007 0.99840802
vt 0.405930012 0.99840802
vt 0.406477988 0.995917976
vt 0.405930012 0.99840802
vt 0.40299201 0.995917976
vt -0.995917976 0.156176999
vt -0.99840802 0.157735005
vt -0.99840802 0.157735005
vt 0.40299201 0.995917976
vt 0.405930012 0.99840802
vt 0.402373999 0.99840802
vt -0.99840802 0.157330006
vt -0.99840802 0.157735005
vt -0.99840802 0.157735005
vt 0.402373999 0.157330006
vt 0.405930012 0.157735005
vt 0.404908001 0.159951001
vt 0.404908001 0.159951001
vt 0.405930012 0.157735005
vt 0.408488005 0.160143003
vt 0.404908001 0.159951001
vt 0.408488005 0.160143003
vt 0.407269001 0.163408995
vt 0.407269001 0.163408995
vt 0.408488005 0.160143003
vt 0.410896987 0.163378999
vt 0.407269001 0.163408995
vt 0.410896987 0.163378999
vt 0.409875989 0.167166993
vt -1.00067699 0.167166993
vt -1.00149 0.163378999
vt -1.00149 0.163378999
vt 0.409875989 0.167166993
vt 0.410896987 0.163378999
vt 0.413774014 0.166861996
vt 0.413774014 0.166861996
vt 0.410896987 0.163378999
vt 0.414337993 0.162980005
vt 0.413774014 0.166861996
vt 0.414337993 0.162980005
vt 0.417400986 0.166130006
vt 0.414337993 0.162980005
vt 0.410896987 0.163378999
vt 0.411803991 0.160013005
vt 0.411803991 0.160013005
vt 0.410896987 0.163378999
vt 0.408488005 0.160143003
vt 0.411803991 0.160013005
vt 0.408488005 0.160143003
vt 0.409341007 0.157856002
vt 0.409341007 0.157856002
vt 0.408488005 0.160143003
vt 0.405930012 0.157735005
vt 0.43810001 0.124288999
vt 0.435059011 0.123257004
vt 0.438140988 0.120062001
vt 0.438140988 0.120062001
vt 0.435059011 0.123257004
vt 0.435092986 0.119050004
vt 0.438140988 0.120062001
vt 0.435092986 0.119050004
vt 0.438152999 0.115849003
vt 0.438152999 0.115849003
vt 0.435092986 0.119050004
vt 0.435099989 0.114854001
vt 0.438152999 0.115849003
vt 0.435099989 0.114854001
vt 0.438143998 0.111631997
vt 0.438143998 0.111631997
vt 0.435099989 0.114854001
vt 0.435084999 0.110652998
vt 0.438143998 0.111631997
vt 0.435084999 0.110652998
vt 0.438111991 0.107391998
vt 0.438111991 0.107391998
vt 0.435084999 0.110652998
vt 0.435045987 0.106435999
vt 0.438111991 0.107391998
vt 0.435045987 0.106435999
vt 0.438050002 0.103138998
vt 0.438050002 0.103138998
vt 0.435045987 0.106435999
vt 0.434974015 0.102214001
vt 0.438050002 0.103138998
vt 0.434974015 0.102214001
vt 0.437943012 0.0988859981
vt 0.437943012 0.0988859981
vt 0.434974015 0.102214001
vt 0.434854001 0.0980089977
vt 0.437943012 0.0988859981
vt 0.434854001 0.0980089977
vt 0.437770993 0.0946109965
vt -0.997802019 0.0946109965
vt -1.00067699 0.0980089977
vt -1.00067699 0.0980089977
vt 0.437770993 0.0946109965
vt 0.434854001 0.0980089977
vt 0.434662998 0.0938040018
vt 0.434662998 0.0938040018
vt 0.434854001 0.0980089977
vt 0.431080014 0.0969379991
vt 0.434662998 0.0938040018
vt 0.431080014 0.0969379991
vt 0.430866003 0.0928179994
vt 0.430866003 0.0928179994
vt 0.431080014 0.0969379991
vt 0.427727014 0.0959860012
vt 0.430866003 0.0928179994
vt 0.427727014 0.0959860012
vt 0.427491993 0.0919430032
vt 0.427491993 0.0919430032
vt 0.427727014 0.0959860012
vt 0.425379008 0.0953190029
vt 0.427491993 0.0919430032
vt 0.425379008 0.0953190029
vt 0.425128996 0.0913299993
vt 0.99840802 0.0913299993
vt 0.99840802 0.0953190029
vt 0.995917976 0.0949620008
vt 0.99840802 0.0913299993
vt 0.995917976 0.0949620008
vt 0.995917976 0.0910009965
vt 0.995917976 0.0949620008
vt 0.99840802 0.0953190029
vt 0.995917976 0.0990009978
vt 0.995917976 0.0990009978
vt 0.99840802 0.0953190029
vt 0.99840802 0.0993779972
vt 0.995917976 0.0990009978
vt 0.99840802 0.0993779972
vt 0.995917976 0.103111997
vt 0.995917976 0.103111997
vt 0.99840802 0.0993779972
vt 0.99840802 0.103501998
vt 0.995917976 0.103111997
vt 0.99840802 0.103501998
vt 0.995917976 0.107253
vt 0.995917976 0.107253
vt 0.99840802 0.103501998
vt 0.99840802 0.107652001
vt 0.995917976 0.107253
vt 0.99840802 0.107652001
vt 0.995917976 0.111396998
vt 0.995917976 0.111396998
vt 0.99840802 0.107652001
vt 0.99840802 0.111801997
vt 0.995917976 0.111396998
vt 0.99840802 0.111801997
vt 0.995917976 0.115535997
vt 0.995917976 0.115535997
vt 0.99840802 0.111801997
vt 0.99840802 0.115947999
vt 0.995917976 0.115535997
vt 0.99840802 0.115947999
vt 0.995917976 0.119670004
vt -0.995917976 0.119670004
vt -0.99840802 0.115947999
vt -0.99840802 0.115947999
vt 0.995917976 0.119670004
vt 0.99840802 0.115947999
vt 0.99840802 0.120090999
vt 0.425733 0.120090999
vt 0.42574501 0.115947999
vt 0.428061992 0.116717003
vt 0.425733 0.120090999
vt 0.428061992 0.116717003
vt 0.428043991 0.120875001
vt 0.428043991 0.120875001
vt 0.428061992 0.116717003
vt 0.43136999 0.117815003
vt 0.428043991 0.120875001
vt 0.43136999 0.117815003
vt 0.431344986 0.121996
vt 0.431344986 0.121996
vt 0.43136999 0.117815003
vt 0.435092986 0.119050004
vt 0.431344986 0.121996
vt 0.435092986 0.119050004
vt 0.435059011 0.123257004
vt 0.435092986 0.119050004
vt 0.43136999 0.117815003
vt 0.435099989 0.114854001
vt 0.435099989 0.114854001
vt 0.43136999 0.117815003
vt 0.43136999 0.113638997
vt 0.435099989 0.114854001
vt 0.43136999 0.113638997
vt 0.435084999 0.110652998
vt 0.435084999 0.110652998
vt 0.43136999 0.113638997
vt 0.431349009 0.109457999
vt 0.435084999 0.110652998
vt 0.431349009 0.109457999
vt 0.435045987 0.106435999
vt 0.435045987 0.106435999
vt 0.431349009 0.109457999
vt 0.431300998 0.105267003
vt 0.435045987 0.106435999
vt 0.431300998 0.105267003
vt 0.434974015 0.102214001
vt 0.434974015 0.102214001
vt 0.431300998 0.105267003
vt 0.431217015 0.101085
vt 0.434974015 0.102214001
vt 0.431217015 0.101085
vt 0.434854001 0.0980089977
vt -1.00067699 0.0980089977
vt -1.00149 0.101085
vt -1.00149 0.101085
vt 0.434854001 0.0980089977
vt 0.431217015 0.101085
vt 0.431080014 0.0969379991
vt 0.431080014 0.0969379991
vt 0.431217015 0.101085
vt 0.427879006 0.100080997
vt 0.431080014 0.0969379991
vt 0.427879006 0.100080997
vt 0.427727014 0.0959860012
vt 0.427727014 0.0959860012
vt 0.427879006 0.100080997
vt 0.425541997 0.0993779972
vt 0.427727014 0.0959860012
vt 0.425541997 0.0993779972
vt 0.425379008 0.0953190029
vt 0.425541997 0.0993779972
vt 0.427879006 0.100080997
vt 0.42564401 0.103501998
vt 0.42564401 0.103501998
vt 0.427879006 0.100080997
vt 0.427973986 0.104229003
vt 0.42564401 0.103501998
vt 0.427973986 0.104229003
vt 0.425704986 0.107652001
vt 0.425704986 0.107652001
vt 0.427973986 0.104229003
vt 0.428029001 0.108395003
vt 0.425704986 0.107652001
vt 0.428029001 0.108395003
vt 0.42573601 0.111801997
vt 0.42573601 0.111801997
vt 0.428029001 0.108395003
vt 0.428056002 0.112558
vt 0.42573601 0.111801997
vt 0.428056002 0.112558
vt 0.42574501 0.115947999
vt -0.99840802 0.115947999
vt -1.00049806 0.112558
vt -1.00049806 0.112558
vt 0.42574501 0.115947999
vt 0.428056002 0.112558
vt 0.428061992 0.116717003
vt 0.428061992 0.116717003
vt 0.428056002 0.112558
vt 0.43136999 0.113638997
vt 0.428061992 0.116717003
vt 0.43136999 0.113638997
vt 0.43136999 0.117815003
vt 0.43136999 0.113638997
vt 0.428056002 0.112558
vt 0.431349009 0.109457999
vt 0.431349009 0.109457999
vt 0.428056002 0.112558
vt 0.428029001 0.108395003
vt 0.431349009 0.109457999
vt 0.428029001 0.108395003
vt 0.431300998 0.105267003
vt 0.431300998 0.105267003
vt 0.428029001 0.108395003
vt 0.427973986 0.104229003
vt 0.431300998 0.105267003
vt 0.427973986 0.104229003
vt 0.431217015 0.101085
vt 0.431217015 0.101085
vt 0.427973986 0.104229003
vt 0.427879006 0.100080997
vt -0.409716994 0.993499994
vt -0.405120999 0.993499994
vt -0.404776007 0.997802019
vt -0.404776007 0.997802019
vt -0.405120999 0.993499994
vt -0.400458008 0.997802019
vt 0.404776007 0.170093
vt 0.400458008 0.169595003
vt 0.401804 0.166677997
vt 0.401804 0.166677997
vt 0.400458008 0.169595003
vt 0.397725999 0.166013002
vt 0.401804 0.166677997
vt 0.397725999 0.166013002
vt 0.399576992 0.162554994
vt 0.399576992 0.162554994
vt 0.397725999 0.166013002
vt 0.39567399 0.161774993
vt 0.399576992 0.162554994
vt 0.39567399 0.161774993
vt 0.397464991 0.158784002
vt 0.397464991 0.158784002
vt 0.39567399 0.161774993
vt 0.391517013 0.161131993
vt 0.397464991 0.158784002
vt 0.391517013 0.161131993
vt 0.394612998 0.156393006
vt -0.405120999 0.993499994
vt -0.400501013 0.993499994
vt -0.400458008 0.997802019
vt -0.400458008 0.997802019
vt -0.400501013 0.993499994
vt -0.396210998 0.997802019
vt 0.400458008 0.169595003
vt 0.396210998 0.168844998
vt 0.397725999 0.166013002
vt 0.397725999 0.166013002
vt 0.396210998 0.168844998
vt 0.393660009 0.165141001
vt 0.397725999 0.166013002
vt 0.393660009 0.165141001
vt 0.39567399 0.161774993
vt -1.00149 0.161774993
vt -1.00067699 0.165141001
vt -1.00067699 0.165141001
vt 0.39567399 0.161774993
vt 0.393660009 0.165141001
vt 0.391517013 0.161131993
vt -1.00150001 0.161131993
vt -1.00067699 0.165141001
vt -1.00067699 0.165141001
vt 0.391517013 0.161131993
vt 0.393660009 0.165141001
vt 0.391517013 0.166716993
vt 0.391517013 0.166716993
vt 0.393660009 0.165141001
vt 0.396210998 0.168844998
vt -0.391517013 0.999140024
vt -0.396210998 0.997802019
vt -0.391517013 0.993499994
vt -0.993499994 0.169010997
vt -0.997802019 0.168844998
vt -0.997802019 0.168844998
vt -0.391517013 0.993499994
vt -0.396210998 0.997802019
vt -0.395976007 0.993499994
vt -0.395976007 0.993499994
vt -0.396210998 0.997802019
vt -0.400501013 0.993499994
vt -0.391517013 0.987866998
vt -0.391517013 0.993499994
vt -0.396209002 0.989201009
vt -0.396209002 0.989201009
vt -0.391517013 0.993499994
vt -0.395976007 0.993499994
vt -0.989201009 0.168847993
vt -0.993499994 0.170025006
vt -0.989201009 0.168847993
vt -0.396209002 0.989201009
vt -0.395976007 0.993499994
vt -0.400501013 0.993499994
vt -0.396209002 0.989201009
vt -0.400501013 0.993499994
vt -0.400456011 0.989201009
vt -0.400456011 0.989201009
vt -0.400501013 0.993499994
vt -0.405120999 0.993499994
vt -0.400456011 0.989201009
vt -0.405120999 0.993499994
vt -0.404774994 0.989201009
vt -0.404774994 0.989201009
vt -0.405120999 0.993499994
vt -0.409716994 0.993499994
vt -0.989201009 0.170095995
vt -0.993499994 0.171470001
vt -0.989201009 0.170095995
vt -0.404774994 0.989201009
vt -0.409716994 0.993499994
vt -0.409038991 0.989201009
vt -0.989201009 0.170095995
vt -0.989201009 0.170271993
vt -0.989201009 0.170095995
vt -0.404774994 0.170095995
vt -0.409038991 0.170271993
vt -0.405896991 0.167088002
vt -0.404774994 0.170095995
vt -0.405896991 0.167088002
vt -0.401802003 0.166683003
vt -0.401802003 0.166683003
vt -0.405896991 0.167088002
vt -0.403445989 0.163118005
vt -0.401802003 0.166683003
vt -0.403445989 0.163118005
vt -0.399576992 0.162557006
vt -0.399576992 0.162557006
vt -0.403445989 0.163118005
vt -0.401221991 0.159483001
vt -0.399576992 0.162557006
vt -0.401221991 0.159483001
vt -0.397464007 0.158784002
vt -0.397464007 0.158784002
vt -0.401221991 0.159483001
vt -0.398717999 0.156690001
vt -0.986500978 0.158784002
vt -0.988590002 0.156690001
vt -0.986500978 0.158784002
vt -0.397464007 0.158784002
vt -0.398717999 0.156690001
vt -0.394609004 0.156398997
vt -0.986500978 0.158784002
vt -0.987839997 0.156398997
vt -0.986500978 0.158784002
vt -0.397464007 0.158784002
vt -0.394609004 0.156398997
vt -0.391517013 0.161131993
vt -0.397464007 0.158784002
vt -0.391517013 0.161131993
vt -0.39567399 0.161776006
vt -0.39567399 0.161776006
vt -0.391517013 0.161131993
vt -0.393658012 0.165144995
vt -0.39567399 0.161776006
vt -0.393658012 0.165144995
vt -0.397724003 0.166017994
vt -0.397724003 0.166017994
vt -0.393658012 0.165144995
vt -0.396209002 0.168847993
vt -0.986324012 0.166017994
vt -0.989201009 0.168847993
vt -0.986324012 0.166017994
vt -0.397724003 0.166017994
vt -0.396209002 0.168847993
vt -0.400456011 0.169597
vt -0.397724003 0.166017994
vt -0.400456011 0.169597
vt -0.401802003 0.166683003
vt -0.401802003 0.166683003
vt -0.400456011 0.169597
vt -0.404774994 0.170095995
vt -0.401802003 0.166683003
vt -0.399576992 0.162557006
vt -0.397724003 0.166017994
vt -0.986324012 0.166017994
vt -0.985508978 0.162557006
vt -0.985508978 0.162557006
vt -0.397724003 0.166017994
vt -0.399576992 0.162557006
vt -0.39567399 0.161776006
vt -0.39567399 0.161776006
vt -0.399576992 0.162557006
vt -0.397464007 0.158784002
vt -0.396209002 0.168847993
vt -0.393658012 0.165144995
vt -0.391517013 0.166724995
vt -0.391517013 0.166724995
vt -0.393658012 0.165144995
vt -0.391517013 0.161131993
vt 0.417723 0.993499994
vt 0.418960989 0.995917976
vt 0.417423993 0.995917976
vt -0.995917976 0.154971004
vt -0.995917976 0.153906003
vt -0.995917976 0.153906003
vt 0.417423993 0.995917976
vt 0.418960989 0.995917976
vt 0.419173986 0.99840802
vt -0.99840802 0.155197993
vt -0.995917976 0.153906003
vt -0.995917976 0.153906003
vt 0.419173986 0.99840802
vt 0.418960989 0.995917976
vt 0.420488 0.99840802
vt 0.99840802 0.153952003
vt 0.995917976 0.153906003
vt 0.995917976 0.152717993
vt 0.99840802 0.153952003
vt 0.995917976 0.152717993
vt 0.99840802 0.152495995
vt 0.99840802 0.152495995
vt 0.995917976 0.152717993
vt 0.995917976 0.151362002
vt 0.99840802 0.152495995
vt 0.995917976 0.151362002
vt 0.99840802 0.150711
vt 0.99840802 0.150711
vt 0.995917976 0.151362002
vt 0.995917976 0.149704993
vt 0.99840802 0.150711
vt 0.995917976 0.149704993
vt 0.99840802 0.148597002
vt -0.99840802 0.148597002
vt -0.995917976 0.149704993
vt -0.995917976 0.149704993
vt 0.99840802 0.148597002
vt 0.995917976 0.149704993
vt 0.995917976 0.147723004
vt -0.995917976 0.147723004
vt -0.995917976 0.149704993
vt -0.995917976 0.149704993
vt 0.995917976 0.147723004
vt 0.995917976 0.149704993
vt 0.993499994 0.146952003
vt -0.993499994 0.146952003
vt -0.995917976 0.149704993
vt -0.995917976 0.149704993
vt 0.993499994 0.146952003
vt 0.995917976 0.149704993
vt 0.993499994 0.151144996
vt 0.993499994 0.151144996
vt 0.995917976 0.149704993
vt 0.995917976 0.151362002
vt -0.993499994 0.151144996
vt -0.995917976 0.151362002
vt -0.993499994 0.151144996
vt 0.993499994 0.151144996
vt 0.995917976 0.151362002
vt 0.995917976 0.152717993
vt 0.993499994 0.151144996
vt 0.995917976 0.152717993
vt 0.993499994 0.154431
vt 0.993499994 0.154431
vt 0.995917976 0.152717993
vt 0.995917976 0.153906003
vt -1.05095804 -0.498486996
vt -1.05095804 -0.281141996
vt -1.07577097 -0.567146003
vt -1.07577097 -0.567146003
vt -1.05095804 -0.281141996
vt -1.05095804 -0.281141996
vt -1.07577097 -0.567146003
vt -1.05095804 -0.281141996
vt -1.07577097 -0.208927006
vt -1.07577097 -0.208927006
vt -1.05095804 -0.281141996
vt -1.05095804 -0.187721997
vt -1.07577097 -0.208927006
vt -1.05095804 -0.187721997
vt -1.07577097 -0.208927006
vt -1.07577097 -0.208927006
vt -1.05095804 -0.187721997
vt -1.35095799 -0.187721997
vt -1.07577097 -0.208927006
vt -1.35095799 -0.187721997
vt -1.33023798 -0.208927006
vt -1.33023798 -0.208927006
vt -1.35095799 -0.187721997
vt -1.35095799 -0.587722003
vt -1.33023798 -0.208927006
vt -1.35095799 -0.587722003
vt -1.33023798 -0.567146003
vt -1.33023798 -0.567146003
vt -1.35095799 -0.587722003
vt -1.35095799 -0.587722003
vt -1.33023798 -0.567146003
vt -1.35095799 -0.587722003
vt -1.07577097 -0.567146003
vt -1.07577097 -0.567146003
vt -1.35095799 -0.587722003
vt -1.05095804 -0.587722003
vt -1.07577097 -0.567146003
vt -1.05095804 -0.587722003
vt -1.05095804 -0.498486996
f 1/1 2/2 3/3
f 3/4 2/5 4/6
f 3/7 4/8 5/9
f 6/10 7/11 8/12
f 8/13 7/14 9/15
f 10/16 11/17 12/18
f 12/19 11/20 13/21
f 14/22 15/23 16/24
f 16/25 15/26 17/27
f 18/28 19/29 20/30
f 20/31 19/32 21/33
f 22/34 23/35 24/36
f 24/37 23/38 23/39
f 24/40 23/41 25/42
f 25/43 23/44 26/45
f 25/46 26/47 27/48
f 27/49 26/50 28/51
f 27/52 28/53 29/54
f 29/55 28/56 30/57
f 29/58 30/59 31/60
f 31/61 30/62 32/63
f 31/64 32/65 33/66
f 33/67 32/68 34/69
f 33/70 34/71 35/72
f 35/73 34/74 36/75
f 35/76 36/77 37/78
f 37/79 36/80 38/81
f 37/82 38/83 39/84
f 39/85 38/86 40/87
f 39/88 40/89 41/90
f 41/91 40/92 42/93
f 41/94 42/95 43/96
f 43/97 42/98 44/99
f 43/100 44/101 45/102
f 45/103 44/104 46/105
f 45/106 46/107 47/108
f 24/109 48/110 22/111
f 22/112 48/113 48/114
f 22/115 48/116 49/117
f 49/118 48/119 50/120
f 49/121 50/122 51/123
f 51/124 50/125 52/126
f 51/127 52/128 53/129
f 53/130 52/131 54/132
f 53/133 54/134 55/135
f 55/136 54/137 56/138
f 55/139 56/140 57/141
f 57/142 56/143 58/144
f 57/145 58/146 59/147
f 59/148 58/149 60/150
f 59/151 60/152 61/153
f 61/154 60/155 62/156
f 61/157 62/158 63/159
f 63/160 62/161 64/162
f 63/163 64/164 65/165
f 65/166 64/167 66/168
f 65/169 66/170 67/171
f 67/172 66/173 68/174
f 67/175 68/176 69/177
f 69/178 68/179 47/180
f 69/181 47/182 46/183
f 70/184 71/185 72/186
f 72/187 71/188 71/189
f 72/190 71/191 73/192
f 73/193 71/194 74/195
f 73/196 74/197 75/198
f 75/199 74/200 76/201
f 75/202 76/203 77/204
f 77/205 76/206 78/207
f 77/208 78/209 79/210
f 79/211 78/212 80/213
f 79/214 80/215 81/216
f 81/217 80/218 82/219
f 81/220 82/221 83/222
f 83/223 82/224 84/225
f 83/226 84/227 85/228
f 85/229 84/230 86/231
f 85/232 86/233 87/234
f 87/235 86/236 88/237
f 87/238 88/239 89/240
f 89/241 88/242 90/243
f 89/244 90/245 91/246
f 91/247 90/248 92/249
f 91/250 92/251 93/252
f 93/253 92/254 94/255
f 93/256 94/257 95/258
f 72/259 96/260 70/261
f 70/262 96/263 96/264
f 70/265 96/266 97/267
f 97/268 96/269 98/270
f 97/271 98/272 99/273
f 99/274 98/275 100/276
f 99/277 100/278 101/279
f 101/280 100/281 102/282
f 101/283 102/284 103/285
f 103/286 102/287 104/288
f 103/289 104/290 105/291
f 105/292 104/293 106/294
f 105/295 106/296 107/297
f 107/298 106/299 108/300
f 107/301 108/302 109/303
f 109/304 108/305 110/306
f 109/307 110/308 111/309
f 111/310 110/311 112/312
f 111/313 112/314 113/315
f 113/316 112/317 114/318
f 113/319 114/320 115/321
f 115/322 114/323 116/324
f 115/325 116/326 117/327
f 117/328 116/329 95/330
f 117/331 95/332 94/333
f 118/334 119/335 120/336
f 120/337 119/338 121/339
f 118/340 120/341 15/342
f 15/343 120/344 17/345
f 14/346 16/347 119/348
f 119/349 16/350 121/351
f 17/352 120/353 16/354
f 16/355 120/356 121/357
f 1/358 3/359 122/360
f 122/361 3/362 123/363
f 122/364 123/365 124/366
f 124/367 123/368 125/369
f 124/370 125/371 126/372
f 126/373 125/374 127/375
f 126/376 127/377 128/378
f 128/379 127/380 129/381
f 128/382 129/383 130/384
f 130/385 129/386 131/387
f 130/388 131/389 132/390
f 132/391 131/392 133/393
f 132/394 133/395 132/396
f 132/397 133/398 134/399
f 132/400 134/401 135/402
f 135/403 134/404 136/405
f 135/406 136/407 137/408
f 137/409 136/410 138/411
f 137/412 138/413 139/414
f 139/415 138/416 140/417
f 139/418 140/419 141/420
f 141/421 140/422 142/423
f 141/424 142/425 143/426
f 143/427 142/428 144/429
f 143/430 144/431 145/432
f 145/433 144/434 146/435
f 145/436 146/437 147/438
f 147/439 146/440 148/441
f 147/442 148/443 149/444
f 149/445 148/446 150/447
f 149/448 150/449 151/450
f 151/451 150/452 152/453
f 151/454 152/455 153/456
f 153/457 152/458 154/459
f 153/460 154/461 155/462
f 155/463 154/464 156/465
f 155/466 156/467 157/468
f 157/469 156/470 158/471
f 157/472 158/473 159/474
f 159/475 158/476 160/477
f 159/478 160/479 161/480
f 161/481 160/482 162/483
f 161/484 162/485 163/486
f 163/487 162/488 164/489
f 163/490 164/491 165/492
f 165/493 164/494 166/495
f 165/496 166/497 167/498
f 167/499 166/500 168/501
f 167/502 168/503 169/504
f 169/505 168/506 170/507
f 169/508 170/509 171/510
f 171/511 170/512 172/513
f 171/514 172/515 173/516
f 173/517 172/518 174/519
f 173/520 174/521 175/522
f 175/523 174/524 176/525
f 175/526 176/527 177/528
f 177/529 176/530 178/531
f 177/532 178/533 179/534
f 179/535 178/536 180/537
f 179/538 180/539 181/540
f 181/541 180/542 182/543
f 181/544 182/545 183/546
f 183/547 182/548 184/549
f 183/550 184/551 185/552
f 185/553 184/554 186/555
f 185/556 186/557 187/558
f 187/559 186/560 186/561
f 187/562 186/563 188/564
f 188/565 186/566 189/567
f 188/568 189/569 190/570
f 190/571 189/572 191/573
f 190/574 191/575 192/576
f 192/577 191/578 193/579
f 192/580 193/581 194/582
f 194/583 193/584 195/585
f 194/586 195/587 196/588
f 196/589 195/590 197/591
f 196/592 197/593 198/594
f 198/595 197/596 199/597
f 198/598 199/599 200/600
f 200/601 199/602 201/603
f 200/604 201/605 202/606
f 202/607 201/608 203/609
f 202/610 203/611 202/612
f 202/613 203/614 204/615
f 202/616 204/617 205/618
f 205/619 204/620 206/621
f 205/622 206/623 207/624
f 207/625 206/626 208/627
f 207/628 208/629 209/630
f 209/631 208/632 210/633
f 209/634 210/635 211/636
f 211/637 210/638 212/639
f 211/640 212/641 213/642
f 213/643 212/644 214/645
f 213/646 214/647 215/648
f 215/649 214/650 216/651
f 215/652 216/653 217/654
f 217/655 216/656 218/657
f 217/658 218/659 217/660
f 217/661 218/662 219/663
f 217/664 219/665 220/666
f 220/667 219/668 221/669
f 220/670 221/671 222/672
f 222/673 221/674 223/675
f 222/676 223/677 224/678
f 224/679 223/680 225/681
f 224/682 225/683 226/684
f 226/685 225/686 227/687
f 226/688 227/689 228/690
f 228/691 227/692 229/693
f 228/694 229/695 228/696
f 228/697 229/698 230/699
f 228/700 230/701 231/702
f 231/703 230/704 232/705
f 231/706 232/707 233/708
f 233/709 232/710 234/711
f 233/712 234/713 235/714
f 235/715 234/716 236/717
f 235/718 236/719 237/720
f 237/721 236/722 238/723
f 237/724 238/725 239/726
f 239/727 238/728 240/729
f 239/730 240/731 241/732
f 241/733 240/734 242/735
f 241/736 242/737 209/738
f 209/739 242/740 242/741
f 209/742 242/743 207/744
f 207/745 242/746 243/747
f 207/748 243/749 205/750
f 205/751 243/752 244/753
f 205/754 244/755 202/756
f 202/757 244/758 244/759
f 202/760 244/761 200/762
f 200/763 244/764 245/765
f 200/766 245/767 198/768
f 198/769 245/770 246/771
f 198/772 246/773 196/774
f 196/775 246/776 247/777
f 196/778 247/779 194/780
f 194/781 247/782 248/783
f 194/784 248/785 192/786
f 192/787 248/788 249/789
f 192/790 249/791 190/792
f 209/793 211/794 241/795
f 241/796 211/797 250/798
f 241/799 250/800 239/801
f 239/802 250/803 251/804
f 239/805 251/806 237/807
f 237/808 251/809 252/810
f 237/811 252/812 235/813
f 235/814 252/815 253/816
f 235/817 253/818 233/819
f 233/820 253/821 253/822
f 233/823 253/824 231/825
f 231/826 253/827 254/828
f 231/829 254/830 228/831
f 228/832 254/833 254/834
f 228/835 254/836 226/837
f 226/838 254/839 255/840
f 226/841 255/842 224/843
f 224/844 255/845 255/846
f 224/847 255/848 222/849
f 222/850 255/851 256/852
f 222/853 256/854 220/855
f 220/856 256/857 257/858
f 220/859 257/860 217/861
f 217/862 257/863 257/864
f 217/865 257/866 215/867
f 215/868 257/869 258/870
f 215/871 258/872 213/873
f 213/874 258/875 250/876
f 213/877 250/878 211/879
f 250/880 258/881 251/882
f 251/883 258/884 259/885
f 251/886 259/887 252/888
f 252/889 259/890 260/891
f 252/892 260/893 253/894
f 253/895 260/896 260/897
f 253/898 260/899 254/900
f 254/901 260/902 260/903
f 254/904 260/905 255/906
f 255/907 260/908 260/909
f 255/910 260/911 256/912
f 256/913 260/914 259/915
f 256/916 259/917 257/918
f 257/919 259/920 258/921
f 232/922 261/923 234/924
f 234/925 261/926 262/927
f 234/928 262/929 236/930
f 236/931 262/932 263/933
f 236/934 263/935 238/936
f 238/937 263/938 264/939
f 238/940 264/941 240/942
f 240/943 264/944 265/945
f 240/946 265/947 242/948
f 242/949 265/950 265/951
f 242/952 265/953 243/954
f 243/955 265/956 266/957
f 243/958 266/959 244/960
f 244/961 266/962 266/963
f 244/964 266/965 245/966
f 245/967 266/968 267/969
f 245/970 267/971 246/972
f 246/973 267/974 268/975
f 246/976 268/977 247/978
f 247/979 268/980 269/981
f 247/982 269/983 248/984
f 248/985 269/986 269/987
f 248/988 269/989 249/990
f 249/991 269/992 269/993
f 249/994 269/995 270/996
f 270/997 269/998 271/999
f 270/1000 271/1001 272/1002
f 272/1003 271/1004 273/1005
f 272/1006 273/1007 274/1008
f 274/1009 273/1010 275/1011
f 274/1012 275/1013 264/1014
f 264/1015 275/1016 275/1017
f 264/1018 275/1019 265/1020
f 265/1021 275/1022 275/1023
f 265/1024 275/1025 266/1026
f 266/1027 275/1028 275/1029
f 266/1030 275/1031 267/1032
f 267/1033 275/1034 273/1035
f 267/1036 273/1037 268/1038
f 268/1039 273/1040 271/1041
f 268/1042 271/1043 269/1044
f 264/1045 263/1046 274/1047
f 274/1048 263/1049 263/1050
f 274/1051 263/1052 272/1053
f 272/1054 263/1055 262/1056
f 272/1057 262/1058 272/1059
f 272/1060 262/1061 261/1062
f 272/1063 261/1064 270/1065
f 229/1066 227/1067 276/1068
f 276/1069 227/1070 277/1071
f 276/1072 277/1073 278/1074
f 278/1075 277/1076 277/1077
f 278/1078 277/1079 279/1080
f 279/1081 277/1082 225/1083
f 279/1084 225/1085 223/1086
f 225/1087 277/1088 227/1089
f 203/1090 201/1091 280/1092
f 280/1093 201/1094 281/1095
f 280/1096 281/1097 282/1098
f 282/1099 281/1100 283/1101
f 282/1102 283/1103 284/1104
f 284/1105 283/1106 285/1107
f 284/1108 285/1109 286/1110
f 286/1111 285/1112 287/1113
f 286/1114 287/1115 288/1116
f 288/1117 287/1118 289/1119
f 288/1120 289/1121 290/1122
f 290/1123 289/1124 291/1125
f 290/1126 291/1127 292/1128
f 292/1129 291/1130 176/1131
f 292/1132 176/1133 174/1134
f 176/1135 291/1136 178/1137
f 178/1138 291/1139 293/1140
f 178/1141 293/1142 180/1143
f 180/1144 293/1145 294/1146
f 180/1147 294/1148 182/1149
f 182/1150 294/1151 295/1152
f 182/1153 295/1154 184/1155
f 184/1156 295/1157 296/1158
f 184/1159 296/1160 186/1161
f 186/1162 296/1163 296/1164
f 186/1165 296/1166 189/1167
f 189/1168 296/1169 297/1170
f 189/1171 297/1172 191/1173
f 191/1174 297/1175 297/1176
f 191/1177 297/1178 193/1179
f 193/1180 297/1181 298/1182
f 193/1183 298/1184 195/1185
f 195/1186 298/1187 299/1188
f 195/1189 299/1190 197/1191
f 197/1192 299/1193 300/1194
f 197/1195 300/1196 199/1197
f 199/1198 300/1199 281/1200
f 199/1201 281/1202 201/1203
f 281/1204 300/1205 283/1206
f 283/1207 300/1208 301/1209
f 283/1210 301/1211 285/1212
f 285/1213 301/1214 302/1215
f 285/1216 302/1217 287/1218
f 287/1219 302/1220 303/1221
f 287/1222 303/1223 289/1224
f 289/1225 303/1226 293/1227
f 289/1228 293/1229 291/1230
f 293/1231 303/1232 294/1233
f 294/1234 303/1235 304/1236
f 294/1237 304/1238 295/1239
f 295/1240 304/1241 305/1242
f 295/1243 305/1244 296/1245
f 296/1246 305/1247 305/1248
f 296/1249 305/1250 297/1251
f 297/1252 305/1253 305/1254
f 297/1255 305/1256 298/1257
f 298/1258 305/1259 306/1260
f 298/1261 306/1262 299/1263
f 299/1264 306/1265 301/1266
f 299/1267 301/1268 300/1269
f 301/1270 306/1271 302/1272
f 302/1273 306/1274 304/1275
f 302/1276 304/1277 303/1278
f 304/1279 306/1280 305/1281
f 187/1282 307/1283 185/1284
f 185/1285 307/1286 308/1287
f 185/1288 308/1289 183/1290
f 183/1291 308/1292 309/1293
f 183/1294 309/1295 181/1296
f 181/1297 309/1298 310/1299
f 181/1300 310/1301 179/1302
f 179/1303 310/1304 311/1305
f 179/1306 311/1307 177/1308
f 177/1309 311/1310 312/1311
f 177/1312 312/1313 175/1314
f 175/1315 312/1316 312/1317
f 175/1318 312/1319 173/1320
f 173/1321 312/1322 313/1323
f 173/1324 313/1325 171/1326
f 171/1327 313/1328 314/1329
f 171/1330 314/1331 169/1332
f 169/1333 314/1334 315/1335
f 169/1336 315/1337 167/1338
f 167/1339 315/1340 316/1341
f 167/1342 316/1343 165/1344
f 165/1345 316/1346 317/1347
f 165/1348 317/1349 163/1350
f 163/1351 317/1352 318/1353
f 163/1354 318/1355 161/1356
f 161/1357 318/1358 319/1359
f 161/1360 319/1361 159/1362
f 159/1363 319/1364 320/1365
f 159/1366 320/1367 157/1368
f 157/1369 320/1370 321/1371
f 157/1372 321/1373 155/1374
f 155/1375 321/1376 322/1377
f 155/1378 322/1379 153/1380
f 153/1381 322/1382 323/1383
f 153/1384 323/1385 151/1386
f 151/1387 323/1388 324/1389
f 151/1390 324/1391 149/1392
f 149/1393 324/1394 325/1395
f 149/1396 325/1397 147/1398
f 147/1399 325/1400 326/1401
f 147/1402 326/1403 145/1404
f 145/1405 326/1406 327/1407
f 145/1408 327/1409 143/1410
f 143/1411 327/1412 328/1413
f 143/1414 328/1415 141/1416
f 141/1417 328/1418 329/1419
f 141/1420 329/1421 139/1422
f 139/1423 329/1424 330/1425
f 139/1426 330/1427 137/1428
f 137/1429 330/1430 331/1431
f 137/1432 331/1433 135/1434
f 135/1435 331/1436 332/1437
f 135/1438 332/1439 132/1440
f 132/1441 332/1442 332/1443
f 132/1444 332/1445 130/1446
f 130/1447 332/1448 333/1449
f 130/1450 333/1451 128/1452
f 128/1453 333/1454 334/1455
f 128/1456 334/1457 126/1458
f 126/1459 334/1460 335/1461
f 126/1462 335/1463 124/1464
f 124/1465 335/1466 336/1467
f 124/1468 336/1469 122/1470
f 122/1471 336/1472 337/1473
f 122/1474 337/1475 1/1476
f 337/1477 336/1478 338/1479
f 338/1480 336/1481 339/1482
f 338/1483 339/1484 340/1485
f 340/1486 339/1487 341/1488
f 340/1489 341/1490 342/1491
f 342/1492 341/1493 343/1494
f 342/1495 343/1496 344/1497
f 344/1498 343/1499 345/1500
f 344/1501 345/1502 346/1503
f 346/1504 345/1505 347/1506
f 346/1507 347/1508 348/1509
f 348/1510 347/1511 330/1512
f 348/1513 330/1514 348/1515
f 348/1516 330/1517 329/1518
f 348/1519 329/1520 349/1521
f 349/1522 329/1523 328/1524
f 349/1525 328/1526 350/1527
f 350/1528 328/1529 327/1530
f 350/1531 327/1532 351/1533
f 351/1534 327/1535 326/1536
f 351/1537 326/1538 352/1539
f 352/1540 326/1541 325/1542
f 352/1543 325/1544 353/1545
f 353/1546 325/1547 324/1548
f 353/1549 324/1550 354/1551
f 354/1552 324/1553 323/1554
f 354/1555 323/1556 355/1557
f 355/1558 323/1559 322/1560
f 355/1561 322/1562 356/1563
f 356/1564 322/1565 321/1566
f 356/1567 321/1568 357/1569
f 357/1570 321/1571 320/1572
f 357/1573 320/1574 358/1575
f 358/1576 320/1577 319/1578
f 358/1579 319/1580 359/1581
f 359/1582 319/1583 318/1584
f 359/1585 318/1586 360/1587
f 360/1588 318/1589 317/1590
f 360/1591 317/1592 361/1593
f 361/1594 317/1595 316/1596
f 361/1597 316/1598 362/1599
f 362/1600 316/1601 315/1602
f 362/1603 315/1604 363/1605
f 363/1606 315/1607 314/1608
f 363/1609 314/1610 364/1611
f 364/1612 314/1613 313/1614
f 364/1615 313/1616 365/1617
f 365/1618 313/1619 312/1620
f 365/1621 312/1622 365/1623
f 365/1624 312/1625 311/1626
f 365/1627 311/1628 366/1629
f 366/1630 311/1631 310/1632
f 366/1633 310/1634 367/1635
f 367/1636 310/1637 309/1638
f 367/1639 309/1640 368/1641
f 368/1642 309/1643 308/1644
f 368/1645 308/1646 369/1647
f 369/1648 308/1649 307/1650
f 369/1651 370/1652 368/1653
f 368/1654 370/1655 371/1656
f 368/1657 371/1658 367/1659
f 367/1660 371/1661 372/1662
f 367/1663 372/1664 366/1665
f 366/1666 372/1667 373/1668
f 366/1669 373/1670 365/1671
f 365/1672 373/1673 373/1674
f 365/1675 373/1676 364/1677
f 364/1678 373/1679 374/1680
f 364/1681 374/1682 363/1683
f 363/1684 374/1685 375/1686
f 363/1687 375/1688 362/1689
f 362/1690 375/1691 376/1692
f 362/1693 376/1694 361/1695
f 361/1696 376/1697 377/1698
f 361/1699 377/1700 360/1701
f 360/1702 377/1703 378/1704
f 360/1705 378/1706 359/1707
f 359/1708 378/1709 379/1710
f 359/1711 379/1712 358/1713
f 358/1714 379/1715 380/1716
f 358/1717 380/1718 357/1719
f 357/1720 380/1721 381/1722
f 357/1723 381/1724 356/1725
f 356/1726 381/1727 382/1728
f 356/1729 382/1730 355/1731
f 355/1732 382/1733 383/1734
f 355/1735 383/1736 354/1737
f 354/1738 383/1739 384/1740
f 354/1741 384/1742 353/1743
f 353/1744 384/1745 385/1746
f 353/1747 385/1748 352/1749
f 352/1750 385/1751 386/1752
f 352/1753 386/1754 351/1755
f 351/1756 386/1757 387/1758
f 351/1759 387/1760 350/1761
f 350/1762 387/1763 388/1764
f 350/1765 388/1766 349/1767
f 349/1768 388/1769 389/1770
f 349/1771 389/1772 348/1773
f 348/1774 389/1775 389/1776
f 348/1777 389/1778 346/1779
f 346/1780 389/1781 390/1782
f 346/1783 390/1784 344/1785
f 344/1786 390/1787 391/1788
f 344/1789 391/1790 342/1791
f 342/1792 391/1793 392/1794
f 342/1795 392/1796 340/1797
f 392/1798 391/1799 393/1800
f 393/1801 391/1802 394/1803
f 393/1804 394/1805 395/1806
f 395/1807 394/1808 396/1809
f 395/1810 396/1811 397/1812
f 397/1813 396/1814 388/1815
f 397/1816 388/1817 397/1818
f 397/1819 388/1820 387/1821
f 397/1822 387/1823 398/1824
f 398/1825 387/1826 386/1827
f 398/1828 386/1829 399/1830
f 399/1831 386/1832 385/1833
f 399/1834 385/1835 400/1836
f 400/1837 385/1838 384/1839
f 400/1840 384/1841 401/1842
f 401/1843 384/1844 383/1845
f 401/1846 383/1847 402/1848
f 402/1849 383/1850 382/1851
f 402/1852 382/1853 403/1854
f 403/1855 382/1856 381/1857
f 403/1858 381/1859 404/1860
f 404/1861 381/1862 380/1863
f 404/1864 380/1865 405/1866
f 405/1867 380/1868 379/1869
f 405/1870 379/1871 406/1872
f 406/1873 379/1874 378/1875
f 406/1876 378/1877 407/1878
f 407/1879 378/1880 377/1881
f 407/1882 377/1883 408/1884
f 408/1885 377/1886 376/1887
f 408/1888 376/1889 409/1890
f 409/1891 376/1892 375/1893
f 409/1894 375/1895 410/1896
f 410/1897 375/1898 374/1899
f 410/1900 374/1901 411/1902
f 411/1903 374/1904 373/1905
f 411/1906 373/1907 411/1908
f 411/1909 373/1910 372/1911
f 411/1912 372/1913 412/1914
f 412/1915 372/1916 371/1917
f 412/1918 371/1919 413/1920
f 413/1921 371/1922 370/1923
f 413/1924 414/1925 412/1926
f 412/1927 414/1928 415/1929
f 412/1930 415/1931 411/1932
f 411/1933 415/1934 415/1935
f 411/1936 415/1937 410/1938
f 410/1939 415/1940 416/1941
f 410/1942 416/1943 409/1944
f 409/1945 416/1946 417/1947
f 409/1948 417/1949 408/1950
f 408/1951 417/1952 418/1953
f 408/1954 418/1955 407/1956
f 407/1957 418/1958 419/1959
f 407/1960 419/1961 406/1962
f 406/1963 419/1964 420/1965
f 406/1966 420/1967 405/1968
f 405/1969 420/1970 421/1971
f 405/1972 421/1973 404/1974
f 404/1975 421/1976 422/1977
f 404/1978 422/1979 403/1980
f 403/1981 422/1982 423/1983
f 403/1984 423/1985 402/1986
f 402/1987 423/1988 424/1989
f 402/1990 424/1991 401/1992
f 401/1993 424/1994 425/1995
f 401/1996 425/1997 400/1998
f 400/1999 425/2000 426/2001
f 400/2002 426/2003 399/2004
f 399/2005 426/2006 427/2007
f 399/2008 427/2009 398/2010
f 398/2011 427/2012 428/2013
f 398/2014 428/2015 397/2016
f 397/2017 428/2018 428/2019
f 397/2020 428/2021 395/2022
f 395/2023 428/2024 428/2025
f 395/2026 428/2027 393/2028
f 393/2029 428/2030 428/2031
f 393/2032 428/2033 429/2034
f 429/2035 428/2036 427/2037
f 429/2038 427/2039 429/2040
f 429/2041 427/2042 426/2043
f 429/2044 426/2045 430/2046
f 430/2047 426/2048 425/2049
f 430/2050 425/2051 430/2052
f 430/2053 425/2054 424/2055
f 430/2056 424/2057 431/2058
f 431/2059 424/2060 423/2061
f 431/2062 423/2063 431/2064
f 431/2065 423/2066 422/2067
f 431/2068 422/2069 432/2070
f 432/2071 422/2072 421/2073
f 432/2074 421/2075 433/2076
f 433/2077 421/2078 420/2079
f 433/2080 420/2081 434/2082
f 434/2083 420/2084 419/2085
f 434/2086 419/2087 435/2088
f 435/2089 419/2090 418/2091
f 435/2092 418/2093 436/2094
f 436/2095 418/2096 417/2097
f 436/2098 417/2099 436/2100
f 436/2101 417/2102 416/2103
f 436/2104 416/2105 437/2106
f 437/2107 416/2108 415/2109
f 437/2110 415/2111 414/2112
f 388/2113 396/2114 389/2115
f 389/2116 396/2117 396/2118
f 389/2119 396/2120 390/2121
f 390/2122 396/2123 394/2124
f 390/2125 394/2126 391/2127
f 330/2128 347/2129 331/2130
f 331/2131 347/2132 438/2133
f 331/2134 438/2135 332/2136
f 332/2137 438/2138 438/2139
f 332/2140 438/2141 333/2142
f 333/2143 438/2144 439/2145
f 333/2146 439/2147 334/2148
f 334/2149 439/2150 440/2151
f 334/2152 440/2153 335/2154
f 335/2155 440/2156 339/2157
f 335/2158 339/2159 336/2160
f 339/2161 440/2162 341/2163
f 341/2164 440/2165 440/2166
f 341/2167 440/2168 343/2169
f 343/2170 440/2171 439/2172
f 343/2173 439/2174 345/2175
f 345/2176 439/2177 438/2178
f 345/2179 438/2180 347/2181
f 337/2182 441/2183 1/2184
f 1/2185 441/2186 441/2187
f 1/2188 441/2189 2/2190
f 2/2191 441/2192 442/2193
f 2/2194 442/2195 443/2196
f 443/2197 442/2198 444/2199
f 443/2200 444/2201 445/2202
f 445/2203 444/2204 446/2205
f 445/2206 446/2207 447/2208
f 447/2209 446/2210 448/2211
f 447/2212 448/2213 449/2214
f 449/2215 448/2216 450/2217
f 449/2218 450/2219 133/2220
f 133/2221 450/2222 451/2223
f 133/2224 451/2225 134/2226
f 134/2227 451/2228 452/2229
f 134/2230 452/2231 136/2232
f 136/2233 452/2234 453/2235
f 136/2236 453/2237 138/2238
f 138/2239 453/2240 454/2241
f 138/2242 454/2243 140/2244
f 140/2245 454/2246 455/2247
f 140/2248 455/2249 142/2250
f 142/2251 455/2252 456/2253
f 142/2254 456/2255 144/2256
f 144/2257 456/2258 457/2259
f 144/2260 457/2261 146/2262
f 146/2263 457/2264 458/2265
f 146/2266 458/2267 148/2268
f 148/2269 458/2270 459/2271
f 148/2272 459/2273 150/2274
f 150/2275 459/2276 460/2277
f 150/2278 460/2279 152/2280
f 152/2281 460/2282 461/2283
f 152/2284 461/2285 154/2286
f 154/2287 461/2288 462/2289
f 154/2290 462/2291 156/2292
f 156/2293 462/2294 463/2295
f 156/2296 463/2297 158/2298
f 158/2299 463/2300 464/2301
f 158/2302 464/2303 160/2304
f 160/2305 464/2306 465/2307
f 160/2308 465/2309 162/2310
f 162/2311 465/2312 466/2313
f 162/2314 466/2315 164/2316
f 164/2317 466/2318 467/2319
f 164/2320 467/2321 166/2322
f 166/2323 467/2324 468/2325
f 166/2326 468/2327 168/2328
f 168/2329 468/2330 469/2331
f 168/2332 469/2333 170/2334
f 170/2335 469/2336 470/2337
f 170/2338 470/2339 172/2340
f 172/2341 470/2342 471/2343
f 172/2344 471/2345 174/2346
f 174/2347 471/2348 472/2349
f 174/2350 472/2351 473/2352
f 473/2353 472/2354 474/2355
f 473/2356 474/2357 475/2358
f 475/2359 474/2360 476/2361
f 475/2362 476/2363 477/2364
f 477/2365 476/2366 478/2367
f 477/2368 478/2369 479/2370
f 479/2371 478/2372 480/2373
f 479/2374 480/2375 481/2376
f 481/2377 480/2378 482/2379
f 481/2380 482/2381 483/2382
f 483/2383 482/2384 187/2385
f 483/2386 187/2387 483/2388
f 483/2389 187/2390 188/2391
f 483/2392 188/2393 484/2394
f 484/2395 188/2396 190/2397
f 484/2398 190/2399 485/2400
f 485/2401 190/2402 486/2403
f 485/2404 486/2405 487/2406
f 487/2407 486/2408 488/2409
f 487/2410 488/2411 489/2412
f 489/2413 488/2414 490/2415
f 489/2416 490/2417 491/2418
f 491/2419 490/2420 492/2421
f 491/2422 492/2423 493/2424
f 493/2425 492/2426 494/2427
f 493/2428 494/2429 495/2430
f 495/2431 494/2432 496/2433
f 495/2434 496/2435 203/2436
f 203/2437 496/2438 496/2439
f 203/2440 496/2441 204/2442
f 204/2443 496/2444 497/2445
f 204/2446 497/2447 206/2448
f 206/2449 497/2450 498/2451
f 206/2452 498/2453 208/2454
f 208/2455 498/2456 499/2457
f 208/2458 499/2459 210/2460
f 210/2461 499/2462 500/2463
f 210/2464 500/2465 212/2466
f 212/2467 500/2468 501/2469
f 212/2470 501/2471 214/2472
f 214/2473 501/2474 502/2475
f 214/2476 502/2477 216/2478
f 216/2479 502/2480 503/2481
f 216/2482 503/2483 218/2484
f 218/2485 503/2486 503/2487
f 218/2488 503/2489 504/2490
f 504/2491 503/2492 505/2493
f 504/2494 505/2495 506/2496
f 506/2497 505/2498 507/2499
f 506/2500 507/2501 508/2502
f 508/2503 507/2504 509/2505
f 508/2506 509/2507 510/2508
f 510/2509 509/2510 511/2511
f 510/2512 511/2513 512/2514
f 512/2515 511/2516 513/2517
f 512/2518 513/2519 229/2520
f 229/2521 513/2522 513/2523
f 229/2524 513/2525 230/2526
f 230/2527 513/2528 514/2529
f 230/2530 514/2531 232/2532
f 232/2533 514/2534 515/2535
f 232/2536 515/2537 516/2538
f 516/2539 515/2540 517/2541
f 516/2542 517/2543 518/2544
f 518/2545 517/2546 519/2547
f 518/2548 519/2549 520/2550
f 520/2551 519/2552 521/2553
f 520/2554 521/2555 522/2556
f 522/2557 521/2558 523/2559
f 522/2560 523/2561 524/2562
f 524/2563 523/2564 499/2565
f 524/2566 499/2567 524/2568
f 524/2569 499/2570 498/2571
f 524/2572 498/2573 525/2574
f 525/2575 498/2576 497/2577
f 525/2578 497/2579 526/2580
f 526/2581 497/2582 496/2583
f 526/2584 496/2585 526/2586
f 526/2587 496/2588 494/2589
f 526/2590 494/2591 527/2592
f 527/2593 494/2594 492/2595
f 527/2596 492/2597 528/2598
f 528/2599 492/2600 490/2601
f 528/2602 490/2603 529/2604
f 529/2605 490/2606 488/2607
f 529/2608 488/2609 530/2610
f 530/2611 488/2612 486/2613
f 530/2614 486/2615 249/2616
f 249/2617 486/2618 190/2619
f 499/2620 523/2621 500/2622
f 500/2623 523/2624 531/2625
f 500/2626 531/2627 501/2628
f 501/2629 531/2630 532/2631
f 501/2632 532/2633 502/2634
f 502/2635 532/2636 533/2637
f 502/2638 533/2639 503/2640
f 503/2641 533/2642 533/2643
f 503/2644 533/2645 505/2646
f 505/2647 533/2648 534/2649
f 505/2650 534/2651 507/2652
f 507/2653 534/2654 535/2655
f 507/2656 535/2657 509/2658
f 509/2659 535/2660 535/2661
f 509/2662 535/2663 511/2664
f 511/2665 535/2666 536/2667
f 511/2668 536/2669 513/2670
f 513/2671 536/2672 536/2673
f 513/2674 536/2675 514/2676
f 514/2677 536/2678 537/2679
f 514/2680 537/2681 515/2682
f 515/2683 537/2684 537/2685
f 515/2686 537/2687 517/2688
f 517/2689 537/2690 538/2691
f 517/2692 538/2693 519/2694
f 519/2695 538/2696 539/2697
f 519/2698 539/2699 521/2700
f 521/2701 539/2702 531/2703
f 521/2704 531/2705 523/2706
f 531/2707 539/2708 532/2709
f 532/2710 539/2711 540/2712
f 532/2713 540/2714 533/2715
f 533/2716 540/2717 540/2718
f 533/2719 540/2720 534/2721
f 534/2722 540/2723 541/2724
f 534/2725 541/2726 535/2727
f 535/2728 541/2729 541/2730
f 535/2731 541/2732 536/2733
f 536/2734 541/2735 541/2736
f 536/2737 541/2738 537/2739
f 537/2740 541/2741 541/2742
f 537/2743 541/2744 538/2745
f 538/2746 541/2747 540/2748
f 538/2749 540/2750 539/2751
f 232/2752 516/2753 261/2754
f 261/2755 516/2756 542/2757
f 261/2758 542/2759 543/2760
f 543/2761 542/2762 544/2763
f 543/2764 544/2765 545/2766
f 545/2767 544/2768 546/2769
f 545/2770 546/2771 547/2772
f 547/2773 546/2774 548/2775
f 547/2776 548/2777 549/2778
f 549/2779 548/2780 525/2781
f 549/2782 525/2783 549/2784
f 549/2785 525/2786 526/2787
f 549/2788 526/2789 549/2790
f 549/2791 526/2792 527/2793
f 549/2794 527/2795 550/2796
f 550/2797 527/2798 528/2799
f 550/2800 528/2801 551/2802
f 551/2803 528/2804 529/2805
f 551/2806 529/2807 552/2808
f 552/2809 529/2810 530/2811
f 552/2812 530/2813 552/2814
f 552/2815 530/2816 249/2817
f 552/2818 249/2819 552/2820
f 552/2821 249/2822 270/2823
f 552/2824 270/2825 553/2826
f 553/2827 270/2828 543/2829
f 553/2830 543/2831 554/2832
f 554/2833 543/2834 545/2835
f 554/2836 545/2837 554/2838
f 554/2839 545/2840 547/2841
f 554/2842 547/2843 550/2844
f 550/2845 547/2846 549/2847
f 270/2848 261/2849 543/2850
f 550/2851 551/2852 554/2853
f 554/2854 551/2855 551/2856
f 554/2857 551/2858 553/2859
f 553/2860 551/2861 552/2862
f 525/2863 548/2864 524/2865
f 524/2866 548/2867 548/2868
f 524/2869 548/2870 522/2871
f 522/2872 548/2873 546/2874
f 522/2875 546/2876 520/2877
f 520/2878 546/2879 544/2880
f 520/2881 544/2882 518/2883
f 518/2884 544/2885 542/2886
f 518/2887 542/2888 516/2889
f 229/2890 276/2891 512/2892
f 512/2893 276/2894 555/2895
f 512/2896 555/2897 510/2898
f 510/2899 555/2900 556/2901
f 510/2902 556/2903 508/2904
f 556/2905 555/2906 278/2907
f 278/2908 555/2909 276/2910
f 203/2911 280/2912 495/2913
f 495/2914 280/2915 557/2916
f 495/2917 557/2918 493/2919
f 493/2920 557/2921 558/2922
f 493/2923 558/2924 491/2925
f 491/2926 558/2927 559/2928
f 491/2929 559/2930 489/2931
f 489/2932 559/2933 560/2934
f 489/2935 560/2936 487/2937
f 487/2938 560/2939 561/2940
f 487/2941 561/2942 485/2943
f 485/2944 561/2945 561/2946
f 485/2947 561/2948 484/2949
f 484/2950 561/2951 562/2952
f 484/2953 562/2954 483/2955
f 483/2956 562/2957 562/2958
f 483/2959 562/2960 481/2961
f 481/2962 562/2963 563/2964
f 481/2965 563/2966 479/2967
f 479/2968 563/2969 564/2970
f 479/2971 564/2972 477/2973
f 477/2974 564/2975 565/2976
f 477/2977 565/2978 475/2979
f 475/2980 565/2981 566/2982
f 475/2983 566/2984 473/2985
f 473/2986 566/2987 292/2988
f 473/2989 292/2990 174/2991
f 292/2992 566/2993 290/2994
f 290/2995 566/2996 567/2997
f 290/2998 567/2999 288/3000
f 288/3001 567/3002 568/3003
f 288/3004 568/3005 286/3006
f 286/3007 568/3008 569/3009
f 286/3010 569/3011 284/3012
f 284/3013 569/3014 570/3015
f 284/3016 570/3017 282/3018
f 282/3019 570/3020 557/3021
f 282/3022 557/3023 280/3024
f 557/3025 570/3026 558/3027
f 558/3028 570/3029 571/3030
f 558/3031 571/3032 559/3033
f 559/3034 571/3035 572/3036
f 559/3037 572/3038 560/3039
f 560/3040 572/3041 573/3042
f 560/3043 573/3044 561/3045
f 561/3046 573/3047 573/3048
f 561/3049 573/3050 562/3051
f 562/3052 573/3053 573/3054
f 562/3055 573/3056 563/3057
f 563/3058 573/3059 574/3060
f 563/3061 574/3062 564/3063
f 564/3064 574/3065 575/3066
f 564/3067 575/3068 565/3069
f 565/3070 575/3071 567/3072
f 565/3073 567/3074 566/3075
f 567/3076 575/3077 568/3078
f 568/3079 575/3080 576/3081
f 568/3082 576/3083 569/3084
f 569/3085 576/3086 571/3087
f 569/3088 571/3089 570/3090
f 571/3091 576/3092 572/3093
f 572/3094 576/3095 574/3096
f 572/3097 574/3098 573/3099
f 575/3100 574/3101 576/3102
f 187/3103 482/3104 307/3105
f 307/3106 482/3107 577/3108
f 307/3109 577/3110 369/3111
f 369/3112 577/3113 578/3114
f 369/3115 578/3116 370/3117
f 370/3118 578/3119 579/3120
f 370/3121 579/3122 413/3123
f 413/3124 579/3125 580/3126
f 413/3127 580/3128 414/3129
f 414/3130 580/3131 581/3132
f 414/3133 581/3134 437/3135
f 437/3136 581/3137 582/3138
f 437/3139 582/3140 436/3141
f 436/3142 582/3143 583/3144
f 436/3145 583/3146 584/3147
f 584/3148 583/3149 585/3150
f 584/3151 585/3152 586/3153
f 586/3154 585/3155 587/3156
f 586/3157 587/3158 588/3159
f 588/3160 587/3161 589/3162
f 588/3163 589/3164 590/3165
f 590/3166 589/3167 591/3168
f 590/3169 591/3170 592/3171
f 592/3172 591/3173 465/3174
f 592/3175 465/3176 592/3177
f 592/3178 465/3179 464/3180
f 592/3181 464/3182 593/3183
f 593/3184 464/3185 463/3186
f 593/3187 463/3188 594/3189
f 594/3190 463/3191 462/3192
f 594/3193 462/3194 595/3195
f 595/3196 462/3197 461/3198
f 595/3199 461/3200 596/3201
f 596/3202 461/3203 460/3204
f 596/3205 460/3206 597/3207
f 597/3208 460/3209 459/3210
f 597/3211 459/3212 598/3213
f 598/3214 459/3215 458/3216
f 598/3217 458/3218 599/3219
f 599/3220 458/3221 457/3222
f 599/3223 457/3224 600/3225
f 600/3226 457/3227 456/3228
f 600/3229 456/3230 601/3231
f 601/3232 456/3233 455/3234
f 601/3235 455/3236 602/3237
f 602/3238 455/3239 454/3240
f 602/3241 454/3242 603/3243
f 603/3244 454/3245 453/3246
f 603/3247 453/3248 604/3249
f 604/3250 453/3251 452/3252
f 604/3253 452/3254 605/3255
f 605/3256 452/3257 451/3258
f 605/3259 451/3260 606/3261
f 606/3262 451/3263 450/3264
f 606/3265 450/3266 606/3267
f 606/3268 450/3269 448/3270
f 606/3271 448/3272 607/3273
f 607/3274 448/3275 446/3276
f 607/3277 446/3278 608/3279
f 608/3280 446/3281 444/3282
f 608/3283 444/3284 609/3285
f 609/3286 444/3287 442/3288
f 609/3289 442/3290 609/3291
f 609/3292 442/3293 441/3294
f 609/3295 441/3296 610/3297
f 610/3298 441/3299 337/3300
f 610/3301 337/3302 610/3303
f 610/3304 337/3305 338/3306
f 610/3307 338/3308 611/3309
f 611/3310 338/3311 340/3312
f 611/3313 340/3314 612/3315
f 612/3316 340/3317 613/3318
f 612/3319 613/3320 614/3321
f 614/3322 613/3323 615/3324
f 614/3325 615/3326 616/3327
f 616/3328 615/3329 617/3330
f 616/3331 617/3332 618/3333
f 618/3334 617/3335 619/3336
f 618/3337 619/3338 603/3339
f 603/3340 619/3341 619/3342
f 603/3343 619/3344 602/3345
f 602/3346 619/3347 620/3348
f 602/3349 620/3350 601/3351
f 601/3352 620/3353 621/3354
f 601/3355 621/3356 600/3357
f 600/3358 621/3359 622/3360
f 600/3361 622/3362 599/3363
f 599/3364 622/3365 623/3366
f 599/3367 623/3368 598/3369
f 598/3370 623/3371 624/3372
f 598/3373 624/3374 597/3375
f 597/3376 624/3377 625/3378
f 597/3379 625/3380 596/3381
f 596/3382 625/3383 626/3384
f 596/3385 626/3386 595/3387
f 595/3388 626/3389 627/3390
f 595/3391 627/3392 594/3393
f 594/3394 627/3395 628/3396
f 594/3397 628/3398 593/3399
f 593/3400 628/3401 629/3402
f 593/3403 629/3404 592/3405
f 592/3406 629/3407 629/3408
f 592/3409 629/3410 590/3411
f 590/3412 629/3413 630/3414
f 590/3415 630/3416 588/3417
f 588/3418 630/3419 631/3420
f 588/3421 631/3422 586/3423
f 586/3424 631/3425 632/3426
f 586/3427 632/3428 584/3429
f 584/3430 632/3431 435/3432
f 584/3433 435/3434 436/3435
f 435/3436 632/3437 434/3438
f 434/3439 632/3440 633/3441
f 434/3442 633/3443 433/3444
f 433/3445 633/3446 634/3447
f 433/3448 634/3449 432/3450
f 432/3451 634/3452 635/3453
f 432/3454 635/3455 431/3456
f 431/3457 635/3458 636/3459
f 431/3460 636/3461 637/3462
f 637/3463 636/3464 638/3465
f 637/3466 638/3467 639/3468
f 639/3469 638/3470 640/3471
f 639/3472 640/3473 641/3474
f 641/3475 640/3476 625/3477
f 641/3478 625/3479 641/3480
f 641/3481 625/3482 624/3483
f 641/3484 624/3485 642/3486
f 642/3487 624/3488 623/3489
f 642/3490 623/3491 643/3492
f 643/3493 623/3494 622/3495
f 643/3496 622/3497 644/3498
f 644/3499 622/3500 621/3501
f 644/3502 621/3503 645/3504
f 645/3505 621/3506 620/3507
f 645/3508 620/3509 646/3510
f 646/3511 620/3512 619/3513
f 646/3514 619/3515 646/3516
f 646/3517 619/3518 617/3519
f 646/3520 617/3521 647/3522
f 647/3523 617/3524 615/3525
f 647/3526 615/3527 648/3528
f 648/3529 615/3530 613/3531
f 648/3532 613/3533 392/3534
f 392/3535 613/3536 340/3537
f 392/3538 393/3539 648/3540
f 648/3541 393/3542 649/3543
f 648/3544 649/3545 647/3546
f 647/3547 649/3548 650/3549
f 647/3550 650/3551 646/3552
f 646/3553 650/3554 650/3555
f 646/3556 650/3557 645/3558
f 645/3559 650/3560 651/3561
f 645/3562 651/3563 644/3564
f 644/3565 651/3566 652/3567
f 644/3568 652/3569 643/3570
f 643/3571 652/3572 653/3573
f 643/3574 653/3575 642/3576
f 642/3577 653/3578 654/3579
f 642/3580 654/3581 641/3582
f 641/3583 654/3584 654/3585
f 641/3586 654/3587 639/3588
f 639/3589 654/3590 655/3591
f 639/3592 655/3593 637/3594
f 637/3595 655/3596 430/3597
f 637/3598 430/3599 431/3600
f 625/3601 640/3602 626/3603
f 626/3604 640/3605 656/3606
f 626/3607 656/3608 627/3609
f 627/3610 656/3611 657/3612
f 627/3613 657/3614 628/3615
f 628/3616 657/3617 658/3618
f 628/3619 658/3620 629/3621
f 629/3622 658/3623 658/3624
f 629/3625 658/3626 630/3627
f 630/3628 658/3629 659/3630
f 630/3631 659/3632 631/3633
f 631/3634 659/3635 633/3636
f 631/3637 633/3638 632/3639
f 633/3640 659/3641 634/3642
f 634/3643 659/3644 660/3645
f 634/3646 660/3647 635/3648
f 635/3649 660/3650 661/3651
f 635/3652 661/3653 636/3654
f 636/3655 661/3656 661/3657
f 636/3658 661/3659 638/3660
f 638/3661 661/3662 656/3663
f 638/3664 656/3665 640/3666
f 656/3667 661/3668 657/3669
f 657/3670 661/3671 660/3672
f 657/3673 660/3674 658/3675
f 658/3676 660/3677 659/3678
f 603/3679 604/3680 618/3681
f 618/3682 604/3683 662/3684
f 618/3685 662/3686 616/3687
f 616/3688 662/3689 663/3690
f 616/3691 663/3692 614/3693
f 614/3694 663/3695 664/3696
f 614/3697 664/3698 612/3699
f 612/3700 664/3701 664/3702
f 612/3703 664/3704 611/3705
f 611/3706 664/3707 665/3708
f 611/3709 665/3710 610/3711
f 610/3712 665/3713 665/3714
f 610/3715 665/3716 609/3717
f 609/3718 665/3719 665/3720
f 609/3721 665/3722 608/3723
f 608/3724 665/3725 666/3726
f 608/3727 666/3728 607/3729
f 607/3730 666/3731 667/3732
f 607/3733 667/3734 606/3735
f 606/3736 667/3737 667/3738
f 606/3739 667/3740 605/3741
f 605/3742 667/3743 662/3744
f 605/3745 662/3746 604/3747
f 662/3748 667/3749 663/3750
f 663/3751 667/3752 666/3753
f 663/3754 666/3755 664/3756
f 664/3757 666/3758 665/3759
f 465/3760 591/3761 466/3762
f 466/3763 591/3764 668/3765
f 466/3766 668/3767 467/3768
f 467/3769 668/3770 669/3771
f 467/3772 669/3773 468/3774
f 468/3775 669/3776 670/3777
f 468/3778 670/3779 469/3780
f 469/3781 670/3782 671/3783
f 469/3784 671/3785 470/3786
f 470/3787 671/3788 672/3789
f 470/3790 672/3791 471/3792
f 471/3793 672/3794 673/3795
f 471/3796 673/3797 472/3798
f 472/3799 673/3800 673/3801
f 472/3802 673/3803 474/3804
f 474/3805 673/3806 674/3807
f 474/3808 674/3809 476/3810
f 476/3811 674/3812 675/3813
f 476/3814 675/3815 478/3816
f 478/3817 675/3818 676/3819
f 478/3820 676/3821 480/3822
f 480/3823 676/3824 577/3825
f 480/3826 577/3827 482/3828
f 577/3829 676/3830 578/3831
f 578/3832 676/3833 677/3834
f 578/3835 677/3836 579/3837
f 579/3838 677/3839 678/3840
f 579/3841 678/3842 580/3843
f 580/3844 678/3845 679/3846
f 580/3847 679/3848 581/3849
f 581/3850 679/3851 680/3852
f 581/3853 680/3854 582/3855
f 582/3856 680/3857 681/3858
f 582/3859 681/3860 583/3861
f 583/3862 681/3863 681/3864
f 583/3865 681/3866 585/3867
f 585/3868 681/3869 682/3870
f 585/3871 682/3872 587/3873
f 587/3874 682/3875 683/3876
f 587/3877 683/3878 589/3879
f 589/3880 683/3881 668/3882
f 589/3883 668/3884 591/3885
f 668/3886 683/3887 669/3888
f 669/3889 683/3890 684/3891
f 669/3892 684/3893 670/3894
f 670/3895 684/3896 685/3897
f 670/3898 685/3899 671/3900
f 671/3901 685/3902 686/3903
f 671/3904 686/3905 672/3906
f 672/3907 686/3908 687/3909
f 672/3910 687/3911 673/3912
f 673/3913 687/3914 687/3915
f 673/3916 687/3917 674/3918
f 674/3919 687/3920 688/3921
f 674/3922 688/3923 675/3924
f 675/3925 688/3926 677/3927
f 675/3928 677/3929 676/3930
f 677/3931 688/3932 678/3933
f 678/3934 688/3935 689/3936
f 678/3937 689/3938 679/3939
f 679/3940 689/3941 690/3942
f 679/3943 690/3944 680/3945
f 680/3946 690/3947 691/3948
f 680/3949 691/3950 681/3951
f 681/3952 691/3953 691/3954
f 681/3955 691/3956 682/3957
f 682/3958 691/3959 684/3960
f 682/3961 684/3962 683/3963
f 684/3964 691/3965 685/3966
f 685/3967 691/3968 690/3969
f 685/3970 690/3971 686/3972
f 686/3973 690/3974 689/3975
f 686/3976 689/3977 687/3978
f 687/3979 689/3980 688/3981
f 133/3982 692/3983 449/3984
f 449/3985 692/3986 693/3987
f 449/3988 693/3989 447/3990
f 447/3991 693/3992 694/3993
f 447/3994 694/3995 445/3996
f 445/3997 694/3998 695/3999
f 445/4000 695/4001 443/4002
f 443/4003 695/4004 4/4005
f 443/4006 4/4007 2/4008
f 692/4009 696/4010 693/4011
f 693/4012 696/4013 697/4014
f 693/4015 697/4016 694/4017
f 694/4018 697/4019 698/4020
f 694/4021 698/4022 695/4023
f 695/4024 698/4025 698/4026
f 695/4027 698/4028 4/4029
f 4/4030 698/4031 698/4032
f 4/4033 698/4034 699/4035
f 699/4036 698/4037 697/4038
f 699/4039 697/4040 700/4041
f 700/4042 697/4043 697/4044
f 700/4045 697/4046 701/4047
f 701/4048 697/4049 696/4050
f 702/4051 700/4052 703/4053
f 703/4054 700/4055 701/4056
f 703/4057 701/4058 703/4059
f 703/4060 701/4061 696/4062
f 703/4063 696/4064 704/4065
f 704/4066 696/4067 692/4068
f 704/4069 692/4070 705/4071
f 705/4072 692/4073 133/4074
f 705/4075 133/4076 705/4077
f 705/4078 133/4079 131/4080
f 705/4081 131/4082 705/4083
f 705/4084 131/4085 129/4086
f 705/4087 129/4088 706/4089
f 706/4090 129/4091 127/4092
f 706/4093 127/4094 707/4095
f 707/4096 127/4097 125/4098
f 707/4099 125/4100 708/4101
f 708/4102 125/4103 123/4104
f 708/4105 123/4106 708/4107
f 708/4108 123/4109 3/4110
f 708/4111 3/4112 708/4113
f 708/4114 3/4115 5/4116
f 708/4117 5/4118 709/4119
f 709/4120 5/4121 710/4122
f 709/4123 710/4124 711/4125
f 711/4126 710/4127 703/4128
f 711/4129 703/4130 711/4131
f 711/4132 703/4133 704/4134
f 711/4135 704/4136 706/4137
f 706/4138 704/4139 705/4140
f 706/4141 707/4142 711/4143
f 711/4144 707/4145 707/4146
f 711/4147 707/4148 709/4149
f 709/4150 707/4151 708/4152
f 703/4153 710/4154 702/4155
f 702/4156 710/4157 5/4158
f 393/4159 712/4160 649/4161
f 649/4162 712/4163 712/4164
f 649/4165 712/4166 650/4167
f 650/4168 712/4169 712/4170
f 650/4171 712/4172 651/4173
f 651/4174 712/4175 713/4176
f 651/4177 713/4178 652/4179
f 652/4180 713/4181 714/4182
f 652/4183 714/4184 653/4185
f 653/4186 714/4187 715/4188
f 653/4189 715/4190 654/4191
f 654/4192 715/4193 715/4194
f 654/4195 715/4196 655/4197
f 655/4198 715/4199 715/4200
f 655/4201 715/4202 430/4203
f 430/4204 715/4205 715/4206
f 430/4207 715/4208 429/4209
f 429/4210 715/4211 714/4212
f 429/4213 714/4214 429/4215
f 429/4216 714/4217 713/4218
f 429/4219 713/4220 393/4221
f 393/4222 713/4223 712/4224
f 20/4225 10/4226 716/4227
f 716/4228 10/4229 10/4230
f 716/4231 10/4232 717/4233
f 717/4234 10/4235 718/4236
f 717/4237 718/4238 717/4239
f 717/4240 718/4241 719/4242
f 717/4243 719/4244 720/4245
f 720/4246 719/4247 721/4248
f 720/4249 721/4250 722/4251
f 722/4252 721/4253 721/4254
f 722/4255 721/4256 716/4257
f 716/4258 721/4259 723/4260
f 716/4261 723/4262 20/4263
