# Exported from USD for MuJoCo with source material subsets
v 10.2678291 -6.80478702 0.0448784351
v 10.2718291 -6.80514322 0.0403058052
v 10.2718291 -6.80478702 0.0448784351
v 9.79182926 -7.73978697 0.0448683023
v 9.79182926 -7.73942362 0.0397074938
v 9.82382926 -7.73978697 0.0448683023
v 9.82382926 -7.73974596 0.0465919495
v 10.2678291 -6.8048266 0.0464062214
v 9.79582926 -7.72874723 0.0463962078
v 9.79582926 -7.72878681 0.0448683023
v 9.79182926 -7.72878681 0.0448683023
v 9.79182926 -7.72843014 0.0402956724
v 9.81982925 -7.72843014 0.0402956724
v 9.81982925 -7.72878681 0.0448683023
v 9.82382926 -7.72878681 0.0448683023
v 9.82382926 -7.72874723 0.0463962078
v 10.2438291 -6.80514322 0.040305686
v 10.2438291 -6.80478702 0.0448784351
v 10.2398291 -6.80478702 0.0448784351
v 9.82382926 -6.79378687 0.0448683023
v 9.79182926 -6.79378687 0.0448683023
v 9.82382926 -6.79382692 0.0465919495
v 9.79182926 -6.79414974 0.0397074938
v 9.79582926 -7.70128666 0.0448683023
v 9.79182926 -7.70094143 0.0476150036
v 9.79182926 -7.70128666 0.0448683023
v 9.79582926 -7.70124803 0.043947053
v 10.2678291 -6.83228718 0.0448784351
v 10.2718291 -6.83263193 0.0476250172
v 10.2718291 -6.83228718 0.0448784351
v 10.2678291 -6.83232532 0.0439571857
v 10.2438291 -6.83228718 0.0448784351
v 10.2398291 -6.83232532 0.0439569473
v 10.2398291 -6.83228718 0.0448784351
v 10.2438291 -6.83263193 0.0476250172
v 9.82382926 -6.83228718 0.0448683023
v 9.81982925 -6.83228718 0.0448683023
v 9.82382926 -6.83263193 0.0476150036
v 9.81982925 -6.83232532 0.043947053
v 9.81982925 -7.70128666 0.0448683023
v 9.82382926 -7.70124803 0.043947053
v 9.82382926 -7.70128666 0.0448683023
v 9.81982925 -7.70094143 0.0476150036
v 10.2398291 -6.8048266 0.0464062214
v 10.2398291 -6.79414974 0.0397177458
v 10.2398291 -6.79378687 0.0448784351
v 10.2398291 -6.79382692 0.0466018438
v 9.79582926 -6.83228718 0.0448683023
v 9.79582926 -6.83232532 0.043947053
v 9.79182926 -6.83232532 0.043947053
v 9.79582926 -6.8332399 0.0403474092
v 9.79182926 -6.8332399 0.0403474092
v 9.79582926 -6.83530699 0.0370831013
v 9.79182926 -6.83530699 0.0370831013
v 9.79582926 -6.838374 0.0343962431
v 9.79182926 -6.838374 0.0343962431
v 9.79582926 -6.8422135 0.0324860334
v 9.79182926 -6.8422135 0.0324860334
v 9.79582926 -6.84653984 0.0314939737
v 9.79182926 -6.84653984 0.0314939737
v 9.79582926 -6.85103403 0.0314939737
v 9.79182926 -6.85103403 0.0314939737
v 9.79582926 -6.85536037 0.0324860334
v 9.79182926 -6.85536037 0.0324860334
v 9.79582926 -6.85919987 0.0343962431
v 9.79182926 -6.85919987 0.0343962431
v 9.79582926 -6.86226688 0.0370831013
v 9.79182926 -6.86226688 0.0370831013
v 9.79582926 -6.86433397 0.0403474092
v 9.79182926 -6.86433397 0.0403474092
v 9.79582926 -6.86524855 0.043947053
v 9.79182926 -6.86524855 0.043947053
v 9.79582926 -6.86494194 0.0476150036
v 9.79182926 -6.86494194 0.0476150036
v 9.79582926 -6.86343656 0.0510792255
v 9.79182926 -6.86343656 0.0510792255
v 9.79582926 -6.86084591 0.0540828228
v 9.79182926 -6.86084591 0.0540828228
v 9.79582926 -6.85735975 0.0564029932
v 9.79182926 -6.85735975 0.0564029932
v 9.79582926 -6.85323893 0.0578677177
v 9.79182926 -6.85323893 0.0578677177
v 9.79582926 -6.84878717 0.0583682775
v 9.79182926 -6.84878717 0.0583682775
v 9.79582926 -6.84433542 0.0578677177
v 9.79182926 -6.84433542 0.0578677177
v 9.79582926 -6.84021364 0.0564029932
v 9.79182926 -6.84021364 0.0564029932
v 9.79582926 -6.83672796 0.0540828228
v 9.79182926 -6.83672796 0.0540828228
v 9.79582926 -6.83413683 0.0510792255
v 9.79182926 -6.83413683 0.0510792255
v 9.79582926 -6.83263193 0.0476150036
v 9.79182926 -6.83263193 0.0476150036
v 10.2398291 -7.72878681 0.0448685408
v 10.2398291 -7.73974596 0.0465921879
v 10.2398291 -7.72874723 0.0463964462
v 10.2398291 -7.73878084 0.0534362316
v 10.2398291 -7.72779928 0.0524529934
v 10.2398291 -7.73654924 0.0600792885
v 10.2398291 -7.72561394 0.0582913876
v 10.2398291 -7.73310457 0.0663660288
v 10.2398291 -7.72225367 0.0637436628
v 10.2398291 -7.72852789 0.0721487522
v 10.2398291 -7.71781622 0.0686528206
v 10.2398291 -7.72292553 0.077292037
v 10.2398291 -7.71242844 0.0728778362
v 10.2398291 -7.7164291 0.0816752434
v 10.2398291 -7.70624529 0.0762969971
v 10.2398291 -7.70919119 0.0851959705
v 10.2398291 -7.69944464 0.0788120747
v 10.2398291 -7.70138107 0.087771368
v 10.2398291 -7.69222294 0.080350709
v 10.2398291 -7.69318233 0.0893412352
v 10.2398291 -7.68478666 0.0808685541
v 10.2398291 -7.68478666 0.0898684978
v 10.2398291 -7.67639099 0.0893412352
v 10.2398291 -7.67735086 0.080350709
v 10.2398291 -7.66819178 0.087771368
v 10.2398291 -7.67012821 0.0788120747
v 10.2398291 -7.66038214 0.0851959705
v 10.2398291 -7.66332804 0.0762969971
v 10.2398291 -7.65314375 0.0816752434
v 10.2398291 -7.65714489 0.0728778362
v 10.2398291 -7.6466478 0.077292037
v 10.2398291 -7.65175663 0.0686528206
v 10.2398291 -7.64104544 0.0721487522
v 10.2398291 -7.64731918 0.0637436628
v 10.2398291 -7.63646828 0.0663660288
v 10.2398291 -7.64395939 0.0582913876
v 10.2398291 -7.6330236 0.0600792885
v 10.2398291 -7.64177452 0.0524529934
v 10.2398291 -7.63079248 0.0534362316
v 10.2398291 -7.64082609 0.0463964462
v 10.2398291 -7.62982689 0.0465921879
v 10.2398291 -7.63014923 0.0397078514
v 10.2398291 -7.64114319 0.0402959108
v 10.2398291 -7.63175283 0.0329442739
v 10.2398291 -7.64271532 0.0343268633
v 10.2398291 -7.63459907 0.0264603615
v 10.2398291 -7.64549814 0.0286613226
v 10.2398291 -7.63862167 0.0204079866
v 10.2398291 -7.64941059 0.023461771
v 10.2398291 -7.64372621 0.0149287701
v 10.2398291 -7.65434109 0.0188781738
v 10.2398291 -7.64979349 0.0101514578
v 10.2398291 -7.66014801 0.0150422573
v 10.2398291 -7.65668093 0.00618786812
v 10.2398291 -7.66666304 0.01206429
v 10.2398291 -7.66422687 0.00313098431
v 10.2398291 -7.67369972 0.0100302219
v 10.2398291 -7.6722549 0.00105221272
v 10.2398291 -7.68105541 0.00899834633
v 10.2398291 -7.68057667 5.48362732e-07
v 10.2398291 -7.68851791 0.00899834633
v 10.2398291 -7.68899713 5.48362732e-07
v 10.2398291 -7.6973189 0.00105221272
v 10.2398291 -7.6958736 0.0100302219
v 10.2398291 -7.70534693 0.00313098431
v 10.2398291 -7.70291029 0.01206429
v 10.2398291 -7.71289287 0.00618786812
v 10.2398291 -7.70942532 0.0150422573
v 10.2398291 -7.71977983 0.0101514578
v 10.2398291 -7.71523176 0.0188781738
v 10.2398291 -7.72584711 0.0149287701
v 10.2398291 -7.72016273 0.023461771
v 10.2398291 -7.73095165 0.0204079866
v 10.2398291 -7.72407518 0.0286613226
v 10.2398291 -7.73497425 0.0264603615
v 10.2398291 -7.726858 0.0343268633
v 10.2398291 -7.73782097 0.0329442739
v 10.2398291 -7.72843014 0.0402959108
v 10.2398291 -7.73942362 0.0397078514
v 9.79182926 -6.83228718 0.0448683023
v 10.2398291 -7.73978697 0.0448685408
v 10.2438291 -6.8048266 0.0464062214
v 10.2398291 -6.80577455 0.0524627686
v 10.2438291 -6.80577455 0.0524627686
v 10.2398291 -6.8079599 0.0583010435
v 10.2438291 -6.8079599 0.0583010435
v 10.2398291 -6.81131969 0.063753438
v 10.2438291 -6.81131969 0.063753438
v 10.2398291 -6.81575714 0.0686625957
v 10.2438291 -6.81575714 0.0686625957
v 10.2398291 -6.82114492 0.0728877306
v 10.2438291 -6.82114492 0.0728877306
v 10.2398291 -6.82732807 0.0763068914
v 10.2438291 -6.82732807 0.0763068914
v 10.2398291 -6.83412872 0.0788218498
v 10.2438291 -6.83412872 0.0788218498
v 10.2398291 -6.8413509 0.0803604841
v 10.2438291 -6.8413509 0.0803604841
v 10.2398291 -6.84878717 0.0808784485
v 10.2438291 -6.84878717 0.0808784485
v 10.2398291 -6.85622297 0.0803604841
v 10.2438291 -6.85622297 0.0803604841
v 10.2398291 -6.86344467 0.0788218498
v 10.2438291 -6.86344467 0.0788218498
v 10.2398291 -6.8702458 0.0763068914
v 10.2438291 -6.8702458 0.0763068914
v 10.2398291 -6.87642895 0.0728877306
v 10.2438291 -6.87642895 0.0728877306
v 10.2398291 -6.88181625 0.0686625957
v 10.2438291 -6.88181625 0.0686625957
v 10.2398291 -6.88625418 0.063753438
v 10.2438291 -6.88625418 0.063753438
v 10.2398291 -6.88961445 0.0583010435
v 10.2438291 -6.88961445 0.0583010435
v 10.2398291 -6.89179932 0.0524627686
v 10.2438291 -6.89179932 0.0524627686
v 10.2398291 -6.89274727 0.0464062214
v 10.2438291 -6.89274727 0.0464062214
v 10.2398291 -6.89243065 0.040305686
v 10.2438291 -6.89243065 0.040305686
v 10.2398291 -6.89085852 0.0343367577
v 10.2438291 -6.89085852 0.0343367577
v 10.2398291 -6.88807569 0.0286709785
v 10.2438291 -6.88807569 0.0286709785
v 10.2398291 -6.88416277 0.0234715462
v 10.2438291 -6.88416277 0.0234715462
v 10.2398291 -6.87923227 0.018887949
v 10.2438291 -6.87923227 0.018887949
v 10.2398291 -6.87342583 0.0150520325
v 10.2438291 -6.87342583 0.0150520325
v 10.2398291 -6.8669108 0.0120740652
v 10.2438291 -6.8669108 0.0120740652
v 10.2398291 -6.85987364 0.0100399971
v 10.2438291 -6.85987364 0.0100399971
v 10.2398291 -6.85251842 0.00900800228
v 10.2438291 -6.85251842 0.00900800228
v 10.2398291 -6.84505592 0.00900800228
v 10.2438291 -6.84505592 0.00900800228
v 10.2398291 -6.83769976 0.0100399971
v 10.2438291 -6.83769976 0.0100399971
v 10.2398291 -6.83066307 0.0120740652
v 10.2438291 -6.83066307 0.0120740652
v 10.2398291 -6.82414757 0.0150520325
v 10.2438291 -6.82414757 0.0150520325
v 10.2398291 -6.8183416 0.018887949
v 10.2438291 -6.8183416 0.018887949
v 10.2398291 -6.8134111 0.0234715462
v 10.2438291 -6.8134111 0.0234715462
v 10.2398291 -6.80949818 0.0286709785
v 10.2438291 -6.80949818 0.0286709785
v 10.2398291 -6.80671535 0.0343367577
v 10.2438291 -6.80671535 0.0343367577
v 10.2398291 -6.80514322 0.040305686
v 9.82382926 -7.70094143 0.0476150036
v 9.8238292 -7.69943701 0.0510792255
v 9.81982919 -7.69943701 0.0510792255
v 9.8238292 -7.6968454 0.0540828228
v 9.81982919 -7.6968454 0.0540828228
v 9.8238292 -7.69335972 0.0564029932
v 9.81982919 -7.69335972 0.0564029932
v 9.8238292 -7.68923841 0.0578677177
v 9.81982919 -7.68923841 0.0578677177
v 9.8238292 -7.68478666 0.0583682775
v 9.81982919 -7.68478666 0.0583682775
v 9.8238292 -7.68033491 0.0578677177
v 9.81982919 -7.68033491 0.0578677177
v 9.8238292 -7.67621361 0.0564029932
v 9.81982919 -7.67621361 0.0564029932
v 9.8238292 -7.67272793 0.0540828228
v 9.81982919 -7.67272793 0.0540828228
v 9.8238292 -7.67013679 0.0510792255
v 9.81982919 -7.67013679 0.0510792255
v 9.82382926 -7.6686319 0.0476150036
v 9.81982925 -7.6686319 0.0476150036
v 9.82382926 -7.66832529 0.043947053
v 9.81982925 -7.66832529 0.043947053
v 9.82382926 -7.66923939 0.0403474092
v 9.81982925 -7.66923939 0.0403474092
v 9.82382926 -7.67130695 0.0370831013
v 9.81982925 -7.67130695 0.0370831013
v 9.82382926 -7.67437349 0.0343962431
v 9.81982925 -7.67437349 0.0343962431
v 9.82382926 -7.67821299 0.0324860334
v 9.81982925 -7.67821299 0.0324860334
v 9.82382926 -7.68253981 0.0314940929
v 9.81982925 -7.68253981 0.0314940929
v 9.82382926 -7.68703304 0.0314940929
v 9.81982925 -7.68703304 0.0314940929
v 9.82382926 -7.69136034 0.0324860334
v 9.81982925 -7.69136034 0.0324860334
v 9.82382926 -7.69519983 0.0343962431
v 9.81982925 -7.69519983 0.0343962431
v 9.82382926 -7.69826685 0.0370831013
v 9.81982925 -7.69826685 0.0370831013
v 9.82382926 -7.70033394 0.0403474092
v 9.81982925 -7.70033394 0.0403474092
v 9.81982925 -7.70124803 0.043947053
v 9.82382926 -6.83232532 0.043947053
v 9.82382926 -6.8332399 0.0403474092
v 9.81982925 -6.8332399 0.0403474092
v 9.82382926 -6.83530699 0.0370831013
v 9.81982925 -6.83530699 0.0370831013
v 9.82382926 -6.838374 0.0343962431
v 9.81982925 -6.838374 0.0343962431
v 9.82382926 -6.8422135 0.0324860334
v 9.81982925 -6.8422135 0.0324860334
v 9.82382926 -6.84653984 0.0314940929
v 9.81982925 -6.84653984 0.0314940929
v 9.82382926 -6.85103403 0.0314940929
v 9.81982925 -6.85103403 0.0314940929
v 9.82382926 -6.85536037 0.0324860334
v 9.81982925 -6.85536037 0.0324860334
v 9.82382926 -6.85919987 0.0343962431
v 9.81982925 -6.85919987 0.0343962431
v 9.82382926 -6.86226688 0.0370831013
v 9.81982925 -6.86226688 0.0370831013
v 9.82382926 -6.86433397 0.0403474092
v 9.81982925 -6.86433397 0.0403474092
v 9.82382926 -6.86524855 0.043947053
v 9.81982925 -6.86524855 0.043947053
v 9.82382926 -6.86494194 0.0476150036
v 9.81982925 -6.86494194 0.0476150036
v 9.8238292 -6.86343656 0.0510792255
v 9.81982919 -6.86343656 0.0510792255
v 9.8238292 -6.86084591 0.0540828228
v 9.81982919 -6.86084591 0.0540828228
v 9.8238292 -6.85735975 0.0564029932
v 9.81982919 -6.85735975 0.0564029932
v 9.8238292 -6.85323893 0.0578677177
v 9.81982919 -6.85323893 0.0578677177
v 9.8238292 -6.84878717 0.0583682775
v 9.81982919 -6.84878717 0.0583682775
v 9.8238292 -6.84433542 0.0578677177
v 9.81982919 -6.84433542 0.0578677177
v 9.8238292 -6.84021364 0.0564029932
v 9.81982919 -6.84021364 0.0564029932
v 9.8238292 -6.83672796 0.0540828228
v 9.81982919 -6.83672796 0.0540828228
v 9.8238292 -6.83413683 0.0510792255
v 9.81982919 -6.83413683 0.0510792255
v 9.81982925 -6.83263193 0.0476150036
v 10.2398291 -6.83263193 0.0476250172
v 10.2398291 -6.83413683 0.0510892391
v 10.2438291 -6.83413683 0.0510892391
v 10.2398291 -6.83672796 0.0540928364
v 10.2438291 -6.83672796 0.0540928364
v 10.2398291 -6.84021364 0.0564130068
v 10.2438291 -6.84021364 0.056413126
v 10.2398291 -6.84433542 0.0578777313
v 10.2438291 -6.84433542 0.0578777313
v 10.2398291 -6.84878717 0.0583784103
v 10.2438291 -6.84878717 0.0583784103
v 10.2398291 -6.85323893 0.0578777313
v 10.2438291 -6.85323893 0.0578777313
v 10.2398291 -6.85735975 0.0564130068
v 10.2438291 -6.85735975 0.056413126
v 10.2398291 -6.86084591 0.0540928364
v 10.2438291 -6.86084591 0.0540928364
v 10.2398291 -6.86343656 0.0510892391
v 10.2438291 -6.86343656 0.0510892391
v 10.2398291 -6.86494194 0.0476250172
v 10.2438291 -6.86494194 0.0476250172
v 10.2398291 -6.86524855 0.0439569473
v 10.2438291 -6.86524855 0.0439569473
v 10.2398291 -6.86433397 0.040357542
v 10.2438291 -6.86433397 0.040357542
v 10.2398291 -6.86226688 0.0370931149
v 10.2438291 -6.86226688 0.0370931149
v 10.2398291 -6.85919987 0.0344062567
v 10.2438291 -6.85919987 0.0344062567
v 10.2398291 -6.85536037 0.032496047
v 10.2438291 -6.85536037 0.032496047
v 10.2398291 -6.85103403 0.0315042257
v 10.2438291 -6.85103403 0.0315042257
v 10.2398291 -6.84653984 0.0315042257
v 10.2438291 -6.84653984 0.0315042257
v 10.2398291 -6.8422135 0.032496047
v 10.2438291 -6.8422135 0.032496047
v 10.2398291 -6.838374 0.0344062567
v 10.2438291 -6.838374 0.0344062567
v 10.2398291 -6.83530699 0.0370931149
v 10.2438291 -6.83530699 0.0370931149
v 10.2398291 -6.8332399 0.040357542
v 10.2438291 -6.8332399 0.040357542
v 10.2438291 -6.83232532 0.0439569473
v 10.2718291 -6.83232532 0.0439571857
v 10.2718291 -6.8332399 0.040357542
v 10.2678291 -6.8332399 0.040357542
v 10.2718291 -6.83530699 0.0370931149
v 10.2678291 -6.83530699 0.0370931149
v 10.2718291 -6.838374 0.0344062567
v 10.2678291 -6.838374 0.0344062567
v 10.2718291 -6.8422135 0.032496047
v 10.2678291 -6.8422135 0.032496047
v 10.2718291 -6.84653984 0.0315042257
v 10.2678291 -6.84653984 0.0315042257
v 10.2718291 -6.85103403 0.0315042257
v 10.2678291 -6.85103403 0.0315042257
v 10.2718291 -6.85536037 0.032496047
v 10.2678291 -6.85536037 0.032496047
v 10.2718291 -6.85919987 0.0344062567
v 10.2678291 -6.85919987 0.0344062567
v 10.2718291 -6.86226688 0.0370931149
v 10.2678291 -6.86226688 0.0370931149
v 10.2718291 -6.86433397 0.040357542
v 10.2678291 -6.86433397 0.040357542
v 10.2718291 -6.86524855 0.0439571857
v 10.2678291 -6.86524855 0.0439571857
v 10.2718291 -6.86494194 0.0476250172
v 10.2678291 -6.86494194 0.0476250172
v 10.2718291 -6.86343656 0.0510892391
v 10.2678291 -6.86343656 0.0510892391
v 10.2718291 -6.86084591 0.0540929556
v 10.2678291 -6.86084591 0.0540929556
v 10.2718291 -6.85735975 0.056413126
v 10.2678291 -6.85735975 0.056413126
v 10.2718291 -6.85323893 0.0578778505
v 10.2678291 -6.85323893 0.0578778505
v 10.2718291 -6.84878717 0.0583784103
v 10.2678291 -6.84878717 0.0583784103
v 10.2718291 -6.84433542 0.0578778505
v 10.2678291 -6.84433542 0.0578778505
v 10.2718291 -6.84021364 0.056413126
v 10.2678291 -6.84021364 0.056413126
v 10.2718291 -6.83672796 0.0540929556
v 10.2678291 -6.83672796 0.0540929556
v 10.2718291 -6.83413683 0.0510892391
v 10.2678291 -6.83413683 0.0510892391
v 10.2678291 -6.83263193 0.0476250172
v 9.79182926 -7.70124803 0.043947053
v 9.79182926 -7.70033394 0.0403474092
v 9.79582926 -7.70033394 0.0403474092
v 9.79182926 -7.69826685 0.0370831013
v 9.79582926 -7.69826685 0.0370831013
v 9.79182926 -7.69519983 0.0343962431
v 9.79582926 -7.69519983 0.0343962431
v 9.79182926 -7.69136034 0.0324860334
v 9.79582926 -7.69136034 0.0324860334
v 9.79182926 -7.68703304 0.0314939737
v 9.79582926 -7.68703304 0.0314939737
v 9.79182926 -7.68253981 0.0314939737
v 9.79582926 -7.68253981 0.0314939737
v 9.79182926 -7.67821299 0.0324860334
v 9.79582926 -7.67821299 0.0324860334
v 9.79182926 -7.67437349 0.0343962431
v 9.79582926 -7.67437349 0.0343962431
v 9.79182926 -7.67130695 0.0370831013
v 9.79582926 -7.67130695 0.0370831013
v 9.79182926 -7.66923939 0.0403474092
v 9.79582926 -7.66923939 0.0403474092
v 9.79182926 -7.66832529 0.043947053
v 9.79582926 -7.66832529 0.043947053
v 9.79182926 -7.6686319 0.0476150036
v 9.79582926 -7.6686319 0.0476150036
v 9.79182926 -7.67013679 0.0510792255
v 9.79582926 -7.67013679 0.0510792255
v 9.79182926 -7.67272793 0.0540828228
v 9.79582926 -7.67272793 0.0540828228
v 9.79182926 -7.67621361 0.0564029932
v 9.79582926 -7.67621361 0.0564029932
v 9.79182926 -7.68033491 0.0578677177
v 9.79582926 -7.68033491 0.0578677177
v 9.79182926 -7.68478666 0.0583682775
v 9.79582926 -7.68478666 0.0583682775
v 9.79182926 -7.68923841 0.0578677177
v 9.79582926 -7.68923841 0.0578677177
v 9.79182926 -7.69335972 0.0564029932
v 9.79582926 -7.69335972 0.0564029932
v 9.79182926 -7.6968454 0.0540828228
v 9.79582926 -7.6968454 0.0540828228
v 9.79182926 -7.69943701 0.0510792255
v 9.79582926 -7.69943701 0.0510792255
v 9.79582926 -7.70094143 0.0476150036
v 9.82382926 -6.80478702 0.0448683023
v 9.82382926 -6.79414974 0.039707613
v 9.82382926 -6.80514322 0.0402956724
v 9.82382926 -6.79575287 0.0329441547
v 9.82382926 -6.80671535 0.0343267441
v 9.82382926 -6.79859911 0.0264602423
v 9.82382926 -6.80949818 0.028660965
v 9.82382926 -6.80262171 0.0204077482
v 9.82382926 -6.8134111 0.0234615326
v 9.82382926 -6.80772673 0.0149286509
v 9.82382926 -6.8183416 0.0188779354
v 9.82382926 -6.81379352 0.0101514578
v 9.82382926 -6.82414757 0.0150420189
v 9.82382926 -6.82068096 0.00618774891
v 9.82382926 -6.83066307 0.0120640516
v 9.82382926 -6.82822691 0.00313074589
v 9.82382926 -6.83769976 0.0100299835
v 9.82382926 -6.83625494 0.0010519743
v 9.82382926 -6.84505592 0.0089979887
v 9.82382926 -6.8445767 4.29153442e-07
v 9.82382926 -6.85299717 4.29153442e-07
v 9.82382926 -6.85251842 0.0089979887
v 9.82382926 -6.86131893 0.0010519743
v 9.82382926 -6.85987364 0.0100299835
v 9.82382926 -6.86934696 0.00313074589
v 9.82382926 -6.8669108 0.0120640516
v 9.82382926 -6.87689291 0.00618774891
v 9.82382926 -6.87342583 0.0150420189
v 9.82382926 -6.88378035 0.0101514578
v 9.82382926 -6.87923227 0.0188779354
v 9.82382926 -6.88984714 0.0149286509
v 9.82382926 -6.88416277 0.0234615326
v 9.82382926 -6.89495216 0.0204077482
v 9.82382926 -6.88807569 0.028660965
v 9.82382926 -6.89897476 0.0264602423
v 9.82382926 -6.89085852 0.0343267441
v 9.82382926 -6.901821 0.0329441547
v 9.82382926 -6.89243065 0.0402956724
v 9.82382926 -6.90342365 0.039707613
v 9.82382926 -6.89274727 0.0463962078
v 9.82382926 -6.90374695 0.0465919495
v 9.8238292 -6.90278088 0.053435874
v 9.8238292 -6.89179932 0.052452755
v 9.8238292 -6.90054975 0.0600790501
v 9.8238292 -6.88961445 0.0582911491
v 9.8238292 -6.89710461 0.0663656712
v 9.8238292 -6.88625418 0.0637434244
v 9.8238292 -6.89252792 0.0721483946
v 9.8238292 -6.88181625 0.0686525822
v 9.8238292 -6.88692556 0.0772916794
v 9.8238292 -6.87642895 0.072877717
v 9.8238292 -6.88042913 0.0816752434
v 9.8238292 -6.8702458 0.0762968779
v 9.8238292 -6.87319122 0.0851958513
v 9.8238292 -6.86344467 0.0788119555
v 9.8238292 -6.86538111 0.0877711296
v 9.8238292 -6.85622297 0.0803504705
v 9.8238292 -6.85718285 0.0893409967
v 9.8238292 -6.84878717 0.0808683157
v 9.8238292 -6.84878717 0.0898682594
v 9.8238292 -6.84039102 0.0893409967
v 9.8238292 -6.8413509 0.0803504705
v 9.8238292 -6.83219229 0.0877711296
v 9.8238292 -6.83412872 0.0788119555
v 9.8238292 -6.82438217 0.0851958513
v 9.8238292 -6.82732807 0.0762968779
v 9.8238292 -6.81714474 0.0816752434
v 9.8238292 -6.82114492 0.072877717
v 9.8238292 -6.81064783 0.0772916794
v 9.8238292 -6.81575714 0.0686525822
v 9.8238292 -6.80504595 0.0721483946
v 9.8238292 -6.81131969 0.0637434244
v 9.8238292 -6.80046879 0.0663656712
v 9.8238292 -6.8079599 0.0582911491
v 9.8238292 -6.79702459 0.0600790501
v 9.8238292 -6.80577455 0.052452755
v 9.8238292 -6.79479299 0.053435874
v 9.82382926 -6.8048266 0.0463962078
v 9.79182926 -6.79575287 0.0329441547
v 9.79182926 -6.79859911 0.0264602423
v 9.79182926 -6.80262171 0.0204077482
v 9.79182926 -6.80772673 0.0149286509
v 9.79182926 -6.81379352 0.0101514578
v 9.79182926 -6.82068096 0.00618774891
v 9.79182926 -6.82822691 0.00313074589
v 9.79182926 -6.83625494 0.0010519743
v 9.79182926 -6.8445767 4.29153442e-07
v 9.79182926 -6.85299717 4.29153442e-07
v 9.79182926 -6.86131893 0.0010519743
v 9.79182926 -6.86934696 0.00313074589
v 9.79182926 -6.87689291 0.00618774891
v 9.79182926 -6.88378035 0.0101514578
v 9.79182926 -6.88984714 0.0149286509
v 9.79182926 -6.89495216 0.0204077482
v 9.79182926 -6.89897476 0.0264602423
v 9.79182926 -6.901821 0.0329441547
v 9.79182926 -6.90342365 0.0397074938
v 9.79182926 -6.90374695 0.0465919495
v 9.79182926 -6.90278088 0.053435874
v 9.79182926 -6.90054975 0.0600790501
v 9.79182926 -6.89710461 0.0663656712
v 9.79182926 -6.89252792 0.0721483946
v 9.79182926 -6.88692556 0.0772916794
v 9.7918292 -6.88042913 0.0816752434
v 9.7918292 -6.87319122 0.0851958513
v 9.7918292 -6.86538111 0.0877711296
v 9.7918292 -6.85718285 0.0893409967
v 9.7918292 -6.84878717 0.0898682594
v 9.7918292 -6.84039102 0.0893409967
v 9.7918292 -6.83219229 0.0877711296
v 9.7918292 -6.82438217 0.0851958513
v 9.7918292 -6.81714474 0.0816752434
v 9.79182926 -6.81064783 0.0772916794
v 9.79182926 -6.80504595 0.0721483946
v 9.79182926 -6.80046879 0.0663656712
v 9.79182926 -6.79702459 0.0600790501
v 9.79182926 -6.79479299 0.053435874
v 9.79182926 -6.79382692 0.0465919495
v 9.81982925 -6.80514322 0.0402956724
v 9.81982925 -6.80671535 0.0343267441
v 9.81982925 -6.80949818 0.028660965
v 9.81982925 -6.8134111 0.0234615326
v 9.81982925 -6.8183416 0.0188779354
v 9.81982925 -6.82414757 0.0150420189
v 9.81982925 -6.83066307 0.0120640516
v 9.81982925 -6.83769976 0.0100299835
v 9.81982925 -6.84505592 0.0089979887
v 9.81982925 -6.85251842 0.0089979887
v 9.81982925 -6.85987364 0.0100299835
v 9.81982925 -6.8669108 0.0120640516
v 9.81982925 -6.87342583 0.0150420189
v 9.81982925 -6.87923227 0.0188779354
v 9.81982925 -6.88416277 0.0234615326
v 9.81982925 -6.88807569 0.028660965
v 9.81982925 -6.89085852 0.0343267441
v 9.81982925 -6.89243065 0.0402956724
v 9.81982925 -6.89274727 0.0463962078
v 9.81982919 -6.89179932 0.052452755
v 9.81982919 -6.88961445 0.0582911491
v 9.81982919 -6.88625418 0.0637434244
v 9.81982919 -6.88181625 0.0686525822
v 9.81982919 -6.87642895 0.072877717
v 9.81982919 -6.8702458 0.0762968779
v 9.81982919 -6.86344467 0.0788119555
v 9.81982919 -6.85622297 0.0803504705
v 9.81982919 -6.84878717 0.0808683157
v 9.81982919 -6.8413509 0.0803504705
v 9.81982919 -6.83412872 0.0788119555
v 9.81982919 -6.82732807 0.0762968779
v 9.81982919 -6.82114492 0.072877717
v 9.81982919 -6.81575714 0.0686525822
v 9.81982919 -6.81131969 0.0637434244
v 9.81982919 -6.8079599 0.0582911491
v 9.81982919 -6.80577455 0.052452755
v 9.81982925 -6.8048266 0.0463962078
v 9.81982925 -6.80478702 0.0448683023
v 9.79582926 -6.80478702 0.0448683023
v 9.79582926 -6.8048266 0.0463962078
v 9.79182926 -6.8048266 0.0463962078
v 9.79182926 -6.80577455 0.052452755
v 9.79582926 -6.80577455 0.052452755
v 9.79182926 -6.8079599 0.0582911491
v 9.79582926 -6.8079599 0.0582911491
v 9.79182926 -6.81131969 0.0637434244
v 9.79582926 -6.81131969 0.0637434244
v 9.79182926 -6.81575714 0.0686525822
v 9.79582926 -6.81575714 0.0686525822
v 9.79182926 -6.82114492 0.0728775978
v 9.79582926 -6.82114492 0.0728775978
v 9.79182926 -6.82732807 0.0762968779
v 9.79582926 -6.82732807 0.0762968779
v 9.79182926 -6.83412872 0.0788119555
v 9.79582926 -6.83412872 0.0788119555
v 9.7918292 -6.8413509 0.0803504705
v 9.7958292 -6.8413509 0.0803504705
v 9.7918292 -6.84878717 0.0808683157
v 9.7958292 -6.84878717 0.0808683157
v 9.7918292 -6.85622297 0.0803504705
v 9.7958292 -6.85622297 0.0803504705
v 9.79182926 -6.86344467 0.0788119555
v 9.79582926 -6.86344467 0.0788119555
v 9.79182926 -6.8702458 0.0762968779
v 9.79582926 -6.8702458 0.0762968779
v 9.79182926 -6.87642895 0.0728775978
v 9.79582926 -6.87642895 0.0728775978
v 9.79182926 -6.88181625 0.0686525822
v 9.79582926 -6.88181625 0.0686525822
v 9.79182926 -6.88625418 0.0637434244
v 9.79582926 -6.88625418 0.0637434244
v 9.79182926 -6.88961445 0.0582911491
v 9.79582926 -6.88961445 0.0582911491
v 9.79182926 -6.89179932 0.052452755
v 9.79582926 -6.89179932 0.052452755
v 9.79182926 -6.89274727 0.0463962078
v 9.79582926 -6.89274727 0.0463962078
v 9.79182926 -6.89243065 0.0402956724
v 9.79582926 -6.89243065 0.0402956724
v 9.79182926 -6.89085852 0.0343267441
v 9.79582926 -6.89085852 0.0343267441
v 9.79182926 -6.88807569 0.028660965
v 9.79582926 -6.88807569 0.028660965
v 9.79182926 -6.88416277 0.0234615326
v 9.79582926 -6.88416277 0.0234615326
v 9.79182926 -6.87923227 0.0188779354
v 9.79582926 -6.87923227 0.0188779354
v 9.79182926 -6.87342583 0.0150420189
v 9.79582926 -6.87342583 0.0150420189
v 9.79182926 -6.8669108 0.0120640516
v 9.79582926 -6.8669108 0.0120640516
v 9.79182926 -6.85987364 0.0100298643
v 9.79582926 -6.85987364 0.0100298643
v 9.79182926 -6.85251842 0.0089979887
v 9.79582926 -6.85251842 0.0089979887
v 9.79182926 -6.84505592 0.0089979887
v 9.79582926 -6.84505592 0.0089979887
v 9.79182926 -6.83769976 0.0100298643
v 9.79582926 -6.83769976 0.0100298643
v 9.79182926 -6.83066307 0.0120640516
v 9.79582926 -6.83066307 0.0120640516
v 9.79182926 -6.82414757 0.0150420189
v 9.79582926 -6.82414757 0.0150420189
v 9.79182926 -6.8183416 0.0188779354
v 9.79582926 -6.8183416 0.0188779354
v 9.79182926 -6.8134111 0.0234615326
v 9.79582926 -6.8134111 0.0234615326
v 9.79182926 -6.80949818 0.028660965
v 9.79582926 -6.80949818 0.028660965
v 9.79182926 -6.80671535 0.0343267441
v 9.79582926 -6.80671535 0.0343267441
v 9.79182926 -6.80514322 0.0402956724
v 9.79582926 -6.80514322 0.0402956724
v 9.79182926 -6.80478702 0.0448683023
v 9.82382926 -7.73942362 0.039707613
v 9.82382926 -7.72843014 0.0402956724
v 9.82382926 -7.73782097 0.0329441547
v 9.82382926 -7.726858 0.0343267441
v 9.82382926 -7.73497425 0.0264602423
v 9.82382926 -7.72407518 0.028660965
v 9.82382926 -7.73095165 0.0204077482
v 9.82382926 -7.72016273 0.0234615326
v 9.82382926 -7.72584711 0.0149286509
v 9.82382926 -7.71523176 0.0188779354
v 9.82382926 -7.71977983 0.0101514578
v 9.82382926 -7.70942532 0.0150420189
v 9.82382926 -7.71289287 0.00618774891
v 9.82382926 -7.70291029 0.0120640516
v 9.82382926 -7.70534693 0.00313074589
v 9.82382926 -7.6958736 0.0100299835
v 9.82382926 -7.6973189 0.0010519743
v 9.82382926 -7.68851791 0.0089979887
v 9.82382926 -7.68899713 4.29153442e-07
v 9.82382926 -7.68105541 0.0089979887
v 9.82382926 -7.68057667 4.29153442e-07
v 9.82382926 -7.6722549 0.0010519743
v 9.82382926 -7.67369972 0.0100299835
v 9.82382926 -7.66422687 0.00313074589
v 9.82382926 -7.66666304 0.0120640516
v 9.82382926 -7.65668093 0.00618774891
v 9.82382926 -7.66014801 0.0150420189
v 9.82382926 -7.64979349 0.0101514578
v 9.82382926 -7.65434109 0.0188779354
v 9.82382926 -7.64372621 0.0149286509
v 9.82382926 -7.64941059 0.0234615326
v 9.82382926 -7.63862167 0.0204077482
v 9.82382926 -7.64549814 0.028660965
v 9.82382926 -7.63459907 0.0264602423
v 9.82382926 -7.64271532 0.0343267441
v 9.82382926 -7.63175283 0.0329441547
v 9.82382926 -7.64114319 0.0402956724
v 9.82382926 -7.63014923 0.039707613
v 9.82382926 -7.64082609 0.0463962078
v 9.82382926 -7.62982689 0.0465919495
v 9.8238292 -7.63079248 0.053435874
v 9.8238292 -7.64177452 0.052452755
v 9.8238292 -7.6330236 0.0600790501
v 9.8238292 -7.64395939 0.0582911491
v 9.8238292 -7.63646828 0.0663656712
v 9.8238292 -7.64731918 0.0637434244
v 9.8238292 -7.64104544 0.0721483946
v 9.8238292 -7.65175663 0.0686525822
v 9.8238292 -7.6466478 0.0772916794
v 9.8238292 -7.65714489 0.072877717
v 9.8238292 -7.65314375 0.0816752434
v 9.8238292 -7.66332804 0.0762968779
v 9.8238292 -7.66038214 0.0851958513
v 9.8238292 -7.67012821 0.0788119555
v 9.8238292 -7.66819178 0.0877711296
v 9.8238292 -7.67735086 0.0803504705
v 9.8238292 -7.67639099 0.0893409967
v 9.8238292 -7.68478666 0.0808683157
v 9.8238292 -7.68478666 0.0898682594
v 9.8238292 -7.69318233 0.0893409967
v 9.8238292 -7.69222294 0.0803504705
v 9.8238292 -7.70138107 0.0877711296
v 9.8238292 -7.69944464 0.0788119555
v 9.8238292 -7.70919119 0.0851958513
v 9.8238292 -7.70624529 0.0762968779
v 9.8238292 -7.7164291 0.0816752434
v 9.8238292 -7.71242844 0.072877717
v 9.8238292 -7.72292553 0.0772916794
v 9.8238292 -7.71781622 0.0686525822
v 9.8238292 -7.72852789 0.0721483946
v 9.8238292 -7.72225367 0.0637434244
v 9.8238292 -7.73310457 0.0663656712
v 9.8238292 -7.72561394 0.0582911491
v 9.8238292 -7.73654924 0.0600790501
v 9.8238292 -7.72779928 0.052452755
v 9.8238292 -7.73878084 0.053435874
v 9.81982925 -7.72874723 0.0463962078
v 9.81982919 -7.72779928 0.052452755
v 9.81982919 -7.72561394 0.0582911491
v 9.81982919 -7.72225367 0.0637434244
v 9.81982919 -7.71781622 0.0686525822
v 9.81982919 -7.71242844 0.072877717
v 9.81982919 -7.70624529 0.0762968779
v 9.81982919 -7.69944464 0.0788119555
v 9.81982919 -7.69222294 0.0803504705
v 9.81982919 -7.68478666 0.0808683157
v 9.81982919 -7.67735086 0.0803504705
v 9.81982919 -7.67012821 0.0788119555
v 9.81982919 -7.66332804 0.0762968779
v 9.81982919 -7.65714489 0.072877717
v 9.81982919 -7.65175663 0.0686525822
v 9.81982919 -7.64731918 0.0637434244
v 9.81982919 -7.64395939 0.0582911491
v 9.81982919 -7.64177452 0.052452755
v 9.81982925 -7.64082609 0.0463962078
v 9.81982925 -7.64114319 0.0402956724
v 9.81982925 -7.64271532 0.0343267441
v 9.81982925 -7.64549814 0.028660965
v 9.81982925 -7.64941059 0.0234615326
v 9.81982925 -7.65434109 0.0188779354
v 9.81982925 -7.66014801 0.0150420189
v 9.81982925 -7.66666304 0.0120640516
v 9.81982925 -7.67369972 0.0100299835
v 9.81982925 -7.68105541 0.0089979887
v 9.81982925 -7.68851791 0.0089979887
v 9.81982925 -7.6958736 0.0100299835
v 9.81982925 -7.70291029 0.0120640516
v 9.81982925 -7.70942532 0.0150420189
v 9.81982925 -7.71523176 0.0188779354
v 9.81982925 -7.72016273 0.0234615326
v 9.81982925 -7.72407518 0.028660965
v 9.81982925 -7.726858 0.0343267441
v 10.2398291 -6.79575287 0.0329541683
v 10.2398291 -6.79859911 0.0264702559
v 10.2398291 -6.80262171 0.0204177618
v 10.2398291 -6.80772673 0.0149386644
v 10.2398291 -6.81379352 0.0101613522
v 10.2398291 -6.82068096 0.00619776249
v 10.2398291 -6.82822691 0.00314075947
v 10.2398291 -6.83625494 0.00106210709
v 10.2398291 -6.8445767 1.04427338e-05
v 10.2398291 -6.85299717 1.04427338e-05
v 10.2398291 -6.86131893 0.00106210709
v 10.2398291 -6.86934696 0.00314075947
v 10.2398291 -6.87689291 0.00619776249
v 10.2398291 -6.88378035 0.0101613522
v 10.2398291 -6.88984714 0.0149386644
v 10.2398291 -6.89495216 0.0204177618
v 10.2398291 -6.89897476 0.0264702559
v 10.2398291 -6.901821 0.0329541683
v 10.2398291 -6.90342365 0.0397177458
v 10.2398291 -6.90374695 0.0466018438
v 10.2398291 -6.90278088 0.0534458876
v 10.2398291 -6.90054975 0.0600890636
v 10.2398291 -6.89710461 0.0663756847
v 10.2398291 -6.89252792 0.0721584082
v 10.2398291 -6.88692556 0.0773019314
v 10.2398291 -6.88042913 0.081685257
v 10.2398291 -6.87319122 0.0852057457
v 10.2398291 -6.86538111 0.0877811432
v 10.2398291 -6.85718285 0.0893510103
v 10.2398291 -6.84878717 0.089878273
v 10.2398291 -6.84039102 0.0893510103
v 10.2398291 -6.83219229 0.0877811432
v 10.2398291 -6.82438217 0.0852057457
v 10.2398291 -6.81714474 0.081685257
v 10.2398291 -6.81064783 0.0773019314
v 10.2398291 -6.80504595 0.0721584082
v 10.2398291 -6.80046879 0.0663756847
v 10.2398291 -6.79702459 0.0600890636
v 10.2398291 -6.79479299 0.0534458876
v 10.2678291 -6.80514322 0.0403058052
v 10.2718291 -6.80671535 0.0343367577
v 10.2678291 -6.80671535 0.0343367577
v 10.2718291 -6.80949818 0.0286709785
v 10.2678291 -6.80949818 0.0286709785
v 10.2718291 -6.8134111 0.0234715462
v 10.2678291 -6.8134111 0.0234715462
v 10.2718291 -6.8183416 0.018887949
v 10.2678291 -6.8183416 0.018887949
v 10.2718291 -6.82414757 0.0150520325
v 10.2678291 -6.82414757 0.0150520325
v 10.2718291 -6.83066307 0.0120741844
v 10.2678291 -6.83066307 0.0120741844
v 10.2718291 -6.83769976 0.0100399971
v 10.2678291 -6.83769976 0.0100399971
v 10.2718291 -6.84505592 0.00900800228
v 10.2678291 -6.84505592 0.00900800228
v 10.2718291 -6.85251842 0.00900800228
v 10.2678291 -6.85251842 0.00900800228
v 10.2718291 -6.85987364 0.0100399971
v 10.2678291 -6.85987364 0.0100399971
v 10.2718291 -6.8669108 0.0120741844
v 10.2678291 -6.8669108 0.0120741844
v 10.2718291 -6.87342583 0.0150520325
v 10.2678291 -6.87342583 0.0150520325
v 10.2718291 -6.87923227 0.018887949
v 10.2678291 -6.87923227 0.018887949
v 10.2718291 -6.88416277 0.0234715462
v 10.2678291 -6.88416277 0.0234715462
v 10.2718291 -6.88807569 0.0286709785
v 10.2678291 -6.88807569 0.0286709785
v 10.2718291 -6.89085852 0.0343367577
v 10.2678291 -6.89085852 0.0343367577
v 10.2718291 -6.89243065 0.0403058052
v 10.2678291 -6.89243065 0.0403058052
v 10.2718291 -6.89274727 0.0464062214
v 10.2678291 -6.89274727 0.0464062214
v 10.2718291 -6.89179932 0.0524628878
v 10.2678291 -6.89179932 0.0524628878
v 10.2718291 -6.88961445 0.0583012819
v 10.2678291 -6.88961445 0.0583012819
v 10.2718291 -6.88625418 0.063753438
v 10.2678291 -6.88625418 0.063753438
v 10.2718291 -6.88181625 0.0686625957
v 10.2678291 -6.88181625 0.0686625957
v 10.2718291 -6.87642895 0.0728877306
v 10.2678291 -6.87642895 0.0728877306
v 10.2718291 -6.8702458 0.0763068914
v 10.2678291 -6.8702458 0.0763068914
v 10.2718291 -6.86344467 0.0788218498
v 10.2678291 -6.86344467 0.0788218498
v 10.2718291 -6.85622297 0.0803606033
v 10.267829 -6.85622297 0.0803606033
v 10.2718291 -6.84878717 0.0808784485
v 10.267829 -6.84878717 0.0808784485
v 10.2718291 -6.8413509 0.0803606033
v 10.267829 -6.8413509 0.0803606033
v 10.2718291 -6.83412872 0.0788218498
v 10.2678291 -6.83412872 0.0788218498
v 10.2718291 -6.82732807 0.0763068914
v 10.2678291 -6.82732807 0.0763068914
v 10.2718291 -6.82114492 0.0728877306
v 10.2678291 -6.82114492 0.0728877306
v 10.2718291 -6.81575714 0.0686625957
v 10.2678291 -6.81575714 0.0686625957
v 10.2718291 -6.81131969 0.063753438
v 10.2678291 -6.81131969 0.063753438
v 10.2718291 -6.8079599 0.0583012819
v 10.2678291 -6.8079599 0.0583012819
v 10.2718291 -6.80577455 0.0524628878
v 10.2678291 -6.80577455 0.0524628878
v 10.2718291 -6.8048266 0.0464062214
v 10.2718291 -6.79378687 0.0448784351
v 10.2718291 -6.79382692 0.046601963
v 10.2718291 -6.79414974 0.0397177458
v 10.2718291 -6.79575287 0.0329541683
v 10.2718291 -6.79859911 0.0264702559
v 10.2718291 -6.80262171 0.0204177618
v 10.2718291 -6.80772673 0.0149386644
v 10.2718291 -6.81379352 0.0101613522
v 10.2718291 -6.82068096 0.00619776249
v 10.2718291 -6.82822691 0.00314075947
v 10.2718291 -6.83625494 0.00106210709
v 10.2718291 -6.8445767 1.04427338e-05
v 10.2718291 -6.85299717 1.04427338e-05
v 10.2718291 -6.86131893 0.00106210709
v 10.2718291 -6.86934696 0.00314075947
v 10.2718291 -6.87689291 0.00619776249
v 10.2718291 -6.88378035 0.0101613522
v 10.2718291 -6.88984714 0.0149386644
v 10.2718291 -6.89495216 0.0204177618
v 10.2718291 -6.89897476 0.0264702559
v 10.2718291 -6.901821 0.0329541683
v 10.2718291 -6.90342365 0.0397177458
v 10.2718291 -6.90374695 0.046601963
v 10.2718291 -6.90278088 0.0534458876
v 10.2718291 -6.90054975 0.0600890636
v 10.2718291 -6.89710461 0.0663756847
v 10.2718291 -6.89252792 0.0721586466
v 10.2718291 -6.88692556 0.0773019314
v 10.2718291 -6.88042913 0.081685257
v 10.2718291 -6.87319122 0.0852057457
v 10.2718291 -6.86538111 0.0877811432
v 10.2718291 -6.85718285 0.0893510103
v 10.2718291 -6.84878717 0.0898783922
v 10.2718291 -6.84039102 0.0893510103
v 10.2718291 -6.83219229 0.0877811432
v 10.2718291 -6.82438217 0.0852057457
v 10.2718291 -6.81714474 0.081685257
v 10.2718291 -6.81064783 0.0773019314
v 10.2718291 -6.80504595 0.0721586466
v 10.2718291 -6.80046879 0.0663756847
v 10.2718291 -6.79702459 0.0600890636
v 10.2718291 -6.79479299 0.0534458876
v 9.79182926 -7.73974596 0.0465919495
v 9.79182926 -7.72874723 0.0463962078
v 9.79582926 -7.72779928 0.052452755
v 9.79182926 -7.72779928 0.052452755
v 9.79582926 -7.72561394 0.0582911491
v 9.79182926 -7.72561394 0.0582911491
v 9.79582926 -7.72225367 0.0637434244
v 9.79182926 -7.72225367 0.0637434244
v 9.79582926 -7.71781622 0.0686525822
v 9.79182926 -7.71781622 0.0686525822
v 9.79582926 -7.71242844 0.0728775978
v 9.79182926 -7.71242844 0.0728775978
v 9.79582926 -7.70624529 0.0762968779
v 9.79182926 -7.70624529 0.0762968779
v 9.79582926 -7.69944464 0.0788119555
v 9.79182926 -7.69944464 0.0788119555
v 9.7958292 -7.69222294 0.0803504705
v 9.7918292 -7.69222294 0.0803504705
v 9.7958292 -7.68478666 0.0808683157
v 9.7918292 -7.68478666 0.0808683157
v 9.7958292 -7.67735086 0.0803504705
v 9.7918292 -7.67735086 0.0803504705
v 9.79582926 -7.67012821 0.0788119555
v 9.79182926 -7.67012821 0.0788119555
v 9.79582926 -7.66332804 0.0762968779
v 9.79182926 -7.66332804 0.0762968779
v 9.79582926 -7.65714489 0.0728775978
v 9.79182926 -7.65714489 0.0728775978
v 9.79582926 -7.65175663 0.0686525822
v 9.79182926 -7.65175663 0.0686525822
v 9.79582926 -7.64731918 0.0637434244
v 9.79182926 -7.64731918 0.0637434244
v 9.79582926 -7.64395939 0.0582911491
v 9.79182926 -7.64395939 0.0582911491
v 9.79582926 -7.64177452 0.052452755
v 9.79182926 -7.64177452 0.052452755
v 9.79582926 -7.64082609 0.0463962078
v 9.79182926 -7.64082609 0.0463962078
v 9.79582926 -7.64114319 0.0402956724
v 9.79182926 -7.64114319 0.0402956724
v 9.79582926 -7.64271532 0.0343267441
v 9.79182926 -7.64271532 0.0343267441
v 9.79582926 -7.64549814 0.028660965
v 9.79182926 -7.64549814 0.028660965
v 9.79582926 -7.64941059 0.0234615326
v 9.79182926 -7.64941059 0.0234615326
v 9.79582926 -7.65434109 0.0188779354
v 9.79182926 -7.65434109 0.0188779354
v 9.79582926 -7.66014801 0.0150420189
v 9.79182926 -7.66014801 0.0150420189
v 9.79582926 -7.66666304 0.0120640516
v 9.79182926 -7.66666304 0.0120640516
v 9.79582926 -7.67369972 0.0100298643
v 9.79182926 -7.67369972 0.0100298643
v 9.79582926 -7.68105541 0.0089979887
v 9.79182926 -7.68105541 0.0089979887
v 9.79582926 -7.68851791 0.0089979887
v 9.79182926 -7.68851791 0.0089979887
v 9.79582926 -7.6958736 0.0100298643
v 9.79182926 -7.6958736 0.0100298643
v 9.79582926 -7.70291029 0.0120640516
v 9.79182926 -7.70291029 0.0120640516
v 9.79582926 -7.70942532 0.0150420189
v 9.79182926 -7.70942532 0.0150420189
v 9.79582926 -7.71523176 0.0188779354
v 9.79182926 -7.71523176 0.0188779354
v 9.79582926 -7.72016273 0.0234615326
v 9.79182926 -7.72016273 0.0234615326
v 9.79582926 -7.72407518 0.028660965
v 9.79182926 -7.72407518 0.028660965
v 9.79582926 -7.726858 0.0343267441
v 9.79182926 -7.726858 0.0343267441
v 9.79582926 -7.72843014 0.0402956724
v 9.79182926 -7.73878084 0.053435874
v 9.79182926 -7.73654924 0.0600790501
v 9.79182926 -7.73310457 0.0663656712
v 9.79182926 -7.72852789 0.0721483946
v 9.79182926 -7.72292553 0.0772916794
v 9.7918292 -7.7164291 0.0816752434
v 9.7918292 -7.70919119 0.0851958513
v 9.7918292 -7.70138107 0.0877711296
v 9.7918292 -7.69318233 0.0893409967
v 9.7918292 -7.68478666 0.0898682594
v 9.7918292 -7.67639099 0.0893409967
v 9.7918292 -7.66819178 0.0877711296
v 9.7918292 -7.66038214 0.0851958513
v 9.7918292 -7.65314375 0.0816752434
v 9.79182926 -7.6466478 0.0772916794
v 9.79182926 -7.64104544 0.0721483946
v 9.79182926 -7.63646828 0.0663656712
v 9.79182926 -7.6330236 0.0600790501
v 9.79182926 -7.63079248 0.053435874
v 9.79182926 -7.62982689 0.0465919495
v 9.79182926 -7.63014923 0.0397074938
v 9.79182926 -7.63175283 0.0329441547
v 9.79182926 -7.63459907 0.0264602423
v 9.79182926 -7.63862167 0.0204077482
v 9.79182926 -7.64372621 0.0149286509
v 9.79182926 -7.64979349 0.0101514578
v 9.79182926 -7.65668093 0.00618774891
v 9.79182926 -7.66422687 0.00313074589
v 9.79182926 -7.6722549 0.0010519743
v 9.79182926 -7.68057667 4.29153442e-07
v 9.79182926 -7.68899713 4.29153442e-07
v 9.79182926 -7.6973189 0.0010519743
v 9.79182926 -7.70534693 0.00313074589
v 9.79182926 -7.71289287 0.00618774891
v 9.79182926 -7.71977983 0.0101514578
v 9.79182926 -7.72584711 0.0149286509
v 9.79182926 -7.73095165 0.0204077482
v 9.79182926 -7.73497425 0.0264602423
v 9.79182926 -7.73782097 0.0329441547
v 9.79182926 -7.68478666 0.0448683023
v 10.2718291 -6.84878717 0.0448784351
v 10.2398291 -6.84878717 0.0448784351
v 9.82382926 -6.84878717 0.0448683023
v 9.82382926 -7.68478666 0.0448683023
v 9.79182926 -6.84878717 0.0448683023
v 10.2718291 -7.73942362 0.0397078514
v 10.2718291 -7.72878681 0.0448685408
v 10.2718291 -7.73978697 0.0448685408
v 10.2718291 -7.73974596 0.0465921879
v 10.2718291 -7.72843014 0.0402959108
v 10.2718291 -7.73782097 0.0329442739
v 10.2718291 -7.726858 0.0343268633
v 10.2718291 -7.73497425 0.0264603615
v 10.2718291 -7.72407518 0.0286613226
v 10.2718291 -7.73095165 0.0204079866
v 10.2718291 -7.72016273 0.023461771
v 10.2718291 -7.72584711 0.0149290085
v 10.2718291 -7.71523176 0.0188781738
v 10.2718291 -7.71977983 0.0101514578
v 10.2718291 -7.70942532 0.0150422573
v 10.2718291 -7.71289287 0.00618798733
v 10.2718291 -7.70291029 0.01206429
v 10.2718291 -7.70534693 0.00313098431
v 10.2718291 -7.6958736 0.0100302219
v 10.2718291 -7.6973189 0.00105221272
v 10.2718291 -7.68851791 0.00899834633
v 10.2718291 -7.68899713 5.48362732e-07
v 10.2718291 -7.68057667 5.48362732e-07
v 10.2718291 -7.68105541 0.00899834633
v 10.2718291 -7.6722549 0.00105221272
v 10.2718291 -7.67369972 0.0100302219
v 10.2718291 -7.66422687 0.00313098431
v 10.2718291 -7.66666304 0.01206429
v 10.2718291 -7.65668093 0.00618798733
v 10.2718291 -7.66014801 0.0150422573
v 10.2718291 -7.64979349 0.0101514578
v 10.2718291 -7.65434109 0.0188781738
v 10.2718291 -7.64372621 0.0149290085
v 10.2718291 -7.64941059 0.023461771
v 10.2718291 -7.63862167 0.0204079866
v 10.2718291 -7.64549814 0.0286613226
v 10.2718291 -7.63459907 0.0264603615
v 10.2718291 -7.64271532 0.0343268633
v 10.2718291 -7.63175283 0.0329442739
v 10.2718291 -7.64114319 0.0402959108
v 10.2718291 -7.63014923 0.0397078514
v 10.2718291 -7.64082609 0.0463964462
v 10.2718291 -7.62982689 0.0465921879
v 10.2718291 -7.63079248 0.0534362316
v 10.2718291 -7.64177452 0.0524529934
v 10.2718291 -7.6330236 0.0600792885
v 10.2718291 -7.64395939 0.0582913876
v 10.2718291 -7.63646828 0.0663660288
v 10.2718291 -7.64731918 0.0637436628
v 10.2718291 -7.64104544 0.0721487522
v 10.2718291 -7.65175663 0.0686528206
v 10.2718291 -7.6466478 0.077292037
v 10.2718291 -7.65714489 0.0728778362
v 10.2718291 -7.65314375 0.0816753626
v 10.2718291 -7.66332804 0.0762971163
v 10.2718291 -7.66038214 0.0851959705
v 10.2718291 -7.67012821 0.0788120747
v 10.2718291 -7.66819178 0.087771368
v 10.2718291 -7.67735086 0.080350709
v 10.2718291 -7.67639099 0.0893412352
v 10.2718291 -7.68478666 0.0808685541
v 10.2718291 -7.68478666 0.0898684978
v 10.2718291 -7.69318233 0.0893412352
v 10.2718291 -7.69222294 0.080350709
v 10.2718291 -7.70138107 0.087771368
v 10.2718291 -7.69944464 0.0788120747
v 10.2718291 -7.70919119 0.0851959705
v 10.2718291 -7.70624529 0.0762971163
v 10.2718291 -7.7164291 0.0816753626
v 10.2718291 -7.71242844 0.0728778362
v 10.2718291 -7.72292553 0.077292037
v 10.2718291 -7.71781622 0.0686528206
v 10.2718291 -7.72852789 0.0721487522
v 10.2718291 -7.72225367 0.0637436628
v 10.2718291 -7.73310457 0.0663660288
v 10.2718291 -7.72561394 0.0582913876
v 10.2718291 -7.73654924 0.0600792885
v 10.2718291 -7.72779928 0.0524529934
v 10.2718291 -7.73878084 0.0534362316
v 10.2718291 -7.72874723 0.0463964462
v 10.2438291 -7.72878681 0.0448685408
v 10.2438291 -7.72874723 0.0463964462
v 10.2438291 -7.72779928 0.0524529934
v 10.2438291 -7.72561394 0.0582913876
v 10.2438291 -7.72225367 0.0637436628
v 10.2438291 -7.71781622 0.0686528206
v 10.2438291 -7.71242844 0.0728778362
v 10.2438291 -7.70624529 0.0762969971
v 10.2438291 -7.69944464 0.0788120747
v 10.2438291 -7.69222294 0.080350709
v 10.2438291 -7.68478666 0.0808685541
v 10.2438291 -7.67735086 0.080350709
v 10.2438291 -7.67012821 0.0788120747
v 10.2438291 -7.66332804 0.0762969971
v 10.2438291 -7.65714489 0.0728778362
v 10.2438291 -7.65175663 0.0686528206
v 10.2438291 -7.64731918 0.0637436628
v 10.2438291 -7.64395939 0.0582913876
v 10.2438291 -7.64177452 0.0524529934
v 10.2438291 -7.64082609 0.0463964462
v 10.2438291 -7.64114319 0.0402959108
v 10.2438291 -7.64271532 0.0343268633
v 10.2438291 -7.64549814 0.0286613226
v 10.2438291 -7.64941059 0.023461771
v 10.2438291 -7.65434109 0.0188781738
v 10.2438291 -7.66014801 0.0150422573
v 10.2438291 -7.66666304 0.01206429
v 10.2438291 -7.67369972 0.0100302219
v 10.2438291 -7.68105541 0.00899834633
v 10.2438291 -7.68851791 0.00899834633
v 10.2438291 -7.6958736 0.0100302219
v 10.2438291 -7.70291029 0.01206429
v 10.2438291 -7.70942532 0.0150422573
v 10.2438291 -7.71523176 0.0188781738
v 10.2438291 -7.72016273 0.023461771
v 10.2438291 -7.72407518 0.0286613226
v 10.2438291 -7.726858 0.0343268633
v 10.2438291 -7.72843014 0.0402959108
v 10.2678291 -7.72843014 0.0402959108
v 10.2678291 -7.726858 0.0343268633
v 10.2678291 -7.72407518 0.0286613226
v 10.2678291 -7.72016273 0.023461771
v 10.2678291 -7.71523176 0.0188781738
v 10.2678291 -7.70942532 0.0150422573
v 10.2678291 -7.70291029 0.01206429
v 10.2678291 -7.6958736 0.0100302219
v 10.2678291 -7.68851791 0.00899834633
v 10.2678291 -7.68105541 0.00899834633
v 10.2678291 -7.67369972 0.0100302219
v 10.2678291 -7.66666304 0.01206429
v 10.2678291 -7.66014801 0.0150422573
v 10.2678291 -7.65434109 0.0188781738
v 10.2678291 -7.64941059 0.023461771
v 10.2678291 -7.64549814 0.0286613226
v 10.2678291 -7.64271532 0.0343268633
v 10.2678291 -7.64114319 0.0402959108
v 10.2678291 -7.64082609 0.0463964462
v 10.2678291 -7.64177452 0.0524529934
v 10.2678291 -7.64395939 0.0582913876
v 10.2678291 -7.64731918 0.0637436628
v 10.2678291 -7.65175663 0.0686528206
v 10.2678291 -7.65714489 0.0728778362
v 10.2678291 -7.66332804 0.0762971163
v 10.2678291 -7.67012821 0.0788120747
v 10.267829 -7.67735086 0.080350709
v 10.267829 -7.68478666 0.0808685541
v 10.267829 -7.69222294 0.080350709
v 10.2678291 -7.69944464 0.0788120747
v 10.2678291 -7.70624529 0.0762971163
v 10.2678291 -7.71242844 0.0728778362
v 10.2678291 -7.71781622 0.0686528206
v 10.2678291 -7.72225367 0.0637436628
v 10.2678291 -7.72561394 0.0582913876
v 10.2678291 -7.72779928 0.0524529934
v 10.2678291 -7.72874723 0.0463964462
v 10.2678291 -7.72878681 0.0448685408
v 10.2678291 -7.70094143 0.047615242
v 10.2678291 -7.70128666 0.0448685408
v 10.2718291 -7.70128666 0.0448685408
v 10.2678291 -7.70124803 0.0439472914
v 10.2718291 -7.70094143 0.047615242
v 10.2718291 -7.69943701 0.051079464
v 10.2678291 -7.69943701 0.051079464
v 10.2718291 -7.6968454 0.054082942
v 10.2678291 -7.6968454 0.054082942
v 10.2718291 -7.69335972 0.0564032316
v 10.2678291 -7.69335972 0.0564032316
v 10.2718291 -7.68923841 0.0578679562
v 10.2678291 -7.68923841 0.0578679562
v 10.2718291 -7.68478666 0.058368516
v 10.2678291 -7.68478666 0.058368516
v 10.2718291 -7.68033491 0.0578679562
v 10.2678291 -7.68033491 0.0578679562
v 10.2718291 -7.67621361 0.0564032316
v 10.2678291 -7.67621361 0.0564032316
v 10.2718291 -7.67272793 0.054082942
v 10.2678291 -7.67272793 0.054082942
v 10.2718291 -7.67013679 0.051079464
v 10.2678291 -7.67013679 0.051079464
v 10.2718291 -7.6686319 0.047615242
v 10.2678291 -7.6686319 0.047615242
v 10.2718291 -7.66832529 0.0439472914
v 10.2678291 -7.66832529 0.0439472914
v 10.2718291 -7.66923939 0.0403476477
v 10.2678291 -7.66923939 0.0403476477
v 10.2718291 -7.67130695 0.0370834589
v 10.2678291 -7.67130695 0.0370834589
v 10.2718291 -7.67437349 0.0343964815
v 10.2678291 -7.67437349 0.0343964815
v 10.2718291 -7.67821299 0.0324861526
v 10.2678291 -7.67821299 0.0324861526
v 10.2718291 -7.68253981 0.0314943314
v 10.2678291 -7.68253981 0.0314943314
v 10.2718291 -7.68703304 0.0314943314
v 10.2678291 -7.68703304 0.0314943314
v 10.2718291 -7.69136034 0.0324861526
v 10.2678291 -7.69136034 0.0324861526
v 10.2718291 -7.69519983 0.0343964815
v 10.2678291 -7.69519983 0.0343964815
v 10.2718291 -7.69826685 0.0370834589
v 10.2678291 -7.69826685 0.0370834589
v 10.2718291 -7.70033394 0.0403476477
v 10.2678291 -7.70033394 0.0403476477
v 10.2718291 -7.70124803 0.0439472914
v 10.2398291 -7.70094143 0.047615242
v 10.2398291 -7.70128666 0.0448685408
v 10.2438291 -7.70128666 0.0448685408
v 10.2398291 -7.70124803 0.0439472914
v 10.2438291 -7.70094143 0.047615242
v 10.2438291 -7.69943701 0.051079464
v 10.2398291 -7.69943701 0.051079464
v 10.2438291 -7.6968454 0.054082942
v 10.2398291 -7.6968454 0.054082942
v 10.2438291 -7.69335972 0.0564032316
v 10.2398291 -7.69335972 0.0564032316
v 10.2438291 -7.68923841 0.0578679562
v 10.2398291 -7.68923841 0.0578679562
v 10.2438291 -7.68478666 0.058368516
v 10.2398291 -7.68478666 0.058368516
v 10.2438291 -7.68033491 0.0578679562
v 10.2398291 -7.68033491 0.0578679562
v 10.2438291 -7.67621361 0.0564032316
v 10.2398291 -7.67621361 0.0564032316
v 10.2438291 -7.67272793 0.054082942
v 10.2398291 -7.67272793 0.054082942
v 10.2438291 -7.67013679 0.051079464
v 10.2398291 -7.67013679 0.051079464
v 10.2438291 -7.6686319 0.047615242
v 10.2398291 -7.6686319 0.047615242
v 10.2438291 -7.66832529 0.0439472914
v 10.2398291 -7.66832529 0.0439472914
v 10.2438291 -7.66923939 0.0403476477
v 10.2398291 -7.66923939 0.0403476477
v 10.2438291 -7.67130695 0.0370834589
v 10.2398291 -7.67130695 0.0370834589
v 10.2438291 -7.67437349 0.0343964815
v 10.2398291 -7.67437349 0.0343964815
v 10.2438291 -7.67821299 0.0324861526
v 10.2398291 -7.67821299 0.0324861526
v 10.2438291 -7.68253981 0.0314943314
v 10.2398291 -7.68253981 0.0314943314
v 10.2438291 -7.68703304 0.0314943314
v 10.2398291 -7.68703304 0.0314943314
v 10.2438291 -7.69136034 0.0324861526
v 10.2398291 -7.69136034 0.0324861526
v 10.2438291 -7.69519983 0.0343964815
v 10.2398291 -7.69519983 0.0343964815
v 10.2438291 -7.69826685 0.0370834589
v 10.2398291 -7.69826685 0.0370834589
v 10.2438291 -7.70033394 0.0403476477
v 10.2398291 -7.70033394 0.0403476477
v 10.2438291 -7.70124803 0.0439472914
v 10.2398291 -7.68478666 0.0448685408
v 10.2718291 -7.68478666 0.0448685408
vt 0.0448779985 -0.236000001
vt 0.0403049998 -0.239999995
vt 0.0448779985 -0.239999995
vt 0.0448679999 0.239999995
vt 0.0397070013 0.239999995
vt 0.0448679999 0.208000004
vt 0.0448679999 0.208000004
vt 0.0465920009 0.208000004
vt 0.0448679999 0.239999995
vt 0.0464060009 -0.236000001
vt 0.0448779985 -0.236000001
vt 0.0448779985 -0.239999995
vt -0.0463959984 0.236000001
vt -0.0448679999 0.236000001
vt -0.0448679999 0.239999995
vt -0.0448679999 0.236000001
vt -0.0402950011 0.239999995
vt -0.0448679999 0.239999995
vt -0.0402950011 0.211999997
vt -0.0448679999 0.211999997
vt -0.0448679999 0.208000004
vt -0.0448679999 0.211999997
vt -0.0463959984 0.208000004
vt -0.0448679999 0.208000004
vt 0.0403049998 -0.211999997
vt 0.0448779985 -0.211999997
vt 0.0448779985 -0.208000004
vt -0.0448679999 0.208000004
vt -0.0448679999 0.239999995
vt -0.0465920009 0.208000004
vt -0.0448679999 0.239999995
vt -0.0448679999 0.208000004
vt -0.0397070013 0.239999995
vt 0.0448679999 0.236000001
vt 0.0476149991 0.239999995
vt 0.0448679999 0.239999995
vt 0.0448679999 0.236000001
vt 0.0448679999 0.239999995
vt 0.0439470001 0.236000001
vt -0.0448779985 -0.236000001
vt -0.0476239994 -0.239999995
vt -0.0448779985 -0.239999995
vt -0.0448779985 -0.236000001
vt -0.0448779985 -0.239999995
vt -0.0439569987 -0.236000001
vt -0.0448779985 -0.211999997
vt -0.0439569987 -0.208000004
vt -0.0448779985 -0.208000004
vt -0.0448779985 -0.211999997
vt -0.0448779985 -0.208000004
vt -0.0476239994 -0.211999997
vt -0.0448679999 0.208000004
vt -0.0448679999 0.211999997
vt -0.0476149991 0.208000004
vt -0.0448679999 0.211999997
vt -0.0448679999 0.208000004
vt -0.0439470001 0.211999997
vt 0.0448679999 0.211999997
vt 0.0439470001 0.208000004
vt 0.0448679999 0.208000004
vt 0.0448679999 0.211999997
vt 0.0448679999 0.208000004
vt 0.0476149991 0.211999997
vt 0.0448779985 -0.211999997
vt 0.0464060009 -0.208000004
vt 0.0448779985 -0.208000004
vt -0.41268599 0.039717
vt -0.402049005 0.0448779985
vt -0.413049012 0.0448779985
vt -0.413049012 0.0448779985
vt -0.402049005 0.0448779985
vt -0.413008004 0.0466010012
vt -0.0448679999 0.236000001
vt -0.0439470001 0.236000001
vt -0.0439470001 0.239999995
vt -0.0439470001 0.239999995
vt -0.0439470001 0.236000001
vt -0.0403469987 0.236000001
vt -0.0439470001 0.239999995
vt -0.0403469987 0.236000001
vt -0.0403469987 0.239999995
vt -0.0403469987 0.239999995
vt -0.0403469987 0.236000001
vt -0.0370829999 0.236000001
vt -0.0403469987 0.239999995
vt -0.0370829999 0.236000001
vt -0.0370829999 0.239999995
vt -0.371529013 0.239999995
vt -0.371529013 0.236000001
vt -0.368461996 0.236000001
vt -0.371529013 0.239999995
vt -0.368461996 0.236000001
vt -0.368461996 0.239999995
vt -0.368461996 0.239999995
vt -0.368461996 0.236000001
vt -0.364621997 0.236000001
vt -0.368461996 0.239999995
vt -0.364621997 0.236000001
vt -0.364621997 0.239999995
vt -0.364621997 0.239999995
vt -0.364621997 0.236000001
vt -0.360294998 0.236000001
vt -0.364621997 0.239999995
vt -0.360294998 0.236000001
vt -0.360294998 0.239999995
vt -0.360294998 0.239999995
vt -0.360294998 0.236000001
vt -0.355802 0.236000001
vt -0.360294998 0.239999995
vt -0.355802 0.236000001
vt -0.355802 0.239999995
vt -0.355802 0.239999995
vt -0.355802 0.236000001
vt -0.351475 0.236000001
vt -0.355802 0.239999995
vt -0.351475 0.236000001
vt -0.351475 0.239999995
vt -0.351475 0.239999995
vt -0.351475 0.236000001
vt -0.347636014 0.236000001
vt -0.351475 0.239999995
vt -0.347636014 0.236000001
vt -0.347636014 0.239999995
vt -0.347636014 0.239999995
vt -0.347636014 0.236000001
vt -0.344568998 0.236000001
vt -0.347636014 0.239999995
vt -0.344568998 0.236000001
vt -0.344568998 0.239999995
vt 0.0370829999 0.239999995
vt 0.0370829999 0.236000001
vt 0.0403469987 0.236000001
vt 0.0370829999 0.239999995
vt 0.0403469987 0.236000001
vt 0.0403469987 0.239999995
vt 0.0403469987 0.239999995
vt 0.0403469987 0.236000001
vt 0.0439470001 0.236000001
vt 0.0403469987 0.239999995
vt 0.0439470001 0.236000001
vt 0.0439470001 0.239999995
vt 0.0439470001 0.239999995
vt 0.0439470001 0.236000001
vt 0.0476149991 0.236000001
vt 0.0439470001 0.239999995
vt 0.0476149991 0.236000001
vt 0.0476149991 0.239999995
vt 0.0476149991 0.239999995
vt 0.0476149991 0.236000001
vt 0.0510790013 0.236000001
vt 0.0476149991 0.239999995
vt 0.0510790013 0.236000001
vt 0.0510790013 0.239999995
vt 0.0510790013 0.239999995
vt 0.0510790013 0.236000001
vt 0.0540819988 0.236000001
vt 0.0510790013 0.239999995
vt 0.0540819988 0.236000001
vt 0.0540819988 0.239999995
vt 0.345990002 0.239999995
vt 0.345990002 0.236000001
vt 0.34947601 0.236000001
vt 0.345990002 0.239999995
vt 0.34947601 0.236000001
vt 0.34947601 0.239999995
vt 0.34947601 0.239999995
vt 0.34947601 0.236000001
vt 0.353596985 0.236000001
vt 0.34947601 0.239999995
vt 0.353596985 0.236000001
vt 0.353596985 0.239999995
vt 0.353596985 0.239999995
vt 0.353596985 0.236000001
vt 0.358049005 0.236000001
vt 0.353596985 0.239999995
vt 0.358049005 0.236000001
vt 0.358049005 0.239999995
vt 0.358049005 0.239999995
vt 0.358049005 0.236000001
vt 0.362500012 0.236000001
vt 0.358049005 0.239999995
vt 0.362500012 0.236000001
vt 0.362500012 0.239999995
vt 0.362500012 0.239999995
vt 0.362500012 0.236000001
vt 0.366622001 0.236000001
vt 0.362500012 0.239999995
vt 0.366622001 0.236000001
vt 0.366622001 0.239999995
vt 0.366622001 0.239999995
vt 0.366622001 0.236000001
vt 0.370106995 0.236000001
vt 0.366622001 0.239999995
vt 0.370106995 0.236000001
vt 0.370106995 0.239999995
vt -0.0540819988 0.239999995
vt -0.0540819988 0.236000001
vt -0.0510790013 0.236000001
vt -0.0540819988 0.239999995
vt -0.0510790013 0.236000001
vt -0.0510790013 0.239999995
vt -0.0510790013 0.239999995
vt -0.0510790013 0.236000001
vt -0.0476149991 0.236000001
vt -0.0510790013 0.239999995
vt -0.0476149991 0.236000001
vt -0.0476149991 0.239999995
vt -0.0476149991 0.239999995
vt -0.0476149991 0.236000001
vt -0.0448679999 0.236000001
vt 0.52195102 0.0448679999
vt 0.532911003 0.0465920009
vt 0.521911979 0.0463959984
vt 0.521911979 0.0463959984
vt 0.532911003 0.0465920009
vt 0.53194499 0.0534359999
vt 0.521911979 0.0463959984
vt 0.53194499 0.0534359999
vt 0.520964026 0.0524520017
vt 0.520964026 0.0524520017
vt 0.53194499 0.0534359999
vt 0.529713988 0.0600790009
vt 0.520964026 0.0524520017
vt 0.529713988 0.0600790009
vt 0.518778026 0.0582909994
vt 0.518778026 0.0582909994
vt 0.529713988 0.0600790009
vt 0.526269019 0.0663650036
vt 0.518778026 0.0582909994
vt 0.526269019 0.0663650036
vt 0.515419006 0.0637430027
vt 0.515419006 0.0637430027
vt 0.526269019 0.0663650036
vt 0.521691978 0.0721480027
vt 0.515419006 0.0637430027
vt 0.521691978 0.0721480027
vt 0.510981023 0.0686519966
vt 0.510981023 0.0686519966
vt 0.521691978 0.0721480027
vt 0.516089976 0.0772909969
vt 0.510981023 0.0686519966
vt 0.516089976 0.0772909969
vt 0.505593002 0.0728769973
vt 0.505593002 0.0728769973
vt 0.516089976 0.0772909969
vt 0.509594023 0.0816750005
vt 0.505593002 0.0728769973
vt 0.509594023 0.0816750005
vt 0.499410003 0.0762960017
vt 0.499410003 0.0762960017
vt 0.509594023 0.0816750005
vt 0.502355993 0.0851949975
vt 0.499410003 0.0762960017
vt 0.502355993 0.0851949975
vt 0.492610008 0.0788120031
vt 0.492610008 0.0788120031
vt 0.502355993 0.0851949975
vt 0.494545996 0.0877709985
vt 0.492610008 0.0788120031
vt 0.494545996 0.0877709985
vt 0.485386997 0.0803499967
vt 0.485386997 0.0803499967
vt 0.494545996 0.0877709985
vt 0.48634699 0.0893409997
vt 0.485386997 0.0803499967
vt 0.48634699 0.0893409997
vt 0.47795099 0.0808679983
vt 0.47795099 0.0808679983
vt 0.48634699 0.0893409997
vt 0.47795099 0.0898680016
vt -0.0808679983 -0.208000004
vt -0.0898680016 -0.208000004
vt -0.0808679983 -0.208000004
vt 0.47795099 0.0808679983
vt 0.47795099 0.0898680016
vt 0.469556004 0.0893409997
vt 0.47795099 0.0808679983
vt 0.469556004 0.0893409997
vt 0.470515013 0.0803499967
vt 0.470515013 0.0803499967
vt 0.469556004 0.0893409997
vt 0.461356997 0.0877709985
vt 0.470515013 0.0803499967
vt 0.461356997 0.0877709985
vt 0.463292986 0.0788120031
vt 0.463292986 0.0788120031
vt 0.461356997 0.0877709985
vt 0.453547001 0.0851949975
vt 0.463292986 0.0788120031
vt 0.453547001 0.0851949975
vt 0.45649299 0.0762960017
vt 0.45649299 0.0762960017
vt 0.453547001 0.0851949975
vt 0.446309 0.0816750005
vt 0.45649299 0.0762960017
vt 0.446309 0.0816750005
vt 0.450309992 0.0728769973
vt 0.450309992 0.0728769973
vt 0.446309 0.0816750005
vt 0.439812988 0.0772909969
vt 0.450309992 0.0728769973
vt 0.439812988 0.0772909969
vt 0.444922 0.0686519966
vt 0.444922 0.0686519966
vt 0.439812988 0.0772909969
vt 0.434210002 0.0721480027
vt 0.444922 0.0686519966
vt 0.434210002 0.0721480027
vt 0.440483987 0.0637430027
vt 0.440483987 0.0637430027
vt 0.434210002 0.0721480027
vt 0.429632992 0.0663650036
vt 0.440483987 0.0637430027
vt 0.429632992 0.0663650036
vt 0.437124014 0.0582909994
vt 0.437124014 0.0582909994
vt 0.429632992 0.0663650036
vt 0.426189005 0.0600790009
vt 0.437124014 0.0582909994
vt 0.426189005 0.0600790009
vt 0.434938997 0.0524520017
vt 0.434938997 0.0524520017
vt 0.426189005 0.0600790009
vt 0.42395699 0.0534359999
vt 0.434938997 0.0524520017
vt 0.42395699 0.0534359999
vt 0.433990985 0.0463959984
vt 0.433990985 0.0463959984
vt 0.42395699 0.0534359999
vt 0.422991991 0.0465920009
vt -0.0463959984 -0.208000004
vt -0.0465920009 -0.208000004
vt -0.0463959984 -0.208000004
vt 0.433990985 0.0463959984
vt 0.422991991 0.0465920009
vt 0.423314005 0.0397070013
vt 0.433990985 0.0463959984
vt 0.423314005 0.0397070013
vt 0.434307992 0.0402950011
vt 0.434307992 0.0402950011
vt 0.423314005 0.0397070013
vt 0.424917012 0.0329440013
vt 0.434307992 0.0402950011
vt 0.424917012 0.0329440013
vt 0.435880005 0.0343259983
vt 0.435880005 0.0343259983
vt 0.424917012 0.0329440013
vt 0.427763999 0.0264599994
vt 0.435880005 0.0343259983
vt 0.427763999 0.0264599994
vt 0.438663006 0.0286609996
vt 0.438663006 0.0286609996
vt 0.427763999 0.0264599994
vt 0.431786001 0.0204070006
vt 0.438663006 0.0286609996
vt 0.431786001 0.0204070006
vt 0.442575008 0.0234609991
vt 0.442575008 0.0234609991
vt 0.431786001 0.0204070006
vt 0.43689099 0.014928
vt 0.442575008 0.0234609991
vt 0.43689099 0.014928
vt 0.447506011 0.0188779999
vt 0.447506011 0.0188779999
vt 0.43689099 0.014928
vt 0.442957997 0.0101509998
vt 0.447506011 0.0188779999
vt 0.442957997 0.0101509998
vt 0.45331201 0.0150420005
vt 0.45331201 0.0150420005
vt 0.442957997 0.0101509998
vt 0.449844986 0.00618699985
vt 0.45331201 0.0150420005
vt 0.449844986 0.00618699985
vt 0.459827989 0.0120639997
vt 0.459827989 0.0120639997
vt 0.449844986 0.00618699985
vt 0.457390994 0.00313000008
vt 0.459827989 0.0120639997
vt 0.457390994 0.00313000008
vt 0.46686399 0.0100299995
vt 0.46686399 0.0100299995
vt 0.457390994 0.00313000008
vt 0.465418994 0.00105199998
vt 0.46686399 0.0100299995
vt 0.465418994 0.00105199998
vt 0.474220008 0.00899800006
vt 0.474220008 0.00899800006
vt 0.465418994 0.00105199998
vt 0.473740995 0
vt 0.474220008 0.00899800006
vt 0.473740995 0
vt 0.481682986 0.00899800006
vt 0.481682986 0.00899800006
vt 0.473740995 0
vt 0.482161999 0
vt -0.00899800006 -0.208000004
vt 0 -0.208000004
vt -0.00899800006 -0.208000004
vt 0.481682986 0.00899800006
vt 0.482161999 0
vt 0.490482986 0.00105199998
vt 0.481682986 0.00899800006
vt 0.490482986 0.00105199998
vt 0.489037991 0.0100299995
vt 0.489037991 0.0100299995
vt 0.490482986 0.00105199998
vt 0.498510987 0.00313000008
vt 0.489037991 0.0100299995
vt 0.498510987 0.00313000008
vt 0.496075004 0.0120639997
vt 0.496075004 0.0120639997
vt 0.498510987 0.00313000008
vt 0.506057024 0.00618699985
vt 0.496075004 0.0120639997
vt 0.506057024 0.00618699985
vt 0.502590001 0.0150420005
vt 0.502590001 0.0150420005
vt 0.506057024 0.00618699985
vt 0.512944996 0.0101509998
vt 0.502590001 0.0150420005
vt 0.512944996 0.0101509998
vt 0.508396983 0.0188779999
vt 0.508396983 0.0188779999
vt 0.512944996 0.0101509998
vt 0.519011974 0.014928
vt 0.508396983 0.0188779999
vt 0.519011974 0.014928
vt 0.513327003 0.0234609991
vt 0.513327003 0.0234609991
vt 0.519011974 0.014928
vt 0.52411598 0.0204070006
vt 0.513327003 0.0234609991
vt 0.52411598 0.0204070006
vt 0.517239988 0.0286609996
vt 0.517239988 0.0286609996
vt 0.52411598 0.0204070006
vt 0.528138995 0.0264599994
vt 0.517239988 0.0286609996
vt 0.528138995 0.0264599994
vt 0.520022988 0.0343259983
vt 0.520022988 0.0343259983
vt 0.528138995 0.0264599994
vt 0.530984998 0.0329440013
vt 0.520022988 0.0343259983
vt 0.530984998 0.0329440013
vt 0.521595001 0.0402950011
vt 0.521595001 0.0402950011
vt 0.530984998 0.0329440013
vt 0.532588005 0.0397070013
vt 0.521595001 0.0402950011
vt 0.532588005 0.0397070013
vt 0.52195102 0.0448679999
vt -0.0476149991 0.239999995
vt -0.0448679999 0.236000001
vt -0.0448679999 0.239999995
vt -0.0448679999 0.239999995
vt -0.0448679999 0.236000001
vt -0.0439470001 0.239999995
vt 0.532911003 0.0465920009
vt 0.52195102 0.0448679999
vt 0.532950997 0.0448679999
vt 0.532950997 0.0448679999
vt 0.52195102 0.0448679999
vt 0.532588005 0.0397070013
vt 0.0448779985 -0.211999997
vt 0.0464060009 -0.211999997
vt 0.0464060009 -0.208000004
vt -0.0464060009 -0.208000004
vt -0.0464060009 -0.211999997
vt -0.0464060009 -0.211999997
vt 0.0464060009 -0.208000004
vt 0.0464060009 -0.211999997
vt 0.0524620004 -0.208000004
vt 0.0524620004 -0.208000004
vt 0.0464060009 -0.211999997
vt 0.0524620004 -0.211999997
vt 0.0524620004 -0.208000004
vt 0.0524620004 -0.211999997
vt 0.0583010018 -0.208000004
vt 0.0583010018 -0.208000004
vt 0.0524620004 -0.211999997
vt 0.0583010018 -0.211999997
vt 0.0583010018 -0.208000004
vt 0.0583010018 -0.211999997
vt 0.0637530014 -0.208000004
vt 0.0637530014 -0.208000004
vt 0.0583010018 -0.211999997
vt 0.0637530014 -0.211999997
vt 0.0637530014 -0.208000004
vt 0.0637530014 -0.211999997
vt 0.0686620027 -0.208000004
vt 0.0686620027 -0.208000004
vt 0.0637530014 -0.211999997
vt 0.0686620027 -0.211999997
vt -0.391077995 -0.208000004
vt -0.391077995 -0.211999997
vt -0.385690004 -0.208000004
vt -0.385690004 -0.208000004
vt -0.391077995 -0.211999997
vt -0.385690004 -0.211999997
vt -0.385690004 -0.208000004
vt -0.385690004 -0.211999997
vt -0.379507005 -0.208000004
vt -0.379507005 -0.208000004
vt -0.385690004 -0.211999997
vt -0.379507005 -0.211999997
vt -0.379507005 -0.208000004
vt -0.379507005 -0.211999997
vt -0.372707009 -0.208000004
vt -0.372707009 -0.208000004
vt -0.379507005 -0.211999997
vt -0.372707009 -0.211999997
vt -0.372707009 -0.208000004
vt -0.372707009 -0.211999997
vt -0.365485013 -0.208000004
vt -0.365485013 -0.208000004
vt -0.372707009 -0.211999997
vt -0.365485013 -0.211999997
vt -0.365485013 -0.208000004
vt -0.365485013 -0.211999997
vt -0.358049005 -0.208000004
vt -0.358049005 -0.208000004
vt -0.365485013 -0.211999997
vt -0.358049005 -0.211999997
vt -0.358049005 -0.208000004
vt -0.358049005 -0.211999997
vt -0.350612998 -0.208000004
vt -0.350612998 -0.208000004
vt -0.358049005 -0.211999997
vt -0.350612998 -0.211999997
vt -0.350612998 -0.208000004
vt -0.350612998 -0.211999997
vt -0.343391001 -0.208000004
vt -0.343391001 -0.208000004
vt -0.350612998 -0.211999997
vt -0.343391001 -0.211999997
vt -0.343391001 -0.208000004
vt -0.343391001 -0.211999997
vt -0.336589992 -0.208000004
vt -0.336589992 -0.208000004
vt -0.343391001 -0.211999997
vt -0.336589992 -0.211999997
vt -0.336589992 -0.208000004
vt -0.336589992 -0.211999997
vt -0.330406994 -0.208000004
vt -0.330406994 -0.208000004
vt -0.336589992 -0.211999997
vt -0.330406994 -0.211999997
vt -0.330406994 -0.208000004
vt -0.330406994 -0.211999997
vt -0.325019002 -0.208000004
vt -0.325019002 -0.208000004
vt -0.330406994 -0.211999997
vt -0.325019002 -0.211999997
vt -0.0686620027 -0.208000004
vt -0.0686620027 -0.211999997
vt -0.0637530014 -0.208000004
vt -0.0637530014 -0.208000004
vt -0.0686620027 -0.211999997
vt -0.0637530014 -0.211999997
vt -0.0637530014 -0.208000004
vt -0.0637530014 -0.211999997
vt -0.0583010018 -0.208000004
vt -0.0583010018 -0.208000004
vt -0.0637530014 -0.211999997
vt -0.0583010018 -0.211999997
vt -0.0583010018 -0.208000004
vt -0.0583010018 -0.211999997
vt -0.0524620004 -0.208000004
vt -0.0524620004 -0.208000004
vt -0.0583010018 -0.211999997
vt -0.0524620004 -0.211999997
vt -0.0524620004 -0.208000004
vt -0.0524620004 -0.211999997
vt -0.0464060009 -0.208000004
vt -0.0464060009 -0.208000004
vt -0.0524620004 -0.211999997
vt -0.0464060009 -0.211999997
vt -0.0464060009 -0.208000004
vt -0.0464060009 -0.211999997
vt -0.0403049998 -0.208000004
vt -0.0403049998 -0.208000004
vt -0.0464060009 -0.211999997
vt -0.0403049998 -0.211999997
vt -0.0403049998 -0.208000004
vt -0.0403049998 -0.211999997
vt -0.0343360007 -0.208000004
vt -0.0343360007 -0.208000004
vt -0.0403049998 -0.211999997
vt -0.0343360007 -0.211999997
vt -0.0343360007 -0.208000004
vt -0.0343360007 -0.211999997
vt -0.0286699999 -0.208000004
vt -0.0286699999 -0.208000004
vt -0.0343360007 -0.211999997
vt -0.0286699999 -0.211999997
vt -0.0286699999 -0.208000004
vt -0.0286699999 -0.211999997
vt -0.0234709997 -0.208000004
vt -0.0234709997 -0.208000004
vt -0.0286699999 -0.211999997
vt -0.0234709997 -0.211999997
vt 0.322672993 -0.208000004
vt 0.322672993 -0.211999997
vt 0.327603012 -0.208000004
vt 0.327603012 -0.208000004
vt 0.322672993 -0.211999997
vt 0.327603012 -0.211999997
vt 0.327603012 -0.208000004
vt 0.327603012 -0.211999997
vt 0.333409995 -0.208000004
vt 0.333409995 -0.208000004
vt 0.327603012 -0.211999997
vt 0.333409995 -0.211999997
vt 0.333409995 -0.208000004
vt 0.333409995 -0.211999997
vt 0.339924991 -0.208000004
vt 0.339924991 -0.208000004
vt 0.333409995 -0.211999997
vt 0.339924991 -0.211999997
vt 0.339924991 -0.208000004
vt 0.339924991 -0.211999997
vt 0.346962005 -0.208000004
vt 0.346962005 -0.208000004
vt 0.339924991 -0.211999997
vt 0.346962005 -0.211999997
vt 0.346962005 -0.208000004
vt 0.346962005 -0.211999997
vt 0.354317009 -0.208000004
vt 0.354317009 -0.208000004
vt 0.346962005 -0.211999997
vt 0.354317009 -0.211999997
vt 0.354317009 -0.208000004
vt 0.354317009 -0.211999997
vt 0.361779988 -0.208000004
vt 0.361779988 -0.208000004
vt 0.354317009 -0.211999997
vt 0.361779988 -0.211999997
vt 0.361779988 -0.208000004
vt 0.361779988 -0.211999997
vt 0.369136006 -0.208000004
vt 0.369136006 -0.208000004
vt 0.361779988 -0.211999997
vt 0.369136006 -0.211999997
vt 0.369136006 -0.208000004
vt 0.369136006 -0.211999997
vt 0.376172006 -0.208000004
vt 0.376172006 -0.208000004
vt 0.369136006 -0.211999997
vt 0.376172006 -0.211999997
vt 0.376172006 -0.208000004
vt 0.376172006 -0.211999997
vt 0.382687986 -0.208000004
vt 0.382687986 -0.208000004
vt 0.376172006 -0.211999997
vt 0.382687986 -0.211999997
vt 0.382687986 -0.208000004
vt 0.382687986 -0.211999997
vt 0.388494015 -0.208000004
vt 0.388494015 -0.208000004
vt 0.382687986 -0.211999997
vt 0.388494015 -0.211999997
vt 0.388494015 -0.208000004
vt 0.388494015 -0.211999997
vt 0.393424988 -0.208000004
vt 0.393424988 -0.208000004
vt 0.388494015 -0.211999997
vt 0.393424988 -0.211999997
vt 0.0234709997 -0.208000004
vt 0.0234709997 -0.211999997
vt 0.0286699999 -0.208000004
vt 0.0286699999 -0.208000004
vt 0.0234709997 -0.211999997
vt 0.0286699999 -0.211999997
vt 0.0286699999 -0.208000004
vt 0.0286699999 -0.211999997
vt 0.0343360007 -0.208000004
vt 0.0343360007 -0.208000004
vt 0.0286699999 -0.211999997
vt 0.0343360007 -0.211999997
vt 0.0343360007 -0.208000004
vt 0.0343360007 -0.211999997
vt 0.0403049998 -0.208000004
vt 0.0403049998 -0.208000004
vt 0.0343360007 -0.211999997
vt 0.0403049998 -0.211999997
vt 0.0403049998 -0.208000004
vt 0.0403049998 -0.211999997
vt 0.0448779985 -0.208000004
vt 0.0448679999 0.208000004
vt 0.0476149991 0.208000004
vt 0.0476149991 0.211999997
vt 0.0476149991 0.211999997
vt 0.0476149991 0.208000004
vt 0.0510790013 0.208000004
vt 0.0476149991 0.211999997
vt 0.0510790013 0.208000004
vt 0.0510790013 0.211999997
vt 0.0510790013 0.211999997
vt 0.0510790013 0.208000004
vt 0.0540819988 0.208000004
vt 0.0510790013 0.211999997
vt 0.0540819988 0.208000004
vt 0.0540819988 0.211999997
vt -0.490009993 0.211999997
vt -0.490009993 0.208000004
vt -0.486523986 0.208000004
vt -0.490009993 0.211999997
vt -0.486523986 0.208000004
vt -0.486523986 0.211999997
vt -0.486523986 0.211999997
vt -0.486523986 0.208000004
vt -0.48240301 0.208000004
vt -0.486523986 0.211999997
vt -0.48240301 0.208000004
vt -0.48240301 0.211999997
vt -0.48240301 0.211999997
vt -0.48240301 0.208000004
vt -0.47795099 0.208000004
vt -0.48240301 0.211999997
vt -0.47795099 0.208000004
vt -0.47795099 0.211999997
vt -0.47795099 0.211999997
vt -0.47795099 0.208000004
vt -0.473500013 0.208000004
vt -0.47795099 0.211999997
vt -0.473500013 0.208000004
vt -0.473500013 0.211999997
vt -0.473500013 0.211999997
vt -0.473500013 0.208000004
vt -0.469377995 0.208000004
vt -0.473500013 0.211999997
vt -0.469377995 0.208000004
vt -0.469377995 0.211999997
vt -0.469377995 0.211999997
vt -0.469377995 0.208000004
vt -0.465893 0.208000004
vt -0.469377995 0.211999997
vt -0.465893 0.208000004
vt -0.465893 0.211999997
vt -0.0540819988 0.211999997
vt -0.0540819988 0.208000004
vt -0.0510790013 0.208000004
vt -0.0540819988 0.211999997
vt -0.0510790013 0.208000004
vt -0.0510790013 0.211999997
vt -0.0510790013 0.211999997
vt -0.0510790013 0.208000004
vt -0.0476149991 0.208000004
vt -0.0510790013 0.211999997
vt -0.0476149991 0.208000004
vt -0.0476149991 0.211999997
vt -0.0476149991 0.211999997
vt -0.0476149991 0.208000004
vt -0.0439470001 0.208000004
vt -0.0476149991 0.211999997
vt -0.0439470001 0.208000004
vt -0.0439470001 0.211999997
vt -0.0439470001 0.211999997
vt -0.0439470001 0.208000004
vt -0.0403469987 0.208000004
vt -0.0439470001 0.211999997
vt -0.0403469987 0.208000004
vt -0.0403469987 0.211999997
vt -0.0403469987 0.211999997
vt -0.0403469987 0.208000004
vt -0.0370829999 0.208000004
vt -0.0403469987 0.211999997
vt -0.0370829999 0.208000004
vt -0.0370829999 0.211999997
vt 0.464471012 0.211999997
vt 0.464471012 0.208000004
vt 0.467537999 0.208000004
vt 0.464471012 0.211999997
vt 0.467537999 0.208000004
vt 0.467537999 0.211999997
vt 0.467537999 0.211999997
vt 0.467537999 0.208000004
vt 0.471377999 0.208000004
vt 0.467537999 0.211999997
vt 0.471377999 0.208000004
vt 0.471377999 0.211999997
vt 0.471377999 0.211999997
vt 0.471377999 0.208000004
vt 0.475704998 0.208000004
vt 0.471377999 0.211999997
vt 0.475704998 0.208000004
vt 0.475704998 0.211999997
vt 0.475704998 0.211999997
vt 0.475704998 0.208000004
vt 0.480197996 0.208000004
vt 0.475704998 0.211999997
vt 0.480197996 0.208000004
vt 0.480197996 0.211999997
vt 0.480197996 0.211999997
vt 0.480197996 0.208000004
vt 0.484524995 0.208000004
vt 0.480197996 0.211999997
vt 0.484524995 0.208000004
vt 0.484524995 0.211999997
vt 0.484524995 0.211999997
vt 0.484524995 0.208000004
vt 0.488364011 0.208000004
vt 0.484524995 0.211999997
vt 0.488364011 0.208000004
vt 0.488364011 0.211999997
vt 0.488364011 0.211999997
vt 0.488364011 0.208000004
vt 0.491430998 0.208000004
vt 0.488364011 0.211999997
vt 0.491430998 0.208000004
vt 0.491430998 0.211999997
vt 0.0370829999 0.211999997
vt 0.0370829999 0.208000004
vt 0.0403469987 0.208000004
vt 0.0370829999 0.211999997
vt 0.0403469987 0.208000004
vt 0.0403469987 0.211999997
vt 0.0403469987 0.211999997
vt 0.0403469987 0.208000004
vt 0.0439470001 0.208000004
vt 0.0403469987 0.211999997
vt 0.0439470001 0.208000004
vt 0.0439470001 0.211999997
vt 0.0439470001 0.211999997
vt 0.0439470001 0.208000004
vt 0.0448679999 0.211999997
vt -0.0448679999 0.208000004
vt -0.0439470001 0.208000004
vt -0.0439470001 0.211999997
vt -0.0439470001 0.211999997
vt -0.0439470001 0.208000004
vt -0.0403469987 0.208000004
vt -0.0439470001 0.211999997
vt -0.0403469987 0.208000004
vt -0.0403469987 0.211999997
vt -0.0403469987 0.211999997
vt -0.0403469987 0.208000004
vt -0.0370829999 0.208000004
vt -0.0403469987 0.211999997
vt -0.0370829999 0.208000004
vt -0.0370829999 0.211999997
vt -0.371529013 0.211999997
vt -0.371529013 0.208000004
vt -0.368461996 0.208000004
vt -0.371529013 0.211999997
vt -0.368461996 0.208000004
vt -0.368461996 0.211999997
vt -0.368461996 0.211999997
vt -0.368461996 0.208000004
vt -0.364621997 0.208000004
vt -0.368461996 0.211999997
vt -0.364621997 0.208000004
vt -0.364621997 0.211999997
vt -0.364621997 0.211999997
vt -0.364621997 0.208000004
vt -0.360294998 0.208000004
vt -0.364621997 0.211999997
vt -0.360294998 0.208000004
vt -0.360294998 0.211999997
vt -0.360294998 0.211999997
vt -0.360294998 0.208000004
vt -0.355802 0.208000004
vt -0.360294998 0.211999997
vt -0.355802 0.208000004
vt -0.355802 0.211999997
vt -0.355802 0.211999997
vt -0.355802 0.208000004
vt -0.351475 0.208000004
vt -0.355802 0.211999997
vt -0.351475 0.208000004
vt -0.351475 0.211999997
vt -0.351475 0.211999997
vt -0.351475 0.208000004
vt -0.347636014 0.208000004
vt -0.351475 0.211999997
vt -0.347636014 0.208000004
vt -0.347636014 0.211999997
vt -0.347636014 0.211999997
vt -0.347636014 0.208000004
vt -0.344568998 0.208000004
vt -0.347636014 0.211999997
vt -0.344568998 0.208000004
vt -0.344568998 0.211999997
vt 0.0370829999 0.211999997
vt 0.0370829999 0.208000004
vt 0.0403469987 0.208000004
vt 0.0370829999 0.211999997
vt 0.0403469987 0.208000004
vt 0.0403469987 0.211999997
vt 0.0403469987 0.211999997
vt 0.0403469987 0.208000004
vt 0.0439470001 0.208000004
vt 0.0403469987 0.211999997
vt 0.0439470001 0.208000004
vt 0.0439470001 0.211999997
vt 0.0439470001 0.211999997
vt 0.0439470001 0.208000004
vt 0.0476149991 0.208000004
vt 0.0439470001 0.211999997
vt 0.0476149991 0.208000004
vt 0.0476149991 0.211999997
vt 0.0476149991 0.211999997
vt 0.0476149991 0.208000004
vt 0.0510790013 0.208000004
vt 0.0476149991 0.211999997
vt 0.0510790013 0.208000004
vt 0.0510790013 0.211999997
vt 0.0510790013 0.211999997
vt 0.0510790013 0.208000004
vt 0.0540819988 0.208000004
vt 0.0510790013 0.211999997
vt 0.0540819988 0.208000004
vt 0.0540819988 0.211999997
vt 0.345990002 0.211999997
vt 0.345990002 0.208000004
vt 0.34947601 0.208000004
vt 0.345990002 0.211999997
vt 0.34947601 0.208000004
vt 0.34947601 0.211999997
vt 0.34947601 0.211999997
vt 0.34947601 0.208000004
vt 0.353596985 0.208000004
vt 0.34947601 0.211999997
vt 0.353596985 0.208000004
vt 0.353596985 0.211999997
vt 0.353596985 0.211999997
vt 0.353596985 0.208000004
vt 0.358049005 0.208000004
vt 0.353596985 0.211999997
vt 0.358049005 0.208000004
vt 0.358049005 0.211999997
vt 0.358049005 0.211999997
vt 0.358049005 0.208000004
vt 0.362500012 0.208000004
vt 0.358049005 0.211999997
vt 0.362500012 0.208000004
vt 0.362500012 0.211999997
vt 0.362500012 0.211999997
vt 0.362500012 0.208000004
vt 0.366622001 0.208000004
vt 0.362500012 0.211999997
vt 0.366622001 0.208000004
vt 0.366622001 0.211999997
vt 0.366622001 0.211999997
vt 0.366622001 0.208000004
vt 0.370106995 0.208000004
vt 0.366622001 0.211999997
vt 0.370106995 0.208000004
vt 0.370106995 0.211999997
vt -0.0540819988 0.211999997
vt -0.0540819988 0.208000004
vt -0.0510790013 0.208000004
vt -0.0540819988 0.211999997
vt -0.0510790013 0.208000004
vt -0.0510790013 0.211999997
vt -0.0510790013 0.211999997
vt -0.0510790013 0.208000004
vt -0.0476149991 0.208000004
vt -0.0510790013 0.211999997
vt -0.0476149991 0.208000004
vt -0.0476149991 0.211999997
vt -0.0476149991 0.211999997
vt -0.0476149991 0.208000004
vt -0.0448679999 0.211999997
vt -0.0448779985 -0.208000004
vt -0.0476239994 -0.208000004
vt -0.0476239994 -0.211999997
vt -0.0476239994 -0.211999997
vt -0.0476239994 -0.208000004
vt -0.051089 -0.208000004
vt -0.0476239994 -0.211999997
vt -0.051089 -0.208000004
vt -0.051089 -0.211999997
vt -0.051089 -0.211999997
vt -0.051089 -0.208000004
vt -0.0540920012 -0.208000004
vt -0.051089 -0.211999997
vt -0.0540920012 -0.208000004
vt -0.0540920012 -0.211999997
vt 0.370106995 -0.211999997
vt 0.370106995 -0.208000004
vt 0.366622001 -0.208000004
vt 0.370106995 -0.211999997
vt 0.366622001 -0.208000004
vt 0.366622001 -0.211999997
vt 0.366622001 -0.211999997
vt 0.366622001 -0.208000004
vt 0.362500012 -0.208000004
vt 0.366622001 -0.211999997
vt 0.362500012 -0.208000004
vt 0.362500012 -0.211999997
vt 0.362500012 -0.211999997
vt 0.362500012 -0.208000004
vt 0.358049005 -0.208000004
vt 0.362500012 -0.211999997
vt 0.358049005 -0.208000004
vt 0.358049005 -0.211999997
vt 0.358049005 -0.211999997
vt 0.358049005 -0.208000004
vt 0.353596985 -0.208000004
vt 0.358049005 -0.211999997
vt 0.353596985 -0.208000004
vt 0.353596985 -0.211999997
vt 0.353596985 -0.211999997
vt 0.353596985 -0.208000004
vt 0.34947601 -0.208000004
vt 0.353596985 -0.211999997
vt 0.34947601 -0.208000004
vt 0.34947601 -0.211999997
vt 0.34947601 -0.211999997
vt 0.34947601 -0.208000004
vt 0.345990002 -0.208000004
vt 0.34947601 -0.211999997
vt 0.345990002 -0.208000004
vt 0.345990002 -0.211999997
vt 0.0540920012 -0.211999997
vt 0.0540920012 -0.208000004
vt 0.051089 -0.208000004
vt 0.0540920012 -0.211999997
vt 0.051089 -0.208000004
vt 0.051089 -0.211999997
vt 0.051089 -0.211999997
vt 0.051089 -0.208000004
vt 0.0476239994 -0.208000004
vt 0.051089 -0.211999997
vt 0.0476239994 -0.208000004
vt 0.0476239994 -0.211999997
vt 0.0476239994 -0.211999997
vt 0.0476239994 -0.208000004
vt 0.0439569987 -0.208000004
vt 0.0476239994 -0.211999997
vt 0.0439569987 -0.208000004
vt 0.0439569987 -0.211999997
vt 0.0439569987 -0.211999997
vt 0.0439569987 -0.208000004
vt 0.0403570011 -0.208000004
vt 0.0439569987 -0.211999997
vt 0.0403570011 -0.208000004
vt 0.0403570011 -0.211999997
vt 0.0403570011 -0.211999997
vt 0.0403570011 -0.208000004
vt 0.0370929986 -0.208000004
vt 0.0403570011 -0.211999997
vt 0.0370929986 -0.208000004
vt 0.0370929986 -0.211999997
vt -0.344568998 -0.211999997
vt -0.344568998 -0.208000004
vt -0.347636014 -0.208000004
vt -0.344568998 -0.211999997
vt -0.347636014 -0.208000004
vt -0.347636014 -0.211999997
vt -0.347636014 -0.211999997
vt -0.347636014 -0.208000004
vt -0.351475 -0.208000004
vt -0.347636014 -0.211999997
vt -0.351475 -0.208000004
vt -0.351475 -0.211999997
vt -0.351475 -0.211999997
vt -0.351475 -0.208000004
vt -0.355802 -0.208000004
vt -0.351475 -0.211999997
vt -0.355802 -0.208000004
vt -0.355802 -0.211999997
vt -0.355802 -0.211999997
vt -0.355802 -0.208000004
vt -0.360294998 -0.208000004
vt -0.355802 -0.211999997
vt -0.360294998 -0.208000004
vt -0.360294998 -0.211999997
vt -0.360294998 -0.211999997
vt -0.360294998 -0.208000004
vt -0.364621997 -0.208000004
vt -0.360294998 -0.211999997
vt -0.364621997 -0.208000004
vt -0.364621997 -0.211999997
vt -0.364621997 -0.211999997
vt -0.364621997 -0.208000004
vt -0.368461996 -0.208000004
vt -0.364621997 -0.211999997
vt -0.368461996 -0.208000004
vt -0.368461996 -0.211999997
vt -0.368461996 -0.211999997
vt -0.368461996 -0.208000004
vt -0.371529013 -0.208000004
vt -0.368461996 -0.211999997
vt -0.371529013 -0.208000004
vt -0.371529013 -0.211999997
vt -0.0370929986 -0.211999997
vt -0.0370929986 -0.208000004
vt -0.0403570011 -0.208000004
vt -0.0370929986 -0.211999997
vt -0.0403570011 -0.208000004
vt -0.0403570011 -0.211999997
vt -0.0403570011 -0.211999997
vt -0.0403570011 -0.208000004
vt -0.0439569987 -0.208000004
vt -0.0403570011 -0.211999997
vt -0.0439569987 -0.208000004
vt -0.0439569987 -0.211999997
vt -0.0439569987 -0.211999997
vt -0.0439569987 -0.208000004
vt -0.0448779985 -0.211999997
vt -0.0448779985 -0.239999995
vt -0.0439569987 -0.239999995
vt -0.0439569987 -0.236000001
vt -0.0439569987 -0.236000001
vt -0.0439569987 -0.239999995
vt -0.0403570011 -0.239999995
vt -0.0439569987 -0.236000001
vt -0.0403570011 -0.239999995
vt -0.0403570011 -0.236000001
vt -0.0403570011 -0.236000001
vt -0.0403570011 -0.239999995
vt -0.0370929986 -0.239999995
vt -0.0403570011 -0.236000001
vt -0.0370929986 -0.239999995
vt -0.0370929986 -0.236000001
vt -0.371529013 -0.236000001
vt -0.371529013 -0.239999995
vt -0.368461996 -0.239999995
vt -0.371529013 -0.236000001
vt -0.368461996 -0.239999995
vt -0.368461996 -0.236000001
vt -0.368461996 -0.236000001
vt -0.368461996 -0.239999995
vt -0.364621997 -0.239999995
vt -0.368461996 -0.236000001
vt -0.364621997 -0.239999995
vt -0.364621997 -0.236000001
vt -0.364621997 -0.236000001
vt -0.364621997 -0.239999995
vt -0.360294998 -0.239999995
vt -0.364621997 -0.236000001
vt -0.360294998 -0.239999995
vt -0.360294998 -0.236000001
vt -0.360294998 -0.236000001
vt -0.360294998 -0.239999995
vt -0.355802 -0.239999995
vt -0.360294998 -0.236000001
vt -0.355802 -0.239999995
vt -0.355802 -0.236000001
vt -0.355802 -0.236000001
vt -0.355802 -0.239999995
vt -0.351475 -0.239999995
vt -0.355802 -0.236000001
vt -0.351475 -0.239999995
vt -0.351475 -0.236000001
vt -0.351475 -0.236000001
vt -0.351475 -0.239999995
vt -0.347636014 -0.239999995
vt -0.351475 -0.236000001
vt -0.347636014 -0.239999995
vt -0.347636014 -0.236000001
vt -0.347636014 -0.236000001
vt -0.347636014 -0.239999995
vt -0.344568998 -0.239999995
vt -0.347636014 -0.236000001
vt -0.344568998 -0.239999995
vt -0.344568998 -0.236000001
vt 0.0370929986 -0.236000001
vt 0.0370929986 -0.239999995
vt 0.0403570011 -0.239999995
vt 0.0370929986 -0.236000001
vt 0.0403570011 -0.239999995
vt 0.0403570011 -0.236000001
vt 0.0403570011 -0.236000001
vt 0.0403570011 -0.239999995
vt 0.0439569987 -0.239999995
vt 0.0403570011 -0.236000001
vt 0.0439569987 -0.239999995
vt 0.0439569987 -0.236000001
vt 0.0439569987 -0.236000001
vt 0.0439569987 -0.239999995
vt 0.0476239994 -0.239999995
vt 0.0439569987 -0.236000001
vt 0.0476239994 -0.239999995
vt 0.0476239994 -0.236000001
vt 0.0476239994 -0.236000001
vt 0.0476239994 -0.239999995
vt 0.051089 -0.239999995
vt 0.0476239994 -0.236000001
vt 0.051089 -0.239999995
vt 0.051089 -0.236000001
vt 0.051089 -0.236000001
vt 0.051089 -0.239999995
vt 0.0540920012 -0.239999995
vt 0.051089 -0.236000001
vt 0.0540920012 -0.239999995
vt 0.0540920012 -0.236000001
vt 0.345990002 -0.236000001
vt 0.345990002 -0.239999995
vt 0.34947601 -0.239999995
vt 0.345990002 -0.236000001
vt 0.34947601 -0.239999995
vt 0.34947601 -0.236000001
vt 0.34947601 -0.236000001
vt 0.34947601 -0.239999995
vt 0.353596985 -0.239999995
vt 0.34947601 -0.236000001
vt 0.353596985 -0.239999995
vt 0.353596985 -0.236000001
vt 0.353596985 -0.236000001
vt 0.353596985 -0.239999995
vt 0.358049005 -0.239999995
vt 0.353596985 -0.236000001
vt 0.358049005 -0.239999995
vt 0.358049005 -0.236000001
vt 0.358049005 -0.236000001
vt 0.358049005 -0.239999995
vt 0.362500012 -0.239999995
vt 0.358049005 -0.236000001
vt 0.362500012 -0.239999995
vt 0.362500012 -0.236000001
vt 0.362500012 -0.236000001
vt 0.362500012 -0.239999995
vt 0.366622001 -0.239999995
vt 0.362500012 -0.236000001
vt 0.366622001 -0.239999995
vt 0.366622001 -0.236000001
vt 0.366622001 -0.236000001
vt 0.366622001 -0.239999995
vt 0.370106995 -0.239999995
vt 0.366622001 -0.236000001
vt 0.370106995 -0.239999995
vt 0.370106995 -0.236000001
vt -0.0540920012 -0.236000001
vt -0.0540920012 -0.239999995
vt -0.051089 -0.239999995
vt -0.0540920012 -0.236000001
vt -0.051089 -0.239999995
vt -0.051089 -0.236000001
vt -0.051089 -0.236000001
vt -0.051089 -0.239999995
vt -0.0476239994 -0.239999995
vt -0.051089 -0.236000001
vt -0.0476239994 -0.239999995
vt -0.0476239994 -0.236000001
vt -0.0476239994 -0.236000001
vt -0.0476239994 -0.239999995
vt -0.0448779985 -0.236000001
vt 0.0448679999 0.239999995
vt 0.0439470001 0.239999995
vt 0.0439470001 0.236000001
vt 0.0439470001 0.236000001
vt 0.0439470001 0.239999995
vt 0.0403469987 0.239999995
vt 0.0439470001 0.236000001
vt 0.0403469987 0.239999995
vt 0.0403469987 0.236000001
vt 0.0403469987 0.236000001
vt 0.0403469987 0.239999995
vt 0.0370829999 0.239999995
vt 0.0403469987 0.236000001
vt 0.0370829999 0.239999995
vt 0.0370829999 0.236000001
vt 0.491430998 0.236000001
vt 0.491430998 0.239999995
vt 0.488364011 0.239999995
vt 0.491430998 0.236000001
vt 0.488364011 0.239999995
vt 0.488364011 0.236000001
vt 0.488364011 0.236000001
vt 0.488364011 0.239999995
vt 0.484524995 0.239999995
vt 0.488364011 0.236000001
vt 0.484524995 0.239999995
vt 0.484524995 0.236000001
vt 0.484524995 0.236000001
vt 0.484524995 0.239999995
vt 0.480197996 0.239999995
vt 0.484524995 0.236000001
vt 0.480197996 0.239999995
vt 0.480197996 0.236000001
vt 0.480197996 0.236000001
vt 0.480197996 0.239999995
vt 0.475704998 0.239999995
vt 0.480197996 0.236000001
vt 0.475704998 0.239999995
vt 0.475704998 0.236000001
vt 0.475704998 0.236000001
vt 0.475704998 0.239999995
vt 0.471377999 0.239999995
vt 0.475704998 0.236000001
vt 0.471377999 0.239999995
vt 0.471377999 0.236000001
vt 0.471377999 0.236000001
vt 0.471377999 0.239999995
vt 0.467537999 0.239999995
vt 0.471377999 0.236000001
vt 0.467537999 0.239999995
vt 0.467537999 0.236000001
vt 0.467537999 0.236000001
vt 0.467537999 0.239999995
vt 0.464471012 0.239999995
vt 0.467537999 0.236000001
vt 0.464471012 0.239999995
vt 0.464471012 0.236000001
vt -0.0370829999 0.236000001
vt -0.0370829999 0.239999995
vt -0.0403469987 0.239999995
vt -0.0370829999 0.236000001
vt -0.0403469987 0.239999995
vt -0.0403469987 0.236000001
vt -0.0403469987 0.236000001
vt -0.0403469987 0.239999995
vt -0.0439470001 0.239999995
vt -0.0403469987 0.236000001
vt -0.0439470001 0.239999995
vt -0.0439470001 0.236000001
vt -0.0439470001 0.236000001
vt -0.0439470001 0.239999995
vt -0.0476149991 0.239999995
vt -0.0439470001 0.236000001
vt -0.0476149991 0.239999995
vt -0.0476149991 0.236000001
vt -0.0476149991 0.236000001
vt -0.0476149991 0.239999995
vt -0.0510790013 0.239999995
vt -0.0476149991 0.236000001
vt -0.0510790013 0.239999995
vt -0.0510790013 0.236000001
vt -0.0510790013 0.236000001
vt -0.0510790013 0.239999995
vt -0.0540819988 0.239999995
vt -0.0510790013 0.236000001
vt -0.0540819988 0.239999995
vt -0.0540819988 0.236000001
vt -0.465893 0.236000001
vt -0.465893 0.239999995
vt -0.469377995 0.239999995
vt -0.465893 0.236000001
vt -0.469377995 0.239999995
vt -0.469377995 0.236000001
vt -0.469377995 0.236000001
vt -0.469377995 0.239999995
vt -0.473500013 0.239999995
vt -0.469377995 0.236000001
vt -0.473500013 0.239999995
vt -0.473500013 0.236000001
vt -0.473500013 0.236000001
vt -0.473500013 0.239999995
vt -0.47795099 0.239999995
vt -0.473500013 0.236000001
vt -0.47795099 0.239999995
vt -0.47795099 0.236000001
vt -0.47795099 0.236000001
vt -0.47795099 0.239999995
vt -0.48240301 0.239999995
vt -0.47795099 0.236000001
vt -0.48240301 0.239999995
vt -0.48240301 0.236000001
vt -0.48240301 0.236000001
vt -0.48240301 0.239999995
vt -0.486523986 0.239999995
vt -0.48240301 0.236000001
vt -0.486523986 0.239999995
vt -0.486523986 0.236000001
vt -0.486523986 0.236000001
vt -0.486523986 0.239999995
vt -0.490009993 0.239999995
vt -0.486523986 0.236000001
vt -0.490009993 0.239999995
vt -0.490009993 0.236000001
vt 0.0540819988 0.236000001
vt 0.0540819988 0.239999995
vt 0.0510790013 0.239999995
vt 0.0540819988 0.236000001
vt 0.0510790013 0.239999995
vt 0.0510790013 0.236000001
vt 0.0510790013 0.236000001
vt 0.0510790013 0.239999995
vt 0.0476149991 0.239999995
vt 0.0510790013 0.236000001
vt 0.0476149991 0.239999995
vt 0.0476149991 0.236000001
vt 0.0476149991 0.236000001
vt 0.0476149991 0.239999995
vt 0.0448679999 0.236000001
vt 0.413008004 0.0465920009
vt 0.402049005 0.0448679999
vt 0.413049012 0.0448679999
vt 0.413049012 0.0448679999
vt 0.402049005 0.0448679999
vt 0.41268599 0.0397070013
vt 0.402049005 0.0448679999
vt 0.401692003 0.0402950011
vt 0.41268599 0.0397070013
vt -0.0397070013 0.208000004
vt -0.0402950011 0.208000004
vt -0.0402950011 0.208000004
vt 0.41268599 0.0397070013
vt 0.401692003 0.0402950011
vt 0.411083013 0.0329440013
vt 0.411083013 0.0329440013
vt 0.401692003 0.0402950011
vt 0.40011999 0.0343259983
vt 0.411083013 0.0329440013
vt 0.40011999 0.0343259983
vt 0.408235997 0.0264599994
vt 0.408235997 0.0264599994
vt 0.40011999 0.0343259983
vt 0.39733699 0.0286609996
vt 0.408235997 0.0264599994
vt 0.39733699 0.0286609996
vt 0.404213995 0.0204070006
vt 0.404213995 0.0204070006
vt 0.39733699 0.0286609996
vt 0.393424988 0.0234609991
vt 0.404213995 0.0204070006
vt 0.393424988 0.0234609991
vt 0.399109006 0.014928
vt 0.399109006 0.014928
vt 0.393424988 0.0234609991
vt 0.388494015 0.0188779999
vt 0.399109006 0.014928
vt 0.388494015 0.0188779999
vt 0.393041998 0.0101509998
vt 0.393041998 0.0101509998
vt 0.388494015 0.0188779999
vt 0.382687986 0.0150420005
vt 0.393041998 0.0101509998
vt 0.382687986 0.0150420005
vt 0.386155009 0.00618699985
vt 0.386155009 0.00618699985
vt 0.382687986 0.0150420005
vt 0.376172006 0.0120639997
vt 0.386155009 0.00618699985
vt 0.376172006 0.0120639997
vt 0.378609002 0.00313000008
vt 0.378609002 0.00313000008
vt 0.376172006 0.0120639997
vt 0.369136006 0.0100299995
vt 0.378609002 0.00313000008
vt 0.369136006 0.0100299995
vt 0.370581001 0.00105199998
vt 0.370581001 0.00105199998
vt 0.369136006 0.0100299995
vt 0.361779988 0.00899800006
vt 0.370581001 0.00105199998
vt 0.361779988 0.00899800006
vt 0.362259001 0
vt 0 0.208000004
vt -0.00899800006 0.208000004
vt -0.00899800006 0.208000004
vt 0.362259001 0
vt 0.361779988 0.00899800006
vt 0.353837997 0
vt 0.353837997 0
vt 0.361779988 0.00899800006
vt 0.354317009 0.00899800006
vt 0.353837997 0
vt 0.354317009 0.00899800006
vt 0.345517009 0.00105199998
vt 0.345517009 0.00105199998
vt 0.354317009 0.00899800006
vt 0.346962005 0.0100299995
vt 0.345517009 0.00105199998
vt 0.346962005 0.0100299995
vt 0.337489009 0.00313000008
vt 0.337489009 0.00313000008
vt 0.346962005 0.0100299995
vt 0.339924991 0.0120639997
vt 0.337489009 0.00313000008
vt 0.339924991 0.0120639997
vt 0.329943001 0.00618699985
vt 0.329943001 0.00618699985
vt 0.339924991 0.0120639997
vt 0.333409995 0.0150420005
vt 0.329943001 0.00618699985
vt 0.333409995 0.0150420005
vt 0.323054999 0.0101509998
vt 0.323054999 0.0101509998
vt 0.333409995 0.0150420005
vt 0.327603012 0.0188779999
vt 0.323054999 0.0101509998
vt 0.327603012 0.0188779999
vt 0.316987991 0.014928
vt 0.316987991 0.014928
vt 0.327603012 0.0188779999
vt 0.322672993 0.0234609991
vt 0.316987991 0.014928
vt 0.322672993 0.0234609991
vt 0.311883003 0.0204070006
vt 0.311883003 0.0204070006
vt 0.322672993 0.0234609991
vt 0.318760008 0.0286609996
vt 0.311883003 0.0204070006
vt 0.318760008 0.0286609996
vt 0.307861 0.0264599994
vt 0.307861 0.0264599994
vt 0.318760008 0.0286609996
vt 0.315977007 0.0343259983
vt 0.307861 0.0264599994
vt 0.315977007 0.0343259983
vt 0.305014998 0.0329440013
vt 0.305014998 0.0329440013
vt 0.315977007 0.0343259983
vt 0.314404994 0.0402950011
vt 0.305014998 0.0329440013
vt 0.314404994 0.0402950011
vt 0.30341199 0.0397070013
vt 0.30341199 0.0397070013
vt 0.314404994 0.0402950011
vt 0.314087987 0.0463959984
vt 0.30341199 0.0397070013
vt 0.314087987 0.0463959984
vt 0.303088993 0.0465920009
vt -0.0465920009 0.208000004
vt -0.0463959984 0.208000004
vt -0.0463959984 0.208000004
vt 0.303088993 0.0465920009
vt 0.314087987 0.0463959984
vt 0.304055005 0.0534359999
vt 0.304055005 0.0534359999
vt 0.314087987 0.0463959984
vt 0.315035999 0.0524520017
vt 0.304055005 0.0534359999
vt 0.315035999 0.0524520017
vt 0.306286007 0.0600790009
vt 0.306286007 0.0600790009
vt 0.315035999 0.0524520017
vt 0.317220986 0.0582909994
vt 0.306286007 0.0600790009
vt 0.317220986 0.0582909994
vt 0.309729993 0.0663650036
vt 0.309729993 0.0663650036
vt 0.317220986 0.0582909994
vt 0.320580989 0.0637430027
vt 0.309729993 0.0663650036
vt 0.320580989 0.0637430027
vt 0.314307988 0.0721480027
vt 0.314307988 0.0721480027
vt 0.320580989 0.0637430027
vt 0.325019002 0.0686519966
vt 0.314307988 0.0721480027
vt 0.325019002 0.0686519966
vt 0.31990999 0.0772909969
vt 0.31990999 0.0772909969
vt 0.325019002 0.0686519966
vt 0.330406994 0.0728769973
vt 0.31990999 0.0772909969
vt 0.330406994 0.0728769973
vt 0.326406002 0.0816750005
vt 0.326406002 0.0816750005
vt 0.330406994 0.0728769973
vt 0.336589992 0.0762960017
vt 0.326406002 0.0816750005
vt 0.336589992 0.0762960017
vt 0.333644003 0.0851949975
vt 0.333644003 0.0851949975
vt 0.336589992 0.0762960017
vt 0.343391001 0.0788120031
vt 0.333644003 0.0851949975
vt 0.343391001 0.0788120031
vt 0.341453999 0.0877709985
vt 0.341453999 0.0877709985
vt 0.343391001 0.0788120031
vt 0.350612998 0.0803499967
vt 0.341453999 0.0877709985
vt 0.350612998 0.0803499967
vt 0.349653006 0.0893409997
vt 0.349653006 0.0893409997
vt 0.350612998 0.0803499967
vt 0.358049005 0.0808679983
vt 0.349653006 0.0893409997
vt 0.358049005 0.0808679983
vt 0.358049005 0.0898680016
vt -0.0898680016 0.208000004
vt -0.0808679983 0.208000004
vt -0.0808679983 0.208000004
vt 0.358049005 0.0898680016
vt 0.358049005 0.0808679983
vt 0.366443992 0.0893409997
vt 0.366443992 0.0893409997
vt 0.358049005 0.0808679983
vt 0.365485013 0.0803499967
vt 0.366443992 0.0893409997
vt 0.365485013 0.0803499967
vt 0.374642998 0.0877709985
vt 0.374642998 0.0877709985
vt 0.365485013 0.0803499967
vt 0.372707009 0.0788120031
vt 0.374642998 0.0877709985
vt 0.372707009 0.0788120031
vt 0.382452995 0.0851949975
vt 0.382452995 0.0851949975
vt 0.372707009 0.0788120031
vt 0.379507005 0.0762960017
vt 0.382452995 0.0851949975
vt 0.379507005 0.0762960017
vt 0.389690995 0.0816750005
vt 0.389690995 0.0816750005
vt 0.379507005 0.0762960017
vt 0.385690004 0.0728769973
vt 0.389690995 0.0816750005
vt 0.385690004 0.0728769973
vt 0.396187007 0.0772909969
vt 0.396187007 0.0772909969
vt 0.385690004 0.0728769973
vt 0.391077995 0.0686519966
vt 0.396187007 0.0772909969
vt 0.391077995 0.0686519966
vt 0.401789993 0.0721480027
vt 0.401789993 0.0721480027
vt 0.391077995 0.0686519966
vt 0.395516008 0.0637430027
vt 0.401789993 0.0721480027
vt 0.395516008 0.0637430027
vt 0.406367004 0.0663650036
vt 0.406367004 0.0663650036
vt 0.395516008 0.0637430027
vt 0.398876011 0.0582909994
vt 0.406367004 0.0663650036
vt 0.398876011 0.0582909994
vt 0.40981099 0.0600790009
vt 0.40981099 0.0600790009
vt 0.398876011 0.0582909994
vt 0.401060998 0.0524520017
vt 0.40981099 0.0600790009
vt 0.401060998 0.0524520017
vt 0.412043005 0.0534359999
vt 0.412043005 0.0534359999
vt 0.401060998 0.0524520017
vt 0.40200901 0.0463959984
vt 0.412043005 0.0534359999
vt 0.40200901 0.0463959984
vt 0.413008004 0.0465920009
vt 0.413008004 0.0465920009
vt 0.40200901 0.0463959984
vt 0.402049005 0.0448679999
vt -0.0448679999 0.208000004
vt -0.0397070013 0.208000004
vt -0.0397070013 0.239999995
vt -0.0397070013 0.239999995
vt -0.0397070013 0.208000004
vt -0.0329440013 0.208000004
vt -0.0397070013 0.239999995
vt -0.0329440013 0.208000004
vt -0.0329440013 0.239999995
vt -0.0329440013 0.239999995
vt -0.0329440013 0.208000004
vt -0.0264599994 0.208000004
vt -0.0329440013 0.239999995
vt -0.0264599994 0.208000004
vt -0.0264599994 0.239999995
vt -0.0264599994 0.239999995
vt -0.0264599994 0.208000004
vt -0.0204070006 0.208000004
vt -0.0264599994 0.239999995
vt -0.0204070006 0.208000004
vt -0.0204070006 0.239999995
vt -0.0204070006 0.239999995
vt -0.0204070006 0.208000004
vt -0.014928 0.208000004
vt -0.0204070006 0.239999995
vt -0.014928 0.208000004
vt -0.014928 0.239999995
vt -0.399109006 0.239999995
vt -0.399109006 0.208000004
vt -0.393041998 0.208000004
vt -0.399109006 0.239999995
vt -0.393041998 0.208000004
vt -0.393041998 0.239999995
vt -0.393041998 0.239999995
vt -0.393041998 0.208000004
vt -0.386155009 0.208000004
vt -0.393041998 0.239999995
vt -0.386155009 0.208000004
vt -0.386155009 0.239999995
vt -0.386155009 0.239999995
vt -0.386155009 0.208000004
vt -0.378609002 0.208000004
vt -0.386155009 0.239999995
vt -0.378609002 0.208000004
vt -0.378609002 0.239999995
vt -0.378609002 0.239999995
vt -0.378609002 0.208000004
vt -0.370581001 0.208000004
vt -0.378609002 0.239999995
vt -0.370581001 0.208000004
vt -0.370581001 0.239999995
vt -0.370581001 0.239999995
vt -0.370581001 0.208000004
vt -0.362259001 0.208000004
vt -0.370581001 0.239999995
vt -0.362259001 0.208000004
vt -0.362259001 0.239999995
vt -0.362259001 0.239999995
vt -0.362259001 0.208000004
vt -0.353837997 0.208000004
vt -0.362259001 0.239999995
vt -0.353837997 0.208000004
vt -0.353837997 0.239999995
vt -0.353837997 0.239999995
vt -0.353837997 0.208000004
vt -0.345517009 0.208000004
vt -0.353837997 0.239999995
vt -0.345517009 0.208000004
vt -0.345517009 0.239999995
vt -0.345517009 0.239999995
vt -0.345517009 0.208000004
vt -0.337489009 0.208000004
vt -0.345517009 0.239999995
vt -0.337489009 0.208000004
vt -0.337489009 0.239999995
vt -0.337489009 0.239999995
vt -0.337489009 0.208000004
vt -0.329943001 0.208000004
vt -0.337489009 0.239999995
vt -0.329943001 0.208000004
vt -0.329943001 0.239999995
vt -0.329943001 0.239999995
vt -0.329943001 0.208000004
vt -0.323054999 0.208000004
vt -0.329943001 0.239999995
vt -0.323054999 0.208000004
vt -0.323054999 0.239999995
vt -0.323054999 0.239999995
vt -0.323054999 0.208000004
vt -0.316987991 0.208000004
vt -0.323054999 0.239999995
vt -0.316987991 0.208000004
vt -0.316987991 0.239999995
vt 0.014928 0.239999995
vt 0.014928 0.208000004
vt 0.0204070006 0.208000004
vt 0.014928 0.239999995
vt 0.0204070006 0.208000004
vt 0.0204070006 0.239999995
vt 0.0204070006 0.239999995
vt 0.0204070006 0.208000004
vt 0.0264599994 0.208000004
vt 0.0204070006 0.239999995
vt 0.0264599994 0.208000004
vt 0.0264599994 0.239999995
vt 0.0264599994 0.239999995
vt 0.0264599994 0.208000004
vt 0.0329440013 0.208000004
vt 0.0264599994 0.239999995
vt 0.0329440013 0.208000004
vt 0.0329440013 0.239999995
vt 0.0329440013 0.239999995
vt 0.0329440013 0.208000004
vt 0.0397070013 0.208000004
vt 0.0329440013 0.239999995
vt 0.0397070013 0.208000004
vt 0.0397070013 0.239999995
vt 0.0397070013 0.239999995
vt 0.0397070013 0.208000004
vt 0.0465920009 0.208000004
vt 0.0397070013 0.239999995
vt 0.0465920009 0.208000004
vt 0.0465920009 0.239999995
vt 0.0465920009 0.239999995
vt 0.0465920009 0.208000004
vt 0.0534359999 0.208000004
vt 0.0465920009 0.239999995
vt 0.0534359999 0.208000004
vt 0.0534359999 0.239999995
vt 0.0534359999 0.239999995
vt 0.0534359999 0.208000004
vt 0.0600790009 0.208000004
vt 0.0534359999 0.239999995
vt 0.0600790009 0.208000004
vt 0.0600790009 0.239999995
vt 0.0600790009 0.239999995
vt 0.0600790009 0.208000004
vt 0.0663650036 0.208000004
vt 0.0600790009 0.239999995
vt 0.0663650036 0.208000004
vt 0.0663650036 0.239999995
vt 0.0663650036 0.239999995
vt 0.0663650036 0.208000004
vt 0.0721480027 0.208000004
vt 0.0663650036 0.239999995
vt 0.0721480027 0.208000004
vt 0.0721480027 0.239999995
vt 0.314307988 0.239999995
vt 0.314307988 0.208000004
vt 0.31990999 0.208000004
vt 0.314307988 0.239999995
vt 0.31990999 0.208000004
vt 0.31990999 0.239999995
vt 0.31990999 0.239999995
vt 0.31990999 0.208000004
vt 0.326406002 0.208000004
vt 0.31990999 0.239999995
vt 0.326406002 0.208000004
vt 0.326406002 0.239999995
vt 0.326406002 0.239999995
vt 0.326406002 0.208000004
vt 0.333644003 0.208000004
vt 0.326406002 0.239999995
vt 0.333644003 0.208000004
vt 0.333644003 0.239999995
vt 0.333644003 0.239999995
vt 0.333644003 0.208000004
vt 0.341453999 0.208000004
vt 0.333644003 0.239999995
vt 0.341453999 0.208000004
vt 0.341453999 0.239999995
vt 0.341453999 0.239999995
vt 0.341453999 0.208000004
vt 0.349653006 0.208000004
vt 0.341453999 0.239999995
vt 0.349653006 0.208000004
vt 0.349653006 0.239999995
vt 0.349653006 0.239999995
vt 0.349653006 0.208000004
vt 0.358049005 0.208000004
vt 0.349653006 0.239999995
vt 0.358049005 0.208000004
vt 0.358049005 0.239999995
vt 0.358049005 0.239999995
vt 0.358049005 0.208000004
vt 0.366443992 0.208000004
vt 0.358049005 0.239999995
vt 0.366443992 0.208000004
vt 0.366443992 0.239999995
vt 0.366443992 0.239999995
vt 0.366443992 0.208000004
vt 0.374642998 0.208000004
vt 0.366443992 0.239999995
vt 0.374642998 0.208000004
vt 0.374642998 0.239999995
vt 0.374642998 0.239999995
vt 0.374642998 0.208000004
vt 0.382452995 0.208000004
vt 0.374642998 0.239999995
vt 0.382452995 0.208000004
vt 0.382452995 0.239999995
vt 0.382452995 0.239999995
vt 0.382452995 0.208000004
vt 0.389690995 0.208000004
vt 0.382452995 0.239999995
vt 0.389690995 0.208000004
vt 0.389690995 0.239999995
vt 0.389690995 0.239999995
vt 0.389690995 0.208000004
vt 0.396187007 0.208000004
vt 0.389690995 0.239999995
vt 0.396187007 0.208000004
vt 0.396187007 0.239999995
vt 0.396187007 0.239999995
vt 0.396187007 0.208000004
vt 0.401789993 0.208000004
vt 0.396187007 0.239999995
vt 0.401789993 0.208000004
vt 0.401789993 0.239999995
vt -0.0721480027 0.239999995
vt -0.0721480027 0.208000004
vt -0.0663650036 0.208000004
vt -0.0721480027 0.239999995
vt -0.0663650036 0.208000004
vt -0.0663650036 0.239999995
vt -0.0663650036 0.239999995
vt -0.0663650036 0.208000004
vt -0.0600790009 0.208000004
vt -0.0663650036 0.239999995
vt -0.0600790009 0.208000004
vt -0.0600790009 0.239999995
vt -0.0600790009 0.239999995
vt -0.0600790009 0.208000004
vt -0.0534359999 0.208000004
vt -0.0600790009 0.239999995
vt -0.0534359999 0.208000004
vt -0.0534359999 0.239999995
vt -0.0534359999 0.239999995
vt -0.0534359999 0.208000004
vt -0.0465920009 0.208000004
vt -0.0534359999 0.239999995
vt -0.0465920009 0.208000004
vt -0.0465920009 0.239999995
vt -0.0465920009 0.239999995
vt -0.0465920009 0.208000004
vt -0.0448679999 0.239999995
vt 0.0448679999 0.208000004
vt 0.0402950011 0.211999997
vt 0.0402950011 0.208000004
vt -0.0402950011 0.208000004
vt -0.0402950011 0.211999997
vt -0.0402950011 0.211999997
vt 0.0402950011 0.208000004
vt 0.0402950011 0.211999997
vt 0.0343259983 0.208000004
vt 0.0343259983 0.208000004
vt 0.0402950011 0.211999997
vt 0.0343259983 0.211999997
vt 0.0343259983 0.208000004
vt 0.0343259983 0.211999997
vt 0.0286609996 0.208000004
vt 0.0286609996 0.208000004
vt 0.0343259983 0.211999997
vt 0.0286609996 0.211999997
vt 0.0286609996 0.208000004
vt 0.0286609996 0.211999997
vt 0.0234609991 0.208000004
vt 0.0234609991 0.208000004
vt 0.0286609996 0.211999997
vt 0.0234609991 0.211999997
vt 0.393424988 0.208000004
vt 0.393424988 0.211999997
vt 0.388494015 0.208000004
vt 0.388494015 0.208000004
vt 0.393424988 0.211999997
vt 0.388494015 0.211999997
vt 0.388494015 0.208000004
vt 0.388494015 0.211999997
vt 0.382687986 0.208000004
vt 0.382687986 0.208000004
vt 0.388494015 0.211999997
vt 0.382687986 0.211999997
vt 0.382687986 0.208000004
vt 0.382687986 0.211999997
vt 0.376172006 0.208000004
vt 0.376172006 0.208000004
vt 0.382687986 0.211999997
vt 0.376172006 0.211999997
vt 0.376172006 0.208000004
vt 0.376172006 0.211999997
vt 0.369136006 0.208000004
vt 0.369136006 0.208000004
vt 0.376172006 0.211999997
vt 0.369136006 0.211999997
vt 0.369136006 0.208000004
vt 0.369136006 0.211999997
vt 0.361779988 0.208000004
vt 0.361779988 0.208000004
vt 0.369136006 0.211999997
vt 0.361779988 0.211999997
vt 0.361779988 0.208000004
vt 0.361779988 0.211999997
vt 0.354317009 0.208000004
vt 0.354317009 0.208000004
vt 0.361779988 0.211999997
vt 0.354317009 0.211999997
vt 0.354317009 0.208000004
vt 0.354317009 0.211999997
vt 0.346962005 0.208000004
vt 0.346962005 0.208000004
vt 0.354317009 0.211999997
vt 0.346962005 0.211999997
vt 0.346962005 0.208000004
vt 0.346962005 0.211999997
vt 0.339924991 0.208000004
vt 0.339924991 0.208000004
vt 0.346962005 0.211999997
vt 0.339924991 0.211999997
vt 0.339924991 0.208000004
vt 0.339924991 0.211999997
vt 0.333409995 0.208000004
vt 0.333409995 0.208000004
vt 0.339924991 0.211999997
vt 0.333409995 0.211999997
vt 0.333409995 0.208000004
vt 0.333409995 0.211999997
vt 0.327603012 0.208000004
vt 0.327603012 0.208000004
vt 0.333409995 0.211999997
vt 0.327603012 0.211999997
vt 0.327603012 0.208000004
vt 0.327603012 0.211999997
vt 0.322672993 0.208000004
vt 0.322672993 0.208000004
vt 0.327603012 0.211999997
vt 0.322672993 0.211999997
vt -0.0234609991 0.208000004
vt -0.0234609991 0.211999997
vt -0.0286609996 0.208000004
vt -0.0286609996 0.208000004
vt -0.0234609991 0.211999997
vt -0.0286609996 0.211999997
vt -0.0286609996 0.208000004
vt -0.0286609996 0.211999997
vt -0.0343259983 0.208000004
vt -0.0343259983 0.208000004
vt -0.0286609996 0.211999997
vt -0.0343259983 0.211999997
vt -0.0343259983 0.208000004
vt -0.0343259983 0.211999997
vt -0.0402950011 0.208000004
vt -0.0402950011 0.208000004
vt -0.0343259983 0.211999997
vt -0.0402950011 0.211999997
vt -0.0402950011 0.208000004
vt -0.0402950011 0.211999997
vt -0.0463959984 0.208000004
vt -0.0463959984 0.208000004
vt -0.0402950011 0.211999997
vt -0.0463959984 0.211999997
vt -0.0463959984 0.208000004
vt -0.0463959984 0.211999997
vt -0.0524520017 0.208000004
vt -0.0524520017 0.208000004
vt -0.0463959984 0.211999997
vt -0.0524520017 0.211999997
vt -0.0524520017 0.208000004
vt -0.0524520017 0.211999997
vt -0.0582909994 0.208000004
vt -0.0582909994 0.208000004
vt -0.0524520017 0.211999997
vt -0.0582909994 0.211999997
vt -0.0582909994 0.208000004
vt -0.0582909994 0.211999997
vt -0.0637430027 0.208000004
vt -0.0637430027 0.208000004
vt -0.0582909994 0.211999997
vt -0.0637430027 0.211999997
vt -0.0637430027 0.208000004
vt -0.0637430027 0.211999997
vt -0.0686519966 0.208000004
vt -0.0686519966 0.208000004
vt -0.0637430027 0.211999997
vt -0.0686519966 0.211999997
vt -0.325019002 0.208000004
vt -0.325019002 0.211999997
vt -0.330406994 0.208000004
vt -0.330406994 0.208000004
vt -0.325019002 0.211999997
vt -0.330406994 0.211999997
vt -0.330406994 0.208000004
vt -0.330406994 0.211999997
vt -0.336589992 0.208000004
vt -0.336589992 0.208000004
vt -0.330406994 0.211999997
vt -0.336589992 0.211999997
vt -0.336589992 0.208000004
vt -0.336589992 0.211999997
vt -0.343391001 0.208000004
vt -0.343391001 0.208000004
vt -0.336589992 0.211999997
vt -0.343391001 0.211999997
vt -0.343391001 0.208000004
vt -0.343391001 0.211999997
vt -0.350612998 0.208000004
vt -0.350612998 0.208000004
vt -0.343391001 0.211999997
vt -0.350612998 0.211999997
vt -0.350612998 0.208000004
vt -0.350612998 0.211999997
vt -0.358049005 0.208000004
vt -0.358049005 0.208000004
vt -0.350612998 0.211999997
vt -0.358049005 0.211999997
vt -0.358049005 0.208000004
vt -0.358049005 0.211999997
vt -0.365485013 0.208000004
vt -0.365485013 0.208000004
vt -0.358049005 0.211999997
vt -0.365485013 0.211999997
vt -0.365485013 0.208000004
vt -0.365485013 0.211999997
vt -0.372707009 0.208000004
vt -0.372707009 0.208000004
vt -0.365485013 0.211999997
vt -0.372707009 0.211999997
vt -0.372707009 0.208000004
vt -0.372707009 0.211999997
vt -0.379507005 0.208000004
vt -0.379507005 0.208000004
vt -0.372707009 0.211999997
vt -0.379507005 0.211999997
vt -0.379507005 0.208000004
vt -0.379507005 0.211999997
vt -0.385690004 0.208000004
vt -0.385690004 0.208000004
vt -0.379507005 0.211999997
vt -0.385690004 0.211999997
vt -0.385690004 0.208000004
vt -0.385690004 0.211999997
vt -0.391077995 0.208000004
vt -0.391077995 0.208000004
vt -0.385690004 0.211999997
vt -0.391077995 0.211999997
vt 0.0686519966 0.208000004
vt 0.0686519966 0.211999997
vt 0.0637430027 0.208000004
vt 0.0637430027 0.208000004
vt 0.0686519966 0.211999997
vt 0.0637430027 0.211999997
vt 0.0637430027 0.208000004
vt 0.0637430027 0.211999997
vt 0.0582909994 0.208000004
vt 0.0582909994 0.208000004
vt 0.0637430027 0.211999997
vt 0.0582909994 0.211999997
vt 0.0582909994 0.208000004
vt 0.0582909994 0.211999997
vt 0.0524520017 0.208000004
vt 0.0524520017 0.208000004
vt 0.0582909994 0.211999997
vt 0.0524520017 0.211999997
vt 0.0524520017 0.208000004
vt 0.0524520017 0.211999997
vt 0.0463959984 0.208000004
vt 0.0463959984 0.208000004
vt 0.0524520017 0.211999997
vt 0.0463959984 0.211999997
vt 0.0463959984 0.208000004
vt 0.0463959984 0.211999997
vt 0.0448679999 0.208000004
vt 0.0402950011 0.211999997
vt 0.0448679999 0.208000004
vt 0.0448679999 0.211999997
vt 0.0448679999 0.211999997
vt 0.0448679999 0.208000004
vt 0.0463959984 0.211999997
vt 0.0448679999 0.236000001
vt 0.0463959984 0.236000001
vt 0.0463959984 0.239999995
vt -0.0463959984 0.239999995
vt -0.0463959984 0.236000001
vt -0.0463959984 0.236000001
vt 0.0463959984 0.239999995
vt 0.0463959984 0.236000001
vt 0.0524520017 0.239999995
vt 0.0524520017 0.239999995
vt 0.0463959984 0.236000001
vt 0.0524520017 0.236000001
vt 0.0524520017 0.239999995
vt 0.0524520017 0.236000001
vt 0.0582909994 0.239999995
vt 0.0582909994 0.239999995
vt 0.0524520017 0.236000001
vt 0.0582909994 0.236000001
vt 0.0582909994 0.239999995
vt 0.0582909994 0.236000001
vt 0.0637430027 0.239999995
vt 0.0637430027 0.239999995
vt 0.0582909994 0.236000001
vt 0.0637430027 0.236000001
vt 0.0637430027 0.239999995
vt 0.0637430027 0.236000001
vt 0.0686519966 0.239999995
vt 0.0686519966 0.239999995
vt 0.0637430027 0.236000001
vt 0.0686519966 0.236000001
vt -0.391077995 0.239999995
vt -0.391077995 0.236000001
vt -0.385690004 0.239999995
vt -0.385690004 0.239999995
vt -0.391077995 0.236000001
vt -0.385690004 0.236000001
vt -0.385690004 0.239999995
vt -0.385690004 0.236000001
vt -0.379507005 0.239999995
vt -0.379507005 0.239999995
vt -0.385690004 0.236000001
vt -0.379507005 0.236000001
vt -0.379507005 0.239999995
vt -0.379507005 0.236000001
vt -0.372707009 0.239999995
vt -0.372707009 0.239999995
vt -0.379507005 0.236000001
vt -0.372707009 0.236000001
vt -0.372707009 0.239999995
vt -0.372707009 0.236000001
vt -0.365485013 0.239999995
vt -0.365485013 0.239999995
vt -0.372707009 0.236000001
vt -0.365485013 0.236000001
vt -0.365485013 0.239999995
vt -0.365485013 0.236000001
vt -0.358049005 0.239999995
vt -0.358049005 0.239999995
vt -0.365485013 0.236000001
vt -0.358049005 0.236000001
vt -0.358049005 0.239999995
vt -0.358049005 0.236000001
vt -0.350612998 0.239999995
vt -0.350612998 0.239999995
vt -0.358049005 0.236000001
vt -0.350612998 0.236000001
vt -0.350612998 0.239999995
vt -0.350612998 0.236000001
vt -0.343391001 0.239999995
vt -0.343391001 0.239999995
vt -0.350612998 0.236000001
vt -0.343391001 0.236000001
vt -0.343391001 0.239999995
vt -0.343391001 0.236000001
vt -0.336589992 0.239999995
vt -0.336589992 0.239999995
vt -0.343391001 0.236000001
vt -0.336589992 0.236000001
vt -0.336589992 0.239999995
vt -0.336589992 0.236000001
vt -0.330406994 0.239999995
vt -0.330406994 0.239999995
vt -0.336589992 0.236000001
vt -0.330406994 0.236000001
vt -0.330406994 0.239999995
vt -0.330406994 0.236000001
vt -0.325019002 0.239999995
vt -0.325019002 0.239999995
vt -0.330406994 0.236000001
vt -0.325019002 0.236000001
vt -0.0686519966 0.239999995
vt -0.0686519966 0.236000001
vt -0.0637430027 0.239999995
vt -0.0637430027 0.239999995
vt -0.0686519966 0.236000001
vt -0.0637430027 0.236000001
vt -0.0637430027 0.239999995
vt -0.0637430027 0.236000001
vt -0.0582909994 0.239999995
vt -0.0582909994 0.239999995
vt -0.0637430027 0.236000001
vt -0.0582909994 0.236000001
vt -0.0582909994 0.239999995
vt -0.0582909994 0.236000001
vt -0.0524520017 0.239999995
vt -0.0524520017 0.239999995
vt -0.0582909994 0.236000001
vt -0.0524520017 0.236000001
vt -0.0524520017 0.239999995
vt -0.0524520017 0.236000001
vt -0.0463959984 0.239999995
vt -0.0463959984 0.239999995
vt -0.0524520017 0.236000001
vt -0.0463959984 0.236000001
vt -0.0463959984 0.239999995
vt -0.0463959984 0.236000001
vt -0.0402950011 0.239999995
vt -0.0402950011 0.239999995
vt -0.0463959984 0.236000001
vt -0.0402950011 0.236000001
vt -0.0402950011 0.239999995
vt -0.0402950011 0.236000001
vt -0.0343259983 0.239999995
vt -0.0343259983 0.239999995
vt -0.0402950011 0.236000001
vt -0.0343259983 0.236000001
vt -0.0343259983 0.239999995
vt -0.0343259983 0.236000001
vt -0.0286609996 0.239999995
vt -0.0286609996 0.239999995
vt -0.0343259983 0.236000001
vt -0.0286609996 0.236000001
vt -0.0286609996 0.239999995
vt -0.0286609996 0.236000001
vt -0.0234609991 0.239999995
vt -0.0234609991 0.239999995
vt -0.0286609996 0.236000001
vt -0.0234609991 0.236000001
vt 0.322672993 0.239999995
vt 0.322672993 0.236000001
vt 0.327603012 0.239999995
vt 0.327603012 0.239999995
vt 0.322672993 0.236000001
vt 0.327603012 0.236000001
vt 0.327603012 0.239999995
vt 0.327603012 0.236000001
vt 0.333409995 0.239999995
vt 0.333409995 0.239999995
vt 0.327603012 0.236000001
vt 0.333409995 0.236000001
vt 0.333409995 0.239999995
vt 0.333409995 0.236000001
vt 0.339924991 0.239999995
vt 0.339924991 0.239999995
vt 0.333409995 0.236000001
vt 0.339924991 0.236000001
vt 0.339924991 0.239999995
vt 0.339924991 0.236000001
vt 0.346962005 0.239999995
vt 0.346962005 0.239999995
vt 0.339924991 0.236000001
vt 0.346962005 0.236000001
vt 0.346962005 0.239999995
vt 0.346962005 0.236000001
vt 0.354317009 0.239999995
vt 0.354317009 0.239999995
vt 0.346962005 0.236000001
vt 0.354317009 0.236000001
vt 0.354317009 0.239999995
vt 0.354317009 0.236000001
vt 0.361779988 0.239999995
vt 0.361779988 0.239999995
vt 0.354317009 0.236000001
vt 0.361779988 0.236000001
vt 0.361779988 0.239999995
vt 0.361779988 0.236000001
vt 0.369136006 0.239999995
vt 0.369136006 0.239999995
vt 0.361779988 0.236000001
vt 0.369136006 0.236000001
vt 0.369136006 0.239999995
vt 0.369136006 0.236000001
vt 0.376172006 0.239999995
vt 0.376172006 0.239999995
vt 0.369136006 0.236000001
vt 0.376172006 0.236000001
vt 0.376172006 0.239999995
vt 0.376172006 0.236000001
vt 0.382687986 0.239999995
vt 0.382687986 0.239999995
vt 0.376172006 0.236000001
vt 0.382687986 0.236000001
vt 0.382687986 0.239999995
vt 0.382687986 0.236000001
vt 0.388494015 0.239999995
vt 0.388494015 0.239999995
vt 0.382687986 0.236000001
vt 0.388494015 0.236000001
vt 0.388494015 0.239999995
vt 0.388494015 0.236000001
vt 0.393424988 0.239999995
vt 0.393424988 0.239999995
vt 0.388494015 0.236000001
vt 0.393424988 0.236000001
vt 0.0234609991 0.239999995
vt 0.0234609991 0.236000001
vt 0.0286609996 0.239999995
vt 0.0286609996 0.239999995
vt 0.0234609991 0.236000001
vt 0.0286609996 0.236000001
vt 0.0286609996 0.239999995
vt 0.0286609996 0.236000001
vt 0.0343259983 0.239999995
vt 0.0343259983 0.239999995
vt 0.0286609996 0.236000001
vt 0.0343259983 0.236000001
vt 0.0343259983 0.239999995
vt 0.0343259983 0.236000001
vt 0.0402950011 0.239999995
vt 0.0402950011 0.239999995
vt 0.0343259983 0.236000001
vt 0.0402950011 0.236000001
vt 0.0402950011 0.239999995
vt 0.0402950011 0.236000001
vt 0.0448679999 0.236000001
vt 0.0463959984 0.239999995
vt 0.0448679999 0.239999995
vt 0.0448679999 0.236000001
vt 0.0448679999 0.236000001
vt 0.0448679999 0.239999995
vt 0.0402950011 0.239999995
vt -0.402049005 0.0448679999
vt -0.41268599 0.0397070013
vt -0.401692003 0.0402950011
vt -0.401692003 0.0402950011
vt -0.41268599 0.0397070013
vt -0.411083013 0.0329440013
vt -0.401692003 0.0402950011
vt -0.411083013 0.0329440013
vt -0.40011999 0.0343259983
vt -0.40011999 0.0343259983
vt -0.411083013 0.0329440013
vt -0.408235997 0.0264599994
vt -0.40011999 0.0343259983
vt -0.408235997 0.0264599994
vt -0.39733699 0.0286609996
vt -0.39733699 0.0286609996
vt -0.408235997 0.0264599994
vt -0.404213995 0.0204070006
vt -0.39733699 0.0286609996
vt -0.404213995 0.0204070006
vt -0.393424988 0.0234609991
vt -0.393424988 0.0234609991
vt -0.404213995 0.0204070006
vt -0.399109006 0.014928
vt -0.393424988 0.0234609991
vt -0.399109006 0.014928
vt -0.388494015 0.0188779999
vt -0.388494015 0.0188779999
vt -0.399109006 0.014928
vt -0.393041998 0.0101509998
vt -0.388494015 0.0188779999
vt -0.393041998 0.0101509998
vt -0.382687986 0.0150420005
vt -0.382687986 0.0150420005
vt -0.393041998 0.0101509998
vt -0.386155009 0.00618699985
vt -0.382687986 0.0150420005
vt -0.386155009 0.00618699985
vt -0.376172006 0.0120639997
vt -0.376172006 0.0120639997
vt -0.386155009 0.00618699985
vt -0.378609002 0.00313000008
vt -0.376172006 0.0120639997
vt -0.378609002 0.00313000008
vt -0.369136006 0.0100299995
vt -0.369136006 0.0100299995
vt -0.378609002 0.00313000008
vt -0.370581001 0.00105199998
vt -0.369136006 0.0100299995
vt -0.370581001 0.00105199998
vt -0.361779988 0.00899800006
vt -0.361779988 0.00899800006
vt -0.370581001 0.00105199998
vt -0.362259001 0
vt -0.361779988 0.00899800006
vt -0.362259001 0
vt -0.354317009 0.00899800006
vt -0.354317009 0.00899800006
vt -0.362259001 0
vt -0.353837997 0
vt -0.00899800006 0.239999995
vt 0 0.239999995
vt -0.00899800006 0.239999995
vt -0.354317009 0.00899800006
vt -0.353837997 0
vt -0.345517009 0.00105199998
vt -0.354317009 0.00899800006
vt -0.345517009 0.00105199998
vt -0.346962005 0.0100299995
vt -0.346962005 0.0100299995
vt -0.345517009 0.00105199998
vt -0.337489009 0.00313000008
vt -0.346962005 0.0100299995
vt -0.337489009 0.00313000008
vt -0.339924991 0.0120639997
vt -0.339924991 0.0120639997
vt -0.337489009 0.00313000008
vt -0.329943001 0.00618699985
vt -0.339924991 0.0120639997
vt -0.329943001 0.00618699985
vt -0.333409995 0.0150420005
vt -0.333409995 0.0150420005
vt -0.329943001 0.00618699985
vt -0.323054999 0.0101509998
vt -0.333409995 0.0150420005
vt -0.323054999 0.0101509998
vt -0.327603012 0.0188779999
vt -0.327603012 0.0188779999
vt -0.323054999 0.0101509998
vt -0.316987991 0.014928
vt -0.327603012 0.0188779999
vt -0.316987991 0.014928
vt -0.322672993 0.0234609991
vt -0.322672993 0.0234609991
vt -0.316987991 0.014928
vt -0.311883003 0.0204070006
vt -0.322672993 0.0234609991
vt -0.311883003 0.0204070006
vt -0.318760008 0.0286609996
vt -0.318760008 0.0286609996
vt -0.311883003 0.0204070006
vt -0.307861 0.0264599994
vt -0.318760008 0.0286609996
vt -0.307861 0.0264599994
vt -0.315977007 0.0343259983
vt -0.315977007 0.0343259983
vt -0.307861 0.0264599994
vt -0.305014998 0.0329440013
vt -0.315977007 0.0343259983
vt -0.305014998 0.0329440013
vt -0.314404994 0.0402950011
vt -0.314404994 0.0402950011
vt -0.305014998 0.0329440013
vt -0.30341199 0.0397070013
vt -0.314404994 0.0402950011
vt -0.30341199 0.0397070013
vt -0.314087987 0.0463959984
vt -0.314087987 0.0463959984
vt -0.30341199 0.0397070013
vt -0.303088993 0.0465920009
vt -0.0463959984 0.239999995
vt -0.0465920009 0.239999995
vt -0.0463959984 0.239999995
vt -0.314087987 0.0463959984
vt -0.303088993 0.0465920009
vt -0.304055005 0.0534359999
vt -0.314087987 0.0463959984
vt -0.304055005 0.0534359999
vt -0.315035999 0.0524520017
vt -0.315035999 0.0524520017
vt -0.304055005 0.0534359999
vt -0.306286007 0.0600790009
vt -0.315035999 0.0524520017
vt -0.306286007 0.0600790009
vt -0.317220986 0.0582909994
vt -0.317220986 0.0582909994
vt -0.306286007 0.0600790009
vt -0.309729993 0.0663650036
vt -0.317220986 0.0582909994
vt -0.309729993 0.0663650036
vt -0.320580989 0.0637430027
vt -0.320580989 0.0637430027
vt -0.309729993 0.0663650036
vt -0.314307988 0.0721480027
vt -0.320580989 0.0637430027
vt -0.314307988 0.0721480027
vt -0.325019002 0.0686519966
vt -0.325019002 0.0686519966
vt -0.314307988 0.0721480027
vt -0.31990999 0.0772909969
vt -0.325019002 0.0686519966
vt -0.31990999 0.0772909969
vt -0.330406994 0.0728769973
vt -0.330406994 0.0728769973
vt -0.31990999 0.0772909969
vt -0.326406002 0.0816750005
vt -0.330406994 0.0728769973
vt -0.326406002 0.0816750005
vt -0.336589992 0.0762960017
vt -0.336589992 0.0762960017
vt -0.326406002 0.0816750005
vt -0.333644003 0.0851949975
vt -0.336589992 0.0762960017
vt -0.333644003 0.0851949975
vt -0.343391001 0.0788120031
vt -0.343391001 0.0788120031
vt -0.333644003 0.0851949975
vt -0.341453999 0.0877709985
vt -0.343391001 0.0788120031
vt -0.341453999 0.0877709985
vt -0.350612998 0.0803499967
vt -0.350612998 0.0803499967
vt -0.341453999 0.0877709985
vt -0.349653006 0.0893409997
vt -0.350612998 0.0803499967
vt -0.349653006 0.0893409997
vt -0.358049005 0.0808679983
vt -0.358049005 0.0808679983
vt -0.349653006 0.0893409997
vt -0.358049005 0.0898680016
vt -0.0808679983 0.239999995
vt -0.0898680016 0.239999995
vt -0.0808679983 0.239999995
vt -0.358049005 0.0808679983
vt -0.358049005 0.0898680016
vt -0.366443992 0.0893409997
vt -0.358049005 0.0808679983
vt -0.366443992 0.0893409997
vt -0.365485013 0.0803499967
vt -0.365485013 0.0803499967
vt -0.366443992 0.0893409997
vt -0.374642998 0.0877709985
vt -0.365485013 0.0803499967
vt -0.374642998 0.0877709985
vt -0.372707009 0.0788120031
vt -0.372707009 0.0788120031
vt -0.374642998 0.0877709985
vt -0.382452995 0.0851949975
vt -0.372707009 0.0788120031
vt -0.382452995 0.0851949975
vt -0.379507005 0.0762960017
vt -0.379507005 0.0762960017
vt -0.382452995 0.0851949975
vt -0.389690995 0.0816750005
vt -0.379507005 0.0762960017
vt -0.389690995 0.0816750005
vt -0.385690004 0.0728769973
vt -0.385690004 0.0728769973
vt -0.389690995 0.0816750005
vt -0.396187007 0.0772909969
vt -0.385690004 0.0728769973
vt -0.396187007 0.0772909969
vt -0.391077995 0.0686519966
vt -0.391077995 0.0686519966
vt -0.396187007 0.0772909969
vt -0.401789993 0.0721480027
vt -0.391077995 0.0686519966
vt -0.401789993 0.0721480027
vt -0.395516008 0.0637430027
vt -0.395516008 0.0637430027
vt -0.401789993 0.0721480027
vt -0.406367004 0.0663650036
vt -0.395516008 0.0637430027
vt -0.406367004 0.0663650036
vt -0.398876011 0.0582909994
vt -0.398876011 0.0582909994
vt -0.406367004 0.0663650036
vt -0.40981099 0.0600790009
vt -0.398876011 0.0582909994
vt -0.40981099 0.0600790009
vt -0.401060998 0.0524520017
vt -0.401060998 0.0524520017
vt -0.40981099 0.0600790009
vt -0.412043005 0.0534359999
vt -0.401060998 0.0524520017
vt -0.412043005 0.0534359999
vt -0.40200901 0.0463959984
vt -0.40200901 0.0463959984
vt -0.412043005 0.0534359999
vt -0.413008004 0.0465920009
vt -0.40200901 0.0463959984
vt -0.413008004 0.0465920009
vt -0.402049005 0.0448679999
vt -0.413008004 0.0465920009
vt -0.413049012 0.0448679999
vt -0.402049005 0.0448679999
vt -0.402049005 0.0448679999
vt -0.413049012 0.0448679999
vt -0.41268599 0.0397070013
vt -0.52195102 0.0448679999
vt -0.532588005 0.0397070013
vt -0.521595001 0.0402950011
vt -0.521595001 0.0402950011
vt -0.532588005 0.0397070013
vt -0.530984998 0.0329440013
vt -0.521595001 0.0402950011
vt -0.530984998 0.0329440013
vt -0.520022988 0.0343259983
vt -0.520022988 0.0343259983
vt -0.530984998 0.0329440013
vt -0.528138995 0.0264599994
vt -0.520022988 0.0343259983
vt -0.528138995 0.0264599994
vt -0.517239988 0.0286609996
vt -0.517239988 0.0286609996
vt -0.528138995 0.0264599994
vt -0.52411598 0.0204070006
vt -0.517239988 0.0286609996
vt -0.52411598 0.0204070006
vt -0.513327003 0.0234609991
vt -0.513327003 0.0234609991
vt -0.52411598 0.0204070006
vt -0.519011974 0.014928
vt -0.513327003 0.0234609991
vt -0.519011974 0.014928
vt -0.508396983 0.0188779999
vt -0.508396983 0.0188779999
vt -0.519011974 0.014928
vt -0.512944996 0.0101509998
vt -0.508396983 0.0188779999
vt -0.512944996 0.0101509998
vt -0.502590001 0.0150420005
vt -0.502590001 0.0150420005
vt -0.512944996 0.0101509998
vt -0.506057024 0.00618699985
vt -0.502590001 0.0150420005
vt -0.506057024 0.00618699985
vt -0.496075004 0.0120639997
vt -0.496075004 0.0120639997
vt -0.506057024 0.00618699985
vt -0.498510987 0.00313000008
vt -0.496075004 0.0120639997
vt -0.498510987 0.00313000008
vt -0.489037991 0.0100299995
vt -0.489037991 0.0100299995
vt -0.498510987 0.00313000008
vt -0.490482986 0.00105199998
vt -0.489037991 0.0100299995
vt -0.490482986 0.00105199998
vt -0.481682986 0.00899800006
vt -0.481682986 0.00899800006
vt -0.490482986 0.00105199998
vt -0.482161999 0
vt -0.481682986 0.00899800006
vt -0.482161999 0
vt -0.474220008 0.00899800006
vt -0.474220008 0.00899800006
vt -0.482161999 0
vt -0.473740995 0
vt -0.00899800006 0.208000004
vt 0 0.208000004
vt -0.00899800006 0.208000004
vt -0.474220008 0.00899800006
vt -0.473740995 0
vt -0.465418994 0.00105199998
vt -0.474220008 0.00899800006
vt -0.465418994 0.00105199998
vt -0.46686399 0.0100299995
vt -0.46686399 0.0100299995
vt -0.465418994 0.00105199998
vt -0.457390994 0.00313000008
vt -0.46686399 0.0100299995
vt -0.457390994 0.00313000008
vt -0.459827989 0.0120639997
vt -0.459827989 0.0120639997
vt -0.457390994 0.00313000008
vt -0.449844986 0.00618699985
vt -0.459827989 0.0120639997
vt -0.449844986 0.00618699985
vt -0.45331201 0.0150420005
vt -0.45331201 0.0150420005
vt -0.449844986 0.00618699985
vt -0.442957997 0.0101509998
vt -0.45331201 0.0150420005
vt -0.442957997 0.0101509998
vt -0.447506011 0.0188779999
vt -0.447506011 0.0188779999
vt -0.442957997 0.0101509998
vt -0.43689099 0.014928
vt -0.447506011 0.0188779999
vt -0.43689099 0.014928
vt -0.442575008 0.0234609991
vt -0.442575008 0.0234609991
vt -0.43689099 0.014928
vt -0.431786001 0.0204070006
vt -0.442575008 0.0234609991
vt -0.431786001 0.0204070006
vt -0.438663006 0.0286609996
vt -0.438663006 0.0286609996
vt -0.431786001 0.0204070006
vt -0.427763999 0.0264599994
vt -0.438663006 0.0286609996
vt -0.427763999 0.0264599994
vt -0.435880005 0.0343259983
vt -0.435880005 0.0343259983
vt -0.427763999 0.0264599994
vt -0.424917012 0.0329440013
vt -0.435880005 0.0343259983
vt -0.424917012 0.0329440013
vt -0.434307992 0.0402950011
vt -0.434307992 0.0402950011
vt -0.424917012 0.0329440013
vt -0.423314005 0.0397070013
vt -0.434307992 0.0402950011
vt -0.423314005 0.0397070013
vt -0.433990985 0.0463959984
vt -0.433990985 0.0463959984
vt -0.423314005 0.0397070013
vt -0.422991991 0.0465920009
vt -0.0463959984 0.208000004
vt -0.0465920009 0.208000004
vt -0.0463959984 0.208000004
vt -0.433990985 0.0463959984
vt -0.422991991 0.0465920009
vt -0.42395699 0.0534359999
vt -0.433990985 0.0463959984
vt -0.42395699 0.0534359999
vt -0.434938997 0.0524520017
vt -0.434938997 0.0524520017
vt -0.42395699 0.0534359999
vt -0.426189005 0.0600790009
vt -0.434938997 0.0524520017
vt -0.426189005 0.0600790009
vt -0.437124014 0.0582909994
vt -0.437124014 0.0582909994
vt -0.426189005 0.0600790009
vt -0.429632992 0.0663650036
vt -0.437124014 0.0582909994
vt -0.429632992 0.0663650036
vt -0.440483987 0.0637430027
vt -0.440483987 0.0637430027
vt -0.429632992 0.0663650036
vt -0.434210002 0.0721480027
vt -0.440483987 0.0637430027
vt -0.434210002 0.0721480027
vt -0.444922 0.0686519966
vt -0.444922 0.0686519966
vt -0.434210002 0.0721480027
vt -0.439812988 0.0772909969
vt -0.444922 0.0686519966
vt -0.439812988 0.0772909969
vt -0.450309992 0.0728769973
vt -0.450309992 0.0728769973
vt -0.439812988 0.0772909969
vt -0.446309 0.0816750005
vt -0.450309992 0.0728769973
vt -0.446309 0.0816750005
vt -0.45649299 0.0762960017
vt -0.45649299 0.0762960017
vt -0.446309 0.0816750005
vt -0.453547001 0.0851949975
vt -0.45649299 0.0762960017
vt -0.453547001 0.0851949975
vt -0.463292986 0.0788120031
vt -0.463292986 0.0788120031
vt -0.453547001 0.0851949975
vt -0.461356997 0.0877709985
vt -0.463292986 0.0788120031
vt -0.461356997 0.0877709985
vt -0.470515013 0.0803499967
vt -0.470515013 0.0803499967
vt -0.461356997 0.0877709985
vt -0.469556004 0.0893409997
vt -0.470515013 0.0803499967
vt -0.469556004 0.0893409997
vt -0.47795099 0.0808679983
vt -0.47795099 0.0808679983
vt -0.469556004 0.0893409997
vt -0.47795099 0.0898680016
vt -0.0808679983 0.208000004
vt -0.0898680016 0.208000004
vt -0.0808679983 0.208000004
vt -0.47795099 0.0808679983
vt -0.47795099 0.0898680016
vt -0.48634699 0.0893409997
vt -0.47795099 0.0808679983
vt -0.48634699 0.0893409997
vt -0.485386997 0.0803499967
vt -0.485386997 0.0803499967
vt -0.48634699 0.0893409997
vt -0.494545996 0.0877709985
vt -0.485386997 0.0803499967
vt -0.494545996 0.0877709985
vt -0.492610008 0.0788120031
vt -0.492610008 0.0788120031
vt -0.494545996 0.0877709985
vt -0.502355993 0.0851949975
vt -0.492610008 0.0788120031
vt -0.502355993 0.0851949975
vt -0.499410003 0.0762960017
vt -0.499410003 0.0762960017
vt -0.502355993 0.0851949975
vt -0.509594023 0.0816750005
vt -0.499410003 0.0762960017
vt -0.509594023 0.0816750005
vt -0.505593002 0.0728769973
vt -0.505593002 0.0728769973
vt -0.509594023 0.0816750005
vt -0.516089976 0.0772909969
vt -0.505593002 0.0728769973
vt -0.516089976 0.0772909969
vt -0.510981023 0.0686519966
vt -0.510981023 0.0686519966
vt -0.516089976 0.0772909969
vt -0.521691978 0.0721480027
vt -0.510981023 0.0686519966
vt -0.521691978 0.0721480027
vt -0.515419006 0.0637430027
vt -0.515419006 0.0637430027
vt -0.521691978 0.0721480027
vt -0.526269019 0.0663650036
vt -0.515419006 0.0637430027
vt -0.526269019 0.0663650036
vt -0.518778026 0.0582909994
vt -0.518778026 0.0582909994
vt -0.526269019 0.0663650036
vt -0.529713988 0.0600790009
vt -0.518778026 0.0582909994
vt -0.529713988 0.0600790009
vt -0.520964026 0.0524520017
vt -0.520964026 0.0524520017
vt -0.529713988 0.0600790009
vt -0.53194499 0.0534359999
vt -0.520964026 0.0524520017
vt -0.53194499 0.0534359999
vt -0.521911979 0.0463959984
vt -0.521911979 0.0463959984
vt -0.53194499 0.0534359999
vt -0.532911003 0.0465920009
vt -0.521911979 0.0463959984
vt -0.532911003 0.0465920009
vt -0.52195102 0.0448679999
vt -0.0448679999 0.211999997
vt -0.0463959984 0.211999997
vt -0.0463959984 0.208000004
vt -0.0463959984 0.208000004
vt -0.0463959984 0.211999997
vt -0.0463959984 0.211999997
vt -0.0463959984 0.208000004
vt -0.0463959984 0.211999997
vt -0.0524520017 0.208000004
vt -0.0524520017 0.208000004
vt -0.0463959984 0.211999997
vt -0.0524520017 0.211999997
vt -0.0524520017 0.208000004
vt -0.0524520017 0.211999997
vt -0.0582909994 0.208000004
vt -0.0582909994 0.208000004
vt -0.0524520017 0.211999997
vt -0.0582909994 0.211999997
vt -0.0582909994 0.208000004
vt -0.0582909994 0.211999997
vt -0.0637430027 0.208000004
vt -0.0637430027 0.208000004
vt -0.0582909994 0.211999997
vt -0.0637430027 0.211999997
vt -0.0637430027 0.208000004
vt -0.0637430027 0.211999997
vt -0.0686519966 0.208000004
vt -0.0686519966 0.208000004
vt -0.0637430027 0.211999997
vt -0.0686519966 0.211999997
vt 0.510981023 0.208000004
vt 0.510981023 0.211999997
vt 0.505593002 0.208000004
vt 0.505593002 0.208000004
vt 0.510981023 0.211999997
vt 0.505593002 0.211999997
vt 0.505593002 0.208000004
vt 0.505593002 0.211999997
vt 0.499410003 0.208000004
vt 0.499410003 0.208000004
vt 0.505593002 0.211999997
vt 0.499410003 0.211999997
vt 0.499410003 0.208000004
vt 0.499410003 0.211999997
vt 0.492610008 0.208000004
vt 0.492610008 0.208000004
vt 0.499410003 0.211999997
vt 0.492610008 0.211999997
vt 0.492610008 0.208000004
vt 0.492610008 0.211999997
vt 0.485386997 0.208000004
vt 0.485386997 0.208000004
vt 0.492610008 0.211999997
vt 0.485386997 0.211999997
vt 0.485386997 0.208000004
vt 0.485386997 0.211999997
vt 0.47795099 0.208000004
vt 0.47795099 0.208000004
vt 0.485386997 0.211999997
vt 0.47795099 0.211999997
vt 0.47795099 0.208000004
vt 0.47795099 0.211999997
vt 0.470515013 0.208000004
vt 0.470515013 0.208000004
vt 0.47795099 0.211999997
vt 0.470515013 0.211999997
vt 0.470515013 0.208000004
vt 0.470515013 0.211999997
vt 0.463292986 0.208000004
vt 0.463292986 0.208000004
vt 0.470515013 0.211999997
vt 0.463292986 0.211999997
vt 0.463292986 0.208000004
vt 0.463292986 0.211999997
vt 0.45649299 0.208000004
vt 0.45649299 0.208000004
vt 0.463292986 0.211999997
vt 0.45649299 0.211999997
vt 0.45649299 0.208000004
vt 0.45649299 0.211999997
vt 0.450309992 0.208000004
vt 0.450309992 0.208000004
vt 0.45649299 0.211999997
vt 0.450309992 0.211999997
vt 0.450309992 0.208000004
vt 0.450309992 0.211999997
vt 0.444922 0.208000004
vt 0.444922 0.208000004
vt 0.450309992 0.211999997
vt 0.444922 0.211999997
vt 0.0686519966 0.208000004
vt 0.0686519966 0.211999997
vt 0.0637430027 0.208000004
vt 0.0637430027 0.208000004
vt 0.0686519966 0.211999997
vt 0.0637430027 0.211999997
vt 0.0637430027 0.208000004
vt 0.0637430027 0.211999997
vt 0.0582909994 0.208000004
vt 0.0582909994 0.208000004
vt 0.0637430027 0.211999997
vt 0.0582909994 0.211999997
vt 0.0582909994 0.208000004
vt 0.0582909994 0.211999997
vt 0.0524520017 0.208000004
vt 0.0524520017 0.208000004
vt 0.0582909994 0.211999997
vt 0.0524520017 0.211999997
vt 0.0524520017 0.208000004
vt 0.0524520017 0.211999997
vt 0.0463959984 0.208000004
vt 0.0463959984 0.208000004
vt 0.0524520017 0.211999997
vt 0.0463959984 0.211999997
vt 0.0463959984 0.208000004
vt 0.0463959984 0.211999997
vt 0.0402950011 0.208000004
vt 0.0402950011 0.208000004
vt 0.0463959984 0.211999997
vt 0.0402950011 0.211999997
vt 0.0402950011 0.208000004
vt 0.0402950011 0.211999997
vt 0.0343259983 0.208000004
vt 0.0343259983 0.208000004
vt 0.0402950011 0.211999997
vt 0.0343259983 0.211999997
vt 0.0343259983 0.208000004
vt 0.0343259983 0.211999997
vt 0.0286609996 0.208000004
vt 0.0286609996 0.208000004
vt 0.0343259983 0.211999997
vt 0.0286609996 0.211999997
vt 0.0286609996 0.208000004
vt 0.0286609996 0.211999997
vt 0.0234609991 0.208000004
vt 0.0234609991 0.208000004
vt 0.0286609996 0.211999997
vt 0.0234609991 0.211999997
vt -0.442575008 0.208000004
vt -0.442575008 0.211999997
vt -0.447506011 0.208000004
vt -0.447506011 0.208000004
vt -0.442575008 0.211999997
vt -0.447506011 0.211999997
vt -0.447506011 0.208000004
vt -0.447506011 0.211999997
vt -0.45331201 0.208000004
vt -0.45331201 0.208000004
vt -0.447506011 0.211999997
vt -0.45331201 0.211999997
vt -0.45331201 0.208000004
vt -0.45331201 0.211999997
vt -0.459827989 0.208000004
vt -0.459827989 0.208000004
vt -0.45331201 0.211999997
vt -0.459827989 0.211999997
vt -0.459827989 0.208000004
vt -0.459827989 0.211999997
vt -0.46686399 0.208000004
vt -0.46686399 0.208000004
vt -0.459827989 0.211999997
vt -0.46686399 0.211999997
vt -0.46686399 0.208000004
vt -0.46686399 0.211999997
vt -0.474220008 0.208000004
vt -0.474220008 0.208000004
vt -0.46686399 0.211999997
vt -0.474220008 0.211999997
vt -0.474220008 0.208000004
vt -0.474220008 0.211999997
vt -0.481682986 0.208000004
vt -0.481682986 0.208000004
vt -0.474220008 0.211999997
vt -0.481682986 0.211999997
vt -0.481682986 0.208000004
vt -0.481682986 0.211999997
vt -0.489037991 0.208000004
vt -0.489037991 0.208000004
vt -0.481682986 0.211999997
vt -0.489037991 0.211999997
vt -0.489037991 0.208000004
vt -0.489037991 0.211999997
vt -0.496075004 0.208000004
vt -0.496075004 0.208000004
vt -0.489037991 0.211999997
vt -0.496075004 0.211999997
vt -0.496075004 0.208000004
vt -0.496075004 0.211999997
vt -0.502590001 0.208000004
vt -0.502590001 0.208000004
vt -0.496075004 0.211999997
vt -0.502590001 0.211999997
vt -0.502590001 0.208000004
vt -0.502590001 0.211999997
vt -0.508396983 0.208000004
vt -0.508396983 0.208000004
vt -0.502590001 0.211999997
vt -0.508396983 0.211999997
vt -0.508396983 0.208000004
vt -0.508396983 0.211999997
vt -0.513327003 0.208000004
vt -0.513327003 0.208000004
vt -0.508396983 0.211999997
vt -0.513327003 0.211999997
vt -0.0234609991 0.208000004
vt -0.0234609991 0.211999997
vt -0.0286609996 0.208000004
vt -0.0286609996 0.208000004
vt -0.0234609991 0.211999997
vt -0.0286609996 0.211999997
vt -0.0286609996 0.208000004
vt -0.0286609996 0.211999997
vt -0.0343259983 0.208000004
vt -0.0343259983 0.208000004
vt -0.0286609996 0.211999997
vt -0.0343259983 0.211999997
vt -0.0343259983 0.208000004
vt -0.0343259983 0.211999997
vt -0.0402950011 0.208000004
vt -0.0402950011 0.208000004
vt -0.0343259983 0.211999997
vt -0.0402950011 0.211999997
vt -0.0402950011 0.208000004
vt -0.0402950011 0.211999997
vt -0.0448679999 0.208000004
vt -0.402049005 0.0448779985
vt -0.41268599 0.039717
vt -0.401692003 0.0403049998
vt -0.401692003 0.0403049998
vt -0.41268599 0.039717
vt -0.411083013 0.0329539999
vt -0.401692003 0.0403049998
vt -0.411083013 0.0329539999
vt -0.40011999 0.0343360007
vt -0.40011999 0.0343360007
vt -0.411083013 0.0329539999
vt -0.408235997 0.0264699999
vt -0.40011999 0.0343360007
vt -0.408235997 0.0264699999
vt -0.39733699 0.0286699999
vt -0.39733699 0.0286699999
vt -0.408235997 0.0264699999
vt -0.404213995 0.0204169992
vt -0.39733699 0.0286699999
vt -0.404213995 0.0204169992
vt -0.393424988 0.0234709997
vt -0.393424988 0.0234709997
vt -0.404213995 0.0204169992
vt -0.399109006 0.0149379997
vt -0.393424988 0.0234709997
vt -0.399109006 0.0149379997
vt -0.388494015 0.0188870002
vt -0.388494015 0.0188870002
vt -0.399109006 0.0149379997
vt -0.393041998 0.0101610003
vt -0.388494015 0.0188870002
vt -0.393041998 0.0101610003
vt -0.382687986 0.0150509998
vt -0.382687986 0.0150509998
vt -0.393041998 0.0101610003
vt -0.386155009 0.00619699992
vt -0.382687986 0.0150509998
vt -0.386155009 0.00619699992
vt -0.376172006 0.0120740002
vt -0.376172006 0.0120740002
vt -0.386155009 0.00619699992
vt -0.378609002 0.00313999993
vt -0.376172006 0.0120740002
vt -0.378609002 0.00313999993
vt -0.369136006 0.0100389998
vt -0.369136006 0.0100389998
vt -0.378609002 0.00313999993
vt -0.370581001 0.00106100005
vt -0.369136006 0.0100389998
vt -0.370581001 0.00106100005
vt -0.361779988 0.00900700036
vt -0.361779988 0.00900700036
vt -0.370581001 0.00106100005
vt -0.362259001 9.99999975e-06
vt -0.361779988 0.00900700036
vt -0.362259001 9.99999975e-06
vt -0.354317009 0.00900700036
vt -0.354317009 0.00900700036
vt -0.362259001 9.99999975e-06
vt -0.353837997 9.99999975e-06
vt -0.00900700036 -0.208000004
vt -9.99999975e-06 -0.208000004
vt -0.00900700036 -0.208000004
vt -0.354317009 0.00900700036
vt -0.353837997 9.99999975e-06
vt -0.345517009 0.00106100005
vt -0.354317009 0.00900700036
vt -0.345517009 0.00106100005
vt -0.346962005 0.0100389998
vt -0.346962005 0.0100389998
vt -0.345517009 0.00106100005
vt -0.337489009 0.00313999993
vt -0.346962005 0.0100389998
vt -0.337489009 0.00313999993
vt -0.339924991 0.0120740002
vt -0.339924991 0.0120740002
vt -0.337489009 0.00313999993
vt -0.329943001 0.00619699992
vt -0.339924991 0.0120740002
vt -0.329943001 0.00619699992
vt -0.333409995 0.0150509998
vt -0.333409995 0.0150509998
vt -0.329943001 0.00619699992
vt -0.323054999 0.0101610003
vt -0.333409995 0.0150509998
vt -0.323054999 0.0101610003
vt -0.327603012 0.0188870002
vt -0.327603012 0.0188870002
vt -0.323054999 0.0101610003
vt -0.316987991 0.0149379997
vt -0.327603012 0.0188870002
vt -0.316987991 0.0149379997
vt -0.322672993 0.0234709997
vt -0.322672993 0.0234709997
vt -0.316987991 0.0149379997
vt -0.311883003 0.0204169992
vt -0.322672993 0.0234709997
vt -0.311883003 0.0204169992
vt -0.318760008 0.0286699999
vt -0.318760008 0.0286699999
vt -0.311883003 0.0204169992
vt -0.307861 0.0264699999
vt -0.318760008 0.0286699999
vt -0.307861 0.0264699999
vt -0.315977007 0.0343360007
vt -0.315977007 0.0343360007
vt -0.307861 0.0264699999
vt -0.305014998 0.0329539999
vt -0.315977007 0.0343360007
vt -0.305014998 0.0329539999
vt -0.314404994 0.0403049998
vt -0.314404994 0.0403049998
vt -0.305014998 0.0329539999
vt -0.30341199 0.039717
vt -0.314404994 0.0403049998
vt -0.30341199 0.039717
vt -0.314087987 0.0464060009
vt -0.314087987 0.0464060009
vt -0.30341199 0.039717
vt -0.303088993 0.0466010012
vt -0.0464060009 -0.208000004
vt -0.0466010012 -0.208000004
vt -0.0464060009 -0.208000004
vt -0.314087987 0.0464060009
vt -0.303088993 0.0466010012
vt -0.304055005 0.0534450002
vt -0.314087987 0.0464060009
vt -0.304055005 0.0534450002
vt -0.315035999 0.0524620004
vt -0.315035999 0.0524620004
vt -0.304055005 0.0534450002
vt -0.306286007 0.0600889996
vt -0.315035999 0.0524620004
vt -0.306286007 0.0600889996
vt -0.317220986 0.0583010018
vt -0.317220986 0.0583010018
vt -0.306286007 0.0600889996
vt -0.309729993 0.0663750023
vt -0.317220986 0.0583010018
vt -0.309729993 0.0663750023
vt -0.320580989 0.0637530014
vt -0.320580989 0.0637530014
vt -0.309729993 0.0663750023
vt -0.314307988 0.0721580014
vt -0.320580989 0.0637530014
vt -0.314307988 0.0721580014
vt -0.325019002 0.0686620027
vt -0.325019002 0.0686620027
vt -0.314307988 0.0721580014
vt -0.31990999 0.077301003
vt -0.325019002 0.0686620027
vt -0.31990999 0.077301003
vt -0.330406994 0.0728870034
vt -0.330406994 0.0728870034
vt -0.31990999 0.077301003
vt -0.326406002 0.0816849992
vt -0.330406994 0.0728870034
vt -0.326406002 0.0816849992
vt -0.336589992 0.0763060004
vt -0.336589992 0.0763060004
vt -0.326406002 0.0816849992
vt -0.333644003 0.0852050036
vt -0.336589992 0.0763060004
vt -0.333644003 0.0852050036
vt -0.343391001 0.0788210034
vt -0.343391001 0.0788210034
vt -0.333644003 0.0852050036
vt -0.341453999 0.0877809972
vt -0.343391001 0.0788210034
vt -0.341453999 0.0877809972
vt -0.350612998 0.0803600028
vt -0.350612998 0.0803600028
vt -0.341453999 0.0877809972
vt -0.349653006 0.08935
vt -0.350612998 0.0803600028
vt -0.349653006 0.08935
vt -0.358049005 0.080877997
vt -0.358049005 0.080877997
vt -0.349653006 0.08935
vt -0.358049005 0.0898780003
vt -0.080877997 -0.208000004
vt -0.0898780003 -0.208000004
vt -0.080877997 -0.208000004
vt -0.358049005 0.080877997
vt -0.358049005 0.0898780003
vt -0.366443992 0.08935
vt -0.358049005 0.080877997
vt -0.366443992 0.08935
vt -0.365485013 0.0803600028
vt -0.365485013 0.0803600028
vt -0.366443992 0.08935
vt -0.374642998 0.0877809972
vt -0.365485013 0.0803600028
vt -0.374642998 0.0877809972
vt -0.372707009 0.0788210034
vt -0.372707009 0.0788210034
vt -0.374642998 0.0877809972
vt -0.382452995 0.0852050036
vt -0.372707009 0.0788210034
vt -0.382452995 0.0852050036
vt -0.379507005 0.0763060004
vt -0.379507005 0.0763060004
vt -0.382452995 0.0852050036
vt -0.389690995 0.0816849992
vt -0.379507005 0.0763060004
vt -0.389690995 0.0816849992
vt -0.385690004 0.0728870034
vt -0.385690004 0.0728870034
vt -0.389690995 0.0816849992
vt -0.396187007 0.077301003
vt -0.385690004 0.0728870034
vt -0.396187007 0.077301003
vt -0.391077995 0.0686620027
vt -0.391077995 0.0686620027
vt -0.396187007 0.077301003
vt -0.401789993 0.0721580014
vt -0.391077995 0.0686620027
vt -0.401789993 0.0721580014
vt -0.395516008 0.0637530014
vt -0.395516008 0.0637530014
vt -0.401789993 0.0721580014
vt -0.406367004 0.0663750023
vt -0.395516008 0.0637530014
vt -0.406367004 0.0663750023
vt -0.398876011 0.0583010018
vt -0.398876011 0.0583010018
vt -0.406367004 0.0663750023
vt -0.40981099 0.0600889996
vt -0.398876011 0.0583010018
vt -0.40981099 0.0600889996
vt -0.401060998 0.0524620004
vt -0.401060998 0.0524620004
vt -0.40981099 0.0600889996
vt -0.412043005 0.0534450002
vt -0.401060998 0.0524620004
vt -0.412043005 0.0534450002
vt -0.40200901 0.0464060009
vt -0.40200901 0.0464060009
vt -0.412043005 0.0534450002
vt -0.413008004 0.0466010012
vt -0.40200901 0.0464060009
vt -0.413008004 0.0466010012
vt -0.402049005 0.0448779985
vt 0.0448779985 -0.236000001
vt 0.0403049998 -0.236000001
vt 0.0403049998 -0.239999995
vt -0.0403049998 -0.239999995
vt -0.0403049998 -0.236000001
vt -0.0403049998 -0.236000001
vt 0.0403049998 -0.239999995
vt 0.0403049998 -0.236000001
vt 0.0343360007 -0.239999995
vt 0.0343360007 -0.239999995
vt 0.0403049998 -0.236000001
vt 0.0343360007 -0.236000001
vt 0.0343360007 -0.239999995
vt 0.0343360007 -0.236000001
vt 0.0286699999 -0.239999995
vt 0.0286699999 -0.239999995
vt 0.0343360007 -0.236000001
vt 0.0286699999 -0.236000001
vt 0.0286699999 -0.239999995
vt 0.0286699999 -0.236000001
vt 0.0234709997 -0.239999995
vt 0.0234709997 -0.239999995
vt 0.0286699999 -0.236000001
vt 0.0234709997 -0.236000001
vt 0.393424988 -0.239999995
vt 0.393424988 -0.236000001
vt 0.388494015 -0.239999995
vt 0.388494015 -0.239999995
vt 0.393424988 -0.236000001
vt 0.388494015 -0.236000001
vt 0.388494015 -0.239999995
vt 0.388494015 -0.236000001
vt 0.382687986 -0.239999995
vt 0.382687986 -0.239999995
vt 0.388494015 -0.236000001
vt 0.382687986 -0.236000001
vt 0.382687986 -0.239999995
vt 0.382687986 -0.236000001
vt 0.376172006 -0.239999995
vt 0.376172006 -0.239999995
vt 0.382687986 -0.236000001
vt 0.376172006 -0.236000001
vt 0.376172006 -0.239999995
vt 0.376172006 -0.236000001
vt 0.369136006 -0.239999995
vt 0.369136006 -0.239999995
vt 0.376172006 -0.236000001
vt 0.369136006 -0.236000001
vt 0.369136006 -0.239999995
vt 0.369136006 -0.236000001
vt 0.361779988 -0.239999995
vt 0.361779988 -0.239999995
vt 0.369136006 -0.236000001
vt 0.361779988 -0.236000001
vt 0.361779988 -0.239999995
vt 0.361779988 -0.236000001
vt 0.354317009 -0.239999995
vt 0.354317009 -0.239999995
vt 0.361779988 -0.236000001
vt 0.354317009 -0.236000001
vt 0.354317009 -0.239999995
vt 0.354317009 -0.236000001
vt 0.346962005 -0.239999995
vt 0.346962005 -0.239999995
vt 0.354317009 -0.236000001
vt 0.346962005 -0.236000001
vt 0.346962005 -0.239999995
vt 0.346962005 -0.236000001
vt 0.339924991 -0.239999995
vt 0.339924991 -0.239999995
vt 0.346962005 -0.236000001
vt 0.339924991 -0.236000001
vt 0.339924991 -0.239999995
vt 0.339924991 -0.236000001
vt 0.333409995 -0.239999995
vt 0.333409995 -0.239999995
vt 0.339924991 -0.236000001
vt 0.333409995 -0.236000001
vt 0.333409995 -0.239999995
vt 0.333409995 -0.236000001
vt 0.327603012 -0.239999995
vt 0.327603012 -0.239999995
vt 0.333409995 -0.236000001
vt 0.327603012 -0.236000001
vt 0.327603012 -0.239999995
vt 0.327603012 -0.236000001
vt 0.322672993 -0.239999995
vt 0.322672993 -0.239999995
vt 0.327603012 -0.236000001
vt 0.322672993 -0.236000001
vt -0.0234709997 -0.239999995
vt -0.0234709997 -0.236000001
vt -0.0286699999 -0.239999995
vt -0.0286699999 -0.239999995
vt -0.0234709997 -0.236000001
vt -0.0286699999 -0.236000001
vt -0.0286699999 -0.239999995
vt -0.0286699999 -0.236000001
vt -0.0343360007 -0.239999995
vt -0.0343360007 -0.239999995
vt -0.0286699999 -0.236000001
vt -0.0343360007 -0.236000001
vt -0.0343360007 -0.239999995
vt -0.0343360007 -0.236000001
vt -0.0403049998 -0.239999995
vt -0.0403049998 -0.239999995
vt -0.0343360007 -0.236000001
vt -0.0403049998 -0.236000001
vt -0.0403049998 -0.239999995
vt -0.0403049998 -0.236000001
vt -0.0464060009 -0.239999995
vt -0.0464060009 -0.239999995
vt -0.0403049998 -0.236000001
vt -0.0464060009 -0.236000001
vt -0.0464060009 -0.239999995
vt -0.0464060009 -0.236000001
vt -0.0524620004 -0.239999995
vt -0.0524620004 -0.239999995
vt -0.0464060009 -0.236000001
vt -0.0524620004 -0.236000001
vt -0.0524620004 -0.239999995
vt -0.0524620004 -0.236000001
vt -0.0583010018 -0.239999995
vt -0.0583010018 -0.239999995
vt -0.0524620004 -0.236000001
vt -0.0583010018 -0.236000001
vt -0.0583010018 -0.239999995
vt -0.0583010018 -0.236000001
vt -0.0637530014 -0.239999995
vt -0.0637530014 -0.239999995
vt -0.0583010018 -0.236000001
vt -0.0637530014 -0.236000001
vt -0.0637530014 -0.239999995
vt -0.0637530014 -0.236000001
vt -0.0686620027 -0.239999995
vt -0.0686620027 -0.239999995
vt -0.0637530014 -0.236000001
vt -0.0686620027 -0.236000001
vt -0.325019002 -0.239999995
vt -0.325019002 -0.236000001
vt -0.330406994 -0.239999995
vt -0.330406994 -0.239999995
vt -0.325019002 -0.236000001
vt -0.330406994 -0.236000001
vt -0.330406994 -0.239999995
vt -0.330406994 -0.236000001
vt -0.336589992 -0.239999995
vt -0.336589992 -0.239999995
vt -0.330406994 -0.236000001
vt -0.336589992 -0.236000001
vt -0.336589992 -0.239999995
vt -0.336589992 -0.236000001
vt -0.343391001 -0.239999995
vt -0.343391001 -0.239999995
vt -0.336589992 -0.236000001
vt -0.343391001 -0.236000001
vt -0.343391001 -0.239999995
vt -0.343391001 -0.236000001
vt -0.350612998 -0.239999995
vt -0.350612998 -0.239999995
vt -0.343391001 -0.236000001
vt -0.350612998 -0.236000001
vt -0.350612998 -0.239999995
vt -0.350612998 -0.236000001
vt -0.358049005 -0.239999995
vt -0.358049005 -0.239999995
vt -0.350612998 -0.236000001
vt -0.358049005 -0.236000001
vt -0.358049005 -0.239999995
vt -0.358049005 -0.236000001
vt -0.365485013 -0.239999995
vt -0.365485013 -0.239999995
vt -0.358049005 -0.236000001
vt -0.365485013 -0.236000001
vt -0.365485013 -0.239999995
vt -0.365485013 -0.236000001
vt -0.372707009 -0.239999995
vt -0.372707009 -0.239999995
vt -0.365485013 -0.236000001
vt -0.372707009 -0.236000001
vt -0.372707009 -0.239999995
vt -0.372707009 -0.236000001
vt -0.379507005 -0.239999995
vt -0.379507005 -0.239999995
vt -0.372707009 -0.236000001
vt -0.379507005 -0.236000001
vt -0.379507005 -0.239999995
vt -0.379507005 -0.236000001
vt -0.385690004 -0.239999995
vt -0.385690004 -0.239999995
vt -0.379507005 -0.236000001
vt -0.385690004 -0.236000001
vt -0.385690004 -0.239999995
vt -0.385690004 -0.236000001
vt -0.391077995 -0.239999995
vt -0.391077995 -0.239999995
vt -0.385690004 -0.236000001
vt -0.391077995 -0.236000001
vt 0.0686620027 -0.239999995
vt 0.0686620027 -0.236000001
vt 0.0637530014 -0.239999995
vt 0.0637530014 -0.239999995
vt 0.0686620027 -0.236000001
vt 0.0637530014 -0.236000001
vt 0.0637530014 -0.239999995
vt 0.0637530014 -0.236000001
vt 0.0583010018 -0.239999995
vt 0.0583010018 -0.239999995
vt 0.0637530014 -0.236000001
vt 0.0583010018 -0.236000001
vt 0.0583010018 -0.239999995
vt 0.0583010018 -0.236000001
vt 0.0524620004 -0.239999995
vt 0.0524620004 -0.239999995
vt 0.0583010018 -0.236000001
vt 0.0524620004 -0.236000001
vt 0.0524620004 -0.239999995
vt 0.0524620004 -0.236000001
vt 0.0464060009 -0.239999995
vt 0.0464060009 -0.239999995
vt 0.0524620004 -0.236000001
vt 0.0464060009 -0.236000001
vt 0.0464060009 -0.239999995
vt 0.0464060009 -0.236000001
vt 0.0448779985 -0.239999995
vt -0.0466010012 -0.208000004
vt -0.0448779985 -0.239999995
vt -0.0448779985 -0.208000004
vt -0.0448779985 -0.208000004
vt -0.0448779985 -0.239999995
vt -0.039717 -0.208000004
vt 0.413008004 0.0466010012
vt 0.402049005 0.0448779985
vt 0.413049012 0.0448779985
vt 0.413049012 0.0448779985
vt 0.402049005 0.0448779985
vt 0.41268599 0.039717
vt -0.0448779985 -0.239999995
vt -0.039717 -0.239999995
vt -0.039717 -0.208000004
vt -0.039717 -0.208000004
vt -0.039717 -0.239999995
vt -0.0329539999 -0.239999995
vt -0.039717 -0.208000004
vt -0.0329539999 -0.239999995
vt -0.0329539999 -0.208000004
vt -0.0329539999 -0.208000004
vt -0.0329539999 -0.239999995
vt -0.0264699999 -0.239999995
vt -0.0329539999 -0.208000004
vt -0.0264699999 -0.239999995
vt -0.0264699999 -0.208000004
vt -0.0264699999 -0.208000004
vt -0.0264699999 -0.239999995
vt -0.0204169992 -0.239999995
vt -0.0264699999 -0.208000004
vt -0.0204169992 -0.239999995
vt -0.0204169992 -0.208000004
vt -0.0204169992 -0.208000004
vt -0.0204169992 -0.239999995
vt -0.0149379997 -0.239999995
vt -0.0204169992 -0.208000004
vt -0.0149379997 -0.239999995
vt -0.0149379997 -0.208000004
vt -0.399109006 -0.208000004
vt -0.399109006 -0.239999995
vt -0.393041998 -0.239999995
vt -0.399109006 -0.208000004
vt -0.393041998 -0.239999995
vt -0.393041998 -0.208000004
vt -0.393041998 -0.208000004
vt -0.393041998 -0.239999995
vt -0.386155009 -0.239999995
vt -0.393041998 -0.208000004
vt -0.386155009 -0.239999995
vt -0.386155009 -0.208000004
vt -0.386155009 -0.208000004
vt -0.386155009 -0.239999995
vt -0.378609002 -0.239999995
vt -0.386155009 -0.208000004
vt -0.378609002 -0.239999995
vt -0.378609002 -0.208000004
vt -0.378609002 -0.208000004
vt -0.378609002 -0.239999995
vt -0.370581001 -0.239999995
vt -0.378609002 -0.208000004
vt -0.370581001 -0.239999995
vt -0.370581001 -0.208000004
vt -0.370581001 -0.208000004
vt -0.370581001 -0.239999995
vt -0.362259001 -0.239999995
vt -0.370581001 -0.208000004
vt -0.362259001 -0.239999995
vt -0.362259001 -0.208000004
vt -0.362259001 -0.208000004
vt -0.362259001 -0.239999995
vt -0.353837997 -0.239999995
vt -0.362259001 -0.208000004
vt -0.353837997 -0.239999995
vt -0.353837997 -0.208000004
vt -0.353837997 -0.208000004
vt -0.353837997 -0.239999995
vt -0.345517009 -0.239999995
vt -0.353837997 -0.208000004
vt -0.345517009 -0.239999995
vt -0.345517009 -0.208000004
vt -0.345517009 -0.208000004
vt -0.345517009 -0.239999995
vt -0.337489009 -0.239999995
vt -0.345517009 -0.208000004
vt -0.337489009 -0.239999995
vt -0.337489009 -0.208000004
vt -0.337489009 -0.208000004
vt -0.337489009 -0.239999995
vt -0.329943001 -0.239999995
vt -0.337489009 -0.208000004
vt -0.329943001 -0.239999995
vt -0.329943001 -0.208000004
vt -0.329943001 -0.208000004
vt -0.329943001 -0.239999995
vt -0.323054999 -0.239999995
vt -0.329943001 -0.208000004
vt -0.323054999 -0.239999995
vt -0.323054999 -0.208000004
vt -0.323054999 -0.208000004
vt -0.323054999 -0.239999995
vt -0.316987991 -0.239999995
vt -0.323054999 -0.208000004
vt -0.316987991 -0.239999995
vt -0.316987991 -0.208000004
vt 0.0149379997 -0.208000004
vt 0.0149379997 -0.239999995
vt 0.0204169992 -0.239999995
vt 0.0149379997 -0.208000004
vt 0.0204169992 -0.239999995
vt 0.0204169992 -0.208000004
vt 0.0204169992 -0.208000004
vt 0.0204169992 -0.239999995
vt 0.0264699999 -0.239999995
vt 0.0204169992 -0.208000004
vt 0.0264699999 -0.239999995
vt 0.0264699999 -0.208000004
vt 0.0264699999 -0.208000004
vt 0.0264699999 -0.239999995
vt 0.0329539999 -0.239999995
vt 0.0264699999 -0.208000004
vt 0.0329539999 -0.239999995
vt 0.0329539999 -0.208000004
vt 0.0329539999 -0.208000004
vt 0.0329539999 -0.239999995
vt 0.039717 -0.239999995
vt 0.0329539999 -0.208000004
vt 0.039717 -0.239999995
vt 0.039717 -0.208000004
vt 0.039717 -0.208000004
vt 0.039717 -0.239999995
vt 0.0466010012 -0.239999995
vt 0.039717 -0.208000004
vt 0.0466010012 -0.239999995
vt 0.0466010012 -0.208000004
vt 0.0466010012 -0.208000004
vt 0.0466010012 -0.239999995
vt 0.0534450002 -0.239999995
vt 0.0466010012 -0.208000004
vt 0.0534450002 -0.239999995
vt 0.0534450002 -0.208000004
vt 0.0534450002 -0.208000004
vt 0.0534450002 -0.239999995
vt 0.0600889996 -0.239999995
vt 0.0534450002 -0.208000004
vt 0.0600889996 -0.239999995
vt 0.0600889996 -0.208000004
vt 0.0600889996 -0.208000004
vt 0.0600889996 -0.239999995
vt 0.0663750023 -0.239999995
vt 0.0600889996 -0.208000004
vt 0.0663750023 -0.239999995
vt 0.0663750023 -0.208000004
vt 0.0663750023 -0.208000004
vt 0.0663750023 -0.239999995
vt 0.0721580014 -0.239999995
vt 0.0663750023 -0.208000004
vt 0.0721580014 -0.239999995
vt 0.0721580014 -0.208000004
vt 0.314307988 -0.208000004
vt 0.314307988 -0.239999995
vt 0.31990999 -0.239999995
vt 0.314307988 -0.208000004
vt 0.31990999 -0.239999995
vt 0.31990999 -0.208000004
vt 0.31990999 -0.208000004
vt 0.31990999 -0.239999995
vt 0.326406002 -0.239999995
vt 0.31990999 -0.208000004
vt 0.326406002 -0.239999995
vt 0.326406002 -0.208000004
vt 0.326406002 -0.208000004
vt 0.326406002 -0.239999995
vt 0.333644003 -0.239999995
vt 0.326406002 -0.208000004
vt 0.333644003 -0.239999995
vt 0.333644003 -0.208000004
vt 0.333644003 -0.208000004
vt 0.333644003 -0.239999995
vt 0.341453999 -0.239999995
vt 0.333644003 -0.208000004
vt 0.341453999 -0.239999995
vt 0.341453999 -0.208000004
vt 0.341453999 -0.208000004
vt 0.341453999 -0.239999995
vt 0.349653006 -0.239999995
vt 0.341453999 -0.208000004
vt 0.349653006 -0.239999995
vt 0.349653006 -0.208000004
vt 0.349653006 -0.208000004
vt 0.349653006 -0.239999995
vt 0.358049005 -0.239999995
vt 0.349653006 -0.208000004
vt 0.358049005 -0.239999995
vt 0.358049005 -0.208000004
vt 0.358049005 -0.208000004
vt 0.358049005 -0.239999995
vt 0.366443992 -0.239999995
vt 0.358049005 -0.208000004
vt 0.366443992 -0.239999995
vt 0.366443992 -0.208000004
vt 0.366443992 -0.208000004
vt 0.366443992 -0.239999995
vt 0.374642998 -0.239999995
vt 0.366443992 -0.208000004
vt 0.374642998 -0.239999995
vt 0.374642998 -0.208000004
vt 0.374642998 -0.208000004
vt 0.374642998 -0.239999995
vt 0.382452995 -0.239999995
vt 0.374642998 -0.208000004
vt 0.382452995 -0.239999995
vt 0.382452995 -0.208000004
vt 0.382452995 -0.208000004
vt 0.382452995 -0.239999995
vt 0.389690995 -0.239999995
vt 0.382452995 -0.208000004
vt 0.389690995 -0.239999995
vt 0.389690995 -0.208000004
vt 0.389690995 -0.208000004
vt 0.389690995 -0.239999995
vt 0.396187007 -0.239999995
vt 0.389690995 -0.208000004
vt 0.396187007 -0.239999995
vt 0.396187007 -0.208000004
vt 0.396187007 -0.208000004
vt 0.396187007 -0.239999995
vt 0.401789993 -0.239999995
vt 0.396187007 -0.208000004
vt 0.401789993 -0.239999995
vt 0.401789993 -0.208000004
vt -0.0721580014 -0.208000004
vt -0.0721580014 -0.239999995
vt -0.0663750023 -0.239999995
vt -0.0721580014 -0.208000004
vt -0.0663750023 -0.239999995
vt -0.0663750023 -0.208000004
vt -0.0663750023 -0.208000004
vt -0.0663750023 -0.239999995
vt -0.0600889996 -0.239999995
vt -0.0663750023 -0.208000004
vt -0.0600889996 -0.239999995
vt -0.0600889996 -0.208000004
vt -0.0600889996 -0.208000004
vt -0.0600889996 -0.239999995
vt -0.0534450002 -0.239999995
vt -0.0600889996 -0.208000004
vt -0.0534450002 -0.239999995
vt -0.0534450002 -0.208000004
vt -0.0534450002 -0.208000004
vt -0.0534450002 -0.239999995
vt -0.0466010012 -0.239999995
vt -0.0534450002 -0.208000004
vt -0.0466010012 -0.239999995
vt -0.0466010012 -0.208000004
vt -0.0466010012 -0.208000004
vt -0.0466010012 -0.239999995
vt -0.0448779985 -0.239999995
vt 0.532911003 0.0465920009
vt 0.52195102 0.0448679999
vt 0.532950997 0.0448679999
vt 0.532950997 0.0448679999
vt 0.52195102 0.0448679999
vt 0.532588005 0.0397070013
vt -0.532588005 0.0397070013
vt -0.52195102 0.0448679999
vt -0.532950997 0.0448679999
vt -0.532950997 0.0448679999
vt -0.52195102 0.0448679999
vt -0.532911003 0.0465920009
vt 0.402049005 0.0448779985
vt 0.401692003 0.0403049998
vt 0.41268599 0.039717
vt -0.039717 -0.239999995
vt -0.0403049998 -0.239999995
vt -0.0403049998 -0.239999995
vt 0.41268599 0.039717
vt 0.401692003 0.0403049998
vt 0.411083013 0.0329539999
vt 0.411083013 0.0329539999
vt 0.401692003 0.0403049998
vt 0.40011999 0.0343360007
vt 0.411083013 0.0329539999
vt 0.40011999 0.0343360007
vt 0.408235997 0.0264699999
vt 0.408235997 0.0264699999
vt 0.40011999 0.0343360007
vt 0.39733699 0.0286699999
vt 0.408235997 0.0264699999
vt 0.39733699 0.0286699999
vt 0.404213995 0.0204169992
vt 0.404213995 0.0204169992
vt 0.39733699 0.0286699999
vt 0.393424988 0.0234709997
vt 0.404213995 0.0204169992
vt 0.393424988 0.0234709997
vt 0.399109006 0.0149379997
vt 0.399109006 0.0149379997
vt 0.393424988 0.0234709997
vt 0.388494015 0.0188870002
vt 0.399109006 0.0149379997
vt 0.388494015 0.0188870002
vt 0.393041998 0.0101610003
vt 0.393041998 0.0101610003
vt 0.388494015 0.0188870002
vt 0.382687986 0.0150509998
vt 0.393041998 0.0101610003
vt 0.382687986 0.0150509998
vt 0.386155009 0.00619699992
vt 0.386155009 0.00619699992
vt 0.382687986 0.0150509998
vt 0.376172006 0.0120740002
vt 0.386155009 0.00619699992
vt 0.376172006 0.0120740002
vt 0.378609002 0.00313999993
vt 0.378609002 0.00313999993
vt 0.376172006 0.0120740002
vt 0.369136006 0.0100389998
vt 0.378609002 0.00313999993
vt 0.369136006 0.0100389998
vt 0.370581001 0.00106100005
vt 0.370581001 0.00106100005
vt 0.369136006 0.0100389998
vt 0.361779988 0.00900700036
vt 0.370581001 0.00106100005
vt 0.361779988 0.00900700036
vt 0.362259001 9.99999975e-06
vt -9.99999975e-06 -0.239999995
vt -0.00900700036 -0.239999995
vt -0.00900700036 -0.239999995
vt 0.362259001 9.99999975e-06
vt 0.361779988 0.00900700036
vt 0.353837997 9.99999975e-06
vt 0.353837997 9.99999975e-06
vt 0.361779988 0.00900700036
vt 0.354317009 0.00900700036
vt 0.353837997 9.99999975e-06
vt 0.354317009 0.00900700036
vt 0.345517009 0.00106100005
vt 0.345517009 0.00106100005
vt 0.354317009 0.00900700036
vt 0.346962005 0.0100389998
vt 0.345517009 0.00106100005
vt 0.346962005 0.0100389998
vt 0.337489009 0.00313999993
vt 0.337489009 0.00313999993
vt 0.346962005 0.0100389998
vt 0.339924991 0.0120740002
vt 0.337489009 0.00313999993
vt 0.339924991 0.0120740002
vt 0.329943001 0.00619699992
vt 0.329943001 0.00619699992
vt 0.339924991 0.0120740002
vt 0.333409995 0.0150509998
vt 0.329943001 0.00619699992
vt 0.333409995 0.0150509998
vt 0.323054999 0.0101610003
vt 0.323054999 0.0101610003
vt 0.333409995 0.0150509998
vt 0.327603012 0.0188870002
vt 0.323054999 0.0101610003
vt 0.327603012 0.0188870002
vt 0.316987991 0.0149379997
vt 0.316987991 0.0149379997
vt 0.327603012 0.0188870002
vt 0.322672993 0.0234709997
vt 0.316987991 0.0149379997
vt 0.322672993 0.0234709997
vt 0.311883003 0.0204169992
vt 0.311883003 0.0204169992
vt 0.322672993 0.0234709997
vt 0.318760008 0.0286699999
vt 0.311883003 0.0204169992
vt 0.318760008 0.0286699999
vt 0.307861 0.0264699999
vt 0.307861 0.0264699999
vt 0.318760008 0.0286699999
vt 0.315977007 0.0343360007
vt 0.307861 0.0264699999
vt 0.315977007 0.0343360007
vt 0.305014998 0.0329539999
vt 0.305014998 0.0329539999
vt 0.315977007 0.0343360007
vt 0.314404994 0.0403049998
vt 0.305014998 0.0329539999
vt 0.314404994 0.0403049998
vt 0.30341199 0.039717
vt 0.30341199 0.039717
vt 0.314404994 0.0403049998
vt 0.314087987 0.0464060009
vt 0.30341199 0.039717
vt 0.314087987 0.0464060009
vt 0.303088993 0.0466010012
vt -0.0466010012 -0.239999995
vt -0.0464060009 -0.239999995
vt -0.0464060009 -0.239999995
vt 0.303088993 0.0466010012
vt 0.314087987 0.0464060009
vt 0.304055005 0.0534450002
vt 0.304055005 0.0534450002
vt 0.314087987 0.0464060009
vt 0.315035999 0.0524620004
vt 0.304055005 0.0534450002
vt 0.315035999 0.0524620004
vt 0.306286007 0.0600889996
vt 0.306286007 0.0600889996
vt 0.315035999 0.0524620004
vt 0.317220986 0.0583010018
vt 0.306286007 0.0600889996
vt 0.317220986 0.0583010018
vt 0.309729993 0.0663750023
vt 0.309729993 0.0663750023
vt 0.317220986 0.0583010018
vt 0.320580989 0.0637530014
vt 0.309729993 0.0663750023
vt 0.320580989 0.0637530014
vt 0.314307988 0.0721580014
vt 0.314307988 0.0721580014
vt 0.320580989 0.0637530014
vt 0.325019002 0.0686620027
vt 0.314307988 0.0721580014
vt 0.325019002 0.0686620027
vt 0.31990999 0.077301003
vt 0.31990999 0.077301003
vt 0.325019002 0.0686620027
vt 0.330406994 0.0728870034
vt 0.31990999 0.077301003
vt 0.330406994 0.0728870034
vt 0.326406002 0.0816849992
vt 0.326406002 0.0816849992
vt 0.330406994 0.0728870034
vt 0.336589992 0.0763060004
vt 0.326406002 0.0816849992
vt 0.336589992 0.0763060004
vt 0.333644003 0.0852050036
vt 0.333644003 0.0852050036
vt 0.336589992 0.0763060004
vt 0.343391001 0.0788210034
vt 0.333644003 0.0852050036
vt 0.343391001 0.0788210034
vt 0.341453999 0.0877809972
vt 0.341453999 0.0877809972
vt 0.343391001 0.0788210034
vt 0.350612998 0.0803600028
vt 0.341453999 0.0877809972
vt 0.350612998 0.0803600028
vt 0.349653006 0.08935
vt 0.349653006 0.08935
vt 0.350612998 0.0803600028
vt 0.358049005 0.080877997
vt 0.349653006 0.08935
vt 0.358049005 0.080877997
vt 0.358049005 0.0898780003
vt -0.0898780003 -0.239999995
vt -0.080877997 -0.239999995
vt -0.080877997 -0.239999995
vt 0.358049005 0.0898780003
vt 0.358049005 0.080877997
vt 0.366443992 0.08935
vt 0.366443992 0.08935
vt 0.358049005 0.080877997
vt 0.365485013 0.0803600028
vt 0.366443992 0.08935
vt 0.365485013 0.0803600028
vt 0.374642998 0.0877809972
vt 0.374642998 0.0877809972
vt 0.365485013 0.0803600028
vt 0.372707009 0.0788210034
vt 0.374642998 0.0877809972
vt 0.372707009 0.0788210034
vt 0.382452995 0.0852050036
vt 0.382452995 0.0852050036
vt 0.372707009 0.0788210034
vt 0.379507005 0.0763060004
vt 0.382452995 0.0852050036
vt 0.379507005 0.0763060004
vt 0.389690995 0.0816849992
vt 0.389690995 0.0816849992
vt 0.379507005 0.0763060004
vt 0.385690004 0.0728870034
vt 0.389690995 0.0816849992
vt 0.385690004 0.0728870034
vt 0.396187007 0.077301003
vt 0.396187007 0.077301003
vt 0.385690004 0.0728870034
vt 0.391077995 0.0686620027
vt 0.396187007 0.077301003
vt 0.391077995 0.0686620027
vt 0.401789993 0.0721580014
vt 0.401789993 0.0721580014
vt 0.391077995 0.0686620027
vt 0.395516008 0.0637530014
vt 0.401789993 0.0721580014
vt 0.395516008 0.0637530014
vt 0.406367004 0.0663750023
vt 0.406367004 0.0663750023
vt 0.395516008 0.0637530014
vt 0.398876011 0.0583010018
vt 0.406367004 0.0663750023
vt 0.398876011 0.0583010018
vt 0.40981099 0.0600889996
vt 0.40981099 0.0600889996
vt 0.398876011 0.0583010018
vt 0.401060998 0.0524620004
vt 0.40981099 0.0600889996
vt 0.401060998 0.0524620004
vt 0.412043005 0.0534450002
vt 0.412043005 0.0534450002
vt 0.401060998 0.0524620004
vt 0.40200901 0.0464060009
vt 0.412043005 0.0534450002
vt 0.40200901 0.0464060009
vt 0.413008004 0.0466010012
vt 0.413008004 0.0466010012
vt 0.40200901 0.0464060009
vt 0.402049005 0.0448779985
vt -0.0448679999 0.239999995
vt -0.0463959984 0.239999995
vt -0.0463959984 0.236000001
vt -0.0463959984 0.236000001
vt -0.0463959984 0.239999995
vt -0.0463959984 0.239999995
vt -0.0463959984 0.236000001
vt -0.0463959984 0.239999995
vt -0.0524520017 0.236000001
vt -0.0524520017 0.236000001
vt -0.0463959984 0.239999995
vt -0.0524520017 0.239999995
vt -0.0524520017 0.236000001
vt -0.0524520017 0.239999995
vt -0.0582909994 0.236000001
vt -0.0582909994 0.236000001
vt -0.0524520017 0.239999995
vt -0.0582909994 0.239999995
vt -0.0582909994 0.236000001
vt -0.0582909994 0.239999995
vt -0.0637430027 0.236000001
vt -0.0637430027 0.236000001
vt -0.0582909994 0.239999995
vt -0.0637430027 0.239999995
vt -0.0637430027 0.236000001
vt -0.0637430027 0.239999995
vt -0.0686519966 0.236000001
vt -0.0686519966 0.236000001
vt -0.0637430027 0.239999995
vt -0.0686519966 0.239999995
vt 0.510981023 0.236000001
vt 0.510981023 0.239999995
vt 0.505593002 0.236000001
vt 0.505593002 0.236000001
vt 0.510981023 0.239999995
vt 0.505593002 0.239999995
vt 0.505593002 0.236000001
vt 0.505593002 0.239999995
vt 0.499410003 0.236000001
vt 0.499410003 0.236000001
vt 0.505593002 0.239999995
vt 0.499410003 0.239999995
vt 0.499410003 0.236000001
vt 0.499410003 0.239999995
vt 0.492610008 0.236000001
vt 0.492610008 0.236000001
vt 0.499410003 0.239999995
vt 0.492610008 0.239999995
vt 0.492610008 0.236000001
vt 0.492610008 0.239999995
vt 0.485386997 0.236000001
vt 0.485386997 0.236000001
vt 0.492610008 0.239999995
vt 0.485386997 0.239999995
vt 0.485386997 0.236000001
vt 0.485386997 0.239999995
vt 0.47795099 0.236000001
vt 0.47795099 0.236000001
vt 0.485386997 0.239999995
vt 0.47795099 0.239999995
vt 0.47795099 0.236000001
vt 0.47795099 0.239999995
vt 0.470515013 0.236000001
vt 0.470515013 0.236000001
vt 0.47795099 0.239999995
vt 0.470515013 0.239999995
vt 0.470515013 0.236000001
vt 0.470515013 0.239999995
vt 0.463292986 0.236000001
vt 0.463292986 0.236000001
vt 0.470515013 0.239999995
vt 0.463292986 0.239999995
vt 0.463292986 0.236000001
vt 0.463292986 0.239999995
vt 0.45649299 0.236000001
vt 0.45649299 0.236000001
vt 0.463292986 0.239999995
vt 0.45649299 0.239999995
vt 0.45649299 0.236000001
vt 0.45649299 0.239999995
vt 0.450309992 0.236000001
vt 0.450309992 0.236000001
vt 0.45649299 0.239999995
vt 0.450309992 0.239999995
vt 0.450309992 0.236000001
vt 0.450309992 0.239999995
vt 0.444922 0.236000001
vt 0.444922 0.236000001
vt 0.450309992 0.239999995
vt 0.444922 0.239999995
vt 0.0686519966 0.236000001
vt 0.0686519966 0.239999995
vt 0.0637430027 0.236000001
vt 0.0637430027 0.236000001
vt 0.0686519966 0.239999995
vt 0.0637430027 0.239999995
vt 0.0637430027 0.236000001
vt 0.0637430027 0.239999995
vt 0.0582909994 0.236000001
vt 0.0582909994 0.236000001
vt 0.0637430027 0.239999995
vt 0.0582909994 0.239999995
vt 0.0582909994 0.236000001
vt 0.0582909994 0.239999995
vt 0.0524520017 0.236000001
vt 0.0524520017 0.236000001
vt 0.0582909994 0.239999995
vt 0.0524520017 0.239999995
vt 0.0524520017 0.236000001
vt 0.0524520017 0.239999995
vt 0.0463959984 0.236000001
vt 0.0463959984 0.236000001
vt 0.0524520017 0.239999995
vt 0.0463959984 0.239999995
vt 0.0463959984 0.236000001
vt 0.0463959984 0.239999995
vt 0.0402950011 0.236000001
vt 0.0402950011 0.236000001
vt 0.0463959984 0.239999995
vt 0.0402950011 0.239999995
vt 0.0402950011 0.236000001
vt 0.0402950011 0.239999995
vt 0.0343259983 0.236000001
vt 0.0343259983 0.236000001
vt 0.0402950011 0.239999995
vt 0.0343259983 0.239999995
vt 0.0343259983 0.236000001
vt 0.0343259983 0.239999995
vt 0.0286609996 0.236000001
vt 0.0286609996 0.236000001
vt 0.0343259983 0.239999995
vt 0.0286609996 0.239999995
vt 0.0286609996 0.236000001
vt 0.0286609996 0.239999995
vt 0.0234609991 0.236000001
vt 0.0234609991 0.236000001
vt 0.0286609996 0.239999995
vt 0.0234609991 0.239999995
vt -0.442575008 0.236000001
vt -0.442575008 0.239999995
vt -0.447506011 0.236000001
vt -0.447506011 0.236000001
vt -0.442575008 0.239999995
vt -0.447506011 0.239999995
vt -0.447506011 0.236000001
vt -0.447506011 0.239999995
vt -0.45331201 0.236000001
vt -0.45331201 0.236000001
vt -0.447506011 0.239999995
vt -0.45331201 0.239999995
vt -0.45331201 0.236000001
vt -0.45331201 0.239999995
vt -0.459827989 0.236000001
vt -0.459827989 0.236000001
vt -0.45331201 0.239999995
vt -0.459827989 0.239999995
vt -0.459827989 0.236000001
vt -0.459827989 0.239999995
vt -0.46686399 0.236000001
vt -0.46686399 0.236000001
vt -0.459827989 0.239999995
vt -0.46686399 0.239999995
vt -0.46686399 0.236000001
vt -0.46686399 0.239999995
vt -0.474220008 0.236000001
vt -0.474220008 0.236000001
vt -0.46686399 0.239999995
vt -0.474220008 0.239999995
vt -0.474220008 0.236000001
vt -0.474220008 0.239999995
vt -0.481682986 0.236000001
vt -0.481682986 0.236000001
vt -0.474220008 0.239999995
vt -0.481682986 0.239999995
vt -0.481682986 0.236000001
vt -0.481682986 0.239999995
vt -0.489037991 0.236000001
vt -0.489037991 0.236000001
vt -0.481682986 0.239999995
vt -0.489037991 0.239999995
vt -0.489037991 0.236000001
vt -0.489037991 0.239999995
vt -0.496075004 0.236000001
vt -0.496075004 0.236000001
vt -0.489037991 0.239999995
vt -0.496075004 0.239999995
vt -0.496075004 0.236000001
vt -0.496075004 0.239999995
vt -0.502590001 0.236000001
vt -0.502590001 0.236000001
vt -0.496075004 0.239999995
vt -0.502590001 0.239999995
vt -0.502590001 0.236000001
vt -0.502590001 0.239999995
vt -0.508396983 0.236000001
vt -0.508396983 0.236000001
vt -0.502590001 0.239999995
vt -0.508396983 0.239999995
vt -0.508396983 0.236000001
vt -0.508396983 0.239999995
vt -0.513327003 0.236000001
vt -0.513327003 0.236000001
vt -0.508396983 0.239999995
vt -0.513327003 0.239999995
vt -0.0234609991 0.236000001
vt -0.0234609991 0.239999995
vt -0.0286609996 0.236000001
vt -0.0286609996 0.236000001
vt -0.0234609991 0.239999995
vt -0.0286609996 0.239999995
vt -0.0286609996 0.236000001
vt -0.0286609996 0.239999995
vt -0.0343259983 0.236000001
vt -0.0343259983 0.236000001
vt -0.0286609996 0.239999995
vt -0.0343259983 0.239999995
vt -0.0343259983 0.236000001
vt -0.0343259983 0.239999995
vt -0.0402950011 0.236000001
vt -0.0402950011 0.236000001
vt -0.0343259983 0.239999995
vt -0.0402950011 0.239999995
vt -0.0402950011 0.236000001
vt -0.0402950011 0.239999995
vt -0.0448679999 0.236000001
vt 0.52195102 0.0448679999
vt 0.532911003 0.0465920009
vt 0.521911979 0.0463959984
vt 0.521911979 0.0463959984
vt 0.532911003 0.0465920009
vt 0.53194499 0.0534359999
vt 0.521911979 0.0463959984
vt 0.53194499 0.0534359999
vt 0.520964026 0.0524520017
vt 0.520964026 0.0524520017
vt 0.53194499 0.0534359999
vt 0.529713988 0.0600790009
vt 0.520964026 0.0524520017
vt 0.529713988 0.0600790009
vt 0.518778026 0.0582909994
vt 0.518778026 0.0582909994
vt 0.529713988 0.0600790009
vt 0.526269019 0.0663650036
vt 0.518778026 0.0582909994
vt 0.526269019 0.0663650036
vt 0.515419006 0.0637430027
vt 0.515419006 0.0637430027
vt 0.526269019 0.0663650036
vt 0.521691978 0.0721480027
vt 0.515419006 0.0637430027
vt 0.521691978 0.0721480027
vt 0.510981023 0.0686519966
vt 0.510981023 0.0686519966
vt 0.521691978 0.0721480027
vt 0.516089976 0.0772909969
vt 0.510981023 0.0686519966
vt 0.516089976 0.0772909969
vt 0.505593002 0.0728769973
vt 0.505593002 0.0728769973
vt 0.516089976 0.0772909969
vt 0.509594023 0.0816750005
vt 0.505593002 0.0728769973
vt 0.509594023 0.0816750005
vt 0.499410003 0.0762960017
vt 0.499410003 0.0762960017
vt 0.509594023 0.0816750005
vt 0.502355993 0.0851949975
vt 0.499410003 0.0762960017
vt 0.502355993 0.0851949975
vt 0.492610008 0.0788120031
vt 0.492610008 0.0788120031
vt 0.502355993 0.0851949975
vt 0.494545996 0.0877709985
vt 0.492610008 0.0788120031
vt 0.494545996 0.0877709985
vt 0.485386997 0.0803499967
vt 0.485386997 0.0803499967
vt 0.494545996 0.0877709985
vt 0.48634699 0.0893409997
vt 0.485386997 0.0803499967
vt 0.48634699 0.0893409997
vt 0.47795099 0.0808679983
vt 0.47795099 0.0808679983
vt 0.48634699 0.0893409997
vt 0.47795099 0.0898680016
vt -0.0808679983 0.239999995
vt -0.0898680016 0.239999995
vt -0.0808679983 0.239999995
vt 0.47795099 0.0808679983
vt 0.47795099 0.0898680016
vt 0.469556004 0.0893409997
vt 0.47795099 0.0808679983
vt 0.469556004 0.0893409997
vt 0.470515013 0.0803499967
vt 0.470515013 0.0803499967
vt 0.469556004 0.0893409997
vt 0.461356997 0.0877709985
vt 0.470515013 0.0803499967
vt 0.461356997 0.0877709985
vt 0.463292986 0.0788120031
vt 0.463292986 0.0788120031
vt 0.461356997 0.0877709985
vt 0.453547001 0.0851949975
vt 0.463292986 0.0788120031
vt 0.453547001 0.0851949975
vt 0.45649299 0.0762960017
vt 0.45649299 0.0762960017
vt 0.453547001 0.0851949975
vt 0.446309 0.0816750005
vt 0.45649299 0.0762960017
vt 0.446309 0.0816750005
vt 0.450309992 0.0728769973
vt 0.450309992 0.0728769973
vt 0.446309 0.0816750005
vt 0.439812988 0.0772909969
vt 0.450309992 0.0728769973
vt 0.439812988 0.0772909969
vt 0.444922 0.0686519966
vt 0.444922 0.0686519966
vt 0.439812988 0.0772909969
vt 0.434210002 0.0721480027
vt 0.444922 0.0686519966
vt 0.434210002 0.0721480027
vt 0.440483987 0.0637430027
vt 0.440483987 0.0637430027
vt 0.434210002 0.0721480027
vt 0.429632992 0.0663650036
vt 0.440483987 0.0637430027
vt 0.429632992 0.0663650036
vt 0.437124014 0.0582909994
vt 0.437124014 0.0582909994
vt 0.429632992 0.0663650036
vt 0.426189005 0.0600790009
vt 0.437124014 0.0582909994
vt 0.426189005 0.0600790009
vt 0.434938997 0.0524520017
vt 0.434938997 0.0524520017
vt 0.426189005 0.0600790009
vt 0.42395699 0.0534359999
vt 0.434938997 0.0524520017
vt 0.42395699 0.0534359999
vt 0.433990985 0.0463959984
vt 0.433990985 0.0463959984
vt 0.42395699 0.0534359999
vt 0.422991991 0.0465920009
vt -0.0463959984 0.239999995
vt -0.0465920009 0.239999995
vt -0.0463959984 0.239999995
vt 0.433990985 0.0463959984
vt 0.422991991 0.0465920009
vt 0.423314005 0.0397070013
vt 0.433990985 0.0463959984
vt 0.423314005 0.0397070013
vt 0.434307992 0.0402950011
vt 0.434307992 0.0402950011
vt 0.423314005 0.0397070013
vt 0.424917012 0.0329440013
vt 0.434307992 0.0402950011
vt 0.424917012 0.0329440013
vt 0.435880005 0.0343259983
vt 0.435880005 0.0343259983
vt 0.424917012 0.0329440013
vt 0.427763999 0.0264599994
vt 0.435880005 0.0343259983
vt 0.427763999 0.0264599994
vt 0.438663006 0.0286609996
vt 0.438663006 0.0286609996
vt 0.427763999 0.0264599994
vt 0.431786001 0.0204070006
vt 0.438663006 0.0286609996
vt 0.431786001 0.0204070006
vt 0.442575008 0.0234609991
vt 0.442575008 0.0234609991
vt 0.431786001 0.0204070006
vt 0.43689099 0.014928
vt 0.442575008 0.0234609991
vt 0.43689099 0.014928
vt 0.447506011 0.0188779999
vt 0.447506011 0.0188779999
vt 0.43689099 0.014928
vt 0.442957997 0.0101509998
vt 0.447506011 0.0188779999
vt 0.442957997 0.0101509998
vt 0.45331201 0.0150420005
vt 0.45331201 0.0150420005
vt 0.442957997 0.0101509998
vt 0.449844986 0.00618699985
vt 0.45331201 0.0150420005
vt 0.449844986 0.00618699985
vt 0.459827989 0.0120639997
vt 0.459827989 0.0120639997
vt 0.449844986 0.00618699985
vt 0.457390994 0.00313000008
vt 0.459827989 0.0120639997
vt 0.457390994 0.00313000008
vt 0.46686399 0.0100299995
vt 0.46686399 0.0100299995
vt 0.457390994 0.00313000008
vt 0.465418994 0.00105199998
vt 0.46686399 0.0100299995
vt 0.465418994 0.00105199998
vt 0.474220008 0.00899800006
vt 0.474220008 0.00899800006
vt 0.465418994 0.00105199998
vt 0.473740995 0
vt -0.00899800006 0.239999995
vt 0 0.239999995
vt -0.00899800006 0.239999995
vt 0.474220008 0.00899800006
vt 0.473740995 0
vt 0.482161999 0
vt 0.474220008 0.00899800006
vt 0.482161999 0
vt 0.481682986 0.00899800006
vt 0.481682986 0.00899800006
vt 0.482161999 0
vt 0.490482986 0.00105199998
vt 0.481682986 0.00899800006
vt 0.490482986 0.00105199998
vt 0.489037991 0.0100299995
vt 0.489037991 0.0100299995
vt 0.490482986 0.00105199998
vt 0.498510987 0.00313000008
vt 0.489037991 0.0100299995
vt 0.498510987 0.00313000008
vt 0.496075004 0.0120639997
vt 0.496075004 0.0120639997
vt 0.498510987 0.00313000008
vt 0.506057024 0.00618699985
vt 0.496075004 0.0120639997
vt 0.506057024 0.00618699985
vt 0.502590001 0.0150420005
vt 0.502590001 0.0150420005
vt 0.506057024 0.00618699985
vt 0.512944996 0.0101509998
vt 0.502590001 0.0150420005
vt 0.512944996 0.0101509998
vt 0.508396983 0.0188779999
vt 0.508396983 0.0188779999
vt 0.512944996 0.0101509998
vt 0.519011974 0.014928
vt 0.508396983 0.0188779999
vt 0.519011974 0.014928
vt 0.513327003 0.0234609991
vt 0.513327003 0.0234609991
vt 0.519011974 0.014928
vt 0.52411598 0.0204070006
vt 0.513327003 0.0234609991
vt 0.52411598 0.0204070006
vt 0.517239988 0.0286609996
vt 0.517239988 0.0286609996
vt 0.52411598 0.0204070006
vt 0.528138995 0.0264599994
vt 0.517239988 0.0286609996
vt 0.528138995 0.0264599994
vt 0.520022988 0.0343259983
vt 0.520022988 0.0343259983
vt 0.528138995 0.0264599994
vt 0.530984998 0.0329440013
vt 0.520022988 0.0343259983
vt 0.530984998 0.0329440013
vt 0.521595001 0.0402950011
vt 0.521595001 0.0402950011
vt 0.530984998 0.0329440013
vt 0.532588005 0.0397070013
vt 0.521595001 0.0402950011
vt 0.532588005 0.0397070013
vt 0.52195102 0.0448679999
vt 0.0448679999 0.239999995
vt 0.0465920009 0.208000004
vt 0.0465920009 0.239999995
vt 0.0465920009 0.239999995
vt 0.0465920009 0.208000004
vt 0.0534359999 0.208000004
vt 0.0465920009 0.239999995
vt 0.0534359999 0.208000004
vt 0.0534359999 0.239999995
vt 0.0534359999 0.239999995
vt 0.0534359999 0.208000004
vt 0.0600790009 0.208000004
vt 0.0534359999 0.239999995
vt 0.0600790009 0.208000004
vt 0.0600790009 0.239999995
vt 0.0600790009 0.239999995
vt 0.0600790009 0.208000004
vt 0.0663650036 0.208000004
vt 0.0600790009 0.239999995
vt 0.0663650036 0.208000004
vt 0.0663650036 0.239999995
vt 0.0663650036 0.239999995
vt 0.0663650036 0.208000004
vt 0.0721480027 0.208000004
vt 0.0663650036 0.239999995
vt 0.0721480027 0.208000004
vt 0.0721480027 0.239999995
vt -0.521691978 0.239999995
vt -0.521691978 0.208000004
vt -0.516089976 0.208000004
vt -0.521691978 0.239999995
vt -0.516089976 0.208000004
vt -0.516089976 0.239999995
vt -0.516089976 0.239999995
vt -0.516089976 0.208000004
vt -0.509594023 0.208000004
vt -0.516089976 0.239999995
vt -0.509594023 0.208000004
vt -0.509594023 0.239999995
vt -0.509594023 0.239999995
vt -0.509594023 0.208000004
vt -0.502355993 0.208000004
vt -0.509594023 0.239999995
vt -0.502355993 0.208000004
vt -0.502355993 0.239999995
vt -0.502355993 0.239999995
vt -0.502355993 0.208000004
vt -0.494545996 0.208000004
vt -0.502355993 0.239999995
vt -0.494545996 0.208000004
vt -0.494545996 0.239999995
vt -0.494545996 0.239999995
vt -0.494545996 0.208000004
vt -0.48634699 0.208000004
vt -0.494545996 0.239999995
vt -0.48634699 0.208000004
vt -0.48634699 0.239999995
vt -0.48634699 0.239999995
vt -0.48634699 0.208000004
vt -0.47795099 0.208000004
vt -0.48634699 0.239999995
vt -0.47795099 0.208000004
vt -0.47795099 0.239999995
vt -0.47795099 0.239999995
vt -0.47795099 0.208000004
vt -0.469556004 0.208000004
vt -0.47795099 0.239999995
vt -0.469556004 0.208000004
vt -0.469556004 0.239999995
vt -0.469556004 0.239999995
vt -0.469556004 0.208000004
vt -0.461356997 0.208000004
vt -0.469556004 0.239999995
vt -0.461356997 0.208000004
vt -0.461356997 0.239999995
vt -0.461356997 0.239999995
vt -0.461356997 0.208000004
vt -0.453547001 0.208000004
vt -0.461356997 0.239999995
vt -0.453547001 0.208000004
vt -0.453547001 0.239999995
vt -0.453547001 0.239999995
vt -0.453547001 0.208000004
vt -0.446309 0.208000004
vt -0.453547001 0.239999995
vt -0.446309 0.208000004
vt -0.446309 0.239999995
vt -0.446309 0.239999995
vt -0.446309 0.208000004
vt -0.439812988 0.208000004
vt -0.446309 0.239999995
vt -0.439812988 0.208000004
vt -0.439812988 0.239999995
vt -0.439812988 0.239999995
vt -0.439812988 0.208000004
vt -0.434210002 0.208000004
vt -0.439812988 0.239999995
vt -0.434210002 0.208000004
vt -0.434210002 0.239999995
vt -0.0721480027 0.239999995
vt -0.0721480027 0.208000004
vt -0.0663650036 0.208000004
vt -0.0721480027 0.239999995
vt -0.0663650036 0.208000004
vt -0.0663650036 0.239999995
vt -0.0663650036 0.239999995
vt -0.0663650036 0.208000004
vt -0.0600790009 0.208000004
vt -0.0663650036 0.239999995
vt -0.0600790009 0.208000004
vt -0.0600790009 0.239999995
vt -0.0600790009 0.239999995
vt -0.0600790009 0.208000004
vt -0.0534359999 0.208000004
vt -0.0600790009 0.239999995
vt -0.0534359999 0.208000004
vt -0.0534359999 0.239999995
vt -0.0534359999 0.239999995
vt -0.0534359999 0.208000004
vt -0.0465920009 0.208000004
vt -0.0534359999 0.239999995
vt -0.0465920009 0.208000004
vt -0.0465920009 0.239999995
vt -0.0465920009 0.239999995
vt -0.0465920009 0.208000004
vt -0.0397070013 0.208000004
vt -0.0465920009 0.239999995
vt -0.0397070013 0.208000004
vt -0.0397070013 0.239999995
vt -0.0397070013 0.239999995
vt -0.0397070013 0.208000004
vt -0.0329440013 0.208000004
vt -0.0397070013 0.239999995
vt -0.0329440013 0.208000004
vt -0.0329440013 0.239999995
vt -0.0329440013 0.239999995
vt -0.0329440013 0.208000004
vt -0.0264599994 0.208000004
vt -0.0329440013 0.239999995
vt -0.0264599994 0.208000004
vt -0.0264599994 0.239999995
vt -0.0264599994 0.239999995
vt -0.0264599994 0.208000004
vt -0.0204070006 0.208000004
vt -0.0264599994 0.239999995
vt -0.0204070006 0.208000004
vt -0.0204070006 0.239999995
vt -0.0204070006 0.239999995
vt -0.0204070006 0.208000004
vt -0.014928 0.208000004
vt -0.0204070006 0.239999995
vt -0.014928 0.208000004
vt -0.014928 0.239999995
vt 0.43689099 0.239999995
vt 0.43689099 0.208000004
vt 0.442957997 0.208000004
vt 0.43689099 0.239999995
vt 0.442957997 0.208000004
vt 0.442957997 0.239999995
vt 0.442957997 0.239999995
vt 0.442957997 0.208000004
vt 0.449844986 0.208000004
vt 0.442957997 0.239999995
vt 0.449844986 0.208000004
vt 0.449844986 0.239999995
vt 0.449844986 0.239999995
vt 0.449844986 0.208000004
vt 0.457390994 0.208000004
vt 0.449844986 0.239999995
vt 0.457390994 0.208000004
vt 0.457390994 0.239999995
vt 0.457390994 0.239999995
vt 0.457390994 0.208000004
vt 0.465418994 0.208000004
vt 0.457390994 0.239999995
vt 0.465418994 0.208000004
vt 0.465418994 0.239999995
vt 0.465418994 0.239999995
vt 0.465418994 0.208000004
vt 0.473740995 0.208000004
vt 0.465418994 0.239999995
vt 0.473740995 0.208000004
vt 0.473740995 0.239999995
vt 0.473740995 0.239999995
vt 0.473740995 0.208000004
vt 0.482161999 0.208000004
vt 0.473740995 0.239999995
vt 0.482161999 0.208000004
vt 0.482161999 0.239999995
vt 0.482161999 0.239999995
vt 0.482161999 0.208000004
vt 0.490482986 0.208000004
vt 0.482161999 0.239999995
vt 0.490482986 0.208000004
vt 0.490482986 0.239999995
vt 0.490482986 0.239999995
vt 0.490482986 0.208000004
vt 0.498510987 0.208000004
vt 0.490482986 0.239999995
vt 0.498510987 0.208000004
vt 0.498510987 0.239999995
vt 0.498510987 0.239999995
vt 0.498510987 0.208000004
vt 0.506057024 0.208000004
vt 0.498510987 0.239999995
vt 0.506057024 0.208000004
vt 0.506057024 0.239999995
vt 0.506057024 0.239999995
vt 0.506057024 0.208000004
vt 0.512944996 0.208000004
vt 0.506057024 0.239999995
vt 0.512944996 0.208000004
vt 0.512944996 0.239999995
vt 0.512944996 0.239999995
vt 0.512944996 0.208000004
vt 0.519011974 0.208000004
vt 0.512944996 0.239999995
vt 0.519011974 0.208000004
vt 0.519011974 0.239999995
vt 0.014928 0.239999995
vt 0.014928 0.208000004
vt 0.0204070006 0.208000004
vt 0.014928 0.239999995
vt 0.0204070006 0.208000004
vt 0.0204070006 0.239999995
vt 0.0204070006 0.239999995
vt 0.0204070006 0.208000004
vt 0.0264599994 0.208000004
vt 0.0204070006 0.239999995
vt 0.0264599994 0.208000004
vt 0.0264599994 0.239999995
vt 0.0264599994 0.239999995
vt 0.0264599994 0.208000004
vt 0.0329440013 0.208000004
vt 0.0264599994 0.239999995
vt 0.0329440013 0.208000004
vt 0.0329440013 0.239999995
vt 0.0329440013 0.239999995
vt 0.0329440013 0.208000004
vt 0.0397070013 0.208000004
vt 0.0329440013 0.239999995
vt 0.0397070013 0.208000004
vt 0.0397070013 0.239999995
vt 0.0397070013 0.239999995
vt 0.0397070013 0.208000004
vt 0.0448679999 0.208000004
vt 0.492601007 0.0510790013
vt 0.490009993 0.0540819988
vt 0.47795099 0.0448679999
vt 0.47795099 0.0448679999
vt 0.490009993 0.0540819988
vt 0.486523986 0.0564029999
vt -0.0448679999 0.239999995
vt -0.0564029999 0.239999995
vt -0.0448679999 0.239999995
vt 0.47795099 0.0448679999
vt 0.486523986 0.0564029999
vt 0.48240301 0.0578670017
vt -0.0448679999 0.239999995
vt -0.0578670017 0.239999995
vt -0.0448679999 0.239999995
vt 0.47795099 0.0448679999
vt 0.48240301 0.0578670017
vt 0.47795099 0.0583680011
vt -0.0448679999 0.239999995
vt -0.0583680011 0.239999995
vt -0.0448679999 0.239999995
vt 0.47795099 0.0448679999
vt 0.47795099 0.0583680011
vt 0.473500013 0.0578670017
vt -0.0448679999 0.239999995
vt -0.0578670017 0.239999995
vt -0.0448679999 0.239999995
vt 0.47795099 0.0448679999
vt 0.473500013 0.0578670017
vt 0.469377995 0.0564029999
vt -0.0448679999 0.239999995
vt -0.0564029999 0.239999995
vt -0.0448679999 0.239999995
vt 0.47795099 0.0448679999
vt 0.469377995 0.0564029999
vt 0.465893 0.0540819988
vt -0.0448679999 0.239999995
vt -0.0540819988 0.239999995
vt -0.0448679999 0.239999995
vt 0.47795099 0.0448679999
vt 0.465893 0.0540819988
vt 0.463301003 0.0510790013
vt -0.0448679999 0.239999995
vt -0.0510790013 0.239999995
vt -0.0448679999 0.239999995
vt 0.47795099 0.0448679999
vt 0.463301003 0.0510790013
vt 0.461795986 0.0476149991
vt -0.0448679999 0.239999995
vt -0.0476149991 0.239999995
vt -0.0448679999 0.239999995
vt 0.47795099 0.0448679999
vt 0.461795986 0.0476149991
vt 0.461490005 0.0439470001
vt -0.0448679999 0.239999995
vt -0.0439470001 0.239999995
vt -0.0448679999 0.239999995
vt 0.47795099 0.0448679999
vt 0.461490005 0.0439470001
vt 0.462404013 0.0403469987
vt -0.0448679999 0.239999995
vt -0.0403469987 0.239999995
vt -0.0448679999 0.239999995
vt 0.47795099 0.0448679999
vt 0.462404013 0.0403469987
vt 0.464471012 0.0370829999
vt -0.0448679999 0.239999995
vt -0.0370829999 0.239999995
vt -0.0448679999 0.239999995
vt 0.47795099 0.0448679999
vt 0.464471012 0.0370829999
vt 0.467537999 0.0343960002
vt -0.0448679999 0.239999995
vt -0.0343960002 0.239999995
vt -0.0448679999 0.239999995
vt 0.47795099 0.0448679999
vt 0.467537999 0.0343960002
vt 0.471377999 0.0324859992
vt -0.0448679999 0.239999995
vt -0.0324859992 0.239999995
vt -0.0448679999 0.239999995
vt 0.47795099 0.0448679999
vt 0.471377999 0.0324859992
vt 0.475704998 0.0314939991
vt -0.0448679999 0.239999995
vt -0.0314939991 0.239999995
vt -0.0448679999 0.239999995
vt 0.47795099 0.0448679999
vt 0.475704998 0.0314939991
vt 0.480197996 0.0314939991
vt -0.0448679999 0.239999995
vt -0.0314939991 0.239999995
vt -0.0448679999 0.239999995
vt 0.47795099 0.0448679999
vt 0.480197996 0.0314939991
vt 0.484524995 0.0324859992
vt -0.0448679999 0.239999995
vt -0.0324859992 0.239999995
vt -0.0448679999 0.239999995
vt 0.47795099 0.0448679999
vt 0.484524995 0.0324859992
vt 0.488364011 0.0343960002
vt -0.0448679999 0.239999995
vt -0.0343960002 0.239999995
vt -0.0448679999 0.239999995
vt 0.47795099 0.0448679999
vt 0.488364011 0.0343960002
vt 0.491430998 0.0370829999
vt -0.0448679999 0.239999995
vt -0.0370829999 0.239999995
vt -0.0448679999 0.239999995
vt 0.47795099 0.0448679999
vt 0.491430998 0.0370829999
vt 0.493499011 0.0403469987
vt -0.0448679999 0.239999995
vt -0.0403469987 0.239999995
vt -0.0448679999 0.239999995
vt 0.47795099 0.0448679999
vt 0.493499011 0.0403469987
vt 0.494412988 0.0439470001
vt -0.0448679999 0.239999995
vt -0.0439470001 0.239999995
vt -0.0448679999 0.239999995
vt 0.47795099 0.0448679999
vt 0.494412988 0.0439470001
vt 0.494450986 0.0448679999
vt -0.0448679999 0.239999995
vt -0.0448679999 0.239999995
vt -0.0448679999 0.239999995
vt 0.47795099 0.0448679999
vt 0.494450986 0.0448679999
vt 0.494105995 0.0476149991
vt 0.47795099 0.0448679999
vt 0.494105995 0.0476149991
vt 0.492601007 0.0510790013
vt 0.372698992 0.051089
vt 0.370106995 0.0540920012
vt 0.358049005 0.0448779985
vt 0.358049005 0.0448779985
vt 0.370106995 0.0540920012
vt 0.366622001 0.0564120002
vt -0.0448779985 -0.239999995
vt -0.0564120002 -0.239999995
vt -0.0448779985 -0.239999995
vt 0.358049005 0.0448779985
vt 0.366622001 0.0564120002
vt 0.362500012 0.0578770004
vt -0.0448779985 -0.239999995
vt -0.0578770004 -0.239999995
vt -0.0448779985 -0.239999995
vt 0.358049005 0.0448779985
vt 0.362500012 0.0578770004
vt 0.358049005 0.0583779998
vt -0.0448779985 -0.239999995
vt -0.0583779998 -0.239999995
vt -0.0448779985 -0.239999995
vt 0.358049005 0.0448779985
vt 0.358049005 0.0583779998
vt 0.353596985 0.0578770004
vt -0.0448779985 -0.239999995
vt -0.0578770004 -0.239999995
vt -0.0448779985 -0.239999995
vt 0.358049005 0.0448779985
vt 0.353596985 0.0578770004
vt 0.34947601 0.0564120002
vt -0.0448779985 -0.239999995
vt -0.0564120002 -0.239999995
vt -0.0448779985 -0.239999995
vt 0.358049005 0.0448779985
vt 0.34947601 0.0564120002
vt 0.345990002 0.0540920012
vt -0.0448779985 -0.239999995
vt -0.0540920012 -0.239999995
vt -0.0448779985 -0.239999995
vt 0.358049005 0.0448779985
vt 0.345990002 0.0540920012
vt 0.343398988 0.051089
vt -0.0448779985 -0.239999995
vt -0.051089 -0.239999995
vt -0.0448779985 -0.239999995
vt 0.358049005 0.0448779985
vt 0.343398988 0.051089
vt 0.341894001 0.0476239994
vt -0.0448779985 -0.239999995
vt -0.0476239994 -0.239999995
vt -0.0448779985 -0.239999995
vt 0.358049005 0.0448779985
vt 0.341894001 0.0476239994
vt 0.341587007 0.0439569987
vt -0.0448779985 -0.239999995
vt -0.0439569987 -0.239999995
vt -0.0448779985 -0.239999995
vt 0.358049005 0.0448779985
vt 0.341587007 0.0439569987
vt 0.342501014 0.0403570011
vt -0.0448779985 -0.239999995
vt -0.0403570011 -0.239999995
vt -0.0448779985 -0.239999995
vt 0.358049005 0.0448779985
vt 0.342501014 0.0403570011
vt 0.344568998 0.0370929986
vt -0.0448779985 -0.239999995
vt -0.0370929986 -0.239999995
vt -0.0448779985 -0.239999995
vt 0.358049005 0.0448779985
vt 0.344568998 0.0370929986
vt 0.347636014 0.0344059989
vt -0.0448779985 -0.239999995
vt -0.0344059989 -0.239999995
vt -0.0448779985 -0.239999995
vt 0.358049005 0.0448779985
vt 0.347636014 0.0344059989
vt 0.351475 0.0324949995
vt -0.0448779985 -0.239999995
vt -0.0324949995 -0.239999995
vt -0.0448779985 -0.239999995
vt 0.358049005 0.0448779985
vt 0.351475 0.0324949995
vt 0.355802 0.0315040015
vt -0.0448779985 -0.239999995
vt -0.0315040015 -0.239999995
vt -0.0448779985 -0.239999995
vt 0.358049005 0.0448779985
vt 0.355802 0.0315040015
vt 0.360294998 0.0315040015
vt -0.0448779985 -0.239999995
vt -0.0315040015 -0.239999995
vt -0.0448779985 -0.239999995
vt 0.358049005 0.0448779985
vt 0.360294998 0.0315040015
vt 0.364621997 0.0324949995
vt -0.0448779985 -0.239999995
vt -0.0324949995 -0.239999995
vt -0.0448779985 -0.239999995
vt 0.358049005 0.0448779985
vt 0.364621997 0.0324949995
vt 0.368461996 0.0344059989
vt -0.0448779985 -0.239999995
vt -0.0344059989 -0.239999995
vt -0.0448779985 -0.239999995
vt 0.358049005 0.0448779985
vt 0.368461996 0.0344059989
vt 0.371529013 0.0370929986
vt -0.0448779985 -0.239999995
vt -0.0370929986 -0.239999995
vt -0.0448779985 -0.239999995
vt 0.358049005 0.0448779985
vt 0.371529013 0.0370929986
vt 0.373596013 0.0403570011
vt -0.0448779985 -0.239999995
vt -0.0403570011 -0.239999995
vt -0.0448779985 -0.239999995
vt 0.358049005 0.0448779985
vt 0.373596013 0.0403570011
vt 0.37450999 0.0439569987
vt -0.0448779985 -0.239999995
vt -0.0439569987 -0.239999995
vt -0.0448779985 -0.239999995
vt 0.358049005 0.0448779985
vt 0.37450999 0.0439569987
vt 0.374549001 0.0448779985
vt -0.0448779985 -0.239999995
vt -0.0448779985 -0.239999995
vt -0.0448779985 -0.239999995
vt 0.358049005 0.0448779985
vt 0.374549001 0.0448779985
vt 0.37420401 0.0476239994
vt 0.358049005 0.0448779985
vt 0.37420401 0.0476239994
vt 0.372698992 0.051089
vt -0.373596013 0.0403570011
vt -0.371529013 0.0370929986
vt -0.358049005 0.0448779985
vt -0.358049005 0.0448779985
vt -0.371529013 0.0370929986
vt -0.368461996 0.0344059989
vt -0.0448779985 -0.208000004
vt -0.0344059989 -0.208000004
vt -0.0448779985 -0.208000004
vt -0.358049005 0.0448779985
vt -0.368461996 0.0344059989
vt -0.364621997 0.0324949995
vt -0.0448779985 -0.208000004
vt -0.0324949995 -0.208000004
vt -0.0448779985 -0.208000004
vt -0.358049005 0.0448779985
vt -0.364621997 0.0324949995
vt -0.360294998 0.0315040015
vt -0.0448779985 -0.208000004
vt -0.0315040015 -0.208000004
vt -0.0448779985 -0.208000004
vt -0.358049005 0.0448779985
vt -0.360294998 0.0315040015
vt -0.355802 0.0315040015
vt -0.0448779985 -0.208000004
vt -0.0315040015 -0.208000004
vt -0.0448779985 -0.208000004
vt -0.358049005 0.0448779985
vt -0.355802 0.0315040015
vt -0.351475 0.0324949995
vt -0.0448779985 -0.208000004
vt -0.0324949995 -0.208000004
vt -0.0448779985 -0.208000004
vt -0.358049005 0.0448779985
vt -0.351475 0.0324949995
vt -0.347636014 0.0344059989
vt -0.0448779985 -0.208000004
vt -0.0344059989 -0.208000004
vt -0.0448779985 -0.208000004
vt -0.358049005 0.0448779985
vt -0.347636014 0.0344059989
vt -0.344568998 0.0370929986
vt -0.0448779985 -0.208000004
vt -0.0370929986 -0.208000004
vt -0.0448779985 -0.208000004
vt -0.358049005 0.0448779985
vt -0.344568998 0.0370929986
vt -0.342501014 0.0403570011
vt -0.0448779985 -0.208000004
vt -0.0403570011 -0.208000004
vt -0.0448779985 -0.208000004
vt -0.358049005 0.0448779985
vt -0.342501014 0.0403570011
vt -0.341587007 0.0439569987
vt -0.0448779985 -0.208000004
vt -0.0439569987 -0.208000004
vt -0.0448779985 -0.208000004
vt -0.358049005 0.0448779985
vt -0.341587007 0.0439569987
vt -0.341894001 0.0476239994
vt -0.0448779985 -0.208000004
vt -0.0476239994 -0.208000004
vt -0.0448779985 -0.208000004
vt -0.358049005 0.0448779985
vt -0.341894001 0.0476239994
vt -0.343398988 0.051089
vt -0.0448779985 -0.208000004
vt -0.051089 -0.208000004
vt -0.0448779985 -0.208000004
vt -0.358049005 0.0448779985
vt -0.343398988 0.051089
vt -0.345990002 0.0540920012
vt -0.0448779985 -0.208000004
vt -0.0540920012 -0.208000004
vt -0.0448779985 -0.208000004
vt -0.358049005 0.0448779985
vt -0.345990002 0.0540920012
vt -0.34947601 0.0564120002
vt -0.0448779985 -0.208000004
vt -0.0564120002 -0.208000004
vt -0.0448779985 -0.208000004
vt -0.358049005 0.0448779985
vt -0.34947601 0.0564120002
vt -0.353596985 0.0578770004
vt -0.0448779985 -0.208000004
vt -0.0578770004 -0.208000004
vt -0.0448779985 -0.208000004
vt -0.358049005 0.0448779985
vt -0.353596985 0.0578770004
vt -0.358049005 0.0583779998
vt -0.0448779985 -0.208000004
vt -0.0583779998 -0.208000004
vt -0.0448779985 -0.208000004
vt -0.358049005 0.0448779985
vt -0.358049005 0.0583779998
vt -0.362500012 0.0578770004
vt -0.0448779985 -0.208000004
vt -0.0578770004 -0.208000004
vt -0.0448779985 -0.208000004
vt -0.358049005 0.0448779985
vt -0.362500012 0.0578770004
vt -0.366622001 0.0564120002
vt -0.0448779985 -0.208000004
vt -0.0564120002 -0.208000004
vt -0.0448779985 -0.208000004
vt -0.358049005 0.0448779985
vt -0.366622001 0.0564120002
vt -0.370106995 0.0540920012
vt -0.0448779985 -0.208000004
vt -0.0540920012 -0.208000004
vt -0.0448779985 -0.208000004
vt -0.358049005 0.0448779985
vt -0.370106995 0.0540920012
vt -0.372698992 0.051089
vt -0.0448779985 -0.208000004
vt -0.051089 -0.208000004
vt -0.0448779985 -0.208000004
vt -0.358049005 0.0448779985
vt -0.372698992 0.051089
vt -0.37420401 0.0476239994
vt -0.0448779985 -0.208000004
vt -0.0476239994 -0.208000004
vt -0.0448779985 -0.208000004
vt -0.358049005 0.0448779985
vt -0.37420401 0.0476239994
vt -0.374549001 0.0448779985
vt -0.0448779985 -0.208000004
vt -0.0448779985 -0.208000004
vt -0.0448779985 -0.208000004
vt -0.358049005 0.0448779985
vt -0.374549001 0.0448779985
vt -0.37450999 0.0439569987
vt -0.358049005 0.0448779985
vt -0.37450999 0.0439569987
vt -0.373596013 0.0403570011
vt 0.372698992 0.0510790013
vt 0.370106995 0.0540819988
vt 0.358049005 0.0448679999
vt 0.358049005 0.0448679999
vt 0.370106995 0.0540819988
vt 0.366622001 0.0564029999
vt -0.0448679999 0.208000004
vt -0.0564029999 0.208000004
vt -0.0448679999 0.208000004
vt 0.358049005 0.0448679999
vt 0.366622001 0.0564029999
vt 0.362500012 0.0578670017
vt -0.0448679999 0.208000004
vt -0.0578670017 0.208000004
vt -0.0448679999 0.208000004
vt 0.358049005 0.0448679999
vt 0.362500012 0.0578670017
vt 0.358049005 0.0583680011
vt -0.0448679999 0.208000004
vt -0.0583680011 0.208000004
vt -0.0448679999 0.208000004
vt 0.358049005 0.0448679999
vt 0.358049005 0.0583680011
vt 0.353596985 0.0578670017
vt -0.0448679999 0.208000004
vt -0.0578670017 0.208000004
vt -0.0448679999 0.208000004
vt 0.358049005 0.0448679999
vt 0.353596985 0.0578670017
vt 0.34947601 0.0564029999
vt -0.0448679999 0.208000004
vt -0.0564029999 0.208000004
vt -0.0448679999 0.208000004
vt 0.358049005 0.0448679999
vt 0.34947601 0.0564029999
vt 0.345990002 0.0540819988
vt -0.0448679999 0.208000004
vt -0.0540819988 0.208000004
vt -0.0448679999 0.208000004
vt 0.358049005 0.0448679999
vt 0.345990002 0.0540819988
vt 0.343398988 0.0510790013
vt -0.0448679999 0.208000004
vt -0.0510790013 0.208000004
vt -0.0448679999 0.208000004
vt 0.358049005 0.0448679999
vt 0.343398988 0.0510790013
vt 0.341894001 0.0476149991
vt -0.0448679999 0.208000004
vt -0.0476149991 0.208000004
vt -0.0448679999 0.208000004
vt 0.358049005 0.0448679999
vt 0.341894001 0.0476149991
vt 0.341587007 0.0439470001
vt -0.0448679999 0.208000004
vt -0.0439470001 0.208000004
vt -0.0448679999 0.208000004
vt 0.358049005 0.0448679999
vt 0.341587007 0.0439470001
vt 0.342501014 0.0403469987
vt -0.0448679999 0.208000004
vt -0.0403469987 0.208000004
vt -0.0448679999 0.208000004
vt 0.358049005 0.0448679999
vt 0.342501014 0.0403469987
vt 0.344568998 0.0370829999
vt -0.0448679999 0.208000004
vt -0.0370829999 0.208000004
vt -0.0448679999 0.208000004
vt 0.358049005 0.0448679999
vt 0.344568998 0.0370829999
vt 0.347636014 0.0343960002
vt -0.0448679999 0.208000004
vt -0.0343960002 0.208000004
vt -0.0448679999 0.208000004
vt 0.358049005 0.0448679999
vt 0.347636014 0.0343960002
vt 0.351475 0.0324859992
vt -0.0448679999 0.208000004
vt -0.0324859992 0.208000004
vt -0.0448679999 0.208000004
vt 0.358049005 0.0448679999
vt 0.351475 0.0324859992
vt 0.355802 0.0314939991
vt -0.0448679999 0.208000004
vt -0.0314939991 0.208000004
vt -0.0448679999 0.208000004
vt 0.358049005 0.0448679999
vt 0.355802 0.0314939991
vt 0.360294998 0.0314939991
vt -0.0448679999 0.208000004
vt -0.0314939991 0.208000004
vt -0.0448679999 0.208000004
vt 0.358049005 0.0448679999
vt 0.360294998 0.0314939991
vt 0.364621997 0.0324859992
vt -0.0448679999 0.208000004
vt -0.0324859992 0.208000004
vt -0.0448679999 0.208000004
vt 0.358049005 0.0448679999
vt 0.364621997 0.0324859992
vt 0.368461996 0.0343960002
vt -0.0448679999 0.208000004
vt -0.0343960002 0.208000004
vt -0.0448679999 0.208000004
vt 0.358049005 0.0448679999
vt 0.368461996 0.0343960002
vt 0.371529013 0.0370829999
vt -0.0448679999 0.208000004
vt -0.0370829999 0.208000004
vt -0.0448679999 0.208000004
vt 0.358049005 0.0448679999
vt 0.371529013 0.0370829999
vt 0.373596013 0.0403469987
vt -0.0448679999 0.208000004
vt -0.0403469987 0.208000004
vt -0.0448679999 0.208000004
vt 0.358049005 0.0448679999
vt 0.373596013 0.0403469987
vt 0.37450999 0.0439470001
vt -0.0448679999 0.208000004
vt -0.0439470001 0.208000004
vt -0.0448679999 0.208000004
vt 0.358049005 0.0448679999
vt 0.37450999 0.0439470001
vt 0.374549001 0.0448679999
vt -0.0448679999 0.208000004
vt -0.0448679999 0.208000004
vt -0.0448679999 0.208000004
vt 0.358049005 0.0448679999
vt 0.374549001 0.0448679999
vt 0.37420401 0.0476149991
vt 0.358049005 0.0448679999
vt 0.37420401 0.0476149991
vt 0.372698992 0.0510790013
vt -0.493499011 0.0403469987
vt -0.491430998 0.0370829999
vt -0.47795099 0.0448679999
vt -0.47795099 0.0448679999
vt -0.491430998 0.0370829999
vt -0.488364011 0.0343960002
vt -0.0448679999 0.208000004
vt -0.0343960002 0.208000004
vt -0.0448679999 0.208000004
vt -0.47795099 0.0448679999
vt -0.488364011 0.0343960002
vt -0.484524995 0.0324859992
vt -0.0448679999 0.208000004
vt -0.0324859992 0.208000004
vt -0.0448679999 0.208000004
vt -0.47795099 0.0448679999
vt -0.484524995 0.0324859992
vt -0.480197996 0.0314939991
vt -0.0448679999 0.208000004
vt -0.0314939991 0.208000004
vt -0.0448679999 0.208000004
vt -0.47795099 0.0448679999
vt -0.480197996 0.0314939991
vt -0.475704998 0.0314939991
vt -0.0448679999 0.208000004
vt -0.0314939991 0.208000004
vt -0.0448679999 0.208000004
vt -0.47795099 0.0448679999
vt -0.475704998 0.0314939991
vt -0.471377999 0.0324859992
vt -0.0448679999 0.208000004
vt -0.0324859992 0.208000004
vt -0.0448679999 0.208000004
vt -0.47795099 0.0448679999
vt -0.471377999 0.0324859992
vt -0.467537999 0.0343960002
vt -0.0448679999 0.208000004
vt -0.0343960002 0.208000004
vt -0.0448679999 0.208000004
vt -0.47795099 0.0448679999
vt -0.467537999 0.0343960002
vt -0.464471012 0.0370829999
vt -0.0448679999 0.208000004
vt -0.0370829999 0.208000004
vt -0.0448679999 0.208000004
vt -0.47795099 0.0448679999
vt -0.464471012 0.0370829999
vt -0.462404013 0.0403469987
vt -0.0448679999 0.208000004
vt -0.0403469987 0.208000004
vt -0.0448679999 0.208000004
vt -0.47795099 0.0448679999
vt -0.462404013 0.0403469987
vt -0.461490005 0.0439470001
vt -0.0448679999 0.208000004
vt -0.0439470001 0.208000004
vt -0.0448679999 0.208000004
vt -0.47795099 0.0448679999
vt -0.461490005 0.0439470001
vt -0.461795986 0.0476149991
vt -0.0448679999 0.208000004
vt -0.0476149991 0.208000004
vt -0.0448679999 0.208000004
vt -0.47795099 0.0448679999
vt -0.461795986 0.0476149991
vt -0.463301003 0.0510790013
vt -0.0448679999 0.208000004
vt -0.0510790013 0.208000004
vt -0.0448679999 0.208000004
vt -0.47795099 0.0448679999
vt -0.463301003 0.0510790013
vt -0.465893 0.0540819988
vt -0.0448679999 0.208000004
vt -0.0540819988 0.208000004
vt -0.0448679999 0.208000004
vt -0.47795099 0.0448679999
vt -0.465893 0.0540819988
vt -0.469377995 0.0564029999
vt -0.0448679999 0.208000004
vt -0.0564029999 0.208000004
vt -0.0448679999 0.208000004
vt -0.47795099 0.0448679999
vt -0.469377995 0.0564029999
vt -0.473500013 0.0578670017
vt -0.0448679999 0.208000004
vt -0.0578670017 0.208000004
vt -0.0448679999 0.208000004
vt -0.47795099 0.0448679999
vt -0.473500013 0.0578670017
vt -0.47795099 0.0583680011
vt -0.0448679999 0.208000004
vt -0.0583680011 0.208000004
vt -0.0448679999 0.208000004
vt -0.47795099 0.0448679999
vt -0.47795099 0.0583680011
vt -0.48240301 0.0578670017
vt -0.0448679999 0.208000004
vt -0.0578670017 0.208000004
vt -0.0448679999 0.208000004
vt -0.47795099 0.0448679999
vt -0.48240301 0.0578670017
vt -0.486523986 0.0564029999
vt -0.0448679999 0.208000004
vt -0.0564029999 0.208000004
vt -0.0448679999 0.208000004
vt -0.47795099 0.0448679999
vt -0.486523986 0.0564029999
vt -0.490009993 0.0540819988
vt -0.0448679999 0.208000004
vt -0.0540819988 0.208000004
vt -0.0448679999 0.208000004
vt -0.47795099 0.0448679999
vt -0.490009993 0.0540819988
vt -0.492601007 0.0510790013
vt -0.0448679999 0.208000004
vt -0.0510790013 0.208000004
vt -0.0448679999 0.208000004
vt -0.47795099 0.0448679999
vt -0.492601007 0.0510790013
vt -0.494105995 0.0476149991
vt -0.0448679999 0.208000004
vt -0.0476149991 0.208000004
vt -0.0448679999 0.208000004
vt -0.47795099 0.0448679999
vt -0.494105995 0.0476149991
vt -0.494450986 0.0448679999
vt -0.0448679999 0.208000004
vt -0.0448679999 0.208000004
vt -0.0448679999 0.208000004
vt -0.47795099 0.0448679999
vt -0.494450986 0.0448679999
vt -0.494412988 0.0439470001
vt -0.47795099 0.0448679999
vt -0.494412988 0.0439470001
vt -0.493499011 0.0403469987
vt -0.374549001 0.0448679999
vt -0.37450999 0.0439470001
vt -0.358049005 0.0448679999
vt -0.358049005 0.0448679999
vt -0.37450999 0.0439470001
vt -0.373596013 0.0403469987
vt -0.0448679999 0.239999995
vt -0.0403469987 0.239999995
vt -0.0448679999 0.239999995
vt -0.358049005 0.0448679999
vt -0.373596013 0.0403469987
vt -0.371529013 0.0370829999
vt -0.0448679999 0.239999995
vt -0.0370829999 0.239999995
vt -0.0448679999 0.239999995
vt -0.358049005 0.0448679999
vt -0.371529013 0.0370829999
vt -0.368461996 0.0343960002
vt -0.0448679999 0.239999995
vt -0.0343960002 0.239999995
vt -0.0448679999 0.239999995
vt -0.358049005 0.0448679999
vt -0.368461996 0.0343960002
vt -0.364621997 0.0324859992
vt -0.0448679999 0.239999995
vt -0.0324859992 0.239999995
vt -0.0448679999 0.239999995
vt -0.358049005 0.0448679999
vt -0.364621997 0.0324859992
vt -0.360294998 0.0314939991
vt -0.0448679999 0.239999995
vt -0.0314939991 0.239999995
vt -0.0448679999 0.239999995
vt -0.358049005 0.0448679999
vt -0.360294998 0.0314939991
vt -0.355802 0.0314939991
vt -0.0448679999 0.239999995
vt -0.0314939991 0.239999995
vt -0.0448679999 0.239999995
vt -0.358049005 0.0448679999
vt -0.355802 0.0314939991
vt -0.351475 0.0324859992
vt -0.0448679999 0.239999995
vt -0.0324859992 0.239999995
vt -0.0448679999 0.239999995
vt -0.358049005 0.0448679999
vt -0.351475 0.0324859992
vt -0.347636014 0.0343960002
vt -0.0448679999 0.239999995
vt -0.0343960002 0.239999995
vt -0.0448679999 0.239999995
vt -0.358049005 0.0448679999
vt -0.347636014 0.0343960002
vt -0.344568998 0.0370829999
vt -0.0448679999 0.239999995
vt -0.0370829999 0.239999995
vt -0.0448679999 0.239999995
vt -0.358049005 0.0448679999
vt -0.344568998 0.0370829999
vt -0.342501014 0.0403469987
vt -0.0448679999 0.239999995
vt -0.0403469987 0.239999995
vt -0.0448679999 0.239999995
vt -0.358049005 0.0448679999
vt -0.342501014 0.0403469987
vt -0.341587007 0.0439470001
vt -0.0448679999 0.239999995
vt -0.0439470001 0.239999995
vt -0.0448679999 0.239999995
vt -0.358049005 0.0448679999
vt -0.341587007 0.0439470001
vt -0.341894001 0.0476149991
vt -0.0448679999 0.239999995
vt -0.0476149991 0.239999995
vt -0.0448679999 0.239999995
vt -0.358049005 0.0448679999
vt -0.341894001 0.0476149991
vt -0.343398988 0.0510790013
vt -0.0448679999 0.239999995
vt -0.0510790013 0.239999995
vt -0.0448679999 0.239999995
vt -0.358049005 0.0448679999
vt -0.343398988 0.0510790013
vt -0.345990002 0.0540819988
vt -0.0448679999 0.239999995
vt -0.0540819988 0.239999995
vt -0.0448679999 0.239999995
vt -0.358049005 0.0448679999
vt -0.345990002 0.0540819988
vt -0.34947601 0.0564029999
vt -0.0448679999 0.239999995
vt -0.0564029999 0.239999995
vt -0.0448679999 0.239999995
vt -0.358049005 0.0448679999
vt -0.34947601 0.0564029999
vt -0.353596985 0.0578670017
vt -0.0448679999 0.239999995
vt -0.0578670017 0.239999995
vt -0.0448679999 0.239999995
vt -0.358049005 0.0448679999
vt -0.353596985 0.0578670017
vt -0.358049005 0.0583680011
vt -0.0448679999 0.239999995
vt -0.0583680011 0.239999995
vt -0.0448679999 0.239999995
vt -0.358049005 0.0448679999
vt -0.358049005 0.0583680011
vt -0.362500012 0.0578670017
vt -0.0448679999 0.239999995
vt -0.0578670017 0.239999995
vt -0.0448679999 0.239999995
vt -0.358049005 0.0448679999
vt -0.362500012 0.0578670017
vt -0.366622001 0.0564029999
vt -0.0448679999 0.239999995
vt -0.0564029999 0.239999995
vt -0.0448679999 0.239999995
vt -0.358049005 0.0448679999
vt -0.366622001 0.0564029999
vt -0.370106995 0.0540819988
vt -0.0448679999 0.239999995
vt -0.0540819988 0.239999995
vt -0.0448679999 0.239999995
vt -0.358049005 0.0448679999
vt -0.370106995 0.0540819988
vt -0.372698992 0.0510790013
vt -0.0448679999 0.239999995
vt -0.0510790013 0.239999995
vt -0.0448679999 0.239999995
vt -0.358049005 0.0448679999
vt -0.372698992 0.0510790013
vt -0.37420401 0.0476149991
vt -0.358049005 0.0448679999
vt -0.37420401 0.0476149991
vt -0.374549001 0.0448679999
vt -0.532588005 0.0397070013
vt -0.52195102 0.0448679999
vt -0.532950997 0.0448679999
vt -0.532950997 0.0448679999
vt -0.52195102 0.0448679999
vt -0.532911003 0.0465920009
vt -0.52195102 0.0448679999
vt -0.532588005 0.0397070013
vt -0.521595001 0.0402950011
vt -0.521595001 0.0402950011
vt -0.532588005 0.0397070013
vt -0.530984998 0.0329440013
vt -0.521595001 0.0402950011
vt -0.530984998 0.0329440013
vt -0.520022988 0.0343259983
vt -0.520022988 0.0343259983
vt -0.530984998 0.0329440013
vt -0.528138995 0.0264599994
vt -0.520022988 0.0343259983
vt -0.528138995 0.0264599994
vt -0.517239988 0.0286609996
vt -0.517239988 0.0286609996
vt -0.528138995 0.0264599994
vt -0.52411598 0.0204070006
vt -0.517239988 0.0286609996
vt -0.52411598 0.0204070006
vt -0.513327003 0.0234609991
vt -0.513327003 0.0234609991
vt -0.52411598 0.0204070006
vt -0.519011974 0.014928
vt -0.513327003 0.0234609991
vt -0.519011974 0.014928
vt -0.508396983 0.0188779999
vt -0.508396983 0.0188779999
vt -0.519011974 0.014928
vt -0.512944996 0.0101509998
vt -0.508396983 0.0188779999
vt -0.512944996 0.0101509998
vt -0.502590001 0.0150420005
vt -0.502590001 0.0150420005
vt -0.512944996 0.0101509998
vt -0.506057024 0.00618699985
vt -0.502590001 0.0150420005
vt -0.506057024 0.00618699985
vt -0.496075004 0.0120639997
vt -0.496075004 0.0120639997
vt -0.506057024 0.00618699985
vt -0.498510987 0.00313000008
vt -0.496075004 0.0120639997
vt -0.498510987 0.00313000008
vt -0.489037991 0.0100299995
vt -0.489037991 0.0100299995
vt -0.498510987 0.00313000008
vt -0.490482986 0.00105199998
vt -0.489037991 0.0100299995
vt -0.490482986 0.00105199998
vt -0.481682986 0.00899800006
vt -0.481682986 0.00899800006
vt -0.490482986 0.00105199998
vt -0.482161999 0
vt -0.00899800006 -0.239999995
vt 0 -0.239999995
vt -0.00899800006 -0.239999995
vt -0.481682986 0.00899800006
vt -0.482161999 0
vt -0.473740995 0
vt -0.481682986 0.00899800006
vt -0.473740995 0
vt -0.474220008 0.00899800006
vt -0.474220008 0.00899800006
vt -0.473740995 0
vt -0.465418994 0.00105199998
vt -0.474220008 0.00899800006
vt -0.465418994 0.00105199998
vt -0.46686399 0.0100299995
vt -0.46686399 0.0100299995
vt -0.465418994 0.00105199998
vt -0.457390994 0.00313000008
vt -0.46686399 0.0100299995
vt -0.457390994 0.00313000008
vt -0.459827989 0.0120639997
vt -0.459827989 0.0120639997
vt -0.457390994 0.00313000008
vt -0.449844986 0.00618699985
vt -0.459827989 0.0120639997
vt -0.449844986 0.00618699985
vt -0.45331201 0.0150420005
vt -0.45331201 0.0150420005
vt -0.449844986 0.00618699985
vt -0.442957997 0.0101509998
vt -0.45331201 0.0150420005
vt -0.442957997 0.0101509998
vt -0.447506011 0.0188779999
vt -0.447506011 0.0188779999
vt -0.442957997 0.0101509998
vt -0.43689099 0.014928
vt -0.447506011 0.0188779999
vt -0.43689099 0.014928
vt -0.442575008 0.0234609991
vt -0.442575008 0.0234609991
vt -0.43689099 0.014928
vt -0.431786001 0.0204070006
vt -0.442575008 0.0234609991
vt -0.431786001 0.0204070006
vt -0.438663006 0.0286609996
vt -0.438663006 0.0286609996
vt -0.431786001 0.0204070006
vt -0.427763999 0.0264599994
vt -0.438663006 0.0286609996
vt -0.427763999 0.0264599994
vt -0.435880005 0.0343259983
vt -0.435880005 0.0343259983
vt -0.427763999 0.0264599994
vt -0.424917012 0.0329440013
vt -0.435880005 0.0343259983
vt -0.424917012 0.0329440013
vt -0.434307992 0.0402950011
vt -0.434307992 0.0402950011
vt -0.424917012 0.0329440013
vt -0.423314005 0.0397070013
vt -0.434307992 0.0402950011
vt -0.423314005 0.0397070013
vt -0.433990985 0.0463959984
vt -0.433990985 0.0463959984
vt -0.423314005 0.0397070013
vt -0.422991991 0.0465920009
vt -0.0463959984 -0.239999995
vt -0.0465920009 -0.239999995
vt -0.0463959984 -0.239999995
vt -0.433990985 0.0463959984
vt -0.422991991 0.0465920009
vt -0.42395699 0.0534359999
vt -0.433990985 0.0463959984
vt -0.42395699 0.0534359999
vt -0.434938997 0.0524520017
vt -0.434938997 0.0524520017
vt -0.42395699 0.0534359999
vt -0.426189005 0.0600790009
vt -0.434938997 0.0524520017
vt -0.426189005 0.0600790009
vt -0.437124014 0.0582909994
vt -0.437124014 0.0582909994
vt -0.426189005 0.0600790009
vt -0.429632992 0.0663650036
vt -0.437124014 0.0582909994
vt -0.429632992 0.0663650036
vt -0.440483987 0.0637430027
vt -0.440483987 0.0637430027
vt -0.429632992 0.0663650036
vt -0.434210002 0.0721480027
vt -0.440483987 0.0637430027
vt -0.434210002 0.0721480027
vt -0.444922 0.0686519966
vt -0.444922 0.0686519966
vt -0.434210002 0.0721480027
vt -0.439812988 0.0772909969
vt -0.444922 0.0686519966
vt -0.439812988 0.0772909969
vt -0.450309992 0.0728769973
vt -0.450309992 0.0728769973
vt -0.439812988 0.0772909969
vt -0.446309 0.0816750005
vt -0.450309992 0.0728769973
vt -0.446309 0.0816750005
vt -0.45649299 0.0762960017
vt -0.45649299 0.0762960017
vt -0.446309 0.0816750005
vt -0.453547001 0.0851949975
vt -0.45649299 0.0762960017
vt -0.453547001 0.0851949975
vt -0.463292986 0.0788120031
vt -0.463292986 0.0788120031
vt -0.453547001 0.0851949975
vt -0.461356997 0.0877709985
vt -0.463292986 0.0788120031
vt -0.461356997 0.0877709985
vt -0.470515013 0.0803499967
vt -0.470515013 0.0803499967
vt -0.461356997 0.0877709985
vt -0.469556004 0.0893409997
vt -0.470515013 0.0803499967
vt -0.469556004 0.0893409997
vt -0.47795099 0.0808679983
vt -0.47795099 0.0808679983
vt -0.469556004 0.0893409997
vt -0.47795099 0.0898680016
vt -0.0808679983 -0.239999995
vt -0.0898680016 -0.239999995
vt -0.0808679983 -0.239999995
vt -0.47795099 0.0808679983
vt -0.47795099 0.0898680016
vt -0.48634699 0.0893409997
vt -0.47795099 0.0808679983
vt -0.48634699 0.0893409997
vt -0.485386997 0.0803499967
vt -0.485386997 0.0803499967
vt -0.48634699 0.0893409997
vt -0.494545996 0.0877709985
vt -0.485386997 0.0803499967
vt -0.494545996 0.0877709985
vt -0.492610008 0.0788120031
vt -0.492610008 0.0788120031
vt -0.494545996 0.0877709985
vt -0.502355993 0.0851949975
vt -0.492610008 0.0788120031
vt -0.502355993 0.0851949975
vt -0.499410003 0.0762960017
vt -0.499410003 0.0762960017
vt -0.502355993 0.0851949975
vt -0.509594023 0.0816750005
vt -0.499410003 0.0762960017
vt -0.509594023 0.0816750005
vt -0.505593002 0.0728769973
vt -0.505593002 0.0728769973
vt -0.509594023 0.0816750005
vt -0.516089976 0.0772909969
vt -0.505593002 0.0728769973
vt -0.516089976 0.0772909969
vt -0.510981023 0.0686519966
vt -0.510981023 0.0686519966
vt -0.516089976 0.0772909969
vt -0.521691978 0.0721480027
vt -0.510981023 0.0686519966
vt -0.521691978 0.0721480027
vt -0.515419006 0.0637430027
vt -0.515419006 0.0637430027
vt -0.521691978 0.0721480027
vt -0.526269019 0.0663650036
vt -0.515419006 0.0637430027
vt -0.526269019 0.0663650036
vt -0.518778026 0.0582909994
vt -0.518778026 0.0582909994
vt -0.526269019 0.0663650036
vt -0.529713988 0.0600790009
vt -0.518778026 0.0582909994
vt -0.529713988 0.0600790009
vt -0.520964026 0.0524520017
vt -0.520964026 0.0524520017
vt -0.529713988 0.0600790009
vt -0.53194499 0.0534359999
vt -0.520964026 0.0524520017
vt -0.53194499 0.0534359999
vt -0.521911979 0.0463959984
vt -0.521911979 0.0463959984
vt -0.53194499 0.0534359999
vt -0.532911003 0.0465920009
vt -0.521911979 0.0463959984
vt -0.532911003 0.0465920009
vt -0.52195102 0.0448679999
vt -0.0402950011 -0.208000004
vt -0.0448679999 -0.208000004
vt -0.0448679999 -0.211999997
vt -0.0448679999 -0.211999997
vt -0.0448679999 -0.208000004
vt -0.0463959984 -0.208000004
vt -0.0448679999 -0.211999997
vt -0.0463959984 -0.208000004
vt -0.0463959984 -0.211999997
vt -0.0463959984 -0.211999997
vt -0.0463959984 -0.208000004
vt -0.0463959984 -0.208000004
vt -0.0463959984 -0.211999997
vt -0.0463959984 -0.208000004
vt -0.0524520017 -0.211999997
vt -0.0524520017 -0.211999997
vt -0.0463959984 -0.208000004
vt -0.0524520017 -0.208000004
vt -0.0524520017 -0.211999997
vt -0.0524520017 -0.208000004
vt -0.0582909994 -0.211999997
vt -0.0582909994 -0.211999997
vt -0.0524520017 -0.208000004
vt -0.0582909994 -0.208000004
vt -0.0582909994 -0.211999997
vt -0.0582909994 -0.208000004
vt -0.0637430027 -0.211999997
vt -0.0637430027 -0.211999997
vt -0.0582909994 -0.208000004
vt -0.0637430027 -0.208000004
vt -0.0637430027 -0.211999997
vt -0.0637430027 -0.208000004
vt -0.0686519966 -0.211999997
vt -0.0686519966 -0.211999997
vt -0.0637430027 -0.208000004
vt -0.0686519966 -0.208000004
vt 0.510981023 -0.211999997
vt 0.510981023 -0.208000004
vt 0.505593002 -0.211999997
vt 0.505593002 -0.211999997
vt 0.510981023 -0.208000004
vt 0.505593002 -0.208000004
vt 0.505593002 -0.211999997
vt 0.505593002 -0.208000004
vt 0.499410003 -0.211999997
vt 0.499410003 -0.211999997
vt 0.505593002 -0.208000004
vt 0.499410003 -0.208000004
vt 0.499410003 -0.211999997
vt 0.499410003 -0.208000004
vt 0.492610008 -0.211999997
vt 0.492610008 -0.211999997
vt 0.499410003 -0.208000004
vt 0.492610008 -0.208000004
vt 0.492610008 -0.211999997
vt 0.492610008 -0.208000004
vt 0.485386997 -0.211999997
vt 0.485386997 -0.211999997
vt 0.492610008 -0.208000004
vt 0.485386997 -0.208000004
vt 0.485386997 -0.211999997
vt 0.485386997 -0.208000004
vt 0.47795099 -0.211999997
vt 0.47795099 -0.211999997
vt 0.485386997 -0.208000004
vt 0.47795099 -0.208000004
vt 0.47795099 -0.211999997
vt 0.47795099 -0.208000004
vt 0.470515013 -0.211999997
vt 0.470515013 -0.211999997
vt 0.47795099 -0.208000004
vt 0.470515013 -0.208000004
vt 0.470515013 -0.211999997
vt 0.470515013 -0.208000004
vt 0.463292986 -0.211999997
vt 0.463292986 -0.211999997
vt 0.470515013 -0.208000004
vt 0.463292986 -0.208000004
vt 0.463292986 -0.211999997
vt 0.463292986 -0.208000004
vt 0.45649299 -0.211999997
vt 0.45649299 -0.211999997
vt 0.463292986 -0.208000004
vt 0.45649299 -0.208000004
vt 0.45649299 -0.211999997
vt 0.45649299 -0.208000004
vt 0.450309992 -0.211999997
vt 0.450309992 -0.211999997
vt 0.45649299 -0.208000004
vt 0.450309992 -0.208000004
vt 0.450309992 -0.211999997
vt 0.450309992 -0.208000004
vt 0.444922 -0.211999997
vt 0.444922 -0.211999997
vt 0.450309992 -0.208000004
vt 0.444922 -0.208000004
vt 0.0686519966 -0.211999997
vt 0.0686519966 -0.208000004
vt 0.0637430027 -0.211999997
vt 0.0637430027 -0.211999997
vt 0.0686519966 -0.208000004
vt 0.0637430027 -0.208000004
vt 0.0637430027 -0.211999997
vt 0.0637430027 -0.208000004
vt 0.0582909994 -0.211999997
vt 0.0582909994 -0.211999997
vt 0.0637430027 -0.208000004
vt 0.0582909994 -0.208000004
vt 0.0582909994 -0.211999997
vt 0.0582909994 -0.208000004
vt 0.0524520017 -0.211999997
vt 0.0524520017 -0.211999997
vt 0.0582909994 -0.208000004
vt 0.0524520017 -0.208000004
vt 0.0524520017 -0.211999997
vt 0.0524520017 -0.208000004
vt 0.0463959984 -0.211999997
vt 0.0463959984 -0.211999997
vt 0.0524520017 -0.208000004
vt 0.0463959984 -0.208000004
vt 0.0463959984 -0.211999997
vt 0.0463959984 -0.208000004
vt 0.0402950011 -0.211999997
vt 0.0402950011 -0.211999997
vt 0.0463959984 -0.208000004
vt 0.0402950011 -0.208000004
vt 0.0402950011 -0.211999997
vt 0.0402950011 -0.208000004
vt 0.0343259983 -0.211999997
vt 0.0343259983 -0.211999997
vt 0.0402950011 -0.208000004
vt 0.0343259983 -0.208000004
vt 0.0343259983 -0.211999997
vt 0.0343259983 -0.208000004
vt 0.0286609996 -0.211999997
vt 0.0286609996 -0.211999997
vt 0.0343259983 -0.208000004
vt 0.0286609996 -0.208000004
vt 0.0286609996 -0.211999997
vt 0.0286609996 -0.208000004
vt 0.0234609991 -0.211999997
vt 0.0234609991 -0.211999997
vt 0.0286609996 -0.208000004
vt 0.0234609991 -0.208000004
vt -0.442575008 -0.211999997
vt -0.442575008 -0.208000004
vt -0.447506011 -0.211999997
vt -0.447506011 -0.211999997
vt -0.442575008 -0.208000004
vt -0.447506011 -0.208000004
vt -0.447506011 -0.211999997
vt -0.447506011 -0.208000004
vt -0.45331201 -0.211999997
vt -0.45331201 -0.211999997
vt -0.447506011 -0.208000004
vt -0.45331201 -0.208000004
vt -0.45331201 -0.211999997
vt -0.45331201 -0.208000004
vt -0.459827989 -0.211999997
vt -0.459827989 -0.211999997
vt -0.45331201 -0.208000004
vt -0.459827989 -0.208000004
vt -0.459827989 -0.211999997
vt -0.459827989 -0.208000004
vt -0.46686399 -0.211999997
vt -0.46686399 -0.211999997
vt -0.459827989 -0.208000004
vt -0.46686399 -0.208000004
vt -0.46686399 -0.211999997
vt -0.46686399 -0.208000004
vt -0.474220008 -0.211999997
vt -0.474220008 -0.211999997
vt -0.46686399 -0.208000004
vt -0.474220008 -0.208000004
vt -0.474220008 -0.211999997
vt -0.474220008 -0.208000004
vt -0.481682986 -0.211999997
vt -0.481682986 -0.211999997
vt -0.474220008 -0.208000004
vt -0.481682986 -0.208000004
vt -0.481682986 -0.211999997
vt -0.481682986 -0.208000004
vt -0.489037991 -0.211999997
vt -0.489037991 -0.211999997
vt -0.481682986 -0.208000004
vt -0.489037991 -0.208000004
vt -0.489037991 -0.211999997
vt -0.489037991 -0.208000004
vt -0.496075004 -0.211999997
vt -0.496075004 -0.211999997
vt -0.489037991 -0.208000004
vt -0.496075004 -0.208000004
vt -0.496075004 -0.211999997
vt -0.496075004 -0.208000004
vt -0.502590001 -0.211999997
vt -0.502590001 -0.211999997
vt -0.496075004 -0.208000004
vt -0.502590001 -0.208000004
vt -0.502590001 -0.211999997
vt -0.502590001 -0.208000004
vt -0.508396983 -0.211999997
vt -0.508396983 -0.211999997
vt -0.502590001 -0.208000004
vt -0.508396983 -0.208000004
vt -0.508396983 -0.211999997
vt -0.508396983 -0.208000004
vt -0.513327003 -0.211999997
vt -0.513327003 -0.211999997
vt -0.508396983 -0.208000004
vt -0.513327003 -0.208000004
vt -0.0234609991 -0.211999997
vt -0.0234609991 -0.208000004
vt -0.0286609996 -0.211999997
vt -0.0286609996 -0.211999997
vt -0.0234609991 -0.208000004
vt -0.0286609996 -0.208000004
vt -0.0286609996 -0.211999997
vt -0.0286609996 -0.208000004
vt -0.0343259983 -0.211999997
vt -0.0343259983 -0.211999997
vt -0.0286609996 -0.208000004
vt -0.0343259983 -0.208000004
vt -0.0343259983 -0.211999997
vt -0.0343259983 -0.208000004
vt -0.0402950011 -0.211999997
vt -0.0402950011 -0.211999997
vt -0.0343259983 -0.208000004
vt -0.0402950011 -0.208000004
vt -0.0402950011 -0.211999997
vt -0.0402950011 -0.208000004
vt -0.0448679999 -0.211999997
vt 0.0465920009 -0.208000004
vt 0.0448679999 -0.208000004
vt 0.0448679999 -0.239999995
vt 0.0448679999 -0.239999995
vt 0.0448679999 -0.208000004
vt 0.0397070013 -0.208000004
vt 0.0448679999 -0.239999995
vt 0.0397070013 -0.208000004
vt 0.0397070013 -0.239999995
vt 0.0397070013 -0.239999995
vt 0.0397070013 -0.208000004
vt 0.0329440013 -0.208000004
vt 0.0397070013 -0.239999995
vt 0.0329440013 -0.208000004
vt 0.0329440013 -0.239999995
vt 0.0329440013 -0.239999995
vt 0.0329440013 -0.208000004
vt 0.0264599994 -0.208000004
vt 0.0329440013 -0.239999995
vt 0.0264599994 -0.208000004
vt 0.0264599994 -0.239999995
vt 0.0264599994 -0.239999995
vt 0.0264599994 -0.208000004
vt 0.0204070006 -0.208000004
vt 0.0264599994 -0.239999995
vt 0.0204070006 -0.208000004
vt 0.0204070006 -0.239999995
vt 0.0204070006 -0.239999995
vt 0.0204070006 -0.208000004
vt 0.014928 -0.208000004
vt 0.0204070006 -0.239999995
vt 0.014928 -0.208000004
vt 0.014928 -0.239999995
vt 0.519011974 -0.239999995
vt 0.519011974 -0.208000004
vt 0.512944996 -0.208000004
vt 0.519011974 -0.239999995
vt 0.512944996 -0.208000004
vt 0.512944996 -0.239999995
vt 0.512944996 -0.239999995
vt 0.512944996 -0.208000004
vt 0.506057024 -0.208000004
vt 0.512944996 -0.239999995
vt 0.506057024 -0.208000004
vt 0.506057024 -0.239999995
vt 0.506057024 -0.239999995
vt 0.506057024 -0.208000004
vt 0.498510987 -0.208000004
vt 0.506057024 -0.239999995
vt 0.498510987 -0.208000004
vt 0.498510987 -0.239999995
vt 0.498510987 -0.239999995
vt 0.498510987 -0.208000004
vt 0.490482986 -0.208000004
vt 0.498510987 -0.239999995
vt 0.490482986 -0.208000004
vt 0.490482986 -0.239999995
vt 0.490482986 -0.239999995
vt 0.490482986 -0.208000004
vt 0.482161999 -0.208000004
vt 0.490482986 -0.239999995
vt 0.482161999 -0.208000004
vt 0.482161999 -0.239999995
vt 0.482161999 -0.239999995
vt 0.482161999 -0.208000004
vt 0.473740995 -0.208000004
vt 0.482161999 -0.239999995
vt 0.473740995 -0.208000004
vt 0.473740995 -0.239999995
vt 0.473740995 -0.239999995
vt 0.473740995 -0.208000004
vt 0.465418994 -0.208000004
vt 0.473740995 -0.239999995
vt 0.465418994 -0.208000004
vt 0.465418994 -0.239999995
vt 0.465418994 -0.239999995
vt 0.465418994 -0.208000004
vt 0.457390994 -0.208000004
vt 0.465418994 -0.239999995
vt 0.457390994 -0.208000004
vt 0.457390994 -0.239999995
vt 0.457390994 -0.239999995
vt 0.457390994 -0.208000004
vt 0.449844986 -0.208000004
vt 0.457390994 -0.239999995
vt 0.449844986 -0.208000004
vt 0.449844986 -0.239999995
vt 0.449844986 -0.239999995
vt 0.449844986 -0.208000004
vt 0.442957997 -0.208000004
vt 0.449844986 -0.239999995
vt 0.442957997 -0.208000004
vt 0.442957997 -0.239999995
vt 0.442957997 -0.239999995
vt 0.442957997 -0.208000004
vt 0.43689099 -0.208000004
vt 0.442957997 -0.239999995
vt 0.43689099 -0.208000004
vt 0.43689099 -0.239999995
vt -0.014928 -0.239999995
vt -0.014928 -0.208000004
vt -0.0204070006 -0.208000004
vt -0.014928 -0.239999995
vt -0.0204070006 -0.208000004
vt -0.0204070006 -0.239999995
vt -0.0204070006 -0.239999995
vt -0.0204070006 -0.208000004
vt -0.0264599994 -0.208000004
vt -0.0204070006 -0.239999995
vt -0.0264599994 -0.208000004
vt -0.0264599994 -0.239999995
vt -0.0264599994 -0.239999995
vt -0.0264599994 -0.208000004
vt -0.0329440013 -0.208000004
vt -0.0264599994 -0.239999995
vt -0.0329440013 -0.208000004
vt -0.0329440013 -0.239999995
vt -0.0329440013 -0.239999995
vt -0.0329440013 -0.208000004
vt -0.0397070013 -0.208000004
vt -0.0329440013 -0.239999995
vt -0.0397070013 -0.208000004
vt -0.0397070013 -0.239999995
vt -0.0397070013 -0.239999995
vt -0.0397070013 -0.208000004
vt -0.0465920009 -0.208000004
vt -0.0397070013 -0.239999995
vt -0.0465920009 -0.208000004
vt -0.0465920009 -0.239999995
vt -0.0465920009 -0.239999995
vt -0.0465920009 -0.208000004
vt -0.0534359999 -0.208000004
vt -0.0465920009 -0.239999995
vt -0.0534359999 -0.208000004
vt -0.0534359999 -0.239999995
vt -0.0534359999 -0.239999995
vt -0.0534359999 -0.208000004
vt -0.0600790009 -0.208000004
vt -0.0534359999 -0.239999995
vt -0.0600790009 -0.208000004
vt -0.0600790009 -0.239999995
vt -0.0600790009 -0.239999995
vt -0.0600790009 -0.208000004
vt -0.0663650036 -0.208000004
vt -0.0600790009 -0.239999995
vt -0.0663650036 -0.208000004
vt -0.0663650036 -0.239999995
vt -0.0663650036 -0.239999995
vt -0.0663650036 -0.208000004
vt -0.0721480027 -0.208000004
vt -0.0663650036 -0.239999995
vt -0.0721480027 -0.208000004
vt -0.0721480027 -0.239999995
vt -0.434210002 -0.239999995
vt -0.434210002 -0.208000004
vt -0.439812988 -0.208000004
vt -0.434210002 -0.239999995
vt -0.439812988 -0.208000004
vt -0.439812988 -0.239999995
vt -0.439812988 -0.239999995
vt -0.439812988 -0.208000004
vt -0.446309 -0.208000004
vt -0.439812988 -0.239999995
vt -0.446309 -0.208000004
vt -0.446309 -0.239999995
vt -0.446309 -0.239999995
vt -0.446309 -0.208000004
vt -0.453547001 -0.208000004
vt -0.446309 -0.239999995
vt -0.453547001 -0.208000004
vt -0.453547001 -0.239999995
vt -0.453547001 -0.239999995
vt -0.453547001 -0.208000004
vt -0.461356997 -0.208000004
vt -0.453547001 -0.239999995
vt -0.461356997 -0.208000004
vt -0.461356997 -0.239999995
vt -0.461356997 -0.239999995
vt -0.461356997 -0.208000004
vt -0.469556004 -0.208000004
vt -0.461356997 -0.239999995
vt -0.469556004 -0.208000004
vt -0.469556004 -0.239999995
vt -0.469556004 -0.239999995
vt -0.469556004 -0.208000004
vt -0.47795099 -0.208000004
vt -0.469556004 -0.239999995
vt -0.47795099 -0.208000004
vt -0.47795099 -0.239999995
vt -0.47795099 -0.239999995
vt -0.47795099 -0.208000004
vt -0.48634699 -0.208000004
vt -0.47795099 -0.239999995
vt -0.48634699 -0.208000004
vt -0.48634699 -0.239999995
vt -0.48634699 -0.239999995
vt -0.48634699 -0.208000004
vt -0.494545996 -0.208000004
vt -0.48634699 -0.239999995
vt -0.494545996 -0.208000004
vt -0.494545996 -0.239999995
vt -0.494545996 -0.239999995
vt -0.494545996 -0.208000004
vt -0.502355993 -0.208000004
vt -0.494545996 -0.239999995
vt -0.502355993 -0.208000004
vt -0.502355993 -0.239999995
vt -0.502355993 -0.239999995
vt -0.502355993 -0.208000004
vt -0.509594023 -0.208000004
vt -0.502355993 -0.239999995
vt -0.509594023 -0.208000004
vt -0.509594023 -0.239999995
vt -0.509594023 -0.239999995
vt -0.509594023 -0.208000004
vt -0.516089976 -0.208000004
vt -0.509594023 -0.239999995
vt -0.516089976 -0.208000004
vt -0.516089976 -0.239999995
vt -0.516089976 -0.239999995
vt -0.516089976 -0.208000004
vt -0.521691978 -0.208000004
vt -0.516089976 -0.239999995
vt -0.521691978 -0.208000004
vt -0.521691978 -0.239999995
vt 0.0721480027 -0.239999995
vt 0.0721480027 -0.208000004
vt 0.0663650036 -0.208000004
vt 0.0721480027 -0.239999995
vt 0.0663650036 -0.208000004
vt 0.0663650036 -0.239999995
vt 0.0663650036 -0.239999995
vt 0.0663650036 -0.208000004
vt 0.0600790009 -0.208000004
vt 0.0663650036 -0.239999995
vt 0.0600790009 -0.208000004
vt 0.0600790009 -0.239999995
vt 0.0600790009 -0.239999995
vt 0.0600790009 -0.208000004
vt 0.0534359999 -0.208000004
vt 0.0600790009 -0.239999995
vt 0.0534359999 -0.208000004
vt 0.0534359999 -0.239999995
vt 0.0534359999 -0.239999995
vt 0.0534359999 -0.208000004
vt 0.0465920009 -0.208000004
vt 0.0534359999 -0.239999995
vt 0.0465920009 -0.208000004
vt 0.0465920009 -0.239999995
vt 0.0465920009 -0.239999995
vt 0.0465920009 -0.208000004
vt 0.0448679999 -0.239999995
vt -0.0448679999 -0.239999995
vt -0.0402950011 -0.239999995
vt -0.0402950011 -0.236000001
vt -0.0402950011 -0.236000001
vt -0.0402950011 -0.239999995
vt -0.0402950011 -0.239999995
vt -0.0402950011 -0.236000001
vt -0.0402950011 -0.239999995
vt -0.0343259983 -0.236000001
vt -0.0343259983 -0.236000001
vt -0.0402950011 -0.239999995
vt -0.0343259983 -0.239999995
vt -0.0343259983 -0.236000001
vt -0.0343259983 -0.239999995
vt -0.0286609996 -0.236000001
vt -0.0286609996 -0.236000001
vt -0.0343259983 -0.239999995
vt -0.0286609996 -0.239999995
vt -0.0286609996 -0.236000001
vt -0.0286609996 -0.239999995
vt -0.0234609991 -0.236000001
vt -0.0234609991 -0.236000001
vt -0.0286609996 -0.239999995
vt -0.0234609991 -0.239999995
vt -0.513327003 -0.236000001
vt -0.513327003 -0.239999995
vt -0.508396983 -0.236000001
vt -0.508396983 -0.236000001
vt -0.513327003 -0.239999995
vt -0.508396983 -0.239999995
vt -0.508396983 -0.236000001
vt -0.508396983 -0.239999995
vt -0.502590001 -0.236000001
vt -0.502590001 -0.236000001
vt -0.508396983 -0.239999995
vt -0.502590001 -0.239999995
vt -0.502590001 -0.236000001
vt -0.502590001 -0.239999995
vt -0.496075004 -0.236000001
vt -0.496075004 -0.236000001
vt -0.502590001 -0.239999995
vt -0.496075004 -0.239999995
vt -0.496075004 -0.236000001
vt -0.496075004 -0.239999995
vt -0.489037991 -0.236000001
vt -0.489037991 -0.236000001
vt -0.496075004 -0.239999995
vt -0.489037991 -0.239999995
vt -0.489037991 -0.236000001
vt -0.489037991 -0.239999995
vt -0.481682986 -0.236000001
vt -0.481682986 -0.236000001
vt -0.489037991 -0.239999995
vt -0.481682986 -0.239999995
vt -0.481682986 -0.236000001
vt -0.481682986 -0.239999995
vt -0.474220008 -0.236000001
vt -0.474220008 -0.236000001
vt -0.481682986 -0.239999995
vt -0.474220008 -0.239999995
vt -0.474220008 -0.236000001
vt -0.474220008 -0.239999995
vt -0.46686399 -0.236000001
vt -0.46686399 -0.236000001
vt -0.474220008 -0.239999995
vt -0.46686399 -0.239999995
vt -0.46686399 -0.236000001
vt -0.46686399 -0.239999995
vt -0.459827989 -0.236000001
vt -0.459827989 -0.236000001
vt -0.46686399 -0.239999995
vt -0.459827989 -0.239999995
vt -0.459827989 -0.236000001
vt -0.459827989 -0.239999995
vt -0.45331201 -0.236000001
vt -0.45331201 -0.236000001
vt -0.459827989 -0.239999995
vt -0.45331201 -0.239999995
vt -0.45331201 -0.236000001
vt -0.45331201 -0.239999995
vt -0.447506011 -0.236000001
vt -0.447506011 -0.236000001
vt -0.45331201 -0.239999995
vt -0.447506011 -0.239999995
vt -0.447506011 -0.236000001
vt -0.447506011 -0.239999995
vt -0.442575008 -0.236000001
vt -0.442575008 -0.236000001
vt -0.447506011 -0.239999995
vt -0.442575008 -0.239999995
vt 0.0234609991 -0.236000001
vt 0.0234609991 -0.239999995
vt 0.0286609996 -0.236000001
vt 0.0286609996 -0.236000001
vt 0.0234609991 -0.239999995
vt 0.0286609996 -0.239999995
vt 0.0286609996 -0.236000001
vt 0.0286609996 -0.239999995
vt 0.0343259983 -0.236000001
vt 0.0343259983 -0.236000001
vt 0.0286609996 -0.239999995
vt 0.0343259983 -0.239999995
vt 0.0343259983 -0.236000001
vt 0.0343259983 -0.239999995
vt 0.0402950011 -0.236000001
vt 0.0402950011 -0.236000001
vt 0.0343259983 -0.239999995
vt 0.0402950011 -0.239999995
vt 0.0402950011 -0.236000001
vt 0.0402950011 -0.239999995
vt 0.0463959984 -0.236000001
vt 0.0463959984 -0.236000001
vt 0.0402950011 -0.239999995
vt 0.0463959984 -0.239999995
vt 0.0463959984 -0.236000001
vt 0.0463959984 -0.239999995
vt 0.0524520017 -0.236000001
vt 0.0524520017 -0.236000001
vt 0.0463959984 -0.239999995
vt 0.0524520017 -0.239999995
vt 0.0524520017 -0.236000001
vt 0.0524520017 -0.239999995
vt 0.0582909994 -0.236000001
vt 0.0582909994 -0.236000001
vt 0.0524520017 -0.239999995
vt 0.0582909994 -0.239999995
vt 0.0582909994 -0.236000001
vt 0.0582909994 -0.239999995
vt 0.0637430027 -0.236000001
vt 0.0637430027 -0.236000001
vt 0.0582909994 -0.239999995
vt 0.0637430027 -0.239999995
vt 0.0637430027 -0.236000001
vt 0.0637430027 -0.239999995
vt 0.0686519966 -0.236000001
vt 0.0686519966 -0.236000001
vt 0.0637430027 -0.239999995
vt 0.0686519966 -0.239999995
vt 0.444922 -0.236000001
vt 0.444922 -0.239999995
vt 0.450309992 -0.236000001
vt 0.450309992 -0.236000001
vt 0.444922 -0.239999995
vt 0.450309992 -0.239999995
vt 0.450309992 -0.236000001
vt 0.450309992 -0.239999995
vt 0.45649299 -0.236000001
vt 0.45649299 -0.236000001
vt 0.450309992 -0.239999995
vt 0.45649299 -0.239999995
vt 0.45649299 -0.236000001
vt 0.45649299 -0.239999995
vt 0.463292986 -0.236000001
vt 0.463292986 -0.236000001
vt 0.45649299 -0.239999995
vt 0.463292986 -0.239999995
vt 0.463292986 -0.236000001
vt 0.463292986 -0.239999995
vt 0.470515013 -0.236000001
vt 0.470515013 -0.236000001
vt 0.463292986 -0.239999995
vt 0.470515013 -0.239999995
vt 0.470515013 -0.236000001
vt 0.470515013 -0.239999995
vt 0.47795099 -0.236000001
vt 0.47795099 -0.236000001
vt 0.470515013 -0.239999995
vt 0.47795099 -0.239999995
vt 0.47795099 -0.236000001
vt 0.47795099 -0.239999995
vt 0.485386997 -0.236000001
vt 0.485386997 -0.236000001
vt 0.47795099 -0.239999995
vt 0.485386997 -0.239999995
vt 0.485386997 -0.236000001
vt 0.485386997 -0.239999995
vt 0.492610008 -0.236000001
vt 0.492610008 -0.236000001
vt 0.485386997 -0.239999995
vt 0.492610008 -0.239999995
vt 0.492610008 -0.236000001
vt 0.492610008 -0.239999995
vt 0.499410003 -0.236000001
vt 0.499410003 -0.236000001
vt 0.492610008 -0.239999995
vt 0.499410003 -0.239999995
vt 0.499410003 -0.236000001
vt 0.499410003 -0.239999995
vt 0.505593002 -0.236000001
vt 0.505593002 -0.236000001
vt 0.499410003 -0.239999995
vt 0.505593002 -0.239999995
vt 0.505593002 -0.236000001
vt 0.505593002 -0.239999995
vt 0.510981023 -0.236000001
vt 0.510981023 -0.236000001
vt 0.505593002 -0.239999995
vt 0.510981023 -0.239999995
vt -0.0686519966 -0.236000001
vt -0.0686519966 -0.239999995
vt -0.0637430027 -0.236000001
vt -0.0637430027 -0.236000001
vt -0.0686519966 -0.239999995
vt -0.0637430027 -0.239999995
vt -0.0637430027 -0.236000001
vt -0.0637430027 -0.239999995
vt -0.0582909994 -0.236000001
vt -0.0582909994 -0.236000001
vt -0.0637430027 -0.239999995
vt -0.0582909994 -0.239999995
vt -0.0582909994 -0.236000001
vt -0.0582909994 -0.239999995
vt -0.0524520017 -0.236000001
vt -0.0524520017 -0.236000001
vt -0.0582909994 -0.239999995
vt -0.0524520017 -0.239999995
vt -0.0524520017 -0.236000001
vt -0.0524520017 -0.239999995
vt -0.0463959984 -0.236000001
vt -0.0463959984 -0.236000001
vt -0.0524520017 -0.239999995
vt -0.0463959984 -0.239999995
vt -0.0463959984 -0.236000001
vt -0.0463959984 -0.239999995
vt -0.0448679999 -0.239999995
vt -0.0463959984 -0.236000001
vt -0.0448679999 -0.239999995
vt -0.0448679999 -0.236000001
vt -0.0448679999 -0.236000001
vt -0.0448679999 -0.239999995
vt -0.0402950011 -0.236000001
vt 0.0476149991 -0.236000001
vt 0.0448679999 -0.236000001
vt 0.0448679999 -0.239999995
vt 0.0448679999 -0.239999995
vt 0.0448679999 -0.236000001
vt 0.0439470001 -0.236000001
vt 0.0448679999 -0.239999995
vt 0.0476149991 -0.239999995
vt 0.0476149991 -0.236000001
vt 0.0476149991 -0.236000001
vt 0.0476149991 -0.239999995
vt 0.0510790013 -0.239999995
vt 0.0476149991 -0.236000001
vt 0.0510790013 -0.239999995
vt 0.0510790013 -0.236000001
vt 0.0510790013 -0.236000001
vt 0.0510790013 -0.239999995
vt 0.0540819988 -0.239999995
vt 0.0510790013 -0.236000001
vt 0.0540819988 -0.239999995
vt 0.0540819988 -0.236000001
vt -0.490009993 -0.236000001
vt -0.490009993 -0.239999995
vt -0.486523986 -0.239999995
vt -0.490009993 -0.236000001
vt -0.486523986 -0.239999995
vt -0.486523986 -0.236000001
vt -0.486523986 -0.236000001
vt -0.486523986 -0.239999995
vt -0.48240301 -0.239999995
vt -0.486523986 -0.236000001
vt -0.48240301 -0.239999995
vt -0.48240301 -0.236000001
vt -0.48240301 -0.236000001
vt -0.48240301 -0.239999995
vt -0.47795099 -0.239999995
vt -0.48240301 -0.236000001
vt -0.47795099 -0.239999995
vt -0.47795099 -0.236000001
vt -0.47795099 -0.236000001
vt -0.47795099 -0.239999995
vt -0.473500013 -0.239999995
vt -0.47795099 -0.236000001
vt -0.473500013 -0.239999995
vt -0.473500013 -0.236000001
vt -0.473500013 -0.236000001
vt -0.473500013 -0.239999995
vt -0.469377995 -0.239999995
vt -0.473500013 -0.236000001
vt -0.469377995 -0.239999995
vt -0.469377995 -0.236000001
vt -0.469377995 -0.236000001
vt -0.469377995 -0.239999995
vt -0.465893 -0.239999995
vt -0.469377995 -0.236000001
vt -0.465893 -0.239999995
vt -0.465893 -0.236000001
vt -0.0540819988 -0.236000001
vt -0.0540819988 -0.239999995
vt -0.0510790013 -0.239999995
vt -0.0540819988 -0.236000001
vt -0.0510790013 -0.239999995
vt -0.0510790013 -0.236000001
vt -0.0510790013 -0.236000001
vt -0.0510790013 -0.239999995
vt -0.0476149991 -0.239999995
vt -0.0510790013 -0.236000001
vt -0.0476149991 -0.239999995
vt -0.0476149991 -0.236000001
vt -0.0476149991 -0.236000001
vt -0.0476149991 -0.239999995
vt -0.0439470001 -0.239999995
vt -0.0476149991 -0.236000001
vt -0.0439470001 -0.239999995
vt -0.0439470001 -0.236000001
vt -0.0439470001 -0.236000001
vt -0.0439470001 -0.239999995
vt -0.0403469987 -0.239999995
vt -0.0439470001 -0.236000001
vt -0.0403469987 -0.239999995
vt -0.0403469987 -0.236000001
vt -0.0403469987 -0.236000001
vt -0.0403469987 -0.239999995
vt -0.0370829999 -0.239999995
vt -0.0403469987 -0.236000001
vt -0.0370829999 -0.239999995
vt -0.0370829999 -0.236000001
vt 0.464471012 -0.236000001
vt 0.464471012 -0.239999995
vt 0.467537999 -0.239999995
vt 0.464471012 -0.236000001
vt 0.467537999 -0.239999995
vt 0.467537999 -0.236000001
vt 0.467537999 -0.236000001
vt 0.467537999 -0.239999995
vt 0.471377999 -0.239999995
vt 0.467537999 -0.236000001
vt 0.471377999 -0.239999995
vt 0.471377999 -0.236000001
vt 0.471377999 -0.236000001
vt 0.471377999 -0.239999995
vt 0.475704998 -0.239999995
vt 0.471377999 -0.236000001
vt 0.475704998 -0.239999995
vt 0.475704998 -0.236000001
vt 0.475704998 -0.236000001
vt 0.475704998 -0.239999995
vt 0.480197996 -0.239999995
vt 0.475704998 -0.236000001
vt 0.480197996 -0.239999995
vt 0.480197996 -0.236000001
vt 0.480197996 -0.236000001
vt 0.480197996 -0.239999995
vt 0.484524995 -0.239999995
vt 0.480197996 -0.236000001
vt 0.484524995 -0.239999995
vt 0.484524995 -0.236000001
vt 0.484524995 -0.236000001
vt 0.484524995 -0.239999995
vt 0.488364011 -0.239999995
vt 0.484524995 -0.236000001
vt 0.488364011 -0.239999995
vt 0.488364011 -0.236000001
vt 0.488364011 -0.236000001
vt 0.488364011 -0.239999995
vt 0.491430998 -0.239999995
vt 0.488364011 -0.236000001
vt 0.491430998 -0.239999995
vt 0.491430998 -0.236000001
vt 0.0370829999 -0.236000001
vt 0.0370829999 -0.239999995
vt 0.0403469987 -0.239999995
vt 0.0370829999 -0.236000001
vt 0.0403469987 -0.239999995
vt 0.0403469987 -0.236000001
vt 0.0403469987 -0.236000001
vt 0.0403469987 -0.239999995
vt 0.0439470001 -0.239999995
vt 0.0403469987 -0.236000001
vt 0.0439470001 -0.239999995
vt 0.0439470001 -0.236000001
vt 0.0439470001 -0.236000001
vt 0.0439470001 -0.239999995
vt 0.0448679999 -0.239999995
vt 0.0476149991 -0.208000004
vt 0.0448679999 -0.208000004
vt 0.0448679999 -0.211999997
vt 0.0448679999 -0.211999997
vt 0.0448679999 -0.208000004
vt 0.0439470001 -0.208000004
vt 0.0448679999 -0.211999997
vt 0.0476149991 -0.211999997
vt 0.0476149991 -0.208000004
vt 0.0476149991 -0.208000004
vt 0.0476149991 -0.211999997
vt 0.0510790013 -0.211999997
vt 0.0476149991 -0.208000004
vt 0.0510790013 -0.211999997
vt 0.0510790013 -0.208000004
vt 0.0510790013 -0.208000004
vt 0.0510790013 -0.211999997
vt 0.0540819988 -0.211999997
vt 0.0510790013 -0.208000004
vt 0.0540819988 -0.211999997
vt 0.0540819988 -0.208000004
vt -0.490009993 -0.208000004
vt -0.490009993 -0.211999997
vt -0.486523986 -0.211999997
vt -0.490009993 -0.208000004
vt -0.486523986 -0.211999997
vt -0.486523986 -0.208000004
vt -0.486523986 -0.208000004
vt -0.486523986 -0.211999997
vt -0.48240301 -0.211999997
vt -0.486523986 -0.208000004
vt -0.48240301 -0.211999997
vt -0.48240301 -0.208000004
vt -0.48240301 -0.208000004
vt -0.48240301 -0.211999997
vt -0.47795099 -0.211999997
vt -0.48240301 -0.208000004
vt -0.47795099 -0.211999997
vt -0.47795099 -0.208000004
vt -0.47795099 -0.208000004
vt -0.47795099 -0.211999997
vt -0.473500013 -0.211999997
vt -0.47795099 -0.208000004
vt -0.473500013 -0.211999997
vt -0.473500013 -0.208000004
vt -0.473500013 -0.208000004
vt -0.473500013 -0.211999997
vt -0.469377995 -0.211999997
vt -0.473500013 -0.208000004
vt -0.469377995 -0.211999997
vt -0.469377995 -0.208000004
vt -0.469377995 -0.208000004
vt -0.469377995 -0.211999997
vt -0.465893 -0.211999997
vt -0.469377995 -0.208000004
vt -0.465893 -0.211999997
vt -0.465893 -0.208000004
vt -0.0540819988 -0.208000004
vt -0.0540819988 -0.211999997
vt -0.0510790013 -0.211999997
vt -0.0540819988 -0.208000004
vt -0.0510790013 -0.211999997
vt -0.0510790013 -0.208000004
vt -0.0510790013 -0.208000004
vt -0.0510790013 -0.211999997
vt -0.0476149991 -0.211999997
vt -0.0510790013 -0.208000004
vt -0.0476149991 -0.211999997
vt -0.0476149991 -0.208000004
vt -0.0476149991 -0.208000004
vt -0.0476149991 -0.211999997
vt -0.0439470001 -0.211999997
vt -0.0476149991 -0.208000004
vt -0.0439470001 -0.211999997
vt -0.0439470001 -0.208000004
vt -0.0439470001 -0.208000004
vt -0.0439470001 -0.211999997
vt -0.0403469987 -0.211999997
vt -0.0439470001 -0.208000004
vt -0.0403469987 -0.211999997
vt -0.0403469987 -0.208000004
vt -0.0403469987 -0.208000004
vt -0.0403469987 -0.211999997
vt -0.0370829999 -0.211999997
vt -0.0403469987 -0.208000004
vt -0.0370829999 -0.211999997
vt -0.0370829999 -0.208000004
vt 0.464471012 -0.208000004
vt 0.464471012 -0.211999997
vt 0.467537999 -0.211999997
vt 0.464471012 -0.208000004
vt 0.467537999 -0.211999997
vt 0.467537999 -0.208000004
vt 0.467537999 -0.208000004
vt 0.467537999 -0.211999997
vt 0.471377999 -0.211999997
vt 0.467537999 -0.208000004
vt 0.471377999 -0.211999997
vt 0.471377999 -0.208000004
vt 0.471377999 -0.208000004
vt 0.471377999 -0.211999997
vt 0.475704998 -0.211999997
vt 0.471377999 -0.208000004
vt 0.475704998 -0.211999997
vt 0.475704998 -0.208000004
vt 0.475704998 -0.208000004
vt 0.475704998 -0.211999997
vt 0.480197996 -0.211999997
vt 0.475704998 -0.208000004
vt 0.480197996 -0.211999997
vt 0.480197996 -0.208000004
vt 0.480197996 -0.208000004
vt 0.480197996 -0.211999997
vt 0.484524995 -0.211999997
vt 0.480197996 -0.208000004
vt 0.484524995 -0.211999997
vt 0.484524995 -0.208000004
vt 0.484524995 -0.208000004
vt 0.484524995 -0.211999997
vt 0.488364011 -0.211999997
vt 0.484524995 -0.208000004
vt 0.488364011 -0.211999997
vt 0.488364011 -0.208000004
vt 0.488364011 -0.208000004
vt 0.488364011 -0.211999997
vt 0.491430998 -0.211999997
vt 0.488364011 -0.208000004
vt 0.491430998 -0.211999997
vt 0.491430998 -0.208000004
vt 0.0370829999 -0.208000004
vt 0.0370829999 -0.211999997
vt 0.0403469987 -0.211999997
vt 0.0370829999 -0.208000004
vt 0.0403469987 -0.211999997
vt 0.0403469987 -0.208000004
vt 0.0403469987 -0.208000004
vt 0.0403469987 -0.211999997
vt 0.0439470001 -0.211999997
vt 0.0403469987 -0.208000004
vt 0.0439470001 -0.211999997
vt 0.0439470001 -0.208000004
vt 0.0439470001 -0.208000004
vt 0.0439470001 -0.211999997
vt 0.0448679999 -0.211999997
vt 0.493499011 0.0403469987
vt 0.494412988 0.0439470001
vt 0.47795099 0.0448679999
vt 0.47795099 0.0448679999
vt 0.494412988 0.0439470001
vt 0.494450986 0.0448679999
vt -0.0448679999 -0.208000004
vt -0.0448679999 -0.208000004
vt -0.0448679999 -0.208000004
vt 0.47795099 0.0448679999
vt 0.494450986 0.0448679999
vt 0.494105995 0.0476149991
vt -0.0448679999 -0.208000004
vt -0.0476149991 -0.208000004
vt -0.0448679999 -0.208000004
vt 0.47795099 0.0448679999
vt 0.494105995 0.0476149991
vt 0.492601007 0.0510790013
vt -0.0448679999 -0.208000004
vt -0.0510790013 -0.208000004
vt -0.0448679999 -0.208000004
vt 0.47795099 0.0448679999
vt 0.492601007 0.0510790013
vt 0.490009993 0.0540819988
vt -0.0448679999 -0.208000004
vt -0.0540819988 -0.208000004
vt -0.0448679999 -0.208000004
vt 0.47795099 0.0448679999
vt 0.490009993 0.0540819988
vt 0.486523986 0.0564029999
vt -0.0448679999 -0.208000004
vt -0.0564029999 -0.208000004
vt -0.0448679999 -0.208000004
vt 0.47795099 0.0448679999
vt 0.486523986 0.0564029999
vt 0.48240301 0.0578670017
vt -0.0448679999 -0.208000004
vt -0.0578670017 -0.208000004
vt -0.0448679999 -0.208000004
vt 0.47795099 0.0448679999
vt 0.48240301 0.0578670017
vt 0.47795099 0.0583680011
vt -0.0448679999 -0.208000004
vt -0.0583680011 -0.208000004
vt -0.0448679999 -0.208000004
vt 0.47795099 0.0448679999
vt 0.47795099 0.0583680011
vt 0.473500013 0.0578670017
vt -0.0448679999 -0.208000004
vt -0.0578670017 -0.208000004
vt -0.0448679999 -0.208000004
vt 0.47795099 0.0448679999
vt 0.473500013 0.0578670017
vt 0.469377995 0.0564029999
vt -0.0448679999 -0.208000004
vt -0.0564029999 -0.208000004
vt -0.0448679999 -0.208000004
vt 0.47795099 0.0448679999
vt 0.469377995 0.0564029999
vt 0.465893 0.0540819988
vt -0.0448679999 -0.208000004
vt -0.0540819988 -0.208000004
vt -0.0448679999 -0.208000004
vt 0.47795099 0.0448679999
vt 0.465893 0.0540819988
vt 0.463301003 0.0510790013
vt -0.0448679999 -0.208000004
vt -0.0510790013 -0.208000004
vt -0.0448679999 -0.208000004
vt 0.47795099 0.0448679999
vt 0.463301003 0.0510790013
vt 0.461795986 0.0476149991
vt -0.0448679999 -0.208000004
vt -0.0476149991 -0.208000004
vt -0.0448679999 -0.208000004
vt 0.47795099 0.0448679999
vt 0.461795986 0.0476149991
vt 0.461490005 0.0439470001
vt -0.0448679999 -0.208000004
vt -0.0439470001 -0.208000004
vt -0.0448679999 -0.208000004
vt 0.47795099 0.0448679999
vt 0.461490005 0.0439470001
vt 0.462404013 0.0403469987
vt -0.0448679999 -0.208000004
vt -0.0403469987 -0.208000004
vt -0.0448679999 -0.208000004
vt 0.47795099 0.0448679999
vt 0.462404013 0.0403469987
vt 0.464471012 0.0370829999
vt -0.0448679999 -0.208000004
vt -0.0370829999 -0.208000004
vt -0.0448679999 -0.208000004
vt 0.47795099 0.0448679999
vt 0.464471012 0.0370829999
vt 0.467537999 0.0343960002
vt -0.0448679999 -0.208000004
vt -0.0343960002 -0.208000004
vt -0.0448679999 -0.208000004
vt 0.47795099 0.0448679999
vt 0.467537999 0.0343960002
vt 0.471377999 0.0324859992
vt -0.0448679999 -0.208000004
vt -0.0324859992 -0.208000004
vt -0.0448679999 -0.208000004
vt 0.47795099 0.0448679999
vt 0.471377999 0.0324859992
vt 0.475704998 0.0314939991
vt -0.0448679999 -0.208000004
vt -0.0314939991 -0.208000004
vt -0.0448679999 -0.208000004
vt 0.47795099 0.0448679999
vt 0.475704998 0.0314939991
vt 0.480197996 0.0314939991
vt -0.0448679999 -0.208000004
vt -0.0314939991 -0.208000004
vt -0.0448679999 -0.208000004
vt 0.47795099 0.0448679999
vt 0.480197996 0.0314939991
vt 0.484524995 0.0324859992
vt -0.0448679999 -0.208000004
vt -0.0324859992 -0.208000004
vt -0.0448679999 -0.208000004
vt 0.47795099 0.0448679999
vt 0.484524995 0.0324859992
vt 0.488364011 0.0343960002
vt -0.0448679999 -0.208000004
vt -0.0343960002 -0.208000004
vt -0.0448679999 -0.208000004
vt 0.47795099 0.0448679999
vt 0.488364011 0.0343960002
vt 0.491430998 0.0370829999
vt 0.47795099 0.0448679999
vt 0.491430998 0.0370829999
vt 0.493499011 0.0403469987
vt -0.494105995 0.0476149991
vt -0.494450986 0.0448679999
vt -0.47795099 0.0448679999
vt -0.47795099 0.0448679999
vt -0.494450986 0.0448679999
vt -0.494412988 0.0439470001
vt -0.0448679999 -0.239999995
vt -0.0439470001 -0.239999995
vt -0.0448679999 -0.239999995
vt -0.47795099 0.0448679999
vt -0.494412988 0.0439470001
vt -0.493499011 0.0403469987
vt -0.0448679999 -0.239999995
vt -0.0403469987 -0.239999995
vt -0.0448679999 -0.239999995
vt -0.47795099 0.0448679999
vt -0.493499011 0.0403469987
vt -0.491430998 0.0370829999
vt -0.0448679999 -0.239999995
vt -0.0370829999 -0.239999995
vt -0.0448679999 -0.239999995
vt -0.47795099 0.0448679999
vt -0.491430998 0.0370829999
vt -0.488364011 0.0343960002
vt -0.0448679999 -0.239999995
vt -0.0343960002 -0.239999995
vt -0.0448679999 -0.239999995
vt -0.47795099 0.0448679999
vt -0.488364011 0.0343960002
vt -0.484524995 0.0324859992
vt -0.0448679999 -0.239999995
vt -0.0324859992 -0.239999995
vt -0.0448679999 -0.239999995
vt -0.47795099 0.0448679999
vt -0.484524995 0.0324859992
vt -0.480197996 0.0314939991
vt -0.0448679999 -0.239999995
vt -0.0314939991 -0.239999995
vt -0.0448679999 -0.239999995
vt -0.47795099 0.0448679999
vt -0.480197996 0.0314939991
vt -0.475704998 0.0314939991
vt -0.0448679999 -0.239999995
vt -0.0314939991 -0.239999995
vt -0.0448679999 -0.239999995
vt -0.47795099 0.0448679999
vt -0.475704998 0.0314939991
vt -0.471377999 0.0324859992
vt -0.0448679999 -0.239999995
vt -0.0324859992 -0.239999995
vt -0.0448679999 -0.239999995
vt -0.47795099 0.0448679999
vt -0.471377999 0.0324859992
vt -0.467537999 0.0343960002
vt -0.0448679999 -0.239999995
vt -0.0343960002 -0.239999995
vt -0.0448679999 -0.239999995
vt -0.47795099 0.0448679999
vt -0.467537999 0.0343960002
vt -0.464471012 0.0370829999
vt -0.0448679999 -0.239999995
vt -0.0370829999 -0.239999995
vt -0.0448679999 -0.239999995
vt -0.47795099 0.0448679999
vt -0.464471012 0.0370829999
vt -0.462404013 0.0403469987
vt -0.0448679999 -0.239999995
vt -0.0403469987 -0.239999995
vt -0.0448679999 -0.239999995
vt -0.47795099 0.0448679999
vt -0.462404013 0.0403469987
vt -0.461490005 0.0439470001
vt -0.0448679999 -0.239999995
vt -0.0439470001 -0.239999995
vt -0.0448679999 -0.239999995
vt -0.47795099 0.0448679999
vt -0.461490005 0.0439470001
vt -0.461795986 0.0476149991
vt -0.0448679999 -0.239999995
vt -0.0476149991 -0.239999995
vt -0.0448679999 -0.239999995
vt -0.47795099 0.0448679999
vt -0.461795986 0.0476149991
vt -0.463301003 0.0510790013
vt -0.0448679999 -0.239999995
vt -0.0510790013 -0.239999995
vt -0.0448679999 -0.239999995
vt -0.47795099 0.0448679999
vt -0.463301003 0.0510790013
vt -0.465893 0.0540819988
vt -0.0448679999 -0.239999995
vt -0.0540819988 -0.239999995
vt -0.0448679999 -0.239999995
vt -0.47795099 0.0448679999
vt -0.465893 0.0540819988
vt -0.469377995 0.0564029999
vt -0.0448679999 -0.239999995
vt -0.0564029999 -0.239999995
vt -0.0448679999 -0.239999995
vt -0.47795099 0.0448679999
vt -0.469377995 0.0564029999
vt -0.473500013 0.0578670017
vt -0.0448679999 -0.239999995
vt -0.0578670017 -0.239999995
vt -0.0448679999 -0.239999995
vt -0.47795099 0.0448679999
vt -0.473500013 0.0578670017
vt -0.47795099 0.0583680011
vt -0.0448679999 -0.239999995
vt -0.0583680011 -0.239999995
vt -0.0448679999 -0.239999995
vt -0.47795099 0.0448679999
vt -0.47795099 0.0583680011
vt -0.48240301 0.0578670017
vt -0.0448679999 -0.239999995
vt -0.0578670017 -0.239999995
vt -0.0448679999 -0.239999995
vt -0.47795099 0.0448679999
vt -0.48240301 0.0578670017
vt -0.486523986 0.0564029999
vt -0.0448679999 -0.239999995
vt -0.0564029999 -0.239999995
vt -0.0448679999 -0.239999995
vt -0.47795099 0.0448679999
vt -0.486523986 0.0564029999
vt -0.490009993 0.0540819988
vt -0.0448679999 -0.239999995
vt -0.0540819988 -0.239999995
vt -0.0448679999 -0.239999995
vt -0.47795099 0.0448679999
vt -0.490009993 0.0540819988
vt -0.492601007 0.0510790013
vt -0.47795099 0.0448679999
vt -0.492601007 0.0510790013
vt -0.494105995 0.0476149991
f 1/1 2/2 3/3
f 4/4 5/5 6/6
f 6/7 7/8 4/9
f 8/10 1/11 3/12
f 9/13 10/14 11/15
f 10/16 12/17 11/18
f 13/19 14/20 15/21
f 14/22 16/23 15/24
f 17/25 18/26 19/27
f 20/28 21/29 22/30
f 21/31 20/32 23/33
f 24/34 25/35 26/36
f 24/37 26/38 27/39
f 28/40 29/41 30/42
f 28/43 30/44 31/45
f 32/46 33/47 34/48
f 32/49 34/50 35/51
f 36/52 37/53 38/54
f 37/55 36/56 39/57
f 40/58 41/59 42/60
f 40/61 42/62 43/63
f 18/64 44/65 19/66
f 45/67 19/68 46/69
f 46/70 19/71 47/72
f 48/73 49/74 50/75
f 50/76 49/77 51/78
f 50/79 51/80 52/81
f 52/82 51/83 53/84
f 52/85 53/86 54/87
f 54/88 53/89 55/90
f 54/91 55/92 56/93
f 56/94 55/95 57/96
f 56/97 57/98 58/99
f 58/100 57/101 59/102
f 58/103 59/104 60/105
f 60/106 59/107 61/108
f 60/109 61/110 62/111
f 62/112 61/113 63/114
f 62/115 63/116 64/117
f 64/118 63/119 65/120
f 64/121 65/122 66/123
f 66/124 65/125 67/126
f 66/127 67/128 68/129
f 68/130 67/131 69/132
f 68/133 69/134 70/135
f 70/136 69/137 71/138
f 70/139 71/140 72/141
f 72/142 71/143 73/144
f 72/145 73/146 74/147
f 74/148 73/149 75/150
f 74/151 75/152 76/153
f 76/154 75/155 77/156
f 76/157 77/158 78/159
f 78/160 77/161 79/162
f 78/163 79/164 80/165
f 80/166 79/167 81/168
f 80/169 81/170 82/171
f 82/172 81/173 83/174
f 82/175 83/176 84/177
f 84/178 83/179 85/180
f 84/181 85/182 86/183
f 86/184 85/185 87/186
f 86/187 87/188 88/189
f 88/190 87/191 89/192
f 88/193 89/194 90/195
f 90/196 89/197 91/198
f 90/199 91/200 92/201
f 92/202 91/203 93/204
f 92/205 93/206 94/207
f 94/208 93/209 48/210
f 95/211 96/212 97/213
f 97/214 96/215 98/216
f 97/217 98/218 99/219
f 99/220 98/221 100/222
f 99/223 100/224 101/225
f 101/226 100/227 102/228
f 101/229 102/230 103/231
f 103/232 102/233 104/234
f 103/235 104/236 105/237
f 105/238 104/239 106/240
f 105/241 106/242 107/243
f 107/244 106/245 108/246
f 107/247 108/248 109/249
f 109/250 108/251 110/252
f 109/253 110/254 111/255
f 111/256 110/257 112/258
f 111/259 112/260 113/261
f 113/262 112/263 114/264
f 113/265 114/266 115/267
f 115/268 114/269 116/270
f 115/271 116/272 115/273
f 115/274 116/275 117/276
f 115/277 117/278 118/279
f 118/280 117/281 119/282
f 118/283 119/284 120/285
f 120/286 119/287 121/288
f 120/289 121/290 122/291
f 122/292 121/293 123/294
f 122/295 123/296 124/297
f 124/298 123/299 125/300
f 124/301 125/302 126/303
f 126/304 125/305 127/306
f 126/307 127/308 128/309
f 128/310 127/311 129/312
f 128/313 129/314 130/315
f 130/316 129/317 131/318
f 130/319 131/320 132/321
f 132/322 131/323 133/324
f 132/325 133/326 134/327
f 134/328 133/329 135/330
f 134/331 135/332 134/333
f 134/334 135/335 136/336
f 134/337 136/338 137/339
f 137/340 136/341 138/342
f 137/343 138/344 139/345
f 139/346 138/347 140/348
f 139/349 140/350 141/351
f 141/352 140/353 142/354
f 141/355 142/356 143/357
f 143/358 142/359 144/360
f 143/361 144/362 145/363
f 145/364 144/365 146/366
f 145/367 146/368 147/369
f 147/370 146/371 148/372
f 147/373 148/374 149/375
f 149/376 148/377 150/378
f 149/379 150/380 151/381
f 151/382 150/383 152/384
f 151/385 152/386 153/387
f 153/388 152/389 154/390
f 153/391 154/392 155/393
f 155/394 154/395 156/396
f 155/397 156/398 155/399
f 155/400 156/401 157/402
f 155/403 157/404 158/405
f 158/406 157/407 159/408
f 158/409 159/410 160/411
f 160/412 159/413 161/414
f 160/415 161/416 162/417
f 162/418 161/419 163/420
f 162/421 163/422 164/423
f 164/424 163/425 165/426
f 164/427 165/428 166/429
f 166/430 165/431 167/432
f 166/433 167/434 168/435
f 168/436 167/437 169/438
f 168/439 169/440 170/441
f 170/442 169/443 171/444
f 170/445 171/446 172/447
f 172/448 171/449 173/450
f 172/451 173/452 95/453
f 94/454 48/455 174/456
f 174/457 48/458 50/459
f 96/460 95/461 175/462
f 175/463 95/464 173/465
f 18/466 176/467 44/468
f 44/469 176/470 176/471
f 44/472 176/473 177/474
f 177/475 176/476 178/477
f 177/478 178/479 179/480
f 179/481 178/482 180/483
f 179/484 180/485 181/486
f 181/487 180/488 182/489
f 181/490 182/491 183/492
f 183/493 182/494 184/495
f 183/496 184/497 185/498
f 185/499 184/500 186/501
f 185/502 186/503 187/504
f 187/505 186/506 188/507
f 187/508 188/509 189/510
f 189/511 188/512 190/513
f 189/514 190/515 191/516
f 191/517 190/518 192/519
f 191/520 192/521 193/522
f 193/523 192/524 194/525
f 193/526 194/527 195/528
f 195/529 194/530 196/531
f 195/532 196/533 197/534
f 197/535 196/536 198/537
f 197/538 198/539 199/540
f 199/541 198/542 200/543
f 199/544 200/545 201/546
f 201/547 200/548 202/549
f 201/550 202/551 203/552
f 203/553 202/554 204/555
f 203/556 204/557 205/558
f 205/559 204/560 206/561
f 205/562 206/563 207/564
f 207/565 206/566 208/567
f 207/568 208/569 209/570
f 209/571 208/572 210/573
f 209/574 210/575 211/576
f 211/577 210/578 212/579
f 211/580 212/581 213/582
f 213/583 212/584 214/585
f 213/586 214/587 215/588
f 215/589 214/590 216/591
f 215/592 216/593 217/594
f 217/595 216/596 218/597
f 217/598 218/599 219/600
f 219/601 218/602 220/603
f 219/604 220/605 221/606
f 221/607 220/608 222/609
f 221/610 222/611 223/612
f 223/613 222/614 224/615
f 223/616 224/617 225/618
f 225/619 224/620 226/621
f 225/622 226/623 227/624
f 227/625 226/626 228/627
f 227/628 228/629 229/630
f 229/631 228/632 230/633
f 229/634 230/635 231/636
f 231/637 230/638 232/639
f 231/640 232/641 233/642
f 233/643 232/644 234/645
f 233/646 234/647 235/648
f 235/649 234/650 236/651
f 235/652 236/653 237/654
f 237/655 236/656 238/657
f 237/658 238/659 239/660
f 239/661 238/662 240/663
f 239/664 240/665 241/666
f 241/667 240/668 242/669
f 241/670 242/671 243/672
f 243/673 242/674 244/675
f 243/676 244/677 245/678
f 245/679 244/680 246/681
f 245/682 246/683 247/684
f 247/685 246/686 17/687
f 247/688 17/689 19/690
f 42/691 248/692 43/693
f 43/694 248/695 249/696
f 43/697 249/698 250/699
f 250/700 249/701 251/702
f 250/703 251/704 252/705
f 252/706 251/707 253/708
f 252/709 253/710 254/711
f 254/712 253/713 255/714
f 254/715 255/716 256/717
f 256/718 255/719 257/720
f 256/721 257/722 258/723
f 258/724 257/725 259/726
f 258/727 259/728 260/729
f 260/730 259/731 261/732
f 260/733 261/734 262/735
f 262/736 261/737 263/738
f 262/739 263/740 264/741
f 264/742 263/743 265/744
f 264/745 265/746 266/747
f 266/748 265/749 267/750
f 266/751 267/752 268/753
f 268/754 267/755 269/756
f 268/757 269/758 270/759
f 270/760 269/761 271/762
f 270/763 271/764 272/765
f 272/766 271/767 273/768
f 272/769 273/770 274/771
f 274/772 273/773 275/774
f 274/775 275/776 276/777
f 276/778 275/779 277/780
f 276/781 277/782 278/783
f 278/784 277/785 279/786
f 278/787 279/788 280/789
f 280/790 279/791 281/792
f 280/793 281/794 282/795
f 282/796 281/797 283/798
f 282/799 283/800 284/801
f 284/802 283/803 285/804
f 284/805 285/806 286/807
f 286/808 285/809 287/810
f 286/811 287/812 288/813
f 288/814 287/815 289/816
f 288/817 289/818 290/819
f 290/820 289/821 41/822
f 290/823 41/824 291/825
f 291/826 41/827 40/828
f 36/829 292/830 39/831
f 39/832 292/833 293/834
f 39/835 293/836 294/837
f 294/838 293/839 295/840
f 294/841 295/842 296/843
f 296/844 295/845 297/846
f 296/847 297/848 298/849
f 298/850 297/851 299/852
f 298/853 299/854 300/855
f 300/856 299/857 301/858
f 300/859 301/860 302/861
f 302/862 301/863 303/864
f 302/865 303/866 304/867
f 304/868 303/869 305/870
f 304/871 305/872 306/873
f 306/874 305/875 307/876
f 306/877 307/878 308/879
f 308/880 307/881 309/882
f 308/883 309/884 310/885
f 310/886 309/887 311/888
f 310/889 311/890 312/891
f 312/892 311/893 313/894
f 312/895 313/896 314/897
f 314/898 313/899 315/900
f 314/901 315/902 316/903
f 316/904 315/905 317/906
f 316/907 317/908 318/909
f 318/910 317/911 319/912
f 318/913 319/914 320/915
f 320/916 319/917 321/918
f 320/919 321/920 322/921
f 322/922 321/923 323/924
f 322/925 323/926 324/927
f 324/928 323/929 325/930
f 324/931 325/932 326/933
f 326/934 325/935 327/936
f 326/937 327/938 328/939
f 328/940 327/941 329/942
f 328/943 329/944 330/945
f 330/946 329/947 331/948
f 330/949 331/950 332/951
f 332/952 331/953 333/954
f 332/955 333/956 334/957
f 334/958 333/959 38/960
f 334/961 38/962 335/963
f 335/964 38/965 37/966
f 34/967 336/968 35/969
f 35/970 336/971 337/972
f 35/973 337/974 338/975
f 338/976 337/977 339/978
f 338/979 339/980 340/981
f 340/982 339/983 341/984
f 340/985 341/986 342/987
f 342/988 341/989 343/990
f 342/991 343/992 344/993
f 344/994 343/995 345/996
f 344/997 345/998 346/999
f 346/1000 345/1001 347/1002
f 346/1003 347/1004 348/1005
f 348/1006 347/1007 349/1008
f 348/1009 349/1010 350/1011
f 350/1012 349/1013 351/1014
f 350/1015 351/1016 352/1017
f 352/1018 351/1019 353/1020
f 352/1021 353/1022 354/1023
f 354/1024 353/1025 355/1026
f 354/1027 355/1028 356/1029
f 356/1030 355/1031 357/1032
f 356/1033 357/1034 358/1035
f 358/1036 357/1037 359/1038
f 358/1039 359/1040 360/1041
f 360/1042 359/1043 361/1044
f 360/1045 361/1046 362/1047
f 362/1048 361/1049 363/1050
f 362/1051 363/1052 364/1053
f 364/1054 363/1055 365/1056
f 364/1057 365/1058 366/1059
f 366/1060 365/1061 367/1062
f 366/1063 367/1064 368/1065
f 368/1066 367/1067 369/1068
f 368/1069 369/1070 370/1071
f 370/1072 369/1073 371/1074
f 370/1075 371/1076 372/1077
f 372/1078 371/1079 373/1080
f 372/1081 373/1082 374/1083
f 374/1084 373/1085 375/1086
f 374/1087 375/1088 376/1089
f 376/1090 375/1091 377/1092
f 376/1093 377/1094 378/1095
f 378/1096 377/1097 33/1098
f 378/1099 33/1100 379/1101
f 379/1102 33/1103 32/1104
f 30/1105 380/1106 31/1107
f 31/1108 380/1109 381/1110
f 31/1111 381/1112 382/1113
f 382/1114 381/1115 383/1116
f 382/1117 383/1118 384/1119
f 384/1120 383/1121 385/1122
f 384/1123 385/1124 386/1125
f 386/1126 385/1127 387/1128
f 386/1129 387/1130 388/1131
f 388/1132 387/1133 389/1134
f 388/1135 389/1136 390/1137
f 390/1138 389/1139 391/1140
f 390/1141 391/1142 392/1143
f 392/1144 391/1145 393/1146
f 392/1147 393/1148 394/1149
f 394/1150 393/1151 395/1152
f 394/1153 395/1154 396/1155
f 396/1156 395/1157 397/1158
f 396/1159 397/1160 398/1161
f 398/1162 397/1163 399/1164
f 398/1165 399/1166 400/1167
f 400/1168 399/1169 401/1170
f 400/1171 401/1172 402/1173
f 402/1174 401/1175 403/1176
f 402/1177 403/1178 404/1179
f 404/1180 403/1181 405/1182
f 404/1183 405/1184 406/1185
f 406/1186 405/1187 407/1188
f 406/1189 407/1190 408/1191
f 408/1192 407/1193 409/1194
f 408/1195 409/1196 410/1197
f 410/1198 409/1199 411/1200
f 410/1201 411/1202 412/1203
f 412/1204 411/1205 413/1206
f 412/1207 413/1208 414/1209
f 414/1210 413/1211 415/1212
f 414/1213 415/1214 416/1215
f 416/1216 415/1217 417/1218
f 416/1219 417/1220 418/1221
f 418/1222 417/1223 419/1224
f 418/1225 419/1226 420/1227
f 420/1228 419/1229 421/1230
f 420/1231 421/1232 422/1233
f 422/1234 421/1235 29/1236
f 422/1237 29/1238 423/1239
f 423/1240 29/1241 28/1242
f 26/1243 424/1244 27/1245
f 27/1246 424/1247 425/1248
f 27/1249 425/1250 426/1251
f 426/1252 425/1253 427/1254
f 426/1255 427/1256 428/1257
f 428/1258 427/1259 429/1260
f 428/1261 429/1262 430/1263
f 430/1264 429/1265 431/1266
f 430/1267 431/1268 432/1269
f 432/1270 431/1271 433/1272
f 432/1273 433/1274 434/1275
f 434/1276 433/1277 435/1278
f 434/1279 435/1280 436/1281
f 436/1282 435/1283 437/1284
f 436/1285 437/1286 438/1287
f 438/1288 437/1289 439/1290
f 438/1291 439/1292 440/1293
f 440/1294 439/1295 441/1296
f 440/1297 441/1298 442/1299
f 442/1300 441/1301 443/1302
f 442/1303 443/1304 444/1305
f 444/1306 443/1307 445/1308
f 444/1309 445/1310 446/1311
f 446/1312 445/1313 447/1314
f 446/1315 447/1316 448/1317
f 448/1318 447/1319 449/1320
f 448/1321 449/1322 450/1323
f 450/1324 449/1325 451/1326
f 450/1327 451/1328 452/1329
f 452/1330 451/1331 453/1332
f 452/1333 453/1334 454/1335
f 454/1336 453/1337 455/1338
f 454/1339 455/1340 456/1341
f 456/1342 455/1343 457/1344
f 456/1345 457/1346 458/1347
f 458/1348 457/1349 459/1350
f 458/1351 459/1352 460/1353
f 460/1354 459/1355 461/1356
f 460/1357 461/1358 462/1359
f 462/1360 461/1361 463/1362
f 462/1363 463/1364 464/1365
f 464/1366 463/1367 465/1368
f 464/1369 465/1370 466/1371
f 466/1372 465/1373 25/1374
f 466/1375 25/1376 467/1377
f 467/1378 25/1379 24/1380
f 22/1381 468/1382 20/1383
f 20/1384 468/1385 469/1386
f 468/1387 470/1388 469/1389
f 469/1390 470/1391 470/1392
f 469/1393 470/1394 471/1395
f 471/1396 470/1397 472/1398
f 471/1399 472/1400 473/1401
f 473/1402 472/1403 474/1404
f 473/1405 474/1406 475/1407
f 475/1408 474/1409 476/1410
f 475/1411 476/1412 477/1413
f 477/1414 476/1415 478/1416
f 477/1417 478/1418 479/1419
f 479/1420 478/1421 480/1422
f 479/1423 480/1424 481/1425
f 481/1426 480/1427 482/1428
f 481/1429 482/1430 483/1431
f 483/1432 482/1433 484/1434
f 483/1435 484/1436 485/1437
f 485/1438 484/1439 486/1440
f 485/1441 486/1442 487/1443
f 487/1444 486/1445 486/1446
f 487/1447 486/1448 488/1449
f 488/1450 486/1451 489/1452
f 488/1453 489/1454 490/1455
f 490/1456 489/1457 491/1458
f 490/1459 491/1460 492/1461
f 492/1462 491/1463 493/1464
f 492/1465 493/1466 494/1467
f 494/1468 493/1469 495/1470
f 494/1471 495/1472 496/1473
f 496/1474 495/1475 497/1476
f 496/1477 497/1478 498/1479
f 498/1480 497/1481 499/1482
f 498/1483 499/1484 500/1485
f 500/1486 499/1487 501/1488
f 500/1489 501/1490 502/1491
f 502/1492 501/1493 503/1494
f 502/1495 503/1496 504/1497
f 504/1498 503/1499 505/1500
f 504/1501 505/1502 506/1503
f 506/1504 505/1505 507/1506
f 506/1507 507/1508 508/1509
f 508/1510 507/1511 507/1512
f 508/1513 507/1514 509/1515
f 509/1516 507/1517 510/1518
f 509/1519 510/1520 511/1521
f 511/1522 510/1523 512/1524
f 511/1525 512/1526 513/1527
f 513/1528 512/1529 514/1530
f 513/1531 514/1532 515/1533
f 515/1534 514/1535 516/1536
f 515/1537 516/1538 517/1539
f 517/1540 516/1541 518/1542
f 517/1543 518/1544 519/1545
f 519/1546 518/1547 520/1548
f 519/1549 520/1550 521/1551
f 521/1552 520/1553 522/1554
f 521/1555 522/1556 523/1557
f 523/1558 522/1559 524/1560
f 523/1561 524/1562 525/1563
f 525/1564 524/1565 526/1566
f 525/1567 526/1568 527/1569
f 527/1570 526/1571 526/1572
f 527/1573 526/1574 528/1575
f 528/1576 526/1577 529/1578
f 528/1579 529/1580 530/1581
f 530/1582 529/1583 531/1584
f 530/1585 531/1586 532/1587
f 532/1588 531/1589 533/1590
f 532/1591 533/1592 534/1593
f 534/1594 533/1595 535/1596
f 534/1597 535/1598 536/1599
f 536/1600 535/1601 537/1602
f 536/1603 537/1604 538/1605
f 538/1606 537/1607 539/1608
f 538/1609 539/1610 540/1611
f 540/1612 539/1613 541/1614
f 540/1615 541/1616 542/1617
f 542/1618 541/1619 543/1620
f 542/1621 543/1622 544/1623
f 544/1624 543/1625 545/1626
f 544/1627 545/1628 22/1629
f 22/1630 545/1631 468/1632
f 20/1633 469/1634 23/1635
f 23/1636 469/1637 471/1638
f 23/1639 471/1640 546/1641
f 546/1642 471/1643 473/1644
f 546/1645 473/1646 547/1647
f 547/1648 473/1649 475/1650
f 547/1651 475/1652 548/1653
f 548/1654 475/1655 477/1656
f 548/1657 477/1658 549/1659
f 549/1660 477/1661 479/1662
f 549/1663 479/1664 550/1665
f 550/1666 479/1667 481/1668
f 550/1669 481/1670 551/1671
f 551/1672 481/1673 483/1674
f 551/1675 483/1676 552/1677
f 552/1678 483/1679 485/1680
f 552/1681 485/1682 553/1683
f 553/1684 485/1685 487/1686
f 553/1687 487/1688 554/1689
f 554/1690 487/1691 488/1692
f 554/1693 488/1694 555/1695
f 555/1696 488/1697 490/1698
f 555/1699 490/1700 556/1701
f 556/1702 490/1703 492/1704
f 556/1705 492/1706 557/1707
f 557/1708 492/1709 494/1710
f 557/1711 494/1712 558/1713
f 558/1714 494/1715 496/1716
f 558/1717 496/1718 559/1719
f 559/1720 496/1721 498/1722
f 559/1723 498/1724 560/1725
f 560/1726 498/1727 500/1728
f 560/1729 500/1730 561/1731
f 561/1732 500/1733 502/1734
f 561/1735 502/1736 562/1737
f 562/1738 502/1739 504/1740
f 562/1741 504/1742 563/1743
f 563/1744 504/1745 506/1746
f 563/1747 506/1748 564/1749
f 564/1750 506/1751 508/1752
f 564/1753 508/1754 565/1755
f 565/1756 508/1757 509/1758
f 565/1759 509/1760 566/1761
f 566/1762 509/1763 511/1764
f 566/1765 511/1766 567/1767
f 567/1768 511/1769 513/1770
f 567/1771 513/1772 568/1773
f 568/1774 513/1775 515/1776
f 568/1777 515/1778 569/1779
f 569/1780 515/1781 517/1782
f 569/1783 517/1784 570/1785
f 570/1786 517/1787 519/1788
f 570/1789 519/1790 571/1791
f 571/1792 519/1793 521/1794
f 571/1795 521/1796 572/1797
f 572/1798 521/1799 523/1800
f 572/1801 523/1802 573/1803
f 573/1804 523/1805 525/1806
f 573/1807 525/1808 574/1809
f 574/1810 525/1811 527/1812
f 574/1813 527/1814 575/1815
f 575/1816 527/1817 528/1818
f 575/1819 528/1820 576/1821
f 576/1822 528/1823 530/1824
f 576/1825 530/1826 577/1827
f 577/1828 530/1829 532/1830
f 577/1831 532/1832 578/1833
f 578/1834 532/1835 534/1836
f 578/1837 534/1838 579/1839
f 579/1840 534/1841 536/1842
f 579/1843 536/1844 580/1845
f 580/1846 536/1847 538/1848
f 580/1849 538/1850 581/1851
f 581/1852 538/1853 540/1854
f 581/1855 540/1856 582/1857
f 582/1858 540/1859 542/1860
f 582/1861 542/1862 583/1863
f 583/1864 542/1865 544/1866
f 583/1867 544/1868 584/1869
f 584/1870 544/1871 22/1872
f 584/1873 22/1874 585/1875
f 585/1876 22/1877 21/1878
f 468/1879 586/1880 470/1881
f 470/1882 586/1883 586/1884
f 470/1885 586/1886 472/1887
f 472/1888 586/1889 587/1890
f 472/1891 587/1892 474/1893
f 474/1894 587/1895 588/1896
f 474/1897 588/1898 476/1899
f 476/1900 588/1901 589/1902
f 476/1903 589/1904 478/1905
f 478/1906 589/1907 590/1908
f 478/1909 590/1910 480/1911
f 480/1912 590/1913 591/1914
f 480/1915 591/1916 482/1917
f 482/1918 591/1919 592/1920
f 482/1921 592/1922 484/1923
f 484/1924 592/1925 593/1926
f 484/1927 593/1928 486/1929
f 486/1930 593/1931 594/1932
f 486/1933 594/1934 489/1935
f 489/1936 594/1937 595/1938
f 489/1939 595/1940 491/1941
f 491/1942 595/1943 596/1944
f 491/1945 596/1946 493/1947
f 493/1948 596/1949 597/1950
f 493/1951 597/1952 495/1953
f 495/1954 597/1955 598/1956
f 495/1957 598/1958 497/1959
f 497/1960 598/1961 599/1962
f 497/1963 599/1964 499/1965
f 499/1966 599/1967 600/1968
f 499/1969 600/1970 501/1971
f 501/1972 600/1973 601/1974
f 501/1975 601/1976 503/1977
f 503/1978 601/1979 602/1980
f 503/1981 602/1982 505/1983
f 505/1984 602/1985 603/1986
f 505/1987 603/1988 507/1989
f 507/1990 603/1991 604/1992
f 507/1993 604/1994 510/1995
f 510/1996 604/1997 605/1998
f 510/1999 605/2000 512/2001
f 512/2002 605/2003 606/2004
f 512/2005 606/2006 514/2007
f 514/2008 606/2009 607/2010
f 514/2011 607/2012 516/2013
f 516/2014 607/2015 608/2016
f 516/2017 608/2018 518/2019
f 518/2020 608/2021 609/2022
f 518/2023 609/2024 520/2025
f 520/2026 609/2027 610/2028
f 520/2029 610/2030 522/2031
f 522/2032 610/2033 611/2034
f 522/2035 611/2036 524/2037
f 524/2038 611/2039 612/2040
f 524/2041 612/2042 526/2043
f 526/2044 612/2045 613/2046
f 526/2047 613/2048 529/2049
f 529/2050 613/2051 614/2052
f 529/2053 614/2054 531/2055
f 531/2056 614/2057 615/2058
f 531/2059 615/2060 533/2061
f 533/2062 615/2063 616/2064
f 533/2065 616/2066 535/2067
f 535/2068 616/2069 617/2070
f 535/2071 617/2072 537/2073
f 537/2074 617/2075 618/2076
f 537/2077 618/2078 539/2079
f 539/2080 618/2081 619/2082
f 539/2083 619/2084 541/2085
f 541/2086 619/2087 620/2088
f 541/2089 620/2090 543/2091
f 543/2092 620/2093 621/2094
f 543/2095 621/2096 545/2097
f 545/2098 621/2099 622/2100
f 545/2101 622/2102 468/2103
f 586/2104 468/2105 623/2106
f 623/2107 468/2108 622/2109
f 624/2110 625/2111 626/2112
f 626/2113 625/2114 625/2115
f 626/2116 625/2117 627/2118
f 627/2119 625/2120 628/2121
f 627/2122 628/2123 629/2124
f 629/2125 628/2126 630/2127
f 629/2128 630/2129 631/2130
f 631/2131 630/2132 632/2133
f 631/2134 632/2135 633/2136
f 633/2137 632/2138 634/2139
f 633/2140 634/2141 635/2142
f 635/2143 634/2144 636/2145
f 635/2146 636/2147 637/2148
f 637/2149 636/2150 638/2151
f 637/2152 638/2153 639/2154
f 639/2155 638/2156 640/2157
f 639/2158 640/2159 641/2160
f 641/2161 640/2162 642/2163
f 641/2164 642/2165 643/2166
f 643/2167 642/2168 644/2169
f 643/2170 644/2171 645/2172
f 645/2173 644/2174 646/2175
f 645/2176 646/2177 647/2178
f 647/2179 646/2180 648/2181
f 647/2182 648/2183 649/2184
f 649/2185 648/2186 650/2187
f 649/2188 650/2189 651/2190
f 651/2191 650/2192 652/2193
f 651/2194 652/2195 653/2196
f 653/2197 652/2198 654/2199
f 653/2200 654/2201 655/2202
f 655/2203 654/2204 656/2205
f 655/2206 656/2207 657/2208
f 657/2209 656/2210 658/2211
f 657/2212 658/2213 659/2214
f 659/2215 658/2216 660/2217
f 659/2218 660/2219 661/2220
f 661/2221 660/2222 662/2223
f 661/2224 662/2225 663/2226
f 663/2227 662/2228 664/2229
f 663/2230 664/2231 665/2232
f 665/2233 664/2234 666/2235
f 665/2236 666/2237 667/2238
f 667/2239 666/2240 668/2241
f 667/2242 668/2243 669/2244
f 669/2245 668/2246 670/2247
f 669/2248 670/2249 671/2250
f 671/2251 670/2252 672/2253
f 671/2254 672/2255 673/2256
f 673/2257 672/2258 674/2259
f 673/2260 674/2261 675/2262
f 675/2263 674/2264 676/2265
f 675/2266 676/2267 677/2268
f 677/2269 676/2270 678/2271
f 677/2272 678/2273 679/2274
f 679/2275 678/2276 680/2277
f 679/2278 680/2279 681/2280
f 681/2281 680/2282 682/2283
f 681/2284 682/2285 683/2286
f 683/2287 682/2288 684/2289
f 683/2290 684/2291 685/2292
f 685/2293 684/2294 686/2295
f 685/2296 686/2297 687/2298
f 687/2299 686/2300 688/2301
f 687/2302 688/2303 689/2304
f 689/2305 688/2306 690/2307
f 689/2308 690/2309 691/2310
f 691/2311 690/2312 692/2313
f 691/2314 692/2315 693/2316
f 693/2317 692/2318 694/2319
f 693/2320 694/2321 695/2322
f 695/2323 694/2324 696/2325
f 695/2326 696/2327 697/2328
f 697/2329 696/2330 698/2331
f 697/2332 698/2333 624/2334
f 626/2335 699/2336 624/2337
f 624/2338 699/2339 697/2340
f 699/2341 23/2342 697/2343
f 697/2344 23/2345 546/2346
f 697/2347 546/2348 695/2349
f 695/2350 546/2351 547/2352
f 695/2353 547/2354 693/2355
f 693/2356 547/2357 548/2358
f 693/2359 548/2360 691/2361
f 691/2362 548/2363 549/2364
f 691/2365 549/2366 689/2367
f 689/2368 549/2369 550/2370
f 689/2371 550/2372 687/2373
f 687/2374 550/2375 551/2376
f 687/2377 551/2378 685/2379
f 685/2380 551/2381 552/2382
f 685/2383 552/2384 683/2385
f 683/2386 552/2387 553/2388
f 683/2389 553/2390 681/2391
f 681/2392 553/2393 554/2394
f 681/2395 554/2396 679/2397
f 679/2398 554/2399 555/2400
f 679/2401 555/2402 679/2403
f 679/2404 555/2405 556/2406
f 679/2407 556/2408 677/2409
f 677/2410 556/2411 557/2412
f 677/2413 557/2414 675/2415
f 675/2416 557/2417 558/2418
f 675/2419 558/2420 673/2421
f 673/2422 558/2423 559/2424
f 673/2425 559/2426 671/2427
f 671/2428 559/2429 560/2430
f 671/2431 560/2432 669/2433
f 669/2434 560/2435 561/2436
f 669/2437 561/2438 667/2439
f 667/2440 561/2441 562/2442
f 667/2443 562/2444 665/2445
f 665/2446 562/2447 563/2448
f 665/2449 563/2450 663/2451
f 663/2452 563/2453 564/2454
f 663/2455 564/2456 661/2457
f 661/2458 564/2459 565/2460
f 661/2461 565/2462 661/2463
f 661/2464 565/2465 566/2466
f 661/2467 566/2468 659/2469
f 659/2470 566/2471 567/2472
f 659/2473 567/2474 657/2475
f 657/2476 567/2477 568/2478
f 657/2479 568/2480 655/2481
f 655/2482 568/2483 569/2484
f 655/2485 569/2486 653/2487
f 653/2488 569/2489 570/2490
f 653/2491 570/2492 651/2493
f 651/2494 570/2495 571/2496
f 651/2497 571/2498 649/2499
f 649/2500 571/2501 572/2502
f 649/2503 572/2504 647/2505
f 647/2506 572/2507 573/2508
f 647/2509 573/2510 645/2511
f 645/2512 573/2513 574/2514
f 645/2515 574/2516 643/2517
f 643/2518 574/2519 575/2520
f 643/2521 575/2522 643/2523
f 643/2524 575/2525 576/2526
f 643/2527 576/2528 641/2529
f 641/2530 576/2531 577/2532
f 641/2533 577/2534 639/2535
f 639/2536 577/2537 578/2538
f 639/2539 578/2540 637/2541
f 637/2542 578/2543 579/2544
f 637/2545 579/2546 635/2547
f 635/2548 579/2549 580/2550
f 635/2551 580/2552 633/2553
f 633/2554 580/2555 581/2556
f 633/2557 581/2558 631/2559
f 631/2560 581/2561 582/2562
f 631/2563 582/2564 629/2565
f 629/2566 582/2567 583/2568
f 629/2569 583/2570 627/2571
f 627/2572 583/2573 584/2574
f 627/2575 584/2576 626/2577
f 626/2578 584/2579 585/2580
f 626/2581 585/2582 699/2583
f 585/2584 21/2585 699/2586
f 699/2587 21/2588 23/2589
f 15/2590 700/2591 701/2592
f 701/2593 700/2594 702/2595
f 701/2596 702/2597 703/2598
f 703/2599 702/2600 704/2601
f 703/2602 704/2603 705/2604
f 705/2605 704/2606 706/2607
f 705/2608 706/2609 707/2610
f 707/2611 706/2612 708/2613
f 707/2614 708/2615 709/2616
f 709/2617 708/2618 710/2619
f 709/2620 710/2621 711/2622
f 711/2623 710/2624 712/2625
f 711/2626 712/2627 713/2628
f 713/2629 712/2630 714/2631
f 713/2632 714/2633 715/2634
f 715/2635 714/2636 716/2637
f 715/2638 716/2639 717/2640
f 717/2641 716/2642 718/2643
f 717/2644 718/2645 719/2646
f 719/2647 718/2648 720/2649
f 719/2650 720/2651 719/2652
f 719/2653 720/2654 721/2655
f 719/2656 721/2657 722/2658
f 722/2659 721/2660 723/2661
f 722/2662 723/2663 724/2664
f 724/2665 723/2666 725/2667
f 724/2668 725/2669 726/2670
f 726/2671 725/2672 727/2673
f 726/2674 727/2675 728/2676
f 728/2677 727/2678 729/2679
f 728/2680 729/2681 730/2682
f 730/2683 729/2684 731/2685
f 730/2686 731/2687 732/2688
f 732/2689 731/2690 733/2691
f 732/2692 733/2693 734/2694
f 734/2695 733/2696 735/2697
f 734/2698 735/2699 736/2700
f 736/2701 735/2702 737/2703
f 736/2704 737/2705 738/2706
f 738/2707 737/2708 739/2709
f 738/2710 739/2711 738/2712
f 738/2713 739/2714 740/2715
f 738/2716 740/2717 741/2718
f 741/2719 740/2720 742/2721
f 741/2722 742/2723 743/2724
f 743/2725 742/2726 744/2727
f 743/2728 744/2729 745/2730
f 745/2731 744/2732 746/2733
f 745/2734 746/2735 747/2736
f 747/2737 746/2738 748/2739
f 747/2740 748/2741 749/2742
f 749/2743 748/2744 750/2745
f 749/2746 750/2747 751/2748
f 751/2749 750/2750 752/2751
f 751/2752 752/2753 753/2754
f 753/2755 752/2756 754/2757
f 753/2758 754/2759 755/2760
f 755/2761 754/2762 756/2763
f 755/2764 756/2765 757/2766
f 757/2767 756/2768 758/2769
f 757/2770 758/2771 757/2772
f 757/2773 758/2774 759/2775
f 757/2776 759/2777 760/2778
f 760/2779 759/2780 761/2781
f 760/2782 761/2783 762/2784
f 762/2785 761/2786 763/2787
f 762/2788 763/2789 764/2790
f 764/2791 763/2792 765/2793
f 764/2794 765/2795 766/2796
f 766/2797 765/2798 767/2799
f 766/2800 767/2801 768/2802
f 768/2803 767/2804 769/2805
f 768/2806 769/2807 770/2808
f 770/2809 769/2810 771/2811
f 770/2812 771/2813 772/2814
f 772/2815 771/2816 773/2817
f 772/2818 773/2819 774/2820
f 774/2821 773/2822 775/2823
f 774/2824 775/2825 16/2826
f 16/2827 775/2828 7/2829
f 16/2830 7/2831 15/2832
f 14/2833 776/2834 16/2835
f 16/2836 776/2837 776/2838
f 16/2839 776/2840 774/2841
f 774/2842 776/2843 777/2844
f 774/2845 777/2846 772/2847
f 772/2848 777/2849 778/2850
f 772/2851 778/2852 770/2853
f 770/2854 778/2855 779/2856
f 770/2857 779/2858 768/2859
f 768/2860 779/2861 780/2862
f 768/2863 780/2864 766/2865
f 766/2866 780/2867 781/2868
f 766/2869 781/2870 764/2871
f 764/2872 781/2873 782/2874
f 764/2875 782/2876 762/2877
f 762/2878 782/2879 783/2880
f 762/2881 783/2882 760/2883
f 760/2884 783/2885 784/2886
f 760/2887 784/2888 757/2889
f 757/2890 784/2891 785/2892
f 757/2893 785/2894 755/2895
f 755/2896 785/2897 786/2898
f 755/2899 786/2900 753/2901
f 753/2902 786/2903 787/2904
f 753/2905 787/2906 751/2907
f 751/2908 787/2909 788/2910
f 751/2911 788/2912 749/2913
f 749/2914 788/2915 789/2916
f 749/2917 789/2918 747/2919
f 747/2920 789/2921 790/2922
f 747/2923 790/2924 745/2925
f 745/2926 790/2927 791/2928
f 745/2929 791/2930 743/2931
f 743/2932 791/2933 792/2934
f 743/2935 792/2936 741/2937
f 741/2938 792/2939 793/2940
f 741/2941 793/2942 738/2943
f 738/2944 793/2945 794/2946
f 738/2947 794/2948 736/2949
f 736/2950 794/2951 795/2952
f 736/2953 795/2954 734/2955
f 734/2956 795/2957 796/2958
f 734/2959 796/2960 732/2961
f 732/2962 796/2963 797/2964
f 732/2965 797/2966 730/2967
f 730/2968 797/2969 798/2970
f 730/2971 798/2972 728/2973
f 728/2974 798/2975 799/2976
f 728/2977 799/2978 726/2979
f 726/2980 799/2981 800/2982
f 726/2983 800/2984 724/2985
f 724/2986 800/2987 801/2988
f 724/2989 801/2990 722/2991
f 722/2992 801/2993 802/2994
f 722/2995 802/2996 719/2997
f 719/2998 802/2999 803/3000
f 719/3001 803/3002 717/3003
f 717/3004 803/3005 804/3006
f 717/3007 804/3008 715/3009
f 715/3010 804/3011 805/3012
f 715/3013 805/3014 713/3015
f 713/3016 805/3017 806/3018
f 713/3019 806/3020 711/3021
f 711/3022 806/3023 807/3024
f 711/3025 807/3026 709/3027
f 709/3028 807/3029 808/3030
f 709/3031 808/3032 707/3033
f 707/3034 808/3035 809/3036
f 707/3037 809/3038 705/3039
f 705/3040 809/3041 810/3042
f 705/3043 810/3044 703/3045
f 703/3046 810/3047 811/3048
f 703/3049 811/3050 701/3051
f 701/3052 811/3053 13/3054
f 701/3055 13/3056 15/3057
f 19/3058 45/3059 247/3060
f 247/3061 45/3062 812/3063
f 247/3064 812/3065 245/3066
f 245/3067 812/3068 813/3069
f 245/3070 813/3071 243/3072
f 243/3073 813/3074 814/3075
f 243/3076 814/3077 241/3078
f 241/3079 814/3080 815/3081
f 241/3082 815/3083 239/3084
f 239/3085 815/3086 816/3087
f 239/3088 816/3089 237/3090
f 237/3091 816/3092 817/3093
f 237/3094 817/3095 235/3096
f 235/3097 817/3098 818/3099
f 235/3100 818/3101 233/3102
f 233/3103 818/3104 819/3105
f 233/3106 819/3107 231/3108
f 231/3109 819/3110 820/3111
f 231/3112 820/3113 229/3114
f 229/3115 820/3116 821/3117
f 229/3118 821/3119 229/3120
f 229/3121 821/3122 822/3123
f 229/3124 822/3125 227/3126
f 227/3127 822/3128 823/3129
f 227/3130 823/3131 225/3132
f 225/3133 823/3134 824/3135
f 225/3136 824/3137 223/3138
f 223/3139 824/3140 825/3141
f 223/3142 825/3143 221/3144
f 221/3145 825/3146 826/3147
f 221/3148 826/3149 219/3150
f 219/3151 826/3152 827/3153
f 219/3154 827/3155 217/3156
f 217/3157 827/3158 828/3159
f 217/3160 828/3161 215/3162
f 215/3163 828/3164 829/3165
f 215/3166 829/3167 213/3168
f 213/3169 829/3170 830/3171
f 213/3172 830/3173 211/3174
f 211/3175 830/3176 831/3177
f 211/3178 831/3179 211/3180
f 211/3181 831/3182 832/3183
f 211/3184 832/3185 209/3186
f 209/3187 832/3188 833/3189
f 209/3190 833/3191 207/3192
f 207/3193 833/3194 834/3195
f 207/3196 834/3197 205/3198
f 205/3199 834/3200 835/3201
f 205/3202 835/3203 203/3204
f 203/3205 835/3206 836/3207
f 203/3208 836/3209 201/3210
f 201/3211 836/3212 837/3213
f 201/3214 837/3215 199/3216
f 199/3217 837/3218 838/3219
f 199/3220 838/3221 197/3222
f 197/3223 838/3224 839/3225
f 197/3226 839/3227 195/3228
f 195/3229 839/3230 840/3231
f 195/3232 840/3233 193/3234
f 193/3235 840/3236 841/3237
f 193/3238 841/3239 193/3240
f 193/3241 841/3242 842/3243
f 193/3244 842/3245 191/3246
f 191/3247 842/3248 843/3249
f 191/3250 843/3251 189/3252
f 189/3253 843/3254 844/3255
f 189/3256 844/3257 187/3258
f 187/3259 844/3260 845/3261
f 187/3262 845/3263 185/3264
f 185/3265 845/3266 846/3267
f 185/3268 846/3269 183/3270
f 183/3271 846/3272 847/3273
f 183/3274 847/3275 181/3276
f 181/3277 847/3278 848/3279
f 181/3280 848/3281 179/3282
f 179/3283 848/3284 849/3285
f 179/3286 849/3287 177/3288
f 177/3289 849/3290 850/3291
f 177/3292 850/3293 44/3294
f 44/3295 850/3296 47/3297
f 44/3298 47/3299 19/3300
f 1/3301 851/3302 2/3303
f 2/3304 851/3305 851/3306
f 2/3307 851/3308 852/3309
f 852/3310 851/3311 853/3312
f 852/3313 853/3314 854/3315
f 854/3316 853/3317 855/3318
f 854/3319 855/3320 856/3321
f 856/3322 855/3323 857/3324
f 856/3325 857/3326 858/3327
f 858/3328 857/3329 859/3330
f 858/3331 859/3332 860/3333
f 860/3334 859/3335 861/3336
f 860/3337 861/3338 862/3339
f 862/3340 861/3341 863/3342
f 862/3343 863/3344 864/3345
f 864/3346 863/3347 865/3348
f 864/3349 865/3350 866/3351
f 866/3352 865/3353 867/3354
f 866/3355 867/3356 868/3357
f 868/3358 867/3359 869/3360
f 868/3361 869/3362 870/3363
f 870/3364 869/3365 871/3366
f 870/3367 871/3368 872/3369
f 872/3370 871/3371 873/3372
f 872/3373 873/3374 874/3375
f 874/3376 873/3377 875/3378
f 874/3379 875/3380 876/3381
f 876/3382 875/3383 877/3384
f 876/3385 877/3386 878/3387
f 878/3388 877/3389 879/3390
f 878/3391 879/3392 880/3393
f 880/3394 879/3395 881/3396
f 880/3397 881/3398 882/3399
f 882/3400 881/3401 883/3402
f 882/3403 883/3404 884/3405
f 884/3406 883/3407 885/3408
f 884/3409 885/3410 886/3411
f 886/3412 885/3413 887/3414
f 886/3415 887/3416 888/3417
f 888/3418 887/3419 889/3420
f 888/3421 889/3422 890/3423
f 890/3424 889/3425 891/3426
f 890/3427 891/3428 892/3429
f 892/3430 891/3431 893/3432
f 892/3433 893/3434 894/3435
f 894/3436 893/3437 895/3438
f 894/3439 895/3440 896/3441
f 896/3442 895/3443 897/3444
f 896/3445 897/3446 898/3447
f 898/3448 897/3449 899/3450
f 898/3451 899/3452 900/3453
f 900/3454 899/3455 901/3456
f 900/3457 901/3458 902/3459
f 902/3460 901/3461 903/3462
f 902/3463 903/3464 904/3465
f 904/3466 903/3467 905/3468
f 904/3469 905/3470 906/3471
f 906/3472 905/3473 907/3474
f 906/3475 907/3476 908/3477
f 908/3478 907/3479 909/3480
f 908/3481 909/3482 910/3483
f 910/3484 909/3485 911/3486
f 910/3487 911/3488 912/3489
f 912/3490 911/3491 913/3492
f 912/3493 913/3494 914/3495
f 914/3496 913/3497 915/3498
f 914/3499 915/3500 916/3501
f 916/3502 915/3503 917/3504
f 916/3505 917/3506 918/3507
f 918/3508 917/3509 919/3510
f 918/3511 919/3512 920/3513
f 920/3514 919/3515 921/3516
f 920/3517 921/3518 922/3519
f 922/3520 921/3521 8/3522
f 922/3523 8/3524 3/3525
f 47/3526 923/3527 46/3528
f 46/3529 923/3530 45/3531
f 924/3532 3/3533 923/3534
f 923/3535 3/3536 925/3537
f 923/3538 925/3539 45/3540
f 45/3541 925/3542 926/3543
f 45/3544 926/3545 812/3546
f 812/3547 926/3548 927/3549
f 812/3550 927/3551 813/3552
f 813/3553 927/3554 928/3555
f 813/3556 928/3557 814/3558
f 814/3559 928/3560 929/3561
f 814/3562 929/3563 815/3564
f 815/3565 929/3566 930/3567
f 815/3568 930/3569 816/3570
f 816/3571 930/3572 931/3573
f 816/3574 931/3575 817/3576
f 817/3577 931/3578 932/3579
f 817/3580 932/3581 818/3582
f 818/3583 932/3584 933/3585
f 818/3586 933/3587 819/3588
f 819/3589 933/3590 934/3591
f 819/3592 934/3593 820/3594
f 820/3595 934/3596 935/3597
f 820/3598 935/3599 821/3600
f 821/3601 935/3602 936/3603
f 821/3604 936/3605 822/3606
f 822/3607 936/3608 937/3609
f 822/3610 937/3611 823/3612
f 823/3613 937/3614 938/3615
f 823/3616 938/3617 824/3618
f 824/3619 938/3620 939/3621
f 824/3622 939/3623 825/3624
f 825/3625 939/3626 940/3627
f 825/3628 940/3629 826/3630
f 826/3631 940/3632 941/3633
f 826/3634 941/3635 827/3636
f 827/3637 941/3638 942/3639
f 827/3640 942/3641 828/3642
f 828/3643 942/3644 943/3645
f 828/3646 943/3647 829/3648
f 829/3649 943/3650 944/3651
f 829/3652 944/3653 830/3654
f 830/3655 944/3656 945/3657
f 830/3658 945/3659 831/3660
f 831/3661 945/3662 946/3663
f 831/3664 946/3665 832/3666
f 832/3667 946/3668 947/3669
f 832/3670 947/3671 833/3672
f 833/3673 947/3674 948/3675
f 833/3676 948/3677 834/3678
f 834/3679 948/3680 949/3681
f 834/3682 949/3683 835/3684
f 835/3685 949/3686 950/3687
f 835/3688 950/3689 836/3690
f 836/3691 950/3692 951/3693
f 836/3694 951/3695 837/3696
f 837/3697 951/3698 952/3699
f 837/3700 952/3701 838/3702
f 838/3703 952/3704 953/3705
f 838/3706 953/3707 839/3708
f 839/3709 953/3710 954/3711
f 839/3712 954/3713 840/3714
f 840/3715 954/3716 955/3717
f 840/3718 955/3719 841/3720
f 841/3721 955/3722 956/3723
f 841/3724 956/3725 842/3726
f 842/3727 956/3728 957/3729
f 842/3730 957/3731 843/3732
f 843/3733 957/3734 958/3735
f 843/3736 958/3737 844/3738
f 844/3739 958/3740 959/3741
f 844/3742 959/3743 845/3744
f 845/3745 959/3746 960/3747
f 845/3748 960/3749 846/3750
f 846/3751 960/3752 961/3753
f 846/3754 961/3755 847/3756
f 847/3757 961/3758 962/3759
f 847/3760 962/3761 848/3762
f 848/3763 962/3764 963/3765
f 848/3766 963/3767 849/3768
f 849/3769 963/3770 964/3771
f 849/3772 964/3773 850/3774
f 850/3775 964/3776 924/3777
f 850/3778 924/3779 47/3780
f 47/3781 924/3782 923/3783
f 965/3784 11/3785 4/3786
f 4/3787 11/3788 5/3789
f 700/3790 15/3791 6/3792
f 6/3793 15/3794 7/3795
f 3/3796 2/3797 925/3798
f 925/3799 2/3800 2/3801
f 925/3802 2/3803 926/3804
f 926/3805 2/3806 852/3807
f 926/3808 852/3809 927/3810
f 927/3811 852/3812 854/3813
f 927/3814 854/3815 928/3816
f 928/3817 854/3818 856/3819
f 928/3820 856/3821 929/3822
f 929/3823 856/3824 858/3825
f 929/3826 858/3827 930/3828
f 930/3829 858/3830 860/3831
f 930/3832 860/3833 931/3834
f 931/3835 860/3836 862/3837
f 931/3838 862/3839 932/3840
f 932/3841 862/3842 864/3843
f 932/3844 864/3845 933/3846
f 933/3847 864/3848 866/3849
f 933/3850 866/3851 934/3852
f 934/3853 866/3854 866/3855
f 934/3856 866/3857 935/3858
f 935/3859 866/3860 868/3861
f 935/3862 868/3863 936/3864
f 936/3865 868/3866 870/3867
f 936/3868 870/3869 937/3870
f 937/3871 870/3872 872/3873
f 937/3874 872/3875 938/3876
f 938/3877 872/3878 874/3879
f 938/3880 874/3881 939/3882
f 939/3883 874/3884 876/3885
f 939/3886 876/3887 940/3888
f 940/3889 876/3890 878/3891
f 940/3892 878/3893 941/3894
f 941/3895 878/3896 880/3897
f 941/3898 880/3899 942/3900
f 942/3901 880/3902 882/3903
f 942/3904 882/3905 943/3906
f 943/3907 882/3908 884/3909
f 943/3910 884/3911 944/3912
f 944/3913 884/3914 886/3915
f 944/3916 886/3917 945/3918
f 945/3919 886/3920 886/3921
f 945/3922 886/3923 946/3924
f 946/3925 886/3926 888/3927
f 946/3928 888/3929 947/3930
f 947/3931 888/3932 890/3933
f 947/3934 890/3935 948/3936
f 948/3937 890/3938 892/3939
f 948/3940 892/3941 949/3942
f 949/3943 892/3944 894/3945
f 949/3946 894/3947 950/3948
f 950/3949 894/3950 896/3951
f 950/3952 896/3953 951/3954
f 951/3955 896/3956 898/3957
f 951/3958 898/3959 952/3960
f 952/3961 898/3962 900/3963
f 952/3964 900/3965 953/3966
f 953/3967 900/3968 902/3969
f 953/3970 902/3971 954/3972
f 954/3973 902/3974 904/3975
f 954/3976 904/3977 955/3978
f 955/3979 904/3980 904/3981
f 955/3982 904/3983 956/3984
f 956/3985 904/3986 906/3987
f 956/3988 906/3989 957/3990
f 957/3991 906/3992 908/3993
f 957/3994 908/3995 958/3996
f 958/3997 908/3998 910/3999
f 958/4000 910/4001 959/4002
f 959/4003 910/4004 912/4005
f 959/4006 912/4007 960/4008
f 960/4009 912/4010 914/4011
f 960/4012 914/4013 961/4014
f 961/4015 914/4016 916/4017
f 961/4018 916/4019 962/4020
f 962/4021 916/4022 918/4023
f 962/4024 918/4025 963/4026
f 963/4027 918/4028 920/4029
f 963/4030 920/4031 964/4032
f 964/4033 920/4034 922/4035
f 964/4036 922/4037 924/4038
f 924/4039 922/4040 3/4041
f 11/4042 966/4043 9/4044
f 9/4045 966/4046 966/4047
f 9/4048 966/4049 967/4050
f 967/4051 966/4052 968/4053
f 967/4054 968/4055 969/4056
f 969/4057 968/4058 970/4059
f 969/4060 970/4061 971/4062
f 971/4063 970/4064 972/4065
f 971/4066 972/4067 973/4068
f 973/4069 972/4070 974/4071
f 973/4072 974/4073 975/4074
f 975/4075 974/4076 976/4077
f 975/4078 976/4079 977/4080
f 977/4081 976/4082 978/4083
f 977/4084 978/4085 979/4086
f 979/4087 978/4088 980/4089
f 979/4090 980/4091 981/4092
f 981/4093 980/4094 982/4095
f 981/4096 982/4097 983/4098
f 983/4099 982/4100 984/4101
f 983/4102 984/4103 985/4104
f 985/4105 984/4106 986/4107
f 985/4108 986/4109 987/4110
f 987/4111 986/4112 988/4113
f 987/4114 988/4115 989/4116
f 989/4117 988/4118 990/4119
f 989/4120 990/4121 991/4122
f 991/4123 990/4124 992/4125
f 991/4126 992/4127 993/4128
f 993/4129 992/4130 994/4131
f 993/4132 994/4133 995/4134
f 995/4135 994/4136 996/4137
f 995/4138 996/4139 997/4140
f 997/4141 996/4142 998/4143
f 997/4144 998/4145 999/4146
f 999/4147 998/4148 1000/4149
f 999/4150 1000/4151 1001/4152
f 1001/4153 1000/4154 1002/4155
f 1001/4156 1002/4157 1003/4158
f 1003/4159 1002/4160 1004/4161
f 1003/4162 1004/4163 1005/4164
f 1005/4165 1004/4166 1006/4167
f 1005/4168 1006/4169 1007/4170
f 1007/4171 1006/4172 1008/4173
f 1007/4174 1008/4175 1009/4176
f 1009/4177 1008/4178 1010/4179
f 1009/4180 1010/4181 1011/4182
f 1011/4183 1010/4184 1012/4185
f 1011/4186 1012/4187 1013/4188
f 1013/4189 1012/4190 1014/4191
f 1013/4192 1014/4193 1015/4194
f 1015/4195 1014/4196 1016/4197
f 1015/4198 1016/4199 1017/4200
f 1017/4201 1016/4202 1018/4203
f 1017/4204 1018/4205 1019/4206
f 1019/4207 1018/4208 1020/4209
f 1019/4210 1020/4211 1021/4212
f 1021/4213 1020/4214 1022/4215
f 1021/4216 1022/4217 1023/4218
f 1023/4219 1022/4220 1024/4221
f 1023/4222 1024/4223 1025/4224
f 1025/4225 1024/4226 1026/4227
f 1025/4228 1026/4229 1027/4230
f 1027/4231 1026/4232 1028/4233
f 1027/4234 1028/4235 1029/4236
f 1029/4237 1028/4238 1030/4239
f 1029/4240 1030/4241 1031/4242
f 1031/4243 1030/4244 1032/4245
f 1031/4246 1032/4247 1033/4248
f 1033/4249 1032/4250 1034/4251
f 1033/4252 1034/4253 1035/4254
f 1035/4255 1034/4256 1036/4257
f 1035/4258 1036/4259 1037/4260
f 1037/4261 1036/4262 12/4263
f 1037/4264 12/4265 10/4266
f 11/4267 965/4268 966/4269
f 966/4270 965/4271 1038/4272
f 966/4273 1038/4274 968/4275
f 968/4276 1038/4277 1039/4278
f 968/4279 1039/4280 970/4281
f 970/4282 1039/4283 1040/4284
f 970/4285 1040/4286 972/4287
f 972/4288 1040/4289 1041/4290
f 972/4291 1041/4292 974/4293
f 974/4294 1041/4295 1042/4296
f 974/4297 1042/4298 976/4299
f 976/4300 1042/4301 1043/4302
f 976/4303 1043/4304 978/4305
f 978/4306 1043/4307 1044/4308
f 978/4309 1044/4310 980/4311
f 980/4312 1044/4313 1045/4314
f 980/4315 1045/4316 982/4317
f 982/4318 1045/4319 1046/4320
f 982/4321 1046/4322 984/4323
f 984/4324 1046/4325 1047/4326
f 984/4327 1047/4328 984/4329
f 984/4330 1047/4331 1048/4332
f 984/4333 1048/4334 986/4335
f 986/4336 1048/4337 1049/4338
f 986/4339 1049/4340 988/4341
f 988/4342 1049/4343 1050/4344
f 988/4345 1050/4346 990/4347
f 990/4348 1050/4349 1051/4350
f 990/4351 1051/4352 992/4353
f 992/4354 1051/4355 1052/4356
f 992/4357 1052/4358 994/4359
f 994/4360 1052/4361 1053/4362
f 994/4363 1053/4364 996/4365
f 996/4366 1053/4367 1054/4368
f 996/4369 1054/4370 998/4371
f 998/4372 1054/4373 1055/4374
f 998/4375 1055/4376 1000/4377
f 1000/4378 1055/4379 1056/4380
f 1000/4381 1056/4382 1002/4383
f 1002/4384 1056/4385 1057/4386
f 1002/4387 1057/4388 1002/4389
f 1002/4390 1057/4391 1058/4392
f 1002/4393 1058/4394 1004/4395
f 1004/4396 1058/4397 1059/4398
f 1004/4399 1059/4400 1006/4401
f 1006/4402 1059/4403 1060/4404
f 1006/4405 1060/4406 1008/4407
f 1008/4408 1060/4409 1061/4410
f 1008/4411 1061/4412 1010/4413
f 1010/4414 1061/4415 1062/4416
f 1010/4417 1062/4418 1012/4419
f 1012/4420 1062/4421 1063/4422
f 1012/4423 1063/4424 1014/4425
f 1014/4426 1063/4427 1064/4428
f 1014/4429 1064/4430 1016/4431
f 1016/4432 1064/4433 1065/4434
f 1016/4435 1065/4436 1018/4437
f 1018/4438 1065/4439 1066/4440
f 1018/4441 1066/4442 1020/4443
f 1020/4444 1066/4445 1067/4446
f 1020/4447 1067/4448 1020/4449
f 1020/4450 1067/4451 1068/4452
f 1020/4453 1068/4454 1022/4455
f 1022/4456 1068/4457 1069/4458
f 1022/4459 1069/4460 1024/4461
f 1024/4462 1069/4463 1070/4464
f 1024/4465 1070/4466 1026/4467
f 1026/4468 1070/4469 1071/4470
f 1026/4471 1071/4472 1028/4473
f 1028/4474 1071/4475 1072/4476
f 1028/4477 1072/4478 1030/4479
f 1030/4480 1072/4481 1073/4482
f 1030/4483 1073/4484 1032/4485
f 1032/4486 1073/4487 1074/4488
f 1032/4489 1074/4490 1034/4491
f 1034/4492 1074/4493 1075/4494
f 1034/4495 1075/4496 1036/4497
f 1036/4498 1075/4499 1076/4500
f 1036/4501 1076/4502 12/4503
f 12/4504 1076/4505 5/4506
f 12/4507 5/4508 11/4509
f 4/4510 7/4511 965/4512
f 965/4513 7/4514 775/4515
f 965/4516 775/4517 1038/4518
f 1038/4519 775/4520 773/4521
f 1038/4522 773/4523 1039/4524
f 1039/4525 773/4526 771/4527
f 1039/4528 771/4529 1040/4530
f 1040/4531 771/4532 769/4533
f 1040/4534 769/4535 1041/4536
f 1041/4537 769/4538 767/4539
f 1041/4540 767/4541 1042/4542
f 1042/4543 767/4544 765/4545
f 1042/4546 765/4547 1043/4548
f 1043/4549 765/4550 763/4551
f 1043/4552 763/4553 1044/4554
f 1044/4555 763/4556 761/4557
f 1044/4558 761/4559 1045/4560
f 1045/4561 761/4562 759/4563
f 1045/4564 759/4565 1046/4566
f 1046/4567 759/4568 758/4569
f 1046/4570 758/4571 1047/4572
f 1047/4573 758/4574 756/4575
f 1047/4576 756/4577 1048/4578
f 1048/4579 756/4580 754/4581
f 1048/4582 754/4583 1049/4584
f 1049/4585 754/4586 752/4587
f 1049/4588 752/4589 1050/4590
f 1050/4591 752/4592 750/4593
f 1050/4594 750/4595 1051/4596
f 1051/4597 750/4598 748/4599
f 1051/4600 748/4601 1052/4602
f 1052/4603 748/4604 746/4605
f 1052/4606 746/4607 1053/4608
f 1053/4609 746/4610 744/4611
f 1053/4612 744/4613 1054/4614
f 1054/4615 744/4616 742/4617
f 1054/4618 742/4619 1055/4620
f 1055/4621 742/4622 740/4623
f 1055/4624 740/4625 1056/4626
f 1056/4627 740/4628 739/4629
f 1056/4630 739/4631 1057/4632
f 1057/4633 739/4634 737/4635
f 1057/4636 737/4637 1058/4638
f 1058/4639 737/4640 735/4641
f 1058/4642 735/4643 1059/4644
f 1059/4645 735/4646 733/4647
f 1059/4648 733/4649 1060/4650
f 1060/4651 733/4652 731/4653
f 1060/4654 731/4655 1061/4656
f 1061/4657 731/4658 729/4659
f 1061/4660 729/4661 1062/4662
f 1062/4663 729/4664 727/4665
f 1062/4666 727/4667 1063/4668
f 1063/4669 727/4670 725/4671
f 1063/4672 725/4673 1064/4674
f 1064/4675 725/4676 723/4677
f 1064/4678 723/4679 1065/4680
f 1065/4681 723/4682 721/4683
f 1065/4684 721/4685 1066/4686
f 1066/4687 721/4688 720/4689
f 1066/4690 720/4691 1067/4692
f 1067/4693 720/4694 718/4695
f 1067/4696 718/4697 1068/4698
f 1068/4699 718/4700 716/4701
f 1068/4702 716/4703 1069/4704
f 1069/4705 716/4706 714/4707
f 1069/4708 714/4709 1070/4710
f 1070/4711 714/4712 712/4713
f 1070/4714 712/4715 1071/4716
f 1071/4717 712/4718 710/4719
f 1071/4720 710/4721 1072/4722
f 1072/4723 710/4724 708/4725
f 1072/4726 708/4727 1073/4728
f 1073/4729 708/4730 706/4731
f 1073/4732 706/4733 1074/4734
f 1074/4735 706/4736 704/4737
f 1074/4738 704/4739 1075/4740
f 1075/4741 704/4742 702/4743
f 1075/4744 702/4745 1076/4746
f 1076/4747 702/4748 700/4749
f 1076/4750 700/4751 5/4752
f 5/4753 700/4754 6/4755
f 465/4756 463/4757 1077/4758
f 1077/4759 463/4760 461/4761
f 1077/4762 461/4763 1077/4764
f 1077/4765 461/4766 459/4767
f 1077/4768 459/4769 1077/4770
f 1077/4771 459/4772 457/4773
f 1077/4774 457/4775 1077/4776
f 1077/4777 457/4778 455/4779
f 1077/4780 455/4781 1077/4782
f 1077/4783 455/4784 453/4785
f 1077/4786 453/4787 1077/4788
f 1077/4789 453/4790 451/4791
f 1077/4792 451/4793 1077/4794
f 1077/4795 451/4796 449/4797
f 1077/4798 449/4799 1077/4800
f 1077/4801 449/4802 447/4803
f 1077/4804 447/4805 1077/4806
f 1077/4807 447/4808 445/4809
f 1077/4810 445/4811 1077/4812
f 1077/4813 445/4814 443/4815
f 1077/4816 443/4817 1077/4818
f 1077/4819 443/4820 441/4821
f 1077/4822 441/4823 1077/4824
f 1077/4825 441/4826 439/4827
f 1077/4828 439/4829 1077/4830
f 1077/4831 439/4832 437/4833
f 1077/4834 437/4835 1077/4836
f 1077/4837 437/4838 435/4839
f 1077/4840 435/4841 1077/4842
f 1077/4843 435/4844 433/4845
f 1077/4846 433/4847 1077/4848
f 1077/4849 433/4850 431/4851
f 1077/4852 431/4853 1077/4854
f 1077/4855 431/4856 429/4857
f 1077/4858 429/4859 1077/4860
f 1077/4861 429/4862 427/4863
f 1077/4864 427/4865 1077/4866
f 1077/4867 427/4868 425/4869
f 1077/4870 425/4871 1077/4872
f 1077/4873 425/4874 424/4875
f 1077/4876 424/4877 1077/4878
f 1077/4879 424/4880 26/4881
f 1077/4882 26/4883 1077/4884
f 1077/4885 26/4886 25/4887
f 1077/4888 25/4889 465/4890
f 421/4891 419/4892 1078/4893
f 1078/4894 419/4895 417/4896
f 1078/4897 417/4898 1078/4899
f 1078/4900 417/4901 415/4902
f 1078/4903 415/4904 1078/4905
f 1078/4906 415/4907 413/4908
f 1078/4909 413/4910 1078/4911
f 1078/4912 413/4913 411/4914
f 1078/4915 411/4916 1078/4917
f 1078/4918 411/4919 409/4920
f 1078/4921 409/4922 1078/4923
f 1078/4924 409/4925 407/4926
f 1078/4927 407/4928 1078/4929
f 1078/4930 407/4931 405/4932
f 1078/4933 405/4934 1078/4935
f 1078/4936 405/4937 403/4938
f 1078/4939 403/4940 1078/4941
f 1078/4942 403/4943 401/4944
f 1078/4945 401/4946 1078/4947
f 1078/4948 401/4949 399/4950
f 1078/4951 399/4952 1078/4953
f 1078/4954 399/4955 397/4956
f 1078/4957 397/4958 1078/4959
f 1078/4960 397/4961 395/4962
f 1078/4963 395/4964 1078/4965
f 1078/4966 395/4967 393/4968
f 1078/4969 393/4970 1078/4971
f 1078/4972 393/4973 391/4974
f 1078/4975 391/4976 1078/4977
f 1078/4978 391/4979 389/4980
f 1078/4981 389/4982 1078/4983
f 1078/4984 389/4985 387/4986
f 1078/4987 387/4988 1078/4989
f 1078/4990 387/4991 385/4992
f 1078/4993 385/4994 1078/4995
f 1078/4996 385/4997 383/4998
f 1078/4999 383/5000 1078/5001
f 1078/5002 383/5003 381/5004
f 1078/5005 381/5006 1078/5007
f 1078/5008 381/5009 380/5010
f 1078/5011 380/5012 1078/5013
f 1078/5014 380/5015 30/5016
f 1078/5017 30/5018 1078/5019
f 1078/5020 30/5021 29/5022
f 1078/5023 29/5024 421/5025
f 377/5026 375/5027 1079/5028
f 1079/5029 375/5030 373/5031
f 1079/5032 373/5033 1079/5034
f 1079/5035 373/5036 371/5037
f 1079/5038 371/5039 1079/5040
f 1079/5041 371/5042 369/5043
f 1079/5044 369/5045 1079/5046
f 1079/5047 369/5048 367/5049
f 1079/5050 367/5051 1079/5052
f 1079/5053 367/5054 365/5055
f 1079/5056 365/5057 1079/5058
f 1079/5059 365/5060 363/5061
f 1079/5062 363/5063 1079/5064
f 1079/5065 363/5066 361/5067
f 1079/5068 361/5069 1079/5070
f 1079/5071 361/5072 359/5073
f 1079/5074 359/5075 1079/5076
f 1079/5077 359/5078 357/5079
f 1079/5080 357/5081 1079/5082
f 1079/5083 357/5084 355/5085
f 1079/5086 355/5087 1079/5088
f 1079/5089 355/5090 353/5091
f 1079/5092 353/5093 1079/5094
f 1079/5095 353/5096 351/5097
f 1079/5098 351/5099 1079/5100
f 1079/5101 351/5102 349/5103
f 1079/5104 349/5105 1079/5106
f 1079/5107 349/5108 347/5109
f 1079/5110 347/5111 1079/5112
f 1079/5113 347/5114 345/5115
f 1079/5116 345/5117 1079/5118
f 1079/5119 345/5120 343/5121
f 1079/5122 343/5123 1079/5124
f 1079/5125 343/5126 341/5127
f 1079/5128 341/5129 1079/5130
f 1079/5131 341/5132 339/5133
f 1079/5134 339/5135 1079/5136
f 1079/5137 339/5138 337/5139
f 1079/5140 337/5141 1079/5142
f 1079/5143 337/5144 336/5145
f 1079/5146 336/5147 1079/5148
f 1079/5149 336/5150 34/5151
f 1079/5152 34/5153 1079/5154
f 1079/5155 34/5156 33/5157
f 1079/5158 33/5159 377/5160
f 333/5161 331/5162 1080/5163
f 1080/5164 331/5165 329/5166
f 1080/5167 329/5168 1080/5169
f 1080/5170 329/5171 327/5172
f 1080/5173 327/5174 1080/5175
f 1080/5176 327/5177 325/5178
f 1080/5179 325/5180 1080/5181
f 1080/5182 325/5183 323/5184
f 1080/5185 323/5186 1080/5187
f 1080/5188 323/5189 321/5190
f 1080/5191 321/5192 1080/5193
f 1080/5194 321/5195 319/5196
f 1080/5197 319/5198 1080/5199
f 1080/5200 319/5201 317/5202
f 1080/5203 317/5204 1080/5205
f 1080/5206 317/5207 315/5208
f 1080/5209 315/5210 1080/5211
f 1080/5212 315/5213 313/5214
f 1080/5215 313/5216 1080/5217
f 1080/5218 313/5219 311/5220
f 1080/5221 311/5222 1080/5223
f 1080/5224 311/5225 309/5226
f 1080/5227 309/5228 1080/5229
f 1080/5230 309/5231 307/5232
f 1080/5233 307/5234 1080/5235
f 1080/5236 307/5237 305/5238
f 1080/5239 305/5240 1080/5241
f 1080/5242 305/5243 303/5244
f 1080/5245 303/5246 1080/5247
f 1080/5248 303/5249 301/5250
f 1080/5251 301/5252 1080/5253
f 1080/5254 301/5255 299/5256
f 1080/5257 299/5258 1080/5259
f 1080/5260 299/5261 297/5262
f 1080/5263 297/5264 1080/5265
f 1080/5266 297/5267 295/5268
f 1080/5269 295/5270 1080/5271
f 1080/5272 295/5273 293/5274
f 1080/5275 293/5276 1080/5277
f 1080/5278 293/5279 292/5280
f 1080/5281 292/5282 1080/5283
f 1080/5284 292/5285 36/5286
f 1080/5287 36/5288 1080/5289
f 1080/5290 36/5291 38/5292
f 1080/5293 38/5294 333/5295
f 289/5296 287/5297 1081/5298
f 1081/5299 287/5300 285/5301
f 1081/5302 285/5303 1081/5304
f 1081/5305 285/5306 283/5307
f 1081/5308 283/5309 1081/5310
f 1081/5311 283/5312 281/5313
f 1081/5314 281/5315 1081/5316
f 1081/5317 281/5318 279/5319
f 1081/5320 279/5321 1081/5322
f 1081/5323 279/5324 277/5325
f 1081/5326 277/5327 1081/5328
f 1081/5329 277/5330 275/5331
f 1081/5332 275/5333 1081/5334
f 1081/5335 275/5336 273/5337
f 1081/5338 273/5339 1081/5340
f 1081/5341 273/5342 271/5343
f 1081/5344 271/5345 1081/5346
f 1081/5347 271/5348 269/5349
f 1081/5350 269/5351 1081/5352
f 1081/5353 269/5354 267/5355
f 1081/5356 267/5357 1081/5358
f 1081/5359 267/5360 265/5361
f 1081/5362 265/5363 1081/5364
f 1081/5365 265/5366 263/5367
f 1081/5368 263/5369 1081/5370
f 1081/5371 263/5372 261/5373
f 1081/5374 261/5375 1081/5376
f 1081/5377 261/5378 259/5379
f 1081/5380 259/5381 1081/5382
f 1081/5383 259/5384 257/5385
f 1081/5386 257/5387 1081/5388
f 1081/5389 257/5390 255/5391
f 1081/5392 255/5393 1081/5394
f 1081/5395 255/5396 253/5397
f 1081/5398 253/5399 1081/5400
f 1081/5401 253/5402 251/5403
f 1081/5404 251/5405 1081/5406
f 1081/5407 251/5408 249/5409
f 1081/5410 249/5411 1081/5412
f 1081/5413 249/5414 248/5415
f 1081/5416 248/5417 1081/5418
f 1081/5419 248/5420 42/5421
f 1081/5422 42/5423 1081/5424
f 1081/5425 42/5426 41/5427
f 1081/5428 41/5429 289/5430
f 174/5431 50/5432 1082/5433
f 1082/5434 50/5435 52/5436
f 1082/5437 52/5438 1082/5439
f 1082/5440 52/5441 54/5442
f 1082/5443 54/5444 1082/5445
f 1082/5446 54/5447 56/5448
f 1082/5449 56/5450 1082/5451
f 1082/5452 56/5453 58/5454
f 1082/5455 58/5456 1082/5457
f 1082/5458 58/5459 60/5460
f 1082/5461 60/5462 1082/5463
f 1082/5464 60/5465 62/5466
f 1082/5467 62/5468 1082/5469
f 1082/5470 62/5471 64/5472
f 1082/5473 64/5474 1082/5475
f 1082/5476 64/5477 66/5478
f 1082/5479 66/5480 1082/5481
f 1082/5482 66/5483 68/5484
f 1082/5485 68/5486 1082/5487
f 1082/5488 68/5489 70/5490
f 1082/5491 70/5492 1082/5493
f 1082/5494 70/5495 72/5496
f 1082/5497 72/5498 1082/5499
f 1082/5500 72/5501 74/5502
f 1082/5503 74/5504 1082/5505
f 1082/5506 74/5507 76/5508
f 1082/5509 76/5510 1082/5511
f 1082/5512 76/5513 78/5514
f 1082/5515 78/5516 1082/5517
f 1082/5518 78/5519 80/5520
f 1082/5521 80/5522 1082/5523
f 1082/5524 80/5525 82/5526
f 1082/5527 82/5528 1082/5529
f 1082/5530 82/5531 84/5532
f 1082/5533 84/5534 1082/5535
f 1082/5536 84/5537 86/5538
f 1082/5539 86/5540 1082/5541
f 1082/5542 86/5543 88/5544
f 1082/5545 88/5546 1082/5547
f 1082/5548 88/5549 90/5550
f 1082/5551 90/5552 1082/5553
f 1082/5554 90/5555 92/5556
f 1082/5557 92/5558 1082/5559
f 1082/5560 92/5561 94/5562
f 1082/5563 94/5564 174/5565
f 1083/5566 1084/5567 1085/5568
f 1085/5569 1084/5570 1086/5571
f 1084/5572 1083/5573 1087/5574
f 1087/5575 1083/5576 1088/5577
f 1087/5578 1088/5579 1089/5580
f 1089/5581 1088/5582 1090/5583
f 1089/5584 1090/5585 1091/5586
f 1091/5587 1090/5588 1092/5589
f 1091/5590 1092/5591 1093/5592
f 1093/5593 1092/5594 1094/5595
f 1093/5596 1094/5597 1095/5598
f 1095/5599 1094/5600 1096/5601
f 1095/5602 1096/5603 1097/5604
f 1097/5605 1096/5606 1098/5607
f 1097/5608 1098/5609 1099/5610
f 1099/5611 1098/5612 1100/5613
f 1099/5614 1100/5615 1101/5616
f 1101/5617 1100/5618 1102/5619
f 1101/5620 1102/5621 1103/5622
f 1103/5623 1102/5624 1104/5625
f 1103/5626 1104/5627 1103/5628
f 1103/5629 1104/5630 1105/5631
f 1103/5632 1105/5633 1106/5634
f 1106/5635 1105/5636 1107/5637
f 1106/5638 1107/5639 1108/5640
f 1108/5641 1107/5642 1109/5643
f 1108/5644 1109/5645 1110/5646
f 1110/5647 1109/5648 1111/5649
f 1110/5650 1111/5651 1112/5652
f 1112/5653 1111/5654 1113/5655
f 1112/5656 1113/5657 1114/5658
f 1114/5659 1113/5660 1115/5661
f 1114/5662 1115/5663 1116/5664
f 1116/5665 1115/5666 1117/5667
f 1116/5668 1117/5669 1118/5670
f 1118/5671 1117/5672 1119/5673
f 1118/5674 1119/5675 1120/5676
f 1120/5677 1119/5678 1121/5679
f 1120/5680 1121/5681 1122/5682
f 1122/5683 1121/5684 1123/5685
f 1122/5686 1123/5687 1124/5688
f 1124/5689 1123/5690 1125/5691
f 1124/5692 1125/5693 1124/5694
f 1124/5695 1125/5696 1126/5697
f 1124/5698 1126/5699 1127/5700
f 1127/5701 1126/5702 1128/5703
f 1127/5704 1128/5705 1129/5706
f 1129/5707 1128/5708 1130/5709
f 1129/5710 1130/5711 1131/5712
f 1131/5713 1130/5714 1132/5715
f 1131/5716 1132/5717 1133/5718
f 1133/5719 1132/5720 1134/5721
f 1133/5722 1134/5723 1135/5724
f 1135/5725 1134/5726 1136/5727
f 1135/5728 1136/5729 1137/5730
f 1137/5731 1136/5732 1138/5733
f 1137/5734 1138/5735 1139/5736
f 1139/5737 1138/5738 1140/5739
f 1139/5740 1140/5741 1141/5742
f 1141/5743 1140/5744 1142/5745
f 1141/5746 1142/5747 1143/5748
f 1143/5749 1142/5750 1144/5751
f 1143/5752 1144/5753 1143/5754
f 1143/5755 1144/5756 1145/5757
f 1143/5758 1145/5759 1146/5760
f 1146/5761 1145/5762 1147/5763
f 1146/5764 1147/5765 1148/5766
f 1148/5767 1147/5768 1149/5769
f 1148/5770 1149/5771 1150/5772
f 1150/5773 1149/5774 1151/5775
f 1150/5776 1151/5777 1152/5778
f 1152/5779 1151/5780 1153/5781
f 1152/5782 1153/5783 1154/5784
f 1154/5785 1153/5786 1155/5787
f 1154/5788 1155/5789 1156/5790
f 1156/5791 1155/5792 1157/5793
f 1156/5794 1157/5795 1158/5796
f 1158/5797 1157/5798 1159/5799
f 1158/5800 1159/5801 1160/5802
f 1160/5803 1159/5804 1161/5805
f 1160/5806 1161/5807 1162/5808
f 1162/5809 1161/5810 1086/5811
f 1162/5812 1086/5813 1084/5814
f 172/5815 95/5816 1163/5817
f 1163/5818 95/5819 97/5820
f 1163/5821 97/5822 1164/5823
f 1164/5824 97/5825 97/5826
f 1164/5827 97/5828 1165/5829
f 1165/5830 97/5831 99/5832
f 1165/5833 99/5834 1166/5835
f 1166/5836 99/5837 101/5838
f 1166/5839 101/5840 1167/5841
f 1167/5842 101/5843 103/5844
f 1167/5845 103/5846 1168/5847
f 1168/5848 103/5849 105/5850
f 1168/5851 105/5852 1169/5853
f 1169/5854 105/5855 107/5856
f 1169/5857 107/5858 1170/5859
f 1170/5860 107/5861 109/5862
f 1170/5863 109/5864 1171/5865
f 1171/5866 109/5867 111/5868
f 1171/5869 111/5870 1172/5871
f 1172/5872 111/5873 113/5874
f 1172/5875 113/5876 1173/5877
f 1173/5878 113/5879 115/5880
f 1173/5881 115/5882 1174/5883
f 1174/5884 115/5885 118/5886
f 1174/5887 118/5888 1175/5889
f 1175/5890 118/5891 120/5892
f 1175/5893 120/5894 1176/5895
f 1176/5896 120/5897 122/5898
f 1176/5899 122/5900 1177/5901
f 1177/5902 122/5903 124/5904
f 1177/5905 124/5906 1178/5907
f 1178/5908 124/5909 126/5910
f 1178/5911 126/5912 1179/5913
f 1179/5914 126/5915 128/5916
f 1179/5917 128/5918 1180/5919
f 1180/5920 128/5921 130/5922
f 1180/5923 130/5924 1181/5925
f 1181/5926 130/5927 132/5928
f 1181/5929 132/5930 1182/5931
f 1182/5932 132/5933 134/5934
f 1182/5935 134/5936 1183/5937
f 1183/5938 134/5939 137/5940
f 1183/5941 137/5942 1184/5943
f 1184/5944 137/5945 139/5946
f 1184/5947 139/5948 1185/5949
f 1185/5950 139/5951 141/5952
f 1185/5953 141/5954 1186/5955
f 1186/5956 141/5957 143/5958
f 1186/5959 143/5960 1187/5961
f 1187/5962 143/5963 145/5964
f 1187/5965 145/5966 1188/5967
f 1188/5968 145/5969 147/5970
f 1188/5971 147/5972 1189/5973
f 1189/5974 147/5975 149/5976
f 1189/5977 149/5978 1190/5979
f 1190/5980 149/5981 151/5982
f 1190/5983 151/5984 1191/5985
f 1191/5986 151/5987 153/5988
f 1191/5989 153/5990 1192/5991
f 1192/5992 153/5993 155/5994
f 1192/5995 155/5996 1193/5997
f 1193/5998 155/5999 158/6000
f 1193/6001 158/6002 1194/6003
f 1194/6004 158/6005 160/6006
f 1194/6007 160/6008 1195/6009
f 1195/6010 160/6011 162/6012
f 1195/6013 162/6014 1196/6015
f 1196/6016 162/6017 164/6018
f 1196/6019 164/6020 1197/6021
f 1197/6022 164/6023 166/6024
f 1197/6025 166/6026 1198/6027
f 1198/6028 166/6029 168/6030
f 1198/6031 168/6032 1199/6033
f 1199/6034 168/6035 170/6036
f 1199/6037 170/6038 1200/6039
f 1200/6040 170/6041 172/6042
f 1200/6043 172/6044 1163/6045
f 96/6046 175/6047 1085/6048
f 1085/6049 175/6050 173/6051
f 1085/6052 173/6053 1083/6054
f 1083/6055 173/6056 171/6057
f 1083/6058 171/6059 1088/6060
f 1088/6061 171/6062 169/6063
f 1088/6064 169/6065 1090/6066
f 1090/6067 169/6068 167/6069
f 1090/6070 167/6071 1092/6072
f 1092/6073 167/6074 165/6075
f 1092/6076 165/6077 1094/6078
f 1094/6079 165/6080 163/6081
f 1094/6082 163/6083 1096/6084
f 1096/6085 163/6086 161/6087
f 1096/6088 161/6089 1098/6090
f 1098/6091 161/6092 159/6093
f 1098/6094 159/6095 1100/6096
f 1100/6097 159/6098 157/6099
f 1100/6100 157/6101 1102/6102
f 1102/6103 157/6104 156/6105
f 1102/6106 156/6107 1104/6108
f 1104/6109 156/6110 154/6111
f 1104/6112 154/6113 1105/6114
f 1105/6115 154/6116 152/6117
f 1105/6118 152/6119 1107/6120
f 1107/6121 152/6122 150/6123
f 1107/6124 150/6125 1109/6126
f 1109/6127 150/6128 148/6129
f 1109/6130 148/6131 1111/6132
f 1111/6133 148/6134 146/6135
f 1111/6136 146/6137 1113/6138
f 1113/6139 146/6140 144/6141
f 1113/6142 144/6143 1115/6144
f 1115/6145 144/6146 142/6147
f 1115/6148 142/6149 1117/6150
f 1117/6151 142/6152 140/6153
f 1117/6154 140/6155 1119/6156
f 1119/6157 140/6158 138/6159
f 1119/6160 138/6161 1121/6162
f 1121/6163 138/6164 136/6165
f 1121/6166 136/6167 1123/6168
f 1123/6169 136/6170 135/6171
f 1123/6172 135/6173 1125/6174
f 1125/6175 135/6176 133/6177
f 1125/6178 133/6179 1126/6180
f 1126/6181 133/6182 131/6183
f 1126/6184 131/6185 1128/6186
f 1128/6187 131/6188 129/6189
f 1128/6190 129/6191 1130/6192
f 1130/6193 129/6194 127/6195
f 1130/6196 127/6197 1132/6198
f 1132/6199 127/6200 125/6201
f 1132/6202 125/6203 1134/6204
f 1134/6205 125/6206 123/6207
f 1134/6208 123/6209 1136/6210
f 1136/6211 123/6212 121/6213
f 1136/6214 121/6215 1138/6216
f 1138/6217 121/6218 119/6219
f 1138/6220 119/6221 1140/6222
f 1140/6223 119/6224 117/6225
f 1140/6226 117/6227 1142/6228
f 1142/6229 117/6230 116/6231
f 1142/6232 116/6233 1144/6234
f 1144/6235 116/6236 114/6237
f 1144/6238 114/6239 1145/6240
f 1145/6241 114/6242 112/6243
f 1145/6244 112/6245 1147/6246
f 1147/6247 112/6248 110/6249
f 1147/6250 110/6251 1149/6252
f 1149/6253 110/6254 108/6255
f 1149/6256 108/6257 1151/6258
f 1151/6259 108/6260 106/6261
f 1151/6262 106/6263 1153/6264
f 1153/6265 106/6266 104/6267
f 1153/6268 104/6269 1155/6270
f 1155/6271 104/6272 102/6273
f 1155/6274 102/6275 1157/6276
f 1157/6277 102/6278 100/6279
f 1157/6280 100/6281 1159/6282
f 1159/6283 100/6284 98/6285
f 1159/6286 98/6287 1161/6288
f 1161/6289 98/6290 96/6291
f 1161/6292 96/6293 1086/6294
f 1086/6295 96/6296 1085/6297
f 1084/6298 1087/6299 1201/6300
f 1201/6301 1087/6302 1087/6303
f 1201/6304 1087/6305 1202/6306
f 1202/6307 1087/6308 1089/6309
f 1202/6310 1089/6311 1203/6312
f 1203/6313 1089/6314 1091/6315
f 1203/6316 1091/6317 1204/6318
f 1204/6319 1091/6320 1093/6321
f 1204/6322 1093/6323 1205/6324
f 1205/6325 1093/6326 1095/6327
f 1205/6328 1095/6329 1206/6330
f 1206/6331 1095/6332 1097/6333
f 1206/6334 1097/6335 1207/6336
f 1207/6337 1097/6338 1099/6339
f 1207/6340 1099/6341 1208/6342
f 1208/6343 1099/6344 1101/6345
f 1208/6346 1101/6347 1209/6348
f 1209/6349 1101/6350 1103/6351
f 1209/6352 1103/6353 1210/6354
f 1210/6355 1103/6356 1106/6357
f 1210/6358 1106/6359 1211/6360
f 1211/6361 1106/6362 1108/6363
f 1211/6364 1108/6365 1212/6366
f 1212/6367 1108/6368 1110/6369
f 1212/6370 1110/6371 1213/6372
f 1213/6373 1110/6374 1112/6375
f 1213/6376 1112/6377 1214/6378
f 1214/6379 1112/6380 1114/6381
f 1214/6382 1114/6383 1215/6384
f 1215/6385 1114/6386 1116/6387
f 1215/6388 1116/6389 1216/6390
f 1216/6391 1116/6392 1118/6393
f 1216/6394 1118/6395 1217/6396
f 1217/6397 1118/6398 1120/6399
f 1217/6400 1120/6401 1218/6402
f 1218/6403 1120/6404 1122/6405
f 1218/6406 1122/6407 1219/6408
f 1219/6409 1122/6410 1124/6411
f 1219/6412 1124/6413 1220/6414
f 1220/6415 1124/6416 1127/6417
f 1220/6418 1127/6419 1221/6420
f 1221/6421 1127/6422 1129/6423
f 1221/6424 1129/6425 1222/6426
f 1222/6427 1129/6428 1131/6429
f 1222/6430 1131/6431 1223/6432
f 1223/6433 1131/6434 1133/6435
f 1223/6436 1133/6437 1224/6438
f 1224/6439 1133/6440 1135/6441
f 1224/6442 1135/6443 1225/6444
f 1225/6445 1135/6446 1137/6447
f 1225/6448 1137/6449 1226/6450
f 1226/6451 1137/6452 1139/6453
f 1226/6454 1139/6455 1227/6456
f 1227/6457 1139/6458 1141/6459
f 1227/6460 1141/6461 1228/6462
f 1228/6463 1141/6464 1143/6465
f 1228/6466 1143/6467 1229/6468
f 1229/6469 1143/6470 1146/6471
f 1229/6472 1146/6473 1230/6474
f 1230/6475 1146/6476 1148/6477
f 1230/6478 1148/6479 1231/6480
f 1231/6481 1148/6482 1150/6483
f 1231/6484 1150/6485 1232/6486
f 1232/6487 1150/6488 1152/6489
f 1232/6490 1152/6491 1233/6492
f 1233/6493 1152/6494 1154/6495
f 1233/6496 1154/6497 1234/6498
f 1234/6499 1154/6500 1156/6501
f 1234/6502 1156/6503 1235/6504
f 1235/6505 1156/6506 1158/6507
f 1235/6508 1158/6509 1236/6510
f 1236/6511 1158/6512 1160/6513
f 1236/6514 1160/6515 1237/6516
f 1237/6517 1160/6518 1162/6519
f 1237/6520 1162/6521 1084/6522
f 1237/6523 1084/6524 1238/6525
f 1238/6526 1084/6527 1201/6528
f 1239/6529 1240/6530 1241/6531
f 1241/6532 1240/6533 1242/6534
f 1241/6535 1243/6536 1239/6537
f 1239/6538 1243/6539 1244/6540
f 1239/6541 1244/6542 1245/6543
f 1245/6544 1244/6545 1246/6546
f 1245/6547 1246/6548 1247/6549
f 1247/6550 1246/6551 1248/6552
f 1247/6553 1248/6554 1249/6555
f 1249/6556 1248/6557 1250/6558
f 1249/6559 1250/6560 1251/6561
f 1251/6562 1250/6563 1252/6564
f 1251/6565 1252/6566 1253/6567
f 1253/6568 1252/6569 1254/6570
f 1253/6571 1254/6572 1255/6573
f 1255/6574 1254/6575 1256/6576
f 1255/6577 1256/6578 1257/6579
f 1257/6580 1256/6581 1258/6582
f 1257/6583 1258/6584 1259/6585
f 1259/6586 1258/6587 1260/6588
f 1259/6589 1260/6590 1261/6591
f 1261/6592 1260/6593 1262/6594
f 1261/6595 1262/6596 1263/6597
f 1263/6598 1262/6599 1264/6600
f 1263/6601 1264/6602 1265/6603
f 1265/6604 1264/6605 1266/6606
f 1265/6607 1266/6608 1267/6609
f 1267/6610 1266/6611 1268/6612
f 1267/6613 1268/6614 1269/6615
f 1269/6616 1268/6617 1270/6618
f 1269/6619 1270/6620 1271/6621
f 1271/6622 1270/6623 1272/6624
f 1271/6625 1272/6626 1273/6627
f 1273/6628 1272/6629 1274/6630
f 1273/6631 1274/6632 1275/6633
f 1275/6634 1274/6635 1276/6636
f 1275/6637 1276/6638 1277/6639
f 1277/6640 1276/6641 1278/6642
f 1277/6643 1278/6644 1279/6645
f 1279/6646 1278/6647 1280/6648
f 1279/6649 1280/6650 1281/6651
f 1281/6652 1280/6653 1282/6654
f 1281/6655 1282/6656 1283/6657
f 1283/6658 1282/6659 1284/6660
f 1283/6661 1284/6662 1285/6663
f 1285/6664 1284/6665 1286/6666
f 1285/6667 1286/6668 1242/6669
f 1242/6670 1286/6671 1241/6672
f 1287/6673 1288/6674 1289/6675
f 1289/6676 1288/6677 1290/6678
f 1289/6679 1291/6680 1287/6681
f 1287/6682 1291/6683 1292/6684
f 1287/6685 1292/6686 1293/6687
f 1293/6688 1292/6689 1294/6690
f 1293/6691 1294/6692 1295/6693
f 1295/6694 1294/6695 1296/6696
f 1295/6697 1296/6698 1297/6699
f 1297/6700 1296/6701 1298/6702
f 1297/6703 1298/6704 1299/6705
f 1299/6706 1298/6707 1300/6708
f 1299/6709 1300/6710 1301/6711
f 1301/6712 1300/6713 1302/6714
f 1301/6715 1302/6716 1303/6717
f 1303/6718 1302/6719 1304/6720
f 1303/6721 1304/6722 1305/6723
f 1305/6724 1304/6725 1306/6726
f 1305/6727 1306/6728 1307/6729
f 1307/6730 1306/6731 1308/6732
f 1307/6733 1308/6734 1309/6735
f 1309/6736 1308/6737 1310/6738
f 1309/6739 1310/6740 1311/6741
f 1311/6742 1310/6743 1312/6744
f 1311/6745 1312/6746 1313/6747
f 1313/6748 1312/6749 1314/6750
f 1313/6751 1314/6752 1315/6753
f 1315/6754 1314/6755 1316/6756
f 1315/6757 1316/6758 1317/6759
f 1317/6760 1316/6761 1318/6762
f 1317/6763 1318/6764 1319/6765
f 1319/6766 1318/6767 1320/6768
f 1319/6769 1320/6770 1321/6771
f 1321/6772 1320/6773 1322/6774
f 1321/6775 1322/6776 1323/6777
f 1323/6778 1322/6779 1324/6780
f 1323/6781 1324/6782 1325/6783
f 1325/6784 1324/6785 1326/6786
f 1325/6787 1326/6788 1327/6789
f 1327/6790 1326/6791 1328/6792
f 1327/6793 1328/6794 1329/6795
f 1329/6796 1328/6797 1330/6798
f 1329/6799 1330/6800 1331/6801
f 1331/6802 1330/6803 1332/6804
f 1331/6805 1332/6806 1333/6807
f 1333/6808 1332/6809 1334/6810
f 1333/6811 1334/6812 1290/6813
f 1290/6814 1334/6815 1289/6816
f 1333/6817 1290/6818 1335/6819
f 1335/6820 1290/6821 1288/6822
f 1335/6823 1288/6824 1335/6825
f 1335/6826 1288/6827 1287/6828
f 1335/6829 1287/6830 1335/6831
f 1335/6832 1287/6833 1293/6834
f 1335/6835 1293/6836 1335/6837
f 1335/6838 1293/6839 1295/6840
f 1335/6841 1295/6842 1335/6843
f 1335/6844 1295/6845 1297/6846
f 1335/6847 1297/6848 1335/6849
f 1335/6850 1297/6851 1299/6852
f 1335/6853 1299/6854 1335/6855
f 1335/6856 1299/6857 1301/6858
f 1335/6859 1301/6860 1335/6861
f 1335/6862 1301/6863 1303/6864
f 1335/6865 1303/6866 1335/6867
f 1335/6868 1303/6869 1305/6870
f 1335/6871 1305/6872 1335/6873
f 1335/6874 1305/6875 1307/6876
f 1335/6877 1307/6878 1335/6879
f 1335/6880 1307/6881 1309/6882
f 1335/6883 1309/6884 1335/6885
f 1335/6886 1309/6887 1311/6888
f 1335/6889 1311/6890 1335/6891
f 1335/6892 1311/6893 1313/6894
f 1335/6895 1313/6896 1335/6897
f 1335/6898 1313/6899 1315/6900
f 1335/6901 1315/6902 1335/6903
f 1335/6904 1315/6905 1317/6906
f 1335/6907 1317/6908 1335/6909
f 1335/6910 1317/6911 1319/6912
f 1335/6913 1319/6914 1335/6915
f 1335/6916 1319/6917 1321/6918
f 1335/6919 1321/6920 1335/6921
f 1335/6922 1321/6923 1323/6924
f 1335/6925 1323/6926 1335/6927
f 1335/6928 1323/6929 1325/6930
f 1335/6931 1325/6932 1335/6933
f 1335/6934 1325/6935 1327/6936
f 1335/6937 1327/6938 1335/6939
f 1335/6940 1327/6941 1329/6942
f 1335/6943 1329/6944 1335/6945
f 1335/6946 1329/6947 1331/6948
f 1335/6949 1331/6950 1333/6951
f 1243/6952 1241/6953 1336/6954
f 1336/6955 1241/6956 1286/6957
f 1336/6958 1286/6959 1336/6960
f 1336/6961 1286/6962 1284/6963
f 1336/6964 1284/6965 1336/6966
f 1336/6967 1284/6968 1282/6969
f 1336/6970 1282/6971 1336/6972
f 1336/6973 1282/6974 1280/6975
f 1336/6976 1280/6977 1336/6978
f 1336/6979 1280/6980 1278/6981
f 1336/6982 1278/6983 1336/6984
f 1336/6985 1278/6986 1276/6987
f 1336/6988 1276/6989 1336/6990
f 1336/6991 1276/6992 1274/6993
f 1336/6994 1274/6995 1336/6996
f 1336/6997 1274/6998 1272/6999
f 1336/7000 1272/7001 1336/7002
f 1336/7003 1272/7004 1270/7005
f 1336/7006 1270/7007 1336/7008
f 1336/7009 1270/7010 1268/7011
f 1336/7012 1268/7013 1336/7014
f 1336/7015 1268/7016 1266/7017
f 1336/7018 1266/7019 1336/7020
f 1336/7021 1266/7022 1264/7023
f 1336/7024 1264/7025 1336/7026
f 1336/7027 1264/7028 1262/7029
f 1336/7030 1262/7031 1336/7032
f 1336/7033 1262/7034 1260/7035
f 1336/7036 1260/7037 1336/7038
f 1336/7039 1260/7040 1258/7041
f 1336/7042 1258/7043 1336/7044
f 1336/7045 1258/7046 1256/7047
f 1336/7048 1256/7049 1336/7050
f 1336/7051 1256/7052 1254/7053
f 1336/7054 1254/7055 1336/7056
f 1336/7057 1254/7058 1252/7059
f 1336/7060 1252/7061 1336/7062
f 1336/7063 1252/7064 1250/7065
f 1336/7066 1250/7067 1336/7068
f 1336/7069 1250/7070 1248/7071
f 1336/7072 1248/7073 1336/7074
f 1336/7075 1248/7076 1246/7077
f 1336/7078 1246/7079 1336/7080
f 1336/7081 1246/7082 1244/7083
f 1336/7084 1244/7085 1243/7086
