# Exported from USD for MuJoCo with source material subsets
v -11.4835328 0.909729162 0.00349831017
v -11.4829828 0.909729162 0.00404834183
v -11.4839754 0.904388109 0.00349831017
v -11.4834329 0.904297629 0.00404834183
v -11.485291 0.899192611 0.00349831017
v -11.4847709 0.899014155 0.00404834183
v -11.4874439 0.894284645 0.00349819096
v -11.4869602 0.894022981 0.00404834183
v -11.4903752 0.889798084 0.00349819096
v -11.4899412 0.889460245 0.00404834183
v -11.4940051 0.885854999 0.00349819096
v -11.4936326 0.885450283 0.00404834183
v -11.4982344 0.882563153 0.00349819096
v -11.4979335 0.882102767 0.00404834183
v -11.5029478 0.880012313 0.00349819096
v -11.5027269 0.879508773 0.00404834183
v -11.5080169 0.878272215 0.00349819096
v -11.5078818 0.877738992 0.00404834183
v -11.5133031 0.877390185 0.00349819096
v -11.5132577 0.876841942 0.00404834183
v -11.5186625 0.877390185 0.00349819096
v -11.5187079 0.876841942 0.00404834183
v -11.5239488 0.878272215 0.00349819096
v -11.5240838 0.877738992 0.00404834183
v -11.5290179 0.880012313 0.00349819096
v -11.5292387 0.879508773 0.00404834183
v -11.5337313 0.882563153 0.00349819096
v -11.5340321 0.882102767 0.00404834183
v -11.5379606 0.885854999 0.00349819096
v -11.5383331 0.885450283 0.00404834183
v -11.5415904 0.889798084 0.00349819096
v -11.5420245 0.889460245 0.00404834183
v -11.5445217 0.894284764 0.00349819096
v -11.5450055 0.894022981 0.00404834183
v -11.5466746 0.899192849 0.00349819096
v -11.5471948 0.899014155 0.00404834183
v -11.5479902 0.904388229 0.00349819096
v -11.5485327 0.904297629 0.00404834183
v -11.5484329 0.909729162 0.00349819096
v -11.5489828 0.909729162 0.00404834183
v -10.1046438 0.263316551 0.00349866779
v -10.1088732 0.266608277 0.00349866779
v -10.0999304 0.26076583 0.00349866779
v -10.112503 0.270551363 0.00349866779
v -10.0948614 0.259025494 0.00349866779
v -10.1154343 0.275038043 0.00349866779
v -10.0895751 0.258143345 0.00349866779
v -10.1175871 0.279946128 0.00349866779
v -10.0842157 0.258143345 0.00349866779
v -10.1189028 0.285141507 0.00349866779
v -10.0789294 0.259025494 0.00349866779
v -10.1193453 0.29048256 0.00349866779
v -10.0738603 0.260765592 0.00349866779
v -10.1189028 0.295823613 0.00349866779
v -10.0691469 0.263316551 0.00349866779
v -10.1175871 0.301019112 0.00349866779
v -10.0649176 0.266608277 0.00349866779
v -10.1154342 0.305926958 0.00349866779
v -10.0612878 0.270551244 0.00349866779
v -10.1125029 0.310413757 0.00349866779
v -10.0583565 0.275038043 0.00349866779
v -10.1088731 0.314356843 0.00349866779
v -10.0562036 0.279946128 0.00349866779
v -10.1046437 0.317648569 0.00349866779
v -10.0548879 0.285141388 0.00349866779
v -10.0999303 0.32019941 0.00349866779
v -10.0544453 0.29048256 0.00349866779
v -10.0948613 0.321939627 0.00349866779
v -10.0548879 0.295823613 0.00349866779
v -10.089575 0.322821656 0.00349866779
v -10.0562035 0.301019112 0.00349866779
v -10.0842156 0.322821656 0.00349866779
v -10.0583564 0.305926958 0.00349866779
v -10.0789293 0.321939627 0.00349866779
v -10.0612877 0.310413757 0.00349866779
v -10.0738603 0.32019941 0.00349866779
v -10.0649175 0.314356843 0.00349866779
v -10.0691468 0.317648569 0.00349866779
v -10.1198953 0.29048256 0.00404858025
v -10.1194453 0.285050908 0.00404858025
v -10.1181074 0.279767552 0.00404858025
v -10.115918 0.27477626 0.00404858025
v -10.1129371 0.270213524 0.00404858025
v -10.1092456 0.266203562 0.00404858025
v -10.1049447 0.262856046 0.00404858025
v -10.1001513 0.260262052 0.00404858025
v -10.0949964 0.258492271 0.00404858025
v -10.0896205 0.257595221 0.00404858025
v -10.0841702 0.257595221 0.00404858025
v -10.0787943 0.258492271 0.00404858025
v -10.0736394 0.260262052 0.00404858025
v -10.0688461 0.262856046 0.00404858025
v -10.0645451 0.266203562 0.00404858025
v -10.0608537 0.270213524 0.00404858025
v -10.0578727 0.27477626 0.00404858025
v -10.0556834 0.279767552 0.00404858025
v -10.0543455 0.285050908 0.00404858025
v -10.0538953 0.29048256 0.00404858025
v -10.1194452 0.295914212 0.00404858025
v -10.1181073 0.301197568 0.00404858025
v -10.115918 0.306188861 0.00404858025
v -10.112937 0.310751597 0.00404858025
v -10.1092456 0.314761559 0.00404858025
v -10.1049446 0.318108955 0.00404858025
v -10.1001512 0.32070295 0.00404858025
v -10.0949963 0.32247285 0.00404858025
v -10.0896204 0.3233699 0.00404858025
v -10.0841701 0.3233699 0.00404858025
v -10.0787943 0.32247285 0.00404858025
v -10.0736394 0.32070295 0.00404858025
v -10.068846 0.318108955 0.00404858025
v -10.064545 0.314761559 0.00404858025
v -10.0608536 0.310751597 0.00404858025
v -10.0578727 0.306188742 0.00404858025
v -10.0556833 0.301197568 0.00404858025
v -10.0543454 0.295914212 0.00404858025
v -10.1193453 0.29048256 0.0130319539
v -10.1189028 0.285141507 0.0130319539
v -10.1175871 0.279946128 0.0130319539
v -10.1154343 0.275038043 0.0130319539
v -10.112503 0.270551363 0.0130319539
v -10.1088732 0.266608277 0.0130319539
v -10.1046438 0.263316551 0.0130319539
v -10.0999304 0.26076583 0.0130319539
v -10.0948614 0.259025494 0.0130319539
v -10.0895751 0.258143345 0.0130319539
v -10.0842157 0.258143345 0.0130319539
v -10.0789294 0.259025494 0.0130319539
v -10.0738603 0.260765592 0.0130319539
v -10.0691469 0.263316551 0.0130319539
v -10.0649176 0.266608277 0.0130319539
v -10.0612878 0.270551244 0.0130319539
v -10.0583565 0.275038043 0.0130319539
v -10.0562036 0.279946128 0.0130319539
v -10.0548879 0.285141388 0.0130319539
v -10.0544453 0.29048256 0.0130319539
v -10.1189028 0.295823613 0.0130319539
v -10.1175871 0.301019112 0.0130319539
v -10.1154342 0.305926958 0.0130319539
v -10.1125029 0.310413757 0.0130319539
v -10.1088731 0.314356843 0.0130319539
v -10.1046437 0.317648569 0.0130319539
v -10.0999303 0.32019941 0.0130319539
v -10.0948613 0.321939627 0.0130319539
v -10.089575 0.322821776 0.0130319539
v -10.0842156 0.322821776 0.0130319539
v -10.0789293 0.321939627 0.0130319539
v -10.0738603 0.32019941 0.0130319539
v -10.0691468 0.317648569 0.0130319539
v -10.0649175 0.314356843 0.0130319539
v -10.0612877 0.310413757 0.0130319539
v -10.0583564 0.305926958 0.0130319539
v -10.0562035 0.301019112 0.0130319539
v -10.0548879 0.295823613 0.0130319539
v -10.1069746 0.29048256 0.0200240556
v -10.1062889 0.285280744 0.0200240556
v -10.1042824 0.280439654 0.0200240556
v -10.1010911 0.276281873 0.0200240556
v -10.09693 0.273090998 0.0200240556
v -10.0920911 0.27108697 0.0200240556
v -10.0868898 0.270403544 0.0200240556
v -10.0816964 0.271088163 0.0200240556
v -10.0768519 0.273095647 0.0200240556
v -10.072694 0.276288072 0.0200240556
v -10.069505 0.280445019 0.0200240556
v -10.0674991 0.285291353 0.0200240556
v -10.0668159 0.29048256 0.0200240556
v -10.1062916 0.295673767 0.0200240556
v -10.1042857 0.300520221 0.0200240556
v -10.1010967 0.304677049 0.0200240556
v -10.0969388 0.307869354 0.0200240556
v -10.0920943 0.309876958 0.0200240556
v -10.0869009 0.310561458 0.0200240556
v -10.0816996 0.30987815 0.0200240556
v -10.0768607 0.307874242 0.0200240556
v -10.0726996 0.304683248 0.0200240556
v -10.0695083 0.300525347 0.0200240556
v -10.0675017 0.295684496 0.0200240556
v -10.0819434 0.299055139 0.0711487475
v -10.0868925 0.300382296 0.0711487475
v -10.0783211 0.295431534 0.0711487475
v -10.0769953 0.29048256 0.0711487475
v -10.0918428 0.299057404 0.0711487475
v -10.0783229 0.285530964 0.0711487475
v -10.0954678 0.295434157 0.0711487475
v -10.0819478 0.281907717 0.0711487475
v -10.0967954 0.29048256 0.0711487475
v -10.0868981 0.280582825 0.0711487475
v -10.0954696 0.285533587 0.0711487475
v -10.0918473 0.281909982 0.0711487475
v -10.0769953 0.29048256 0.027148718
v -10.0783211 0.295431534 0.027148718
v -10.0819434 0.2990549 0.027148718
v -10.0868925 0.300382534 0.027148718
v -10.0918428 0.299057404 0.027148718
v -10.0954678 0.295434157 0.027148718
v -10.0967954 0.29048256 0.027148718
v -10.0783229 0.285530964 0.027148718
v -10.0819478 0.281907717 0.027148718
v -10.0868982 0.280582706 0.027148718
v -10.0918473 0.281909982 0.027148718
v -10.0954696 0.285533587 0.027148718
v -10.1044953 0.29048256 0.022932047
v -10.1037833 0.28552858 0.022932047
v -10.1044953 0.29048256 0.0271485987
v -10.1037814 0.28552095 0.0271485987
v -10.1017038 0.280971447 0.022932047
v -10.1016984 0.280963222 0.027148718
v -10.0984226 0.277182857 0.022932047
v -10.098418 0.27717928 0.027148718
v -10.0942084 0.274474064 0.022932047
v -10.0942055 0.274472514 0.027148718
v -10.089405 0.273062745 0.022932047
v -10.0893959 0.273061315 0.027148718
v -10.0843948 0.273061315 0.022932047
v -10.0843857 0.273062745 0.027148718
v -10.0795852 0.274472514 0.022932047
v -10.0795822 0.274474064 0.027148718
v -10.0753728 0.27717928 0.022932047
v -10.0753681 0.277182857 0.027148718
v -10.0720923 0.280963222 0.022932047
v -10.0720869 0.280971447 0.027148718
v -10.0700093 0.28552095 0.022932047
v -10.0700074 0.285528461 0.027148718
v -10.0692953 0.29048256 0.022932047
v -10.0692953 0.29048256 0.027148718
v -10.1037832 0.29543666 0.0271485987
v -10.1037814 0.29544417 0.022932047
v -10.1017037 0.299993673 0.027148718
v -10.1016984 0.300002018 0.022932047
v -10.0984225 0.303782145 0.027148718
v -10.0984179 0.30378584 0.022932047
v -10.0942083 0.306491057 0.027148718
v -10.0942055 0.306492606 0.022932047
v -10.089405 0.307902375 0.027148718
v -10.0893959 0.307903806 0.022932047
v -10.0843947 0.307903806 0.027148718
v -10.0843857 0.307902375 0.022932047
v -10.0795851 0.306492606 0.027148718
v -10.0795822 0.306491057 0.022932047
v -10.0753727 0.30378584 0.027148718
v -10.075368 0.303782145 0.022932047
v -10.0720922 0.30000178 0.027148718
v -10.0720868 0.299993673 0.022932047
v -10.0700093 0.29544417 0.027148718
v -10.0700074 0.295436541 0.022932047
v -10.0687453 0.29048256 0.0223820153
v -10.0694796 0.295591394 0.0223820153
v -10.0716241 0.300290862 0.0223820153
v -10.0750078 0.304197827 0.0223820153
v -10.0793537 0.306991259 0.0223820153
v -10.0843072 0.308446685 0.0223820153
v -10.0894741 0.308448235 0.0223820153
v -10.0944339 0.306992928 0.0223820153
v -10.098778 0.304201642 0.0223820153
v -10.102161 0.300299326 0.0223820153
v -10.1043091 0.295599142 0.0223820153
v -10.1050454 0.29048256 0.0223820153
v -10.0694816 0.285365859 0.0223820153
v -10.0716297 0.280665794 0.0223820153
v -10.0750126 0.276763598 0.0223820153
v -10.0793567 0.273972193 0.0223820153
v -10.0843166 0.272516886 0.0223820153
v -10.0894835 0.272518436 0.0223820153
v -10.094437 0.273973862 0.0223820153
v -10.0987829 0.276767293 0.0223820153
v -10.1021666 0.280674258 0.0223820153
v -10.1043111 0.285373727 0.0223820153
v -10.1066953 0.29048256 0.0205029193
v -10.1060218 0.285363475 0.0205029193
v -10.1040439 0.280584732 0.0205029193
v -10.1008992 0.276485602 0.0205029193
v -10.0967991 0.273337642 0.0205029193
v -10.092022 0.271358052 0.0205029193
v -10.0869009 0.270682851 0.0205029193
v -10.0817719 0.27135686 0.0205029193
v -10.0770004 0.273332873 0.0205029193
v -10.0728972 0.276479403 0.0205029193
v -10.0697503 0.280579487 0.0205029193
v -10.0677716 0.285352985 0.0205030385
v -10.0670953 0.29048256 0.0205030385
v -10.106019 0.295612136 0.0205029193
v -10.1040404 0.300385634 0.0205029193
v -10.1008935 0.304485599 0.0205029193
v -10.0967903 0.307632247 0.0205029193
v -10.0920187 0.309608141 0.0205029193
v -10.0868898 0.31028215 0.0205029193
v -10.0817687 0.309607068 0.0205029193
v -10.0769915 0.307627479 0.0205029193
v -10.0728914 0.304479519 0.0205029193
v -10.0697468 0.300380388 0.0205029193
v -10.0677689 0.295601646 0.0205030385
v -10.1064753 0.29048256 0.0223820153
v -10.1060192 0.285352985 0.022161955
v -10.1040405 0.280579487 0.022161955
v -10.1008935 0.276479522 0.022161955
v -10.0967904 0.273332873 0.022161955
v -10.0920188 0.27135686 0.022161955
v -10.0868898 0.270682851 0.022161955
v -10.0817687 0.271358052 0.022161955
v -10.0769916 0.273337642 0.022161955
v -10.0728915 0.276485602 0.022161955
v -10.0697469 0.280584613 0.022161955
v -10.067769 0.285363475 0.022161955
v -10.0673153 0.29048256 0.0223820153
v -10.1060217 0.295601646 0.022161955
v -10.1040438 0.300380388 0.022161955
v -10.1008991 0.304479519 0.022161955
v -10.096799 0.307627479 0.022161955
v -10.092022 0.309607068 0.022161955
v -10.0869009 0.31028215 0.022161955
v -10.0817719 0.309608141 0.022161955
v -10.0770003 0.307632247 0.022161955
v -10.0728971 0.304485599 0.022161955
v -10.0697502 0.300385634 0.022161955
v -10.0677715 0.295612136 0.022161955
v -11.5337316 0.269784847 0.00349819096
v -11.5379609 0.273076693 0.00349819096
v -11.5290182 0.267234007 0.00349819096
v -11.5415907 0.277019659 0.00349819096
v -11.5239491 0.26549379 0.00349819096
v -11.544522 0.281506458 0.00349819096
v -11.5186628 0.264611641 0.00349819096
v -11.5466749 0.286414305 0.00349819096
v -11.5133034 0.264611641 0.00349819096
v -11.5479905 0.291609803 0.00349819096
v -11.5080172 0.26549379 0.00349819096
v -11.548433 0.296950856 0.00349819096
v -11.5029481 0.267234007 0.00349819096
v -11.5479905 0.302292029 0.00349819096
v -11.4982347 0.269784847 0.00349819096
v -11.5466748 0.307487289 0.00349819096
v -11.4940054 0.273076573 0.00349819096
v -11.544522 0.312395373 0.00349819096
v -11.4903755 0.277019659 0.00349819096
v -11.5415907 0.316882053 0.00349819096
v -11.4874442 0.281506458 0.00349819096
v -11.5379609 0.320825139 0.00349819096
v -11.4852914 0.286414305 0.00349831017
v -11.5337315 0.324116984 0.00349819096
v -11.4839756 0.291609803 0.00349831017
v -11.5290181 0.326667706 0.00349819096
v -11.4835331 0.296950856 0.00349831017
v -11.5239491 0.328407804 0.00349819096
v -11.4839756 0.302291909 0.00349831017
v -11.5186628 0.329290072 0.00349819096
v -11.4852913 0.307487289 0.00349831017
v -11.5133033 0.329290072 0.00349819096
v -11.4874441 0.312395254 0.00349819096
v -11.5080171 0.328407804 0.00349819096
v -11.4903754 0.316882053 0.00349819096
v -11.502948 0.326667706 0.00349819096
v -11.4940053 0.320825139 0.00349819096
v -11.4982346 0.324116984 0.00349819096
v -11.5489831 0.296950856 0.00404834183
v -11.5485329 0.291519323 0.00404834183
v -11.5471951 0.286235729 0.00404834183
v -11.5450058 0.281244556 0.00404834183
v -11.5420248 0.276681939 0.00404834183
v -11.5383333 0.272671977 0.00404834183
v -11.5340324 0.269324342 0.00404834183
v -11.529239 0.266730348 0.00404834183
v -11.5240841 0.264960686 0.00404834183
v -11.5187083 0.264063517 0.00404834183
v -11.513258 0.264063517 0.00404834183
v -11.5078821 0.264960567 0.00404834183
v -11.5027272 0.266730348 0.00404834183
v -11.4979338 0.269324342 0.00404834183
v -11.4936329 0.272671858 0.00404834183
v -11.4899415 0.27668182 0.00404834183
v -11.4869605 0.281244556 0.00404834183
v -11.4847712 0.286235729 0.00404834183
v -11.4834332 0.291519204 0.00404834183
v -11.4829831 0.296950856 0.00404834183
v -11.5485329 0.302382508 0.00404834183
v -11.547195 0.307665864 0.00404834183
v -11.5450057 0.312657157 0.00404834183
v -11.5420248 0.317219893 0.00404834183
v -11.5383333 0.321229735 0.00404834183
v -11.5340323 0.324577371 0.00404834183
v -11.529239 0.327171365 0.00404834183
v -11.5240841 0.328941146 0.00404834183
v -11.5187082 0.329838196 0.00404834183
v -11.5132579 0.329838196 0.00404834183
v -11.5078821 0.328941146 0.00404834183
v -11.5027272 0.327171365 0.00404834183
v -11.4979338 0.324577371 0.00404834183
v -11.4936328 0.321229735 0.00404834183
v -11.4899414 0.317219893 0.00404834183
v -11.4869604 0.312657157 0.00404834183
v -11.4847711 0.307665864 0.00404834183
v -11.4834332 0.302382508 0.00404834183
v -11.548433 0.296950856 0.0130314771
v -11.5479905 0.291609803 0.0130314771
v -11.5466749 0.286414305 0.0130314771
v -11.544522 0.281506458 0.0130314771
v -11.5415907 0.277019659 0.0130314771
v -11.5379609 0.273076693 0.0130314771
v -11.5337316 0.269784847 0.0130314771
v -11.5290182 0.267234007 0.0130314771
v -11.5239491 0.26549379 0.0130314771
v -11.5186628 0.264611641 0.0130314771
v -11.5133034 0.264611641 0.0130317155
v -11.5080172 0.26549379 0.0130317155
v -11.5029481 0.267234007 0.0130317155
v -11.4982347 0.269784847 0.0130317155
v -11.4940054 0.273076573 0.0130317155
v -11.4903755 0.277019659 0.0130317155
v -11.4874442 0.281506458 0.0130317155
v -11.4852914 0.286414305 0.0130317155
v -11.4839756 0.291609803 0.0130317155
v -11.4835331 0.296950856 0.0130317155
v -11.5479905 0.302292029 0.0130314771
v -11.5466748 0.307487289 0.0130314771
v -11.544522 0.312395373 0.0130314771
v -11.5415907 0.316882053 0.0130314771
v -11.5379609 0.320825139 0.0130314771
v -11.5337315 0.324116984 0.0130314771
v -11.5290181 0.326667706 0.0130314771
v -11.5239491 0.328407804 0.0130314771
v -11.5186628 0.329290072 0.0130314771
v -11.5133033 0.329290072 0.0130317155
v -11.5080171 0.328407804 0.0130317155
v -11.502948 0.326667586 0.0130317155
v -11.4982346 0.324116984 0.0130317155
v -11.4940053 0.320825139 0.0130317155
v -11.4903754 0.316882053 0.0130317155
v -11.4874441 0.312395254 0.0130317155
v -11.4852913 0.307487289 0.0130317155
v -11.4839756 0.302291909 0.0130317155
v -11.5360624 0.296950856 0.0200236979
v -11.5353766 0.29174904 0.0200236979
v -11.5333701 0.28690807 0.0200236979
v -11.5301788 0.28275005 0.0200236979
v -11.5260178 0.279559175 0.0200236979
v -11.5211788 0.277555266 0.0200236979
v -11.5159775 0.27687184 0.0200236979
v -11.5107842 0.277556459 0.0200236979
v -11.5059396 0.279563943 0.0200236979
v -11.5017817 0.282756368 0.0200236979
v -11.4985926 0.286913315 0.0200236979
v -11.4965868 0.291759649 0.0200236979
v -11.4959037 0.296950856 0.0200236979
v -11.5353794 0.302142063 0.0200236979
v -11.5333734 0.306988398 0.0200236979
v -11.5301845 0.311145345 0.0200236979
v -11.5260265 0.31433765 0.0200236979
v -11.521182 0.316345254 0.0200236979
v -11.5159887 0.317029873 0.0200236979
v -11.5107873 0.316346327 0.0200236979
v -11.5059485 0.314342419 0.0200236979
v -11.5017874 0.311151544 0.0200236979
v -11.4985961 0.306993643 0.0200236979
v -11.4965895 0.302152673 0.0200236979
v -11.5110312 0.305523316 0.0711481515
v -11.5159802 0.306850711 0.0711481515
v -11.5074088 0.30189983 0.0711481515
v -11.506083 0.296950856 0.0711481515
v -11.5209306 0.305525581 0.0711481515
v -11.5074105 0.29199926 0.0711481515
v -11.5245556 0.301902453 0.0711481515
v -11.5110357 0.288376013 0.0711481515
v -11.5258831 0.296950856 0.0711481515
v -11.5159859 0.287051002 0.0711481515
v -11.5245573 0.292002002 0.0711481515
v -11.520935 0.288378397 0.0711481515
v -11.506083 0.296950856 0.0271482411
v -11.5074088 0.30189983 0.0271482411
v -11.5110312 0.305523316 0.0271482411
v -11.5159802 0.306850711 0.0271482411
v -11.5209306 0.305525581 0.0271482411
v -11.5245556 0.301902453 0.0271482411
v -11.5258831 0.296950856 0.0271482411
v -11.5074105 0.29199926 0.0271482411
v -11.5110357 0.288376013 0.0271482411
v -11.5159859 0.287051002 0.0271482411
v -11.520935 0.288378397 0.0271482411
v -11.5245573 0.292002002 0.0271482411
v -11.5335831 0.296950856 0.0229315701
v -11.532871 0.291996757 0.0229315701
v -11.5335831 0.296950856 0.0271482411
v -11.5328691 0.291989246 0.0271482411
v -11.5307916 0.287439743 0.0229315701
v -11.5307862 0.287431518 0.0271482411
v -11.5275104 0.283651153 0.0229315701
v -11.5275057 0.283647576 0.0271482411
v -11.5232962 0.28094236 0.0229315701
v -11.5232933 0.28094081 0.0271482411
v -11.5184928 0.279531041 0.0229315701
v -11.5184837 0.279529611 0.0271482411
v -11.5134825 0.279529611 0.0229315701
v -11.5134735 0.279531041 0.0271482411
v -11.5086729 0.28094081 0.0229315701
v -11.50867 0.28094236 0.0271482411
v -11.5044605 0.283647576 0.0229315701
v -11.5044558 0.283651153 0.0271482411
v -11.50118 0.287431518 0.0229315701
v -11.5011747 0.287439743 0.0271482411
v -11.499097 0.291989246 0.0229315701
v -11.4990951 0.291996757 0.0271482411
v -11.498383 0.296950856 0.0229315701
v -11.498383 0.296950856 0.0271482411
v -11.532871 0.301904956 0.0271482411
v -11.5328691 0.301912466 0.0229315701
v -11.5307915 0.30646185 0.0271482411
v -11.5307861 0.306470195 0.0229315701
v -11.5275103 0.310250441 0.0271482411
v -11.5275057 0.310254255 0.0229315701
v -11.5232961 0.312959233 0.0271482411
v -11.5232932 0.312960783 0.0229315701
v -11.5184927 0.314370552 0.0271482411
v -11.5184836 0.314372102 0.0229315701
v -11.5134825 0.314372102 0.0271482411
v -11.5134734 0.314370552 0.0229315701
v -11.5086729 0.312960783 0.0271482411
v -11.50867 0.312959233 0.0229315701
v -11.5044604 0.310254255 0.0271482411
v -11.5044557 0.310250441 0.0229315701
v -11.50118 0.306470195 0.0271482411
v -11.5011746 0.30646185 0.0229315701
v -11.499097 0.301912466 0.0271482411
v -11.4990951 0.301904956 0.0229315701
v -11.497833 0.296950856 0.0223816577
v -11.4985674 0.30205969 0.0223816577
v -11.5007119 0.306759158 0.0223816577
v -11.5040956 0.310666243 0.0223816577
v -11.5084414 0.313459555 0.0223816577
v -11.513395 0.314914862 0.0223816577
v -11.5185618 0.314916531 0.0223816577
v -11.5235217 0.313461224 0.0223816577
v -11.5278658 0.310669819 0.0223816577
v -11.5312487 0.306767741 0.0223816577
v -11.5333968 0.302067557 0.0223816577
v -11.5341331 0.296950856 0.0223816577
v -11.4985693 0.291834155 0.0223816577
v -11.5007174 0.287133971 0.0223816577
v -11.5041004 0.283231894 0.0223816577
v -11.5084445 0.280440608 0.0223816577
v -11.5134044 0.278985063 0.0223816577
v -11.5185712 0.278986732 0.0223816577
v -11.5235248 0.280442158 0.0223816577
v -11.5278706 0.283235589 0.0223816577
v -11.5312543 0.287142554 0.0223816577
v -11.5333988 0.291842142 0.0223816577
v -11.5357831 0.296950856 0.0205024424
v -11.5351095 0.29183189 0.0205024424
v -11.5331316 0.287053028 0.0205024424
v -11.529987 0.282953898 0.0205024424
v -11.5258868 0.279805938 0.0205024424
v -11.5211098 0.277826348 0.0205024424
v -11.5159887 0.277151147 0.0205024424
v -11.5108597 0.277825156 0.0205024424
v -11.5060881 0.279801169 0.0205024424
v -11.501985 0.282947818 0.0205024424
v -11.498838 0.287047664 0.0205024424
v -11.4968593 0.291821281 0.0205024424
v -11.496183 0.296950856 0.0205024424
v -11.5351068 0.302080313 0.0205024424
v -11.5331281 0.30685393 0.0205024424
v -11.5299812 0.310954014 0.0205024424
v -11.5258781 0.314100543 0.0205024424
v -11.5211065 0.316076437 0.0205024424
v -11.5159775 0.316750446 0.0205024424
v -11.5108564 0.316075245 0.0205024424
v -11.5060793 0.314095775 0.0205024424
v -11.5019793 0.310947815 0.0205024424
v -11.4988346 0.306848804 0.0205024424
v -11.4968567 0.302069822 0.0205024424
v -11.535563 0.296950856 0.0223816577
v -11.5351069 0.291821281 0.0221614781
v -11.5331282 0.287047664 0.0221614781
v -11.5299812 0.282947818 0.0221614781
v -11.5258782 0.279801169 0.0221614781
v -11.5211066 0.277825156 0.0221614781
v -11.5159775 0.277151147 0.0221614781
v -11.5108565 0.277826348 0.0221614781
v -11.5060794 0.279805938 0.0221614781
v -11.5019793 0.282953898 0.0221614781
v -11.4988346 0.287053028 0.0221614781
v -11.4968567 0.291831771 0.0221614781
v -11.4964031 0.296950856 0.0223816577
v -11.5351095 0.302069822 0.0221614781
v -11.5331316 0.306848804 0.0221614781
v -11.5299869 0.310947815 0.0221614781
v -11.5258867 0.314095775 0.0221614781
v -11.5211097 0.316075483 0.0221614781
v -11.5159886 0.316750446 0.0221614781
v -11.5108596 0.316076437 0.0221614781
v -11.506088 0.314100543 0.0221614781
v -11.5019849 0.310954014 0.0221614781
v -11.498838 0.30685393 0.0221614781
v -11.4968593 0.302080313 0.0221614781
v -10.0997949 0.887285749 0.00349866779
v -10.1040242 0.890577594 0.00349866779
v -10.0950815 0.884735027 0.00349866779
v -10.1076541 0.89452056 0.00349866779
v -10.0900125 0.882994929 0.00349866779
v -10.1105854 0.89900724 0.00349866779
v -10.0847262 0.882112661 0.00349866779
v -10.1127382 0.903915444 0.00349866779
v -10.0793668 0.882112661 0.00349866779
v -10.1140539 0.909110705 0.00349866779
v -10.0740804 0.88299481 0.00349866779
v -10.1144964 0.914451877 0.00349866779
v -10.0690114 0.884735027 0.00349866779
v -10.1140539 0.919793049 0.00349866779
v -10.064298 0.887285749 0.00349866779
v -10.1127382 0.924988309 0.00349866779
v -10.0600686 0.890577594 0.00349866779
v -10.1105854 0.929896394 0.00349866779
v -10.0564388 0.89452056 0.00349866779
v -10.1076541 0.934383074 0.00349866779
v -10.0535075 0.89900724 0.00349866779
v -10.1040242 0.93832616 0.00349866779
v -10.0513547 0.903915325 0.00349866779
v -10.0997949 0.941617886 0.00349866779
v -10.050039 0.909110705 0.00349866779
v -10.0950815 0.944168726 0.00349866779
v -10.0495965 0.914451758 0.00349866779
v -10.0900125 0.945908943 0.00349866779
v -10.050039 0.919793049 0.00349866779
v -10.0847262 0.946790973 0.00349866779
v -10.0513547 0.924988309 0.00349866779
v -10.0793668 0.946790973 0.00349866779
v -10.0535075 0.929896394 0.00349866779
v -10.0740804 0.945908943 0.00349866779
v -10.0564388 0.934383074 0.00349866779
v -10.0690114 0.944168726 0.00349866779
v -10.0600686 0.93832616 0.00349866779
v -10.064298 0.941617886 0.00349866779
v -10.1150464 0.914451877 0.00404858025
v -10.1145963 0.909020344 0.00404858025
v -10.1132584 0.90373675 0.00404858025
v -10.1110691 0.898745576 0.00404858025
v -10.1080881 0.89418284 0.00404858025
v -10.1043967 0.890172998 0.00404858025
v -10.1000957 0.886825243 0.00404858025
v -10.0953024 0.884231249 0.00404858025
v -10.0901475 0.882461706 0.00404858025
v -10.0847715 0.881564656 0.00404858025
v -10.0793213 0.881564656 0.00404858025
v -10.0739454 0.882461706 0.00404858025
v -10.0687905 0.884231249 0.00404858025
v -10.0639972 0.886825243 0.00404858025
v -10.0596962 0.890172878 0.00404858025
v -10.0560047 0.89418284 0.00404858025
v -10.0530238 0.898745576 0.00404858025
v -10.0508345 0.90373675 0.00404858025
v -10.0494966 0.909020344 0.00404858025
v -10.0490464 0.914451758 0.00404858025
v -10.1145963 0.91988341 0.00404858025
v -10.1132584 0.925167004 0.00404858025
v -10.1110691 0.930158058 0.00404858025
v -10.1080881 0.934720794 0.00404858025
v -10.1043967 0.938730756 0.00404858025
v -10.1000957 0.942078391 0.00404858025
v -10.0953024 0.944672385 0.00404858025
v -10.0901475 0.946442166 0.00404858025
v -10.0847715 0.947339097 0.00404858025
v -10.0793213 0.947339097 0.00404858025
v -10.0739454 0.946442047 0.00404858025
v -10.0687905 0.944672385 0.00404858025
v -10.0639972 0.942078391 0.00404858025
v -10.0596962 0.938730756 0.00404858025
v -10.0560047 0.934720794 0.00404858025
v -10.0530238 0.930158058 0.00404858025
v -10.0508345 0.925166885 0.00404858025
v -10.0494966 0.91988341 0.00404858025
v -10.1144964 0.914451877 0.0130319539
v -10.1140539 0.909110705 0.0130319539
v -10.1127382 0.903915444 0.0130319539
v -10.1105854 0.89900724 0.0130319539
v -10.1076541 0.89452056 0.0130319539
v -10.1040242 0.890577594 0.0130319539
v -10.0997949 0.887285749 0.0130319539
v -10.0950815 0.884735027 0.0130319539
v -10.0900125 0.882994929 0.0130319539
v -10.0847262 0.882112661 0.0130319539
v -10.0793668 0.882112661 0.0130319539
v -10.0740804 0.88299481 0.0130319539
v -10.0690114 0.884735027 0.0130319539
v -10.064298 0.887285749 0.0130319539
v -10.0600686 0.890577594 0.0130319539
v -10.0564388 0.89452056 0.0130319539
v -10.0535075 0.89900724 0.0130319539
v -10.0513547 0.903915325 0.0130319539
v -10.050039 0.909110705 0.0130319539
v -10.0495965 0.914451758 0.0130319539
v -10.1140539 0.919793049 0.0130319539
v -10.1127382 0.924988309 0.0130319539
v -10.1105854 0.929896394 0.0130319539
v -10.1076541 0.934383074 0.0130319539
v -10.1040242 0.93832616 0.0130319539
v -10.0997949 0.941617886 0.0130319539
v -10.0950814 0.944168726 0.0130319539
v -10.0900125 0.945908943 0.0130319539
v -10.0847262 0.946790973 0.0130319539
v -10.0793668 0.946790973 0.0130319539
v -10.0740804 0.945908943 0.0130319539
v -10.0690114 0.944168726 0.0130319539
v -10.064298 0.941617886 0.0130319539
v -10.0600686 0.93832616 0.0130319539
v -10.0564388 0.934383074 0.0130319539
v -10.0535075 0.929896394 0.0130319539
v -10.0513547 0.924988309 0.0130319539
v -10.050039 0.919793049 0.0130319539
v -10.1021259 0.914451877 0.0200240556
v -10.10144 0.909249941 0.0200240556
v -10.0994334 0.90440909 0.0200240556
v -10.0962421 0.900251189 0.0200240556
v -10.092081 0.897060195 0.0200240556
v -10.0872422 0.895056406 0.0200240556
v -10.0820408 0.894372741 0.0200240556
v -10.0768475 0.895057479 0.0200240556
v -10.072003 0.897064963 0.0200240556
v -10.067845 0.900257269 0.0200240556
v -10.064656 0.904414335 0.0200240556
v -10.0626501 0.909260551 0.0200240556
v -10.0619671 0.914451758 0.0200240556
v -10.1014427 0.919643084 0.0200240556
v -10.0994369 0.924489418 0.0200240556
v -10.0962479 0.928646246 0.0200240556
v -10.0920899 0.93183879 0.0200240556
v -10.0872454 0.933846155 0.0200240556
v -10.0820521 0.934530893 0.0200240556
v -10.0768507 0.933847347 0.0200240556
v -10.0720118 0.931843558 0.0200240556
v -10.0678508 0.928652445 0.0200240556
v -10.0646595 0.924494544 0.0200240556
v -10.0626528 0.919653693 0.0200240556
v -10.0770946 0.923024336 0.0711487475
v -10.0820436 0.924351731 0.0711487475
v -10.0734722 0.91940085 0.0711487475
v -10.0721465 0.914451758 0.0711487475
v -10.086994 0.92302672 0.0711487475
v -10.0734739 0.909500161 0.0711487475
v -10.090619 0.919403354 0.0711487475
v -10.0770989 0.905877033 0.0711487475
v -10.0919465 0.914451877 0.0711487475
v -10.0820492 0.904552022 0.0711487475
v -10.0906207 0.909502903 0.0711487475
v -10.0869983 0.905879418 0.0711487475
v -10.0721465 0.914451758 0.027148718
v -10.0734722 0.91940085 0.027148718
v -10.0770946 0.923024336 0.027148718
v -10.0820436 0.924351731 0.027148718
v -10.086994 0.92302672 0.027148718
v -10.090619 0.919403354 0.027148718
v -10.0919465 0.914451877 0.027148718
v -10.0734739 0.909500161 0.027148718
v -10.0770989 0.905877033 0.027148718
v -10.0820493 0.904552022 0.027148718
v -10.0869983 0.905879418 0.027148718
v -10.0906207 0.909502903 0.027148718
v -10.0996465 0.914451877 0.022932047
v -10.0989344 0.909497777 0.022932047
v -10.0996465 0.914451877 0.027148718
v -10.0989325 0.909490148 0.027148718
v -10.0968549 0.904940644 0.022932047
v -10.0968495 0.904932538 0.027148718
v -10.0935737 0.901152173 0.022932047
v -10.0935691 0.901148597 0.027148718
v -10.0893596 0.89844338 0.022932047
v -10.0893567 0.89844195 0.027148718
v -10.0845561 0.897032062 0.022932047
v -10.0845471 0.897030512 0.027148718
v -10.0795459 0.897030512 0.022932047
v -10.0795368 0.897032062 0.027148718
v -10.0747363 0.89844195 0.022932047
v -10.0747334 0.89844338 0.027148718
v -10.0705238 0.901148597 0.022932047
v -10.0705191 0.901152054 0.027148718
v -10.0672434 0.904932538 0.022932047
v -10.067238 0.904940644 0.027148718
v -10.0651604 0.909490148 0.022932047
v -10.0651586 0.909497777 0.027148718
v -10.0644465 0.914451758 0.022932047
v -10.0644465 0.914451758 0.027148718
v -10.0989344 0.919405857 0.027148718
v -10.0989325 0.919413606 0.022932047
v -10.0968549 0.92396299 0.027148718
v -10.0968495 0.923971215 0.022932047
v -10.0935737 0.927751461 0.027148718
v -10.0935691 0.927755157 0.022932047
v -10.0893596 0.930460254 0.027148718
v -10.0893567 0.930461923 0.022932047
v -10.0845561 0.931871573 0.027148718
v -10.0845471 0.931873122 0.022932047
v -10.0795459 0.931873122 0.027148718
v -10.0795368 0.931871573 0.022932047
v -10.0747363 0.930461804 0.027148718
v -10.0747334 0.930460254 0.022932047
v -10.0705238 0.927755157 0.027148718
v -10.0705191 0.927751461 0.022932047
v -10.0672434 0.923971215 0.027148718
v -10.067238 0.923962871 0.022932047
v -10.0651604 0.919413487 0.027148718
v -10.0651586 0.919405857 0.022932047
v -10.0638965 0.914451758 0.0223820153
v -10.0646307 0.91956071 0.0223820153
v -10.0667753 0.924260179 0.0223820153
v -10.0701589 0.928167025 0.0223820153
v -10.0745048 0.930960575 0.0223820153
v -10.0794584 0.932416001 0.0223820153
v -10.0846252 0.932417551 0.0223820153
v -10.0895851 0.930962244 0.0223820153
v -10.0939292 0.928170839 0.0223820153
v -10.0973121 0.924268643 0.0223820153
v -10.0994602 0.919568459 0.0223820153
v -10.1001965 0.914451877 0.0223820153
v -10.0646327 0.909335176 0.0223820153
v -10.0667808 0.904634992 0.0223820153
v -10.0701638 0.900732914 0.0223820153
v -10.0745078 0.897941509 0.0223820153
v -10.0794677 0.896486202 0.0223820153
v -10.0846345 0.896487752 0.0223820153
v -10.0895881 0.897943059 0.0223820153
v -10.093934 0.90073661 0.0223820153
v -10.0973176 0.904643575 0.0223820153
v -10.0994621 0.909343043 0.0223820153
v -10.1018465 0.914451877 0.0205029193
v -10.1011728 0.909332911 0.0205029193
v -10.0991949 0.904554049 0.0205029193
v -10.0960503 0.900454799 0.0205029193
v -10.0919501 0.897306958 0.0205029193
v -10.0871731 0.895327369 0.0205029193
v -10.082052 0.894652048 0.0205029193
v -10.076923 0.895326177 0.0205029193
v -10.0721514 0.89730219 0.0205029193
v -10.0680483 0.900448719 0.0205030385
v -10.0649014 0.904548803 0.0205030385
v -10.0629226 0.909322301 0.0205030385
v -10.0622465 0.914451758 0.0205030385
v -10.1011702 0.919581333 0.0205029193
v -10.0991915 0.92435495 0.0205029193
v -10.0960446 0.928455034 0.0205029193
v -10.0919415 0.931601564 0.0205029193
v -10.0871699 0.933577458 0.0205029193
v -10.0820409 0.934251467 0.0205029193
v -10.0769198 0.933576385 0.0205029193
v -10.0721427 0.931596795 0.0205029193
v -10.0680426 0.928448716 0.0205030385
v -10.0648979 0.924349705 0.0205030385
v -10.06292 0.919570843 0.0205030385
v -10.1016264 0.914451877 0.0223820153
v -10.1011702 0.90932242 0.022161955
v -10.0991915 0.904548803 0.022161955
v -10.0960446 0.900448719 0.022161955
v -10.0919415 0.89730219 0.022161955
v -10.0871699 0.895326177 0.022161955
v -10.0820409 0.894652048 0.022161955
v -10.0769198 0.895327369 0.022161955
v -10.0721427 0.897306958 0.022161955
v -10.0680426 0.900454799 0.022161955
v -10.0648979 0.904554049 0.022161955
v -10.06292 0.909332791 0.022161955
v -10.0624665 0.914451758 0.0223820153
v -10.1011728 0.919570843 0.022161955
v -10.0991949 0.924349705 0.022161955
v -10.0960503 0.928448955 0.022161955
v -10.0919501 0.931596795 0.022161955
v -10.0871731 0.933576385 0.022161955
v -10.082052 0.934251467 0.022161955
v -10.076923 0.933577458 0.022161955
v -10.0721514 0.931601444 0.022161955
v -10.0680483 0.928455034 0.022161955
v -10.0649014 0.92435495 0.022161955
v -10.0629226 0.919581333 0.022161955
v -10.0995016 0.884588042 2.39811074
v -10.1025622 0.888574163 2.39811074
v -10.097577 0.879943648 2.39811074
v -10.1065473 0.891631642 2.39811074
v -10.0969206 0.874964872 2.39811074
v -10.1111935 0.893554607 2.39811074
v -10.097576 0.869978348 2.39811074
v -10.1161703 0.894209543 2.39811074
v -10.0994971 0.865339199 2.39811074
v -10.1211573 0.893551985 2.39811074
v -10.1025563 0.861350099 2.39811074
v -10.1257983 0.891628305 2.39811074
v -10.1065424 0.858290712 2.39811074
v -10.1297844 0.888568679 2.39811074
v -10.1111833 0.856367031 2.39811074
v -10.1328435 0.884579579 2.39811074
v -10.1161703 0.855709473 2.39811074
v -10.1347647 0.879940549 2.39811074
v -10.1211471 0.856364289 2.39811074
v -10.13542 0.874954024 2.39811074
v -10.1257933 0.858287374 2.39811074
v -10.1347636 0.869975248 2.39811074
v -10.1297785 0.861344615 2.39811074
v -10.1328391 0.865330855 2.39811074
v -10.0995016 0.884588042 2.34311079
v -10.097577 0.879943648 2.34311079
v -10.1025622 0.888574163 2.34311079
v -10.1065473 0.891631642 2.34311079
v -10.0969206 0.874964872 2.34311079
v -10.1111935 0.893554607 2.34311079
v -10.097576 0.869978348 2.34311079
v -10.1161703 0.894209543 2.34311079
v -10.0994971 0.865339199 2.34311079
v -10.1211573 0.893551985 2.34311079
v -10.1025563 0.861350099 2.34311079
v -10.1257983 0.891628305 2.34311079
v -10.1065424 0.858290712 2.34311079
v -10.1297844 0.888568679 2.34311079
v -10.1111833 0.856367031 2.34311079
v -10.1328435 0.884579579 2.34311079
v -10.1161703 0.855709473 2.34311079
v -10.1347647 0.879940549 2.34311079
v -10.1211471 0.856364289 2.34311079
v -10.13542 0.874954024 2.34311079
v -10.1257933 0.858287374 2.34311079
v -10.1347636 0.869975248 2.34311079
v -10.1297785 0.861344615 2.34311079
v -10.1328391 0.865330855 2.34311079
v -10.1328435 0.884579579 2.34256064
v -10.1347647 0.879940549 2.34256064
v -10.1297844 0.888568679 2.34256064
v -10.1257983 0.891628305 2.34256064
v -10.13542 0.874954024 2.34256064
v -10.1211573 0.893551985 2.34256064
v -10.1347636 0.869975248 2.34256064
v -10.1161703 0.894209543 2.34256064
v -10.1328391 0.865330855 2.34256064
v -10.1111935 0.893554607 2.34256064
v -10.1297785 0.861344615 2.34256064
v -10.1065473 0.891631642 2.34256064
v -10.1257933 0.858287374 2.34256064
v -10.1025622 0.888574163 2.34256064
v -10.1211471 0.856364289 2.34256064
v -10.0995016 0.884588042 2.34256064
v -10.1161703 0.855709473 2.34256064
v -10.097577 0.879943648 2.34256064
v -10.1111833 0.856367031 2.34256064
v -10.0969206 0.874964872 2.34256064
v -10.1065424 0.858290712 2.34256064
v -10.097576 0.869978348 2.34256064
v -10.1025563 0.861350099 2.34256064
v -10.0994971 0.865339199 2.34256064
v -10.0995015 0.865330855 1.98506045
v -10.1025621 0.861344615 1.98506045
v -10.0975769 0.869975248 1.98506045
v -10.1065473 0.858287374 1.98506045
v -10.0969205 0.874954024 1.98506045
v -10.1111935 0.856364289 1.98506045
v -10.0975758 0.879940549 1.98506045
v -10.1161702 0.855709473 1.98506045
v -10.0994969 0.884579579 1.98506045
v -10.1211572 0.856367031 1.98506045
v -10.1025561 0.888568679 1.98506045
v -10.1257983 0.858290712 1.98506045
v -10.1065422 0.891628185 1.98506045
v -10.1297843 0.861350099 1.98506045
v -10.1111831 0.893551985 1.98506045
v -10.1328435 0.865339438 1.98506045
v -10.1161701 0.894209543 1.98506045
v -10.1347646 0.869978348 1.98506045
v -10.121147 0.893554607 1.98506045
v -10.1354198 0.874964872 1.98506045
v -10.1257931 0.891631642 1.98506045
v -10.1347635 0.879943648 1.98506045
v -10.1297783 0.888574163 1.98506045
v -10.1328389 0.884588162 1.98506045
v -10.1161703 0.885959545 2.2875607
v -10.1114003 0.884871045 2.2875607
v -10.1161701 0.885959545 2.01256048
v -10.1114002 0.884871045 2.01256048
v -10.1075721 0.881820003 2.2875607
v -10.1075719 0.881820003 2.01256048
v -10.1054463 0.877408186 2.2875607
v -10.1054462 0.877408186 2.01256048
v -10.1054459 0.872513572 2.2875607
v -10.1054458 0.872513572 2.01256048
v -10.1075684 0.868103663 2.2875607
v -10.1075683 0.868103663 2.01256048
v -10.1113958 0.865049759 2.2875607
v -10.1113956 0.865049759 2.01256048
v -10.1161703 0.863959471 2.2875607
v -10.1161702 0.863959471 2.01256048
v -10.1209448 0.884869019 2.01256048
v -10.120945 0.884869019 2.2875607
v -10.1247721 0.881815234 2.01256048
v -10.1247722 0.881815234 2.2875607
v -10.1268946 0.877405325 2.01256048
v -10.1268947 0.877405325 2.2875607
v -10.1268941 0.872510592 2.01256048
v -10.1268942 0.872510592 2.2875607
v -10.1247685 0.868098894 2.01256048
v -10.1247686 0.868098894 2.2875607
v -10.1209402 0.865047732 2.01256048
v -10.1209404 0.865047732 2.2875607
v -10.1161702 0.861209551 1.99606048
v -10.1109048 0.862257758 1.99606048
v -10.1161702 0.861209551 2.01256048
v -10.1109048 0.862257758 2.01256048
v -10.1064458 0.865238467 1.99606048
v -10.1064458 0.865238467 2.01256048
v -10.1034663 0.869699637 1.99606048
v -10.1034663 0.869699637 2.01256048
v -10.1024205 0.874963323 1.99606048
v -10.1024205 0.874963323 2.01256048
v -10.1034673 0.880222479 1.99606048
v -10.1034673 0.880222479 2.01256048
v -10.1064501 0.884684244 1.99606048
v -10.1064501 0.884684244 2.01256048
v -10.1109114 0.887663761 1.99606048
v -10.1109114 0.887663761 2.01256048
v -10.1161701 0.888709465 1.99606048
v -10.1161701 0.888709465 2.01256048
v -10.121429 0.862254897 2.01256048
v -10.121429 0.862254897 1.99606048
v -10.1258903 0.865234653 2.01256048
v -10.1258903 0.865234653 1.99606048
v -10.1288731 0.869696418 2.01256048
v -10.1288731 0.869696418 1.99606048
v -10.12992 0.874955574 2.01256048
v -10.1299199 0.874955574 1.99606048
v -10.1288741 0.880219141 2.01256048
v -10.1288741 0.880219141 1.99606048
v -10.1258945 0.88468043 2.01256048
v -10.1258945 0.88468043 1.99606048
v -10.1214356 0.887661019 2.01256048
v -10.1214356 0.887661019 1.99606048
v -10.1161701 0.894209543 1.99606048
v -10.1211571 0.893551985 1.99606048
v -10.1257982 0.891628305 1.99606048
v -10.1297843 0.888568679 1.99606048
v -10.1328434 0.884579579 1.99606048
v -10.1347646 0.879940549 1.99606048
v -10.1354198 0.874954024 1.99606048
v -10.1347635 0.869975248 1.99606048
v -10.132839 0.865330855 1.99606048
v -10.1297784 0.861344615 1.99606048
v -10.1257931 0.858287374 1.99606048
v -10.121147 0.856364289 1.99606048
v -10.1161702 0.855709473 1.99606048
v -10.1111934 0.893554607 1.99606048
v -10.1065472 0.891631642 1.99606048
v -10.102562 0.888574163 1.99606048
v -10.0995015 0.884588042 1.99606048
v -10.0975768 0.879943648 1.99606048
v -10.0969205 0.874964872 1.99606048
v -10.0975759 0.869978348 1.99606048
v -10.0994969 0.865339199 1.99606048
v -10.1025561 0.861350099 1.99606048
v -10.1065423 0.858290712 1.99606048
v -10.1111832 0.856367031 1.99606048
v -10.0995016 0.884588042 2.39866065
v -10.097577 0.879943648 2.39866065
v -10.1025622 0.888574163 2.39866065
v -10.1065473 0.891631642 2.39866065
v -10.0969206 0.874964872 2.39866065
v -10.1111935 0.893554607 2.39866065
v -10.097576 0.869978348 2.39866065
v -10.1161703 0.894209543 2.39866065
v -10.0994971 0.865339199 2.39866065
v -10.1211573 0.893551985 2.39866065
v -10.1025563 0.861350099 2.39866065
v -10.1257983 0.891628305 2.39866065
v -10.1065424 0.858290712 2.39866065
v -10.1297844 0.888568679 2.39866065
v -10.1111833 0.856367031 2.39866065
v -10.1328435 0.884579579 2.39866065
v -10.1161703 0.855709473 2.39866065
v -10.1347647 0.879940549 2.39866065
v -10.1211471 0.856364289 2.39866065
v -10.13542 0.874954024 2.39866065
v -10.1257933 0.858287374 2.39866065
v -10.1347636 0.869975248 2.39866065
v -10.1297785 0.861344615 2.39866065
v -10.1328391 0.865330855 2.39866065
v -11.1984111 0.242498795 0.683364624
v -11.1984111 0.17700378 0.727576906
v -11.1984111 0.242498795 0.830467338
v -11.1984112 0.107808212 0.75943839
v -11.1984112 0.034912387 0.778949136
v -11.1984113 -0.0416838135 0.830467338
v -11.1984113 -0.0416838135 0.786109054
v -10.2084111 0.242498199 0.683364922
v -10.2084111 0.242498199 0.830467636
v -10.2084111 0.177003065 0.727577204
v -10.2084111 0.107807497 0.759438688
v -10.2084113 0.0349117313 0.778949464
v -10.2084113 -0.0416845287 0.786109352
v -10.2084113 -0.0416845287 0.830467636
v -11.1984111 0.242498795 0.830577308
v -10.2084111 0.242498199 0.830577606
v -11.1984113 -0.088013729 0.830577308
v -10.2084113 -0.088014325 0.830577606
v -11.1984111 0.242498795 1.00629942
v -10.2084112 0.242498199 1.00629973
v -11.1434112 0.242498795 1.06129936
v -10.2634112 0.242498318 1.0612996
v -11.5479902 0.915070335 0.00349819096
v -11.5466746 0.920265833 0.00349819096
v -11.5445217 0.925173799 0.00349819096
v -11.5415904 0.929660359 0.00349819096
v -11.5379606 0.933603445 0.00349819096
v -11.5337313 0.93689529 0.00349819096
v -11.5290179 0.939446131 0.00349819096
v -11.5239488 0.941186348 0.00349819096
v -11.4839754 0.915070335 0.00349831017
v -11.5186625 0.942068378 0.00349819096
v -11.485291 0.920265595 0.00349831017
v -11.5133031 0.942068378 0.00349819096
v -11.4874439 0.925173679 0.00349819096
v -11.5080169 0.941186348 0.00349819096
v -11.4903752 0.929660359 0.00349819096
v -11.5029478 0.939446131 0.00349819096
v -11.4940051 0.933603445 0.00349819096
v -11.4982344 0.93689529 0.00349819096
v -11.4835328 0.909729162 0.0130317155
v -11.4959035 0.909729162 0.0200236979
v -11.4839754 0.904388109 0.0130317155
v -11.4965865 0.904538075 0.0200236979
v -11.485291 0.899192611 0.0130317155
v -11.4985924 0.89969174 0.0200236979
v -11.4874439 0.894284645 0.0130317155
v -11.4903752 0.889798084 0.0130317155
v -11.5017814 0.895534793 0.0200236979
v -11.4940051 0.885854999 0.0130317155
v -11.4982344 0.882563153 0.0130317155
v -11.5059394 0.892342368 0.0200236979
v -11.5029478 0.880012313 0.0130317155
v -11.5107839 0.890334884 0.0200236979
v -11.5080169 0.878272215 0.0130317155
v -11.5133031 0.877390185 0.0130317155
v -11.5159772 0.889650146 0.0200236979
v -11.5186625 0.877390185 0.0130314771
v -11.5211786 0.890333811 0.0200236979
v -11.5239488 0.878272215 0.0130314771
v -11.5290179 0.880012313 0.0130314771
v -11.5260175 0.892337719 0.0200236979
v -11.5337313 0.882563153 0.0130314771
v -11.5301785 0.895528594 0.0200236979
v -11.5379606 0.885854999 0.0130314771
v -11.5415904 0.889798084 0.0130314771
v -11.5333698 0.899686376 0.0200236979
v -11.5445217 0.894284764 0.0130314771
v -11.5466746 0.899192849 0.0130314771
v -11.5353764 0.904527346 0.0200236979
v -11.5479902 0.904388229 0.0130314771
v -11.5360622 0.909729162 0.0200236979
v -11.5484329 0.909729162 0.0130314771
v -11.5485327 0.915160934 0.00404834183
v -11.5471948 0.920444289 0.00404834183
v -11.5450055 0.925435582 0.00404834183
v -11.5420245 0.929998318 0.00404834183
v -11.5383331 0.934008161 0.00404834183
v -11.5340321 0.937355677 0.00404834183
v -11.5292387 0.939949671 0.00404834183
v -11.5240838 0.941719452 0.00404834183
v -11.5187079 0.942616502 0.00404834183
v -11.5132577 0.942616502 0.00404834183
v -11.5078818 0.941719452 0.00404834183
v -11.5027269 0.939949671 0.00404834183
v -11.4979335 0.937355677 0.00404834183
v -11.4936326 0.934008041 0.00404834183
v -11.4899412 0.929998318 0.00404834183
v -11.4869602 0.925435344 0.00404834183
v -11.4847709 0.920444289 0.00404834183
v -11.4834329 0.915160814 0.00404834183
v -11.5479902 0.915070335 0.0130314771
v -11.5466746 0.920265833 0.0130314771
v -11.5445217 0.925173679 0.0130314771
v -11.5415904 0.929660359 0.0130314771
v -11.5379606 0.933603445 0.0130314771
v -11.5337313 0.93689529 0.0130314771
v -11.5290178 0.939446131 0.0130314771
v -11.5239488 0.941186348 0.0130314771
v -11.5186625 0.942068378 0.0130314771
v -11.5133031 0.942068378 0.0130317155
v -11.5080169 0.941186348 0.0130317155
v -11.5029478 0.939446131 0.0130317155
v -11.4982344 0.93689529 0.0130317155
v -11.4940051 0.933603445 0.0130317155
v -11.4903752 0.929660359 0.0130317155
v -11.4874439 0.925173679 0.0130317155
v -11.485291 0.920265595 0.0130317155
v -11.4839754 0.915070335 0.0130317155
v -11.5353791 0.914920369 0.0200236979
v -11.5333732 0.919766704 0.0200236979
v -11.5301842 0.923923651 0.0200236979
v -11.5260263 0.927116076 0.0200236979
v -11.5211817 0.929123441 0.0200236979
v -11.5159884 0.929808179 0.0200236979
v -11.5107871 0.929124752 0.0200236979
v -11.5059482 0.927120844 0.0200236979
v -11.5017872 0.92392985 0.0200236979
v -11.4985959 0.919771949 0.0200236979
v -11.4965892 0.914931217 0.0200236979
v -11.5110309 0.918301741 0.0711481515
v -11.51598 0.919629017 0.0711481515
v -11.5074086 0.914678255 0.0711481515
v -11.5060828 0.909729162 0.0711481515
v -11.5209303 0.918304125 0.0711481515
v -11.5074103 0.904777685 0.0711481515
v -11.5245554 0.914680759 0.0711481515
v -11.5110353 0.901154438 0.0711481515
v -11.5258828 0.909729162 0.0711481515
v -11.5159856 0.899829427 0.0711481515
v -11.5245571 0.904780308 0.0711481515
v -11.5209347 0.901156822 0.0711481515
v -11.5060828 0.909729162 0.0271482411
v -11.5074086 0.914678255 0.0271482411
v -11.5110309 0.918301741 0.0271482411
v -11.51598 0.919629255 0.0271482411
v -11.5209303 0.918304125 0.0271482411
v -11.5245554 0.914680759 0.0271482411
v -11.5258828 0.909729162 0.0271482411
v -11.5074103 0.904777685 0.0271482411
v -11.5110353 0.901154319 0.0271482411
v -11.5159856 0.899829427 0.0271482411
v -11.5209347 0.901156822 0.0271482411
v -11.5245571 0.904780308 0.0271482411
v -11.5335828 0.909729162 0.0229315701
v -11.5328708 0.904775182 0.0229315701
v -11.5335828 0.909729162 0.0271482411
v -11.5328689 0.904767552 0.0271482411
v -11.5307913 0.900218049 0.0229315701
v -11.5307859 0.900209943 0.0271482411
v -11.5275101 0.896429578 0.0229315701
v -11.5275054 0.896426002 0.0271482411
v -11.5232959 0.893720666 0.0229315701
v -11.523293 0.893719236 0.0271482411
v -11.5184925 0.892309466 0.0229315701
v -11.5184834 0.892308036 0.0271482411
v -11.5134822 0.892308036 0.0229315701
v -11.5134732 0.892309466 0.0271482411
v -11.5086727 0.893719236 0.0229315701
v -11.5086697 0.893720666 0.0271482411
v -11.5044602 0.896426002 0.0229315701
v -11.5044555 0.896429578 0.0271482411
v -11.5011797 0.900209943 0.0229315701
v -11.5011744 0.900218049 0.0271482411
v -11.4990968 0.904767552 0.0229315701
v -11.4990949 0.904775182 0.0271482411
v -11.4983828 0.909729162 0.0229315701
v -11.4983828 0.909729162 0.0271482411
v -11.5328708 0.914683381 0.0271482411
v -11.5328689 0.914690891 0.0229315701
v -11.5307913 0.919240395 0.0271482411
v -11.5307859 0.919248501 0.0229315701
v -11.5275101 0.923028747 0.0271482411
v -11.5275054 0.923032442 0.0229315701
v -11.5232959 0.925737659 0.0271482411
v -11.523293 0.925739328 0.0229315701
v -11.5184925 0.927148858 0.0271482411
v -11.5184834 0.927150527 0.0229315701
v -11.5134822 0.927150527 0.0271482411
v -11.5134732 0.927148858 0.0229315701
v -11.5086727 0.925739328 0.0271482411
v -11.5086697 0.925737659 0.0229315701
v -11.5044602 0.923032442 0.0271482411
v -11.5044555 0.923028747 0.0229315701
v -11.5011797 0.919248501 0.0271482411
v -11.5011744 0.919240395 0.0229315701
v -11.4990968 0.914690891 0.0271482411
v -11.4990949 0.914683381 0.0229315701
v -11.4978328 0.909729162 0.0223816577
v -11.4985671 0.914838234 0.0223816577
v -11.5007117 0.919537583 0.0223816577
v -11.5040953 0.923444549 0.0223816577
v -11.5084412 0.926237861 0.0223816577
v -11.5133947 0.927693406 0.0223816577
v -11.5185616 0.927694837 0.0223816577
v -11.5235215 0.92623953 0.0223816577
v -11.5278656 0.923448125 0.0223816577
v -11.5312485 0.919546047 0.0223816577
v -11.5333966 0.914845983 0.0223816577
v -11.5341328 0.909729162 0.0223816577
v -11.4985691 0.90461258 0.0223816577
v -11.5007171 0.899912397 0.0223816577
v -11.5041001 0.896010319 0.0223816577
v -11.5084442 0.893218914 0.0223816577
v -11.5134041 0.891763607 0.0223816577
v -11.5185709 0.891765157 0.0223816577
v -11.5235244 0.893220464 0.0223816577
v -11.5278703 0.896013895 0.0223816577
v -11.531254 0.89992086 0.0223816577
v -11.5333985 0.904620448 0.0223816577
v -11.5357828 0.909729162 0.0205024424
v -11.5351093 0.904610196 0.0205024424
v -11.5331313 0.899831334 0.0205024424
v -11.5299867 0.895732323 0.0205024424
v -11.5258865 0.892584244 0.0205024424
v -11.5211095 0.890604654 0.0205024424
v -11.5159884 0.889929572 0.0205024424
v -11.5108594 0.890603462 0.0205024424
v -11.5060878 0.892579595 0.0205024424
v -11.5019847 0.895726124 0.0205024424
v -11.4988377 0.899826208 0.0205024424
v -11.496859 0.904599706 0.0205024424
v -11.4961828 0.909729162 0.0205024424
v -11.5351066 0.914858857 0.0205024424
v -11.5331279 0.919632355 0.0205024424
v -11.5299809 0.92373232 0.0205024424
v -11.5258779 0.926878849 0.0205024424
v -11.5211063 0.928854862 0.0205024424
v -11.5159773 0.929528752 0.0205024424
v -11.5108562 0.928853789 0.0205024424
v -11.5060791 0.9268742 0.0205024424
v -11.501979 0.92372624 0.0205024424
v -11.4988343 0.91962711 0.0205024424
v -11.4968564 0.914848248 0.0205024424
v -11.5355628 0.909729162 0.0223816577
v -11.5351066 0.904599706 0.0221614781
v -11.5331279 0.899826208 0.0221614781
v -11.5299809 0.895726124 0.0221614781
v -11.5258779 0.892579595 0.0221614781
v -11.5211063 0.890603462 0.0221614781
v -11.5159773 0.889929572 0.0221614781
v -11.5108562 0.890604654 0.0221614781
v -11.5060791 0.892584244 0.0221614781
v -11.501979 0.895732323 0.0221614781
v -11.4988343 0.899831334 0.0221614781
v -11.4968564 0.904610196 0.0221614781
v -11.4964028 0.909729162 0.0223816577
v -11.5351093 0.914848248 0.0221614781
v -11.5331313 0.91962711 0.0221614781
v -11.5299867 0.92372624 0.0221614781
v -11.5258865 0.9268742 0.0221614781
v -11.5211095 0.928853789 0.0221614781
v -11.5159884 0.929528752 0.0221614781
v -11.5108594 0.928854862 0.0221614781
v -11.5060878 0.926878849 0.0221614781
v -11.5019847 0.92373232 0.0221614781
v -11.4988377 0.919632355 0.0221614781
v -11.496859 0.914858738 0.0221614781
v -10.1328391 0.884588162 2.2875607
v -10.1297784 0.888574401 2.2875607
v -10.1257932 0.891631642 2.2875607
v -10.1211471 0.893554607 2.2875607
v -10.1161703 0.894209543 2.2875607
v -10.1111833 0.893551985 2.2875607
v -10.1065423 0.891628185 2.2875607
v -10.1025562 0.888568679 2.2875607
v -10.099497 0.884579579 2.2875607
v -10.0975759 0.879940549 2.2875607
v -10.0969206 0.874954024 2.2875607
v -10.097577 0.869975248 2.2875607
v -10.0995016 0.865330855 2.2875607
v -10.1025622 0.861344615 2.2875607
v -10.1065474 0.858287374 2.2875607
v -10.1111936 0.856364289 2.2875607
v -10.1161703 0.855709473 2.2875607
v -10.1211573 0.856367031 2.2875607
v -10.1257984 0.858290712 2.2875607
v -10.1297845 0.861350099 2.2875607
v -10.1328436 0.865339438 2.2875607
v -10.1347648 0.869978348 2.2875607
v -10.13542 0.874964872 2.2875607
v -10.1347636 0.879943648 2.2875607
vt 0.431805998 -0.593909025
vt 0.431805998 -0.593409002
vt 0.426950991 -0.594310999
vt 0.426950991 0
vt 0.431805998 0.000500000024
vt 0.426867992 0.000500000024
vt 0.426950991 -0.594310999
vt 0.426867992 -0.593818009
vt 0.422228009 -0.595507026
vt 0.422228009 -0.595507026
vt 0.426867992 -0.593818009
vt 0.42206499 -0.595034003
vt 0.422228009 -0.595507026
vt 0.42206499 -0.595034003
vt 0.417766005 -0.597464025
vt 0.417766005 -0.597464025
vt 0.42206499 -0.595034003
vt 0.417528003 -0.597024024
vt 0.417766005 -0.597464025
vt 0.417528003 -0.597024024
vt 0.413686991 -0.600129008
vt 0.413686991 -0.600129008
vt 0.417528003 -0.597024024
vt 0.413379997 -0.599734008
vt 0.413686991 -0.600129008
vt 0.413379997 -0.599734008
vt 0.41010201 -0.603429019
vt 0.41010201 -0.603429019
vt 0.413379997 -0.599734008
vt 0.409734011 -0.603089988
vt 0.41010201 -0.603429019
vt 0.409734011 -0.603089988
vt 0.407110006 -0.607273996
vt 0.407110006 -0.607273996
vt 0.409734011 -0.603089988
vt 0.406691015 -0.606999993
vt 0.407110006 -0.607273996
vt 0.406691015 -0.606999993
vt 0.404790998 -0.611558974
vt 0.404790998 -0.611558974
vt 0.406691015 -0.606999993
vt 0.404332995 -0.611357987
vt 0.404790998 -0.611558974
vt 0.404332995 -0.611357987
vt 0.403209001 -0.616167009
vt 0.403209001 -0.616167009
vt 0.404332995 -0.611357987
vt 0.402723998 -0.616043985
vt 0.403209001 -0.616167009
vt 0.402723998 -0.616043985
vt 0.402406991 -0.620971978
vt 0.402406991 -0.620971978
vt 0.402723998 -0.616043985
vt 0.401908994 -0.620931029
vt 0 -0.620971978
vt -0.000500000024 -0.620931029
vt 0 -0.625845015
vt 0 -0.625845015
vt -0.000500000024 -0.620931029
vt -0.000500000024 -0.625886023
vt 0.402406991 -0.625845015
vt 0.401908994 -0.625886023
vt 0.403209001 -0.630649984
vt 0.403209001 -0.630649984
vt 0.401908994 -0.625886023
vt 0.402723998 -0.630773008
vt 0.403209001 -0.630649984
vt 0.402723998 -0.630773008
vt 0.404790998 -0.635258973
vt 0.404790998 -0.635258973
vt 0.402723998 -0.630773008
vt 0.404332995 -0.635459006
vt 0.404790998 -0.635258973
vt 0.404332995 -0.635459006
vt 0.407110006 -0.639542997
vt 0.407110006 -0.639542997
vt 0.404332995 -0.635459006
vt 0.406691015 -0.639816999
vt 0.407110006 -0.639542997
vt 0.406691015 -0.639816999
vt 0.41010201 -0.643387973
vt 0.41010201 -0.643387973
vt 0.406691015 -0.639816999
vt 0.409734011 -0.643727005
vt 0.41010201 -0.643387973
vt 0.409734011 -0.643727005
vt 0.413686991 -0.646687984
vt 0.413686991 -0.646687984
vt 0.409734011 -0.643727005
vt 0.413379997 -0.647082984
vt 0.413686991 -0.646687984
vt 0.413379997 -0.647082984
vt 0.417766005 -0.649353027
vt 0.417766005 -0.649353027
vt 0.413379997 -0.647082984
vt 0.417528003 -0.649793029
vt 0.417766005 -0.649353027
vt 0.417528003 -0.649793029
vt 0.422228009 -0.651310027
vt 0.422228009 -0.651310027
vt 0.417528003 -0.649793029
vt 0.42206499 -0.65178299
vt 0.422228009 -0.651310027
vt 0.42206499 -0.65178299
vt 0.426950991 -0.652505994
vt 0.426950991 -0.652505994
vt 0.42206499 -0.65178299
vt 0.426867992 -0.652998984
vt -0.426950991 0
vt -0.426867992 0.000500000024
vt -0.431805998 0
vt 0.431805998 -0.652908981
vt 0.426867992 -0.652998984
vt 0.431805998 -0.653409004
vt -0.155840993 0.65962702
vt -0.152848005 0.655781984
vt -0.158160001 0.663911998
vt -0.158160001 0.663911998
vt -0.152848005 0.655781984
vt -0.149263993 0.652482986
vt -0.158160001 0.663911998
vt -0.149263993 0.652482986
vt -0.159741998 0.668519974
vt -0.159741998 0.668519974
vt -0.149263993 0.652482986
vt -0.145184994 0.649818003
vt -0.159741998 0.668519974
vt -0.145184994 0.649818003
vt -0.160543993 0.673326015
vt -0.160543993 0.673326015
vt -0.145184994 0.649818003
vt -0.140723005 0.647861004
vt -0.160543993 0.673326015
vt -0.140723005 0.647861004
vt -0.160543993 0.67819798
vt -0.160543993 0.67819798
vt -0.140723005 0.647861004
vt -0.136000007 0.646664977
vt -0.160543993 0.67819798
vt -0.136000007 0.646664977
vt -0.159741998 0.683004022
vt -0.159741998 0.683004022
vt -0.136000007 0.646664977
vt -0.131144002 0.64626199
vt -0.159741998 0.683004022
vt -0.131144002 0.64626199
vt -0.158160001 0.687611997
vt -0.158160001 0.687611997
vt -0.131144002 0.64626199
vt -0.126288995 0.646664977
vt -0.158160001 0.687611997
vt -0.126288995 0.646664977
vt -0.155840993 0.691896975
vt -0.155840993 0.691896975
vt -0.126288995 0.646664977
vt -0.121565998 0.647861004
vt -0.155840993 0.691896975
vt -0.121565998 0.647861004
vt -0.152848005 0.695742011
vt -0.152848005 0.695742011
vt -0.121565998 0.647861004
vt -0.117104001 0.649818003
vt -0.152848005 0.695742011
vt -0.117104001 0.649818003
vt -0.149263993 0.699042022
vt -0.149263993 0.699042022
vt -0.117104001 0.649818003
vt -0.113025002 0.652482986
vt -0.149263993 0.699042022
vt -0.113025002 0.652482986
vt -0.145184994 0.701707006
vt -0.145184994 0.701707006
vt -0.113025002 0.652482986
vt -0.109440997 0.655781984
vt -0.145184994 0.701707006
vt -0.109440997 0.655781984
vt -0.140723005 0.703664005
vt -0.140723005 0.703664005
vt -0.109440997 0.655781984
vt -0.106448002 0.65962702
vt -0.140723005 0.703664005
vt -0.106448002 0.65962702
vt -0.136000007 0.704859972
vt -0.136000007 0.704859972
vt -0.106448002 0.65962702
vt -0.104129001 0.663911998
vt -0.136000007 0.704859972
vt -0.104129001 0.663911998
vt -0.131144002 0.705262005
vt -0.131144002 0.705262005
vt -0.104129001 0.663911998
vt -0.102546997 0.668519974
vt -0.131144002 0.705262005
vt -0.102546997 0.668519974
vt -0.126288995 0.704859972
vt -0.126288995 0.704859972
vt -0.102546997 0.668519974
vt -0.101745002 0.673326015
vt -0.126288995 0.704859972
vt -0.101745002 0.673326015
vt -0.121565998 0.703664005
vt -0.121565998 0.703664005
vt -0.101745002 0.673326015
vt -0.101745002 0.67819798
vt -0.121565998 0.703664005
vt -0.101745002 0.67819798
vt -0.117104001 0.701707006
vt -0.117104001 0.701707006
vt -0.101745002 0.67819798
vt -0.102546997 0.683004022
vt -0.117104001 0.701707006
vt -0.102546997 0.683004022
vt -0.113025002 0.699042022
vt -0.113025002 0.699042022
vt -0.102546997 0.683004022
vt -0.104129001 0.687611997
vt -0.113025002 0.699042022
vt -0.104129001 0.687611997
vt -0.109440997 0.695742011
vt -0.109440997 0.695742011
vt -0.104129001 0.687611997
vt -0.106448002 0.691896975
vt 0.131144002 0.000500000024
vt 0.131144002 0
vt 0.136081994 0.000500000024
vt 0.136081994 0.000500000024
vt 0.131144002 0
vt 0.136000007 0
vt -0.136081994 0.646170974
vt -0.136000007 0.646664977
vt -0.140884995 0.647387981
vt -0.140884995 0.647387981
vt -0.136000007 0.646664977
vt -0.140723005 0.647861004
vt -0.140884995 0.647387981
vt -0.140723005 0.647861004
vt -0.145422995 0.649378002
vt -0.145422995 0.649378002
vt -0.140723005 0.647861004
vt -0.145184994 0.649818003
vt -0.145422995 0.649378002
vt -0.145184994 0.649818003
vt -0.149571002 0.652087986
vt -0.149571002 0.652087986
vt -0.145184994 0.649818003
vt -0.149263993 0.652482986
vt -0.149571002 0.652087986
vt -0.149263993 0.652482986
vt -0.153216004 0.655444026
vt -0.153216004 0.655444026
vt -0.149263993 0.652482986
vt -0.152848005 0.655781984
vt -0.153216004 0.655444026
vt -0.152848005 0.655781984
vt -0.156259 0.659353971
vt -0.156259 0.659353971
vt -0.152848005 0.655781984
vt -0.155840993 0.65962702
vt -0.156259 0.659353971
vt -0.155840993 0.65962702
vt -0.158618003 0.663711011
vt -0.158618003 0.663711011
vt -0.155840993 0.65962702
vt -0.158160001 0.663911998
vt -0.158618003 0.663711011
vt -0.158160001 0.663911998
vt -0.160227001 0.668398023
vt -0.160227001 0.668398023
vt -0.158160001 0.663911998
vt -0.159741998 0.668519974
vt -0.160227001 0.668398023
vt -0.159741998 0.668519974
vt -0.161042005 0.673285007
vt -0.161042005 0.673285007
vt -0.159741998 0.668519974
vt -0.160543993 0.673326015
vt -0.000500000024 0.673285007
vt 0 0.673326015
vt -0.000500000024 0.678240001
vt -0.000500000024 0.678240001
vt 0 0.673326015
vt 0 0.67819798
vt -0.161042005 0.678240001
vt -0.160543993 0.67819798
vt -0.160227001 0.683126986
vt -0.160227001 0.683126986
vt -0.160543993 0.67819798
vt -0.159741998 0.683004022
vt -0.160227001 0.683126986
vt -0.159741998 0.683004022
vt -0.158618003 0.687812984
vt -0.158618003 0.687812984
vt -0.159741998 0.683004022
vt -0.158160001 0.687611997
vt -0.158618003 0.687812984
vt -0.158160001 0.687611997
vt -0.156259 0.692170978
vt -0.156259 0.692170978
vt -0.158160001 0.687611997
vt -0.155840993 0.691896975
vt -0.156259 0.692170978
vt -0.155840993 0.691896975
vt -0.153216004 0.696080983
vt -0.153216004 0.696080983
vt -0.155840993 0.691896975
vt -0.152848005 0.695742011
vt -0.153216004 0.696080983
vt -0.152848005 0.695742011
vt -0.149571002 0.699436009
vt -0.149571002 0.699436009
vt -0.152848005 0.695742011
vt -0.149263993 0.699042022
vt -0.149571002 0.699436009
vt -0.149263993 0.699042022
vt -0.145422995 0.702145994
vt -0.145422995 0.702145994
vt -0.149263993 0.699042022
vt -0.145184994 0.701707006
vt -0.145422995 0.702145994
vt -0.145184994 0.701707006
vt -0.140884995 0.704137027
vt -0.140884995 0.704137027
vt -0.145184994 0.701707006
vt -0.140723005 0.703664005
vt -0.140884995 0.704137027
vt -0.140723005 0.703664005
vt -0.136081994 0.705353022
vt -0.136081994 0.705353022
vt -0.140723005 0.703664005
vt -0.136000007 0.704859972
vt -0.136081994 0.000500000024
vt -0.136000007 0
vt -0.131144002 0.000500000024
vt -0.131144002 0.705762029
vt -0.136000007 0.704859972
vt -0.131144002 0.705262005
vt 0.131144002 0
vt 0.131144002 0.000500000024
vt 0.126288995 0
vt 0.126288995 0
vt 0.131144002 0.000500000024
vt 0.126206994 0.000500000024
vt -0.126288995 0.646664977
vt -0.126206994 0.646170974
vt -0.121565998 0.647861004
vt -0.121565998 0.647861004
vt -0.126206994 0.646170974
vt -0.121404 0.647387981
vt -0.121565998 0.647861004
vt -0.121404 0.647387981
vt -0.117104001 0.649818003
vt -0.117104001 0.649818003
vt -0.121404 0.647387981
vt -0.116866 0.649378002
vt -0.117104001 0.649818003
vt -0.116866 0.649378002
vt -0.113025002 0.652482986
vt -0.113025002 0.652482986
vt -0.116866 0.649378002
vt -0.112718001 0.652087986
vt -0.113025002 0.652482986
vt -0.112718001 0.652087986
vt -0.109440997 0.655781984
vt -0.109440997 0.655781984
vt -0.112718001 0.652087986
vt -0.109072998 0.655444026
vt -0.109440997 0.655781984
vt -0.109072998 0.655444026
vt -0.106448002 0.65962702
vt -0.106448002 0.65962702
vt -0.109072998 0.655444026
vt -0.106028996 0.659353971
vt -0.106448002 0.65962702
vt -0.106028996 0.659353971
vt -0.104129001 0.663911998
vt -0.104129001 0.663911998
vt -0.106028996 0.659353971
vt -0.103670999 0.663711011
vt -0.104129001 0.663911998
vt -0.103670999 0.663711011
vt -0.102546997 0.668519974
vt -0.102546997 0.668519974
vt -0.103670999 0.663711011
vt -0.102062002 0.668398023
vt -0.102546997 0.668519974
vt -0.102062002 0.668398023
vt -0.101745002 0.673326015
vt -0.101745002 0.673326015
vt -0.102062002 0.668398023
vt -0.101246998 0.673285007
vt 0 0.673326015
vt 0.000500000024 0.673285007
vt 0 0.67819798
vt 0 0.67819798
vt 0.000500000024 0.673285007
vt 0.000500000024 0.678240001
vt -0.101745002 0.67819798
vt -0.101246998 0.678240001
vt -0.102546997 0.683004022
vt -0.102546997 0.683004022
vt -0.101246998 0.678240001
vt -0.102062002 0.683126986
vt -0.102546997 0.683004022
vt -0.102062002 0.683126986
vt -0.104129001 0.687611997
vt -0.104129001 0.687611997
vt -0.102062002 0.683126986
vt -0.103670999 0.687812984
vt -0.104129001 0.687611997
vt -0.103670999 0.687812984
vt -0.106448002 0.691896975
vt -0.106448002 0.691896975
vt -0.103670999 0.687812984
vt -0.106028996 0.692170978
vt -0.106448002 0.691896975
vt -0.106028996 0.692170978
vt -0.109440997 0.695742011
vt -0.109440997 0.695742011
vt -0.106028996 0.692170978
vt -0.109072998 0.696080983
vt -0.109440997 0.695742011
vt -0.109072998 0.696080983
vt -0.113025002 0.699042022
vt -0.113025002 0.699042022
vt -0.109072998 0.696080983
vt -0.112718001 0.699436009
vt -0.113025002 0.699042022
vt -0.112718001 0.699436009
vt -0.117104001 0.701707006
vt -0.117104001 0.701707006
vt -0.112718001 0.699436009
vt -0.116866 0.702145994
vt -0.117104001 0.701707006
vt -0.116866 0.702145994
vt -0.121565998 0.703664005
vt -0.121565998 0.703664005
vt -0.116866 0.702145994
vt -0.121404 0.704137027
vt -0.121565998 0.703664005
vt -0.121404 0.704137027
vt -0.126288995 0.704859972
vt -0.126288995 0.704859972
vt -0.121404 0.704137027
vt -0.126206994 0.705353022
vt -0.126288995 0
vt -0.126206994 0.000500000024
vt -0.131144002 0
vt -0.131144002 0.705262005
vt -0.126206994 0.705353022
vt -0.131144002 0.705762029
vt 0.131144002 0.00866699964
vt 0.131144002 0.000500000024
vt 0.136000007 0.00866699964
vt 0.136000007 0.00866699964
vt 0.131144002 0.000500000024
vt 0.136081994 0.000500000024
vt 0.136000007 0.00866699964
vt 0.136081994 0.000500000024
vt 0.140723005 0.00866699964
vt 0.140723005 0.00866699964
vt 0.136081994 0.000500000024
vt 0.140884995 0.000500000024
vt 0.140723005 0.00866699964
vt 0.140884995 0.000500000024
vt 0.145184994 0.00866699964
vt 0.145184994 0.00866699964
vt 0.140884995 0.000500000024
vt 0.145422995 0.000500000024
vt 0.145184994 0.00866699964
vt 0.145422995 0.000500000024
vt 0.149263993 0.00866699964
vt 0.149263993 0.00866699964
vt 0.145422995 0.000500000024
vt 0.149571002 0.000500000024
vt 0.149263993 0.00866699964
vt 0.149571002 0.000500000024
vt 0.152848005 0.00866699964
vt 0.152848005 0.00866699964
vt 0.149571002 0.000500000024
vt 0.153216004 0.000500000024
vt -0.00866699964 0.655781984
vt -0.000500000024 0.655444026
vt -0.00866699964 0.65962702
vt -0.00866699964 0.65962702
vt -0.000500000024 0.655444026
vt -0.000500000024 0.659353971
vt -0.00866699964 0.65962702
vt -0.000500000024 0.659353971
vt -0.00866699964 0.663911998
vt -0.00866699964 0.663911998
vt -0.000500000024 0.659353971
vt -0.000500000024 0.663711011
vt -0.00866699964 0.663911998
vt -0.000500000024 0.663711011
vt -0.00866699964 0.668519974
vt -0.00866699964 0.668519974
vt -0.000500000024 0.663711011
vt -0.000500000024 0.668398023
vt -0.00866699964 0.668519974
vt -0.000500000024 0.668398023
vt -0.00866699964 0.673326015
vt -0.00866699964 0.673326015
vt -0.000500000024 0.668398023
vt -0.000500000024 0.673285007
vt -0.00866699964 0.673326015
vt -0.000500000024 0.673285007
vt -0.00866699964 0.67819798
vt -0.00866699964 0.67819798
vt -0.000500000024 0.673285007
vt -0.000500000024 0.678240001
vt -0.00866699964 0.67819798
vt -0.000500000024 0.678240001
vt -0.00866699964 0.683004022
vt -0.00866699964 0.683004022
vt -0.000500000024 0.678240001
vt -0.000500000024 0.683126986
vt -0.00866699964 0.683004022
vt -0.000500000024 0.683126986
vt -0.00866699964 0.687611997
vt -0.00866699964 0.687611997
vt -0.000500000024 0.683126986
vt -0.000500000024 0.687812984
vt -0.00866699964 0.687611997
vt -0.000500000024 0.687812984
vt -0.00866699964 0.691896975
vt -0.00866699964 0.691896975
vt -0.000500000024 0.687812984
vt -0.000500000024 0.692170978
vt -0.00866699964 0.691896975
vt -0.000500000024 0.692170978
vt -0.00866699964 0.695742011
vt -0.00866699964 0.695742011
vt -0.000500000024 0.692170978
vt -0.000500000024 0.696080983
vt -0.152848005 0.00866699964
vt -0.153216004 0.000500000024
vt -0.149263993 0.00866699964
vt -0.149263993 0.00866699964
vt -0.153216004 0.000500000024
vt -0.149571002 0.000500000024
vt -0.149263993 0.00866699964
vt -0.149571002 0.000500000024
vt -0.145184994 0.00866699964
vt -0.145184994 0.00866699964
vt -0.149571002 0.000500000024
vt -0.145422995 0.000500000024
vt -0.145184994 0.00866699964
vt -0.145422995 0.000500000024
vt -0.140723005 0.00866699964
vt -0.140723005 0.00866699964
vt -0.145422995 0.000500000024
vt -0.140884995 0.000500000024
vt -0.140723005 0.00866699964
vt -0.140884995 0.000500000024
vt -0.136000007 0.00866699964
vt -0.136000007 0.00866699964
vt -0.140884995 0.000500000024
vt -0.136081994 0.000500000024
vt -0.136000007 0.00866699964
vt -0.136081994 0.000500000024
vt -0.131144002 0.00866699964
vt -0.131144002 0.00866699964
vt -0.136081994 0.000500000024
vt -0.131144002 0.000500000024
vt 0.131144002 0.000500000024
vt 0.131144002 0.00866699964
vt 0.126206994 0.000500000024
vt 0.126206994 0.000500000024
vt 0.131144002 0.00866699964
vt 0.126288995 0.00866699964
vt 0.126206994 0.000500000024
vt 0.126288995 0.00866699964
vt 0.121404 0.000500000024
vt 0.121404 0.000500000024
vt 0.126288995 0.00866699964
vt 0.121565998 0.00866699964
vt 0.121404 0.000500000024
vt 0.121565998 0.00866699964
vt 0.116866 0.000500000024
vt 0.116866 0.000500000024
vt 0.121565998 0.00866699964
vt 0.117104001 0.00866699964
vt 0.116866 0.000500000024
vt 0.117104001 0.00866699964
vt 0.112718001 0.000500000024
vt 0.112718001 0.000500000024
vt 0.117104001 0.00866699964
vt 0.113025002 0.00866699964
vt 0.112718001 0.000500000024
vt 0.113025002 0.00866699964
vt 0.109072998 0.000500000024
vt 0.109072998 0.000500000024
vt 0.113025002 0.00866699964
vt 0.109440997 0.00866699964
vt 0.000500000024 0.655444026
vt 0.00866699964 0.655781984
vt 0.000500000024 0.659353971
vt 0.000500000024 0.659353971
vt 0.00866699964 0.655781984
vt 0.00866699964 0.65962702
vt 0.000500000024 0.659353971
vt 0.00866699964 0.65962702
vt 0.000500000024 0.663711011
vt 0.000500000024 0.663711011
vt 0.00866699964 0.65962702
vt 0.00866699964 0.663911998
vt 0.000500000024 0.663711011
vt 0.00866699964 0.663911998
vt 0.000500000024 0.668398023
vt 0.000500000024 0.668398023
vt 0.00866699964 0.663911998
vt 0.00866699964 0.668519974
vt 0.000500000024 0.668398023
vt 0.00866699964 0.668519974
vt 0.000500000024 0.673285007
vt 0.000500000024 0.673285007
vt 0.00866699964 0.668519974
vt 0.00866699964 0.673326015
vt 0.000500000024 0.673285007
vt 0.00866699964 0.673326015
vt 0.000500000024 0.678240001
vt 0.000500000024 0.678240001
vt 0.00866699964 0.673326015
vt 0.00866699964 0.67819798
vt 0.000500000024 0.678240001
vt 0.00866699964 0.67819798
vt 0.000500000024 0.683126986
vt 0.000500000024 0.683126986
vt 0.00866699964 0.67819798
vt 0.00866699964 0.683004022
vt 0.000500000024 0.683126986
vt 0.00866699964 0.683004022
vt 0.000500000024 0.687812984
vt 0.000500000024 0.687812984
vt 0.00866699964 0.683004022
vt 0.00866699964 0.687611997
vt 0.000500000024 0.687812984
vt 0.00866699964 0.687611997
vt 0.000500000024 0.692170978
vt 0.000500000024 0.692170978
vt 0.00866699964 0.687611997
vt 0.00866699964 0.691896975
vt 0.000500000024 0.692170978
vt 0.00866699964 0.691896975
vt 0.000500000024 0.696080983
vt 0.000500000024 0.696080983
vt 0.00866699964 0.691896975
vt 0.00866699964 0.695742011
vt -0.109072998 0.000500000024
vt -0.109440997 0.00866699964
vt -0.112718001 0.000500000024
vt -0.112718001 0.000500000024
vt -0.109440997 0.00866699964
vt -0.113025002 0.00866699964
vt -0.112718001 0.000500000024
vt -0.113025002 0.00866699964
vt -0.116866 0.000500000024
vt -0.116866 0.000500000024
vt -0.113025002 0.00866699964
vt -0.117104001 0.00866699964
vt -0.116866 0.000500000024
vt -0.117104001 0.00866699964
vt -0.121404 0.000500000024
vt -0.121404 0.000500000024
vt -0.117104001 0.00866699964
vt -0.121565998 0.00866699964
vt -0.121404 0.000500000024
vt -0.121565998 0.00866699964
vt -0.126206994 0.000500000024
vt -0.126206994 0.000500000024
vt -0.121565998 0.00866699964
vt -0.126288995 0.00866699964
vt -0.126206994 0.000500000024
vt -0.126288995 0.00866699964
vt -0.131144002 0.000500000024
vt -0.131144002 0.000500000024
vt -0.126288995 0.00866699964
vt -0.131144002 0.00866699964
vt 0.131144002 0.64626199
vt 0.136000007 0.646664977
vt 0.131144002 0.657508016
vt -0.0150229996 0.657508016
vt -0.00866699964 0.646664977
vt -0.00866699964 0.646664977
vt 0.131144002 0.657508016
vt 0.136000007 0.646664977
vt 0.135873005 0.658132017
vt 0.135873005 0.658132017
vt 0.136000007 0.646664977
vt 0.140723005 0.647861004
vt 0.135873005 0.658132017
vt 0.140723005 0.647861004
vt 0.140274003 0.659955978
vt 0.140274003 0.659955978
vt 0.140723005 0.647861004
vt 0.145184994 0.649818003
vt -0.0150229996 0.659955978
vt -0.00866699964 0.649818003
vt -0.0150229996 0.659955978
vt 0.140274003 0.659955978
vt 0.145184994 0.649818003
vt 0.149263993 0.652482986
vt 0.140274003 0.659955978
vt 0.149263993 0.652482986
vt 0.144053996 0.662856996
vt 0.144053996 0.662856996
vt 0.149263993 0.652482986
vt 0.152848005 0.655781984
vt -0.0150229996 0.662856996
vt -0.00866699964 0.655781984
vt -0.0150229996 0.662856996
vt 0.144053996 0.662856996
vt 0.152848005 0.655781984
vt 0.155840993 0.65962702
vt 0.144053996 0.662856996
vt 0.155840993 0.65962702
vt 0.146954998 0.666639984
vt 0.146954998 0.666639984
vt 0.155840993 0.65962702
vt 0.158160001 0.663911998
vt 0.146954998 0.666639984
vt 0.158160001 0.663911998
vt 0.148776993 0.671038985
vt 0.148776993 0.671038985
vt 0.158160001 0.663911998
vt 0.159741998 0.668519974
vt -0.0150229996 0.671038985
vt -0.00866699964 0.668519974
vt -0.0150229996 0.671038985
vt 0.148776993 0.671038985
vt 0.159741998 0.668519974
vt 0.160543993 0.673326015
vt 0.148776993 0.671038985
vt 0.160543993 0.673326015
vt 0.149397999 0.675767004
vt 0.149397999 0.675767004
vt 0.160543993 0.673326015
vt 0.160543993 0.67819798
vt 0.149397999 0.675767004
vt 0.160543993 0.67819798
vt 0.148775995 0.680489004
vt 0.148775995 0.680489004
vt 0.160543993 0.67819798
vt 0.159741998 0.683004022
vt -0.0150229996 0.680489004
vt -0.00866699964 0.683004022
vt -0.0150229996 0.680489004
vt 0.148775995 0.680489004
vt 0.159741998 0.683004022
vt 0.158160001 0.687611997
vt 0.148775995 0.680489004
vt 0.158160001 0.687611997
vt 0.146951005 0.684893012
vt 0.146951005 0.684893012
vt 0.158160001 0.687611997
vt 0.155840993 0.691896975
vt 0.146951005 0.684893012
vt 0.155840993 0.691896975
vt 0.144049004 0.688673019
vt 0.144049004 0.688673019
vt 0.155840993 0.691896975
vt 0.152848005 0.695742011
vt -0.0150229996 0.688673019
vt -0.00866699964 0.695742011
vt -0.0150229996 0.688673019
vt 0.144049004 0.688673019
vt 0.152848005 0.695742011
vt 0.149263993 0.699042022
vt 0.144049004 0.688673019
vt 0.149263993 0.699042022
vt 0.140269995 0.691572011
vt 0.140269995 0.691572011
vt 0.149263993 0.699042022
vt 0.145184994 0.701707006
vt -0.0150229996 0.691572011
vt -0.00866699964 0.701707006
vt -0.0150229996 0.691572011
vt 0.140269995 0.691572011
vt 0.145184994 0.701707006
vt 0.140723005 0.703664005
vt 0.140269995 0.691572011
vt 0.140723005 0.703664005
vt 0.135864004 0.693395019
vt 0.135864004 0.693395019
vt 0.140723005 0.703664005
vt 0.136000007 0.704859972
vt 0.135864004 0.693395019
vt 0.136000007 0.704859972
vt 0.131144002 0.69401598
vt 0.131144002 0.69401598
vt 0.136000007 0.704859972
vt 0.131144002 0.705262005
vt 0.131144002 0.64626199
vt 0.131144002 0.657508016
vt 0.126288995 0.646664977
vt 0.126288995 0.646664977
vt 0.131144002 0.657508016
vt 0.126424998 0.658128977
vt 0.126288995 0.646664977
vt 0.126424998 0.658128977
vt 0.121565998 0.647861004
vt 0.121565998 0.647861004
vt 0.126424998 0.658128977
vt 0.122019 0.659952998
vt 0.121565998 0.647861004
vt 0.122019 0.659952998
vt 0.117104001 0.649818003
vt -0.00866699964 0.649818003
vt -0.0150229996 0.659952998
vt -0.0150229996 0.659952998
vt 0.117104001 0.649818003
vt 0.122019 0.659952998
vt 0.113025002 0.652482986
vt 0.113025002 0.652482986
vt 0.122019 0.659952998
vt 0.118239999 0.662851989
vt 0.113025002 0.652482986
vt 0.118239999 0.662851989
vt 0.109440997 0.655781984
vt -0.00866699964 0.655781984
vt -0.0150229996 0.662851989
vt -0.0150229996 0.662851989
vt 0.109440997 0.655781984
vt 0.118239999 0.662851989
vt 0.106448002 0.65962702
vt 0.106448002 0.65962702
vt 0.118239999 0.662851989
vt 0.115337998 0.666631997
vt 0.106448002 0.65962702
vt 0.115337998 0.666631997
vt 0.104129001 0.663911998
vt 0.104129001 0.663911998
vt 0.115337998 0.666631997
vt 0.113513 0.671036005
vt 0.104129001 0.663911998
vt 0.113513 0.671036005
vt 0.102546997 0.668519974
vt -0.00866699964 0.668519974
vt -0.0150229996 0.671036005
vt -0.0150229996 0.671036005
vt 0.102546997 0.668519974
vt 0.113513 0.671036005
vt 0.101745002 0.673326015
vt 0.101745002 0.673326015
vt 0.113513 0.671036005
vt 0.112891003 0.675756991
vt 0.101745002 0.673326015
vt 0.112891003 0.675756991
vt 0.101745002 0.67819798
vt 0.101745002 0.67819798
vt 0.112891003 0.675756991
vt 0.113512002 0.680486023
vt 0.101745002 0.67819798
vt 0.113512002 0.680486023
vt 0.102546997 0.683004022
vt -0.00866699964 0.683004022
vt -0.0150229996 0.680486023
vt -0.0150229996 0.680486023
vt 0.102546997 0.683004022
vt 0.113512002 0.680486023
vt 0.104129001 0.687611997
vt 0.104129001 0.687611997
vt 0.113512002 0.680486023
vt 0.115333997 0.684885025
vt 0.104129001 0.687611997
vt 0.115333997 0.684885025
vt 0.106448002 0.691896975
vt 0.106448002 0.691896975
vt 0.115333997 0.684885025
vt 0.118234999 0.688666999
vt 0.106448002 0.691896975
vt 0.118234999 0.688666999
vt 0.109440997 0.695742011
vt -0.00866699964 0.695742011
vt -0.0150229996 0.688666999
vt -0.0150229996 0.688666999
vt 0.109440997 0.695742011
vt 0.118234999 0.688666999
vt 0.113025002 0.699042022
vt 0.113025002 0.699042022
vt 0.118234999 0.688666999
vt 0.122014999 0.691568971
vt 0.113025002 0.699042022
vt 0.122014999 0.691568971
vt 0.117104001 0.701707006
vt -0.00866699964 0.701707006
vt -0.0150229996 0.691568971
vt -0.0150229996 0.691568971
vt 0.117104001 0.701707006
vt 0.122014999 0.691568971
vt 0.121565998 0.703664005
vt 0.121565998 0.703664005
vt 0.122014999 0.691568971
vt 0.126415998 0.693392992
vt 0.121565998 0.703664005
vt 0.126415998 0.693392992
vt 0.126288995 0.704859972
vt 0.126288995 0.704859972
vt 0.126415998 0.693392992
vt 0.131144002 0.69401598
vt 0.126288995 0.704859972
vt 0.131144002 0.69401598
vt 0.131144002 0.705262005
vt 0.123351 0.680263996
vt 0.122144997 0.675764978
vt 0.126644999 0.683556974
vt -0.0615000017 0.683556974
vt -0.0615000017 0.675764978
vt -0.0615000017 0.675764978
vt 0.126644999 0.683556974
vt 0.122144997 0.675764978
vt 0.131144002 0.684762001
vt 0.131144002 0.684762001
vt 0.122144997 0.675764978
vt 0.123349003 0.671263993
vt 0.131144002 0.684762001
vt 0.123349003 0.671263993
vt 0.135646001 0.683555007
vt 0.135646001 0.683555007
vt 0.123349003 0.671263993
vt 0.126643002 0.667968988
vt 0.135646001 0.683555007
vt 0.126643002 0.667968988
vt 0.138940006 0.680260003
vt 0.138940006 0.680260003
vt 0.126643002 0.667968988
vt 0.131144002 0.666761994
vt 0.138940006 0.680260003
vt 0.131144002 0.666761994
vt 0.140144005 0.675759971
vt 0.140144005 0.675759971
vt 0.131144002 0.666761994
vt 0.135644004 0.667967021
vt 0.140144005 0.675759971
vt 0.135644004 0.667967021
vt 0.138937995 0.671261013
vt -0.131144002 0.0215000007
vt -0.126644999 0.0215000007
vt -0.131144002 0.0615000017
vt -0.0615000017 0.684762001
vt -0.0215000007 0.683556974
vt -0.0215000007 0.683556974
vt -0.131144002 0.0615000017
vt -0.126644999 0.0215000007
vt -0.126644999 0.0615000017
vt -0.126644999 0.0615000017
vt -0.126644999 0.0215000007
vt -0.123351 0.0215000007
vt -0.126644999 0.0615000017
vt -0.123351 0.0215000007
vt -0.123351 0.0615000017
vt 0.0615000017 0.680263996
vt 0.0215000007 0.680263996
vt 0.0215000007 0.675764978
vt 0.0615000017 0.680263996
vt 0.0215000007 0.675764978
vt 0.0615000017 0.675764978
vt 0.0615000017 0.675764978
vt 0.0215000007 0.675764978
vt 0.0215000007 0.671263993
vt 0.0615000017 0.675764978
vt 0.0215000007 0.671263993
vt 0.0615000017 0.671263993
vt 0.0615000017 0.671263993
vt 0.0215000007 0.671263993
vt 0.0215000007 0.667968988
vt 0.0615000017 0.671263993
vt 0.0215000007 0.667968988
vt 0.0615000017 0.667968988
vt 0.126643002 0.0615000017
vt 0.126643002 0.0215000007
vt 0.131144002 0.0215000007
vt 0.126643002 0.0615000017
vt 0.131144002 0.0215000007
vt 0.131144002 0.0615000017
vt -0.131144002 0.0615000017
vt -0.135646001 0.0615000017
vt -0.131144002 0.0215000007
vt -0.0215000007 0.684762001
vt -0.0615000017 0.683555007
vt -0.0615000017 0.683555007
vt -0.131144002 0.0215000007
vt -0.135646001 0.0615000017
vt -0.135646001 0.0215000007
vt -0.0215000007 0.683555007
vt -0.0615000017 0.683555007
vt -0.0615000017 0.680260003
vt -0.0215000007 0.683555007
vt -0.0615000017 0.680260003
vt -0.0215000007 0.680260003
vt -0.0215000007 0.680260003
vt -0.0615000017 0.680260003
vt -0.0615000017 0.675759971
vt -0.0215000007 0.680260003
vt -0.0615000017 0.675759971
vt -0.0215000007 0.675759971
vt -0.0215000007 0.675759971
vt -0.0615000017 0.675759971
vt -0.0615000017 0.671261013
vt -0.0215000007 0.675759971
vt -0.0615000017 0.671261013
vt -0.0215000007 0.671261013
vt 0.138937995 0.0215000007
vt 0.138937995 0.0615000017
vt 0.135644004 0.0615000017
vt 0.138937995 0.0215000007
vt 0.135644004 0.0615000017
vt 0.135644004 0.0215000007
vt 0.135644004 0.0215000007
vt 0.135644004 0.0615000017
vt 0.131144002 0.0615000017
vt 0.135644004 0.0215000007
vt 0.131144002 0.0615000017
vt 0.131144002 0.0215000007
vt 0.131144002 0.0176669993
vt 0.135647997 0.0176669993
vt 0.131144002 0.0215000007
vt -0.0215000007 0.659762025
vt -0.0176669993 0.660409987
vt -0.0176669993 0.660409987
vt 0.131144002 0.0215000007
vt 0.135647997 0.0176669993
vt 0.135655001 0.0215000007
vt 0.135655001 0.0215000007
vt 0.135647997 0.0176669993
vt 0.139790997 0.0176669993
vt 0.135655001 0.0215000007
vt 0.139790997 0.0176669993
vt 0.139798 0.0215000007
vt 0.139798 0.0215000007
vt 0.139790997 0.0176669993
vt 0.143234998 0.0176669993
vt 0.139798 0.0215000007
vt 0.143234998 0.0176669993
vt 0.143237993 0.0215000007
vt -0.0215000007 0.665287018
vt -0.0176669993 0.665283024
vt -0.0176669993 0.669113994
vt -0.0215000007 0.665287018
vt -0.0176669993 0.669113994
vt -0.0215000007 0.669116974
vt -0.0215000007 0.669116974
vt -0.0176669993 0.669113994
vt -0.0176669993 0.673480988
vt -0.0215000007 0.669116974
vt -0.0176669993 0.673480988
vt -0.0215000007 0.673488975
vt -0.0215000007 0.673488975
vt -0.0176669993 0.673480988
vt -0.0176669993 0.678035021
vt -0.0215000007 0.673488975
vt -0.0176669993 0.678035021
vt -0.0215000007 0.678044021
vt -0.0215000007 0.678044021
vt -0.0176669993 0.678035021
vt -0.0176669993 0.682407975
vt -0.0215000007 0.678044021
vt -0.0176669993 0.682407975
vt -0.0215000007 0.682410002
vt -0.0215000007 0.682410002
vt -0.0176669993 0.682407975
vt -0.0176669993 0.686236978
vt -0.0215000007 0.682410002
vt -0.0176669993 0.686236978
vt -0.0215000007 0.686241984
vt -0.143234998 0.0215000007
vt -0.143237993 0.0176669993
vt -0.139798 0.0176669993
vt -0.143234998 0.0215000007
vt -0.139798 0.0176669993
vt -0.139790997 0.0215000007
vt -0.139790997 0.0215000007
vt -0.139798 0.0176669993
vt -0.135655001 0.0176669993
vt -0.139790997 0.0215000007
vt -0.135655001 0.0176669993
vt -0.135647997 0.0215000007
vt -0.135647997 0.0215000007
vt -0.135655001 0.0176669993
vt -0.131144002 0.0176669993
vt -0.135647997 0.0215000007
vt -0.131144002 0.0176669993
vt -0.131144002 0.0215000007
vt 0.131144002 0.0215000007
vt 0.126641005 0.0215000007
vt 0.131144002 0.0176669993
vt -0.0176669993 0.659762025
vt -0.0215000007 0.660409987
vt -0.0215000007 0.660409987
vt 0.131144002 0.0176669993
vt 0.126641005 0.0215000007
vt 0.126634002 0.0176669993
vt 0.126634002 0.0176669993
vt 0.126641005 0.0215000007
vt 0.122497998 0.0215000007
vt 0.126634002 0.0176669993
vt 0.122497998 0.0215000007
vt 0.122491002 0.0176669993
vt 0.122491002 0.0176669993
vt 0.122497998 0.0215000007
vt 0.119053997 0.0215000007
vt 0.122491002 0.0176669993
vt 0.119053997 0.0215000007
vt 0.119051002 0.0176669993
vt 0.0176669993 0.665287018
vt 0.0215000007 0.665283024
vt 0.0215000007 0.669113994
vt 0.0176669993 0.665287018
vt 0.0215000007 0.669113994
vt 0.0176669993 0.669116974
vt 0.0176669993 0.669116974
vt 0.0215000007 0.669113994
vt 0.0215000007 0.673480988
vt 0.0176669993 0.669116974
vt 0.0215000007 0.673480988
vt 0.0176669993 0.673488975
vt 0.0176669993 0.673488975
vt 0.0215000007 0.673480988
vt 0.0215000007 0.678035021
vt 0.0176669993 0.673488975
vt 0.0215000007 0.678035021
vt 0.0176669993 0.678044021
vt 0.0176669993 0.678044021
vt 0.0215000007 0.678035021
vt 0.0215000007 0.682407975
vt 0.0176669993 0.678044021
vt 0.0215000007 0.682407975
vt 0.0176669993 0.682410002
vt 0.0176669993 0.682410002
vt 0.0215000007 0.682407975
vt 0.0215000007 0.686236978
vt 0.0176669993 0.682410002
vt 0.0215000007 0.686236978
vt 0.0176669993 0.686241984
vt -0.119053997 0.0176669993
vt -0.119051002 0.0215000007
vt -0.122491002 0.0215000007
vt -0.119053997 0.0176669993
vt -0.122491002 0.0215000007
vt -0.122497998 0.0176669993
vt -0.122497998 0.0176669993
vt -0.122491002 0.0215000007
vt -0.126634002 0.0215000007
vt -0.122497998 0.0176669993
vt -0.126634002 0.0215000007
vt -0.126641005 0.0176669993
vt -0.126641005 0.0176669993
vt -0.126634002 0.0215000007
vt -0.131144002 0.0215000007
vt -0.126641005 0.0176669993
vt -0.131144002 0.0215000007
vt -0.131144002 0.0176669993
vt -0.131144002 0.0171670001
vt -0.126499996 0.0171670001
vt -0.131144002 0.0176669993
vt -0.0176669993 0.691761971
vt -0.0171670001 0.691595018
vt -0.0171670001 0.691595018
vt 0.131144002 0.691761971
vt 0.126499996 0.691595018
vt 0.126641005 0.691115022
vt 0.126641005 0.691115022
vt 0.126499996 0.691595018
vt 0.122227997 0.689644992
vt 0.126641005 0.691115022
vt 0.122227997 0.689644992
vt 0.122497998 0.689224005
vt 0.122497998 0.689224005
vt 0.122227997 0.689644992
vt 0.118675999 0.686568975
vt 0.122497998 0.689224005
vt 0.118675999 0.686568975
vt 0.119053997 0.686241984
vt 0.119053997 0.686241984
vt 0.118675999 0.686568975
vt 0.116136998 0.682618022
vt 0.119053997 0.686241984
vt 0.116136998 0.682618022
vt 0.116590999 0.682410002
vt 0.116590999 0.682410002
vt 0.116136998 0.682618022
vt 0.114813 0.67811501
vt 0.116590999 0.682410002
vt 0.114813 0.67811501
vt 0.115308002 0.678044021
vt 0.0176669993 0.678044021
vt 0.0171670001 0.67811501
vt 0.0171670001 0.673417985
vt 0.0176669993 0.678044021
vt 0.0171670001 0.673417985
vt 0.0176669993 0.673488975
vt 0.115307003 0.673488975
vt 0.114812002 0.673417985
vt 0.116135001 0.668909013
vt 0.115307003 0.673488975
vt 0.116135001 0.668909013
vt 0.116590001 0.669116974
vt 0.116590001 0.669116974
vt 0.116135001 0.668909013
vt 0.118672997 0.664960027
vt 0.116590001 0.669116974
vt 0.118672997 0.664960027
vt 0.119051002 0.665287018
vt 0.119051002 0.665287018
vt 0.118672997 0.664960027
vt 0.122220002 0.66188401
vt 0.119051002 0.665287018
vt 0.122220002 0.66188401
vt 0.122491002 0.662304997
vt 0.122491002 0.662304997
vt 0.122220002 0.66188401
vt 0.126493007 0.659932017
vt 0.122491002 0.662304997
vt 0.126493007 0.659932017
vt 0.126634002 0.660411
vt 0.126634002 0.660411
vt 0.126493007 0.659932017
vt 0.131144002 0.659262002
vt 0.126634002 0.660411
vt 0.131144002 0.659262002
vt 0.131144002 0.659762025
vt -0.131144002 0.0176669993
vt -0.135655001 0.0176669993
vt -0.131144002 0.0171670001
vt -0.0171670001 0.692261994
vt -0.0176669993 0.691112995
vt -0.0176669993 0.691112995
vt -0.131144002 0.0171670001
vt -0.135655001 0.0176669993
vt -0.135795996 0.0171670001
vt 0.135795996 0.691592991
vt 0.135655001 0.691112995
vt 0.139798 0.689220011
vt 0.135795996 0.691592991
vt 0.139798 0.689220011
vt 0.140068993 0.689639986
vt 0.140068993 0.689639986
vt 0.139798 0.689220011
vt 0.143237993 0.686236978
vt 0.140068993 0.689639986
vt 0.143237993 0.686236978
vt 0.143616006 0.686564982
vt 0.143616006 0.686564982
vt 0.143237993 0.686236978
vt 0.145698994 0.682407975
vt 0.143616006 0.686564982
vt 0.145698994 0.682407975
vt 0.146154001 0.682615995
vt 0.146154001 0.682615995
vt 0.145698994 0.682407975
vt 0.146981999 0.678035021
vt 0.146154001 0.682615995
vt 0.146981999 0.678035021
vt 0.147477001 0.67810601
vt -0.0171670001 0.67810601
vt -0.0176669993 0.678035021
vt -0.0176669993 0.673480988
vt -0.0171670001 0.67810601
vt -0.0176669993 0.673480988
vt -0.0171670001 0.673408985
vt 0.147476003 0.673408985
vt 0.146981001 0.673480988
vt 0.145697996 0.669113994
vt 0.147476003 0.673408985
vt 0.145697996 0.669113994
vt 0.146152005 0.668905973
vt 0.146152005 0.668905973
vt 0.145697996 0.669113994
vt 0.143234998 0.665283024
vt 0.146152005 0.668905973
vt 0.143234998 0.665283024
vt 0.143612996 0.66495502
vt 0.143612996 0.66495502
vt 0.143234998 0.665283024
vt 0.139790997 0.662299991
vt 0.143612996 0.66495502
vt 0.139790997 0.662299991
vt 0.140061006 0.661879003
vt 0.140061006 0.661879003
vt 0.139790997 0.662299991
vt 0.135647997 0.660409987
vt 0.140061006 0.661879003
vt 0.135647997 0.660409987
vt 0.135789007 0.659929991
vt 0.135789007 0.659929991
vt 0.135647997 0.660409987
vt 0.131144002 0.659762025
vt 0.135789007 0.659929991
vt 0.131144002 0.659762025
vt 0.131144002 0.659262002
vt 0.131144002 0.0150229996
vt 0.135873005 0.0150229996
vt 0.131144002 0.0154579999
vt -0.0154579999 0.657761991
vt -0.0150229996 0.658132017
vt -0.0150229996 0.658132017
vt 0.131144002 0.0154579999
vt 0.135873005 0.0150229996
vt 0.135798007 0.0154579999
vt 0.135798007 0.0154579999
vt 0.135873005 0.0150229996
vt 0.140274003 0.0150229996
vt 0.135798007 0.0154579999
vt 0.140274003 0.0150229996
vt 0.140143007 0.0154579999
vt 0.140143007 0.0154579999
vt 0.140274003 0.0150229996
vt 0.144053996 0.0150229996
vt 0.140143007 0.0154579999
vt 0.144053996 0.0150229996
vt 0.143868998 0.0154579999
vt -0.0154579999 0.663030982
vt -0.0150229996 0.662856996
vt -0.0150229996 0.666639984
vt -0.0154579999 0.663030982
vt -0.0150229996 0.666639984
vt -0.0154579999 0.666759014
vt -0.0154579999 0.666759014
vt -0.0150229996 0.666639984
vt -0.0150229996 0.671038985
vt -0.0154579999 0.666759014
vt -0.0150229996 0.671038985
vt -0.0154579999 0.671101987
vt -0.0154579999 0.671101987
vt -0.0150229996 0.671038985
vt -0.0150229996 0.675767004
vt -0.0154579999 0.671101987
vt -0.0150229996 0.675767004
vt -0.0154579999 0.675756991
vt -0.0154579999 0.675756991
vt -0.0150229996 0.675767004
vt -0.0150229996 0.680489004
vt -0.0154579999 0.675756991
vt -0.0150229996 0.680489004
vt -0.0154579999 0.680419981
vt -0.0154579999 0.680419981
vt -0.0150229996 0.680489004
vt -0.0150229996 0.684893012
vt -0.0154579999 0.680419981
vt -0.0150229996 0.684893012
vt -0.0154579999 0.684758008
vt -0.0154579999 0.684758008
vt -0.0150229996 0.684893012
vt -0.0150229996 0.688673019
vt -0.0154579999 0.684758008
vt -0.0150229996 0.688673019
vt -0.0154579999 0.688488007
vt -0.143875003 0.0154579999
vt -0.144049004 0.0150229996
vt -0.140269995 0.0150229996
vt -0.143875003 0.0154579999
vt -0.140269995 0.0150229996
vt -0.140147001 0.0154579999
vt -0.140147001 0.0154579999
vt -0.140269995 0.0150229996
vt -0.135864004 0.0150229996
vt -0.140147001 0.0154579999
vt -0.135864004 0.0150229996
vt -0.135808006 0.0154579999
vt -0.135808006 0.0154579999
vt -0.135864004 0.0150229996
vt -0.131144002 0.0150229996
vt -0.135808006 0.0154579999
vt -0.131144002 0.0150229996
vt -0.131144002 0.0154579999
vt 0.131144002 0.0154579999
vt 0.126480997 0.0154579999
vt 0.131144002 0.0150229996
vt -0.0150229996 0.657508016
vt -0.0154579999 0.658376992
vt -0.0154579999 0.658376992
vt 0.131144002 0.0150229996
vt 0.126480997 0.0154579999
vt 0.126424998 0.0150229996
vt 0.126424998 0.0150229996
vt 0.126480997 0.0154579999
vt 0.122142002 0.0154579999
vt 0.126424998 0.0150229996
vt 0.122142002 0.0154579999
vt 0.122019 0.0150229996
vt 0.122019 0.0150229996
vt 0.122142002 0.0154579999
vt 0.118414 0.0154579999
vt 0.122019 0.0150229996
vt 0.118414 0.0154579999
vt 0.118239999 0.0150229996
vt 0.0150229996 0.662851989
vt 0.0154579999 0.663037002
vt 0.0154579999 0.666767001
vt 0.0150229996 0.662851989
vt 0.0154579999 0.666767001
vt 0.0150229996 0.666631997
vt 0.0150229996 0.666631997
vt 0.0154579999 0.666767001
vt 0.0154579999 0.671105027
vt 0.0150229996 0.666631997
vt 0.0154579999 0.671105027
vt 0.0150229996 0.671036005
vt 0.0150229996 0.671036005
vt 0.0154579999 0.671105027
vt 0.0154579999 0.675767004
vt 0.0150229996 0.671036005
vt 0.0154579999 0.675767004
vt 0.0150229996 0.675756991
vt 0.0150229996 0.675756991
vt 0.0154579999 0.675767004
vt 0.0154579999 0.680423021
vt 0.0150229996 0.675756991
vt 0.0154579999 0.680423021
vt 0.0150229996 0.680486023
vt 0.0150229996 0.680486023
vt 0.0154579999 0.680423021
vt 0.0154579999 0.684765995
vt 0.0150229996 0.680486023
vt 0.0154579999 0.684765995
vt 0.0150229996 0.684885025
vt 0.0150229996 0.684885025
vt 0.0154579999 0.684765995
vt 0.0154579999 0.688493013
vt 0.0150229996 0.684885025
vt 0.0154579999 0.688493013
vt 0.0150229996 0.688666999
vt -0.118234999 0.0150229996
vt -0.118419997 0.0154579999
vt -0.122146003 0.0154579999
vt -0.118234999 0.0150229996
vt -0.122146003 0.0154579999
vt -0.122014999 0.0150229996
vt -0.122014999 0.0150229996
vt -0.122146003 0.0154579999
vt -0.126490995 0.0154579999
vt -0.122014999 0.0150229996
vt -0.126490995 0.0154579999
vt -0.126415998 0.0150229996
vt -0.126415998 0.0150229996
vt -0.126490995 0.0154579999
vt -0.131144002 0.0154579999
vt -0.126415998 0.0150229996
vt -0.131144002 0.0154579999
vt -0.131144002 0.0150229996
vt 0.131144002 0.0154579999
vt 0.135798007 0.0154579999
vt 0.131144002 0.0171670001
vt -0.0171670001 0.657962024
vt -0.0154579999 0.658375025
vt -0.0154579999 0.658375025
vt 0.131144002 0.0171670001
vt 0.135798007 0.0154579999
vt 0.135808006 0.0169670004
vt 0.135808006 0.0169670004
vt 0.135798007 0.0154579999
vt 0.140143007 0.0154579999
vt 0.135808006 0.0169670004
vt 0.140143007 0.0154579999
vt 0.140147001 0.0169670004
vt 0.140147001 0.0169670004
vt 0.140143007 0.0154579999
vt 0.143868998 0.0154579999
vt 0.140147001 0.0169670004
vt 0.143868998 0.0154579999
vt 0.143875003 0.0169670004
vt -0.0169670004 0.663037002
vt -0.0154579999 0.663030982
vt -0.0154579999 0.666759014
vt -0.0169670004 0.663037002
vt -0.0154579999 0.666759014
vt -0.0169670004 0.666767001
vt -0.0169670004 0.666767001
vt -0.0154579999 0.666759014
vt -0.0154579999 0.671101987
vt -0.0169670004 0.666767001
vt -0.0154579999 0.671101987
vt -0.0169670004 0.671105027
vt -0.0169670004 0.671105027
vt -0.0154579999 0.671101987
vt -0.0154579999 0.675756991
vt -0.0169670004 0.671105027
vt -0.0154579999 0.675756991
vt -0.0169670004 0.675767004
vt -0.0169670004 0.675767004
vt -0.0154579999 0.675756991
vt -0.0154579999 0.680419981
vt -0.0169670004 0.675767004
vt -0.0154579999 0.680419981
vt -0.0169670004 0.680423021
vt -0.0169670004 0.680423021
vt -0.0154579999 0.680419981
vt -0.0154579999 0.684758008
vt -0.0169670004 0.680423021
vt -0.0154579999 0.684758008
vt -0.0169670004 0.684765995
vt -0.0169670004 0.684765995
vt -0.0154579999 0.684758008
vt -0.0154579999 0.688488007
vt -0.0169670004 0.684765995
vt -0.0154579999 0.688488007
vt -0.0169670004 0.688493013
vt -0.143868998 0.0169670004
vt -0.143875003 0.0154579999
vt -0.140147001 0.0154579999
vt -0.143868998 0.0169670004
vt -0.140147001 0.0154579999
vt -0.140143007 0.0169670004
vt -0.140143007 0.0169670004
vt -0.140147001 0.0154579999
vt -0.135808006 0.0154579999
vt -0.140143007 0.0169670004
vt -0.135808006 0.0154579999
vt -0.135798007 0.0169670004
vt -0.135798007 0.0169670004
vt -0.135808006 0.0154579999
vt -0.131144002 0.0154579999
vt -0.135798007 0.0169670004
vt -0.131144002 0.0154579999
vt -0.131144002 0.0171670001
vt 0.131144002 0.0171670001
vt 0.126490995 0.0169670004
vt 0.131144002 0.0154579999
vt -0.0154579999 0.657761991
vt -0.0169670004 0.658375025
vt -0.0169670004 0.658375025
vt 0.131144002 0.0154579999
vt 0.126490995 0.0169670004
vt 0.126480997 0.0154579999
vt 0.126480997 0.0154579999
vt 0.126490995 0.0169670004
vt 0.122146003 0.0169670004
vt 0.126480997 0.0154579999
vt 0.122146003 0.0169670004
vt 0.122142002 0.0154579999
vt 0.122142002 0.0154579999
vt 0.122146003 0.0169670004
vt 0.118419997 0.0169670004
vt 0.122142002 0.0154579999
vt 0.118419997 0.0169670004
vt 0.118414 0.0154579999
vt 0.0154579999 0.663037002
vt 0.0169670004 0.663030982
vt 0.0169670004 0.666759014
vt 0.0154579999 0.663037002
vt 0.0169670004 0.666759014
vt 0.0154579999 0.666767001
vt 0.0154579999 0.666767001
vt 0.0169670004 0.666759014
vt 0.0169670004 0.671101987
vt 0.0154579999 0.666767001
vt 0.0169670004 0.671101987
vt 0.0154579999 0.671105027
vt 0.0154579999 0.671105027
vt 0.0169670004 0.671101987
vt 0.0169670004 0.675756991
vt 0.0154579999 0.671105027
vt 0.0169670004 0.675756991
vt 0.0154579999 0.675767004
vt 0.0154579999 0.675767004
vt 0.0169670004 0.675756991
vt 0.0169670004 0.680419981
vt 0.0154579999 0.675767004
vt 0.0169670004 0.680419981
vt 0.0154579999 0.680423021
vt 0.0154579999 0.680423021
vt 0.0169670004 0.680419981
vt 0.0169670004 0.684758008
vt 0.0154579999 0.680423021
vt 0.0169670004 0.684758008
vt 0.0154579999 0.684765995
vt 0.0154579999 0.684765995
vt 0.0169670004 0.684758008
vt 0.0169670004 0.688488007
vt 0.0154579999 0.684765995
vt 0.0169670004 0.688488007
vt 0.0154579999 0.688493013
vt -0.118419997 0.0154579999
vt -0.118414 0.0169670004
vt -0.122142002 0.0169670004
vt -0.118419997 0.0154579999
vt -0.122142002 0.0169670004
vt -0.122146003 0.0154579999
vt -0.122146003 0.0154579999
vt -0.122142002 0.0169670004
vt -0.126480997 0.0169670004
vt -0.122146003 0.0154579999
vt -0.126480997 0.0169670004
vt -0.126490995 0.0154579999
vt -0.126490995 0.0154579999
vt -0.126480997 0.0169670004
vt -0.131144002 0.0171670001
vt -0.126490995 0.0154579999
vt -0.131144002 0.0171670001
vt -0.131144002 0.0154579999
vt -0.149960995 -0.639542997
vt -0.146969005 -0.643387973
vt -0.152280003 -0.635258019
vt -0.152280003 -0.635258019
vt -0.146969005 -0.643387973
vt -0.143383995 -0.646687984
vt -0.152280003 -0.635258019
vt -0.143383995 -0.646687984
vt -0.153862 -0.630649984
vt -0.153862 -0.630649984
vt -0.143383995 -0.646687984
vt -0.139304996 -0.649353027
vt -0.153862 -0.630649984
vt -0.139304996 -0.649353027
vt -0.154663995 -0.625845015
vt -0.154663995 -0.625845015
vt -0.139304996 -0.649353027
vt -0.134844005 -0.651310027
vt -0.154663995 -0.625845015
vt -0.134844005 -0.651310027
vt -0.154663995 -0.620971978
vt -0.154663995 -0.620971978
vt -0.134844005 -0.651310027
vt -0.130120993 -0.652505994
vt -0.154663995 -0.620971978
vt -0.130120993 -0.652505994
vt -0.153862 -0.616167009
vt -0.153862 -0.616167009
vt -0.130120993 -0.652505994
vt -0.125265002 -0.652908027
vt -0.153862 -0.616167009
vt -0.125265002 -0.652908027
vt -0.152280003 -0.61155802
vt -0.152280003 -0.61155802
vt -0.125265002 -0.652908027
vt -0.120408997 -0.652505994
vt -0.152280003 -0.61155802
vt -0.120408997 -0.652505994
vt -0.149960995 -0.607273996
vt -0.149960995 -0.607273996
vt -0.120408997 -0.652505994
vt -0.115685999 -0.651310027
vt -0.149960995 -0.607273996
vt -0.115685999 -0.651310027
vt -0.146969005 -0.603429019
vt -0.146969005 -0.603429019
vt -0.115685999 -0.651310027
vt -0.111225002 -0.649353027
vt -0.146969005 -0.603429019
vt -0.111225002 -0.649353027
vt -0.143383995 -0.600129008
vt -0.143383995 -0.600129008
vt -0.111225002 -0.649353027
vt -0.107146002 -0.646687984
vt -0.143383995 -0.600129008
vt -0.107146002 -0.646687984
vt -0.139304996 -0.597464025
vt -0.139304996 -0.597464025
vt -0.107146002 -0.646687984
vt -0.103560999 -0.643387973
vt -0.139304996 -0.597464025
vt -0.103560999 -0.643387973
vt -0.134844005 -0.595507026
vt -0.134844005 -0.595507026
vt -0.103560999 -0.643387973
vt -0.100569002 -0.639542997
vt -0.134844005 -0.595507026
vt -0.100569002 -0.639542997
vt -0.130120993 -0.594310999
vt -0.130120993 -0.594310999
vt -0.100569002 -0.639542997
vt -0.0982500017 -0.635258019
vt -0.130120993 -0.594310999
vt -0.0982500017 -0.635258019
vt -0.125265002 -0.593908012
vt -0.125265002 -0.593908012
vt -0.0982500017 -0.635258019
vt -0.0966679975 -0.630649984
vt -0.125265002 -0.593908012
vt -0.0966679975 -0.630649984
vt -0.120408997 -0.594310999
vt -0.120408997 -0.594310999
vt -0.0966679975 -0.630649984
vt -0.0958660021 -0.625845015
vt -0.120408997 -0.594310999
vt -0.0958660021 -0.625845015
vt -0.115685999 -0.595507026
vt -0.115685999 -0.595507026
vt -0.0958660021 -0.625845015
vt -0.0958660021 -0.620971978
vt -0.115685999 -0.595507026
vt -0.0958660021 -0.620971978
vt -0.111225002 -0.597464025
vt -0.111225002 -0.597464025
vt -0.0958660021 -0.620971978
vt -0.0966679975 -0.616167009
vt -0.111225002 -0.597464025
vt -0.0966679975 -0.616167009
vt -0.107146002 -0.600129008
vt -0.107146002 -0.600129008
vt -0.0966679975 -0.616167009
vt -0.0982500017 -0.61155802
vt -0.107146002 -0.600129008
vt -0.0982500017 -0.61155802
vt -0.103560999 -0.603429019
vt -0.103560999 -0.603429019
vt -0.0982500017 -0.61155802
vt -0.100569002 -0.607273996
vt -0.125265002 -0.653407991
vt -0.125265002 -0.652908027
vt -0.130202994 -0.652998984
vt -0.130202994 -0.652998984
vt -0.125265002 -0.652908027
vt -0.130120993 -0.652505994
vt -0.130202994 -0.652998984
vt -0.130120993 -0.652505994
vt -0.135005996 -0.65178299
vt -0.135005996 -0.65178299
vt -0.130120993 -0.652505994
vt -0.134844005 -0.651310027
vt -0.135005996 -0.65178299
vt -0.134844005 -0.651310027
vt -0.139542997 -0.649793029
vt -0.139542997 -0.649793029
vt -0.134844005 -0.651310027
vt -0.139304996 -0.649353027
vt -0.139542997 -0.649793029
vt -0.139304996 -0.649353027
vt -0.143691003 -0.647082984
vt -0.143691003 -0.647082984
vt -0.139304996 -0.649353027
vt -0.143383995 -0.646687984
vt -0.143691003 -0.647082984
vt -0.143383995 -0.646687984
vt -0.147337005 -0.643727005
vt -0.147337005 -0.643727005
vt -0.143383995 -0.646687984
vt -0.146969005 -0.643387973
vt -0.147337005 -0.643727005
vt -0.146969005 -0.643387973
vt -0.15038 -0.639816999
vt -0.15038 -0.639816999
vt -0.146969005 -0.643387973
vt -0.149960995 -0.639542997
vt -0.15038 -0.639816999
vt -0.149960995 -0.639542997
vt -0.152738005 -0.635459006
vt -0.152738005 -0.635459006
vt -0.149960995 -0.639542997
vt -0.152280003 -0.635258019
vt -0.152738005 -0.635459006
vt -0.152280003 -0.635258019
vt -0.154347003 -0.630773008
vt -0.154347003 -0.630773008
vt -0.152280003 -0.635258019
vt -0.153862 -0.630649984
vt -0.154347003 -0.630773008
vt -0.153862 -0.630649984
vt -0.155163005 -0.625886023
vt -0.155163005 -0.625886023
vt -0.153862 -0.630649984
vt -0.154663995 -0.625845015
vt -0.000500000024 -0.625886023
vt 0 -0.625845015
vt -0.000500000024 -0.620931029
vt -0.000500000024 -0.620931029
vt 0 -0.625845015
vt 0 -0.620971978
vt -0.155163005 -0.620931029
vt -0.154663995 -0.620971978
vt -0.154347003 -0.616043985
vt -0.154347003 -0.616043985
vt -0.154663995 -0.620971978
vt -0.153862 -0.616167009
vt -0.154347003 -0.616043985
vt -0.153862 -0.616167009
vt -0.152738005 -0.611357987
vt -0.152738005 -0.611357987
vt -0.153862 -0.616167009
vt -0.152280003 -0.61155802
vt -0.152738005 -0.611357987
vt -0.152280003 -0.61155802
vt -0.15038 -0.606999993
vt -0.15038 -0.606999993
vt -0.152280003 -0.61155802
vt -0.149960995 -0.607273996
vt -0.15038 -0.606999993
vt -0.149960995 -0.607273996
vt -0.147337005 -0.603089988
vt -0.147337005 -0.603089988
vt -0.149960995 -0.607273996
vt -0.146969005 -0.603429019
vt -0.147337005 -0.603089988
vt -0.146969005 -0.603429019
vt -0.143691003 -0.599734008
vt -0.143691003 -0.599734008
vt -0.146969005 -0.603429019
vt -0.143383995 -0.600129008
vt -0.143691003 -0.599734008
vt -0.143383995 -0.600129008
vt -0.139542997 -0.597024024
vt -0.139542997 -0.597024024
vt -0.143383995 -0.600129008
vt -0.139304996 -0.597464025
vt -0.139542997 -0.597024024
vt -0.139304996 -0.597464025
vt -0.135005996 -0.595034003
vt -0.135005996 -0.595034003
vt -0.139304996 -0.597464025
vt -0.134844005 -0.595507026
vt -0.135005996 -0.595034003
vt -0.134844005 -0.595507026
vt -0.130202994 -0.593818009
vt -0.130202994 -0.593818009
vt -0.134844005 -0.595507026
vt -0.130120993 -0.594310999
vt -0.130202994 0.000500000024
vt -0.130120993 0
vt -0.125265002 0.000500000024
vt -0.125265002 -0.593407989
vt -0.130120993 -0.594310999
vt -0.125265002 -0.593908012
vt -0.125265002 -0.652908027
vt -0.125265002 -0.653407991
vt -0.120408997 -0.652505994
vt -0.120408997 -0.652505994
vt -0.125265002 -0.653407991
vt -0.120327003 -0.652998984
vt -0.120408997 -0.652505994
vt -0.120327003 -0.652998984
vt -0.115685999 -0.651310027
vt -0.115685999 -0.651310027
vt -0.120327003 -0.652998984
vt -0.115524001 -0.65178299
vt -0.115685999 -0.651310027
vt -0.115524001 -0.65178299
vt -0.111225002 -0.649353027
vt -0.111225002 -0.649353027
vt -0.115524001 -0.65178299
vt -0.110987 -0.649793029
vt -0.111225002 -0.649353027
vt -0.110987 -0.649793029
vt -0.107146002 -0.646687984
vt -0.107146002 -0.646687984
vt -0.110987 -0.649793029
vt -0.106839001 -0.647082984
vt -0.107146002 -0.646687984
vt -0.106839001 -0.647082984
vt -0.103560999 -0.643387973
vt -0.103560999 -0.643387973
vt -0.106839001 -0.647082984
vt -0.103193 -0.643727005
vt -0.103560999 -0.643387973
vt -0.103193 -0.643727005
vt -0.100569002 -0.639542997
vt -0.100569002 -0.639542997
vt -0.103193 -0.643727005
vt -0.100149997 -0.639816999
vt -0.100569002 -0.639542997
vt -0.100149997 -0.639816999
vt -0.0982500017 -0.635258019
vt -0.0982500017 -0.635258019
vt -0.100149997 -0.639816999
vt -0.0977919996 -0.635459006
vt -0.0982500017 -0.635258019
vt -0.0977919996 -0.635459006
vt -0.0966679975 -0.630649984
vt -0.0966679975 -0.630649984
vt -0.0977919996 -0.635459006
vt -0.096183002 -0.630773008
vt -0.0966679975 -0.630649984
vt -0.096183002 -0.630773008
vt -0.0958660021 -0.625845015
vt -0.0958660021 -0.625845015
vt -0.096183002 -0.630773008
vt -0.0953669995 -0.625886023
vt 0 -0.625845015
vt 0.000500000024 -0.625886023
vt 0 -0.620971978
vt 0 -0.620971978
vt 0.000500000024 -0.625886023
vt 0.000500000024 -0.620931029
vt -0.0958660021 -0.620971978
vt -0.0953669995 -0.620931029
vt -0.0966679975 -0.616167009
vt -0.0966679975 -0.616167009
vt -0.0953669995 -0.620931029
vt -0.096183002 -0.616043985
vt -0.0966679975 -0.616167009
vt -0.096183002 -0.616043985
vt -0.0982500017 -0.61155802
vt -0.0982500017 -0.61155802
vt -0.096183002 -0.616043985
vt -0.0977919996 -0.611357987
vt -0.0982500017 -0.61155802
vt -0.0977919996 -0.611357987
vt -0.100569002 -0.607273996
vt -0.100569002 -0.607273996
vt -0.0977919996 -0.611357987
vt -0.100149997 -0.606999993
vt -0.100569002 -0.607273996
vt -0.100149997 -0.606999993
vt -0.103560999 -0.603429019
vt -0.103560999 -0.603429019
vt -0.100149997 -0.606999993
vt -0.103193 -0.603089988
vt -0.103560999 -0.603429019
vt -0.103193 -0.603089988
vt -0.107146002 -0.600129008
vt -0.107146002 -0.600129008
vt -0.103193 -0.603089988
vt -0.106839001 -0.599734008
vt -0.107146002 -0.600129008
vt -0.106839001 -0.599734008
vt -0.111225002 -0.597464025
vt -0.111225002 -0.597464025
vt -0.106839001 -0.599734008
vt -0.110987 -0.597024024
vt -0.111225002 -0.597464025
vt -0.110987 -0.597024024
vt -0.115685999 -0.595507026
vt -0.115685999 -0.595507026
vt -0.110987 -0.597024024
vt -0.115524001 -0.595034003
vt -0.115685999 -0.595507026
vt -0.115524001 -0.595034003
vt -0.120408997 -0.594310999
vt -0.120408997 -0.594310999
vt -0.115524001 -0.595034003
vt -0.120327003 -0.593818009
vt -0.120408997 0
vt -0.120327003 0.000500000024
vt -0.125265002 0
vt -0.125265002 -0.593908012
vt -0.120327003 -0.593818009
vt -0.125265002 -0.593407989
vt 0.125265002 0.00866699964
vt 0.125265002 0.000500000024
vt 0.130120993 0.00866699964
vt 0.130120993 0.00866699964
vt 0.125265002 0.000500000024
vt 0.130202994 0.000500000024
vt 0.130120993 0.00866699964
vt 0.130202994 0.000500000024
vt 0.134844005 0.00866699964
vt 0.134844005 0.00866699964
vt 0.130202994 0.000500000024
vt 0.135005996 0.000500000024
vt 0.134844005 0.00866699964
vt 0.135005996 0.000500000024
vt 0.139304996 0.00866699964
vt 0.139304996 0.00866699964
vt 0.135005996 0.000500000024
vt 0.139542997 0.000500000024
vt 0.139304996 0.00866699964
vt 0.139542997 0.000500000024
vt 0.143383995 0.00866699964
vt 0.143383995 0.00866699964
vt 0.139542997 0.000500000024
vt 0.143691003 0.000500000024
vt 0.143383995 0.00866699964
vt 0.143691003 0.000500000024
vt 0.146969005 0.00866699964
vt 0.146969005 0.00866699964
vt 0.143691003 0.000500000024
vt 0.147337005 0.000500000024
vt -0.00866699964 -0.643387973
vt -0.000500000024 -0.643727005
vt -0.00866699964 -0.639542997
vt -0.00866699964 -0.639542997
vt -0.000500000024 -0.643727005
vt -0.000500000024 -0.639816999
vt -0.00866699964 -0.639542997
vt -0.000500000024 -0.639816999
vt -0.00866699964 -0.635258019
vt -0.00866699964 -0.635258019
vt -0.000500000024 -0.639816999
vt -0.000500000024 -0.635459006
vt -0.00866699964 -0.635258019
vt -0.000500000024 -0.635459006
vt -0.00866699964 -0.630649984
vt -0.00866699964 -0.630649984
vt -0.000500000024 -0.635459006
vt -0.000500000024 -0.630773008
vt -0.00866699964 -0.630649984
vt -0.000500000024 -0.630773008
vt -0.00866699964 -0.625845015
vt -0.00866699964 -0.625845015
vt -0.000500000024 -0.630773008
vt -0.000500000024 -0.625886023
vt -0.00866699964 -0.625845015
vt -0.000500000024 -0.625886023
vt -0.00866699964 -0.620971978
vt -0.00866699964 -0.620971978
vt -0.000500000024 -0.625886023
vt -0.000500000024 -0.620931029
vt -0.00866699964 -0.620971978
vt -0.000500000024 -0.620931029
vt -0.00866699964 -0.616167009
vt -0.00866699964 -0.616167009
vt -0.000500000024 -0.620931029
vt -0.000500000024 -0.616043985
vt -0.00866699964 -0.616167009
vt -0.000500000024 -0.616043985
vt -0.00866699964 -0.61155802
vt -0.00866699964 -0.61155802
vt -0.000500000024 -0.616043985
vt -0.000500000024 -0.611357987
vt -0.00866699964 -0.61155802
vt -0.000500000024 -0.611357987
vt -0.00866699964 -0.607273996
vt -0.00866699964 -0.607273996
vt -0.000500000024 -0.611357987
vt -0.000500000024 -0.606999993
vt -0.00866699964 -0.607273996
vt -0.000500000024 -0.606999993
vt -0.00866699964 -0.603429019
vt -0.00866699964 -0.603429019
vt -0.000500000024 -0.606999993
vt -0.000500000024 -0.603089988
vt -0.146969005 0.00866699964
vt -0.147337005 0.000500000024
vt -0.143383995 0.00866699964
vt -0.143383995 0.00866699964
vt -0.147337005 0.000500000024
vt -0.143691003 0.000500000024
vt -0.143383995 0.00866699964
vt -0.143691003 0.000500000024
vt -0.139304996 0.00866699964
vt -0.139304996 0.00866699964
vt -0.143691003 0.000500000024
vt -0.139542997 0.000500000024
vt -0.139304996 0.00866699964
vt -0.139542997 0.000500000024
vt -0.134844005 0.00866699964
vt -0.134844005 0.00866699964
vt -0.139542997 0.000500000024
vt -0.135005996 0.000500000024
vt -0.134844005 0.00866699964
vt -0.135005996 0.000500000024
vt -0.130120993 0.00866699964
vt -0.130120993 0.00866699964
vt -0.135005996 0.000500000024
vt -0.130202994 0.000500000024
vt -0.130120993 0.00866699964
vt -0.130202994 0.000500000024
vt -0.125265002 0.00866699964
vt -0.125265002 0.00866699964
vt -0.130202994 0.000500000024
vt -0.125265002 0.000500000024
vt 0.125265002 0.000500000024
vt 0.125265002 0.00866699964
vt 0.120327003 0.000500000024
vt 0.120327003 0.000500000024
vt 0.125265002 0.00866699964
vt 0.120408997 0.00866699964
vt 0.120327003 0.000500000024
vt 0.120408997 0.00866699964
vt 0.115524001 0.000500000024
vt 0.115524001 0.000500000024
vt 0.120408997 0.00866699964
vt 0.115685999 0.00866699964
vt 0.115524001 0.000500000024
vt 0.115685999 0.00866699964
vt 0.110987 0.000500000024
vt 0.110987 0.000500000024
vt 0.115685999 0.00866699964
vt 0.111225002 0.00866699964
vt 0.110987 0.000500000024
vt 0.111225002 0.00866699964
vt 0.106839001 0.000500000024
vt 0.106839001 0.000500000024
vt 0.111225002 0.00866699964
vt 0.107146002 0.00866699964
vt 0.106839001 0.000500000024
vt 0.107146002 0.00866699964
vt 0.103193 0.000500000024
vt 0.103193 0.000500000024
vt 0.107146002 0.00866699964
vt 0.103560999 0.00866699964
vt 0.000500000024 -0.643727005
vt 0.00866699964 -0.643387973
vt 0.000500000024 -0.639816999
vt 0.000500000024 -0.639816999
vt 0.00866699964 -0.643387973
vt 0.00866699964 -0.639542997
vt 0.000500000024 -0.639816999
vt 0.00866699964 -0.639542997
vt 0.000500000024 -0.635459006
vt 0.000500000024 -0.635459006
vt 0.00866699964 -0.639542997
vt 0.00866699964 -0.635258019
vt 0.000500000024 -0.635459006
vt 0.00866699964 -0.635258019
vt 0.000500000024 -0.630773008
vt 0.000500000024 -0.630773008
vt 0.00866699964 -0.635258019
vt 0.00866699964 -0.630649984
vt 0.000500000024 -0.630773008
vt 0.00866699964 -0.630649984
vt 0.000500000024 -0.625886023
vt 0.000500000024 -0.625886023
vt 0.00866699964 -0.630649984
vt 0.00866699964 -0.625845015
vt 0.000500000024 -0.625886023
vt 0.00866699964 -0.625845015
vt 0.000500000024 -0.620931029
vt 0.000500000024 -0.620931029
vt 0.00866699964 -0.625845015
vt 0.00866699964 -0.620971978
vt 0.000500000024 -0.620931029
vt 0.00866699964 -0.620971978
vt 0.000500000024 -0.616043985
vt 0.000500000024 -0.616043985
vt 0.00866699964 -0.620971978
vt 0.00866699964 -0.616167009
vt 0.000500000024 -0.616043985
vt 0.00866699964 -0.616167009
vt 0.000500000024 -0.611357987
vt 0.000500000024 -0.611357987
vt 0.00866699964 -0.616167009
vt 0.00866699964 -0.61155802
vt 0.000500000024 -0.611357987
vt 0.00866699964 -0.61155802
vt 0.000500000024 -0.606999993
vt 0.000500000024 -0.606999993
vt 0.00866699964 -0.61155802
vt 0.00866699964 -0.607273996
vt 0.000500000024 -0.606999993
vt 0.00866699964 -0.607273996
vt 0.000500000024 -0.603089988
vt 0.000500000024 -0.603089988
vt 0.00866699964 -0.607273996
vt 0.00866699964 -0.603429019
vt -0.103193 0.000500000024
vt -0.103560999 0.00866699964
vt -0.106839001 0.000500000024
vt -0.106839001 0.000500000024
vt -0.103560999 0.00866699964
vt -0.107146002 0.00866699964
vt -0.106839001 0.000500000024
vt -0.107146002 0.00866699964
vt -0.110987 0.000500000024
vt -0.110987 0.000500000024
vt -0.107146002 0.00866699964
vt -0.111225002 0.00866699964
vt -0.110987 0.000500000024
vt -0.111225002 0.00866699964
vt -0.115524001 0.000500000024
vt -0.115524001 0.000500000024
vt -0.111225002 0.00866699964
vt -0.115685999 0.00866699964
vt -0.115524001 0.000500000024
vt -0.115685999 0.00866699964
vt -0.120327003 0.000500000024
vt -0.120327003 0.000500000024
vt -0.115685999 0.00866699964
vt -0.120408997 0.00866699964
vt -0.120327003 0.000500000024
vt -0.120408997 0.00866699964
vt -0.125265002 0.000500000024
vt -0.125265002 0.000500000024
vt -0.120408997 0.00866699964
vt -0.125265002 0.00866699964
vt 0.125265002 -0.652908027
vt 0.130120993 -0.652505994
vt 0.125265002 -0.641662002
vt -0.0150229996 -0.641662002
vt -0.00866699964 -0.652505994
vt -0.00866699964 -0.652505994
vt 0.125265002 -0.641662002
vt 0.130120993 -0.652505994
vt 0.129994005 -0.641039014
vt 0.129994005 -0.641039014
vt 0.130120993 -0.652505994
vt 0.134844005 -0.651310027
vt 0.129994005 -0.641039014
vt 0.134844005 -0.651310027
vt 0.134395003 -0.639214993
vt 0.134395003 -0.639214993
vt 0.134844005 -0.651310027
vt 0.139304996 -0.649353027
vt -0.0150229996 -0.639214993
vt -0.00866699964 -0.649353027
vt -0.0150229996 -0.639214993
vt 0.134395003 -0.639214993
vt 0.139304996 -0.649353027
vt 0.143383995 -0.646687984
vt 0.134395003 -0.639214993
vt 0.143383995 -0.646687984
vt 0.138174996 -0.636313975
vt 0.138174996 -0.636313975
vt 0.143383995 -0.646687984
vt 0.146969005 -0.643387973
vt -0.0150229996 -0.636313975
vt -0.00866699964 -0.643387973
vt -0.0150229996 -0.636313975
vt 0.138174996 -0.636313975
vt 0.146969005 -0.643387973
vt 0.149960995 -0.639542997
vt 0.138174996 -0.636313975
vt 0.149960995 -0.639542997
vt 0.141075999 -0.632530987
vt 0.141075999 -0.632530987
vt 0.149960995 -0.639542997
vt 0.152280003 -0.635258019
vt 0.141075999 -0.632530987
vt 0.152280003 -0.635258019
vt 0.142896995 -0.628131986
vt 0.142896995 -0.628131986
vt 0.152280003 -0.635258019
vt 0.153862 -0.630649984
vt -0.0150229996 -0.628131986
vt -0.00866699964 -0.630649984
vt -0.0150229996 -0.628131986
vt 0.142896995 -0.628131986
vt 0.153862 -0.630649984
vt 0.154663995 -0.625845015
vt 0.142896995 -0.628131986
vt 0.154663995 -0.625845015
vt 0.143518999 -0.623403013
vt 0.143518999 -0.623403013
vt 0.154663995 -0.625845015
vt 0.154663995 -0.620971978
vt 0.143518999 -0.623403013
vt 0.154663995 -0.620971978
vt 0.142895997 -0.618682027
vt 0.142895997 -0.618682027
vt 0.154663995 -0.620971978
vt 0.153862 -0.616167009
vt -0.0150229996 -0.618682027
vt -0.00866699964 -0.616167009
vt -0.0150229996 -0.618682027
vt 0.142895997 -0.618682027
vt 0.153862 -0.616167009
vt 0.152280003 -0.61155802
vt 0.142895997 -0.618682027
vt 0.152280003 -0.61155802
vt 0.141071007 -0.614278018
vt 0.141071007 -0.614278018
vt 0.152280003 -0.61155802
vt 0.149960995 -0.607273996
vt 0.141071007 -0.614278018
vt 0.149960995 -0.607273996
vt 0.138169006 -0.610498011
vt 0.138169006 -0.610498011
vt 0.149960995 -0.607273996
vt 0.146969005 -0.603429019
vt -0.0150229996 -0.610498011
vt -0.00866699964 -0.603429019
vt -0.0150229996 -0.610498011
vt 0.138169006 -0.610498011
vt 0.146969005 -0.603429019
vt 0.143383995 -0.600129008
vt 0.138169006 -0.610498011
vt 0.143383995 -0.600129008
vt 0.134389997 -0.60759902
vt 0.134389997 -0.60759902
vt 0.143383995 -0.600129008
vt 0.139304996 -0.597464025
vt -0.0150229996 -0.60759902
vt -0.00866699964 -0.597464025
vt -0.0150229996 -0.60759902
vt 0.134389997 -0.60759902
vt 0.139304996 -0.597464025
vt 0.134844005 -0.595507026
vt 0.134389997 -0.60759902
vt 0.134844005 -0.595507026
vt 0.129984006 -0.605774999
vt 0.129984006 -0.605774999
vt 0.134844005 -0.595507026
vt 0.130120993 -0.594310999
vt 0.129984006 -0.605774999
vt 0.130120993 -0.594310999
vt 0.125265002 -0.605153978
vt 0.125265002 -0.605153978
vt 0.130120993 -0.594310999
vt 0.125265002 -0.593908012
vt 0.125265002 -0.652908027
vt 0.125265002 -0.641662002
vt 0.120408997 -0.652505994
vt 0.120408997 -0.652505994
vt 0.125265002 -0.641662002
vt 0.120545998 -0.641040981
vt 0.120408997 -0.652505994
vt 0.120545998 -0.641040981
vt 0.115685999 -0.651310027
vt 0.115685999 -0.651310027
vt 0.120545998 -0.641040981
vt 0.116140001 -0.639217973
vt 0.115685999 -0.651310027
vt 0.116140001 -0.639217973
vt 0.111225002 -0.649353027
vt -0.00866699964 -0.649353027
vt -0.0150229996 -0.639217973
vt -0.0150229996 -0.639217973
vt 0.111225002 -0.649353027
vt 0.116140001 -0.639217973
vt 0.107146002 -0.646687984
vt 0.107146002 -0.646687984
vt 0.116140001 -0.639217973
vt 0.112360999 -0.636318982
vt 0.107146002 -0.646687984
vt 0.112360999 -0.636318982
vt 0.103560999 -0.643387973
vt -0.00866699964 -0.643387973
vt -0.0150229996 -0.636318982
vt -0.0150229996 -0.636318982
vt 0.103560999 -0.643387973
vt 0.112360999 -0.636318982
vt 0.100569002 -0.639542997
vt 0.100569002 -0.639542997
vt 0.112360999 -0.636318982
vt 0.109458998 -0.632538974
vt 0.100569002 -0.639542997
vt 0.109458998 -0.632538974
vt 0.0982500017 -0.635258019
vt 0.0982500017 -0.635258019
vt 0.109458998 -0.632538974
vt 0.107634 -0.628135026
vt 0.0982500017 -0.635258019
vt 0.107634 -0.628135026
vt 0.0966679975 -0.630649984
vt -0.00866699964 -0.630649984
vt -0.0150229996 -0.628135026
vt -0.0150229996 -0.628135026
vt 0.0966679975 -0.630649984
vt 0.107634 -0.628135026
vt 0.0958660021 -0.625845015
vt 0.0958660021 -0.625845015
vt 0.107634 -0.628135026
vt 0.107010998 -0.62341398
vt 0.0958660021 -0.625845015
vt 0.107010998 -0.62341398
vt 0.0958660021 -0.620971978
vt 0.0958660021 -0.620971978
vt 0.107010998 -0.62341398
vt 0.107633002 -0.618685007
vt 0.0958660021 -0.620971978
vt 0.107633002 -0.618685007
vt 0.0966679975 -0.616167009
vt -0.00866699964 -0.616167009
vt -0.0150229996 -0.618685007
vt -0.0150229996 -0.618685007
vt 0.0966679975 -0.616167009
vt 0.107633002 -0.618685007
vt 0.0982500017 -0.61155802
vt 0.0982500017 -0.61155802
vt 0.107633002 -0.618685007
vt 0.109453999 -0.614286005
vt 0.0982500017 -0.61155802
vt 0.109453999 -0.614286005
vt 0.100569002 -0.607273996
vt 0.100569002 -0.607273996
vt 0.109453999 -0.614286005
vt 0.112355001 -0.610503018
vt 0.100569002 -0.607273996
vt 0.112355001 -0.610503018
vt 0.103560999 -0.603429019
vt -0.00866699964 -0.603429019
vt -0.0150229996 -0.610503018
vt -0.0150229996 -0.610503018
vt 0.103560999 -0.603429019
vt 0.112355001 -0.610503018
vt 0.107146002 -0.600129008
vt 0.107146002 -0.600129008
vt 0.112355001 -0.610503018
vt 0.116135001 -0.607602
vt 0.107146002 -0.600129008
vt 0.116135001 -0.607602
vt 0.111225002 -0.597464025
vt -0.00866699964 -0.597464025
vt -0.0150229996 -0.607602
vt -0.0150229996 -0.607602
vt 0.111225002 -0.597464025
vt 0.116135001 -0.607602
vt 0.115685999 -0.595507026
vt 0.115685999 -0.595507026
vt 0.116135001 -0.607602
vt 0.120536 -0.605777979
vt 0.115685999 -0.595507026
vt 0.120536 -0.605777979
vt 0.120408997 -0.594310999
vt 0.120408997 -0.594310999
vt 0.120536 -0.605777979
vt 0.125265002 -0.605153978
vt 0.120408997 -0.594310999
vt 0.125265002 -0.605153978
vt 0.125265002 -0.593908012
vt 0.117472 -0.618906975
vt 0.116264999 -0.623405993
vt 0.120765999 -0.615613997
vt -0.0615000017 -0.615613997
vt -0.0615000017 -0.623405993
vt -0.0615000017 -0.623405993
vt 0.120765999 -0.615613997
vt 0.116264999 -0.623405993
vt 0.125265002 -0.614408016
vt 0.125265002 -0.614408016
vt 0.116264999 -0.623405993
vt 0.117470004 -0.627906024
vt 0.125265002 -0.614408016
vt 0.117470004 -0.627906024
vt 0.129766002 -0.61561501
vt 0.129766002 -0.61561501
vt 0.117470004 -0.627906024
vt 0.120764002 -0.631201982
vt 0.129766002 -0.61561501
vt 0.120764002 -0.631201982
vt 0.133059993 -0.618911028
vt 0.133059993 -0.618911028
vt 0.120764002 -0.631201982
vt 0.125265002 -0.632408023
vt 0.133059993 -0.618911028
vt 0.125265002 -0.632408023
vt 0.134265006 -0.623411
vt 0.134265006 -0.623411
vt 0.125265002 -0.632408023
vt 0.129764006 -0.631202996
vt 0.134265006 -0.623411
vt 0.129764006 -0.631202996
vt 0.133057997 -0.627910018
vt -0.125265002 0.0215000007
vt -0.120765999 0.0215000007
vt -0.125265002 0.0615000017
vt -0.0615000017 -0.614408016
vt -0.0215000007 -0.615613997
vt -0.0215000007 -0.615613997
vt -0.125265002 0.0615000017
vt -0.120765999 0.0215000007
vt -0.120765999 0.0615000017
vt -0.120765999 0.0615000017
vt -0.120765999 0.0215000007
vt -0.117472 0.0215000007
vt -0.120765999 0.0615000017
vt -0.117472 0.0215000007
vt -0.117472 0.0615000017
vt 0.0615000017 -0.618906975
vt 0.0215000007 -0.618906975
vt 0.0215000007 -0.623405993
vt 0.0615000017 -0.618906975
vt 0.0215000007 -0.623405993
vt 0.0615000017 -0.623405993
vt 0.0615000017 -0.623405993
vt 0.0215000007 -0.623405993
vt 0.0215000007 -0.627906024
vt 0.0615000017 -0.623405993
vt 0.0215000007 -0.627906024
vt 0.0615000017 -0.627906024
vt 0.0615000017 -0.627906024
vt 0.0215000007 -0.627906024
vt 0.0215000007 -0.631201982
vt 0.0615000017 -0.627906024
vt 0.0215000007 -0.631201982
vt 0.0615000017 -0.631201982
vt 0.120764002 0.0615000017
vt 0.120764002 0.0215000007
vt 0.125265002 0.0215000007
vt 0.120764002 0.0615000017
vt 0.125265002 0.0215000007
vt 0.125265002 0.0615000017
vt -0.125265002 0.0615000017
vt -0.129766002 0.0615000017
vt -0.125265002 0.0215000007
vt -0.0215000007 -0.614408016
vt -0.0615000017 -0.61561501
vt -0.0615000017 -0.61561501
vt -0.125265002 0.0215000007
vt -0.129766002 0.0615000017
vt -0.129766002 0.0215000007
vt -0.0215000007 -0.61561501
vt -0.0615000017 -0.61561501
vt -0.0615000017 -0.618911028
vt -0.0215000007 -0.61561501
vt -0.0615000017 -0.618911028
vt -0.0215000007 -0.618911028
vt -0.0215000007 -0.618911028
vt -0.0615000017 -0.618911028
vt -0.0615000017 -0.623411
vt -0.0215000007 -0.618911028
vt -0.0615000017 -0.623411
vt -0.0215000007 -0.623411
vt -0.0215000007 -0.623411
vt -0.0615000017 -0.623411
vt -0.0615000017 -0.627910018
vt -0.0215000007 -0.623411
vt -0.0615000017 -0.627910018
vt -0.0215000007 -0.627910018
vt 0.133057997 0.0215000007
vt 0.133057997 0.0615000017
vt 0.129764006 0.0615000017
vt 0.133057997 0.0215000007
vt 0.129764006 0.0615000017
vt 0.129764006 0.0215000007
vt 0.129764006 0.0215000007
vt 0.129764006 0.0615000017
vt 0.125265002 0.0615000017
vt 0.129764006 0.0215000007
vt 0.125265002 0.0615000017
vt 0.125265002 0.0215000007
vt 0.125265002 0.0176669993
vt 0.129768997 0.0176669993
vt 0.125265002 0.0215000007
vt -0.0215000007 -0.639407992
vt -0.0176669993 -0.638760984
vt -0.0176669993 -0.638760984
vt 0.125265002 0.0215000007
vt 0.129768997 0.0176669993
vt 0.129776001 0.0215000007
vt 0.129776001 0.0215000007
vt 0.129768997 0.0176669993
vt 0.133910999 0.0176669993
vt 0.129776001 0.0215000007
vt 0.133910999 0.0176669993
vt 0.133919001 0.0215000007
vt 0.133919001 0.0215000007
vt 0.133910999 0.0176669993
vt 0.137355998 0.0176669993
vt 0.133919001 0.0215000007
vt 0.137355998 0.0176669993
vt 0.137358993 0.0215000007
vt -0.0215000007 -0.633884013
vt -0.0176669993 -0.633888006
vt -0.0176669993 -0.630056977
vt -0.0215000007 -0.633884013
vt -0.0176669993 -0.630056977
vt -0.0215000007 -0.630053997
vt -0.0215000007 -0.630053997
vt -0.0176669993 -0.630056977
vt -0.0176669993 -0.625689983
vt -0.0215000007 -0.630053997
vt -0.0176669993 -0.625689983
vt -0.0215000007 -0.625681996
vt -0.0215000007 -0.625681996
vt -0.0176669993 -0.625689983
vt -0.0176669993 -0.621134996
vt -0.0215000007 -0.625681996
vt -0.0176669993 -0.621134996
vt -0.0215000007 -0.621127009
vt -0.0215000007 -0.621127009
vt -0.0176669993 -0.621134996
vt -0.0176669993 -0.616762996
vt -0.0215000007 -0.621127009
vt -0.0176669993 -0.616762996
vt -0.0215000007 -0.616760015
vt -0.0215000007 -0.616760015
vt -0.0176669993 -0.616762996
vt -0.0176669993 -0.61293298
vt -0.0215000007 -0.616760015
vt -0.0176669993 -0.61293298
vt -0.0215000007 -0.612928987
vt -0.137355998 0.0215000007
vt -0.137358993 0.0176669993
vt -0.133919001 0.0176669993
vt -0.137355998 0.0215000007
vt -0.133919001 0.0176669993
vt -0.133910999 0.0215000007
vt -0.133910999 0.0215000007
vt -0.133919001 0.0176669993
vt -0.129776001 0.0176669993
vt -0.133910999 0.0215000007
vt -0.129776001 0.0176669993
vt -0.129768997 0.0215000007
vt -0.129768997 0.0215000007
vt -0.129776001 0.0176669993
vt -0.125265002 0.0176669993
vt -0.129768997 0.0215000007
vt -0.125265002 0.0176669993
vt -0.125265002 0.0215000007
vt 0.125265002 0.0215000007
vt 0.120761 0.0215000007
vt 0.125265002 0.0176669993
vt -0.0176669993 -0.639407992
vt -0.0215000007 -0.638760984
vt -0.0215000007 -0.638760984
vt 0.125265002 0.0176669993
vt 0.120761 0.0215000007
vt 0.120754004 0.0176669993
vt 0.120754004 0.0176669993
vt 0.120761 0.0215000007
vt 0.116618998 0.0215000007
vt 0.120754004 0.0176669993
vt 0.116618998 0.0215000007
vt 0.116610996 0.0176669993
vt 0.116610996 0.0176669993
vt 0.116618998 0.0215000007
vt 0.113173999 0.0215000007
vt 0.116610996 0.0176669993
vt 0.113173999 0.0215000007
vt 0.113170996 0.0176669993
vt 0.0176669993 -0.633884013
vt 0.0215000007 -0.633888006
vt 0.0215000007 -0.630056977
vt 0.0176669993 -0.633884013
vt 0.0215000007 -0.630056977
vt 0.0176669993 -0.630053997
vt 0.0176669993 -0.630053997
vt 0.0215000007 -0.630056977
vt 0.0215000007 -0.625689983
vt 0.0176669993 -0.630053997
vt 0.0215000007 -0.625689983
vt 0.0176669993 -0.625681996
vt 0.0176669993 -0.625681996
vt 0.0215000007 -0.625689983
vt 0.0215000007 -0.621134996
vt 0.0176669993 -0.625681996
vt 0.0215000007 -0.621134996
vt 0.0176669993 -0.621127009
vt 0.0176669993 -0.621127009
vt 0.0215000007 -0.621134996
vt 0.0215000007 -0.616762996
vt 0.0176669993 -0.621127009
vt 0.0215000007 -0.616762996
vt 0.0176669993 -0.616760015
vt 0.0176669993 -0.616760015
vt 0.0215000007 -0.616762996
vt 0.0215000007 -0.61293298
vt 0.0176669993 -0.616760015
vt 0.0215000007 -0.61293298
vt 0.0176669993 -0.612928987
vt -0.113173999 0.0176669993
vt -0.113170996 0.0215000007
vt -0.116610996 0.0215000007
vt -0.113173999 0.0176669993
vt -0.116610996 0.0215000007
vt -0.116618998 0.0176669993
vt -0.116618998 0.0176669993
vt -0.116610996 0.0215000007
vt -0.120754004 0.0215000007
vt -0.116618998 0.0176669993
vt -0.120754004 0.0215000007
vt -0.120761 0.0176669993
vt -0.120761 0.0176669993
vt -0.120754004 0.0215000007
vt -0.125265002 0.0215000007
vt -0.120761 0.0176669993
vt -0.125265002 0.0215000007
vt -0.125265002 0.0176669993
vt 0.125265002 -0.606908023
vt 0.120621003 -0.607576013
vt 0.125265002 -0.607407987
vt -0.0176669993 -0.607407987
vt -0.0171670001 -0.607576013
vt -0.0171670001 -0.607576013
vt -0.125265002 0.0176669993
vt -0.120621003 0.0171670001
vt -0.120761 0.0176669993
vt 0.120761 -0.608056009
vt 0.120621003 -0.607576013
vt 0.116347998 -0.609525979
vt 0.120761 -0.608056009
vt 0.116347998 -0.609525979
vt 0.116618998 -0.609946012
vt 0.116618998 -0.609946012
vt 0.116347998 -0.609525979
vt 0.112797 -0.612601995
vt 0.116618998 -0.609946012
vt 0.112797 -0.612601995
vt 0.113173999 -0.612928987
vt 0.113173999 -0.612928987
vt 0.112797 -0.612601995
vt 0.110257 -0.616551995
vt 0.113173999 -0.612928987
vt 0.110257 -0.616551995
vt 0.110711999 -0.616760015
vt 0.110711999 -0.616760015
vt 0.110257 -0.616551995
vt 0.108934 -0.62105602
vt 0.110711999 -0.616760015
vt 0.108934 -0.62105602
vt 0.109429002 -0.621127009
vt 0.0176669993 -0.621127009
vt 0.0171670001 -0.62105602
vt 0.0171670001 -0.625752985
vt 0.0176669993 -0.621127009
vt 0.0171670001 -0.625752985
vt 0.0176669993 -0.625681996
vt 0.109428003 -0.625681996
vt 0.108933002 -0.625752985
vt 0.110256001 -0.630262017
vt 0.109428003 -0.625681996
vt 0.110256001 -0.630262017
vt 0.110710002 -0.630053997
vt 0.110710002 -0.630053997
vt 0.110256001 -0.630262017
vt 0.112792999 -0.634211004
vt 0.110710002 -0.630053997
vt 0.112792999 -0.634211004
vt 0.113170996 -0.633884013
vt 0.113170996 -0.633884013
vt 0.112792999 -0.634211004
vt 0.116341002 -0.637286007
vt 0.113170996 -0.633884013
vt 0.116341002 -0.637286007
vt 0.116610996 -0.636865973
vt 0.116610996 -0.636865973
vt 0.116341002 -0.637286007
vt 0.120614 -0.639239013
vt 0.116610996 -0.636865973
vt 0.120614 -0.639239013
vt 0.120754004 -0.638759017
vt 0.120754004 -0.638759017
vt 0.120614 -0.639239013
vt 0.125265002 -0.639908016
vt 0.120754004 -0.638759017
vt 0.125265002 -0.639908016
vt 0.125265002 -0.639407992
vt 0.125265002 -0.607407987
vt 0.129776001 -0.608057022
vt 0.125265002 -0.606908023
vt -0.0171670001 -0.606908023
vt -0.0176669993 -0.608057022
vt -0.0176669993 -0.608057022
vt 0.125265002 -0.606908023
vt 0.129776001 -0.608057022
vt 0.129916996 -0.60757798
vt 0.129916996 -0.60757798
vt 0.129776001 -0.608057022
vt 0.133919001 -0.609951019
vt 0.129916996 -0.60757798
vt 0.133919001 -0.609951019
vt 0.134188995 -0.609530985
vt 0.134188995 -0.609530985
vt 0.133919001 -0.609951019
vt 0.137358993 -0.61293298
vt 0.134188995 -0.609530985
vt 0.137358993 -0.61293298
vt 0.137737006 -0.612605989
vt 0.137737006 -0.612605989
vt 0.137358993 -0.61293298
vt 0.139819995 -0.616762996
vt 0.137737006 -0.612605989
vt 0.139819995 -0.616762996
vt 0.140274003 -0.616554976
vt 0.140274003 -0.616554976
vt 0.139819995 -0.616762996
vt 0.141102999 -0.621134996
vt 0.140274003 -0.616554976
vt 0.141102999 -0.621134996
vt 0.141597003 -0.621064007
vt -0.0171670001 -0.621064007
vt -0.0176669993 -0.621134996
vt -0.0176669993 -0.625689983
vt -0.0171670001 -0.621064007
vt -0.0176669993 -0.625689983
vt -0.0171670001 -0.625760972
vt 0.141596004 -0.625760972
vt 0.141101003 -0.625689983
vt 0.139817998 -0.630056977
vt 0.141596004 -0.625760972
vt 0.139817998 -0.630056977
vt 0.140273005 -0.630263984
vt 0.140273005 -0.630263984
vt 0.139817998 -0.630056977
vt 0.137355998 -0.633888006
vt 0.140273005 -0.630263984
vt 0.137355998 -0.633888006
vt 0.137732998 -0.634214997
vt 0.137732998 -0.634214997
vt 0.137355998 -0.633888006
vt 0.133910999 -0.63687098
vt 0.137732998 -0.634214997
vt 0.133910999 -0.63687098
vt 0.134182006 -0.637291014
vt 0.134182006 -0.637291014
vt 0.133910999 -0.63687098
vt 0.129768997 -0.638760984
vt 0.134182006 -0.637291014
vt 0.129768997 -0.638760984
vt 0.129908994 -0.63924098
vt 0.129908994 -0.63924098
vt 0.129768997 -0.638760984
vt 0.125265002 -0.639407992
vt 0.129908994 -0.63924098
vt 0.125265002 -0.639407992
vt 0.125265002 -0.639908016
vt 0.125265002 0.0150229996
vt 0.129994005 0.0150229996
vt 0.125265002 0.0154579999
vt -0.0154579999 -0.641408026
vt -0.0150229996 -0.641039014
vt -0.0150229996 -0.641039014
vt 0.125265002 0.0154579999
vt 0.129994005 0.0150229996
vt 0.129919007 0.0154579999
vt 0.129919007 0.0154579999
vt 0.129994005 0.0150229996
vt 0.134395003 0.0150229996
vt 0.129919007 0.0154579999
vt 0.134395003 0.0150229996
vt 0.134262994 0.0154579999
vt 0.134262994 0.0154579999
vt 0.134395003 0.0150229996
vt 0.138174996 0.0150229996
vt 0.134262994 0.0154579999
vt 0.138174996 0.0150229996
vt 0.137989998 0.0154579999
vt -0.0154579999 -0.636138976
vt -0.0150229996 -0.636313975
vt -0.0150229996 -0.632530987
vt -0.0154579999 -0.636138976
vt -0.0150229996 -0.632530987
vt -0.0154579999 -0.632412016
vt -0.0154579999 -0.632412016
vt -0.0150229996 -0.632530987
vt -0.0150229996 -0.628131986
vt -0.0154579999 -0.632412016
vt -0.0150229996 -0.628131986
vt -0.0154579999 -0.628068984
vt -0.0154579999 -0.628068984
vt -0.0150229996 -0.628131986
vt -0.0150229996 -0.623403013
vt -0.0154579999 -0.628068984
vt -0.0150229996 -0.623403013
vt -0.0154579999 -0.62341398
vt -0.0154579999 -0.62341398
vt -0.0150229996 -0.623403013
vt -0.0150229996 -0.618682027
vt -0.0154579999 -0.62341398
vt -0.0150229996 -0.618682027
vt -0.0154579999 -0.618750989
vt -0.0154579999 -0.618750989
vt -0.0150229996 -0.618682027
vt -0.0150229996 -0.614278018
vt -0.0154579999 -0.618750989
vt -0.0150229996 -0.614278018
vt -0.0154579999 -0.614413023
vt -0.0154579999 -0.614413023
vt -0.0150229996 -0.614278018
vt -0.0150229996 -0.610498011
vt -0.0154579999 -0.614413023
vt -0.0150229996 -0.610498011
vt -0.0154579999 -0.610683024
vt -0.137995005 0.0154579999
vt -0.138169006 0.0150229996
vt -0.134389997 0.0150229996
vt -0.137995005 0.0154579999
vt -0.134389997 0.0150229996
vt -0.134268001 0.0154579999
vt -0.134268001 0.0154579999
vt -0.134389997 0.0150229996
vt -0.129984006 0.0150229996
vt -0.134268001 0.0154579999
vt -0.129984006 0.0150229996
vt -0.129927993 0.0154579999
vt -0.129927993 0.0154579999
vt -0.129984006 0.0150229996
vt -0.125265002 0.0150229996
vt -0.129927993 0.0154579999
vt -0.125265002 0.0150229996
vt -0.125265002 0.0154579999
vt 0.125265002 0.0154579999
vt 0.120601997 0.0154579999
vt 0.125265002 0.0150229996
vt -0.0150229996 -0.641662002
vt -0.0154579999 -0.640793979
vt -0.0154579999 -0.640793979
vt 0.125265002 0.0150229996
vt 0.120601997 0.0154579999
vt 0.120545998 0.0150229996
vt 0.120545998 0.0150229996
vt 0.120601997 0.0154579999
vt 0.116261996 0.0154579999
vt 0.120545998 0.0150229996
vt 0.116261996 0.0154579999
vt 0.116140001 0.0150229996
vt 0.116140001 0.0150229996
vt 0.116261996 0.0154579999
vt 0.112535 0.0154579999
vt 0.116140001 0.0150229996
vt 0.112535 0.0154579999
vt 0.112360999 0.0150229996
vt 0.0150229996 -0.636318982
vt 0.0154579999 -0.636134028
vt 0.0154579999 -0.632404029
vt 0.0150229996 -0.636318982
vt 0.0154579999 -0.632404029
vt 0.0150229996 -0.632538974
vt 0.0150229996 -0.632538974
vt 0.0154579999 -0.632404029
vt 0.0154579999 -0.628066003
vt 0.0150229996 -0.632538974
vt 0.0154579999 -0.628066003
vt 0.0150229996 -0.628135026
vt 0.0150229996 -0.628135026
vt 0.0154579999 -0.628066003
vt 0.0154579999 -0.623403013
vt 0.0150229996 -0.628135026
vt 0.0154579999 -0.623403013
vt 0.0150229996 -0.62341398
vt 0.0150229996 -0.62341398
vt 0.0154579999 -0.623403013
vt 0.0154579999 -0.618748009
vt 0.0150229996 -0.62341398
vt 0.0154579999 -0.618748009
vt 0.0150229996 -0.618685007
vt 0.0150229996 -0.618685007
vt 0.0154579999 -0.618748009
vt 0.0154579999 -0.614404976
vt 0.0150229996 -0.618685007
vt 0.0154579999 -0.614404976
vt 0.0150229996 -0.614286005
vt 0.0150229996 -0.614286005
vt 0.0154579999 -0.614404976
vt 0.0154579999 -0.610678017
vt 0.0150229996 -0.614286005
vt 0.0154579999 -0.610678017
vt 0.0150229996 -0.610503018
vt -0.112355001 0.0150229996
vt -0.112540998 0.0154579999
vt -0.116267003 0.0154579999
vt -0.112355001 0.0150229996
vt -0.116267003 0.0154579999
vt -0.116135001 0.0150229996
vt -0.116135001 0.0150229996
vt -0.116267003 0.0154579999
vt -0.120610997 0.0154579999
vt -0.116135001 0.0150229996
vt -0.120610997 0.0154579999
vt -0.120536 0.0150229996
vt -0.120536 0.0150229996
vt -0.120610997 0.0154579999
vt -0.125265002 0.0154579999
vt -0.120536 0.0150229996
vt -0.125265002 0.0154579999
vt -0.125265002 0.0150229996
vt 0.125265002 0.0154579999
vt 0.129919007 0.0154579999
vt 0.125265002 0.0171670001
vt -0.0171670001 -0.641207993
vt -0.0154579999 -0.640796006
vt -0.0154579999 -0.640796006
vt 0.125265002 0.0171670001
vt 0.129919007 0.0154579999
vt 0.129927993 0.0169670004
vt 0.129927993 0.0169670004
vt 0.129919007 0.0154579999
vt 0.134262994 0.0154579999
vt 0.129927993 0.0169670004
vt 0.134262994 0.0154579999
vt 0.134268001 0.0169670004
vt 0.134268001 0.0169670004
vt 0.134262994 0.0154579999
vt 0.137989998 0.0154579999
vt 0.134268001 0.0169670004
vt 0.137989998 0.0154579999
vt 0.137995005 0.0169670004
vt -0.0169670004 -0.636134028
vt -0.0154579999 -0.636138976
vt -0.0154579999 -0.632412016
vt -0.0169670004 -0.636134028
vt -0.0154579999 -0.632412016
vt -0.0169670004 -0.632404029
vt -0.0169670004 -0.632404029
vt -0.0154579999 -0.632412016
vt -0.0154579999 -0.628068984
vt -0.0169670004 -0.632404029
vt -0.0154579999 -0.628068984
vt -0.0169670004 -0.628066003
vt -0.0169670004 -0.628066003
vt -0.0154579999 -0.628068984
vt -0.0154579999 -0.62341398
vt -0.0169670004 -0.628066003
vt -0.0154579999 -0.62341398
vt -0.0169670004 -0.623403013
vt -0.0169670004 -0.623403013
vt -0.0154579999 -0.62341398
vt -0.0154579999 -0.618750989
vt -0.0169670004 -0.623403013
vt -0.0154579999 -0.618750989
vt -0.0169670004 -0.618748009
vt -0.0169670004 -0.618748009
vt -0.0154579999 -0.618750989
vt -0.0154579999 -0.614413023
vt -0.0169670004 -0.618748009
vt -0.0154579999 -0.614413023
vt -0.0169670004 -0.614404976
vt -0.0169670004 -0.614404976
vt -0.0154579999 -0.614413023
vt -0.0154579999 -0.610683024
vt -0.0169670004 -0.614404976
vt -0.0154579999 -0.610683024
vt -0.0169670004 -0.610678017
vt -0.137989998 0.0169670004
vt -0.137995005 0.0154579999
vt -0.134268001 0.0154579999
vt -0.137989998 0.0169670004
vt -0.134268001 0.0154579999
vt -0.134262994 0.0169670004
vt -0.134262994 0.0169670004
vt -0.134268001 0.0154579999
vt -0.129927993 0.0154579999
vt -0.134262994 0.0169670004
vt -0.129927993 0.0154579999
vt -0.129919007 0.0169670004
vt -0.129919007 0.0169670004
vt -0.129927993 0.0154579999
vt -0.125265002 0.0154579999
vt -0.129919007 0.0169670004
vt -0.125265002 0.0154579999
vt -0.125265002 0.0171670001
vt 0.125265002 0.0171670001
vt 0.120610997 0.0169670004
vt 0.125265002 0.0154579999
vt -0.0154579999 -0.641408026
vt -0.0169670004 -0.640796006
vt -0.0169670004 -0.640796006
vt 0.125265002 0.0154579999
vt 0.120610997 0.0169670004
vt 0.120601997 0.0154579999
vt 0.120601997 0.0154579999
vt 0.120610997 0.0169670004
vt 0.116267003 0.0169670004
vt 0.120601997 0.0154579999
vt 0.116267003 0.0169670004
vt 0.116261996 0.0154579999
vt 0.116261996 0.0154579999
vt 0.116267003 0.0169670004
vt 0.112540998 0.0169670004
vt 0.116261996 0.0154579999
vt 0.112540998 0.0169670004
vt 0.112535 0.0154579999
vt 0.0154579999 -0.636134028
vt 0.0169670004 -0.636138976
vt 0.0169670004 -0.632412016
vt 0.0154579999 -0.636134028
vt 0.0169670004 -0.632412016
vt 0.0154579999 -0.632404029
vt 0.0154579999 -0.632404029
vt 0.0169670004 -0.632412016
vt 0.0169670004 -0.628068984
vt 0.0154579999 -0.632404029
vt 0.0169670004 -0.628068984
vt 0.0154579999 -0.628066003
vt 0.0154579999 -0.628066003
vt 0.0169670004 -0.628068984
vt 0.0169670004 -0.62341398
vt 0.0154579999 -0.628066003
vt 0.0169670004 -0.62341398
vt 0.0154579999 -0.623403013
vt 0.0154579999 -0.623403013
vt 0.0169670004 -0.62341398
vt 0.0169670004 -0.618750989
vt 0.0154579999 -0.623403013
vt 0.0169670004 -0.618750989
vt 0.0154579999 -0.618748009
vt 0.0154579999 -0.618748009
vt 0.0169670004 -0.618750989
vt 0.0169670004 -0.614413023
vt 0.0154579999 -0.618748009
vt 0.0169670004 -0.614413023
vt 0.0154579999 -0.614404976
vt 0.0154579999 -0.614404976
vt 0.0169670004 -0.614413023
vt 0.0169670004 -0.610683024
vt 0.0154579999 -0.614404976
vt 0.0169670004 -0.610683024
vt 0.0154579999 -0.610678017
vt -0.112540998 0.0154579999
vt -0.112535 0.0169670004
vt -0.116261996 0.0169670004
vt -0.112540998 0.0154579999
vt -0.116261996 0.0169670004
vt -0.116267003 0.0154579999
vt -0.116267003 0.0154579999
vt -0.116261996 0.0169670004
vt -0.120601997 0.0169670004
vt -0.116267003 0.0154579999
vt -0.120601997 0.0169670004
vt -0.120610997 0.0154579999
vt -0.120610997 0.0154579999
vt -0.120601997 0.0169670004
vt -0.125265002 0.0171670001
vt -0.120610997 0.0154579999
vt -0.125265002 0.0171670001
vt -0.125265002 0.0154579999
vt 0.411404014 0.664035022
vt 0.414395988 0.660189986
vt 0.409085006 0.66832
vt 0.409085006 0.66832
vt 0.414395988 0.660189986
vt 0.417980999 0.656889975
vt 0.409085006 0.66832
vt 0.417980999 0.656889975
vt 0.407503009 0.672927976
vt 0.407503009 0.672927976
vt 0.417980999 0.656889975
vt 0.422060013 0.654224992
vt 0.407503009 0.672927976
vt 0.422060013 0.654224992
vt 0.406700999 0.677734017
vt 0.406700999 0.677734017
vt 0.422060013 0.654224992
vt 0.426521987 0.652267992
vt 0.406700999 0.677734017
vt 0.426521987 0.652267992
vt 0.406700999 0.682605982
vt 0.406700999 0.682605982
vt 0.426521987 0.652267992
vt 0.431244999 0.651072025
vt 0.406700999 0.682605982
vt 0.431244999 0.651072025
vt 0.407503009 0.687412024
vt 0.407503009 0.687412024
vt 0.431244999 0.651072025
vt 0.436100006 0.650669992
vt 0.407503009 0.687412024
vt 0.436100006 0.650669992
vt 0.409085006 0.692019999
vt 0.409085006 0.692019999
vt 0.436100006 0.650669992
vt 0.440955997 0.651072025
vt 0.409085006 0.692019999
vt 0.440955997 0.651072025
vt 0.411404014 0.696304977
vt 0.411404014 0.696304977
vt 0.440955997 0.651072025
vt 0.445679009 0.652267992
vt 0.411404014 0.696304977
vt 0.445679009 0.652267992
vt 0.414395988 0.700150013
vt 0.414395988 0.700150013
vt 0.445679009 0.652267992
vt 0.450141013 0.654224992
vt 0.414395988 0.700150013
vt 0.450141013 0.654224992
vt 0.417980999 0.703450024
vt 0.417980999 0.703450024
vt 0.450141013 0.654224992
vt 0.454219997 0.656889975
vt 0.417980999 0.703450024
vt 0.454219997 0.656889975
vt 0.422060013 0.706113994
vt 0.422060013 0.706113994
vt 0.454219997 0.656889975
vt 0.457803994 0.660189986
vt 0.422060013 0.706113994
vt 0.457803994 0.660189986
vt 0.426521987 0.708072007
vt 0.426521987 0.708072007
vt 0.457803994 0.660189986
vt 0.460797012 0.664035022
vt 0.426521987 0.708072007
vt 0.460797012 0.664035022
vt 0.431244999 0.709267974
vt 0.431244999 0.709267974
vt 0.460797012 0.664035022
vt 0.46311599 0.66832
vt 0.431244999 0.709267974
vt 0.46311599 0.66832
vt 0.436100006 0.709670007
vt 0.436100006 0.709670007
vt 0.46311599 0.66832
vt 0.464697987 0.672927976
vt 0.436100006 0.709670007
vt 0.464697987 0.672927976
vt 0.440955997 0.709267974
vt 0.440955997 0.709267974
vt 0.464697987 0.672927976
vt 0.465499997 0.677734017
vt 0.440955997 0.709267974
vt 0.465499997 0.677734017
vt 0.445679009 0.708072007
vt 0.445679009 0.708072007
vt 0.465499997 0.677734017
vt 0.465499997 0.682605982
vt 0.445679009 0.708072007
vt 0.465499997 0.682605982
vt 0.450141013 0.706113994
vt 0.450141013 0.706113994
vt 0.465499997 0.682605982
vt 0.464697987 0.687412024
vt 0.450141013 0.706113994
vt 0.464697987 0.687412024
vt 0.454219997 0.703450024
vt 0.454219997 0.703450024
vt 0.464697987 0.687412024
vt 0.46311599 0.692019999
vt 0.454219997 0.703450024
vt 0.46311599 0.692019999
vt 0.457803994 0.700150013
vt 0.457803994 0.700150013
vt 0.46311599 0.692019999
vt 0.460797012 0.696304977
vt 0.436100006 0.650170028
vt 0.436100006 0.650669992
vt 0.431162 0.650578976
vt -0.431162 0.000500000024
vt -0.436100006 0
vt -0.431244999 0
vt 0.431162 0.650578976
vt 0.431244999 0.651072025
vt 0.426358998 0.65179503
vt 0.426358998 0.65179503
vt 0.431244999 0.651072025
vt 0.426521987 0.652267992
vt 0.426358998 0.65179503
vt 0.426521987 0.652267992
vt 0.421822011 0.653786004
vt 0.421822011 0.653786004
vt 0.426521987 0.652267992
vt 0.422060013 0.654224992
vt 0.421822011 0.653786004
vt 0.422060013 0.654224992
vt 0.417674005 0.656495988
vt 0.417674005 0.656495988
vt 0.422060013 0.654224992
vt 0.417980999 0.656889975
vt 0.417674005 0.656495988
vt 0.417980999 0.656889975
vt 0.414029002 0.659851015
vt 0.414029002 0.659851015
vt 0.417980999 0.656889975
vt 0.414395988 0.660189986
vt 0.414029002 0.659851015
vt 0.414395988 0.660189986
vt 0.410984993 0.66376102
vt 0.410984993 0.66376102
vt 0.414395988 0.660189986
vt 0.411404014 0.664035022
vt 0.410984993 0.66376102
vt 0.411404014 0.664035022
vt 0.408627003 0.668119013
vt 0.408627003 0.668119013
vt 0.411404014 0.664035022
vt 0.409085006 0.66832
vt 0.408627003 0.668119013
vt 0.409085006 0.66832
vt 0.407018006 0.672805011
vt 0.407018006 0.672805011
vt 0.409085006 0.66832
vt 0.407503009 0.672927976
vt 0.407018006 0.672805011
vt 0.407503009 0.672927976
vt 0.406203002 0.677693009
vt 0.406203002 0.677693009
vt 0.407503009 0.672927976
vt 0.406700999 0.677734017
vt -0.000500000024 0.677693009
vt 0 0.677734017
vt -0.000500000024 0.68264699
vt -0.000500000024 0.68264699
vt 0 0.677734017
vt 0 0.682605982
vt 0.406203002 0.68264699
vt 0.406700999 0.682605982
vt 0.407018006 0.687534988
vt 0.407018006 0.687534988
vt 0.406700999 0.682605982
vt 0.407503009 0.687412024
vt 0.407018006 0.687534988
vt 0.407503009 0.687412024
vt 0.408627003 0.692220986
vt 0.408627003 0.692220986
vt 0.407503009 0.687412024
vt 0.409085006 0.692019999
vt 0.408627003 0.692220986
vt 0.409085006 0.692019999
vt 0.410984993 0.696578026
vt 0.410984993 0.696578026
vt 0.409085006 0.692019999
vt 0.411404014 0.696304977
vt 0.410984993 0.696578026
vt 0.411404014 0.696304977
vt 0.414029002 0.700487971
vt 0.414029002 0.700487971
vt 0.411404014 0.696304977
vt 0.414395988 0.700150013
vt 0.414029002 0.700487971
vt 0.414395988 0.700150013
vt 0.417674005 0.703844011
vt 0.417674005 0.703844011
vt 0.414395988 0.700150013
vt 0.417980999 0.703450024
vt 0.417674005 0.703844011
vt 0.417980999 0.703450024
vt 0.421822011 0.706553996
vt 0.421822011 0.706553996
vt 0.417980999 0.703450024
vt 0.422060013 0.706113994
vt 0.421822011 0.706553996
vt 0.422060013 0.706113994
vt 0.426358998 0.708544016
vt 0.426358998 0.708544016
vt 0.422060013 0.706113994
vt 0.426521987 0.708072007
vt 0.426358998 0.708544016
vt 0.426521987 0.708072007
vt 0.431162 0.709761024
vt 0.431162 0.709761024
vt 0.426521987 0.708072007
vt 0.431244999 0.709267974
vt 0.431162 0.000500000024
vt 0.431244999 0
vt 0.436100006 0.000500000024
vt 0.436100006 0.000500000024
vt 0.431244999 0
vt 0.436100006 0
vt 0.436100006 0.650669992
vt 0.436100006 0.650170028
vt 0.440955997 0.651072025
vt -0.440955997 0
vt -0.436100006 0.000500000024
vt -0.441038013 0.000500000024
vt 0.440955997 0.651072025
vt 0.441038013 0.650578976
vt 0.445679009 0.652267992
vt 0.445679009 0.652267992
vt 0.441038013 0.650578976
vt 0.445841014 0.65179503
vt 0.445679009 0.652267992
vt 0.445841014 0.65179503
vt 0.450141013 0.654224992
vt 0.450141013 0.654224992
vt 0.445841014 0.65179503
vt 0.450379014 0.653786004
vt 0.450141013 0.654224992
vt 0.450379014 0.653786004
vt 0.454219997 0.656889975
vt 0.454219997 0.656889975
vt 0.450379014 0.653786004
vt 0.454526991 0.656495988
vt 0.454219997 0.656889975
vt 0.454526991 0.656495988
vt 0.457803994 0.660189986
vt 0.457803994 0.660189986
vt 0.454526991 0.656495988
vt 0.458171993 0.659851015
vt 0.457803994 0.660189986
vt 0.458171993 0.659851015
vt 0.460797012 0.664035022
vt 0.460797012 0.664035022
vt 0.458171993 0.659851015
vt 0.461214989 0.66376102
vt 0.460797012 0.664035022
vt 0.461214989 0.66376102
vt 0.46311599 0.66832
vt 0.46311599 0.66832
vt 0.461214989 0.66376102
vt 0.463573009 0.668119013
vt 0.46311599 0.66832
vt 0.463573009 0.668119013
vt 0.464697987 0.672927976
vt 0.464697987 0.672927976
vt 0.463573009 0.668119013
vt 0.465182006 0.672805011
vt 0.464697987 0.672927976
vt 0.465182006 0.672805011
vt 0.465499997 0.677734017
vt 0.465499997 0.677734017
vt 0.465182006 0.672805011
vt 0.465997994 0.677693009
vt 0 0.677734017
vt 0.000500000024 0.677693009
vt 0 0.682605982
vt 0 0.682605982
vt 0.000500000024 0.677693009
vt 0.000500000024 0.68264699
vt 0.465499997 0.682605982
vt 0.465997994 0.68264699
vt 0.464697987 0.687412024
vt 0.464697987 0.687412024
vt 0.465997994 0.68264699
vt 0.465182006 0.687534988
vt 0.464697987 0.687412024
vt 0.465182006 0.687534988
vt 0.46311599 0.692019999
vt 0.46311599 0.692019999
vt 0.465182006 0.687534988
vt 0.463573009 0.692220986
vt 0.46311599 0.692019999
vt 0.463573009 0.692220986
vt 0.460797012 0.696304977
vt 0.460797012 0.696304977
vt 0.463573009 0.692220986
vt 0.461214989 0.696578026
vt 0.460797012 0.696304977
vt 0.461214989 0.696578026
vt 0.457803994 0.700150013
vt 0.457803994 0.700150013
vt 0.461214989 0.696578026
vt 0.458171993 0.700487971
vt 0.457803994 0.700150013
vt 0.458171993 0.700487971
vt 0.454219997 0.703450024
vt 0.454219997 0.703450024
vt 0.458171993 0.700487971
vt 0.454526991 0.703844011
vt 0.454219997 0.703450024
vt 0.454526991 0.703844011
vt 0.450141013 0.706113994
vt 0.450141013 0.706113994
vt 0.454526991 0.703844011
vt 0.450379014 0.706553996
vt 0.450141013 0.706113994
vt 0.450379014 0.706553996
vt 0.445679009 0.708072007
vt 0.445679009 0.708072007
vt 0.450379014 0.706553996
vt 0.445841014 0.708544016
vt 0.445679009 0.708072007
vt 0.445841014 0.708544016
vt 0.440955997 0.709267974
vt 0.440955997 0.709267974
vt 0.445841014 0.708544016
vt 0.441038013 0.709761024
vt 0.440955997 0
vt 0.441038013 0.000500000024
vt 0.436100006 0
vt 0.436100006 0
vt 0.441038013 0.000500000024
vt 0.436100006 0.000500000024
vt -0.436100006 0.00866699964
vt -0.436100006 0.000500000024
vt -0.431244999 0.00866699964
vt -0.431244999 0.00866699964
vt -0.436100006 0.000500000024
vt -0.431162 0.000500000024
vt -0.431244999 0.00866699964
vt -0.431162 0.000500000024
vt -0.426521987 0.00866699964
vt -0.426521987 0.00866699964
vt -0.431162 0.000500000024
vt -0.426358998 0.000500000024
vt -0.426521987 0.00866699964
vt -0.426358998 0.000500000024
vt -0.422060013 0.00866699964
vt -0.422060013 0.00866699964
vt -0.426358998 0.000500000024
vt -0.421822011 0.000500000024
vt -0.422060013 0.00866699964
vt -0.421822011 0.000500000024
vt -0.417980999 0.00866699964
vt -0.417980999 0.00866699964
vt -0.421822011 0.000500000024
vt -0.417674005 0.000500000024
vt -0.417980999 0.00866699964
vt -0.417674005 0.000500000024
vt -0.414395988 0.00866699964
vt -0.414395988 0.00866699964
vt -0.417674005 0.000500000024
vt -0.414029002 0.000500000024
vt -0.00866699964 0.660189986
vt -0.000500000024 0.659851015
vt -0.00866699964 0.664035022
vt -0.00866699964 0.664035022
vt -0.000500000024 0.659851015
vt -0.000500000024 0.66376102
vt -0.00866699964 0.664035022
vt -0.000500000024 0.66376102
vt -0.00866699964 0.66832
vt -0.00866699964 0.66832
vt -0.000500000024 0.66376102
vt -0.000500000024 0.668119013
vt -0.00866699964 0.66832
vt -0.000500000024 0.668119013
vt -0.00866699964 0.672927976
vt -0.00866699964 0.672927976
vt -0.000500000024 0.668119013
vt -0.000500000024 0.672805011
vt -0.00866699964 0.672927976
vt -0.000500000024 0.672805011
vt -0.00866699964 0.677734017
vt -0.00866699964 0.677734017
vt -0.000500000024 0.672805011
vt -0.000500000024 0.677693009
vt -0.00866699964 0.677734017
vt -0.000500000024 0.677693009
vt -0.00866699964 0.682605982
vt -0.00866699964 0.682605982
vt -0.000500000024 0.677693009
vt -0.000500000024 0.68264699
vt -0.00866699964 0.682605982
vt -0.000500000024 0.68264699
vt -0.00866699964 0.687412024
vt -0.00866699964 0.687412024
vt -0.000500000024 0.68264699
vt -0.000500000024 0.687534988
vt -0.00866699964 0.687412024
vt -0.000500000024 0.687534988
vt -0.00866699964 0.692019999
vt -0.00866699964 0.692019999
vt -0.000500000024 0.687534988
vt -0.000500000024 0.692220986
vt -0.00866699964 0.692019999
vt -0.000500000024 0.692220986
vt -0.00866699964 0.696304977
vt -0.00866699964 0.696304977
vt -0.000500000024 0.692220986
vt -0.000500000024 0.696578026
vt -0.00866699964 0.696304977
vt -0.000500000024 0.696578026
vt -0.00866699964 0.700150013
vt -0.00866699964 0.700150013
vt -0.000500000024 0.696578026
vt -0.000500000024 0.700487971
vt 0.414395988 0.00866699964
vt 0.414029002 0.000500000024
vt 0.417980999 0.00866699964
vt 0.417980999 0.00866699964
vt 0.414029002 0.000500000024
vt 0.417674005 0.000500000024
vt 0.417980999 0.00866699964
vt 0.417674005 0.000500000024
vt 0.422060013 0.00866699964
vt 0.422060013 0.00866699964
vt 0.417674005 0.000500000024
vt 0.421822011 0.000500000024
vt 0.422060013 0.00866699964
vt 0.421822011 0.000500000024
vt 0.426521987 0.00866699964
vt 0.426521987 0.00866699964
vt 0.421822011 0.000500000024
vt 0.426358998 0.000500000024
vt 0.426521987 0.00866699964
vt 0.426358998 0.000500000024
vt 0.431244999 0.00866699964
vt 0.431244999 0.00866699964
vt 0.426358998 0.000500000024
vt 0.431162 0.000500000024
vt 0.431244999 0.00866699964
vt 0.431162 0.000500000024
vt 0.436100006 0.00866699964
vt 0.436100006 0.00866699964
vt 0.431162 0.000500000024
vt 0.436100006 0.000500000024
vt -0.436100006 0.000500000024
vt -0.436100006 0.00866699964
vt -0.441038013 0.000500000024
vt -0.441038013 0.000500000024
vt -0.436100006 0.00866699964
vt -0.440955997 0.00866699964
vt -0.441038013 0.000500000024
vt -0.440955997 0.00866699964
vt -0.445841014 0.000500000024
vt -0.445841014 0.000500000024
vt -0.440955997 0.00866699964
vt -0.445679009 0.00866699964
vt -0.445841014 0.000500000024
vt -0.445679009 0.00866699964
vt -0.450379014 0.000500000024
vt -0.450379014 0.000500000024
vt -0.445679009 0.00866699964
vt -0.450141013 0.00866699964
vt -0.450379014 0.000500000024
vt -0.450141013 0.00866699964
vt -0.454526991 0.000500000024
vt -0.454526991 0.000500000024
vt -0.450141013 0.00866699964
vt -0.454219997 0.00866699964
vt -0.454526991 0.000500000024
vt -0.454219997 0.00866699964
vt -0.458171993 0.000500000024
vt -0.458171993 0.000500000024
vt -0.454219997 0.00866699964
vt -0.457803994 0.00866699964
vt 0.000500000024 0.659851015
vt 0.00866699964 0.660189986
vt 0.000500000024 0.66376102
vt 0.000500000024 0.66376102
vt 0.00866699964 0.660189986
vt 0.00866699964 0.664035022
vt 0.000500000024 0.66376102
vt 0.00866699964 0.664035022
vt 0.000500000024 0.668119013
vt 0.000500000024 0.668119013
vt 0.00866699964 0.664035022
vt 0.00866699964 0.66832
vt 0.000500000024 0.668119013
vt 0.00866699964 0.66832
vt 0.000500000024 0.672805011
vt 0.000500000024 0.672805011
vt 0.00866699964 0.66832
vt 0.00866699964 0.672927976
vt 0.000500000024 0.672805011
vt 0.00866699964 0.672927976
vt 0.000500000024 0.677693009
vt 0.000500000024 0.677693009
vt 0.00866699964 0.672927976
vt 0.00866699964 0.677734017
vt 0.000500000024 0.677693009
vt 0.00866699964 0.677734017
vt 0.000500000024 0.68264699
vt 0.000500000024 0.68264699
vt 0.00866699964 0.677734017
vt 0.00866699964 0.682605982
vt 0.000500000024 0.68264699
vt 0.00866699964 0.682605982
vt 0.000500000024 0.687534988
vt 0.000500000024 0.687534988
vt 0.00866699964 0.682605982
vt 0.00866699964 0.687412024
vt 0.000500000024 0.687534988
vt 0.00866699964 0.687412024
vt 0.000500000024 0.692220986
vt 0.000500000024 0.692220986
vt 0.00866699964 0.687412024
vt 0.00866699964 0.692019999
vt 0.000500000024 0.692220986
vt 0.00866699964 0.692019999
vt 0.000500000024 0.696578026
vt 0.000500000024 0.696578026
vt 0.00866699964 0.692019999
vt 0.00866699964 0.696304977
vt 0.000500000024 0.696578026
vt 0.00866699964 0.696304977
vt 0.000500000024 0.700487971
vt 0.000500000024 0.700487971
vt 0.00866699964 0.696304977
vt 0.00866699964 0.700150013
vt 0.458171993 0.000500000024
vt 0.457803994 0.00866699964
vt 0.454526991 0.000500000024
vt 0.454526991 0.000500000024
vt 0.457803994 0.00866699964
vt 0.454219997 0.00866699964
vt 0.454526991 0.000500000024
vt 0.454219997 0.00866699964
vt 0.450379014 0.000500000024
vt 0.450379014 0.000500000024
vt 0.454219997 0.00866699964
vt 0.450141013 0.00866699964
vt 0.450379014 0.000500000024
vt 0.450141013 0.00866699964
vt 0.445841014 0.000500000024
vt 0.445841014 0.000500000024
vt 0.450141013 0.00866699964
vt 0.445679009 0.00866699964
vt 0.445841014 0.000500000024
vt 0.445679009 0.00866699964
vt 0.441038013 0.000500000024
vt 0.441038013 0.000500000024
vt 0.445679009 0.00866699964
vt 0.440955997 0.00866699964
vt 0.441038013 0.000500000024
vt 0.440955997 0.00866699964
vt 0.436100006 0.000500000024
vt 0.436100006 0.000500000024
vt 0.440955997 0.00866699964
vt 0.436100006 0.00866699964
vt -0.436100006 0.650669992
vt -0.431244999 0.651072025
vt -0.436100006 0.661916018
vt -0.0150229996 0.661916018
vt -0.00866699964 0.651072025
vt -0.00866699964 0.651072025
vt -0.436100006 0.661916018
vt -0.431244999 0.651072025
vt -0.431371003 0.662539005
vt -0.431371003 0.662539005
vt -0.431244999 0.651072025
vt -0.426521987 0.652267992
vt -0.431371003 0.662539005
vt -0.426521987 0.652267992
vt -0.426970005 0.66436398
vt -0.426970005 0.66436398
vt -0.426521987 0.652267992
vt -0.422060013 0.654224992
vt -0.0150229996 0.66436398
vt -0.00866699964 0.654224992
vt -0.0150229996 0.66436398
vt -0.426970005 0.66436398
vt -0.422060013 0.654224992
vt -0.417980999 0.656889975
vt -0.426970005 0.66436398
vt -0.417980999 0.656889975
vt -0.423191011 0.667264998
vt -0.423191011 0.667264998
vt -0.417980999 0.656889975
vt -0.414395988 0.660189986
vt -0.0150229996 0.667264998
vt -0.00866699964 0.660189986
vt -0.0150229996 0.667264998
vt -0.423191011 0.667264998
vt -0.414395988 0.660189986
vt -0.411404014 0.664035022
vt -0.423191011 0.667264998
vt -0.411404014 0.664035022
vt -0.420289993 0.671047986
vt -0.420289993 0.671047986
vt -0.411404014 0.664035022
vt -0.409085006 0.66832
vt -0.420289993 0.671047986
vt -0.409085006 0.66832
vt -0.418467999 0.675446987
vt -0.418467999 0.675446987
vt -0.409085006 0.66832
vt -0.407503009 0.672927976
vt -0.0150229996 0.675446987
vt -0.00866699964 0.672927976
vt -0.0150229996 0.675446987
vt -0.418467999 0.675446987
vt -0.407503009 0.672927976
vt -0.406700999 0.677734017
vt -0.418467999 0.675446987
vt -0.406700999 0.677734017
vt -0.417847008 0.680175006
vt -0.417847008 0.680175006
vt -0.406700999 0.677734017
vt -0.406700999 0.682605982
vt -0.417847008 0.680175006
vt -0.406700999 0.682605982
vt -0.418469012 0.684895992
vt -0.418469012 0.684895992
vt -0.406700999 0.682605982
vt -0.407503009 0.687412024
vt -0.0150229996 0.684895992
vt -0.00866699964 0.687412024
vt -0.0150229996 0.684895992
vt -0.418469012 0.684895992
vt -0.407503009 0.687412024
vt -0.409085006 0.692019999
vt -0.418469012 0.684895992
vt -0.409085006 0.692019999
vt -0.420293987 0.689300001
vt -0.420293987 0.689300001
vt -0.409085006 0.692019999
vt -0.411404014 0.696304977
vt -0.420293987 0.689300001
vt -0.411404014 0.696304977
vt -0.423195988 0.693080008
vt -0.423195988 0.693080008
vt -0.411404014 0.696304977
vt -0.414395988 0.700150013
vt -0.0150229996 0.693080008
vt -0.00866699964 0.700150013
vt -0.0150229996 0.693080008
vt -0.423195988 0.693080008
vt -0.414395988 0.700150013
vt -0.417980999 0.703450024
vt -0.423195988 0.693080008
vt -0.417980999 0.703450024
vt -0.426975012 0.695978999
vt -0.426975012 0.695978999
vt -0.417980999 0.703450024
vt -0.422060013 0.706113994
vt -0.0150229996 0.695978999
vt -0.00866699964 0.706113994
vt -0.0150229996 0.695978999
vt -0.426975012 0.695978999
vt -0.422060013 0.706113994
vt -0.426521987 0.708072007
vt -0.426975012 0.695978999
vt -0.426521987 0.708072007
vt -0.431380987 0.69780302
vt -0.431380987 0.69780302
vt -0.426521987 0.708072007
vt -0.431244999 0.709267974
vt -0.431380987 0.69780302
vt -0.431244999 0.709267974
vt -0.436100006 0.698423982
vt -0.436100006 0.698423982
vt -0.431244999 0.709267974
vt -0.436100006 0.709670007
vt -0.436100006 0.650669992
vt -0.436100006 0.661916018
vt -0.440955997 0.651072025
vt -0.440955997 0.651072025
vt -0.436100006 0.661916018
vt -0.440820009 0.662536979
vt -0.440955997 0.651072025
vt -0.440820009 0.662536979
vt -0.445679009 0.652267992
vt -0.445679009 0.652267992
vt -0.440820009 0.662536979
vt -0.445225 0.664359987
vt -0.445679009 0.652267992
vt -0.445225 0.664359987
vt -0.450141013 0.654224992
vt -0.00866699964 0.654224992
vt -0.0150229996 0.664359987
vt -0.0150229996 0.664359987
vt -0.450141013 0.654224992
vt -0.445225 0.664359987
vt -0.454219997 0.656889975
vt -0.454219997 0.656889975
vt -0.445225 0.664359987
vt -0.449003994 0.667259991
vt -0.454219997 0.656889975
vt -0.449003994 0.667259991
vt -0.457803994 0.660189986
vt -0.00866699964 0.660189986
vt -0.0150229996 0.667259991
vt -0.0150229996 0.667259991
vt -0.457803994 0.660189986
vt -0.449003994 0.667259991
vt -0.460797012 0.664035022
vt -0.460797012 0.664035022
vt -0.449003994 0.667259991
vt -0.451907009 0.671039999
vt -0.460797012 0.664035022
vt -0.451907009 0.671039999
vt -0.46311599 0.66832
vt -0.46311599 0.66832
vt -0.451907009 0.671039999
vt -0.453732014 0.675444007
vt -0.46311599 0.66832
vt -0.453732014 0.675444007
vt -0.464697987 0.672927976
vt -0.00866699964 0.672927976
vt -0.0150229996 0.675444007
vt -0.0150229996 0.675444007
vt -0.464697987 0.672927976
vt -0.453732014 0.675444007
vt -0.465499997 0.677734017
vt -0.465499997 0.677734017
vt -0.453732014 0.675444007
vt -0.454353988 0.680164993
vt -0.465499997 0.677734017
vt -0.454353988 0.680164993
vt -0.465499997 0.682605982
vt -0.465499997 0.682605982
vt -0.454353988 0.680164993
vt -0.453732997 0.684893012
vt -0.465499997 0.682605982
vt -0.453732997 0.684893012
vt -0.464697987 0.687412024
vt -0.00866699964 0.687412024
vt -0.0150229996 0.684893012
vt -0.0150229996 0.684893012
vt -0.464697987 0.687412024
vt -0.453732997 0.684893012
vt -0.46311599 0.692019999
vt -0.46311599 0.692019999
vt -0.453732997 0.684893012
vt -0.451911002 0.689292014
vt -0.46311599 0.692019999
vt -0.451911002 0.689292014
vt -0.460797012 0.696304977
vt -0.460797012 0.696304977
vt -0.451911002 0.689292014
vt -0.449010015 0.693075001
vt -0.460797012 0.696304977
vt -0.449010015 0.693075001
vt -0.457803994 0.700150013
vt -0.00866699964 0.700150013
vt -0.0150229996 0.693075001
vt -0.0150229996 0.693075001
vt -0.457803994 0.700150013
vt -0.449010015 0.693075001
vt -0.454219997 0.703450024
vt -0.454219997 0.703450024
vt -0.449010015 0.693075001
vt -0.445230007 0.695976019
vt -0.454219997 0.703450024
vt -0.445230007 0.695976019
vt -0.450141013 0.706113994
vt -0.00866699964 0.706113994
vt -0.0150229996 0.695976019
vt -0.0150229996 0.695976019
vt -0.450141013 0.706113994
vt -0.445230007 0.695976019
vt -0.445679009 0.708072007
vt -0.445679009 0.708072007
vt -0.445230007 0.695976019
vt -0.440829009 0.697799981
vt -0.445679009 0.708072007
vt -0.440829009 0.697799981
vt -0.440955997 0.709267974
vt -0.440955997 0.709267974
vt -0.440829009 0.697799981
vt -0.436100006 0.698423982
vt -0.440955997 0.709267974
vt -0.436100006 0.698423982
vt -0.436100006 0.709670007
vt -0.443892986 0.684671998
vt -0.445100009 0.68017298
vt -0.440598994 0.687964976
vt -0.0615000017 0.687964976
vt -0.0615000017 0.68017298
vt -0.0615000017 0.68017298
vt -0.440598994 0.687964976
vt -0.445100009 0.68017298
vt -0.436100006 0.689170003
vt -0.436100006 0.689170003
vt -0.445100009 0.68017298
vt -0.443895996 0.675671995
vt -0.436100006 0.689170003
vt -0.443895996 0.675671995
vt -0.431598991 0.687963009
vt -0.431598991 0.687963009
vt -0.443895996 0.675671995
vt -0.440602005 0.67237699
vt -0.431598991 0.687963009
vt -0.440602005 0.67237699
vt -0.428305 0.684668005
vt -0.428305 0.684668005
vt -0.440602005 0.67237699
vt -0.436100006 0.671169996
vt -0.428305 0.684668005
vt -0.436100006 0.671169996
vt -0.427100003 0.680167019
vt -0.427100003 0.680167019
vt -0.436100006 0.671169996
vt -0.431600988 0.672375023
vt -0.427100003 0.680167019
vt -0.431600988 0.672375023
vt -0.428306997 0.675668001
vt 0.436100006 0.0215000007
vt 0.440598994 0.0215000007
vt 0.436100006 0.0615000017
vt -0.0615000017 0.689170003
vt -0.0215000007 0.687964976
vt -0.0215000007 0.687964976
vt 0.436100006 0.0615000017
vt 0.440598994 0.0215000007
vt 0.440598994 0.0615000017
vt 0.440598994 0.0615000017
vt 0.440598994 0.0215000007
vt 0.443892986 0.0215000007
vt 0.440598994 0.0615000017
vt 0.443892986 0.0215000007
vt 0.443892986 0.0615000017
vt 0.0615000017 0.684671998
vt 0.0215000007 0.684671998
vt 0.0215000007 0.68017298
vt 0.0615000017 0.684671998
vt 0.0215000007 0.68017298
vt 0.0615000017 0.68017298
vt 0.0615000017 0.68017298
vt 0.0215000007 0.68017298
vt 0.0215000007 0.675671995
vt 0.0615000017 0.68017298
vt 0.0215000007 0.675671995
vt 0.0615000017 0.675671995
vt 0.0615000017 0.675671995
vt 0.0215000007 0.675671995
vt 0.0215000007 0.67237699
vt 0.0615000017 0.675671995
vt 0.0215000007 0.67237699
vt 0.0615000017 0.67237699
vt -0.440602005 0.0615000017
vt -0.440602005 0.0215000007
vt -0.436100006 0.0215000007
vt -0.440602005 0.0615000017
vt -0.436100006 0.0215000007
vt -0.436100006 0.0615000017
vt 0.436100006 0.0615000017
vt 0.431598991 0.0615000017
vt 0.436100006 0.0215000007
vt -0.0215000007 0.689170003
vt -0.0615000017 0.687963009
vt -0.0615000017 0.687963009
vt 0.436100006 0.0215000007
vt 0.431598991 0.0615000017
vt 0.431598991 0.0215000007
vt -0.0215000007 0.687963009
vt -0.0615000017 0.687963009
vt -0.0615000017 0.684668005
vt -0.0215000007 0.687963009
vt -0.0615000017 0.684668005
vt -0.0215000007 0.684668005
vt -0.0215000007 0.684668005
vt -0.0615000017 0.684668005
vt -0.0615000017 0.680167019
vt -0.0215000007 0.684668005
vt -0.0615000017 0.680167019
vt -0.0215000007 0.680167019
vt -0.0215000007 0.680167019
vt -0.0615000017 0.680167019
vt -0.0615000017 0.675668001
vt -0.0215000007 0.680167019
vt -0.0615000017 0.675668001
vt -0.0215000007 0.675668001
vt -0.428306997 0.0215000007
vt -0.428306997 0.0615000017
vt -0.431600988 0.0615000017
vt -0.428306997 0.0215000007
vt -0.431600988 0.0615000017
vt -0.431600988 0.0215000007
vt -0.431600988 0.0215000007
vt -0.431600988 0.0615000017
vt -0.436100006 0.0615000017
vt -0.431600988 0.0215000007
vt -0.436100006 0.0615000017
vt -0.436100006 0.0215000007
vt -0.436100006 0.0176669993
vt -0.431596994 0.0176669993
vt -0.436100006 0.0215000007
vt -0.0215000007 0.664170027
vt -0.0176669993 0.664816976
vt -0.0176669993 0.664816976
vt -0.436100006 0.0215000007
vt -0.431596994 0.0176669993
vt -0.431589991 0.0215000007
vt -0.431589991 0.0215000007
vt -0.431596994 0.0176669993
vt -0.427453995 0.0176669993
vt -0.431589991 0.0215000007
vt -0.427453995 0.0176669993
vt -0.427446008 0.0215000007
vt -0.427446008 0.0215000007
vt -0.427453995 0.0176669993
vt -0.424010009 0.0176669993
vt -0.427446008 0.0215000007
vt -0.424010009 0.0176669993
vt -0.424005985 0.0215000007
vt -0.0215000007 0.66969502
vt -0.0176669993 0.669691026
vt -0.0176669993 0.673521996
vt -0.0215000007 0.66969502
vt -0.0176669993 0.673521996
vt -0.0215000007 0.673524022
vt -0.0215000007 0.673524022
vt -0.0176669993 0.673521996
vt -0.0176669993 0.677887976
vt -0.0215000007 0.673524022
vt -0.0176669993 0.677887976
vt -0.0215000007 0.677896976
vt -0.0215000007 0.677896976
vt -0.0176669993 0.677887976
vt -0.0176669993 0.682443023
vt -0.0215000007 0.677896976
vt -0.0176669993 0.682443023
vt -0.0215000007 0.68245101
vt -0.0215000007 0.68245101
vt -0.0176669993 0.682443023
vt -0.0176669993 0.686815977
vt -0.0215000007 0.68245101
vt -0.0176669993 0.686815977
vt -0.0215000007 0.686818004
vt -0.0215000007 0.686818004
vt -0.0176669993 0.686815977
vt -0.0176669993 0.690644979
vt -0.0215000007 0.686818004
vt -0.0176669993 0.690644979
vt -0.0215000007 0.690648973
vt 0.424010009 0.0215000007
vt 0.424005985 0.0176669993
vt 0.427446008 0.0176669993
vt 0.424010009 0.0215000007
vt 0.427446008 0.0176669993
vt 0.427453995 0.0215000007
vt 0.427453995 0.0215000007
vt 0.427446008 0.0176669993
vt 0.431589991 0.0176669993
vt 0.427453995 0.0215000007
vt 0.431589991 0.0176669993
vt 0.431596994 0.0215000007
vt 0.431596994 0.0215000007
vt 0.431589991 0.0176669993
vt 0.436100006 0.0176669993
vt 0.431596994 0.0215000007
vt 0.436100006 0.0176669993
vt 0.436100006 0.0215000007
vt -0.436100006 0.0215000007
vt -0.440604001 0.0215000007
vt -0.436100006 0.0176669993
vt -0.0176669993 0.664170027
vt -0.0215000007 0.664816976
vt -0.0215000007 0.664816976
vt -0.436100006 0.0176669993
vt -0.440604001 0.0215000007
vt -0.440611005 0.0176669993
vt -0.440611005 0.0176669993
vt -0.440604001 0.0215000007
vt -0.444747001 0.0215000007
vt -0.440611005 0.0176669993
vt -0.444747001 0.0215000007
vt -0.444754004 0.0176669993
vt -0.444754004 0.0176669993
vt -0.444747001 0.0215000007
vt -0.448190987 0.0215000007
vt -0.444754004 0.0176669993
vt -0.448190987 0.0215000007
vt -0.448193997 0.0176669993
vt 0.0176669993 0.66969502
vt 0.0215000007 0.669691026
vt 0.0215000007 0.673521996
vt 0.0176669993 0.66969502
vt 0.0215000007 0.673521996
vt 0.0176669993 0.673524022
vt 0.0176669993 0.673524022
vt 0.0215000007 0.673521996
vt 0.0215000007 0.677887976
vt 0.0176669993 0.673524022
vt 0.0215000007 0.677887976
vt 0.0176669993 0.677896976
vt 0.0176669993 0.677896976
vt 0.0215000007 0.677887976
vt 0.0215000007 0.682443023
vt 0.0176669993 0.677896976
vt 0.0215000007 0.682443023
vt 0.0176669993 0.68245101
vt 0.0176669993 0.68245101
vt 0.0215000007 0.682443023
vt 0.0215000007 0.686815977
vt 0.0176669993 0.68245101
vt 0.0215000007 0.686815977
vt 0.0176669993 0.686818004
vt 0.0176669993 0.686818004
vt 0.0215000007 0.686815977
vt 0.0215000007 0.690644979
vt 0.0176669993 0.686818004
vt 0.0215000007 0.690644979
vt 0.0176669993 0.690648973
vt 0.448190987 0.0176669993
vt 0.448193997 0.0215000007
vt 0.444754004 0.0215000007
vt 0.448190987 0.0176669993
vt 0.444754004 0.0215000007
vt 0.444747001 0.0176669993
vt 0.444747001 0.0176669993
vt 0.444754004 0.0215000007
vt 0.440611005 0.0215000007
vt 0.444747001 0.0176669993
vt 0.440611005 0.0215000007
vt 0.440604001 0.0176669993
vt 0.440604001 0.0176669993
vt 0.440611005 0.0215000007
vt 0.436100006 0.0215000007
vt 0.440604001 0.0176669993
vt 0.436100006 0.0215000007
vt 0.436100006 0.0176669993
vt -0.436100006 0.696669996
vt -0.440744996 0.696002007
vt -0.436100006 0.696169972
vt -0.0176669993 0.696169972
vt -0.0171670001 0.696002007
vt -0.0171670001 0.696002007
vt -0.436100006 0.696169972
vt -0.440744996 0.696002007
vt -0.440604001 0.695523024
vt -0.440604001 0.695523024
vt -0.440744996 0.696002007
vt -0.44501701 0.694052994
vt -0.440604001 0.695523024
vt -0.44501701 0.694052994
vt -0.444747001 0.693632007
vt -0.444747001 0.693632007
vt -0.44501701 0.694052994
vt -0.448569 0.690976977
vt -0.444747001 0.693632007
vt -0.448569 0.690976977
vt -0.448190987 0.690648973
vt -0.448190987 0.690648973
vt -0.448569 0.690976977
vt -0.451108009 0.687026024
vt -0.448190987 0.690648973
vt -0.451108009 0.687026024
vt -0.450652987 0.686818004
vt -0.450652987 0.686818004
vt -0.451108009 0.687026024
vt -0.452430993 0.682523012
vt -0.450652987 0.686818004
vt -0.452430993 0.682523012
vt -0.451936007 0.68245101
vt 0.0176669993 0.68245101
vt 0.0171670001 0.682523012
vt 0.0171670001 0.677825987
vt 0.0176669993 0.68245101
vt 0.0171670001 0.677825987
vt 0.0176669993 0.677896976
vt -0.451938003 0.677896976
vt -0.45243299 0.677825987
vt -0.451110005 0.673317015
vt -0.451938003 0.677896976
vt -0.451110005 0.673317015
vt -0.450655013 0.673524022
vt -0.450655013 0.673524022
vt -0.451110005 0.673317015
vt -0.44857201 0.669367015
vt -0.450655013 0.673524022
vt -0.44857201 0.669367015
vt -0.448193997 0.66969502
vt -0.448193997 0.66969502
vt -0.44857201 0.669367015
vt -0.445024997 0.666292012
vt -0.448193997 0.66969502
vt -0.445024997 0.666292012
vt -0.444754004 0.666712999
vt -0.444754004 0.666712999
vt -0.445024997 0.666292012
vt -0.440752 0.664339006
vt -0.444754004 0.666712999
vt -0.440752 0.664339006
vt -0.440611005 0.664819002
vt -0.440611005 0.0176669993
vt -0.440752 0.0171670001
vt -0.436100006 0.0171670001
vt -0.440611005 0.0176669993
vt -0.436100006 0.0171670001
vt -0.436100006 0.0176669993
vt -0.436100006 0.696169972
vt -0.431589991 0.695520997
vt -0.436100006 0.696669996
vt -0.0171670001 0.696669996
vt -0.0176669993 0.695520997
vt -0.0176669993 0.695520997
vt 0.436100006 0.0171670001
vt 0.431589991 0.0176669993
vt 0.431448996 0.0171670001
vt -0.431448996 0.696000993
vt -0.431589991 0.695520997
vt -0.427446008 0.693627
vt -0.431448996 0.696000993
vt -0.427446008 0.693627
vt -0.427175999 0.694047987
vt -0.427175999 0.694047987
vt -0.427446008 0.693627
vt -0.424005985 0.690644979
vt -0.427175999 0.694047987
vt -0.424005985 0.690644979
vt -0.423628986 0.690971971
vt -0.423628986 0.690971971
vt -0.424005985 0.690644979
vt -0.421546012 0.686815977
vt -0.423628986 0.690971971
vt -0.421546012 0.686815977
vt -0.42109099 0.687022984
vt -0.42109099 0.687022984
vt -0.421546012 0.686815977
vt -0.420262992 0.682443023
vt -0.42109099 0.687022984
vt -0.420262992 0.682443023
vt -0.419768006 0.682514012
vt -0.0171670001 0.682514012
vt -0.0176669993 0.682443023
vt -0.0176669993 0.677887976
vt -0.0171670001 0.682514012
vt -0.0176669993 0.677887976
vt -0.0171670001 0.677816987
vt -0.419768989 0.677816987
vt -0.420264006 0.677887976
vt -0.421546996 0.673521996
vt -0.419768989 0.677816987
vt -0.421546996 0.673521996
vt -0.421092004 0.673313975
vt -0.421092004 0.673313975
vt -0.421546996 0.673521996
vt -0.424010009 0.669691026
vt -0.421092004 0.673313975
vt -0.424010009 0.669691026
vt -0.423631996 0.669363022
vt -0.423631996 0.669363022
vt -0.424010009 0.669691026
vt -0.427453995 0.666707993
vt -0.423631996 0.669363022
vt -0.427453995 0.666707993
vt -0.427183986 0.666287005
vt -0.427183986 0.666287005
vt -0.427453995 0.666707993
vt -0.431596994 0.664816976
vt -0.427183986 0.666287005
vt -0.431596994 0.664816976
vt -0.431456 0.664336979
vt -0.431456 0.664336979
vt -0.431596994 0.664816976
vt -0.436100006 0.664170027
vt -0.431456 0.0171670001
vt -0.436100006 0.0176669993
vt -0.436100006 0.0171670001
vt -0.436100006 0.0150229996
vt -0.431371003 0.0150229996
vt -0.436100006 0.0154579999
vt -0.0154579999 0.662169993
vt -0.0150229996 0.662539005
vt -0.0150229996 0.662539005
vt -0.436100006 0.0154579999
vt -0.431371003 0.0150229996
vt -0.431446999 0.0154579999
vt -0.431446999 0.0154579999
vt -0.431371003 0.0150229996
vt -0.426970005 0.0150229996
vt -0.431446999 0.0154579999
vt -0.426970005 0.0150229996
vt -0.427102 0.0154579999
vt -0.427102 0.0154579999
vt -0.426970005 0.0150229996
vt -0.423191011 0.0150229996
vt -0.427102 0.0154579999
vt -0.423191011 0.0150229996
vt -0.423375994 0.0154579999
vt -0.0154579999 0.667438984
vt -0.0150229996 0.667264998
vt -0.0150229996 0.671047986
vt -0.0154579999 0.667438984
vt -0.0150229996 0.671047986
vt -0.0154579999 0.671167016
vt -0.0154579999 0.671167016
vt -0.0150229996 0.671047986
vt -0.0150229996 0.675446987
vt -0.0154579999 0.671167016
vt -0.0150229996 0.675446987
vt -0.0154579999 0.675508976
vt -0.0154579999 0.675508976
vt -0.0150229996 0.675446987
vt -0.0150229996 0.680175006
vt -0.0154579999 0.675508976
vt -0.0150229996 0.680175006
vt -0.0154579999 0.680164993
vt -0.0154579999 0.680164993
vt -0.0150229996 0.680175006
vt -0.0150229996 0.684895992
vt -0.0154579999 0.680164993
vt -0.0150229996 0.684895992
vt -0.0154579999 0.684827983
vt -0.0154579999 0.684827983
vt -0.0150229996 0.684895992
vt -0.0150229996 0.689300001
vt -0.0154579999 0.684827983
vt -0.0150229996 0.689300001
vt -0.0154579999 0.689164996
vt -0.0154579999 0.689164996
vt -0.0150229996 0.689300001
vt -0.0150229996 0.693080008
vt -0.0154579999 0.689164996
vt -0.0150229996 0.693080008
vt -0.0154579999 0.692896008
vt 0.423370004 0.0154579999
vt 0.423195988 0.0150229996
vt 0.426975012 0.0150229996
vt 0.423370004 0.0154579999
vt 0.426975012 0.0150229996
vt 0.427098006 0.0154579999
vt 0.427098006 0.0154579999
vt 0.426975012 0.0150229996
vt 0.431380987 0.0150229996
vt 0.427098006 0.0154579999
vt 0.431380987 0.0150229996
vt 0.431436986 0.0154579999
vt 0.431436986 0.0154579999
vt 0.431380987 0.0150229996
vt 0.436100006 0.0150229996
vt 0.431436986 0.0154579999
vt 0.436100006 0.0150229996
vt 0.436100006 0.0154579999
vt -0.436100006 0.0154579999
vt -0.440762997 0.0154579999
vt -0.436100006 0.0150229996
vt -0.0150229996 0.661916018
vt -0.0154579999 0.662784994
vt -0.0154579999 0.662784994
vt -0.436100006 0.0150229996
vt -0.440762997 0.0154579999
vt -0.440820009 0.0150229996
vt -0.440820009 0.0150229996
vt -0.440762997 0.0154579999
vt -0.44510299 0.0154579999
vt -0.440820009 0.0150229996
vt -0.44510299 0.0154579999
vt -0.445225 0.0150229996
vt -0.445225 0.0150229996
vt -0.44510299 0.0154579999
vt -0.448830009 0.0154579999
vt -0.445225 0.0150229996
vt -0.448830009 0.0154579999
vt -0.449003994 0.0150229996
vt 0.0150229996 0.667259991
vt 0.0154579999 0.667443991
vt 0.0154579999 0.67117399
vt 0.0150229996 0.667259991
vt 0.0154579999 0.67117399
vt 0.0150229996 0.671039999
vt 0.0150229996 0.671039999
vt 0.0154579999 0.67117399
vt 0.0154579999 0.675512016
vt 0.0150229996 0.671039999
vt 0.0154579999 0.675512016
vt 0.0150229996 0.675444007
vt 0.0150229996 0.675444007
vt 0.0154579999 0.675512016
vt 0.0154579999 0.680175006
vt 0.0150229996 0.675444007
vt 0.0154579999 0.680175006
vt 0.0150229996 0.680164993
vt 0.0150229996 0.680164993
vt 0.0154579999 0.680175006
vt 0.0154579999 0.68483001
vt 0.0150229996 0.680164993
vt 0.0154579999 0.68483001
vt 0.0150229996 0.684893012
vt 0.0150229996 0.684893012
vt 0.0154579999 0.68483001
vt 0.0154579999 0.689172983
vt 0.0150229996 0.684893012
vt 0.0154579999 0.689172983
vt 0.0150229996 0.689292014
vt 0.0150229996 0.689292014
vt 0.0154579999 0.689172983
vt 0.0154579999 0.692901015
vt 0.0150229996 0.689292014
vt 0.0154579999 0.692901015
vt 0.0150229996 0.693075001
vt 0.449010015 0.0150229996
vt 0.448825002 0.0154579999
vt 0.445098013 0.0154579999
vt 0.449010015 0.0150229996
vt 0.445098013 0.0154579999
vt 0.445230007 0.0150229996
vt 0.445230007 0.0150229996
vt 0.445098013 0.0154579999
vt 0.440753996 0.0154579999
vt 0.445230007 0.0150229996
vt 0.440753996 0.0154579999
vt 0.440829009 0.0150229996
vt 0.440829009 0.0150229996
vt 0.440753996 0.0154579999
vt 0.436100006 0.0154579999
vt 0.440829009 0.0150229996
vt 0.436100006 0.0154579999
vt 0.436100006 0.0150229996
vt -0.436100006 0.0154579999
vt -0.431446999 0.0154579999
vt -0.436100006 0.0171670001
vt -0.0171670001 0.662370026
vt -0.0154579999 0.662782013
vt -0.0154579999 0.662782013
vt -0.436100006 0.0171670001
vt -0.431446999 0.0154579999
vt -0.431436986 0.0169670004
vt -0.431436986 0.0169670004
vt -0.431446999 0.0154579999
vt -0.427102 0.0154579999
vt -0.431436986 0.0169670004
vt -0.427102 0.0154579999
vt -0.427098006 0.0169670004
vt -0.427098006 0.0169670004
vt -0.427102 0.0154579999
vt -0.423375994 0.0154579999
vt -0.427098006 0.0169670004
vt -0.423375994 0.0154579999
vt -0.423370004 0.0169670004
vt -0.0169670004 0.667443991
vt -0.0154579999 0.667438984
vt -0.0154579999 0.671167016
vt -0.0169670004 0.667443991
vt -0.0154579999 0.671167016
vt -0.0169670004 0.67117399
vt -0.0169670004 0.67117399
vt -0.0154579999 0.671167016
vt -0.0154579999 0.675508976
vt -0.0169670004 0.67117399
vt -0.0154579999 0.675508976
vt -0.0169670004 0.675512016
vt -0.0169670004 0.675512016
vt -0.0154579999 0.675508976
vt -0.0154579999 0.680164993
vt -0.0169670004 0.675512016
vt -0.0154579999 0.680164993
vt -0.0169670004 0.680175006
vt -0.0169670004 0.680175006
vt -0.0154579999 0.680164993
vt -0.0154579999 0.684827983
vt -0.0169670004 0.680175006
vt -0.0154579999 0.684827983
vt -0.0169670004 0.68483001
vt -0.0169670004 0.68483001
vt -0.0154579999 0.684827983
vt -0.0154579999 0.689164996
vt -0.0169670004 0.68483001
vt -0.0154579999 0.689164996
vt -0.0169670004 0.689172983
vt -0.0169670004 0.689172983
vt -0.0154579999 0.689164996
vt -0.0154579999 0.692896008
vt -0.0169670004 0.689172983
vt -0.0154579999 0.692896008
vt -0.0169670004 0.692901015
vt 0.423375994 0.0169670004
vt 0.423370004 0.0154579999
vt 0.427098006 0.0154579999
vt 0.423375994 0.0169670004
vt 0.427098006 0.0154579999
vt 0.427102 0.0169670004
vt 0.427102 0.0169670004
vt 0.427098006 0.0154579999
vt 0.431436986 0.0154579999
vt 0.427102 0.0169670004
vt 0.431436986 0.0154579999
vt 0.431446999 0.0169670004
vt 0.431446999 0.0169670004
vt 0.431436986 0.0154579999
vt 0.436100006 0.0154579999
vt 0.431446999 0.0169670004
vt 0.436100006 0.0154579999
vt 0.436100006 0.0171670001
vt -0.436100006 0.0171670001
vt -0.440753996 0.0169670004
vt -0.436100006 0.0154579999
vt -0.0154579999 0.662169993
vt -0.0169670004 0.662782013
vt -0.0169670004 0.662782013
vt -0.436100006 0.0154579999
vt -0.440753996 0.0169670004
vt -0.440762997 0.0154579999
vt -0.440762997 0.0154579999
vt -0.440753996 0.0169670004
vt -0.445098013 0.0169670004
vt -0.440762997 0.0154579999
vt -0.445098013 0.0169670004
vt -0.44510299 0.0154579999
vt -0.44510299 0.0154579999
vt -0.445098013 0.0169670004
vt -0.448825002 0.0169670004
vt -0.44510299 0.0154579999
vt -0.448825002 0.0169670004
vt -0.448830009 0.0154579999
vt 0.0154579999 0.667443991
vt 0.0169670004 0.667438984
vt 0.0169670004 0.671167016
vt 0.0154579999 0.667443991
vt 0.0169670004 0.671167016
vt 0.0154579999 0.67117399
vt 0.0154579999 0.67117399
vt 0.0169670004 0.671167016
vt 0.0169670004 0.675508976
vt 0.0154579999 0.67117399
vt 0.0169670004 0.675508976
vt 0.0154579999 0.675512016
vt 0.0154579999 0.675512016
vt 0.0169670004 0.675508976
vt 0.0169670004 0.680164993
vt 0.0154579999 0.675512016
vt 0.0169670004 0.680164993
vt 0.0154579999 0.680175006
vt 0.0154579999 0.680175006
vt 0.0169670004 0.680164993
vt 0.0169670004 0.684827983
vt 0.0154579999 0.680175006
vt 0.0169670004 0.684827983
vt 0.0154579999 0.68483001
vt 0.0154579999 0.68483001
vt 0.0169670004 0.684827983
vt 0.0169670004 0.689164996
vt 0.0154579999 0.68483001
vt 0.0169670004 0.689164996
vt 0.0154579999 0.689172983
vt 0.0154579999 0.689172983
vt 0.0169670004 0.689164996
vt 0.0169670004 0.692896008
vt 0.0154579999 0.689172983
vt 0.0169670004 0.692896008
vt 0.0154579999 0.692901015
vt 0.448825002 0.0154579999
vt 0.448830009 0.0169670004
vt 0.44510299 0.0169670004
vt 0.448825002 0.0154579999
vt 0.44510299 0.0169670004
vt 0.445098013 0.0154579999
vt 0.445098013 0.0154579999
vt 0.44510299 0.0169670004
vt 0.440762997 0.0169670004
vt 0.445098013 0.0154579999
vt 0.440762997 0.0169670004
vt 0.440753996 0.0154579999
vt 0.440753996 0.0154579999
vt 0.440762997 0.0169670004
vt 0.436100006 0.0171670001
vt 0.440753996 0.0154579999
vt 0.436100006 0.0171670001
vt 0.436100006 0.0154579999
vt -0.408951014 0.664301991
vt -0.412575006 0.661520004
vt -0.404729009 0.666051984
vt -0.404729009 0.666051984
vt -0.412575006 0.661520004
vt -0.415354997 0.657896996
vt -0.404729009 0.666051984
vt -0.415354997 0.657896996
vt -0.40020299 0.666648984
vt -0.40020299 0.666648984
vt -0.415354997 0.657896996
vt -0.417102993 0.653672993
vt -0.40020299 0.666648984
vt -0.417102993 0.653672993
vt -0.395669997 0.666052997
vt -0.395669997 0.666052997
vt -0.417102993 0.653672993
vt -0.417697996 0.649149001
vt -0.395669997 0.666052997
vt -0.417697996 0.649149001
vt -0.391452998 0.664305985
vt -0.391452998 0.664305985
vt -0.417697996 0.649149001
vt -0.417100012 0.644614995
vt -0.391452998 0.664305985
vt -0.417100012 0.644614995
vt -0.387825996 0.661525011
vt -0.387825996 0.661525011
vt -0.417100012 0.644614995
vt -0.415351987 0.640395999
vt -0.387825996 0.661525011
vt -0.415351987 0.640395999
vt -0.385044992 0.657902002
vt -0.385044992 0.657902002
vt -0.415351987 0.640395999
vt -0.41257 0.636771977
vt -0.385044992 0.657902002
vt -0.41257 0.636771977
vt -0.383296013 0.653681993
vt -0.383296013 0.653681993
vt -0.41257 0.636771977
vt -0.408944011 0.633991003
vt -0.383296013 0.653681993
vt -0.408944011 0.633991003
vt -0.382697999 0.649149001
vt -0.382697999 0.649149001
vt -0.408944011 0.633991003
vt -0.404725999 0.632245004
vt -0.382697999 0.649149001
vt -0.404725999 0.632245004
vt -0.383293003 0.644625008
vt -0.383293003 0.644625008
vt -0.404725999 0.632245004
vt -0.400193006 0.631649017
vt -0.383293003 0.644625008
vt -0.400193006 0.631649017
vt -0.385042012 0.640401006
vt -0.385042012 0.640401006
vt -0.400193006 0.631649017
vt -0.395666987 0.632246017
vt -0.385042012 0.640401006
vt -0.395666987 0.632246017
vt -0.387820989 0.636777997
vt -0.387820989 0.636777997
vt -0.395666987 0.632246017
vt -0.391445011 0.633994997
vt 0.408951014 0.664301991
vt 0.404729009 0.666051984
vt 0.412575006 0.661520004
vt -2.12691998 0.661520004
vt -2.12691998 0.666051984
vt -2.12691998 0.666051984
vt 0.412575006 0.661520004
vt 0.404729009 0.666051984
vt 0.415354997 0.657896996
vt 0.415354997 0.657896996
vt 0.404729009 0.666051984
vt 0.40020299 0.666648984
vt 0.415354997 0.657896996
vt 0.40020299 0.666648984
vt 0.417102993 0.653672993
vt 0.417102993 0.653672993
vt 0.40020299 0.666648984
vt 0.395669997 0.666052997
vt 0.417102993 0.653672993
vt 0.395669997 0.666052997
vt 0.417697996 0.649149001
vt 0.417697996 0.649149001
vt 0.395669997 0.666052997
vt 0.391452998 0.664305985
vt 0.417697996 0.649149001
vt 0.391452998 0.664305985
vt 0.417100012 0.644614995
vt 0.417100012 0.644614995
vt 0.391452998 0.664305985
vt 0.387825996 0.661525011
vt 0.417100012 0.644614995
vt 0.387825996 0.661525011
vt 0.415351987 0.640395999
vt 0.415351987 0.640395999
vt 0.387825996 0.661525011
vt 0.385044992 0.657902002
vt 0.415351987 0.640395999
vt 0.385044992 0.657902002
vt 0.41257 0.636771977
vt 0.41257 0.636771977
vt 0.385044992 0.657902002
vt 0.383296013 0.653681993
vt 0.41257 0.636771977
vt 0.383296013 0.653681993
vt 0.408944011 0.633991003
vt 0.408944011 0.633991003
vt 0.383296013 0.653681993
vt 0.382697999 0.649149001
vt 0.408944011 0.633991003
vt 0.382697999 0.649149001
vt 0.404725999 0.632245004
vt 0.404725999 0.632245004
vt 0.382697999 0.649149001
vt 0.383293003 0.644625008
vt 0.404725999 0.632245004
vt 0.383293003 0.644625008
vt 0.400193006 0.631649017
vt 0.400193006 0.631649017
vt 0.383293003 0.644625008
vt 0.385042012 0.640401006
vt 0.400193006 0.631649017
vt 0.385042012 0.640401006
vt 0.395666987 0.632246017
vt 0.395666987 0.632246017
vt 0.385042012 0.640401006
vt 0.387820989 0.636777997
vt 0.395666987 0.632246017
vt 0.387820989 0.636777997
vt 0.391445011 0.633994997
vt -0.408944011 0.633991003
vt -0.404725999 0.632245004
vt -0.41257 0.636771977
vt -2.12642002 0.636771977
vt -2.12642002 0.632245004
vt -2.12642002 0.632245004
vt -0.41257 0.636771977
vt -0.404725999 0.632245004
vt -0.415351987 0.640395999
vt -0.415351987 0.640395999
vt -0.404725999 0.632245004
vt -0.400193006 0.631649017
vt -0.415351987 0.640395999
vt -0.400193006 0.631649017
vt -0.417100012 0.644614995
vt -0.417100012 0.644614995
vt -0.400193006 0.631649017
vt -0.395666987 0.632246017
vt -0.417100012 0.644614995
vt -0.395666987 0.632246017
vt -0.417697996 0.649149001
vt -0.417697996 0.649149001
vt -0.395666987 0.632246017
vt -0.391445011 0.633994997
vt -0.417697996 0.649149001
vt -0.391445011 0.633994997
vt -0.417102993 0.653672993
vt -0.417102993 0.653672993
vt -0.391445011 0.633994997
vt -0.387820989 0.636777997
vt -0.417102993 0.653672993
vt -0.387820989 0.636777997
vt -0.415354997 0.657896996
vt -0.415354997 0.657896996
vt -0.387820989 0.636777997
vt -0.385042012 0.640401006
vt -0.415354997 0.657896996
vt -0.385042012 0.640401006
vt -0.412575006 0.661520004
vt -0.412575006 0.661520004
vt -0.385042012 0.640401006
vt -0.383293003 0.644625008
vt -0.412575006 0.661520004
vt -0.383293003 0.644625008
vt -0.408951014 0.664301991
vt -0.408951014 0.664301991
vt -0.383293003 0.644625008
vt -0.382697999 0.649149001
vt -0.408951014 0.664301991
vt -0.382697999 0.649149001
vt -0.404729009 0.666051984
vt -0.404729009 0.666051984
vt -0.382697999 0.649149001
vt -0.383296013 0.653681993
vt -0.404729009 0.666051984
vt -0.383296013 0.653681993
vt -0.40020299 0.666648984
vt -0.40020299 0.666648984
vt -0.383296013 0.653681993
vt -0.385044992 0.657902002
vt -0.40020299 0.666648984
vt -0.385044992 0.657902002
vt -0.395669997 0.666052997
vt -0.395669997 0.666052997
vt -0.385044992 0.657902002
vt -0.387825996 0.661525011
vt -0.395669997 0.666052997
vt -0.387825996 0.661525011
vt -0.391452998 0.664305985
vt 0.391445011 0.664301991
vt 0.387820989 0.661520004
vt 0.395666987 0.666051984
vt 0.395666987 0.666051984
vt 0.387820989 0.661520004
vt 0.385042012 0.657896996
vt 0.395666987 0.666051984
vt 0.385042012 0.657896996
vt 0.400193006 0.666648984
vt 0.400193006 0.666648984
vt 0.385042012 0.657896996
vt 0.383293003 0.653672993
vt 0.400193006 0.666648984
vt 0.383293003 0.653672993
vt 0.404725999 0.666052997
vt 0.404725999 0.666052997
vt 0.383293003 0.653672993
vt 0.382697999 0.649149001
vt 0.404725999 0.666052997
vt 0.382697999 0.649149001
vt 0.408944011 0.664305985
vt 0.408944011 0.664305985
vt 0.382697999 0.649149001
vt 0.383296013 0.644614995
vt 0.408944011 0.664305985
vt 0.383296013 0.644614995
vt 0.41257 0.661525011
vt 0.41257 0.661525011
vt 0.383296013 0.644614995
vt 0.385044992 0.640395999
vt 0.41257 0.661525011
vt 0.385044992 0.640395999
vt 0.415351987 0.657902002
vt 0.415351987 0.657902002
vt 0.385044992 0.640395999
vt 0.387825996 0.636771977
vt 0.415351987 0.657902002
vt 0.387825996 0.636771977
vt 0.417100012 0.653681993
vt 0.417100012 0.653681993
vt 0.387825996 0.636771977
vt 0.391452998 0.633991003
vt 0.417100012 0.653681993
vt 0.391452998 0.633991003
vt 0.417697996 0.649149001
vt 0.417697996 0.649149001
vt 0.391452998 0.633991003
vt 0.395669997 0.632245004
vt 0.417697996 0.649149001
vt 0.395669997 0.632245004
vt 0.417102993 0.644625008
vt 0.417102993 0.644625008
vt 0.395669997 0.632245004
vt 0.40020299 0.631649017
vt 0.417102993 0.644625008
vt 0.40020299 0.631649017
vt 0.415354997 0.640401006
vt 0.415354997 0.640401006
vt 0.40020299 0.631649017
vt 0.404729009 0.632246017
vt 0.415354997 0.640401006
vt 0.404729009 0.632246017
vt 0.412575006 0.636777997
vt 0.412575006 0.636777997
vt 0.404729009 0.632246017
vt 0.408951014 0.633994997
vt 2.07642007 0.649149001
vt 2.07642007 0.653485
vt 1.82641995 0.649149001
vt -1.82641995 0.649149001
vt -2.07642007 0.653485
vt -2.07642007 0.653485
vt 1.82641995 0.649149001
vt 2.07642007 0.653485
vt 1.82641995 0.653485
vt 1.82641995 0.653485
vt 2.07642007 0.653485
vt 2.07642007 0.656965017
vt 1.82641995 0.653485
vt 2.07642007 0.656965017
vt 1.82641995 0.656965017
vt 0.406435013 1.82641995
vt 0.406435013 2.07642007
vt 0.402424008 2.07642007
vt 0.406435013 1.82641995
vt 0.402424008 2.07642007
vt 0.402424008 1.82641995
vt 0.402424008 1.82641995
vt 0.402424008 2.07642007
vt 0.397974998 2.07642007
vt 0.402424008 1.82641995
vt 0.397974998 2.07642007
vt 0.397974998 1.82641995
vt 0.397974998 1.82641995
vt 0.397974998 2.07642007
vt 0.393965989 2.07642007
vt 0.397974998 1.82641995
vt 0.393965989 2.07642007
vt 0.393965989 1.82641995
vt -1.82641995 0.656969011
vt -2.07642007 0.656969011
vt -2.07642007 0.653488994
vt -1.82641995 0.656969011
vt -2.07642007 0.653488994
vt -1.82641995 0.653488994
vt -1.82641995 0.653488994
vt -2.07642007 0.653488994
vt -2.07642007 0.649149001
vt -1.82641995 0.653488994
vt -2.07642007 0.649149001
vt -1.82641995 0.649149001
vt 1.82641995 0.649149001
vt 1.82641995 0.644807994
vt 2.07642007 0.649149001
vt -2.07642007 0.649149001
vt -1.82641995 0.644807994
vt -1.82641995 0.644807994
vt 2.07642007 0.649149001
vt 1.82641995 0.644807994
vt 2.07642007 0.644807994
vt 2.07642007 0.644807994
vt 1.82641995 0.644807994
vt 1.82641995 0.64132899
vt 2.07642007 0.644807994
vt 1.82641995 0.64132899
vt 2.07642007 0.64132899
vt -0.40643099 2.07642007
vt -0.40643099 1.82641995
vt -0.402422011 1.82641995
vt -0.40643099 2.07642007
vt -0.402422011 1.82641995
vt -0.402422011 2.07642007
vt -0.402422011 2.07642007
vt -0.402422011 1.82641995
vt -0.397971988 1.82641995
vt -0.402422011 2.07642007
vt -0.397971988 1.82641995
vt -0.397971988 2.07642007
vt -0.397971988 2.07642007
vt -0.397971988 1.82641995
vt -0.393961012 1.82641995
vt -0.397971988 2.07642007
vt -0.393961012 1.82641995
vt -0.393961012 2.07642007
vt -2.07642007 0.641331971
vt -1.82641995 0.641331971
vt -1.82641995 0.644813001
vt -2.07642007 0.641331971
vt -1.82641995 0.644813001
vt -2.07642007 0.644813001
vt -2.07642007 0.644813001
vt -1.82641995 0.644813001
vt -1.82641995 0.649149001
vt -2.07642007 0.644813001
vt -1.82641995 0.649149001
vt -2.07642007 0.649149001
vt -1.81141996 0.649149001
vt -1.81141996 0.653936028
vt -1.82641995 0.649149001
vt -1.82641995 0.649149001
vt -1.81141996 0.653936028
vt -1.81141996 0.653936028
vt -1.82641995 0.649149001
vt -1.81141996 0.653936028
vt -1.82641995 0.653936028
vt -1.82641995 0.653936028
vt -1.81141996 0.653936028
vt -1.81141996 0.657989025
vt -1.82641995 0.653936028
vt -1.81141996 0.657989025
vt -1.82641995 0.657989025
vt 0.391360998 1.82641995
vt 0.391360998 1.81141996
vt 0.395415992 1.81141996
vt 0.391360998 1.82641995
vt 0.395415992 1.81141996
vt 0.395415992 1.82641995
vt 0.395415992 1.82641995
vt 0.395415992 1.81141996
vt 0.400202006 1.81141996
vt 0.395415992 1.82641995
vt 0.400202006 1.81141996
vt 0.400202006 1.82641995
vt 0.400202006 1.82641995
vt 0.400202006 1.81141996
vt 0.404983014 1.81141996
vt 0.400202006 1.82641995
vt 0.404983014 1.81141996
vt 0.404983014 1.82641995
vt 0.404983014 1.82641995
vt 0.404983014 1.81141996
vt 0.409038991 1.81141996
vt 0.404983014 1.82641995
vt 0.409038991 1.81141996
vt 0.409038991 1.82641995
vt 1.82641995 0.657984972
vt 1.81141996 0.657984972
vt 1.81141996 0.653930008
vt 1.82641995 0.657984972
vt 1.81141996 0.653930008
vt 1.82641995 0.653930008
vt 1.82641995 0.653930008
vt 1.81141996 0.653930008
vt 1.81141996 0.649149001
vt 1.82641995 0.653930008
vt 1.81141996 0.649149001
vt 1.82641995 0.649149001
vt -1.82641995 0.649149001
vt -1.82641995 0.644367993
vt -1.81141996 0.649149001
vt -1.81141996 0.649149001
vt -1.82641995 0.644367993
vt -1.82641995 0.644367993
vt -1.81141996 0.649149001
vt -1.82641995 0.644367993
vt -1.81141996 0.644367993
vt -1.81141996 0.644367993
vt -1.82641995 0.644367993
vt -1.82641995 0.640312016
vt -1.81141996 0.644367993
vt -1.82641995 0.640312016
vt -1.81141996 0.640312016
vt -0.391357005 1.81141996
vt -0.391357005 1.82641995
vt -0.395413011 1.82641995
vt -0.391357005 1.81141996
vt -0.395413011 1.82641995
vt -0.395413011 1.81141996
vt -0.395413011 1.81141996
vt -0.395413011 1.82641995
vt -0.400195003 1.82641995
vt -0.395413011 1.81141996
vt -0.400195003 1.82641995
vt -0.400195003 1.81141996
vt -0.400195003 1.81141996
vt -0.400195003 1.82641995
vt -0.404980004 1.82641995
vt -0.400195003 1.81141996
vt -0.404980004 1.82641995
vt -0.404980004 1.81141996
vt -0.404980004 1.81141996
vt -0.404980004 1.82641995
vt -0.409034997 1.82641995
vt -0.404980004 1.81141996
vt -0.409034997 1.82641995
vt -0.409034997 1.81141996
vt 1.81141996 0.640308976
vt 1.82641995 0.640308976
vt 1.82641995 0.644361973
vt 1.81141996 0.640308976
vt 1.82641995 0.644361973
vt 1.81141996 0.644361973
vt 1.81141996 0.644361973
vt 1.82641995 0.644361973
vt 1.82641995 0.649149001
vt 1.81141996 0.644361973
vt 1.82641995 0.649149001
vt 1.81141996 0.649149001
vt 1.80141997 0.649149001
vt 1.80141997 0.644625008
vt 1.81141996 0.649149001
vt -1.81141996 0.649149001
vt -1.80141997 0.644625008
vt -1.80141997 0.644625008
vt 1.81141996 0.649149001
vt 1.80141997 0.644625008
vt 1.81141996 0.644614995
vt 1.81141996 0.644614995
vt 1.80141997 0.644625008
vt 1.80141997 0.640401006
vt 1.81141996 0.644614995
vt 1.80141997 0.640401006
vt 1.81141996 0.640395999
vt 1.81141996 0.640395999
vt 1.80141997 0.640401006
vt 1.80141997 0.636777997
vt 1.81141996 0.640395999
vt 1.80141997 0.636777997
vt 1.81141996 0.636771977
vt -0.41257 1.81141996
vt -0.412575006 1.80141997
vt -0.408951014 1.80141997
vt -0.41257 1.81141996
vt -0.408951014 1.80141997
vt -0.408944011 1.81141996
vt -0.408944011 1.81141996
vt -0.408951014 1.80141997
vt -0.404729009 1.80141997
vt -0.408944011 1.81141996
vt -0.404729009 1.80141997
vt -0.404725999 1.81141996
vt -0.404725999 1.81141996
vt -0.404729009 1.80141997
vt -0.40020299 1.80141997
vt -0.404725999 1.81141996
vt -0.40020299 1.80141997
vt -0.400193006 1.81141996
vt -0.400193006 1.81141996
vt -0.40020299 1.80141997
vt -0.395669997 1.80141997
vt -0.400193006 1.81141996
vt -0.395669997 1.80141997
vt -0.395666987 1.81141996
vt -0.395666987 1.81141996
vt -0.395669997 1.80141997
vt -0.391452998 1.80141997
vt -0.395666987 1.81141996
vt -0.391452998 1.80141997
vt -0.391445011 1.81141996
vt -0.391445011 1.81141996
vt -0.391452998 1.80141997
vt -0.387825996 1.80141997
vt -0.391445011 1.81141996
vt -0.387825996 1.80141997
vt -0.387820989 1.81141996
vt -1.81141996 0.636777997
vt -1.80141997 0.636771977
vt -1.80141997 0.640395999
vt -1.81141996 0.636777997
vt -1.80141997 0.640395999
vt -1.81141996 0.640401006
vt -1.81141996 0.640401006
vt -1.80141997 0.640395999
vt -1.80141997 0.644614995
vt -1.81141996 0.640401006
vt -1.80141997 0.644614995
vt -1.81141996 0.644625008
vt -1.81141996 0.644625008
vt -1.80141997 0.644614995
vt -1.80141997 0.649149001
vt -1.81141996 0.644625008
vt -1.80141997 0.649149001
vt -1.81141996 0.649149001
vt 1.81141996 0.649149001
vt 1.81141996 0.653672993
vt 1.80141997 0.649149001
vt -1.80141997 0.649149001
vt -1.81141996 0.653672993
vt -1.81141996 0.653672993
vt 1.80141997 0.649149001
vt 1.81141996 0.653672993
vt 1.80141997 0.653681993
vt 1.80141997 0.653681993
vt 1.81141996 0.653672993
vt 1.81141996 0.657896996
vt 1.80141997 0.653681993
vt 1.81141996 0.657896996
vt 1.80141997 0.657902002
vt 1.80141997 0.657902002
vt 1.81141996 0.657896996
vt 1.81141996 0.661520004
vt 1.80141997 0.657902002
vt 1.81141996 0.661520004
vt 1.80141997 0.661525011
vt 0.41257 1.80141997
vt 0.412575006 1.81141996
vt 0.408951014 1.81141996
vt 0.41257 1.80141997
vt 0.408951014 1.81141996
vt 0.408944011 1.80141997
vt 0.408944011 1.80141997
vt 0.408951014 1.81141996
vt 0.404729009 1.81141996
vt 0.408944011 1.80141997
vt 0.404729009 1.81141996
vt 0.404725999 1.80141997
vt 0.404725999 1.80141997
vt 0.404729009 1.81141996
vt 0.40020299 1.81141996
vt 0.404725999 1.80141997
vt 0.40020299 1.81141996
vt 0.400193006 1.80141997
vt 0.400193006 1.80141997
vt 0.40020299 1.81141996
vt 0.395669997 1.81141996
vt 0.400193006 1.80141997
vt 0.395669997 1.81141996
vt 0.395666987 1.80141997
vt 0.395666987 1.80141997
vt 0.395669997 1.81141996
vt 0.391452998 1.81141996
vt 0.395666987 1.80141997
vt 0.391452998 1.81141996
vt 0.391445011 1.80141997
vt 0.391445011 1.80141997
vt 0.391452998 1.81141996
vt 0.387825996 1.81141996
vt 0.391445011 1.80141997
vt 0.387825996 1.81141996
vt 0.387820989 1.80141997
vt -1.80141997 0.661520004
vt -1.81141996 0.661525011
vt -1.81141996 0.657902002
vt -1.80141997 0.661520004
vt -1.81141996 0.657902002
vt -1.80141997 0.657896996
vt -1.80141997 0.657896996
vt -1.81141996 0.657902002
vt -1.81141996 0.653681993
vt -1.80141997 0.657896996
vt -1.81141996 0.653681993
vt -1.80141997 0.653672993
vt -1.80141997 0.653672993
vt -1.81141996 0.653681993
vt -1.81141996 0.649149001
vt -1.80141997 0.653672993
vt -1.81141996 0.649149001
vt -1.80141997 0.649149001
vt 0.408951014 0.664301991
vt 0.404729009 0.666051984
vt 0.412575006 0.661520004
vt -2.1774199 0.661520004
vt -2.1774199 0.666051984
vt -2.1774199 0.666051984
vt 0.412575006 0.661520004
vt 0.404729009 0.666051984
vt 0.415354997 0.657896996
vt 0.415354997 0.657896996
vt 0.404729009 0.666051984
vt 0.40020299 0.666648984
vt 0.415354997 0.657896996
vt 0.40020299 0.666648984
vt 0.417102993 0.653672993
vt 0.417102993 0.653672993
vt 0.40020299 0.666648984
vt 0.395669997 0.666052997
vt 0.417102993 0.653672993
vt 0.395669997 0.666052997
vt 0.417697996 0.649149001
vt 0.417697996 0.649149001
vt 0.395669997 0.666052997
vt 0.391452998 0.664305985
vt 0.417697996 0.649149001
vt 0.391452998 0.664305985
vt 0.417100012 0.644614995
vt 0.417100012 0.644614995
vt 0.391452998 0.664305985
vt 0.387825996 0.661525011
vt 0.417100012 0.644614995
vt 0.387825996 0.661525011
vt 0.415351987 0.640395999
vt 0.415351987 0.640395999
vt 0.387825996 0.661525011
vt 0.385044992 0.657902002
vt 0.415351987 0.640395999
vt 0.385044992 0.657902002
vt 0.41257 0.636771977
vt 0.41257 0.636771977
vt 0.385044992 0.657902002
vt 0.383296013 0.653681993
vt 0.41257 0.636771977
vt 0.383296013 0.653681993
vt 0.408944011 0.633991003
vt 0.408944011 0.633991003
vt 0.383296013 0.653681993
vt 0.382697999 0.649149001
vt 0.408944011 0.633991003
vt 0.382697999 0.649149001
vt 0.404725999 0.632245004
vt 0.404725999 0.632245004
vt 0.382697999 0.649149001
vt 0.383293003 0.644625008
vt 0.404725999 0.632245004
vt 0.383293003 0.644625008
vt 0.400193006 0.631649017
vt 0.400193006 0.631649017
vt 0.383293003 0.644625008
vt 0.385042012 0.640401006
vt 0.400193006 0.631649017
vt 0.385042012 0.640401006
vt 0.395666987 0.632246017
vt 0.395666987 0.632246017
vt 0.385042012 0.640401006
vt 0.387820989 0.636777997
vt 0.395666987 0.632246017
vt 0.387820989 0.636777997
vt 0.391445011 0.633994997
vt 0.174767002 0.618059993
vt 0.234308004 0.658253014
vt 0.174767002 0.751789987
vt 0.174767002 0.751789987
vt 0.234308004 0.658253014
vt 0.297212988 0.68721801
vt -0.751789987 -0.334706008
vt -0.68721801 -0.334706008
vt -0.751789987 -0.334706008
vt 0.174767002 0.751789987
vt 0.297212988 0.68721801
vt 0.363481998 0.704954982
vt 0.174767002 0.751789987
vt 0.363481998 0.704954982
vt 0.433115005 0.751789987
vt 0.433115005 0.751789987
vt 0.363481998 0.704954982
vt 0.433115005 0.711463988
vt 0.618059993 -0.334706008
vt 0.751789987 -0.334706008
vt 0.618059993 0.565294027
vt 0.618059993 0.565294027
vt 0.751789987 -0.334706008
vt 0.751789987 0.565294027
vt -0.174767002 -0.334706008
vt -0.174767002 0.565294027
vt -0.234308004 -0.334706008
vt -0.234308004 -0.334706008
vt -0.174767002 0.565294027
vt -0.234308004 0.565294027
vt -0.234308004 -0.334706008
vt -0.234308004 0.565294027
vt -0.297212988 -0.334706008
vt -0.297212988 -0.334706008
vt -0.234308004 0.565294027
vt -0.297212988 0.565294027
vt -0.297212988 -0.334706008
vt -0.297212988 0.565294027
vt -0.363481998 -0.334706008
vt -0.363481998 -0.334706008
vt -0.297212988 0.565294027
vt -0.363481998 0.565294027
vt -0.363481998 -0.334706008
vt -0.363481998 0.565294027
vt -0.433115005 -0.334706008
vt -0.433115005 -0.334706008
vt -0.363481998 0.565294027
vt -0.433115005 0.565294027
vt -0.174767002 0.618059993
vt -0.174767002 0.751789987
vt -0.234308004 0.658253014
vt -0.658253014 0.565294027
vt -0.751789987 0.565294027
vt -0.751789987 0.565294027
vt -0.234308004 0.658253014
vt -0.174767002 0.751789987
vt -0.297212988 0.68721801
vt -0.68721801 0.565294027
vt -0.751789987 0.565294027
vt -0.751789987 0.565294027
vt -0.297212988 0.68721801
vt -0.174767002 0.751789987
vt -0.363481998 0.704954982
vt -0.363481998 0.704954982
vt -0.174767002 0.751789987
vt -0.433115005 0.751789987
vt -0.363481998 0.704954982
vt -0.433115005 0.751789987
vt -0.433115005 0.711463988
vt 0.174767002 0.565294027
vt 0.174767002 -0.334706008
vt 0.433115005 0.565294027
vt 0.433115005 0.565294027
vt 0.174767002 -0.334706008
vt 0.433115005 -0.334706008
vt -0.711463988 0.565294027
vt -0.751789987 0.565294027
vt -0.711463988 -0.334706008
vt -0.711463988 -0.334706008
vt -0.751789987 0.565294027
vt -0.751789987 -0.334706008
vt -0.174767002 -0.334706008
vt -0.174767002 0.565294027
vt -0.475232989 -0.334706008
vt -0.475232989 -0.334706008
vt -0.174767002 0.565294027
vt -0.475232989 0.565294027
vt 0.751890004 -0.334706008
vt 0.911637008 -0.334706008
vt 0.751890004 0.565294027
vt -0.751890004 0.565294027
vt -0.911637008 -0.334706008
vt -0.911637008 -0.334706008
vt 0.751890004 0.565294027
vt 0.911637008 -0.334706008
vt 0.911637008 0.565294027
vt 0.911637008 0.565294027
vt 0.911637008 -0.334706008
vt 0.96163702 -0.284705997
vt 0.911637008 0.565294027
vt 0.96163702 -0.284705997
vt 0.96163702 0.515294015
vt 0.407110006 -0.639542997
vt 0.41010201 -0.643387973
vt 0.404790998 -0.635258973
vt 0.404790998 -0.635258973
vt 0.41010201 -0.643387973
vt 0.413686991 -0.646687984
vt 0.404790998 -0.635258973
vt 0.413686991 -0.646687984
vt 0.403209001 -0.630649984
vt 0.403209001 -0.630649984
vt 0.413686991 -0.646687984
vt 0.417766005 -0.649353027
vt 0.403209001 -0.630649984
vt 0.417766005 -0.649353027
vt 0.402406991 -0.625845015
vt 0.402406991 -0.625845015
vt 0.417766005 -0.649353027
vt 0.422228009 -0.651310027
vt 0.402406991 -0.625845015
vt 0.422228009 -0.651310027
vt 0.402406991 -0.620971978
vt 0.402406991 -0.620971978
vt 0.422228009 -0.651310027
vt 0.426950991 -0.652505994
vt 0.402406991 -0.620971978
vt 0.426950991 -0.652505994
vt 0.403209001 -0.616167009
vt 0.403209001 -0.616167009
vt 0.426950991 -0.652505994
vt 0.431805998 -0.652908981
vt 0.403209001 -0.616167009
vt 0.431805998 -0.652908981
vt 0.404790998 -0.611558974
vt 0.404790998 -0.611558974
vt 0.431805998 -0.652908981
vt 0.436661988 -0.652505994
vt 0.404790998 -0.611558974
vt 0.436661988 -0.652505994
vt 0.407110006 -0.607273996
vt 0.407110006 -0.607273996
vt 0.436661988 -0.652505994
vt 0.441385001 -0.651310027
vt 0.407110006 -0.607273996
vt 0.441385001 -0.651310027
vt 0.41010201 -0.603429019
vt 0.41010201 -0.603429019
vt 0.441385001 -0.651310027
vt 0.445847005 -0.649353027
vt 0.41010201 -0.603429019
vt 0.445847005 -0.649353027
vt 0.413686991 -0.600129008
vt 0.413686991 -0.600129008
vt 0.445847005 -0.649353027
vt 0.449925005 -0.646687984
vt 0.413686991 -0.600129008
vt 0.449925005 -0.646687984
vt 0.417766005 -0.597464025
vt 0.417766005 -0.597464025
vt 0.449925005 -0.646687984
vt 0.453509986 -0.643387973
vt 0.417766005 -0.597464025
vt 0.453509986 -0.643387973
vt 0.422228009 -0.595507026
vt 0.422228009 -0.595507026
vt 0.453509986 -0.643387973
vt 0.456503004 -0.639542997
vt 0.422228009 -0.595507026
vt 0.456503004 -0.639542997
vt 0.426950991 -0.594310999
vt 0.426950991 -0.594310999
vt 0.456503004 -0.639542997
vt 0.458822012 -0.635258973
vt 0.426950991 -0.594310999
vt 0.458822012 -0.635258973
vt 0.431805998 -0.593909025
vt 0.431805998 -0.593909025
vt 0.458822012 -0.635258973
vt 0.460404009 -0.630649984
vt 0.431805998 -0.593909025
vt 0.460404009 -0.630649984
vt 0.436661988 -0.594310999
vt 0.436661988 -0.594310999
vt 0.460404009 -0.630649984
vt 0.461205006 -0.625845015
vt 0.436661988 -0.594310999
vt 0.461205006 -0.625845015
vt 0.441385001 -0.595507026
vt 0.441385001 -0.595507026
vt 0.461205006 -0.625845015
vt 0.461205006 -0.620971978
vt 0.441385001 -0.595507026
vt 0.461205006 -0.620971978
vt 0.445847005 -0.597464025
vt 0.445847005 -0.597464025
vt 0.461205006 -0.620971978
vt 0.460404009 -0.616167009
vt 0.445847005 -0.597464025
vt 0.460404009 -0.616167009
vt 0.449925005 -0.600129008
vt 0.449925005 -0.600129008
vt 0.460404009 -0.616167009
vt 0.458822012 -0.611558974
vt 0.449925005 -0.600129008
vt 0.458822012 -0.611558974
vt 0.453509986 -0.603429019
vt 0.453509986 -0.603429019
vt 0.458822012 -0.611558974
vt 0.456503004 -0.607273996
vt -0.431805998 -0.593909025
vt -0.431805998 -0.605154991
vt -0.426950991 -0.594310999
vt -0.426950991 -0.594310999
vt -0.431805998 -0.605154991
vt -0.427087009 -0.605776012
vt -0.426950991 -0.594310999
vt -0.427087009 -0.605776012
vt -0.422228009 -0.595507026
vt -0.422228009 -0.595507026
vt -0.427087009 -0.605776012
vt -0.422681004 -0.60759902
vt -0.422228009 -0.595507026
vt -0.422681004 -0.60759902
vt -0.417766005 -0.597464025
vt -0.00866699964 -0.597464025
vt -0.0150229996 -0.60759902
vt -0.0150229996 -0.60759902
vt -0.417766005 -0.597464025
vt -0.422681004 -0.60759902
vt -0.413686991 -0.600129008
vt -0.413686991 -0.600129008
vt -0.422681004 -0.60759902
vt -0.41890201 -0.610498011
vt -0.413686991 -0.600129008
vt -0.41890201 -0.610498011
vt -0.41010201 -0.603429019
vt -0.00866699964 -0.603429019
vt -0.0150229996 -0.610498011
vt -0.0150229996 -0.610498011
vt -0.41010201 -0.603429019
vt -0.41890201 -0.610498011
vt -0.407110006 -0.607273996
vt -0.407110006 -0.607273996
vt -0.41890201 -0.610498011
vt -0.416000009 -0.614278018
vt -0.407110006 -0.607273996
vt -0.416000009 -0.614278018
vt -0.404790998 -0.611558974
vt -0.404790998 -0.611558974
vt -0.416000009 -0.614278018
vt -0.414175004 -0.618682027
vt -0.404790998 -0.611558974
vt -0.414175004 -0.618682027
vt -0.403209001 -0.616167009
vt -0.00866699964 -0.616167009
vt -0.0150229996 -0.618682027
vt -0.0150229996 -0.618682027
vt -0.403209001 -0.616167009
vt -0.414175004 -0.618682027
vt -0.402406991 -0.620971978
vt -0.402406991 -0.620971978
vt -0.414175004 -0.618682027
vt -0.413552999 -0.623403013
vt -0.402406991 -0.620971978
vt -0.413552999 -0.623403013
vt -0.402406991 -0.625845015
vt -0.402406991 -0.625845015
vt -0.413552999 -0.623403013
vt -0.41417399 -0.628131986
vt -0.402406991 -0.625845015
vt -0.41417399 -0.628131986
vt -0.403209001 -0.630649984
vt -0.00866699964 -0.630649984
vt -0.0150229996 -0.628131986
vt -0.0150229996 -0.628131986
vt -0.403209001 -0.630649984
vt -0.41417399 -0.628131986
vt -0.404790998 -0.635258973
vt -0.404790998 -0.635258973
vt -0.41417399 -0.628131986
vt -0.415995985 -0.632530987
vt -0.404790998 -0.635258973
vt -0.415995985 -0.632530987
vt -0.407110006 -0.639542997
vt -0.407110006 -0.639542997
vt -0.415995985 -0.632530987
vt -0.41889599 -0.636313975
vt -0.407110006 -0.639542997
vt -0.41889599 -0.636313975
vt -0.41010201 -0.643387973
vt -0.00866699964 -0.643387973
vt -0.0150229996 -0.636313975
vt -0.0150229996 -0.636313975
vt -0.41010201 -0.643387973
vt -0.41889599 -0.636313975
vt -0.413686991 -0.646687984
vt -0.413686991 -0.646687984
vt -0.41889599 -0.636313975
vt -0.422675997 -0.639214993
vt -0.413686991 -0.646687984
vt -0.422675997 -0.639214993
vt -0.417766005 -0.649353027
vt -0.00866699964 -0.649353027
vt -0.0150229996 -0.639214993
vt -0.0150229996 -0.639214993
vt -0.417766005 -0.649353027
vt -0.422675997 -0.639214993
vt -0.422228009 -0.651310027
vt -0.422228009 -0.651310027
vt -0.422675997 -0.639214993
vt -0.427076995 -0.641039014
vt -0.422228009 -0.651310027
vt -0.427076995 -0.641039014
vt -0.426950991 -0.652505994
vt -0.426950991 -0.652505994
vt -0.427076995 -0.641039014
vt -0.431805998 -0.641663015
vt -0.426950991 -0.652505994
vt -0.431805998 -0.641663015
vt -0.431805998 -0.652908981
vt 0.431805998 -0.652908981
vt 0.431805998 -0.653409004
vt 0.436661988 -0.652505994
vt -0.436661988 0
vt -0.431805998 0.000500000024
vt -0.436744004 0.000500000024
vt 0.436661988 -0.652505994
vt 0.436744004 -0.652998984
vt 0.441385001 -0.651310027
vt 0.441385001 -0.651310027
vt 0.436744004 -0.652998984
vt 0.441547006 -0.65178299
vt 0.441385001 -0.651310027
vt 0.441547006 -0.65178299
vt 0.445847005 -0.649353027
vt 0.445847005 -0.649353027
vt 0.441547006 -0.65178299
vt 0.446085006 -0.649793029
vt 0.445847005 -0.649353027
vt 0.446085006 -0.649793029
vt 0.449925005 -0.646687984
vt 0.449925005 -0.646687984
vt 0.446085006 -0.649793029
vt 0.450233012 -0.647082984
vt 0.449925005 -0.646687984
vt 0.450233012 -0.647082984
vt 0.453509986 -0.643387973
vt 0.453509986 -0.643387973
vt 0.450233012 -0.647082984
vt 0.453877985 -0.643727005
vt 0.453509986 -0.643387973
vt 0.453877985 -0.643727005
vt 0.456503004 -0.639542997
vt 0.456503004 -0.639542997
vt 0.453877985 -0.643727005
vt 0.456921011 -0.639816999
vt 0.456503004 -0.639542997
vt 0.456921011 -0.639816999
vt 0.458822012 -0.635258973
vt 0.458822012 -0.635258973
vt 0.456921011 -0.639816999
vt 0.459279001 -0.635459006
vt 0.458822012 -0.635258973
vt 0.459279001 -0.635459006
vt 0.460404009 -0.630649984
vt 0.460404009 -0.630649984
vt 0.459279001 -0.635459006
vt 0.460887998 -0.630773008
vt 0.460404009 -0.630649984
vt 0.460887998 -0.630773008
vt 0.461205006 -0.625845015
vt 0.461205006 -0.625845015
vt 0.460887998 -0.630773008
vt 0.461703986 -0.625886023
vt 0 -0.625845015
vt 0.000500000024 -0.625886023
vt 0 -0.620971978
vt 0 -0.620971978
vt 0.000500000024 -0.625886023
vt 0.000500000024 -0.620931029
vt 0.461205006 -0.620971978
vt 0.461703986 -0.620931029
vt 0.460404009 -0.616167009
vt 0.460404009 -0.616167009
vt 0.461703986 -0.620931029
vt 0.460887998 -0.616043985
vt 0.460404009 -0.616167009
vt 0.460887998 -0.616043985
vt 0.458822012 -0.611558974
vt 0.458822012 -0.611558974
vt 0.460887998 -0.616043985
vt 0.459279001 -0.611357987
vt 0.458822012 -0.611558974
vt 0.459279001 -0.611357987
vt 0.456503004 -0.607273996
vt 0.456503004 -0.607273996
vt 0.459279001 -0.611357987
vt 0.456921011 -0.606999993
vt 0.456503004 -0.607273996
vt 0.456921011 -0.606999993
vt 0.453509986 -0.603429019
vt 0.453509986 -0.603429019
vt 0.456921011 -0.606999993
vt 0.453877985 -0.603089988
vt 0.453509986 -0.603429019
vt 0.453877985 -0.603089988
vt 0.449925005 -0.600129008
vt 0.449925005 -0.600129008
vt 0.453877985 -0.603089988
vt 0.450233012 -0.599734008
vt 0.449925005 -0.600129008
vt 0.450233012 -0.599734008
vt 0.445847005 -0.597464025
vt 0.445847005 -0.597464025
vt 0.450233012 -0.599734008
vt 0.446085006 -0.597024024
vt 0.445847005 -0.597464025
vt 0.446085006 -0.597024024
vt 0.441385001 -0.595507026
vt 0.441385001 -0.595507026
vt 0.446085006 -0.597024024
vt 0.441547006 -0.595034003
vt 0.441385001 -0.595507026
vt 0.441547006 -0.595034003
vt 0.436661988 -0.594310999
vt 0.436661988 -0.594310999
vt 0.441547006 -0.595034003
vt 0.436744004 -0.593818009
vt 0.436661988 0
vt 0.436744004 0.000500000024
vt 0.431805998 0
vt 0.431805998 -0.593909025
vt 0.436744004 -0.593818009
vt 0.431805998 -0.593409002
vt 0.431805998 0.000500000024
vt 0.431805998 0.00866699964
vt 0.426867992 0.000500000024
vt 0.426867992 0.000500000024
vt 0.431805998 0.00866699964
vt 0.426950991 0.00866699964
vt 0.426867992 0.000500000024
vt 0.426950991 0.00866699964
vt 0.42206499 0.000500000024
vt 0.42206499 0.000500000024
vt 0.426950991 0.00866699964
vt 0.422228009 0.00866699964
vt 0.42206499 0.000500000024
vt 0.422228009 0.00866699964
vt 0.417528003 0.000500000024
vt 0.417528003 0.000500000024
vt 0.422228009 0.00866699964
vt 0.417766005 0.00866699964
vt 0.417528003 0.000500000024
vt 0.417766005 0.00866699964
vt 0.413379997 0.000500000024
vt 0.413379997 0.000500000024
vt 0.417766005 0.00866699964
vt 0.413686991 0.00866699964
vt 0.413379997 0.000500000024
vt 0.413686991 0.00866699964
vt 0.409734011 0.000500000024
vt 0.409734011 0.000500000024
vt 0.413686991 0.00866699964
vt 0.41010201 0.00866699964
vt -0.000500000024 -0.603089988
vt -0.00866699964 -0.603429019
vt -0.000500000024 -0.606999993
vt -0.000500000024 -0.606999993
vt -0.00866699964 -0.603429019
vt -0.00866699964 -0.607273996
vt -0.000500000024 -0.606999993
vt -0.00866699964 -0.607273996
vt -0.000500000024 -0.611357987
vt -0.000500000024 -0.611357987
vt -0.00866699964 -0.607273996
vt -0.00866699964 -0.611558974
vt -0.000500000024 -0.611357987
vt -0.00866699964 -0.611558974
vt -0.000500000024 -0.616043985
vt -0.000500000024 -0.616043985
vt -0.00866699964 -0.611558974
vt -0.00866699964 -0.616167009
vt -0.000500000024 -0.616043985
vt -0.00866699964 -0.616167009
vt -0.000500000024 -0.620931029
vt -0.000500000024 -0.620931029
vt -0.00866699964 -0.616167009
vt -0.00866699964 -0.620971978
vt -0.000500000024 -0.620931029
vt -0.00866699964 -0.620971978
vt -0.000500000024 -0.625886023
vt -0.000500000024 -0.625886023
vt -0.00866699964 -0.620971978
vt -0.00866699964 -0.625845015
vt -0.000500000024 -0.625886023
vt -0.00866699964 -0.625845015
vt -0.000500000024 -0.630773008
vt -0.000500000024 -0.630773008
vt -0.00866699964 -0.625845015
vt -0.00866699964 -0.630649984
vt -0.000500000024 -0.630773008
vt -0.00866699964 -0.630649984
vt -0.000500000024 -0.635459006
vt -0.000500000024 -0.635459006
vt -0.00866699964 -0.630649984
vt -0.00866699964 -0.635258973
vt -0.000500000024 -0.635459006
vt -0.00866699964 -0.635258973
vt -0.000500000024 -0.639816999
vt -0.000500000024 -0.639816999
vt -0.00866699964 -0.635258973
vt -0.00866699964 -0.639542997
vt -0.000500000024 -0.639816999
vt -0.00866699964 -0.639542997
vt -0.000500000024 -0.643727005
vt -0.000500000024 -0.643727005
vt -0.00866699964 -0.639542997
vt -0.00866699964 -0.643387973
vt -0.409734011 0.000500000024
vt -0.41010201 0.00866699964
vt -0.413379997 0.000500000024
vt -0.413379997 0.000500000024
vt -0.41010201 0.00866699964
vt -0.413686991 0.00866699964
vt -0.413379997 0.000500000024
vt -0.413686991 0.00866699964
vt -0.417528003 0.000500000024
vt -0.417528003 0.000500000024
vt -0.413686991 0.00866699964
vt -0.417766005 0.00866699964
vt -0.417528003 0.000500000024
vt -0.417766005 0.00866699964
vt -0.42206499 0.000500000024
vt -0.42206499 0.000500000024
vt -0.417766005 0.00866699964
vt -0.422228009 0.00866699964
vt -0.42206499 0.000500000024
vt -0.422228009 0.00866699964
vt -0.426867992 0.000500000024
vt -0.426867992 0.000500000024
vt -0.422228009 0.00866699964
vt -0.426950991 0.00866699964
vt -0.426867992 0.000500000024
vt -0.426950991 0.00866699964
vt -0.431805998 0.000500000024
vt -0.431805998 0.000500000024
vt -0.426950991 0.00866699964
vt -0.431805998 0.00866699964
vt -0.431805998 0.000500000024
vt -0.431805998 0.00866699964
vt -0.436744004 0.000500000024
vt -0.436744004 0.000500000024
vt -0.431805998 0.00866699964
vt -0.436661988 0.00866699964
vt -0.436744004 0.000500000024
vt -0.436661988 0.00866699964
vt -0.441547006 0.000500000024
vt -0.441547006 0.000500000024
vt -0.436661988 0.00866699964
vt -0.441385001 0.00866699964
vt -0.441547006 0.000500000024
vt -0.441385001 0.00866699964
vt -0.446085006 0.000500000024
vt -0.446085006 0.000500000024
vt -0.441385001 0.00866699964
vt -0.445847005 0.00866699964
vt -0.446085006 0.000500000024
vt -0.445847005 0.00866699964
vt -0.450233012 0.000500000024
vt -0.450233012 0.000500000024
vt -0.445847005 0.00866699964
vt -0.449925989 0.00866699964
vt -0.450233012 0.000500000024
vt -0.449925989 0.00866699964
vt -0.453877985 0.000500000024
vt -0.453877985 0.000500000024
vt -0.449925989 0.00866699964
vt -0.453509986 0.00866699964
vt 0.000500000024 -0.643727005
vt 0.00866699964 -0.643387973
vt 0.000500000024 -0.639816999
vt 0.000500000024 -0.639816999
vt 0.00866699964 -0.643387973
vt 0.00866699964 -0.639542997
vt 0.000500000024 -0.639816999
vt 0.00866699964 -0.639542997
vt 0.000500000024 -0.635459006
vt 0.000500000024 -0.635459006
vt 0.00866699964 -0.639542997
vt 0.00866699964 -0.635258973
vt 0.000500000024 -0.635459006
vt 0.00866699964 -0.635258973
vt 0.000500000024 -0.630773008
vt 0.000500000024 -0.630773008
vt 0.00866699964 -0.635258973
vt 0.00866699964 -0.630649984
vt 0.000500000024 -0.630773008
vt 0.00866699964 -0.630649984
vt 0.000500000024 -0.625886023
vt 0.000500000024 -0.625886023
vt 0.00866699964 -0.630649984
vt 0.00866699964 -0.625845015
vt 0.000500000024 -0.625886023
vt 0.00866699964 -0.625845015
vt 0.000500000024 -0.620931029
vt 0.000500000024 -0.620931029
vt 0.00866699964 -0.625845015
vt 0.00866699964 -0.620971978
vt 0.000500000024 -0.620931029
vt 0.00866699964 -0.620971978
vt 0.000500000024 -0.616043985
vt 0.000500000024 -0.616043985
vt 0.00866699964 -0.620971978
vt 0.00866699964 -0.616167009
vt 0.000500000024 -0.616043985
vt 0.00866699964 -0.616167009
vt 0.000500000024 -0.611357987
vt 0.000500000024 -0.611357987
vt 0.00866699964 -0.616167009
vt 0.00866699964 -0.611558974
vt 0.000500000024 -0.611357987
vt 0.00866699964 -0.611558974
vt 0.000500000024 -0.606999993
vt 0.000500000024 -0.606999993
vt 0.00866699964 -0.611558974
vt 0.00866699964 -0.607273996
vt 0.000500000024 -0.606999993
vt 0.00866699964 -0.607273996
vt 0.000500000024 -0.603089988
vt 0.000500000024 -0.603089988
vt 0.00866699964 -0.607273996
vt 0.00866699964 -0.603429019
vt 0.453877985 0.000500000024
vt 0.453509986 0.00866699964
vt 0.450233012 0.000500000024
vt 0.450233012 0.000500000024
vt 0.453509986 0.00866699964
vt 0.449925989 0.00866699964
vt 0.450233012 0.000500000024
vt 0.449925989 0.00866699964
vt 0.446085006 0.000500000024
vt 0.446085006 0.000500000024
vt 0.449925989 0.00866699964
vt 0.445847005 0.00866699964
vt 0.446085006 0.000500000024
vt 0.445847005 0.00866699964
vt 0.441547006 0.000500000024
vt 0.441547006 0.000500000024
vt 0.445847005 0.00866699964
vt 0.441385001 0.00866699964
vt 0.441547006 0.000500000024
vt 0.441385001 0.00866699964
vt 0.436744004 0.000500000024
vt 0.436744004 0.000500000024
vt 0.441385001 0.00866699964
vt 0.436661988 0.00866699964
vt 0.436744004 0.000500000024
vt 0.436661988 0.00866699964
vt 0.431805998 0.000500000024
vt 0.431805998 0.000500000024
vt 0.436661988 0.00866699964
vt 0.431805998 0.00866699964
vt -0.431805998 -0.652908981
vt -0.431805998 -0.641663015
vt -0.436661988 -0.652505994
vt -0.436661988 -0.652505994
vt -0.431805998 -0.641663015
vt -0.436524987 -0.641041994
vt -0.436661988 -0.652505994
vt -0.436524987 -0.641041994
vt -0.441385001 -0.651310027
vt -0.441385001 -0.651310027
vt -0.436524987 -0.641041994
vt -0.440930992 -0.639217973
vt -0.441385001 -0.651310027
vt -0.440930992 -0.639217973
vt -0.445847005 -0.649353027
vt -0.00866699964 -0.649353027
vt -0.0150229996 -0.639217973
vt -0.0150229996 -0.639217973
vt -0.445847005 -0.649353027
vt -0.440930992 -0.639217973
vt -0.449925989 -0.646687984
vt -0.449925989 -0.646687984
vt -0.440930992 -0.639217973
vt -0.444709986 -0.636318982
vt -0.449925989 -0.646687984
vt -0.444709986 -0.636318982
vt -0.453509986 -0.643387973
vt -0.00866699964 -0.643387973
vt -0.0150229996 -0.636318982
vt -0.0150229996 -0.636318982
vt -0.453509986 -0.643387973
vt -0.444709986 -0.636318982
vt -0.456503004 -0.639542997
vt -0.456503004 -0.639542997
vt -0.444709986 -0.636318982
vt -0.447611988 -0.632538974
vt -0.456503004 -0.639542997
vt -0.447611988 -0.632538974
vt -0.458822012 -0.635258973
vt -0.458822012 -0.635258973
vt -0.447611988 -0.632538974
vt -0.449436992 -0.628135026
vt -0.458822012 -0.635258973
vt -0.449436992 -0.628135026
vt -0.460404009 -0.630649984
vt -0.00866699964 -0.630649984
vt -0.0150229996 -0.628135026
vt -0.0150229996 -0.628135026
vt -0.460404009 -0.630649984
vt -0.449436992 -0.628135026
vt -0.461205006 -0.625845015
vt -0.461205006 -0.625845015
vt -0.449436992 -0.628135026
vt -0.45006001 -0.62341398
vt -0.461205006 -0.625845015
vt -0.45006001 -0.62341398
vt -0.461205006 -0.620971978
vt -0.461205006 -0.620971978
vt -0.45006001 -0.62341398
vt -0.449438006 -0.618685007
vt -0.461205006 -0.620971978
vt -0.449438006 -0.618685007
vt -0.460404009 -0.616167009
vt -0.00866699964 -0.616167009
vt -0.0150229996 -0.618685007
vt -0.0150229996 -0.618685007
vt -0.460404009 -0.616167009
vt -0.449438006 -0.618685007
vt -0.458822012 -0.611558974
vt -0.458822012 -0.611558974
vt -0.449438006 -0.618685007
vt -0.447616994 -0.614286005
vt -0.458822012 -0.611558974
vt -0.447616994 -0.614286005
vt -0.456503004 -0.607273996
vt -0.456503004 -0.607273996
vt -0.447616994 -0.614286005
vt -0.444716007 -0.610503018
vt -0.456503004 -0.607273996
vt -0.444716007 -0.610503018
vt -0.453509986 -0.603429019
vt -0.00866699964 -0.603429019
vt -0.0150229996 -0.610503018
vt -0.0150229996 -0.610503018
vt -0.453509986 -0.603429019
vt -0.444716007 -0.610503018
vt -0.449925989 -0.600129008
vt -0.449925989 -0.600129008
vt -0.444716007 -0.610503018
vt -0.440935999 -0.607602
vt -0.449925989 -0.600129008
vt -0.440935999 -0.607602
vt -0.445847005 -0.597464025
vt -0.00866699964 -0.597464025
vt -0.0150229996 -0.607602
vt -0.0150229996 -0.607602
vt -0.445847005 -0.597464025
vt -0.440935999 -0.607602
vt -0.441385001 -0.595507026
vt -0.441385001 -0.595507026
vt -0.440935999 -0.607602
vt -0.436535001 -0.605777979
vt -0.441385001 -0.595507026
vt -0.436535001 -0.605777979
vt -0.436661988 -0.594310999
vt -0.436661988 -0.594310999
vt -0.436535001 -0.605777979
vt -0.431805998 -0.605154991
vt -0.436661988 -0.594310999
vt -0.431805998 -0.605154991
vt -0.431805998 -0.593909025
vt -0.439599007 -0.618906975
vt -0.440806001 -0.623405993
vt -0.436304986 -0.615613997
vt -0.0615000017 -0.615613997
vt -0.0615000017 -0.623405993
vt -0.0615000017 -0.623405993
vt -0.436304986 -0.615613997
vt -0.440806001 -0.623405993
vt -0.431805998 -0.614409029
vt -0.431805998 -0.614409029
vt -0.440806001 -0.623405993
vt -0.439601004 -0.627906024
vt -0.431805998 -0.614409029
vt -0.439601004 -0.627906024
vt -0.427305013 -0.61561501
vt -0.427305013 -0.61561501
vt -0.439601004 -0.627906024
vt -0.436307997 -0.631201982
vt -0.427305013 -0.61561501
vt -0.436307997 -0.631201982
vt -0.424010992 -0.618911028
vt -0.424010992 -0.618911028
vt -0.436307997 -0.631201982
vt -0.431805998 -0.632408977
vt -0.424010992 -0.618911028
vt -0.431805998 -0.632408977
vt -0.422805995 -0.623411
vt -0.422805995 -0.623411
vt -0.431805998 -0.632408977
vt -0.42730701 -0.631202996
vt -0.422805995 -0.623411
vt -0.42730701 -0.631202996
vt -0.424012989 -0.627910018
vt 0.431805998 0.0215000007
vt 0.436304986 0.0215000007
vt 0.431805998 0.0615000017
vt -0.0615000017 -0.614409029
vt -0.0215000007 -0.615613997
vt -0.0215000007 -0.615613997
vt 0.431805998 0.0615000017
vt 0.436304986 0.0215000007
vt 0.436304986 0.0615000017
vt 0.436304986 0.0615000017
vt 0.436304986 0.0215000007
vt 0.439599007 0.0215000007
vt 0.436304986 0.0615000017
vt 0.439599007 0.0215000007
vt 0.439599007 0.0615000017
vt 0.0615000017 -0.618906975
vt 0.0215000007 -0.618906975
vt 0.0215000007 -0.623405993
vt 0.0615000017 -0.618906975
vt 0.0215000007 -0.623405993
vt 0.0615000017 -0.623405993
vt 0.0615000017 -0.623405993
vt 0.0215000007 -0.623405993
vt 0.0215000007 -0.627906024
vt 0.0615000017 -0.623405993
vt 0.0215000007 -0.627906024
vt 0.0615000017 -0.627906024
vt 0.0615000017 -0.627906024
vt 0.0215000007 -0.627906024
vt 0.0215000007 -0.631201982
vt 0.0615000017 -0.627906024
vt 0.0215000007 -0.631201982
vt 0.0615000017 -0.631201982
vt -0.436307997 0.0615000017
vt -0.436307997 0.0215000007
vt -0.431805998 0.0215000007
vt -0.436307997 0.0615000017
vt -0.431805998 0.0215000007
vt -0.431805998 0.0615000017
vt 0.431805998 0.0615000017
vt 0.427305013 0.0615000017
vt 0.431805998 0.0215000007
vt -0.0215000007 -0.614409029
vt -0.0615000017 -0.61561501
vt -0.0615000017 -0.61561501
vt 0.431805998 0.0215000007
vt 0.427305013 0.0615000017
vt 0.427305013 0.0215000007
vt -0.0215000007 -0.61561501
vt -0.0615000017 -0.61561501
vt -0.0615000017 -0.618911028
vt -0.0215000007 -0.61561501
vt -0.0615000017 -0.618911028
vt -0.0215000007 -0.618911028
vt -0.0215000007 -0.618911028
vt -0.0615000017 -0.618911028
vt -0.0615000017 -0.623411
vt -0.0215000007 -0.618911028
vt -0.0615000017 -0.623411
vt -0.0215000007 -0.623411
vt -0.0215000007 -0.623411
vt -0.0615000017 -0.623411
vt -0.0615000017 -0.627910018
vt -0.0215000007 -0.623411
vt -0.0615000017 -0.627910018
vt -0.0215000007 -0.627910018
vt -0.424012989 0.0215000007
vt -0.424012989 0.0615000017
vt -0.42730701 0.0615000017
vt -0.424012989 0.0215000007
vt -0.42730701 0.0615000017
vt -0.42730701 0.0215000007
vt -0.42730701 0.0215000007
vt -0.42730701 0.0615000017
vt -0.431805998 0.0615000017
vt -0.42730701 0.0215000007
vt -0.431805998 0.0615000017
vt -0.431805998 0.0215000007
vt -0.431805998 0.0176669993
vt -0.427302986 0.0176669993
vt -0.431805998 0.0215000007
vt -0.0215000007 -0.639409006
vt -0.0176669993 -0.638760984
vt -0.0176669993 -0.638760984
vt -0.431805998 0.0215000007
vt -0.427302986 0.0176669993
vt -0.427296013 0.0215000007
vt -0.427296013 0.0215000007
vt -0.427302986 0.0176669993
vt -0.423159987 0.0176669993
vt -0.427296013 0.0215000007
vt -0.423159987 0.0176669993
vt -0.423152 0.0215000007
vt -0.423152 0.0215000007
vt -0.423159987 0.0176669993
vt -0.419716001 0.0176669993
vt -0.423152 0.0215000007
vt -0.419716001 0.0176669993
vt -0.419712007 0.0215000007
vt -0.0215000007 -0.633884013
vt -0.0176669993 -0.633888006
vt -0.0176669993 -0.630056977
vt -0.0215000007 -0.633884013
vt -0.0176669993 -0.630056977
vt -0.0215000007 -0.630053997
vt -0.0215000007 -0.630053997
vt -0.0176669993 -0.630056977
vt -0.0176669993 -0.625689983
vt -0.0215000007 -0.630053997
vt -0.0176669993 -0.625689983
vt -0.0215000007 -0.625681996
vt -0.0215000007 -0.625681996
vt -0.0176669993 -0.625689983
vt -0.0176669993 -0.621134996
vt -0.0215000007 -0.625681996
vt -0.0176669993 -0.621134996
vt -0.0215000007 -0.621127009
vt -0.0215000007 -0.621127009
vt -0.0176669993 -0.621134996
vt -0.0176669993 -0.616762996
vt -0.0215000007 -0.621127009
vt -0.0176669993 -0.616762996
vt -0.0215000007 -0.616760015
vt -0.0215000007 -0.616760015
vt -0.0176669993 -0.616762996
vt -0.0176669993 -0.61293298
vt -0.0215000007 -0.616760015
vt -0.0176669993 -0.61293298
vt -0.0215000007 -0.612928987
vt 0.419716001 0.0215000007
vt 0.419712007 0.0176669993
vt 0.423152 0.0176669993
vt 0.419716001 0.0215000007
vt 0.423152 0.0176669993
vt 0.423159987 0.0215000007
vt 0.423159987 0.0215000007
vt 0.423152 0.0176669993
vt 0.427296013 0.0176669993
vt 0.423159987 0.0215000007
vt 0.427296013 0.0176669993
vt 0.427302986 0.0215000007
vt 0.427302986 0.0215000007
vt 0.427296013 0.0176669993
vt 0.431805998 0.0176669993
vt 0.427302986 0.0215000007
vt 0.431805998 0.0176669993
vt 0.431805998 0.0215000007
vt -0.431805998 0.0215000007
vt -0.436309993 0.0215000007
vt -0.431805998 0.0176669993
vt -0.0176669993 -0.639409006
vt -0.0215000007 -0.638760984
vt -0.0215000007 -0.638760984
vt -0.431805998 0.0176669993
vt -0.436309993 0.0215000007
vt -0.436316997 0.0176669993
vt -0.436316997 0.0176669993
vt -0.436309993 0.0215000007
vt -0.440452993 0.0215000007
vt -0.436316997 0.0176669993
vt -0.440452993 0.0215000007
vt -0.440459996 0.0176669993
vt -0.440459996 0.0176669993
vt -0.440452993 0.0215000007
vt -0.443897009 0.0215000007
vt -0.440459996 0.0176669993
vt -0.443897009 0.0215000007
vt -0.443899989 0.0176669993
vt 0.0176669993 -0.633884013
vt 0.0215000007 -0.633888006
vt 0.0215000007 -0.630056977
vt 0.0176669993 -0.633884013
vt 0.0215000007 -0.630056977
vt 0.0176669993 -0.630053997
vt 0.0176669993 -0.630053997
vt 0.0215000007 -0.630056977
vt 0.0215000007 -0.625689983
vt 0.0176669993 -0.630053997
vt 0.0215000007 -0.625689983
vt 0.0176669993 -0.625681996
vt 0.0176669993 -0.625681996
vt 0.0215000007 -0.625689983
vt 0.0215000007 -0.621134996
vt 0.0176669993 -0.625681996
vt 0.0215000007 -0.621134996
vt 0.0176669993 -0.621127009
vt 0.0176669993 -0.621127009
vt 0.0215000007 -0.621134996
vt 0.0215000007 -0.616762996
vt 0.0176669993 -0.621127009
vt 0.0215000007 -0.616762996
vt 0.0176669993 -0.616760015
vt 0.0176669993 -0.616760015
vt 0.0215000007 -0.616762996
vt 0.0215000007 -0.61293298
vt 0.0176669993 -0.616760015
vt 0.0215000007 -0.61293298
vt 0.0176669993 -0.612928987
vt 0.443897009 0.0176669993
vt 0.443899989 0.0215000007
vt 0.440459996 0.0215000007
vt 0.443897009 0.0176669993
vt 0.440459996 0.0215000007
vt 0.440452993 0.0176669993
vt 0.440452993 0.0176669993
vt 0.440459996 0.0215000007
vt 0.436316997 0.0215000007
vt 0.440452993 0.0176669993
vt 0.436316997 0.0215000007
vt 0.436309993 0.0176669993
vt 0.436309993 0.0176669993
vt 0.436316997 0.0215000007
vt 0.431805998 0.0215000007
vt 0.436309993 0.0176669993
vt 0.431805998 0.0215000007
vt 0.431805998 0.0176669993
vt -0.431805998 -0.606908977
vt -0.436450988 -0.607576013
vt -0.431805998 -0.607409
vt -0.0176669993 -0.607409
vt -0.0171670001 -0.607576013
vt -0.0171670001 -0.607576013
vt -0.431805998 -0.607409
vt -0.436450988 -0.607576013
vt -0.436309993 -0.608056009
vt -0.436309993 -0.608056009
vt -0.436450988 -0.607576013
vt -0.440723002 -0.609525979
vt -0.436309993 -0.608056009
vt -0.440723002 -0.609525979
vt -0.440452993 -0.609946012
vt -0.440452993 -0.609946012
vt -0.440723002 -0.609525979
vt -0.444274992 -0.612601995
vt -0.440452993 -0.609946012
vt -0.444274992 -0.612601995
vt -0.443897009 -0.612928987
vt -0.443897009 -0.612928987
vt -0.444274992 -0.612601995
vt -0.446814001 -0.616553009
vt -0.443897009 -0.612928987
vt -0.446814001 -0.616553009
vt -0.446359009 -0.616760015
vt -0.446359009 -0.616760015
vt -0.446814001 -0.616553009
vt -0.448136985 -0.62105602
vt -0.446359009 -0.616760015
vt -0.448136985 -0.62105602
vt -0.447641999 -0.621127009
vt 0.0176669993 -0.621127009
vt 0.0171670001 -0.62105602
vt 0.0171670001 -0.625752985
vt 0.0176669993 -0.621127009
vt 0.0171670001 -0.625752985
vt 0.0176669993 -0.625681996
vt -0.447643995 -0.625681996
vt -0.448139012 -0.625752985
vt -0.446815997 -0.630262017
vt -0.447643995 -0.625681996
vt -0.446815997 -0.630262017
vt -0.446361005 -0.630053997
vt -0.446361005 -0.630053997
vt -0.446815997 -0.630262017
vt -0.444278002 -0.634211004
vt -0.446361005 -0.630053997
vt -0.444278002 -0.634211004
vt -0.443899989 -0.633884013
vt -0.443899989 -0.633884013
vt -0.444278002 -0.634211004
vt -0.440730989 -0.637286007
vt -0.443899989 -0.633884013
vt -0.440730989 -0.637286007
vt -0.440459996 -0.636865973
vt -0.440459996 -0.636865973
vt -0.440730989 -0.637286007
vt -0.436457992 -0.639239013
vt -0.440459996 -0.636865973
vt -0.436457992 -0.639239013
vt -0.436316997 -0.638759971
vt -0.436316997 0.0176669993
vt -0.436457992 0.0171670001
vt -0.431805998 0.0171670001
vt -0.436316997 -0.638759971
vt -0.431805998 -0.639909029
vt -0.431805998 -0.639409006
vt -0.431805998 -0.607409
vt -0.427296013 -0.608057976
vt -0.431805998 -0.606908977
vt -0.0171670001 -0.606908977
vt -0.0176669993 -0.608057976
vt -0.0176669993 -0.608057976
vt -0.431805998 -0.606908977
vt -0.427296013 -0.608057976
vt -0.427154988 -0.60757798
vt -0.427154988 -0.60757798
vt -0.427296013 -0.608057976
vt -0.423152 -0.609951019
vt -0.427154988 -0.60757798
vt -0.423152 -0.609951019
vt -0.422881991 -0.609530985
vt -0.422881991 -0.609530985
vt -0.423152 -0.609951019
vt -0.419712007 -0.61293298
vt -0.422881991 -0.609530985
vt -0.419712007 -0.61293298
vt -0.419333994 -0.612605989
vt -0.419333994 -0.612605989
vt -0.419712007 -0.61293298
vt -0.417252004 -0.616762996
vt -0.419333994 -0.612605989
vt -0.417252004 -0.616762996
vt -0.416797012 -0.616554976
vt -0.416797012 -0.616554976
vt -0.417252004 -0.616762996
vt -0.415969014 -0.621134996
vt -0.416797012 -0.616554976
vt -0.415969014 -0.621134996
vt -0.415473998 -0.621064007
vt -0.0171670001 -0.621064007
vt -0.0176669993 -0.621134996
vt -0.0176669993 -0.625689983
vt -0.0171670001 -0.621064007
vt -0.0176669993 -0.625689983
vt -0.0171670001 -0.625760972
vt -0.415475011 -0.625760972
vt -0.415969998 -0.625689983
vt -0.417252988 -0.630056977
vt -0.415475011 -0.625760972
vt -0.417252988 -0.630056977
vt -0.416797996 -0.630264997
vt -0.416797996 -0.630264997
vt -0.417252988 -0.630056977
vt -0.419716001 -0.633888006
vt -0.416797996 -0.630264997
vt -0.419716001 -0.633888006
vt -0.419337988 -0.634214997
vt -0.419337988 -0.634214997
vt -0.419716001 -0.633888006
vt -0.423159987 -0.63687098
vt -0.419337988 -0.634214997
vt -0.423159987 -0.63687098
vt -0.422890007 -0.637291014
vt -0.422890007 -0.637291014
vt -0.423159987 -0.63687098
vt -0.427302986 -0.638760984
vt -0.422890007 -0.637291014
vt -0.427302986 -0.638760984
vt -0.427161992 -0.63924098
vt -0.427161992 -0.63924098
vt -0.427302986 -0.638760984
vt -0.431805998 -0.639409006
vt -0.427161992 -0.63924098
vt -0.431805998 -0.639409006
vt -0.431805998 -0.639909029
vt -0.431805998 0.0150229996
vt -0.427076995 0.0150229996
vt -0.431805998 0.0154579999
vt -0.0154579999 -0.64140898
vt -0.0150229996 -0.641039014
vt -0.0150229996 -0.641039014
vt -0.431805998 0.0154579999
vt -0.427076995 0.0150229996
vt -0.427152991 0.0154579999
vt -0.427152991 0.0154579999
vt -0.427076995 0.0150229996
vt -0.422675997 0.0150229996
vt -0.427152991 0.0154579999
vt -0.422675997 0.0150229996
vt -0.422807992 0.0154579999
vt -0.422807992 0.0154579999
vt -0.422675997 0.0150229996
vt -0.41889599 0.0150229996
vt -0.422807992 0.0154579999
vt -0.41889599 0.0150229996
vt -0.419081986 0.0154579999
vt -0.0154579999 -0.636138976
vt -0.0150229996 -0.636313975
vt -0.0150229996 -0.632530987
vt -0.0154579999 -0.636138976
vt -0.0150229996 -0.632530987
vt -0.0154579999 -0.632412016
vt -0.0154579999 -0.632412016
vt -0.0150229996 -0.632530987
vt -0.0150229996 -0.628131986
vt -0.0154579999 -0.632412016
vt -0.0150229996 -0.628131986
vt -0.0154579999 -0.628068984
vt -0.0154579999 -0.628068984
vt -0.0150229996 -0.628131986
vt -0.0150229996 -0.623403013
vt -0.0154579999 -0.628068984
vt -0.0150229996 -0.623403013
vt -0.0154579999 -0.62341398
vt -0.0154579999 -0.62341398
vt -0.0150229996 -0.623403013
vt -0.0150229996 -0.618682027
vt -0.0154579999 -0.62341398
vt -0.0150229996 -0.618682027
vt -0.0154579999 -0.618750989
vt -0.0154579999 -0.618750989
vt -0.0150229996 -0.618682027
vt -0.0150229996 -0.614278018
vt -0.0154579999 -0.618750989
vt -0.0150229996 -0.614278018
vt -0.0154579999 -0.614413023
vt -0.0154579999 -0.614413023
vt -0.0150229996 -0.614278018
vt -0.0150229996 -0.610498011
vt -0.0154579999 -0.614413023
vt -0.0150229996 -0.610498011
vt -0.0154579999 -0.610683024
vt 0.419075996 0.0154579999
vt 0.41890201 0.0150229996
vt 0.422681004 0.0150229996
vt 0.419075996 0.0154579999
vt 0.422681004 0.0150229996
vt 0.422803015 0.0154579999
vt 0.422803015 0.0154579999
vt 0.422681004 0.0150229996
vt 0.427087009 0.0150229996
vt 0.422803015 0.0154579999
vt 0.427087009 0.0150229996
vt 0.427143008 0.0154579999
vt 0.427143008 0.0154579999
vt 0.427087009 0.0150229996
vt 0.431805998 0.0150229996
vt 0.427143008 0.0154579999
vt 0.431805998 0.0150229996
vt 0.431805998 0.0154579999
vt -0.431805998 0.0154579999
vt -0.436468989 0.0154579999
vt -0.431805998 0.0150229996
vt -0.0150229996 -0.641663015
vt -0.0154579999 -0.640793979
vt -0.0154579999 -0.640793979
vt -0.431805998 0.0150229996
vt -0.436468989 0.0154579999
vt -0.436524987 0.0150229996
vt -0.436524987 0.0150229996
vt -0.436468989 0.0154579999
vt -0.440809011 0.0154579999
vt -0.436524987 0.0150229996
vt -0.440809011 0.0154579999
vt -0.440930992 0.0150229996
vt -0.440930992 0.0150229996
vt -0.440809011 0.0154579999
vt -0.444536 0.0154579999
vt -0.440930992 0.0150229996
vt -0.444536 0.0154579999
vt -0.444709986 0.0150229996
vt 0.0150229996 -0.636318982
vt 0.0154579999 -0.636134028
vt 0.0154579999 -0.632404029
vt 0.0150229996 -0.636318982
vt 0.0154579999 -0.632404029
vt 0.0150229996 -0.632538974
vt 0.0150229996 -0.632538974
vt 0.0154579999 -0.632404029
vt 0.0154579999 -0.628066003
vt 0.0150229996 -0.632538974
vt 0.0154579999 -0.628066003
vt 0.0150229996 -0.628135026
vt 0.0150229996 -0.628135026
vt 0.0154579999 -0.628066003
vt 0.0154579999 -0.623403013
vt 0.0150229996 -0.628135026
vt 0.0154579999 -0.623403013
vt 0.0150229996 -0.62341398
vt 0.0150229996 -0.62341398
vt 0.0154579999 -0.623403013
vt 0.0154579999 -0.618748009
vt 0.0150229996 -0.62341398
vt 0.0154579999 -0.618748009
vt 0.0150229996 -0.618685007
vt 0.0150229996 -0.618685007
vt 0.0154579999 -0.618748009
vt 0.0154579999 -0.614404976
vt 0.0150229996 -0.618685007
vt 0.0154579999 -0.614404976
vt 0.0150229996 -0.614286005
vt 0.0150229996 -0.614286005
vt 0.0154579999 -0.614404976
vt 0.0154579999 -0.610678017
vt 0.0150229996 -0.614286005
vt 0.0154579999 -0.610678017
vt 0.0150229996 -0.610503018
vt 0.444716007 0.0150229996
vt 0.444530994 0.0154579999
vt 0.440804005 0.0154579999
vt 0.444716007 0.0150229996
vt 0.440804005 0.0154579999
vt 0.440935999 0.0150229996
vt 0.440935999 0.0150229996
vt 0.440804005 0.0154579999
vt 0.436459988 0.0154579999
vt 0.440935999 0.0150229996
vt 0.436459988 0.0154579999
vt 0.436535001 0.0150229996
vt 0.436535001 0.0150229996
vt 0.436459988 0.0154579999
vt 0.431805998 0.0154579999
vt 0.436535001 0.0150229996
vt 0.431805998 0.0154579999
vt 0.431805998 0.0150229996
vt -0.431805998 0.0154579999
vt -0.427152991 0.0154579999
vt -0.431805998 0.0171670001
vt -0.0171670001 -0.641209006
vt -0.0154579999 -0.640796006
vt -0.0154579999 -0.640796006
vt -0.431805998 0.0171670001
vt -0.427152991 0.0154579999
vt -0.427143008 0.0169670004
vt -0.427143008 0.0169670004
vt -0.427152991 0.0154579999
vt -0.422807992 0.0154579999
vt -0.427143008 0.0169670004
vt -0.422807992 0.0154579999
vt -0.422803015 0.0169670004
vt -0.422803015 0.0169670004
vt -0.422807992 0.0154579999
vt -0.419081986 0.0154579999
vt -0.422803015 0.0169670004
vt -0.419081986 0.0154579999
vt -0.419075996 0.0169670004
vt -0.0169670004 -0.636134028
vt -0.0154579999 -0.636138976
vt -0.0154579999 -0.632412016
vt -0.0169670004 -0.636134028
vt -0.0154579999 -0.632412016
vt -0.0169670004 -0.632404029
vt -0.0169670004 -0.632404029
vt -0.0154579999 -0.632412016
vt -0.0154579999 -0.628068984
vt -0.0169670004 -0.632404029
vt -0.0154579999 -0.628068984
vt -0.0169670004 -0.628066003
vt -0.0169670004 -0.628066003
vt -0.0154579999 -0.628068984
vt -0.0154579999 -0.62341398
vt -0.0169670004 -0.628066003
vt -0.0154579999 -0.62341398
vt -0.0169670004 -0.623403013
vt -0.0169670004 -0.623403013
vt -0.0154579999 -0.62341398
vt -0.0154579999 -0.618750989
vt -0.0169670004 -0.623403013
vt -0.0154579999 -0.618750989
vt -0.0169670004 -0.618748009
vt -0.0169670004 -0.618748009
vt -0.0154579999 -0.618750989
vt -0.0154579999 -0.614413023
vt -0.0169670004 -0.618748009
vt -0.0154579999 -0.614413023
vt -0.0169670004 -0.614404976
vt -0.0169670004 -0.614404976
vt -0.0154579999 -0.614413023
vt -0.0154579999 -0.610683024
vt -0.0169670004 -0.614404976
vt -0.0154579999 -0.610683024
vt -0.0169670004 -0.610678017
vt 0.419081986 0.0169670004
vt 0.419075996 0.0154579999
vt 0.422803015 0.0154579999
vt 0.419081986 0.0169670004
vt 0.422803015 0.0154579999
vt 0.422807992 0.0169670004
vt 0.422807992 0.0169670004
vt 0.422803015 0.0154579999
vt 0.427143008 0.0154579999
vt 0.422807992 0.0169670004
vt 0.427143008 0.0154579999
vt 0.427152991 0.0169670004
vt 0.427152991 0.0169670004
vt 0.427143008 0.0154579999
vt 0.431805998 0.0154579999
vt 0.427152991 0.0169670004
vt 0.431805998 0.0154579999
vt 0.431805998 0.0171670001
vt -0.431805998 0.0171670001
vt -0.436459988 0.0169670004
vt -0.431805998 0.0154579999
vt -0.0154579999 -0.64140898
vt -0.0169670004 -0.640796006
vt -0.0169670004 -0.640796006
vt -0.431805998 0.0154579999
vt -0.436459988 0.0169670004
vt -0.436468989 0.0154579999
vt -0.436468989 0.0154579999
vt -0.436459988 0.0169670004
vt -0.440804005 0.0169670004
vt -0.436468989 0.0154579999
vt -0.440804005 0.0169670004
vt -0.440809011 0.0154579999
vt -0.440809011 0.0154579999
vt -0.440804005 0.0169670004
vt -0.444530994 0.0169670004
vt -0.440809011 0.0154579999
vt -0.444530994 0.0169670004
vt -0.444536 0.0154579999
vt 0.0154579999 -0.636134028
vt 0.0169670004 -0.636138976
vt 0.0169670004 -0.632412016
vt 0.0154579999 -0.636134028
vt 0.0169670004 -0.632412016
vt 0.0154579999 -0.632404029
vt 0.0154579999 -0.632404029
vt 0.0169670004 -0.632412016
vt 0.0169670004 -0.628068984
vt 0.0154579999 -0.632404029
vt 0.0169670004 -0.628068984
vt 0.0154579999 -0.628066003
vt 0.0154579999 -0.628066003
vt 0.0169670004 -0.628068984
vt 0.0169670004 -0.62341398
vt 0.0154579999 -0.628066003
vt 0.0169670004 -0.62341398
vt 0.0154579999 -0.623403013
vt 0.0154579999 -0.623403013
vt 0.0169670004 -0.62341398
vt 0.0169670004 -0.618750989
vt 0.0154579999 -0.623403013
vt 0.0169670004 -0.618750989
vt 0.0154579999 -0.618748009
vt 0.0154579999 -0.618748009
vt 0.0169670004 -0.618750989
vt 0.0169670004 -0.614413023
vt 0.0154579999 -0.618748009
vt 0.0169670004 -0.614413023
vt 0.0154579999 -0.614404976
vt 0.0154579999 -0.614404976
vt 0.0169670004 -0.614413023
vt 0.0169670004 -0.610683024
vt 0.0154579999 -0.614404976
vt 0.0169670004 -0.610683024
vt 0.0154579999 -0.610678017
vt 0.444530994 0.0154579999
vt 0.444536 0.0169670004
vt 0.440809011 0.0169670004
vt 0.444530994 0.0154579999
vt 0.440809011 0.0169670004
vt 0.440804005 0.0154579999
vt 0.440804005 0.0154579999
vt 0.440809011 0.0169670004
vt 0.436468989 0.0169670004
vt 0.440804005 0.0154579999
vt 0.436468989 0.0169670004
vt 0.436459988 0.0154579999
vt 0.436459988 0.0154579999
vt 0.436468989 0.0169670004
vt 0.431805998 0.0171670001
vt 0.436459988 0.0154579999
vt 0.431805998 0.0171670001
vt 0.431805998 0.0154579999
vt -0.449193001 -0.618750989
vt -0.446814001 -0.616553009
vt -0.447396994 -0.614413023
vt -0.447396994 -0.614413023
vt -0.446814001 -0.616553009
vt -0.444274992 -0.612601995
vt -0.447396994 -0.614413023
vt -0.444274992 -0.612601995
vt -0.444536 -0.610683024
vt -0.444536 -0.610683024
vt -0.444274992 -0.612601995
vt -0.440723002 -0.609525979
vt -0.444536 -0.610683024
vt -0.440723002 -0.609525979
vt -0.440809011 -0.607822001
vt -0.440809011 -0.607822001
vt -0.440723002 -0.609525979
vt -0.436450988 -0.607576013
vt -0.440809011 -0.607822001
vt -0.436450988 -0.607576013
vt -0.436468989 -0.606023014
vt -0.436468989 -0.606023014
vt -0.436450988 -0.607576013
vt -0.431805998 -0.606908977
vt -0.436468989 -0.606023014
vt -0.431805998 -0.606908977
vt -0.431805998 -0.605609
vt -0.0171670001 -0.605609
vt -0.0171670001 -0.606908977
vt -0.0171670001 -0.606908977
vt -0.431805998 -0.605609
vt -0.431805998 -0.606908977
vt -0.427152991 -0.606020987
vt -0.427152991 -0.606020987
vt -0.431805998 -0.606908977
vt -0.427154988 -0.60757798
vt -0.427152991 -0.606020987
vt -0.427154988 -0.60757798
vt -0.422807992 -0.607819021
vt -0.422807992 -0.607819021
vt -0.427154988 -0.60757798
vt -0.422881991 -0.609530985
vt -0.422807992 -0.607819021
vt -0.422881991 -0.609530985
vt -0.419081986 -0.610678017
vt -0.419081986 -0.610678017
vt -0.422881991 -0.609530985
vt -0.419333994 -0.612605989
vt -0.419081986 -0.610678017
vt -0.419333994 -0.612605989
vt -0.416220009 -0.614404976
vt -0.416220009 -0.614404976
vt -0.419333994 -0.612605989
vt -0.416797012 -0.616554976
vt -0.416220009 -0.614404976
vt -0.416797012 -0.616554976
vt -0.414420009 -0.618748009
vt -0.414420009 -0.618748009
vt -0.416797012 -0.616554976
vt -0.415473998 -0.621064007
vt -0.414420009 -0.618748009
vt -0.415473998 -0.621064007
vt -0.413805991 -0.623403013
vt -0.413805991 -0.623403013
vt -0.415473998 -0.621064007
vt -0.415475011 -0.625760972
vt -0.413805991 -0.623403013
vt -0.415475011 -0.625760972
vt -0.414418995 -0.628066003
vt -0.414418995 -0.628066003
vt -0.415475011 -0.625760972
vt -0.416797996 -0.630264997
vt -0.414418995 -0.628066003
vt -0.416797996 -0.630264997
vt -0.416215986 -0.632404029
vt -0.416215986 -0.632404029
vt -0.416797996 -0.630264997
vt -0.419337988 -0.634214997
vt -0.416215986 -0.632404029
vt -0.419337988 -0.634214997
vt -0.419075996 -0.636134028
vt -0.419075996 -0.636134028
vt -0.419337988 -0.634214997
vt -0.422890007 -0.637291014
vt -0.419075996 -0.636134028
vt -0.422890007 -0.637291014
vt -0.422803015 -0.638994992
vt -0.422803015 -0.638994992
vt -0.422890007 -0.637291014
vt -0.427161992 -0.63924098
vt -0.422803015 -0.638994992
vt -0.427161992 -0.63924098
vt -0.427143008 -0.640793979
vt -0.427143008 -0.640793979
vt -0.427161992 -0.63924098
vt -0.431805998 -0.639909029
vt -0.427143008 -0.640793979
vt -0.431805998 -0.639909029
vt -0.431805998 -0.641209006
vt -0.0171670001 -0.641209006
vt -0.0171670001 -0.639909029
vt -0.0171670001 -0.639909029
vt -0.431805998 -0.641209006
vt -0.431805998 -0.639909029
vt -0.436459988 -0.640796006
vt -0.436459988 -0.640796006
vt -0.431805998 -0.639909029
vt -0.436457992 -0.639239013
vt -0.436459988 -0.640796006
vt -0.436457992 -0.639239013
vt -0.440804005 -0.638997972
vt -0.440804005 -0.638997972
vt -0.436457992 -0.639239013
vt -0.440730989 -0.637286007
vt -0.440804005 -0.638997972
vt -0.440730989 -0.637286007
vt -0.444530994 -0.636138976
vt -0.444530994 -0.636138976
vt -0.440730989 -0.637286007
vt -0.444278002 -0.634211004
vt -0.444530994 -0.636138976
vt -0.444278002 -0.634211004
vt -0.447393 -0.632412016
vt -0.447393 -0.632412016
vt -0.444278002 -0.634211004
vt -0.446815997 -0.630262017
vt -0.447393 -0.632412016
vt -0.446815997 -0.630262017
vt -0.449191988 -0.628068984
vt -0.449191988 -0.628068984
vt -0.446815997 -0.630262017
vt -0.448139012 -0.625752985
vt -0.449191988 -0.628068984
vt -0.448139012 -0.625752985
vt -0.449806005 -0.62341398
vt -0.449806005 -0.62341398
vt -0.448139012 -0.625752985
vt -0.448136985 -0.62105602
vt -0.449806005 -0.62341398
vt -0.448136985 -0.62105602
vt -0.449193001 -0.618750989
vt -0.449193001 -0.618750989
vt -0.448136985 -0.62105602
vt -0.446814001 -0.616553009
vt -0.440452993 -0.63687098
vt -0.436309993 -0.638760984
vt -0.436307997 -0.631201982
vt -0.0215000007 -0.631201982
vt -0.0215000007 -0.638760984
vt -0.0215000007 -0.638760984
vt -0.436307997 -0.631201982
vt -0.436309993 -0.638760984
vt -0.431805998 -0.632408977
vt -0.431805998 -0.632408977
vt -0.436309993 -0.638760984
vt -0.431805998 -0.639409006
vt -0.0215000007 -0.632408977
vt -0.0215000007 -0.639409006
vt -0.0215000007 -0.632408977
vt -0.431805998 -0.632408977
vt -0.431805998 -0.639409006
vt -0.427296013 -0.638759971
vt -0.431805998 -0.632408977
vt -0.427296013 -0.638759971
vt -0.42730701 -0.631202996
vt -0.42730701 -0.631202996
vt -0.427296013 -0.638759971
vt -0.423152 -0.636865973
vt -0.0215000007 -0.631202996
vt -0.0215000007 -0.636865973
vt -0.0215000007 -0.631202996
vt -0.42730701 -0.631202996
vt -0.423152 -0.636865973
vt -0.419712007 -0.633884013
vt -0.42730701 -0.631202996
vt -0.419712007 -0.633884013
vt -0.424012989 -0.627910018
vt -0.424012989 -0.627910018
vt -0.419712007 -0.633884013
vt -0.417252004 -0.630053997
vt -0.0215000007 -0.627910018
vt -0.0215000007 -0.630053997
vt -0.0215000007 -0.627910018
vt -0.424012989 -0.627910018
vt -0.417252004 -0.630053997
vt -0.415969014 -0.625681996
vt -0.424012989 -0.627910018
vt -0.415969014 -0.625681996
vt -0.422805995 -0.623411
vt -0.422805995 -0.623411
vt -0.415969014 -0.625681996
vt -0.415969998 -0.621127009
vt -0.422805995 -0.623411
vt -0.415969998 -0.621127009
vt -0.424010992 -0.618911028
vt -0.424010992 -0.618911028
vt -0.415969998 -0.621127009
vt -0.417252988 -0.616760015
vt -0.0215000007 -0.618911028
vt -0.0215000007 -0.616760015
vt -0.0215000007 -0.618911028
vt -0.424010992 -0.618911028
vt -0.417252988 -0.616760015
vt -0.419716001 -0.612928987
vt -0.424010992 -0.618911028
vt -0.419716001 -0.612928987
vt -0.427305013 -0.61561501
vt -0.427305013 -0.61561501
vt -0.419716001 -0.612928987
vt -0.423159987 -0.609946012
vt -0.0215000007 -0.61561501
vt -0.0215000007 -0.609946012
vt -0.0215000007 -0.61561501
vt -0.427305013 -0.61561501
vt -0.423159987 -0.609946012
vt -0.427302986 -0.608056009
vt -0.427305013 -0.61561501
vt -0.427302986 -0.608056009
vt -0.431805998 -0.614409029
vt -0.431805998 -0.614409029
vt -0.427302986 -0.608056009
vt -0.431805998 -0.607409
vt -0.0215000007 -0.614409029
vt -0.0215000007 -0.607409
vt -0.0215000007 -0.614409029
vt -0.431805998 -0.614409029
vt -0.431805998 -0.607409
vt -0.436316997 -0.608057976
vt -0.431805998 -0.614409029
vt -0.436316997 -0.608057976
vt -0.436304986 -0.615613997
vt -0.436304986 -0.615613997
vt -0.436316997 -0.608057976
vt -0.440459996 -0.609951019
vt -0.0215000007 -0.615613997
vt -0.0215000007 -0.609951019
vt -0.0215000007 -0.615613997
vt -0.436304986 -0.615613997
vt -0.440459996 -0.609951019
vt -0.443899989 -0.61293298
vt -0.436304986 -0.615613997
vt -0.443899989 -0.61293298
vt -0.439599007 -0.618906975
vt -0.439599007 -0.618906975
vt -0.443899989 -0.61293298
vt -0.446361005 -0.616762996
vt -0.0215000007 -0.618906975
vt -0.0215000007 -0.616762996
vt -0.0215000007 -0.618906975
vt -0.439599007 -0.618906975
vt -0.446361005 -0.616762996
vt -0.447643995 -0.621134996
vt -0.439599007 -0.618906975
vt -0.447643995 -0.621134996
vt -0.440806001 -0.623405993
vt -0.440806001 -0.623405993
vt -0.447643995 -0.621134996
vt -0.447641999 -0.625689983
vt -0.440806001 -0.623405993
vt -0.447641999 -0.625689983
vt -0.439601988 -0.627906024
vt -0.439601988 -0.627906024
vt -0.447641999 -0.625689983
vt -0.446359009 -0.630056977
vt -0.0215000007 -0.627906024
vt -0.0215000007 -0.630056977
vt -0.0215000007 -0.627906024
vt -0.439601988 -0.627906024
vt -0.446359009 -0.630056977
vt -0.443897009 -0.633888006
vt -0.439601988 -0.627906024
vt -0.443897009 -0.633888006
vt -0.436307997 -0.631201982
vt -0.436307997 -0.631201982
vt -0.443897009 -0.633888006
vt -0.440452993 -0.63687098
vt -0.382697999 0.649149001
vt -0.383296013 0.653681993
vt -0.387697995 0.649149001
vt -1.81141996 0.649149001
vt -1.81141996 0.653681993
vt -1.81141996 0.653681993
vt -0.387697995 0.649149001
vt -0.383296013 0.653681993
vt -0.388651013 0.653936028
vt -0.388651013 0.653936028
vt -0.383296013 0.653681993
vt -0.385044992 0.657902002
vt -0.388651013 0.653936028
vt -0.385044992 0.657902002
vt -0.391360998 0.657989025
vt -0.391360998 0.657989025
vt -0.385044992 0.657902002
vt -0.387825996 0.661525011
vt -1.81141996 0.657989025
vt -1.81141996 0.661525011
vt -1.81141996 0.657989025
vt -0.391360998 0.657989025
vt -0.387825996 0.661525011
vt -0.391452998 0.664305985
vt -0.391360998 0.657989025
vt -0.391452998 0.664305985
vt -0.395415992 0.660697997
vt -0.395415992 0.660697997
vt -0.391452998 0.664305985
vt -0.395669997 0.666052997
vt -0.395415992 0.660697997
vt -0.395669997 0.666052997
vt -0.400202006 0.661648989
vt -0.400202006 0.661648989
vt -0.395669997 0.666052997
vt -0.40020299 0.666648984
vt -1.81141996 0.661648989
vt -1.81141996 0.666648984
vt -1.81141996 0.661648989
vt -0.400202006 0.661648989
vt -0.40020299 0.666648984
vt -0.404729009 0.666051984
vt -0.400202006 0.661648989
vt -0.404729009 0.666051984
vt -0.404983014 0.660696983
vt -0.404983014 0.660696983
vt -0.404729009 0.666051984
vt -0.408951014 0.664301991
vt -0.404983014 0.660696983
vt -0.408951014 0.664301991
vt -0.409038991 0.657984972
vt -0.409038991 0.657984972
vt -0.408951014 0.664301991
vt -0.412575006 0.661520004
vt -1.81141996 0.657984972
vt -1.81141996 0.661520004
vt -1.81141996 0.657984972
vt -0.409038991 0.657984972
vt -0.412575006 0.661520004
vt -0.415354997 0.657896996
vt -0.409038991 0.657984972
vt -0.415354997 0.657896996
vt -0.411747992 0.653930008
vt -0.411747992 0.653930008
vt -0.415354997 0.657896996
vt -0.417102993 0.653672993
vt -0.411747992 0.653930008
vt -0.417102993 0.653672993
vt -0.412698001 0.649149001
vt -0.412698001 0.649149001
vt -0.417102993 0.653672993
vt -0.417697996 0.649149001
vt -1.81141996 0.649149001
vt -1.81141996 0.649149001
vt -1.81141996 0.649149001
vt -0.412698001 0.649149001
vt -0.417697996 0.649149001
vt -0.417100012 0.644614995
vt -0.412698001 0.649149001
vt -0.417100012 0.644614995
vt -0.411745012 0.644361973
vt -0.411745012 0.644361973
vt -0.417100012 0.644614995
vt -0.415351987 0.640395999
vt -0.411745012 0.644361973
vt -0.415351987 0.640395999
vt -0.409034997 0.640308976
vt -0.409034997 0.640308976
vt -0.415351987 0.640395999
vt -0.41257 0.636771977
vt -1.81141996 0.640308976
vt -1.81141996 0.636771977
vt -1.81141996 0.640308976
vt -0.409034997 0.640308976
vt -0.41257 0.636771977
vt -0.408944011 0.633991003
vt -0.409034997 0.640308976
vt -0.408944011 0.633991003
vt -0.404980004 0.637600005
vt -0.404980004 0.637600005
vt -0.408944011 0.633991003
vt -0.404725999 0.632245004
vt -0.404980004 0.637600005
vt -0.404725999 0.632245004
vt -0.400195003 0.636649013
vt -0.400195003 0.636649013
vt -0.404725999 0.632245004
vt -0.400193006 0.631649017
vt -1.81141996 0.636649013
vt -1.81141996 0.631649017
vt -1.81141996 0.636649013
vt -0.400195003 0.636649013
vt -0.400193006 0.631649017
vt -0.395666987 0.632246017
vt -0.400195003 0.636649013
vt -0.395666987 0.632246017
vt -0.395413011 0.637601018
vt -0.395413011 0.637601018
vt -0.395666987 0.632246017
vt -0.391445011 0.633994997
vt -0.395413011 0.637601018
vt -0.391445011 0.633994997
vt -0.391357005 0.640312016
vt -0.391357005 0.640312016
vt -0.391445011 0.633994997
vt -0.387820989 0.636777997
vt -1.81141996 0.640312016
vt -1.81141996 0.636777997
vt -1.81141996 0.640312016
vt -0.391357005 0.640312016
vt -0.387820989 0.636777997
vt -0.385042012 0.640401006
vt -0.391357005 0.640312016
vt -0.385042012 0.640401006
vt -0.388648987 0.644367993
vt -0.388648987 0.644367993
vt -0.385042012 0.640401006
vt -0.383293003 0.644625008
vt -0.388648987 0.644367993
vt -0.383293003 0.644625008
vt -0.387697995 0.649149001
vt -0.387697995 0.649149001
vt -0.383293003 0.644625008
vt -0.382697999 0.649149001
vt -0.412698001 0.649149001
vt -0.411745012 0.644361973
vt -0.410198003 0.649149001
vt -1.82641995 0.649149001
vt -1.82641995 0.644361973
vt -1.82641995 0.644361973
vt -0.410198003 0.649149001
vt -0.411745012 0.644361973
vt -0.409206986 0.644807994
vt -0.409206986 0.644807994
vt -0.411745012 0.644361973
vt -0.409034997 0.640308976
vt -0.409206986 0.644807994
vt -0.409034997 0.640308976
vt -0.40643099 0.64132899
vt -0.40643099 0.64132899
vt -0.409034997 0.640308976
vt -0.404980004 0.637600005
vt -0.40643099 0.64132899
vt -0.404980004 0.637600005
vt -0.402422011 0.639398992
vt -0.402422011 0.639398992
vt -0.404980004 0.637600005
vt -0.400195003 0.636649013
vt -0.402422011 0.639398992
vt -0.400195003 0.636649013
vt -0.397971988 0.639400005
vt -0.397971988 0.639400005
vt -0.400195003 0.636649013
vt -0.395413011 0.637601018
vt -0.397971988 0.639400005
vt -0.395413011 0.637601018
vt -0.393961012 0.641331971
vt -0.393961012 0.641331971
vt -0.395413011 0.637601018
vt -0.391357005 0.640312016
vt -0.393961012 0.641331971
vt -0.391357005 0.640312016
vt -0.391187996 0.644813001
vt -0.391187996 0.644813001
vt -0.391357005 0.640312016
vt -0.388648987 0.644367993
vt -0.391187996 0.644813001
vt -0.388648987 0.644367993
vt -0.390197992 0.649149001
vt -0.390197992 0.649149001
vt -0.388648987 0.644367993
vt -0.387697995 0.649149001
vt -1.82641995 0.649149001
vt -1.82641995 0.649149001
vt -1.82641995 0.649149001
vt -0.390197992 0.649149001
vt -0.387697995 0.649149001
vt -0.388651013 0.653936028
vt -0.390197992 0.649149001
vt -0.388651013 0.653936028
vt -0.391189009 0.653488994
vt -0.391189009 0.653488994
vt -0.388651013 0.653936028
vt -0.391360998 0.657989025
vt -0.391189009 0.653488994
vt -0.391360998 0.657989025
vt -0.393965989 0.656969011
vt -0.393965989 0.656969011
vt -0.391360998 0.657989025
vt -0.395415992 0.660697997
vt -0.393965989 0.656969011
vt -0.395415992 0.660697997
vt -0.397974998 0.658897996
vt -0.397974998 0.658897996
vt -0.395415992 0.660697997
vt -0.400202006 0.661648989
vt -0.397974998 0.658897996
vt -0.400202006 0.661648989
vt -0.402424008 0.658897996
vt -0.402424008 0.658897996
vt -0.400202006 0.661648989
vt -0.404983014 0.660696983
vt -0.402424008 0.658897996
vt -0.404983014 0.660696983
vt -0.406435013 0.656965017
vt -0.406435013 0.656965017
vt -0.404983014 0.660696983
vt -0.409038991 0.657984972
vt -0.406435013 0.656965017
vt -0.409038991 0.657984972
vt -0.409209013 0.653485
vt -0.409209013 0.653485
vt -0.409038991 0.657984972
vt -0.411747992 0.653930008
vt -0.409209013 0.653485
vt -0.411747992 0.653930008
vt -0.410198003 0.649149001
vt -0.410198003 0.649149001
vt -0.411747992 0.653930008
vt -0.412698001 0.649149001
vt 0.402422011 0.639398992
vt 0.408951014 0.633994997
vt 0.40643099 0.64132899
vt 0.40643099 0.64132899
vt 0.408951014 0.633994997
vt 0.412575006 0.636777997
vt 0.40643099 0.64132899
vt 0.412575006 0.636777997
vt 0.409206986 0.644807994
vt 0.409206986 0.644807994
vt 0.412575006 0.636777997
vt 0.415354997 0.640401006
vt -2.07642007 0.644807994
vt -2.07642007 0.640401006
vt -2.07642007 0.644807994
vt 0.409206986 0.644807994
vt 0.415354997 0.640401006
vt 0.417102993 0.644625008
vt 0.409206986 0.644807994
vt 0.417102993 0.644625008
vt 0.410198003 0.649149001
vt 0.410198003 0.649149001
vt 0.417102993 0.644625008
vt 0.417697996 0.649149001
vt -2.07642007 0.649149001
vt -2.07642007 0.649149001
vt -2.07642007 0.649149001
vt 0.410198003 0.649149001
vt 0.417697996 0.649149001
vt 0.417100012 0.653681993
vt 0.410198003 0.649149001
vt 0.417100012 0.653681993
vt 0.409209013 0.653485
vt 0.409209013 0.653485
vt 0.417100012 0.653681993
vt 0.415351987 0.657902002
vt -2.07642007 0.653485
vt -2.07642007 0.657902002
vt -2.07642007 0.653485
vt 0.409209013 0.653485
vt 0.415351987 0.657902002
vt 0.41257 0.661525011
vt 0.409209013 0.653485
vt 0.41257 0.661525011
vt 0.406435013 0.656965017
vt 0.406435013 0.656965017
vt 0.41257 0.661525011
vt 0.408944011 0.664305985
vt 0.406435013 0.656965017
vt 0.408944011 0.664305985
vt 0.402424008 0.658897996
vt 0.402424008 0.658897996
vt 0.408944011 0.664305985
vt 0.404725999 0.666052997
vt -2.07642007 0.658897996
vt -2.07642007 0.666052997
vt -2.07642007 0.658897996
vt 0.402424008 0.658897996
vt 0.404725999 0.666052997
vt 0.400193006 0.666648984
vt 0.402424008 0.658897996
vt 0.400193006 0.666648984
vt 0.397974998 0.658897996
vt 0.397974998 0.658897996
vt 0.400193006 0.666648984
vt 0.395666987 0.666051984
vt -2.07642007 0.658897996
vt -2.07642007 0.666051984
vt -2.07642007 0.658897996
vt 0.397974998 0.658897996
vt 0.395666987 0.666051984
vt 0.391445011 0.664301991
vt 0.397974998 0.658897996
vt 0.391445011 0.664301991
vt 0.393965989 0.656969011
vt 0.393965989 0.656969011
vt 0.391445011 0.664301991
vt 0.387820989 0.661520004
vt 0.393965989 0.656969011
vt 0.387820989 0.661520004
vt 0.391189009 0.653488994
vt 0.391189009 0.653488994
vt 0.387820989 0.661520004
vt 0.385042012 0.657896996
vt -2.07642007 0.653488994
vt -2.07642007 0.657896996
vt -2.07642007 0.653488994
vt 0.391189009 0.653488994
vt 0.385042012 0.657896996
vt 0.383293003 0.653672993
vt 0.391189009 0.653488994
vt 0.383293003 0.653672993
vt 0.390197992 0.649149001
vt 0.390197992 0.649149001
vt 0.383293003 0.653672993
vt 0.382697999 0.649149001
vt -2.07642007 0.649149001
vt -2.07642007 0.649149001
vt -2.07642007 0.649149001
vt 0.390197992 0.649149001
vt 0.382697999 0.649149001
vt 0.383296013 0.644614995
vt 0.390197992 0.649149001
vt 0.383296013 0.644614995
vt 0.391187996 0.644813001
vt 0.391187996 0.644813001
vt 0.383296013 0.644614995
vt 0.385044992 0.640395999
vt -2.07642007 0.644813001
vt -2.07642007 0.640395999
vt -2.07642007 0.644813001
vt 0.391187996 0.644813001
vt 0.385044992 0.640395999
vt 0.387825996 0.636771977
vt 0.391187996 0.644813001
vt 0.387825996 0.636771977
vt 0.393961012 0.641331971
vt 0.393961012 0.641331971
vt 0.387825996 0.636771977
vt 0.391452998 0.633991003
vt 0.393961012 0.641331971
vt 0.391452998 0.633991003
vt 0.397971988 0.639400005
vt 0.397971988 0.639400005
vt 0.391452998 0.633991003
vt 0.395669997 0.632245004
vt -2.07642007 0.639400005
vt -2.07642007 0.632245004
vt -2.07642007 0.639400005
vt 0.397971988 0.639400005
vt 0.395669997 0.632245004
vt 0.40020299 0.631649017
vt 0.397971988 0.639400005
vt 0.40020299 0.631649017
vt 0.402422011 0.639398992
vt 0.402422011 0.639398992
vt 0.40020299 0.631649017
vt 0.404729009 0.632246017
vt 0.402422011 0.639398992
vt 0.404729009 0.632246017
vt 0.408951014 0.633994997
vt -0.453487009 0.684827983
vt -0.451108009 0.687026024
vt -0.451691002 0.689164996
vt -0.451691002 0.689164996
vt -0.451108009 0.687026024
vt -0.448569 0.690976977
vt -0.451691002 0.689164996
vt -0.448569 0.690976977
vt -0.448830009 0.692896008
vt -0.448830009 0.692896008
vt -0.448569 0.690976977
vt -0.44501701 0.694052994
vt -0.448830009 0.692896008
vt -0.44501701 0.694052994
vt -0.44510299 0.695756018
vt -0.44510299 0.695756018
vt -0.44501701 0.694052994
vt -0.440744996 0.696002007
vt -0.44510299 0.695756018
vt -0.440744996 0.696002007
vt -0.440762997 0.697555006
vt -0.440762997 0.697555006
vt -0.440744996 0.696002007
vt -0.436100006 0.696669996
vt -0.440762997 0.697555006
vt -0.436100006 0.696669996
vt -0.436100006 0.697969973
vt -0.0171670001 0.697969973
vt -0.0171670001 0.696669996
vt -0.0171670001 0.696669996
vt -0.436100006 0.697969973
vt -0.436100006 0.696669996
vt -0.431446999 0.697557986
vt -0.431446999 0.697557986
vt -0.436100006 0.696669996
vt -0.431448996 0.696000993
vt -0.431446999 0.697557986
vt -0.431448996 0.696000993
vt -0.427102 0.695758998
vt -0.427102 0.695758998
vt -0.431448996 0.696000993
vt -0.427175999 0.694047987
vt -0.427102 0.695758998
vt -0.427175999 0.694047987
vt -0.423375994 0.692901015
vt -0.423375994 0.692901015
vt -0.427175999 0.694047987
vt -0.423628986 0.690971971
vt -0.423375994 0.692901015
vt -0.423628986 0.690971971
vt -0.420513988 0.689172983
vt -0.420513988 0.689172983
vt -0.423628986 0.690971971
vt -0.42109099 0.687022984
vt -0.420513988 0.689172983
vt -0.42109099 0.687022984
vt -0.418713987 0.68483001
vt -0.418713987 0.68483001
vt -0.42109099 0.687022984
vt -0.419768006 0.682514012
vt -0.418713987 0.68483001
vt -0.419768006 0.682514012
vt -0.418101013 0.680175006
vt -0.418101013 0.680175006
vt -0.419768006 0.682514012
vt -0.419768989 0.677816987
vt -0.418101013 0.680175006
vt -0.419768989 0.677816987
vt -0.418713003 0.675512016
vt -0.418713003 0.675512016
vt -0.419768989 0.677816987
vt -0.421092004 0.673313975
vt -0.418713003 0.675512016
vt -0.421092004 0.673313975
vt -0.420509994 0.67117399
vt -0.420509994 0.67117399
vt -0.421092004 0.673313975
vt -0.423631996 0.669363022
vt -0.420509994 0.67117399
vt -0.423631996 0.669363022
vt -0.423370004 0.667443991
vt -0.423370004 0.667443991
vt -0.423631996 0.669363022
vt -0.427183986 0.666287005
vt -0.423370004 0.667443991
vt -0.427183986 0.666287005
vt -0.427098006 0.664583981
vt -0.427098006 0.664583981
vt -0.427183986 0.666287005
vt -0.431456 0.664336979
vt -0.427098006 0.664583981
vt -0.431456 0.664336979
vt -0.431436986 0.662784994
vt -0.431436986 0.662784994
vt -0.431456 0.664336979
vt -0.436100006 0.663670003
vt -0.431436986 0.662784994
vt -0.436100006 0.663670003
vt -0.436100006 0.662370026
vt -0.0171670001 0.662370026
vt -0.0171670001 0.663670003
vt -0.0171670001 0.663670003
vt -0.436100006 0.662370026
vt -0.436100006 0.663670003
vt -0.440753996 0.662782013
vt -0.440753996 0.662782013
vt -0.436100006 0.663670003
vt -0.440752 0.664339006
vt -0.440753996 0.662782013
vt -0.440752 0.664339006
vt -0.445098013 0.664579988
vt -0.445098013 0.664579988
vt -0.440752 0.664339006
vt -0.445024997 0.666292012
vt -0.445098013 0.664579988
vt -0.445024997 0.666292012
vt -0.448825002 0.667438984
vt -0.448825002 0.667438984
vt -0.445024997 0.666292012
vt -0.44857201 0.669367015
vt -0.448825002 0.667438984
vt -0.44857201 0.669367015
vt -0.451687008 0.671167016
vt -0.451687008 0.671167016
vt -0.44857201 0.669367015
vt -0.451110005 0.673317015
vt -0.451687008 0.671167016
vt -0.451110005 0.673317015
vt -0.453485996 0.675508976
vt -0.453485996 0.675508976
vt -0.451110005 0.673317015
vt -0.45243299 0.677825987
vt -0.453485996 0.675508976
vt -0.45243299 0.677825987
vt -0.454100013 0.680164993
vt -0.454100013 0.680164993
vt -0.45243299 0.677825987
vt -0.452430993 0.682523012
vt -0.454100013 0.680164993
vt -0.452430993 0.682523012
vt -0.453487009 0.684827983
vt -0.453487009 0.684827983
vt -0.452430993 0.682523012
vt -0.451108009 0.687026024
vt -0.444747001 0.666707993
vt -0.440604001 0.664816976
vt -0.440602005 0.67237699
vt -0.0215000007 0.67237699
vt -0.0215000007 0.664816976
vt -0.0215000007 0.664816976
vt -0.440602005 0.67237699
vt -0.440604001 0.664816976
vt -0.436100006 0.671169996
vt -0.436100006 0.671169996
vt -0.440604001 0.664816976
vt -0.436100006 0.664170027
vt -0.0215000007 0.671169996
vt -0.0215000007 0.664170027
vt -0.0215000007 0.671169996
vt -0.436100006 0.671169996
vt -0.436100006 0.664170027
vt -0.431589991 0.664819002
vt -0.436100006 0.671169996
vt -0.431589991 0.664819002
vt -0.431600988 0.672375023
vt -0.431600988 0.672375023
vt -0.431589991 0.664819002
vt -0.427446008 0.666712999
vt -0.0215000007 0.672375023
vt -0.0215000007 0.666712999
vt -0.0215000007 0.672375023
vt -0.431600988 0.672375023
vt -0.427446008 0.666712999
vt -0.424005985 0.66969502
vt -0.431600988 0.672375023
vt -0.424005985 0.66969502
vt -0.428306997 0.675668001
vt -0.428306997 0.675668001
vt -0.424005985 0.66969502
vt -0.421546012 0.673524022
vt -0.0215000007 0.675668001
vt -0.0215000007 0.673524022
vt -0.0215000007 0.675668001
vt -0.428306997 0.675668001
vt -0.421546012 0.673524022
vt -0.420262992 0.677896976
vt -0.428306997 0.675668001
vt -0.420262992 0.677896976
vt -0.427100003 0.680167019
vt -0.427100003 0.680167019
vt -0.420262992 0.677896976
vt -0.420264006 0.68245101
vt -0.427100003 0.680167019
vt -0.420264006 0.68245101
vt -0.428305 0.684668005
vt -0.428305 0.684668005
vt -0.420264006 0.68245101
vt -0.421546996 0.686818004
vt -0.0215000007 0.684668005
vt -0.0215000007 0.686818004
vt -0.0215000007 0.684668005
vt -0.428305 0.684668005
vt -0.421546996 0.686818004
vt -0.424010009 0.690648973
vt -0.428305 0.684668005
vt -0.424010009 0.690648973
vt -0.431598991 0.687963009
vt -0.431598991 0.687963009
vt -0.424010009 0.690648973
vt -0.427453995 0.693632007
vt -0.0215000007 0.687963009
vt -0.0215000007 0.693632007
vt -0.0215000007 0.687963009
vt -0.431598991 0.687963009
vt -0.427453995 0.693632007
vt -0.431596994 0.695523024
vt -0.431598991 0.687963009
vt -0.431596994 0.695523024
vt -0.436100006 0.689170003
vt -0.436100006 0.689170003
vt -0.431596994 0.695523024
vt -0.436100006 0.696169972
vt -0.0215000007 0.689170003
vt -0.0215000007 0.696169972
vt -0.0215000007 0.689170003
vt -0.436100006 0.689170003
vt -0.436100006 0.696169972
vt -0.440611005 0.695520997
vt -0.436100006 0.689170003
vt -0.440611005 0.695520997
vt -0.440598994 0.687964976
vt -0.440598994 0.687964976
vt -0.440611005 0.695520997
vt -0.444754004 0.693627
vt -0.0215000007 0.687964976
vt -0.0215000007 0.693627
vt -0.0215000007 0.687964976
vt -0.440598994 0.687964976
vt -0.444754004 0.693627
vt -0.448193997 0.690644979
vt -0.440598994 0.687964976
vt -0.448193997 0.690644979
vt -0.443892986 0.684671998
vt -0.443892986 0.684671998
vt -0.448193997 0.690644979
vt -0.450655013 0.686815977
vt -0.0215000007 0.684671998
vt -0.0215000007 0.686815977
vt -0.0215000007 0.684671998
vt -0.443892986 0.684671998
vt -0.450655013 0.686815977
vt -0.451938003 0.682443023
vt -0.443892986 0.684671998
vt -0.451938003 0.682443023
vt -0.445100009 0.68017298
vt -0.445100009 0.68017298
vt -0.451938003 0.682443023
vt -0.451936007 0.677887976
vt -0.445100009 0.68017298
vt -0.451936007 0.677887976
vt -0.443895996 0.675671995
vt -0.443895996 0.675671995
vt -0.451936007 0.677887976
vt -0.450652987 0.673521996
vt -0.0215000007 0.675671995
vt -0.0215000007 0.673521996
vt -0.0215000007 0.675671995
vt -0.443895996 0.675671995
vt -0.450652987 0.673521996
vt -0.448190987 0.669691026
vt -0.443895996 0.675671995
vt -0.448190987 0.669691026
vt -0.440602005 0.67237699
vt -0.440602005 0.67237699
vt -0.448190987 0.669691026
vt -0.444747001 0.666707993
vt 0.107878 -0.618750989
vt 0.110257 -0.616551995
vt 0.109673999 -0.614413023
vt 0.109673999 -0.614413023
vt 0.110257 -0.616551995
vt 0.112797 -0.612601995
vt 0.109673999 -0.614413023
vt 0.112797 -0.612601995
vt 0.112535 -0.610683024
vt 0.112535 -0.610683024
vt 0.112797 -0.612601995
vt 0.116347998 -0.609525979
vt 0.112535 -0.610683024
vt 0.116347998 -0.609525979
vt 0.116261996 -0.607822001
vt 0.116261996 -0.607822001
vt 0.116347998 -0.609525979
vt 0.120621003 -0.607576013
vt 0.116261996 -0.607822001
vt 0.120621003 -0.607576013
vt 0.120601997 -0.606023014
vt 0.120601997 -0.606023014
vt 0.120621003 -0.607576013
vt 0.125265002 -0.606908023
vt 0.120601997 -0.606023014
vt 0.125265002 -0.606908023
vt 0.125265002 -0.605607986
vt -0.0171670001 -0.605607986
vt -0.0171670001 -0.606908023
vt -0.0171670001 -0.606908023
vt 0.125265002 -0.605607986
vt 0.125265002 -0.606908023
vt 0.129919007 -0.606020987
vt 0.129919007 -0.606020987
vt 0.125265002 -0.606908023
vt 0.129916996 -0.60757798
vt 0.129919007 -0.606020987
vt 0.129916996 -0.60757798
vt 0.134262994 -0.607819021
vt 0.134262994 -0.607819021
vt 0.129916996 -0.60757798
vt 0.134188995 -0.609530985
vt 0.134262994 -0.607819021
vt 0.134188995 -0.609530985
vt 0.137989998 -0.610678017
vt 0.137989998 -0.610678017
vt 0.134188995 -0.609530985
vt 0.137737006 -0.612605989
vt 0.137989998 -0.610678017
vt 0.137737006 -0.612605989
vt 0.140851006 -0.614404976
vt 0.140851006 -0.614404976
vt 0.137737006 -0.612605989
vt 0.140274003 -0.616554976
vt 0.140851006 -0.614404976
vt 0.140274003 -0.616554976
vt 0.142651007 -0.618748009
vt 0.142651007 -0.618748009
vt 0.140274003 -0.616554976
vt 0.141597003 -0.621064007
vt 0.142651007 -0.618748009
vt 0.141597003 -0.621064007
vt 0.143264994 -0.623403013
vt 0.143264994 -0.623403013
vt 0.141597003 -0.621064007
vt 0.141596004 -0.625760972
vt 0.143264994 -0.623403013
vt 0.141596004 -0.625760972
vt 0.142652005 -0.628066003
vt 0.142652005 -0.628066003
vt 0.141596004 -0.625760972
vt 0.140273005 -0.630263984
vt 0.142652005 -0.628066003
vt 0.140273005 -0.630263984
vt 0.140855998 -0.632404029
vt 0.140855998 -0.632404029
vt 0.140273005 -0.630263984
vt 0.137732998 -0.634214997
vt 0.140855998 -0.632404029
vt 0.137732998 -0.634214997
vt 0.137995005 -0.636134028
vt 0.137995005 -0.636134028
vt 0.137732998 -0.634214997
vt 0.134182006 -0.637291014
vt 0.137995005 -0.636134028
vt 0.134182006 -0.637291014
vt 0.134268001 -0.638994992
vt 0.134268001 -0.638994992
vt 0.134182006 -0.637291014
vt 0.129908994 -0.63924098
vt 0.134268001 -0.638994992
vt 0.129908994 -0.63924098
vt 0.129927993 -0.640793979
vt 0.129927993 -0.640793979
vt 0.129908994 -0.63924098
vt 0.125265002 -0.639908016
vt 0.129927993 -0.640793979
vt 0.125265002 -0.639908016
vt 0.125265002 -0.641207993
vt -0.0171670001 -0.641207993
vt -0.0171670001 -0.639908016
vt -0.0171670001 -0.639908016
vt 0.125265002 -0.641207993
vt 0.125265002 -0.639908016
vt 0.120610997 -0.640796006
vt 0.120610997 -0.640796006
vt 0.125265002 -0.639908016
vt 0.120614 -0.639239013
vt 0.120610997 -0.640796006
vt 0.120614 -0.639239013
vt 0.116267003 -0.638997972
vt 0.116267003 -0.638997972
vt 0.120614 -0.639239013
vt 0.116341002 -0.637286007
vt 0.116267003 -0.638997972
vt 0.116341002 -0.637286007
vt 0.112540998 -0.636138976
vt 0.112540998 -0.636138976
vt 0.116341002 -0.637286007
vt 0.112792999 -0.634211004
vt 0.112540998 -0.636138976
vt 0.112792999 -0.634211004
vt 0.109678999 -0.632412016
vt 0.109678999 -0.632412016
vt 0.112792999 -0.634211004
vt 0.110256001 -0.630262017
vt 0.109678999 -0.632412016
vt 0.110256001 -0.630262017
vt 0.107878998 -0.628068984
vt 0.107878998 -0.628068984
vt 0.110256001 -0.630262017
vt 0.108933002 -0.625752985
vt 0.107878998 -0.628068984
vt 0.108933002 -0.625752985
vt 0.107265003 -0.62341398
vt 0.107265003 -0.62341398
vt 0.108933002 -0.625752985
vt 0.108934 -0.62105602
vt 0.107265003 -0.62341398
vt 0.108934 -0.62105602
vt 0.107878 -0.618750989
vt 0.107878 -0.618750989
vt 0.108934 -0.62105602
vt 0.110257 -0.616551995
vt 0.116618998 -0.63687098
vt 0.120761 -0.638760984
vt 0.120764002 -0.631201982
vt -0.0215000007 -0.631201982
vt -0.0215000007 -0.638760984
vt -0.0215000007 -0.638760984
vt 0.120764002 -0.631201982
vt 0.120761 -0.638760984
vt 0.125265002 -0.632408023
vt 0.125265002 -0.632408023
vt 0.120761 -0.638760984
vt 0.125265002 -0.639407992
vt -0.0215000007 -0.632408023
vt -0.0215000007 -0.639407992
vt -0.0215000007 -0.632408023
vt 0.125265002 -0.632408023
vt 0.125265002 -0.639407992
vt 0.129776001 -0.638759017
vt 0.125265002 -0.632408023
vt 0.129776001 -0.638759017
vt 0.129764006 -0.631202996
vt 0.129764006 -0.631202996
vt 0.129776001 -0.638759017
vt 0.133919001 -0.636865973
vt -0.0215000007 -0.631202996
vt -0.0215000007 -0.636865973
vt -0.0215000007 -0.631202996
vt 0.129764006 -0.631202996
vt 0.133919001 -0.636865973
vt 0.137358993 -0.633884013
vt 0.129764006 -0.631202996
vt 0.137358993 -0.633884013
vt 0.133057997 -0.627910018
vt 0.133057997 -0.627910018
vt 0.137358993 -0.633884013
vt 0.139819995 -0.630053997
vt -0.0215000007 -0.627910018
vt -0.0215000007 -0.630053997
vt -0.0215000007 -0.627910018
vt 0.133057997 -0.627910018
vt 0.139819995 -0.630053997
vt 0.141102999 -0.625681996
vt 0.133057997 -0.627910018
vt 0.141102999 -0.625681996
vt 0.134265006 -0.623411
vt 0.134265006 -0.623411
vt 0.141102999 -0.625681996
vt 0.141101003 -0.621127009
vt 0.134265006 -0.623411
vt 0.141101003 -0.621127009
vt 0.133059993 -0.618911028
vt 0.133059993 -0.618911028
vt 0.141101003 -0.621127009
vt 0.139817998 -0.616760015
vt -0.0215000007 -0.618911028
vt -0.0215000007 -0.616760015
vt -0.0215000007 -0.618911028
vt 0.133059993 -0.618911028
vt 0.139817998 -0.616760015
vt 0.137355998 -0.612928987
vt 0.133059993 -0.618911028
vt 0.137355998 -0.612928987
vt 0.129766002 -0.61561501
vt 0.129766002 -0.61561501
vt 0.137355998 -0.612928987
vt 0.133910999 -0.609946012
vt -0.0215000007 -0.61561501
vt -0.0215000007 -0.609946012
vt -0.0215000007 -0.61561501
vt 0.129766002 -0.61561501
vt 0.133910999 -0.609946012
vt 0.129768997 -0.608056009
vt 0.129766002 -0.61561501
vt 0.129768997 -0.608056009
vt 0.125265002 -0.614408016
vt 0.125265002 -0.614408016
vt 0.129768997 -0.608056009
vt 0.125265002 -0.607407987
vt -0.0215000007 -0.614408016
vt -0.0215000007 -0.607407987
vt -0.0215000007 -0.614408016
vt 0.125265002 -0.614408016
vt 0.125265002 -0.607407987
vt 0.120754004 -0.608057022
vt 0.125265002 -0.614408016
vt 0.120754004 -0.608057022
vt 0.120765999 -0.615613997
vt 0.120765999 -0.615613997
vt 0.120754004 -0.608057022
vt 0.116610996 -0.609951019
vt -0.0215000007 -0.615613997
vt -0.0215000007 -0.609951019
vt -0.0215000007 -0.615613997
vt 0.120765999 -0.615613997
vt 0.116610996 -0.609951019
vt 0.113170996 -0.61293298
vt 0.120765999 -0.615613997
vt 0.113170996 -0.61293298
vt 0.117472 -0.618906975
vt 0.117472 -0.618906975
vt 0.113170996 -0.61293298
vt 0.110710002 -0.616762996
vt -0.0215000007 -0.618906975
vt -0.0215000007 -0.616762996
vt -0.0215000007 -0.618906975
vt 0.117472 -0.618906975
vt 0.110710002 -0.616762996
vt 0.109428003 -0.621134996
vt 0.117472 -0.618906975
vt 0.109428003 -0.621134996
vt 0.116264999 -0.623405993
vt 0.116264999 -0.623405993
vt 0.109428003 -0.621134996
vt 0.109429002 -0.625689983
vt 0.116264999 -0.623405993
vt 0.109429002 -0.625689983
vt 0.117470004 -0.627906024
vt 0.117470004 -0.627906024
vt 0.109429002 -0.625689983
vt 0.110711999 -0.630056977
vt -0.0215000007 -0.627906024
vt -0.0215000007 -0.630056977
vt -0.0215000007 -0.627906024
vt 0.117470004 -0.627906024
vt 0.110711999 -0.630056977
vt 0.113173999 -0.633888006
vt 0.117470004 -0.627906024
vt 0.113173999 -0.633888006
vt 0.120764002 -0.631201982
vt 0.120764002 -0.631201982
vt 0.113173999 -0.633888006
vt 0.116618998 -0.63687098
vt 0.113757998 0.680419981
vt 0.116136998 0.682618022
vt 0.115553997 0.684758008
vt 0.115553997 0.684758008
vt 0.116136998 0.682618022
vt 0.118675999 0.686568975
vt 0.115553997 0.684758008
vt 0.118675999 0.686568975
vt 0.118414 0.688488007
vt 0.118414 0.688488007
vt 0.118675999 0.686568975
vt 0.122227997 0.689644992
vt 0.118414 0.688488007
vt 0.122227997 0.689644992
vt 0.122142002 0.69134903
vt 0.122142002 0.69134903
vt 0.122227997 0.689644992
vt 0.126499996 0.691595018
vt 0.122142002 0.69134903
vt 0.126499996 0.691595018
vt 0.126480997 0.693147004
vt 0.126480997 0.693147004
vt 0.126499996 0.691595018
vt 0.131144002 0.692261994
vt 0.126480997 0.693147004
vt 0.131144002 0.692261994
vt 0.131144002 0.693561971
vt -0.0171670001 0.693561971
vt -0.0171670001 0.692261994
vt -0.0171670001 0.692261994
vt 0.131144002 0.693561971
vt 0.131144002 0.692261994
vt 0.135798007 0.693149984
vt 0.135798007 0.693149984
vt 0.131144002 0.692261994
vt 0.135795996 0.691592991
vt 0.135798007 0.693149984
vt 0.135795996 0.691592991
vt 0.140143007 0.69135201
vt 0.140143007 0.69135201
vt 0.135795996 0.691592991
vt 0.140068993 0.689639986
vt 0.140143007 0.69135201
vt 0.140068993 0.689639986
vt 0.143868998 0.688493013
vt 0.143868998 0.688493013
vt 0.140068993 0.689639986
vt 0.143616006 0.686564982
vt 0.143868998 0.688493013
vt 0.143616006 0.686564982
vt 0.146731004 0.684765995
vt 0.146731004 0.684765995
vt 0.143616006 0.686564982
vt 0.146154001 0.682615995
vt 0.146731004 0.684765995
vt 0.146154001 0.682615995
vt 0.148530006 0.680423021
vt 0.148530006 0.680423021
vt 0.146154001 0.682615995
vt 0.147477001 0.67810601
vt 0.148530006 0.680423021
vt 0.147477001 0.67810601
vt 0.149143994 0.675767004
vt 0.149143994 0.675767004
vt 0.147477001 0.67810601
vt 0.147476003 0.673408985
vt 0.149143994 0.675767004
vt 0.147476003 0.673408985
vt 0.148531005 0.671105027
vt 0.148531005 0.671105027
vt 0.147476003 0.673408985
vt 0.146152005 0.668905973
vt 0.148531005 0.671105027
vt 0.146152005 0.668905973
vt 0.146734998 0.666767001
vt 0.146734998 0.666767001
vt 0.146152005 0.668905973
vt 0.143612996 0.66495502
vt 0.146734998 0.666767001
vt 0.143612996 0.66495502
vt 0.143875003 0.663037002
vt 0.143875003 0.663037002
vt 0.143612996 0.66495502
vt 0.140061006 0.661879003
vt 0.143875003 0.663037002
vt 0.140061006 0.661879003
vt 0.140147001 0.660175979
vt 0.140147001 0.660175979
vt 0.140061006 0.661879003
vt 0.135789007 0.659929991
vt 0.140147001 0.660175979
vt 0.135789007 0.659929991
vt 0.135808006 0.658376992
vt 0.135808006 0.658376992
vt 0.135789007 0.659929991
vt 0.131144002 0.659262002
vt 0.135808006 0.658376992
vt 0.131144002 0.659262002
vt 0.131144002 0.657962024
vt -0.0171670001 0.657962024
vt -0.0171670001 0.659262002
vt -0.0171670001 0.659262002
vt 0.131144002 0.657962024
vt 0.131144002 0.659262002
vt 0.126490995 0.658375025
vt 0.126490995 0.658375025
vt 0.131144002 0.659262002
vt 0.126493007 0.659932017
vt 0.126490995 0.658375025
vt 0.126493007 0.659932017
vt 0.122146003 0.660172999
vt 0.122146003 0.660172999
vt 0.126493007 0.659932017
vt 0.122220002 0.66188401
vt 0.122146003 0.660172999
vt 0.122220002 0.66188401
vt 0.118419997 0.663030982
vt 0.118419997 0.663030982
vt 0.122220002 0.66188401
vt 0.118672997 0.664960027
vt 0.118419997 0.663030982
vt 0.118672997 0.664960027
vt 0.115557998 0.666759014
vt 0.115557998 0.666759014
vt 0.118672997 0.664960027
vt 0.116135001 0.668909013
vt 0.115557998 0.666759014
vt 0.116135001 0.668909013
vt 0.113759004 0.671101987
vt 0.113759004 0.671101987
vt 0.116135001 0.668909013
vt 0.114812002 0.673417985
vt 0.113759004 0.671101987
vt 0.114812002 0.673417985
vt 0.113145001 0.675756991
vt 0.113145001 0.675756991
vt 0.114812002 0.673417985
vt 0.114813 0.67811501
vt 0.113145001 0.675756991
vt 0.114813 0.67811501
vt 0.113757998 0.680419981
vt 0.113757998 0.680419981
vt 0.114813 0.67811501
vt 0.116136998 0.682618022
vt 0.122497998 0.662299991
vt 0.126641005 0.660409987
vt 0.126643002 0.667968988
vt -0.0215000007 0.667968988
vt -0.0215000007 0.660409987
vt -0.0215000007 0.660409987
vt 0.126643002 0.667968988
vt 0.126641005 0.660409987
vt 0.131144002 0.666761994
vt 0.131144002 0.666761994
vt 0.126641005 0.660409987
vt 0.131144002 0.659762025
vt -0.0215000007 0.666761994
vt -0.0215000007 0.659762025
vt -0.0215000007 0.666761994
vt 0.131144002 0.666761994
vt 0.131144002 0.659762025
vt 0.135655001 0.660411
vt 0.131144002 0.666761994
vt 0.135655001 0.660411
vt 0.135644004 0.667967021
vt 0.135644004 0.667967021
vt 0.135655001 0.660411
vt 0.139798 0.662304997
vt -0.0215000007 0.667967021
vt -0.0215000007 0.662304997
vt -0.0215000007 0.667967021
vt 0.135644004 0.667967021
vt 0.139798 0.662304997
vt 0.143237993 0.665287018
vt 0.135644004 0.667967021
vt 0.143237993 0.665287018
vt 0.138937995 0.671261013
vt 0.138937995 0.671261013
vt 0.143237993 0.665287018
vt 0.145698994 0.669116974
vt -0.0215000007 0.671261013
vt -0.0215000007 0.669116974
vt -0.0215000007 0.671261013
vt 0.138937995 0.671261013
vt 0.145698994 0.669116974
vt 0.146981999 0.673488975
vt 0.138937995 0.671261013
vt 0.146981999 0.673488975
vt 0.140144005 0.675759971
vt 0.140144005 0.675759971
vt 0.146981999 0.673488975
vt 0.146981001 0.678044021
vt 0.140144005 0.675759971
vt 0.146981001 0.678044021
vt 0.138940006 0.680260003
vt 0.138940006 0.680260003
vt 0.146981001 0.678044021
vt 0.145697996 0.682410002
vt -0.0215000007 0.680260003
vt -0.0215000007 0.682410002
vt -0.0215000007 0.680260003
vt 0.138940006 0.680260003
vt 0.145697996 0.682410002
vt 0.143234998 0.686241984
vt 0.138940006 0.680260003
vt 0.143234998 0.686241984
vt 0.135646001 0.683555007
vt 0.135646001 0.683555007
vt 0.143234998 0.686241984
vt 0.139790997 0.689224005
vt -0.0215000007 0.683555007
vt -0.0215000007 0.689224005
vt -0.0215000007 0.683555007
vt 0.135646001 0.683555007
vt 0.139790997 0.689224005
vt 0.135647997 0.691115022
vt 0.135646001 0.683555007
vt 0.135647997 0.691115022
vt 0.131144002 0.684762001
vt 0.131144002 0.684762001
vt 0.135647997 0.691115022
vt 0.131144002 0.691761971
vt -0.0215000007 0.684762001
vt -0.0215000007 0.691761971
vt -0.0215000007 0.684762001
vt 0.131144002 0.684762001
vt 0.131144002 0.691761971
vt 0.126634002 0.691112995
vt 0.131144002 0.684762001
vt 0.126634002 0.691112995
vt 0.126644999 0.683556974
vt 0.126644999 0.683556974
vt 0.126634002 0.691112995
vt 0.122491002 0.689220011
vt -0.0215000007 0.683556974
vt -0.0215000007 0.689220011
vt -0.0215000007 0.683556974
vt 0.126644999 0.683556974
vt 0.122491002 0.689220011
vt 0.119051002 0.686236978
vt 0.126644999 0.683556974
vt 0.119051002 0.686236978
vt 0.123351 0.680263996
vt 0.123351 0.680263996
vt 0.119051002 0.686236978
vt 0.116590001 0.682407975
vt -0.0215000007 0.680263996
vt -0.0215000007 0.682407975
vt -0.0215000007 0.680263996
vt 0.123351 0.680263996
vt 0.116590001 0.682407975
vt 0.115307003 0.678035021
vt 0.123351 0.680263996
vt 0.115307003 0.678035021
vt 0.122144997 0.675764978
vt 0.122144997 0.675764978
vt 0.115307003 0.678035021
vt 0.115308002 0.673480988
vt 0.122144997 0.675764978
vt 0.115308002 0.673480988
vt 0.123349003 0.671263993
vt 0.123349003 0.671263993
vt 0.115308002 0.673480988
vt 0.116590999 0.669113994
vt -0.0215000007 0.671263993
vt -0.0215000007 0.669113994
vt -0.0215000007 0.671263993
vt 0.123349003 0.671263993
vt 0.116590999 0.669113994
vt 0.119053997 0.665283024
vt 0.123349003 0.671263993
vt 0.119053997 0.665283024
vt 0.126643002 0.667968988
vt 0.126643002 0.667968988
vt 0.119053997 0.665283024
vt 0.122497998 0.662299991
f 1/1 2/2 3/3
f 3/4 2/5 4/6
f 3/7 4/8 5/9
f 5/10 4/11 6/12
f 5/13 6/14 7/15
f 7/16 6/17 8/18
f 7/19 8/20 9/21
f 9/22 8/23 10/24
f 9/25 10/26 11/27
f 11/28 10/29 12/30
f 11/31 12/32 13/33
f 13/34 12/35 14/36
f 13/37 14/38 15/39
f 15/40 14/41 16/42
f 15/43 16/44 17/45
f 17/46 16/47 18/48
f 17/49 18/50 19/51
f 19/52 18/53 20/54
f 19/55 20/56 21/57
f 21/58 20/59 22/60
f 21/61 22/62 23/63
f 23/64 22/65 24/66
f 23/67 24/68 25/69
f 25/70 24/71 26/72
f 25/73 26/74 27/75
f 27/76 26/77 28/78
f 27/79 28/80 29/81
f 29/82 28/83 30/84
f 29/85 30/86 31/87
f 31/88 30/89 32/90
f 31/91 32/92 33/93
f 33/94 32/95 34/96
f 33/97 34/98 35/99
f 35/100 34/101 36/102
f 35/103 36/104 37/105
f 37/106 36/107 38/108
f 37/109 38/110 39/111
f 39/112 38/113 40/114
f 41/115 42/116 43/117
f 43/118 42/119 44/120
f 43/121 44/122 45/123
f 45/124 44/125 46/126
f 45/127 46/128 47/129
f 47/130 46/131 48/132
f 47/133 48/134 49/135
f 49/136 48/137 50/138
f 49/139 50/140 51/141
f 51/142 50/143 52/144
f 51/145 52/146 53/147
f 53/148 52/149 54/150
f 53/151 54/152 55/153
f 55/154 54/155 56/156
f 55/157 56/158 57/159
f 57/160 56/161 58/162
f 57/163 58/164 59/165
f 59/166 58/167 60/168
f 59/169 60/170 61/171
f 61/172 60/173 62/174
f 61/175 62/176 63/177
f 63/178 62/179 64/180
f 63/181 64/182 65/183
f 65/184 64/185 66/186
f 65/187 66/188 67/189
f 67/190 66/191 68/192
f 67/193 68/194 69/195
f 69/196 68/197 70/198
f 69/199 70/200 71/201
f 71/202 70/203 72/204
f 71/205 72/206 73/207
f 73/208 72/209 74/210
f 73/211 74/212 75/213
f 75/214 74/215 76/216
f 75/217 76/218 77/219
f 77/220 76/221 78/222
f 79/223 52/224 80/225
f 80/226 52/227 50/228
f 80/229 50/230 81/231
f 81/232 50/233 48/234
f 81/235 48/236 82/237
f 82/238 48/239 46/240
f 82/241 46/242 83/243
f 83/244 46/245 44/246
f 83/247 44/248 84/249
f 84/250 44/251 42/252
f 84/253 42/254 85/255
f 85/256 42/257 41/258
f 85/259 41/260 86/261
f 86/262 41/263 43/264
f 86/265 43/266 87/267
f 87/268 43/269 45/270
f 87/271 45/272 88/273
f 88/274 45/275 47/276
f 88/277 47/278 89/279
f 89/280 47/281 49/282
f 89/283 49/284 90/285
f 90/286 49/287 51/288
f 90/289 51/290 91/291
f 91/292 51/293 53/294
f 91/295 53/296 92/297
f 92/298 53/299 55/300
f 92/301 55/302 93/303
f 93/304 55/305 57/306
f 93/307 57/308 94/309
f 94/310 57/311 59/312
f 94/313 59/314 95/315
f 95/316 59/317 61/318
f 95/319 61/320 96/321
f 96/322 61/323 63/324
f 96/325 63/326 97/327
f 97/328 63/329 65/330
f 97/331 65/332 98/333
f 98/334 65/335 67/336
f 52/337 79/338 54/339
f 54/340 79/341 99/342
f 54/343 99/344 56/345
f 56/346 99/347 100/348
f 56/349 100/350 58/351
f 58/352 100/353 101/354
f 58/355 101/356 60/357
f 60/358 101/359 102/360
f 60/361 102/362 62/363
f 62/364 102/365 103/366
f 62/367 103/368 64/369
f 64/370 103/371 104/372
f 64/373 104/374 66/375
f 66/376 104/377 105/378
f 66/379 105/380 68/381
f 68/382 105/383 106/384
f 68/385 106/386 70/387
f 70/388 106/389 107/390
f 70/391 107/392 72/393
f 72/394 107/395 108/396
f 72/397 108/398 74/399
f 74/400 108/401 109/402
f 74/403 109/404 76/405
f 76/406 109/407 110/408
f 76/409 110/410 78/411
f 78/412 110/413 111/414
f 78/415 111/416 77/417
f 77/418 111/419 112/420
f 77/421 112/422 75/423
f 75/424 112/425 113/426
f 75/427 113/428 73/429
f 73/430 113/431 114/432
f 73/433 114/434 71/435
f 71/436 114/437 115/438
f 71/439 115/440 69/441
f 69/442 115/443 116/444
f 69/445 116/446 67/447
f 67/448 116/449 98/450
f 117/451 79/452 118/453
f 118/454 79/455 80/456
f 118/457 80/458 119/459
f 119/460 80/461 81/462
f 119/463 81/464 120/465
f 120/466 81/467 82/468
f 120/469 82/470 121/471
f 121/472 82/473 83/474
f 121/475 83/476 122/477
f 122/478 83/479 84/480
f 122/481 84/482 123/483
f 123/484 84/485 85/486
f 123/487 85/488 124/489
f 124/490 85/491 86/492
f 124/493 86/494 125/495
f 125/496 86/497 87/498
f 125/499 87/500 126/501
f 126/502 87/503 88/504
f 126/505 88/506 127/507
f 127/508 88/509 89/510
f 127/511 89/512 128/513
f 128/514 89/515 90/516
f 128/517 90/518 129/519
f 129/520 90/521 91/522
f 129/523 91/524 130/525
f 130/526 91/527 92/528
f 130/529 92/530 131/531
f 131/532 92/533 93/534
f 131/535 93/536 132/537
f 132/538 93/539 94/540
f 132/541 94/542 133/543
f 133/544 94/545 95/546
f 133/547 95/548 134/549
f 134/550 95/551 96/552
f 134/553 96/554 135/555
f 135/556 96/557 97/558
f 135/559 97/560 136/561
f 136/562 97/563 98/564
f 79/565 117/566 99/567
f 99/568 117/569 137/570
f 99/571 137/572 100/573
f 100/574 137/575 138/576
f 100/577 138/578 101/579
f 101/580 138/581 139/582
f 101/583 139/584 102/585
f 102/586 139/587 140/588
f 102/589 140/590 103/591
f 103/592 140/593 141/594
f 103/595 141/596 104/597
f 104/598 141/599 142/600
f 104/601 142/602 105/603
f 105/604 142/605 143/606
f 105/607 143/608 106/609
f 106/610 143/611 144/612
f 106/613 144/614 107/615
f 107/616 144/617 145/618
f 107/619 145/620 108/621
f 108/622 145/623 146/624
f 108/625 146/626 109/627
f 109/628 146/629 147/630
f 109/631 147/632 110/633
f 110/634 147/635 148/636
f 110/637 148/638 111/639
f 111/640 148/641 149/642
f 111/643 149/644 112/645
f 112/646 149/647 150/648
f 112/649 150/650 113/651
f 113/652 150/653 151/654
f 113/655 151/656 114/657
f 114/658 151/659 152/660
f 114/661 152/662 115/663
f 115/664 152/665 153/666
f 115/667 153/668 116/669
f 116/670 153/671 154/672
f 116/673 154/674 98/675
f 98/676 154/677 136/678
f 117/679 118/680 155/681
f 155/682 118/683 118/684
f 155/685 118/686 156/687
f 156/688 118/689 119/690
f 156/691 119/692 157/693
f 157/694 119/695 120/696
f 157/697 120/698 157/699
f 157/700 120/701 121/702
f 157/703 121/704 158/705
f 158/706 121/707 122/708
f 158/709 122/710 158/711
f 158/712 122/713 123/714
f 158/715 123/716 159/717
f 159/718 123/719 124/720
f 159/721 124/722 160/723
f 160/724 124/725 125/726
f 160/727 125/728 160/729
f 160/730 125/731 126/732
f 160/733 126/734 161/735
f 161/736 126/737 127/738
f 161/739 127/740 162/741
f 162/742 127/743 128/744
f 162/745 128/746 162/747
f 162/748 128/749 129/750
f 162/751 129/752 163/753
f 163/754 129/755 130/756
f 163/757 130/758 164/759
f 164/760 130/761 131/762
f 164/763 131/764 164/765
f 164/766 131/767 132/768
f 164/769 132/770 165/771
f 165/772 132/773 133/774
f 165/775 133/776 165/777
f 165/778 133/779 134/780
f 165/781 134/782 166/783
f 166/784 134/785 135/786
f 166/787 135/788 167/789
f 167/790 135/791 136/792
f 117/793 155/794 137/795
f 137/796 155/797 168/798
f 137/799 168/800 138/801
f 138/802 168/803 169/804
f 138/805 169/806 139/807
f 139/808 169/809 169/810
f 139/811 169/812 140/813
f 140/814 169/815 170/816
f 140/817 170/818 141/819
f 141/820 170/821 170/822
f 141/823 170/824 142/825
f 142/826 170/827 171/828
f 142/829 171/830 143/831
f 143/832 171/833 172/834
f 143/835 172/836 144/837
f 144/838 172/839 172/840
f 144/841 172/842 145/843
f 145/844 172/845 173/846
f 145/847 173/848 146/849
f 146/850 173/851 174/852
f 146/853 174/854 147/855
f 147/856 174/857 174/858
f 147/859 174/860 148/861
f 148/862 174/863 175/864
f 148/865 175/866 149/867
f 149/868 175/869 176/870
f 149/871 176/872 150/873
f 150/874 176/875 176/876
f 150/877 176/878 151/879
f 151/880 176/881 177/882
f 151/883 177/884 152/885
f 152/886 177/887 177/888
f 152/889 177/890 153/891
f 153/892 177/893 178/894
f 153/895 178/896 154/897
f 154/898 178/899 167/900
f 154/901 167/902 136/903
f 179/904 180/905 181/906
f 181/907 180/908 180/909
f 181/910 180/911 182/912
f 182/913 180/914 183/915
f 182/916 183/917 184/918
f 184/919 183/920 185/921
f 184/922 185/923 186/924
f 186/925 185/926 187/927
f 186/928 187/929 188/930
f 188/931 187/932 189/933
f 188/934 189/935 190/936
f 191/937 192/938 182/939
f 182/940 192/941 192/942
f 182/943 192/944 181/945
f 181/946 192/947 193/948
f 181/949 193/950 179/951
f 179/952 193/953 194/954
f 179/955 194/956 180/957
f 180/958 194/959 195/960
f 180/961 195/962 183/963
f 183/964 195/965 196/966
f 183/967 196/968 185/969
f 185/970 196/971 197/972
f 185/973 197/974 187/975
f 182/976 184/977 191/978
f 191/979 184/980 184/981
f 191/982 184/983 198/984
f 198/985 184/986 186/987
f 198/988 186/989 199/990
f 199/991 186/992 188/993
f 199/994 188/995 200/996
f 200/997 188/998 190/999
f 200/1000 190/1001 201/1002
f 201/1003 190/1004 189/1005
f 201/1006 189/1007 202/1008
f 202/1009 189/1010 187/1011
f 202/1012 187/1013 197/1014
f 203/1015 204/1016 205/1017
f 205/1018 204/1019 204/1020
f 205/1021 204/1022 206/1023
f 206/1024 204/1025 207/1026
f 206/1027 207/1028 208/1029
f 208/1030 207/1031 209/1032
f 208/1033 209/1034 210/1035
f 210/1036 209/1037 211/1038
f 210/1039 211/1040 212/1041
f 212/1042 211/1043 213/1044
f 212/1045 213/1046 214/1047
f 214/1048 213/1049 215/1050
f 214/1051 215/1052 216/1053
f 216/1054 215/1055 217/1056
f 216/1057 217/1058 218/1059
f 218/1060 217/1061 219/1062
f 218/1063 219/1064 220/1065
f 220/1066 219/1067 221/1068
f 220/1069 221/1070 222/1071
f 222/1072 221/1073 223/1074
f 222/1075 223/1076 224/1077
f 224/1078 223/1079 225/1080
f 224/1081 225/1082 226/1083
f 205/1084 227/1085 203/1086
f 203/1087 227/1088 227/1089
f 203/1090 227/1091 228/1092
f 228/1093 227/1094 229/1095
f 228/1096 229/1097 230/1098
f 230/1099 229/1100 231/1101
f 230/1102 231/1103 232/1104
f 232/1105 231/1106 233/1107
f 232/1108 233/1109 234/1110
f 234/1111 233/1112 235/1113
f 234/1114 235/1115 236/1116
f 236/1117 235/1118 237/1119
f 236/1120 237/1121 238/1122
f 238/1123 237/1124 239/1125
f 238/1126 239/1127 240/1128
f 240/1129 239/1130 241/1131
f 240/1132 241/1133 242/1134
f 242/1135 241/1136 243/1137
f 242/1138 243/1139 244/1140
f 244/1141 243/1142 245/1143
f 244/1144 245/1145 246/1146
f 246/1147 245/1148 226/1149
f 246/1150 226/1151 225/1152
f 247/1153 248/1154 225/1155
f 225/1156 248/1157 248/1158
f 225/1159 248/1160 246/1161
f 246/1162 248/1163 249/1164
f 246/1165 249/1166 244/1167
f 244/1168 249/1169 250/1170
f 244/1171 250/1172 242/1173
f 242/1174 250/1175 251/1176
f 242/1177 251/1178 240/1179
f 240/1180 251/1181 252/1182
f 240/1183 252/1184 238/1185
f 238/1186 252/1187 253/1188
f 238/1189 253/1190 236/1191
f 236/1192 253/1193 254/1194
f 236/1195 254/1196 234/1197
f 234/1198 254/1199 255/1200
f 234/1201 255/1202 232/1203
f 232/1204 255/1205 256/1206
f 232/1207 256/1208 230/1209
f 230/1210 256/1211 257/1212
f 230/1213 257/1214 228/1215
f 228/1216 257/1217 258/1218
f 228/1219 258/1220 203/1221
f 225/1222 223/1223 247/1224
f 247/1225 223/1226 223/1227
f 247/1228 223/1229 259/1230
f 259/1231 223/1232 221/1233
f 259/1234 221/1235 260/1236
f 260/1237 221/1238 219/1239
f 260/1240 219/1241 261/1242
f 261/1243 219/1244 217/1245
f 261/1246 217/1247 262/1248
f 262/1249 217/1250 215/1251
f 262/1252 215/1253 263/1254
f 263/1255 215/1256 213/1257
f 263/1258 213/1259 264/1260
f 264/1261 213/1262 211/1263
f 264/1264 211/1265 265/1266
f 265/1267 211/1268 209/1269
f 265/1270 209/1271 266/1272
f 266/1273 209/1274 207/1275
f 266/1276 207/1277 267/1278
f 267/1279 207/1280 204/1281
f 267/1282 204/1283 268/1284
f 268/1285 204/1286 203/1287
f 268/1288 203/1289 258/1290
f 155/1291 156/1292 269/1293
f 269/1294 156/1295 156/1296
f 269/1297 156/1298 270/1299
f 270/1300 156/1301 157/1302
f 270/1303 157/1304 271/1305
f 271/1306 157/1307 158/1308
f 271/1309 158/1310 272/1311
f 272/1312 158/1313 159/1314
f 272/1315 159/1316 273/1317
f 273/1318 159/1319 160/1320
f 273/1321 160/1322 274/1323
f 274/1324 160/1325 161/1326
f 274/1327 161/1328 275/1329
f 275/1330 161/1331 162/1332
f 275/1333 162/1334 276/1335
f 276/1336 162/1337 163/1338
f 276/1339 163/1340 277/1341
f 277/1342 163/1343 164/1344
f 277/1345 164/1346 278/1347
f 278/1348 164/1349 165/1350
f 278/1351 165/1352 279/1353
f 279/1354 165/1355 166/1356
f 279/1357 166/1358 280/1359
f 280/1360 166/1361 167/1362
f 280/1363 167/1364 281/1365
f 269/1366 282/1367 155/1368
f 155/1369 282/1370 282/1371
f 155/1372 282/1373 168/1374
f 168/1375 282/1376 283/1377
f 168/1378 283/1379 169/1380
f 169/1381 283/1382 284/1383
f 169/1384 284/1385 170/1386
f 170/1387 284/1388 285/1389
f 170/1390 285/1391 171/1392
f 171/1393 285/1394 286/1395
f 171/1396 286/1397 172/1398
f 172/1399 286/1400 287/1401
f 172/1402 287/1403 173/1404
f 173/1405 287/1406 288/1407
f 173/1408 288/1409 174/1410
f 174/1411 288/1412 289/1413
f 174/1414 289/1415 175/1416
f 175/1417 289/1418 290/1419
f 175/1420 290/1421 176/1422
f 176/1423 290/1424 291/1425
f 176/1426 291/1427 177/1428
f 177/1429 291/1430 292/1431
f 177/1432 292/1433 178/1434
f 178/1435 292/1436 281/1437
f 178/1438 281/1439 167/1440
f 269/1441 270/1442 293/1443
f 293/1444 270/1445 270/1446
f 293/1447 270/1448 294/1449
f 294/1450 270/1451 271/1452
f 294/1453 271/1454 295/1455
f 295/1456 271/1457 272/1458
f 295/1459 272/1460 296/1461
f 296/1462 272/1463 273/1464
f 296/1465 273/1466 297/1467
f 297/1468 273/1469 274/1470
f 297/1471 274/1472 298/1473
f 298/1474 274/1475 275/1476
f 298/1477 275/1478 299/1479
f 299/1480 275/1481 276/1482
f 299/1483 276/1484 300/1485
f 300/1486 276/1487 277/1488
f 300/1489 277/1490 301/1491
f 301/1492 277/1493 278/1494
f 301/1495 278/1496 302/1497
f 302/1498 278/1499 279/1500
f 302/1501 279/1502 303/1503
f 303/1504 279/1505 280/1506
f 303/1507 280/1508 304/1509
f 304/1510 280/1511 281/1512
f 304/1513 281/1514 305/1515
f 293/1516 306/1517 269/1518
f 269/1519 306/1520 306/1521
f 269/1522 306/1523 282/1524
f 282/1525 306/1526 307/1527
f 282/1528 307/1529 283/1530
f 283/1531 307/1532 308/1533
f 283/1534 308/1535 284/1536
f 284/1537 308/1538 309/1539
f 284/1540 309/1541 285/1542
f 285/1543 309/1544 310/1545
f 285/1546 310/1547 286/1548
f 286/1549 310/1550 311/1551
f 286/1552 311/1553 287/1554
f 287/1555 311/1556 312/1557
f 287/1558 312/1559 288/1560
f 288/1561 312/1562 313/1563
f 288/1564 313/1565 289/1566
f 289/1567 313/1568 314/1569
f 289/1570 314/1571 290/1572
f 290/1573 314/1574 315/1575
f 290/1576 315/1577 291/1578
f 291/1579 315/1580 316/1581
f 291/1582 316/1583 292/1584
f 292/1585 316/1586 305/1587
f 292/1588 305/1589 281/1590
f 317/1591 318/1592 319/1593
f 319/1594 318/1595 320/1596
f 319/1597 320/1598 321/1599
f 321/1600 320/1601 322/1602
f 321/1603 322/1604 323/1605
f 323/1606 322/1607 324/1608
f 323/1609 324/1610 325/1611
f 325/1612 324/1613 326/1614
f 325/1615 326/1616 327/1617
f 327/1618 326/1619 328/1620
f 327/1621 328/1622 329/1623
f 329/1624 328/1625 330/1626
f 329/1627 330/1628 331/1629
f 331/1630 330/1631 332/1632
f 331/1633 332/1634 333/1635
f 333/1636 332/1637 334/1638
f 333/1639 334/1640 335/1641
f 335/1642 334/1643 336/1644
f 335/1645 336/1646 337/1647
f 337/1648 336/1649 338/1650
f 337/1651 338/1652 339/1653
f 339/1654 338/1655 340/1656
f 339/1657 340/1658 341/1659
f 341/1660 340/1661 342/1662
f 341/1663 342/1664 343/1665
f 343/1666 342/1667 344/1668
f 343/1669 344/1670 345/1671
f 345/1672 344/1673 346/1674
f 345/1675 346/1676 347/1677
f 347/1678 346/1679 348/1680
f 347/1681 348/1682 349/1683
f 349/1684 348/1685 350/1686
f 349/1687 350/1688 351/1689
f 351/1690 350/1691 352/1692
f 351/1693 352/1694 353/1695
f 353/1696 352/1697 354/1698
f 355/1699 328/1700 356/1701
f 356/1702 328/1703 326/1704
f 356/1705 326/1706 357/1707
f 357/1708 326/1709 324/1710
f 357/1711 324/1712 358/1713
f 358/1714 324/1715 322/1716
f 358/1717 322/1718 359/1719
f 359/1720 322/1721 320/1722
f 359/1723 320/1724 360/1725
f 360/1726 320/1727 318/1728
f 360/1729 318/1730 361/1731
f 361/1732 318/1733 317/1734
f 361/1735 317/1736 362/1737
f 362/1738 317/1739 319/1740
f 362/1741 319/1742 363/1743
f 363/1744 319/1745 321/1746
f 363/1747 321/1748 364/1749
f 364/1750 321/1751 323/1752
f 364/1753 323/1754 365/1755
f 365/1756 323/1757 325/1758
f 365/1759 325/1760 366/1761
f 366/1762 325/1763 327/1764
f 366/1765 327/1766 367/1767
f 367/1768 327/1769 329/1770
f 367/1771 329/1772 368/1773
f 368/1774 329/1775 331/1776
f 368/1777 331/1778 369/1779
f 369/1780 331/1781 333/1782
f 369/1783 333/1784 370/1785
f 370/1786 333/1787 335/1788
f 370/1789 335/1790 371/1791
f 371/1792 335/1793 337/1794
f 371/1795 337/1796 372/1797
f 372/1798 337/1799 339/1800
f 372/1801 339/1802 373/1803
f 373/1804 339/1805 341/1806
f 373/1807 341/1808 374/1809
f 374/1810 341/1811 343/1812
f 328/1813 355/1814 330/1815
f 330/1816 355/1817 375/1818
f 330/1819 375/1820 332/1821
f 332/1822 375/1823 376/1824
f 332/1825 376/1826 334/1827
f 334/1828 376/1829 377/1830
f 334/1831 377/1832 336/1833
f 336/1834 377/1835 378/1836
f 336/1837 378/1838 338/1839
f 338/1840 378/1841 379/1842
f 338/1843 379/1844 340/1845
f 340/1846 379/1847 380/1848
f 340/1849 380/1850 342/1851
f 342/1852 380/1853 381/1854
f 342/1855 381/1856 344/1857
f 344/1858 381/1859 382/1860
f 344/1861 382/1862 346/1863
f 346/1864 382/1865 383/1866
f 346/1867 383/1868 348/1869
f 348/1870 383/1871 384/1872
f 348/1873 384/1874 350/1875
f 350/1876 384/1877 385/1878
f 350/1879 385/1880 352/1881
f 352/1882 385/1883 386/1884
f 352/1885 386/1886 354/1887
f 354/1888 386/1889 387/1890
f 354/1891 387/1892 353/1893
f 353/1894 387/1895 388/1896
f 353/1897 388/1898 351/1899
f 351/1900 388/1901 389/1902
f 351/1903 389/1904 349/1905
f 349/1906 389/1907 390/1908
f 349/1909 390/1910 347/1911
f 347/1912 390/1913 391/1914
f 347/1915 391/1916 345/1917
f 345/1918 391/1919 392/1920
f 345/1921 392/1922 343/1923
f 343/1924 392/1925 374/1926
f 393/1927 355/1928 394/1929
f 394/1930 355/1931 356/1932
f 394/1933 356/1934 395/1935
f 395/1936 356/1937 357/1938
f 395/1939 357/1940 396/1941
f 396/1942 357/1943 358/1944
f 396/1945 358/1946 397/1947
f 397/1948 358/1949 359/1950
f 397/1951 359/1952 398/1953
f 398/1954 359/1955 360/1956
f 398/1957 360/1958 399/1959
f 399/1960 360/1961 361/1962
f 399/1963 361/1964 400/1965
f 400/1966 361/1967 362/1968
f 400/1969 362/1970 401/1971
f 401/1972 362/1973 363/1974
f 401/1975 363/1976 402/1977
f 402/1978 363/1979 364/1980
f 402/1981 364/1982 403/1983
f 403/1984 364/1985 365/1986
f 403/1987 365/1988 404/1989
f 404/1990 365/1991 366/1992
f 404/1993 366/1994 405/1995
f 405/1996 366/1997 367/1998
f 405/1999 367/2000 406/2001
f 406/2002 367/2003 368/2004
f 406/2005 368/2006 407/2007
f 407/2008 368/2009 369/2010
f 407/2011 369/2012 408/2013
f 408/2014 369/2015 370/2016
f 408/2017 370/2018 409/2019
f 409/2020 370/2021 371/2022
f 409/2023 371/2024 410/2025
f 410/2026 371/2027 372/2028
f 410/2029 372/2030 411/2031
f 411/2032 372/2033 373/2034
f 411/2035 373/2036 412/2037
f 412/2038 373/2039 374/2040
f 355/2041 393/2042 375/2043
f 375/2044 393/2045 413/2046
f 375/2047 413/2048 376/2049
f 376/2050 413/2051 414/2052
f 376/2053 414/2054 377/2055
f 377/2056 414/2057 415/2058
f 377/2059 415/2060 378/2061
f 378/2062 415/2063 416/2064
f 378/2065 416/2066 379/2067
f 379/2068 416/2069 417/2070
f 379/2071 417/2072 380/2073
f 380/2074 417/2075 418/2076
f 380/2077 418/2078 381/2079
f 381/2080 418/2081 419/2082
f 381/2083 419/2084 382/2085
f 382/2086 419/2087 420/2088
f 382/2089 420/2090 383/2091
f 383/2092 420/2093 421/2094
f 383/2095 421/2096 384/2097
f 384/2098 421/2099 422/2100
f 384/2101 422/2102 385/2103
f 385/2104 422/2105 423/2106
f 385/2107 423/2108 386/2109
f 386/2110 423/2111 424/2112
f 386/2113 424/2114 387/2115
f 387/2116 424/2117 425/2118
f 387/2119 425/2120 388/2121
f 388/2122 425/2123 426/2124
f 388/2125 426/2126 389/2127
f 389/2128 426/2129 427/2130
f 389/2131 427/2132 390/2133
f 390/2134 427/2135 428/2136
f 390/2137 428/2138 391/2139
f 391/2140 428/2141 429/2142
f 391/2143 429/2144 392/2145
f 392/2146 429/2147 430/2148
f 392/2149 430/2150 374/2151
f 374/2152 430/2153 412/2154
f 393/2155 394/2156 431/2157
f 431/2158 394/2159 394/2160
f 431/2161 394/2162 432/2163
f 432/2164 394/2165 395/2166
f 432/2167 395/2168 433/2169
f 433/2170 395/2171 396/2172
f 433/2173 396/2174 433/2175
f 433/2176 396/2177 397/2178
f 433/2179 397/2180 434/2181
f 434/2182 397/2183 398/2184
f 434/2185 398/2186 434/2187
f 434/2188 398/2189 399/2190
f 434/2191 399/2192 435/2193
f 435/2194 399/2195 400/2196
f 435/2197 400/2198 436/2199
f 436/2200 400/2201 401/2202
f 436/2203 401/2204 436/2205
f 436/2206 401/2207 402/2208
f 436/2209 402/2210 437/2211
f 437/2212 402/2213 403/2214
f 437/2215 403/2216 438/2217
f 438/2218 403/2219 404/2220
f 438/2221 404/2222 438/2223
f 438/2224 404/2225 405/2226
f 438/2227 405/2228 439/2229
f 439/2230 405/2231 406/2232
f 439/2233 406/2234 440/2235
f 440/2236 406/2237 407/2238
f 440/2239 407/2240 440/2241
f 440/2242 407/2243 408/2244
f 440/2245 408/2246 441/2247
f 441/2248 408/2249 409/2250
f 441/2251 409/2252 441/2253
f 441/2254 409/2255 410/2256
f 441/2257 410/2258 442/2259
f 442/2260 410/2261 411/2262
f 442/2263 411/2264 443/2265
f 443/2266 411/2267 412/2268
f 393/2269 431/2270 413/2271
f 413/2272 431/2273 444/2274
f 413/2275 444/2276 414/2277
f 414/2278 444/2279 445/2280
f 414/2281 445/2282 415/2283
f 415/2284 445/2285 445/2286
f 415/2287 445/2288 416/2289
f 416/2290 445/2291 446/2292
f 416/2293 446/2294 417/2295
f 417/2296 446/2297 446/2298
f 417/2299 446/2300 418/2301
f 418/2302 446/2303 447/2304
f 418/2305 447/2306 419/2307
f 419/2308 447/2309 448/2310
f 419/2311 448/2312 420/2313
f 420/2314 448/2315 448/2316
f 420/2317 448/2318 421/2319
f 421/2320 448/2321 449/2322
f 421/2323 449/2324 422/2325
f 422/2326 449/2327 450/2328
f 422/2329 450/2330 423/2331
f 423/2332 450/2333 450/2334
f 423/2335 450/2336 424/2337
f 424/2338 450/2339 451/2340
f 424/2341 451/2342 425/2343
f 425/2344 451/2345 452/2346
f 425/2347 452/2348 426/2349
f 426/2350 452/2351 452/2352
f 426/2353 452/2354 427/2355
f 427/2356 452/2357 453/2358
f 427/2359 453/2360 428/2361
f 428/2362 453/2363 453/2364
f 428/2365 453/2366 429/2367
f 429/2368 453/2369 454/2370
f 429/2371 454/2372 430/2373
f 430/2374 454/2375 443/2376
f 430/2377 443/2378 412/2379
f 455/2380 456/2381 457/2382
f 457/2383 456/2384 456/2385
f 457/2386 456/2387 458/2388
f 458/2389 456/2390 459/2391
f 458/2392 459/2393 460/2394
f 460/2395 459/2396 461/2397
f 460/2398 461/2399 462/2400
f 462/2401 461/2402 463/2403
f 462/2404 463/2405 464/2406
f 464/2407 463/2408 465/2409
f 464/2410 465/2411 466/2412
f 467/2413 468/2414 458/2415
f 458/2416 468/2417 468/2418
f 458/2419 468/2420 457/2421
f 457/2422 468/2423 469/2424
f 457/2425 469/2426 455/2427
f 455/2428 469/2429 470/2430
f 455/2431 470/2432 456/2433
f 456/2434 470/2435 471/2436
f 456/2437 471/2438 459/2439
f 459/2440 471/2441 472/2442
f 459/2443 472/2444 461/2445
f 461/2446 472/2447 473/2448
f 461/2449 473/2450 463/2451
f 458/2452 460/2453 467/2454
f 467/2455 460/2456 460/2457
f 467/2458 460/2459 474/2460
f 474/2461 460/2462 462/2463
f 474/2464 462/2465 475/2466
f 475/2467 462/2468 464/2469
f 475/2470 464/2471 476/2472
f 476/2473 464/2474 466/2475
f 476/2476 466/2477 477/2478
f 477/2479 466/2480 465/2481
f 477/2482 465/2483 478/2484
f 478/2485 465/2486 463/2487
f 478/2488 463/2489 473/2490
f 479/2491 480/2492 481/2493
f 481/2494 480/2495 480/2496
f 481/2497 480/2498 482/2499
f 482/2500 480/2501 483/2502
f 482/2503 483/2504 484/2505
f 484/2506 483/2507 485/2508
f 484/2509 485/2510 486/2511
f 486/2512 485/2513 487/2514
f 486/2515 487/2516 488/2517
f 488/2518 487/2519 489/2520
f 488/2521 489/2522 490/2523
f 490/2524 489/2525 491/2526
f 490/2527 491/2528 492/2529
f 492/2530 491/2531 493/2532
f 492/2533 493/2534 494/2535
f 494/2536 493/2537 495/2538
f 494/2539 495/2540 496/2541
f 496/2542 495/2543 497/2544
f 496/2545 497/2546 498/2547
f 498/2548 497/2549 499/2550
f 498/2551 499/2552 500/2553
f 500/2554 499/2555 501/2556
f 500/2557 501/2558 502/2559
f 481/2560 503/2561 479/2562
f 479/2563 503/2564 503/2565
f 479/2566 503/2567 504/2568
f 504/2569 503/2570 505/2571
f 504/2572 505/2573 506/2574
f 506/2575 505/2576 507/2577
f 506/2578 507/2579 508/2580
f 508/2581 507/2582 509/2583
f 508/2584 509/2585 510/2586
f 510/2587 509/2588 511/2589
f 510/2590 511/2591 512/2592
f 512/2593 511/2594 513/2595
f 512/2596 513/2597 514/2598
f 514/2599 513/2600 515/2601
f 514/2602 515/2603 516/2604
f 516/2605 515/2606 517/2607
f 516/2608 517/2609 518/2610
f 518/2611 517/2612 519/2613
f 518/2614 519/2615 520/2616
f 520/2617 519/2618 521/2619
f 520/2620 521/2621 522/2622
f 522/2623 521/2624 502/2625
f 522/2626 502/2627 501/2628
f 523/2629 524/2630 501/2631
f 501/2632 524/2633 524/2634
f 501/2635 524/2636 522/2637
f 522/2638 524/2639 525/2640
f 522/2641 525/2642 520/2643
f 520/2644 525/2645 526/2646
f 520/2647 526/2648 518/2649
f 518/2650 526/2651 527/2652
f 518/2653 527/2654 516/2655
f 516/2656 527/2657 528/2658
f 516/2659 528/2660 514/2661
f 514/2662 528/2663 529/2664
f 514/2665 529/2666 512/2667
f 512/2668 529/2669 530/2670
f 512/2671 530/2672 510/2673
f 510/2674 530/2675 531/2676
f 510/2677 531/2678 508/2679
f 508/2680 531/2681 532/2682
f 508/2683 532/2684 506/2685
f 506/2686 532/2687 533/2688
f 506/2689 533/2690 504/2691
f 504/2692 533/2693 534/2694
f 504/2695 534/2696 479/2697
f 501/2698 499/2699 523/2700
f 523/2701 499/2702 499/2703
f 523/2704 499/2705 535/2706
f 535/2707 499/2708 497/2709
f 535/2710 497/2711 536/2712
f 536/2713 497/2714 495/2715
f 536/2716 495/2717 537/2718
f 537/2719 495/2720 493/2721
f 537/2722 493/2723 538/2724
f 538/2725 493/2726 491/2727
f 538/2728 491/2729 539/2730
f 539/2731 491/2732 489/2733
f 539/2734 489/2735 540/2736
f 540/2737 489/2738 487/2739
f 540/2740 487/2741 541/2742
f 541/2743 487/2744 485/2745
f 541/2746 485/2747 542/2748
f 542/2749 485/2750 483/2751
f 542/2752 483/2753 543/2754
f 543/2755 483/2756 480/2757
f 543/2758 480/2759 544/2760
f 544/2761 480/2762 479/2763
f 544/2764 479/2765 534/2766
f 431/2767 432/2768 545/2769
f 545/2770 432/2771 432/2772
f 545/2773 432/2774 546/2775
f 546/2776 432/2777 433/2778
f 546/2779 433/2780 547/2781
f 547/2782 433/2783 434/2784
f 547/2785 434/2786 548/2787
f 548/2788 434/2789 435/2790
f 548/2791 435/2792 549/2793
f 549/2794 435/2795 436/2796
f 549/2797 436/2798 550/2799
f 550/2800 436/2801 437/2802
f 550/2803 437/2804 551/2805
f 551/2806 437/2807 438/2808
f 551/2809 438/2810 552/2811
f 552/2812 438/2813 439/2814
f 552/2815 439/2816 553/2817
f 553/2818 439/2819 440/2820
f 553/2821 440/2822 554/2823
f 554/2824 440/2825 441/2826
f 554/2827 441/2828 555/2829
f 555/2830 441/2831 442/2832
f 555/2833 442/2834 556/2835
f 556/2836 442/2837 443/2838
f 556/2839 443/2840 557/2841
f 545/2842 558/2843 431/2844
f 431/2845 558/2846 558/2847
f 431/2848 558/2849 444/2850
f 444/2851 558/2852 559/2853
f 444/2854 559/2855 445/2856
f 445/2857 559/2858 560/2859
f 445/2860 560/2861 446/2862
f 446/2863 560/2864 561/2865
f 446/2866 561/2867 447/2868
f 447/2869 561/2870 562/2871
f 447/2872 562/2873 448/2874
f 448/2875 562/2876 563/2877
f 448/2878 563/2879 449/2880
f 449/2881 563/2882 564/2883
f 449/2884 564/2885 450/2886
f 450/2887 564/2888 565/2889
f 450/2890 565/2891 451/2892
f 451/2893 565/2894 566/2895
f 451/2896 566/2897 452/2898
f 452/2899 566/2900 567/2901
f 452/2902 567/2903 453/2904
f 453/2905 567/2906 568/2907
f 453/2908 568/2909 454/2910
f 454/2911 568/2912 557/2913
f 454/2914 557/2915 443/2916
f 545/2917 546/2918 569/2919
f 569/2920 546/2921 546/2922
f 569/2923 546/2924 570/2925
f 570/2926 546/2927 547/2928
f 570/2929 547/2930 571/2931
f 571/2932 547/2933 548/2934
f 571/2935 548/2936 572/2937
f 572/2938 548/2939 549/2940
f 572/2941 549/2942 573/2943
f 573/2944 549/2945 550/2946
f 573/2947 550/2948 574/2949
f 574/2950 550/2951 551/2952
f 574/2953 551/2954 575/2955
f 575/2956 551/2957 552/2958
f 575/2959 552/2960 576/2961
f 576/2962 552/2963 553/2964
f 576/2965 553/2966 577/2967
f 577/2968 553/2969 554/2970
f 577/2971 554/2972 578/2973
f 578/2974 554/2975 555/2976
f 578/2977 555/2978 579/2979
f 579/2980 555/2981 556/2982
f 579/2983 556/2984 580/2985
f 580/2986 556/2987 557/2988
f 580/2989 557/2990 581/2991
f 569/2992 582/2993 545/2994
f 545/2995 582/2996 582/2997
f 545/2998 582/2999 558/3000
f 558/3001 582/3002 583/3003
f 558/3004 583/3005 559/3006
f 559/3007 583/3008 584/3009
f 559/3010 584/3011 560/3012
f 560/3013 584/3014 585/3015
f 560/3016 585/3017 561/3018
f 561/3019 585/3020 586/3021
f 561/3022 586/3023 562/3024
f 562/3025 586/3026 587/3027
f 562/3028 587/3029 563/3030
f 563/3031 587/3032 588/3033
f 563/3034 588/3035 564/3036
f 564/3037 588/3038 589/3039
f 564/3040 589/3041 565/3042
f 565/3043 589/3044 590/3045
f 565/3046 590/3047 566/3048
f 566/3049 590/3050 591/3051
f 566/3052 591/3053 567/3054
f 567/3055 591/3056 592/3057
f 567/3058 592/3059 568/3060
f 568/3061 592/3062 581/3063
f 568/3064 581/3065 557/3066
f 593/3067 594/3068 595/3069
f 595/3070 594/3071 596/3072
f 595/3073 596/3074 597/3075
f 597/3076 596/3077 598/3078
f 597/3079 598/3080 599/3081
f 599/3082 598/3083 600/3084
f 599/3085 600/3086 601/3087
f 601/3088 600/3089 602/3090
f 601/3091 602/3092 603/3093
f 603/3094 602/3095 604/3096
f 603/3097 604/3098 605/3099
f 605/3100 604/3101 606/3102
f 605/3103 606/3104 607/3105
f 607/3106 606/3107 608/3108
f 607/3109 608/3110 609/3111
f 609/3112 608/3113 610/3114
f 609/3115 610/3116 611/3117
f 611/3118 610/3119 612/3120
f 611/3121 612/3122 613/3123
f 613/3124 612/3125 614/3126
f 613/3127 614/3128 615/3129
f 615/3130 614/3131 616/3132
f 615/3133 616/3134 617/3135
f 617/3136 616/3137 618/3138
f 617/3139 618/3140 619/3141
f 619/3142 618/3143 620/3144
f 619/3145 620/3146 621/3147
f 621/3148 620/3149 622/3150
f 621/3151 622/3152 623/3153
f 623/3154 622/3155 624/3156
f 623/3157 624/3158 625/3159
f 625/3160 624/3161 626/3162
f 625/3163 626/3164 627/3165
f 627/3166 626/3167 628/3168
f 627/3169 628/3170 629/3171
f 629/3172 628/3173 630/3174
f 631/3175 604/3176 632/3177
f 632/3178 604/3179 602/3180
f 632/3181 602/3182 633/3183
f 633/3184 602/3185 600/3186
f 633/3187 600/3188 634/3189
f 634/3190 600/3191 598/3192
f 634/3193 598/3194 635/3195
f 635/3196 598/3197 596/3198
f 635/3199 596/3200 636/3201
f 636/3202 596/3203 594/3204
f 636/3205 594/3206 637/3207
f 637/3208 594/3209 593/3210
f 637/3211 593/3212 638/3213
f 638/3214 593/3215 595/3216
f 638/3217 595/3218 639/3219
f 639/3220 595/3221 597/3222
f 639/3223 597/3224 640/3225
f 640/3226 597/3227 599/3228
f 640/3229 599/3230 641/3231
f 641/3232 599/3233 601/3234
f 641/3235 601/3236 642/3237
f 642/3238 601/3239 603/3240
f 642/3241 603/3242 643/3243
f 643/3244 603/3245 605/3246
f 643/3247 605/3248 644/3249
f 644/3250 605/3251 607/3252
f 644/3253 607/3254 645/3255
f 645/3256 607/3257 609/3258
f 645/3259 609/3260 646/3261
f 646/3262 609/3263 611/3264
f 646/3265 611/3266 647/3267
f 647/3268 611/3269 613/3270
f 647/3271 613/3272 648/3273
f 648/3274 613/3275 615/3276
f 648/3277 615/3278 649/3279
f 649/3280 615/3281 617/3282
f 649/3283 617/3284 650/3285
f 650/3286 617/3287 619/3288
f 604/3289 631/3290 606/3291
f 606/3292 631/3293 651/3294
f 606/3295 651/3296 608/3297
f 608/3298 651/3299 652/3300
f 608/3301 652/3302 610/3303
f 610/3304 652/3305 653/3306
f 610/3307 653/3308 612/3309
f 612/3310 653/3311 654/3312
f 612/3313 654/3314 614/3315
f 614/3316 654/3317 655/3318
f 614/3319 655/3320 616/3321
f 616/3322 655/3323 656/3324
f 616/3325 656/3326 618/3327
f 618/3328 656/3329 657/3330
f 618/3331 657/3332 620/3333
f 620/3334 657/3335 658/3336
f 620/3337 658/3338 622/3339
f 622/3340 658/3341 659/3342
f 622/3343 659/3344 624/3345
f 624/3346 659/3347 660/3348
f 624/3349 660/3350 626/3351
f 626/3352 660/3353 661/3354
f 626/3355 661/3356 628/3357
f 628/3358 661/3359 662/3360
f 628/3361 662/3362 630/3363
f 630/3364 662/3365 663/3366
f 630/3367 663/3368 629/3369
f 629/3370 663/3371 664/3372
f 629/3373 664/3374 627/3375
f 627/3376 664/3377 665/3378
f 627/3379 665/3380 625/3381
f 625/3382 665/3383 666/3384
f 625/3385 666/3386 623/3387
f 623/3388 666/3389 667/3390
f 623/3391 667/3392 621/3393
f 621/3394 667/3395 668/3396
f 621/3397 668/3398 619/3399
f 619/3400 668/3401 650/3402
f 669/3403 631/3404 670/3405
f 670/3406 631/3407 632/3408
f 670/3409 632/3410 671/3411
f 671/3412 632/3413 633/3414
f 671/3415 633/3416 672/3417
f 672/3418 633/3419 634/3420
f 672/3421 634/3422 673/3423
f 673/3424 634/3425 635/3426
f 673/3427 635/3428 674/3429
f 674/3430 635/3431 636/3432
f 674/3433 636/3434 675/3435
f 675/3436 636/3437 637/3438
f 675/3439 637/3440 676/3441
f 676/3442 637/3443 638/3444
f 676/3445 638/3446 677/3447
f 677/3448 638/3449 639/3450
f 677/3451 639/3452 678/3453
f 678/3454 639/3455 640/3456
f 678/3457 640/3458 679/3459
f 679/3460 640/3461 641/3462
f 679/3463 641/3464 680/3465
f 680/3466 641/3467 642/3468
f 680/3469 642/3470 681/3471
f 681/3472 642/3473 643/3474
f 681/3475 643/3476 682/3477
f 682/3478 643/3479 644/3480
f 682/3481 644/3482 683/3483
f 683/3484 644/3485 645/3486
f 683/3487 645/3488 684/3489
f 684/3490 645/3491 646/3492
f 684/3493 646/3494 685/3495
f 685/3496 646/3497 647/3498
f 685/3499 647/3500 686/3501
f 686/3502 647/3503 648/3504
f 686/3505 648/3506 687/3507
f 687/3508 648/3509 649/3510
f 687/3511 649/3512 688/3513
f 688/3514 649/3515 650/3516
f 631/3517 669/3518 651/3519
f 651/3520 669/3521 689/3522
f 651/3523 689/3524 652/3525
f 652/3526 689/3527 690/3528
f 652/3529 690/3530 653/3531
f 653/3532 690/3533 691/3534
f 653/3535 691/3536 654/3537
f 654/3538 691/3539 692/3540
f 654/3541 692/3542 655/3543
f 655/3544 692/3545 693/3546
f 655/3547 693/3548 656/3549
f 656/3550 693/3551 694/3552
f 656/3553 694/3554 657/3555
f 657/3556 694/3557 695/3558
f 657/3559 695/3560 658/3561
f 658/3562 695/3563 696/3564
f 658/3565 696/3566 659/3567
f 659/3568 696/3569 697/3570
f 659/3571 697/3572 660/3573
f 660/3574 697/3575 698/3576
f 660/3577 698/3578 661/3579
f 661/3580 698/3581 699/3582
f 661/3583 699/3584 662/3585
f 662/3586 699/3587 700/3588
f 662/3589 700/3590 663/3591
f 663/3592 700/3593 701/3594
f 663/3595 701/3596 664/3597
f 664/3598 701/3599 702/3600
f 664/3601 702/3602 665/3603
f 665/3604 702/3605 703/3606
f 665/3607 703/3608 666/3609
f 666/3610 703/3611 704/3612
f 666/3613 704/3614 667/3615
f 667/3616 704/3617 705/3618
f 667/3619 705/3620 668/3621
f 668/3622 705/3623 706/3624
f 668/3625 706/3626 650/3627
f 650/3628 706/3629 688/3630
f 669/3631 670/3632 707/3633
f 707/3634 670/3635 670/3636
f 707/3637 670/3638 708/3639
f 708/3640 670/3641 671/3642
f 708/3643 671/3644 709/3645
f 709/3646 671/3647 672/3648
f 709/3649 672/3650 709/3651
f 709/3652 672/3653 673/3654
f 709/3655 673/3656 710/3657
f 710/3658 673/3659 674/3660
f 710/3661 674/3662 710/3663
f 710/3664 674/3665 675/3666
f 710/3667 675/3668 711/3669
f 711/3670 675/3671 676/3672
f 711/3673 676/3674 712/3675
f 712/3676 676/3677 677/3678
f 712/3679 677/3680 712/3681
f 712/3682 677/3683 678/3684
f 712/3685 678/3686 713/3687
f 713/3688 678/3689 679/3690
f 713/3691 679/3692 714/3693
f 714/3694 679/3695 680/3696
f 714/3697 680/3698 714/3699
f 714/3700 680/3701 681/3702
f 714/3703 681/3704 715/3705
f 715/3706 681/3707 682/3708
f 715/3709 682/3710 716/3711
f 716/3712 682/3713 683/3714
f 716/3715 683/3716 716/3717
f 716/3718 683/3719 684/3720
f 716/3721 684/3722 717/3723
f 717/3724 684/3725 685/3726
f 717/3727 685/3728 717/3729
f 717/3730 685/3731 686/3732
f 717/3733 686/3734 718/3735
f 718/3736 686/3737 687/3738
f 718/3739 687/3740 719/3741
f 719/3742 687/3743 688/3744
f 669/3745 707/3746 689/3747
f 689/3748 707/3749 720/3750
f 689/3751 720/3752 690/3753
f 690/3754 720/3755 721/3756
f 690/3757 721/3758 691/3759
f 691/3760 721/3761 721/3762
f 691/3763 721/3764 692/3765
f 692/3766 721/3767 722/3768
f 692/3769 722/3770 693/3771
f 693/3772 722/3773 722/3774
f 693/3775 722/3776 694/3777
f 694/3778 722/3779 723/3780
f 694/3781 723/3782 695/3783
f 695/3784 723/3785 724/3786
f 695/3787 724/3788 696/3789
f 696/3790 724/3791 724/3792
f 696/3793 724/3794 697/3795
f 697/3796 724/3797 725/3798
f 697/3799 725/3800 698/3801
f 698/3802 725/3803 726/3804
f 698/3805 726/3806 699/3807
f 699/3808 726/3809 726/3810
f 699/3811 726/3812 700/3813
f 700/3814 726/3815 727/3816
f 700/3817 727/3818 701/3819
f 701/3820 727/3821 728/3822
f 701/3823 728/3824 702/3825
f 702/3826 728/3827 728/3828
f 702/3829 728/3830 703/3831
f 703/3832 728/3833 729/3834
f 703/3835 729/3836 704/3837
f 704/3838 729/3839 729/3840
f 704/3841 729/3842 705/3843
f 705/3844 729/3845 730/3846
f 705/3847 730/3848 706/3849
f 706/3850 730/3851 719/3852
f 706/3853 719/3854 688/3855
f 731/3856 732/3857 733/3858
f 733/3859 732/3860 732/3861
f 733/3862 732/3863 734/3864
f 734/3865 732/3866 735/3867
f 734/3868 735/3869 736/3870
f 736/3871 735/3872 737/3873
f 736/3874 737/3875 738/3876
f 738/3877 737/3878 739/3879
f 738/3880 739/3881 740/3882
f 740/3883 739/3884 741/3885
f 740/3886 741/3887 742/3888
f 743/3889 744/3890 734/3891
f 734/3892 744/3893 744/3894
f 734/3895 744/3896 733/3897
f 733/3898 744/3899 745/3900
f 733/3901 745/3902 731/3903
f 731/3904 745/3905 746/3906
f 731/3907 746/3908 732/3909
f 732/3910 746/3911 747/3912
f 732/3913 747/3914 735/3915
f 735/3916 747/3917 748/3918
f 735/3919 748/3920 737/3921
f 737/3922 748/3923 749/3924
f 737/3925 749/3926 739/3927
f 734/3928 736/3929 743/3930
f 743/3931 736/3932 736/3933
f 743/3934 736/3935 750/3936
f 750/3937 736/3938 738/3939
f 750/3940 738/3941 751/3942
f 751/3943 738/3944 740/3945
f 751/3946 740/3947 752/3948
f 752/3949 740/3950 742/3951
f 752/3952 742/3953 753/3954
f 753/3955 742/3956 741/3957
f 753/3958 741/3959 754/3960
f 754/3961 741/3962 739/3963
f 754/3964 739/3965 749/3966
f 755/3967 756/3968 757/3969
f 757/3970 756/3971 756/3972
f 757/3973 756/3974 758/3975
f 758/3976 756/3977 759/3978
f 758/3979 759/3980 760/3981
f 760/3982 759/3983 761/3984
f 760/3985 761/3986 762/3987
f 762/3988 761/3989 763/3990
f 762/3991 763/3992 764/3993
f 764/3994 763/3995 765/3996
f 764/3997 765/3998 766/3999
f 766/4000 765/4001 767/4002
f 766/4003 767/4004 768/4005
f 768/4006 767/4007 769/4008
f 768/4009 769/4010 770/4011
f 770/4012 769/4013 771/4014
f 770/4015 771/4016 772/4017
f 772/4018 771/4019 773/4020
f 772/4021 773/4022 774/4023
f 774/4024 773/4025 775/4026
f 774/4027 775/4028 776/4029
f 776/4030 775/4031 777/4032
f 776/4033 777/4034 778/4035
f 757/4036 779/4037 755/4038
f 755/4039 779/4040 779/4041
f 755/4042 779/4043 780/4044
f 780/4045 779/4046 781/4047
f 780/4048 781/4049 782/4050
f 782/4051 781/4052 783/4053
f 782/4054 783/4055 784/4056
f 784/4057 783/4058 785/4059
f 784/4060 785/4061 786/4062
f 786/4063 785/4064 787/4065
f 786/4066 787/4067 788/4068
f 788/4069 787/4070 789/4071
f 788/4072 789/4073 790/4074
f 790/4075 789/4076 791/4077
f 790/4078 791/4079 792/4080
f 792/4081 791/4082 793/4083
f 792/4084 793/4085 794/4086
f 794/4087 793/4088 795/4089
f 794/4090 795/4091 796/4092
f 796/4093 795/4094 797/4095
f 796/4096 797/4097 798/4098
f 798/4099 797/4100 778/4101
f 798/4102 778/4103 777/4104
f 799/4105 800/4106 777/4107
f 777/4108 800/4109 800/4110
f 777/4111 800/4112 798/4113
f 798/4114 800/4115 801/4116
f 798/4117 801/4118 796/4119
f 796/4120 801/4121 802/4122
f 796/4123 802/4124 794/4125
f 794/4126 802/4127 803/4128
f 794/4129 803/4130 792/4131
f 792/4132 803/4133 804/4134
f 792/4135 804/4136 790/4137
f 790/4138 804/4139 805/4140
f 790/4141 805/4142 788/4143
f 788/4144 805/4145 806/4146
f 788/4147 806/4148 786/4149
f 786/4150 806/4151 807/4152
f 786/4153 807/4154 784/4155
f 784/4156 807/4157 808/4158
f 784/4159 808/4160 782/4161
f 782/4162 808/4163 809/4164
f 782/4165 809/4166 780/4167
f 780/4168 809/4169 810/4170
f 780/4171 810/4172 755/4173
f 777/4174 775/4175 799/4176
f 799/4177 775/4178 775/4179
f 799/4180 775/4181 811/4182
f 811/4183 775/4184 773/4185
f 811/4186 773/4187 812/4188
f 812/4189 773/4190 771/4191
f 812/4192 771/4193 813/4194
f 813/4195 771/4196 769/4197
f 813/4198 769/4199 814/4200
f 814/4201 769/4202 767/4203
f 814/4204 767/4205 815/4206
f 815/4207 767/4208 765/4209
f 815/4210 765/4211 816/4212
f 816/4213 765/4214 763/4215
f 816/4216 763/4217 817/4218
f 817/4219 763/4220 761/4221
f 817/4222 761/4223 818/4224
f 818/4225 761/4226 759/4227
f 818/4228 759/4229 819/4230
f 819/4231 759/4232 756/4233
f 819/4234 756/4235 820/4236
f 820/4237 756/4238 755/4239
f 820/4240 755/4241 810/4242
f 707/4243 708/4244 821/4245
f 821/4246 708/4247 708/4248
f 821/4249 708/4250 822/4251
f 822/4252 708/4253 709/4254
f 822/4255 709/4256 823/4257
f 823/4258 709/4259 710/4260
f 823/4261 710/4262 824/4263
f 824/4264 710/4265 711/4266
f 824/4267 711/4268 825/4269
f 825/4270 711/4271 712/4272
f 825/4273 712/4274 826/4275
f 826/4276 712/4277 713/4278
f 826/4279 713/4280 827/4281
f 827/4282 713/4283 714/4284
f 827/4285 714/4286 828/4287
f 828/4288 714/4289 715/4290
f 828/4291 715/4292 829/4293
f 829/4294 715/4295 716/4296
f 829/4297 716/4298 830/4299
f 830/4300 716/4301 717/4302
f 830/4303 717/4304 831/4305
f 831/4306 717/4307 718/4308
f 831/4309 718/4310 832/4311
f 832/4312 718/4313 719/4314
f 832/4315 719/4316 833/4317
f 821/4318 834/4319 707/4320
f 707/4321 834/4322 834/4323
f 707/4324 834/4325 720/4326
f 720/4327 834/4328 835/4329
f 720/4330 835/4331 721/4332
f 721/4333 835/4334 836/4335
f 721/4336 836/4337 722/4338
f 722/4339 836/4340 837/4341
f 722/4342 837/4343 723/4344
f 723/4345 837/4346 838/4347
f 723/4348 838/4349 724/4350
f 724/4351 838/4352 839/4353
f 724/4354 839/4355 725/4356
f 725/4357 839/4358 840/4359
f 725/4360 840/4361 726/4362
f 726/4363 840/4364 841/4365
f 726/4366 841/4367 727/4368
f 727/4369 841/4370 842/4371
f 727/4372 842/4373 728/4374
f 728/4375 842/4376 843/4377
f 728/4378 843/4379 729/4380
f 729/4381 843/4382 844/4383
f 729/4384 844/4385 730/4386
f 730/4387 844/4388 833/4389
f 730/4390 833/4391 719/4392
f 821/4393 822/4394 845/4395
f 845/4396 822/4397 822/4398
f 845/4399 822/4400 846/4401
f 846/4402 822/4403 823/4404
f 846/4405 823/4406 847/4407
f 847/4408 823/4409 824/4410
f 847/4411 824/4412 848/4413
f 848/4414 824/4415 825/4416
f 848/4417 825/4418 849/4419
f 849/4420 825/4421 826/4422
f 849/4423 826/4424 850/4425
f 850/4426 826/4427 827/4428
f 850/4429 827/4430 851/4431
f 851/4432 827/4433 828/4434
f 851/4435 828/4436 852/4437
f 852/4438 828/4439 829/4440
f 852/4441 829/4442 853/4443
f 853/4444 829/4445 830/4446
f 853/4447 830/4448 854/4449
f 854/4450 830/4451 831/4452
f 854/4453 831/4454 855/4455
f 855/4456 831/4457 832/4458
f 855/4459 832/4460 856/4461
f 856/4462 832/4463 833/4464
f 856/4465 833/4466 857/4467
f 845/4468 858/4469 821/4470
f 821/4471 858/4472 858/4473
f 821/4474 858/4475 834/4476
f 834/4477 858/4478 859/4479
f 834/4480 859/4481 835/4482
f 835/4483 859/4484 860/4485
f 835/4486 860/4487 836/4488
f 836/4489 860/4490 861/4491
f 836/4492 861/4493 837/4494
f 837/4495 861/4496 862/4497
f 837/4498 862/4499 838/4500
f 838/4501 862/4502 863/4503
f 838/4504 863/4505 839/4506
f 839/4507 863/4508 864/4509
f 839/4510 864/4511 840/4512
f 840/4513 864/4514 865/4515
f 840/4516 865/4517 841/4518
f 841/4519 865/4520 866/4521
f 841/4522 866/4523 842/4524
f 842/4525 866/4526 867/4527
f 842/4528 867/4529 843/4530
f 843/4531 867/4532 868/4533
f 843/4534 868/4535 844/4536
f 844/4537 868/4538 857/4539
f 844/4540 857/4541 833/4542
f 869/4543 870/4544 871/4545
f 871/4546 870/4547 872/4548
f 871/4549 872/4550 873/4551
f 873/4552 872/4553 874/4554
f 873/4555 874/4556 875/4557
f 875/4558 874/4559 876/4560
f 875/4561 876/4562 877/4563
f 877/4564 876/4565 878/4566
f 877/4567 878/4568 879/4569
f 879/4570 878/4571 880/4572
f 879/4573 880/4574 881/4575
f 881/4576 880/4577 882/4578
f 881/4579 882/4580 883/4581
f 883/4582 882/4583 884/4584
f 883/4585 884/4586 885/4587
f 885/4588 884/4589 886/4590
f 885/4591 886/4592 887/4593
f 887/4594 886/4595 888/4596
f 887/4597 888/4598 889/4599
f 889/4600 888/4601 890/4602
f 889/4603 890/4604 891/4605
f 891/4606 890/4607 892/4608
f 893/4609 894/4610 895/4611
f 895/4612 894/4613 894/4614
f 895/4615 894/4616 896/4617
f 896/4618 894/4619 897/4620
f 896/4621 897/4622 898/4623
f 898/4624 897/4625 899/4626
f 898/4627 899/4628 900/4629
f 900/4630 899/4631 901/4632
f 900/4633 901/4634 902/4635
f 902/4636 901/4637 903/4638
f 902/4639 903/4640 904/4641
f 904/4642 903/4643 905/4644
f 904/4645 905/4646 906/4647
f 906/4648 905/4649 907/4650
f 906/4651 907/4652 908/4653
f 908/4654 907/4655 909/4656
f 908/4657 909/4658 910/4659
f 910/4660 909/4661 911/4662
f 910/4663 911/4664 912/4665
f 912/4666 911/4667 913/4668
f 912/4669 913/4670 914/4671
f 914/4672 913/4673 915/4674
f 914/4675 915/4676 916/4677
f 917/4678 918/4679 919/4680
f 919/4681 918/4682 918/4683
f 919/4684 918/4685 920/4686
f 920/4687 918/4688 921/4689
f 920/4690 921/4691 922/4692
f 922/4693 921/4694 923/4695
f 922/4696 923/4697 924/4698
f 924/4699 923/4700 925/4701
f 924/4702 925/4703 926/4704
f 926/4705 925/4706 927/4707
f 926/4708 927/4709 928/4710
f 928/4711 927/4712 929/4713
f 928/4714 929/4715 930/4716
f 930/4717 929/4718 931/4719
f 930/4720 931/4721 932/4722
f 932/4723 931/4724 933/4725
f 932/4726 933/4727 934/4728
f 934/4729 933/4730 935/4731
f 934/4732 935/4733 936/4734
f 936/4735 935/4736 937/4737
f 936/4738 937/4739 938/4740
f 938/4741 937/4742 939/4743
f 938/4744 939/4745 940/4746
f 941/4747 942/4748 943/4749
f 943/4750 942/4751 944/4752
f 943/4753 944/4754 945/4755
f 945/4756 944/4757 946/4758
f 945/4759 946/4760 947/4761
f 947/4762 946/4763 948/4764
f 947/4765 948/4766 949/4767
f 949/4768 948/4769 950/4770
f 949/4771 950/4772 951/4773
f 951/4774 950/4775 952/4776
f 951/4777 952/4778 953/4779
f 953/4780 952/4781 954/4782
f 953/4783 954/4784 955/4785
f 955/4786 954/4787 956/4788
f 955/4789 956/4790 957/4791
f 957/4792 956/4793 958/4794
f 957/4795 958/4796 959/4797
f 959/4798 958/4799 960/4800
f 959/4801 960/4802 961/4803
f 961/4804 960/4805 962/4806
f 961/4807 962/4808 963/4809
f 963/4810 962/4811 964/4812
f 965/4813 966/4814 967/4815
f 967/4816 966/4817 966/4818
f 967/4819 966/4820 968/4821
f 968/4822 966/4823 969/4824
f 968/4825 969/4826 970/4827
f 970/4828 969/4829 971/4830
f 970/4831 971/4832 972/4833
f 972/4834 971/4835 973/4836
f 972/4837 973/4838 974/4839
f 974/4840 973/4841 975/4842
f 974/4843 975/4844 976/4845
f 976/4846 975/4847 977/4848
f 976/4849 977/4850 978/4851
f 978/4852 977/4853 979/4854
f 978/4855 979/4856 980/4857
f 967/4858 981/4859 965/4860
f 965/4861 981/4862 981/4863
f 965/4864 981/4865 982/4866
f 982/4867 981/4868 983/4869
f 982/4870 983/4871 984/4872
f 984/4873 983/4874 985/4875
f 984/4876 985/4877 986/4878
f 986/4879 985/4880 987/4881
f 986/4882 987/4883 988/4884
f 988/4885 987/4886 989/4887
f 988/4888 989/4889 990/4890
f 990/4891 989/4892 991/4893
f 990/4894 991/4895 992/4896
f 992/4897 991/4898 980/4899
f 992/4900 980/4901 979/4902
f 993/4903 994/4904 995/4905
f 995/4906 994/4907 994/4908
f 995/4909 994/4910 996/4911
f 996/4912 994/4913 997/4914
f 996/4915 997/4916 998/4917
f 998/4918 997/4919 999/4920
f 998/4921 999/4922 1000/4923
f 1000/4924 999/4925 1001/4926
f 1000/4927 1001/4928 1002/4929
f 1002/4930 1001/4931 1003/4932
f 1002/4933 1003/4934 1004/4935
f 1004/4936 1003/4937 1005/4938
f 1004/4939 1005/4940 1006/4941
f 1006/4942 1005/4943 1007/4944
f 1006/4945 1007/4946 1008/4947
f 1008/4948 1007/4949 1009/4950
f 1008/4951 1009/4952 1010/4953
f 995/4954 1011/4955 993/4956
f 993/4957 1011/4958 1011/4959
f 993/4960 1011/4961 1012/4962
f 1012/4963 1011/4964 1013/4965
f 1012/4966 1013/4967 1014/4968
f 1014/4969 1013/4970 1015/4971
f 1014/4972 1015/4973 1016/4974
f 1016/4975 1015/4976 1017/4977
f 1016/4978 1017/4979 1018/4980
f 1018/4981 1017/4982 1019/4983
f 1018/4984 1019/4985 1020/4986
f 1020/4987 1019/4988 1021/4989
f 1020/4990 1021/4991 1022/4992
f 1022/4993 1021/4994 1023/4995
f 1022/4996 1023/4997 1024/4998
f 1024/4999 1023/5000 1010/5001
f 1024/5002 1010/5003 1009/5004
f 957/5005 959/5006 1025/5007
f 1025/5008 959/5009 959/5010
f 1025/5011 959/5012 1026/5013
f 1026/5014 959/5015 961/5016
f 1026/5017 961/5018 1027/5019
f 1027/5020 961/5021 963/5022
f 1027/5023 963/5024 1028/5025
f 1028/5026 963/5027 964/5028
f 1028/5029 964/5030 1029/5031
f 1029/5032 964/5033 962/5034
f 1029/5035 962/5036 1030/5037
f 1030/5038 962/5039 960/5040
f 1030/5041 960/5042 1031/5043
f 1031/5044 960/5045 958/5046
f 1031/5047 958/5048 1032/5049
f 1032/5050 958/5051 956/5052
f 1032/5053 956/5054 1033/5055
f 1033/5056 956/5057 954/5058
f 1033/5059 954/5060 1034/5061
f 1034/5062 954/5063 952/5064
f 1034/5065 952/5066 1035/5067
f 1035/5068 952/5069 950/5070
f 1035/5071 950/5072 1036/5073
f 1036/5074 950/5075 948/5076
f 1036/5077 948/5078 1037/5079
f 1025/5080 1038/5081 957/5082
f 957/5083 1038/5084 1038/5085
f 957/5086 1038/5087 955/5088
f 955/5089 1038/5090 1039/5091
f 955/5092 1039/5093 953/5094
f 953/5095 1039/5096 1040/5097
f 953/5098 1040/5099 951/5100
f 951/5101 1040/5102 1041/5103
f 951/5104 1041/5105 949/5106
f 949/5107 1041/5108 1042/5109
f 949/5110 1042/5111 947/5112
f 947/5113 1042/5114 1043/5115
f 947/5116 1043/5117 945/5118
f 945/5119 1043/5120 1044/5121
f 945/5122 1044/5123 943/5124
f 943/5125 1044/5126 1045/5127
f 943/5128 1045/5129 941/5130
f 941/5131 1045/5132 1046/5133
f 941/5134 1046/5135 942/5136
f 942/5137 1046/5138 1047/5139
f 942/5140 1047/5141 944/5142
f 944/5143 1047/5144 1048/5145
f 944/5146 1048/5147 946/5148
f 946/5149 1048/5150 1037/5151
f 946/5152 1037/5153 948/5154
f 1049/5155 1050/5156 1051/5157
f 1051/5158 1050/5159 1050/5160
f 1051/5161 1050/5162 1052/5163
f 1052/5164 1050/5165 1053/5166
f 1052/5167 1053/5168 1054/5169
f 1054/5170 1053/5171 1055/5172
f 1054/5173 1055/5174 1056/5175
f 1056/5176 1055/5177 1057/5178
f 1056/5179 1057/5180 1058/5181
f 1058/5182 1057/5183 1059/5184
f 1058/5185 1059/5186 1060/5187
f 1060/5188 1059/5189 1061/5190
f 1060/5191 1061/5192 1062/5193
f 1062/5194 1061/5195 1063/5196
f 1062/5197 1063/5198 1064/5199
f 1064/5200 1063/5201 1065/5202
f 1064/5203 1065/5204 1066/5205
f 1066/5206 1065/5207 1067/5208
f 1066/5209 1067/5210 1068/5211
f 1068/5212 1067/5213 1069/5214
f 1068/5215 1069/5216 1070/5217
f 1070/5218 1069/5219 1071/5220
f 1070/5221 1071/5222 1072/5223
f 1073/5224 1074/5225 1075/5226
f 1075/5227 1074/5228 1076/5229
f 1075/5230 1076/5231 1075/5232
f 1075/5233 1076/5234 1077/5235
f 1075/5236 1077/5237 1078/5238
f 1078/5239 1077/5240 1079/5241
f 1073/5242 1075/5243 1080/5244
f 1080/5245 1075/5246 1081/5247
f 1073/5248 1080/5249 1074/5250
f 1074/5251 1080/5252 1082/5253
f 1074/5254 1082/5255 1076/5256
f 1076/5257 1082/5258 1083/5259
f 1076/5260 1083/5261 1077/5262
f 1077/5263 1083/5264 1084/5265
f 1077/5266 1084/5267 1079/5268
f 1079/5269 1084/5270 1085/5271
f 1080/5272 1081/5273 1082/5274
f 1082/5275 1081/5276 1081/5277
f 1082/5278 1081/5279 1083/5280
f 1083/5281 1081/5282 1081/5283
f 1083/5284 1081/5285 1084/5286
f 1084/5287 1081/5288 1086/5289
f 1084/5290 1086/5291 1085/5292
f 1081/5293 1075/5294 1086/5295
f 1086/5296 1075/5297 1078/5298
f 1085/5299 1086/5300 1079/5301
f 1079/5302 1086/5303 1078/5304
f 1087/5305 1088/5306 1089/5307
f 1089/5308 1088/5309 1090/5310
f 1087/5311 1091/5312 1088/5313
f 1088/5314 1091/5315 1091/5316
f 1088/5317 1091/5318 1092/5319
f 1092/5320 1091/5321 1093/5322
f 1092/5323 1093/5324 1094/5325
f 27/5326 29/5327 25/5328
f 25/5329 29/5330 31/5331
f 25/5332 31/5333 23/5334
f 23/5335 31/5336 33/5337
f 23/5338 33/5339 21/5340
f 21/5341 33/5342 35/5343
f 21/5344 35/5345 19/5346
f 19/5347 35/5348 37/5349
f 19/5350 37/5351 17/5352
f 17/5353 37/5354 39/5355
f 17/5356 39/5357 15/5358
f 15/5359 39/5360 1095/5361
f 15/5362 1095/5363 13/5364
f 13/5365 1095/5366 1096/5367
f 13/5368 1096/5369 11/5370
f 11/5371 1096/5372 1097/5373
f 11/5374 1097/5375 9/5376
f 9/5377 1097/5378 1098/5379
f 9/5380 1098/5381 7/5382
f 7/5383 1098/5384 1099/5385
f 7/5386 1099/5387 5/5388
f 5/5389 1099/5390 1100/5391
f 5/5392 1100/5393 3/5394
f 3/5395 1100/5396 1101/5397
f 3/5398 1101/5399 1/5400
f 1/5401 1101/5402 1102/5403
f 1/5404 1102/5405 1103/5406
f 1103/5407 1102/5408 1104/5409
f 1103/5410 1104/5411 1105/5412
f 1105/5413 1104/5414 1106/5415
f 1105/5416 1106/5417 1107/5418
f 1107/5419 1106/5420 1108/5421
f 1107/5422 1108/5423 1109/5424
f 1109/5425 1108/5426 1110/5427
f 1109/5428 1110/5429 1111/5430
f 1111/5431 1110/5432 1112/5433
f 1113/5434 1114/5435 1115/5436
f 1115/5437 1114/5438 1116/5439
f 1115/5440 1116/5441 1117/5442
f 1117/5443 1116/5444 1118/5445
f 1117/5446 1118/5447 1119/5448
f 1119/5449 1118/5450 1118/5451
f 1119/5452 1118/5453 1120/5454
f 1120/5455 1118/5456 1121/5457
f 1120/5458 1121/5459 1122/5460
f 1122/5461 1121/5462 1121/5463
f 1122/5464 1121/5465 1123/5466
f 1123/5467 1121/5468 1124/5469
f 1123/5470 1124/5471 1125/5472
f 1125/5473 1124/5474 1126/5475
f 1125/5476 1126/5477 1127/5478
f 1127/5479 1126/5480 1126/5481
f 1127/5482 1126/5483 1128/5484
f 1128/5485 1126/5486 1129/5487
f 1128/5488 1129/5489 1130/5490
f 1130/5491 1129/5492 1131/5493
f 1130/5494 1131/5495 1132/5496
f 1132/5497 1131/5498 1131/5499
f 1132/5500 1131/5501 1133/5502
f 1133/5503 1131/5504 1134/5505
f 1133/5506 1134/5507 1135/5508
f 1135/5509 1134/5510 1136/5511
f 1135/5512 1136/5513 1137/5514
f 1137/5515 1136/5516 1136/5517
f 1137/5518 1136/5519 1138/5520
f 1138/5521 1136/5522 1139/5523
f 1138/5524 1139/5525 1140/5526
f 1140/5527 1139/5528 1139/5529
f 1140/5530 1139/5531 1141/5532
f 1141/5533 1139/5534 1142/5535
f 1141/5536 1142/5537 1143/5538
f 1143/5539 1142/5540 1144/5541
f 1143/5542 1144/5543 1145/5544
f 39/5545 40/5546 1095/5547
f 1095/5548 40/5549 1146/5550
f 1095/5551 1146/5552 1096/5553
f 1096/5554 1146/5555 1147/5556
f 1096/5557 1147/5558 1097/5559
f 1097/5560 1147/5561 1148/5562
f 1097/5563 1148/5564 1098/5565
f 1098/5566 1148/5567 1149/5568
f 1098/5569 1149/5570 1099/5571
f 1099/5572 1149/5573 1150/5574
f 1099/5575 1150/5576 1100/5577
f 1100/5578 1150/5579 1151/5580
f 1100/5581 1151/5582 1101/5583
f 1101/5584 1151/5585 1152/5586
f 1101/5587 1152/5588 1102/5589
f 1102/5590 1152/5591 1153/5592
f 1102/5593 1153/5594 1104/5595
f 1104/5596 1153/5597 1154/5598
f 1104/5599 1154/5600 1106/5601
f 1106/5602 1154/5603 1155/5604
f 1106/5605 1155/5606 1108/5607
f 1108/5608 1155/5609 1156/5610
f 1108/5611 1156/5612 1110/5613
f 1110/5614 1156/5615 1157/5616
f 1110/5617 1157/5618 1112/5619
f 1112/5620 1157/5621 1158/5622
f 1112/5623 1158/5624 1111/5625
f 1111/5626 1158/5627 1159/5628
f 1111/5629 1159/5630 1109/5631
f 1109/5632 1159/5633 1160/5634
f 1109/5635 1160/5636 1107/5637
f 1107/5638 1160/5639 1161/5640
f 1107/5641 1161/5642 1105/5643
f 1105/5644 1161/5645 1162/5646
f 1105/5647 1162/5648 1103/5649
f 1103/5650 1162/5651 1163/5652
f 1103/5653 1163/5654 1/5655
f 1/5656 1163/5657 2/5658
f 2/5659 1113/5660 4/5661
f 4/5662 1113/5663 1115/5664
f 4/5665 1115/5666 6/5667
f 6/5668 1115/5669 1117/5670
f 6/5671 1117/5672 8/5673
f 8/5674 1117/5675 1119/5676
f 8/5677 1119/5678 10/5679
f 10/5680 1119/5681 1120/5682
f 10/5683 1120/5684 12/5685
f 12/5686 1120/5687 1122/5688
f 12/5689 1122/5690 14/5691
f 14/5692 1122/5693 1123/5694
f 14/5695 1123/5696 16/5697
f 16/5698 1123/5699 1125/5700
f 16/5701 1125/5702 18/5703
f 18/5704 1125/5705 1127/5706
f 18/5707 1127/5708 20/5709
f 20/5710 1127/5711 1128/5712
f 20/5713 1128/5714 22/5715
f 22/5716 1128/5717 1130/5718
f 22/5719 1130/5720 24/5721
f 24/5722 1130/5723 1132/5724
f 24/5725 1132/5726 26/5727
f 26/5728 1132/5729 1133/5730
f 26/5731 1133/5732 28/5733
f 28/5734 1133/5735 1135/5736
f 28/5737 1135/5738 30/5739
f 30/5740 1135/5741 1137/5742
f 30/5743 1137/5744 32/5745
f 32/5746 1137/5747 1138/5748
f 32/5749 1138/5750 34/5751
f 34/5752 1138/5753 1140/5754
f 34/5755 1140/5756 36/5757
f 36/5758 1140/5759 1141/5760
f 36/5761 1141/5762 38/5763
f 38/5764 1141/5765 1143/5766
f 38/5767 1143/5768 40/5769
f 40/5770 1143/5771 1145/5772
f 40/5773 1145/5774 1146/5775
f 1146/5776 1145/5777 1164/5778
f 1146/5779 1164/5780 1147/5781
f 1147/5782 1164/5783 1165/5784
f 1147/5785 1165/5786 1148/5787
f 1148/5788 1165/5789 1166/5790
f 1148/5791 1166/5792 1149/5793
f 1149/5794 1166/5795 1167/5796
f 1149/5797 1167/5798 1150/5799
f 1150/5800 1167/5801 1168/5802
f 1150/5803 1168/5804 1151/5805
f 1151/5806 1168/5807 1169/5808
f 1151/5809 1169/5810 1152/5811
f 1152/5812 1169/5813 1170/5814
f 1152/5815 1170/5816 1153/5817
f 1153/5818 1170/5819 1171/5820
f 1153/5821 1171/5822 1154/5823
f 1154/5824 1171/5825 1172/5826
f 1154/5827 1172/5828 1155/5829
f 1155/5830 1172/5831 1173/5832
f 1155/5833 1173/5834 1156/5835
f 1156/5836 1173/5837 1174/5838
f 1156/5839 1174/5840 1157/5841
f 1157/5842 1174/5843 1175/5844
f 1157/5845 1175/5846 1158/5847
f 1158/5848 1175/5849 1176/5850
f 1158/5851 1176/5852 1159/5853
f 1159/5854 1176/5855 1177/5856
f 1159/5857 1177/5858 1160/5859
f 1160/5860 1177/5861 1178/5862
f 1160/5863 1178/5864 1161/5865
f 1161/5866 1178/5867 1179/5868
f 1161/5869 1179/5870 1162/5871
f 1162/5872 1179/5873 1180/5874
f 1162/5875 1180/5876 1163/5877
f 1163/5878 1180/5879 1181/5880
f 1163/5881 1181/5882 2/5883
f 2/5884 1181/5885 1113/5886
f 1145/5887 1144/5888 1164/5889
f 1164/5890 1144/5891 1182/5892
f 1164/5893 1182/5894 1165/5895
f 1165/5896 1182/5897 1183/5898
f 1165/5899 1183/5900 1166/5901
f 1166/5902 1183/5903 1183/5904
f 1166/5905 1183/5906 1167/5907
f 1167/5908 1183/5909 1184/5910
f 1167/5911 1184/5912 1168/5913
f 1168/5914 1184/5915 1184/5916
f 1168/5917 1184/5918 1169/5919
f 1169/5920 1184/5921 1185/5922
f 1169/5923 1185/5924 1170/5925
f 1170/5926 1185/5927 1186/5928
f 1170/5929 1186/5930 1171/5931
f 1171/5932 1186/5933 1186/5934
f 1171/5935 1186/5936 1172/5937
f 1172/5938 1186/5939 1187/5940
f 1172/5941 1187/5942 1173/5943
f 1173/5944 1187/5945 1188/5946
f 1173/5947 1188/5948 1174/5949
f 1174/5950 1188/5951 1188/5952
f 1174/5953 1188/5954 1175/5955
f 1175/5956 1188/5957 1189/5958
f 1175/5959 1189/5960 1176/5961
f 1176/5962 1189/5963 1190/5964
f 1176/5965 1190/5966 1177/5967
f 1177/5968 1190/5969 1190/5970
f 1177/5971 1190/5972 1178/5973
f 1178/5974 1190/5975 1191/5976
f 1178/5977 1191/5978 1179/5979
f 1179/5980 1191/5981 1191/5982
f 1179/5983 1191/5984 1180/5985
f 1180/5986 1191/5987 1192/5988
f 1180/5989 1192/5990 1181/5991
f 1181/5992 1192/5993 1114/5994
f 1181/5995 1114/5996 1113/5997
f 1193/5998 1194/5999 1195/6000
f 1195/6001 1194/6002 1194/6003
f 1195/6004 1194/6005 1196/6006
f 1196/6007 1194/6008 1197/6009
f 1196/6010 1197/6011 1198/6012
f 1198/6013 1197/6014 1199/6015
f 1198/6016 1199/6017 1200/6018
f 1200/6019 1199/6020 1201/6021
f 1200/6022 1201/6023 1202/6024
f 1202/6025 1201/6026 1203/6027
f 1202/6028 1203/6029 1204/6030
f 1205/6031 1206/6032 1196/6033
f 1196/6034 1206/6035 1206/6036
f 1196/6037 1206/6038 1195/6039
f 1195/6040 1206/6041 1207/6042
f 1195/6043 1207/6044 1193/6045
f 1193/6046 1207/6047 1208/6048
f 1193/6049 1208/6050 1194/6051
f 1194/6052 1208/6053 1209/6054
f 1194/6055 1209/6056 1197/6057
f 1197/6058 1209/6059 1210/6060
f 1197/6061 1210/6062 1199/6063
f 1199/6064 1210/6065 1211/6066
f 1199/6067 1211/6068 1201/6069
f 1196/6070 1198/6071 1205/6072
f 1205/6073 1198/6074 1198/6075
f 1205/6076 1198/6077 1212/6078
f 1212/6079 1198/6080 1200/6081
f 1212/6082 1200/6083 1213/6084
f 1213/6085 1200/6086 1202/6087
f 1213/6088 1202/6089 1214/6090
f 1214/6091 1202/6092 1204/6093
f 1214/6094 1204/6095 1215/6096
f 1215/6097 1204/6098 1203/6099
f 1215/6100 1203/6101 1216/6102
f 1216/6103 1203/6104 1201/6105
f 1216/6106 1201/6107 1211/6108
f 1217/6109 1218/6110 1219/6111
f 1219/6112 1218/6113 1218/6114
f 1219/6115 1218/6116 1220/6117
f 1220/6118 1218/6119 1221/6120
f 1220/6121 1221/6122 1222/6123
f 1222/6124 1221/6125 1223/6126
f 1222/6127 1223/6128 1224/6129
f 1224/6130 1223/6131 1225/6132
f 1224/6133 1225/6134 1226/6135
f 1226/6136 1225/6137 1227/6138
f 1226/6139 1227/6140 1228/6141
f 1228/6142 1227/6143 1229/6144
f 1228/6145 1229/6146 1230/6147
f 1230/6148 1229/6149 1231/6150
f 1230/6151 1231/6152 1232/6153
f 1232/6154 1231/6155 1233/6156
f 1232/6157 1233/6158 1234/6159
f 1234/6160 1233/6161 1235/6162
f 1234/6163 1235/6164 1236/6165
f 1236/6166 1235/6167 1237/6168
f 1236/6169 1237/6170 1238/6171
f 1238/6172 1237/6173 1239/6174
f 1238/6175 1239/6176 1240/6177
f 1219/6178 1241/6179 1217/6180
f 1217/6181 1241/6182 1241/6183
f 1217/6184 1241/6185 1242/6186
f 1242/6187 1241/6188 1243/6189
f 1242/6190 1243/6191 1244/6192
f 1244/6193 1243/6194 1245/6195
f 1244/6196 1245/6197 1246/6198
f 1246/6199 1245/6200 1247/6201
f 1246/6202 1247/6203 1248/6204
f 1248/6205 1247/6206 1249/6207
f 1248/6208 1249/6209 1250/6210
f 1250/6211 1249/6212 1251/6213
f 1250/6214 1251/6215 1252/6216
f 1252/6217 1251/6218 1253/6219
f 1252/6220 1253/6221 1254/6222
f 1254/6223 1253/6224 1255/6225
f 1254/6226 1255/6227 1256/6228
f 1256/6229 1255/6230 1257/6231
f 1256/6232 1257/6233 1258/6234
f 1258/6235 1257/6236 1259/6237
f 1258/6238 1259/6239 1260/6240
f 1260/6241 1259/6242 1240/6243
f 1260/6244 1240/6245 1239/6246
f 1261/6247 1262/6248 1239/6249
f 1239/6250 1262/6251 1262/6252
f 1239/6253 1262/6254 1260/6255
f 1260/6256 1262/6257 1263/6258
f 1260/6259 1263/6260 1258/6261
f 1258/6262 1263/6263 1264/6264
f 1258/6265 1264/6266 1256/6267
f 1256/6268 1264/6269 1265/6270
f 1256/6271 1265/6272 1254/6273
f 1254/6274 1265/6275 1266/6276
f 1254/6277 1266/6278 1252/6279
f 1252/6280 1266/6281 1267/6282
f 1252/6283 1267/6284 1250/6285
f 1250/6286 1267/6287 1268/6288
f 1250/6289 1268/6290 1248/6291
f 1248/6292 1268/6293 1269/6294
f 1248/6295 1269/6296 1246/6297
f 1246/6298 1269/6299 1270/6300
f 1246/6301 1270/6302 1244/6303
f 1244/6304 1270/6305 1271/6306
f 1244/6307 1271/6308 1242/6309
f 1242/6310 1271/6311 1272/6312
f 1242/6313 1272/6314 1217/6315
f 1239/6316 1237/6317 1261/6318
f 1261/6319 1237/6320 1237/6321
f 1261/6322 1237/6323 1273/6324
f 1273/6325 1237/6326 1235/6327
f 1273/6328 1235/6329 1274/6330
f 1274/6331 1235/6332 1233/6333
f 1274/6334 1233/6335 1275/6336
f 1275/6337 1233/6338 1231/6339
f 1275/6340 1231/6341 1276/6342
f 1276/6343 1231/6344 1229/6345
f 1276/6346 1229/6347 1277/6348
f 1277/6349 1229/6350 1227/6351
f 1277/6352 1227/6353 1278/6354
f 1278/6355 1227/6356 1225/6357
f 1278/6358 1225/6359 1279/6360
f 1279/6361 1225/6362 1223/6363
f 1279/6364 1223/6365 1280/6366
f 1280/6367 1223/6368 1221/6369
f 1280/6370 1221/6371 1281/6372
f 1281/6373 1221/6374 1218/6375
f 1281/6376 1218/6377 1282/6378
f 1282/6379 1218/6380 1217/6381
f 1282/6382 1217/6383 1272/6384
f 1144/6385 1142/6386 1283/6387
f 1283/6388 1142/6389 1142/6390
f 1283/6391 1142/6392 1284/6393
f 1284/6394 1142/6395 1139/6396
f 1284/6397 1139/6398 1285/6399
f 1285/6400 1139/6401 1136/6402
f 1285/6403 1136/6404 1286/6405
f 1286/6406 1136/6407 1134/6408
f 1286/6409 1134/6410 1287/6411
f 1287/6412 1134/6413 1131/6414
f 1287/6415 1131/6416 1288/6417
f 1288/6418 1131/6419 1129/6420
f 1288/6421 1129/6422 1289/6423
f 1289/6424 1129/6425 1126/6426
f 1289/6427 1126/6428 1290/6429
f 1290/6430 1126/6431 1124/6432
f 1290/6433 1124/6434 1291/6435
f 1291/6436 1124/6437 1121/6438
f 1291/6439 1121/6440 1292/6441
f 1292/6442 1121/6443 1118/6444
f 1292/6445 1118/6446 1293/6447
f 1293/6448 1118/6449 1116/6450
f 1293/6451 1116/6452 1294/6453
f 1294/6454 1116/6455 1114/6456
f 1294/6457 1114/6458 1295/6459
f 1283/6460 1296/6461 1144/6462
f 1144/6463 1296/6464 1296/6465
f 1144/6466 1296/6467 1182/6468
f 1182/6469 1296/6470 1297/6471
f 1182/6472 1297/6473 1183/6474
f 1183/6475 1297/6476 1298/6477
f 1183/6478 1298/6479 1184/6480
f 1184/6481 1298/6482 1299/6483
f 1184/6484 1299/6485 1185/6486
f 1185/6487 1299/6488 1300/6489
f 1185/6490 1300/6491 1186/6492
f 1186/6493 1300/6494 1301/6495
f 1186/6496 1301/6497 1187/6498
f 1187/6499 1301/6500 1302/6501
f 1187/6502 1302/6503 1188/6504
f 1188/6505 1302/6506 1303/6507
f 1188/6508 1303/6509 1189/6510
f 1189/6511 1303/6512 1304/6513
f 1189/6514 1304/6515 1190/6516
f 1190/6517 1304/6518 1305/6519
f 1190/6520 1305/6521 1191/6522
f 1191/6523 1305/6524 1306/6525
f 1191/6526 1306/6527 1192/6528
f 1192/6529 1306/6530 1295/6531
f 1192/6532 1295/6533 1114/6534
f 1283/6535 1284/6536 1307/6537
f 1307/6538 1284/6539 1284/6540
f 1307/6541 1284/6542 1308/6543
f 1308/6544 1284/6545 1285/6546
f 1308/6547 1285/6548 1309/6549
f 1309/6550 1285/6551 1286/6552
f 1309/6553 1286/6554 1310/6555
f 1310/6556 1286/6557 1287/6558
f 1310/6559 1287/6560 1311/6561
f 1311/6562 1287/6563 1288/6564
f 1311/6565 1288/6566 1312/6567
f 1312/6568 1288/6569 1289/6570
f 1312/6571 1289/6572 1313/6573
f 1313/6574 1289/6575 1290/6576
f 1313/6577 1290/6578 1314/6579
f 1314/6580 1290/6581 1291/6582
f 1314/6583 1291/6584 1315/6585
f 1315/6586 1291/6587 1292/6588
f 1315/6589 1292/6590 1316/6591
f 1316/6592 1292/6593 1293/6594
f 1316/6595 1293/6596 1317/6597
f 1317/6598 1293/6599 1294/6600
f 1317/6601 1294/6602 1318/6603
f 1318/6604 1294/6605 1295/6606
f 1318/6607 1295/6608 1319/6609
f 1307/6610 1320/6611 1283/6612
f 1283/6613 1320/6614 1320/6615
f 1283/6616 1320/6617 1296/6618
f 1296/6619 1320/6620 1321/6621
f 1296/6622 1321/6623 1297/6624
f 1297/6625 1321/6626 1322/6627
f 1297/6628 1322/6629 1298/6630
f 1298/6631 1322/6632 1323/6633
f 1298/6634 1323/6635 1299/6636
f 1299/6637 1323/6638 1324/6639
f 1299/6640 1324/6641 1300/6642
f 1300/6643 1324/6644 1325/6645
f 1300/6646 1325/6647 1301/6648
f 1301/6649 1325/6650 1326/6651
f 1301/6652 1326/6653 1302/6654
f 1302/6655 1326/6656 1327/6657
f 1302/6658 1327/6659 1303/6660
f 1303/6661 1327/6662 1328/6663
f 1303/6664 1328/6665 1304/6666
f 1304/6667 1328/6668 1329/6669
f 1304/6670 1329/6671 1305/6672
f 1305/6673 1329/6674 1330/6675
f 1305/6676 1330/6677 1306/6678
f 1306/6679 1330/6680 1319/6681
f 1306/6682 1319/6683 1295/6684
f 1326/6685 1265/6686 1327/6687
f 1327/6688 1265/6689 1264/6690
f 1327/6691 1264/6692 1328/6693
f 1328/6694 1264/6695 1263/6696
f 1328/6697 1263/6698 1329/6699
f 1329/6700 1263/6701 1262/6702
f 1329/6703 1262/6704 1330/6705
f 1330/6706 1262/6707 1261/6708
f 1330/6709 1261/6710 1319/6711
f 1319/6712 1261/6713 1261/6714
f 1319/6715 1261/6716 1318/6717
f 1318/6718 1261/6719 1273/6720
f 1318/6721 1273/6722 1317/6723
f 1317/6724 1273/6725 1274/6726
f 1317/6727 1274/6728 1316/6729
f 1316/6730 1274/6731 1275/6732
f 1316/6733 1275/6734 1315/6735
f 1315/6736 1275/6737 1276/6738
f 1315/6739 1276/6740 1314/6741
f 1314/6742 1276/6743 1277/6744
f 1314/6745 1277/6746 1313/6747
f 1313/6748 1277/6749 1278/6750
f 1313/6751 1278/6752 1312/6753
f 1312/6754 1278/6755 1279/6756
f 1312/6757 1279/6758 1311/6759
f 1311/6760 1279/6761 1280/6762
f 1311/6763 1280/6764 1310/6765
f 1310/6766 1280/6767 1281/6768
f 1310/6769 1281/6770 1309/6771
f 1309/6772 1281/6773 1282/6774
f 1309/6775 1282/6776 1308/6777
f 1308/6778 1282/6779 1272/6780
f 1308/6781 1272/6782 1307/6783
f 1307/6784 1272/6785 1272/6786
f 1307/6787 1272/6788 1320/6789
f 1320/6790 1272/6791 1271/6792
f 1320/6793 1271/6794 1321/6795
f 1321/6796 1271/6797 1270/6798
f 1321/6799 1270/6800 1322/6801
f 1322/6802 1270/6803 1269/6804
f 1322/6805 1269/6806 1323/6807
f 1323/6808 1269/6809 1268/6810
f 1323/6811 1268/6812 1324/6813
f 1324/6814 1268/6815 1267/6816
f 1324/6817 1267/6818 1325/6819
f 1325/6820 1267/6821 1266/6822
f 1325/6823 1266/6824 1326/6825
f 1326/6826 1266/6827 1265/6828
f 1243/6829 1241/6830 1210/6831
f 1210/6832 1241/6833 1241/6834
f 1210/6835 1241/6836 1211/6837
f 1211/6838 1241/6839 1219/6840
f 1211/6841 1219/6842 1211/6843
f 1211/6844 1219/6845 1220/6846
f 1211/6847 1220/6848 1216/6849
f 1216/6850 1220/6851 1222/6852
f 1216/6853 1222/6854 1216/6855
f 1216/6856 1222/6857 1224/6858
f 1216/6859 1224/6860 1215/6861
f 1215/6862 1224/6863 1226/6864
f 1215/6865 1226/6866 1215/6867
f 1215/6868 1226/6869 1228/6870
f 1215/6871 1228/6872 1214/6873
f 1214/6874 1228/6875 1230/6876
f 1214/6877 1230/6878 1213/6879
f 1213/6880 1230/6881 1232/6882
f 1213/6883 1232/6884 1213/6885
f 1213/6886 1232/6887 1234/6888
f 1213/6889 1234/6890 1212/6891
f 1212/6892 1234/6893 1236/6894
f 1212/6895 1236/6896 1212/6897
f 1212/6898 1236/6899 1238/6900
f 1212/6901 1238/6902 1205/6903
f 1205/6904 1238/6905 1240/6906
f 1205/6907 1240/6908 1205/6909
f 1205/6910 1240/6911 1259/6912
f 1205/6913 1259/6914 1206/6915
f 1206/6916 1259/6917 1257/6918
f 1206/6919 1257/6920 1206/6921
f 1206/6922 1257/6923 1255/6924
f 1206/6925 1255/6926 1207/6927
f 1207/6928 1255/6929 1253/6930
f 1207/6931 1253/6932 1207/6933
f 1207/6934 1253/6935 1251/6936
f 1207/6937 1251/6938 1208/6939
f 1208/6940 1251/6941 1249/6942
f 1208/6943 1249/6944 1209/6945
f 1209/6946 1249/6947 1247/6948
f 1209/6949 1247/6950 1209/6951
f 1209/6952 1247/6953 1245/6954
f 1209/6955 1245/6956 1210/6957
f 1210/6958 1245/6959 1243/6960
f 1037/6961 1048/6962 993/6963
f 993/6964 1048/6965 1048/6966
f 993/6967 1048/6968 994/6969
f 994/6970 1048/6971 1047/6972
f 994/6973 1047/6974 997/6975
f 997/6976 1047/6977 1046/6978
f 997/6979 1046/6980 997/6981
f 997/6982 1046/6983 1045/6984
f 997/6985 1045/6986 999/6987
f 999/6988 1045/6989 1044/6990
f 999/6991 1044/6992 1001/6993
f 1001/6994 1044/6995 1043/6996
f 1001/6997 1043/6998 1001/6999
f 1001/7000 1043/7001 1042/7002
f 1001/7003 1042/7004 1003/7005
f 1003/7006 1042/7007 1041/7008
f 1003/7009 1041/7010 1005/7011
f 1005/7012 1041/7013 1040/7014
f 1005/7015 1040/7016 1005/7017
f 1005/7018 1040/7019 1039/7020
f 1005/7021 1039/7022 1007/7023
f 1007/7024 1039/7025 1038/7026
f 1007/7027 1038/7028 1009/7029
f 1009/7030 1038/7031 1025/7032
f 1009/7033 1025/7034 1009/7035
f 1009/7036 1025/7037 1026/7038
f 1009/7039 1026/7040 1024/7041
f 1024/7042 1026/7043 1027/7044
f 1024/7045 1027/7046 1022/7047
f 1022/7048 1027/7049 1028/7050
f 1022/7051 1028/7052 1022/7053
f 1022/7054 1028/7055 1029/7056
f 1022/7057 1029/7058 1020/7059
f 1020/7060 1029/7061 1030/7062
f 1020/7063 1030/7064 1018/7065
f 1018/7066 1030/7067 1031/7068
f 1018/7069 1031/7070 1018/7071
f 1018/7072 1031/7073 1032/7074
f 1018/7075 1032/7076 1016/7077
f 1016/7078 1032/7079 1033/7080
f 1016/7081 1033/7082 1014/7083
f 1014/7084 1033/7085 1034/7086
f 1014/7087 1034/7088 1014/7089
f 1014/7090 1034/7091 1035/7092
f 1014/7093 1035/7094 1012/7095
f 1012/7096 1035/7097 1036/7098
f 1012/7099 1036/7100 993/7101
f 993/7102 1036/7103 1037/7104
f 1010/7105 1023/7106 967/7107
f 967/7108 1023/7109 1023/7110
f 967/7111 1023/7112 981/7113
f 981/7114 1023/7115 1021/7116
f 981/7117 1021/7118 983/7119
f 983/7120 1021/7121 1019/7122
f 983/7123 1019/7124 985/7125
f 985/7126 1019/7127 1017/7128
f 985/7129 1017/7130 987/7131
f 987/7132 1017/7133 1015/7134
f 987/7135 1015/7136 989/7137
f 989/7138 1015/7139 1013/7140
f 989/7141 1013/7142 991/7143
f 991/7144 1013/7145 1011/7146
f 991/7147 1011/7148 980/7149
f 980/7150 1011/7151 995/7152
f 980/7153 995/7154 980/7155
f 980/7156 995/7157 996/7158
f 980/7159 996/7160 978/7161
f 978/7162 996/7163 998/7164
f 978/7165 998/7166 976/7167
f 976/7168 998/7169 1000/7170
f 976/7171 1000/7172 974/7173
f 974/7174 1000/7175 1002/7176
f 974/7177 1002/7178 972/7179
f 972/7180 1002/7181 1004/7182
f 972/7183 1004/7184 970/7185
f 970/7186 1004/7187 1006/7188
f 970/7189 1006/7190 968/7191
f 968/7192 1006/7193 1008/7194
f 968/7195 1008/7196 967/7197
f 967/7198 1008/7199 1010/7200
f 986/7201 1331/7202 984/7203
f 984/7204 1331/7205 1332/7206
f 984/7207 1332/7208 982/7209
f 982/7210 1332/7211 1333/7212
f 982/7213 1333/7214 982/7215
f 982/7216 1333/7217 1334/7218
f 982/7219 1334/7220 965/7221
f 965/7222 1334/7223 1335/7224
f 965/7225 1335/7226 965/7227
f 965/7228 1335/7229 1336/7230
f 965/7231 1336/7232 966/7233
f 966/7234 1336/7235 1337/7236
f 966/7237 1337/7238 966/7239
f 966/7240 1337/7241 1338/7242
f 966/7243 1338/7244 969/7245
f 969/7246 1338/7247 1339/7248
f 969/7249 1339/7250 971/7251
f 971/7252 1339/7253 1340/7254
f 971/7255 1340/7256 971/7257
f 971/7258 1340/7259 1341/7260
f 971/7261 1341/7262 973/7263
f 973/7264 1341/7265 1342/7266
f 973/7267 1342/7268 973/7269
f 973/7270 1342/7271 1343/7272
f 973/7273 1343/7274 975/7275
f 975/7276 1343/7277 1344/7278
f 975/7279 1344/7280 977/7281
f 977/7282 1344/7283 1345/7284
f 977/7285 1345/7286 977/7287
f 977/7288 1345/7289 1346/7290
f 977/7291 1346/7292 979/7293
f 979/7294 1346/7295 1347/7296
f 979/7297 1347/7298 979/7299
f 979/7300 1347/7301 1348/7302
f 979/7303 1348/7304 992/7305
f 992/7306 1348/7307 1349/7308
f 992/7309 1349/7310 992/7311
f 992/7312 1349/7313 1350/7314
f 992/7315 1350/7316 990/7317
f 990/7318 1350/7319 1351/7320
f 990/7321 1351/7322 988/7323
f 988/7324 1351/7325 1352/7326
f 988/7327 1352/7328 988/7329
f 988/7330 1352/7331 1353/7332
f 988/7333 1353/7334 986/7335
f 986/7336 1353/7337 1354/7338
f 986/7339 1354/7340 1331/7341
f 864/7342 803/7343 865/7344
f 865/7345 803/7346 802/7347
f 865/7348 802/7349 866/7350
f 866/7351 802/7352 801/7353
f 866/7354 801/7355 867/7356
f 867/7357 801/7358 800/7359
f 867/7360 800/7361 868/7362
f 868/7363 800/7364 799/7365
f 868/7366 799/7367 857/7368
f 857/7369 799/7370 799/7371
f 857/7372 799/7373 856/7374
f 856/7375 799/7376 811/7377
f 856/7378 811/7379 855/7380
f 855/7381 811/7382 812/7383
f 855/7384 812/7385 854/7386
f 854/7387 812/7388 813/7389
f 854/7390 813/7391 853/7392
f 853/7393 813/7394 814/7395
f 853/7396 814/7397 852/7398
f 852/7399 814/7400 815/7401
f 852/7402 815/7403 851/7404
f 851/7405 815/7406 816/7407
f 851/7408 816/7409 850/7410
f 850/7411 816/7412 817/7413
f 850/7414 817/7415 849/7416
f 849/7417 817/7418 818/7419
f 849/7420 818/7421 848/7422
f 848/7423 818/7424 819/7425
f 848/7426 819/7427 847/7428
f 847/7429 819/7430 820/7431
f 847/7432 820/7433 846/7434
f 846/7435 820/7436 810/7437
f 846/7438 810/7439 845/7440
f 845/7441 810/7442 810/7443
f 845/7444 810/7445 858/7446
f 858/7447 810/7448 809/7449
f 858/7450 809/7451 859/7452
f 859/7453 809/7454 808/7455
f 859/7456 808/7457 860/7458
f 860/7459 808/7460 807/7461
f 860/7462 807/7463 861/7464
f 861/7465 807/7466 806/7467
f 861/7468 806/7469 862/7470
f 862/7471 806/7472 805/7473
f 862/7474 805/7475 863/7476
f 863/7477 805/7478 804/7479
f 863/7480 804/7481 864/7482
f 864/7483 804/7484 803/7485
f 781/7486 779/7487 748/7488
f 748/7489 779/7490 779/7491
f 748/7492 779/7493 749/7494
f 749/7495 779/7496 757/7497
f 749/7498 757/7499 749/7500
f 749/7501 757/7502 758/7503
f 749/7504 758/7505 754/7506
f 754/7507 758/7508 760/7509
f 754/7510 760/7511 754/7512
f 754/7513 760/7514 762/7515
f 754/7516 762/7517 753/7518
f 753/7519 762/7520 764/7521
f 753/7522 764/7523 753/7524
f 753/7525 764/7526 766/7527
f 753/7528 766/7529 752/7530
f 752/7531 766/7532 768/7533
f 752/7534 768/7535 751/7536
f 751/7537 768/7538 770/7539
f 751/7540 770/7541 751/7542
f 751/7543 770/7544 772/7545
f 751/7546 772/7547 750/7548
f 750/7549 772/7550 774/7551
f 750/7552 774/7553 750/7554
f 750/7555 774/7556 776/7557
f 750/7558 776/7559 743/7560
f 743/7561 776/7562 778/7563
f 743/7564 778/7565 743/7566
f 743/7567 778/7568 797/7569
f 743/7570 797/7571 744/7572
f 744/7573 797/7574 795/7575
f 744/7576 795/7577 744/7578
f 744/7579 795/7580 793/7581
f 744/7582 793/7583 745/7584
f 745/7585 793/7586 791/7587
f 745/7588 791/7589 745/7590
f 745/7591 791/7592 789/7593
f 745/7594 789/7595 746/7596
f 746/7597 789/7598 787/7599
f 746/7600 787/7601 747/7602
f 747/7603 787/7604 785/7605
f 747/7606 785/7607 747/7608
f 747/7609 785/7610 783/7611
f 747/7612 783/7613 748/7614
f 748/7615 783/7616 781/7617
f 588/7618 527/7619 589/7620
f 589/7621 527/7622 526/7623
f 589/7624 526/7625 590/7626
f 590/7627 526/7628 525/7629
f 590/7630 525/7631 591/7632
f 591/7633 525/7634 524/7635
f 591/7636 524/7637 592/7638
f 592/7639 524/7640 523/7641
f 592/7642 523/7643 581/7644
f 581/7645 523/7646 523/7647
f 581/7648 523/7649 580/7650
f 580/7651 523/7652 535/7653
f 580/7654 535/7655 579/7656
f 579/7657 535/7658 536/7659
f 579/7660 536/7661 578/7662
f 578/7663 536/7664 537/7665
f 578/7666 537/7667 577/7668
f 577/7669 537/7670 538/7671
f 577/7672 538/7673 576/7674
f 576/7675 538/7676 539/7677
f 576/7678 539/7679 575/7680
f 575/7681 539/7682 540/7683
f 575/7684 540/7685 574/7686
f 574/7687 540/7688 541/7689
f 574/7690 541/7691 573/7692
f 573/7693 541/7694 542/7695
f 573/7696 542/7697 572/7698
f 572/7699 542/7700 543/7701
f 572/7702 543/7703 571/7704
f 571/7705 543/7706 544/7707
f 571/7708 544/7709 570/7710
f 570/7711 544/7712 534/7713
f 570/7714 534/7715 569/7716
f 569/7717 534/7718 534/7719
f 569/7720 534/7721 582/7722
f 582/7723 534/7724 533/7725
f 582/7726 533/7727 583/7728
f 583/7729 533/7730 532/7731
f 583/7732 532/7733 584/7734
f 584/7735 532/7736 531/7737
f 584/7738 531/7739 585/7740
f 585/7741 531/7742 530/7743
f 585/7744 530/7745 586/7746
f 586/7747 530/7748 529/7749
f 586/7750 529/7751 587/7752
f 587/7753 529/7754 528/7755
f 587/7756 528/7757 588/7758
f 588/7759 528/7760 527/7761
f 505/7762 503/7763 472/7764
f 472/7765 503/7766 503/7767
f 472/7768 503/7769 473/7770
f 473/7771 503/7772 481/7773
f 473/7774 481/7775 473/7776
f 473/7777 481/7778 482/7779
f 473/7780 482/7781 478/7782
f 478/7783 482/7784 484/7785
f 478/7786 484/7787 478/7788
f 478/7789 484/7790 486/7791
f 478/7792 486/7793 477/7794
f 477/7795 486/7796 488/7797
f 477/7798 488/7799 477/7800
f 477/7801 488/7802 490/7803
f 477/7804 490/7805 476/7806
f 476/7807 490/7808 492/7809
f 476/7810 492/7811 475/7812
f 475/7813 492/7814 494/7815
f 475/7816 494/7817 475/7818
f 475/7819 494/7820 496/7821
f 475/7822 496/7823 474/7824
f 474/7825 496/7826 498/7827
f 474/7828 498/7829 474/7830
f 474/7831 498/7832 500/7833
f 474/7834 500/7835 467/7836
f 467/7837 500/7838 502/7839
f 467/7840 502/7841 467/7842
f 467/7843 502/7844 521/7845
f 467/7846 521/7847 468/7848
f 468/7849 521/7850 519/7851
f 468/7852 519/7853 468/7854
f 468/7855 519/7856 517/7857
f 468/7858 517/7859 469/7860
f 469/7861 517/7862 515/7863
f 469/7864 515/7865 469/7866
f 469/7867 515/7868 513/7869
f 469/7870 513/7871 470/7872
f 470/7873 513/7874 511/7875
f 470/7876 511/7877 471/7878
f 471/7879 511/7880 509/7881
f 471/7882 509/7883 471/7884
f 471/7885 509/7886 507/7887
f 471/7888 507/7889 472/7890
f 472/7891 507/7892 505/7893
f 312/7894 251/7895 313/7896
f 313/7897 251/7898 250/7899
f 313/7900 250/7901 314/7902
f 314/7903 250/7904 249/7905
f 314/7906 249/7907 315/7908
f 315/7909 249/7910 248/7911
f 315/7912 248/7913 316/7914
f 316/7915 248/7916 247/7917
f 316/7918 247/7919 305/7920
f 305/7921 247/7922 247/7923
f 305/7924 247/7925 304/7926
f 304/7927 247/7928 259/7929
f 304/7930 259/7931 303/7932
f 303/7933 259/7934 260/7935
f 303/7936 260/7937 302/7938
f 302/7939 260/7940 261/7941
f 302/7942 261/7943 301/7944
f 301/7945 261/7946 262/7947
f 301/7948 262/7949 300/7950
f 300/7951 262/7952 263/7953
f 300/7954 263/7955 299/7956
f 299/7957 263/7958 264/7959
f 299/7960 264/7961 298/7962
f 298/7963 264/7964 265/7965
f 298/7966 265/7967 297/7968
f 297/7969 265/7970 266/7971
f 297/7972 266/7973 296/7974
f 296/7975 266/7976 267/7977
f 296/7978 267/7979 295/7980
f 295/7981 267/7982 268/7983
f 295/7984 268/7985 294/7986
f 294/7987 268/7988 258/7989
f 294/7990 258/7991 293/7992
f 293/7993 258/7994 258/7995
f 293/7996 258/7997 306/7998
f 306/7999 258/8000 257/8001
f 306/8002 257/8003 307/8004
f 307/8005 257/8006 256/8007
f 307/8008 256/8009 308/8010
f 308/8011 256/8012 255/8013
f 308/8014 255/8015 309/8016
f 309/8017 255/8018 254/8019
f 309/8020 254/8021 310/8022
f 310/8023 254/8024 253/8025
f 310/8026 253/8027 311/8028
f 311/8029 253/8030 252/8031
f 311/8032 252/8033 312/8034
f 312/8035 252/8036 251/8037
f 229/8038 227/8039 196/8040
f 196/8041 227/8042 227/8043
f 196/8044 227/8045 197/8046
f 197/8047 227/8048 205/8049
f 197/8050 205/8051 197/8052
f 197/8053 205/8054 206/8055
f 197/8056 206/8057 202/8058
f 202/8059 206/8060 208/8061
f 202/8062 208/8063 202/8064
f 202/8065 208/8066 210/8067
f 202/8068 210/8069 201/8070
f 201/8071 210/8072 212/8073
f 201/8074 212/8075 201/8076
f 201/8077 212/8078 214/8079
f 201/8080 214/8081 200/8082
f 200/8083 214/8084 216/8085
f 200/8086 216/8087 199/8088
f 199/8089 216/8090 218/8091
f 199/8092 218/8093 199/8094
f 199/8095 218/8096 220/8097
f 199/8098 220/8099 198/8100
f 198/8101 220/8102 222/8103
f 198/8104 222/8105 198/8106
f 198/8107 222/8108 224/8109
f 198/8110 224/8111 191/8112
f 191/8113 224/8114 226/8115
f 191/8116 226/8117 191/8118
f 191/8119 226/8120 245/8121
f 191/8122 245/8123 192/8124
f 192/8125 245/8126 243/8127
f 192/8128 243/8129 192/8130
f 192/8131 243/8132 241/8133
f 192/8134 241/8135 193/8136
f 193/8137 241/8138 239/8139
f 193/8140 239/8141 193/8142
f 193/8143 239/8144 237/8145
f 193/8146 237/8147 194/8148
f 194/8149 237/8150 235/8151
f 194/8152 235/8153 195/8154
f 195/8155 235/8156 233/8157
f 195/8158 233/8159 195/8160
f 195/8161 233/8162 231/8163
f 195/8164 231/8165 196/8166
f 196/8167 231/8168 229/8169
