# Exported from USD for MuJoCo with source material subsets
v -11.1167433 2.03762964 0.189975971
v -11.1240476 2.0332406 0.189855451
v -11.1240476 2.03763084 0.189855451
v -11.1293459 2.02543739 0.079752678
v -11.1259988 2.02973847 0.0798079911
v -11.1319396 2.02064399 0.0797098819
v -11.1219894 2.03342966 0.0798742715
v -11.133709 2.01548914 0.0796806756
v -11.1174273 2.03641061 0.0799498502
v -11.134606 2.01011328 0.0796657744
v -11.1124368 2.03860025 0.0800321046
v -11.134606 2.00466327 0.0796657744
v -11.107154 2.03993801 0.0801193658
v -11.133709 1.99928717 0.0796806756
v -11.1017232 2.04038815 0.0802092496
v -11.1319396 1.99413232 0.0797098819
v -11.0962923 2.03993801 0.080298895
v -11.1293459 1.98933891 0.079752678
v -11.0910095 2.03860025 0.0803861562
v -11.1259988 1.98503784 0.0798079911
v -11.0860191 2.03641061 0.080468649
v -11.1219894 1.98134641 0.0798742715
v -11.081457 2.03342966 0.0805441085
v -11.1174273 1.97836546 0.0799498502
v -11.0774477 2.02973847 0.0806102696
v -11.1124368 1.9761763 0.0800321046
v -11.0741005 2.02543739 0.0806655827
v -11.1071541 1.9748383 0.0801193658
v -11.0715068 2.02064399 0.0807083789
v -11.1017232 1.97438816 0.0802092496
v -11.0697373 2.01548914 0.0807377044
v -11.0962923 1.9748383 0.080298895
v -11.0688404 2.01011328 0.0807524863
v -11.0910096 1.9761763 0.0803861562
v -11.0688404 2.00466327 0.0807524863
v -11.0860191 1.97836546 0.080468649
v -11.0697373 1.99928717 0.0807377044
v -11.081457 1.98134641 0.0805441085
v -11.0715068 1.99413232 0.0807083789
v -11.0774477 1.98503784 0.0806102696
v -11.0741005 1.98933891 0.0806655827
v -10.6615312 1.54814891 1.1524279
v -10.656787 1.54526381 1.15250639
v -10.6615312 1.55337743 1.1524279
v -10.6567848 1.55626229 1.15250639
v -10.6519468 1.54798488 1.15258635
v -10.6519452 1.5535386 1.15258635
v -10.6611677 1.55337743 1.13043107
v -10.6564214 1.55626229 1.13050944
v -10.6515818 1.55353836 1.13058928
v -10.6515834 1.54798512 1.13058928
v -10.6564236 1.54526381 1.13050932
v -10.6611677 1.54814891 1.13043107
v -10.5270961 1.55052857 1.15464933
v -10.5243451 1.55529217 1.15469463
v -10.5267326 1.55052857 1.13265227
v -10.5239816 1.55529217 1.13269767
v -10.5188462 1.55529098 1.15478557
v -10.5184827 1.55529098 1.1327885
v -10.5160976 1.55052857 1.15483098
v -10.5157341 1.55052857 1.13283391
v -10.5188486 1.54576472 1.15478544
v -10.5243475 1.54576615 1.15469463
v -10.5184851 1.54576472 1.1327885
v -10.523984 1.54576615 1.13269767
v -10.9688999 1.52844552 1.12534624
v -10.9688998 1.93843702 1.12534624
v -10.9689363 1.52844552 1.12754582
v -10.9689361 1.93843702 1.12754582
v -10.208529 1.52844528 1.13790996
v -10.2085654 1.52844528 1.14010966
v -10.2085289 1.93843679 1.13790996
v -10.2085653 1.93843679 1.14010966
v -11.1028379 1.69467191 0.99704277
v -11.1053604 1.69272522 1.00092235
v -11.0536355 1.69467191 1.07550737
v -11.0582276 1.69272451 1.07608818
v -11.1045757 1.68917183 1.00462444
v -11.061217 1.68917183 1.0737697
v -11.07206 1.66379551 1.05647806
v -11.0905461 1.66379551 1.0269979
v -11.0701962 1.66379551 1.05530925
v -11.0886822 1.66379551 1.02582909
v -11.0720601 1.58390025 1.05647806
v -11.0701962 1.58390025 1.05530925
v -11.0886822 1.58390025 1.02582909
v -11.0905461 1.58390025 1.0269979
v -11.1045757 1.53702907 1.00462444
v -11.1053608 1.53347663 1.00092357
v -11.102838 1.53152899 0.99704277
v -11.0612171 1.53702907 1.0737697
v -11.0582275 1.53347687 1.07608781
v -11.0536355 1.53152899 1.07550737
v -10.1429079 1.44155149 0.0960519257
v -10.146255 1.43725041 0.0959966126
v -10.1403142 1.44634489 0.0960948411
v -10.1502644 1.43355922 0.0959303323
v -10.1385447 1.45149974 0.0961240474
v -10.1548264 1.43057827 0.095854992
v -10.1376478 1.4568756 0.0961388293
v -10.159817 1.42838887 0.0957724992
v -10.1376478 1.46232585 0.0961388293
v -10.1650997 1.42705087 0.095685238
v -10.1385447 1.46770195 0.0961240474
v -10.1705306 1.42660073 0.0955954734
v -10.1403142 1.4728568 0.0960948411
v -10.1759614 1.42705087 0.095505828
v -10.1429079 1.4776502 0.0960519257
v -10.1812442 1.42838887 0.0954184476
v -10.146255 1.48195128 0.0959966126
v -10.1862347 1.43057827 0.0953359547
v -10.1502644 1.48564271 0.0959303323
v -10.1907969 1.43355922 0.0952607337
v -10.1548264 1.48862342 0.095854992
v -10.1948061 1.43725041 0.0951944533
v -10.1598169 1.49081282 0.0957724992
v -10.1981533 1.44155149 0.0951391402
v -10.1650997 1.49215082 0.095685238
v -10.2007469 1.44634489 0.0950962249
v -10.1705305 1.49260072 0.0955954734
v -10.2025165 1.45149974 0.0950668994
v -10.1759614 1.49215082 0.095505828
v -10.2034134 1.4568756 0.0950522366
v -10.1812441 1.49081282 0.0954184476
v -10.2034134 1.46232585 0.0950522366
v -10.1862347 1.48862342 0.0953359547
v -10.2025165 1.46770195 0.0950668994
v -10.1907969 1.48564271 0.0952607337
v -10.2007469 1.4728568 0.0950962249
v -10.1948061 1.48195128 0.0951944533
v -10.1981533 1.4776502 0.0951391402
v -10.1533352 1.43263153 0.205894584
v -10.149179 1.43610648 0.205963248
v -10.1341828 1.43263058 0.206211084
v -10.1456487 1.440213 0.206021661
v -10.1428375 1.4448419 0.206068153
v -10.1408211 1.449868 0.206101412
v -10.139654 1.4551566 0.206120605
v -10.1393675 1.46056441 0.206125373
v -10.1341828 1.48763064 0.206211084
v -10.1399693 1.46594671 0.206115479
v -10.1414431 1.47115807 0.206091041
v -10.1437494 1.47605781 0.206053013
v -10.1468275 1.48051552 0.20600223
v -10.1505785 1.48439936 0.205940122
v -10.1549344 1.48762945 0.205868239
v -10.1723479 1.42660288 0.205580467
v -10.1673009 1.42698959 0.205663914
v -10.1623728 1.42814569 0.205745334
v -10.1576899 1.43003563 0.205822701
v -10.1558522 1.48817972 0.205853099
v -10.1610681 1.49061088 0.205766911
v -10.1666184 1.49209956 0.205675119
v -10.1723479 1.49260072 0.205580467
v -10.1773906 1.4269884 0.20549714
v -10.182306 1.42814044 0.205415958
v -10.1869933 1.43003039 0.205338472
v -10.1913603 1.43263177 0.205266351
v -10.1954995 1.4360886 0.205197925
v -10.1990267 1.44018559 0.205139751
v -10.2018434 1.4448121 0.20509314
v -10.2038646 1.44983605 0.205059761
v -10.2050371 1.45512251 0.20504033
v -10.2053293 1.46052984 0.205035442
v -10.2047333 1.46591214 0.205045456
v -10.203265 1.47112445 0.205069655
v -10.2009644 1.47602657 0.205107683
v -10.1978929 1.48048619 0.205158347
v -10.1941336 1.48438362 0.205220455
v -10.1897607 1.48762874 0.205292815
v -10.1888432 1.48817901 0.205307955
v -10.1836433 1.49060659 0.205393786
v -10.1780889 1.49209622 0.205485696
v -11.0215491 1.48818091 1.12667656
v -11.1359622 1.48818091 0.944218719
v -10.1501799 1.48818068 1.14107438
v -10.1347328 1.48818068 0.206202025
v -11.0884906 1.4881802 0.190442795
v -11.1234978 1.48818091 0.189864391
v -10.14963 1.43263058 1.14108354
v -10.14963 1.48763064 1.14108354
v -11.1394948 1.43263082 1.12472783
v -11.0946034 1.43263177 0.190341825
v -11.1233855 1.43263177 0.189866299
v -11.1240473 1.43296174 0.189855451
v -11.1394948 1.48763088 1.12472783
v -11.0878159 1.48762993 0.190454001
v -11.1240478 1.48763088 0.189855451
v -11.1279842 1.48931197 0.189790243
v -11.1234973 1.49196653 0.189864391
v -11.1319955 1.48598532 0.189723963
v -11.1354329 1.48206834 0.189667219
v -11.1382108 1.47765926 0.189621324
v -11.14026 1.47286824 0.189587349
v -11.1415294 1.46781425 0.189566487
v -11.1419876 1.4626234 0.189558858
v -11.1416233 1.45742611 0.189565057
v -11.1404453 1.45235042 0.189584369
v -11.1384827 1.44752244 0.189616913
v -11.1357844 1.44306378 0.189661378
v -11.1324173 1.43908505 0.189717049
v -11.1284698 1.43568877 0.189782256
v -11.1303191 1.93491153 0.602700407
v -11.130232 1.93596009 0.597435826
v -11.1234975 1.98110918 0.189864391
v -11.1301584 1.9389408 0.592977399
v -11.1301091 1.94340185 0.589998299
v -11.1300919 1.94866542 0.588952595
v -11.1301092 1.9539247 0.589999372
v -11.1234976 1.98208074 0.189864391
v -11.1301585 1.95838646 0.59298169
v -11.1302322 1.96136622 0.597442383
v -11.1303191 1.96241168 0.602700407
v -11.135962 1.98208074 0.944218719
v -11.1304061 1.96136312 0.607965225
v -11.1304797 1.95838265 0.612423414
v -11.130529 1.95392136 0.615402693
v -11.1305462 1.94865779 0.616448337
v -11.130529 1.94339875 0.615401501
v -11.1304797 1.93893675 0.612419242
v -11.1304059 1.93595723 0.60795855
v -11.0930919 1.49123983 0.190366859
v -11.0922658 1.9763749 0.190380448
v -10.1913255 1.97565369 0.205266947
v -10.1864192 1.97355012 0.20534789
v -10.1812399 1.97226624 0.205433482
v -10.1759173 1.97183375 0.205521459
v -10.1705921 1.97226671 0.205609554
v -10.1654066 1.97355322 0.205695147
v -10.1347326 1.9820805 0.206202025
v -10.1604967 1.97566012 0.205776328
v -10.1559965 1.97852687 0.205850596
v -10.1520194 1.98208121 0.205916399
v -11.0870645 1.97879652 0.190466518
v -10.1958287 1.97852043 0.205192441
v -11.0823652 1.98208169 0.190544123
v -10.1998155 1.98208074 0.205126638
v -11.0981388 1.49348859 0.190283412
v -11.0978163 1.9748886 0.190288657
v -11.1034854 1.49486331 0.190195078
v -11.1035405 1.97438888 0.190194124
v -11.1089944 1.4953256 0.190104002
v -11.1088742 1.97482208 0.190106029
v -11.1139815 1.494947 0.190021748
v -11.1188448 1.4938219 0.189941281
v -11.1140657 1.97611217 0.190020317
v -11.1189814 1.97822479 0.189939016
v -11.1071771 1.49532632 0.0801191273
v -11.1017462 1.49487642 0.0802087727
v -11.0964635 1.49353842 0.0802961531
v -11.091473 1.49134926 0.080378646
v -11.0869108 1.48836831 0.080453867
v -11.0829016 1.48467688 0.0805201474
v -11.0839155 1.4837716 0.190518493
v -11.0795544 1.48037581 0.0805754605
v -11.0807235 1.47933988 0.190571183
v -11.0769607 1.47558216 0.0806182566
v -11.0782993 1.47442965 0.190611238
v -11.0751913 1.47042755 0.0806475821
v -11.0767208 1.4691873 0.190637344
v -11.0742944 1.46505145 0.0806623641
v -11.0760308 1.46375589 0.190648669
v -11.0742944 1.4596012 0.0806623641
v -11.0762482 1.45828537 0.190645212
v -11.0751913 1.45422534 0.0806475821
v -11.077367 1.45292572 0.190626616
v -11.0769607 1.44907049 0.0806182566
v -11.0793564 1.44782523 0.190593833
v -11.0795544 1.44427709 0.0805754605
v -11.0821617 1.44312362 0.190547341
v -11.0829016 1.43997625 0.0805201474
v -11.0857057 1.43895082 0.190488929
v -11.0869108 1.43628458 0.080453867
v -11.0898907 1.43542151 0.190419668
v -11.091473 1.43330363 0.080378646
v -11.0964635 1.43111447 0.0802961531
v -11.0992231 1.43080668 0.190265531
v -11.1017462 1.42977647 0.0802087727
v -11.104048 1.4296997 0.19018578
v -11.1071771 1.42932634 0.0801191273
v -11.1089944 1.42932824 0.190104002
v -11.112608 1.49487642 0.0800292435
v -11.1178907 1.49353842 0.0799419823
v -11.1228812 1.49134926 0.0798594895
v -11.1274434 1.48836831 0.0797841492
v -11.1314527 1.48467688 0.0797179881
v -11.1347998 1.48037581 0.0796625558
v -11.1373935 1.47558216 0.0796197596
v -11.139163 1.47042755 0.0795905534
v -11.1400599 1.46505145 0.0795756522
v -11.1400599 1.4596012 0.0795756522
v -11.139163 1.45422534 0.0795905534
v -11.1373935 1.44907049 0.0796197596
v -11.1347998 1.44427709 0.0796625558
v -11.1314527 1.43997625 0.0797179881
v -11.1274434 1.43628458 0.0797841492
v -11.1228813 1.43330363 0.0798594895
v -11.1178907 1.43111447 0.0799419823
v -11.1187576 1.43080501 0.189942831
v -11.1126081 1.42977647 0.0800292435
v -11.1139372 1.42969874 0.190022344
v -10.1501797 1.9820805 1.14107438
v -11.0215489 1.98208074 1.12667656
v -11.1394947 2.03763084 1.12472783
v -11.1394947 1.98263101 1.12472783
v -11.1240476 1.98263101 0.189855451
v -11.0903376 2.03762964 0.190412277
v -10.1795736 2.03762941 0.205461139
v -10.1496297 2.0376306 1.14108354
v -10.1759172 2.0376306 0.205521459
v -10.172261 2.03762893 0.205581898
v -10.1341827 2.0376306 0.206211084
v -11.1102993 2.03968791 0.190082425
v -11.0968001 2.03969196 0.190305585
v -11.1035405 2.04038672 0.190194124
v -11.0817242 1.98263101 0.190554613
v -11.1275507 1.98475317 0.189797396
v -11.1309526 1.9890211 0.189741248
v -11.1336049 1.99379138 0.189697379
v -11.1354347 1.99893431 0.189667219
v -11.1363918 2.00430826 0.189651364
v -11.1364501 2.00976638 0.189650411
v -11.1356079 2.01515941 0.189664358
v -11.1338883 2.02034001 0.189692849
v -11.1313385 2.02516607 0.18973493
v -11.128028 2.02950601 0.189789647
v -10.2003272 1.98263101 0.205118174
v -10.1496297 1.98263053 1.14108354
v -10.1515072 1.98263053 0.205924863
v -10.1341827 1.98263053 0.206211084
v -10.1741 1.97183375 0.0955364648
v -10.1795309 1.97228388 0.0954468194
v -10.1848136 1.97362188 0.0953595582
v -10.1898041 1.97581128 0.0952769461
v -10.1943662 1.97879223 0.0952016059
v -10.1983756 1.98248366 0.0951354447
v -10.2017227 1.98678474 0.0950801316
v -10.2037167 1.98705796 0.205062145
v -10.2043164 1.9915779 0.0950373355
v -10.2063083 1.99198488 0.205019349
v -10.2060858 1.99673299 0.09500801
v -10.2080366 1.99728207 0.204990739
v -10.2069828 2.00210861 0.094993228
v -10.208849 2.0027943 0.204977388
v -10.2069828 2.0075591 0.094993228
v -10.2087226 2.00836496 0.204979533
v -10.2060858 2.01293472 0.09500801
v -10.2076608 2.01383499 0.204997057
v -10.2043164 2.01808981 0.0950373355
v -10.2056939 2.01904825 0.205029482
v -10.2017227 2.02288322 0.0950801316
v -10.2028782 2.0238562 0.205075974
v -10.1983756 2.02718429 0.0951354447
v -10.1992936 2.02812223 0.205135221
v -10.1943662 2.03087548 0.0952016059
v -10.1950423 2.03172354 0.205205554
v -10.1898041 2.03385643 0.0952769461
v -10.1902457 2.03455857 0.205284828
v -10.1848136 2.03604583 0.0953595582
v -10.1850404 2.03654627 0.205370778
v -10.1795309 2.03738383 0.0954468194
v -10.1741 2.03783373 0.0955364648
v -10.1686691 1.97228388 0.0956263486
v -10.1633863 1.97362188 0.0957134906
v -10.1583959 1.97581128 0.0957959834
v -10.1538337 1.97879223 0.0958714429
v -10.1498244 1.98248366 0.0959377232
v -10.1464773 1.98678474 0.0959930363
v -10.1481183 1.98705749 0.205980772
v -10.1438835 1.9915779 0.0960358325
v -10.1455229 1.99199204 0.206023687
v -10.1421141 1.99673299 0.0960650388
v -10.1437953 1.99729256 0.206052298
v -10.1412171 2.00210861 0.0960799399
v -10.1429845 2.00280861 0.206065649
v -10.1412171 2.0075591 0.0960799399
v -10.1431136 2.00838212 0.206063503
v -10.1421141 2.01293472 0.0960650388
v -10.1441791 2.0138543 0.20604598
v -10.1438835 2.01808981 0.0960358325
v -10.1461503 2.019069 0.206013316
v -10.1464773 2.02288322 0.0959930363
v -10.1489709 2.02387694 0.205966705
v -10.1498244 2.02718429 0.0959377232
v -10.1525605 2.02814154 0.205907458
v -10.1538337 2.03087548 0.0958714429
v -10.1568166 2.03174118 0.205837125
v -10.1583959 2.03385643 0.0957959834
v -10.1616194 2.03457312 0.205757732
v -10.1633863 2.03604583 0.0957134906
v -10.1668192 2.03655366 0.205671901
v -10.1686691 2.03738383 0.0956263486
v -11.0779062 1.98661117 0.190617675
v -11.0748043 1.9911714 0.190669054
v -11.0725053 1.99618463 0.190706963
v -11.0710732 2.00151042 0.190730566
v -11.070548 2.00700049 0.190739268
v -11.0709443 2.01250104 0.190732831
v -11.0722509 2.01785878 0.190711254
v -11.0744312 2.02292351 0.190675253
v -11.0774243 2.02755479 0.190625662
v -11.0811482 2.03162316 0.19056415
v -11.0854809 2.03500609 0.190492624
vt -0.440802991 -0.276486009
vt -0.447443008 -0.272496015
vt -0.447443008 -0.276486993
vt -0.452259988 -0.265401989
vt -0.449216992 -0.269311994
vt -0.454618007 -0.261043996
vt -0.454618007 -0.261043996
vt -0.449216992 -0.269311994
vt -0.445571989 -0.272668004
vt -0.454618007 -0.261043996
vt -0.445571989 -0.272668004
vt -0.456225991 -0.256357998
vt -0.456225991 -0.256357998
vt -0.445571989 -0.272668004
vt -0.441424996 -0.275377989
vt -0.456225991 -0.256357998
vt -0.441424996 -0.275377989
vt -0.457042009 -0.251471013
vt -0.457042009 -0.251471013
vt -0.441424996 -0.275377989
vt -0.436888009 -0.277368009
vt -0.457042009 -0.251471013
vt -0.436888009 -0.277368009
vt -0.457042009 -0.246516004
vt -0.457042009 -0.246516004
vt -0.436888009 -0.277368009
vt -0.432085007 -0.278584003
vt -0.457042009 -0.246516004
vt -0.432085007 -0.278584003
vt -0.456225991 -0.241629004
vt -0.456225991 -0.241629004
vt -0.432085007 -0.278584003
vt -0.427148014 -0.278993011
vt -0.456225991 -0.241629004
vt -0.427148014 -0.278993011
vt -0.454618007 -0.236943007
vt -0.454618007 -0.236943007
vt -0.427148014 -0.278993011
vt -0.422210991 -0.278584003
vt -0.454618007 -0.236943007
vt -0.422210991 -0.278584003
vt -0.452259988 -0.232584998
vt -0.452259988 -0.232584998
vt -0.422210991 -0.278584003
vt -0.41740799 -0.277368009
vt -0.452259988 -0.232584998
vt -0.41740799 -0.277368009
vt -0.449216992 -0.228674993
vt -0.449216992 -0.228674993
vt -0.41740799 -0.277368009
vt -0.412871987 -0.275377989
vt -0.449216992 -0.228674993
vt -0.412871987 -0.275377989
vt -0.445571989 -0.225318998
vt -0.445571989 -0.225318998
vt -0.412871987 -0.275377989
vt -0.40872401 -0.272668004
vt -0.445571989 -0.225318998
vt -0.40872401 -0.272668004
vt -0.441424996 -0.222608998
vt -0.441424996 -0.222608998
vt -0.40872401 -0.272668004
vt -0.405079007 -0.269311994
vt -0.441424996 -0.222608998
vt -0.405079007 -0.269311994
vt -0.436888009 -0.220618993
vt -0.436888009 -0.220618993
vt -0.405079007 -0.269311994
vt -0.402036995 -0.265401989
vt -0.436888009 -0.220618993
vt -0.402036995 -0.265401989
vt -0.432085007 -0.219402999
vt -0.432085007 -0.219402999
vt -0.402036995 -0.265401989
vt -0.399679005 -0.261043996
vt -0.432085007 -0.219402999
vt -0.399679005 -0.261043996
vt -0.427148014 -0.218992993
vt -0.427148014 -0.218992993
vt -0.399679005 -0.261043996
vt -0.398070008 -0.256357998
vt -0.427148014 -0.218992993
vt -0.398070008 -0.256357998
vt -0.422210991 -0.219402999
vt -0.422210991 -0.219402999
vt -0.398070008 -0.256357998
vt -0.397255003 -0.251471013
vt -0.422210991 -0.219402999
vt -0.397255003 -0.251471013
vt -0.41740799 -0.220618993
vt -0.41740799 -0.220618993
vt -0.397255003 -0.251471013
vt -0.397255003 -0.246516004
vt -0.41740799 -0.220618993
vt -0.397255003 -0.246516004
vt -0.412871987 -0.222608998
vt -0.412871987 -0.222608998
vt -0.397255003 -0.246516004
vt -0.398070008 -0.241629004
vt -0.412871987 -0.222608998
vt -0.398070008 -0.241629004
vt -0.40872401 -0.225318998
vt -0.40872401 -0.225318998
vt -0.398070008 -0.241629004
vt -0.399679005 -0.236943007
vt -0.40872401 -0.225318998
vt -0.399679005 -0.236943007
vt -0.405079007 -0.228674993
vt -0.405079007 -0.228674993
vt -0.399679005 -0.236943007
vt -0.402036995 -0.232584998
vt 0.0269729998 0.168496996
vt 0.0226600002 0.171119004
vt 0.0269729998 0.163743004
vt -1.04447997 0.163743004
vt -1.04455101 0.171119004
vt -1.04455101 0.171119004
vt 0.0269729998 0.163743004
vt 0.0226600002 0.171119004
vt 0.0226579998 0.161120996
vt 0.0226579998 0.161120996
vt 0.0226600002 0.171119004
vt 0.0182600003 0.168645993
vt 0.0226579998 0.161120996
vt 0.0182600003 0.168645993
vt 0.018259 0.163597003
vt 0.0269729998 1.04447997
vt 0.0226579998 1.04455101
vt 0.0266430005 1.02448297
vt -1.02448297 0.163743004
vt -1.04455101 0.161120996
vt -1.04455101 0.161120996
vt 0.0266430005 1.02448297
vt 0.0226579998 1.04455101
vt 0.0223280005 1.02455401
vt 0.0223280005 1.02455401
vt 0.0226579998 1.04455101
vt 0.018259 1.04462397
vt 0.0223280005 1.02455401
vt 0.018259 1.04462397
vt 0.0179280005 1.02462697
vt 1.02462697 0.163597003
vt 1.04462397 0.163597003
vt 1.04462397 0.168645993
vt 1.02462697 0.163597003
vt 1.04462397 0.168645993
vt 1.02462697 0.168645993
vt -0.0179299992 1.02462697
vt -0.0182600003 1.04462397
vt -0.0226600002 1.04455101
vt -0.0179299992 1.02462697
vt -0.0226600002 1.04455101
vt -0.0223299991 1.02455401
vt -0.0223299991 1.02455401
vt -0.0226600002 1.04455101
vt -0.0269729998 1.04447997
vt -0.0223299991 1.02455401
vt -0.0269729998 1.04447997
vt -0.0266430005 1.02448297
vt -1.04447997 0.163743004
vt -1.02448297 0.163743004
vt -1.04447997 0.168496996
vt -1.04447997 0.168496996
vt -1.02448297 0.163743004
vt -1.02448297 0.168496996
vt -1.04649901 0.166333005
vt -1.04654098 0.162002996
vt -1.02650201 0.166333005
vt -1.02650201 0.166333005
vt -1.04654098 0.162002996
vt -1.04654098 0.162002996
vt -1.02650201 0.166333005
vt -1.04654098 0.162002996
vt -1.02654302 0.162002996
vt -0.0980719998 1.02654302
vt -0.0977410004 1.04654098
vt -0.102739997 1.04662299
vt -0.0980719998 1.02654302
vt -0.102739997 1.04662299
vt -0.103070997 1.02662599
vt 1.02662599 0.162003994
vt 1.04662299 0.162003994
vt 1.04666495 0.166333005
vt 1.02662599 0.162003994
vt 1.04666495 0.166333005
vt 1.026667 0.166333005
vt -0.102739997 0.162003994
vt -0.0977410004 0.162002996
vt -0.105238996 0.166333005
vt -1.04666495 0.166333005
vt -1.04654098 0.162002996
vt -1.04654098 0.162002996
vt -0.105238996 0.166333005
vt -0.0977410004 0.162002996
vt -0.102738 0.170663998
vt -0.102738 0.170663998
vt -0.0977410004 0.162002996
vt -0.0952410027 0.166333005
vt -0.102738 0.170663998
vt -0.0952410027 0.166333005
vt -0.0977390036 0.170662999
vt 1.04666495 0.166333005
vt 1.04662299 0.170663998
vt 1.026667 0.166333005
vt -1.026667 0.166333005
vt -1.04662299 0.170663998
vt -1.04662299 0.170663998
vt 1.026667 0.166333005
vt 1.04662299 0.170663998
vt 1.02662599 0.170663998
vt 0.103069 1.02662599
vt 0.102738 1.04662299
vt 0.0977390036 1.04654098
vt 0.103069 1.02662599
vt 0.0977390036 1.04654098
vt 0.0980700031 1.02654302
vt -1.02654302 0.170662999
vt -1.04654098 0.170662999
vt -1.04649901 0.166333005
vt -1.02654302 0.170662999
vt -1.04649901 0.166333005
vt -1.02650201 0.166333005
vt 1.01986003 0.186408997
vt 1.01986003 -0.186311007
vt 1.02186 0.186408997
vt 1.02186 0.186408997
vt 1.01986003 -0.186311007
vt 1.02186 -0.186311007
vt 0.306398988 1.01986003
vt 0.306432009 1.02186
vt -0.384846985 1.03128195
vt -0.384846985 1.03128195
vt 0.306432009 1.02186
vt -0.384813994 1.03328204
vt -1.03128195 -0.186311007
vt -1.03128195 0.186408997
vt -1.03328204 -0.186311007
vt -1.03328204 -0.186311007
vt -1.03128195 0.186408997
vt -1.03328204 0.186408997
vt 0.384846985 1.03128195
vt 0.384813994 1.03328204
vt -0.306398988 1.01986003
vt -0.306398988 1.01986003
vt 0.384813994 1.03328204
vt -0.306432009 1.02186
vt 0.428160995 0.903221011
vt 0.430453986 0.906747997
vt 0.383432001 0.974551976
vt -0.974551976 0.0352940001
vt -0.906747997 0.037064001
vt -0.906747997 0.037064001
vt 0.383432001 0.974551976
vt 0.430453986 0.906747997
vt 0.387605995 0.975080013
vt -0.975080013 0.037064001
vt -0.906747997 0.037064001
vt -0.910112977 0.040293999
vt -0.975080013 0.037064001
vt -0.910112977 0.040293999
vt -0.972972989 0.040293999
vt -0.400180995 0.957252979
vt -0.416987002 0.930453002
vt -0.398487002 0.95618999
vt -0.398487002 0.95618999
vt -0.416987002 0.930453002
vt -0.415291995 0.929390013
vt -0.400180995 0.0633630008
vt -0.398487002 0.0633630008
vt -0.400180995 0.135995999
vt -0.400180995 0.135995999
vt -0.398487002 0.0633630008
vt -0.398487002 0.135995999
vt 0.415291995 0.0633630008
vt 0.416987002 0.0633630008
vt 0.415291995 0.135995999
vt 0.415291995 0.135995999
vt 0.416987002 0.0633630008
vt 0.416987002 0.135995999
vt 0.398487002 0.95618999
vt 0.415291995 0.929390013
vt 0.400180995 0.957252979
vt 0.400180995 0.957252979
vt 0.415291995 0.929390013
vt 0.416987002 0.930453002
vt -0.910112977 0.040293999
vt -0.906747997 0.037064001
vt -0.910112977 0.178606004
vt -0.910112977 0.178606004
vt -0.906747997 0.037064001
vt -0.906747997 0.037064001
vt -0.910112977 0.178606004
vt -0.906747997 0.037064001
vt -0.90674901 0.181834996
vt -0.90674901 0.181834996
vt -0.906747997 0.037064001
vt -0.903221011 0.0352940001
vt -0.90674901 0.181834996
vt -0.903221011 0.0352940001
vt -0.903221011 0.183605999
vt -0.910112977 0.178606004
vt -0.90674901 0.181834996
vt -0.972972989 0.178606004
vt -0.972972989 0.178606004
vt -0.90674901 0.181834996
vt -0.90674901 0.181834996
vt -0.972972989 0.178606004
vt -0.90674901 0.181834996
vt -0.975080013 0.181834996
vt -0.387605995 0.975080013
vt -0.430454999 0.90674901
vt -0.428160995 0.903221011
vt -0.387605995 0.975080013
vt -0.428160995 0.903221011
vt -0.383432001 0.974551976
vt 0.390323997 0.178606004
vt 0.387605995 0.181834996
vt 0.390323997 0.040293999
vt -0.972972989 0.040293999
vt -0.975080013 0.181834996
vt -0.975080013 0.181834996
vt 0.390323997 0.040293999
vt 0.387605995 0.181834996
vt 0.387605995 0.037064001
vt 0.387605995 0.037064001
vt 0.387605995 0.181834996
vt 0.383432001 0.183605999
vt 0.387605995 0.037064001
vt 0.383432001 0.183605999
vt 0.383432001 0.0352940001
vt 0.444501996 0.265403003
vt 0.441459 0.269313008
vt 0.446859986 0.261045992
vt 0.446859986 0.261045992
vt 0.441459 0.269313008
vt 0.437815011 0.272668988
vt 0.446859986 0.261045992
vt 0.437815011 0.272668988
vt 0.448469013 0.256359011
vt 0.448469013 0.256359011
vt 0.437815011 0.272668988
vt 0.433667004 0.275379002
vt 0.448469013 0.256359011
vt 0.433667004 0.275379002
vt 0.449283987 0.251471996
vt 0.449283987 0.251471996
vt 0.433667004 0.275379002
vt 0.429129988 0.277368993
vt 0.449283987 0.251471996
vt 0.429129988 0.277368993
vt 0.449283987 0.246517003
vt 0.449283987 0.246517003
vt 0.429129988 0.277368993
vt 0.424327999 0.278586
vt 0.449283987 0.246517003
vt 0.424327999 0.278586
vt 0.448469013 0.241630003
vt 0.448469013 0.241630003
vt 0.424327999 0.278586
vt 0.419391006 0.278995007
vt 0.448469013 0.241630003
vt 0.419391006 0.278995007
vt 0.446859986 0.236944005
vt 0.446859986 0.236944005
vt 0.419391006 0.278995007
vt 0.414454013 0.278586
vt 0.446859986 0.236944005
vt 0.414454013 0.278586
vt 0.444501996 0.232585996
vt 0.444501996 0.232585996
vt 0.414454013 0.278586
vt 0.409651011 0.277368993
vt 0.444501996 0.232585996
vt 0.409651011 0.277368993
vt 0.441459 0.228676006
vt 0.441459 0.228676006
vt 0.409651011 0.277368993
vt 0.405113995 0.275379002
vt 0.441459 0.228676006
vt 0.405113995 0.275379002
vt 0.437815011 0.225319996
vt 0.437815011 0.225319996
vt 0.405113995 0.275379002
vt 0.400967002 0.272668988
vt 0.437815011 0.225319996
vt 0.400967002 0.272668988
vt 0.433667004 0.222609997
vt 0.433667004 0.222609997
vt 0.400967002 0.272668988
vt 0.397321999 0.269313008
vt 0.433667004 0.222609997
vt 0.397321999 0.269313008
vt 0.429129988 0.220620006
vt 0.429129988 0.220620006
vt 0.397321999 0.269313008
vt 0.394279003 0.265403003
vt 0.429129988 0.220620006
vt 0.394279003 0.265403003
vt 0.424327999 0.219403997
vt 0.424327999 0.219403997
vt 0.394279003 0.265403003
vt 0.391921014 0.261045992
vt 0.424327999 0.219403997
vt 0.391921014 0.261045992
vt 0.419391006 0.218995005
vt 0.419391006 0.218995005
vt 0.391921014 0.261045992
vt 0.390312999 0.256359011
vt 0.419391006 0.218995005
vt 0.390312999 0.256359011
vt 0.414454013 0.219403997
vt 0.414454013 0.219403997
vt 0.390312999 0.256359011
vt 0.389497012 0.251471996
vt 0.414454013 0.219403997
vt 0.389497012 0.251471996
vt 0.409651011 0.220620006
vt 0.409651011 0.220620006
vt 0.389497012 0.251471996
vt 0.389497012 0.246517003
vt 0.409651011 0.220620006
vt 0.389497012 0.246517003
vt 0.405113995 0.222609997
vt 0.405113995 0.222609997
vt 0.389497012 0.246517003
vt 0.390312999 0.241630003
vt 0.405113995 0.222609997
vt 0.390312999 0.241630003
vt 0.400967002 0.225319996
vt 0.400967002 0.225319996
vt 0.390312999 0.241630003
vt 0.391921014 0.236944005
vt 0.400967002 0.225319996
vt 0.391921014 0.236944005
vt 0.397321999 0.228676006
vt 0.397321999 0.228676006
vt 0.391921014 0.236944005
vt 0.394279003 0.232585996
vt 0.43502301 0.273512006
vt 0.438800991 0.270352989
vt 0.452434003 0.273512989
vt 0.452434003 0.273512989
vt 0.438800991 0.270352989
vt 0.442010999 0.26662001
vt -0.184283003 0.273512989
vt -0.184110999 0.26662001
vt -0.184283003 0.273512989
vt 0.452434003 0.273512989
vt 0.442010999 0.26662001
vt 0.444566011 0.262412012
vt -0.184283003 0.273512989
vt -0.184153005 0.262412012
vt -0.184283003 0.273512989
vt 0.452434003 0.273512989
vt 0.444566011 0.262412012
vt 0.446399003 0.257842988
vt -0.184283003 0.273512989
vt -0.184183002 0.257842988
vt -0.184283003 0.273512989
vt 0.452434003 0.273512989
vt 0.446399003 0.257842988
vt 0.447459996 0.253035009
vt -0.184283003 0.273512989
vt -0.184201002 0.253035009
vt -0.184283003 0.273512989
vt 0.452434003 0.273512989
vt 0.447459996 0.253035009
vt 0.447721004 0.248118997
vt 0.452434003 0.273512989
vt 0.447721004 0.248118997
vt 0.452434003 0.223513007
vt 0.452434003 0.223513007
vt 0.447721004 0.248118997
vt 0.447174013 0.243226007
vt -0.184283003 0.223513007
vt -0.184195995 0.243226007
vt -0.184283003 0.223513007
vt 0.452434003 0.223513007
vt 0.447174013 0.243226007
vt 0.445834011 0.238488004
vt -0.184283003 0.223513007
vt -0.184174001 0.238488004
vt -0.184283003 0.223513007
vt 0.452434003 0.223513007
vt 0.445834011 0.238488004
vt 0.443737 0.234034002
vt -0.184283003 0.223513007
vt -0.184138998 0.234034002
vt -0.184283003 0.223513007
vt 0.452434003 0.223513007
vt 0.443737 0.234034002
vt 0.440939009 0.229981005
vt -0.184283003 0.223513007
vt -0.184092999 0.229981005
vt -0.184283003 0.223513007
vt 0.452434003 0.223513007
vt 0.440939009 0.229981005
vt 0.437528998 0.226450995
vt 0.452434003 0.223513007
vt 0.437528998 0.226450995
vt 0.433569014 0.223514006
vt 0.417739004 0.183708996
vt 0.419391006 0.0837230012
vt 0.422327012 0.183785006
vt 0.422327012 0.183785006
vt 0.419391006 0.0837230012
vt 0.424327999 0.0838050023
vt 0.422327012 0.183785006
vt 0.424327999 0.0838050023
vt 0.426806986 0.183859006
vt 0.426806986 0.183859006
vt 0.424327999 0.0838050023
vt 0.429129988 0.0838840008
vt 0.426806986 0.183859006
vt 0.429129988 0.0838840008
vt 0.43106401 0.183929995
vt 0.43106401 0.183929995
vt 0.429129988 0.0838840008
vt 0.433667004 0.0839589983
vt 0.43106401 0.183929995
vt 0.433667004 0.0839589983
vt 0.43502301 0.183994994
vt 0.43502301 0.183994994
vt 0.433667004 0.0839589983
vt 0.437815011 0.0840279981
vt 0.43502301 0.183994994
vt 0.437815011 0.0840279981
vt 0.438800991 0.184056997
vt 0.438800991 0.184056997
vt 0.437815011 0.0840279981
vt 0.441459 0.0840879977
vt 0.184056997 0.270352989
vt 0.0840879977 0.269313008
vt 0.184110999 0.26662001
vt 0.184110999 0.26662001
vt 0.0840879977 0.269313008
vt 0.0841379985 0.265403003
vt 0.184110999 0.26662001
vt 0.0841379985 0.265403003
vt 0.184153005 0.262412012
vt 0.184153005 0.262412012
vt 0.0841379985 0.265403003
vt 0.0841770023 0.261045992
vt 0.184153005 0.262412012
vt 0.0841770023 0.261045992
vt 0.184183002 0.257842988
vt 0.184183002 0.257842988
vt 0.0841770023 0.261045992
vt 0.0842040032 0.256359011
vt 0.184183002 0.257842988
vt 0.0842040032 0.256359011
vt 0.184201002 0.253035009
vt 0.184201002 0.253035009
vt 0.0842040032 0.256359011
vt 0.084216997 0.251471996
vt 0.184201002 0.253035009
vt 0.084216997 0.251471996
vt 0.184204996 0.248118997
vt 0.184204996 0.248118997
vt 0.084216997 0.251471996
vt 0.084216997 0.246517003
vt 0.184204996 0.248118997
vt 0.084216997 0.246517003
vt 0.184195995 0.243226007
vt 0.184195995 0.243226007
vt 0.084216997 0.246517003
vt 0.0842040032 0.241630003
vt 0.184195995 0.243226007
vt 0.0842040032 0.241630003
vt 0.184174001 0.238488004
vt 0.184174001 0.238488004
vt 0.0842040032 0.241630003
vt 0.0841770023 0.236944005
vt 0.184174001 0.238488004
vt 0.0841770023 0.236944005
vt 0.184138998 0.234034002
vt 0.184138998 0.234034002
vt 0.0841770023 0.236944005
vt 0.0841379985 0.232585996
vt 0.184138998 0.234034002
vt 0.0841379985 0.232585996
vt 0.184092999 0.229981005
vt 0.184092999 0.229981005
vt 0.0841379985 0.232585996
vt 0.0840879977 0.228676006
vt 0.184092999 0.229981005
vt 0.0840879977 0.228676006
vt 0.184036002 0.226450995
vt -0.437528998 0.184036002
vt -0.441459 0.0840879977
vt -0.437815011 0.0840279981
vt -0.437528998 0.184036002
vt -0.437815011 0.0840279981
vt -0.433569014 0.183971003
vt -0.433569014 0.183971003
vt -0.437815011 0.0840279981
vt -0.433667004 0.0839589983
vt -0.433569014 0.183971003
vt -0.433667004 0.0839589983
vt -0.432734996 0.183956996
vt -0.183956996 0.223013997
vt -0.0839589983 0.222609997
vt -0.0839589983 0.222609997
vt -0.432734996 0.183956996
vt -0.433667004 0.0839589983
vt -0.427993 0.183879003
vt -0.427993 0.183879003
vt -0.433667004 0.0839589983
vt -0.429129988 0.0838840008
vt -0.427993 0.183879003
vt -0.429129988 0.0838840008
vt -0.42294699 0.183796003
vt -0.42294699 0.183796003
vt -0.429129988 0.0838840008
vt -0.424327999 0.0838050023
vt -0.42294699 0.183796003
vt -0.424327999 0.0838050023
vt -0.417739004 0.183708996
vt -0.417739004 0.183708996
vt -0.424327999 0.0838050023
vt -0.419391006 0.0837230012
vt -0.417739004 0.278993011
vt -0.422327012 0.278640985
vt -0.413154006 0.278641999
vt -0.183633998 0.278641999
vt -0.183785006 0.278640985
vt -0.183785006 0.278640985
vt -0.413154006 0.278641999
vt -0.422327012 0.278640985
vt -0.408686012 0.277595013
vt -0.408686012 0.277595013
vt -0.422327012 0.278640985
vt -0.426806986 0.277590007
vt -0.408686012 0.277595013
vt -0.426806986 0.277590007
vt -0.404424995 0.275876999
vt -0.404424995 0.275876999
vt -0.426806986 0.277590007
vt -0.43106401 0.275871992
vt -0.404424995 0.275876999
vt -0.43106401 0.275871992
vt -0.400454998 0.273512006
vt -0.400454998 0.273512006
vt -0.43106401 0.275871992
vt -0.43502301 0.273512006
vt 0.417739004 0.183708996
vt 0.413154006 0.183633998
vt 0.419391006 0.0837230012
vt -0.0837230012 0.278995007
vt -0.183633998 0.278641999
vt -0.183633998 0.278641999
vt 0.419391006 0.0837230012
vt 0.413154006 0.183633998
vt 0.414454013 0.0836419985
vt 0.414454013 0.0836419985
vt 0.413154006 0.183633998
vt 0.408686012 0.183559999
vt 0.414454013 0.0836419985
vt 0.408686012 0.183559999
vt 0.409651011 0.0835620016
vt 0.409651011 0.0835620016
vt 0.408686012 0.183559999
vt 0.404424995 0.183488995
vt 0.409651011 0.0835620016
vt 0.404424995 0.183488995
vt 0.405113995 0.0834869966
vt 0.405113995 0.0834869966
vt 0.404424995 0.183488995
vt 0.400454998 0.183423996
vt 0.405113995 0.0834869966
vt 0.400454998 0.183423996
vt 0.400967002 0.0834190026
vt 0.400967002 0.0834190026
vt 0.400454998 0.183423996
vt 0.396692008 0.183362007
vt 0.400967002 0.0834190026
vt 0.396692008 0.183362007
vt 0.397321999 0.0833579972
vt -0.0833579972 0.269313008
vt -0.183362007 0.270368993
vt -0.183309004 0.266645014
vt -0.0833579972 0.269313008
vt -0.183309004 0.266645014
vt -0.0833079964 0.265403003
vt -0.0833079964 0.265403003
vt -0.183309004 0.266645014
vt -0.183265999 0.262439013
vt -0.0833079964 0.265403003
vt -0.183265999 0.262439013
vt -0.0832690001 0.261045992
vt -0.0832690001 0.261045992
vt -0.183265999 0.262439013
vt -0.183236003 0.257871985
vt -0.0832690001 0.261045992
vt -0.183236003 0.257871985
vt -0.0832429975 0.256359011
vt -0.0832429975 0.256359011
vt -0.183236003 0.257871985
vt -0.183218002 0.253066003
vt -0.0832429975 0.256359011
vt -0.183218002 0.253066003
vt -0.0832289979 0.251471996
vt -0.0832289979 0.251471996
vt -0.183218002 0.253066003
vt -0.183213994 0.248150006
vt -0.0832289979 0.251471996
vt -0.183213994 0.248150006
vt -0.0832289979 0.246517003
vt -0.0832289979 0.246517003
vt -0.183213994 0.248150006
vt -0.183222994 0.243257001
vt -0.0832289979 0.246517003
vt -0.183222994 0.243257001
vt -0.0832429975 0.241630003
vt -0.0832429975 0.241630003
vt -0.183222994 0.243257001
vt -0.183245003 0.238518998
vt -0.0832429975 0.241630003
vt -0.183245003 0.238518998
vt -0.0832690001 0.236944005
vt -0.0832690001 0.236944005
vt -0.183245003 0.238518998
vt -0.183280006 0.234062001
vt -0.0832690001 0.236944005
vt -0.183280006 0.234062001
vt -0.0833079964 0.232585996
vt -0.0833079964 0.232585996
vt -0.183280006 0.234062001
vt -0.183326006 0.230008006
vt -0.0833079964 0.232585996
vt -0.183326006 0.230008006
vt -0.0833579972 0.228676006
vt -0.0833579972 0.228676006
vt -0.183326006 0.230008006
vt -0.183382004 0.226465002
vt -0.397321999 0.0833579972
vt -0.397933006 0.183382004
vt -0.400967002 0.0834190026
vt -0.400967002 0.0834190026
vt -0.397933006 0.183382004
vt -0.401908994 0.183448002
vt -0.400967002 0.0834190026
vt -0.401908994 0.183448002
vt -0.405113995 0.0834869966
vt -0.405113995 0.0834869966
vt -0.401908994 0.183448002
vt -0.402743012 0.183461994
vt -0.0834869966 0.222609997
vt -0.183461994 0.223014995
vt -0.0834869966 0.222609997
vt -0.405113995 0.0834869966
vt -0.402743012 0.183461994
vt -0.407469988 0.183540002
vt -0.405113995 0.0834869966
vt -0.407469988 0.183540002
vt -0.409651011 0.0835620016
vt -0.409651011 0.0835620016
vt -0.407469988 0.183540002
vt -0.412519991 0.183623001
vt -0.409651011 0.0835620016
vt -0.412519991 0.183623001
vt -0.414454013 0.0836419985
vt -0.414454013 0.0836419985
vt -0.412519991 0.183623001
vt -0.417739004 0.183708996
vt -0.414454013 0.0836419985
vt -0.417739004 0.183708996
vt -0.419391006 0.0837230012
vt -0.354261994 1.02107
vt -0.458274007 0.855198979
vt 0.43789199 1.03415799
vt 0.43789199 1.03415799
vt -0.458274007 0.855198979
vt 0.402743012 0.183461994
vt -1.03415799 0.223012999
vt -0.183461994 0.223014995
vt -1.03415799 0.223012999
vt 0.43789199 1.03415799
vt 0.402743012 0.183461994
vt 0.432734996 0.183956996
vt 0.43789199 1.03415799
vt 0.432734996 0.183956996
vt 0.45193401 0.184274003
vt 0.402743012 0.183461994
vt -0.458274007 0.855198979
vt -0.415118009 0.169947997
vt -0.415118009 0.169947997
vt -0.458274007 0.855198979
vt -0.446943015 0.169422001
vt -0.432734996 0.223013997
vt -0.402743012 0.223014995
vt -0.433569014 0.223514006
vt -0.433569014 0.223514006
vt -0.402743012 0.223014995
vt -0.401908994 0.223515004
vt 0.184283003 0.273512989
vt 0.184283003 0.223513007
vt 1.03416705 0.273512989
vt 1.03416705 0.273512989
vt 0.184283003 0.223513007
vt 1.03416705 0.223513007
vt 0.452434003 0.184283003
vt 0.438392013 1.03416705
vt 0.43502301 0.183994994
vt -0.183994994 0.273512006
vt -1.03416705 0.273512989
vt -1.03416705 0.273512989
vt 0.43502301 0.183994994
vt 0.438392013 1.03416705
vt 0.400454998 0.183423996
vt 0.400454998 0.183423996
vt 0.438392013 1.03416705
vt -0.461486012 1.01929796
vt 0.400454998 0.183423996
vt -0.461486012 1.01929796
vt -0.420675009 0.169855997
vt -0.169855997 0.273512006
vt -1.01929796 0.273512989
vt -1.01929796 0.273512989
vt -0.420675009 0.169855997
vt -0.461486012 1.01929796
vt -0.446841002 0.169423997
vt -0.446841002 0.169423997
vt -0.461486012 1.01929796
vt -0.447443008 0.169413999
vt -0.452434003 0.184283003
vt -0.433569014 0.183971003
vt -0.438392013 1.03416705
vt -0.438392013 1.03416705
vt -0.433569014 0.183971003
vt -0.401908994 0.183448002
vt -0.438392013 1.03416705
vt -0.401908994 0.183448002
vt 0.461486012 1.01929796
vt 0.461486012 1.01929796
vt -0.401908994 0.183448002
vt 0.414505005 0.169957995
vt 0.461486012 1.01929796
vt 0.414505005 0.169957995
vt 0.447443008 0.169413999
vt -0.438392013 0.223513007
vt 0.461486012 0.223513007
vt -0.438392013 0.273512989
vt -0.438392013 0.273512989
vt 0.461486012 0.223513007
vt 0.461486012 0.273512989
vt 0.414505005 0.223514006
vt 0.415118009 0.223013997
vt 0.447443008 0.223513007
vt 0.447443008 0.223513007
vt 0.415118009 0.223013997
vt 0.446943015 0.223012999
vt 0.447443008 0.223513007
vt 0.446943015 0.223012999
vt 0.451021999 0.221984997
vt 0.451021999 0.221984997
vt 0.446943015 0.223012999
vt 0.446943015 0.219571993
vt 0.451021999 0.221984997
vt 0.454667985 0.225008994
vt 0.447443008 0.223513007
vt 0.447443008 0.223513007
vt 0.454667985 0.225008994
vt 0.457792997 0.228569999
vt -0.169413999 0.223513007
vt -0.169242993 0.228569999
vt -0.169413999 0.223513007
vt 0.447443008 0.223513007
vt 0.457792997 0.228569999
vt 0.460319012 0.232577994
vt -0.169413999 0.223513007
vt -0.169201002 0.232577994
vt -0.169413999 0.223513007
vt 0.447443008 0.223513007
vt 0.460319012 0.232577994
vt 0.462181002 0.236934006
vt -0.169413999 0.223513007
vt -0.169171005 0.236934006
vt -0.169413999 0.223513007
vt 0.447443008 0.223513007
vt 0.462181002 0.236934006
vt 0.463335007 0.241528004
vt -0.169413999 0.223513007
vt -0.169152007 0.241528004
vt -0.169413999 0.223513007
vt 0.447443008 0.223513007
vt 0.463335007 0.241528004
vt 0.463752002 0.246246994
vt -0.169413999 0.223513007
vt -0.169145003 0.246246994
vt -0.169413999 0.223513007
vt 0.447443008 0.223513007
vt 0.463752002 0.246246994
vt 0.463420987 0.250972003
vt -0.169413999 0.223513007
vt -0.169149995 0.250972003
vt -0.169413999 0.223513007
vt 0.447443008 0.223513007
vt 0.463420987 0.250972003
vt 0.462350011 0.255585998
vt -0.169413999 0.223513007
vt -0.169167995 0.255585998
vt -0.169413999 0.223513007
vt 0.447443008 0.223513007
vt 0.462350011 0.255585998
vt 0.460566014 0.259974986
vt -0.169413999 0.223513007
vt -0.169196993 0.259974986
vt -0.169413999 0.223513007
vt 0.447443008 0.223513007
vt 0.460566014 0.259974986
vt 0.458113015 0.264028996
vt -0.169413999 0.223513007
vt -0.169238001 0.264028996
vt -0.169413999 0.223513007
vt 0.447443008 0.223513007
vt 0.458113015 0.264028996
vt 0.455051988 0.267646015
vt -0.169413999 0.223513007
vt -0.169287995 0.267646015
vt -0.169413999 0.223513007
vt 0.447443008 0.223513007
vt 0.455051988 0.267646015
vt 0.451463014 0.270732999
vt 0.447443008 0.223513007
vt 0.451463014 0.270732999
vt 0.447443008 0.273211986
vt -0.169422001 0.223012999
vt -0.855198979 0.223012999
vt -0.169422001 0.219571993
vt -0.169422001 0.219571993
vt -0.855198979 0.223012999
vt -0.544727981 -0.183106005
vt -0.169422001 0.219571993
vt -0.544727981 -0.183106005
vt -0.169422001 0.219571993
vt -0.169422001 0.219571993
vt -0.544727981 -0.183106005
vt -0.539942026 -0.184058994
vt -0.169422001 0.219571993
vt -0.539942026 -0.184058994
vt -0.169422001 -0.225103006
vt -0.169422001 -0.225103006
vt -0.539942026 -0.184058994
vt -0.53588903 -0.186768994
vt -0.169422001 -0.225103006
vt -0.53588903 -0.186768994
vt -0.169422001 -0.225103006
vt -0.169422001 -0.225103006
vt -0.53588903 -0.186768994
vt -0.533179998 -0.190824002
vt -0.169422001 -0.225103006
vt -0.533179998 -0.190824002
vt -0.169422001 -0.225103006
vt -0.169422001 -0.225103006
vt -0.533179998 -0.190824002
vt -0.53223002 -0.195609003
vt -0.169422001 -0.225103006
vt -0.53223002 -0.195609003
vt -0.169422001 -0.225103006
vt -0.169422001 -0.225103006
vt -0.53223002 -0.195609003
vt -0.533181012 -0.200389996
vt -0.169422001 -0.225103006
vt -0.533181012 -0.200389996
vt -0.169422001 -0.225987002
vt -0.169422001 -0.225987002
vt -0.533181012 -0.200389996
vt -0.535893023 -0.204447001
vt -0.169422001 -0.225987002
vt -0.535893023 -0.204447001
vt -0.169422001 -0.225987002
vt -0.169422001 -0.225987002
vt -0.535893023 -0.204447001
vt -0.539947987 -0.207155004
vt -0.169422001 -0.225987002
vt -0.539947987 -0.207155004
vt -0.169422001 -0.225987002
vt -0.169422001 -0.225987002
vt -0.539947987 -0.207155004
vt -0.544727981 -0.208105996
vt -0.169422001 -0.225987002
vt -0.544727981 -0.208105996
vt -0.855198979 -0.225987002
vt -0.855198979 -0.225987002
vt -0.544727981 -0.208105996
vt -0.549513996 -0.207153007
vt -0.855198979 -0.225987002
vt -0.549513996 -0.207153007
vt -0.855198979 -0.225987002
vt -0.855198979 -0.225987002
vt -0.549513996 -0.207153007
vt -0.553566992 -0.204442993
vt -0.855198979 -0.225987002
vt -0.553566992 -0.204442993
vt -0.855198979 -0.225987002
vt -0.855198979 -0.225987002
vt -0.553566992 -0.204442993
vt -0.55627501 -0.200387001
vt -0.855198979 -0.225987002
vt -0.55627501 -0.200387001
vt -0.855198979 -0.225987002
vt -0.855198979 -0.225987002
vt -0.55627501 -0.200387001
vt -0.557226002 -0.195602
vt -0.855198979 -0.225987002
vt -0.557226002 -0.195602
vt -0.855198979 -0.225987002
vt -0.855198979 -0.225987002
vt -0.557226002 -0.195602
vt -0.556273997 -0.190821007
vt -0.855198979 -0.225987002
vt -0.556273997 -0.190821007
vt -0.855198979 -0.225987002
vt -0.855198979 -0.225987002
vt -0.556273997 -0.190821007
vt -0.553562999 -0.186765
vt -0.855198979 -0.225987002
vt -0.553562999 -0.186765
vt -0.855198979 -0.225987002
vt -0.855198979 -0.225987002
vt -0.553562999 -0.186765
vt -0.549507976 -0.184055999
vt -0.855198979 -0.225987002
vt -0.549507976 -0.184055999
vt -0.855198979 0.223012999
vt -0.855198979 0.223012999
vt -0.549507976 -0.184055999
vt -0.544727981 -0.183106005
vt -0.415118009 0.223013997
vt -0.419301003 0.220231995
vt 0.402743012 0.223014995
vt 0.402743012 0.223014995
vt -0.419301003 0.220231995
vt -0.418550014 -0.220799997
vt 0.402743012 0.223014995
vt -0.418550014 -0.220799997
vt 0.407469988 0.220807999
vt 0.407469988 0.220807999
vt -0.418550014 -0.220799997
vt 0.400485992 -0.220144004
vt -0.183540002 0.220807999
vt -0.183423996 -0.220144004
vt -0.183540002 0.220807999
vt 0.407469988 0.220807999
vt 0.400485992 -0.220144004
vt 0.404945999 -0.218232006
vt 0.407469988 0.220807999
vt 0.404945999 -0.218232006
vt 0.412519991 0.219453007
vt 0.412519991 0.219453007
vt 0.404945999 -0.218232006
vt 0.409655005 -0.217065006
vt 0.412519991 0.219453007
vt 0.409655005 -0.217065006
vt 0.417739004 0.218995005
vt 0.417739004 0.218995005
vt 0.409655005 -0.217065006
vt 0.414494008 -0.216672003
vt -0.183708996 0.218995005
vt -0.183656007 -0.216672003
vt -0.183708996 0.218995005
vt 0.417739004 0.218995005
vt 0.414494008 -0.216672003
vt 0.419335008 -0.217065006
vt 0.417739004 0.218995005
vt 0.419335008 -0.217065006
vt 0.42294699 0.219449997
vt 0.42294699 0.219449997
vt 0.419335008 -0.217065006
vt 0.45193401 0.223012999
vt 0.42294699 0.219449997
vt 0.45193401 0.223012999
vt 0.427993 0.220804006
vt 0.427993 0.220804006
vt 0.45193401 0.223012999
vt 0.432734996 0.223013997
vt 0.419335008 -0.217065006
vt 0.42404899 -0.218235001
vt 0.45193401 0.223012999
vt -0.184274003 0.223012999
vt -0.183814004 -0.218235001
vt -0.183814004 -0.218235001
vt 0.45193401 0.223012999
vt 0.42404899 -0.218235001
vt 0.45193401 -0.225987002
vt 0.45193401 -0.225987002
vt 0.42404899 -0.218235001
vt 0.428512007 -0.220149994
vt -0.184274003 -0.225987002
vt -0.183887005 -0.220149994
vt -0.184274003 -0.225987002
vt 0.45193401 -0.225987002
vt 0.428512007 -0.220149994
vt 0.432603002 -0.222755998
vt 0.45193401 -0.225987002
vt 0.432603002 -0.222755998
vt 0.436219007 -0.225987002
vt -0.418550014 -0.220799997
vt -0.413821995 -0.223001003
vt 0.400485992 -0.220144004
vt -0.183423996 -0.220144004
vt -0.169970006 -0.223001003
vt -0.169970006 -0.223001003
vt 0.400485992 -0.220144004
vt -0.413821995 -0.223001003
vt 0.396391988 -0.222751006
vt 0.396391988 -0.222751006
vt -0.413821995 -0.223001003
vt -0.409550011 -0.225988001
vt 0.396391988 -0.222751006
vt -0.409550011 -0.225988001
vt 0.392767996 -0.225987002
vt -0.419301003 0.220231995
vt -0.423889011 0.218188003
vt -0.418550014 -0.220799997
vt -0.169891998 -0.220799997
vt -0.169802994 0.218188003
vt -0.169802994 0.218188003
vt -0.418550014 -0.220799997
vt -0.423889011 0.218188003
vt -0.423595995 -0.219448999
vt -0.423595995 -0.219448999
vt -0.423889011 0.218188003
vt -0.428750008 0.216938004
vt -0.423595995 -0.219448999
vt -0.428750008 0.216938004
vt -0.428799987 -0.218994007
vt -0.428799987 -0.218994007
vt -0.428750008 0.216938004
vt -0.433757991 0.216518
vt -0.428799987 -0.218994007
vt -0.433757991 0.216518
vt -0.433649004 -0.219387993
vt -0.433649004 -0.219387993
vt -0.433757991 0.216518
vt -0.438291997 0.216861993
vt -0.169642001 -0.219387993
vt -0.169565007 0.216861993
vt -0.169642001 -0.219387993
vt -0.433649004 -0.219387993
vt -0.438291997 0.216861993
vt -0.442712992 0.217885002
vt -0.433649004 -0.219387993
vt -0.442712992 0.217885002
vt -0.438369006 -0.220560998
vt -0.438369006 -0.220560998
vt -0.442712992 0.217885002
vt -0.446943015 0.219571993
vt -0.438369006 -0.220560998
vt -0.446943015 0.219571993
vt -0.442837 -0.222480997
vt -0.442837 -0.222480997
vt -0.446943015 0.219571993
vt -0.446943015 -0.225103006
vt 0.432105988 0.0696540028
vt 0.433757991 0.169640005
vt 0.427168995 0.069734998
vt 0.427168995 0.069734998
vt 0.433757991 0.169640005
vt 0.428750008 0.169723004
vt 0.427168995 0.069734998
vt 0.428750008 0.169723004
vt 0.422365993 0.0698150024
vt 0.422365993 0.0698150024
vt 0.428750008 0.169723004
vt 0.423889011 0.169802994
vt 0.422365993 0.0698150024
vt 0.423889011 0.169802994
vt 0.41782999 0.0698899999
vt 0.41782999 0.0698899999
vt 0.423889011 0.169802994
vt 0.419301003 0.169879004
vt 0.41782999 0.0698899999
vt 0.419301003 0.169879004
vt 0.413682014 0.0699580014
vt 0.413682014 0.0699580014
vt 0.419301003 0.169879004
vt 0.415118009 0.169947997
vt -0.0699580014 0.222843006
vt -0.169947997 0.223013997
vt -0.0699580014 0.222843006
vt 0.413682014 0.0699580014
vt 0.415118009 0.169947997
vt 0.414505005 0.169957995
vt 0.413682014 0.0699580014
vt 0.414505005 0.169957995
vt 0.410037011 0.0700189993
vt 0.410037011 0.0700189993
vt 0.414505005 0.169957995
vt 0.410959005 0.170017004
vt 0.0700189993 0.226199001
vt 0.170017004 0.227022007
vt 0.0700690001 0.230109006
vt 0.0700690001 0.230109006
vt 0.170017004 0.227022007
vt 0.170065001 0.23105
vt 0.0700690001 0.230109006
vt 0.170065001 0.23105
vt 0.0701079965 0.234466001
vt 0.0701079965 0.234466001
vt 0.170065001 0.23105
vt 0.170101002 0.235514
vt 0.0701079965 0.234466001
vt 0.170101002 0.235514
vt 0.070133999 0.239152998
vt 0.070133999 0.239152998
vt 0.170101002 0.235514
vt 0.170124993 0.240280002
vt 0.070133999 0.239152998
vt 0.170124993 0.240280002
vt 0.0701479986 0.244039997
vt 0.0701479986 0.244039997
vt 0.170124993 0.240280002
vt 0.170135006 0.245217994
vt 0.0701479986 0.244039997
vt 0.170135006 0.245217994
vt 0.0701479986 0.248993993
vt 0.0701479986 0.248993993
vt 0.170135006 0.245217994
vt 0.170131996 0.250191003
vt 0.0701479986 0.248993993
vt 0.170131996 0.250191003
vt 0.070133999 0.253881991
vt 0.070133999 0.253881991
vt 0.170131996 0.250191003
vt 0.170114994 0.255062997
vt 0.070133999 0.253881991
vt 0.170114994 0.255062997
vt 0.0701079965 0.258567989
vt 0.0701079965 0.258567989
vt 0.170114994 0.255062997
vt 0.170084998 0.2597
vt 0.0701079965 0.258567989
vt 0.170084998 0.2597
vt 0.0700690001 0.262926012
vt 0.0700690001 0.262926012
vt 0.170084998 0.2597
vt 0.170043007 0.263974011
vt 0.0700690001 0.262926012
vt 0.170043007 0.263974011
vt 0.0700189993 0.266835988
vt 0.0700189993 0.266835988
vt 0.170043007 0.263974011
vt 0.169990003 0.267767996
vt -0.410037011 0.0700189993
vt -0.412586987 0.169990003
vt -0.413682014 0.0699580014
vt -0.413682014 0.0699580014
vt -0.412586987 0.169990003
vt -0.416390985 0.169927001
vt -0.413682014 0.0699580014
vt -0.416390985 0.169927001
vt -0.41782999 0.0698899999
vt -0.41782999 0.0698899999
vt -0.416390985 0.169927001
vt -0.420675009 0.169855997
vt -0.41782999 0.0698899999
vt -0.420675009 0.169855997
vt -0.422365993 0.0698150024
vt -0.422365993 0.0698150024
vt -0.420675009 0.169855997
vt -0.424874991 0.169787005
vt -0.422365993 0.0698150024
vt -0.424874991 0.169787005
vt -0.427168995 0.069734998
vt -0.427168995 0.069734998
vt -0.424874991 0.169787005
vt -0.429260999 0.169715002
vt -0.427168995 0.069734998
vt -0.429260999 0.169715002
vt -0.432105988 0.0696540028
vt -0.432105988 0.0696540028
vt -0.429260999 0.169715002
vt -0.433757991 0.169640005
vt 0.433757991 0.169640005
vt 0.432105988 0.0696540028
vt 0.438291997 0.169565007
vt 0.438291997 0.169565007
vt 0.432105988 0.0696540028
vt 0.437043011 0.0695720017
vt 0.438291997 0.169565007
vt 0.437043011 0.0695720017
vt 0.442712992 0.169492006
vt 0.442712992 0.169492006
vt 0.437043011 0.0695720017
vt 0.441846013 0.0694930032
vt 0.442712992 0.169492006
vt 0.441846013 0.0694930032
vt 0.446943015 0.169422001
vt 0.446943015 0.169422001
vt 0.441846013 0.0694930032
vt 0.446382999 0.0694179982
vt 0.446943015 0.169422001
vt 0.446382999 0.0694179982
vt 0.451021999 0.169355005
vt 0.451021999 0.169355005
vt 0.446382999 0.0694179982
vt 0.450529993 0.0693489984
vt 0.451021999 0.169355005
vt 0.450529993 0.0693489984
vt 0.454667985 0.169294998
vt 0.454667985 0.169294998
vt 0.450529993 0.0693489984
vt 0.454174995 0.0692889988
vt -0.169294998 0.225008994
vt -0.0692889988 0.226199001
vt -0.169242993 0.228569999
vt -0.169242993 0.228569999
vt -0.0692889988 0.226199001
vt -0.069238998 0.230109006
vt -0.169242993 0.228569999
vt -0.069238998 0.230109006
vt -0.169201002 0.232577994
vt -0.169201002 0.232577994
vt -0.069238998 0.230109006
vt -0.0692000017 0.234466001
vt -0.169201002 0.232577994
vt -0.0692000017 0.234466001
vt -0.169171005 0.236934006
vt -0.169171005 0.236934006
vt -0.0692000017 0.234466001
vt -0.0691730008 0.239152998
vt -0.169171005 0.236934006
vt -0.0691730008 0.239152998
vt -0.169152007 0.241528004
vt -0.169152007 0.241528004
vt -0.0691730008 0.239152998
vt -0.0691599995 0.244039997
vt -0.169152007 0.241528004
vt -0.0691599995 0.244039997
vt -0.169145003 0.246246994
vt -0.169145003 0.246246994
vt -0.0691599995 0.244039997
vt -0.0691599995 0.248993993
vt -0.169145003 0.246246994
vt -0.0691599995 0.248993993
vt -0.169149995 0.250972003
vt -0.169149995 0.250972003
vt -0.0691599995 0.248993993
vt -0.0691730008 0.253881991
vt -0.169149995 0.250972003
vt -0.0691730008 0.253881991
vt -0.169167995 0.255585998
vt -0.169167995 0.255585998
vt -0.0691730008 0.253881991
vt -0.0692000017 0.258567989
vt -0.169167995 0.255585998
vt -0.0692000017 0.258567989
vt -0.169196993 0.259974986
vt -0.169196993 0.259974986
vt -0.0692000017 0.258567989
vt -0.069238998 0.262926012
vt -0.169196993 0.259974986
vt -0.069238998 0.262926012
vt -0.169238001 0.264028996
vt -0.169238001 0.264028996
vt -0.069238998 0.262926012
vt -0.0692889988 0.266835988
vt -0.169238001 0.264028996
vt -0.0692889988 0.266835988
vt -0.169287995 0.267646015
vt -0.455051988 0.169287995
vt -0.454174995 0.0692889988
vt -0.450529993 0.0693489984
vt -0.455051988 0.169287995
vt -0.450529993 0.0693489984
vt -0.451463014 0.169348001
vt -0.451463014 0.169348001
vt -0.450529993 0.0693489984
vt -0.446382999 0.0694179982
vt -0.451463014 0.169348001
vt -0.446382999 0.0694179982
vt -0.447443008 0.169413999
vt -0.169413999 0.273211986
vt -0.0694179982 0.272900999
vt -0.0694179982 0.272900999
vt -0.447443008 0.169413999
vt -0.446382999 0.0694179982
vt -0.446841002 0.169423997
vt -0.446841002 0.169423997
vt -0.446382999 0.0694179982
vt -0.441846013 0.0694930032
vt -0.446841002 0.169423997
vt -0.441846013 0.0694930032
vt -0.442633986 0.169494003
vt -0.442633986 0.169494003
vt -0.441846013 0.0694930032
vt -0.437043011 0.0695720017
vt -0.442633986 0.169494003
vt -0.437043011 0.0695720017
vt -0.438252002 0.169566005
vt -0.438252002 0.169566005
vt -0.437043011 0.0695720017
vt -0.432105988 0.0696540028
vt -0.438252002 0.169566005
vt -0.432105988 0.0696540028
vt -0.433757991 0.169640005
vt -0.457217991 0.230109006
vt -0.454174995 0.226199001
vt -0.459576011 0.234466001
vt -0.459576011 0.234466001
vt -0.454174995 0.226199001
vt -0.450529993 0.222843006
vt -0.459576011 0.234466001
vt -0.450529993 0.222843006
vt -0.461183995 0.239152998
vt -0.461183995 0.239152998
vt -0.450529993 0.222843006
vt -0.446382999 0.220133007
vt -0.461183995 0.239152998
vt -0.446382999 0.220133007
vt -0.462000012 0.244039997
vt -0.462000012 0.244039997
vt -0.446382999 0.220133007
vt -0.441846013 0.218143001
vt -0.462000012 0.244039997
vt -0.441846013 0.218143001
vt -0.462000012 0.248993993
vt -0.462000012 0.248993993
vt -0.441846013 0.218143001
vt -0.437043011 0.216925994
vt -0.462000012 0.248993993
vt -0.437043011 0.216925994
vt -0.461183995 0.253881991
vt -0.461183995 0.253881991
vt -0.437043011 0.216925994
vt -0.432105988 0.216517001
vt -0.461183995 0.253881991
vt -0.432105988 0.216517001
vt -0.459576011 0.258567989
vt -0.459576011 0.258567989
vt -0.432105988 0.216517001
vt -0.427168995 0.216925994
vt -0.459576011 0.258567989
vt -0.427168995 0.216925994
vt -0.457217991 0.262926012
vt -0.457217991 0.262926012
vt -0.427168995 0.216925994
vt -0.422365993 0.218143001
vt -0.457217991 0.262926012
vt -0.422365993 0.218143001
vt -0.454174995 0.266835988
vt -0.454174995 0.266835988
vt -0.422365993 0.218143001
vt -0.41782999 0.220133007
vt -0.454174995 0.266835988
vt -0.41782999 0.220133007
vt -0.450529993 0.270191014
vt -0.450529993 0.270191014
vt -0.41782999 0.220133007
vt -0.413682014 0.222843006
vt -0.450529993 0.270191014
vt -0.413682014 0.222843006
vt -0.446382999 0.272900999
vt -0.446382999 0.272900999
vt -0.413682014 0.222843006
vt -0.410037011 0.226199001
vt -0.446382999 0.272900999
vt -0.410037011 0.226199001
vt -0.441846013 0.274892002
vt -0.441846013 0.274892002
vt -0.410037011 0.226199001
vt -0.406994998 0.230109006
vt -0.441846013 0.274892002
vt -0.406994998 0.230109006
vt -0.437043011 0.276107997
vt -0.437043011 0.276107997
vt -0.406994998 0.230109006
vt -0.404637009 0.234466001
vt -0.437043011 0.276107997
vt -0.404637009 0.234466001
vt -0.432105988 0.276517004
vt -0.432105988 0.276517004
vt -0.404637009 0.234466001
vt -0.403028011 0.239152998
vt -0.432105988 0.276517004
vt -0.403028011 0.239152998
vt -0.427168995 0.276107997
vt -0.427168995 0.276107997
vt -0.403028011 0.239152998
vt -0.402213007 0.244039997
vt -0.427168995 0.276107997
vt -0.402213007 0.244039997
vt -0.422365993 0.274892002
vt -0.422365993 0.274892002
vt -0.402213007 0.244039997
vt -0.402213007 0.248993993
vt -0.422365993 0.274892002
vt -0.402213007 0.248993993
vt -0.41782999 0.272900999
vt -0.41782999 0.272900999
vt -0.402213007 0.248993993
vt -0.403028011 0.253881991
vt -0.41782999 0.272900999
vt -0.403028011 0.253881991
vt -0.413682014 0.270191014
vt -0.413682014 0.270191014
vt -0.403028011 0.253881991
vt -0.404637009 0.258567989
vt -0.413682014 0.270191014
vt -0.404637009 0.258567989
vt -0.410037011 0.266835988
vt -0.410037011 0.266835988
vt -0.404637009 0.258567989
vt -0.406994998 0.262926012
vt -0.169413999 0.223513007
vt -0.169413999 0.273211986
vt -1.01929796 0.223513007
vt -1.01929796 0.223513007
vt -0.169413999 0.273211986
vt -1.01929796 0.273512989
vt 0.446943015 0.169422001
vt 0.458274007 0.855198979
vt 0.409550011 0.170039997
vt -0.170039997 -0.225988001
vt -0.855198979 -0.225987002
vt -0.855198979 -0.225987002
vt 0.409550011 0.170039997
vt 0.458274007 0.855198979
vt -0.392767996 0.183296993
vt -0.392767996 0.183296993
vt 0.458274007 0.855198979
vt -0.43789199 1.03415799
vt -0.392767996 0.183296993
vt -0.43789199 1.03415799
vt -0.436219007 0.184015006
vt -0.436219007 0.184015006
vt -0.43789199 1.03415799
vt -0.45193401 0.184274003
vt -0.43789199 1.03415799
vt 0.458274007 0.855198979
vt 0.354261994 1.02107
vt 0.401908994 0.223515004
vt 0.397933006 0.226465002
vt -0.414505005 0.223514006
vt -0.169957995 0.223514006
vt -0.183382004 0.226465002
vt -0.183382004 0.226465002
vt -0.414505005 0.223514006
vt 0.397933006 0.226465002
vt -0.410959005 0.227022007
vt -0.410959005 0.227022007
vt 0.397933006 0.226465002
vt 0.394515991 0.230008006
vt -0.410959005 0.227022007
vt 0.394515991 0.230008006
vt -0.408057004 0.23105
vt -0.408057004 0.23105
vt 0.394515991 0.230008006
vt 0.39172399 0.234062001
vt -0.408057004 0.23105
vt 0.39172399 0.234062001
vt -0.405853987 0.235514
vt -0.405853987 0.235514
vt 0.39172399 0.234062001
vt 0.389631987 0.238518998
vt -0.405853987 0.235514
vt 0.389631987 0.238518998
vt -0.404419005 0.240280002
vt -0.404419005 0.240280002
vt 0.389631987 0.238518998
vt 0.388296992 0.243257001
vt -0.404419005 0.240280002
vt 0.388296992 0.243257001
vt -0.40379101 0.245217994
vt -0.40379101 0.245217994
vt 0.388296992 0.243257001
vt 0.38775599 0.248150006
vt -0.40379101 0.245217994
vt 0.38775599 0.248150006
vt -0.403988987 0.250191003
vt -0.403988987 0.250191003
vt 0.38775599 0.248150006
vt 0.388020992 0.253066003
vt -0.403988987 0.250191003
vt 0.388020992 0.253066003
vt -0.405005991 0.255062997
vt -0.405005991 0.255062997
vt 0.388020992 0.253066003
vt 0.389086992 0.257871985
vt -0.405005991 0.255062997
vt 0.389086992 0.257871985
vt -0.406814992 0.2597
vt -0.406814992 0.2597
vt 0.389086992 0.257871985
vt 0.39092499 0.262439013
vt -0.406814992 0.2597
vt 0.39092499 0.262439013
vt -0.409364998 0.263974011
vt -0.409364998 0.263974011
vt 0.39092499 0.262439013
vt 0.39348501 0.266645014
vt -0.409364998 0.263974011
vt 0.39348501 0.266645014
vt -0.412586987 0.267767996
vt -0.412586987 0.267767996
vt 0.39348501 0.266645014
vt 0.396692008 0.270368993
vt -0.412586987 0.267767996
vt 0.396692008 0.270368993
vt -0.416390985 0.270976007
vt -0.416390985 0.270976007
vt 0.396692008 0.270368993
vt 0.400454998 0.273512006
vt -0.416390985 0.270976007
vt 0.400454998 0.273512006
vt -0.420675009 0.273512006
vt 0.433757991 0.27651599
vt 0.429260999 0.276178002
vt 0.438252002 0.276178986
vt -0.169566005 0.276178986
vt -0.169715002 0.276178002
vt -0.169715002 0.276178002
vt 0.438252002 0.276178986
vt 0.429260999 0.276178002
vt 0.442633986 0.275173008
vt 0.442633986 0.275173008
vt 0.429260999 0.276178002
vt 0.424874991 0.275171995
vt 0.442633986 0.275173008
vt 0.424874991 0.275171995
vt 0.446841002 0.273512006
vt 0.446841002 0.273512006
vt 0.424874991 0.275171995
vt 0.420675009 0.273512006
vt 1.03415799 0.223012999
vt 0.184274003 0.223012999
vt 1.03415799 -0.225987002
vt 1.03415799 -0.225987002
vt 0.184274003 0.223012999
vt 0.184274003 -0.225987002
vt -0.169413999 -0.276486993
vt -0.169413999 -0.272496015
vt -1.01929796 -0.276486993
vt -1.01929796 -0.276486993
vt -0.169413999 -0.272496015
vt -0.169413999 -0.272496015
vt -1.01929796 -0.276486993
vt -0.169413999 -0.272496015
vt -1.01929796 -0.226486996
vt -1.01929796 -0.226486996
vt -0.169413999 -0.272496015
vt -0.169413999 -0.226486996
vt 0.447443008 0.169413999
vt 0.461486012 1.01929796
vt 0.440802991 0.169523999
vt -0.169523999 -0.276486009
vt -1.01929796 -0.276486993
vt -1.01929796 -0.276486993
vt 0.440802991 0.169523999
vt 0.461486012 1.01929796
vt 0.416797996 0.169919997
vt -0.169919997 -0.276486009
vt -1.01929796 -0.276486993
vt -1.01929796 -0.276486993
vt 0.416797996 0.169919997
vt 0.461486012 1.01929796
vt -0.411170006 0.183601007
vt -0.411170006 0.183601007
vt 0.461486012 1.01929796
vt -0.438392013 1.03416705
vt -0.411170006 0.183601007
vt -0.438392013 1.03416705
vt -0.414494008 0.183656007
vt -0.183656007 -0.276486993
vt -1.03416705 -0.276486993
vt -1.03416705 -0.276486993
vt -0.414494008 0.183656007
vt -0.438392013 1.03416705
vt -0.41781801 0.183711007
vt -0.41781801 0.183711007
vt -0.438392013 1.03416705
vt -0.452434003 0.184283003
vt 0.440802991 -0.276486009
vt 0.416797996 -0.276486009
vt 0.434944987 -0.278356999
vt 0.434944987 -0.278356999
vt 0.416797996 -0.276486009
vt 0.422672987 -0.278360993
vt 0.434944987 -0.278356999
vt 0.422672987 -0.278360993
vt 0.428799987 -0.278991997
vt 0.408966988 -0.226486996
vt 0.447443008 -0.226486996
vt 0.409550011 -0.225988001
vt -0.170039997 -0.225988001
vt -0.169413999 -0.226486996
vt -0.169413999 -0.226486996
vt 0.409550011 -0.225988001
vt 0.447443008 -0.226486996
vt 0.446943015 -0.225987002
vt -0.169422001 -0.225987002
vt -0.169413999 -0.226486996
vt -0.169413999 -0.226486996
vt 0.446943015 -0.225987002
vt 0.447443008 -0.226486996
vt 0.446943015 -0.225103006
vt -0.169422001 -0.225103006
vt -0.169413999 -0.226486996
vt -0.169413999 -0.226486996
vt 0.446943015 -0.225103006
vt 0.447443008 -0.226486996
vt 0.450628012 -0.228415996
vt -0.169361994 -0.228415996
vt -0.169413999 -0.226486996
vt -0.169413999 -0.226486996
vt 0.450628012 -0.228415996
vt 0.447443008 -0.226486996
vt 0.453720003 -0.232296005
vt -0.169310004 -0.232296005
vt -0.169413999 -0.226486996
vt -0.169413999 -0.226486996
vt 0.453720003 -0.232296005
vt 0.447443008 -0.226486996
vt 0.456131995 -0.236633003
vt -0.169271007 -0.236633003
vt -0.169413999 -0.226486996
vt -0.169413999 -0.226486996
vt 0.456131995 -0.236633003
vt 0.447443008 -0.226486996
vt 0.457794994 -0.241308004
vt -0.169242993 -0.241308004
vt -0.169413999 -0.226486996
vt -0.169413999 -0.226486996
vt 0.457794994 -0.241308004
vt 0.447443008 -0.226486996
vt 0.458665013 -0.246193007
vt -0.169229001 -0.246193007
vt -0.169413999 -0.226486996
vt -0.169413999 -0.226486996
vt 0.458665013 -0.246193007
vt 0.447443008 -0.226486996
vt 0.458718002 -0.251154989
vt -0.169228002 -0.251154989
vt -0.169413999 -0.226486996
vt -0.169413999 -0.226486996
vt 0.458718002 -0.251154989
vt 0.447443008 -0.226486996
vt 0.457951993 -0.256058007
vt -0.169239998 -0.256058007
vt -0.169413999 -0.226486996
vt -0.169413999 -0.226486996
vt 0.457951993 -0.256058007
vt 0.447443008 -0.226486996
vt 0.45638901 -0.260767996
vt -0.169266 -0.260767996
vt -0.169413999 -0.226486996
vt -0.169413999 -0.226486996
vt 0.45638901 -0.260767996
vt 0.447443008 -0.226486996
vt 0.454070985 -0.265154988
vt 0.454070985 -0.265154988
vt 0.447443008 -0.226486996
vt 0.447443008 -0.272496015
vt 0.454070985 -0.265154988
vt 0.447443008 -0.272496015
vt 0.451061994 -0.269100994
vt -0.447443008 0.169413999
vt -0.408966988 0.170049995
vt -0.461486012 1.01929796
vt -0.461486012 1.01929796
vt -0.408966988 0.170049995
vt 0.39230299 0.183289006
vt -0.461486012 1.01929796
vt 0.39230299 0.183289006
vt 0.438392013 1.03416705
vt 0.438392013 1.03416705
vt 0.39230299 0.183289006
vt 0.436684996 0.184022993
vt 0.438392013 1.03416705
vt 0.436684996 0.184022993
vt 0.452434003 0.184283003
vt 0.461486012 -0.226486996
vt -0.438392013 -0.226486996
vt 0.461486012 -0.276486993
vt 0.461486012 -0.276486993
vt -0.438392013 -0.226486996
vt -0.438392013 -0.276486993
vt 0.414494008 0.183656007
vt 0.409655005 0.183576003
vt 0.41614601 0.0836699978
vt -0.0836699978 -0.216672003
vt -0.183576003 -0.217065006
vt -0.183576003 -0.217065006
vt 0.41614601 0.0836699978
vt 0.409655005 0.183576003
vt 0.411208987 0.0835879967
vt 0.411208987 0.0835879967
vt 0.409655005 0.183576003
vt 0.404945999 0.183497995
vt 0.411208987 0.0835879967
vt 0.404945999 0.183497995
vt 0.406405985 0.0835089982
vt 0.406405985 0.0835089982
vt 0.404945999 0.183497995
vt 0.400485992 0.183423996
vt 0.406405985 0.0835089982
vt 0.400485992 0.183423996
vt 0.401868999 0.0834340006
vt 0.401868999 0.0834340006
vt 0.400485992 0.183423996
vt 0.396391988 0.183357
vt 0.401868999 0.0834340006
vt 0.396391988 0.183357
vt 0.397722006 0.0833650008
vt 0.397722006 0.0833650008
vt 0.396391988 0.183357
vt 0.392767996 0.183296993
vt 0.397722006 0.0833650008
vt 0.392767996 0.183296993
vt 0.394077003 0.0833050013
vt -0.0833050013 -0.226353005
vt -0.183296993 -0.225987002
vt -0.183289006 -0.226486996
vt -0.0833050013 -0.226353005
vt -0.183289006 -0.226486996
vt -0.0832550004 -0.230262995
vt -0.0832550004 -0.230262995
vt -0.183289006 -0.226486996
vt -0.183238 -0.230511993
vt -0.0832550004 -0.230262995
vt -0.183238 -0.230511993
vt -0.0832159966 -0.234621003
vt -0.0832159966 -0.234621003
vt -0.183238 -0.230511993
vt -0.183199003 -0.234990999
vt -0.0832159966 -0.234621003
vt -0.183199003 -0.234990999
vt -0.0831890032 -0.239307001
vt -0.0831890032 -0.239307001
vt -0.183199003 -0.234990999
vt -0.183173001 -0.239805996
vt -0.0831890032 -0.239307001
vt -0.183173001 -0.239805996
vt -0.0831760019 -0.244194001
vt -0.0831760019 -0.244194001
vt -0.183173001 -0.239805996
vt -0.183161005 -0.244818002
vt -0.0831760019 -0.244194001
vt -0.183161005 -0.244818002
vt -0.0831760019 -0.249148995
vt -0.0831760019 -0.249148995
vt -0.183161005 -0.244818002
vt -0.183163002 -0.249881998
vt -0.0831760019 -0.249148995
vt -0.183163002 -0.249881998
vt -0.0831890032 -0.254036009
vt -0.0831890032 -0.254036009
vt -0.183163002 -0.249881998
vt -0.183179006 -0.254853994
vt -0.0831890032 -0.254036009
vt -0.183179006 -0.254853994
vt -0.0832159966 -0.258722991
vt -0.0832159966 -0.258722991
vt -0.183179006 -0.254853994
vt -0.183209002 -0.259593993
vt -0.0832159966 -0.258722991
vt -0.183209002 -0.259593993
vt -0.0832550004 -0.263080001
vt -0.0832550004 -0.263080001
vt -0.183209002 -0.259593993
vt -0.183250993 -0.263965011
vt -0.0832550004 -0.263080001
vt -0.183250993 -0.263965011
vt -0.0833050013 -0.266990006
vt -0.0833050013 -0.266990006
vt -0.183250993 -0.263965011
vt -0.183304995 -0.267843008
vt -0.394077003 0.0833050013
vt -0.393242002 0.183304995
vt -0.397722006 0.0833650008
vt -0.397722006 0.0833650008
vt -0.393242002 0.183304995
vt -0.397107005 0.183368996
vt -0.397722006 0.0833650008
vt -0.397107005 0.183368996
vt -0.401868999 0.0834340006
vt -0.401868999 0.0834340006
vt -0.397107005 0.183368996
vt -0.401468009 0.183440998
vt -0.401868999 0.0834340006
vt -0.401468009 0.183440998
vt -0.406405985 0.0835089982
vt -0.406405985 0.0835089982
vt -0.401468009 0.183440998
vt -0.406199992 0.183519006
vt -0.406405985 0.0835089982
vt -0.406199992 0.183519006
vt -0.411208987 0.0835879967
vt -0.411208987 0.0835879967
vt -0.406199992 0.183519006
vt -0.411170006 0.183601007
vt -0.411208987 0.0835879967
vt -0.411170006 0.183601007
vt -0.41614601 0.0836699978
vt -0.41614601 0.0836699978
vt -0.411170006 0.183601007
vt -0.414494008 0.183656007
vt 0.414494008 0.183656007
vt 0.41614601 0.0836699978
vt 0.419335008 0.183735996
vt 0.419335008 0.183735996
vt 0.41614601 0.0836699978
vt 0.421083003 0.0837510005
vt 0.419335008 0.183735996
vt 0.421083003 0.0837510005
vt 0.42404899 0.183814004
vt 0.42404899 0.183814004
vt 0.421083003 0.0837510005
vt 0.425884992 0.083829999
vt 0.42404899 0.183814004
vt 0.425884992 0.083829999
vt 0.428512007 0.183887005
vt 0.428512007 0.183887005
vt 0.425884992 0.083829999
vt 0.430422008 0.0839049965
vt 0.428512007 0.183887005
vt 0.430422008 0.0839049965
vt 0.432603002 0.183954999
vt 0.432603002 0.183954999
vt 0.430422008 0.0839049965
vt 0.434570014 0.0839739963
vt 0.432603002 0.183954999
vt 0.434570014 0.0839739963
vt 0.436219007 0.184015006
vt 0.436219007 0.184015006
vt 0.434570014 0.0839739963
vt 0.438214004 0.0840340033
vt 0.184015006 -0.225987002
vt 0.0840340033 -0.226353005
vt 0.184022993 -0.226486996
vt 0.184022993 -0.226486996
vt 0.0840340033 -0.226353005
vt 0.0840839967 -0.230262995
vt 0.184022993 -0.226486996
vt 0.0840839967 -0.230262995
vt 0.184073001 -0.230510995
vt 0.184073001 -0.230510995
vt 0.0840839967 -0.230262995
vt 0.0841230005 -0.234621003
vt 0.184073001 -0.230510995
vt 0.0841230005 -0.234621003
vt 0.184111997 -0.234997004
vt 0.184111997 -0.234997004
vt 0.0841230005 -0.234621003
vt 0.0841500014 -0.239307001
vt 0.184111997 -0.234997004
vt 0.0841500014 -0.239307001
vt 0.184138 -0.239815995
vt 0.184138 -0.239815995
vt 0.0841500014 -0.239307001
vt 0.0841630027 -0.244194001
vt 0.184138 -0.239815995
vt 0.0841630027 -0.244194001
vt 0.184150994 -0.244829997
vt 0.184150994 -0.244829997
vt 0.0841630027 -0.244194001
vt 0.0841630027 -0.249148995
vt 0.184150994 -0.244829997
vt 0.0841630027 -0.249148995
vt 0.184148997 -0.249897003
vt 0.184148997 -0.249897003
vt 0.0841630027 -0.249148995
vt 0.0841500014 -0.254036009
vt 0.184148997 -0.249897003
vt 0.0841500014 -0.254036009
vt 0.184132993 -0.254871994
vt 0.184132993 -0.254871994
vt 0.0841500014 -0.254036009
vt 0.0841230005 -0.258722991
vt 0.184132993 -0.254871994
vt 0.0841230005 -0.258722991
vt 0.184102997 -0.259613007
vt 0.184102997 -0.259613007
vt 0.0841230005 -0.258722991
vt 0.0840839967 -0.263080001
vt 0.184102997 -0.259613007
vt 0.0840839967 -0.263080001
vt 0.184061006 -0.263983995
vt 0.184061006 -0.263983995
vt 0.0840839967 -0.263080001
vt 0.0840340033 -0.266990006
vt 0.184061006 -0.263983995
vt 0.0840340033 -0.266990006
vt 0.184007004 -0.267861009
vt -0.435727 0.184007004
vt -0.438214004 0.0840340033
vt -0.434570014 0.0839739963
vt -0.435727 0.184007004
vt -0.434570014 0.0839739963
vt -0.431858003 0.183943003
vt -0.431858003 0.183943003
vt -0.434570014 0.0839739963
vt -0.430422008 0.0839049965
vt -0.431858003 0.183943003
vt -0.430422008 0.0839049965
vt -0.427491993 0.183871001
vt -0.427491993 0.183871001
vt -0.430422008 0.0839049965
vt -0.425884992 0.083829999
vt -0.427491993 0.183871001
vt -0.425884992 0.083829999
vt -0.422764987 0.183792993
vt -0.422764987 0.183792993
vt -0.425884992 0.083829999
vt -0.421083003 0.0837510005
vt -0.422764987 0.183792993
vt -0.421083003 0.0837510005
vt -0.41781801 0.183711007
vt -0.41781801 0.183711007
vt -0.421083003 0.0837510005
vt -0.41614601 0.0836699978
vt -0.41781801 0.183711007
vt -0.41614601 0.0836699978
vt -0.414494008 0.183656007
vt -0.392767996 -0.225987002
vt -0.436219007 -0.225987002
vt -0.39230299 -0.226486996
vt -0.39230299 -0.226486996
vt -0.436219007 -0.225987002
vt -0.436684996 -0.226486996
vt 0.441257 -0.230262995
vt 0.438214004 -0.226353005
vt 0.44361499 -0.234621003
vt 0.44361499 -0.234621003
vt 0.438214004 -0.226353005
vt 0.434570014 -0.222996995
vt 0.44361499 -0.234621003
vt 0.434570014 -0.222996995
vt 0.445223987 -0.239307001
vt 0.445223987 -0.239307001
vt 0.434570014 -0.222996995
vt 0.430422008 -0.220286995
vt 0.445223987 -0.239307001
vt 0.430422008 -0.220286995
vt 0.446038991 -0.244194001
vt 0.446038991 -0.244194001
vt 0.430422008 -0.220286995
vt 0.425884992 -0.218297005
vt 0.446038991 -0.244194001
vt 0.425884992 -0.218297005
vt 0.446038991 -0.249148995
vt 0.446038991 -0.249148995
vt 0.425884992 -0.218297005
vt 0.421083003 -0.217080995
vt 0.446038991 -0.249148995
vt 0.421083003 -0.217080995
vt 0.445223987 -0.254036009
vt 0.445223987 -0.254036009
vt 0.421083003 -0.217080995
vt 0.41614601 -0.216672003
vt 0.445223987 -0.254036009
vt 0.41614601 -0.216672003
vt 0.44361499 -0.258722991
vt 0.44361499 -0.258722991
vt 0.41614601 -0.216672003
vt 0.411208987 -0.217080995
vt 0.44361499 -0.258722991
vt 0.411208987 -0.217080995
vt 0.441257 -0.263080001
vt 0.441257 -0.263080001
vt 0.411208987 -0.217080995
vt 0.406405985 -0.218297005
vt 0.441257 -0.263080001
vt 0.406405985 -0.218297005
vt 0.438214004 -0.266990006
vt 0.438214004 -0.266990006
vt 0.406405985 -0.218297005
vt 0.401868999 -0.220286995
vt 0.438214004 -0.266990006
vt 0.401868999 -0.220286995
vt 0.434570014 -0.270345986
vt 0.434570014 -0.270345986
vt 0.401868999 -0.220286995
vt 0.397722006 -0.222996995
vt 0.434570014 -0.270345986
vt 0.397722006 -0.222996995
vt 0.430422008 -0.273056
vt 0.430422008 -0.273056
vt 0.397722006 -0.222996995
vt 0.394077003 -0.226353005
vt 0.430422008 -0.273056
vt 0.394077003 -0.226353005
vt 0.425884992 -0.275045991
vt 0.425884992 -0.275045991
vt 0.394077003 -0.226353005
vt 0.391034007 -0.230262995
vt 0.425884992 -0.275045991
vt 0.391034007 -0.230262995
vt 0.421083003 -0.276262999
vt 0.421083003 -0.276262999
vt 0.391034007 -0.230262995
vt 0.388675988 -0.234621003
vt 0.421083003 -0.276262999
vt 0.388675988 -0.234621003
vt 0.41614601 -0.276672006
vt 0.41614601 -0.276672006
vt 0.388675988 -0.234621003
vt 0.387068003 -0.239307001
vt 0.41614601 -0.276672006
vt 0.387068003 -0.239307001
vt 0.411208987 -0.276262999
vt 0.411208987 -0.276262999
vt 0.387068003 -0.239307001
vt 0.386251986 -0.244194001
vt 0.411208987 -0.276262999
vt 0.386251986 -0.244194001
vt 0.406405985 -0.275045991
vt 0.406405985 -0.275045991
vt 0.386251986 -0.244194001
vt 0.386251986 -0.249148995
vt 0.406405985 -0.275045991
vt 0.386251986 -0.249148995
vt 0.401868999 -0.273056
vt 0.401868999 -0.273056
vt 0.386251986 -0.249148995
vt 0.387068003 -0.254036009
vt 0.401868999 -0.273056
vt 0.387068003 -0.254036009
vt 0.397722006 -0.270345986
vt 0.397722006 -0.270345986
vt 0.387068003 -0.254036009
vt 0.388675988 -0.258722991
vt 0.397722006 -0.270345986
vt 0.388675988 -0.258722991
vt 0.394077003 -0.266990006
vt 0.394077003 -0.266990006
vt 0.388675988 -0.258722991
vt 0.391034007 -0.263080001
vt 0.436684996 -0.226486996
vt 0.439765006 -0.230510995
vt 0.452434003 -0.226486996
vt 0.452434003 -0.226486996
vt 0.439765006 -0.230510995
vt 0.442124993 -0.234997004
vt -0.184283003 -0.226486996
vt -0.184111997 -0.234997004
vt -0.184283003 -0.226486996
vt 0.452434003 -0.226486996
vt 0.442124993 -0.234997004
vt 0.443695009 -0.239815995
vt -0.184283003 -0.226486996
vt -0.184138 -0.239815995
vt -0.184283003 -0.226486996
vt 0.452434003 -0.226486996
vt 0.443695009 -0.239815995
vt 0.44443199 -0.244829997
vt -0.184283003 -0.226486996
vt -0.184150994 -0.244829997
vt -0.184283003 -0.226486996
vt 0.452434003 -0.226486996
vt 0.44443199 -0.244829997
vt 0.444314986 -0.249897003
vt 0.452434003 -0.226486996
vt 0.444314986 -0.249897003
vt 0.452434003 -0.276486993
vt 0.452434003 -0.276486993
vt 0.444314986 -0.249897003
vt 0.443347007 -0.254871994
vt -0.184283003 -0.276486993
vt -0.184132993 -0.254871994
vt -0.184283003 -0.276486993
vt 0.452434003 -0.276486993
vt 0.443347007 -0.254871994
vt 0.441554993 -0.259613007
vt -0.184283003 -0.276486993
vt -0.184102997 -0.259613007
vt -0.184283003 -0.276486993
vt 0.452434003 -0.276486993
vt 0.441554993 -0.259613007
vt 0.438989997 -0.263983995
vt -0.184283003 -0.276486993
vt -0.184061006 -0.263983995
vt -0.184283003 -0.276486993
vt 0.452434003 -0.276486993
vt 0.438989997 -0.263983995
vt 0.435727 -0.267861009
vt -0.184283003 -0.276486993
vt -0.184007004 -0.267861009
vt -0.184283003 -0.276486993
vt 0.452434003 -0.276486993
vt 0.435727 -0.267861009
vt 0.431858003 -0.271133006
vt -0.184283003 -0.276486993
vt -0.183943003 -0.271133006
vt -0.184283003 -0.276486993
vt 0.452434003 -0.276486993
vt 0.431858003 -0.271133006
vt 0.427491993 -0.273707002
vt -0.184283003 -0.276486993
vt -0.183871001 -0.273707002
vt -0.184283003 -0.276486993
vt 0.452434003 -0.276486993
vt 0.427491993 -0.273707002
vt 0.422764987 -0.275507987
vt 0.452434003 -0.276486993
vt 0.422764987 -0.275507987
vt 0.41781801 -0.276486009
vt 0.184283003 -0.226486996
vt 0.184283003 -0.276486993
vt 1.03416705 -0.226486996
vt 1.03416705 -0.226486996
vt 0.184283003 -0.276486993
vt 1.03416705 -0.276486993
vt -0.408966988 -0.226486996
vt -0.405496001 -0.230104998
vt 0.39230299 -0.226486996
vt -0.183289006 -0.226486996
vt -0.170107007 -0.230104998
vt -0.170107007 -0.230104998
vt 0.39230299 -0.226486996
vt -0.405496001 -0.230104998
vt 0.389221013 -0.230511993
vt 0.389221013 -0.230511993
vt -0.405496001 -0.230104998
vt -0.402675986 -0.234251007
vt 0.389221013 -0.230511993
vt -0.402675986 -0.234251007
vt 0.38686499 -0.234990999
vt 0.38686499 -0.234990999
vt -0.402675986 -0.234251007
vt -0.400586009 -0.238808006
vt 0.38686499 -0.234990999
vt -0.400586009 -0.238808006
vt 0.38529399 -0.239805996
vt 0.38529399 -0.239805996
vt -0.400586009 -0.238808006
vt -0.399284005 -0.243650004
vt 0.38529399 -0.239805996
vt -0.399284005 -0.243650004
vt 0.384555995 -0.244818002
vt 0.384555995 -0.244818002
vt -0.399284005 -0.243650004
vt -0.398806989 -0.248640999
vt 0.384555995 -0.244818002
vt -0.398806989 -0.248640999
vt 0.384671003 -0.249881998
vt 0.384671003 -0.249881998
vt -0.398806989 -0.248640999
vt -0.399167001 -0.253641993
vt 0.384671003 -0.249881998
vt -0.399167001 -0.253641993
vt 0.385636002 -0.254853994
vt 0.385636002 -0.254853994
vt -0.399167001 -0.253641993
vt -0.400355011 -0.25851199
vt 0.385636002 -0.254853994
vt -0.400355011 -0.25851199
vt 0.387423992 -0.259593993
vt 0.387423992 -0.259593993
vt -0.400355011 -0.25851199
vt -0.402337015 -0.263116986
vt 0.387423992 -0.259593993
vt -0.402337015 -0.263116986
vt 0.389984012 -0.263965011
vt 0.389984012 -0.263965011
vt -0.402337015 -0.263116986
vt -0.405057997 -0.267327011
vt 0.389984012 -0.263965011
vt -0.405057997 -0.267327011
vt 0.393242002 -0.267843008
vt 0.393242002 -0.267843008
vt -0.405057997 -0.267327011
vt -0.408443987 -0.271025985
vt 0.393242002 -0.267843008
vt -0.408443987 -0.271025985
vt 0.397107005 -0.271117002
vt 0.397107005 -0.271117002
vt -0.408443987 -0.271025985
vt -0.412382007 -0.274100989
vt 0.397107005 -0.271117002
vt -0.412382007 -0.274100989
vt 0.401468009 -0.273694009
vt 0.401468009 -0.273694009
vt -0.412382007 -0.274100989
vt -0.416797996 -0.276486009
vt 0.401468009 -0.273694009
vt -0.416797996 -0.276486009
vt 0.406199992 -0.275501013
vt 0.406199992 -0.275501013
vt -0.416797996 -0.276486009
vt 0.411170006 -0.276486009
vt -0.428799987 0.169722006
vt -0.433649004 0.169642001
vt -0.427148014 0.0697359964
vt -0.0697359964 -0.218992993
vt -0.169642001 -0.219387993
vt -0.169642001 -0.219387993
vt -0.427148014 0.0697359964
vt -0.433649004 0.169642001
vt -0.432085007 0.0696540028
vt -0.432085007 0.0696540028
vt -0.433649004 0.169642001
vt -0.438369006 0.169563994
vt -0.432085007 0.0696540028
vt -0.438369006 0.169563994
vt -0.436888009 0.0695749968
vt -0.436888009 0.0695749968
vt -0.438369006 0.169563994
vt -0.442837 0.169489995
vt -0.436888009 0.0695749968
vt -0.442837 0.169489995
vt -0.441424996 0.0694999993
vt -0.441424996 0.0694999993
vt -0.442837 0.169489995
vt -0.446943015 0.169422001
vt -0.441424996 0.0694999993
vt -0.446943015 0.169422001
vt -0.445571989 0.0694309995
vt -0.445571989 0.0694309995
vt -0.446943015 0.169422001
vt -0.450628012 0.169361994
vt -0.445571989 0.0694309995
vt -0.450628012 0.169361994
vt -0.449216992 0.0693709999
vt -0.0693709999 -0.228674993
vt -0.169361994 -0.228415996
vt -0.169310004 -0.232296005
vt -0.0693709999 -0.228674993
vt -0.169310004 -0.232296005
vt -0.0693209991 -0.232584998
vt -0.0693209991 -0.232584998
vt -0.169310004 -0.232296005
vt -0.169271007 -0.236633003
vt -0.0693209991 -0.232584998
vt -0.169271007 -0.236633003
vt -0.0692820027 -0.236943007
vt -0.0692820027 -0.236943007
vt -0.169271007 -0.236633003
vt -0.169242993 -0.241308004
vt -0.0692820027 -0.236943007
vt -0.169242993 -0.241308004
vt -0.0692550018 -0.241629004
vt -0.0692550018 -0.241629004
vt -0.169242993 -0.241308004
vt -0.169229001 -0.246193007
vt -0.0692550018 -0.241629004
vt -0.169229001 -0.246193007
vt -0.0692420006 -0.246516004
vt -0.0692420006 -0.246516004
vt -0.169229001 -0.246193007
vt -0.169228002 -0.251154989
vt -0.0692420006 -0.246516004
vt -0.169228002 -0.251154989
vt -0.0692420006 -0.251471013
vt -0.0692420006 -0.251471013
vt -0.169228002 -0.251154989
vt -0.169239998 -0.256058007
vt -0.0692420006 -0.251471013
vt -0.169239998 -0.256058007
vt -0.0692550018 -0.256357998
vt -0.0692550018 -0.256357998
vt -0.169239998 -0.256058007
vt -0.169266 -0.260767996
vt -0.0692550018 -0.256357998
vt -0.169266 -0.260767996
vt -0.0692820027 -0.261043996
vt -0.0692820027 -0.261043996
vt -0.169266 -0.260767996
vt -0.169304997 -0.265154988
vt -0.0692820027 -0.261043996
vt -0.169304997 -0.265154988
vt -0.0693209991 -0.265401989
vt -0.0693209991 -0.265401989
vt -0.169304997 -0.265154988
vt -0.169354007 -0.269100994
vt -0.0693209991 -0.265401989
vt -0.169354007 -0.269100994
vt -0.0693709999 -0.269311994
vt 0.449216992 0.0693709999
vt 0.451061994 0.169354007
vt 0.447443008 0.169413999
vt 0.449216992 0.0693709999
vt 0.447443008 0.169413999
vt 0.445571989 0.0694309995
vt -0.0694309995 -0.272668004
vt -0.169413999 -0.272496015
vt -0.169413999 -0.272496015
vt 0.445571989 0.0694309995
vt 0.447443008 0.169413999
vt 0.441424996 0.0694999993
vt 0.441424996 0.0694999993
vt 0.447443008 0.169413999
vt 0.440802991 0.169523999
vt 0.441424996 0.0694999993
vt 0.440802991 0.169523999
vt 0.436888009 0.0695749968
vt 0.436888009 0.0695749968
vt 0.440802991 0.169523999
vt 0.434944987 0.169621006
vt 0.436888009 0.0695749968
vt 0.434944987 0.169621006
vt 0.432085007 0.0696540028
vt 0.432085007 0.0696540028
vt 0.434944987 0.169621006
vt 0.428799987 0.169722006
vt 0.432085007 0.0696540028
vt 0.428799987 0.169722006
vt 0.427148014 0.0697359964
vt -0.427148014 0.0697359964
vt -0.422210991 0.0698169991
vt -0.428799987 0.169722006
vt -0.169722006 -0.218994007
vt -0.0698169991 -0.219402999
vt -0.0698169991 -0.219402999
vt -0.428799987 0.169722006
vt -0.422210991 0.0698169991
vt -0.423595995 0.169808
vt -0.423595995 0.169808
vt -0.422210991 0.0698169991
vt -0.41740799 0.0698970035
vt -0.423595995 0.169808
vt -0.41740799 0.0698970035
vt -0.418550014 0.169891998
vt -0.418550014 0.169891998
vt -0.41740799 0.0698970035
vt -0.412871987 0.069972001
vt -0.418550014 0.169891998
vt -0.412871987 0.069972001
vt -0.413821995 0.169970006
vt -0.413821995 0.169970006
vt -0.412871987 0.069972001
vt -0.40872401 0.0700400025
vt -0.413821995 0.169970006
vt -0.40872401 0.0700400025
vt -0.409550011 0.170039997
vt -0.170039997 -0.225988001
vt -0.0700400025 -0.225318998
vt -0.0700400025 -0.225318998
vt -0.409550011 0.170039997
vt -0.40872401 0.0700400025
vt -0.408966988 0.170049995
vt -0.408966988 0.170049995
vt -0.40872401 0.0700400025
vt -0.405079007 0.070100002
vt 0.170049995 -0.226486996
vt 0.070100002 -0.228674993
vt 0.170107007 -0.230104998
vt 0.170107007 -0.230104998
vt 0.070100002 -0.228674993
vt 0.0701510012 -0.232584998
vt 0.170107007 -0.230104998
vt 0.0701510012 -0.232584998
vt 0.170154005 -0.234251007
vt 0.170154005 -0.234251007
vt 0.0701510012 -0.232584998
vt 0.0701899976 -0.236943007
vt 0.170154005 -0.234251007
vt 0.0701899976 -0.236943007
vt 0.170187995 -0.238808006
vt 0.170187995 -0.238808006
vt 0.0701899976 -0.236943007
vt 0.0702160001 -0.241629004
vt 0.170187995 -0.238808006
vt 0.0702160001 -0.241629004
vt 0.170210004 -0.243650004
vt 0.170210004 -0.243650004
vt 0.0702160001 -0.241629004
vt 0.0702299997 -0.246516004
vt 0.170210004 -0.243650004
vt 0.0702299997 -0.246516004
vt 0.170218006 -0.248640999
vt 0.170218006 -0.248640999
vt 0.0702299997 -0.246516004
vt 0.0702299997 -0.251471013
vt 0.170218006 -0.248640999
vt 0.0702299997 -0.251471013
vt 0.170212001 -0.253641993
vt 0.170212001 -0.253641993
vt 0.0702299997 -0.251471013
vt 0.0702160001 -0.256357998
vt 0.170212001 -0.253641993
vt 0.0702160001 -0.256357998
vt 0.170192003 -0.25851199
vt 0.170192003 -0.25851199
vt 0.0702160001 -0.256357998
vt 0.0701899976 -0.261043996
vt 0.170192003 -0.25851199
vt 0.0701899976 -0.261043996
vt 0.170158997 -0.263116986
vt 0.170158997 -0.263116986
vt 0.0701899976 -0.261043996
vt 0.0701510012 -0.265401989
vt 0.170158997 -0.263116986
vt 0.0701510012 -0.265401989
vt 0.170113996 -0.267327011
vt 0.170113996 -0.267327011
vt 0.0701510012 -0.265401989
vt 0.070100002 -0.269311994
vt 0.170113996 -0.267327011
vt 0.070100002 -0.269311994
vt 0.170058995 -0.271025985
vt 0.408443987 0.170058995
vt 0.405079007 0.070100002
vt 0.40872401 0.0700400025
vt 0.408443987 0.170058995
vt 0.40872401 0.0700400025
vt 0.412382007 0.169992998
vt 0.412382007 0.169992998
vt 0.40872401 0.0700400025
vt 0.412871987 0.069972001
vt 0.412382007 0.169992998
vt 0.412871987 0.069972001
vt 0.416797996 0.169919997
vt 0.416797996 0.169919997
vt 0.412871987 0.069972001
vt 0.41740799 0.0698970035
vt 0.416797996 0.169919997
vt 0.41740799 0.0698970035
vt 0.422672987 0.169823006
vt 0.422672987 0.169823006
vt 0.41740799 0.0698970035
vt 0.422210991 0.0698169991
vt 0.422672987 0.169823006
vt 0.422210991 0.0698169991
vt 0.428799987 0.169722006
vt 0.428799987 0.169722006
vt 0.422210991 0.0698169991
vt 0.427148014 0.0697359964
vt -1.02107 -0.225987002
vt -0.855198979 -0.225987002
vt -0.974551976 0.0352940001
vt -0.974551976 0.0352940001
vt -0.855198979 -0.225987002
vt -0.855198979 -0.225987002
vt -0.974551976 0.0352940001
vt -0.855198979 -0.225987002
vt -0.903221011 0.0352940001
vt -0.903221011 0.0352940001
vt -0.855198979 -0.225987002
vt -0.855198979 0.223012999
vt -0.903221011 0.0352940001
vt -0.855198979 0.223012999
vt -0.903221011 0.183605999
vt -0.903221011 0.183605999
vt -0.855198979 0.223012999
vt -1.02107 0.223012999
vt -0.903221011 0.183605999
vt -1.02107 0.223012999
vt -0.974551976 0.183605999
vt -0.974551976 0.183605999
vt -1.02107 0.223012999
vt -1.02107 0.223012999
vt -0.974551976 0.183605999
vt -1.02107 0.223012999
vt -0.974551976 0.0352940001
vt -0.974551976 0.0352940001
vt -1.02107 0.223012999
vt -1.02107 -0.225987002
vt -0.910112977 0.178606004
vt -0.972972989 0.178606004
vt -0.930453002 0.135995999
vt -0.930453002 0.135995999
vt -0.972972989 0.178606004
vt -0.972972989 0.178606004
vt -0.930453002 0.135995999
vt -0.972972989 0.178606004
vt -0.957252979 0.135995999
vt -0.957252979 0.135995999
vt -0.972972989 0.178606004
vt -0.972972989 0.040293999
vt -0.957252979 0.135995999
vt -0.972972989 0.040293999
vt -0.957252979 0.0633630008
vt -0.957252979 0.0633630008
vt -0.972972989 0.040293999
vt -0.972972989 0.040293999
vt -0.957252979 0.0633630008
vt -0.972972989 0.040293999
vt -0.930453002 0.0633630008
vt -0.930453002 0.0633630008
vt -0.972972989 0.040293999
vt -0.910112977 0.040293999
vt -0.930453002 0.0633630008
vt -0.910112977 0.040293999
vt -0.930453002 0.135995999
vt -0.930453002 0.135995999
vt -0.910112977 0.040293999
vt -0.910112977 0.178606004
f 1/1 2/2 3/3
f 4/4 5/5 6/6
f 6/7 5/8 7/9
f 6/10 7/11 8/12
f 8/13 7/14 9/15
f 8/16 9/17 10/18
f 10/19 9/20 11/21
f 10/22 11/23 12/24
f 12/25 11/26 13/27
f 12/28 13/29 14/30
f 14/31 13/32 15/33
f 14/34 15/35 16/36
f 16/37 15/38 17/39
f 16/40 17/41 18/42
f 18/43 17/44 19/45
f 18/46 19/47 20/48
f 20/49 19/50 21/51
f 20/52 21/53 22/54
f 22/55 21/56 23/57
f 22/58 23/59 24/60
f 24/61 23/62 25/63
f 24/64 25/65 26/66
f 26/67 25/68 27/69
f 26/70 27/71 28/72
f 28/73 27/74 29/75
f 28/76 29/77 30/78
f 30/79 29/80 31/81
f 30/82 31/83 32/84
f 32/85 31/86 33/87
f 32/88 33/89 34/90
f 34/91 33/92 35/93
f 34/94 35/95 36/96
f 36/97 35/98 37/99
f 36/100 37/101 38/102
f 38/103 37/104 39/105
f 38/106 39/107 40/108
f 40/109 39/110 41/111
f 42/112 43/113 44/114
f 44/115 43/116 43/117
f 44/118 43/119 45/120
f 45/121 43/122 46/123
f 45/124 46/125 47/126
f 44/127 45/128 48/129
f 48/130 45/131 45/132
f 48/133 45/134 49/135
f 49/136 45/137 47/138
f 49/139 47/140 50/141
f 50/142 47/143 46/144
f 50/145 46/146 51/147
f 51/148 46/149 43/150
f 51/151 43/152 52/153
f 52/154 43/155 42/156
f 52/157 42/158 53/159
f 44/160 48/161 42/162
f 42/163 48/164 53/165
f 54/166 55/167 56/168
f 56/169 55/170 55/171
f 56/172 55/173 57/174
f 57/175 55/176 58/177
f 57/178 58/179 59/180
f 59/181 58/182 60/183
f 59/184 60/185 61/186
f 58/187 55/188 60/189
f 60/190 55/191 55/192
f 60/193 55/194 62/195
f 62/196 55/197 54/198
f 62/199 54/200 63/201
f 60/202 62/203 61/204
f 61/205 62/206 62/207
f 61/208 62/209 64/210
f 64/211 62/212 63/213
f 64/214 63/215 65/216
f 65/217 63/218 54/219
f 65/220 54/221 56/222
f 66/223 67/224 68/225
f 68/226 67/227 69/228
f 66/229 68/230 70/231
f 70/232 68/233 71/234
f 72/235 70/236 73/237
f 73/238 70/239 71/240
f 72/241 73/242 67/243
f 67/244 73/245 69/246
f 74/247 75/248 76/249
f 76/250 75/251 75/252
f 76/253 75/254 77/255
f 77/256 75/257 78/258
f 77/259 78/260 79/261
f 80/262 81/263 82/264
f 82/265 81/266 83/267
f 80/268 82/269 84/270
f 84/271 82/272 85/273
f 83/274 81/275 86/276
f 86/277 81/278 87/279
f 85/280 86/281 84/282
f 84/283 86/284 87/285
f 78/286 75/287 88/288
f 88/289 75/290 75/291
f 88/292 75/293 89/294
f 89/295 75/296 74/297
f 89/298 74/299 90/300
f 88/301 89/302 91/303
f 91/304 89/305 89/306
f 91/307 89/308 92/309
f 92/310 89/311 90/312
f 92/313 90/314 93/315
f 91/316 92/317 79/318
f 79/319 92/320 92/321
f 79/322 92/323 77/324
f 77/325 92/326 93/327
f 77/328 93/329 76/330
f 94/331 95/332 96/333
f 96/334 95/335 97/336
f 96/337 97/338 98/339
f 98/340 97/341 99/342
f 98/343 99/344 100/345
f 100/346 99/347 101/348
f 100/349 101/350 102/351
f 102/352 101/353 103/354
f 102/355 103/356 104/357
f 104/358 103/359 105/360
f 104/361 105/362 106/363
f 106/364 105/365 107/366
f 106/367 107/368 108/369
f 108/370 107/371 109/372
f 108/373 109/374 110/375
f 110/376 109/377 111/378
f 110/379 111/380 112/381
f 112/382 111/383 113/384
f 112/385 113/386 114/387
f 114/388 113/389 115/390
f 114/391 115/392 116/393
f 116/394 115/395 117/396
f 116/397 117/398 118/399
f 118/400 117/401 119/402
f 118/403 119/404 120/405
f 120/406 119/407 121/408
f 120/409 121/410 122/411
f 122/412 121/413 123/414
f 122/415 123/416 124/417
f 124/418 123/419 125/420
f 124/421 125/422 126/423
f 126/424 125/425 127/426
f 126/427 127/428 128/429
f 128/430 127/431 129/432
f 128/433 129/434 130/435
f 130/436 129/437 131/438
f 132/439 133/440 134/441
f 134/442 133/443 135/444
f 134/445 135/446 134/447
f 134/448 135/449 136/450
f 134/451 136/452 134/453
f 134/454 136/455 137/456
f 134/457 137/458 134/459
f 134/460 137/461 138/462
f 134/463 138/464 134/465
f 134/466 138/467 139/468
f 134/469 139/470 140/471
f 140/472 139/473 141/474
f 140/475 141/476 140/477
f 140/478 141/479 142/480
f 140/481 142/482 140/483
f 140/484 142/485 143/486
f 140/487 143/488 140/489
f 140/490 143/491 144/492
f 140/493 144/494 140/495
f 140/496 144/497 145/498
f 140/499 145/500 146/501
f 147/502 105/503 148/504
f 148/505 105/506 103/507
f 148/508 103/509 149/510
f 149/511 103/512 101/513
f 149/514 101/515 150/516
f 150/517 101/518 99/519
f 150/520 99/521 132/522
f 132/523 99/524 97/525
f 132/526 97/527 133/528
f 133/529 97/530 95/531
f 133/532 95/533 135/534
f 135/535 95/536 94/537
f 135/538 94/539 136/540
f 136/541 94/542 96/543
f 136/544 96/545 137/546
f 137/547 96/548 98/549
f 137/550 98/551 138/552
f 138/553 98/554 100/555
f 138/556 100/557 139/558
f 139/559 100/560 102/561
f 139/562 102/563 141/564
f 141/565 102/566 104/567
f 141/568 104/569 142/570
f 142/571 104/572 106/573
f 142/574 106/575 143/576
f 143/577 106/578 108/579
f 143/580 108/581 144/582
f 144/583 108/584 110/585
f 144/586 110/587 145/588
f 145/589 110/590 112/591
f 145/592 112/593 146/594
f 146/595 112/596 114/597
f 146/598 114/599 151/600
f 151/601 114/602 114/603
f 151/604 114/605 152/606
f 152/607 114/608 116/609
f 152/610 116/611 153/612
f 153/613 116/614 118/615
f 153/616 118/617 154/618
f 154/619 118/620 120/621
f 147/622 148/623 155/624
f 155/625 148/626 148/627
f 155/628 148/629 156/630
f 156/631 148/632 149/633
f 156/634 149/635 157/636
f 157/637 149/638 150/639
f 157/640 150/641 158/642
f 158/643 150/644 132/645
f 147/646 155/647 105/648
f 105/649 155/650 155/651
f 105/652 155/653 107/654
f 107/655 155/656 156/657
f 107/658 156/659 109/660
f 109/661 156/662 157/663
f 109/664 157/665 111/666
f 111/667 157/668 158/669
f 111/670 158/671 113/672
f 113/673 158/674 159/675
f 113/676 159/677 115/678
f 115/679 159/680 160/681
f 115/682 160/683 117/684
f 117/685 160/686 161/687
f 117/688 161/689 119/690
f 119/691 161/692 162/693
f 119/694 162/695 121/696
f 121/697 162/698 163/699
f 121/700 163/701 123/702
f 123/703 163/704 164/705
f 123/706 164/707 125/708
f 125/709 164/710 165/711
f 125/712 165/713 127/714
f 127/715 165/716 166/717
f 127/718 166/719 129/720
f 129/721 166/722 167/723
f 129/724 167/725 131/726
f 131/727 167/728 168/729
f 131/730 168/731 130/732
f 130/733 168/734 169/735
f 130/736 169/737 128/738
f 128/739 169/740 170/741
f 128/742 170/743 126/744
f 126/745 170/746 171/747
f 126/748 171/749 126/750
f 126/751 171/752 172/753
f 126/754 172/755 124/756
f 124/757 172/758 173/759
f 124/760 173/761 122/762
f 122/763 173/764 154/765
f 122/766 154/767 120/768
f 174/769 175/770 176/771
f 176/772 175/773 171/774
f 176/775 171/776 176/777
f 176/778 171/779 151/780
f 176/781 151/782 177/783
f 171/784 175/785 178/786
f 178/787 175/788 179/789
f 151/790 171/791 146/792
f 146/793 171/794 170/795
f 134/796 140/797 180/798
f 180/799 140/800 181/801
f 134/802 180/803 132/804
f 132/805 180/806 180/807
f 132/808 180/809 158/810
f 158/811 180/812 182/813
f 158/814 182/815 183/816
f 183/817 182/818 182/819
f 183/820 182/821 184/822
f 184/823 182/824 185/825
f 140/826 146/827 181/828
f 181/829 146/830 170/831
f 181/832 170/833 186/834
f 186/835 170/836 187/837
f 186/838 187/839 188/840
f 181/841 186/842 180/843
f 180/844 186/845 182/846
f 187/847 178/848 188/849
f 188/850 178/851 179/852
f 188/853 179/854 189/855
f 189/856 179/857 190/858
f 189/859 191/860 188/861
f 188/862 191/863 192/864
f 188/865 192/866 188/867
f 188/868 192/869 193/870
f 188/871 193/872 188/873
f 188/874 193/875 194/876
f 188/877 194/878 188/879
f 188/880 194/881 195/882
f 188/883 195/884 188/885
f 188/886 195/887 196/888
f 188/889 196/890 188/891
f 188/892 196/893 197/894
f 188/895 197/896 188/897
f 188/898 197/899 198/900
f 188/901 198/902 188/903
f 188/904 198/905 199/906
f 188/907 199/908 188/909
f 188/910 199/911 200/912
f 188/913 200/914 188/915
f 188/916 200/917 201/918
f 188/919 201/920 188/921
f 188/922 201/923 202/924
f 188/925 202/926 185/927
f 179/928 175/929 190/930
f 190/931 175/932 203/933
f 190/934 203/935 190/936
f 190/937 203/938 204/939
f 190/940 204/941 205/942
f 205/943 204/944 206/945
f 205/946 206/947 205/948
f 205/949 206/950 207/951
f 205/952 207/953 205/954
f 205/955 207/956 208/957
f 205/958 208/959 205/960
f 205/961 208/962 209/963
f 205/964 209/965 210/966
f 210/967 209/968 211/969
f 210/970 211/971 210/972
f 210/973 211/974 212/975
f 210/976 212/977 210/978
f 210/979 212/980 213/981
f 210/982 213/983 214/984
f 214/985 213/986 215/987
f 214/988 215/989 214/990
f 214/991 215/992 216/993
f 214/994 216/995 214/996
f 214/997 216/998 217/999
f 214/1000 217/1001 214/1002
f 214/1003 217/1004 218/1005
f 214/1006 218/1007 214/1008
f 214/1009 218/1010 219/1011
f 214/1012 219/1013 214/1014
f 214/1015 219/1016 220/1017
f 214/1018 220/1019 214/1020
f 214/1021 220/1022 221/1023
f 214/1024 221/1025 175/1026
f 175/1027 221/1028 203/1029
f 178/1030 222/1031 171/1032
f 171/1033 222/1034 223/1035
f 171/1036 223/1037 172/1038
f 172/1039 223/1040 224/1041
f 172/1042 224/1043 172/1044
f 172/1045 224/1046 225/1047
f 172/1048 225/1049 173/1050
f 173/1051 225/1052 226/1053
f 173/1054 226/1055 154/1056
f 154/1057 226/1058 227/1059
f 154/1060 227/1061 154/1062
f 154/1063 227/1064 228/1065
f 154/1066 228/1067 153/1068
f 153/1069 228/1070 177/1071
f 153/1072 177/1073 152/1074
f 152/1075 177/1076 151/1077
f 228/1078 229/1079 177/1080
f 177/1081 229/1082 229/1083
f 177/1084 229/1085 230/1086
f 230/1087 229/1088 231/1089
f 230/1090 231/1091 230/1092
f 230/1093 231/1094 232/1095
f 230/1096 232/1097 233/1098
f 223/1099 234/1100 224/1101
f 224/1102 234/1103 234/1104
f 224/1105 234/1106 235/1107
f 235/1108 234/1109 236/1110
f 235/1111 236/1112 237/1113
f 222/1114 238/1115 223/1116
f 223/1117 238/1118 238/1119
f 223/1120 238/1121 239/1122
f 239/1123 238/1124 240/1125
f 239/1126 240/1127 241/1128
f 241/1129 240/1130 242/1131
f 241/1132 242/1133 243/1134
f 243/1135 242/1136 244/1137
f 243/1138 244/1139 243/1140
f 243/1141 244/1142 245/1143
f 243/1144 245/1145 246/1146
f 246/1147 245/1148 190/1149
f 246/1150 190/1151 247/1152
f 247/1153 190/1154 205/1155
f 248/1156 242/1157 249/1158
f 249/1159 242/1160 240/1161
f 249/1162 240/1163 250/1164
f 250/1165 240/1166 238/1167
f 250/1168 238/1169 251/1170
f 251/1171 238/1172 222/1173
f 251/1174 222/1175 252/1176
f 252/1177 222/1178 178/1179
f 252/1180 178/1181 252/1182
f 252/1183 178/1184 187/1185
f 252/1186 187/1187 253/1188
f 253/1189 187/1190 254/1191
f 253/1192 254/1193 255/1194
f 255/1195 254/1196 256/1197
f 255/1198 256/1199 257/1200
f 257/1201 256/1202 258/1203
f 257/1204 258/1205 259/1206
f 259/1207 258/1208 260/1209
f 259/1210 260/1211 261/1212
f 261/1213 260/1214 262/1215
f 261/1216 262/1217 263/1218
f 263/1219 262/1220 264/1221
f 263/1222 264/1223 265/1224
f 265/1225 264/1226 266/1227
f 265/1228 266/1229 267/1230
f 267/1231 266/1232 268/1233
f 267/1234 268/1235 269/1236
f 269/1237 268/1238 270/1239
f 269/1240 270/1241 271/1242
f 271/1243 270/1244 272/1245
f 271/1246 272/1247 273/1248
f 273/1249 272/1250 274/1251
f 273/1252 274/1253 275/1254
f 275/1255 274/1256 183/1257
f 275/1258 183/1259 276/1260
f 276/1261 183/1262 277/1263
f 276/1264 277/1265 278/1266
f 278/1267 277/1268 279/1269
f 278/1270 279/1271 280/1272
f 280/1273 279/1274 281/1275
f 242/1276 248/1277 244/1278
f 244/1279 248/1280 282/1281
f 244/1282 282/1283 245/1284
f 245/1285 282/1286 283/1287
f 245/1288 283/1289 190/1290
f 190/1291 283/1292 284/1293
f 190/1294 284/1295 189/1296
f 189/1297 284/1298 285/1299
f 189/1300 285/1301 191/1302
f 191/1303 285/1304 286/1305
f 191/1306 286/1307 192/1308
f 192/1309 286/1310 287/1311
f 192/1312 287/1313 193/1314
f 193/1315 287/1316 288/1317
f 193/1318 288/1319 194/1320
f 194/1321 288/1322 289/1323
f 194/1324 289/1325 195/1326
f 195/1327 289/1328 290/1329
f 195/1330 290/1331 196/1332
f 196/1333 290/1334 291/1335
f 196/1336 291/1337 197/1338
f 197/1339 291/1340 292/1341
f 197/1342 292/1343 198/1344
f 198/1345 292/1346 293/1347
f 198/1348 293/1349 199/1350
f 199/1351 293/1352 294/1353
f 199/1354 294/1355 200/1356
f 200/1357 294/1358 295/1359
f 200/1360 295/1361 201/1362
f 201/1363 295/1364 296/1365
f 201/1366 296/1367 202/1368
f 202/1369 296/1370 297/1371
f 202/1372 297/1373 185/1374
f 185/1375 297/1376 297/1377
f 185/1378 297/1379 184/1380
f 184/1381 297/1382 298/1383
f 184/1384 298/1385 299/1386
f 299/1387 298/1388 300/1389
f 299/1390 300/1391 301/1392
f 301/1393 300/1394 280/1395
f 301/1396 280/1397 281/1398
f 287/1399 286/1400 288/1401
f 288/1402 286/1403 285/1404
f 288/1405 285/1406 289/1407
f 289/1408 285/1409 284/1410
f 289/1411 284/1412 290/1413
f 290/1414 284/1415 283/1416
f 290/1417 283/1418 291/1419
f 291/1420 283/1421 282/1422
f 291/1423 282/1424 292/1425
f 292/1426 282/1427 248/1428
f 292/1429 248/1430 293/1431
f 293/1432 248/1433 249/1434
f 293/1435 249/1436 294/1437
f 294/1438 249/1439 250/1440
f 294/1441 250/1442 295/1443
f 295/1444 250/1445 251/1446
f 295/1447 251/1448 296/1449
f 296/1450 251/1451 252/1452
f 296/1453 252/1454 297/1455
f 297/1456 252/1457 253/1458
f 297/1459 253/1460 298/1461
f 298/1462 253/1463 255/1464
f 298/1465 255/1466 300/1467
f 300/1468 255/1469 257/1470
f 300/1471 257/1472 280/1473
f 280/1474 257/1475 259/1476
f 280/1477 259/1478 278/1479
f 278/1480 259/1481 261/1482
f 278/1483 261/1484 276/1485
f 276/1486 261/1487 263/1488
f 276/1489 263/1490 275/1491
f 275/1492 263/1493 265/1494
f 275/1495 265/1496 273/1497
f 273/1498 265/1499 267/1500
f 273/1501 267/1502 271/1503
f 271/1504 267/1505 269/1506
f 188/1507 185/1508 186/1509
f 186/1510 185/1511 182/1512
f 210/1513 214/1514 236/1515
f 236/1516 214/1517 214/1518
f 236/1519 214/1520 237/1521
f 237/1522 214/1523 302/1524
f 237/1525 302/1526 233/1527
f 233/1528 302/1529 230/1530
f 302/1531 214/1532 303/1533
f 170/1534 169/1535 187/1536
f 187/1537 169/1538 169/1539
f 187/1540 169/1541 254/1542
f 254/1543 169/1544 168/1545
f 254/1546 168/1547 256/1548
f 256/1549 168/1550 167/1551
f 256/1552 167/1553 258/1554
f 258/1555 167/1556 166/1557
f 258/1558 166/1559 260/1560
f 260/1561 166/1562 165/1563
f 260/1564 165/1565 262/1566
f 262/1567 165/1568 164/1569
f 262/1570 164/1571 264/1572
f 264/1573 164/1574 163/1575
f 264/1576 163/1577 266/1578
f 266/1579 163/1580 162/1581
f 266/1582 162/1583 268/1584
f 268/1585 162/1586 161/1587
f 268/1588 161/1589 270/1590
f 270/1591 161/1592 160/1593
f 270/1594 160/1595 272/1596
f 272/1597 160/1598 159/1599
f 272/1600 159/1601 274/1602
f 274/1603 159/1604 158/1605
f 274/1606 158/1607 183/1608
f 281/1609 279/1610 301/1611
f 301/1612 279/1613 279/1614
f 301/1615 279/1616 299/1617
f 299/1618 279/1619 277/1620
f 299/1621 277/1622 184/1623
f 184/1624 277/1625 183/1626
f 176/1627 177/1628 302/1629
f 302/1630 177/1631 230/1632
f 3/1633 2/1634 304/1635
f 304/1636 2/1637 2/1638
f 304/1639 2/1640 305/1641
f 305/1642 2/1643 306/1644
f 3/1645 304/1646 1/1647
f 1/1648 304/1649 304/1650
f 1/1651 304/1652 307/1653
f 307/1654 304/1655 304/1656
f 307/1657 304/1658 308/1659
f 308/1660 304/1661 309/1662
f 308/1663 309/1664 310/1665
f 310/1666 309/1667 309/1668
f 310/1669 309/1670 311/1671
f 311/1672 309/1673 312/1674
f 1/1675 307/1676 313/1677
f 313/1678 307/1679 314/1680
f 313/1681 314/1682 315/1683
f 316/1684 306/1685 236/1686
f 236/1687 306/1688 306/1689
f 236/1690 306/1691 210/1692
f 210/1693 306/1694 306/1695
f 210/1696 306/1697 205/1698
f 205/1699 306/1700 306/1701
f 205/1702 306/1703 317/1704
f 317/1705 306/1706 306/1707
f 317/1708 306/1709 318/1710
f 318/1711 306/1712 306/1713
f 318/1714 306/1715 319/1716
f 319/1717 306/1718 306/1719
f 319/1720 306/1721 320/1722
f 320/1723 306/1724 306/1725
f 320/1726 306/1727 321/1728
f 321/1729 306/1730 306/1731
f 321/1732 306/1733 322/1734
f 322/1735 306/1736 306/1737
f 322/1738 306/1739 323/1740
f 323/1741 306/1742 306/1743
f 323/1744 306/1745 324/1746
f 324/1747 306/1748 306/1749
f 324/1750 306/1751 325/1752
f 325/1753 306/1754 2/1755
f 325/1756 2/1757 326/1758
f 306/1759 316/1760 305/1761
f 305/1762 316/1763 327/1764
f 305/1765 327/1766 328/1767
f 328/1768 327/1769 329/1770
f 328/1771 329/1772 330/1773
f 305/1774 328/1775 304/1776
f 304/1777 328/1778 309/1779
f 227/1780 226/1781 331/1782
f 331/1783 226/1784 226/1785
f 331/1786 226/1787 332/1788
f 332/1789 226/1790 225/1791
f 332/1792 225/1793 333/1794
f 333/1795 225/1796 224/1797
f 333/1798 224/1799 334/1800
f 334/1801 224/1802 235/1803
f 334/1804 235/1805 335/1806
f 335/1807 235/1808 237/1809
f 335/1810 237/1811 336/1812
f 336/1813 237/1814 327/1815
f 336/1816 327/1817 337/1818
f 337/1819 327/1820 338/1821
f 337/1822 338/1823 339/1824
f 339/1825 338/1826 340/1827
f 339/1828 340/1829 341/1830
f 341/1831 340/1832 342/1833
f 341/1834 342/1835 343/1836
f 343/1837 342/1838 344/1839
f 343/1840 344/1841 345/1842
f 345/1843 344/1844 346/1845
f 345/1846 346/1847 347/1848
f 347/1849 346/1850 348/1851
f 347/1852 348/1853 349/1854
f 349/1855 348/1856 350/1857
f 349/1858 350/1859 351/1860
f 351/1861 350/1862 352/1863
f 351/1864 352/1865 353/1866
f 353/1867 352/1868 354/1869
f 353/1870 354/1871 355/1872
f 355/1873 354/1874 356/1875
f 355/1876 356/1877 357/1878
f 357/1879 356/1880 358/1881
f 357/1882 358/1883 359/1884
f 359/1885 358/1886 360/1887
f 359/1888 360/1889 361/1890
f 361/1891 360/1892 308/1893
f 361/1894 308/1895 362/1896
f 362/1897 308/1898 310/1899
f 227/1900 331/1901 228/1902
f 228/1903 331/1904 363/1905
f 228/1906 363/1907 229/1908
f 229/1909 363/1910 364/1911
f 229/1912 364/1913 231/1914
f 231/1915 364/1916 365/1917
f 231/1918 365/1919 232/1920
f 232/1921 365/1922 366/1923
f 232/1924 366/1925 233/1926
f 233/1927 366/1928 367/1929
f 233/1930 367/1931 329/1932
f 329/1933 367/1934 368/1935
f 329/1936 368/1937 369/1938
f 369/1939 368/1940 370/1941
f 369/1942 370/1943 371/1944
f 371/1945 370/1946 372/1947
f 371/1948 372/1949 373/1950
f 373/1951 372/1952 374/1953
f 373/1954 374/1955 375/1956
f 375/1957 374/1958 376/1959
f 375/1960 376/1961 377/1962
f 377/1963 376/1964 378/1965
f 377/1966 378/1967 379/1968
f 379/1969 378/1970 380/1971
f 379/1972 380/1973 381/1974
f 381/1975 380/1976 382/1977
f 381/1978 382/1979 383/1980
f 383/1981 382/1982 384/1983
f 383/1984 384/1985 385/1986
f 385/1987 384/1988 386/1989
f 385/1990 386/1991 387/1992
f 387/1993 386/1994 388/1995
f 387/1996 388/1997 389/1998
f 389/1999 388/2000 390/2001
f 389/2002 390/2003 391/2004
f 391/2005 390/2006 392/2007
f 391/2008 392/2009 311/2010
f 311/2011 392/2012 362/2013
f 311/2014 362/2015 310/2016
f 237/2017 233/2018 327/2019
f 327/2020 233/2021 329/2022
f 368/2023 367/2024 370/2025
f 370/2026 367/2027 366/2028
f 370/2029 366/2030 372/2031
f 372/2032 366/2033 365/2034
f 372/2035 365/2036 374/2037
f 374/2038 365/2039 364/2040
f 374/2041 364/2042 376/2043
f 376/2044 364/2045 363/2046
f 376/2047 363/2048 378/2049
f 378/2050 363/2051 331/2052
f 378/2053 331/2054 380/2055
f 380/2056 331/2057 332/2058
f 380/2059 332/2060 382/2061
f 382/2062 332/2063 333/2064
f 382/2065 333/2066 384/2067
f 384/2068 333/2069 334/2070
f 384/2071 334/2072 386/2073
f 386/2074 334/2075 335/2076
f 386/2077 335/2078 388/2079
f 388/2080 335/2081 336/2082
f 388/2083 336/2084 390/2085
f 390/2086 336/2087 337/2088
f 390/2089 337/2090 392/2091
f 392/2092 337/2093 339/2094
f 392/2095 339/2096 362/2097
f 362/2098 339/2099 341/2100
f 362/2101 341/2102 361/2103
f 361/2104 341/2105 343/2106
f 361/2107 343/2108 359/2109
f 359/2110 343/2111 345/2112
f 359/2113 345/2114 357/2115
f 357/2116 345/2117 347/2118
f 357/2119 347/2120 355/2121
f 355/2122 347/2123 349/2124
f 355/2125 349/2126 353/2127
f 353/2128 349/2129 351/2130
f 329/2131 369/2132 330/2133
f 330/2134 369/2135 371/2136
f 330/2137 371/2138 330/2139
f 330/2140 371/2141 373/2142
f 330/2143 373/2144 330/2145
f 330/2146 373/2147 375/2148
f 330/2149 375/2150 330/2151
f 330/2152 375/2153 377/2154
f 330/2155 377/2156 312/2157
f 312/2158 377/2159 379/2160
f 312/2161 379/2162 312/2163
f 312/2164 379/2165 381/2166
f 312/2167 381/2168 312/2169
f 312/2170 381/2171 383/2172
f 312/2173 383/2174 312/2175
f 312/2176 383/2177 385/2178
f 312/2179 385/2180 312/2181
f 312/2182 385/2183 387/2184
f 312/2185 387/2186 312/2187
f 312/2188 387/2189 389/2190
f 312/2191 389/2192 312/2193
f 312/2194 389/2195 391/2196
f 312/2197 391/2198 311/2199
f 330/2200 312/2201 328/2202
f 328/2203 312/2204 309/2205
f 316/2206 393/2207 327/2208
f 327/2209 393/2210 393/2211
f 327/2212 393/2213 338/2214
f 338/2215 393/2216 394/2217
f 338/2218 394/2219 340/2220
f 340/2221 394/2222 395/2223
f 340/2224 395/2225 342/2226
f 342/2227 395/2228 396/2229
f 342/2230 396/2231 344/2232
f 344/2233 396/2234 397/2235
f 344/2236 397/2237 346/2238
f 346/2239 397/2240 398/2241
f 346/2242 398/2243 348/2244
f 348/2245 398/2246 399/2247
f 348/2248 399/2249 350/2250
f 350/2251 399/2252 400/2253
f 350/2254 400/2255 352/2256
f 352/2257 400/2258 401/2259
f 352/2260 401/2261 354/2262
f 354/2263 401/2264 402/2265
f 354/2266 402/2267 356/2268
f 356/2269 402/2270 403/2271
f 356/2272 403/2273 358/2274
f 358/2275 403/2276 307/2277
f 358/2278 307/2279 360/2280
f 360/2281 307/2282 308/2283
f 241/2284 243/2285 30/2286
f 30/2287 243/2288 243/2289
f 30/2290 243/2291 28/2292
f 28/2293 243/2294 246/2295
f 28/2296 246/2297 26/2298
f 26/2299 246/2300 247/2301
f 26/2302 247/2303 24/2304
f 24/2305 247/2306 205/2307
f 24/2308 205/2309 22/2310
f 22/2311 205/2312 317/2313
f 22/2314 317/2315 20/2316
f 20/2317 317/2318 318/2319
f 20/2320 318/2321 18/2322
f 18/2323 318/2324 319/2325
f 18/2326 319/2327 16/2328
f 16/2329 319/2330 320/2331
f 16/2332 320/2333 14/2334
f 14/2335 320/2336 321/2337
f 14/2338 321/2339 12/2340
f 12/2341 321/2342 322/2343
f 12/2344 322/2345 10/2346
f 10/2347 322/2348 323/2349
f 10/2350 323/2351 8/2352
f 8/2353 323/2354 324/2355
f 8/2356 324/2357 6/2358
f 6/2359 324/2360 325/2361
f 6/2362 325/2363 4/2364
f 4/2365 325/2366 326/2367
f 4/2368 326/2369 5/2370
f 5/2371 326/2372 2/2373
f 5/2374 2/2375 7/2376
f 7/2377 2/2378 2/2379
f 7/2380 2/2381 9/2382
f 9/2383 2/2384 1/2385
f 9/2386 1/2387 11/2388
f 11/2389 1/2390 313/2391
f 11/2392 313/2393 13/2394
f 13/2395 313/2396 315/2397
f 13/2398 315/2399 15/2400
f 30/2401 32/2402 241/2403
f 241/2404 32/2405 32/2406
f 241/2407 32/2408 239/2409
f 239/2410 32/2411 34/2412
f 239/2413 34/2414 223/2415
f 223/2416 34/2417 36/2418
f 223/2419 36/2420 234/2421
f 234/2422 36/2423 38/2424
f 234/2425 38/2426 236/2427
f 236/2428 38/2429 38/2430
f 236/2431 38/2432 316/2433
f 316/2434 38/2435 40/2436
f 316/2437 40/2438 393/2439
f 393/2440 40/2441 41/2442
f 393/2443 41/2444 394/2445
f 394/2446 41/2447 39/2448
f 394/2449 39/2450 395/2451
f 395/2452 39/2453 37/2454
f 395/2455 37/2456 396/2457
f 396/2458 37/2459 35/2460
f 396/2461 35/2462 397/2463
f 397/2464 35/2465 33/2466
f 397/2467 33/2468 398/2469
f 398/2470 33/2471 31/2472
f 398/2473 31/2474 399/2475
f 399/2476 31/2477 29/2478
f 399/2479 29/2480 400/2481
f 400/2482 29/2483 27/2484
f 400/2485 27/2486 401/2487
f 401/2488 27/2489 25/2490
f 401/2491 25/2492 402/2493
f 402/2494 25/2495 23/2496
f 402/2497 23/2498 403/2499
f 403/2500 23/2501 21/2502
f 403/2503 21/2504 307/2505
f 307/2506 21/2507 19/2508
f 307/2509 19/2510 314/2511
f 314/2512 19/2513 17/2514
f 314/2515 17/2516 315/2517
f 315/2518 17/2519 15/2520
f 303/2521 214/2522 76/2523
f 76/2524 214/2525 214/2526
f 76/2527 214/2528 74/2529
f 74/2530 214/2531 175/2532
f 74/2533 175/2534 90/2535
f 90/2536 175/2537 174/2538
f 90/2539 174/2540 93/2541
f 93/2542 174/2543 174/2544
f 93/2545 174/2546 76/2547
f 76/2548 174/2549 303/2550
f 88/2551 91/2552 87/2553
f 87/2554 91/2555 91/2556
f 87/2557 91/2558 84/2559
f 84/2560 91/2561 79/2562
f 84/2563 79/2564 80/2565
f 80/2566 79/2567 79/2568
f 80/2569 79/2570 81/2571
f 81/2572 79/2573 78/2574
f 81/2575 78/2576 87/2577
f 87/2578 78/2579 88/2580
