# Exported from USD for MuJoCo with source material subsets
v 10.095626 3.87691082 0.900000226
v 10.3256259 3.8769113 0.878750277
v 10.3216259 3.8769113 0.900000226
v 10.3256255 4.29691137 0.925000322
v 10.3256255 4.29691137 0.878750277
v 10.3216256 4.29691137 0.900000226
v 10.3206259 3.8769113 0.740537775
v 9.85562613 3.87691082 0.740537655
v 10.3206259 3.8769113 0.542885435
v 10.0956263 3.50691141 0.800000322
v 10.0656262 3.60694517 0.800000322
v 10.0956262 3.60694517 0.800000322
v 9.94562605 3.87691082 0.900000107
v 10.045626 3.87691082 0.900000107
v 10.3156258 3.88691105 0.900000226
v 10.3256259 3.8769113 0.925000322
v 10.0456265 3.27691139 0.800000262
v 10.045626 3.87691082 0.800000262
v 10.0656263 3.50691141 0.800000322
v 10.3216256 4.29691137 0.925000322
v 10.3206259 3.87593235 0.549065721
v 10.0956261 3.69692816 0.900000226
v 10.0956263 3.5019113 0.780000222
v 10.0956263 3.50691141 0.7600003
v 10.0956264 3.44691099 0.765000296
v 10.0956264 3.42691101 0.7600003
v 9.51562652 3.87691034 0.0500005007
v 10.3256261 3.8769113 0.0500007391
v 9.94562611 3.87691082 0.800000262
v 9.89562616 3.87691082 0.800000262
v 9.85562613 3.87691082 0.745537651
v 10.3206259 3.8769113 0.800000381
v 10.3256259 3.8769113 0.800000381
v 10.3206263 3.45118631 0.791746449
v 10.3206263 3.44691099 0.792500389
v 10.3206262 3.48691143 0.792500389
v 9.8956261 3.87691082 0.900000107
v 9.85562613 3.88691057 0.900000107
v 10.0656264 3.42691101 0.800000322
v 10.0956265 3.27691139 0.800000322
v 10.0956263 3.47213902 0.782605004
v 10.0956264 3.46191134 0.780000222
v 10.0956263 3.47213902 0.777395558
v 10.0956264 3.42691101 0.800000322
v 10.0956265 3.27691139 0.847500277
v 10.3216256 4.25691046 0.965000254
v 9.85562613 3.87691082 0.900000107
v 10.3206264 3.3769113 0.745537829
v 10.3206264 3.37779202 0.740537775
v 10.3206264 3.37790407 0.739314806
v 10.3206263 3.49130882 0.719809604
v 10.0956264 3.43213905 0.777395558
v 10.0956261 3.69692816 0.847500277
v 9.94562658 3.27691139 0.900000107
v 10.325626 3.8769113 0.542885435
v 10.3216259 3.8769113 0.925000322
v 10.3216259 3.91691126 0.965000254
v 9.89562657 3.27691139 0.900000107
v 10.3206261 3.62694515 0.792500389
v 10.3206263 3.39691128 0.800000381
v 10.320626 3.69692816 0.800000381
v 10.3156255 4.29691137 0.900000226
v 10.3256258 4.29691137 0.0500007391
v 10.3156258 4.29691137 0.100000691
v 10.3156261 3.88691105 0.100000691
v 9.85562595 4.29691042 0.100000453
v 9.85562595 4.28691067 0.100000453
v 9.85562572 4.28691067 0.97000019
v 9.7656261 3.88691057 0.97000013
v 9.85562607 3.88691057 0.97000019
v 9.85562601 3.87691082 1.25
v 9.85562566 4.29691042 1.25
v 9.5156258 4.29691042 1.13999988
v 9.62562576 4.29691042 1.24999988
v 9.62562611 3.87691082 1.24999988
v 9.55102613 4.13991036 1.17540015
v 9.59062412 4.13991036 1.21499817
v 9.55102631 4.03391041 1.17540015
v 10.095626 3.87691082 0.800000322
v 10.065626 3.82691111 0.800000322
v 10.0656261 3.74691118 0.800000322
v 10.0656262 3.64694513 0.800000322
v 10.095626 3.82691111 0.800000322
v 10.095626 3.87691082 0.847500277
v 10.0956261 3.74691118 0.800000322
v 10.0956261 3.69692816 0.800000322
v 10.0956262 3.64694513 0.800000322
v 10.0956262 3.60694517 0.7600003
v 10.0956262 3.64694513 0.7600003
v 10.0956262 3.62694515 0.765000296
v 10.0956262 3.61217321 0.777395558
v 10.0956262 3.64194502 0.780000222
v 10.0956261 3.74691118 0.7600003
v 10.0956261 3.75213875 0.777395558
v 10.095626 3.82691111 0.7600003
v 10.0956261 3.76691116 0.765000296
v 10.0956261 3.78191055 0.780000222
v 10.0956261 3.79213871 0.777395558
v 10.0956261 3.79213871 0.782605004
v 10.095626 3.82191052 0.780000222
v 10.3206259 3.76691116 0.792500389
v 10.2980214 3.88713898 0.0500007391
v 10.3147215 3.90704168 0.0500007391
v 10.3032308 3.91668333 0.0500007391
v 10.2980214 3.91668333 0.0500007391
v 10.3006258 4.25691046 0.0500007391
v 9.54323092 4.28701414 0.0500005007
v 9.5156261 4.29691042 0.0500005007
v 9.53791681 3.91677536 0.0500005007
v 9.54062614 4.25724234 0.0500005007
v 9.54312625 3.91677536 0.0500005007
v 9.52552148 3.90200295 0.0500005007
v 9.9456273 2.53691138 0.800000262
v 9.94562688 3.02691115 0.800000262
v 9.94562724 2.53691138 0.900000107
v 9.7656264 3.88691057 0.100000453
v 9.76562598 4.28691067 0.100000453
v 9.94562658 3.31691135 0.800000262
v 9.94562658 3.31691135 0.900000107
v 9.94562676 3.1269113 0.800000262
v 10.285625 5.09691061 0.17500062
v 10.310625 5.09691061 0.17500062
v 10.285625 5.09691061 0.160000634
v 10.3056264 3.18691172 0.800000381
v 10.305627 2.53691162 0.800000381
v 10.3056269 2.63691153 0.835000288
v 8.75562754 2.48691048 1.74999939
v 8.75683382 2.48006977 1.74999939
v 8.75562754 2.48691048 1.75699939
v 8.75683382 2.49375071 1.75699939
v 9.08683374 2.48007025 1.74999951
v 9.08562746 2.48691072 1.7569995
v 9.08562746 2.48691072 1.74999951
v 9.08683374 2.49375094 1.7569995
v 9.72562721 2.48691119 1.72999964
v 9.72502407 2.48349108 1.72999964
v 9.72562727 2.48691119 1.26199989
v 9.70562729 2.48691119 1.26199989
v 9.70623043 2.48349108 1.26199989
v 9.70562717 2.48691119 1.72999964
v 9.70623025 2.48349108 1.75699962
v 9.70562705 2.48691119 2.05699952
v 9.70562717 2.48691119 1.75699962
v 9.70623013 2.49033155 2.05699952
v 8.6656287 1.64191069 0.89999975
v 9.21562782 2.26191081 0.899999928
v 9.18562785 2.26191081 0.899999928
v 9.18562749 2.68191065 0.899999928
v 8.69562819 2.26191033 0.89999975
v 8.69562819 2.26191033 0.859999788
v 8.66562822 2.26191033 0.859999788
v 8.69562772 2.68191017 0.859999788
v 9.30562773 2.26191129 0.860000026
v 9.27562776 2.26191081 0.860000026
v 9.30562737 2.68191065 0.860000026
v 9.18562785 2.26191081 0.859999967
v 9.18562749 2.68191065 0.859999967
v 9.21562782 2.26191081 0.860000026
v 9.21562746 2.71191062 0.860000026
v 9.21562746 2.71191062 0.899999928
v 8.69562772 2.68191017 0.89999975
v 8.66562822 2.26191033 0.89999975
v 9.27562776 2.26191081 0.899999928
v 9.82562813 1.64191164 0.900000048
v 9.30562773 2.26191129 0.899999928
v 9.82562759 2.26191129 0.900000048
v 9.79562762 2.26191129 0.900000048
v 9.7956272 2.68191113 0.900000048
v 9.79562762 2.26191129 0.860000086
v 9.7956272 2.68191113 0.860000086
v 9.82562759 2.26191129 0.860000086
v 9.82562718 2.7119111 0.860000086
v 9.82562718 2.7119111 0.900000048
v 9.30562737 2.68191065 0.899999928
v 8.92888132 2.4911858 2.26199926
v 8.92812755 2.48691072 1.46199963
v 8.92812755 2.48691072 2.26199926
v 8.92888155 2.48263516 1.46199963
v 8.76623073 2.48349012 1.45699951
v 8.76562753 2.48691048 2.25699903
v 8.76562765 2.48691048 1.45699951
v 8.76623049 2.49033059 2.25699903
v 9.09623065 2.4834906 1.45699963
v 9.09562745 2.48691072 2.25699927
v 9.09562757 2.48691072 1.45699963
v 9.09623042 2.49033083 2.25699927
v 9.37623027 2.49033107 2.05699952
v 9.37562755 2.48691095 1.25699988
v 9.37562719 2.48691095 2.05699952
v 9.37623051 2.4834906 1.25699988
v 10.2856248 5.09691061 0.855000329
v 9.89562502 5.09691013 0.85500021
v 9.89562502 5.09691013 0.885000181
v 9.87062505 5.09691013 0.900000107
v 9.89562502 5.09691013 0.900000107
v 10.2856248 5.09691061 0.8850003
v 9.89562568 4.29691042 0.900000107
v 9.8706257 4.29691042 0.900000107
v 9.89562568 4.29691042 0.885000181
v 9.87062505 5.09691013 0.840000224
v 9.89562502 5.09691013 0.840000224
v 9.89562568 4.29691042 0.840000224
v 9.89562568 4.29691042 0.85500021
v 9.8706257 4.29691042 0.840000224
v 10.2856256 4.29691042 0.855000329
v 10.2856256 4.29691042 0.8850003
v 10.3106255 4.29691042 0.900000226
v 10.2856256 4.29691042 0.900000226
v 10.2856248 5.09691061 0.900000226
v 10.3106248 5.09691061 0.900000226
v 10.3106255 4.29691042 0.840000284
v 10.3106248 5.09691061 0.840000284
v 10.2856256 4.29691042 0.840000284
v 10.2856248 5.09691061 0.840000284
v 10.285625 5.09691061 0.130000544
v 9.8956252 5.09691013 0.130000544
v 9.8956252 5.09691013 0.160000515
v 9.87062517 5.09691013 0.175000501
v 9.89562514 5.09691013 0.175000501
v 9.89562592 4.29691042 0.175000501
v 9.87062588 4.29691042 0.175000501
v 9.89562592 4.29691042 0.160000515
v 9.87062523 5.09691013 0.115000558
v 9.8956252 5.09691013 0.115000558
v 9.89562592 4.29691042 0.115000558
v 9.89562592 4.29691042 0.130000544
v 9.87062588 4.29691042 0.115000558
v 10.2856258 4.29691042 0.130000544
v 10.2856258 4.29691042 0.160000634
v 10.3106257 4.29691042 0.17500062
v 10.2856258 4.29691042 0.17500062
v 10.3106257 4.29691042 0.115000558
v 10.310625 5.09691061 0.115000558
v 10.2856258 4.29691042 0.115000558
v 10.285625 5.09691061 0.115000558
v 9.5284197 2.47542919 2.54999931
v 9.57531139 2.49087085 2.54999931
v 9.57283428 2.49839319 2.54999931
v 9.57283452 2.49839319 1.74999962
v 9.57531163 2.49087085 1.74999962
v 9.52841994 2.47542919 1.74999962
v 9.53686431 2.46439137 1.74999962
v 9.53648588 2.46391191 1.74999962
v 9.52762809 2.47276939 1.74999962
v 9.53686413 2.46439137 2.54999931
v 9.52762785 2.47276939 2.54999931
v 9.53648564 2.46391191 2.54999931
v 9.57314691 2.47314824 1.74999962
v 9.57362643 2.47276987 1.74999962
v 9.56476858 2.46391191 1.74999962
v 9.57314667 2.47314824 2.54999931
v 9.56476834 2.46391191 2.54999931
v 9.57362619 2.47276987 2.54999931
v 9.52810761 2.50067391 1.74999962
v 9.52762797 2.50105228 1.74999962
v 9.53648582 2.50991024 1.74999962
v 9.52810731 2.50067391 2.54999931
v 9.53648564 2.50991024 2.54999931
v 9.52762785 2.50105228 2.54999931
v 8.96531155 2.49087037 2.54999895
v 8.9628345 2.49839272 2.54999895
v 8.91841998 2.47542848 2.54999895
v 8.96283474 2.49839272 1.74999951
v 8.96531179 2.49087037 1.74999951
v 8.91842022 2.47542848 1.74999951
v 8.92686465 2.46439089 1.74999951
v 8.92648616 2.46391143 1.74999951
v 8.91762855 2.47276892 1.74999951
v 8.92686441 2.46439089 2.54999895
v 8.9176282 2.47276892 2.54999895
v 8.92648604 2.46391143 2.54999895
v 8.96314731 2.47314753 1.74999951
v 8.96362665 2.47276892 1.74999951
v 8.9547688 2.46391143 1.74999951
v 8.96314695 2.47314753 2.54999895
v 8.95476857 2.46391143 2.54999895
v 8.96362653 2.47276892 2.54999895
v 8.91810778 2.50067319 1.74999951
v 8.91762832 2.5010518 1.74999951
v 8.92648604 2.50990976 1.74999951
v 8.91810766 2.50067319 2.54999895
v 8.92648592 2.50990976 2.54999895
v 8.91762808 2.5010518 2.54999895
v 10.3216256 4.294953 0.937360954
v 10.3216256 4.28927149 0.948511732
v 10.3216256 4.26927151 0.963042539
v 10.3216256 4.28042234 0.957360965
v 9.82562718 2.39691152 1.79999964
v 9.7956272 2.39691152 1.79999964
v 9.82562747 2.39691152 0.900000048
v 9.7956275 2.39691152 0.900000048
v 9.82562712 2.42691149 1.79999964
v 9.79562709 2.42691149 1.79999964
v 9.27562716 2.57691063 1.7999994
v 9.2756274 2.5469109 1.7999994
v 9.30562725 2.57691063 1.79999949
v 9.30562725 2.5469109 1.79999949
v 9.27562752 2.57691063 0.899999928
v 9.30562749 2.57691063 0.899999928
v 9.27562764 2.5469109 0.899999928
v 9.30562749 2.5469109 0.899999928
v 9.27562752 2.42691101 1.7999994
v 9.27562752 2.3969108 1.7999994
v 9.30562737 2.42691101 1.79999949
v 9.30562737 2.3969108 1.79999949
v 9.27562764 2.42691101 0.899999928
v 9.30562761 2.42691101 0.899999928
v 9.27562764 2.3969108 0.899999928
v 9.30562761 2.3969108 0.899999928
v 9.18562725 2.57691063 1.7999994
v 9.18562725 2.54691066 1.7999994
v 9.21562746 2.57691063 1.7999994
v 9.21562746 2.54691066 1.7999994
v 9.18562761 2.57691063 0.899999928
v 9.21562758 2.57691063 0.899999928
v 9.18562761 2.54691066 0.899999928
v 9.21562758 2.54691066 0.899999928
v 9.18562749 2.42691053 1.7999994
v 9.18562749 2.39691056 1.7999994
v 9.21562746 2.42691101 1.7999994
v 9.21562746 2.3969108 1.7999994
v 9.18562773 2.42691053 0.899999928
v 9.2156277 2.42691101 0.899999928
v 9.18562773 2.39691056 0.899999928
v 9.2156277 2.3969108 0.899999928
v 8.66562775 2.57691015 1.79999928
v 8.66562775 2.54691018 1.79999928
v 8.6956276 2.57691015 1.79999928
v 8.69562772 2.54691018 1.79999928
v 8.66562798 2.57691015 0.89999975
v 8.69562784 2.57691015 0.89999975
v 8.66562798 2.54691018 0.89999975
v 8.69562796 2.54691018 0.89999975
v 8.66562775 2.4269103 1.79999928
v 8.66562775 2.39691032 1.79999928
v 8.69562772 2.4269103 1.79999928
v 8.69562772 2.39691032 1.79999928
v 8.66562798 2.4269103 0.89999975
v 8.69562796 2.4269103 0.89999975
v 8.6656281 2.39691032 0.89999975
v 8.69562796 2.39691032 0.89999975
v 9.76562699 2.6269113 1.69999988
v 9.76562699 2.6269113 1.72999976
v 9.79562703 2.6269113 1.69999988
v 9.79562703 2.6269113 1.72999976
v 9.76562723 2.34691133 1.69999988
v 9.7956272 2.34691133 1.69999988
v 9.76562723 2.34691133 1.72999976
v 9.7956272 2.34691133 1.72999976
v 9.30562725 2.62691058 1.69999976
v 9.30562725 2.62691058 1.72999964
v 9.33562723 2.62691058 1.69999976
v 9.33562723 2.62691058 1.72999964
v 9.30562749 2.34691085 1.69999976
v 9.33562746 2.34691085 1.69999976
v 9.30562749 2.34691085 1.72999964
v 9.33562746 2.34691085 1.72999964
v 9.1556274 2.62691058 1.69999963
v 9.1556274 2.62691058 1.72999949
v 9.18562725 2.62691058 1.69999963
v 9.18562725 2.62691058 1.72999949
v 9.15562764 2.34691061 1.69999963
v 9.18562749 2.34691061 1.69999963
v 9.15562764 2.34691061 1.72999949
v 9.18562749 2.34691061 1.72999949
v 8.6956276 2.62691011 1.69999951
v 8.6956276 2.62691011 1.72999941
v 8.72562745 2.62691011 1.69999951
v 8.72562745 2.62691011 1.72999941
v 8.69562784 2.34691037 1.69999951
v 8.72562769 2.34691037 1.69999951
v 8.69562784 2.34691037 1.72999941
v 8.72562769 2.34691037 1.72999941
v 8.91553083 2.51047553 1.74999951
v 8.91706243 2.51200737 1.74999951
v 8.91458741 2.50852551 1.74999951
v 8.91433719 2.50637402 1.74999951
v 8.91901222 2.51295079 1.74999951
v 8.92116394 2.51320066 1.74999951
v 8.92327812 2.51273026 1.74999951
v 8.9251205 2.51159109 1.74999951
v 8.91480782 2.50425972 1.74999951
v 8.91594699 2.50241746 1.74999951
v 8.91553059 2.51047553 2.54999895
v 8.91458717 2.50852551 2.54999895
v 8.91706219 2.51200737 2.54999895
v 8.91433695 2.50637402 2.54999895
v 8.91901198 2.51295079 2.54999895
v 8.92116359 2.51320066 2.54999895
v 8.92327788 2.51273026 2.54999895
v 8.92512026 2.51159109 2.54999895
v 8.91480747 2.50425972 2.54999895
v 8.91594675 2.50241746 2.54999895
v 8.92737022 2.50908722 1.74999951
v 8.91862514 2.49958242 1.74999951
v 8.92856636 2.50892319 1.74999951
v 8.92914548 2.50911774 1.74999951
v 8.93666783 2.51159491 1.74999951
v 8.94458726 2.51159491 1.74999951
v 8.95210948 2.50911774 1.74999951
v 8.95329943 2.5089127 1.74999951
v 8.96691778 2.50637426 1.74999951
v 8.95439043 2.5094303 1.74999951
v 8.9547688 2.50990976 1.74999951
v 8.96666744 2.50852598 1.74999951
v 8.96572426 2.51047553 1.74999951
v 8.96419266 2.51200737 1.74999951
v 8.95613459 2.51159109 1.74999951
v 8.95797685 2.51273026 1.74999951
v 8.96224275 2.51295079 1.74999951
v 8.96009114 2.51320089 1.74999951
v 8.96644726 2.50425972 1.74999951
v 8.96530798 2.50241746 1.74999951
v 8.96362665 2.5010518 1.74999951
v 8.96280423 2.50016798 1.74999951
v 8.96264043 2.4989716 1.74999951
v 8.91842022 2.49839272 1.74999951
v 8.91594317 2.49087013 1.74999951
v 8.92736986 2.50908722 2.54999895
v 8.91862491 2.49958242 2.54999895
v 8.92856624 2.50892319 2.54999895
v 8.92914524 2.50911774 2.54999895
v 8.93666747 2.51159491 2.54999895
v 8.94458714 2.51159491 2.54999895
v 8.95210925 2.50911774 2.54999895
v 8.95329907 2.5089127 2.54999895
v 8.96691754 2.50637426 2.54999895
v 8.9543902 2.5094303 2.54999895
v 8.95476857 2.50990976 2.54999895
v 8.96666732 2.50852598 2.54999895
v 8.9657239 2.51047553 2.54999895
v 8.96419242 2.51200737 2.54999895
v 8.95613435 2.51159109 2.54999895
v 8.95797661 2.51273026 2.54999895
v 8.96224251 2.51295079 2.54999895
v 8.9600909 2.51320089 2.54999895
v 8.96644702 2.50425972 2.54999895
v 8.96530786 2.50241746 2.54999895
v 8.96362653 2.5010518 2.54999895
v 8.96280399 2.50016798 2.54999895
v 8.96264019 2.4989716 2.54999895
v 8.91841998 2.49839272 2.54999895
v 8.91594293 2.49087013 2.54999895
v 8.96419242 2.46181358 2.54999895
v 8.96572402 2.46334542 2.54999895
v 8.96224251 2.46087064 2.54999895
v 8.96009102 2.4606203 2.54999895
v 8.95797661 2.4610907 2.54999895
v 8.96666744 2.46529545 2.54999895
v 8.95613435 2.4622301 2.54999895
v 8.96691754 2.4674467 2.54999895
v 8.96644702 2.46956123 2.54999895
v 8.96530786 2.47140349 2.54999895
v 8.96419266 2.46181358 1.74999951
v 8.96224275 2.46087064 1.74999951
v 8.96572426 2.46334542 1.74999951
v 8.96009114 2.4606203 1.74999951
v 8.95797685 2.4610907 1.74999951
v 8.96666756 2.46529545 1.74999951
v 8.95613459 2.4622301 1.74999951
v 8.9669179 2.4674467 1.74999951
v 8.96644726 2.46956123 1.74999951
v 8.9653081 2.47140349 1.74999951
v 8.95388499 2.46473397 1.74999951
v 8.96262994 2.47423853 1.74999951
v 8.96283486 2.47542872 1.74999951
v 8.96531191 2.48295058 1.74999951
v 8.95268884 2.46489777 1.74999951
v 8.95210972 2.46470322 1.74999951
v 8.94458738 2.46222605 1.74999951
v 8.91861477 2.47484936 1.74999951
v 8.91845074 2.47365321 1.74999951
v 8.93666783 2.46222605 1.74999951
v 8.92914548 2.46470322 1.74999951
v 8.92795565 2.46490826 1.74999951
v 8.95388475 2.46473397 2.54999895
v 8.9626297 2.47423853 2.54999895
v 8.96283462 2.47542872 2.54999895
v 8.96531167 2.48295058 2.54999895
v 8.95268848 2.46489777 2.54999895
v 8.95210936 2.46470322 2.54999895
v 8.94458726 2.46222605 2.54999895
v 8.91861453 2.47484936 2.54999895
v 8.91845062 2.47365321 2.54999895
v 8.93666747 2.46222605 2.54999895
v 8.92914524 2.46470322 2.54999895
v 8.92795542 2.46490826 2.54999895
v 8.923278 2.4610907 2.54999895
v 8.92512038 2.4622301 2.54999895
v 8.92116359 2.4606203 2.54999895
v 8.9190121 2.4608704 2.54999895
v 8.91706231 2.46181358 2.54999895
v 8.91553059 2.46334542 2.54999895
v 8.91458717 2.46529521 2.54999895
v 8.91433695 2.4674467 2.54999895
v 8.9148077 2.469561 2.54999895
v 8.91594675 2.47140326 2.54999895
v 8.92327824 2.4610907 1.74999951
v 8.92116394 2.4606203 1.74999951
v 8.92512062 2.4622301 1.74999951
v 8.91901245 2.4608704 1.74999951
v 8.91706255 2.46181358 1.74999951
v 8.91553083 2.46334542 1.74999951
v 8.91458741 2.46529521 1.74999951
v 8.91433719 2.4674467 1.74999951
v 8.91480794 2.469561 1.74999951
v 8.91594699 2.47140326 1.74999951
v 9.82562741 2.42691149 0.900000048
v 8.91594317 2.48295058 1.74999951
v 8.91594293 2.48295058 2.54999895
v 9.52458712 2.50852646 1.74999962
v 9.52553043 2.51047601 1.74999962
v 9.5243369 2.50637473 1.74999962
v 9.52480748 2.5042602 1.74999962
v 9.52706209 2.51200785 1.74999962
v 9.5259467 2.50241794 1.74999962
v 9.52901199 2.51295127 1.74999962
v 9.53116354 2.51320137 1.74999962
v 9.5332779 2.51273073 1.74999962
v 9.53512016 2.51159157 1.74999962
v 9.52458688 2.50852646 2.54999931
v 9.52433666 2.50637473 2.54999931
v 9.52553025 2.51047601 2.54999931
v 9.5248073 2.5042602 2.54999931
v 9.52706185 2.51200785 2.54999931
v 9.52594653 2.50241794 2.54999931
v 9.52901175 2.51295127 2.54999931
v 9.5311633 2.51320137 2.54999931
v 9.5332776 2.51273073 2.54999931
v 9.53511998 2.51159157 2.54999931
v 9.53736982 2.5090877 1.74999962
v 9.52862486 2.4995829 1.74999962
v 9.53856608 2.5089239 1.74999962
v 9.53914526 2.50911821 1.74999962
v 9.54666742 2.51159538 1.74999962
v 9.55458697 2.51159538 1.74999962
v 9.5621092 2.50911845 1.74999962
v 9.56329909 2.50891365 1.74999962
v 9.5769175 2.50637473 1.74999962
v 9.56439009 2.50943078 1.74999962
v 9.56476858 2.50991024 1.74999962
v 9.57666728 2.50852646 1.74999962
v 9.57572397 2.51047601 1.74999962
v 9.56613424 2.51159157 1.74999962
v 9.56797656 2.51273097 1.74999962
v 9.57009086 2.51320137 1.74999962
v 9.57419231 2.51200785 1.74999962
v 9.57224247 2.51295127 1.74999962
v 9.57644692 2.5042602 1.74999962
v 9.57530769 2.50241818 1.74999962
v 9.57362643 2.50105251 1.74999962
v 9.57280388 2.50016846 1.74999962
v 9.57264003 2.49897231 1.74999962
v 9.52841994 2.49839319 1.74999962
v 9.52594283 2.49087085 1.74999962
v 9.53736958 2.5090877 2.54999931
v 9.52862468 2.4995829 2.54999931
v 9.53856584 2.5089239 2.54999931
v 9.53914502 2.50911821 2.54999931
v 9.54666719 2.51159538 2.54999931
v 9.5545868 2.51159538 2.54999931
v 9.56210902 2.50911845 2.54999931
v 9.56329891 2.50891365 2.54999931
v 9.57691732 2.50637473 2.54999931
v 9.56438991 2.50943078 2.54999931
v 9.56476834 2.50991024 2.54999931
v 9.57666698 2.50852646 2.54999931
v 9.57572368 2.51047601 2.54999931
v 9.566134 2.51159157 2.54999931
v 9.56797632 2.51273097 2.54999931
v 9.57009062 2.51320137 2.54999931
v 9.57419207 2.51200785 2.54999931
v 9.57224223 2.51295127 2.54999931
v 9.57644668 2.5042602 2.54999931
v 9.57530746 2.50241818 2.54999931
v 9.57362613 2.50105251 2.54999931
v 9.5728037 2.50016846 2.54999931
v 9.57263985 2.49897231 2.54999931
v 9.5284197 2.49839319 2.54999931
v 9.52594259 2.49087085 2.54999931
v 9.57009092 2.46062101 1.74999962
v 9.56797662 2.46109118 1.74999962
v 9.57224247 2.46087112 1.74999962
v 9.57419237 2.46181454 1.74999962
v 9.5661343 2.46223082 1.74999962
v 9.57572397 2.4633459 1.74999962
v 9.57666734 2.46529593 1.74999962
v 9.57691762 2.46744742 1.74999962
v 9.57644692 2.46956171 1.74999962
v 9.57530769 2.47140421 1.74999962
v 9.57009068 2.46062101 2.54999931
v 9.57224229 2.46087112 2.54999931
v 9.56797632 2.46109118 2.54999931
v 9.57419207 2.46181454 2.54999931
v 9.56613406 2.46223082 2.54999931
v 9.57572379 2.4633459 2.54999931
v 9.5766671 2.46529593 2.54999931
v 9.57691732 2.46744742 2.54999931
v 9.57644674 2.46956171 2.54999931
v 9.57530752 2.47140421 2.54999931
v 9.56388458 2.46473445 1.74999962
v 9.57262954 2.47423925 1.74999962
v 9.57283452 2.47542919 1.74999962
v 9.57531163 2.4829513 1.74999962
v 9.56268838 2.46489824 1.74999962
v 9.5621092 2.46470393 1.74999962
v 9.55458697 2.46222653 1.74999962
v 9.52861437 2.47484984 1.74999962
v 9.52845052 2.47365369 1.74999962
v 9.54666742 2.46222653 1.74999962
v 9.53914526 2.46470369 1.74999962
v 9.53795537 2.46490873 1.74999962
v 9.56388441 2.46473445 2.54999931
v 9.57262936 2.47423925 2.54999931
v 9.57283428 2.47542919 2.54999931
v 9.57531139 2.4829513 2.54999931
v 9.56268814 2.46489824 2.54999931
v 9.56210902 2.46470393 2.54999931
v 9.5545868 2.46222653 2.54999931
v 9.52861419 2.47484984 2.54999931
v 9.52845034 2.47365369 2.54999931
v 9.54666719 2.46222653 2.54999931
v 9.53914502 2.46470369 2.54999931
v 9.53795507 2.46490873 2.54999931
v 9.5311636 2.46062054 1.74999962
v 9.52901205 2.46087112 1.74999962
v 9.5332779 2.46109118 1.74999962
v 9.53512022 2.46223058 1.74999962
v 9.52706215 2.4618143 1.74999962
v 9.52553049 2.4633459 1.74999962
v 9.52458712 2.46529593 1.74999962
v 9.5243369 2.46744718 1.74999962
v 9.52480748 2.46956171 1.74999962
v 9.52594676 2.47140421 1.74999962
v 9.53116336 2.46062054 2.54999931
v 9.53327772 2.46109118 2.54999931
v 9.52901181 2.46087112 2.54999931
v 9.53511998 2.46223058 2.54999931
v 9.52706191 2.4618143 2.54999931
v 9.52553025 2.4633459 2.54999931
v 9.52458694 2.46529593 2.54999931
v 9.52433672 2.46744718 2.54999931
v 9.5248073 2.46956171 2.54999931
v 9.52594653 2.47140421 2.54999931
v 9.52594283 2.4829513 1.74999962
v 9.52594259 2.4829513 2.54999931
v 10.0456272 2.53691162 0.800000262
v 10.0956272 2.53691162 0.800000322
v 10.0456272 2.53691162 0.900000107
v 10.0956272 2.53691162 0.900000226
v 10.0456265 3.31691135 0.800000262
v 10.0456265 3.31691135 0.900000107
v 10.0956265 3.31691135 0.800000322
v 10.0956265 3.31691135 0.900000226
v 9.79562738 2.42691149 0.900000048
v 9.8556253 5.10691036 0.115000558
v 10.325625 5.10691036 0.115000558
v 9.8556253 5.10691036 0.100000453
v 10.325625 5.10691036 0.100000691
v 10.3256256 4.30691113 0.115000558
v 9.85562595 4.30691065 0.115000558
v 9.85562595 4.30691065 0.100000453
v 10.3256257 4.30691113 0.100000691
v 9.85562506 5.10691036 0.840000224
v 10.3256248 5.10691036 0.840000284
v 9.85562506 5.10691036 0.825000179
v 10.3256248 5.10691036 0.825000298
v 10.3256255 4.30691113 0.840000284
v 9.85562578 4.30691065 0.840000224
v 9.85562578 4.30691065 0.825000179
v 10.3256255 4.30691113 0.825000298
v 10.3256251 5.05691065 0.0500007391
v 10.325625 5.10691036 0.0500007391
v 10.3506251 5.05691065 0.0500007391
v 10.350625 5.10691036 0.0500007391
v 10.3256249 5.05691065 0.840000284
v 10.3506248 5.05691065 0.840000284
v 10.3506248 5.10691036 0.840000284
v 10.3256257 4.30691113 0.0500007391
v 10.3256257 4.35691036 0.0500007391
v 10.3506257 4.30691113 0.0500007391
v 10.3506257 4.35691036 0.0500007391
v 10.3506255 4.30691113 0.840000284
v 10.3256255 4.35691036 0.840000284
v 10.3506255 4.35691036 0.840000284
v 9.83062532 5.05691017 0.0500006199
v 9.83062532 5.10691036 0.0500006199
v 9.8556253 5.05691017 0.0500006199
v 9.8556253 5.10691036 0.0500006199
v 9.83062503 5.05691017 0.840000105
v 9.85562506 5.05691017 0.840000224
v 9.83062503 5.10691036 0.840000105
v 9.83062598 4.30691065 0.0500006199
v 9.83062592 4.35691036 0.0500006199
v 9.85562601 4.30691065 0.0500006199
v 9.8556259 4.35691036 0.0500006199
v 9.83062574 4.30691065 0.840000105
v 9.83062562 4.35691036 0.840000105
v 9.85562566 4.35691036 0.840000224
v 10.3556267 2.57691158 1.7
v 10.3556268 2.54691161 1.7
v 10.3856267 2.57691158 1.7
v 10.3856268 2.54691185 1.7
v 10.3556271 2.54691161 0.800000381
v 10.355627 2.57691158 0.800000381
v 10.385627 2.57691158 0.800000381
v 10.3856271 2.54691185 0.800000381
v 10.3856268 2.54691185 1.72999988
v 10.3856267 2.57691158 1.72999988
v 9.79562703 2.54691114 1.72999976
v 9.79562703 2.57691111 1.72999976
v 9.79562703 2.54691114 1.69999988
v 9.79562703 2.57691111 1.69999988
v 9.37623027 2.4834906 2.05699952
v 9.37796703 2.48048295 1.25699988
v 9.37796679 2.48048295 2.05699952
v 9.38062754 2.47825064 1.25699988
v 9.38062718 2.47825064 2.05699952
v 9.38389101 2.4770626 1.25699988
v 9.38389078 2.4770626 2.05699952
v 9.38736394 2.4770626 1.25699988
v 9.3873637 2.4770626 2.05699952
v 9.39062753 2.47825064 1.25699988
v 9.39062717 2.47825064 2.05699952
v 9.39328792 2.48048295 1.25699988
v 9.39328757 2.48048295 2.05699952
v 9.39502433 2.4834906 1.25699988
v 9.39502421 2.4834906 2.05699952
v 9.39562753 2.48691095 1.25699988
v 9.39562717 2.48691095 2.05699952
v 9.39502433 2.49033107 1.25699988
v 9.39502421 2.49033107 2.05699952
v 9.39328792 2.49333896 1.25699988
v 9.39328757 2.49333896 2.05699952
v 9.39062753 2.49557127 1.25699988
v 9.39062717 2.49557127 2.05699952
v 9.38736394 2.49675907 1.25699988
v 9.3873637 2.49675907 2.05699952
v 9.38389101 2.49675907 1.25699988
v 9.38389078 2.49675907 2.05699952
v 9.38062754 2.49557127 1.25699988
v 9.38062718 2.49557127 2.05699952
v 9.37796703 2.49333896 1.25699988
v 9.37796667 2.49333896 2.05699952
v 9.37623051 2.49033107 1.25699988
v 9.09623065 2.49033083 1.45699963
v 9.09796682 2.49333872 2.25699927
v 9.09796706 2.49333872 1.45699963
v 9.10062721 2.49557079 2.25699927
v 9.10062745 2.49557079 1.45699963
v 9.10389092 2.49675883 2.25699927
v 9.10389104 2.49675883 1.45699963
v 9.10736385 2.49675883 2.25699927
v 9.10736397 2.49675883 1.45699963
v 9.1106272 2.49557079 2.25699927
v 9.11062756 2.49557079 1.45699963
v 9.11328783 2.49333872 2.25699927
v 9.11328795 2.49333872 1.45699963
v 9.11502424 2.49033083 2.25699927
v 9.11502436 2.49033083 1.45699963
v 9.1156272 2.48691072 2.25699927
v 9.11562755 2.48691072 1.45699963
v 9.11502424 2.4834906 2.25699927
v 9.11502436 2.4834906 1.45699963
v 9.11328783 2.48048295 2.25699927
v 9.11328795 2.48048295 1.45699963
v 9.1106272 2.4782504 2.25699927
v 9.11062756 2.4782504 1.45699963
v 9.10736385 2.4770626 2.25699927
v 9.10736397 2.4770626 1.45699963
v 9.10389092 2.4770626 2.25699927
v 9.10389104 2.4770626 1.45699963
v 9.10062721 2.4782504 2.25699927
v 9.10062745 2.4782504 1.45699963
v 9.09796682 2.48048295 2.25699927
v 9.09796706 2.48048295 1.45699963
v 9.09623042 2.4834906 2.25699927
v 8.76623073 2.49033059 1.45699951
v 8.76796713 2.49333848 2.25699903
v 8.76796725 2.49333848 1.45699951
v 8.77062753 2.49557056 2.25699903
v 8.77062765 2.49557056 1.45699951
v 8.773891 2.49675812 2.25699903
v 8.77389112 2.49675812 1.45699951
v 8.77736392 2.49675812 2.25699903
v 8.77736404 2.49675812 1.45699951
v 8.78062752 2.49557056 2.25699903
v 8.78062764 2.49557056 1.45699951
v 8.78328791 2.49333848 2.25699903
v 8.78328815 2.49333848 1.45699951
v 8.78502443 2.49033059 2.25699903
v 8.78502467 2.49033059 1.45699951
v 8.78562763 2.48691048 2.25699903
v 8.78562775 2.48691048 1.45699951
v 8.78502443 2.48349012 2.25699903
v 8.78502467 2.48349012 1.45699951
v 8.78328803 2.48048247 2.25699903
v 8.78328815 2.48048247 1.45699951
v 8.78062752 2.47824992 2.25699903
v 8.78062776 2.47824992 1.45699951
v 8.77736404 2.47706212 2.25699903
v 8.77736416 2.47706212 1.45699951
v 8.77389112 2.47706212 2.25699903
v 8.77389136 2.47706212 1.45699951
v 8.77062753 2.47824992 2.25699903
v 8.77062765 2.47824992 1.45699951
v 8.76796713 2.48048247 2.25699903
v 8.76796725 2.48048247 1.45699951
v 8.76623049 2.48349012 2.25699903
v 8.92888143 2.48263516 2.26199926
v 8.931052 2.47887577 1.46199963
v 8.93105176 2.47887577 2.26199926
v 8.9343777 2.47608508 1.46199963
v 8.93437746 2.47608508 2.26199926
v 8.93845716 2.47460069 1.46199963
v 8.9384568 2.47460069 2.26199926
v 8.94279805 2.47460069 1.46199963
v 8.94279805 2.47460069 2.26199926
v 8.94687763 2.47608508 1.46199963
v 8.94687751 2.47608508 2.26199926
v 8.95020321 2.47887577 1.46199963
v 8.95020297 2.47887577 2.26199926
v 8.95237377 2.48263516 1.46199963
v 8.95237365 2.48263516 2.26199926
v 8.95312765 2.48691072 1.46199963
v 8.95312753 2.48691072 2.26199926
v 8.95237365 2.4911858 1.46199963
v 8.95237365 2.4911858 2.26199926
v 8.95020321 2.49494518 1.46199963
v 8.95020285 2.49494518 2.26199926
v 8.94687751 2.49773587 1.46199963
v 8.94687739 2.49773587 2.26199926
v 8.94279805 2.49922074 1.46199963
v 8.94279793 2.49922074 2.26199926
v 8.93845716 2.49922074 1.46199963
v 8.9384568 2.49922074 2.26199926
v 8.93437758 2.49773587 1.46199963
v 8.93437746 2.49773587 2.26199926
v 8.931052 2.49494518 1.46199963
v 8.93105176 2.49494518 2.26199926
v 8.92888143 2.4911858 1.46199963
v 9.2756274 2.71191062 0.899999928
v 9.27562752 2.71191062 0.860000026
v 8.66562775 2.71191014 0.89999975
v 8.66562775 2.71191014 0.859999788
v 9.70623013 2.48349108 2.05699952
v 9.70796671 2.48048343 1.75699962
v 9.70796665 2.48048343 2.05699952
v 9.71062723 2.47825111 1.75699962
v 9.71062705 2.47825111 2.05699952
v 9.71389064 2.47706307 1.75699962
v 9.71389058 2.47706307 2.05699952
v 9.71736362 2.47706307 1.75699962
v 9.71736356 2.47706307 2.05699952
v 9.72062722 2.47825111 1.75699962
v 9.72062704 2.47825111 2.05699952
v 9.72328761 2.48048343 1.75699962
v 9.72328749 2.48048343 2.05699952
v 9.72502407 2.48349108 1.75699962
v 9.72502395 2.48349108 2.05699952
v 9.72562721 2.48691119 1.75699962
v 9.72562703 2.48691119 2.05699952
v 9.72502407 2.49033155 1.75699962
v 9.72502395 2.49033155 2.05699952
v 9.72328761 2.4933392 1.75699962
v 9.72328749 2.4933392 2.05699952
v 9.7206271 2.49557151 1.75699962
v 9.72062704 2.49557151 2.05699952
v 9.71736362 2.49675931 1.75699962
v 9.71736356 2.49675931 2.05699952
v 9.71389064 2.49675931 1.75699962
v 9.71389052 2.49675931 2.05699952
v 9.71062711 2.49557151 1.75699962
v 9.71062705 2.49557151 2.05699952
v 9.70796671 2.4933392 1.75699962
v 9.70796659 2.4933392 2.05699952
v 9.70623025 2.49033155 1.75699962
v 9.70623025 2.48349108 1.72999964
v 9.70796683 2.48048343 1.26199989
v 9.70796671 2.48048343 1.72999964
v 9.71062729 2.47825111 1.26199989
v 9.71062723 2.47825111 1.72999964
v 9.71389082 2.47706307 1.26199989
v 9.71389064 2.47706307 1.72999964
v 9.7173638 2.47706307 1.26199989
v 9.71736362 2.47706307 1.72999964
v 9.72062728 2.47825111 1.26199989
v 9.72062722 2.47825111 1.72999964
v 9.72328773 2.48048343 1.26199989
v 9.72328761 2.48048343 1.72999964
v 9.72502419 2.48349108 1.26199989
v 9.70623025 2.49033155 1.72999964
v 9.70623043 2.49033155 1.26199989
v 9.70796671 2.4933392 1.72999964
v 9.70796683 2.4933392 1.26199989
v 9.71062711 2.49557151 1.72999964
v 9.71062729 2.49557151 1.26199989
v 9.71389064 2.49675931 1.72999964
v 9.71389082 2.49675931 1.26199989
v 9.71736362 2.49675931 1.72999964
v 9.71736374 2.49675931 1.26199989
v 9.7206271 2.49557151 1.72999964
v 9.72062728 2.49557151 1.26199989
v 9.72328761 2.4933392 1.72999964
v 9.72328773 2.4933392 1.26199989
v 9.72502407 2.49033155 1.72999964
v 9.72502419 2.49033155 1.26199989
v 9.08683374 2.48007025 1.7569995
v 9.09030655 2.47405495 1.74999951
v 9.09030655 2.47405495 1.7569995
v 9.09562745 2.46959008 1.74999951
v 9.09562745 2.46959008 1.7569995
v 9.10215464 2.46721472 1.74999951
v 9.10215464 2.46721472 1.7569995
v 9.10910049 2.46721472 1.74999951
v 9.10910049 2.46721472 1.7569995
v 9.11562755 2.46959008 1.74999951
v 9.11562755 2.46959008 1.7569995
v 9.12094834 2.47405495 1.74999951
v 9.12094834 2.47405495 1.7569995
v 9.12442127 2.48007025 1.74999951
v 9.12442127 2.48007025 1.7569995
v 9.12562755 2.48691072 1.74999951
v 9.12562755 2.48691072 1.7569995
v 9.12442127 2.49375094 1.74999951
v 9.12442127 2.49375094 1.7569995
v 9.12094834 2.49976648 1.74999951
v 9.12094834 2.49976648 1.7569995
v 9.11562755 2.50423111 1.74999951
v 9.11562755 2.50423111 1.7569995
v 9.10910037 2.50660695 1.74999951
v 9.10910037 2.50660695 1.7569995
v 9.10215464 2.50660695 1.74999951
v 9.10215464 2.50660695 1.7569995
v 9.09562745 2.50423111 1.74999951
v 9.09562745 2.50423111 1.7569995
v 9.09030655 2.49976648 1.74999951
v 9.09030655 2.49976648 1.7569995
v 9.08683374 2.49375094 1.74999951
v 8.75683382 2.49375071 1.74999939
v 8.76030674 2.49976625 1.75699939
v 8.76030674 2.49976625 1.74999939
v 8.76562753 2.50423111 1.75699939
v 8.76562753 2.50423111 1.74999939
v 8.7721546 2.50660647 1.75699939
v 8.7721546 2.50660647 1.74999939
v 8.77910056 2.50660647 1.75699939
v 8.77910056 2.50660647 1.74999939
v 8.78562775 2.50423111 1.75699939
v 8.78562775 2.50423111 1.74999939
v 8.79094842 2.49976625 1.75699939
v 8.79094842 2.49976625 1.74999939
v 8.79442134 2.49375094 1.75699939
v 8.79442134 2.49375094 1.74999939
v 8.79562774 2.48691048 1.75699939
v 8.79562774 2.48691048 1.74999939
v 8.79442146 2.48007001 1.75699939
v 8.79442146 2.48007001 1.74999939
v 8.79094854 2.47405471 1.75699939
v 8.79094854 2.47405471 1.74999939
v 8.78562775 2.46958984 1.75699939
v 8.78562775 2.46958984 1.74999939
v 8.77910056 2.46721448 1.75699939
v 8.77910056 2.46721448 1.74999939
v 8.77215472 2.46721448 1.75699939
v 8.77215472 2.46721448 1.74999939
v 8.76562765 2.46958984 1.75699939
v 8.76562765 2.46958984 1.74999939
v 8.76030674 2.47405471 1.75699939
v 8.76030674 2.47405471 1.74999939
v 8.75683382 2.48006977 1.75699939
v 10.3056272 2.62691154 0.120000553
v 10.3056272 2.57691158 0.120000553
v 10.3070955 2.62691154 0.110730124
v 10.3070955 2.57691158 0.110730124
v 10.3113567 2.62691154 0.102367115
v 10.3113567 2.57691158 0.102367115
v 10.3179937 2.62691154 0.095730257
v 10.3179937 2.57691158 0.095730257
v 10.3263567 2.62691154 0.0914690018
v 10.3263567 2.57691158 0.0914690018
v 10.3356273 2.62691154 0.090000701
v 10.3356273 2.57691158 0.090000701
v 10.305627 2.53691162 0.882500303
v 10.305627 2.56213965 0.847395611
v 10.305627 2.56213965 0.852605057
v 10.305627 2.56392135 0.857500327
v 10.305627 2.5672697 0.861490977
v 10.305627 2.57178129 0.8640957
v 10.305627 2.57691158 0.865000319
v 10.305627 2.58204211 0.8640957
v 10.3056269 2.63178124 0.8640957
v 10.305627 2.58655347 0.861490977
v 10.305627 2.5899023 0.857500327
v 10.305627 2.59168376 0.852605057
v 10.305627 2.59168376 0.847395611
v 10.305627 2.5899023 0.842500281
v 10.305627 2.58655347 0.838509631
v 10.305627 2.58204211 0.835904908
v 10.305627 2.62726988 0.861490977
v 10.305627 2.62392129 0.857500327
v 10.305627 2.62213959 0.852605057
v 10.305627 2.62213959 0.847395611
v 10.305627 2.62392129 0.842500281
v 10.305627 2.57691158 0.835000288
v 10.3056269 2.63691153 0.865000319
v 10.3056265 3.14213909 0.852605057
v 10.3056269 2.64204206 0.8640957
v 10.3056269 2.64655341 0.861490977
v 10.3056269 2.64990224 0.857500327
v 10.3056269 2.6516837 0.852605057
v 10.3056265 3.14213909 0.847395611
v 10.3056269 2.6516837 0.847395611
v 10.3056269 2.64990224 0.842500281
v 10.3056269 2.64655341 0.838509631
v 10.3056269 2.64204206 0.835904908
v 10.3056265 3.14392103 0.842500281
v 10.3056265 3.14726938 0.838509631
v 10.3056265 3.15178122 0.835904908
v 10.3056265 3.15691151 0.835000288
v 10.3056265 3.16204132 0.835904908
v 10.3056265 3.16655315 0.838509631
v 10.3056265 3.16990198 0.842500281
v 10.3056265 3.17168345 0.847395611
v 10.3056264 3.18691172 0.882500303
v 10.3056265 3.17168345 0.852605057
v 10.3056265 3.16990198 0.857500327
v 10.3056265 3.16655315 0.861490977
v 10.3056265 3.16204132 0.8640957
v 10.3056265 3.15691151 0.865000319
v 10.3056265 3.15178122 0.8640957
v 10.3056265 3.14726938 0.861490977
v 10.3056265 3.14392103 0.857500327
v 10.305627 2.53691162 0.900000226
v 10.3056264 3.18691172 0.900000226
v 10.3056264 3.31691135 0.882500303
v 10.3056264 3.31691135 0.900000226
v 10.305627 2.56392135 0.842500281
v 10.305627 2.5672697 0.838509631
v 10.305627 2.57178129 0.835904908
v 10.305627 2.62726988 0.838509631
v 10.3056269 2.63178124 0.835904908
v 10.3056264 3.31691135 0.800000381
v 10.3056264 3.29168381 0.847395611
v 10.3056264 3.29168381 0.852605057
v 10.3056264 3.28990187 0.857500327
v 10.3056264 3.28655304 0.861490977
v 10.3056264 3.28204168 0.8640957
v 10.3056264 3.27691139 0.865000319
v 10.3056264 3.2717811 0.8640957
v 10.3056264 3.22204126 0.8640957
v 10.3056264 3.26726927 0.861490977
v 10.3056264 3.2265531 0.861490977
v 10.3056264 3.26392092 0.857500327
v 10.3056264 3.22990192 0.857500327
v 10.3056264 3.26213898 0.852605057
v 10.3056264 3.23168339 0.852605057
v 10.3056264 3.23168339 0.847395611
v 10.3056264 3.26213898 0.847395611
v 10.3056264 3.22990192 0.842500281
v 10.3056264 3.26392092 0.842500281
v 10.3056264 3.2265531 0.838509631
v 10.3056264 3.26726927 0.838509631
v 10.3056264 3.22204126 0.835904908
v 10.3056264 3.2717811 0.835904908
v 10.3056264 3.27691139 0.835000288
v 10.3056264 3.28204168 0.835904908
v 10.3056264 3.28655304 0.838509631
v 10.3056264 3.28990187 0.842500281
v 10.3056264 3.21691097 0.865000319
v 10.3056264 3.21178116 0.8640957
v 10.3056264 3.20726933 0.861490977
v 10.3056264 3.20392098 0.857500327
v 10.3056264 3.20213904 0.852605057
v 10.3056264 3.20213904 0.847395611
v 10.3056264 3.20392098 0.842500281
v 10.3056264 3.20726933 0.838509631
v 10.3056264 3.21178116 0.835904908
v 10.3056264 3.21691097 0.835000288
v 10.3556271 2.53691162 0.800000381
v 10.3556264 3.31691135 0.800000381
v 10.3556271 2.53691162 0.900000226
v 10.3556264 3.31691135 0.900000226
v 9.89562657 3.31691135 0.900000107
v 9.89562723 2.53691138 0.900000107
v 9.89562657 3.31691135 0.800000262
v 9.89562675 3.1269113 0.800000262
v 9.89562687 3.02691115 0.800000262
v 9.89562729 2.53691138 0.800000262
v 9.52642622 3.89687265 0.0500005007
v 9.52903089 3.8923613 0.0500005007
v 9.53302148 3.88901247 0.0500005007
v 9.53791687 3.88723101 0.0500005007
v 9.54052147 3.88700308 0.0500005007
v 9.54312625 3.88723101 0.0500005007
v 10.2931261 3.91490139 0.0500007391
v 9.54802158 3.88901247 0.0500005007
v 9.55201217 3.8923613 0.0500005007
v 9.5546169 3.89687313 0.0500005007
v 9.55552152 3.90200295 0.0500005007
v 10.2931258 4.25892033 0.0500007391
v 10.2980211 4.25713886 0.0500007391
v 10.2891352 4.26226915 0.0500007391
v 10.2865304 4.26678099 0.0500007391
v 10.2856258 4.2719108 0.0500007391
v 10.2865304 4.27704109 0.0500007391
v 9.5546169 3.90713324 0.0500005007
v 9.55201217 3.91164507 0.0500005007
v 10.2891352 4.28155293 0.0500007391
v 9.54802152 3.9149939 0.0500005007
v 9.55562612 4.2722422 0.0500005007
v 9.5547215 4.26711191 0.0500005007
v 9.55211678 4.26260056 0.0500005007
v 9.54812613 4.25925221 0.0500005007
v 9.54323092 4.25747027 0.0500005007
v 10.2931258 4.28490128 0.0500007391
v 10.2980211 4.28668322 0.0500007391
v 9.5547215 4.27737249 0.0500005007
v 9.55211678 4.28188433 0.0500005007
v 9.54812613 4.28523268 0.0500005007
v 10.3032305 4.28668322 0.0500007391
v 10.3081258 4.28490128 0.0500007391
v 10.3121164 4.28155293 0.0500007391
v 10.3147212 4.27704109 0.0500007391
v 10.3156258 4.2719108 0.0500007391
v 10.3147212 4.26678099 0.0500007391
v 10.3081261 3.91490139 0.0500007391
v 10.3121164 4.26226915 0.0500007391
v 10.3081258 4.25892033 0.0500007391
v 10.3032305 4.25713886 0.0500007391
v 10.3121167 3.91155256 0.0500007391
v 10.2891355 3.91155256 0.0500007391
v 10.2865307 3.90704168 0.0500007391
v 10.2856261 3.90191139 0.0500007391
v 10.2865307 3.89678063 0.0500007391
v 10.2891355 3.89226927 0.0500007391
v 10.2931261 3.88891996 0.0500007391
v 9.52642622 3.90713324 0.0500005007
v 9.52903089 3.91164507 0.0500005007
v 9.53302148 3.9149939 0.0500005007
v 9.52653071 4.26711191 0.0500005007
v 9.52913549 4.26260056 0.0500005007
v 9.53312614 4.25925221 0.0500005007
v 9.53802141 4.25747027 0.0500005007
v 9.52562615 4.2722422 0.0500005007
v 9.52653071 4.27737249 0.0500005007
v 9.52913549 4.28188433 0.0500005007
v 9.53312614 4.28523268 0.0500005007
v 9.53802141 4.28701414 0.0500005007
v 10.3156261 3.90191139 0.0500007391
v 10.3147215 3.89678063 0.0500007391
v 10.3121167 3.89226927 0.0500007391
v 10.3081261 3.88891996 0.0500007391
v 10.3032308 3.88713898 0.0500007391
v 10.3006261 3.88691105 0.0500007391
v 10.3206259 3.77118601 0.791746449
v 10.3206259 3.80691113 0.792500389
v 10.3206259 3.76263632 0.791746449
v 10.3206259 3.75887646 0.789575887
v 10.3206259 3.75608601 0.786250365
v 10.3206259 3.75460114 0.782170963
v 10.3206259 3.75460114 0.777829778
v 10.3206261 3.69692816 0.756519091
v 10.3206259 3.75608601 0.773750377
v 10.3206259 3.75887646 0.770424795
v 10.3206259 3.76263632 0.768254173
v 10.3206259 3.76691116 0.767500353
v 10.3206259 3.79887642 0.770424795
v 10.3206259 3.77118601 0.768254173
v 10.3206259 3.79608597 0.773750377
v 10.3206259 3.7946011 0.777829778
v 10.3206259 3.77494587 0.770424795
v 10.3206259 3.77773632 0.773750377
v 10.3206259 3.77922119 0.777829778
v 10.3206259 3.7946011 0.782170963
v 10.3206259 3.77922119 0.782170963
v 10.3206259 3.77773632 0.786250365
v 10.3206259 3.79608597 0.786250365
v 10.3206259 3.77494587 0.789575887
v 10.3206259 3.79887642 0.789575887
v 10.3206259 3.8026358 0.791746449
v 10.3206259 3.8026358 0.768254173
v 10.3206259 3.80691113 0.767500353
v 10.3206259 3.8769113 0.756519091
v 10.3206259 3.81118645 0.768254173
v 10.3206259 3.81494583 0.770424795
v 10.3206259 3.81773628 0.773750377
v 10.3206259 3.81922115 0.777829778
v 10.3206259 3.81118645 0.791746449
v 10.3206259 3.81494583 0.789575887
v 10.3206259 3.81773628 0.786250365
v 10.3206259 3.81922115 0.782170963
v 10.095626 3.82168306 0.782605004
v 10.095626 3.81990112 0.787500274
v 10.095626 3.81655277 0.791490984
v 10.095626 3.81204142 0.794095707
v 10.0956261 3.80691065 0.795000327
v 10.0956261 3.80178083 0.794095707
v 10.0956261 3.77990116 0.787500274
v 10.0956261 3.797269 0.791490984
v 10.0956261 3.79392017 0.787500274
v 10.0956261 3.7816831 0.782605004
v 10.0956261 3.77655281 0.791490984
v 10.0956261 3.77204098 0.794095707
v 10.0956261 3.76691116 0.795000327
v 10.0956261 3.76178087 0.794095707
v 10.0956261 3.75726904 0.791490984
v 10.0956261 3.75392021 0.787500274
v 10.0956261 3.75213875 0.782605004
v 10.095626 3.82168306 0.777395558
v 10.095626 3.81990112 0.772500229
v 10.095626 3.81655277 0.768509638
v 10.095626 3.81204142 0.765904915
v 10.0956261 3.80691065 0.765000296
v 10.0956261 3.77655281 0.768509638
v 10.0956261 3.80178083 0.765904915
v 10.0956261 3.77990116 0.772500229
v 10.0956261 3.797269 0.768509638
v 10.0956261 3.79392017 0.772500229
v 10.0956261 3.7816831 0.777395558
v 10.0956261 3.77204098 0.765904915
v 10.0956261 3.76178087 0.765904915
v 10.0956261 3.75726904 0.768509638
v 10.0956261 3.75392021 0.772500229
v 10.0956262 3.64171709 0.782605004
v 10.0956262 3.63993563 0.787500274
v 10.0956262 3.6365868 0.791490984
v 10.0956262 3.63207592 0.794095707
v 10.0956262 3.62694515 0.795000327
v 10.0956262 3.62181486 0.794095707
v 10.0956262 3.61730303 0.791490984
v 10.0956262 3.61395516 0.787500274
v 10.0956262 3.61217321 0.782605004
v 10.0956262 3.64171709 0.777395558
v 10.0956262 3.63993563 0.772500229
v 10.0956262 3.6365868 0.768509638
v 10.0956262 3.63207592 0.765904915
v 10.0956262 3.61395516 0.772500229
v 10.0956262 3.61730303 0.768509638
v 10.0956262 3.62181486 0.765904915
v 10.0656262 3.64694513 0.7600003
v 10.0656262 3.60694517 0.7600003
v 10.0656261 3.74691118 0.7600003
v 10.065626 3.82691111 0.7600003
v 10.3206259 3.8769113 0.745537829
v 9.51562622 3.87691034 1.13999988
v 9.59062418 4.03391041 1.21499817
v 9.825627 2.54691114 1.79999964
v 9.825627 2.57691111 1.79999964
v 9.79562703 2.54691114 1.79999964
v 9.79562703 2.57691111 1.79999964
v 9.76562574 4.28691067 0.97000013
v 10.3256263 3.39691128 0.800000381
v 10.325626 3.69692816 0.800000381
v 10.3206261 3.63122048 0.791746449
v 10.3206261 3.63498034 0.789575887
v 10.3206261 3.63777126 0.786250365
v 10.3206261 3.63925518 0.782170963
v 10.3206261 3.63925518 0.777829778
v 10.3206261 3.63777126 0.773750377
v 10.3206261 3.63498034 0.770424795
v 10.3206261 3.63122048 0.768254173
v 10.3206261 3.62694515 0.767500353
v 10.3206264 3.3769113 0.756519091
v 10.3206261 3.62267031 0.768254173
v 10.3206261 3.61891045 0.770424795
v 10.3206261 3.61612 0.773750377
v 10.3206261 3.61463512 0.777829778
v 10.3206262 3.48691143 0.767500353
v 10.3206262 3.49118628 0.768254173
v 10.3206262 3.49494614 0.770424795
v 10.3206262 3.49773611 0.773750377
v 10.3206262 3.49922098 0.777829778
v 10.3206261 3.61463512 0.782170963
v 10.3206262 3.49922098 0.782170963
v 10.3206262 3.49773611 0.786250365
v 10.3206262 3.49494614 0.789575887
v 10.3206262 3.49118628 0.791746449
v 10.3206262 3.48263563 0.768254173
v 10.3206262 3.47887673 0.770424795
v 10.3206263 3.44691099 0.767500353
v 10.3206263 3.45118631 0.768254173
v 10.3206262 3.4760858 0.773750377
v 10.3206262 3.4746014 0.777829778
v 10.3206263 3.45494618 0.770424795
v 10.3206263 3.45773663 0.773750377
v 10.3206263 3.45922102 0.777829778
v 10.3206262 3.4746014 0.782170963
v 10.3206263 3.45922102 0.782170963
v 10.3206263 3.45773663 0.786250365
v 10.3206262 3.4760858 0.786250365
v 10.3206263 3.45494618 0.789575887
v 10.3206262 3.47887673 0.789575887
v 10.3206262 3.48263563 0.791746449
v 10.3206263 3.44263615 0.768254173
v 10.3206263 3.43887629 0.770424795
v 10.3206263 3.43608584 0.773750377
v 10.3206263 3.43460096 0.777829778
v 10.3206263 3.3769113 0.780000281
v 10.3206263 3.37789024 0.786180687
v 10.3206263 3.38073124 0.791756046
v 10.3206263 3.43460096 0.782170963
v 10.3206263 3.38515581 0.796180677
v 10.3206263 3.39073099 0.799021494
v 10.3206261 3.69692816 0.745537829
v 10.0956264 3.46168341 0.782605004
v 10.0956264 3.45990194 0.787500274
v 10.0956263 3.47392096 0.787500274
v 10.0956263 3.47726931 0.791490984
v 10.0956263 3.48178066 0.794095707
v 10.0956264 3.45655264 0.791490984
v 10.0956263 3.48691143 0.795000327
v 10.0956264 3.45204128 0.794095707
v 10.0956264 3.44691099 0.795000327
v 10.0956264 3.4417807 0.794095707
v 10.0956264 3.43726935 0.791490984
v 10.0956264 3.43392099 0.787500274
v 10.0956264 3.43213905 0.782605004
v 10.0456265 3.27691139 0.900000107
v 9.94562664 3.27691139 0.800000262
v 9.89562657 3.27691139 0.800000262
v 10.3256255 4.25691046 0.965000254
v 10.3256255 4.26927151 0.963042539
v 10.3256255 4.28042234 0.957360965
v 10.3256255 4.28927149 0.948511732
v 10.3256255 4.294953 0.937360954
v 10.3216259 3.90455021 0.963042539
v 10.3256258 3.91691126 0.965000254
v 10.3256258 3.90455021 0.963042539
v 10.3216259 3.89339985 0.957360965
v 10.3256258 3.89339985 0.957360965
v 10.3216259 3.88455023 0.948511732
v 10.3256258 3.88455023 0.948511732
v 10.3216259 3.87886871 0.937360954
v 10.3256259 3.87886871 0.937360954
v 10.3206261 3.61612 0.786250365
v 10.3206261 3.61891045 0.789575887
v 10.3206261 3.62267031 0.791746449
v 10.0956265 3.27691139 0.900000226
v 10.0956263 3.49204172 0.794095707
v 10.0956263 3.4965526 0.791490984
v 10.0956263 3.49990143 0.787500274
v 10.0956263 3.50168337 0.782605004
v 10.3256264 3.3769113 0.745537829
v 10.3256263 3.3769113 0.780000281
v 10.0956264 3.4417807 0.765904915
v 10.0956264 3.43726935 0.768509638
v 10.0956264 3.43392099 0.772500229
v 10.3206262 3.58368601 0.700630498
v 10.3206261 3.67235674 0.668398571
v 10.320626 3.7554871 0.623780322
v 10.3206259 3.83135714 0.567698729
v 10.3206259 3.83527197 0.56507529
v 10.3206259 3.83969177 0.563440573
v 10.3206259 3.84437145 0.562885416
v 10.3206259 3.85691132 0.562885416
v 10.3206259 3.86309113 0.561906588
v 10.3206259 3.86866726 0.559065711
v 10.3206259 3.87309136 0.55464108
v 10.0656263 3.50691141 0.7600003
v 10.0656264 3.42691101 0.7600003
v 10.0956264 3.45204128 0.765904915
v 10.0956264 3.45655264 0.768509638
v 10.0956263 3.48691143 0.765000296
v 10.0956263 3.48178066 0.765904915
v 10.0956264 3.45990194 0.772500229
v 10.0956263 3.47726931 0.768509638
v 10.0956263 3.47392096 0.772500229
v 10.0956264 3.46168341 0.777395558
v 10.0956263 3.49204172 0.765904915
v 10.0956263 3.4965526 0.768509638
v 10.0956263 3.49990143 0.772500229
v 10.0956263 3.50168337 0.777395558
v 10.325626 3.83135714 0.567698729
v 10.325626 3.7554871 0.623780322
v 10.3256261 3.69759716 0.656457019
v 10.3256261 3.67235674 0.668398571
v 10.3256262 3.58368601 0.700630498
v 10.3256263 3.49130882 0.719809604
v 10.3206263 3.39713539 0.725539041
v 10.3256263 3.39713539 0.725539041
v 10.325626 3.85691132 0.562885416
v 10.325626 3.84437145 0.562885416
v 10.3206263 3.44263615 0.791746449
v 10.3206263 3.43887629 0.789575887
v 10.3206263 3.43608584 0.786250365
v 10.3206264 3.3909017 0.726462018
v 10.3206264 3.38526453 0.729278755
v 10.3206264 3.38078369 0.733709645
v 8.77562764 2.48691048 1.75699939
v 9.10562745 2.48691072 1.7569995
v 9.71562704 2.48691119 2.05699952
v 8.94062748 2.48691072 2.26199926
v 8.94062772 2.48691072 1.46199963
v 8.77562764 2.48691048 1.45699951
v 8.77562752 2.48691048 2.25699903
v 9.10562745 2.48691072 1.45699963
v 9.10562721 2.48691072 2.25699927
v 9.38562718 2.48691095 2.05699952
v 9.38562754 2.48691095 1.25699988
v 9.79562732 2.54691114 0.900000048
v 9.79562732 2.57691111 0.900000048
v 9.82562729 2.54691114 0.900000048
v 9.82562729 2.57691111 0.900000048
vt 0.582502007 0.899999976
vt 0.812502027 0.878750026
vt 0.808502018 0.899999976
vt -0.812502027 0.925000012
vt -0.812502027 0.878750026
vt -0.808502018 0.899999976
vt 0.807501972 0.740536988
vt 0.342501998 0.740536988
vt 0.807501972 0.542885005
vt 0.582502007 -0.147501007
vt 0.552501976 -0.247535005
vt 0.582502007 -0.247535005
vt -0.432502002 -0.517500997
vt -0.532501996 -0.517500997
vt -0.802501976 -0.527500987
vt 0.812502027 0.878750026
vt 0.812502027 0.925000012
vt 0.808502018 0.899999976
vt 0.532501996 0.0824989974
vt 0.532501996 -0.517500997
vt 0.552501976 -0.147501007
vt -0.808502018 0.925000012
vt -0.812502027 0.925000012
vt -0.808502018 0.899999976
vt -0.549064994 -0.51652199
vt -0.740536988 -0.517500997
vt -0.542885005 -0.517500997
vt -0.532501996 -0.517500997
vt -0.582502007 -0.337518007
vt -0.582502007 -0.517500997
vt 0.779999971 -0.142500997
vt 0.75999999 -0.147501007
vt 0.800000012 -0.147501007
vt 0.552501976 -0.147501007
vt 0.532501996 -0.517500997
vt 0.552501976 -0.247535005
vt 0.75999999 -0.147501007
vt 0.764999986 -0.0875009969
vt 0.75999999 -0.0675010011
vt 0.807501972 0.542885005
vt 0.00250199996 0.0500000007
vt 0.812502027 0.0500000007
vt 0.432502002 0.800000012
vt 0.38250199 0.800000012
vt 0.342501998 0.745536983
vt 0.812502027 0.878750026
vt 0.807501972 0.800000012
vt 0.812502027 0.800000012
vt -0.79174602 -0.0917759985
vt -0.792500019 -0.0875009969
vt -0.792500019 -0.127500996
vt -0.38250199 -0.517500997
vt -0.802501976 -0.527500987
vt -0.342501998 -0.527500987
vt 0.532501996 0.0824989974
vt 0.552501976 -0.0675010011
vt 0.582502007 0.0824989974
vt 0.782604992 -0.112728998
vt 0.779999971 -0.102500997
vt 0.77739501 -0.112728998
vt 0.800000012 0.0824989974
vt 0.800000012 -0.0675010011
vt 0.847500026 0.0824989974
vt -0.964999974 -0.897500992
vt -0.925000012 -0.937501013
vt -0.899999976 -0.517500997
vt -0.925000012 -0.937501013
vt -0.899999976 -0.937501013
vt -0.899999976 -0.517500997
vt 0.38250199 0.800000012
vt 0.38250199 0.899999976
vt 0.342501998 0.899999976
vt -0.532501996 -0.517500997
vt -0.582502007 -0.517500997
vt -0.802501976 -0.527500987
vt -0.745536983 -0.0175010003
vt -0.740536988 -0.0183809996
vt -0.73931402 -0.0184940007
vt -0.719808996 -0.131898001
vt -0.740536988 -0.0183809996
vt -0.740536988 -0.517500997
vt 0.552501976 -0.147501007
vt 0.552501976 -0.247535005
vt 0.582502007 -0.147501007
vt 0.342501998 0.740536988
vt 0.342501998 0.745536983
vt 0.00250199996 0.0500000007
vt 0.432502002 0.899999976
vt 0.532501996 0.800000012
vt 0.532501996 0.899999976
vt 0.77739501 -0.072728999
vt 0.800000012 -0.0675010011
vt 0.75999999 -0.0675010011
vt 0.800000012 -0.147501007
vt 0.800000012 -0.247535005
vt 0.847500026 -0.337518007
vt 0.582502007 0.899999976
vt 0.807501972 0.800000012
vt 0.812502027 0.878750026
vt -0.432502002 0.0824989974
vt -0.432502002 -0.517500997
vt -0.38250199 -0.517500997
vt 0.812502027 0.542885005
vt 0.807501972 0.542885005
vt 0.812502027 0.0500000007
vt 0.812502027 0.925000012
vt 0.808502018 0.925000012
vt 0.808502018 0.899999976
vt -0.432502002 -0.517500997
vt -0.802501976 -0.527500987
vt -0.38250199 -0.517500997
vt -0.925000012 -0.517500997
vt -0.964999974 -0.557501018
vt -0.899999976 -0.517500997
vt 0.432502002 0.800000012
vt 0.342501998 0.745536983
vt 0.532501996 0.800000012
vt 0.532501996 0.0824989974
vt 0.552501976 -0.147501007
vt 0.552501976 -0.0675010011
vt -0.964999974 -0.557501018
vt -0.964999974 -0.897500992
vt -0.899999976 -0.517500997
vt -0.38250199 -0.517500997
vt -0.342501998 -0.527500987
vt -0.342501998 -0.517500997
vt 0.432502002 0.800000012
vt 0.532501996 0.800000012
vt 0.432502002 0.899999976
vt 0.582502007 0.0824989974
vt 0.552501976 -0.0675010011
vt 0.582502007 -0.0675010011
vt -0.432502002 0.0824989974
vt -0.38250199 -0.517500997
vt -0.38250199 0.0824989974
vt -0.792500019 -0.267535001
vt -0.800000012 -0.0375009999
vt -0.800000012 -0.337518007
vt -0.808502018 -0.937501013
vt -0.802501976 -0.937501013
vt -0.802501976 -0.527500987
vt -0.812502027 0.878750026
vt -0.812502027 0.0500000007
vt -0.802501976 0.100000001
vt -0.802501976 0.899999976
vt -0.802501976 0.100000001
vt -0.342501998 0.899999976
vt -0.802501976 0.100000001
vt -0.812502027 0.0500000007
vt -0.342501998 0.100000001
vt -0.802501976 -0.937501013
vt -0.342501998 -0.937501013
vt -0.342501998 -0.927501023
vt 0.100000001 -0.927501023
vt 0.100000001 -0.937501013
vt 0.970000029 -0.927501023
vt -0.252501994 0.970000029
vt -0.342501998 0.970000029
vt -0.342501998 0.899999976
vt 0.899999976 -0.527500987
vt 0.970000029 -0.527500987
vt 0.899999976 -0.517500997
vt 0.970000029 -0.527500987
vt 0.970000029 -0.927501023
vt 1.25 -0.517500997
vt 0.970000029 -0.527500987
vt 1.25 -0.517500997
vt 0.899999976 -0.517500997
vt -0.342501998 1.25
vt -0.342501998 0.100000001
vt -0.00250199996 1.13999999
vt -0.342501998 1.25
vt -0.00250199996 1.13999999
vt -0.112502001 1.25
vt 0.342501998 1.25
vt 0.112502001 1.25
vt 0.342501998 0.899999976
vt -1.25 -0.937501013
vt -1.13999999 -0.937501013
vt -1.17540002 -0.780501008
vt -1.25 -0.937501013
vt -1.17540002 -0.780501008
vt -1.21499801 -0.780501008
vt -0.112502001 -0.937501013
vt -0.0775000006 -0.780501008
vt -0.112502001 -0.517500997
vt -1.17540002 -0.780501008
vt -1.13999999 -0.937501013
vt -1.17540002 -0.674501002
vt 0.342501998 0.745536983
vt 0.582502007 0.800000012
vt 0.532501996 0.800000012
vt 0.532501996 -0.517500997
vt 0.582502007 -0.517500997
vt 0.552501976 -0.467501014
vt 0.532501996 -0.517500997
vt 0.552501976 -0.467501014
vt 0.552501976 -0.387501001
vt 0.532501996 -0.517500997
vt 0.552501976 -0.287535012
vt 0.552501976 -0.247535005
vt 0.552501976 -0.467501014
vt 0.582502007 -0.517500997
vt 0.582502007 -0.467501014
vt 0.800000012 -0.517500997
vt 0.847500026 -0.517500997
vt 0.800000012 -0.467501014
vt 0.552501976 -0.387501001
vt 0.582502007 -0.387501001
vt 0.582502007 -0.337518007
vt 0.582502007 -0.337518007
vt 0.582502007 -0.287535012
vt 0.552501976 -0.287535012
vt 0.75999999 -0.247535005
vt 0.75999999 -0.287535012
vt 0.764999986 -0.267535001
vt 0.75999999 -0.247535005
vt 0.77739501 -0.252763003
vt 0.800000012 -0.247535005
vt 0.807501972 0.542885005
vt 0.342501998 0.740536988
vt 0.00250199996 0.0500000007
vt 0.75999999 -0.287535012
vt 0.800000012 -0.287535012
vt 0.779999971 -0.282534987
vt 0.800000012 -0.387501001
vt 0.75999999 -0.387501001
vt 0.77739501 -0.392729014
vt 0.75999999 -0.387501001
vt 0.75999999 -0.467501014
vt 0.764999986 -0.407501012
vt 0.779999971 -0.422500998
vt 0.77739501 -0.432729006
vt 0.782604992 -0.432729006
vt 0.75999999 -0.467501014
vt 0.800000012 -0.467501014
vt 0.779999971 -0.462500989
vt -0.792500019 -0.407501012
vt -0.800000012 -0.337518007
vt -0.800000012 -0.517500997
vt 0.812502027 -0.517500997
vt 0.00250199996 -0.517500997
vt 0.784897029 -0.527728975
vt 0.812502027 -0.517500997
vt 0.801596999 -0.547631025
vt 0.812502027 -0.937501013
vt 0.790107012 -0.557272971
vt 0.784897029 -0.557272971
vt 0.787501991 -0.897500992
vt 0.0301070008 -0.927604973
vt 0.00250199996 -0.937501013
vt 0.812502027 -0.937501013
vt 0.0247920007 -0.557366014
vt 0.0275020003 -0.89783299
vt 0.0300019998 -0.557366014
vt 0.0123969996 -0.542594016
vt 0.00250199996 -0.517500997
vt 0.00250199996 -0.937501013
vt 0.800000012 0.822498977
vt 0.800000012 0.332498997
vt 0.899999976 0.822498977
vt -0.252501994 -0.527500987
vt -0.342501998 -0.927501023
vt -0.252501994 -0.927501023
vt 0.800000012 0.0424989983
vt 0.899999976 0.0424989983
vt 0.800000012 0.232499003
vt 0.800000012 0.232499003
vt 0.899999976 0.0424989983
vt 0.800000012 0.332498997
vt 0.899999976 0.0424989983
vt 0.899999976 0.822498977
vt 0.800000012 0.332498997
vt -0.772502005 0.174999997
vt -0.797501981 0.174999997
vt -0.772502005 0.159999996
vt -0.800000012 0.172499001
vt -0.800000012 0.822498977
vt -0.834999979 0.722499013
vt -1.75 0.872498989
vt -1.75 0.87933898
vt -1.75699997 0.872498989
vt -1.75699997 0.865658998
vt -1.75 0.872498989
vt -1.75699997 0.872498989
vt -1.75 0.87933898
vt -1.75699997 0.872498989
vt -1.75 0.872498989
vt -1.75 0.872498989
vt -1.75699997 0.872498989
vt -1.75699997 0.865658998
vt 1.73000002 0.872498989
vt 1.73000002 0.875918984
vt 1.26199996 0.872498989
vt -1.26199996 0.872498989
vt -1.26199996 0.875918984
vt -1.73000002 0.872498989
vt -1.75699997 0.875918984
vt -2.05699992 0.872498989
vt -1.75699997 0.872498989
vt -1.75699997 0.872498989
vt -2.05699992 0.872498989
vt -2.05699992 0.869078994
vt 0.847498 1.71749902
vt 0.297497988 1.09749901
vt 0.327497989 1.09749901
vt 0.327497989 1.09749901
vt 0.297497988 1.09749901
vt 0.327497989 0.677498996
vt 0.327497989 1.09749901
vt 0.817498028 1.09749901
vt 0.847498 1.71749902
vt -0.817498028 1.09749901
vt -0.847498 1.09749901
vt -0.817498028 0.677498996
vt -0.207497999 1.09749901
vt -0.237498 1.09749901
vt -0.207497999 0.677498996
vt -0.327497989 1.09749901
vt -0.327497989 0.677498996
vt -0.297497988 1.09749901
vt -0.297497988 1.09749901
vt -0.327497989 0.677498996
vt -0.297497988 0.647499025
vt -0.327497989 0.677498996
vt -0.817498028 0.677498996
vt -0.297497988 0.647499025
vt 0.327497989 0.677498996
vt 0.297497988 1.09749901
vt 0.297497988 0.647499025
vt 0.327497989 0.677498996
vt 0.297497988 0.647499025
vt 0.817498028 0.677498996
vt 0.817498028 0.677498996
vt 0.847498 1.09749901
vt 0.817498028 1.09749901
vt 0.817498028 1.09749901
vt 0.847498 1.09749901
vt 0.847498 1.71749902
vt 0.297497988 1.09749901
vt 0.847498 1.71749902
vt 0.237498 1.09749901
vt 0.847498 1.71749902
vt -0.312501997 1.71749902
vt 0.207497999 1.09749901
vt 0.847498 1.71749902
vt 0.207497999 1.09749901
vt 0.237498 1.09749901
vt -0.312501997 1.71749902
vt -0.312501997 1.09749901
vt -0.282501996 1.09749901
vt -0.312501997 1.71749902
vt -0.282501996 1.09749901
vt 0.207497999 1.09749901
vt -0.282501996 1.09749901
vt -0.312501997 1.09749901
vt -0.282501996 0.677498996
vt 0.282501996 1.09749901
vt 0.282501996 0.677498996
vt 0.312501997 1.09749901
vt 0.312501997 1.09749901
vt 0.282501996 0.677498996
vt 0.312501997 0.647499025
vt -0.312501997 1.09749901
vt -0.312501997 0.647499025
vt -0.282501996 0.677498996
vt -0.282501996 0.677498996
vt -0.312501997 0.647499025
vt 0.207497999 0.677498996
vt 0.282501996 0.677498996
vt -0.207497999 0.677498996
vt 0.312501997 0.647499025
vt 0.207497999 1.09749901
vt 0.207497999 0.677498996
vt 0.237498 1.09749901
vt -2.26200008 0.868224025
vt -1.46200001 0.872498989
vt -2.26200008 0.872498989
vt -2.26200008 0.872498989
vt -1.46200001 0.872498989
vt -1.46200001 0.876774013
vt -1.45700002 0.875918984
vt -2.25699997 0.872498989
vt -1.45700002 0.872498989
vt -1.45700002 0.872498989
vt -2.25699997 0.872498989
vt -2.25699997 0.869078994
vt -1.45700002 0.875918984
vt -2.25699997 0.872498989
vt -1.45700002 0.872498989
vt -1.45700002 0.872498989
vt -2.25699997 0.872498989
vt -2.25699997 0.869078994
vt -2.05699992 0.869078994
vt -1.25699997 0.872498989
vt -2.05699992 0.872498989
vt -2.05699992 0.872498989
vt -1.25699997 0.872498989
vt -1.25699997 0.875918984
vt -0.772502005 0.855000019
vt -0.38250199 0.855000019
vt -0.38250199 0.88499999
vt -0.38250199 0.88499999
vt -0.38250199 0.855000019
vt -0.357502013 0.899999976
vt -0.38250199 0.88499999
vt -0.357502013 0.899999976
vt -0.38250199 0.899999976
vt -0.38250199 0.88499999
vt -0.772502005 0.88499999
vt -0.772502005 0.855000019
vt 0.38250199 0.899999976
vt 0.357502013 0.899999976
vt 0.38250199 0.88499999
vt -0.357502013 0.899999976
vt -0.38250199 0.855000019
vt -0.357502013 0.839999974
vt -0.357502013 0.839999974
vt -0.38250199 0.855000019
vt -0.38250199 0.839999974
vt 0.38250199 0.839999974
vt 0.38250199 0.855000019
vt 0.357502013 0.839999974
vt 0.357502013 0.839999974
vt 0.38250199 0.855000019
vt 0.357502013 0.899999976
vt 0.357502013 0.899999976
vt 0.38250199 0.855000019
vt 0.38250199 0.88499999
vt 0.38250199 0.855000019
vt 0.772502005 0.855000019
vt 0.38250199 0.88499999
vt 0.38250199 0.88499999
vt 0.772502005 0.855000019
vt 0.772502005 0.88499999
vt 0.772502005 0.88499999
vt 0.772502005 0.855000019
vt 0.797501981 0.899999976
vt 0.772502005 0.88499999
vt 0.797501981 0.899999976
vt 0.772502005 0.899999976
vt -0.772502005 0.899999976
vt -0.797501981 0.899999976
vt -0.772502005 0.88499999
vt 0.797501981 0.899999976
vt 0.772502005 0.855000019
vt 0.797501981 0.839999974
vt -0.797501981 0.899999976
vt -0.797501981 0.839999974
vt -0.772502005 0.88499999
vt -0.772502005 0.88499999
vt -0.797501981 0.839999974
vt -0.772502005 0.855000019
vt 0.797501981 0.839999974
vt 0.772502005 0.855000019
vt 0.772502005 0.839999974
vt -0.797501981 0.839999974
vt -0.772502005 0.839999974
vt -0.772502005 0.855000019
vt -0.772502005 0.129999995
vt -0.38250199 0.129999995
vt -0.38250199 0.159999996
vt -0.38250199 0.159999996
vt -0.38250199 0.129999995
vt -0.357502013 0.174999997
vt -0.38250199 0.159999996
vt -0.357502013 0.174999997
vt -0.38250199 0.174999997
vt -0.38250199 0.159999996
vt -0.772502005 0.159999996
vt -0.772502005 0.129999995
vt 0.38250199 0.174999997
vt 0.357502013 0.174999997
vt 0.38250199 0.159999996
vt -0.357502013 0.174999997
vt -0.38250199 0.129999995
vt -0.357502013 0.115000002
vt -0.357502013 0.115000002
vt -0.38250199 0.129999995
vt -0.38250199 0.115000002
vt 0.38250199 0.115000002
vt 0.38250199 0.129999995
vt 0.357502013 0.115000002
vt 0.357502013 0.115000002
vt 0.38250199 0.129999995
vt 0.357502013 0.174999997
vt 0.357502013 0.174999997
vt 0.38250199 0.129999995
vt 0.38250199 0.159999996
vt 0.38250199 0.129999995
vt 0.772502005 0.129999995
vt 0.38250199 0.159999996
vt 0.38250199 0.159999996
vt 0.772502005 0.129999995
vt 0.772502005 0.159999996
vt 0.772502005 0.159999996
vt 0.772502005 0.129999995
vt 0.797501981 0.174999997
vt 0.772502005 0.159999996
vt 0.797501981 0.174999997
vt 0.772502005 0.174999997
vt 0.797501981 0.174999997
vt 0.772502005 0.129999995
vt 0.797501981 0.115000002
vt -0.797501981 0.174999997
vt -0.797501981 0.115000002
vt -0.772502005 0.159999996
vt -0.772502005 0.159999996
vt -0.797501981 0.115000002
vt -0.772502005 0.129999995
vt 0.797501981 0.115000002
vt 0.772502005 0.129999995
vt 0.772502005 0.115000002
vt -0.797501981 0.115000002
vt -0.772502005 0.115000002
vt -0.772502005 0.129999995
vt -0.0152949998 0.883980989
vt -0.062185999 0.868538976
vt -0.0597090013 0.861016989
vt 0.0597090013 0.861016989
vt 0.062185999 0.868538976
vt 0.0152949998 0.883980989
vt 0.0237390008 0.895018995
vt 0.0233609993 0.895497978
vt 0.0145030003 0.886640012
vt -0.0237390008 0.895018995
vt -0.0145030003 0.886640012
vt -0.0233609993 0.895497978
vt 0.0600220002 0.886262
vt 0.0605010018 0.886640012
vt 0.0516429991 0.895497978
vt -0.0600220002 0.886262
vt -0.0516429991 0.895497978
vt -0.0605010018 0.886640012
vt 0.014982 0.858735979
vt 0.0145030003 0.858358026
vt 0.0233609993 0.8495
vt -0.014982 0.858735979
vt -0.0233609993 0.8495
vt -0.0145030003 0.858358026
vt 0.547814012 0.868538976
vt 0.550291002 0.861016989
vt 0.594704986 0.883980989
vt -0.550291002 0.861016989
vt -0.547814012 0.868538976
vt -0.594704986 0.883980989
vt -0.586260974 0.895018995
vt -0.586638987 0.895497978
vt -0.595497012 0.886640012
vt 0.586260974 0.895018995
vt 0.595497012 0.886640012
vt 0.586638987 0.895497978
vt -0.549978018 0.886262
vt -0.549498975 0.886640012
vt -0.558357 0.895497978
vt 0.549978018 0.886262
vt 0.558357 0.895497978
vt 0.549498975 0.886640012
vt -0.595018029 0.858735979
vt -0.595497012 0.858358026
vt -0.586638987 0.8495
vt 0.595018029 0.858735979
vt 0.586638987 0.8495
vt 0.595497012 0.858358026
vt -0.925000012 -0.937501013
vt -0.964999974 -0.897500992
vt -0.937361002 -0.935543001
vt -0.937361002 -0.935543001
vt -0.964999974 -0.897500992
vt -0.964999974 -0.897500992
vt -0.937361002 -0.935543001
vt -0.964999974 -0.897500992
vt -0.948511004 -0.929862022
vt -0.948511004 -0.929862022
vt -0.964999974 -0.897500992
vt -0.963042021 -0.909861982
vt -0.948511004 -0.929862022
vt -0.963042021 -0.909861982
vt -0.957360983 -0.921011984
vt 0.312501997 1.79999995
vt 0.282501996 1.79999995
vt 0.312501997 0.899999976
vt 0.312501997 0.899999976
vt 0.282501996 1.79999995
vt 0.282501996 0.899999976
vt -0.312501997 0.962499022
vt -0.312501997 0.932498991
vt -0.282501996 0.962499022
vt -0.282501996 0.962499022
vt -0.312501997 0.932498991
vt -0.282501996 0.932498991
vt 0.237498 0.782499015
vt 0.237498 0.812498987
vt 0.207497999 0.782499015
vt 0.207497999 0.782499015
vt 0.237498 0.812498987
vt 0.207497999 0.812498987
vt 0.237498 1.79999995
vt 0.207497999 1.79999995
vt 0.237498 0.899999976
vt 0.237498 0.899999976
vt 0.207497999 1.79999995
vt 0.207497999 0.899999976
vt -0.899999976 0.782499015
vt -0.899999976 0.812498987
vt -1.79999995 0.782499015
vt -1.79999995 0.782499015
vt -0.899999976 0.812498987
vt -1.79999995 0.812498987
vt -0.237498 0.812498987
vt -0.237498 0.782499015
vt -0.207497999 0.812498987
vt -0.207497999 0.812498987
vt -0.237498 0.782499015
vt -0.207497999 0.782499015
vt -0.237498 0.899999976
vt -0.207497999 0.899999976
vt -0.237498 1.79999995
vt -0.237498 1.79999995
vt -0.207497999 0.899999976
vt -0.207497999 1.79999995
vt 1.79999995 0.782499015
vt 1.79999995 0.812498987
vt 0.899999976 0.782499015
vt 0.899999976 0.782499015
vt 1.79999995 0.812498987
vt 0.899999976 0.812498987
vt 0.237498 0.932498991
vt 0.237498 0.962499022
vt 0.207497999 0.932498991
vt 0.207497999 0.932498991
vt 0.237498 0.962499022
vt 0.207497999 0.962499022
vt 0.237498 1.79999995
vt 0.207497999 1.79999995
vt 0.237498 0.899999976
vt 0.237498 0.899999976
vt 0.207497999 1.79999995
vt 0.207497999 0.899999976
vt -0.899999976 0.932498991
vt -0.899999976 0.962499022
vt -1.79999995 0.932498991
vt -1.79999995 0.932498991
vt -0.899999976 0.962499022
vt -1.79999995 0.962499022
vt -0.237498 0.962499022
vt -0.237498 0.932498991
vt -0.207497999 0.962499022
vt -0.207497999 0.962499022
vt -0.237498 0.932498991
vt -0.207497999 0.932498991
vt -0.237498 0.899999976
vt -0.207497999 0.899999976
vt -0.237498 1.79999995
vt -0.237498 1.79999995
vt -0.207497999 0.899999976
vt -0.207497999 1.79999995
vt 1.79999995 0.932498991
vt 1.79999995 0.962499022
vt 0.899999976 0.932498991
vt 0.899999976 0.932498991
vt 1.79999995 0.962499022
vt 0.899999976 0.962499022
vt 0.327497989 0.782499015
vt 0.327497989 0.812498987
vt 0.297497988 0.782499015
vt 0.297497988 0.782499015
vt 0.327497989 0.812498987
vt 0.297497988 0.812498987
vt 0.327497989 1.79999995
vt 0.297497988 1.79999995
vt 0.327497989 0.899999976
vt 0.327497989 0.899999976
vt 0.297497988 1.79999995
vt 0.297497988 0.899999976
vt -0.899999976 0.782499015
vt -0.899999976 0.812498987
vt -1.79999995 0.782499015
vt -1.79999995 0.782499015
vt -0.899999976 0.812498987
vt -1.79999995 0.812498987
vt -0.327497989 0.812498987
vt -0.327497989 0.782499015
vt -0.297497988 0.812498987
vt -0.297497988 0.812498987
vt -0.327497989 0.782499015
vt -0.297497988 0.782499015
vt -0.327497989 0.899999976
vt -0.297497988 0.899999976
vt -0.327497989 1.79999995
vt -0.327497989 1.79999995
vt -0.297497988 0.899999976
vt -0.297497988 1.79999995
vt 1.79999995 0.782499015
vt 1.79999995 0.812498987
vt 0.899999976 0.782499015
vt 0.899999976 0.782499015
vt 1.79999995 0.812498987
vt 0.899999976 0.812498987
vt 0.327497989 0.932498991
vt 0.327497989 0.962499022
vt 0.297497988 0.932498991
vt 0.297497988 0.932498991
vt 0.327497989 0.962499022
vt 0.297497988 0.962499022
vt 0.327497989 1.79999995
vt 0.297497988 1.79999995
vt 0.327497989 0.899999976
vt 0.327497989 0.899999976
vt 0.297497988 1.79999995
vt 0.297497988 0.899999976
vt -0.899999976 0.932498991
vt -0.899999976 0.962499022
vt -1.79999995 0.932498991
vt -1.79999995 0.932498991
vt -0.899999976 0.962499022
vt -1.79999995 0.962499022
vt -0.327497989 0.962499022
vt -0.327497989 0.932498991
vt -0.297497988 0.962499022
vt -0.297497988 0.962499022
vt -0.327497989 0.932498991
vt -0.297497988 0.932498991
vt -0.327497989 0.899999976
vt -0.297497988 0.899999976
vt -0.327497989 1.79999995
vt -0.327497989 1.79999995
vt -0.297497988 0.899999976
vt -0.297497988 1.79999995
vt 1.79999995 0.932498991
vt 1.79999995 0.962499022
vt 0.899999976 0.932498991
vt 0.899999976 0.932498991
vt 1.79999995 0.962499022
vt 0.899999976 0.962499022
vt 0.847498 0.782499015
vt 0.847498 0.812498987
vt 0.817498028 0.782499015
vt 0.817498028 0.782499015
vt 0.847498 0.812498987
vt 0.817498028 0.812498987
vt 0.847498 1.79999995
vt 0.817498028 1.79999995
vt 0.847498 0.899999976
vt 0.847498 0.899999976
vt 0.817498028 1.79999995
vt 0.817498028 0.899999976
vt -0.899999976 0.782499015
vt -0.899999976 0.812498987
vt -1.79999995 0.782499015
vt -1.79999995 0.782499015
vt -0.899999976 0.812498987
vt -1.79999995 0.812498987
vt -0.847498 0.812498987
vt -0.847498 0.782499015
vt -0.817498028 0.812498987
vt -0.817498028 0.812498987
vt -0.847498 0.782499015
vt -0.817498028 0.782499015
vt -0.847498 0.899999976
vt -0.817498028 0.899999976
vt -0.847498 1.79999995
vt -0.847498 1.79999995
vt -0.817498028 0.899999976
vt -0.817498028 1.79999995
vt 1.79999995 0.782499015
vt 1.79999995 0.812498987
vt 0.899999976 0.782499015
vt 0.899999976 0.782499015
vt 1.79999995 0.812498987
vt 0.899999976 0.812498987
vt 0.847498 0.932498991
vt 0.847498 0.962499022
vt 0.817498028 0.932498991
vt 0.817498028 0.932498991
vt 0.847498 0.962499022
vt 0.817498028 0.962499022
vt 0.847498 1.79999995
vt 0.817498028 1.79999995
vt 0.847498 0.899999976
vt 0.847498 0.899999976
vt 0.817498028 1.79999995
vt 0.817498028 0.899999976
vt -0.899999976 0.932498991
vt -0.899999976 0.962499022
vt -1.79999995 0.932498991
vt -1.79999995 0.932498991
vt -0.899999976 0.962499022
vt -1.79999995 0.962499022
vt -0.847498 0.962499022
vt -0.847498 0.932498991
vt -0.817498028 0.962499022
vt -0.817498028 0.962499022
vt -0.847498 0.932498991
vt -0.817498028 0.932498991
vt -0.847498 0.899999976
vt -0.817498028 0.899999976
vt -0.847498 1.79999995
vt -0.847498 1.79999995
vt -0.817498028 0.899999976
vt -0.817498028 1.79999995
vt 1.79999995 0.932498991
vt 1.79999995 0.962499022
vt 0.899999976 0.932498991
vt 0.899999976 0.932498991
vt 1.79999995 0.962499022
vt 0.899999976 0.962499022
vt -0.252501994 1.70000005
vt -0.252501994 1.73000002
vt -0.282501996 1.70000005
vt -0.282501996 1.70000005
vt -0.252501994 1.73000002
vt -0.282501996 1.73000002
vt 0.252501994 0.732499003
vt 0.282501996 0.732499003
vt 0.252501994 1.01249897
vt 0.252501994 1.01249897
vt 0.282501996 0.732499003
vt 0.282501996 1.01249897
vt -1.70000005 1.01249897
vt -1.73000002 1.01249897
vt -1.70000005 0.732499003
vt -1.70000005 0.732499003
vt -1.73000002 1.01249897
vt -1.73000002 0.732499003
vt 0.252501994 1.73000002
vt 0.252501994 1.70000005
vt 0.282501996 1.73000002
vt 0.282501996 1.73000002
vt 0.252501994 1.70000005
vt 0.282501996 1.70000005
vt -0.252501994 1.01249897
vt -0.282501996 1.01249897
vt -0.252501994 0.732499003
vt -0.252501994 0.732499003
vt -0.282501996 1.01249897
vt -0.282501996 0.732499003
vt 1.70000005 0.732499003
vt 1.73000002 0.732499003
vt 1.70000005 1.01249897
vt 1.70000005 1.01249897
vt 1.73000002 0.732499003
vt 1.73000002 1.01249897
vt 0.207497999 1.70000005
vt 0.207497999 1.73000002
vt 0.177497998 1.70000005
vt 0.177497998 1.70000005
vt 0.207497999 1.73000002
vt 0.177497998 1.73000002
vt -0.207497999 0.732499003
vt -0.177497998 0.732499003
vt -0.207497999 1.01249897
vt -0.207497999 1.01249897
vt -0.177497998 0.732499003
vt -0.177497998 1.01249897
vt -1.70000005 1.01249897
vt -1.73000002 1.01249897
vt -1.70000005 0.732499003
vt -1.70000005 0.732499003
vt -1.73000002 1.01249897
vt -1.73000002 0.732499003
vt -0.207497999 1.73000002
vt -0.207497999 1.70000005
vt -0.177497998 1.73000002
vt -0.177497998 1.73000002
vt -0.207497999 1.70000005
vt -0.177497998 1.70000005
vt 0.207497999 1.01249897
vt 0.177497998 1.01249897
vt 0.207497999 0.732499003
vt 0.207497999 0.732499003
vt 0.177497998 1.01249897
vt 0.177497998 0.732499003
vt 1.70000005 0.732499003
vt 1.73000002 0.732499003
vt 1.70000005 1.01249897
vt 1.70000005 1.01249897
vt 1.73000002 0.732499003
vt 1.73000002 1.01249897
vt 0.35749799 1.70000005
vt 0.35749799 1.73000002
vt 0.327497989 1.70000005
vt 0.327497989 1.70000005
vt 0.35749799 1.73000002
vt 0.327497989 1.73000002
vt -0.35749799 0.732499003
vt -0.327497989 0.732499003
vt -0.35749799 1.01249897
vt -0.35749799 1.01249897
vt -0.327497989 0.732499003
vt -0.327497989 1.01249897
vt -1.70000005 1.01249897
vt -1.73000002 1.01249897
vt -1.70000005 0.732499003
vt -1.70000005 0.732499003
vt -1.73000002 1.01249897
vt -1.73000002 0.732499003
vt -0.35749799 1.73000002
vt -0.35749799 1.70000005
vt -0.327497989 1.73000002
vt -0.327497989 1.73000002
vt -0.35749799 1.70000005
vt -0.327497989 1.70000005
vt 0.35749799 1.01249897
vt 0.327497989 1.01249897
vt 0.35749799 0.732499003
vt 0.35749799 0.732499003
vt 0.327497989 1.01249897
vt 0.327497989 0.732499003
vt 1.70000005 0.732499003
vt 1.73000002 0.732499003
vt 1.70000005 1.01249897
vt 1.70000005 1.01249897
vt 1.73000002 0.732499003
vt 1.73000002 1.01249897
vt 0.817498028 1.70000005
vt 0.817498028 1.73000002
vt 0.787497997 1.70000005
vt 0.787497997 1.70000005
vt 0.817498028 1.73000002
vt 0.787497997 1.73000002
vt -0.817498028 0.732499003
vt -0.787497997 0.732499003
vt -0.817498028 1.01249897
vt -0.817498028 1.01249897
vt -0.787497997 0.732499003
vt -0.787497997 1.01249897
vt -1.70000005 1.01249897
vt -1.73000002 1.01249897
vt -1.70000005 0.732499003
vt -1.70000005 0.732499003
vt -1.73000002 1.01249897
vt -1.73000002 0.732499003
vt -0.817498028 1.73000002
vt -0.817498028 1.70000005
vt -0.787497997 1.73000002
vt -0.787497997 1.73000002
vt -0.817498028 1.70000005
vt -0.787497997 1.70000005
vt 0.817498028 1.01249897
vt 0.787497997 1.01249897
vt 0.817498028 0.732499003
vt 0.817498028 0.732499003
vt 0.787497997 1.01249897
vt 0.787497997 0.732499003
vt 1.70000005 0.732499003
vt 1.73000002 0.732499003
vt 1.70000005 1.01249897
vt 1.70000005 1.01249897
vt 1.73000002 0.732499003
vt 1.73000002 1.01249897
vt -0.597594976 0.848933995
vt -0.596063018 0.847401977
vt -0.598537982 0.85088402
vt -1.75 0.85088402
vt -1.75 0.847401977
vt -1.75 0.847401977
vt -0.598537982 0.85088402
vt -0.596063018 0.847401977
vt -0.598788023 0.853034973
vt -0.598788023 0.853034973
vt -0.596063018 0.847401977
vt -0.594112992 0.846458972
vt -1.75 0.853034973
vt -1.75 0.846458972
vt -1.75 0.853034973
vt -0.598788023 0.853034973
vt -0.594112992 0.846458972
vt -0.59196198 0.84620899
vt -1.75 0.853034973
vt -1.75 0.84620899
vt -1.75 0.853034973
vt -0.598788023 0.853034973
vt -0.59196198 0.84620899
vt -0.589847028 0.846678972
vt -1.75 0.853034973
vt -1.75 0.846678972
vt -1.75 0.853034973
vt -0.598788023 0.853034973
vt -0.589847028 0.846678972
vt -0.588005006 0.847818017
vt -1.75 0.853034973
vt -1.75 0.847818017
vt -1.75 0.853034973
vt -0.598788023 0.853034973
vt -0.588005006 0.847818017
vt -0.586638987 0.8495
vt -0.598788023 0.853034973
vt -0.586638987 0.8495
vt -0.598317981 0.855149984
vt -1.75 0.855149984
vt -1.75 0.8495
vt -1.75 0.8495
vt -0.598317981 0.855149984
vt -0.586638987 0.8495
vt -0.597178996 0.856992006
vt -0.597178996 0.856992006
vt -0.586638987 0.8495
vt -0.595497012 0.858358026
vt 0.597594976 0.848933995
vt 0.598537982 0.85088402
vt 0.596063018 0.847401977
vt 0.596063018 0.847401977
vt 0.598537982 0.85088402
vt 0.598788023 0.853034973
vt 0.596063018 0.847401977
vt 0.598788023 0.853034973
vt 0.594112992 0.846458972
vt -2.54999995 0.846458972
vt -2.54999995 0.853034973
vt -2.54999995 0.853034973
vt 0.594112992 0.846458972
vt 0.598788023 0.853034973
vt 0.59196198 0.84620899
vt -2.54999995 0.84620899
vt -2.54999995 0.853034973
vt -2.54999995 0.853034973
vt 0.59196198 0.84620899
vt 0.598788023 0.853034973
vt 0.589847028 0.846678972
vt -2.54999995 0.846678972
vt -2.54999995 0.853034973
vt -2.54999995 0.853034973
vt 0.589847028 0.846678972
vt 0.598788023 0.853034973
vt 0.588005006 0.847818017
vt -2.54999995 0.847818017
vt -2.54999995 0.853034973
vt -2.54999995 0.853034973
vt 0.588005006 0.847818017
vt 0.598788023 0.853034973
vt 0.586638987 0.8495
vt 0.586638987 0.8495
vt 0.598788023 0.853034973
vt 0.598317981 0.855149984
vt -2.54999995 0.8495
vt -2.54999995 0.855149984
vt -2.54999995 0.8495
vt 0.586638987 0.8495
vt 0.598317981 0.855149984
vt 0.597178996 0.856992006
vt 0.586638987 0.8495
vt 0.597178996 0.856992006
vt 0.595497012 0.858358026
vt -0.586638987 0.8495
vt -0.585754991 0.850322008
vt -0.595018029 0.858735979
vt -1.75 0.858735979
vt -1.75 0.850322008
vt -1.75 0.850322008
vt -0.595018029 0.858735979
vt -0.585754991 0.850322008
vt -0.594500005 0.859826982
vt -0.594500005 0.859826982
vt -0.585754991 0.850322008
vt -0.584559023 0.850485981
vt -1.75 0.859826982
vt -1.75 0.850485981
vt -1.75 0.859826982
vt -0.594500005 0.859826982
vt -0.584559023 0.850485981
vt -0.583980024 0.850292027
vt -1.75 0.859826982
vt -1.75 0.850292027
vt -1.75 0.859826982
vt -0.594500005 0.859826982
vt -0.583980024 0.850292027
vt -0.576457977 0.847814977
vt -1.75 0.859826982
vt -1.75 0.847814977
vt -1.75 0.859826982
vt -0.594500005 0.859826982
vt -0.576457977 0.847814977
vt -0.56853801 0.847814977
vt -1.75 0.859826982
vt -1.75 0.847814977
vt -1.75 0.859826982
vt -0.594500005 0.859826982
vt -0.56853801 0.847814977
vt -0.561016023 0.850292027
vt -1.75 0.859826982
vt -1.75 0.850292027
vt -1.75 0.859826982
vt -0.594500005 0.859826982
vt -0.561016023 0.850292027
vt -0.559826016 0.850497007
vt -0.594500005 0.859826982
vt -0.559826016 0.850497007
vt -0.546208024 0.853034973
vt -0.546208024 0.853034973
vt -0.559826016 0.850497007
vt -0.558735013 0.849978983
vt -1.75 0.853034973
vt -1.75 0.849978983
vt -1.75 0.853034973
vt -0.546208024 0.853034973
vt -0.558735013 0.849978983
vt -0.558357 0.8495
vt -0.546208024 0.853034973
vt -0.558357 0.8495
vt -0.546458006 0.85088402
vt -1.75 0.85088402
vt -1.75 0.8495
vt -1.75 0.8495
vt -0.546458006 0.85088402
vt -0.558357 0.8495
vt -0.547401011 0.848933995
vt -1.75 0.848933995
vt -1.75 0.8495
vt -1.75 0.8495
vt -0.547401011 0.848933995
vt -0.558357 0.8495
vt -0.548933029 0.847401977
vt -0.548933029 0.847401977
vt -0.558357 0.8495
vt -0.556990981 0.847818017
vt -1.75 0.847401977
vt -1.75 0.847818017
vt -1.75 0.847401977
vt -0.548933029 0.847401977
vt -0.556990981 0.847818017
vt -0.555149019 0.846678972
vt -0.548933029 0.847401977
vt -0.555149019 0.846678972
vt -0.550882995 0.846458972
vt -0.550882995 0.846458972
vt -0.555149019 0.846678972
vt -0.553034008 0.84620899
vt -0.546208024 0.853034973
vt -0.546678007 0.855149984
vt -0.594500005 0.859826982
vt -0.594500005 0.859826982
vt -0.546678007 0.855149984
vt -0.547818005 0.856992006
vt -1.75 0.859826982
vt -1.75 0.856992006
vt -1.75 0.859826982
vt -0.594500005 0.859826982
vt -0.547818005 0.856992006
vt -0.549498975 0.858358026
vt -1.75 0.859826982
vt -1.75 0.858358026
vt -1.75 0.859826982
vt -0.594500005 0.859826982
vt -0.549498975 0.858358026
vt -0.550320983 0.859242022
vt -1.75 0.859826982
vt -1.75 0.859242022
vt -1.75 0.859826982
vt -0.594500005 0.859826982
vt -0.550320983 0.859242022
vt -0.550485015 0.860437989
vt -0.594500005 0.859826982
vt -0.550485015 0.860437989
vt -0.594704986 0.861016989
vt -1.75 0.861016989
vt -1.75 0.860437989
vt -1.75 0.860437989
vt -0.594704986 0.861016989
vt -0.550485015 0.860437989
vt -0.597182989 0.868538976
vt -0.597182989 0.868538976
vt -0.550485015 0.860437989
vt -0.550291002 0.861016989
vt 0.586638987 0.8495
vt 0.595018029 0.858735979
vt 0.585754991 0.850322008
vt 0.585754991 0.850322008
vt 0.595018029 0.858735979
vt 0.594500005 0.859826982
vt 0.585754991 0.850322008
vt 0.594500005 0.859826982
vt 0.584559023 0.850485981
vt -2.54999995 0.850485981
vt -2.54999995 0.859826982
vt -2.54999995 0.859826982
vt 0.584559023 0.850485981
vt 0.594500005 0.859826982
vt 0.583980024 0.850292027
vt -2.54999995 0.850292027
vt -2.54999995 0.859826982
vt -2.54999995 0.859826982
vt 0.583980024 0.850292027
vt 0.594500005 0.859826982
vt 0.576457977 0.847814977
vt -2.54999995 0.847814977
vt -2.54999995 0.859826982
vt -2.54999995 0.859826982
vt 0.576457977 0.847814977
vt 0.594500005 0.859826982
vt 0.56853801 0.847814977
vt -2.54999995 0.847814977
vt -2.54999995 0.859826982
vt -2.54999995 0.859826982
vt 0.56853801 0.847814977
vt 0.594500005 0.859826982
vt 0.561016023 0.850292027
vt -2.54999995 0.850292027
vt -2.54999995 0.859826982
vt -2.54999995 0.859826982
vt 0.561016023 0.850292027
vt 0.594500005 0.859826982
vt 0.559826016 0.850497007
vt 0.559826016 0.850497007
vt 0.594500005 0.859826982
vt 0.546208024 0.853034973
vt 0.559826016 0.850497007
vt 0.546208024 0.853034973
vt 0.558735013 0.849978983
vt -2.54999995 0.849978983
vt -2.54999995 0.853034973
vt -2.54999995 0.853034973
vt 0.558735013 0.849978983
vt 0.546208024 0.853034973
vt 0.558357 0.8495
vt 0.558357 0.8495
vt 0.546208024 0.853034973
vt 0.546458006 0.85088402
vt -2.54999995 0.8495
vt -2.54999995 0.85088402
vt -2.54999995 0.8495
vt 0.558357 0.8495
vt 0.546458006 0.85088402
vt 0.547401011 0.848933995
vt -2.54999995 0.8495
vt -2.54999995 0.848933995
vt -2.54999995 0.8495
vt 0.558357 0.8495
vt 0.547401011 0.848933995
vt 0.548933029 0.847401977
vt 0.558357 0.8495
vt 0.548933029 0.847401977
vt 0.556990981 0.847818017
vt -2.54999995 0.847818017
vt -2.54999995 0.847401977
vt -2.54999995 0.847401977
vt 0.556990981 0.847818017
vt 0.548933029 0.847401977
vt 0.555149019 0.846678972
vt 0.555149019 0.846678972
vt 0.548933029 0.847401977
vt 0.550882995 0.846458972
vt 0.555149019 0.846678972
vt 0.550882995 0.846458972
vt 0.553034008 0.84620899
vt 0.546208024 0.853034973
vt 0.594500005 0.859826982
vt 0.546678007 0.855149984
vt -2.54999995 0.855149984
vt -2.54999995 0.859826982
vt -2.54999995 0.859826982
vt 0.546678007 0.855149984
vt 0.594500005 0.859826982
vt 0.547818005 0.856992006
vt -2.54999995 0.856992006
vt -2.54999995 0.859826982
vt -2.54999995 0.859826982
vt 0.547818005 0.856992006
vt 0.594500005 0.859826982
vt 0.549498975 0.858358026
vt -2.54999995 0.858358026
vt -2.54999995 0.859826982
vt -2.54999995 0.859826982
vt 0.549498975 0.858358026
vt 0.594500005 0.859826982
vt 0.550320983 0.859242022
vt -2.54999995 0.859242022
vt -2.54999995 0.859826982
vt -2.54999995 0.859826982
vt 0.550320983 0.859242022
vt 0.594500005 0.859826982
vt 0.550485015 0.860437989
vt 0.550485015 0.860437989
vt 0.594500005 0.859826982
vt 0.594704986 0.861016989
vt -2.54999995 0.860437989
vt -2.54999995 0.861016989
vt -2.54999995 0.860437989
vt 0.550485015 0.860437989
vt 0.594704986 0.861016989
vt 0.597182989 0.868538976
vt 0.550485015 0.860437989
vt 0.597182989 0.868538976
vt 0.550291002 0.861016989
vt 0.548933029 0.897596002
vt 0.547401011 0.896063983
vt 0.550882995 0.898539007
vt -2.54999995 0.898539007
vt -2.54999995 0.896063983
vt -2.54999995 0.896063983
vt 0.550882995 0.898539007
vt 0.547401011 0.896063983
vt 0.553034008 0.898788989
vt -2.54999995 0.898788989
vt -2.54999995 0.896063983
vt -2.54999995 0.896063983
vt 0.553034008 0.898788989
vt 0.547401011 0.896063983
vt 0.555149019 0.898319006
vt 0.555149019 0.898319006
vt 0.547401011 0.896063983
vt 0.546458006 0.894114017
vt 0.555149019 0.898319006
vt 0.546458006 0.894114017
vt 0.556990981 0.897180021
vt -2.54999995 0.897180021
vt -2.54999995 0.894114017
vt -2.54999995 0.894114017
vt 0.556990981 0.897180021
vt 0.546458006 0.894114017
vt 0.558357 0.895497978
vt 0.558357 0.895497978
vt 0.546458006 0.894114017
vt 0.546208024 0.891963005
vt -2.54999995 0.895497978
vt -2.54999995 0.891963005
vt -2.54999995 0.895497978
vt 0.558357 0.895497978
vt 0.546208024 0.891963005
vt 0.546678007 0.889847994
vt -2.54999995 0.895497978
vt -2.54999995 0.889847994
vt -2.54999995 0.895497978
vt 0.558357 0.895497978
vt 0.546678007 0.889847994
vt 0.547818005 0.888005972
vt 0.558357 0.895497978
vt 0.547818005 0.888005972
vt 0.549498975 0.886640012
vt -0.548933029 0.897596002
vt -0.550882995 0.898539007
vt -0.547401011 0.896063983
vt -0.547401011 0.896063983
vt -0.550882995 0.898539007
vt -0.553034008 0.898788989
vt -1.75 0.896063983
vt -1.75 0.898788989
vt -1.75 0.896063983
vt -0.547401011 0.896063983
vt -0.553034008 0.898788989
vt -0.555149019 0.898319006
vt -0.547401011 0.896063983
vt -0.555149019 0.898319006
vt -0.546458006 0.894114017
vt -0.546458006 0.894114017
vt -0.555149019 0.898319006
vt -0.556990981 0.897180021
vt -1.75 0.894114017
vt -1.75 0.897180021
vt -1.75 0.894114017
vt -0.546458006 0.894114017
vt -0.556990981 0.897180021
vt -0.558357 0.895497978
vt -0.546458006 0.894114017
vt -0.558357 0.895497978
vt -0.546208024 0.891963005
vt -1.75 0.891963005
vt -1.75 0.895497978
vt -1.75 0.895497978
vt -0.546208024 0.891963005
vt -0.558357 0.895497978
vt -0.546678007 0.889847994
vt -1.75 0.889847994
vt -1.75 0.895497978
vt -1.75 0.895497978
vt -0.546678007 0.889847994
vt -0.558357 0.895497978
vt -0.547818005 0.888005972
vt -0.547818005 0.888005972
vt -0.558357 0.895497978
vt -0.549498975 0.886640012
vt -0.558357 0.895497978
vt -0.559240997 0.89467603
vt -0.549978018 0.886262
vt -1.75 0.886262
vt -1.75 0.89467603
vt -1.75 0.89467603
vt -0.549978018 0.886262
vt -0.559240997 0.89467603
vt -0.550495982 0.885170996
vt -1.75 0.885170996
vt -1.75 0.89467603
vt -1.75 0.89467603
vt -0.550495982 0.885170996
vt -0.559240997 0.89467603
vt -0.550291002 0.883980989
vt -1.75 0.883980989
vt -1.75 0.89467603
vt -1.75 0.89467603
vt -0.550291002 0.883980989
vt -0.559240997 0.89467603
vt -0.547814012 0.876459002
vt -1.75 0.876459002
vt -1.75 0.89467603
vt -1.75 0.89467603
vt -0.547814012 0.876459002
vt -0.559240997 0.89467603
vt -0.547814012 0.868538976
vt -0.547814012 0.868538976
vt -0.559240997 0.89467603
vt -0.560437024 0.894511998
vt -1.75 0.868538976
vt -1.75 0.894511998
vt -1.75 0.868538976
vt -0.547814012 0.868538976
vt -0.560437024 0.894511998
vt -0.561016023 0.894706011
vt -1.75 0.868538976
vt -1.75 0.894706011
vt -1.75 0.868538976
vt -0.547814012 0.868538976
vt -0.561016023 0.894706011
vt -0.56853801 0.897183001
vt -0.547814012 0.868538976
vt -0.56853801 0.897183001
vt -0.594510972 0.884559989
vt -1.75 0.884559989
vt -1.75 0.897183001
vt -1.75 0.897183001
vt -0.594510972 0.884559989
vt -0.56853801 0.897183001
vt -0.594675004 0.885756016
vt -0.594675004 0.885756016
vt -0.56853801 0.897183001
vt -0.576457977 0.897183001
vt -1.75 0.885756016
vt -1.75 0.897183001
vt -1.75 0.885756016
vt -0.594675004 0.885756016
vt -0.576457977 0.897183001
vt -0.583980024 0.894706011
vt -1.75 0.885756016
vt -1.75 0.894706011
vt -1.75 0.885756016
vt -0.594675004 0.885756016
vt -0.583980024 0.894706011
vt -0.585169971 0.894500971
vt -1.75 0.885756016
vt -1.75 0.894500971
vt -1.75 0.885756016
vt -0.594675004 0.885756016
vt -0.585169971 0.894500971
vt -0.586260974 0.895018995
vt -0.594675004 0.885756016
vt -0.586260974 0.895018995
vt -0.595497012 0.886640012
vt -0.594704986 0.883980989
vt -0.547814012 0.868538976
vt -0.594510972 0.884559989
vt 0.558357 0.895497978
vt 0.549978018 0.886262
vt 0.559240997 0.89467603
vt 0.559240997 0.89467603
vt 0.549978018 0.886262
vt 0.550495982 0.885170996
vt -2.54999995 0.89467603
vt -2.54999995 0.885170996
vt -2.54999995 0.89467603
vt 0.559240997 0.89467603
vt 0.550495982 0.885170996
vt 0.550291002 0.883980989
vt -2.54999995 0.89467603
vt -2.54999995 0.883980989
vt -2.54999995 0.89467603
vt 0.559240997 0.89467603
vt 0.550291002 0.883980989
vt 0.547814012 0.876459002
vt -2.54999995 0.89467603
vt -2.54999995 0.876459002
vt -2.54999995 0.89467603
vt 0.559240997 0.89467603
vt 0.547814012 0.876459002
vt 0.547814012 0.868538976
vt 0.559240997 0.89467603
vt 0.547814012 0.868538976
vt 0.560437024 0.894511998
vt -2.54999995 0.894511998
vt -2.54999995 0.868538976
vt -2.54999995 0.868538976
vt 0.560437024 0.894511998
vt 0.547814012 0.868538976
vt 0.561016023 0.894706011
vt -2.54999995 0.894706011
vt -2.54999995 0.868538976
vt -2.54999995 0.868538976
vt 0.561016023 0.894706011
vt 0.547814012 0.868538976
vt 0.56853801 0.897183001
vt 0.56853801 0.897183001
vt 0.547814012 0.868538976
vt 0.594510972 0.884559989
vt -2.54999995 0.897183001
vt -2.54999995 0.884559989
vt -2.54999995 0.897183001
vt 0.56853801 0.897183001
vt 0.594510972 0.884559989
vt 0.594675004 0.885756016
vt 0.56853801 0.897183001
vt 0.594675004 0.885756016
vt 0.576457977 0.897183001
vt -2.54999995 0.897183001
vt -2.54999995 0.885756016
vt -2.54999995 0.885756016
vt 0.576457977 0.897183001
vt 0.594675004 0.885756016
vt 0.583980024 0.894706011
vt -2.54999995 0.894706011
vt -2.54999995 0.885756016
vt -2.54999995 0.885756016
vt 0.583980024 0.894706011
vt 0.594675004 0.885756016
vt 0.585169971 0.894500971
vt -2.54999995 0.894500971
vt -2.54999995 0.885756016
vt -2.54999995 0.885756016
vt 0.585169971 0.894500971
vt 0.594675004 0.885756016
vt 0.586260974 0.895018995
vt 0.586260974 0.895018995
vt 0.594675004 0.885756016
vt 0.595497012 0.886640012
vt 0.594704986 0.883980989
vt 0.594510972 0.884559989
vt 0.547814012 0.868538976
vt 0.589847028 0.898319006
vt 0.588005006 0.897180021
vt 0.59196198 0.898788989
vt -2.54999995 0.898788989
vt -2.54999995 0.897180021
vt -2.54999995 0.897180021
vt 0.59196198 0.898788989
vt 0.588005006 0.897180021
vt 0.594112992 0.898539007
vt -2.54999995 0.898539007
vt -2.54999995 0.897180021
vt -2.54999995 0.897180021
vt 0.594112992 0.898539007
vt 0.588005006 0.897180021
vt 0.596063018 0.897596002
vt -2.54999995 0.897596002
vt -2.54999995 0.897180021
vt -2.54999995 0.897180021
vt 0.596063018 0.897596002
vt 0.588005006 0.897180021
vt 0.597594976 0.896063983
vt -2.54999995 0.896063983
vt -2.54999995 0.897180021
vt -2.54999995 0.897180021
vt 0.597594976 0.896063983
vt 0.588005006 0.897180021
vt 0.598537982 0.894114017
vt -2.54999995 0.894114017
vt -2.54999995 0.897180021
vt -2.54999995 0.897180021
vt 0.598537982 0.894114017
vt 0.588005006 0.897180021
vt 0.598788023 0.891963005
vt 0.598788023 0.891963005
vt 0.588005006 0.897180021
vt 0.586638987 0.895497978
vt 0.598788023 0.891963005
vt 0.586638987 0.895497978
vt 0.598317981 0.889847994
vt -2.54999995 0.889847994
vt -2.54999995 0.895497978
vt -2.54999995 0.895497978
vt 0.598317981 0.889847994
vt 0.586638987 0.895497978
vt 0.597178996 0.888005972
vt 0.597178996 0.888005972
vt 0.586638987 0.895497978
vt 0.595497012 0.886640012
vt -0.589847028 0.898319006
vt -0.59196198 0.898788989
vt -0.588005006 0.897180021
vt -0.588005006 0.897180021
vt -0.59196198 0.898788989
vt -0.594112992 0.898539007
vt -1.75 0.897180021
vt -1.75 0.898539007
vt -1.75 0.897180021
vt -0.588005006 0.897180021
vt -0.594112992 0.898539007
vt -0.596063018 0.897596002
vt -1.75 0.897180021
vt -1.75 0.897596002
vt -1.75 0.897180021
vt -0.588005006 0.897180021
vt -0.596063018 0.897596002
vt -0.597594976 0.896063983
vt -1.75 0.897180021
vt -1.75 0.896063983
vt -1.75 0.897180021
vt -0.588005006 0.897180021
vt -0.597594976 0.896063983
vt -0.598537982 0.894114017
vt -1.75 0.897180021
vt -1.75 0.894114017
vt -1.75 0.897180021
vt -0.588005006 0.897180021
vt -0.598537982 0.894114017
vt -0.598788023 0.891963005
vt -0.588005006 0.897180021
vt -0.598788023 0.891963005
vt -0.586638987 0.895497978
vt -0.586638987 0.895497978
vt -0.598788023 0.891963005
vt -0.598317981 0.889847994
vt -1.75 0.895497978
vt -1.75 0.889847994
vt -1.75 0.895497978
vt -0.586638987 0.895497978
vt -0.598317981 0.889847994
vt -0.597178996 0.888005972
vt -0.586638987 0.895497978
vt -0.597178996 0.888005972
vt -0.595497012 0.886640012
vt 0.899999976 0.962499022
vt 0.899999976 0.932498991
vt 1.79999995 0.962499022
vt 1.79999995 0.962499022
vt 0.899999976 0.932498991
vt 1.79999995 0.932498991
vt -0.594704986 0.883980989
vt -0.597182989 0.876459002
vt -0.550291002 0.861016989
vt -0.550291002 0.861016989
vt -0.597182989 0.876459002
vt -0.597182989 0.868538976
vt 0.597182989 0.868538976
vt 0.597182989 0.876459002
vt 0.550291002 0.861016989
vt 0.550291002 0.861016989
vt 0.597182989 0.876459002
vt 0.594704986 0.883980989
vt 0.0114620002 0.85088402
vt 0.0124049997 0.848933995
vt 0.0112119997 0.853034973
vt -1.75 0.853034973
vt -1.75 0.848933995
vt -1.75 0.848933995
vt 0.0112119997 0.853034973
vt 0.0124049997 0.848933995
vt 0.011682 0.855149984
vt 0.011682 0.855149984
vt 0.0124049997 0.848933995
vt 0.0139370002 0.847401977
vt 0.011682 0.855149984
vt 0.0139370002 0.847401977
vt 0.0128210001 0.856992006
vt -1.75 0.856992006
vt -1.75 0.847401977
vt -1.75 0.847401977
vt 0.0128210001 0.856992006
vt 0.0139370002 0.847401977
vt 0.0145030003 0.858358026
vt 0.0145030003 0.858358026
vt 0.0139370002 0.847401977
vt 0.0158869997 0.846458972
vt -1.75 0.858358026
vt -1.75 0.846458972
vt -1.75 0.858358026
vt 0.0145030003 0.858358026
vt 0.0158869997 0.846458972
vt 0.0180380009 0.84620899
vt -1.75 0.858358026
vt -1.75 0.84620899
vt -1.75 0.858358026
vt 0.0145030003 0.858358026
vt 0.0180380009 0.84620899
vt 0.0201529991 0.846678972
vt -1.75 0.858358026
vt -1.75 0.846678972
vt -1.75 0.858358026
vt 0.0145030003 0.858358026
vt 0.0201529991 0.846678972
vt 0.0219950005 0.847818017
vt 0.0145030003 0.858358026
vt 0.0219950005 0.847818017
vt 0.0233609993 0.8495
vt -0.0114620002 0.85088402
vt -0.0112119997 0.853034973
vt -0.0124049997 0.848933995
vt -0.0124049997 0.848933995
vt -0.0112119997 0.853034973
vt -0.011682 0.855149984
vt -0.0124049997 0.848933995
vt -0.011682 0.855149984
vt -0.0139370002 0.847401977
vt -0.0139370002 0.847401977
vt -0.011682 0.855149984
vt -0.0128210001 0.856992006
vt -2.54999995 0.847401977
vt -2.54999995 0.856992006
vt -2.54999995 0.847401977
vt -0.0139370002 0.847401977
vt -0.0128210001 0.856992006
vt -0.0145030003 0.858358026
vt -0.0139370002 0.847401977
vt -0.0145030003 0.858358026
vt -0.0158869997 0.846458972
vt -2.54999995 0.846458972
vt -2.54999995 0.858358026
vt -2.54999995 0.858358026
vt -0.0158869997 0.846458972
vt -0.0145030003 0.858358026
vt -0.0180380009 0.84620899
vt -2.54999995 0.84620899
vt -2.54999995 0.858358026
vt -2.54999995 0.858358026
vt -0.0180380009 0.84620899
vt -0.0145030003 0.858358026
vt -0.0201529991 0.846678972
vt -2.54999995 0.846678972
vt -2.54999995 0.858358026
vt -2.54999995 0.858358026
vt -0.0201529991 0.846678972
vt -0.0145030003 0.858358026
vt -0.0219950005 0.847818017
vt -0.0219950005 0.847818017
vt -0.0145030003 0.858358026
vt -0.0233609993 0.8495
vt 0.0233609993 0.8495
vt 0.0242439993 0.850322008
vt 0.014982 0.858735979
vt -1.75 0.858735979
vt -1.75 0.850322008
vt -1.75 0.850322008
vt 0.014982 0.858735979
vt 0.0242439993 0.850322008
vt 0.0154999997 0.859826982
vt 0.0154999997 0.859826982
vt 0.0242439993 0.850322008
vt 0.0254410002 0.850485981
vt -1.75 0.859826982
vt -1.75 0.850485981
vt -1.75 0.859826982
vt 0.0154999997 0.859826982
vt 0.0254410002 0.850485981
vt 0.0260199998 0.850292027
vt -1.75 0.859826982
vt -1.75 0.850292027
vt -1.75 0.859826982
vt 0.0154999997 0.859826982
vt 0.0260199998 0.850292027
vt 0.0335419998 0.847814977
vt -1.75 0.859826982
vt -1.75 0.847814977
vt -1.75 0.859826982
vt 0.0154999997 0.859826982
vt 0.0335419998 0.847814977
vt 0.0414620005 0.847814977
vt -1.75 0.859826982
vt -1.75 0.847814977
vt -1.75 0.859826982
vt 0.0154999997 0.859826982
vt 0.0414620005 0.847814977
vt 0.0489839986 0.850292027
vt -1.75 0.859826982
vt -1.75 0.850292027
vt -1.75 0.859826982
vt 0.0154999997 0.859826982
vt 0.0489839986 0.850292027
vt 0.0501740016 0.850497007
vt 0.0154999997 0.859826982
vt 0.0501740016 0.850497007
vt 0.0637919977 0.853034973
vt 0.0637919977 0.853034973
vt 0.0501740016 0.850497007
vt 0.0512650013 0.849978983
vt -1.75 0.853034973
vt -1.75 0.849978983
vt -1.75 0.853034973
vt 0.0637919977 0.853034973
vt 0.0512650013 0.849978983
vt 0.0516429991 0.8495
vt 0.0637919977 0.853034973
vt 0.0516429991 0.8495
vt 0.0635420009 0.85088402
vt -1.75 0.85088402
vt -1.75 0.8495
vt -1.75 0.8495
vt 0.0635420009 0.85088402
vt 0.0516429991 0.8495
vt 0.0625990033 0.848933995
vt 0.0625990033 0.848933995
vt 0.0516429991 0.8495
vt 0.0530089997 0.847818017
vt -1.75 0.848933995
vt -1.75 0.847818017
vt -1.75 0.848933995
vt 0.0625990033 0.848933995
vt 0.0530089997 0.847818017
vt 0.0548509993 0.846678972
vt -1.75 0.848933995
vt -1.75 0.846678972
vt -1.75 0.848933995
vt 0.0625990033 0.848933995
vt 0.0548509993 0.846678972
vt 0.0569659993 0.84620899
vt 0.0625990033 0.848933995
vt 0.0569659993 0.84620899
vt 0.061067 0.847401977
vt 0.061067 0.847401977
vt 0.0569659993 0.84620899
vt 0.0591170006 0.846458972
vt 0.0637919977 0.853034973
vt 0.0633220002 0.855149984
vt 0.0154999997 0.859826982
vt 0.0154999997 0.859826982
vt 0.0633220002 0.855149984
vt 0.0621820018 0.856992006
vt -1.75 0.859826982
vt -1.75 0.856992006
vt -1.75 0.859826982
vt 0.0154999997 0.859826982
vt 0.0621820018 0.856992006
vt 0.0605010018 0.858358026
vt -1.75 0.859826982
vt -1.75 0.858358026
vt -1.75 0.859826982
vt 0.0154999997 0.859826982
vt 0.0605010018 0.858358026
vt 0.0596790016 0.859242022
vt -1.75 0.859826982
vt -1.75 0.859242022
vt -1.75 0.859826982
vt 0.0154999997 0.859826982
vt 0.0596790016 0.859242022
vt 0.0595149994 0.860437989
vt 0.0154999997 0.859826982
vt 0.0595149994 0.860437989
vt 0.0152949998 0.861016989
vt -1.75 0.861016989
vt -1.75 0.860437989
vt -1.75 0.860437989
vt 0.0152949998 0.861016989
vt 0.0595149994 0.860437989
vt 0.012817 0.868538976
vt 0.012817 0.868538976
vt 0.0595149994 0.860437989
vt 0.0597090013 0.861016989
vt -0.0233609993 0.8495
vt -0.014982 0.858735979
vt -0.0242439993 0.850322008
vt -0.0242439993 0.850322008
vt -0.014982 0.858735979
vt -0.0154999997 0.859826982
vt -0.0242439993 0.850322008
vt -0.0154999997 0.859826982
vt -0.0254410002 0.850485981
vt -2.54999995 0.850485981
vt -2.54999995 0.859826982
vt -2.54999995 0.859826982
vt -0.0254410002 0.850485981
vt -0.0154999997 0.859826982
vt -0.0260199998 0.850292027
vt -2.54999995 0.850292027
vt -2.54999995 0.859826982
vt -2.54999995 0.859826982
vt -0.0260199998 0.850292027
vt -0.0154999997 0.859826982
vt -0.0335419998 0.847814977
vt -2.54999995 0.847814977
vt -2.54999995 0.859826982
vt -2.54999995 0.859826982
vt -0.0335419998 0.847814977
vt -0.0154999997 0.859826982
vt -0.0414620005 0.847814977
vt -2.54999995 0.847814977
vt -2.54999995 0.859826982
vt -2.54999995 0.859826982
vt -0.0414620005 0.847814977
vt -0.0154999997 0.859826982
vt -0.0489839986 0.850292027
vt -2.54999995 0.850292027
vt -2.54999995 0.859826982
vt -2.54999995 0.859826982
vt -0.0489839986 0.850292027
vt -0.0154999997 0.859826982
vt -0.0501740016 0.850497007
vt -0.0501740016 0.850497007
vt -0.0154999997 0.859826982
vt -0.0637919977 0.853034973
vt -0.0501740016 0.850497007
vt -0.0637919977 0.853034973
vt -0.0512650013 0.849978983
vt -2.54999995 0.849978983
vt -2.54999995 0.853034973
vt -2.54999995 0.853034973
vt -0.0512650013 0.849978983
vt -0.0637919977 0.853034973
vt -0.0516429991 0.8495
vt -0.0516429991 0.8495
vt -0.0637919977 0.853034973
vt -0.0635420009 0.85088402
vt -2.54999995 0.8495
vt -2.54999995 0.85088402
vt -2.54999995 0.8495
vt -0.0516429991 0.8495
vt -0.0635420009 0.85088402
vt -0.0625990033 0.848933995
vt -0.0516429991 0.8495
vt -0.0625990033 0.848933995
vt -0.0530089997 0.847818017
vt -2.54999995 0.847818017
vt -2.54999995 0.848933995
vt -2.54999995 0.848933995
vt -0.0530089997 0.847818017
vt -0.0625990033 0.848933995
vt -0.0548509993 0.846678972
vt -2.54999995 0.846678972
vt -2.54999995 0.848933995
vt -2.54999995 0.848933995
vt -0.0548509993 0.846678972
vt -0.0625990033 0.848933995
vt -0.0569659993 0.84620899
vt -0.0569659993 0.84620899
vt -0.0625990033 0.848933995
vt -0.061067 0.847401977
vt -0.0569659993 0.84620899
vt -0.061067 0.847401977
vt -0.0591170006 0.846458972
vt -0.0637919977 0.853034973
vt -0.0154999997 0.859826982
vt -0.0633220002 0.855149984
vt -2.54999995 0.855149984
vt -2.54999995 0.859826982
vt -2.54999995 0.859826982
vt -0.0633220002 0.855149984
vt -0.0154999997 0.859826982
vt -0.0621820018 0.856992006
vt -2.54999995 0.856992006
vt -2.54999995 0.859826982
vt -2.54999995 0.859826982
vt -0.0621820018 0.856992006
vt -0.0154999997 0.859826982
vt -0.0605010018 0.858358026
vt -2.54999995 0.858358026
vt -2.54999995 0.859826982
vt -2.54999995 0.859826982
vt -0.0605010018 0.858358026
vt -0.0154999997 0.859826982
vt -0.0596790016 0.859242022
vt -2.54999995 0.859242022
vt -2.54999995 0.859826982
vt -2.54999995 0.859826982
vt -0.0596790016 0.859242022
vt -0.0154999997 0.859826982
vt -0.0595149994 0.860437989
vt -0.0595149994 0.860437989
vt -0.0154999997 0.859826982
vt -0.0152949998 0.861016989
vt -2.54999995 0.860437989
vt -2.54999995 0.861016989
vt -2.54999995 0.860437989
vt -0.0595149994 0.860437989
vt -0.0152949998 0.861016989
vt -0.012817 0.868538976
vt -0.0595149994 0.860437989
vt -0.012817 0.868538976
vt -0.0597090013 0.861016989
vt 0.0569659993 0.898788989
vt 0.0548509993 0.898319006
vt 0.0591170006 0.898539007
vt -1.75 0.898539007
vt -1.75 0.898319006
vt -1.75 0.898319006
vt 0.0591170006 0.898539007
vt 0.0548509993 0.898319006
vt 0.061067 0.897596002
vt 0.061067 0.897596002
vt 0.0548509993 0.898319006
vt 0.0530089997 0.897180021
vt -1.75 0.897596002
vt -1.75 0.897180021
vt -1.75 0.897596002
vt 0.061067 0.897596002
vt 0.0530089997 0.897180021
vt 0.0516429991 0.895497978
vt 0.061067 0.897596002
vt 0.0516429991 0.895497978
vt 0.0625990033 0.896063983
vt -1.75 0.896063983
vt -1.75 0.895497978
vt -1.75 0.895497978
vt 0.0625990033 0.896063983
vt 0.0516429991 0.895497978
vt 0.0635420009 0.894114017
vt -1.75 0.894114017
vt -1.75 0.895497978
vt -1.75 0.895497978
vt 0.0635420009 0.894114017
vt 0.0516429991 0.895497978
vt 0.0637919977 0.891963005
vt -1.75 0.891963005
vt -1.75 0.895497978
vt -1.75 0.895497978
vt 0.0637919977 0.891963005
vt 0.0516429991 0.895497978
vt 0.0633220002 0.889847994
vt -1.75 0.889847994
vt -1.75 0.895497978
vt -1.75 0.895497978
vt 0.0633220002 0.889847994
vt 0.0516429991 0.895497978
vt 0.0621820018 0.888005972
vt 0.0621820018 0.888005972
vt 0.0516429991 0.895497978
vt 0.0605010018 0.886640012
vt -0.0569659993 0.898788989
vt -0.0591170006 0.898539007
vt -0.0548509993 0.898319006
vt -0.0548509993 0.898319006
vt -0.0591170006 0.898539007
vt -0.061067 0.897596002
vt -0.0548509993 0.898319006
vt -0.061067 0.897596002
vt -0.0530089997 0.897180021
vt -2.54999995 0.897180021
vt -2.54999995 0.897596002
vt -2.54999995 0.897596002
vt -0.0530089997 0.897180021
vt -0.061067 0.897596002
vt -0.0516429991 0.895497978
vt -0.0516429991 0.895497978
vt -0.061067 0.897596002
vt -0.0625990033 0.896063983
vt -2.54999995 0.895497978
vt -2.54999995 0.896063983
vt -2.54999995 0.895497978
vt -0.0516429991 0.895497978
vt -0.0625990033 0.896063983
vt -0.0635420009 0.894114017
vt -2.54999995 0.895497978
vt -2.54999995 0.894114017
vt -2.54999995 0.895497978
vt -0.0516429991 0.895497978
vt -0.0635420009 0.894114017
vt -0.0637919977 0.891963005
vt -2.54999995 0.895497978
vt -2.54999995 0.891963005
vt -2.54999995 0.895497978
vt -0.0516429991 0.895497978
vt -0.0637919977 0.891963005
vt -0.0633220002 0.889847994
vt -2.54999995 0.895497978
vt -2.54999995 0.889847994
vt -2.54999995 0.895497978
vt -0.0516429991 0.895497978
vt -0.0633220002 0.889847994
vt -0.0621820018 0.888005972
vt -0.0516429991 0.895497978
vt -0.0621820018 0.888005972
vt -0.0605010018 0.886640012
vt 0.0516429991 0.895497978
vt 0.0507589988 0.89467603
vt 0.0600220002 0.886262
vt -1.75 0.886262
vt -1.75 0.89467603
vt -1.75 0.89467603
vt 0.0600220002 0.886262
vt 0.0507589988 0.89467603
vt 0.0595039986 0.885170996
vt -1.75 0.885170996
vt -1.75 0.89467603
vt -1.75 0.89467603
vt 0.0595039986 0.885170996
vt 0.0507589988 0.89467603
vt 0.0597090013 0.883980989
vt -1.75 0.883980989
vt -1.75 0.89467603
vt -1.75 0.89467603
vt 0.0597090013 0.883980989
vt 0.0507589988 0.89467603
vt 0.062185999 0.876459002
vt -1.75 0.876459002
vt -1.75 0.89467603
vt -1.75 0.89467603
vt 0.062185999 0.876459002
vt 0.0507589988 0.89467603
vt 0.062185999 0.868538976
vt 0.062185999 0.868538976
vt 0.0507589988 0.89467603
vt 0.0495630018 0.894511998
vt -1.75 0.868538976
vt -1.75 0.894511998
vt -1.75 0.868538976
vt 0.062185999 0.868538976
vt 0.0495630018 0.894511998
vt 0.0489839986 0.894706011
vt -1.75 0.868538976
vt -1.75 0.894706011
vt -1.75 0.868538976
vt 0.062185999 0.868538976
vt 0.0489839986 0.894706011
vt 0.0414620005 0.897183001
vt 0.062185999 0.868538976
vt 0.0414620005 0.897183001
vt 0.0154889999 0.884559989
vt -1.75 0.884559989
vt -1.75 0.897183001
vt -1.75 0.897183001
vt 0.0154889999 0.884559989
vt 0.0414620005 0.897183001
vt 0.0153249996 0.885756016
vt 0.0153249996 0.885756016
vt 0.0414620005 0.897183001
vt 0.0335419998 0.897183001
vt -1.75 0.885756016
vt -1.75 0.897183001
vt -1.75 0.885756016
vt 0.0153249996 0.885756016
vt 0.0335419998 0.897183001
vt 0.0260199998 0.894706011
vt -1.75 0.885756016
vt -1.75 0.894706011
vt -1.75 0.885756016
vt 0.0153249996 0.885756016
vt 0.0260199998 0.894706011
vt 0.0248300005 0.894500971
vt -1.75 0.885756016
vt -1.75 0.894500971
vt -1.75 0.885756016
vt 0.0153249996 0.885756016
vt 0.0248300005 0.894500971
vt 0.0237390008 0.895018995
vt 0.0153249996 0.885756016
vt 0.0237390008 0.895018995
vt 0.0145030003 0.886640012
vt 0.0152949998 0.883980989
vt 0.062185999 0.868538976
vt 0.0154889999 0.884559989
vt -0.0516429991 0.895497978
vt -0.0600220002 0.886262
vt -0.0507589988 0.89467603
vt -0.0507589988 0.89467603
vt -0.0600220002 0.886262
vt -0.0595039986 0.885170996
vt -2.54999995 0.89467603
vt -2.54999995 0.885170996
vt -2.54999995 0.89467603
vt -0.0507589988 0.89467603
vt -0.0595039986 0.885170996
vt -0.0597090013 0.883980989
vt -2.54999995 0.89467603
vt -2.54999995 0.883980989
vt -2.54999995 0.89467603
vt -0.0507589988 0.89467603
vt -0.0597090013 0.883980989
vt -0.062185999 0.876459002
vt -2.54999995 0.89467603
vt -2.54999995 0.876459002
vt -2.54999995 0.89467603
vt -0.0507589988 0.89467603
vt -0.062185999 0.876459002
vt -0.062185999 0.868538976
vt -0.0507589988 0.89467603
vt -0.062185999 0.868538976
vt -0.0495630018 0.894511998
vt -2.54999995 0.894511998
vt -2.54999995 0.868538976
vt -2.54999995 0.868538976
vt -0.0495630018 0.894511998
vt -0.062185999 0.868538976
vt -0.0489839986 0.894706011
vt -2.54999995 0.894706011
vt -2.54999995 0.868538976
vt -2.54999995 0.868538976
vt -0.0489839986 0.894706011
vt -0.062185999 0.868538976
vt -0.0414620005 0.897183001
vt -0.0414620005 0.897183001
vt -0.062185999 0.868538976
vt -0.0154889999 0.884559989
vt -2.54999995 0.897183001
vt -2.54999995 0.884559989
vt -2.54999995 0.897183001
vt -0.0414620005 0.897183001
vt -0.0154889999 0.884559989
vt -0.0153249996 0.885756016
vt -0.0414620005 0.897183001
vt -0.0153249996 0.885756016
vt -0.0335419998 0.897183001
vt -2.54999995 0.897183001
vt -2.54999995 0.885756016
vt -2.54999995 0.885756016
vt -0.0335419998 0.897183001
vt -0.0153249996 0.885756016
vt -0.0260199998 0.894706011
vt -2.54999995 0.894706011
vt -2.54999995 0.885756016
vt -2.54999995 0.885756016
vt -0.0260199998 0.894706011
vt -0.0153249996 0.885756016
vt -0.0248300005 0.894500971
vt -2.54999995 0.894500971
vt -2.54999995 0.885756016
vt -2.54999995 0.885756016
vt -0.0248300005 0.894500971
vt -0.0153249996 0.885756016
vt -0.0237390008 0.895018995
vt -0.0237390008 0.895018995
vt -0.0153249996 0.885756016
vt -0.0145030003 0.886640012
vt -0.0152949998 0.883980989
vt -0.0154889999 0.884559989
vt -0.062185999 0.868538976
vt 0.0180380009 0.898788989
vt 0.0158869997 0.898539007
vt 0.0201529991 0.898319006
vt -1.75 0.898319006
vt -1.75 0.898539007
vt -1.75 0.898539007
vt 0.0201529991 0.898319006
vt 0.0158869997 0.898539007
vt 0.0219950005 0.897180021
vt -1.75 0.897180021
vt -1.75 0.898539007
vt -1.75 0.898539007
vt 0.0219950005 0.897180021
vt 0.0158869997 0.898539007
vt 0.0233609993 0.895497978
vt 0.0233609993 0.895497978
vt 0.0158869997 0.898539007
vt 0.0139370002 0.897596002
vt -1.75 0.895497978
vt -1.75 0.897596002
vt -1.75 0.895497978
vt 0.0233609993 0.895497978
vt 0.0139370002 0.897596002
vt 0.0124049997 0.896063983
vt -1.75 0.895497978
vt -1.75 0.896063983
vt -1.75 0.895497978
vt 0.0233609993 0.895497978
vt 0.0124049997 0.896063983
vt 0.0114620002 0.894114017
vt -1.75 0.895497978
vt -1.75 0.894114017
vt -1.75 0.895497978
vt 0.0233609993 0.895497978
vt 0.0114620002 0.894114017
vt 0.0112119997 0.891963005
vt -1.75 0.895497978
vt -1.75 0.891963005
vt -1.75 0.895497978
vt 0.0233609993 0.895497978
vt 0.0112119997 0.891963005
vt 0.011682 0.889847994
vt -1.75 0.895497978
vt -1.75 0.889847994
vt -1.75 0.895497978
vt 0.0233609993 0.895497978
vt 0.011682 0.889847994
vt 0.0128210001 0.888005972
vt 0.0233609993 0.895497978
vt 0.0128210001 0.888005972
vt 0.0145030003 0.886640012
vt -0.0180380009 0.898788989
vt -0.0201529991 0.898319006
vt -0.0158869997 0.898539007
vt -0.0158869997 0.898539007
vt -0.0201529991 0.898319006
vt -0.0219950005 0.897180021
vt -2.54999995 0.898539007
vt -2.54999995 0.897180021
vt -2.54999995 0.898539007
vt -0.0158869997 0.898539007
vt -0.0219950005 0.897180021
vt -0.0233609993 0.895497978
vt -0.0158869997 0.898539007
vt -0.0233609993 0.895497978
vt -0.0139370002 0.897596002
vt -2.54999995 0.897596002
vt -2.54999995 0.895497978
vt -2.54999995 0.895497978
vt -0.0139370002 0.897596002
vt -0.0233609993 0.895497978
vt -0.0124049997 0.896063983
vt -2.54999995 0.896063983
vt -2.54999995 0.895497978
vt -2.54999995 0.895497978
vt -0.0124049997 0.896063983
vt -0.0233609993 0.895497978
vt -0.0114620002 0.894114017
vt -2.54999995 0.894114017
vt -2.54999995 0.895497978
vt -2.54999995 0.895497978
vt -0.0114620002 0.894114017
vt -0.0233609993 0.895497978
vt -0.0112119997 0.891963005
vt -2.54999995 0.891963005
vt -2.54999995 0.895497978
vt -2.54999995 0.895497978
vt -0.0112119997 0.891963005
vt -0.0233609993 0.895497978
vt -0.011682 0.889847994
vt -2.54999995 0.889847994
vt -2.54999995 0.895497978
vt -2.54999995 0.895497978
vt -0.011682 0.889847994
vt -0.0233609993 0.895497978
vt -0.0128210001 0.888005972
vt -0.0128210001 0.888005972
vt -0.0233609993 0.895497978
vt -0.0145030003 0.886640012
vt 0.0152949998 0.883980989
vt 0.012817 0.876459002
vt 0.0597090013 0.861016989
vt 0.0597090013 0.861016989
vt 0.012817 0.876459002
vt 0.012817 0.868538976
vt -0.012817 0.868538976
vt -0.012817 0.876459002
vt -0.0597090013 0.861016989
vt -0.0597090013 0.861016989
vt -0.012817 0.876459002
vt -0.0152949998 0.883980989
vt 0.532501996 0.800000012
vt 0.582502007 0.800000012
vt 0.532501996 0.899999976
vt 0.532501996 0.899999976
vt 0.582502007 0.800000012
vt 0.582502007 0.899999976
vt -0.800000012 0.822498977
vt -0.899999976 0.822498977
vt -0.800000012 0.0424989983
vt -0.800000012 0.0424989983
vt -0.899999976 0.822498977
vt -0.899999976 0.0424989983
vt 0.532501996 0.0424989983
vt 0.582502007 0.0424989983
vt 0.532501996 0.822498977
vt 0.532501996 0.822498977
vt 0.582502007 0.0424989983
vt 0.582502007 0.822498977
vt -0.582502007 0.800000012
vt -0.532501996 0.800000012
vt -0.582502007 0.899999976
vt -0.582502007 0.899999976
vt -0.532501996 0.800000012
vt -0.532501996 0.899999976
vt 0.800000012 0.0424989983
vt 0.899999976 0.0424989983
vt 0.800000012 0.822498977
vt 0.800000012 0.822498977
vt 0.899999976 0.0424989983
vt 0.899999976 0.822498977
vt 0.282501996 0.962499022
vt 0.282501996 0.932498991
vt 0.312501997 0.962499022
vt 0.312501997 0.962499022
vt 0.282501996 0.932498991
vt 0.312501997 0.932498991
vt -0.532501996 0.822498977
vt -0.582502007 0.822498977
vt -0.532501996 0.0424989983
vt -0.532501996 0.0424989983
vt -0.582502007 0.822498977
vt -0.582502007 0.0424989983
vt -0.129999995 -1.73750103
vt -0.115000002 -1.73750103
vt -0.129999995 -0.937501013
vt -0.129999995 -0.937501013
vt -0.115000002 -1.73750103
vt -0.115000002 -0.937501013
vt 0.772502005 -1.73750103
vt 0.797501981 -1.73750103
vt 0.772502005 -0.937501013
vt 0.772502005 -0.937501013
vt 0.797501981 -1.73750103
vt 0.797501981 -0.937501013
vt 0.115000002 -1.73750103
vt 0.174999997 -1.73750103
vt 0.115000002 -0.937501013
vt 0.115000002 -0.937501013
vt 0.174999997 -1.73750103
vt 0.174999997 -0.937501013
vt -0.797501981 -1.73750103
vt -0.772502005 -1.73750103
vt -0.797501981 -0.937501013
vt -0.797501981 -0.937501013
vt -0.772502005 -1.73750103
vt -0.772502005 -0.937501013
vt -0.174999997 -1.73750103
vt -0.159999996 -1.73750103
vt -0.174999997 -0.937501013
vt -0.174999997 -0.937501013
vt -0.159999996 -1.73750103
vt -0.159999996 -0.937501013
vt 0.772502005 -0.937501013
vt 0.38250199 -0.937501013
vt 0.772502005 -1.73750103
vt 0.772502005 -1.73750103
vt 0.38250199 -0.937501013
vt 0.38250199 -1.73750103
vt 0.129999995 -0.937501013
vt 0.115000002 -0.937501013
vt 0.129999995 -1.73750103
vt 0.129999995 -1.73750103
vt 0.115000002 -0.937501013
vt 0.115000002 -1.73750103
vt 0.38250199 -0.937501013
vt 0.357502013 -0.937501013
vt 0.38250199 -1.73750103
vt 0.38250199 -1.73750103
vt 0.357502013 -0.937501013
vt 0.357502013 -1.73750103
vt -0.115000002 -0.937501013
vt -0.174999997 -0.937501013
vt -0.115000002 -1.73750103
vt -0.115000002 -1.73750103
vt -0.174999997 -0.937501013
vt -0.174999997 -1.73750103
vt -0.357502013 -0.937501013
vt -0.38250199 -0.937501013
vt -0.357502013 -1.73750103
vt -0.357502013 -1.73750103
vt -0.38250199 -0.937501013
vt -0.38250199 -1.73750103
vt 0.174999997 -0.937501013
vt 0.159999996 -0.937501013
vt 0.174999997 -1.73750103
vt 0.174999997 -1.73750103
vt 0.159999996 -0.937501013
vt 0.159999996 -1.73750103
vt -0.772502005 -1.73750103
vt -0.38250199 -1.73750103
vt -0.772502005 -0.937501013
vt -0.772502005 -0.937501013
vt -0.38250199 -1.73750103
vt -0.38250199 -0.937501013
vt -0.855000019 -1.73750103
vt -0.839999974 -1.73750103
vt -0.855000019 -0.937501013
vt -0.855000019 -0.937501013
vt -0.839999974 -1.73750103
vt -0.839999974 -0.937501013
vt 0.772502005 -1.73750103
vt 0.797501981 -1.73750103
vt 0.772502005 -0.937501013
vt 0.772502005 -0.937501013
vt 0.797501981 -1.73750103
vt 0.797501981 -0.937501013
vt 0.839999974 -1.73750103
vt 0.899999976 -1.73750103
vt 0.839999974 -0.937501013
vt 0.839999974 -0.937501013
vt 0.899999976 -1.73750103
vt 0.899999976 -0.937501013
vt -0.797501981 -1.73750103
vt -0.772502005 -1.73750103
vt -0.797501981 -0.937501013
vt -0.797501981 -0.937501013
vt -0.772502005 -1.73750103
vt -0.772502005 -0.937501013
vt -0.899999976 -1.73750103
vt -0.88499999 -1.73750103
vt -0.899999976 -0.937501013
vt -0.899999976 -0.937501013
vt -0.88499999 -1.73750103
vt -0.88499999 -0.937501013
vt 0.772502005 -0.937501013
vt 0.38250199 -0.937501013
vt 0.772502005 -1.73750103
vt 0.772502005 -1.73750103
vt 0.38250199 -0.937501013
vt 0.38250199 -1.73750103
vt 0.855000019 -0.937501013
vt 0.839999974 -0.937501013
vt 0.855000019 -1.73750103
vt 0.855000019 -1.73750103
vt 0.839999974 -0.937501013
vt 0.839999974 -1.73750103
vt 0.38250199 -0.937501013
vt 0.357502013 -0.937501013
vt 0.38250199 -1.73750103
vt 0.38250199 -1.73750103
vt 0.357502013 -0.937501013
vt 0.357502013 -1.73750103
vt -0.839999974 -0.937501013
vt -0.899999976 -0.937501013
vt -0.839999974 -1.73750103
vt -0.839999974 -1.73750103
vt -0.899999976 -0.937501013
vt -0.899999976 -1.73750103
vt -0.357502013 -0.937501013
vt -0.38250199 -0.937501013
vt -0.357502013 -1.73750103
vt -0.357502013 -1.73750103
vt -0.38250199 -0.937501013
vt -0.38250199 -1.73750103
vt 0.899999976 -0.937501013
vt 0.88499999 -0.937501013
vt 0.899999976 -1.73750103
vt 0.899999976 -1.73750103
vt 0.88499999 -0.937501013
vt 0.88499999 -1.73750103
vt -0.772502005 -1.73750103
vt -0.38250199 -1.73750103
vt -0.772502005 -0.937501013
vt -0.772502005 -0.937501013
vt -0.38250199 -1.73750103
vt -0.38250199 -0.937501013
vt -0.342501998 0.115000002
vt -0.812502027 0.115000002
vt -0.342501998 0.100000001
vt -0.342501998 0.100000001
vt -0.812502027 0.115000002
vt -0.812502027 0.100000001
vt -0.812502027 -1.74750102
vt -0.342501998 -1.74750102
vt -0.812502027 -0.947501004
vt -0.812502027 -0.947501004
vt -0.342501998 -1.74750102
vt -0.342501998 -0.947501004
vt -0.115000002 -1.74750102
vt -0.100000001 -1.74750102
vt -0.115000002 -0.947501004
vt -0.115000002 -0.947501004
vt -0.100000001 -1.74750102
vt -0.100000001 -0.947501004
vt 0.342501998 0.115000002
vt 0.342501998 0.100000001
vt 0.812502027 0.115000002
vt 0.812502027 0.115000002
vt 0.342501998 0.100000001
vt 0.812502027 0.100000001
vt 0.115000002 -0.947501004
vt 0.100000001 -0.947501004
vt 0.115000002 -1.74750102
vt 0.115000002 -1.74750102
vt 0.100000001 -0.947501004
vt 0.100000001 -1.74750102
vt 0.342501998 -1.74750102
vt 0.812502027 -1.74750102
vt 0.342501998 -0.947501004
vt 0.342501998 -0.947501004
vt 0.812502027 -1.74750102
vt 0.812502027 -0.947501004
vt -0.342501998 0.839999974
vt -0.812502027 0.839999974
vt -0.342501998 0.824999988
vt -0.342501998 0.824999988
vt -0.812502027 0.839999974
vt -0.812502027 0.824999988
vt -0.812502027 -1.74750102
vt -0.342501998 -1.74750102
vt -0.812502027 -0.947501004
vt -0.812502027 -0.947501004
vt -0.342501998 -1.74750102
vt -0.342501998 -0.947501004
vt -0.839999974 -1.74750102
vt -0.824999988 -1.74750102
vt -0.839999974 -0.947501004
vt -0.839999974 -0.947501004
vt -0.824999988 -1.74750102
vt -0.824999988 -0.947501004
vt 0.342501998 0.839999974
vt 0.342501998 0.824999988
vt 0.812502027 0.839999974
vt 0.812502027 0.839999974
vt 0.342501998 0.824999988
vt 0.812502027 0.824999988
vt 0.839999974 -0.947501004
vt 0.824999988 -0.947501004
vt 0.839999974 -1.74750102
vt 0.839999974 -1.74750102
vt 0.824999988 -0.947501004
vt 0.824999988 -1.74750102
vt 0.342501998 -1.74750102
vt 0.812502027 -1.74750102
vt 0.342501998 -0.947501004
vt 0.342501998 -0.947501004
vt 0.812502027 -1.74750102
vt 0.812502027 -0.947501004
vt 0.812502027 -1.69750094
vt 0.812502027 -1.74750102
vt 0.837502003 -1.69750094
vt 0.837502003 -1.69750094
vt 0.812502027 -1.74750102
vt 0.837502003 -1.74750102
vt 0.812502027 0.0500000007
vt 0.837502003 0.0500000007
vt 0.812502027 0.839999974
vt 0.812502027 0.839999974
vt 0.837502003 0.0500000007
vt 0.837502003 0.839999974
vt -0.839999974 -1.69750094
vt -0.839999974 -1.74750102
vt -0.0500000007 -1.69750094
vt -0.0500000007 -1.69750094
vt -0.839999974 -1.74750102
vt -0.0500000007 -1.74750102
vt -0.812502027 -1.74750102
vt -0.812502027 -1.69750094
vt -0.837502003 -1.74750102
vt -0.837502003 -1.74750102
vt -0.812502027 -1.69750094
vt -0.837502003 -1.69750094
vt -0.812502027 0.839999974
vt -0.837502003 0.839999974
vt -0.812502027 0.0500000007
vt -0.812502027 0.0500000007
vt -0.837502003 0.839999974
vt -0.837502003 0.0500000007
vt 0.0500000007 -1.69750094
vt 0.0500000007 -1.74750102
vt 0.839999974 -1.69750094
vt 0.839999974 -1.69750094
vt 0.0500000007 -1.74750102
vt 0.839999974 -1.74750102
vt 0.812502027 -0.947501004
vt 0.812502027 -0.997501016
vt 0.837502003 -0.947501004
vt 0.837502003 -0.947501004
vt 0.812502027 -0.997501016
vt 0.837502003 -0.997501016
vt 0.812502027 0.0500000007
vt 0.837502003 0.0500000007
vt 0.812502027 0.839999974
vt 0.812502027 0.839999974
vt 0.837502003 0.0500000007
vt 0.837502003 0.839999974
vt -0.839999974 -0.947501004
vt -0.839999974 -0.997501016
vt -0.0500000007 -0.947501004
vt -0.0500000007 -0.947501004
vt -0.839999974 -0.997501016
vt -0.0500000007 -0.997501016
vt -0.812502027 -0.997501016
vt -0.812502027 -0.947501004
vt -0.837502003 -0.997501016
vt -0.837502003 -0.997501016
vt -0.812502027 -0.947501004
vt -0.837502003 -0.947501004
vt -0.812502027 0.839999974
vt -0.837502003 0.839999974
vt -0.812502027 0.0500000007
vt -0.812502027 0.0500000007
vt -0.837502003 0.839999974
vt -0.837502003 0.0500000007
vt 0.0500000007 -0.947501004
vt 0.0500000007 -0.997501016
vt 0.839999974 -0.947501004
vt 0.839999974 -0.947501004
vt 0.0500000007 -0.997501016
vt 0.839999974 -0.997501016
vt 0.317501992 -1.69750094
vt 0.317501992 -1.74750102
vt 0.342501998 -1.69750094
vt 0.342501998 -1.69750094
vt 0.317501992 -1.74750102
vt 0.342501998 -1.74750102
vt 0.317501992 0.0500000007
vt 0.342501998 0.0500000007
vt 0.317501992 0.839999974
vt 0.317501992 0.839999974
vt 0.342501998 0.0500000007
vt 0.342501998 0.839999974
vt -0.839999974 -1.69750094
vt -0.839999974 -1.74750102
vt -0.0500000007 -1.69750094
vt -0.0500000007 -1.69750094
vt -0.839999974 -1.74750102
vt -0.0500000007 -1.74750102
vt -0.317501992 -1.74750102
vt -0.317501992 -1.69750094
vt -0.342501998 -1.74750102
vt -0.342501998 -1.74750102
vt -0.317501992 -1.69750094
vt -0.342501998 -1.69750094
vt -0.317501992 0.839999974
vt -0.342501998 0.839999974
vt -0.317501992 0.0500000007
vt -0.317501992 0.0500000007
vt -0.342501998 0.839999974
vt -0.342501998 0.0500000007
vt 0.0500000007 -1.69750094
vt 0.0500000007 -1.74750102
vt 0.839999974 -1.69750094
vt 0.839999974 -1.69750094
vt 0.0500000007 -1.74750102
vt 0.839999974 -1.74750102
vt 0.317501992 -0.947501004
vt 0.317501992 -0.997501016
vt 0.342501998 -0.947501004
vt 0.342501998 -0.947501004
vt 0.317501992 -0.997501016
vt 0.342501998 -0.997501016
vt 0.317501992 0.0500000007
vt 0.342501998 0.0500000007
vt 0.317501992 0.839999974
vt 0.317501992 0.839999974
vt 0.342501998 0.0500000007
vt 0.342501998 0.839999974
vt -0.839999974 -0.947501004
vt -0.839999974 -0.997501016
vt -0.0500000007 -0.947501004
vt -0.0500000007 -0.947501004
vt -0.839999974 -0.997501016
vt -0.0500000007 -0.997501016
vt -0.317501992 -0.997501016
vt -0.317501992 -0.947501004
vt -0.342501998 -0.997501016
vt -0.342501998 -0.997501016
vt -0.317501992 -0.947501004
vt -0.342501998 -0.947501004
vt -0.317501992 0.839999974
vt -0.342501998 0.839999974
vt -0.317501992 0.0500000007
vt -0.317501992 0.0500000007
vt -0.342501998 0.839999974
vt -0.342501998 0.0500000007
vt 0.0500000007 -0.947501004
vt 0.0500000007 -0.997501016
vt 0.839999974 -0.947501004
vt 0.839999974 -0.947501004
vt 0.0500000007 -0.997501016
vt 0.839999974 -0.997501016
vt -0.842501998 0.782499015
vt -0.842501998 0.812498987
vt -0.872502029 0.782499015
vt -0.872502029 0.782499015
vt -0.842501998 0.812498987
vt -0.872502029 0.812498987
vt -1.70000005 0.812498987
vt -1.70000005 0.782499015
vt -0.800000012 0.812498987
vt -0.800000012 0.812498987
vt -1.70000005 0.782499015
vt -0.800000012 0.782499015
vt -0.842501998 1.70000005
vt -0.872502029 1.70000005
vt -0.842501998 0.800000012
vt -0.842501998 0.800000012
vt -0.872502029 1.70000005
vt -0.872502029 0.800000012
vt 0.842501998 0.782499015
vt 0.872502029 0.782499015
vt 0.842501998 0.812498987
vt 0.842501998 0.812498987
vt 0.872502029 0.782499015
vt 0.872502029 0.812498987
vt 0.842501998 0.800000012
vt 0.872502029 0.800000012
vt 0.842501998 1.70000005
vt 0.842501998 1.70000005
vt 0.872502029 0.800000012
vt 0.872502029 1.70000005
vt 1.70000005 0.782499015
vt 1.70000005 0.812498987
vt 0.800000012 0.782499015
vt 0.800000012 0.782499015
vt 1.70000005 0.812498987
vt 0.800000012 0.812498987
vt 1.73000002 0.812498987
vt 1.70000005 0.812498987
vt 1.73000002 0.782499015
vt 1.73000002 0.782499015
vt 1.70000005 0.812498987
vt 1.70000005 0.782499015
vt -0.872502029 0.812498987
vt -0.872502029 0.782499015
vt -0.282501996 0.812498987
vt -0.282501996 0.812498987
vt -0.872502029 0.782499015
vt -0.282501996 0.782499015
vt 0.282501996 1.73000002
vt 0.282501996 1.70000005
vt 0.872502029 1.73000002
vt 0.872502029 1.73000002
vt 0.282501996 1.70000005
vt 0.872502029 1.70000005
vt -1.70000005 0.812498987
vt -1.73000002 0.812498987
vt -1.70000005 0.782499015
vt -1.70000005 0.782499015
vt -1.73000002 0.812498987
vt -1.73000002 0.782499015
vt 0.282501996 0.812498987
vt 0.282501996 0.782499015
vt 0.872502029 0.812498987
vt 0.872502029 0.812498987
vt 0.282501996 0.782499015
vt 0.872502029 0.782499015
vt -0.872502029 1.73000002
vt -0.872502029 1.70000005
vt -0.282501996 1.73000002
vt -0.282501996 1.73000002
vt -0.872502029 1.70000005
vt -0.282501996 1.70000005
vt -2.05699992 0.872498989
vt -1.25699997 0.875918984
vt -2.05699992 0.875918984
vt -2.05699992 0.875918984
vt -1.25699997 0.875918984
vt -1.25699997 0.878926992
vt -2.05699992 0.875918984
vt -1.25699997 0.878926992
vt -2.05699992 0.878926992
vt -0.135159001 2.05699992
vt -0.135159001 1.25699997
vt -0.132497996 1.25699997
vt -0.135159001 2.05699992
vt -0.132497996 1.25699997
vt -0.132497996 2.05699992
vt -0.132497996 2.05699992
vt -0.132497996 1.25699997
vt -0.129234999 1.25699997
vt -0.132497996 2.05699992
vt -0.129234999 1.25699997
vt -0.129234999 2.05699992
vt -0.129234999 2.05699992
vt -0.129234999 1.25699997
vt -0.125762001 1.25699997
vt -0.129234999 2.05699992
vt -0.125762001 1.25699997
vt -0.125762001 2.05699992
vt -0.125762001 2.05699992
vt -0.125762001 1.25699997
vt -0.122497998 1.25699997
vt -0.125762001 2.05699992
vt -0.122497998 1.25699997
vt -0.122497998 2.05699992
vt -0.122497998 2.05699992
vt -0.122497998 1.25699997
vt -0.119837999 1.25699997
vt -0.122497998 2.05699992
vt -0.119837999 1.25699997
vt -0.119837999 2.05699992
vt 2.05699992 0.878926992
vt 1.25699997 0.878926992
vt 1.25699997 0.875918984
vt 2.05699992 0.878926992
vt 1.25699997 0.875918984
vt 2.05699992 0.875918984
vt 2.05699992 0.875918984
vt 1.25699997 0.875918984
vt 1.25699997 0.872498989
vt 2.05699992 0.875918984
vt 1.25699997 0.872498989
vt 2.05699992 0.872498989
vt 2.05699992 0.872498989
vt 1.25699997 0.872498989
vt 1.25699997 0.869078994
vt 2.05699992 0.872498989
vt 1.25699997 0.869078994
vt 2.05699992 0.869078994
vt 2.05699992 0.869078994
vt 1.25699997 0.869078994
vt 1.25699997 0.866070986
vt 2.05699992 0.869078994
vt 1.25699997 0.866070986
vt 2.05699992 0.866070986
vt 0.119837999 2.05699992
vt 0.119837999 1.25699997
vt 0.122497998 1.25699997
vt 0.119837999 2.05699992
vt 0.122497998 1.25699997
vt 0.122497998 2.05699992
vt 0.122497998 2.05699992
vt 0.122497998 1.25699997
vt 0.125762001 1.25699997
vt 0.122497998 2.05699992
vt 0.125762001 1.25699997
vt 0.125762001 2.05699992
vt 0.125762001 2.05699992
vt 0.125762001 1.25699997
vt 0.129234999 1.25699997
vt 0.125762001 2.05699992
vt 0.129234999 1.25699997
vt 0.129234999 2.05699992
vt 0.129234999 2.05699992
vt 0.129234999 1.25699997
vt 0.132497996 1.25699997
vt 0.129234999 2.05699992
vt 0.132497996 1.25699997
vt 0.132497996 2.05699992
vt 0.132497996 2.05699992
vt 0.132497996 1.25699997
vt 0.135159001 1.25699997
vt 0.132497996 2.05699992
vt 0.135159001 1.25699997
vt 0.135159001 2.05699992
vt -2.05699992 0.866070986
vt -1.25699997 0.866070986
vt -1.25699997 0.869078994
vt -2.05699992 0.866070986
vt -1.25699997 0.869078994
vt -2.05699992 0.869078994
vt -2.05699992 0.869078994
vt -1.25699997 0.869078994
vt -1.25699997 0.872498989
vt -1.45700002 0.872498989
vt -2.25699997 0.869078994
vt -1.45700002 0.869078994
vt -1.45700002 0.869078994
vt -2.25699997 0.869078994
vt -2.25699997 0.866070986
vt -1.45700002 0.869078994
vt -2.25699997 0.866070986
vt -1.45700002 0.866070986
vt 0.415158987 1.45700002
vt 0.415158987 2.25699997
vt 0.412497997 2.25699997
vt 0.415158987 1.45700002
vt 0.412497997 2.25699997
vt 0.412497997 1.45700002
vt 0.412497997 1.45700002
vt 0.412497997 2.25699997
vt 0.409235001 2.25699997
vt 0.412497997 1.45700002
vt 0.409235001 2.25699997
vt 0.409235001 1.45700002
vt 0.409235001 1.45700002
vt 0.409235001 2.25699997
vt 0.405761987 2.25699997
vt 0.409235001 1.45700002
vt 0.405761987 2.25699997
vt 0.405761987 1.45700002
vt 0.405761987 1.45700002
vt 0.405761987 2.25699997
vt 0.402498007 2.25699997
vt 0.405761987 1.45700002
vt 0.402498007 2.25699997
vt 0.402498007 1.45700002
vt 0.402498007 1.45700002
vt 0.402498007 2.25699997
vt 0.399838001 2.25699997
vt 0.402498007 1.45700002
vt 0.399838001 2.25699997
vt 0.399838001 1.45700002
vt 1.45700002 0.866070986
vt 2.25699997 0.866070986
vt 2.25699997 0.869078994
vt 1.45700002 0.866070986
vt 2.25699997 0.869078994
vt 1.45700002 0.869078994
vt 1.45700002 0.869078994
vt 2.25699997 0.869078994
vt 2.25699997 0.872498989
vt 1.45700002 0.869078994
vt 2.25699997 0.872498989
vt 1.45700002 0.872498989
vt 1.45700002 0.872498989
vt 2.25699997 0.872498989
vt 2.25699997 0.875918984
vt 1.45700002 0.872498989
vt 2.25699997 0.875918984
vt 1.45700002 0.875918984
vt 1.45700002 0.875918984
vt 2.25699997 0.875918984
vt 2.25699997 0.878926992
vt 1.45700002 0.875918984
vt 2.25699997 0.878926992
vt 1.45700002 0.878926992
vt -0.399838001 1.45700002
vt -0.399838001 2.25699997
vt -0.402498007 2.25699997
vt -0.399838001 1.45700002
vt -0.402498007 2.25699997
vt -0.402498007 1.45700002
vt -0.402498007 1.45700002
vt -0.402498007 2.25699997
vt -0.405761987 2.25699997
vt -0.402498007 1.45700002
vt -0.405761987 2.25699997
vt -0.405761987 1.45700002
vt -0.405761987 1.45700002
vt -0.405761987 2.25699997
vt -0.409235001 2.25699997
vt -0.405761987 1.45700002
vt -0.409235001 2.25699997
vt -0.409235001 1.45700002
vt -0.409235001 1.45700002
vt -0.409235001 2.25699997
vt -0.412497997 2.25699997
vt -0.409235001 1.45700002
vt -0.412497997 2.25699997
vt -0.412497997 1.45700002
vt -0.412497997 1.45700002
vt -0.412497997 2.25699997
vt -0.415158987 2.25699997
vt -0.412497997 1.45700002
vt -0.415158987 2.25699997
vt -0.415158987 1.45700002
vt -1.45700002 0.878926992
vt -2.25699997 0.878926992
vt -2.25699997 0.875918984
vt -1.45700002 0.878926992
vt -2.25699997 0.875918984
vt -1.45700002 0.875918984
vt -1.45700002 0.875918984
vt -2.25699997 0.875918984
vt -2.25699997 0.872498989
vt -1.45700002 0.872498989
vt -2.25699997 0.869078994
vt -1.45700002 0.869078994
vt -1.45700002 0.869078994
vt -2.25699997 0.869078994
vt -2.25699997 0.866070986
vt -1.45700002 0.869078994
vt -2.25699997 0.866070986
vt -1.45700002 0.866070986
vt 0.74515897 1.45700002
vt 0.74515897 2.25699997
vt 0.742497981 2.25699997
vt 0.74515897 1.45700002
vt 0.742497981 2.25699997
vt 0.742497981 1.45700002
vt 0.742497981 1.45700002
vt 0.742497981 2.25699997
vt 0.739234984 2.25699997
vt 0.742497981 1.45700002
vt 0.739234984 2.25699997
vt 0.739234984 1.45700002
vt 0.739234984 1.45700002
vt 0.739234984 2.25699997
vt 0.735762 2.25699997
vt 0.739234984 1.45700002
vt 0.735762 2.25699997
vt 0.735762 1.45700002
vt 0.735762 1.45700002
vt 0.735762 2.25699997
vt 0.73249799 2.25699997
vt 0.735762 1.45700002
vt 0.73249799 2.25699997
vt 0.73249799 1.45700002
vt 0.73249799 1.45700002
vt 0.73249799 2.25699997
vt 0.729838014 2.25699997
vt 0.73249799 1.45700002
vt 0.729838014 2.25699997
vt 0.729838014 1.45700002
vt 1.45700002 0.866070986
vt 2.25699997 0.866070986
vt 2.25699997 0.869078994
vt 1.45700002 0.866070986
vt 2.25699997 0.869078994
vt 1.45700002 0.869078994
vt 1.45700002 0.869078994
vt 2.25699997 0.869078994
vt 2.25699997 0.872498989
vt 1.45700002 0.869078994
vt 2.25699997 0.872498989
vt 1.45700002 0.872498989
vt 1.45700002 0.872498989
vt 2.25699997 0.872498989
vt 2.25699997 0.875918984
vt 1.45700002 0.872498989
vt 2.25699997 0.875918984
vt 1.45700002 0.875918984
vt 1.45700002 0.875918984
vt 2.25699997 0.875918984
vt 2.25699997 0.878926992
vt 1.45700002 0.875918984
vt 2.25699997 0.878926992
vt 1.45700002 0.878926992
vt -0.729838014 1.45700002
vt -0.729838014 2.25699997
vt -0.73249799 2.25699997
vt -0.729838014 1.45700002
vt -0.73249799 2.25699997
vt -0.73249799 1.45700002
vt -0.73249799 1.45700002
vt -0.73249799 2.25699997
vt -0.735762 2.25699997
vt -0.73249799 1.45700002
vt -0.735762 2.25699997
vt -0.735762 1.45700002
vt -0.735762 1.45700002
vt -0.735762 2.25699997
vt -0.739234984 2.25699997
vt -0.735762 1.45700002
vt -0.739234984 2.25699997
vt -0.739234984 1.45700002
vt -0.739234984 1.45700002
vt -0.739234984 2.25699997
vt -0.742497981 2.25699997
vt -0.739234984 1.45700002
vt -0.742497981 2.25699997
vt -0.742497981 1.45700002
vt -0.742497981 1.45700002
vt -0.742497981 2.25699997
vt -0.74515897 2.25699997
vt -0.742497981 1.45700002
vt -0.74515897 2.25699997
vt -0.74515897 1.45700002
vt -1.45700002 0.878926992
vt -2.25699997 0.878926992
vt -2.25699997 0.875918984
vt -1.45700002 0.878926992
vt -2.25699997 0.875918984
vt -1.45700002 0.875918984
vt -1.45700002 0.875918984
vt -2.25699997 0.875918984
vt -2.25699997 0.872498989
vt -2.26200008 0.872498989
vt -1.46200001 0.876774013
vt -2.26200008 0.876774013
vt -2.26200008 0.876774013
vt -1.46200001 0.876774013
vt -1.46200001 0.880533993
vt -2.26200008 0.876774013
vt -1.46200001 0.880533993
vt -2.26200008 0.880533993
vt -0.582073987 2.26200008
vt -0.582073987 1.46200001
vt -0.578747988 1.46200001
vt -0.582073987 2.26200008
vt -0.578747988 1.46200001
vt -0.578747988 2.26200008
vt -0.578747988 2.26200008
vt -0.578747988 1.46200001
vt -0.574669003 1.46200001
vt -0.578747988 2.26200008
vt -0.574669003 1.46200001
vt -0.574669003 2.26200008
vt -0.574669003 2.26200008
vt -0.574669003 1.46200001
vt -0.570327997 1.46200001
vt -0.574669003 2.26200008
vt -0.570327997 1.46200001
vt -0.570327997 2.26200008
vt -0.570327997 2.26200008
vt -0.570327997 1.46200001
vt -0.566248 1.46200001
vt -0.570327997 2.26200008
vt -0.566248 1.46200001
vt -0.566248 2.26200008
vt -0.566248 2.26200008
vt -0.566248 1.46200001
vt -0.562923014 1.46200001
vt -0.566248 2.26200008
vt -0.562923014 1.46200001
vt -0.562923014 2.26200008
vt 2.26200008 0.880533993
vt 1.46200001 0.880533993
vt 1.46200001 0.876774013
vt 2.26200008 0.880533993
vt 1.46200001 0.876774013
vt 2.26200008 0.876774013
vt 2.26200008 0.876774013
vt 1.46200001 0.876774013
vt 1.46200001 0.872498989
vt 2.26200008 0.876774013
vt 1.46200001 0.872498989
vt 2.26200008 0.872498989
vt 2.26200008 0.872498989
vt 1.46200001 0.872498989
vt 1.46200001 0.868224025
vt 2.26200008 0.872498989
vt 1.46200001 0.868224025
vt 2.26200008 0.868224025
vt 2.26200008 0.868224025
vt 1.46200001 0.868224025
vt 1.46200001 0.864463985
vt 2.26200008 0.868224025
vt 1.46200001 0.864463985
vt 2.26200008 0.864463985
vt 0.562923014 2.26200008
vt 0.562923014 1.46200001
vt 0.566248 1.46200001
vt 0.562923014 2.26200008
vt 0.566248 1.46200001
vt 0.566248 2.26200008
vt 0.566248 2.26200008
vt 0.566248 1.46200001
vt 0.570327997 1.46200001
vt 0.566248 2.26200008
vt 0.570327997 1.46200001
vt 0.570327997 2.26200008
vt 0.570327997 2.26200008
vt 0.570327997 1.46200001
vt 0.574669003 1.46200001
vt 0.570327997 2.26200008
vt 0.574669003 1.46200001
vt 0.574669003 2.26200008
vt 0.574669003 2.26200008
vt 0.574669003 1.46200001
vt 0.578747988 1.46200001
vt 0.574669003 2.26200008
vt 0.578747988 1.46200001
vt 0.578747988 2.26200008
vt 0.578747988 2.26200008
vt 0.578747988 1.46200001
vt 0.582073987 1.46200001
vt 0.578747988 2.26200008
vt 0.582073987 1.46200001
vt 0.582073987 2.26200008
vt -2.26200008 0.864463985
vt -1.46200001 0.864463985
vt -1.46200001 0.868224025
vt -2.26200008 0.864463985
vt -1.46200001 0.868224025
vt -2.26200008 0.868224025
vt -2.26200008 0.868224025
vt -1.46200001 0.868224025
vt -1.46200001 0.872498989
vt -0.899999976 1.09749901
vt -0.899999976 0.647499025
vt -0.860000014 1.09749901
vt -0.860000014 1.09749901
vt -0.899999976 0.647499025
vt -0.860000014 0.647499025
vt 0.237498 1.09749901
vt 0.207497999 0.677498996
vt 0.237498 0.647499025
vt 0.237498 0.647499025
vt 0.207497999 0.677498996
vt -0.312501997 0.647499025
vt 0.899999976 0.677498996
vt 0.899999976 1.09749901
vt 0.860000014 0.677498996
vt 0.860000014 0.677498996
vt 0.899999976 1.09749901
vt 0.860000014 1.09749901
vt -0.237498 1.09749901
vt -0.237498 0.647499025
vt -0.207497999 0.677498996
vt -0.207497999 0.677498996
vt -0.237498 0.647499025
vt 0.312501997 0.647499025
vt 0.237498 0.899999976
vt -0.312501997 0.899999976
vt 0.237498 0.860000014
vt 0.237498 0.860000014
vt -0.312501997 0.899999976
vt -0.312501997 0.860000014
vt -0.207497999 0.860000014
vt 0.282501996 0.860000014
vt -0.207497999 0.899999976
vt -0.207497999 0.899999976
vt 0.282501996 0.860000014
vt 0.282501996 0.899999976
vt 0.899999976 0.647499025
vt 0.899999976 1.09749901
vt 0.860000014 0.647499025
vt 0.860000014 0.647499025
vt 0.899999976 1.09749901
vt 0.860000014 1.09749901
vt -0.860000014 0.677498996
vt -0.860000014 1.09749901
vt -0.899999976 0.677498996
vt -0.899999976 0.677498996
vt -0.860000014 1.09749901
vt -0.899999976 1.09749901
vt 0.847498 1.09749901
vt 0.817498028 0.677498996
vt 0.847498 0.647499025
vt 0.847498 0.647499025
vt 0.817498028 0.677498996
vt 0.297497988 0.647499025
vt -0.899999976 1.09749901
vt -0.899999976 0.647499025
vt -0.860000014 1.09749901
vt -0.860000014 1.09749901
vt -0.899999976 0.647499025
vt -0.860000014 0.647499025
vt 0.899999976 0.677498996
vt 0.899999976 1.09749901
vt 0.860000014 0.677498996
vt 0.860000014 0.677498996
vt 0.899999976 1.09749901
vt 0.860000014 1.09749901
vt -0.847498 1.09749901
vt -0.847498 0.647499025
vt -0.817498028 0.677498996
vt -0.817498028 0.677498996
vt -0.847498 0.647499025
vt -0.297497988 0.647499025
vt 0.847498 0.899999976
vt 0.297497988 0.899999976
vt 0.847498 0.860000014
vt 0.847498 0.860000014
vt 0.297497988 0.899999976
vt 0.297497988 0.860000014
vt 0.899999976 0.647499025
vt 0.899999976 1.09749901
vt 0.860000014 0.647499025
vt 0.860000014 0.647499025
vt 0.899999976 1.09749901
vt 0.860000014 1.09749901
vt -0.817498028 0.860000014
vt -0.327497989 0.860000014
vt -0.817498028 0.899999976
vt -0.817498028 0.899999976
vt -0.327497989 0.860000014
vt -0.327497989 0.899999976
vt -0.860000014 0.677498996
vt -0.860000014 1.09749901
vt -0.899999976 0.677498996
vt -0.899999976 0.677498996
vt -0.860000014 1.09749901
vt -0.899999976 1.09749901
vt -0.312501997 0.899999976
vt -0.282501996 0.899999976
vt -0.312501997 1.79999995
vt -0.312501997 1.79999995
vt -0.282501996 0.899999976
vt -0.282501996 1.79999995
vt -2.05699992 0.872498989
vt -1.75699997 0.875918984
vt -2.05699992 0.875918984
vt -2.05699992 0.875918984
vt -1.75699997 0.875918984
vt -1.75699997 0.878926992
vt -2.05699992 0.875918984
vt -1.75699997 0.878926992
vt -2.05699992 0.878926992
vt 0.194840997 2.05699992
vt 0.194840997 1.75699997
vt 0.197502002 1.75699997
vt 0.194840997 2.05699992
vt 0.197502002 1.75699997
vt 0.197502002 2.05699992
vt 0.197502002 2.05699992
vt 0.197502002 1.75699997
vt 0.200764999 1.75699997
vt 0.197502002 2.05699992
vt 0.200764999 1.75699997
vt 0.200764999 2.05699992
vt 0.200764999 2.05699992
vt 0.200764999 1.75699997
vt 0.204237998 1.75699997
vt 0.200764999 2.05699992
vt 0.204237998 1.75699997
vt 0.204237998 2.05699992
vt 0.204237998 2.05699992
vt 0.204237998 1.75699997
vt 0.207501993 1.75699997
vt 0.204237998 2.05699992
vt 0.207501993 1.75699997
vt 0.207501993 2.05699992
vt 0.207501993 2.05699992
vt 0.207501993 1.75699997
vt 0.210161999 1.75699997
vt 0.207501993 2.05699992
vt 0.210161999 1.75699997
vt 0.210161999 2.05699992
vt 2.05699992 0.878926992
vt 1.75699997 0.878926992
vt 1.75699997 0.875918984
vt 2.05699992 0.878926992
vt 1.75699997 0.875918984
vt 2.05699992 0.875918984
vt 2.05699992 0.875918984
vt 1.75699997 0.875918984
vt 1.75699997 0.872498989
vt 2.05699992 0.875918984
vt 1.75699997 0.872498989
vt 2.05699992 0.872498989
vt 2.05699992 0.872498989
vt 1.75699997 0.872498989
vt 1.75699997 0.869078994
vt 2.05699992 0.872498989
vt 1.75699997 0.869078994
vt 2.05699992 0.869078994
vt 2.05699992 0.869078994
vt 1.75699997 0.869078994
vt 1.75699997 0.866070986
vt 2.05699992 0.869078994
vt 1.75699997 0.866070986
vt 2.05699992 0.866070986
vt -0.210161999 2.05699992
vt -0.210161999 1.75699997
vt -0.207501993 1.75699997
vt -0.210161999 2.05699992
vt -0.207501993 1.75699997
vt -0.207501993 2.05699992
vt -0.207501993 2.05699992
vt -0.207501993 1.75699997
vt -0.204237998 1.75699997
vt -0.207501993 2.05699992
vt -0.204237998 1.75699997
vt -0.204237998 2.05699992
vt -0.204237998 2.05699992
vt -0.204237998 1.75699997
vt -0.200764999 1.75699997
vt -0.204237998 2.05699992
vt -0.200764999 1.75699997
vt -0.200764999 2.05699992
vt -0.200764999 2.05699992
vt -0.200764999 1.75699997
vt -0.197502002 1.75699997
vt -0.200764999 2.05699992
vt -0.197502002 1.75699997
vt -0.197502002 2.05699992
vt -0.197502002 2.05699992
vt -0.197502002 1.75699997
vt -0.194840997 1.75699997
vt -0.197502002 2.05699992
vt -0.194840997 1.75699997
vt -0.194840997 2.05699992
vt -2.05699992 0.866070986
vt -1.75699997 0.866070986
vt -1.75699997 0.869078994
vt -2.05699992 0.866070986
vt -1.75699997 0.869078994
vt -2.05699992 0.869078994
vt -2.05699992 0.869078994
vt -1.75699997 0.869078994
vt -1.75699997 0.872498989
vt -1.79999995 0.962499022
vt -1.79999995 0.932498991
vt -0.899999976 0.962499022
vt -0.899999976 0.962499022
vt -1.79999995 0.932498991
vt -0.899999976 0.932498991
vt -1.73000002 0.872498989
vt -1.26199996 0.875918984
vt -1.73000002 0.875918984
vt -1.73000002 0.875918984
vt -1.26199996 0.875918984
vt -1.26199996 0.878926992
vt -1.73000002 0.875918984
vt -1.26199996 0.878926992
vt -1.73000002 0.878926992
vt 0.194840997 1.73000002
vt 0.194840997 1.26199996
vt 0.197502002 1.26199996
vt 0.194840997 1.73000002
vt 0.197502002 1.26199996
vt 0.197502002 1.73000002
vt 0.197502002 1.73000002
vt 0.197502002 1.26199996
vt 0.200764999 1.26199996
vt 0.197502002 1.73000002
vt 0.200764999 1.26199996
vt 0.200764999 1.73000002
vt 0.200764999 1.73000002
vt 0.200764999 1.26199996
vt 0.204237998 1.26199996
vt 0.200764999 1.73000002
vt 0.204237998 1.26199996
vt 0.204237998 1.73000002
vt 0.204237998 1.73000002
vt 0.204237998 1.26199996
vt 0.207501993 1.26199996
vt 0.204237998 1.73000002
vt 0.207501993 1.26199996
vt 0.207501993 1.73000002
vt 0.207501993 1.73000002
vt 0.207501993 1.26199996
vt 0.210161999 1.26199996
vt 0.207501993 1.73000002
vt 0.210161999 1.26199996
vt 0.210161999 1.73000002
vt 1.73000002 0.878926992
vt 1.26199996 0.878926992
vt 1.26199996 0.875918984
vt 1.73000002 0.878926992
vt 1.26199996 0.875918984
vt 1.73000002 0.875918984
vt 1.73000002 0.875918984
vt 1.26199996 0.875918984
vt 1.26199996 0.872498989
vt -1.73000002 0.872498989
vt -1.73000002 0.869078994
vt -1.26199996 0.872498989
vt -1.26199996 0.872498989
vt -1.73000002 0.869078994
vt -1.73000002 0.869078994
vt -1.26199996 0.872498989
vt -1.73000002 0.869078994
vt -1.26199996 0.869078994
vt -1.26199996 0.869078994
vt -1.73000002 0.869078994
vt -1.73000002 0.866070986
vt -1.26199996 0.869078994
vt -1.73000002 0.866070986
vt -1.26199996 0.866070986
vt -0.194840997 1.26199996
vt -0.194840997 1.73000002
vt -0.197502002 1.73000002
vt -0.194840997 1.26199996
vt -0.197502002 1.73000002
vt -0.197502002 1.26199996
vt -0.197502002 1.26199996
vt -0.197502002 1.73000002
vt -0.200764999 1.73000002
vt -0.197502002 1.26199996
vt -0.200764999 1.73000002
vt -0.200764999 1.26199996
vt -0.200764999 1.26199996
vt -0.200764999 1.73000002
vt -0.204237998 1.73000002
vt -0.200764999 1.26199996
vt -0.204237998 1.73000002
vt -0.204237998 1.26199996
vt -0.204237998 1.26199996
vt -0.204237998 1.73000002
vt -0.207501993 1.73000002
vt -0.204237998 1.26199996
vt -0.207501993 1.73000002
vt -0.207501993 1.26199996
vt -0.207501993 1.26199996
vt -0.207501993 1.73000002
vt -0.210161999 1.73000002
vt -0.207501993 1.26199996
vt -0.210161999 1.73000002
vt -0.210161999 1.26199996
vt 1.26199996 0.866070986
vt 1.73000002 0.866070986
vt 1.73000002 0.869078994
vt 1.26199996 0.866070986
vt 1.73000002 0.869078994
vt 1.26199996 0.869078994
vt 1.26199996 0.869078994
vt 1.73000002 0.869078994
vt 1.73000002 0.872498989
vt 1.26199996 0.869078994
vt 1.73000002 0.872498989
vt 1.26199996 0.872498989
vt -1.75699997 0.872498989
vt -1.75 0.87933898
vt -1.75699997 0.87933898
vt -1.75699997 0.87933898
vt -1.75 0.87933898
vt -1.75 0.885354996
vt -1.75699997 0.87933898
vt -1.75 0.885354996
vt -1.75699997 0.885354996
vt -0.422818989 1.75699997
vt -0.422818989 1.75
vt -0.417497993 1.75
vt -0.422818989 1.75699997
vt -0.417497993 1.75
vt -0.417497993 1.75699997
vt -0.417497993 1.75699997
vt -0.417497993 1.75
vt -0.410970986 1.75
vt -0.417497993 1.75699997
vt -0.410970986 1.75
vt -0.410970986 1.75699997
vt -0.410970986 1.75699997
vt -0.410970986 1.75
vt -0.404024988 1.75
vt -0.410970986 1.75699997
vt -0.404024988 1.75
vt -0.404024988 1.75699997
vt -0.404024988 1.75699997
vt -0.404024988 1.75
vt -0.397498012 1.75
vt -0.404024988 1.75699997
vt -0.397498012 1.75
vt -0.397498012 1.75699997
vt -0.397498012 1.75699997
vt -0.397498012 1.75
vt -0.392176986 1.75
vt -0.397498012 1.75699997
vt -0.392176986 1.75
vt -0.392176986 1.75699997
vt 1.75699997 0.885354996
vt 1.75 0.885354996
vt 1.75 0.87933898
vt 1.75699997 0.885354996
vt 1.75 0.87933898
vt 1.75699997 0.87933898
vt 1.75699997 0.87933898
vt 1.75 0.87933898
vt 1.75 0.872498989
vt 1.75699997 0.87933898
vt 1.75 0.872498989
vt 1.75699997 0.872498989
vt 1.75699997 0.872498989
vt 1.75 0.872498989
vt 1.75 0.865658998
vt 1.75699997 0.872498989
vt 1.75 0.865658998
vt 1.75699997 0.865658998
vt 1.75699997 0.865658998
vt 1.75 0.865658998
vt 1.75 0.859642982
vt 1.75699997 0.865658998
vt 1.75 0.859642982
vt 1.75699997 0.859642982
vt 0.392176986 1.75699997
vt 0.392176986 1.75
vt 0.397498012 1.75
vt 0.392176986 1.75699997
vt 0.397498012 1.75
vt 0.397498012 1.75699997
vt 0.397498012 1.75699997
vt 0.397498012 1.75
vt 0.404024988 1.75
vt 0.397498012 1.75699997
vt 0.404024988 1.75
vt 0.404024988 1.75699997
vt 0.404024988 1.75699997
vt 0.404024988 1.75
vt 0.410970986 1.75
vt 0.404024988 1.75699997
vt 0.410970986 1.75
vt 0.410970986 1.75699997
vt 0.410970986 1.75699997
vt 0.410970986 1.75
vt 0.417497993 1.75
vt 0.410970986 1.75699997
vt 0.417497993 1.75
vt 0.417497993 1.75699997
vt 0.417497993 1.75699997
vt 0.417497993 1.75
vt 0.422818989 1.75
vt 0.417497993 1.75699997
vt 0.422818989 1.75
vt 0.422818989 1.75699997
vt -1.75699997 0.859642982
vt -1.75 0.859642982
vt -1.75 0.865658998
vt -1.75699997 0.859642982
vt -1.75 0.865658998
vt -1.75699997 0.865658998
vt -1.75699997 0.865658998
vt -1.75 0.865658998
vt -1.75 0.872498989
vt -1.75 0.872498989
vt -1.75699997 0.865658998
vt -1.75 0.865658998
vt -1.75 0.865658998
vt -1.75699997 0.865658998
vt -1.75699997 0.859642982
vt -1.75 0.865658998
vt -1.75699997 0.859642982
vt -1.75 0.859642982
vt 0.752819002 1.75
vt 0.752819002 1.75699997
vt 0.747497976 1.75699997
vt 0.752819002 1.75
vt 0.747497976 1.75699997
vt 0.747497976 1.75
vt 0.747497976 1.75
vt 0.747497976 1.75699997
vt 0.740971029 1.75699997
vt 0.747497976 1.75
vt 0.740971029 1.75699997
vt 0.740971029 1.75
vt 0.740971029 1.75
vt 0.740971029 1.75699997
vt 0.734025002 1.75699997
vt 0.740971029 1.75
vt 0.734025002 1.75699997
vt 0.734025002 1.75
vt 0.734025002 1.75
vt 0.734025002 1.75699997
vt 0.727497995 1.75699997
vt 0.734025002 1.75
vt 0.727497995 1.75699997
vt 0.727497995 1.75
vt 0.727497995 1.75
vt 0.727497995 1.75699997
vt 0.722177029 1.75699997
vt 0.727497995 1.75
vt 0.722177029 1.75699997
vt 0.722177029 1.75
vt 1.75 0.859642982
vt 1.75699997 0.859642982
vt 1.75699997 0.865658998
vt 1.75 0.859642982
vt 1.75699997 0.865658998
vt 1.75 0.865658998
vt 1.75 0.865658998
vt 1.75699997 0.865658998
vt 1.75699997 0.872498989
vt 1.75 0.865658998
vt 1.75699997 0.872498989
vt 1.75 0.872498989
vt 1.75 0.872498989
vt 1.75699997 0.872498989
vt 1.75699997 0.87933898
vt 1.75 0.872498989
vt 1.75699997 0.87933898
vt 1.75 0.87933898
vt 1.75 0.87933898
vt 1.75699997 0.87933898
vt 1.75699997 0.885354996
vt 1.75 0.87933898
vt 1.75699997 0.885354996
vt 1.75 0.885354996
vt -0.722177029 1.75
vt -0.722177029 1.75699997
vt -0.727497995 1.75699997
vt -0.722177029 1.75
vt -0.727497995 1.75699997
vt -0.727497995 1.75
vt -0.727497995 1.75
vt -0.727497995 1.75699997
vt -0.734025002 1.75699997
vt -0.727497995 1.75
vt -0.734025002 1.75699997
vt -0.734025002 1.75
vt -0.734025002 1.75
vt -0.734025002 1.75699997
vt -0.740971029 1.75699997
vt -0.734025002 1.75
vt -0.740971029 1.75699997
vt -0.740971029 1.75
vt -0.740971029 1.75
vt -0.740971029 1.75699997
vt -0.747497976 1.75699997
vt -0.740971029 1.75
vt -0.747497976 1.75699997
vt -0.747497976 1.75
vt -0.747497976 1.75
vt -0.747497976 1.75699997
vt -0.752819002 1.75699997
vt -0.747497976 1.75
vt -0.752819002 1.75699997
vt -0.752819002 1.75
vt -1.75 0.885354996
vt -1.75699997 0.885354996
vt -1.75699997 0.87933898
vt -1.75 0.885354996
vt -1.75699997 0.87933898
vt -1.75 0.87933898
vt -1.75 0.87933898
vt -1.75699997 0.87933898
vt -1.75699997 0.872498989
vt 0.119999997 0.732499003
vt 0.119999997 0.782499015
vt 0.110729001 0.732499003
vt 0.110729001 0.732499003
vt 0.119999997 0.782499015
vt 0.110729001 0.782499015
vt 0.110729001 0.732499003
vt 0.110729001 0.782499015
vt 0.102366 0.732499003
vt 0.102366 0.732499003
vt 0.110729001 0.782499015
vt 0.102366 0.782499015
vt -0.798231006 0.732499003
vt -0.798231006 0.782499015
vt -0.804867983 0.732499003
vt -0.804867983 0.732499003
vt -0.798231006 0.782499015
vt -0.804867983 0.782499015
vt -0.804867983 0.732499003
vt -0.804867983 0.782499015
vt -0.813230991 0.732499003
vt -0.813230991 0.732499003
vt -0.804867983 0.782499015
vt -0.813230991 0.782499015
vt -0.813230991 0.732499003
vt -0.813230991 0.782499015
vt -0.822502017 0.732499003
vt -0.822502017 0.732499003
vt -0.813230991 0.782499015
vt -0.822502017 0.782499015
vt -0.800000012 0.822498977
vt -0.882499993 0.822498977
vt -0.847395003 0.797271013
vt -0.847395003 0.797271013
vt -0.882499993 0.822498977
vt -0.882499993 0.822498977
vt -0.847395003 0.797271013
vt -0.882499993 0.822498977
vt -0.852604985 0.797271013
vt -0.852604985 0.797271013
vt -0.882499993 0.822498977
vt -0.882499993 0.822498977
vt -0.852604985 0.797271013
vt -0.882499993 0.822498977
vt -0.857500017 0.795489013
vt -0.857500017 0.795489013
vt -0.882499993 0.822498977
vt -0.882499993 0.822498977
vt -0.857500017 0.795489013
vt -0.882499993 0.822498977
vt -0.861491024 0.79214102
vt -0.861491024 0.79214102
vt -0.882499993 0.822498977
vt -0.882499993 0.822498977
vt -0.861491024 0.79214102
vt -0.882499993 0.822498977
vt -0.864094973 0.787629008
vt -0.864094973 0.787629008
vt -0.882499993 0.822498977
vt -0.882499993 0.822498977
vt -0.864094973 0.787629008
vt -0.882499993 0.822498977
vt -0.86500001 0.782499015
vt -0.86500001 0.782499015
vt -0.882499993 0.822498977
vt -0.882499993 0.822498977
vt -0.86500001 0.782499015
vt -0.882499993 0.822498977
vt -0.864094973 0.777369022
vt -0.864094973 0.777369022
vt -0.882499993 0.822498977
vt -0.864094973 0.727629006
vt -0.864094973 0.777369022
vt -0.864094973 0.727629006
vt -0.861491024 0.77285701
vt -0.861491024 0.77285701
vt -0.864094973 0.727629006
vt -0.864094973 0.727629006
vt -0.861491024 0.77285701
vt -0.864094973 0.727629006
vt -0.857500017 0.769509017
vt -0.857500017 0.769509017
vt -0.864094973 0.727629006
vt -0.864094973 0.727629006
vt -0.857500017 0.769509017
vt -0.864094973 0.727629006
vt -0.852604985 0.767727017
vt -0.852604985 0.767727017
vt -0.864094973 0.727629006
vt -0.864094973 0.727629006
vt -0.852604985 0.767727017
vt -0.864094973 0.727629006
vt -0.847395003 0.767727017
vt -0.847395003 0.767727017
vt -0.864094973 0.727629006
vt -0.864094973 0.727629006
vt -0.847395003 0.767727017
vt -0.864094973 0.727629006
vt -0.842499971 0.769509017
vt -0.842499971 0.769509017
vt -0.864094973 0.727629006
vt -0.864094973 0.727629006
vt -0.842499971 0.769509017
vt -0.864094973 0.727629006
vt -0.838509023 0.77285701
vt -0.838509023 0.77285701
vt -0.864094973 0.727629006
vt -0.864094973 0.727629006
vt -0.838509023 0.77285701
vt -0.864094973 0.727629006
vt -0.835905015 0.777369022
vt -0.835905015 0.777369022
vt -0.864094973 0.727629006
vt -0.861491024 0.732141018
vt -0.835905015 0.777369022
vt -0.861491024 0.732141018
vt -0.835905015 0.777369022
vt -0.835905015 0.777369022
vt -0.861491024 0.732141018
vt -0.857500017 0.735489011
vt -0.835905015 0.777369022
vt -0.857500017 0.735489011
vt -0.835905015 0.777369022
vt -0.835905015 0.777369022
vt -0.857500017 0.735489011
vt -0.852604985 0.737271011
vt -0.835905015 0.777369022
vt -0.852604985 0.737271011
vt -0.835905015 0.777369022
vt -0.835905015 0.777369022
vt -0.852604985 0.737271011
vt -0.847395003 0.737271011
vt -0.835905015 0.777369022
vt -0.847395003 0.737271011
vt -0.835905015 0.777369022
vt -0.835905015 0.777369022
vt -0.847395003 0.737271011
vt -0.842499971 0.735489011
vt -0.835905015 0.777369022
vt -0.842499971 0.735489011
vt -0.834999979 0.782499015
vt -0.864094973 0.727629006
vt -0.882499993 0.822498977
vt -0.86500001 0.722499013
vt -0.86500001 0.722499013
vt -0.882499993 0.822498977
vt -0.852604985 0.217271
vt -0.86500001 0.722499013
vt -0.852604985 0.217271
vt -0.864094973 0.71736902
vt -0.864094973 0.71736902
vt -0.852604985 0.217271
vt -0.852604985 0.217271
vt -0.864094973 0.71736902
vt -0.852604985 0.217271
vt -0.861491024 0.712857008
vt -0.861491024 0.712857008
vt -0.852604985 0.217271
vt -0.852604985 0.217271
vt -0.861491024 0.712857008
vt -0.852604985 0.217271
vt -0.857500017 0.709509015
vt -0.857500017 0.709509015
vt -0.852604985 0.217271
vt -0.852604985 0.217271
vt -0.857500017 0.709509015
vt -0.852604985 0.217271
vt -0.852604985 0.707727015
vt -0.852604985 0.707727015
vt -0.852604985 0.217271
vt -0.847395003 0.217271
vt -0.852604985 0.707727015
vt -0.847395003 0.217271
vt -0.847395003 0.707727015
vt -0.847395003 0.707727015
vt -0.847395003 0.217271
vt -0.847395003 0.217271
vt -0.847395003 0.707727015
vt -0.847395003 0.217271
vt -0.842499971 0.709509015
vt -0.842499971 0.709509015
vt -0.847395003 0.217271
vt -0.847395003 0.217271
vt -0.842499971 0.709509015
vt -0.847395003 0.217271
vt -0.838509023 0.712857008
vt -0.838509023 0.712857008
vt -0.847395003 0.217271
vt -0.847395003 0.217271
vt -0.838509023 0.712857008
vt -0.847395003 0.217271
vt -0.835905015 0.71736902
vt -0.835905015 0.71736902
vt -0.847395003 0.217271
vt -0.842499971 0.215489
vt -0.835905015 0.71736902
vt -0.842499971 0.215489
vt -0.835905015 0.71736902
vt -0.835905015 0.71736902
vt -0.842499971 0.215489
vt -0.838509023 0.212141007
vt -0.835905015 0.71736902
vt -0.838509023 0.212141007
vt -0.835905015 0.71736902
vt -0.835905015 0.71736902
vt -0.838509023 0.212141007
vt -0.835905015 0.207628995
vt -0.835905015 0.71736902
vt -0.835905015 0.207628995
vt -0.800000012 0.172499001
vt -0.800000012 0.172499001
vt -0.835905015 0.207628995
vt -0.834999979 0.202499002
vt -0.800000012 0.172499001
vt -0.834999979 0.202499002
vt -0.800000012 0.172499001
vt -0.800000012 0.172499001
vt -0.834999979 0.202499002
vt -0.835905015 0.197368994
vt -0.800000012 0.172499001
vt -0.835905015 0.197368994
vt -0.800000012 0.172499001
vt -0.800000012 0.172499001
vt -0.835905015 0.197368994
vt -0.838509023 0.192856997
vt -0.800000012 0.172499001
vt -0.838509023 0.192856997
vt -0.800000012 0.172499001
vt -0.800000012 0.172499001
vt -0.838509023 0.192856997
vt -0.842499971 0.189509004
vt -0.800000012 0.172499001
vt -0.842499971 0.189509004
vt -0.800000012 0.172499001
vt -0.800000012 0.172499001
vt -0.842499971 0.189509004
vt -0.847395003 0.187727004
vt -0.800000012 0.172499001
vt -0.847395003 0.187727004
vt -0.882499993 0.172499001
vt -0.882499993 0.172499001
vt -0.847395003 0.187727004
vt -0.852604985 0.187727004
vt -0.882499993 0.172499001
vt -0.852604985 0.187727004
vt -0.882499993 0.172499001
vt -0.882499993 0.172499001
vt -0.852604985 0.187727004
vt -0.857500017 0.189509004
vt -0.882499993 0.172499001
vt -0.857500017 0.189509004
vt -0.882499993 0.172499001
vt -0.882499993 0.172499001
vt -0.857500017 0.189509004
vt -0.861491024 0.192856997
vt -0.882499993 0.172499001
vt -0.861491024 0.192856997
vt -0.882499993 0.172499001
vt -0.882499993 0.172499001
vt -0.861491024 0.192856997
vt -0.864094973 0.197368994
vt -0.882499993 0.172499001
vt -0.864094973 0.197368994
vt -0.882499993 0.172499001
vt -0.882499993 0.172499001
vt -0.864094973 0.197368994
vt -0.86500001 0.202499002
vt -0.882499993 0.172499001
vt -0.86500001 0.202499002
vt -0.882499993 0.172499001
vt -0.882499993 0.172499001
vt -0.86500001 0.202499002
vt -0.864094973 0.207628995
vt -0.882499993 0.172499001
vt -0.864094973 0.207628995
vt -0.882499993 0.822498977
vt -0.882499993 0.822498977
vt -0.864094973 0.207628995
vt -0.861491024 0.212141007
vt -0.882499993 0.822498977
vt -0.861491024 0.212141007
vt -0.882499993 0.822498977
vt -0.882499993 0.822498977
vt -0.861491024 0.212141007
vt -0.857500017 0.215489
vt -0.882499993 0.822498977
vt -0.857500017 0.215489
vt -0.852604985 0.217271
vt -0.800000012 0.172499001
vt -0.834999979 0.722499013
vt -0.835905015 0.71736902
vt -0.882499993 0.822498977
vt -0.899999976 0.822498977
vt -0.882499993 0.172499001
vt -0.882499993 0.172499001
vt -0.899999976 0.822498977
vt -0.899999976 0.172499001
vt -0.882499993 0.172499001
vt -0.899999976 0.172499001
vt -0.882499993 0.0424989983
vt -0.882499993 0.0424989983
vt -0.899999976 0.172499001
vt -0.899999976 0.0424989983
vt -0.847395003 0.797271013
vt -0.842499971 0.795489013
vt -0.800000012 0.822498977
vt -0.800000012 0.822498977
vt -0.842499971 0.795489013
vt -0.838509023 0.79214102
vt -0.800000012 0.822498977
vt -0.838509023 0.79214102
vt -0.800000012 0.822498977
vt -0.800000012 0.822498977
vt -0.838509023 0.79214102
vt -0.835905015 0.787629008
vt -0.800000012 0.822498977
vt -0.835905015 0.787629008
vt -0.834999979 0.782499015
vt -0.842499971 0.735489011
vt -0.838509023 0.732141018
vt -0.834999979 0.782499015
vt -0.834999979 0.782499015
vt -0.838509023 0.732141018
vt -0.838509023 0.732141018
vt -0.834999979 0.782499015
vt -0.838509023 0.732141018
vt -0.800000012 0.822498977
vt -0.800000012 0.822498977
vt -0.838509023 0.732141018
vt -0.835905015 0.727629006
vt -0.800000012 0.822498977
vt -0.835905015 0.727629006
vt -0.834999979 0.722499013
vt -0.812502027 0.0500000007
vt -0.00250199996 0.0500000007
vt -0.342501998 0.100000001
vt -0.342501998 0.100000001
vt -0.00250199996 0.0500000007
vt -0.00250199996 1.13999999
vt 0.100000001 -0.937501013
vt 1.25 -0.937501013
vt 0.970000029 -0.927501023
vt 0.970000029 -0.927501023
vt 1.25 -0.937501013
vt 1.25 -0.517500997
vt -0.800000012 0.0424989983
vt -0.847395003 0.0677269995
vt -0.882499993 0.0424989983
vt -0.882499993 0.0424989983
vt -0.847395003 0.0677269995
vt -0.852604985 0.0677269995
vt -0.882499993 0.0424989983
vt -0.852604985 0.0677269995
vt -0.882499993 0.0424989983
vt -0.882499993 0.0424989983
vt -0.852604985 0.0677269995
vt -0.857500017 0.0695089996
vt -0.882499993 0.0424989983
vt -0.857500017 0.0695089996
vt -0.882499993 0.0424989983
vt -0.882499993 0.0424989983
vt -0.857500017 0.0695089996
vt -0.861491024 0.0728569999
vt -0.882499993 0.0424989983
vt -0.861491024 0.0728569999
vt -0.882499993 0.0424989983
vt -0.882499993 0.0424989983
vt -0.861491024 0.0728569999
vt -0.864094973 0.077368997
vt -0.882499993 0.0424989983
vt -0.864094973 0.077368997
vt -0.882499993 0.0424989983
vt -0.882499993 0.0424989983
vt -0.864094973 0.077368997
vt -0.86500001 0.0824989974
vt -0.882499993 0.0424989983
vt -0.86500001 0.0824989974
vt -0.882499993 0.0424989983
vt -0.882499993 0.0424989983
vt -0.86500001 0.0824989974
vt -0.864094973 0.0876289979
vt -0.882499993 0.0424989983
vt -0.864094973 0.0876289979
vt -0.864094973 0.137369007
vt -0.864094973 0.137369007
vt -0.864094973 0.0876289979
vt -0.861491024 0.0921410024
vt -0.864094973 0.137369007
vt -0.861491024 0.0921410024
vt -0.861491024 0.132856995
vt -0.861491024 0.132856995
vt -0.861491024 0.0921410024
vt -0.857500017 0.0954890028
vt -0.861491024 0.132856995
vt -0.857500017 0.0954890028
vt -0.857500017 0.129509002
vt -0.857500017 0.129509002
vt -0.857500017 0.0954890028
vt -0.852604985 0.0972710028
vt -0.857500017 0.129509002
vt -0.852604985 0.0972710028
vt -0.852604985 0.127727002
vt -0.852604985 0.127727002
vt -0.852604985 0.0972710028
vt -0.852604985 0.0972710028
vt -0.852604985 0.127727002
vt -0.852604985 0.0972710028
vt -0.847395003 0.127727002
vt -0.847395003 0.127727002
vt -0.852604985 0.0972710028
vt -0.847395003 0.0972710028
vt -0.847395003 0.127727002
vt -0.847395003 0.0972710028
vt -0.842499971 0.129509002
vt -0.842499971 0.129509002
vt -0.847395003 0.0972710028
vt -0.842499971 0.0954890028
vt -0.842499971 0.129509002
vt -0.842499971 0.0954890028
vt -0.838509023 0.132856995
vt -0.838509023 0.132856995
vt -0.842499971 0.0954890028
vt -0.838509023 0.0921410024
vt -0.838509023 0.132856995
vt -0.838509023 0.0921410024
vt -0.835905015 0.137369007
vt -0.835905015 0.137369007
vt -0.838509023 0.0921410024
vt -0.835905015 0.0876289979
vt -0.835905015 0.137369007
vt -0.835905015 0.0876289979
vt -0.800000012 0.0424989983
vt -0.800000012 0.0424989983
vt -0.835905015 0.0876289979
vt -0.834999979 0.0824989974
vt -0.800000012 0.0424989983
vt -0.834999979 0.0824989974
vt -0.800000012 0.0424989983
vt -0.800000012 0.0424989983
vt -0.834999979 0.0824989974
vt -0.835905015 0.077368997
vt -0.800000012 0.0424989983
vt -0.835905015 0.077368997
vt -0.800000012 0.0424989983
vt -0.800000012 0.0424989983
vt -0.835905015 0.077368997
vt -0.838509023 0.0728569999
vt -0.800000012 0.0424989983
vt -0.838509023 0.0728569999
vt -0.800000012 0.0424989983
vt -0.800000012 0.0424989983
vt -0.838509023 0.0728569999
vt -0.842499971 0.0695089996
vt -0.800000012 0.0424989983
vt -0.842499971 0.0695089996
vt -0.847395003 0.0677269995
vt -0.864094973 0.137369007
vt -0.86500001 0.142499
vt -0.882499993 0.0424989983
vt -0.882499993 0.0424989983
vt -0.86500001 0.142499
vt -0.86500001 0.142499
vt -0.882499993 0.0424989983
vt -0.86500001 0.142499
vt -0.882499993 0.172499001
vt -0.882499993 0.172499001
vt -0.86500001 0.142499
vt -0.864094973 0.147628993
vt -0.882499993 0.172499001
vt -0.864094973 0.147628993
vt -0.882499993 0.172499001
vt -0.882499993 0.172499001
vt -0.864094973 0.147628993
vt -0.861491024 0.152141005
vt -0.882499993 0.172499001
vt -0.861491024 0.152141005
vt -0.882499993 0.172499001
vt -0.882499993 0.172499001
vt -0.861491024 0.152141005
vt -0.857500017 0.155488998
vt -0.882499993 0.172499001
vt -0.857500017 0.155488998
vt -0.882499993 0.172499001
vt -0.882499993 0.172499001
vt -0.857500017 0.155488998
vt -0.852604985 0.157270998
vt -0.882499993 0.172499001
vt -0.852604985 0.157270998
vt -0.882499993 0.172499001
vt -0.882499993 0.172499001
vt -0.852604985 0.157270998
vt -0.847395003 0.157270998
vt -0.882499993 0.172499001
vt -0.847395003 0.157270998
vt -0.800000012 0.172499001
vt -0.800000012 0.172499001
vt -0.847395003 0.157270998
vt -0.842499971 0.155488998
vt -0.800000012 0.172499001
vt -0.842499971 0.155488998
vt -0.800000012 0.172499001
vt -0.800000012 0.172499001
vt -0.842499971 0.155488998
vt -0.838509023 0.152141005
vt -0.800000012 0.172499001
vt -0.838509023 0.152141005
vt -0.800000012 0.172499001
vt -0.800000012 0.172499001
vt -0.838509023 0.152141005
vt -0.835905015 0.147628993
vt -0.800000012 0.172499001
vt -0.835905015 0.147628993
vt -0.800000012 0.172499001
vt -0.800000012 0.172499001
vt -0.835905015 0.147628993
vt -0.834999979 0.142499
vt -0.800000012 0.172499001
vt -0.834999979 0.142499
vt -0.800000012 0.172499001
vt -0.800000012 0.172499001
vt -0.834999979 0.142499
vt -0.835905015 0.137369007
vt -0.800000012 0.172499001
vt -0.835905015 0.137369007
vt -0.800000012 0.0424989983
vt 0.792501986 0.822498977
vt 0.792501986 0.172499001
vt 0.842501998 0.822498977
vt -0.800000012 0.822498977
vt -0.800000012 0.172499001
vt -0.800000012 0.172499001
vt 0.842501998 0.822498977
vt 0.792501986 0.172499001
vt 0.842501998 0.0424989983
vt 0.842501998 0.0424989983
vt 0.792501986 0.172499001
vt 0.792501986 0.0424989983
vt 0.792501986 0.800000012
vt 0.842501998 0.800000012
vt 0.792501986 0.882499993
vt 0.792501986 0.882499993
vt 0.842501998 0.800000012
vt 0.842501998 0.899999976
vt 0.792501986 0.882499993
vt 0.842501998 0.899999976
vt 0.792501986 0.899999976
vt -0.792501986 0.800000012
vt -0.792501986 0.882499993
vt -0.842501998 0.800000012
vt -0.800000012 0.0424989983
vt -0.882499993 0.0424989983
vt -0.882499993 0.0424989983
vt -0.842501998 0.800000012
vt -0.792501986 0.882499993
vt -0.842501998 0.899999976
vt -0.842501998 0.899999976
vt -0.792501986 0.882499993
vt -0.792501986 0.899999976
vt 0.800000012 0.0424989983
vt 0.899999976 0.0424989983
vt 0.800000012 0.822498977
vt 0.800000012 0.822498977
vt 0.899999976 0.0424989983
vt 0.899999976 0.822498977
vt -0.792501986 0.0424989983
vt -0.792501986 0.172499001
vt -0.842501998 0.0424989983
vt -0.899999976 0.0424989983
vt -0.899999976 0.172499001
vt -0.899999976 0.172499001
vt -0.842501998 0.0424989983
vt -0.792501986 0.172499001
vt -0.842501998 0.822498977
vt -0.842501998 0.822498977
vt -0.792501986 0.172499001
vt -0.792501986 0.822498977
vt -0.432502002 0.0424989983
vt -0.38250199 0.0424989983
vt -0.432502002 0.822498977
vt -0.432502002 0.822498977
vt -0.38250199 0.0424989983
vt -0.38250199 0.822498977
vt -0.432502002 0.899999976
vt -0.432502002 0.800000012
vt -0.38250199 0.899999976
vt -0.38250199 0.899999976
vt -0.432502002 0.800000012
vt -0.38250199 0.800000012
vt 0.432502002 0.0424989983
vt 0.432502002 0.232499003
vt 0.38250199 0.0424989983
vt 0.38250199 0.0424989983
vt 0.432502002 0.232499003
vt 0.38250199 0.232499003
vt 0.38250199 0.332498997
vt 0.432502002 0.332498997
vt 0.38250199 0.822498977
vt 0.38250199 0.822498977
vt 0.432502002 0.332498997
vt 0.432502002 0.822498977
vt 0.38250199 0.899999976
vt 0.38250199 0.800000012
vt 0.432502002 0.899999976
vt 0.432502002 0.899999976
vt 0.38250199 0.800000012
vt 0.432502002 0.800000012
vt 0.0123969996 -0.542594016
vt 0.0133020002 -0.537463009
vt 0.00250199996 -0.517500997
vt 0.00250199996 -0.517500997
vt 0.0133020002 -0.537463009
vt 0.0159060005 -0.532952011
vt -0.0500000007 -0.517500997
vt -0.0500000007 -0.532952011
vt -0.0500000007 -0.517500997
vt 0.00250199996 -0.517500997
vt 0.0159060005 -0.532952011
vt 0.0198970009 -0.529603004
vt -0.0500000007 -0.517500997
vt -0.0500000007 -0.529603004
vt -0.0500000007 -0.517500997
vt 0.00250199996 -0.517500997
vt 0.0198970009 -0.529603004
vt 0.0247920007 -0.527822018
vt -0.0500000007 -0.517500997
vt -0.0500000007 -0.527822018
vt -0.0500000007 -0.517500997
vt 0.00250199996 -0.517500997
vt 0.0247920007 -0.527822018
vt 0.0273969993 -0.52759397
vt -0.0500000007 -0.517500997
vt -0.0500000007 -0.52759397
vt -0.0500000007 -0.517500997
vt 0.00250199996 -0.517500997
vt 0.0273969993 -0.52759397
vt 0.0300019998 -0.527822018
vt 0.00250199996 -0.517500997
vt 0.0300019998 -0.527822018
vt 0.780001998 -0.555490971
vt 0.780001998 -0.555490971
vt 0.0300019998 -0.527822018
vt 0.0348969996 -0.529603004
vt -0.0500000007 -0.555490971
vt -0.0500000007 -0.529603004
vt -0.0500000007 -0.555490971
vt 0.780001998 -0.555490971
vt 0.0348969996 -0.529603004
vt 0.038888 -0.532952011
vt -0.0500000007 -0.555490971
vt -0.0500000007 -0.532952011
vt -0.0500000007 -0.555490971
vt 0.780001998 -0.555490971
vt 0.038888 -0.532952011
vt 0.0414920002 -0.537463009
vt -0.0500000007 -0.555490971
vt -0.0500000007 -0.537463009
vt -0.0500000007 -0.555490971
vt 0.780001998 -0.555490971
vt 0.0414920002 -0.537463009
vt 0.0423969999 -0.542594016
vt 0.780001998 -0.555490971
vt 0.0423969999 -0.542594016
vt 0.784897029 -0.557272971
vt 0.784897029 -0.557272971
vt 0.0423969999 -0.542594016
vt 0.780001998 -0.89951098
vt -0.0500000007 -0.557272971
vt -0.0500000007 -0.89951098
vt -0.0500000007 -0.557272971
vt 0.784897029 -0.557272971
vt 0.780001998 -0.89951098
vt 0.784897029 -0.89772898
vt 0.784897029 -0.557272971
vt 0.784897029 -0.89772898
vt 0.787501991 -0.897500992
vt 0.780001998 -0.89951098
vt 0.0423969999 -0.542594016
vt 0.77601099 -0.902858973
vt -0.0500000007 -0.902858973
vt -0.0500000007 -0.542594016
vt -0.0500000007 -0.542594016
vt 0.77601099 -0.902858973
vt 0.0423969999 -0.542594016
vt 0.773406029 -0.907370985
vt -0.0500000007 -0.907370985
vt -0.0500000007 -0.542594016
vt -0.0500000007 -0.542594016
vt 0.773406029 -0.907370985
vt 0.0423969999 -0.542594016
vt 0.772502005 -0.912500978
vt -0.0500000007 -0.912500978
vt -0.0500000007 -0.542594016
vt -0.0500000007 -0.542594016
vt 0.772502005 -0.912500978
vt 0.0423969999 -0.542594016
vt 0.773406029 -0.91763097
vt 0.773406029 -0.91763097
vt 0.0423969999 -0.542594016
vt 0.0414920002 -0.547724009
vt -0.0500000007 -0.91763097
vt -0.0500000007 -0.547724009
vt -0.0500000007 -0.91763097
vt 0.773406029 -0.91763097
vt 0.0414920002 -0.547724009
vt 0.038888 -0.552236021
vt 0.773406029 -0.91763097
vt 0.038888 -0.552236021
vt 0.77601099 -0.922142982
vt 0.77601099 -0.922142982
vt 0.038888 -0.552236021
vt 0.0348969996 -0.555584013
vt 0.77601099 -0.922142982
vt 0.0348969996 -0.555584013
vt 0.0425020009 -0.912832975
vt -0.0500000007 -0.912832975
vt -0.0500000007 -0.555584013
vt -0.0500000007 -0.555584013
vt 0.0425020009 -0.912832975
vt 0.0348969996 -0.555584013
vt 0.0415970013 -0.907702982
vt -0.0500000007 -0.907702982
vt -0.0500000007 -0.555584013
vt -0.0500000007 -0.555584013
vt 0.0415970013 -0.907702982
vt 0.0348969996 -0.555584013
vt 0.038993001 -0.90319097
vt -0.0500000007 -0.90319097
vt -0.0500000007 -0.555584013
vt -0.0500000007 -0.555584013
vt 0.038993001 -0.90319097
vt 0.0348969996 -0.555584013
vt 0.0350020006 -0.899842978
vt 0.0350020006 -0.899842978
vt 0.0348969996 -0.555584013
vt 0.0300019998 -0.557366014
vt 0.0350020006 -0.899842978
vt 0.0300019998 -0.557366014
vt 0.0301070008 -0.898060977
vt 0.0301070008 -0.898060977
vt 0.0300019998 -0.557366014
vt 0.0275020003 -0.89783299
vt 0.77601099 -0.922142982
vt 0.0425020009 -0.912832975
vt 0.780001998 -0.925490975
vt -0.0500000007 -0.925490975
vt -0.0500000007 -0.912832975
vt -0.0500000007 -0.912832975
vt 0.780001998 -0.925490975
vt 0.0425020009 -0.912832975
vt 0.784897029 -0.927272975
vt 0.784897029 -0.927272975
vt 0.0425020009 -0.912832975
vt 0.0415970013 -0.917963028
vt 0.784897029 -0.927272975
vt 0.0415970013 -0.917963028
vt 0.812502027 -0.937501013
vt 0.812502027 -0.937501013
vt 0.0415970013 -0.917963028
vt 0.038993001 -0.92247498
vt -0.0500000007 -0.937501013
vt -0.0500000007 -0.92247498
vt -0.0500000007 -0.937501013
vt 0.812502027 -0.937501013
vt 0.038993001 -0.92247498
vt 0.0350020006 -0.925823987
vt 0.812502027 -0.937501013
vt 0.0350020006 -0.925823987
vt 0.0301070008 -0.927604973
vt 0.784897029 -0.927272975
vt 0.812502027 -0.937501013
vt 0.790107012 -0.927272975
vt -0.0500000007 -0.927272975
vt -0.0500000007 -0.937501013
vt -0.0500000007 -0.937501013
vt 0.790107012 -0.927272975
vt 0.812502027 -0.937501013
vt 0.795001984 -0.925490975
vt -0.0500000007 -0.925490975
vt -0.0500000007 -0.937501013
vt -0.0500000007 -0.937501013
vt 0.795001984 -0.925490975
vt 0.812502027 -0.937501013
vt 0.798992991 -0.922142982
vt -0.0500000007 -0.922142982
vt -0.0500000007 -0.937501013
vt -0.0500000007 -0.937501013
vt 0.798992991 -0.922142982
vt 0.812502027 -0.937501013
vt 0.801596999 -0.91763097
vt -0.0500000007 -0.91763097
vt -0.0500000007 -0.937501013
vt -0.0500000007 -0.937501013
vt 0.801596999 -0.91763097
vt 0.812502027 -0.937501013
vt 0.802501976 -0.912500978
vt -0.0500000007 -0.912500978
vt -0.0500000007 -0.937501013
vt -0.0500000007 -0.937501013
vt 0.802501976 -0.912500978
vt 0.812502027 -0.937501013
vt 0.801596999 -0.907370985
vt 0.801596999 -0.907370985
vt 0.812502027 -0.937501013
vt 0.795001984 -0.555490971
vt 0.801596999 -0.907370985
vt 0.795001984 -0.555490971
vt 0.798992991 -0.902858973
vt -0.0500000007 -0.902858973
vt -0.0500000007 -0.555490971
vt -0.0500000007 -0.555490971
vt 0.798992991 -0.902858973
vt 0.795001984 -0.555490971
vt 0.795001984 -0.89951098
vt 0.795001984 -0.89951098
vt 0.795001984 -0.555490971
vt 0.790107012 -0.557272971
vt 0.795001984 -0.89951098
vt 0.790107012 -0.557272971
vt 0.790107012 -0.89772898
vt 0.790107012 -0.89772898
vt 0.790107012 -0.557272971
vt 0.787501991 -0.897500992
vt 0.795001984 -0.555490971
vt 0.812502027 -0.937501013
vt 0.798992991 -0.552142978
vt 0.798992991 -0.552142978
vt 0.812502027 -0.937501013
vt 0.801596999 -0.547631025
vt 0.780001998 -0.555490971
vt 0.77601099 -0.552142978
vt 0.00250199996 -0.517500997
vt 0.00250199996 -0.517500997
vt 0.77601099 -0.552142978
vt 0.773406029 -0.547631025
vt -0.0500000007 -0.517500997
vt -0.0500000007 -0.547631025
vt -0.0500000007 -0.517500997
vt 0.00250199996 -0.517500997
vt 0.773406029 -0.547631025
vt 0.772502005 -0.542500973
vt -0.0500000007 -0.517500997
vt -0.0500000007 -0.542500973
vt -0.0500000007 -0.517500997
vt 0.00250199996 -0.517500997
vt 0.772502005 -0.542500973
vt 0.773406029 -0.53737098
vt -0.0500000007 -0.517500997
vt -0.0500000007 -0.53737098
vt -0.0500000007 -0.517500997
vt 0.00250199996 -0.517500997
vt 0.773406029 -0.53737098
vt 0.77601099 -0.532859027
vt -0.0500000007 -0.517500997
vt -0.0500000007 -0.532859027
vt -0.0500000007 -0.517500997
vt 0.00250199996 -0.517500997
vt 0.77601099 -0.532859027
vt 0.780001998 -0.529510021
vt 0.00250199996 -0.517500997
vt 0.780001998 -0.529510021
vt 0.784897029 -0.527728975
vt 0.0123969996 -0.542594016
vt 0.00250199996 -0.937501013
vt 0.0133020002 -0.547724009
vt -0.0500000007 -0.547724009
vt -0.0500000007 -0.937501013
vt -0.0500000007 -0.937501013
vt 0.0133020002 -0.547724009
vt 0.00250199996 -0.937501013
vt 0.0159060005 -0.552236021
vt -0.0500000007 -0.552236021
vt -0.0500000007 -0.937501013
vt -0.0500000007 -0.937501013
vt 0.0159060005 -0.552236021
vt 0.00250199996 -0.937501013
vt 0.0198970009 -0.555584013
vt 0.0198970009 -0.555584013
vt 0.00250199996 -0.937501013
vt 0.0134060001 -0.907702982
vt -0.0500000007 -0.555584013
vt -0.0500000007 -0.907702982
vt -0.0500000007 -0.555584013
vt 0.0198970009 -0.555584013
vt 0.0134060001 -0.907702982
vt 0.0160109997 -0.90319097
vt -0.0500000007 -0.555584013
vt -0.0500000007 -0.90319097
vt -0.0500000007 -0.555584013
vt 0.0198970009 -0.555584013
vt 0.0160109997 -0.90319097
vt 0.020002 -0.899842978
vt 0.0198970009 -0.555584013
vt 0.020002 -0.899842978
vt 0.0247920007 -0.557366014
vt 0.0247920007 -0.557366014
vt 0.020002 -0.899842978
vt 0.0248969998 -0.898060977
vt 0.0247920007 -0.557366014
vt 0.0248969998 -0.898060977
vt 0.0275020003 -0.89783299
vt 0.0134060001 -0.907702982
vt 0.00250199996 -0.937501013
vt 0.0125019997 -0.912832975
vt -0.0500000007 -0.912832975
vt -0.0500000007 -0.937501013
vt -0.0500000007 -0.937501013
vt 0.0125019997 -0.912832975
vt 0.00250199996 -0.937501013
vt 0.0134060001 -0.917963028
vt -0.0500000007 -0.917963028
vt -0.0500000007 -0.937501013
vt -0.0500000007 -0.937501013
vt 0.0134060001 -0.917963028
vt 0.00250199996 -0.937501013
vt 0.0160109997 -0.92247498
vt -0.0500000007 -0.92247498
vt -0.0500000007 -0.937501013
vt -0.0500000007 -0.937501013
vt 0.0160109997 -0.92247498
vt 0.00250199996 -0.937501013
vt 0.020002 -0.925823987
vt -0.0500000007 -0.925823987
vt -0.0500000007 -0.937501013
vt -0.0500000007 -0.937501013
vt 0.020002 -0.925823987
vt 0.00250199996 -0.937501013
vt 0.0248969998 -0.927604973
vt 0.0248969998 -0.927604973
vt 0.00250199996 -0.937501013
vt 0.0301070008 -0.927604973
vt 0.801596999 -0.547631025
vt 0.812502027 -0.517500997
vt 0.802501976 -0.542500973
vt -0.0500000007 -0.542500973
vt -0.0500000007 -0.517500997
vt -0.0500000007 -0.517500997
vt 0.802501976 -0.542500973
vt 0.812502027 -0.517500997
vt 0.801596999 -0.53737098
vt -0.0500000007 -0.53737098
vt -0.0500000007 -0.517500997
vt -0.0500000007 -0.517500997
vt 0.801596999 -0.53737098
vt 0.812502027 -0.517500997
vt 0.798992991 -0.532859027
vt -0.0500000007 -0.532859027
vt -0.0500000007 -0.517500997
vt -0.0500000007 -0.517500997
vt 0.798992991 -0.532859027
vt 0.812502027 -0.517500997
vt 0.795001984 -0.529510021
vt -0.0500000007 -0.529510021
vt -0.0500000007 -0.517500997
vt -0.0500000007 -0.517500997
vt 0.795001984 -0.529510021
vt 0.812502027 -0.517500997
vt 0.790107012 -0.527728975
vt -0.0500000007 -0.527728975
vt -0.0500000007 -0.517500997
vt -0.0500000007 -0.517500997
vt 0.790107012 -0.527728975
vt 0.812502027 -0.517500997
vt 0.787501991 -0.527500987
vt 0.787501991 -0.527500987
vt 0.812502027 -0.517500997
vt 0.784897029 -0.527728975
vt -0.792500019 -0.407501012
vt -0.800000012 -0.517500997
vt -0.79174602 -0.411776006
vt -0.79174602 -0.411776006
vt -0.800000012 -0.517500997
vt -0.792500019 -0.447501004
vt -0.792500019 -0.407501012
vt -0.79174602 -0.403225988
vt -0.800000012 -0.337518007
vt -0.800000012 -0.337518007
vt -0.79174602 -0.403225988
vt -0.789575994 -0.399466008
vt -0.800000012 -0.337518007
vt -0.789575994 -0.399466008
vt -0.800000012 -0.337518007
vt -0.800000012 -0.337518007
vt -0.789575994 -0.399466008
vt -0.786249995 -0.396676004
vt -0.800000012 -0.337518007
vt -0.786249995 -0.396676004
vt -0.800000012 -0.337518007
vt -0.800000012 -0.337518007
vt -0.786249995 -0.396676004
vt -0.782171011 -0.395191014
vt -0.800000012 -0.337518007
vt -0.782171011 -0.395191014
vt -0.800000012 -0.337518007
vt -0.800000012 -0.337518007
vt -0.782171011 -0.395191014
vt -0.777828991 -0.395191014
vt -0.800000012 -0.337518007
vt -0.777828991 -0.395191014
vt -0.75651902 -0.337518007
vt -0.75651902 -0.337518007
vt -0.777828991 -0.395191014
vt -0.773750007 -0.396676004
vt -0.75651902 -0.337518007
vt -0.773750007 -0.396676004
vt -0.75651902 -0.337518007
vt -0.75651902 -0.337518007
vt -0.773750007 -0.396676004
vt -0.770424008 -0.399466008
vt -0.75651902 -0.337518007
vt -0.770424008 -0.399466008
vt -0.75651902 -0.337518007
vt -0.75651902 -0.337518007
vt -0.770424008 -0.399466008
vt -0.768253982 -0.403225988
vt -0.75651902 -0.337518007
vt -0.768253982 -0.403225988
vt -0.75651902 -0.337518007
vt -0.75651902 -0.337518007
vt -0.768253982 -0.403225988
vt -0.767499983 -0.407501012
vt -0.75651902 -0.337518007
vt -0.767499983 -0.407501012
vt -0.770424008 -0.439466
vt -0.770424008 -0.439466
vt -0.767499983 -0.407501012
vt -0.768253982 -0.411776006
vt -0.770424008 -0.439466
vt -0.768253982 -0.411776006
vt -0.773750007 -0.436675996
vt -0.773750007 -0.436675996
vt -0.768253982 -0.411776006
vt -0.768253982 -0.411776006
vt -0.773750007 -0.436675996
vt -0.768253982 -0.411776006
vt -0.777828991 -0.435191005
vt -0.777828991 -0.435191005
vt -0.768253982 -0.411776006
vt -0.770424008 -0.415535986
vt -0.777828991 -0.435191005
vt -0.770424008 -0.415535986
vt -0.777828991 -0.435191005
vt -0.777828991 -0.435191005
vt -0.770424008 -0.415535986
vt -0.773750007 -0.41832599
vt -0.777828991 -0.435191005
vt -0.773750007 -0.41832599
vt -0.777828991 -0.435191005
vt -0.777828991 -0.435191005
vt -0.773750007 -0.41832599
vt -0.777828991 -0.41981101
vt -0.777828991 -0.435191005
vt -0.777828991 -0.41981101
vt -0.782171011 -0.435191005
vt -0.782171011 -0.435191005
vt -0.777828991 -0.41981101
vt -0.782171011 -0.41981101
vt -0.782171011 -0.435191005
vt -0.782171011 -0.41981101
vt -0.782171011 -0.435191005
vt -0.782171011 -0.435191005
vt -0.782171011 -0.41981101
vt -0.786249995 -0.41832599
vt -0.782171011 -0.435191005
vt -0.786249995 -0.41832599
vt -0.786249995 -0.436675996
vt -0.786249995 -0.436675996
vt -0.786249995 -0.41832599
vt -0.789575994 -0.415535986
vt -0.786249995 -0.436675996
vt -0.789575994 -0.415535986
vt -0.789575994 -0.439466
vt -0.789575994 -0.439466
vt -0.789575994 -0.415535986
vt -0.79174602 -0.411776006
vt -0.789575994 -0.439466
vt -0.79174602 -0.411776006
vt -0.79174602 -0.44322601
vt -0.79174602 -0.44322601
vt -0.79174602 -0.411776006
vt -0.792500019 -0.447501004
vt -0.770424008 -0.439466
vt -0.768253982 -0.44322601
vt -0.75651902 -0.337518007
vt -0.75651902 -0.337518007
vt -0.768253982 -0.44322601
vt -0.767499983 -0.447501004
vt -0.75651902 -0.337518007
vt -0.767499983 -0.447501004
vt -0.75651902 -0.517500997
vt -0.75651902 -0.517500997
vt -0.767499983 -0.447501004
vt -0.768253982 -0.451775998
vt -0.75651902 -0.517500997
vt -0.768253982 -0.451775998
vt -0.75651902 -0.517500997
vt -0.75651902 -0.517500997
vt -0.768253982 -0.451775998
vt -0.770424008 -0.455536008
vt -0.75651902 -0.517500997
vt -0.770424008 -0.455536008
vt -0.75651902 -0.517500997
vt -0.75651902 -0.517500997
vt -0.770424008 -0.455536008
vt -0.773750007 -0.458326012
vt -0.75651902 -0.517500997
vt -0.773750007 -0.458326012
vt -0.75651902 -0.517500997
vt -0.75651902 -0.517500997
vt -0.773750007 -0.458326012
vt -0.777828991 -0.459811002
vt -0.75651902 -0.517500997
vt -0.777828991 -0.459811002
vt -0.800000012 -0.517500997
vt -0.792500019 -0.447501004
vt -0.800000012 -0.517500997
vt -0.79174602 -0.451775998
vt -0.79174602 -0.451775998
vt -0.800000012 -0.517500997
vt -0.800000012 -0.517500997
vt -0.79174602 -0.451775998
vt -0.800000012 -0.517500997
vt -0.789575994 -0.455536008
vt -0.789575994 -0.455536008
vt -0.800000012 -0.517500997
vt -0.800000012 -0.517500997
vt -0.789575994 -0.455536008
vt -0.800000012 -0.517500997
vt -0.786249995 -0.458326012
vt -0.786249995 -0.458326012
vt -0.800000012 -0.517500997
vt -0.800000012 -0.517500997
vt -0.786249995 -0.458326012
vt -0.800000012 -0.517500997
vt -0.782171011 -0.459811002
vt -0.782171011 -0.459811002
vt -0.800000012 -0.517500997
vt -0.777828991 -0.459811002
vt 0.779999971 -0.462500989
vt 0.800000012 -0.467501014
vt 0.782604992 -0.462273002
vt -0.782604992 -0.462273002
vt -0.800000012 -0.467501014
vt -0.800000012 -0.467501014
vt 0.782604992 -0.462273002
vt 0.800000012 -0.467501014
vt 0.787500024 -0.460491002
vt -0.787500024 -0.460491002
vt -0.800000012 -0.467501014
vt -0.800000012 -0.467501014
vt 0.787500024 -0.460491002
vt 0.800000012 -0.467501014
vt 0.791490972 -0.457143009
vt -0.791490972 -0.457143009
vt -0.800000012 -0.467501014
vt -0.800000012 -0.467501014
vt 0.791490972 -0.457143009
vt 0.800000012 -0.467501014
vt 0.79409498 -0.452630997
vt -0.79409498 -0.452630997
vt -0.800000012 -0.467501014
vt -0.800000012 -0.467501014
vt 0.79409498 -0.452630997
vt 0.800000012 -0.467501014
vt 0.795000017 -0.447501004
vt 0.795000017 -0.447501004
vt 0.800000012 -0.467501014
vt 0.847500026 -0.517500997
vt 0.795000017 -0.447501004
vt 0.847500026 -0.517500997
vt 0.79409498 -0.442371011
vt 0.79409498 -0.442371011
vt 0.847500026 -0.517500997
vt 0.787500024 -0.42049101
vt 0.79409498 -0.442371011
vt 0.787500024 -0.42049101
vt 0.791490972 -0.437858999
vt -0.791490972 -0.437858999
vt -0.787500024 -0.42049101
vt -0.787500024 -0.42049101
vt 0.791490972 -0.437858999
vt 0.787500024 -0.42049101
vt 0.787500024 -0.434509993
vt 0.787500024 -0.434509993
vt 0.787500024 -0.42049101
vt 0.782604992 -0.42227301
vt 0.787500024 -0.434509993
vt 0.782604992 -0.42227301
vt 0.782604992 -0.432729006
vt 0.782604992 -0.432729006
vt 0.782604992 -0.42227301
vt 0.779999971 -0.422500998
vt 0.787500024 -0.42049101
vt 0.847500026 -0.517500997
vt 0.791490972 -0.417142987
vt -0.791490972 -0.417142987
vt -0.847500026 -0.517500997
vt -0.847500026 -0.517500997
vt 0.791490972 -0.417142987
vt 0.847500026 -0.517500997
vt 0.79409498 -0.412631005
vt -0.79409498 -0.412631005
vt -0.847500026 -0.517500997
vt -0.847500026 -0.517500997
vt 0.79409498 -0.412631005
vt 0.847500026 -0.517500997
vt 0.795000017 -0.407501012
vt 0.795000017 -0.407501012
vt 0.847500026 -0.517500997
vt 0.847500026 -0.337518007
vt -0.795000017 -0.407501012
vt -0.847500026 -0.337518007
vt -0.795000017 -0.407501012
vt 0.795000017 -0.407501012
vt 0.847500026 -0.337518007
vt 0.800000012 -0.387501001
vt 0.795000017 -0.407501012
vt 0.800000012 -0.387501001
vt 0.79409498 -0.402370989
vt -0.79409498 -0.402370989
vt -0.800000012 -0.387501001
vt -0.800000012 -0.387501001
vt 0.79409498 -0.402370989
vt 0.800000012 -0.387501001
vt 0.791490972 -0.397859007
vt -0.791490972 -0.397859007
vt -0.800000012 -0.387501001
vt -0.800000012 -0.387501001
vt 0.791490972 -0.397859007
vt 0.800000012 -0.387501001
vt 0.787500024 -0.394511014
vt -0.787500024 -0.394511014
vt -0.800000012 -0.387501001
vt -0.800000012 -0.387501001
vt 0.787500024 -0.394511014
vt 0.800000012 -0.387501001
vt 0.782604992 -0.392729014
vt 0.782604992 -0.392729014
vt 0.800000012 -0.387501001
vt 0.77739501 -0.392729014
vt 0.779999971 -0.462500989
vt 0.77739501 -0.462273002
vt 0.75999999 -0.467501014
vt 0.75999999 -0.467501014
vt 0.77739501 -0.462273002
vt 0.772499979 -0.460491002
vt -0.75999999 -0.467501014
vt -0.772499979 -0.460491002
vt -0.75999999 -0.467501014
vt 0.75999999 -0.467501014
vt 0.772499979 -0.460491002
vt 0.768508971 -0.457143009
vt -0.75999999 -0.467501014
vt -0.768508971 -0.457143009
vt -0.75999999 -0.467501014
vt 0.75999999 -0.467501014
vt 0.768508971 -0.457143009
vt 0.765905023 -0.452630997
vt -0.75999999 -0.467501014
vt -0.765905023 -0.452630997
vt -0.75999999 -0.467501014
vt 0.75999999 -0.467501014
vt 0.765905023 -0.452630997
vt 0.764999986 -0.447501004
vt 0.75999999 -0.467501014
vt 0.764999986 -0.447501004
vt 0.768508971 -0.417142987
vt 0.768508971 -0.417142987
vt 0.764999986 -0.447501004
vt 0.765905023 -0.442371011
vt 0.768508971 -0.417142987
vt 0.765905023 -0.442371011
vt 0.772499979 -0.42049101
vt 0.772499979 -0.42049101
vt 0.765905023 -0.442371011
vt 0.768508971 -0.437858999
vt -0.772499979 -0.42049101
vt -0.768508971 -0.437858999
vt -0.772499979 -0.42049101
vt 0.772499979 -0.42049101
vt 0.768508971 -0.437858999
vt 0.772499979 -0.434509993
vt -0.772499979 -0.42049101
vt -0.772499979 -0.434509993
vt -0.772499979 -0.42049101
vt 0.772499979 -0.42049101
vt 0.772499979 -0.434509993
vt 0.77739501 -0.432729006
vt 0.772499979 -0.42049101
vt 0.77739501 -0.432729006
vt 0.77739501 -0.42227301
vt 0.77739501 -0.42227301
vt 0.77739501 -0.432729006
vt 0.779999971 -0.422500998
vt 0.768508971 -0.417142987
vt 0.765905023 -0.412631005
vt 0.75999999 -0.467501014
vt 0.75999999 -0.467501014
vt 0.765905023 -0.412631005
vt 0.764999986 -0.407501012
vt -0.808502018 -0.937501013
vt -0.802501976 -0.527500987
vt -0.808502018 -0.517500997
vt -0.808502018 -0.517500997
vt -0.802501976 -0.527500987
vt -0.582502007 -0.517500997
vt 0.764999986 -0.407501012
vt 0.765905023 -0.402370989
vt 0.75999999 -0.387501001
vt 0.75999999 -0.387501001
vt 0.765905023 -0.402370989
vt 0.768508971 -0.397859007
vt -0.75999999 -0.387501001
vt -0.768508971 -0.397859007
vt -0.75999999 -0.387501001
vt 0.75999999 -0.387501001
vt 0.768508971 -0.397859007
vt 0.772499979 -0.394511014
vt 0.75999999 -0.387501001
vt 0.772499979 -0.394511014
vt 0.77739501 -0.392729014
vt 0.779999971 -0.282534987
vt 0.800000012 -0.287535012
vt 0.782604992 -0.282306999
vt -0.782604992 -0.282306999
vt -0.800000012 -0.287535012
vt -0.800000012 -0.287535012
vt 0.782604992 -0.282306999
vt 0.800000012 -0.287535012
vt 0.787500024 -0.280526012
vt -0.787500024 -0.280526012
vt -0.800000012 -0.287535012
vt -0.800000012 -0.287535012
vt 0.787500024 -0.280526012
vt 0.800000012 -0.287535012
vt 0.791490972 -0.277177006
vt -0.791490972 -0.277177006
vt -0.800000012 -0.287535012
vt -0.800000012 -0.287535012
vt 0.791490972 -0.277177006
vt 0.800000012 -0.287535012
vt 0.79409498 -0.272664994
vt -0.79409498 -0.272664994
vt -0.800000012 -0.287535012
vt -0.800000012 -0.287535012
vt 0.79409498 -0.272664994
vt 0.800000012 -0.287535012
vt 0.795000017 -0.267535001
vt 0.795000017 -0.267535001
vt 0.800000012 -0.287535012
vt 0.847500026 -0.337518007
vt -0.795000017 -0.267535001
vt -0.847500026 -0.337518007
vt -0.795000017 -0.267535001
vt 0.795000017 -0.267535001
vt 0.847500026 -0.337518007
vt 0.800000012 -0.247535005
vt 0.795000017 -0.267535001
vt 0.800000012 -0.247535005
vt 0.79409498 -0.262405008
vt -0.79409498 -0.262405008
vt -0.800000012 -0.247535005
vt -0.800000012 -0.247535005
vt 0.79409498 -0.262405008
vt 0.800000012 -0.247535005
vt 0.791490972 -0.257892996
vt -0.791490972 -0.257892996
vt -0.800000012 -0.247535005
vt -0.800000012 -0.247535005
vt 0.791490972 -0.257892996
vt 0.800000012 -0.247535005
vt 0.787500024 -0.254545003
vt -0.787500024 -0.254545003
vt -0.800000012 -0.247535005
vt -0.800000012 -0.247535005
vt 0.787500024 -0.254545003
vt 0.800000012 -0.247535005
vt 0.782604992 -0.252763003
vt 0.782604992 -0.252763003
vt 0.800000012 -0.247535005
vt 0.77739501 -0.252763003
vt 0.779999971 -0.282534987
vt 0.77739501 -0.282306999
vt 0.75999999 -0.287535012
vt 0.75999999 -0.287535012
vt 0.77739501 -0.282306999
vt 0.772499979 -0.280526012
vt -0.75999999 -0.287535012
vt -0.772499979 -0.280526012
vt -0.75999999 -0.287535012
vt 0.75999999 -0.287535012
vt 0.772499979 -0.280526012
vt 0.768508971 -0.277177006
vt -0.75999999 -0.287535012
vt -0.768508971 -0.277177006
vt -0.75999999 -0.287535012
vt 0.75999999 -0.287535012
vt 0.768508971 -0.277177006
vt 0.765905023 -0.272664994
vt 0.75999999 -0.287535012
vt 0.765905023 -0.272664994
vt 0.764999986 -0.267535001
vt 0.77739501 -0.252763003
vt 0.75999999 -0.247535005
vt 0.772499979 -0.254545003
vt -0.772499979 -0.254545003
vt -0.75999999 -0.247535005
vt -0.75999999 -0.247535005
vt 0.772499979 -0.254545003
vt 0.75999999 -0.247535005
vt 0.768508971 -0.257892996
vt -0.768508971 -0.257892996
vt -0.75999999 -0.247535005
vt -0.75999999 -0.247535005
vt 0.768508971 -0.257892996
vt 0.75999999 -0.247535005
vt 0.765905023 -0.262405008
vt 0.765905023 -0.262405008
vt 0.75999999 -0.247535005
vt 0.764999986 -0.267535001
vt 0.582502007 -0.287535012
vt 0.582502007 -0.247535005
vt 0.552501976 -0.287535012
vt 0.552501976 -0.287535012
vt 0.582502007 -0.247535005
vt 0.552501976 -0.247535005
vt -0.582502007 0.75999999
vt -0.552501976 0.75999999
vt -0.582502007 0.800000012
vt -0.582502007 0.800000012
vt -0.552501976 0.75999999
vt -0.552501976 0.800000012
vt 0.582502007 0.800000012
vt 0.552501976 0.800000012
vt 0.582502007 0.75999999
vt 0.582502007 0.75999999
vt 0.552501976 0.800000012
vt 0.552501976 0.75999999
vt -0.75999999 -0.247535005
vt -0.800000012 -0.247535005
vt -0.75999999 -0.287535012
vt -0.75999999 -0.287535012
vt -0.800000012 -0.247535005
vt -0.800000012 -0.287535012
vt 0.800000012 -0.287535012
vt 0.800000012 -0.337518007
vt 0.847500026 -0.337518007
vt 0.847500026 -0.337518007
vt 0.800000012 -0.337518007
vt 0.800000012 -0.387501001
vt 0.582502007 -0.337518007
vt 0.552501976 -0.287535012
vt 0.552501976 -0.387501001
vt 0.552501976 -0.387501001
vt 0.552501976 -0.287535012
vt 0.532501996 -0.517500997
vt 0.582502007 0.800000012
vt 0.552501976 0.800000012
vt 0.582502007 0.75999999
vt 0.582502007 0.75999999
vt 0.552501976 0.800000012
vt 0.552501976 0.75999999
vt -0.75999999 -0.387501001
vt -0.800000012 -0.387501001
vt -0.75999999 -0.467501014
vt -0.75999999 -0.467501014
vt -0.800000012 -0.387501001
vt -0.800000012 -0.467501014
vt 0.552501976 -0.387501001
vt 0.552501976 -0.467501014
vt 0.582502007 -0.387501001
vt 0.582502007 -0.387501001
vt 0.552501976 -0.467501014
vt 0.582502007 -0.467501014
vt -0.582502007 0.75999999
vt -0.552501976 0.75999999
vt -0.582502007 0.800000012
vt -0.582502007 0.800000012
vt -0.552501976 0.75999999
vt -0.552501976 0.800000012
vt 0.582502007 0.800000012
vt 0.807501972 0.800000012
vt 0.582502007 0.847500026
vt 0.582502007 0.847500026
vt 0.807501972 0.800000012
vt 0.582502007 0.899999976
vt 0.807501972 0.800000012
vt 0.582502007 0.800000012
vt 0.807501972 0.75651902
vt -0.75651902 -0.517500997
vt -0.800000012 -0.517500997
vt -0.800000012 -0.517500997
vt 0.807501972 0.75651902
vt 0.582502007 0.800000012
vt 0.807501972 0.745536983
vt 0.807501972 0.745536983
vt 0.582502007 0.800000012
vt 0.342501998 0.745536983
vt 0.00250199996 0.0500000007
vt 0.342501998 0.745536983
vt 0.342501998 0.899999976
vt 0.342501998 0.899999976
vt 0.342501998 0.745536983
vt 0.38250199 0.800000012
vt 0.00250199996 0.0500000007
vt 0.342501998 0.899999976
vt 0.00250199996 1.13999999
vt 0.00250199996 1.13999999
vt 0.342501998 0.899999976
vt 0.112502001 1.25
vt -0.0500000007 -0.517500997
vt -1.13999999 -0.517500997
vt -0.0500000007 -0.937501013
vt -0.0500000007 -0.937501013
vt -1.13999999 -0.517500997
vt -1.13999999 -0.937501013
vt -1.25 -0.517500997
vt -1.17540002 -0.674501002
vt -1.13999999 -0.517500997
vt -1.13999999 -0.517500997
vt -1.17540002 -0.674501002
vt -1.13999999 -0.937501013
vt -1.17540002 -0.674501002
vt -1.25 -0.517500997
vt -1.21499801 -0.674501002
vt -0.0775000006 -0.674501002
vt -0.112502001 -0.517500997
vt -0.0775000006 -0.780501008
vt -0.312501997 0.812498987
vt -0.312501997 0.782499015
vt -0.282501996 0.812498987
vt -0.282501996 0.812498987
vt -0.312501997 0.782499015
vt -0.282501996 0.782499015
vt -0.112502001 -0.517500997
vt -0.342501998 -0.517500997
vt -0.112502001 -0.937501013
vt -0.112502001 -0.937501013
vt -0.342501998 -0.517500997
vt -0.342501998 -0.937501013
vt 0.342501998 -0.527500987
vt 0.252501994 -0.527500987
vt 0.342501998 -0.927501023
vt 0.342501998 -0.927501023
vt 0.252501994 -0.527500987
vt 0.252501994 -0.927501023
vt 0.342501998 0.970000029
vt 0.252501994 0.970000029
vt 0.342501998 0.100000001
vt 0.342501998 0.100000001
vt 0.252501994 0.970000029
vt 0.252501994 0.100000001
vt 0.970000029 -0.927501023
vt 0.970000029 -0.527500987
vt 0.100000001 -0.927501023
vt 0.100000001 -0.927501023
vt 0.970000029 -0.527500987
vt 0.100000001 -0.527500987
vt -0.252501994 0.970000029
vt -0.342501998 0.899999976
vt -0.252501994 0.100000001
vt -0.252501994 0.100000001
vt -0.342501998 0.899999976
vt -0.802501976 0.100000001
vt -0.252501994 -0.527500987
vt -0.802501976 -0.527500987
vt -0.342501998 -0.927501023
vt -0.342501998 -0.927501023
vt -0.802501976 -0.527500987
vt -0.802501976 -0.937501013
vt -0.100000001 -0.527500987
vt -0.899999976 -0.527500987
vt -0.100000001 -0.937501013
vt -0.100000001 -0.937501013
vt -0.899999976 -0.527500987
vt -0.899999976 -0.937501013
vt -0.802501976 0.100000001
vt -0.802501976 0.899999976
vt -0.812502027 0.878750026
vt -0.812502027 0.878750026
vt -0.802501976 0.899999976
vt -0.808502018 0.899999976
vt -0.807501972 -0.0375009999
vt -0.812502027 -0.0375009999
vt -0.807501972 -0.337518007
vt -0.807501972 -0.337518007
vt -0.812502027 -0.0375009999
vt -0.812502027 -0.337518007
vt -0.807501972 -0.337518007
vt -0.812502027 -0.337518007
vt -0.807501972 -0.517500997
vt -0.807501972 -0.517500997
vt -0.812502027 -0.337518007
vt -0.812502027 -0.517500997
vt -0.792500019 -0.267535001
vt -0.800000012 -0.337518007
vt -0.79174602 -0.271809995
vt -0.79174602 -0.271809995
vt -0.800000012 -0.337518007
vt -0.800000012 -0.337518007
vt -0.79174602 -0.271809995
vt -0.800000012 -0.337518007
vt -0.789575994 -0.275570005
vt -0.789575994 -0.275570005
vt -0.800000012 -0.337518007
vt -0.800000012 -0.337518007
vt -0.789575994 -0.275570005
vt -0.800000012 -0.337518007
vt -0.786249995 -0.278360993
vt -0.786249995 -0.278360993
vt -0.800000012 -0.337518007
vt -0.800000012 -0.337518007
vt -0.786249995 -0.278360993
vt -0.800000012 -0.337518007
vt -0.782171011 -0.279844999
vt -0.782171011 -0.279844999
vt -0.800000012 -0.337518007
vt -0.800000012 -0.337518007
vt -0.782171011 -0.279844999
vt -0.800000012 -0.337518007
vt -0.777828991 -0.279844999
vt -0.777828991 -0.279844999
vt -0.800000012 -0.337518007
vt -0.75651902 -0.337518007
vt -0.777828991 -0.279844999
vt -0.75651902 -0.337518007
vt -0.773750007 -0.278360993
vt -0.773750007 -0.278360993
vt -0.75651902 -0.337518007
vt -0.75651902 -0.337518007
vt -0.773750007 -0.278360993
vt -0.75651902 -0.337518007
vt -0.770424008 -0.275570005
vt -0.770424008 -0.275570005
vt -0.75651902 -0.337518007
vt -0.75651902 -0.337518007
vt -0.770424008 -0.275570005
vt -0.75651902 -0.337518007
vt -0.768253982 -0.271809995
vt -0.768253982 -0.271809995
vt -0.75651902 -0.337518007
vt -0.75651902 -0.337518007
vt -0.768253982 -0.271809995
vt -0.75651902 -0.337518007
vt -0.767499983 -0.267535001
vt -0.767499983 -0.267535001
vt -0.75651902 -0.337518007
vt -0.75651902 -0.0175010003
vt -0.767499983 -0.267535001
vt -0.75651902 -0.0175010003
vt -0.768253982 -0.263260007
vt -0.768253982 -0.263260007
vt -0.75651902 -0.0175010003
vt -0.75651902 -0.0175010003
vt -0.768253982 -0.263260007
vt -0.75651902 -0.0175010003
vt -0.770424008 -0.259499997
vt -0.770424008 -0.259499997
vt -0.75651902 -0.0175010003
vt -0.75651902 -0.0175010003
vt -0.770424008 -0.259499997
vt -0.75651902 -0.0175010003
vt -0.773750007 -0.256709993
vt -0.773750007 -0.256709993
vt -0.75651902 -0.0175010003
vt -0.75651902 -0.0175010003
vt -0.773750007 -0.256709993
vt -0.75651902 -0.0175010003
vt -0.777828991 -0.255225003
vt -0.777828991 -0.255225003
vt -0.75651902 -0.0175010003
vt -0.767499983 -0.127500996
vt -0.777828991 -0.255225003
vt -0.767499983 -0.127500996
vt -0.777828991 -0.255225003
vt -0.777828991 -0.255225003
vt -0.767499983 -0.127500996
vt -0.768253982 -0.131776005
vt -0.777828991 -0.255225003
vt -0.768253982 -0.131776005
vt -0.777828991 -0.255225003
vt -0.777828991 -0.255225003
vt -0.768253982 -0.131776005
vt -0.770424008 -0.135536
vt -0.777828991 -0.255225003
vt -0.770424008 -0.135536
vt -0.777828991 -0.255225003
vt -0.777828991 -0.255225003
vt -0.770424008 -0.135536
vt -0.773750007 -0.138326004
vt -0.777828991 -0.255225003
vt -0.773750007 -0.138326004
vt -0.777828991 -0.255225003
vt -0.777828991 -0.255225003
vt -0.773750007 -0.138326004
vt -0.777828991 -0.139810994
vt -0.777828991 -0.255225003
vt -0.777828991 -0.139810994
vt -0.782171011 -0.255225003
vt -0.782171011 -0.255225003
vt -0.777828991 -0.139810994
vt -0.782171011 -0.139810994
vt -0.782171011 -0.255225003
vt -0.782171011 -0.139810994
vt -0.782171011 -0.255225003
vt -0.782171011 -0.255225003
vt -0.782171011 -0.139810994
vt -0.786249995 -0.138326004
vt -0.782171011 -0.255225003
vt -0.786249995 -0.138326004
vt -0.782171011 -0.255225003
vt -0.782171011 -0.255225003
vt -0.786249995 -0.138326004
vt -0.789575994 -0.135536
vt -0.782171011 -0.255225003
vt -0.789575994 -0.135536
vt -0.782171011 -0.255225003
vt -0.782171011 -0.255225003
vt -0.789575994 -0.135536
vt -0.79174602 -0.131776005
vt -0.782171011 -0.255225003
vt -0.79174602 -0.131776005
vt -0.792500019 -0.127500996
vt -0.767499983 -0.127500996
vt -0.75651902 -0.0175010003
vt -0.768253982 -0.123226002
vt -0.768253982 -0.123226002
vt -0.75651902 -0.0175010003
vt -0.75651902 -0.0175010003
vt -0.768253982 -0.123226002
vt -0.75651902 -0.0175010003
vt -0.770424008 -0.119465999
vt -0.770424008 -0.119465999
vt -0.75651902 -0.0175010003
vt -0.767499983 -0.0875009969
vt -0.770424008 -0.119465999
vt -0.767499983 -0.0875009969
vt -0.770424008 -0.119465999
vt -0.770424008 -0.119465999
vt -0.767499983 -0.0875009969
vt -0.768253982 -0.0917759985
vt -0.770424008 -0.119465999
vt -0.768253982 -0.0917759985
vt -0.773750007 -0.116676003
vt -0.773750007 -0.116676003
vt -0.768253982 -0.0917759985
vt -0.768253982 -0.0917759985
vt -0.773750007 -0.116676003
vt -0.768253982 -0.0917759985
vt -0.777828991 -0.115190998
vt -0.777828991 -0.115190998
vt -0.768253982 -0.0917759985
vt -0.770424008 -0.095536001
vt -0.777828991 -0.115190998
vt -0.770424008 -0.095536001
vt -0.777828991 -0.115190998
vt -0.777828991 -0.115190998
vt -0.770424008 -0.095536001
vt -0.773750007 -0.0983259976
vt -0.777828991 -0.115190998
vt -0.773750007 -0.0983259976
vt -0.777828991 -0.115190998
vt -0.777828991 -0.115190998
vt -0.773750007 -0.0983259976
vt -0.777828991 -0.0998110026
vt -0.777828991 -0.115190998
vt -0.777828991 -0.0998110026
vt -0.782171011 -0.115190998
vt -0.782171011 -0.115190998
vt -0.777828991 -0.0998110026
vt -0.782171011 -0.0998110026
vt -0.782171011 -0.115190998
vt -0.782171011 -0.0998110026
vt -0.782171011 -0.115190998
vt -0.782171011 -0.115190998
vt -0.782171011 -0.0998110026
vt -0.786249995 -0.0983259976
vt -0.782171011 -0.115190998
vt -0.786249995 -0.0983259976
vt -0.786249995 -0.116676003
vt -0.786249995 -0.116676003
vt -0.786249995 -0.0983259976
vt -0.789575994 -0.095536001
vt -0.786249995 -0.116676003
vt -0.789575994 -0.095536001
vt -0.789575994 -0.119465999
vt -0.789575994 -0.119465999
vt -0.789575994 -0.095536001
vt -0.79174602 -0.0917759985
vt -0.789575994 -0.119465999
vt -0.79174602 -0.0917759985
vt -0.79174602 -0.123226002
vt -0.79174602 -0.123226002
vt -0.79174602 -0.0917759985
vt -0.792500019 -0.127500996
vt -0.767499983 -0.0875009969
vt -0.75651902 -0.0175010003
vt -0.768253982 -0.0832260028
vt -0.768253982 -0.0832260028
vt -0.75651902 -0.0175010003
vt -0.75651902 -0.0175010003
vt -0.768253982 -0.0832260028
vt -0.75651902 -0.0175010003
vt -0.770424008 -0.0794660002
vt -0.770424008 -0.0794660002
vt -0.75651902 -0.0175010003
vt -0.75651902 -0.0175010003
vt -0.770424008 -0.0794660002
vt -0.75651902 -0.0175010003
vt -0.773750007 -0.0766760036
vt -0.773750007 -0.0766760036
vt -0.75651902 -0.0175010003
vt -0.75651902 -0.0175010003
vt -0.773750007 -0.0766760036
vt -0.75651902 -0.0175010003
vt -0.777828991 -0.0751909986
vt -0.777828991 -0.0751909986
vt -0.75651902 -0.0175010003
vt -0.779999971 -0.0175010003
vt -0.777828991 -0.0751909986
vt -0.779999971 -0.0175010003
vt -0.777828991 -0.0751909986
vt -0.777828991 -0.0751909986
vt -0.779999971 -0.0175010003
vt -0.786180019 -0.0184799992
vt -0.777828991 -0.0751909986
vt -0.786180019 -0.0184799992
vt -0.777828991 -0.0751909986
vt -0.777828991 -0.0751909986
vt -0.786180019 -0.0184799992
vt -0.791755974 -0.0213210005
vt -0.777828991 -0.0751909986
vt -0.791755974 -0.0213210005
vt -0.782171011 -0.0751909986
vt -0.782171011 -0.0751909986
vt -0.791755974 -0.0213210005
vt -0.79618001 -0.0257450007
vt -0.782171011 -0.0751909986
vt -0.79618001 -0.0257450007
vt -0.782171011 -0.0751909986
vt -0.782171011 -0.0751909986
vt -0.79618001 -0.0257450007
vt -0.799021006 -0.0313210003
vt -0.782171011 -0.0751909986
vt -0.799021006 -0.0313210003
vt -0.800000012 -0.0375009999
vt -0.75651902 -0.0175010003
vt -0.75651902 -0.337518007
vt -0.745536983 -0.0175010003
vt -0.745536983 -0.0175010003
vt -0.75651902 -0.337518007
vt -0.75651902 -0.337518007
vt -0.745536983 -0.0175010003
vt -0.75651902 -0.337518007
vt -0.745536983 -0.337518007
vt -0.745536983 -0.337518007
vt -0.75651902 -0.337518007
vt -0.75651902 -0.517500997
vt -0.745536983 -0.337518007
vt -0.75651902 -0.517500997
vt -0.745536983 -0.517500997
vt 0.779999971 -0.102500997
vt 0.782604992 -0.112728998
vt 0.782604992 -0.102273002
vt -0.782604992 -0.102273002
vt -0.782604992 -0.112728998
vt -0.782604992 -0.112728998
vt 0.782604992 -0.102273002
vt 0.782604992 -0.112728998
vt 0.787500024 -0.100491002
vt 0.787500024 -0.100491002
vt 0.782604992 -0.112728998
vt 0.787500024 -0.114510998
vt -0.787500024 -0.100491002
vt -0.787500024 -0.114510998
vt -0.787500024 -0.100491002
vt 0.787500024 -0.100491002
vt 0.787500024 -0.114510998
vt 0.791490972 -0.117858998
vt -0.787500024 -0.100491002
vt -0.791490972 -0.117858998
vt -0.787500024 -0.100491002
vt 0.787500024 -0.100491002
vt 0.791490972 -0.117858998
vt 0.79409498 -0.122371003
vt 0.787500024 -0.100491002
vt 0.79409498 -0.122371003
vt 0.791490972 -0.0971430019
vt 0.791490972 -0.0971430019
vt 0.79409498 -0.122371003
vt 0.795000017 -0.127500996
vt 0.791490972 -0.0971430019
vt 0.795000017 -0.127500996
vt 0.79409498 -0.0926309973
vt -0.79409498 -0.0926309973
vt -0.795000017 -0.127500996
vt -0.795000017 -0.127500996
vt 0.79409498 -0.0926309973
vt 0.795000017 -0.127500996
vt 0.795000017 -0.0875009969
vt 0.795000017 -0.0875009969
vt 0.795000017 -0.127500996
vt 0.847500026 0.0824989974
vt -0.795000017 -0.0875009969
vt -0.847500026 0.0824989974
vt -0.795000017 -0.0875009969
vt 0.795000017 -0.0875009969
vt 0.847500026 0.0824989974
vt 0.800000012 -0.0675010011
vt 0.795000017 -0.0875009969
vt 0.800000012 -0.0675010011
vt 0.79409498 -0.0823709965
vt -0.79409498 -0.0823709965
vt -0.800000012 -0.0675010011
vt -0.800000012 -0.0675010011
vt 0.79409498 -0.0823709965
vt 0.800000012 -0.0675010011
vt 0.791490972 -0.0778589994
vt -0.791490972 -0.0778589994
vt -0.800000012 -0.0675010011
vt -0.800000012 -0.0675010011
vt 0.791490972 -0.0778589994
vt 0.800000012 -0.0675010011
vt 0.787500024 -0.074510999
vt -0.787500024 -0.074510999
vt -0.800000012 -0.0675010011
vt -0.800000012 -0.0675010011
vt 0.787500024 -0.074510999
vt 0.800000012 -0.0675010011
vt 0.782604992 -0.072728999
vt 0.782604992 -0.072728999
vt 0.800000012 -0.0675010011
vt 0.77739501 -0.072728999
vt -0.899999976 -0.517500997
vt -0.800000012 -0.517500997
vt -0.899999976 0.0824989974
vt -0.899999976 0.0824989974
vt -0.800000012 -0.517500997
vt -0.800000012 0.0824989974
vt 0.432502002 -0.517500997
vt 0.432502002 0.0824989974
vt 0.38250199 -0.517500997
vt 0.38250199 -0.517500997
vt 0.432502002 0.0824989974
vt 0.38250199 0.0824989974
vt -0.812502027 -0.897500992
vt -0.812502027 -0.909861982
vt -0.808502018 -0.897500992
vt -0.964999974 -0.897500992
vt -0.963042021 -0.909861982
vt -0.963042021 -0.909861982
vt -0.808502018 -0.897500992
vt -0.812502027 -0.909861982
vt -0.808502018 -0.909861982
vt -0.808502018 -0.909861982
vt -0.812502027 -0.909861982
vt -0.812502027 -0.921011984
vt -0.808502018 -0.909861982
vt -0.812502027 -0.921011984
vt -0.808502018 -0.921011984
vt -0.808502018 -0.921011984
vt -0.812502027 -0.921011984
vt -0.812502027 -0.929862022
vt -0.808502018 -0.921011984
vt -0.812502027 -0.929862022
vt -0.808502018 -0.929862022
vt -0.808502018 0.948511004
vt -0.812502027 0.948511004
vt -0.812502027 0.937361002
vt -0.808502018 0.948511004
vt -0.812502027 0.937361002
vt -0.808502018 0.937361002
vt -0.808502018 0.937361002
vt -0.812502027 0.937361002
vt -0.812502027 0.925000012
vt -0.808502018 0.937361002
vt -0.812502027 0.925000012
vt -0.808502018 0.925000012
vt -0.808502018 -0.557501018
vt -0.808502018 -0.545140028
vt -0.812502027 -0.557501018
vt -0.964999974 -0.557501018
vt -0.963042021 -0.545140028
vt -0.963042021 -0.545140028
vt -0.812502027 -0.557501018
vt -0.808502018 -0.545140028
vt -0.812502027 -0.545140028
vt -0.812502027 -0.545140028
vt -0.808502018 -0.545140028
vt -0.808502018 -0.533989012
vt -0.812502027 -0.545140028
vt -0.808502018 -0.533989012
vt -0.812502027 -0.533989012
vt 0.812502027 0.957360983
vt 0.808502018 0.957360983
vt 0.808502018 0.948511004
vt 0.812502027 0.957360983
vt 0.808502018 0.948511004
vt 0.812502027 0.948511004
vt 0.812502027 0.948511004
vt 0.808502018 0.948511004
vt 0.808502018 0.937361002
vt 0.812502027 0.948511004
vt 0.808502018 0.937361002
vt 0.812502027 0.937361002
vt 0.812502027 0.937361002
vt 0.808502018 0.937361002
vt 0.808502018 0.925000012
vt 0.812502027 0.937361002
vt 0.808502018 0.925000012
vt 0.812502027 0.925000012
vt -0.800000012 0.0824989974
vt -0.899999976 0.0824989974
vt -0.800000012 -0.517500997
vt -0.800000012 -0.517500997
vt -0.899999976 0.0824989974
vt -0.899999976 -0.517500997
vt -0.963042021 -0.545140028
vt -0.964999974 -0.557501018
vt -0.957360983 -0.533989012
vt -0.957360983 -0.533989012
vt -0.964999974 -0.557501018
vt -0.964999974 -0.557501018
vt -0.957360983 -0.533989012
vt -0.964999974 -0.557501018
vt -0.948511004 -0.525139987
vt -0.948511004 -0.525139987
vt -0.964999974 -0.557501018
vt -0.964999974 -0.557501018
vt -0.948511004 -0.525139987
vt -0.964999974 -0.557501018
vt -0.937361002 -0.519459009
vt -0.937361002 -0.519459009
vt -0.964999974 -0.557501018
vt -0.925000012 -0.517500997
vt -0.792500019 -0.0875009969
vt -0.800000012 -0.0375009999
vt -0.792500019 -0.127500996
vt -0.792500019 -0.127500996
vt -0.800000012 -0.0375009999
vt -0.800000012 -0.0375009999
vt -0.792500019 -0.127500996
vt -0.800000012 -0.0375009999
vt -0.782171011 -0.255225003
vt -0.782171011 -0.255225003
vt -0.800000012 -0.0375009999
vt -0.800000012 -0.0375009999
vt -0.782171011 -0.255225003
vt -0.800000012 -0.0375009999
vt -0.786249995 -0.256709993
vt -0.786249995 -0.256709993
vt -0.800000012 -0.0375009999
vt -0.800000012 -0.0375009999
vt -0.786249995 -0.256709993
vt -0.800000012 -0.0375009999
vt -0.789575994 -0.259499997
vt -0.789575994 -0.259499997
vt -0.800000012 -0.0375009999
vt -0.800000012 -0.0375009999
vt -0.789575994 -0.259499997
vt -0.800000012 -0.0375009999
vt -0.79174602 -0.263260007
vt -0.79174602 -0.263260007
vt -0.800000012 -0.0375009999
vt -0.792500019 -0.267535001
vt 0.38250199 0.899999976
vt 0.38250199 0.800000012
vt 0.432502002 0.899999976
vt 0.432502002 0.899999976
vt 0.38250199 0.800000012
vt 0.432502002 0.800000012
vt 0.582502007 0.800000012
vt 0.582502007 0.847500026
vt 0.532501996 0.800000012
vt -0.800000012 0.0824989974
vt -0.847500026 0.0824989974
vt -0.847500026 0.0824989974
vt 0.532501996 0.800000012
vt 0.582502007 0.847500026
vt 0.532501996 0.899999976
vt 0.532501996 0.899999976
vt 0.582502007 0.847500026
vt 0.582502007 0.899999976
vt 0.899999976 -0.517500997
vt 0.899999976 -0.337518007
vt 0.847500026 -0.517500997
vt -0.847500026 -0.517500997
vt -0.899999976 -0.337518007
vt -0.899999976 -0.337518007
vt 0.847500026 -0.517500997
vt 0.899999976 -0.337518007
vt 0.847500026 -0.337518007
vt 0.847500026 -0.337518007
vt 0.899999976 -0.337518007
vt 0.899999976 0.0824989974
vt -0.847500026 -0.337518007
vt -0.899999976 0.0824989974
vt -0.847500026 -0.337518007
vt 0.847500026 -0.337518007
vt 0.899999976 0.0824989974
vt 0.847500026 0.0824989974
vt 0.847500026 -0.337518007
vt 0.847500026 0.0824989974
vt 0.800000012 -0.147501007
vt 0.800000012 -0.147501007
vt 0.847500026 0.0824989974
vt 0.795000017 -0.127500996
vt -0.800000012 -0.147501007
vt -0.795000017 -0.127500996
vt -0.800000012 -0.147501007
vt 0.800000012 -0.147501007
vt 0.795000017 -0.127500996
vt 0.79409498 -0.132631004
vt -0.800000012 -0.147501007
vt -0.79409498 -0.132631004
vt -0.800000012 -0.147501007
vt 0.800000012 -0.147501007
vt 0.79409498 -0.132631004
vt 0.791490972 -0.137143001
vt -0.800000012 -0.147501007
vt -0.791490972 -0.137143001
vt -0.800000012 -0.147501007
vt 0.800000012 -0.147501007
vt 0.791490972 -0.137143001
vt 0.787500024 -0.140490994
vt -0.800000012 -0.147501007
vt -0.787500024 -0.140490994
vt -0.800000012 -0.147501007
vt 0.800000012 -0.147501007
vt 0.787500024 -0.140490994
vt 0.782604992 -0.142272994
vt 0.800000012 -0.147501007
vt 0.782604992 -0.142272994
vt 0.779999971 -0.142500997
vt 0.807501972 0.745536983
vt 0.812502027 0.745536983
vt 0.807501972 0.75651902
vt 0.807501972 0.75651902
vt 0.812502027 0.745536983
vt 0.812502027 0.779999971
vt 0.807501972 0.75651902
vt 0.812502027 0.779999971
vt 0.807501972 0.779999971
vt 0.764999986 -0.0875009969
vt 0.765905023 -0.0823709965
vt 0.75999999 -0.0675010011
vt 0.75999999 -0.0675010011
vt 0.765905023 -0.0823709965
vt 0.768508971 -0.0778589994
vt -0.75999999 -0.0675010011
vt -0.768508971 -0.0778589994
vt -0.75999999 -0.0675010011
vt 0.75999999 -0.0675010011
vt 0.768508971 -0.0778589994
vt 0.772499979 -0.074510999
vt 0.75999999 -0.0675010011
vt 0.772499979 -0.074510999
vt 0.77739501 -0.072728999
vt -0.719808996 -0.131898001
vt -0.740536988 -0.517500997
vt -0.700630009 -0.224276006
vt -0.700630009 -0.224276006
vt -0.740536988 -0.517500997
vt -0.740536988 -0.517500997
vt -0.700630009 -0.224276006
vt -0.740536988 -0.517500997
vt -0.668398023 -0.312947005
vt -0.668398023 -0.312947005
vt -0.740536988 -0.517500997
vt -0.740536988 -0.517500997
vt -0.668398023 -0.312947005
vt -0.740536988 -0.517500997
vt -0.623780012 -0.396077007
vt -0.623780012 -0.396077007
vt -0.740536988 -0.517500997
vt -0.740536988 -0.517500997
vt -0.623780012 -0.396077007
vt -0.740536988 -0.517500997
vt -0.567698002 -0.471947014
vt -0.567698002 -0.471947014
vt -0.740536988 -0.517500997
vt -0.740536988 -0.517500997
vt -0.567698002 -0.471947014
vt -0.740536988 -0.517500997
vt -0.56507498 -0.475861996
vt -0.56507498 -0.475861996
vt -0.740536988 -0.517500997
vt -0.740536988 -0.517500997
vt -0.56507498 -0.475861996
vt -0.740536988 -0.517500997
vt -0.563440025 -0.480282009
vt -0.563440025 -0.480282009
vt -0.740536988 -0.517500997
vt -0.740536988 -0.517500997
vt -0.563440025 -0.480282009
vt -0.740536988 -0.517500997
vt -0.562884986 -0.484961003
vt -0.562884986 -0.484961003
vt -0.740536988 -0.517500997
vt -0.740536988 -0.517500997
vt -0.562884986 -0.484961003
vt -0.740536988 -0.517500997
vt -0.562884986 -0.497500986
vt -0.562884986 -0.497500986
vt -0.740536988 -0.517500997
vt -0.740536988 -0.517500997
vt -0.562884986 -0.497500986
vt -0.740536988 -0.517500997
vt -0.56190598 -0.503681004
vt -0.56190598 -0.503681004
vt -0.740536988 -0.517500997
vt -0.740536988 -0.517500997
vt -0.56190598 -0.503681004
vt -0.740536988 -0.517500997
vt -0.559064984 -0.509257019
vt -0.559064984 -0.509257019
vt -0.740536988 -0.517500997
vt -0.740536988 -0.517500997
vt -0.559064984 -0.509257019
vt -0.740536988 -0.517500997
vt -0.554641008 -0.513680995
vt -0.554641008 -0.513680995
vt -0.740536988 -0.517500997
vt -0.549064994 -0.51652199
vt 0.582502007 -0.147501007
vt 0.582502007 -0.0675010011
vt 0.552501976 -0.147501007
vt 0.552501976 -0.147501007
vt 0.582502007 -0.0675010011
vt 0.552501976 -0.0675010011
vt 0.764999986 -0.0875009969
vt 0.75999999 -0.147501007
vt 0.765905023 -0.0926309973
vt -0.765905023 -0.0926309973
vt -0.75999999 -0.147501007
vt -0.75999999 -0.147501007
vt 0.765905023 -0.0926309973
vt 0.75999999 -0.147501007
vt 0.768508971 -0.0971430019
vt 0.768508971 -0.0971430019
vt 0.75999999 -0.147501007
vt 0.764999986 -0.127500996
vt -0.768508971 -0.0971430019
vt -0.764999986 -0.127500996
vt -0.768508971 -0.0971430019
vt 0.768508971 -0.0971430019
vt 0.764999986 -0.127500996
vt 0.765905023 -0.122371003
vt 0.768508971 -0.0971430019
vt 0.765905023 -0.122371003
vt 0.772499979 -0.100491002
vt 0.772499979 -0.100491002
vt 0.765905023 -0.122371003
vt 0.768508971 -0.117858998
vt -0.772499979 -0.100491002
vt -0.768508971 -0.117858998
vt -0.772499979 -0.100491002
vt 0.772499979 -0.100491002
vt 0.768508971 -0.117858998
vt 0.772499979 -0.114510998
vt 0.772499979 -0.100491002
vt 0.772499979 -0.114510998
vt 0.77739501 -0.102273002
vt 0.77739501 -0.102273002
vt 0.772499979 -0.114510998
vt 0.77739501 -0.112728998
vt 0.77739501 -0.102273002
vt 0.77739501 -0.112728998
vt 0.779999971 -0.102500997
vt 0.764999986 -0.127500996
vt 0.75999999 -0.147501007
vt 0.765905023 -0.132631004
vt -0.765905023 -0.132631004
vt -0.75999999 -0.147501007
vt -0.75999999 -0.147501007
vt 0.765905023 -0.132631004
vt 0.75999999 -0.147501007
vt 0.768508971 -0.137143001
vt -0.768508971 -0.137143001
vt -0.75999999 -0.147501007
vt -0.75999999 -0.147501007
vt 0.768508971 -0.137143001
vt 0.75999999 -0.147501007
vt 0.772499979 -0.140490994
vt -0.772499979 -0.140490994
vt -0.75999999 -0.147501007
vt -0.75999999 -0.147501007
vt 0.772499979 -0.140490994
vt 0.75999999 -0.147501007
vt 0.77739501 -0.142272994
vt 0.77739501 -0.142272994
vt 0.75999999 -0.147501007
vt 0.779999971 -0.142500997
vt 0.800000012 -0.517500997
vt 0.899999976 -0.517500997
vt 0.800000012 0.0824989974
vt 0.800000012 0.0824989974
vt 0.899999976 -0.517500997
vt 0.899999976 0.0824989974
vt -0.552501976 0.800000012
vt -0.582502007 0.800000012
vt -0.552501976 0.75999999
vt -0.552501976 0.75999999
vt -0.582502007 0.800000012
vt -0.582502007 0.75999999
vt 0.807501972 -0.471947014
vt 0.812502027 -0.471947014
vt 0.807501972 -0.396077007
vt 0.807501972 -0.396077007
vt 0.812502027 -0.471947014
vt 0.812502027 -0.396077007
vt -0.623780012 -0.396077007
vt -0.623780012 -0.396077007
vt -0.623780012 -0.396077007
vt 0.807501972 -0.396077007
vt 0.812502027 -0.396077007
vt 0.812502027 -0.338187009
vt 0.807501972 -0.396077007
vt 0.812502027 -0.338187009
vt 0.807501972 -0.312947005
vt 0.807501972 -0.312947005
vt 0.812502027 -0.338187009
vt 0.812502027 -0.312947005
vt 0.807501972 -0.312947005
vt 0.812502027 -0.312947005
vt 0.807501972 -0.224276006
vt 0.807501972 -0.224276006
vt 0.812502027 -0.312947005
vt 0.812502027 -0.224276006
vt 0.807501972 -0.224276006
vt 0.812502027 -0.224276006
vt 0.807501972 -0.131898001
vt 0.807501972 -0.131898001
vt 0.812502027 -0.224276006
vt 0.812502027 -0.131898001
vt 0.807501972 -0.131898001
vt 0.812502027 -0.131898001
vt 0.807501972 -0.0377250016
vt 0.807501972 -0.0377250016
vt 0.812502027 -0.131898001
vt 0.812502027 -0.0377250016
vt 0.582502007 0.800000012
vt 0.552501976 0.800000012
vt 0.582502007 0.75999999
vt 0.582502007 0.75999999
vt 0.552501976 0.800000012
vt 0.552501976 0.75999999
vt -0.75999999 -0.0675010011
vt -0.800000012 -0.0675010011
vt -0.75999999 -0.147501007
vt -0.75999999 -0.147501007
vt -0.800000012 -0.0675010011
vt -0.800000012 -0.147501007
vt -0.532501996 -0.517500997
vt -0.532501996 0.0824989974
vt -0.582502007 -0.337518007
vt -0.582502007 -0.337518007
vt -0.532501996 0.0824989974
vt -0.582502007 0.0824989974
vt 0.807501972 -0.497500986
vt 0.812502027 -0.497500986
vt 0.807501972 -0.484961003
vt 0.807501972 -0.484961003
vt 0.812502027 -0.497500986
vt 0.812502027 -0.484961003
vt -0.812502027 -0.897500992
vt -0.808502018 -0.897500992
vt -0.812502027 -0.557501018
vt -0.812502027 -0.557501018
vt -0.808502018 -0.897500992
vt -0.808502018 -0.557501018
vt -0.792500019 -0.0875009969
vt -0.79174602 -0.0832260028
vt -0.800000012 -0.0375009999
vt -0.800000012 -0.0375009999
vt -0.79174602 -0.0832260028
vt -0.789575994 -0.0794660002
vt -0.800000012 -0.0375009999
vt -0.789575994 -0.0794660002
vt -0.800000012 -0.0375009999
vt -0.800000012 -0.0375009999
vt -0.789575994 -0.0794660002
vt -0.786249995 -0.0766760036
vt -0.800000012 -0.0375009999
vt -0.786249995 -0.0766760036
vt -0.782171011 -0.0751909986
vt -0.719808996 -0.131898001
vt -0.725539029 -0.0377250016
vt -0.740536988 -0.0183809996
vt -0.740536988 -0.0183809996
vt -0.725539029 -0.0377250016
vt -0.726462007 -0.0314910002
vt -0.740536988 -0.0183809996
vt -0.726462007 -0.0314910002
vt -0.740536988 -0.0183809996
vt -0.740536988 -0.0183809996
vt -0.726462007 -0.0314910002
vt -0.729278028 -0.0258540008
vt -0.740536988 -0.0183809996
vt -0.729278028 -0.0258540008
vt -0.740536988 -0.0183809996
vt -0.740536988 -0.0183809996
vt -0.729278028 -0.0258540008
vt -0.733708978 -0.021373
vt -0.740536988 -0.0183809996
vt -0.733708978 -0.021373
vt -0.73931402 -0.0184940007
vt -2.54999995 0.884559989
vt -2.54999995 0.883980989
vt -1.75 0.883980989
vt -1.75 0.883980989
vt -2.54999995 0.883980989
vt -2.54999995 0.876459002
vt -1.75 0.883980989
vt -2.54999995 0.876459002
vt -1.75 0.876459002
vt -1.75 0.876459002
vt -2.54999995 0.876459002
vt -2.54999995 0.868538976
vt -1.75 0.876459002
vt -2.54999995 0.868538976
vt -1.75 0.868538976
vt -1.75 0.868538976
vt -2.54999995 0.868538976
vt -2.54999995 0.861016989
vt -1.75 0.868538976
vt -2.54999995 0.861016989
vt -1.75 0.861016989
vt -1.75 0.861016989
vt -2.54999995 0.861016989
vt -2.54999995 0.861016989
vt -1.75 0.861016989
vt -2.54999995 0.861016989
vt -1.75 0.859826982
vt -1.75 0.859826982
vt -2.54999995 0.861016989
vt -2.54999995 0.859826982
vt -1.75 0.859826982
vt -2.54999995 0.859826982
vt -1.75 0.858735979
vt -1.75 0.858735979
vt -2.54999995 0.859826982
vt -2.54999995 0.858735979
vt 0.014982 1.75
vt 0.014982 2.54999995
vt 0.0145030003 1.75
vt 0.0145030003 1.75
vt 0.014982 2.54999995
vt 0.0145030003 2.54999995
vt -1.75 0.858358026
vt -2.54999995 0.858358026
vt -1.75 0.858358026
vt 0.0145030003 1.75
vt 0.0145030003 2.54999995
vt 0.0128210001 2.54999995
vt 0.0145030003 1.75
vt 0.0128210001 2.54999995
vt 0.0128210001 1.75
vt -1.75 0.856992006
vt -2.54999995 0.856992006
vt -2.54999995 0.855149984
vt -1.75 0.856992006
vt -2.54999995 0.855149984
vt -1.75 0.855149984
vt -1.75 0.855149984
vt -2.54999995 0.855149984
vt -2.54999995 0.853034973
vt -1.75 0.855149984
vt -2.54999995 0.853034973
vt -1.75 0.853034973
vt -1.75 0.853034973
vt -2.54999995 0.853034973
vt -2.54999995 0.85088402
vt -1.75 0.853034973
vt -2.54999995 0.85088402
vt -1.75 0.85088402
vt -1.75 0.85088402
vt -2.54999995 0.85088402
vt -2.54999995 0.848933995
vt -1.75 0.85088402
vt -2.54999995 0.848933995
vt -1.75 0.848933995
vt -1.75 0.848933995
vt -2.54999995 0.848933995
vt -2.54999995 0.847401977
vt -1.75 0.848933995
vt -2.54999995 0.847401977
vt -1.75 0.847401977
vt -0.0139370002 1.75
vt -0.0139370002 2.54999995
vt -0.0158869997 2.54999995
vt -0.0139370002 1.75
vt -0.0158869997 2.54999995
vt -0.0158869997 1.75
vt -0.0158869997 1.75
vt -0.0158869997 2.54999995
vt -0.0180380009 2.54999995
vt -0.0158869997 1.75
vt -0.0180380009 2.54999995
vt -0.0180380009 1.75
vt -0.0180380009 1.75
vt -0.0180380009 2.54999995
vt -0.0201529991 2.54999995
vt -0.0180380009 1.75
vt -0.0201529991 2.54999995
vt -0.0201529991 1.75
vt -0.0201529991 1.75
vt -0.0201529991 2.54999995
vt -0.0219950005 2.54999995
vt -0.0201529991 1.75
vt -0.0219950005 2.54999995
vt -0.0219950005 1.75
vt 1.75 0.847818017
vt 2.54999995 0.847818017
vt 2.54999995 0.8495
vt 1.75 0.847818017
vt 2.54999995 0.8495
vt 1.75 0.8495
vt -1.75 0.8495
vt -2.54999995 0.8495
vt -2.54999995 0.8495
vt -0.0233609993 1.75
vt -0.0233609993 2.54999995
vt -0.0242439993 1.75
vt -0.0242439993 1.75
vt -0.0233609993 2.54999995
vt -0.0242439993 2.54999995
vt -0.0242439993 1.75
vt -0.0242439993 2.54999995
vt -0.0254410002 1.75
vt -0.0254410002 1.75
vt -0.0242439993 2.54999995
vt -0.0254410002 2.54999995
vt -0.0254410002 1.75
vt -0.0254410002 2.54999995
vt -0.0260199998 1.75
vt -0.0260199998 1.75
vt -0.0254410002 2.54999995
vt -0.0260199998 2.54999995
vt -1.75 0.850292027
vt -2.54999995 0.850292027
vt -1.75 0.850292027
vt -0.0260199998 1.75
vt -0.0260199998 2.54999995
vt -0.0335419998 2.54999995
vt -0.0260199998 1.75
vt -0.0335419998 2.54999995
vt -0.0335419998 1.75
vt -0.0335419998 1.75
vt -0.0335419998 2.54999995
vt -0.0414620005 2.54999995
vt -0.0335419998 1.75
vt -0.0414620005 2.54999995
vt -0.0414620005 1.75
vt -0.0414620005 1.75
vt -0.0414620005 2.54999995
vt -0.0489839986 2.54999995
vt -0.0414620005 1.75
vt -0.0489839986 2.54999995
vt -0.0489839986 1.75
vt -1.75 0.850292027
vt -2.54999995 0.850292027
vt -2.54999995 0.850292027
vt -0.0489839986 1.75
vt -0.0489839986 2.54999995
vt -0.0501740016 1.75
vt -0.0501740016 1.75
vt -0.0489839986 2.54999995
vt -0.0501740016 2.54999995
vt -0.0501740016 1.75
vt -0.0501740016 2.54999995
vt -0.0512650013 1.75
vt -0.0512650013 1.75
vt -0.0501740016 2.54999995
vt -0.0512650013 2.54999995
vt -1.75 0.849978983
vt -2.54999995 0.849978983
vt -1.75 0.8495
vt -1.75 0.8495
vt -2.54999995 0.849978983
vt -2.54999995 0.8495
vt -1.75 0.8495
vt -2.54999995 0.8495
vt -1.75 0.8495
vt -1.75 0.8495
vt -2.54999995 0.8495
vt -2.54999995 0.847818017
vt -1.75 0.8495
vt -2.54999995 0.847818017
vt -1.75 0.847818017
vt -0.0530089997 1.75
vt -0.0530089997 2.54999995
vt -0.0548509993 2.54999995
vt -0.0530089997 1.75
vt -0.0548509993 2.54999995
vt -0.0548509993 1.75
vt -0.0548509993 1.75
vt -0.0548509993 2.54999995
vt -0.0569659993 2.54999995
vt -0.0548509993 1.75
vt -0.0569659993 2.54999995
vt -0.0569659993 1.75
vt -0.0569659993 1.75
vt -0.0569659993 2.54999995
vt -0.0591170006 2.54999995
vt -0.0569659993 1.75
vt -0.0591170006 2.54999995
vt -0.0591170006 1.75
vt -0.0591170006 1.75
vt -0.0591170006 2.54999995
vt -0.061067 2.54999995
vt -0.0591170006 1.75
vt -0.061067 2.54999995
vt -0.061067 1.75
vt 1.75 0.847401977
vt 2.54999995 0.847401977
vt 2.54999995 0.848933995
vt 1.75 0.847401977
vt 2.54999995 0.848933995
vt 1.75 0.848933995
vt 1.75 0.848933995
vt 2.54999995 0.848933995
vt 2.54999995 0.85088402
vt 1.75 0.848933995
vt 2.54999995 0.85088402
vt 1.75 0.85088402
vt 1.75 0.85088402
vt 2.54999995 0.85088402
vt 2.54999995 0.853034973
vt 1.75 0.85088402
vt 2.54999995 0.853034973
vt 1.75 0.853034973
vt 1.75 0.853034973
vt 2.54999995 0.853034973
vt 2.54999995 0.855149984
vt 1.75 0.853034973
vt 2.54999995 0.855149984
vt 1.75 0.855149984
vt 1.75 0.855149984
vt 2.54999995 0.855149984
vt 2.54999995 0.856992006
vt 1.75 0.855149984
vt 2.54999995 0.856992006
vt 1.75 0.856992006
vt 0.0621820018 1.75
vt 0.0621820018 2.54999995
vt 0.0605010018 2.54999995
vt 0.0621820018 1.75
vt 0.0605010018 2.54999995
vt 0.0605010018 1.75
vt -1.75 0.858358026
vt -2.54999995 0.858358026
vt -2.54999995 0.858358026
vt 1.75 0.858358026
vt 2.54999995 0.858358026
vt 1.75 0.859242022
vt 1.75 0.859242022
vt 2.54999995 0.858358026
vt 2.54999995 0.859242022
vt 1.75 0.859242022
vt 2.54999995 0.859242022
vt 1.75 0.860437989
vt 1.75 0.860437989
vt 2.54999995 0.859242022
vt 2.54999995 0.860437989
vt 1.75 0.860437989
vt 2.54999995 0.860437989
vt 1.75 0.861016989
vt 1.75 0.861016989
vt 2.54999995 0.860437989
vt 2.54999995 0.861016989
vt -1.75 0.861016989
vt -2.54999995 0.861016989
vt -1.75 0.861016989
vt 1.75 0.861016989
vt 2.54999995 0.861016989
vt 2.54999995 0.868538976
vt 1.75 0.861016989
vt 2.54999995 0.868538976
vt 1.75 0.868538976
vt 1.75 0.868538976
vt 2.54999995 0.868538976
vt 2.54999995 0.876459002
vt 1.75 0.868538976
vt 2.54999995 0.876459002
vt 1.75 0.876459002
vt 1.75 0.876459002
vt 2.54999995 0.876459002
vt 2.54999995 0.883980989
vt 1.75 0.876459002
vt 2.54999995 0.883980989
vt 1.75 0.883980989
vt -1.75 0.883980989
vt -2.54999995 0.883980989
vt -2.54999995 0.883980989
vt 1.75 0.883980989
vt 2.54999995 0.883980989
vt 1.75 0.885170996
vt 1.75 0.885170996
vt 2.54999995 0.883980989
vt 2.54999995 0.885170996
vt 1.75 0.885170996
vt 2.54999995 0.885170996
vt 1.75 0.886262
vt 1.75 0.886262
vt 2.54999995 0.885170996
vt 2.54999995 0.886262
vt -0.0600220002 1.75
vt -0.0600220002 2.54999995
vt -0.0605010018 1.75
vt -0.0605010018 1.75
vt -0.0600220002 2.54999995
vt -0.0605010018 2.54999995
vt -1.75 0.886640012
vt -2.54999995 0.886640012
vt -1.75 0.886640012
vt -0.0605010018 1.75
vt -0.0605010018 2.54999995
vt -0.0621820018 2.54999995
vt -0.0605010018 1.75
vt -0.0621820018 2.54999995
vt -0.0621820018 1.75
vt 1.75 0.888005972
vt 2.54999995 0.888005972
vt 2.54999995 0.889847994
vt 1.75 0.888005972
vt 2.54999995 0.889847994
vt 1.75 0.889847994
vt 1.75 0.889847994
vt 2.54999995 0.889847994
vt 2.54999995 0.891963005
vt 1.75 0.889847994
vt 2.54999995 0.891963005
vt 1.75 0.891963005
vt 1.75 0.891963005
vt 2.54999995 0.891963005
vt 2.54999995 0.894114017
vt 1.75 0.891963005
vt 2.54999995 0.894114017
vt 1.75 0.894114017
vt 1.75 0.894114017
vt 2.54999995 0.894114017
vt 2.54999995 0.896063983
vt 1.75 0.894114017
vt 2.54999995 0.896063983
vt 1.75 0.896063983
vt 1.75 0.896063983
vt 2.54999995 0.896063983
vt 2.54999995 0.897596002
vt 1.75 0.896063983
vt 2.54999995 0.897596002
vt 1.75 0.897596002
vt 0.061067 1.75
vt 0.061067 2.54999995
vt 0.0591170006 2.54999995
vt 0.061067 1.75
vt 0.0591170006 2.54999995
vt 0.0591170006 1.75
vt 0.0591170006 1.75
vt 0.0591170006 2.54999995
vt 0.0569659993 2.54999995
vt 0.0591170006 1.75
vt 0.0569659993 2.54999995
vt 0.0569659993 1.75
vt 0.0569659993 1.75
vt 0.0569659993 2.54999995
vt 0.0548509993 2.54999995
vt 0.0569659993 1.75
vt 0.0548509993 2.54999995
vt 0.0548509993 1.75
vt 0.0548509993 1.75
vt 0.0548509993 2.54999995
vt 0.0530089997 2.54999995
vt 0.0548509993 1.75
vt 0.0530089997 2.54999995
vt 0.0530089997 1.75
vt -1.75 0.897180021
vt -2.54999995 0.897180021
vt -2.54999995 0.895497978
vt -1.75 0.897180021
vt -2.54999995 0.895497978
vt -1.75 0.895497978
vt -1.75 0.895497978
vt -2.54999995 0.895497978
vt -2.54999995 0.895497978
vt 0.0516429991 1.75
vt 0.0516429991 2.54999995
vt 0.0507589988 1.75
vt 0.0507589988 1.75
vt 0.0516429991 2.54999995
vt 0.0507589988 2.54999995
vt 0.0507589988 1.75
vt 0.0507589988 2.54999995
vt 0.0495630018 1.75
vt 0.0495630018 1.75
vt 0.0507589988 2.54999995
vt 0.0495630018 2.54999995
vt 0.0495630018 1.75
vt 0.0495630018 2.54999995
vt 0.0489839986 1.75
vt 0.0489839986 1.75
vt 0.0495630018 2.54999995
vt 0.0489839986 2.54999995
vt -1.75 0.894706011
vt -2.54999995 0.894706011
vt -1.75 0.894706011
vt 0.0489839986 1.75
vt 0.0489839986 2.54999995
vt 0.0414620005 2.54999995
vt 0.0489839986 1.75
vt 0.0414620005 2.54999995
vt 0.0414620005 1.75
vt 0.0414620005 1.75
vt 0.0414620005 2.54999995
vt 0.0335419998 2.54999995
vt 0.0414620005 1.75
vt 0.0335419998 2.54999995
vt 0.0335419998 1.75
vt 0.0335419998 1.75
vt 0.0335419998 2.54999995
vt 0.0260199998 2.54999995
vt 0.0335419998 1.75
vt 0.0260199998 2.54999995
vt 0.0260199998 1.75
vt -1.75 0.894706011
vt -2.54999995 0.894706011
vt -2.54999995 0.894706011
vt 0.0260199998 1.75
vt 0.0260199998 2.54999995
vt 0.0248300005 1.75
vt 0.0248300005 1.75
vt 0.0260199998 2.54999995
vt 0.0248300005 2.54999995
vt 0.0248300005 1.75
vt 0.0248300005 2.54999995
vt 0.0237390008 1.75
vt 0.0237390008 1.75
vt 0.0248300005 2.54999995
vt 0.0237390008 2.54999995
vt 1.75 0.895018995
vt 2.54999995 0.895018995
vt 1.75 0.895497978
vt 1.75 0.895497978
vt 2.54999995 0.895018995
vt 2.54999995 0.895497978
vt -1.75 0.895497978
vt -2.54999995 0.895497978
vt -1.75 0.895497978
vt 1.75 0.895497978
vt 2.54999995 0.895497978
vt 2.54999995 0.897180021
vt 1.75 0.895497978
vt 2.54999995 0.897180021
vt 1.75 0.897180021
vt 0.0219950005 1.75
vt 0.0219950005 2.54999995
vt 0.0201529991 2.54999995
vt 0.0219950005 1.75
vt 0.0201529991 2.54999995
vt 0.0201529991 1.75
vt 0.0201529991 1.75
vt 0.0201529991 2.54999995
vt 0.0180380009 2.54999995
vt 0.0201529991 1.75
vt 0.0180380009 2.54999995
vt 0.0180380009 1.75
vt 0.0180380009 1.75
vt 0.0180380009 2.54999995
vt 0.0158869997 2.54999995
vt 0.0180380009 1.75
vt 0.0158869997 2.54999995
vt 0.0158869997 1.75
vt 0.0158869997 1.75
vt 0.0158869997 2.54999995
vt 0.0139370002 2.54999995
vt 0.0158869997 1.75
vt 0.0139370002 2.54999995
vt 0.0139370002 1.75
vt -1.75 0.897596002
vt -2.54999995 0.897596002
vt -2.54999995 0.896063983
vt -1.75 0.897596002
vt -2.54999995 0.896063983
vt -1.75 0.896063983
vt -1.75 0.896063983
vt -2.54999995 0.896063983
vt -2.54999995 0.894114017
vt -1.75 0.896063983
vt -2.54999995 0.894114017
vt -1.75 0.894114017
vt -1.75 0.894114017
vt -2.54999995 0.894114017
vt -2.54999995 0.891963005
vt -1.75 0.894114017
vt -2.54999995 0.891963005
vt -1.75 0.891963005
vt -1.75 0.891963005
vt -2.54999995 0.891963005
vt -2.54999995 0.889847994
vt -1.75 0.891963005
vt -2.54999995 0.889847994
vt -1.75 0.889847994
vt -1.75 0.889847994
vt -2.54999995 0.889847994
vt -2.54999995 0.888005972
vt -1.75 0.889847994
vt -2.54999995 0.888005972
vt -1.75 0.888005972
vt -0.0128210001 1.75
vt -0.0128210001 2.54999995
vt -0.0145030003 2.54999995
vt -0.0128210001 1.75
vt -0.0145030003 2.54999995
vt -0.0145030003 1.75
vt -1.75 0.886640012
vt -2.54999995 0.886640012
vt -2.54999995 0.886640012
vt -1.75 0.886640012
vt -2.54999995 0.886640012
vt -1.75 0.885756016
vt -1.75 0.885756016
vt -2.54999995 0.886640012
vt -2.54999995 0.885756016
vt -1.75 0.885756016
vt -2.54999995 0.885756016
vt -1.75 0.884559989
vt -1.75 0.884559989
vt -2.54999995 0.885756016
vt -2.54999995 0.884559989
vt -1.75 0.884559989
vt -2.54999995 0.884559989
vt -1.75 0.883980989
vt 0.756291986 0.87933898
vt 0.752819002 0.885354996
vt 0.737497985 0.872498989
vt 0.737497985 0.872498989
vt 0.752819002 0.885354996
vt 0.747497976 0.88981998
vt -1.75699997 0.872498989
vt -1.75699997 0.88981998
vt -1.75699997 0.872498989
vt 0.737497985 0.872498989
vt 0.747497976 0.88981998
vt 0.740971029 0.892194986
vt -1.75699997 0.872498989
vt -1.75699997 0.892194986
vt -1.75699997 0.872498989
vt 0.737497985 0.872498989
vt 0.740971029 0.892194986
vt 0.734025002 0.892194986
vt -1.75699997 0.872498989
vt -1.75699997 0.892194986
vt -1.75699997 0.872498989
vt 0.737497985 0.872498989
vt 0.734025002 0.892194986
vt 0.727497995 0.88981998
vt -1.75699997 0.872498989
vt -1.75699997 0.88981998
vt -1.75699997 0.872498989
vt 0.737497985 0.872498989
vt 0.727497995 0.88981998
vt 0.722177029 0.885354996
vt -1.75699997 0.872498989
vt -1.75699997 0.885354996
vt -1.75699997 0.872498989
vt 0.737497985 0.872498989
vt 0.722177029 0.885354996
vt 0.718703985 0.87933898
vt -1.75699997 0.872498989
vt -1.75699997 0.87933898
vt -1.75699997 0.872498989
vt 0.737497985 0.872498989
vt 0.718703985 0.87933898
vt 0.717498004 0.872498989
vt -1.75699997 0.872498989
vt -1.75699997 0.872498989
vt -1.75699997 0.872498989
vt 0.737497985 0.872498989
vt 0.717498004 0.872498989
vt 0.718703985 0.865658998
vt -1.75699997 0.872498989
vt -1.75699997 0.865658998
vt -1.75699997 0.872498989
vt 0.737497985 0.872498989
vt 0.718703985 0.865658998
vt 0.722177029 0.859642982
vt -1.75699997 0.872498989
vt -1.75699997 0.859642982
vt -1.75699997 0.872498989
vt 0.737497985 0.872498989
vt 0.722177029 0.859642982
vt 0.727497995 0.855177999
vt -1.75699997 0.872498989
vt -1.75699997 0.855177999
vt -1.75699997 0.872498989
vt 0.737497985 0.872498989
vt 0.727497995 0.855177999
vt 0.734025002 0.852802992
vt -1.75699997 0.872498989
vt -1.75699997 0.852802992
vt -1.75699997 0.872498989
vt 0.737497985 0.872498989
vt 0.734025002 0.852802992
vt 0.740971029 0.852802992
vt -1.75699997 0.872498989
vt -1.75699997 0.852802992
vt -1.75699997 0.872498989
vt 0.737497985 0.872498989
vt 0.740971029 0.852802992
vt 0.747497976 0.855177999
vt -1.75699997 0.872498989
vt -1.75699997 0.855177999
vt -1.75699997 0.872498989
vt 0.737497985 0.872498989
vt 0.747497976 0.855177999
vt 0.752819002 0.859642982
vt -1.75699997 0.872498989
vt -1.75699997 0.859642982
vt -1.75699997 0.872498989
vt 0.737497985 0.872498989
vt 0.752819002 0.859642982
vt 0.756291986 0.865658998
vt -1.75699997 0.872498989
vt -1.75699997 0.865658998
vt -1.75699997 0.872498989
vt 0.737497985 0.872498989
vt 0.756291986 0.865658998
vt 0.757498026 0.872498989
vt 0.737497985 0.872498989
vt 0.757498026 0.872498989
vt 0.756291986 0.87933898
vt 0.422818989 0.859642982
vt 0.426292002 0.865658998
vt 0.407498002 0.872498989
vt 0.407498002 0.872498989
vt 0.426292002 0.865658998
vt 0.427498013 0.872498989
vt -1.75699997 0.872498989
vt -1.75699997 0.872498989
vt -1.75699997 0.872498989
vt 0.407498002 0.872498989
vt 0.427498013 0.872498989
vt 0.426292002 0.87933898
vt -1.75699997 0.872498989
vt -1.75699997 0.87933898
vt -1.75699997 0.872498989
vt 0.407498002 0.872498989
vt 0.426292002 0.87933898
vt 0.422818989 0.885354996
vt -1.75699997 0.872498989
vt -1.75699997 0.885354996
vt -1.75699997 0.872498989
vt 0.407498002 0.872498989
vt 0.422818989 0.885354996
vt 0.417497993 0.88981998
vt -1.75699997 0.872498989
vt -1.75699997 0.88981998
vt -1.75699997 0.872498989
vt 0.407498002 0.872498989
vt 0.417497993 0.88981998
vt 0.410970986 0.892194986
vt -1.75699997 0.872498989
vt -1.75699997 0.892194986
vt -1.75699997 0.872498989
vt 0.407498002 0.872498989
vt 0.410970986 0.892194986
vt 0.404024988 0.892194986
vt -1.75699997 0.872498989
vt -1.75699997 0.892194986
vt -1.75699997 0.872498989
vt 0.407498002 0.872498989
vt 0.404024988 0.892194986
vt 0.397498012 0.88981998
vt -1.75699997 0.872498989
vt -1.75699997 0.88981998
vt -1.75699997 0.872498989
vt 0.407498002 0.872498989
vt 0.397498012 0.88981998
vt 0.392176986 0.885354996
vt -1.75699997 0.872498989
vt -1.75699997 0.885354996
vt -1.75699997 0.872498989
vt 0.407498002 0.872498989
vt 0.392176986 0.885354996
vt 0.388704002 0.87933898
vt -1.75699997 0.872498989
vt -1.75699997 0.87933898
vt -1.75699997 0.872498989
vt 0.407498002 0.872498989
vt 0.388704002 0.87933898
vt 0.387497991 0.872498989
vt -1.75699997 0.872498989
vt -1.75699997 0.872498989
vt -1.75699997 0.872498989
vt 0.407498002 0.872498989
vt 0.387497991 0.872498989
vt 0.388704002 0.865658998
vt -1.75699997 0.872498989
vt -1.75699997 0.865658998
vt -1.75699997 0.872498989
vt 0.407498002 0.872498989
vt 0.388704002 0.865658998
vt 0.392176986 0.859642982
vt -1.75699997 0.872498989
vt -1.75699997 0.859642982
vt -1.75699997 0.872498989
vt 0.407498002 0.872498989
vt 0.392176986 0.859642982
vt 0.397498012 0.855177999
vt -1.75699997 0.872498989
vt -1.75699997 0.855177999
vt -1.75699997 0.872498989
vt 0.407498002 0.872498989
vt 0.397498012 0.855177999
vt 0.404024988 0.852802992
vt -1.75699997 0.872498989
vt -1.75699997 0.852802992
vt -1.75699997 0.872498989
vt 0.407498002 0.872498989
vt 0.404024988 0.852802992
vt 0.410970986 0.852802992
vt -1.75699997 0.872498989
vt -1.75699997 0.852802992
vt -1.75699997 0.872498989
vt 0.407498002 0.872498989
vt 0.410970986 0.852802992
vt 0.417497993 0.855177999
vt 0.407498002 0.872498989
vt 0.417497993 0.855177999
vt 0.422818989 0.859642982
vt -0.194840997 0.866070986
vt -0.193104997 0.869078994
vt -0.202501997 0.872498989
vt -0.202501997 0.872498989
vt -0.193104997 0.869078994
vt -0.192502007 0.872498989
vt -2.05699992 0.872498989
vt -2.05699992 0.872498989
vt -2.05699992 0.872498989
vt -0.202501997 0.872498989
vt -0.192502007 0.872498989
vt -0.193104997 0.875918984
vt -2.05699992 0.872498989
vt -2.05699992 0.875918984
vt -2.05699992 0.872498989
vt -0.202501997 0.872498989
vt -0.193104997 0.875918984
vt -0.194840997 0.878926992
vt -2.05699992 0.872498989
vt -2.05699992 0.878926992
vt -2.05699992 0.872498989
vt -0.202501997 0.872498989
vt -0.194840997 0.878926992
vt -0.197502002 0.881159008
vt -2.05699992 0.872498989
vt -2.05699992 0.881159008
vt -2.05699992 0.872498989
vt -0.202501997 0.872498989
vt -0.197502002 0.881159008
vt -0.200764999 0.882346988
vt -2.05699992 0.872498989
vt -2.05699992 0.882346988
vt -2.05699992 0.872498989
vt -0.202501997 0.872498989
vt -0.200764999 0.882346988
vt -0.204237998 0.882346988
vt -2.05699992 0.872498989
vt -2.05699992 0.882346988
vt -2.05699992 0.872498989
vt -0.202501997 0.872498989
vt -0.204237998 0.882346988
vt -0.207501993 0.881159008
vt -2.05699992 0.872498989
vt -2.05699992 0.881159008
vt -2.05699992 0.872498989
vt -0.202501997 0.872498989
vt -0.207501993 0.881159008
vt -0.210161999 0.878926992
vt -2.05699992 0.872498989
vt -2.05699992 0.878926992
vt -2.05699992 0.872498989
vt -0.202501997 0.872498989
vt -0.210161999 0.878926992
vt -0.211898997 0.875918984
vt -2.05699992 0.872498989
vt -2.05699992 0.875918984
vt -2.05699992 0.872498989
vt -0.202501997 0.872498989
vt -0.211898997 0.875918984
vt -0.212502003 0.872498989
vt -2.05699992 0.872498989
vt -2.05699992 0.872498989
vt -2.05699992 0.872498989
vt -0.202501997 0.872498989
vt -0.212502003 0.872498989
vt -0.211898997 0.869078994
vt -2.05699992 0.872498989
vt -2.05699992 0.869078994
vt -2.05699992 0.872498989
vt -0.202501997 0.872498989
vt -0.211898997 0.869078994
vt -0.210161999 0.866070986
vt -2.05699992 0.872498989
vt -2.05699992 0.866070986
vt -2.05699992 0.872498989
vt -0.202501997 0.872498989
vt -0.210161999 0.866070986
vt -0.207501993 0.863838971
vt -2.05699992 0.872498989
vt -2.05699992 0.863838971
vt -2.05699992 0.872498989
vt -0.202501997 0.872498989
vt -0.207501993 0.863838971
vt -0.204237998 0.86265099
vt -2.05699992 0.872498989
vt -2.05699992 0.86265099
vt -2.05699992 0.872498989
vt -0.202501997 0.872498989
vt -0.204237998 0.86265099
vt -0.200764999 0.86265099
vt -2.05699992 0.872498989
vt -2.05699992 0.86265099
vt -2.05699992 0.872498989
vt -0.202501997 0.872498989
vt -0.200764999 0.86265099
vt -0.197502002 0.863838971
vt -0.202501997 0.872498989
vt -0.197502002 0.863838971
vt -0.194840997 0.866070986
vt 0.584244013 0.876774013
vt 0.582073987 0.880533993
vt 0.572498024 0.872498989
vt 0.572498024 0.872498989
vt 0.582073987 0.880533993
vt 0.578747988 0.883324027
vt -2.26200008 0.872498989
vt -2.26200008 0.883324027
vt -2.26200008 0.872498989
vt 0.572498024 0.872498989
vt 0.578747988 0.883324027
vt 0.574669003 0.884809017
vt -2.26200008 0.872498989
vt -2.26200008 0.884809017
vt -2.26200008 0.872498989
vt 0.572498024 0.872498989
vt 0.574669003 0.884809017
vt 0.570327997 0.884809017
vt -2.26200008 0.872498989
vt -2.26200008 0.884809017
vt -2.26200008 0.872498989
vt 0.572498024 0.872498989
vt 0.570327997 0.884809017
vt 0.566248 0.883324027
vt -2.26200008 0.872498989
vt -2.26200008 0.883324027
vt -2.26200008 0.872498989
vt 0.572498024 0.872498989
vt 0.566248 0.883324027
vt 0.562923014 0.880533993
vt -2.26200008 0.872498989
vt -2.26200008 0.880533993
vt -2.26200008 0.872498989
vt 0.572498024 0.872498989
vt 0.562923014 0.880533993
vt 0.560751975 0.876774013
vt -2.26200008 0.872498989
vt -2.26200008 0.876774013
vt -2.26200008 0.872498989
vt 0.572498024 0.872498989
vt 0.560751975 0.876774013
vt 0.559997976 0.872498989
vt -2.26200008 0.872498989
vt -2.26200008 0.872498989
vt -2.26200008 0.872498989
vt 0.572498024 0.872498989
vt 0.559997976 0.872498989
vt 0.560751975 0.868224025
vt -2.26200008 0.872498989
vt -2.26200008 0.868224025
vt -2.26200008 0.872498989
vt 0.572498024 0.872498989
vt 0.560751975 0.868224025
vt 0.562923014 0.864463985
vt -2.26200008 0.872498989
vt -2.26200008 0.864463985
vt -2.26200008 0.872498989
vt 0.572498024 0.872498989
vt 0.562923014 0.864463985
vt 0.566248 0.861674011
vt -2.26200008 0.872498989
vt -2.26200008 0.861674011
vt -2.26200008 0.872498989
vt 0.572498024 0.872498989
vt 0.566248 0.861674011
vt 0.570327997 0.860189021
vt -2.26200008 0.872498989
vt -2.26200008 0.860189021
vt -2.26200008 0.872498989
vt 0.572498024 0.872498989
vt 0.570327997 0.860189021
vt 0.574669003 0.860189021
vt -2.26200008 0.872498989
vt -2.26200008 0.860189021
vt -2.26200008 0.872498989
vt 0.572498024 0.872498989
vt 0.574669003 0.860189021
vt 0.578747988 0.861674011
vt -2.26200008 0.872498989
vt -2.26200008 0.861674011
vt -2.26200008 0.872498989
vt 0.572498024 0.872498989
vt 0.578747988 0.861674011
vt 0.582073987 0.864463985
vt -2.26200008 0.872498989
vt -2.26200008 0.864463985
vt -2.26200008 0.872498989
vt 0.572498024 0.872498989
vt 0.582073987 0.864463985
vt 0.584244013 0.868224025
vt -2.26200008 0.872498989
vt -2.26200008 0.868224025
vt -2.26200008 0.872498989
vt 0.572498024 0.872498989
vt 0.584244013 0.868224025
vt 0.584998012 0.872498989
vt 0.572498024 0.872498989
vt 0.584998012 0.872498989
vt 0.584244013 0.876774013
vt -0.578747988 0.883324027
vt -0.582073987 0.880533993
vt -0.572498024 0.872498989
vt -0.572498024 0.872498989
vt -0.582073987 0.880533993
vt -0.584244013 0.876774013
vt -1.46200001 0.872498989
vt -1.46200001 0.876774013
vt -1.46200001 0.872498989
vt -0.572498024 0.872498989
vt -0.584244013 0.876774013
vt -0.584998012 0.872498989
vt -1.46200001 0.872498989
vt -1.46200001 0.872498989
vt -1.46200001 0.872498989
vt -0.572498024 0.872498989
vt -0.584998012 0.872498989
vt -0.584244013 0.868224025
vt -1.46200001 0.872498989
vt -1.46200001 0.868224025
vt -1.46200001 0.872498989
vt -0.572498024 0.872498989
vt -0.584244013 0.868224025
vt -0.582073987 0.864463985
vt -1.46200001 0.872498989
vt -1.46200001 0.864463985
vt -1.46200001 0.872498989
vt -0.572498024 0.872498989
vt -0.582073987 0.864463985
vt -0.578747988 0.861674011
vt -1.46200001 0.872498989
vt -1.46200001 0.861674011
vt -1.46200001 0.872498989
vt -0.572498024 0.872498989
vt -0.578747988 0.861674011
vt -0.574669003 0.860189021
vt -1.46200001 0.872498989
vt -1.46200001 0.860189021
vt -1.46200001 0.872498989
vt -0.572498024 0.872498989
vt -0.574669003 0.860189021
vt -0.570327997 0.860189021
vt -1.46200001 0.872498989
vt -1.46200001 0.860189021
vt -1.46200001 0.872498989
vt -0.572498024 0.872498989
vt -0.570327997 0.860189021
vt -0.566248 0.861674011
vt -1.46200001 0.872498989
vt -1.46200001 0.861674011
vt -1.46200001 0.872498989
vt -0.572498024 0.872498989
vt -0.566248 0.861674011
vt -0.562923014 0.864463985
vt -1.46200001 0.872498989
vt -1.46200001 0.864463985
vt -1.46200001 0.872498989
vt -0.572498024 0.872498989
vt -0.562923014 0.864463985
vt -0.560751975 0.868224025
vt -1.46200001 0.872498989
vt -1.46200001 0.868224025
vt -1.46200001 0.872498989
vt -0.572498024 0.872498989
vt -0.560751975 0.868224025
vt -0.559997976 0.872498989
vt -1.46200001 0.872498989
vt -1.46200001 0.872498989
vt -1.46200001 0.872498989
vt -0.572498024 0.872498989
vt -0.559997976 0.872498989
vt -0.560751975 0.876774013
vt -1.46200001 0.872498989
vt -1.46200001 0.876774013
vt -1.46200001 0.872498989
vt -0.572498024 0.872498989
vt -0.560751975 0.876774013
vt -0.562923014 0.880533993
vt -1.46200001 0.872498989
vt -1.46200001 0.880533993
vt -1.46200001 0.872498989
vt -0.572498024 0.872498989
vt -0.562923014 0.880533993
vt -0.566248 0.883324027
vt -1.46200001 0.872498989
vt -1.46200001 0.883324027
vt -1.46200001 0.872498989
vt -0.572498024 0.872498989
vt -0.566248 0.883324027
vt -0.570327997 0.884809017
vt -1.46200001 0.872498989
vt -1.46200001 0.884809017
vt -1.46200001 0.872498989
vt -0.572498024 0.872498989
vt -0.570327997 0.884809017
vt -0.574669003 0.884809017
vt -0.572498024 0.872498989
vt -0.574669003 0.884809017
vt -0.578747988 0.883324027
vt -0.746895015 0.869078994
vt -0.74515897 0.866070986
vt -0.737497985 0.872498989
vt -0.737497985 0.872498989
vt -0.74515897 0.866070986
vt -0.742497981 0.863838971
vt -1.45700002 0.872498989
vt -1.45700002 0.863838971
vt -1.45700002 0.872498989
vt -0.737497985 0.872498989
vt -0.742497981 0.863838971
vt -0.739234984 0.86265099
vt -1.45700002 0.872498989
vt -1.45700002 0.86265099
vt -1.45700002 0.872498989
vt -0.737497985 0.872498989
vt -0.739234984 0.86265099
vt -0.735762 0.86265099
vt -1.45700002 0.872498989
vt -1.45700002 0.86265099
vt -1.45700002 0.872498989
vt -0.737497985 0.872498989
vt -0.735762 0.86265099
vt -0.73249799 0.863838971
vt -1.45700002 0.872498989
vt -1.45700002 0.863838971
vt -1.45700002 0.872498989
vt -0.737497985 0.872498989
vt -0.73249799 0.863838971
vt -0.729838014 0.866070986
vt -1.45700002 0.872498989
vt -1.45700002 0.866070986
vt -1.45700002 0.872498989
vt -0.737497985 0.872498989
vt -0.729838014 0.866070986
vt -0.728101015 0.869078994
vt -1.45700002 0.872498989
vt -1.45700002 0.869078994
vt -1.45700002 0.872498989
vt -0.737497985 0.872498989
vt -0.728101015 0.869078994
vt -0.727497995 0.872498989
vt -1.45700002 0.872498989
vt -1.45700002 0.872498989
vt -1.45700002 0.872498989
vt -0.737497985 0.872498989
vt -0.727497995 0.872498989
vt -0.728101015 0.875918984
vt -1.45700002 0.872498989
vt -1.45700002 0.875918984
vt -1.45700002 0.872498989
vt -0.737497985 0.872498989
vt -0.728101015 0.875918984
vt -0.729838014 0.878926992
vt -1.45700002 0.872498989
vt -1.45700002 0.878926992
vt -1.45700002 0.872498989
vt -0.737497985 0.872498989
vt -0.729838014 0.878926992
vt -0.73249799 0.881159008
vt -1.45700002 0.872498989
vt -1.45700002 0.881159008
vt -1.45700002 0.872498989
vt -0.737497985 0.872498989
vt -0.73249799 0.881159008
vt -0.735762 0.882346988
vt -1.45700002 0.872498989
vt -1.45700002 0.882346988
vt -1.45700002 0.872498989
vt -0.737497985 0.872498989
vt -0.735762 0.882346988
vt -0.739234984 0.882346988
vt -1.45700002 0.872498989
vt -1.45700002 0.882346988
vt -1.45700002 0.872498989
vt -0.737497985 0.872498989
vt -0.739234984 0.882346988
vt -0.742497981 0.881159008
vt -1.45700002 0.872498989
vt -1.45700002 0.881159008
vt -1.45700002 0.872498989
vt -0.737497985 0.872498989
vt -0.742497981 0.881159008
vt -0.74515897 0.878926992
vt -1.45700002 0.872498989
vt -1.45700002 0.878926992
vt -1.45700002 0.872498989
vt -0.737497985 0.872498989
vt -0.74515897 0.878926992
vt -0.746895015 0.875918984
vt -1.45700002 0.872498989
vt -1.45700002 0.875918984
vt -1.45700002 0.872498989
vt -0.737497985 0.872498989
vt -0.746895015 0.875918984
vt -0.747497976 0.872498989
vt -0.737497985 0.872498989
vt -0.747497976 0.872498989
vt -0.746895015 0.869078994
vt 0.742497981 0.863838971
vt 0.74515897 0.866070986
vt 0.737497985 0.872498989
vt 0.737497985 0.872498989
vt 0.74515897 0.866070986
vt 0.746895015 0.869078994
vt -2.25699997 0.872498989
vt -2.25699997 0.869078994
vt -2.25699997 0.872498989
vt 0.737497985 0.872498989
vt 0.746895015 0.869078994
vt 0.747497976 0.872498989
vt -2.25699997 0.872498989
vt -2.25699997 0.872498989
vt -2.25699997 0.872498989
vt 0.737497985 0.872498989
vt 0.747497976 0.872498989
vt 0.746895015 0.875918984
vt -2.25699997 0.872498989
vt -2.25699997 0.875918984
vt -2.25699997 0.872498989
vt 0.737497985 0.872498989
vt 0.746895015 0.875918984
vt 0.74515897 0.878926992
vt -2.25699997 0.872498989
vt -2.25699997 0.878926992
vt -2.25699997 0.872498989
vt 0.737497985 0.872498989
vt 0.74515897 0.878926992
vt 0.742497981 0.881159008
vt -2.25699997 0.872498989
vt -2.25699997 0.881159008
vt -2.25699997 0.872498989
vt 0.737497985 0.872498989
vt 0.742497981 0.881159008
vt 0.739234984 0.882346988
vt -2.25699997 0.872498989
vt -2.25699997 0.882346988
vt -2.25699997 0.872498989
vt 0.737497985 0.872498989
vt 0.739234984 0.882346988
vt 0.735762 0.882346988
vt -2.25699997 0.872498989
vt -2.25699997 0.882346988
vt -2.25699997 0.872498989
vt 0.737497985 0.872498989
vt 0.735762 0.882346988
vt 0.73249799 0.881159008
vt -2.25699997 0.872498989
vt -2.25699997 0.881159008
vt -2.25699997 0.872498989
vt 0.737497985 0.872498989
vt 0.73249799 0.881159008
vt 0.729838014 0.878926992
vt -2.25699997 0.872498989
vt -2.25699997 0.878926992
vt -2.25699997 0.872498989
vt 0.737497985 0.872498989
vt 0.729838014 0.878926992
vt 0.728101015 0.875918984
vt -2.25699997 0.872498989
vt -2.25699997 0.875918984
vt -2.25699997 0.872498989
vt 0.737497985 0.872498989
vt 0.728101015 0.875918984
vt 0.727497995 0.872498989
vt -2.25699997 0.872498989
vt -2.25699997 0.872498989
vt -2.25699997 0.872498989
vt 0.737497985 0.872498989
vt 0.727497995 0.872498989
vt 0.728101015 0.869078994
vt -2.25699997 0.872498989
vt -2.25699997 0.869078994
vt -2.25699997 0.872498989
vt 0.737497985 0.872498989
vt 0.728101015 0.869078994
vt 0.729838014 0.866070986
vt -2.25699997 0.872498989
vt -2.25699997 0.866070986
vt -2.25699997 0.872498989
vt 0.737497985 0.872498989
vt 0.729838014 0.866070986
vt 0.73249799 0.863838971
vt -2.25699997 0.872498989
vt -2.25699997 0.863838971
vt -2.25699997 0.872498989
vt 0.737497985 0.872498989
vt 0.73249799 0.863838971
vt 0.735762 0.86265099
vt -2.25699997 0.872498989
vt -2.25699997 0.86265099
vt -2.25699997 0.872498989
vt 0.737497985 0.872498989
vt 0.735762 0.86265099
vt 0.739234984 0.86265099
vt 0.737497985 0.872498989
vt 0.739234984 0.86265099
vt 0.742497981 0.863838971
vt -0.416895002 0.869078994
vt -0.415158987 0.866070986
vt -0.407498002 0.872498989
vt -0.407498002 0.872498989
vt -0.415158987 0.866070986
vt -0.412497997 0.863838971
vt -1.45700002 0.872498989
vt -1.45700002 0.863838971
vt -1.45700002 0.872498989
vt -0.407498002 0.872498989
vt -0.412497997 0.863838971
vt -0.409235001 0.86265099
vt -1.45700002 0.872498989
vt -1.45700002 0.86265099
vt -1.45700002 0.872498989
vt -0.407498002 0.872498989
vt -0.409235001 0.86265099
vt -0.405761987 0.86265099
vt -1.45700002 0.872498989
vt -1.45700002 0.86265099
vt -1.45700002 0.872498989
vt -0.407498002 0.872498989
vt -0.405761987 0.86265099
vt -0.402498007 0.863838971
vt -1.45700002 0.872498989
vt -1.45700002 0.863838971
vt -1.45700002 0.872498989
vt -0.407498002 0.872498989
vt -0.402498007 0.863838971
vt -0.399838001 0.866070986
vt -1.45700002 0.872498989
vt -1.45700002 0.866070986
vt -1.45700002 0.872498989
vt -0.407498002 0.872498989
vt -0.399838001 0.866070986
vt -0.398101002 0.869078994
vt -1.45700002 0.872498989
vt -1.45700002 0.869078994
vt -1.45700002 0.872498989
vt -0.407498002 0.872498989
vt -0.398101002 0.869078994
vt -0.397498012 0.872498989
vt -1.45700002 0.872498989
vt -1.45700002 0.872498989
vt -1.45700002 0.872498989
vt -0.407498002 0.872498989
vt -0.397498012 0.872498989
vt -0.398101002 0.875918984
vt -1.45700002 0.872498989
vt -1.45700002 0.875918984
vt -1.45700002 0.872498989
vt -0.407498002 0.872498989
vt -0.398101002 0.875918984
vt -0.399838001 0.878926992
vt -1.45700002 0.872498989
vt -1.45700002 0.878926992
vt -1.45700002 0.872498989
vt -0.407498002 0.872498989
vt -0.399838001 0.878926992
vt -0.402498007 0.881159008
vt -1.45700002 0.872498989
vt -1.45700002 0.881159008
vt -1.45700002 0.872498989
vt -0.407498002 0.872498989
vt -0.402498007 0.881159008
vt -0.405761987 0.882346988
vt -1.45700002 0.872498989
vt -1.45700002 0.882346988
vt -1.45700002 0.872498989
vt -0.407498002 0.872498989
vt -0.405761987 0.882346988
vt -0.409235001 0.882346988
vt -1.45700002 0.872498989
vt -1.45700002 0.882346988
vt -1.45700002 0.872498989
vt -0.407498002 0.872498989
vt -0.409235001 0.882346988
vt -0.412497997 0.881159008
vt -1.45700002 0.872498989
vt -1.45700002 0.881159008
vt -1.45700002 0.872498989
vt -0.407498002 0.872498989
vt -0.412497997 0.881159008
vt -0.415158987 0.878926992
vt -1.45700002 0.872498989
vt -1.45700002 0.878926992
vt -1.45700002 0.872498989
vt -0.407498002 0.872498989
vt -0.415158987 0.878926992
vt -0.416895002 0.875918984
vt -1.45700002 0.872498989
vt -1.45700002 0.875918984
vt -1.45700002 0.872498989
vt -0.407498002 0.872498989
vt -0.416895002 0.875918984
vt -0.417497993 0.872498989
vt -0.407498002 0.872498989
vt -0.417497993 0.872498989
vt -0.416895002 0.869078994
vt 0.412497997 0.863838971
vt 0.415158987 0.866070986
vt 0.407498002 0.872498989
vt 0.407498002 0.872498989
vt 0.415158987 0.866070986
vt 0.416895002 0.869078994
vt -2.25699997 0.872498989
vt -2.25699997 0.869078994
vt -2.25699997 0.872498989
vt 0.407498002 0.872498989
vt 0.416895002 0.869078994
vt 0.417497993 0.872498989
vt -2.25699997 0.872498989
vt -2.25699997 0.872498989
vt -2.25699997 0.872498989
vt 0.407498002 0.872498989
vt 0.417497993 0.872498989
vt 0.416895002 0.875918984
vt -2.25699997 0.872498989
vt -2.25699997 0.875918984
vt -2.25699997 0.872498989
vt 0.407498002 0.872498989
vt 0.416895002 0.875918984
vt 0.415158987 0.878926992
vt -2.25699997 0.872498989
vt -2.25699997 0.878926992
vt -2.25699997 0.872498989
vt 0.407498002 0.872498989
vt 0.415158987 0.878926992
vt 0.412497997 0.881159008
vt -2.25699997 0.872498989
vt -2.25699997 0.881159008
vt -2.25699997 0.872498989
vt 0.407498002 0.872498989
vt 0.412497997 0.881159008
vt 0.409235001 0.882346988
vt -2.25699997 0.872498989
vt -2.25699997 0.882346988
vt -2.25699997 0.872498989
vt 0.407498002 0.872498989
vt 0.409235001 0.882346988
vt 0.405761987 0.882346988
vt -2.25699997 0.872498989
vt -2.25699997 0.882346988
vt -2.25699997 0.872498989
vt 0.407498002 0.872498989
vt 0.405761987 0.882346988
vt 0.402498007 0.881159008
vt -2.25699997 0.872498989
vt -2.25699997 0.881159008
vt -2.25699997 0.872498989
vt 0.407498002 0.872498989
vt 0.402498007 0.881159008
vt 0.399838001 0.878926992
vt -2.25699997 0.872498989
vt -2.25699997 0.878926992
vt -2.25699997 0.872498989
vt 0.407498002 0.872498989
vt 0.399838001 0.878926992
vt 0.398101002 0.875918984
vt -2.25699997 0.872498989
vt -2.25699997 0.875918984
vt -2.25699997 0.872498989
vt 0.407498002 0.872498989
vt 0.398101002 0.875918984
vt 0.397498012 0.872498989
vt -2.25699997 0.872498989
vt -2.25699997 0.872498989
vt -2.25699997 0.872498989
vt 0.407498002 0.872498989
vt 0.397498012 0.872498989
vt 0.398101002 0.869078994
vt -2.25699997 0.872498989
vt -2.25699997 0.869078994
vt -2.25699997 0.872498989
vt 0.407498002 0.872498989
vt 0.398101002 0.869078994
vt 0.399838001 0.866070986
vt -2.25699997 0.872498989
vt -2.25699997 0.866070986
vt -2.25699997 0.872498989
vt 0.407498002 0.872498989
vt 0.399838001 0.866070986
vt 0.402498007 0.863838971
vt -2.25699997 0.872498989
vt -2.25699997 0.863838971
vt -2.25699997 0.872498989
vt 0.407498002 0.872498989
vt 0.402498007 0.863838971
vt 0.405761987 0.86265099
vt -2.25699997 0.872498989
vt -2.25699997 0.86265099
vt -2.25699997 0.872498989
vt 0.407498002 0.872498989
vt 0.405761987 0.86265099
vt 0.409235001 0.86265099
vt 0.407498002 0.872498989
vt 0.409235001 0.86265099
vt 0.412497997 0.863838971
vt 0.136895001 0.875918984
vt 0.135159001 0.878926992
vt 0.127498001 0.872498989
vt 0.127498001 0.872498989
vt 0.135159001 0.878926992
vt 0.132497996 0.881159008
vt -2.05699992 0.872498989
vt -2.05699992 0.881159008
vt -2.05699992 0.872498989
vt 0.127498001 0.872498989
vt 0.132497996 0.881159008
vt 0.129234999 0.882346988
vt -2.05699992 0.872498989
vt -2.05699992 0.882346988
vt -2.05699992 0.872498989
vt 0.127498001 0.872498989
vt 0.129234999 0.882346988
vt 0.125762001 0.882346988
vt -2.05699992 0.872498989
vt -2.05699992 0.882346988
vt -2.05699992 0.872498989
vt 0.127498001 0.872498989
vt 0.125762001 0.882346988
vt 0.122497998 0.881159008
vt -2.05699992 0.872498989
vt -2.05699992 0.881159008
vt -2.05699992 0.872498989
vt 0.127498001 0.872498989
vt 0.122497998 0.881159008
vt 0.119837999 0.878926992
vt -2.05699992 0.872498989
vt -2.05699992 0.878926992
vt -2.05699992 0.872498989
vt 0.127498001 0.872498989
vt 0.119837999 0.878926992
vt 0.118101001 0.875918984
vt -2.05699992 0.872498989
vt -2.05699992 0.875918984
vt -2.05699992 0.872498989
vt 0.127498001 0.872498989
vt 0.118101001 0.875918984
vt 0.117498003 0.872498989
vt -2.05699992 0.872498989
vt -2.05699992 0.872498989
vt -2.05699992 0.872498989
vt 0.127498001 0.872498989
vt 0.117498003 0.872498989
vt 0.118101001 0.869078994
vt -2.05699992 0.872498989
vt -2.05699992 0.869078994
vt -2.05699992 0.872498989
vt 0.127498001 0.872498989
vt 0.118101001 0.869078994
vt 0.119837999 0.866070986
vt -2.05699992 0.872498989
vt -2.05699992 0.866070986
vt -2.05699992 0.872498989
vt 0.127498001 0.872498989
vt 0.119837999 0.866070986
vt 0.122497998 0.863838971
vt -2.05699992 0.872498989
vt -2.05699992 0.863838971
vt -2.05699992 0.872498989
vt 0.127498001 0.872498989
vt 0.122497998 0.863838971
vt 0.125762001 0.86265099
vt -2.05699992 0.872498989
vt -2.05699992 0.86265099
vt -2.05699992 0.872498989
vt 0.127498001 0.872498989
vt 0.125762001 0.86265099
vt 0.129234999 0.86265099
vt -2.05699992 0.872498989
vt -2.05699992 0.86265099
vt -2.05699992 0.872498989
vt 0.127498001 0.872498989
vt 0.129234999 0.86265099
vt 0.132497996 0.863838971
vt -2.05699992 0.872498989
vt -2.05699992 0.863838971
vt -2.05699992 0.872498989
vt 0.127498001 0.872498989
vt 0.132497996 0.863838971
vt 0.135159001 0.866070986
vt -2.05699992 0.872498989
vt -2.05699992 0.866070986
vt -2.05699992 0.872498989
vt 0.127498001 0.872498989
vt 0.135159001 0.866070986
vt 0.136895001 0.869078994
vt -2.05699992 0.872498989
vt -2.05699992 0.869078994
vt -2.05699992 0.872498989
vt 0.127498001 0.872498989
vt 0.136895001 0.869078994
vt 0.137498006 0.872498989
vt 0.127498001 0.872498989
vt 0.137498006 0.872498989
vt 0.136895001 0.875918984
vt -0.132497996 0.881159008
vt -0.135159001 0.878926992
vt -0.127498001 0.872498989
vt -0.127498001 0.872498989
vt -0.135159001 0.878926992
vt -0.136895001 0.875918984
vt -1.25699997 0.872498989
vt -1.25699997 0.875918984
vt -1.25699997 0.872498989
vt -0.127498001 0.872498989
vt -0.136895001 0.875918984
vt -0.137498006 0.872498989
vt -1.25699997 0.872498989
vt -1.25699997 0.872498989
vt -1.25699997 0.872498989
vt -0.127498001 0.872498989
vt -0.137498006 0.872498989
vt -0.136895001 0.869078994
vt -1.25699997 0.872498989
vt -1.25699997 0.869078994
vt -1.25699997 0.872498989
vt -0.127498001 0.872498989
vt -0.136895001 0.869078994
vt -0.135159001 0.866070986
vt -1.25699997 0.872498989
vt -1.25699997 0.866070986
vt -1.25699997 0.872498989
vt -0.127498001 0.872498989
vt -0.135159001 0.866070986
vt -0.132497996 0.863838971
vt -1.25699997 0.872498989
vt -1.25699997 0.863838971
vt -1.25699997 0.872498989
vt -0.127498001 0.872498989
vt -0.132497996 0.863838971
vt -0.129234999 0.86265099
vt -1.25699997 0.872498989
vt -1.25699997 0.86265099
vt -1.25699997 0.872498989
vt -0.127498001 0.872498989
vt -0.129234999 0.86265099
vt -0.125762001 0.86265099
vt -1.25699997 0.872498989
vt -1.25699997 0.86265099
vt -1.25699997 0.872498989
vt -0.127498001 0.872498989
vt -0.125762001 0.86265099
vt -0.122497998 0.863838971
vt -1.25699997 0.872498989
vt -1.25699997 0.863838971
vt -1.25699997 0.872498989
vt -0.127498001 0.872498989
vt -0.122497998 0.863838971
vt -0.119837999 0.866070986
vt -1.25699997 0.872498989
vt -1.25699997 0.866070986
vt -1.25699997 0.872498989
vt -0.127498001 0.872498989
vt -0.119837999 0.866070986
vt -0.118101001 0.869078994
vt -1.25699997 0.872498989
vt -1.25699997 0.869078994
vt -1.25699997 0.872498989
vt -0.127498001 0.872498989
vt -0.118101001 0.869078994
vt -0.117498003 0.872498989
vt -1.25699997 0.872498989
vt -1.25699997 0.872498989
vt -1.25699997 0.872498989
vt -0.127498001 0.872498989
vt -0.117498003 0.872498989
vt -0.118101001 0.875918984
vt -1.25699997 0.872498989
vt -1.25699997 0.875918984
vt -1.25699997 0.872498989
vt -0.127498001 0.872498989
vt -0.118101001 0.875918984
vt -0.119837999 0.878926992
vt -1.25699997 0.872498989
vt -1.25699997 0.878926992
vt -1.25699997 0.872498989
vt -0.127498001 0.872498989
vt -0.119837999 0.878926992
vt -0.122497998 0.881159008
vt -1.25699997 0.872498989
vt -1.25699997 0.881159008
vt -1.25699997 0.872498989
vt -0.127498001 0.872498989
vt -0.122497998 0.881159008
vt -0.125762001 0.882346988
vt -1.25699997 0.872498989
vt -1.25699997 0.882346988
vt -1.25699997 0.872498989
vt -0.127498001 0.872498989
vt -0.125762001 0.882346988
vt -0.129234999 0.882346988
vt -0.127498001 0.872498989
vt -0.129234999 0.882346988
vt -0.132497996 0.881159008
vt -2.54999995 0.883980989
vt -2.54999995 0.876459002
vt -1.75 0.883980989
vt -1.75 0.883980989
vt -2.54999995 0.876459002
vt -2.54999995 0.876459002
vt -1.75 0.883980989
vt -2.54999995 0.876459002
vt -1.75 0.876459002
vt -1.75 0.876459002
vt -2.54999995 0.876459002
vt -2.54999995 0.868538976
vt -1.75 0.876459002
vt -2.54999995 0.868538976
vt -1.75 0.868538976
vt -1.75 0.868538976
vt -2.54999995 0.868538976
vt -2.54999995 0.861016989
vt -1.75 0.868538976
vt -2.54999995 0.861016989
vt -1.75 0.861016989
vt -1.75 0.861016989
vt -2.54999995 0.861016989
vt -2.54999995 0.861016989
vt -1.75 0.861016989
vt -2.54999995 0.861016989
vt -1.75 0.859826982
vt -1.75 0.859826982
vt -2.54999995 0.861016989
vt -2.54999995 0.859826982
vt -1.75 0.859826982
vt -2.54999995 0.859826982
vt -1.75 0.858735979
vt -1.75 0.858735979
vt -2.54999995 0.859826982
vt -2.54999995 0.858735979
vt -0.595018029 1.75
vt -0.595018029 2.54999995
vt -0.595497012 1.75
vt -0.595497012 1.75
vt -0.595018029 2.54999995
vt -0.595497012 2.54999995
vt -1.75 0.858358026
vt -2.54999995 0.858358026
vt -1.75 0.858358026
vt -0.595497012 1.75
vt -0.595497012 2.54999995
vt -0.597178996 2.54999995
vt -0.595497012 1.75
vt -0.597178996 2.54999995
vt -0.597178996 1.75
vt -1.75 0.856992006
vt -2.54999995 0.856992006
vt -2.54999995 0.855149984
vt -1.75 0.856992006
vt -2.54999995 0.855149984
vt -1.75 0.855149984
vt -1.75 0.855149984
vt -2.54999995 0.855149984
vt -2.54999995 0.853034973
vt -1.75 0.855149984
vt -2.54999995 0.853034973
vt -1.75 0.853034973
vt -1.75 0.853034973
vt -2.54999995 0.853034973
vt -2.54999995 0.85088402
vt -1.75 0.853034973
vt -2.54999995 0.85088402
vt -1.75 0.85088402
vt -1.75 0.85088402
vt -2.54999995 0.85088402
vt -2.54999995 0.848933995
vt -1.75 0.85088402
vt -2.54999995 0.848933995
vt -1.75 0.848933995
vt -1.75 0.848933995
vt -2.54999995 0.848933995
vt -2.54999995 0.847401977
vt -1.75 0.848933995
vt -2.54999995 0.847401977
vt -1.75 0.847401977
vt 0.596063018 1.75
vt 0.596063018 2.54999995
vt 0.594112992 2.54999995
vt 0.596063018 1.75
vt 0.594112992 2.54999995
vt 0.594112992 1.75
vt 0.594112992 1.75
vt 0.594112992 2.54999995
vt 0.59196198 2.54999995
vt 0.594112992 1.75
vt 0.59196198 2.54999995
vt 0.59196198 1.75
vt 0.59196198 1.75
vt 0.59196198 2.54999995
vt 0.589847028 2.54999995
vt 0.59196198 1.75
vt 0.589847028 2.54999995
vt 0.589847028 1.75
vt 0.589847028 1.75
vt 0.589847028 2.54999995
vt 0.588005006 2.54999995
vt 0.589847028 1.75
vt 0.588005006 2.54999995
vt 0.588005006 1.75
vt 1.75 0.847818017
vt 2.54999995 0.847818017
vt 2.54999995 0.8495
vt 1.75 0.847818017
vt 2.54999995 0.8495
vt 1.75 0.8495
vt -1.75 0.8495
vt -2.54999995 0.8495
vt -2.54999995 0.8495
vt 0.586638987 1.75
vt 0.586638987 2.54999995
vt 0.585754991 1.75
vt 0.585754991 1.75
vt 0.586638987 2.54999995
vt 0.585754991 2.54999995
vt 0.585754991 1.75
vt 0.585754991 2.54999995
vt 0.584559023 1.75
vt 0.584559023 1.75
vt 0.585754991 2.54999995
vt 0.584559023 2.54999995
vt 0.584559023 1.75
vt 0.584559023 2.54999995
vt 0.583980024 1.75
vt 0.583980024 1.75
vt 0.584559023 2.54999995
vt 0.583980024 2.54999995
vt -1.75 0.850292027
vt -2.54999995 0.850292027
vt -1.75 0.850292027
vt 0.583980024 1.75
vt 0.583980024 2.54999995
vt 0.576457977 2.54999995
vt 0.583980024 1.75
vt 0.576457977 2.54999995
vt 0.576457977 1.75
vt 0.576457977 1.75
vt 0.576457977 2.54999995
vt 0.56853801 2.54999995
vt 0.576457977 1.75
vt 0.56853801 2.54999995
vt 0.56853801 1.75
vt 0.56853801 1.75
vt 0.56853801 2.54999995
vt 0.561016023 2.54999995
vt 0.56853801 1.75
vt 0.561016023 2.54999995
vt 0.561016023 1.75
vt -1.75 0.850292027
vt -2.54999995 0.850292027
vt -2.54999995 0.850292027
vt 0.561016023 1.75
vt 0.561016023 2.54999995
vt 0.559826016 1.75
vt 0.559826016 1.75
vt 0.561016023 2.54999995
vt 0.559826016 2.54999995
vt 0.559826016 1.75
vt 0.559826016 2.54999995
vt 0.558735013 1.75
vt 0.558735013 1.75
vt 0.559826016 2.54999995
vt 0.558735013 2.54999995
vt -1.75 0.849978983
vt -2.54999995 0.849978983
vt -1.75 0.8495
vt -1.75 0.8495
vt -2.54999995 0.849978983
vt -2.54999995 0.8495
vt -1.75 0.8495
vt -2.54999995 0.8495
vt -1.75 0.8495
vt -1.75 0.8495
vt -2.54999995 0.8495
vt -2.54999995 0.847818017
vt -1.75 0.8495
vt -2.54999995 0.847818017
vt -1.75 0.847818017
vt 0.556990981 1.75
vt 0.556990981 2.54999995
vt 0.555149019 2.54999995
vt 0.556990981 1.75
vt 0.555149019 2.54999995
vt 0.555149019 1.75
vt 0.555149019 1.75
vt 0.555149019 2.54999995
vt 0.553034008 2.54999995
vt 0.555149019 1.75
vt 0.553034008 2.54999995
vt 0.553034008 1.75
vt 0.553034008 1.75
vt 0.553034008 2.54999995
vt 0.550882995 2.54999995
vt 0.553034008 1.75
vt 0.550882995 2.54999995
vt 0.550882995 1.75
vt 0.550882995 1.75
vt 0.550882995 2.54999995
vt 0.548933029 2.54999995
vt 0.550882995 1.75
vt 0.548933029 2.54999995
vt 0.548933029 1.75
vt 1.75 0.847401977
vt 2.54999995 0.847401977
vt 2.54999995 0.848933995
vt 1.75 0.847401977
vt 2.54999995 0.848933995
vt 1.75 0.848933995
vt 1.75 0.848933995
vt 2.54999995 0.848933995
vt 2.54999995 0.85088402
vt 1.75 0.848933995
vt 2.54999995 0.85088402
vt 1.75 0.85088402
vt 1.75 0.85088402
vt 2.54999995 0.85088402
vt 2.54999995 0.853034973
vt 1.75 0.85088402
vt 2.54999995 0.853034973
vt 1.75 0.853034973
vt 1.75 0.853034973
vt 2.54999995 0.853034973
vt 2.54999995 0.855149984
vt 1.75 0.853034973
vt 2.54999995 0.855149984
vt 1.75 0.855149984
vt 1.75 0.855149984
vt 2.54999995 0.855149984
vt 2.54999995 0.856992006
vt 1.75 0.855149984
vt 2.54999995 0.856992006
vt 1.75 0.856992006
vt -0.547818005 1.75
vt -0.547818005 2.54999995
vt -0.549498975 2.54999995
vt -0.547818005 1.75
vt -0.549498975 2.54999995
vt -0.549498975 1.75
vt -1.75 0.858358026
vt -2.54999995 0.858358026
vt -2.54999995 0.858358026
vt 1.75 0.858358026
vt 2.54999995 0.858358026
vt 1.75 0.859242022
vt 1.75 0.859242022
vt 2.54999995 0.858358026
vt 2.54999995 0.859242022
vt 1.75 0.859242022
vt 2.54999995 0.859242022
vt 1.75 0.860437989
vt 1.75 0.860437989
vt 2.54999995 0.859242022
vt 2.54999995 0.860437989
vt 1.75 0.860437989
vt 2.54999995 0.860437989
vt 1.75 0.861016989
vt 1.75 0.861016989
vt 2.54999995 0.860437989
vt 2.54999995 0.861016989
vt -1.75 0.861016989
vt -2.54999995 0.861016989
vt -1.75 0.861016989
vt 1.75 0.861016989
vt 2.54999995 0.861016989
vt 2.54999995 0.868538976
vt 1.75 0.861016989
vt 2.54999995 0.868538976
vt 1.75 0.868538976
vt 1.75 0.868538976
vt 2.54999995 0.868538976
vt 2.54999995 0.876459002
vt 1.75 0.868538976
vt 2.54999995 0.876459002
vt 1.75 0.876459002
vt 1.75 0.876459002
vt 2.54999995 0.876459002
vt 2.54999995 0.883980989
vt 1.75 0.876459002
vt 2.54999995 0.883980989
vt 1.75 0.883980989
vt -1.75 0.883980989
vt -2.54999995 0.883980989
vt -2.54999995 0.883980989
vt 1.75 0.883980989
vt 2.54999995 0.883980989
vt 1.75 0.885170996
vt 1.75 0.885170996
vt 2.54999995 0.883980989
vt 2.54999995 0.885170996
vt 1.75 0.885170996
vt 2.54999995 0.885170996
vt 1.75 0.886262
vt 1.75 0.886262
vt 2.54999995 0.885170996
vt 2.54999995 0.886262
vt 0.549978018 1.75
vt 0.549978018 2.54999995
vt 0.549498975 1.75
vt 0.549498975 1.75
vt 0.549978018 2.54999995
vt 0.549498975 2.54999995
vt -1.75 0.886640012
vt -2.54999995 0.886640012
vt -1.75 0.886640012
vt 0.549498975 1.75
vt 0.549498975 2.54999995
vt 0.547818005 2.54999995
vt 0.549498975 1.75
vt 0.547818005 2.54999995
vt 0.547818005 1.75
vt 1.75 0.888005972
vt 2.54999995 0.888005972
vt 2.54999995 0.889847994
vt 1.75 0.888005972
vt 2.54999995 0.889847994
vt 1.75 0.889847994
vt 1.75 0.889847994
vt 2.54999995 0.889847994
vt 2.54999995 0.891963005
vt 1.75 0.889847994
vt 2.54999995 0.891963005
vt 1.75 0.891963005
vt 1.75 0.891963005
vt 2.54999995 0.891963005
vt 2.54999995 0.894114017
vt 1.75 0.891963005
vt 2.54999995 0.894114017
vt 1.75 0.894114017
vt 1.75 0.894114017
vt 2.54999995 0.894114017
vt 2.54999995 0.896063983
vt 1.75 0.894114017
vt 2.54999995 0.896063983
vt 1.75 0.896063983
vt 1.75 0.896063983
vt 2.54999995 0.896063983
vt 2.54999995 0.897596002
vt 1.75 0.896063983
vt 2.54999995 0.897596002
vt 1.75 0.897596002
vt -0.548933029 1.75
vt -0.548933029 2.54999995
vt -0.550882995 2.54999995
vt -0.548933029 1.75
vt -0.550882995 2.54999995
vt -0.550882995 1.75
vt -0.550882995 1.75
vt -0.550882995 2.54999995
vt -0.553034008 2.54999995
vt -0.550882995 1.75
vt -0.553034008 2.54999995
vt -0.553034008 1.75
vt -0.553034008 1.75
vt -0.553034008 2.54999995
vt -0.555149019 2.54999995
vt -0.553034008 1.75
vt -0.555149019 2.54999995
vt -0.555149019 1.75
vt -0.555149019 1.75
vt -0.555149019 2.54999995
vt -0.556990981 2.54999995
vt -0.555149019 1.75
vt -0.556990981 2.54999995
vt -0.556990981 1.75
vt -1.75 0.897180021
vt -2.54999995 0.897180021
vt -2.54999995 0.895497978
vt -1.75 0.897180021
vt -2.54999995 0.895497978
vt -1.75 0.895497978
vt -1.75 0.895497978
vt -2.54999995 0.895497978
vt -2.54999995 0.895497978
vt -0.558357 1.75
vt -0.558357 2.54999995
vt -0.559240997 1.75
vt -0.559240997 1.75
vt -0.558357 2.54999995
vt -0.559240997 2.54999995
vt -0.559240997 1.75
vt -0.559240997 2.54999995
vt -0.560437024 1.75
vt -0.560437024 1.75
vt -0.559240997 2.54999995
vt -0.560437024 2.54999995
vt -0.560437024 1.75
vt -0.560437024 2.54999995
vt -0.561016023 1.75
vt -0.561016023 1.75
vt -0.560437024 2.54999995
vt -0.561016023 2.54999995
vt -1.75 0.894706011
vt -2.54999995 0.894706011
vt -1.75 0.894706011
vt -0.561016023 1.75
vt -0.561016023 2.54999995
vt -0.56853801 2.54999995
vt -0.561016023 1.75
vt -0.56853801 2.54999995
vt -0.56853801 1.75
vt -0.56853801 1.75
vt -0.56853801 2.54999995
vt -0.576457977 2.54999995
vt -0.56853801 1.75
vt -0.576457977 2.54999995
vt -0.576457977 1.75
vt -0.576457977 1.75
vt -0.576457977 2.54999995
vt -0.583980024 2.54999995
vt -0.576457977 1.75
vt -0.583980024 2.54999995
vt -0.583980024 1.75
vt -1.75 0.894706011
vt -2.54999995 0.894706011
vt -2.54999995 0.894706011
vt -0.583980024 1.75
vt -0.583980024 2.54999995
vt -0.585169971 1.75
vt -0.585169971 1.75
vt -0.583980024 2.54999995
vt -0.585169971 2.54999995
vt -0.585169971 1.75
vt -0.585169971 2.54999995
vt -0.586260974 1.75
vt -0.586260974 1.75
vt -0.585169971 2.54999995
vt -0.586260974 2.54999995
vt 1.75 0.895018995
vt 2.54999995 0.895018995
vt 1.75 0.895497978
vt 1.75 0.895497978
vt 2.54999995 0.895018995
vt 2.54999995 0.895497978
vt -1.75 0.895497978
vt -2.54999995 0.895497978
vt -1.75 0.895497978
vt 1.75 0.895497978
vt 2.54999995 0.895497978
vt 2.54999995 0.897180021
vt 1.75 0.895497978
vt 2.54999995 0.897180021
vt 1.75 0.897180021
vt -0.588005006 1.75
vt -0.588005006 2.54999995
vt -0.589847028 2.54999995
vt -0.588005006 1.75
vt -0.589847028 2.54999995
vt -0.589847028 1.75
vt -0.589847028 1.75
vt -0.589847028 2.54999995
vt -0.59196198 2.54999995
vt -0.589847028 1.75
vt -0.59196198 2.54999995
vt -0.59196198 1.75
vt -0.59196198 1.75
vt -0.59196198 2.54999995
vt -0.594112992 2.54999995
vt -0.59196198 1.75
vt -0.594112992 2.54999995
vt -0.594112992 1.75
vt -0.594112992 1.75
vt -0.594112992 2.54999995
vt -0.596063018 2.54999995
vt -0.594112992 1.75
vt -0.596063018 2.54999995
vt -0.596063018 1.75
vt -1.75 0.897596002
vt -2.54999995 0.897596002
vt -2.54999995 0.896063983
vt -1.75 0.897596002
vt -2.54999995 0.896063983
vt -1.75 0.896063983
vt -1.75 0.896063983
vt -2.54999995 0.896063983
vt -2.54999995 0.894114017
vt -1.75 0.896063983
vt -2.54999995 0.894114017
vt -1.75 0.894114017
vt -1.75 0.894114017
vt -2.54999995 0.894114017
vt -2.54999995 0.891963005
vt -1.75 0.894114017
vt -2.54999995 0.891963005
vt -1.75 0.891963005
vt -1.75 0.891963005
vt -2.54999995 0.891963005
vt -2.54999995 0.889847994
vt -1.75 0.891963005
vt -2.54999995 0.889847994
vt -1.75 0.889847994
vt -1.75 0.889847994
vt -2.54999995 0.889847994
vt -2.54999995 0.888005972
vt -1.75 0.889847994
vt -2.54999995 0.888005972
vt -1.75 0.888005972
vt 0.597178996 1.75
vt 0.597178996 2.54999995
vt 0.595497012 2.54999995
vt 0.597178996 1.75
vt 0.595497012 2.54999995
vt 0.595497012 1.75
vt -1.75 0.886640012
vt -2.54999995 0.886640012
vt -2.54999995 0.886640012
vt -1.75 0.886640012
vt -2.54999995 0.886640012
vt -1.75 0.885756016
vt -1.75 0.885756016
vt -2.54999995 0.886640012
vt -2.54999995 0.885756016
vt -1.75 0.885756016
vt -2.54999995 0.885756016
vt -1.75 0.884559989
vt -1.75 0.884559989
vt -2.54999995 0.885756016
vt -2.54999995 0.884559989
vt -1.75 0.884559989
vt -2.54999995 0.884559989
vt -1.75 0.883980989
vt -1.75 0.883980989
vt -2.54999995 0.884559989
vt -2.54999995 0.883980989
vt 0.282501996 0.812498987
vt 0.282501996 0.782499015
vt 0.312501997 0.812498987
vt 0.312501997 0.812498987
vt 0.282501996 0.782499015
vt 0.312501997 0.782499015
vt 0.312501997 1.79999995
vt 0.282501996 1.79999995
vt 0.312501997 0.899999976
vt 0.312501997 0.899999976
vt 0.282501996 1.79999995
vt 0.282501996 0.899999976
vt -0.899999976 0.782499015
vt -0.899999976 0.812498987
vt -1.79999995 0.782499015
vt -1.79999995 0.782499015
vt -0.899999976 0.812498987
vt -1.79999995 0.812498987
vt -0.312501997 0.899999976
vt -0.282501996 0.899999976
vt -0.312501997 1.79999995
vt -0.312501997 1.79999995
vt -0.282501996 0.899999976
vt -0.282501996 1.79999995
vt 0.899999976 0.812498987
vt 0.899999976 0.782499015
vt 1.79999995 0.812498987
vt 1.79999995 0.812498987
vt 0.899999976 0.782499015
vt 1.79999995 0.782499015
f 1/1 2/2 3/3
f 4/4 5/5 6/6
f 7/7 8/8 9/9
f 10/10 11/11 12/12
f 13/13 14/14 15/15
f 2/16 16/17 3/18
f 17/19 18/20 19/21
f 20/22 4/23 6/24
f 21/25 7/26 9/27
f 14/28 22/29 1/30
f 23/31 24/32 10/33
f 19/34 18/35 11/36
f 24/37 25/38 26/39
f 9/40 27/41 28/42
f 29/43 30/44 31/45
f 2/46 32/47 33/48
f 34/49 35/50 36/51
f 37/52 15/53 38/54
f 17/55 39/56 40/57
f 41/58 42/59 43/60
f 40/61 44/62 45/63
f 46/64 20/65 3/66
f 20/67 6/68 3/69
f 30/70 37/71 47/72
f 14/73 1/74 15/75
f 48/76 49/77 50/78
f 51/79 49/80 7/81
f 19/82 11/83 10/84
f 8/85 31/86 27/87
f 13/88 18/89 14/90
f 52/91 44/92 26/93
f 10/94 12/95 53/96
f 1/97 32/98 2/99
f 54/100 13/101 37/102
f 55/103 9/104 28/105
f 16/106 56/107 3/108
f 13/109 15/110 37/111
f 56/112 57/113 3/114
f 29/115 31/116 18/117
f 17/118 19/119 39/120
f 57/121 46/122 3/123
f 37/124 38/125 47/126
f 29/127 18/128 13/129
f 40/130 39/131 44/132
f 54/133 37/134 58/135
f 59/136 60/137 61/138
f 6/139 62/140 15/141
f 5/142 63/143 64/144
f 15/145 65/146 38/147
f 64/148 63/149 66/150
f 64/151 66/152 67/153
f 67/154 66/155 68/156
f 69/157 70/158 38/159
f 38/160 70/161 47/162
f 70/163 68/164 71/165
f 70/166 71/167 47/168
f 72/169 66/170 73/171
f 72/172 73/173 74/174
f 71/175 75/176 47/177
f 74/178 73/179 76/180
f 74/181 76/182 77/183
f 74/184 77/185 75/186
f 76/187 73/188 78/189
f 31/190 79/191 18/192
f 18/193 79/194 80/195
f 18/196 80/197 81/198
f 18/199 82/200 11/201
f 80/202 79/203 83/204
f 79/205 84/206 83/207
f 81/208 85/209 86/210
f 86/211 87/212 82/213
f 88/214 89/215 90/216
f 88/217 91/218 12/219
f 9/220 8/221 27/222
f 89/223 87/224 92/225
f 85/226 93/227 94/228
f 93/229 95/230 96/231
f 97/232 98/233 99/234
f 95/235 83/236 100/237
f 101/238 61/239 32/240
f 28/241 27/242 102/243
f 28/244 103/245 63/246
f 104/247 105/248 106/249
f 107/250 108/251 63/252
f 109/253 110/254 111/255
f 112/256 27/257 108/258
f 113/259 114/260 115/261
f 116/262 67/263 117/264
f 118/265 119/266 120/267
f 120/268 119/269 114/270
f 119/271 115/272 114/273
f 121/274 122/275 123/276
f 124/277 125/278 126/279
f 127/280 128/281 129/282
f 130/283 127/284 129/285
f 131/286 132/287 133/288
f 133/289 132/290 134/291
f 135/292 136/293 137/294
f 138/295 139/296 140/297
f 141/298 142/299 143/300
f 143/301 142/302 144/303
f 145/304 146/305 147/306
f 147/307 146/308 148/309
f 147/310 149/311 145/312
f 150/313 151/314 152/315
f 153/316 154/317 155/318
f 156/319 157/320 158/321
f 158/322 157/323 159/324
f 157/325 152/326 159/327
f 148/328 146/329 160/330
f 148/331 160/332 161/333
f 161/334 162/335 149/336
f 149/337 162/338 145/339
f 146/340 145/341 163/342
f 145/343 164/344 165/345
f 145/346 165/347 163/348
f 164/349 166/350 167/351
f 164/352 167/353 165/354
f 167/355 166/356 168/357
f 169/358 170/359 171/360
f 171/361 170/362 172/363
f 166/364 173/365 168/366
f 168/367 173/368 174/369
f 170/370 155/371 172/372
f 165/373 174/374 163/375
f 175/376 176/377 177/378
f 177/379 176/380 178/381
f 179/382 180/383 181/384
f 181/385 180/386 182/387
f 183/388 184/389 185/390
f 185/391 184/392 186/393
f 187/394 188/395 189/396
f 189/397 188/398 190/399
f 191/400 192/401 193/402
f 193/403 192/404 194/405
f 193/406 194/407 195/408
f 193/409 196/410 191/411
f 197/412 198/413 199/414
f 194/415 192/416 200/417
f 200/418 192/419 201/420
f 202/421 203/422 204/423
f 204/424 203/425 198/426
f 198/427 203/428 199/429
f 203/430 205/431 199/432
f 199/433 205/434 206/435
f 206/436 205/437 207/438
f 206/439 207/440 208/441
f 209/442 210/443 196/444
f 207/445 205/446 211/447
f 210/448 212/449 196/450
f 196/451 212/452 191/453
f 211/454 205/455 213/456
f 212/457 214/458 191/459
f 215/460 216/461 217/462
f 217/463 216/464 218/465
f 217/466 218/467 219/468
f 217/469 123/470 215/471
f 220/472 221/473 222/474
f 218/475 216/476 223/477
f 223/478 216/479 224/480
f 225/481 226/482 227/483
f 227/484 226/485 221/486
f 221/487 226/488 222/489
f 226/490 228/491 222/492
f 222/493 228/494 229/495
f 229/496 228/497 230/498
f 229/499 230/500 231/501
f 230/502 228/503 232/504
f 122/505 233/506 123/507
f 123/508 233/509 215/510
f 232/511 228/512 234/513
f 233/514 235/515 215/516
f 236/517 237/518 238/519
f 239/520 240/521 241/522
f 242/523 243/524 244/525
f 245/526 246/527 247/528
f 248/529 249/530 250/531
f 251/532 252/533 253/534
f 254/535 255/536 256/537
f 257/538 258/539 259/540
f 260/541 261/542 262/543
f 263/544 264/545 265/546
f 266/547 267/548 268/549
f 269/550 270/551 271/552
f 272/553 273/554 274/555
f 275/556 276/557 277/558
f 278/559 279/560 280/561
f 281/562 282/563 283/564
f 20/565 46/566 284/567
f 284/568 46/569 46/570
f 284/571 46/572 285/573
f 285/574 46/575 286/576
f 285/577 286/578 287/579
f 288/580 289/581 290/582
f 290/583 289/584 291/585
f 288/586 292/587 289/588
f 289/589 292/590 293/591
f 294/592 295/593 296/594
f 296/595 295/596 297/597
f 294/598 296/599 298/600
f 298/601 296/602 299/603
f 298/604 300/605 294/606
f 294/607 300/608 295/609
f 300/610 298/611 301/612
f 301/613 298/614 299/615
f 300/616 301/617 295/618
f 295/619 301/620 297/621
f 296/622 297/623 299/624
f 299/625 297/626 301/627
f 302/628 303/629 304/630
f 304/631 303/632 305/633
f 302/634 304/635 306/636
f 306/637 304/638 307/639
f 306/640 308/641 302/642
f 302/643 308/644 303/645
f 308/646 306/647 309/648
f 309/649 306/650 307/651
f 308/652 309/653 303/654
f 303/655 309/656 305/657
f 304/658 305/659 307/660
f 307/661 305/662 309/663
f 310/664 311/665 312/666
f 312/667 311/668 313/669
f 310/670 312/671 314/672
f 314/673 312/674 315/675
f 314/676 316/677 310/678
f 310/679 316/680 311/681
f 316/682 314/683 317/684
f 317/685 314/686 315/687
f 316/688 317/689 311/690
f 311/691 317/692 313/693
f 312/694 313/695 315/696
f 315/697 313/698 317/699
f 318/700 319/701 320/702
f 320/703 319/704 321/705
f 318/706 320/707 322/708
f 322/709 320/710 323/711
f 322/712 324/713 318/714
f 318/715 324/716 319/717
f 324/718 322/719 325/720
f 325/721 322/722 323/723
f 324/724 325/725 319/726
f 319/727 325/728 321/729
f 320/730 321/731 323/732
f 323/733 321/734 325/735
f 326/736 327/737 328/738
f 328/739 327/740 329/741
f 326/742 328/743 330/744
f 330/745 328/746 331/747
f 330/748 332/749 326/750
f 326/751 332/752 327/753
f 332/754 330/755 333/756
f 333/757 330/758 331/759
f 332/760 333/761 327/762
f 327/763 333/764 329/765
f 328/766 329/767 331/768
f 331/769 329/770 333/771
f 334/772 335/773 336/774
f 336/775 335/776 337/777
f 334/778 336/779 338/780
f 338/781 336/782 339/783
f 338/784 340/785 334/786
f 334/787 340/788 335/789
f 340/790 338/791 341/792
f 341/793 338/794 339/795
f 340/796 341/797 335/798
f 335/799 341/800 337/801
f 336/802 337/803 339/804
f 339/805 337/806 341/807
f 342/808 343/809 344/810
f 344/811 343/812 345/813
f 342/814 344/815 346/816
f 346/817 344/818 347/819
f 346/820 348/821 342/822
f 342/823 348/824 343/825
f 348/826 346/827 349/828
f 349/829 346/830 347/831
f 348/832 349/833 343/834
f 343/835 349/836 345/837
f 344/838 345/839 347/840
f 347/841 345/842 349/843
f 350/844 351/845 352/846
f 352/847 351/848 353/849
f 350/850 352/851 354/852
f 354/853 352/854 355/855
f 354/856 356/857 350/858
f 350/859 356/860 351/861
f 356/862 354/863 357/864
f 357/865 354/866 355/867
f 356/868 357/869 351/870
f 351/871 357/872 353/873
f 352/874 353/875 355/876
f 355/877 353/878 357/879
f 358/880 359/881 360/882
f 360/883 359/884 361/885
f 358/886 360/887 362/888
f 362/889 360/890 363/891
f 362/892 364/893 358/894
f 358/895 364/896 359/897
f 364/898 362/899 365/900
f 365/901 362/902 363/903
f 364/904 365/905 359/906
f 359/907 365/908 361/909
f 360/910 361/911 363/912
f 363/913 361/914 365/915
f 366/916 367/917 368/918
f 368/919 367/920 369/921
f 366/922 368/923 370/924
f 370/925 368/926 371/927
f 370/928 372/929 366/930
f 366/931 372/932 367/933
f 372/934 370/935 373/936
f 373/937 370/938 371/939
f 372/940 373/941 367/942
f 367/943 373/944 369/945
f 368/946 369/947 371/948
f 371/949 369/950 373/951
f 374/952 375/953 376/954
f 376/955 375/956 375/957
f 376/958 375/959 377/960
f 377/961 375/962 378/963
f 377/964 378/965 377/966
f 377/967 378/968 379/969
f 377/970 379/971 377/972
f 377/973 379/974 380/975
f 377/976 380/977 377/978
f 377/979 380/980 381/981
f 377/982 381/983 377/984
f 377/985 381/986 280/987
f 377/988 280/989 382/990
f 382/991 280/992 280/993
f 382/994 280/995 383/996
f 383/997 280/998 279/999
f 384/1000 385/1001 386/1002
f 386/1003 385/1004 387/1005
f 386/1006 387/1007 388/1008
f 388/1009 387/1010 387/1011
f 388/1012 387/1013 389/1014
f 389/1015 387/1016 387/1017
f 389/1018 387/1019 390/1020
f 390/1021 387/1022 387/1023
f 390/1024 387/1025 391/1026
f 391/1027 387/1028 387/1029
f 391/1030 387/1031 282/1032
f 282/1033 387/1034 392/1035
f 282/1036 392/1037 282/1038
f 282/1039 392/1040 393/1041
f 282/1042 393/1043 283/1044
f 280/1045 394/1046 278/1047
f 278/1048 394/1049 394/1050
f 278/1051 394/1052 395/1053
f 395/1054 394/1055 396/1056
f 395/1057 396/1058 395/1059
f 395/1060 396/1061 397/1062
f 395/1063 397/1064 395/1065
f 395/1066 397/1067 398/1068
f 395/1069 398/1070 395/1071
f 395/1072 398/1073 399/1074
f 395/1075 399/1076 395/1077
f 395/1078 399/1079 400/1080
f 395/1081 400/1082 395/1083
f 395/1084 400/1085 401/1086
f 395/1087 401/1088 402/1089
f 402/1090 401/1091 403/1092
f 402/1093 403/1094 402/1095
f 402/1096 403/1097 404/1098
f 402/1099 404/1100 405/1101
f 405/1102 404/1103 404/1104
f 405/1105 404/1106 406/1107
f 406/1108 404/1109 404/1110
f 406/1111 404/1112 407/1113
f 407/1114 404/1115 408/1116
f 407/1117 408/1118 407/1119
f 407/1120 408/1121 409/1122
f 407/1123 409/1124 410/1125
f 410/1126 409/1127 411/1128
f 402/1129 412/1130 395/1131
f 395/1132 412/1133 413/1134
f 395/1135 413/1136 395/1137
f 395/1138 413/1139 414/1140
f 395/1141 414/1142 395/1143
f 395/1144 414/1145 415/1146
f 395/1147 415/1148 395/1149
f 395/1150 415/1151 416/1152
f 395/1153 416/1154 417/1155
f 417/1156 416/1157 416/1158
f 417/1159 416/1160 418/1161
f 418/1162 416/1163 263/1164
f 282/1165 281/1166 419/1167
f 419/1168 281/1169 420/1170
f 419/1171 420/1172 421/1173
f 421/1174 420/1175 420/1176
f 421/1177 420/1178 422/1179
f 422/1180 420/1181 420/1182
f 422/1183 420/1184 423/1185
f 423/1186 420/1187 420/1188
f 423/1189 420/1190 424/1191
f 424/1192 420/1193 420/1194
f 424/1195 420/1196 425/1197
f 425/1198 420/1199 420/1200
f 425/1201 420/1202 426/1203
f 426/1204 420/1205 427/1206
f 426/1207 427/1208 428/1209
f 428/1210 427/1211 427/1212
f 428/1213 427/1214 429/1215
f 429/1216 427/1217 430/1218
f 429/1219 430/1220 429/1221
f 429/1222 430/1223 431/1224
f 429/1225 431/1226 429/1227
f 429/1228 431/1229 432/1230
f 429/1231 432/1232 433/1233
f 433/1234 432/1235 432/1236
f 433/1237 432/1238 434/1239
f 434/1240 432/1241 435/1242
f 434/1243 435/1244 436/1245
f 427/1246 420/1247 437/1248
f 437/1249 420/1250 420/1251
f 437/1252 420/1253 438/1254
f 438/1255 420/1256 420/1257
f 438/1258 420/1259 439/1260
f 439/1261 420/1262 420/1263
f 439/1264 420/1265 440/1266
f 440/1267 420/1268 420/1269
f 440/1270 420/1271 441/1272
f 441/1273 420/1274 442/1275
f 441/1276 442/1277 441/1278
f 441/1279 442/1280 443/1281
f 441/1282 443/1283 261/1284
f 444/1285 445/1286 446/1287
f 446/1288 445/1289 445/1290
f 446/1291 445/1292 447/1293
f 447/1294 445/1295 445/1296
f 447/1297 445/1298 448/1299
f 448/1300 445/1301 449/1302
f 448/1303 449/1304 450/1305
f 450/1306 449/1307 449/1308
f 450/1309 449/1310 276/1311
f 276/1312 449/1313 451/1314
f 276/1315 451/1316 276/1317
f 276/1318 451/1319 452/1320
f 276/1321 452/1322 276/1323
f 276/1324 452/1325 453/1326
f 276/1327 453/1328 277/1329
f 454/1330 455/1331 456/1332
f 456/1333 455/1334 457/1335
f 456/1336 457/1337 456/1338
f 456/1339 457/1340 458/1341
f 456/1342 458/1343 459/1344
f 459/1345 458/1346 460/1347
f 459/1348 460/1349 459/1350
f 459/1351 460/1352 274/1353
f 459/1354 274/1355 461/1356
f 461/1357 274/1358 274/1359
f 461/1360 274/1361 462/1362
f 462/1363 274/1364 274/1365
f 462/1366 274/1367 463/1368
f 463/1369 274/1370 273/1371
f 274/1372 464/1373 272/1374
f 272/1375 464/1376 464/1377
f 272/1378 464/1379 465/1380
f 465/1381 464/1382 464/1383
f 465/1384 464/1385 466/1386
f 466/1387 464/1388 464/1389
f 466/1390 464/1391 467/1392
f 467/1393 464/1394 464/1395
f 467/1396 464/1397 264/1398
f 264/1399 464/1400 468/1401
f 264/1402 468/1403 264/1404
f 264/1405 468/1406 469/1407
f 264/1408 469/1409 264/1410
f 264/1411 469/1412 470/1413
f 264/1414 470/1415 471/1416
f 471/1417 470/1418 470/1419
f 471/1420 470/1421 472/1422
f 472/1423 470/1424 473/1425
f 472/1426 473/1427 472/1428
f 472/1429 473/1430 474/1431
f 472/1432 474/1433 472/1434
f 472/1435 474/1436 475/1437
f 472/1438 475/1439 472/1440
f 472/1441 475/1442 266/1443
f 472/1444 266/1445 268/1446
f 265/1447 264/1448 471/1449
f 276/1450 275/1451 476/1452
f 476/1453 275/1454 477/1455
f 476/1456 477/1457 476/1458
f 476/1459 477/1460 478/1461
f 476/1462 478/1463 476/1464
f 476/1465 478/1466 479/1467
f 476/1468 479/1469 476/1470
f 476/1471 479/1472 260/1473
f 476/1474 260/1475 480/1476
f 480/1477 260/1478 260/1479
f 480/1480 260/1481 481/1482
f 481/1483 260/1484 260/1485
f 481/1486 260/1487 482/1488
f 482/1489 260/1490 483/1491
f 482/1492 483/1493 482/1494
f 482/1495 483/1496 484/1497
f 482/1498 484/1499 485/1500
f 485/1501 484/1502 484/1503
f 485/1504 484/1505 486/1506
f 486/1507 484/1508 484/1509
f 486/1510 484/1511 487/1512
f 487/1513 484/1514 484/1515
f 487/1516 484/1517 269/1518
f 269/1519 484/1520 270/1521
f 262/1522 483/1523 260/1524
f 488/1525 489/1526 490/1527
f 490/1528 489/1529 489/1530
f 490/1531 489/1532 491/1533
f 491/1534 489/1535 489/1536
f 491/1537 489/1538 492/1539
f 492/1540 489/1541 489/1542
f 492/1543 489/1544 493/1545
f 493/1546 489/1547 489/1548
f 493/1549 489/1550 494/1551
f 494/1552 489/1553 489/1554
f 494/1555 489/1556 495/1557
f 495/1558 489/1559 271/1560
f 495/1561 271/1562 496/1563
f 496/1564 271/1565 271/1566
f 496/1567 271/1568 497/1569
f 497/1570 271/1571 270/1572
f 498/1573 499/1574 500/1575
f 500/1576 499/1577 501/1578
f 500/1579 501/1580 500/1581
f 500/1582 501/1583 502/1584
f 500/1585 502/1586 500/1587
f 500/1588 502/1589 503/1590
f 500/1591 503/1592 500/1593
f 500/1594 503/1595 504/1596
f 500/1597 504/1598 500/1599
f 500/1600 504/1601 505/1602
f 500/1603 505/1604 267/1605
f 267/1606 505/1607 506/1608
f 267/1609 506/1610 267/1611
f 267/1612 506/1613 507/1614
f 267/1615 507/1616 268/1617
f 290/1618 508/1619 288/1620
f 288/1621 508/1622 292/1623
f 265/1624 509/1625 263/1626
f 263/1627 509/1628 418/1629
f 443/1630 510/1631 261/1632
f 261/1633 510/1634 262/1635
f 511/1636 512/1637 513/1638
f 513/1639 512/1640 512/1641
f 513/1642 512/1643 514/1644
f 514/1645 512/1646 515/1647
f 514/1648 515/1649 516/1650
f 516/1651 515/1652 515/1653
f 516/1654 515/1655 255/1656
f 255/1657 515/1658 517/1659
f 255/1660 517/1661 255/1662
f 255/1663 517/1664 518/1665
f 255/1666 518/1667 255/1668
f 255/1669 518/1670 519/1671
f 255/1672 519/1673 255/1674
f 255/1675 519/1676 520/1677
f 255/1678 520/1679 256/1680
f 521/1681 522/1682 523/1683
f 523/1684 522/1685 524/1686
f 523/1687 524/1688 525/1689
f 525/1690 524/1691 526/1692
f 525/1693 526/1694 525/1695
f 525/1696 526/1697 259/1698
f 525/1699 259/1700 527/1701
f 527/1702 259/1703 259/1704
f 527/1705 259/1706 528/1707
f 528/1708 259/1709 259/1710
f 528/1711 259/1712 529/1713
f 529/1714 259/1715 259/1716
f 529/1717 259/1718 530/1719
f 530/1720 259/1721 258/1722
f 256/1723 531/1724 254/1725
f 254/1726 531/1727 531/1728
f 254/1729 531/1730 532/1731
f 532/1732 531/1733 533/1734
f 532/1735 533/1736 532/1737
f 532/1738 533/1739 534/1740
f 532/1741 534/1742 532/1743
f 532/1744 534/1745 535/1746
f 532/1747 535/1748 532/1749
f 532/1750 535/1751 536/1752
f 532/1753 536/1754 532/1755
f 532/1756 536/1757 537/1758
f 532/1759 537/1760 532/1761
f 532/1762 537/1763 538/1764
f 532/1765 538/1766 539/1767
f 539/1768 538/1769 540/1770
f 539/1771 540/1772 539/1773
f 539/1774 540/1775 541/1776
f 539/1777 541/1778 542/1779
f 542/1780 541/1781 541/1782
f 542/1783 541/1784 543/1785
f 543/1786 541/1787 544/1788
f 543/1789 544/1790 543/1791
f 543/1792 544/1793 545/1794
f 543/1795 545/1796 543/1797
f 543/1798 545/1799 546/1800
f 543/1801 546/1802 547/1803
f 547/1804 546/1805 548/1806
f 539/1807 549/1808 532/1809
f 532/1810 549/1811 550/1812
f 532/1813 550/1814 532/1815
f 532/1816 550/1817 551/1818
f 532/1819 551/1820 532/1821
f 532/1822 551/1823 552/1824
f 532/1825 552/1826 532/1827
f 532/1828 552/1829 553/1830
f 532/1831 553/1832 554/1833
f 554/1834 553/1835 553/1836
f 554/1837 553/1838 555/1839
f 555/1840 553/1841 239/1842
f 258/1843 257/1844 556/1845
f 556/1846 257/1847 557/1848
f 556/1849 557/1850 558/1851
f 558/1852 557/1853 557/1854
f 558/1855 557/1856 559/1857
f 559/1858 557/1859 557/1860
f 559/1861 557/1862 560/1863
f 560/1864 557/1865 557/1866
f 560/1867 557/1868 561/1869
f 561/1870 557/1871 557/1872
f 561/1873 557/1874 562/1875
f 562/1876 557/1877 557/1878
f 562/1879 557/1880 563/1881
f 563/1882 557/1883 564/1884
f 563/1885 564/1886 565/1887
f 565/1888 564/1889 564/1890
f 565/1891 564/1892 566/1893
f 566/1894 564/1895 567/1896
f 566/1897 567/1898 566/1899
f 566/1900 567/1901 568/1902
f 566/1903 568/1904 569/1905
f 569/1906 568/1907 568/1908
f 569/1909 568/1910 570/1911
f 570/1912 568/1913 568/1914
f 570/1915 568/1916 571/1917
f 571/1918 568/1919 572/1920
f 571/1921 572/1922 573/1923
f 564/1924 557/1925 574/1926
f 574/1927 557/1928 557/1929
f 574/1930 557/1931 575/1932
f 575/1933 557/1934 557/1935
f 575/1936 557/1937 576/1938
f 576/1939 557/1940 557/1941
f 576/1942 557/1943 577/1944
f 577/1945 557/1946 557/1947
f 577/1948 557/1949 578/1950
f 578/1951 557/1952 579/1953
f 578/1954 579/1955 578/1956
f 578/1957 579/1958 580/1959
f 578/1960 580/1961 238/1962
f 581/1963 582/1964 583/1965
f 583/1966 582/1967 582/1968
f 583/1969 582/1970 584/1971
f 584/1972 582/1973 585/1974
f 584/1975 585/1976 584/1977
f 584/1978 585/1979 250/1980
f 584/1981 250/1982 586/1983
f 586/1984 250/1985 250/1986
f 586/1987 250/1988 587/1989
f 587/1990 250/1991 250/1992
f 587/1993 250/1994 588/1995
f 588/1996 250/1997 250/1998
f 588/1999 250/2000 589/2001
f 589/2002 250/2003 250/2004
f 589/2005 250/2006 590/2007
f 590/2008 250/2009 249/2010
f 591/2011 592/2012 593/2013
f 593/2014 592/2015 594/2016
f 593/2017 594/2018 595/2019
f 595/2020 594/2021 594/2022
f 595/2023 594/2024 252/2025
f 252/2026 594/2027 596/2028
f 252/2029 596/2030 252/2031
f 252/2032 596/2033 597/2034
f 252/2035 597/2036 252/2037
f 252/2038 597/2039 598/2040
f 252/2041 598/2042 252/2043
f 252/2044 598/2045 599/2046
f 252/2047 599/2048 252/2049
f 252/2050 599/2051 600/2052
f 252/2053 600/2054 253/2055
f 250/2056 601/2057 248/2058
f 248/2059 601/2060 601/2061
f 248/2062 601/2063 602/2064
f 602/2065 601/2066 601/2067
f 602/2068 601/2069 603/2070
f 603/2071 601/2072 601/2073
f 603/2074 601/2075 604/2076
f 604/2077 601/2078 601/2079
f 604/2080 601/2081 240/2082
f 240/2083 601/2084 605/2085
f 240/2086 605/2087 240/2088
f 240/2089 605/2090 606/2091
f 240/2092 606/2093 240/2094
f 240/2095 606/2096 607/2097
f 240/2098 607/2099 608/2100
f 608/2101 607/2102 607/2103
f 608/2104 607/2105 609/2106
f 609/2107 607/2108 610/2109
f 609/2110 610/2111 609/2112
f 609/2113 610/2114 611/2115
f 609/2116 611/2117 609/2118
f 609/2119 611/2120 612/2121
f 609/2122 612/2123 609/2124
f 609/2125 612/2126 242/2127
f 609/2128 242/2129 244/2130
f 241/2131 240/2132 608/2133
f 252/2134 251/2135 613/2136
f 613/2137 251/2138 614/2139
f 613/2140 614/2141 613/2142
f 613/2143 614/2144 615/2145
f 613/2146 615/2147 613/2148
f 613/2149 615/2150 616/2151
f 613/2152 616/2153 613/2154
f 613/2155 616/2156 237/2157
f 613/2158 237/2159 617/2160
f 617/2161 237/2162 237/2163
f 617/2164 237/2165 618/2166
f 618/2167 237/2168 237/2169
f 618/2170 237/2171 619/2172
f 619/2173 237/2174 620/2175
f 619/2176 620/2177 619/2178
f 619/2179 620/2180 621/2181
f 619/2182 621/2183 622/2184
f 622/2185 621/2186 621/2187
f 622/2188 621/2189 623/2190
f 623/2191 621/2192 621/2193
f 623/2194 621/2195 624/2196
f 624/2197 621/2198 621/2199
f 624/2200 621/2201 245/2202
f 245/2203 621/2204 246/2205
f 236/2206 620/2207 237/2208
f 625/2209 626/2210 627/2211
f 627/2212 626/2213 626/2214
f 627/2215 626/2216 628/2217
f 628/2218 626/2219 626/2220
f 628/2221 626/2222 243/2223
f 243/2224 626/2225 629/2226
f 243/2227 629/2228 243/2229
f 243/2230 629/2231 630/2232
f 243/2233 630/2234 243/2235
f 243/2236 630/2237 631/2238
f 243/2239 631/2240 243/2241
f 243/2242 631/2243 632/2244
f 243/2245 632/2246 243/2247
f 243/2248 632/2249 633/2250
f 243/2251 633/2252 243/2253
f 243/2254 633/2255 634/2256
f 243/2257 634/2258 244/2259
f 635/2260 636/2261 637/2262
f 637/2263 636/2264 638/2265
f 637/2266 638/2267 637/2268
f 637/2269 638/2270 247/2271
f 637/2272 247/2273 639/2274
f 639/2275 247/2276 247/2277
f 639/2278 247/2279 640/2280
f 640/2281 247/2282 247/2283
f 640/2284 247/2285 641/2286
f 641/2287 247/2288 247/2289
f 641/2290 247/2291 642/2292
f 642/2293 247/2294 247/2295
f 642/2296 247/2297 643/2298
f 643/2299 247/2300 247/2301
f 643/2302 247/2303 644/2304
f 644/2305 247/2306 246/2307
f 241/2308 645/2309 239/2310
f 239/2311 645/2312 555/2313
f 580/2314 646/2315 238/2316
f 238/2317 646/2318 236/2319
f 647/2320 648/2321 649/2322
f 649/2323 648/2324 650/2325
f 647/2326 649/2327 651/2328
f 651/2329 649/2330 652/2331
f 651/2332 653/2333 647/2334
f 647/2335 653/2336 648/2337
f 653/2338 651/2339 654/2340
f 654/2341 651/2342 652/2343
f 653/2344 654/2345 648/2346
f 648/2347 654/2348 650/2349
f 291/2350 655/2351 290/2352
f 290/2353 655/2354 508/2355
f 649/2356 650/2357 652/2358
f 652/2359 650/2360 654/2361
f 215/2362 235/2363 228/2364
f 228/2365 235/2366 234/2367
f 235/2368 233/2369 234/2370
f 234/2371 233/2372 232/2373
f 233/2374 122/2375 232/2376
f 232/2377 122/2378 230/2379
f 122/2380 121/2381 230/2382
f 230/2383 121/2384 231/2385
f 121/2386 123/2387 231/2388
f 231/2389 123/2390 229/2391
f 228/2392 226/2393 215/2394
f 215/2395 226/2396 216/2397
f 226/2398 225/2399 216/2400
f 216/2401 225/2402 224/2403
f 225/2404 227/2405 224/2406
f 224/2407 227/2408 223/2409
f 227/2410 221/2411 223/2412
f 223/2413 221/2414 218/2415
f 221/2416 220/2417 218/2418
f 218/2419 220/2420 219/2421
f 220/2422 222/2423 219/2424
f 219/2425 222/2426 217/2427
f 123/2428 217/2429 229/2430
f 229/2431 217/2432 222/2433
f 191/2434 214/2435 205/2436
f 205/2437 214/2438 213/2439
f 214/2440 212/2441 213/2442
f 213/2443 212/2444 211/2445
f 212/2446 210/2447 211/2448
f 211/2449 210/2450 207/2451
f 210/2452 209/2453 207/2454
f 207/2455 209/2456 208/2457
f 209/2458 196/2459 208/2460
f 208/2461 196/2462 206/2463
f 205/2464 203/2465 191/2466
f 191/2467 203/2468 192/2469
f 203/2470 202/2471 192/2472
f 192/2473 202/2474 201/2475
f 202/2476 204/2477 201/2478
f 201/2479 204/2480 200/2481
f 204/2482 198/2483 200/2484
f 200/2485 198/2486 194/2487
f 198/2488 197/2489 194/2490
f 194/2491 197/2492 195/2493
f 197/2494 199/2495 195/2496
f 195/2497 199/2498 193/2499
f 196/2500 193/2501 206/2502
f 206/2503 193/2504 199/2505
f 656/2506 657/2507 658/2508
f 658/2509 657/2510 659/2511
f 657/2512 656/2513 660/2514
f 660/2515 656/2516 661/2517
f 656/2518 658/2519 661/2520
f 661/2521 658/2522 662/2523
f 661/2524 662/2525 660/2526
f 660/2527 662/2528 663/2529
f 660/2530 663/2531 657/2532
f 657/2533 663/2534 659/2535
f 658/2536 659/2537 662/2538
f 662/2539 659/2540 663/2541
f 664/2542 665/2543 666/2544
f 666/2545 665/2546 667/2547
f 665/2548 664/2549 668/2550
f 668/2551 664/2552 669/2553
f 664/2554 666/2555 669/2556
f 669/2557 666/2558 670/2559
f 669/2560 670/2561 668/2562
f 668/2563 670/2564 671/2565
f 668/2566 671/2567 665/2568
f 665/2569 671/2570 667/2571
f 666/2572 667/2573 670/2574
f 670/2575 667/2576 671/2577
f 672/2578 673/2579 674/2580
f 674/2581 673/2582 675/2583
f 672/2584 674/2585 676/2586
f 676/2587 674/2588 677/2589
f 676/2590 665/2591 672/2592
f 672/2593 665/2594 673/2595
f 665/2596 676/2597 678/2598
f 678/2599 676/2600 677/2601
f 665/2602 678/2603 673/2604
f 673/2605 678/2606 675/2607
f 674/2608 675/2609 677/2610
f 677/2611 675/2612 678/2613
f 679/2614 680/2615 681/2616
f 681/2617 680/2618 682/2619
f 679/2620 681/2621 668/2622
f 668/2623 681/2624 683/2625
f 668/2626 684/2627 679/2628
f 679/2629 684/2630 680/2631
f 684/2632 668/2633 685/2634
f 685/2635 668/2636 683/2637
f 684/2638 685/2639 680/2640
f 680/2641 685/2642 682/2643
f 681/2644 682/2645 683/2646
f 683/2647 682/2648 685/2649
f 686/2650 687/2651 688/2652
f 688/2653 687/2654 689/2655
f 686/2656 688/2657 690/2658
f 690/2659 688/2660 691/2661
f 690/2662 692/2663 686/2664
f 686/2665 692/2666 687/2667
f 692/2668 690/2669 664/2670
f 664/2671 690/2672 691/2673
f 692/2674 664/2675 687/2676
f 687/2677 664/2678 689/2679
f 688/2680 689/2681 691/2682
f 691/2683 689/2684 664/2685
f 693/2686 694/2687 695/2688
f 695/2689 694/2690 696/2691
f 693/2692 695/2693 697/2694
f 697/2695 695/2696 669/2697
f 697/2698 698/2699 693/2700
f 693/2701 698/2702 694/2703
f 698/2704 697/2705 699/2706
f 699/2707 697/2708 669/2709
f 698/2710 699/2711 694/2712
f 694/2713 699/2714 696/2715
f 695/2716 696/2717 669/2718
f 669/2719 696/2720 699/2721
f 700/2722 701/2723 702/2724
f 702/2725 701/2726 703/2727
f 701/2728 700/2729 704/2730
f 704/2731 700/2732 705/2733
f 700/2734 702/2735 705/2736
f 705/2737 702/2738 706/2739
f 705/2740 706/2741 704/2742
f 704/2743 706/2744 707/2745
f 704/2746 707/2747 701/2748
f 701/2749 707/2750 703/2751
f 702/2752 703/2753 706/2754
f 706/2755 703/2756 707/2757
f 708/2758 703/2759 709/2760
f 709/2761 703/2762 702/2763
f 708/2764 709/2765 710/2766
f 710/2767 709/2768 711/2769
f 710/2770 712/2771 708/2772
f 708/2773 712/2774 703/2775
f 712/2776 710/2777 713/2778
f 713/2779 710/2780 711/2781
f 712/2782 713/2783 703/2784
f 703/2785 713/2786 702/2787
f 709/2788 702/2789 711/2790
f 711/2791 702/2792 713/2793
f 189/2794 190/2795 714/2796
f 714/2797 190/2798 715/2799
f 714/2800 715/2801 716/2802
f 716/2803 715/2804 717/2805
f 716/2806 717/2807 718/2808
f 718/2809 717/2810 719/2811
f 718/2812 719/2813 720/2814
f 720/2815 719/2816 721/2817
f 720/2818 721/2819 722/2820
f 722/2821 721/2822 723/2823
f 722/2824 723/2825 724/2826
f 724/2827 723/2828 725/2829
f 724/2830 725/2831 726/2832
f 726/2833 725/2834 727/2835
f 726/2836 727/2837 728/2838
f 728/2839 727/2840 729/2841
f 728/2842 729/2843 730/2844
f 730/2845 729/2846 731/2847
f 730/2848 731/2849 732/2850
f 732/2851 731/2852 733/2853
f 732/2854 733/2855 734/2856
f 734/2857 733/2858 735/2859
f 734/2860 735/2861 736/2862
f 736/2863 735/2864 737/2865
f 736/2866 737/2867 738/2868
f 738/2869 737/2870 739/2871
f 738/2872 739/2873 740/2874
f 740/2875 739/2876 741/2877
f 740/2878 741/2879 742/2880
f 742/2881 741/2882 743/2883
f 742/2884 743/2885 744/2886
f 744/2887 743/2888 745/2889
f 744/2890 745/2891 187/2892
f 187/2893 745/2894 188/2895
f 185/2896 186/2897 746/2898
f 746/2899 186/2900 747/2901
f 746/2902 747/2903 748/2904
f 748/2905 747/2906 749/2907
f 748/2908 749/2909 750/2910
f 750/2911 749/2912 751/2913
f 750/2914 751/2915 752/2916
f 752/2917 751/2918 753/2919
f 752/2920 753/2921 754/2922
f 754/2923 753/2924 755/2925
f 754/2926 755/2927 756/2928
f 756/2929 755/2930 757/2931
f 756/2932 757/2933 758/2934
f 758/2935 757/2936 759/2937
f 758/2938 759/2939 760/2940
f 760/2941 759/2942 761/2943
f 760/2944 761/2945 762/2946
f 762/2947 761/2948 763/2949
f 762/2950 763/2951 764/2952
f 764/2953 763/2954 765/2955
f 764/2956 765/2957 766/2958
f 766/2959 765/2960 767/2961
f 766/2962 767/2963 768/2964
f 768/2965 767/2966 769/2967
f 768/2968 769/2969 770/2970
f 770/2971 769/2972 771/2973
f 770/2974 771/2975 772/2976
f 772/2977 771/2978 773/2979
f 772/2980 773/2981 774/2982
f 774/2983 773/2984 775/2985
f 774/2986 775/2987 776/2988
f 776/2989 775/2990 777/2991
f 776/2992 777/2993 183/2994
f 183/2995 777/2996 184/2997
f 181/2998 182/2999 778/3000
f 778/3001 182/3002 779/3003
f 778/3004 779/3005 780/3006
f 780/3007 779/3008 781/3009
f 780/3010 781/3011 782/3012
f 782/3013 781/3014 783/3015
f 782/3016 783/3017 784/3018
f 784/3019 783/3020 785/3021
f 784/3022 785/3023 786/3024
f 786/3025 785/3026 787/3027
f 786/3028 787/3029 788/3030
f 788/3031 787/3032 789/3033
f 788/3034 789/3035 790/3036
f 790/3037 789/3038 791/3039
f 790/3040 791/3041 792/3042
f 792/3043 791/3044 793/3045
f 792/3046 793/3047 794/3048
f 794/3049 793/3050 795/3051
f 794/3052 795/3053 796/3054
f 796/3055 795/3056 797/3057
f 796/3058 797/3059 798/3060
f 798/3061 797/3062 799/3063
f 798/3064 799/3065 800/3066
f 800/3067 799/3068 801/3069
f 800/3070 801/3071 802/3072
f 802/3073 801/3074 803/3075
f 802/3076 803/3077 804/3078
f 804/3079 803/3080 805/3081
f 804/3082 805/3083 806/3084
f 806/3085 805/3086 807/3087
f 806/3088 807/3089 808/3090
f 808/3091 807/3092 809/3093
f 808/3094 809/3095 179/3096
f 179/3097 809/3098 180/3099
f 177/3100 178/3101 810/3102
f 810/3103 178/3104 811/3105
f 810/3106 811/3107 812/3108
f 812/3109 811/3110 813/3111
f 812/3112 813/3113 814/3114
f 814/3115 813/3116 815/3117
f 814/3118 815/3119 816/3120
f 816/3121 815/3122 817/3123
f 816/3124 817/3125 818/3126
f 818/3127 817/3128 819/3129
f 818/3130 819/3131 820/3132
f 820/3133 819/3134 821/3135
f 820/3136 821/3137 822/3138
f 822/3139 821/3140 823/3141
f 822/3142 823/3143 824/3144
f 824/3145 823/3146 825/3147
f 824/3148 825/3149 826/3150
f 826/3151 825/3152 827/3153
f 826/3154 827/3155 828/3156
f 828/3157 827/3158 829/3159
f 828/3160 829/3161 830/3162
f 830/3163 829/3164 831/3165
f 830/3166 831/3167 832/3168
f 832/3169 831/3170 833/3171
f 832/3172 833/3173 834/3174
f 834/3175 833/3176 835/3177
f 834/3178 835/3179 836/3180
f 836/3181 835/3182 837/3183
f 836/3184 837/3185 838/3186
f 838/3187 837/3188 839/3189
f 838/3190 839/3191 840/3192
f 840/3193 839/3194 841/3195
f 840/3196 841/3197 175/3198
f 175/3199 841/3200 176/3201
f 163/3202 842/3203 154/3204
f 154/3205 842/3206 843/3207
f 163/3208 174/3209 842/3210
f 842/3211 174/3212 173/3213
f 174/3214 165/3215 155/3216
f 155/3217 165/3218 153/3219
f 154/3220 843/3221 155/3222
f 155/3223 843/3224 172/3225
f 842/3226 173/3227 843/3228
f 843/3229 173/3230 172/3231
f 155/3232 170/3233 174/3234
f 174/3235 170/3236 168/3237
f 173/3238 166/3239 172/3240
f 172/3241 166/3242 171/3243
f 170/3244 169/3245 168/3246
f 168/3247 169/3248 167/3249
f 162/3250 161/3251 844/3252
f 844/3253 161/3254 160/3255
f 162/3256 844/3257 151/3258
f 151/3259 844/3260 845/3261
f 161/3262 149/3263 152/3264
f 152/3265 149/3266 150/3267
f 151/3268 845/3269 152/3270
f 152/3271 845/3272 159/3273
f 844/3274 160/3275 845/3276
f 845/3277 160/3278 159/3279
f 160/3280 146/3281 159/3282
f 159/3283 146/3284 158/3285
f 152/3286 157/3287 161/3288
f 161/3289 157/3290 148/3291
f 157/3292 156/3293 148/3294
f 148/3295 156/3296 147/3297
f 508/3298 655/3299 292/3300
f 292/3301 655/3302 293/3303
f 142/3304 141/3305 846/3306
f 846/3307 141/3308 847/3309
f 846/3310 847/3311 848/3312
f 848/3313 847/3314 849/3315
f 848/3316 849/3317 850/3318
f 850/3319 849/3320 851/3321
f 850/3322 851/3323 852/3324
f 852/3325 851/3326 853/3327
f 852/3328 853/3329 854/3330
f 854/3331 853/3332 855/3333
f 854/3334 855/3335 856/3336
f 856/3337 855/3338 857/3339
f 856/3340 857/3341 858/3342
f 858/3343 857/3344 859/3345
f 858/3346 859/3347 860/3348
f 860/3349 859/3350 861/3351
f 860/3352 861/3353 862/3354
f 862/3355 861/3356 863/3357
f 862/3358 863/3359 864/3360
f 864/3361 863/3362 865/3363
f 864/3364 865/3365 866/3366
f 866/3367 865/3368 867/3369
f 866/3370 867/3371 868/3372
f 868/3373 867/3374 869/3375
f 868/3376 869/3377 870/3378
f 870/3379 869/3380 871/3381
f 870/3382 871/3383 872/3384
f 872/3385 871/3386 873/3387
f 872/3388 873/3389 874/3390
f 874/3391 873/3392 875/3393
f 874/3394 875/3395 876/3396
f 876/3397 875/3398 877/3399
f 876/3400 877/3401 144/3402
f 144/3403 877/3404 143/3405
f 289/3406 293/3407 291/3408
f 291/3409 293/3410 655/3411
f 140/3412 139/3413 878/3414
f 878/3415 139/3416 879/3417
f 878/3418 879/3419 880/3420
f 880/3421 879/3422 881/3423
f 880/3424 881/3425 882/3426
f 882/3427 881/3428 883/3429
f 882/3430 883/3431 884/3432
f 884/3433 883/3434 885/3435
f 884/3436 885/3437 886/3438
f 886/3439 885/3440 887/3441
f 886/3442 887/3443 888/3444
f 888/3445 887/3446 889/3447
f 888/3448 889/3449 890/3450
f 890/3451 889/3452 891/3453
f 890/3454 891/3455 136/3456
f 136/3457 891/3458 137/3459
f 140/3460 892/3461 138/3462
f 138/3463 892/3464 892/3465
f 138/3466 892/3467 893/3468
f 893/3469 892/3470 894/3471
f 893/3472 894/3473 895/3474
f 895/3475 894/3476 896/3477
f 895/3478 896/3479 897/3480
f 897/3481 896/3482 898/3483
f 897/3484 898/3485 899/3486
f 899/3487 898/3488 900/3489
f 899/3490 900/3491 901/3492
f 901/3493 900/3494 902/3495
f 901/3496 902/3497 903/3498
f 903/3499 902/3500 904/3501
f 903/3502 904/3503 905/3504
f 905/3505 904/3506 906/3507
f 905/3508 906/3509 907/3510
f 907/3511 906/3512 135/3513
f 907/3514 135/3515 137/3516
f 132/3517 131/3518 908/3519
f 908/3520 131/3521 909/3522
f 908/3523 909/3524 910/3525
f 910/3526 909/3527 911/3528
f 910/3529 911/3530 912/3531
f 912/3532 911/3533 913/3534
f 912/3535 913/3536 914/3537
f 914/3538 913/3539 915/3540
f 914/3541 915/3542 916/3543
f 916/3544 915/3545 917/3546
f 916/3547 917/3548 918/3549
f 918/3550 917/3551 919/3552
f 918/3553 919/3554 920/3555
f 920/3556 919/3557 921/3558
f 920/3559 921/3560 922/3561
f 922/3562 921/3563 923/3564
f 922/3565 923/3566 924/3567
f 924/3568 923/3569 925/3570
f 924/3571 925/3572 926/3573
f 926/3574 925/3575 927/3576
f 926/3577 927/3578 928/3579
f 928/3580 927/3581 929/3582
f 928/3583 929/3584 930/3585
f 930/3586 929/3587 931/3588
f 930/3589 931/3590 932/3591
f 932/3592 931/3593 933/3594
f 932/3595 933/3596 934/3597
f 934/3598 933/3599 935/3600
f 934/3601 935/3602 936/3603
f 936/3604 935/3605 937/3606
f 936/3607 937/3608 938/3609
f 938/3610 937/3611 939/3612
f 938/3613 939/3614 134/3615
f 134/3616 939/3617 133/3618
f 127/3619 130/3620 940/3621
f 940/3622 130/3623 941/3624
f 940/3625 941/3626 942/3627
f 942/3628 941/3629 943/3630
f 942/3631 943/3632 944/3633
f 944/3634 943/3635 945/3636
f 944/3637 945/3638 946/3639
f 946/3640 945/3641 947/3642
f 946/3643 947/3644 948/3645
f 948/3646 947/3647 949/3648
f 948/3649 949/3650 950/3651
f 950/3652 949/3653 951/3654
f 950/3655 951/3656 952/3657
f 952/3658 951/3659 953/3660
f 952/3661 953/3662 954/3663
f 954/3664 953/3665 955/3666
f 954/3667 955/3668 956/3669
f 956/3670 955/3671 957/3672
f 956/3673 957/3674 958/3675
f 958/3676 957/3677 959/3678
f 958/3679 959/3680 960/3681
f 960/3682 959/3683 961/3684
f 960/3685 961/3686 962/3687
f 962/3688 961/3689 963/3690
f 962/3691 963/3692 964/3693
f 964/3694 963/3695 965/3696
f 964/3697 965/3698 966/3699
f 966/3700 965/3701 967/3702
f 966/3703 967/3704 968/3705
f 968/3706 967/3707 969/3708
f 968/3709 969/3710 970/3711
f 970/3712 969/3713 971/3714
f 970/3715 971/3716 128/3717
f 128/3718 971/3719 129/3720
f 972/3721 973/3722 974/3723
f 974/3724 973/3725 975/3726
f 974/3727 975/3728 976/3729
f 976/3730 975/3731 977/3732
f 976/3733 977/3734 978/3735
f 978/3736 977/3737 979/3738
f 978/3739 979/3740 980/3741
f 980/3742 979/3743 981/3744
f 980/3745 981/3746 982/3747
f 982/3748 981/3749 983/3750
f 125/3751 984/3752 985/3753
f 985/3754 984/3755 984/3756
f 985/3757 984/3758 986/3759
f 986/3760 984/3761 984/3762
f 986/3763 984/3764 987/3765
f 987/3766 984/3767 984/3768
f 987/3769 984/3770 988/3771
f 988/3772 984/3773 984/3774
f 988/3775 984/3776 989/3777
f 989/3778 984/3779 984/3780
f 989/3781 984/3782 990/3783
f 990/3784 984/3785 984/3786
f 990/3787 984/3788 991/3789
f 991/3790 984/3791 992/3792
f 991/3793 992/3794 993/3795
f 993/3796 992/3797 992/3798
f 993/3799 992/3800 994/3801
f 994/3802 992/3803 992/3804
f 994/3805 992/3806 995/3807
f 995/3808 992/3809 992/3810
f 995/3811 992/3812 996/3813
f 996/3814 992/3815 992/3816
f 996/3817 992/3818 997/3819
f 997/3820 992/3821 992/3822
f 997/3823 992/3824 998/3825
f 998/3826 992/3827 992/3828
f 998/3829 992/3830 999/3831
f 999/3832 992/3833 1000/3834
f 999/3835 1000/3836 999/3837
f 999/3838 1000/3839 1001/3840
f 999/3841 1001/3842 999/3843
f 999/3844 1001/3845 1002/3846
f 999/3847 1002/3848 999/3849
f 999/3850 1002/3851 1003/3852
f 999/3853 1003/3854 999/3855
f 999/3856 1003/3857 1004/3858
f 999/3859 1004/3860 1005/3861
f 992/3862 984/3863 1006/3864
f 1006/3865 984/3866 1007/3867
f 1006/3868 1007/3869 1008/3870
f 1008/3871 1007/3872 1007/3873
f 1008/3874 1007/3875 1009/3876
f 1009/3877 1007/3878 1007/3879
f 1009/3880 1007/3881 1010/3882
f 1010/3883 1007/3884 1007/3885
f 1010/3886 1007/3887 1011/3888
f 1011/3889 1007/3890 1012/3891
f 1011/3892 1012/3893 1013/3894
f 1013/3895 1012/3896 1012/3897
f 1013/3898 1012/3899 1014/3900
f 1014/3901 1012/3902 1012/3903
f 1014/3904 1012/3905 1015/3906
f 1015/3907 1012/3908 1012/3909
f 1015/3910 1012/3911 1016/3912
f 1016/3913 1012/3914 1017/3915
f 1016/3916 1017/3917 1016/3918
f 1016/3919 1017/3920 1018/3921
f 1016/3922 1018/3923 1016/3924
f 1016/3925 1018/3926 1019/3927
f 1016/3928 1019/3929 124/3930
f 124/3931 1019/3932 1020/3933
f 124/3934 1020/3935 124/3936
f 124/3937 1020/3938 1021/3939
f 124/3940 1021/3941 124/3942
f 124/3943 1021/3944 1022/3945
f 124/3946 1022/3947 124/3948
f 124/3949 1022/3950 1023/3951
f 124/3952 1023/3953 124/3954
f 124/3955 1023/3956 1024/3957
f 124/3958 1024/3959 1025/3960
f 1025/3961 1024/3962 1026/3963
f 1025/3964 1026/3965 1025/3966
f 1025/3967 1026/3968 1027/3969
f 1025/3970 1027/3971 1025/3972
f 1025/3973 1027/3974 1028/3975
f 1025/3976 1028/3977 1025/3978
f 1025/3979 1028/3980 1029/3981
f 1025/3982 1029/3983 1025/3984
f 1025/3985 1029/3986 1030/3987
f 1025/3988 1030/3989 1025/3990
f 1025/3991 1030/3992 1031/3993
f 1025/3994 1031/3995 984/3996
f 984/3997 1031/3998 1032/3999
f 984/4000 1032/4001 984/4002
f 984/4003 1032/4004 1033/4005
f 984/4006 1033/4007 1007/4008
f 124/4009 126/4010 1016/4011
f 984/4012 1034/4013 1025/4014
f 1025/4015 1034/4016 1035/4017
f 1025/4018 1035/4019 1036/4020
f 1036/4021 1035/4022 1037/4023
f 985/4024 1038/4025 125/4026
f 125/4027 1038/4028 1039/4029
f 125/4030 1039/4031 125/4032
f 125/4033 1039/4034 1040/4035
f 125/4036 1040/4037 1005/4038
f 1004/4039 1041/4040 1005/4041
f 1005/4042 1041/4043 1041/4044
f 1005/4045 1041/4046 125/4047
f 125/4048 1041/4049 1042/4050
f 125/4051 1042/4052 126/4053
f 63/4054 108/4055 66/4056
f 66/4057 108/4058 73/4059
f 66/4060 72/4061 68/4062
f 68/4063 72/4064 71/4065
f 1043/4066 1044/4067 1036/4068
f 1036/4069 1044/4070 1045/4071
f 1036/4072 1045/4073 1036/4074
f 1036/4075 1045/4076 1046/4077
f 1036/4078 1046/4079 1036/4080
f 1036/4081 1046/4082 1047/4083
f 1036/4084 1047/4085 1036/4086
f 1036/4087 1047/4088 1048/4089
f 1036/4090 1048/4091 1036/4092
f 1036/4093 1048/4094 1049/4095
f 1036/4096 1049/4097 1036/4098
f 1036/4099 1049/4100 1050/4101
f 1036/4102 1050/4103 1051/4104
f 1051/4105 1050/4106 1052/4107
f 1051/4108 1052/4109 1053/4110
f 1053/4111 1052/4112 1054/4113
f 1053/4114 1054/4115 1055/4116
f 1055/4117 1054/4118 1056/4119
f 1055/4120 1056/4121 1057/4122
f 1057/4123 1056/4124 1056/4125
f 1057/4126 1056/4127 1058/4128
f 1058/4129 1056/4130 1059/4131
f 1058/4132 1059/4133 1060/4134
f 1060/4135 1059/4136 1061/4137
f 1060/4138 1061/4139 1062/4140
f 1062/4141 1061/4142 1063/4143
f 1062/4144 1063/4145 1064/4146
f 1064/4147 1063/4148 1065/4149
f 1064/4150 1065/4151 1043/4152
f 1043/4153 1065/4154 1066/4155
f 1043/4156 1066/4157 1043/4158
f 1043/4159 1066/4160 1067/4161
f 1043/4162 1067/4163 1043/4164
f 1043/4165 1067/4166 1068/4167
f 1043/4168 1068/4169 1043/4170
f 1043/4171 1068/4172 1069/4173
f 1043/4174 1069/4175 1044/4176
f 1051/4177 1070/4178 1036/4179
f 1036/4180 1070/4181 1070/4182
f 1036/4183 1070/4184 1025/4185
f 1025/4186 1070/4187 1071/4188
f 1025/4189 1071/4190 1025/4191
f 1025/4192 1071/4193 1072/4194
f 1025/4195 1072/4196 1025/4197
f 1025/4198 1072/4199 1073/4200
f 1025/4201 1073/4202 1025/4203
f 1025/4204 1073/4205 1074/4206
f 1025/4207 1074/4208 1025/4209
f 1025/4210 1074/4211 1075/4212
f 1025/4213 1075/4214 124/4215
f 124/4216 1075/4217 1076/4218
f 124/4219 1076/4220 124/4221
f 124/4222 1076/4223 1077/4224
f 124/4225 1077/4226 124/4227
f 124/4228 1077/4229 1078/4230
f 124/4231 1078/4232 124/4233
f 124/4234 1078/4235 1079/4236
f 124/4237 1079/4238 124/4239
f 124/4240 1079/4241 1064/4242
f 124/4243 1064/4244 1043/4245
f 125/4246 124/4247 1080/4248
f 1080/4249 124/4250 124/4251
f 1080/4252 124/4253 1081/4254
f 1081/4255 124/4256 1043/4257
f 125/4258 1080/4259 984/4260
f 984/4261 1080/4262 1082/4263
f 984/4264 1082/4265 1034/4266
f 1043/4267 1036/4268 1081/4269
f 1081/4270 1036/4271 1036/4272
f 1081/4273 1036/4274 1083/4275
f 1083/4276 1036/4277 1037/4278
f 1081/4279 1083/4280 1080/4281
f 1080/4282 1083/4283 1082/4284
f 1037/4285 1035/4286 1083/4287
f 1083/4288 1035/4289 1035/4290
f 1083/4291 1035/4292 1082/4293
f 1082/4294 1035/4295 1034/4296
f 119/4297 1084/4298 115/4299
f 115/4300 1084/4301 1085/4302
f 119/4303 118/4304 1084/4305
f 1084/4306 118/4307 1086/4308
f 118/4309 120/4310 1086/4311
f 1086/4312 120/4313 1087/4314
f 1088/4315 114/4316 1089/4317
f 1089/4318 114/4319 113/4320
f 1085/4321 1089/4322 115/4323
f 115/4324 1089/4325 113/4326
f 112/4327 1090/4328 27/4329
f 27/4330 1090/4331 1091/4332
f 27/4333 1091/4334 27/4335
f 27/4336 1091/4337 1092/4338
f 27/4339 1092/4340 27/4341
f 27/4342 1092/4343 1093/4344
f 27/4345 1093/4346 27/4347
f 27/4348 1093/4349 1094/4350
f 27/4351 1094/4352 27/4353
f 27/4354 1094/4355 1095/4356
f 27/4357 1095/4358 1096/4359
f 1096/4360 1095/4361 1097/4362
f 1096/4363 1097/4364 1096/4365
f 1096/4366 1097/4367 1098/4368
f 1096/4369 1098/4370 1096/4371
f 1096/4372 1098/4373 1099/4374
f 1096/4375 1099/4376 1096/4377
f 1096/4378 1099/4379 1100/4380
f 1096/4381 1100/4382 105/4383
f 105/4384 1100/4385 1101/4386
f 105/4387 1101/4388 105/4389
f 105/4390 1101/4391 1102/4392
f 105/4393 1102/4394 106/4395
f 1101/4396 1100/4397 1103/4398
f 1103/4399 1100/4400 1100/4401
f 1103/4402 1100/4403 1104/4404
f 1104/4405 1100/4406 1100/4407
f 1104/4408 1100/4409 1105/4410
f 1105/4411 1100/4412 1100/4413
f 1105/4414 1100/4415 1106/4416
f 1106/4417 1100/4418 1107/4419
f 1106/4420 1107/4421 1106/4422
f 1106/4423 1107/4424 1108/4425
f 1106/4426 1108/4427 1109/4428
f 1109/4429 1108/4430 1110/4431
f 1109/4432 1110/4433 1111/4434
f 1111/4435 1110/4436 1110/4437
f 1111/4438 1110/4439 1112/4440
f 1112/4441 1110/4442 1110/4443
f 1112/4444 1110/4445 1113/4446
f 1113/4447 1110/4448 1110/4449
f 1113/4450 1110/4451 1114/4452
f 1114/4453 1110/4454 111/4455
f 1114/4456 111/4457 1115/4458
f 1115/4459 111/4460 110/4461
f 1109/4462 1111/4463 1116/4464
f 1116/4465 1111/4466 1111/4467
f 1116/4468 1111/4469 1117/4470
f 1117/4471 1111/4472 1118/4473
f 1117/4474 1118/4475 63/4476
f 63/4477 1118/4478 1119/4479
f 63/4480 1119/4481 63/4482
f 63/4483 1119/4484 1120/4485
f 63/4486 1120/4487 107/4488
f 1117/4489 63/4490 1121/4491
f 1121/4492 63/4493 63/4494
f 1121/4495 63/4496 1122/4497
f 1122/4498 63/4499 63/4500
f 1122/4501 63/4502 1123/4503
f 1123/4504 63/4505 63/4506
f 1123/4507 63/4508 1124/4509
f 1124/4510 63/4511 63/4512
f 1124/4513 63/4514 1125/4515
f 1125/4516 63/4517 63/4518
f 1125/4519 63/4520 1126/4521
f 1126/4522 63/4523 1127/4524
f 1126/4525 1127/4526 1128/4527
f 1128/4528 1127/4529 1127/4530
f 1128/4531 1127/4532 1129/4533
f 1129/4534 1127/4535 104/4536
f 1129/4537 104/4538 1130/4539
f 1130/4540 104/4541 106/4542
f 1127/4543 63/4544 1131/4545
f 1131/4546 63/4547 103/4548
f 1096/4549 1132/4550 27/4551
f 27/4552 1132/4553 1133/4554
f 27/4555 1133/4556 27/4557
f 27/4558 1133/4559 1134/4560
f 27/4561 1134/4562 27/4563
f 27/4564 1134/4565 1135/4566
f 27/4567 1135/4568 27/4569
f 27/4570 1135/4571 1136/4572
f 27/4573 1136/4574 27/4575
f 27/4576 1136/4577 1137/4578
f 27/4579 1137/4580 102/4581
f 112/4582 108/4583 1138/4584
f 1138/4585 108/4586 108/4587
f 1138/4588 108/4589 1139/4590
f 1139/4591 108/4592 108/4593
f 1139/4594 108/4595 1140/4596
f 1140/4597 108/4598 1141/4599
f 1140/4600 1141/4601 1140/4602
f 1140/4603 1141/4604 1142/4605
f 1140/4606 1142/4607 1140/4608
f 1140/4609 1142/4610 1143/4611
f 1140/4612 1143/4613 109/4614
f 109/4615 1143/4616 1144/4617
f 109/4618 1144/4619 110/4620
f 1141/4621 108/4622 1145/4623
f 1145/4624 108/4625 108/4626
f 1145/4627 108/4628 1146/4629
f 1146/4630 108/4631 108/4632
f 1146/4633 108/4634 1147/4635
f 1147/4636 108/4637 108/4638
f 1147/4639 108/4640 1148/4641
f 1148/4642 108/4643 108/4644
f 1148/4645 108/4646 1149/4647
f 1149/4648 108/4649 107/4650
f 103/4651 28/4652 1150/4653
f 1150/4654 28/4655 28/4656
f 1150/4657 28/4658 1151/4659
f 1151/4660 28/4661 28/4662
f 1151/4663 28/4664 1152/4665
f 1152/4666 28/4667 28/4668
f 1152/4669 28/4670 1153/4671
f 1153/4672 28/4673 28/4674
f 1153/4675 28/4676 1154/4677
f 1154/4678 28/4679 28/4680
f 1154/4681 28/4682 1155/4683
f 1155/4684 28/4685 102/4686
f 101/4687 32/4688 1156/4689
f 1156/4690 32/4691 1157/4692
f 101/4693 1158/4694 61/4695
f 61/4696 1158/4697 1159/4698
f 61/4699 1159/4700 61/4701
f 61/4702 1159/4703 1160/4704
f 61/4705 1160/4706 61/4707
f 61/4708 1160/4709 1161/4710
f 61/4711 1161/4712 61/4713
f 61/4714 1161/4715 1162/4716
f 61/4717 1162/4718 1163/4719
f 1163/4720 1162/4721 1164/4722
f 1163/4723 1164/4724 1163/4725
f 1163/4726 1164/4727 1165/4728
f 1163/4729 1165/4730 1163/4731
f 1163/4732 1165/4733 1166/4734
f 1163/4735 1166/4736 1163/4737
f 1163/4738 1166/4739 1167/4740
f 1163/4741 1167/4742 1168/4743
f 1168/4744 1167/4745 1169/4746
f 1168/4747 1169/4748 1170/4749
f 1170/4750 1169/4751 1169/4752
f 1170/4753 1169/4754 1171/4755
f 1171/4756 1169/4757 1172/4758
f 1171/4759 1172/4760 1171/4761
f 1171/4762 1172/4763 1173/4764
f 1171/4765 1173/4766 1171/4767
f 1171/4768 1173/4769 1174/4770
f 1171/4771 1174/4772 1175/4773
f 1175/4774 1174/4775 1176/4776
f 1175/4777 1176/4778 1175/4779
f 1175/4780 1176/4781 1177/4782
f 1175/4783 1177/4784 1178/4785
f 1178/4786 1177/4787 1179/4788
f 1178/4789 1179/4790 1180/4791
f 1180/4792 1179/4793 1156/4794
f 1180/4795 1156/4796 1181/4797
f 1181/4798 1156/4799 1157/4800
f 1168/4801 1182/4802 1163/4803
f 1163/4804 1182/4805 1183/4806
f 1163/4807 1183/4808 1184/4809
f 1184/4810 1183/4811 1185/4812
f 1184/4813 1185/4814 1184/4815
f 1184/4816 1185/4817 1186/4818
f 1184/4819 1186/4820 1184/4821
f 1184/4822 1186/4823 1187/4824
f 1184/4825 1187/4826 1184/4827
f 1184/4828 1187/4829 1188/4830
f 1184/4831 1188/4832 32/4833
f 1157/4834 32/4835 1189/4836
f 1189/4837 32/4838 32/4839
f 1189/4840 32/4841 1190/4842
f 1190/4843 32/4844 32/4845
f 1190/4846 32/4847 1191/4848
f 1191/4849 32/4850 32/4851
f 1191/4852 32/4853 1192/4854
f 1192/4855 32/4856 1188/4857
f 100/4858 83/4859 1193/4860
f 1193/4861 83/4862 83/4863
f 1193/4864 83/4865 1194/4866
f 1194/4867 83/4868 83/4869
f 1194/4870 83/4871 1195/4872
f 1195/4873 83/4874 83/4875
f 1195/4876 83/4877 1196/4878
f 1196/4879 83/4880 83/4881
f 1196/4882 83/4883 1197/4884
f 1197/4885 83/4886 84/4887
f 1197/4888 84/4889 1198/4890
f 1198/4891 84/4892 1199/4893
f 1198/4894 1199/4895 1200/4896
f 1200/4897 1199/4898 1199/4899
f 1200/4900 1199/4901 1201/4902
f 1201/4903 1199/4904 1202/4905
f 1201/4906 1202/4907 99/4908
f 99/4909 1202/4910 97/4911
f 1199/4912 84/4913 1203/4914
f 1203/4915 84/4916 84/4917
f 1203/4918 84/4919 1204/4920
f 1204/4921 84/4922 84/4923
f 1204/4924 84/4925 1205/4926
f 1205/4927 84/4928 53/4929
f 1205/4930 53/4931 1205/4932
f 1205/4933 53/4934 85/4935
f 1205/4936 85/4937 1206/4938
f 1206/4939 85/4940 85/4941
f 1206/4942 85/4943 1207/4944
f 1207/4945 85/4946 85/4947
f 1207/4948 85/4949 1208/4950
f 1208/4951 85/4952 85/4953
f 1208/4954 85/4955 1209/4956
f 1209/4957 85/4958 94/4959
f 100/4960 1210/4961 95/4962
f 95/4963 1210/4964 1211/4965
f 95/4966 1211/4967 95/4968
f 95/4969 1211/4970 1212/4971
f 95/4972 1212/4973 95/4974
f 95/4975 1212/4976 1213/4977
f 95/4978 1213/4979 95/4980
f 95/4981 1213/4982 1214/4983
f 95/4984 1214/4985 1215/4986
f 1215/4987 1214/4988 1216/4989
f 1215/4990 1216/4991 1217/4992
f 1217/4993 1216/4994 1218/4995
f 1217/4996 1218/4997 1217/4998
f 1217/4999 1218/5000 1219/5001
f 1217/5002 1219/5003 1217/5004
f 1217/5005 1219/5006 98/5007
f 1217/5008 98/5009 1220/5010
f 1220/5011 98/5012 97/5013
f 1215/5014 1221/5015 95/5016
f 95/5017 1221/5018 96/5019
f 6/5020 15/5021 3/5022
f 3/5023 15/5024 1/5025
f 96/5026 1222/5027 93/5028
f 93/5029 1222/5030 1223/5031
f 93/5032 1223/5033 93/5034
f 93/5035 1223/5036 1224/5037
f 93/5038 1224/5039 94/5040
f 92/5041 87/5042 1225/5043
f 1225/5044 87/5045 87/5046
f 1225/5047 87/5048 1226/5049
f 1226/5050 87/5051 87/5052
f 1226/5053 87/5054 1227/5055
f 1227/5056 87/5057 87/5058
f 1227/5059 87/5060 1228/5061
f 1228/5062 87/5063 87/5064
f 1228/5065 87/5066 1229/5067
f 1229/5068 87/5069 53/5070
f 1229/5071 53/5072 1229/5073
f 1229/5074 53/5075 12/5076
f 1229/5077 12/5078 1230/5079
f 1230/5080 12/5081 12/5082
f 1230/5083 12/5084 1231/5085
f 1231/5086 12/5087 12/5088
f 1231/5089 12/5090 1232/5091
f 1232/5092 12/5093 12/5094
f 1232/5095 12/5096 1233/5097
f 1233/5098 12/5099 91/5100
f 92/5101 1234/5102 89/5103
f 89/5104 1234/5105 1235/5106
f 89/5107 1235/5108 89/5109
f 89/5110 1235/5111 1236/5112
f 89/5113 1236/5114 89/5115
f 89/5116 1236/5117 1237/5118
f 89/5119 1237/5120 90/5121
f 91/5122 88/5123 1238/5124
f 1238/5125 88/5126 88/5127
f 1238/5128 88/5129 1239/5130
f 1239/5131 88/5132 88/5133
f 1239/5134 88/5135 1240/5136
f 1240/5137 88/5138 90/5139
f 89/5140 88/5141 1241/5142
f 1241/5143 88/5144 1242/5145
f 89/5146 1241/5147 87/5148
f 87/5149 1241/5150 82/5151
f 12/5152 11/5153 88/5154
f 88/5155 11/5156 1242/5157
f 1242/5158 11/5159 1241/5160
f 1241/5161 11/5162 82/5163
f 87/5164 86/5165 53/5166
f 53/5167 86/5168 85/5169
f 86/5170 82/5171 81/5172
f 81/5173 82/5174 18/5175
f 85/5176 81/5177 93/5178
f 93/5179 81/5180 1243/5181
f 1243/5182 81/5183 1244/5184
f 1244/5185 81/5186 80/5187
f 1243/5188 1244/5189 93/5190
f 93/5191 1244/5192 95/5193
f 95/5194 1244/5195 83/5196
f 83/5197 1244/5198 80/5199
f 79/5200 32/5201 84/5202
f 84/5203 32/5204 1/5205
f 32/5206 79/5207 1184/5208
f 1184/5209 79/5210 79/5211
f 1184/5212 79/5213 1245/5214
f 1245/5215 79/5216 31/5217
f 27/5218 31/5219 47/5220
f 47/5221 31/5222 30/5223
f 27/5224 47/5225 1246/5226
f 1246/5227 47/5228 75/5229
f 27/5230 1246/5231 108/5232
f 108/5233 1246/5234 73/5235
f 75/5236 78/5237 1246/5238
f 1246/5239 78/5240 73/5241
f 78/5242 75/5243 1247/5244
f 1247/5245 75/5246 77/5247
f 1248/5248 1249/5249 1250/5250
f 1250/5251 1249/5252 1251/5253
f 75/5254 71/5255 74/5256
f 74/5257 71/5258 72/5259
f 70/5260 69/5261 68/5262
f 68/5263 69/5264 1252/5265
f 68/5266 1252/5267 67/5268
f 67/5269 1252/5270 117/5271
f 1252/5272 69/5273 117/5274
f 117/5275 69/5276 116/5277
f 69/5278 38/5279 116/5280
f 116/5281 38/5282 65/5283
f 116/5284 65/5285 67/5286
f 67/5287 65/5288 64/5289
f 65/5290 15/5291 64/5292
f 64/5293 15/5294 62/5295
f 64/5296 62/5297 5/5298
f 5/5299 62/5300 6/5301
f 60/5302 1253/5303 61/5304
f 61/5305 1253/5306 1254/5307
f 61/5308 1254/5309 32/5310
f 32/5311 1254/5312 33/5313
f 59/5314 61/5315 1255/5316
f 1255/5317 61/5318 61/5319
f 1255/5320 61/5321 1256/5322
f 1256/5323 61/5324 61/5325
f 1256/5326 61/5327 1257/5328
f 1257/5329 61/5330 61/5331
f 1257/5332 61/5333 1258/5334
f 1258/5335 61/5336 61/5337
f 1258/5338 61/5339 1259/5340
f 1259/5341 61/5342 1163/5343
f 1259/5344 1163/5345 1260/5346
f 1260/5347 1163/5348 1163/5349
f 1260/5350 1163/5351 1261/5352
f 1261/5353 1163/5354 1163/5355
f 1261/5356 1163/5357 1262/5358
f 1262/5359 1163/5360 1163/5361
f 1262/5362 1163/5363 1263/5364
f 1263/5365 1163/5366 1264/5367
f 1263/5368 1264/5369 1265/5370
f 1265/5371 1264/5372 1264/5373
f 1265/5374 1264/5375 1266/5376
f 1266/5377 1264/5378 1264/5379
f 1266/5380 1264/5381 1267/5382
f 1267/5383 1264/5384 1264/5385
f 1267/5386 1264/5387 1268/5388
f 1268/5389 1264/5390 1269/5391
f 1268/5392 1269/5393 1268/5394
f 1268/5395 1269/5396 1270/5397
f 1268/5398 1270/5399 1268/5400
f 1268/5401 1270/5402 1271/5403
f 1268/5404 1271/5405 1268/5406
f 1268/5407 1271/5408 1272/5409
f 1268/5410 1272/5411 1268/5412
f 1268/5413 1272/5414 1273/5415
f 1268/5416 1273/5417 1274/5418
f 1274/5419 1273/5420 1275/5421
f 1274/5422 1275/5423 1274/5424
f 1274/5425 1275/5426 1276/5427
f 1274/5428 1276/5429 1274/5430
f 1274/5431 1276/5432 1277/5433
f 1274/5434 1277/5435 1274/5436
f 1274/5437 1277/5438 1278/5439
f 1274/5440 1278/5441 36/5442
f 1269/5443 1264/5444 1279/5445
f 1279/5446 1264/5447 1264/5448
f 1279/5449 1264/5450 1280/5451
f 1280/5452 1264/5453 1281/5454
f 1280/5455 1281/5456 1280/5457
f 1280/5458 1281/5459 1282/5460
f 1280/5461 1282/5462 1283/5463
f 1283/5464 1282/5465 1282/5466
f 1283/5467 1282/5468 1284/5469
f 1284/5470 1282/5471 1285/5472
f 1284/5473 1285/5474 1284/5475
f 1284/5476 1285/5477 1286/5478
f 1284/5479 1286/5480 1284/5481
f 1284/5482 1286/5483 1287/5484
f 1284/5485 1287/5486 1288/5487
f 1288/5488 1287/5489 1289/5490
f 1288/5491 1289/5492 1288/5493
f 1288/5494 1289/5495 1290/5496
f 1288/5497 1290/5498 1291/5499
f 1291/5500 1290/5501 1292/5502
f 1291/5503 1292/5504 1293/5505
f 1293/5506 1292/5507 34/5508
f 1293/5509 34/5510 1294/5511
f 1294/5512 34/5513 36/5514
f 1281/5515 1264/5516 1295/5517
f 1295/5518 1264/5519 1264/5520
f 1295/5521 1264/5522 1296/5523
f 1296/5524 1264/5525 1264/5526
f 1296/5527 1264/5528 1297/5529
f 1297/5530 1264/5531 1264/5532
f 1297/5533 1264/5534 1298/5535
f 1298/5536 1264/5537 1299/5538
f 1298/5539 1299/5540 1298/5541
f 1298/5542 1299/5543 1300/5544
f 1298/5545 1300/5546 1298/5547
f 1298/5548 1300/5549 1301/5550
f 1298/5551 1301/5552 1302/5553
f 1302/5554 1301/5555 1303/5556
f 1302/5557 1303/5558 1302/5559
f 1302/5560 1303/5561 1304/5562
f 1302/5563 1304/5564 60/5565
f 1264/5566 1163/5567 48/5568
f 48/5569 1163/5570 1163/5571
f 48/5572 1163/5573 1305/5574
f 1305/5575 1163/5576 1184/5577
f 1305/5578 1184/5579 1245/5580
f 42/5581 41/5582 1306/5583
f 1306/5584 41/5585 41/5586
f 1306/5587 41/5588 1307/5589
f 1307/5590 41/5591 1308/5592
f 1307/5593 1308/5594 1307/5595
f 1307/5596 1308/5597 1309/5598
f 1307/5599 1309/5600 1307/5601
f 1307/5602 1309/5603 1310/5604
f 1307/5605 1310/5606 1311/5607
f 1311/5608 1310/5609 1312/5610
f 1311/5611 1312/5612 1313/5613
f 1313/5614 1312/5615 1312/5616
f 1313/5617 1312/5618 1314/5619
f 1314/5620 1312/5621 45/5622
f 1314/5623 45/5624 1314/5625
f 1314/5626 45/5627 44/5628
f 1314/5629 44/5630 1315/5631
f 1315/5632 44/5633 44/5634
f 1315/5635 44/5636 1316/5637
f 1316/5638 44/5639 44/5640
f 1316/5641 44/5642 1317/5643
f 1317/5644 44/5645 44/5646
f 1317/5647 44/5648 1318/5649
f 1318/5650 44/5651 52/5652
f 14/5653 18/5654 1319/5655
f 1319/5656 18/5657 17/5658
f 29/5659 1320/5660 30/5661
f 30/5662 1320/5663 1321/5664
f 1322/5665 1323/5666 46/5667
f 46/5668 1323/5669 1323/5670
f 46/5671 1323/5672 286/5673
f 286/5674 1323/5675 1324/5676
f 286/5677 1324/5678 287/5679
f 287/5680 1324/5681 1325/5682
f 287/5683 1325/5684 285/5685
f 285/5686 1325/5687 1326/5688
f 285/5689 1326/5690 284/5691
f 284/5692 1326/5693 4/5694
f 284/5695 4/5696 20/5697
f 57/5698 1327/5699 1328/5700
f 1328/5701 1327/5702 1327/5703
f 1328/5704 1327/5705 1329/5706
f 1329/5707 1327/5708 1330/5709
f 1329/5710 1330/5711 1331/5712
f 1331/5713 1330/5714 1332/5715
f 1331/5716 1332/5717 1333/5718
f 1333/5719 1332/5720 1334/5721
f 1333/5722 1334/5723 1335/5724
f 1335/5725 1334/5726 56/5727
f 1335/5728 56/5729 16/5730
f 1321/5731 58/5732 30/5733
f 30/5734 58/5735 37/5736
f 1327/5737 57/5738 1330/5739
f 1330/5740 57/5741 57/5742
f 1330/5743 57/5744 1332/5745
f 1332/5746 57/5747 57/5748
f 1332/5749 57/5750 1334/5751
f 1334/5752 57/5753 56/5754
f 35/5755 60/5756 36/5757
f 36/5758 60/5759 60/5760
f 36/5761 60/5762 1274/5763
f 1274/5764 60/5765 60/5766
f 1274/5767 60/5768 1336/5769
f 1336/5770 60/5771 60/5772
f 1336/5773 60/5774 1337/5775
f 1337/5776 60/5777 60/5778
f 1337/5779 60/5780 1338/5781
f 1338/5782 60/5783 59/5784
f 58/5785 1321/5786 54/5787
f 54/5788 1321/5789 1320/5790
f 40/5791 45/5792 17/5793
f 17/5794 45/5795 45/5796
f 17/5797 45/5798 1319/5799
f 1319/5800 45/5801 1339/5802
f 1/5803 22/5804 84/5805
f 84/5806 22/5807 22/5808
f 84/5809 22/5810 53/5811
f 53/5812 22/5813 1339/5814
f 53/5815 1339/5816 53/5817
f 53/5818 1339/5819 45/5820
f 53/5821 45/5822 10/5823
f 10/5824 45/5825 1312/5826
f 10/5827 1312/5828 10/5829
f 10/5830 1312/5831 1340/5832
f 10/5833 1340/5834 10/5835
f 10/5836 1340/5837 1341/5838
f 10/5839 1341/5840 10/5841
f 10/5842 1341/5843 1342/5844
f 10/5845 1342/5846 10/5847
f 10/5848 1342/5849 1343/5850
f 10/5851 1343/5852 23/5853
f 48/5854 1344/5855 1264/5856
f 1264/5857 1344/5858 1345/5859
f 1264/5860 1345/5861 1299/5862
f 25/5863 1346/5864 26/5865
f 26/5866 1346/5867 1347/5868
f 26/5869 1347/5870 26/5871
f 26/5872 1347/5873 1348/5874
f 26/5875 1348/5876 52/5877
f 51/5878 7/5879 1349/5880
f 1349/5881 7/5882 7/5883
f 1349/5884 7/5885 1350/5886
f 1350/5887 7/5888 7/5889
f 1350/5890 7/5891 1351/5892
f 1351/5893 7/5894 7/5895
f 1351/5896 7/5897 1352/5898
f 1352/5899 7/5900 7/5901
f 1352/5902 7/5903 1353/5904
f 1353/5905 7/5906 7/5907
f 1353/5908 7/5909 1354/5910
f 1354/5911 7/5912 7/5913
f 1354/5914 7/5915 1355/5916
f 1355/5917 7/5918 7/5919
f 1355/5920 7/5921 1356/5922
f 1356/5923 7/5924 7/5925
f 1356/5926 7/5927 1357/5928
f 1357/5929 7/5930 7/5931
f 1357/5932 7/5933 1358/5934
f 1358/5935 7/5936 7/5937
f 1358/5938 7/5939 1359/5940
f 1359/5941 7/5942 21/5943
f 24/5944 26/5945 1360/5946
f 1360/5947 26/5948 1361/5949
f 25/5950 24/5951 1362/5952
f 1362/5953 24/5954 24/5955
f 1362/5956 24/5957 1363/5958
f 1363/5959 24/5960 1364/5961
f 1363/5962 1364/5963 1363/5964
f 1363/5965 1364/5966 1365/5967
f 1363/5968 1365/5969 1366/5970
f 1366/5971 1365/5972 1367/5973
f 1366/5974 1367/5975 1366/5976
f 1366/5977 1367/5978 1368/5979
f 1366/5980 1368/5981 1369/5982
f 1369/5983 1368/5984 43/5985
f 1369/5986 43/5987 42/5988
f 1364/5989 24/5990 1370/5991
f 1370/5992 24/5993 24/5994
f 1370/5995 24/5996 1371/5997
f 1371/5998 24/5999 24/6000
f 1371/6001 24/6002 1372/6003
f 1372/6004 24/6005 24/6006
f 1372/6007 24/6008 1373/6009
f 1373/6010 24/6011 23/6012
f 29/6013 13/6014 1320/6015
f 1320/6016 13/6017 54/6018
f 19/6019 10/6020 1360/6021
f 1360/6022 10/6023 24/6024
f 1352/6025 1374/6026 1351/6027
f 1351/6028 1374/6029 1375/6030
f 1351/6031 1375/6032 1351/6033
f 1351/6034 1375/6035 1376/6036
f 1351/6037 1376/6038 1350/6039
f 1350/6040 1376/6041 1377/6042
f 1350/6043 1377/6044 1349/6045
f 1349/6046 1377/6047 1378/6048
f 1349/6049 1378/6050 51/6051
f 51/6052 1378/6053 1379/6054
f 51/6055 1379/6056 1380/6057
f 1380/6058 1379/6059 1381/6060
f 44/6061 39/6062 26/6063
f 26/6064 39/6065 1361/6066
f 1361/6067 39/6068 1360/6069
f 1360/6070 39/6071 19/6072
f 14/6073 1319/6074 22/6075
f 22/6076 1319/6077 1339/6078
f 1356/6079 1382/6080 1355/6081
f 1355/6082 1382/6083 1383/6084
f 1322/6085 46/6086 1328/6087
f 1328/6088 46/6089 57/6090
f 35/6091 1384/6092 60/6093
f 60/6094 1384/6095 1385/6096
f 60/6097 1385/6098 60/6099
f 60/6100 1385/6101 1386/6102
f 60/6103 1386/6104 1302/6105
f 51/6106 1380/6107 49/6108
f 49/6109 1380/6110 1387/6111
f 49/6112 1387/6113 49/6114
f 49/6115 1387/6116 1388/6117
f 49/6118 1388/6119 49/6120
f 49/6121 1388/6122 1389/6123
f 49/6124 1389/6125 50/6126
f 620/6127 236/6128 241/6129
f 241/6130 236/6131 646/6132
f 241/6133 646/6134 645/6135
f 645/6136 646/6137 580/6138
f 645/6139 580/6140 555/6141
f 555/6142 580/6143 579/6144
f 555/6145 579/6146 554/6147
f 554/6148 579/6149 579/6150
f 554/6151 579/6152 532/6153
f 532/6154 579/6155 557/6156
f 532/6157 557/6158 254/6159
f 254/6160 557/6161 257/6162
f 254/6163 257/6164 255/6165
f 255/6166 257/6167 259/6168
f 255/6169 259/6170 255/6171
f 255/6172 259/6173 526/6174
f 255/6175 526/6176 516/6177
f 516/6178 526/6179 524/6180
f 516/6181 524/6182 514/6183
f 514/6184 524/6185 522/6186
f 514/6187 522/6188 513/6189
f 513/6190 522/6191 521/6192
f 513/6193 521/6194 511/6195
f 511/6196 521/6197 523/6198
f 511/6199 523/6200 512/6201
f 512/6202 523/6203 525/6204
f 512/6205 525/6206 515/6207
f 515/6208 525/6209 527/6210
f 515/6211 527/6212 517/6213
f 517/6214 527/6215 528/6216
f 517/6217 528/6218 518/6219
f 518/6220 528/6221 529/6222
f 518/6223 529/6224 519/6225
f 519/6226 529/6227 530/6228
f 519/6229 530/6230 520/6231
f 520/6232 530/6233 258/6234
f 520/6235 258/6236 256/6237
f 256/6238 258/6239 258/6240
f 256/6241 258/6242 531/6243
f 531/6244 258/6245 556/6246
f 531/6247 556/6248 533/6249
f 533/6250 556/6251 558/6252
f 533/6253 558/6254 534/6255
f 534/6256 558/6257 559/6258
f 534/6259 559/6260 534/6261
f 534/6262 559/6263 560/6264
f 534/6265 560/6266 535/6267
f 535/6268 560/6269 561/6270
f 535/6271 561/6272 536/6273
f 536/6274 561/6275 562/6276
f 536/6277 562/6278 537/6279
f 537/6280 562/6281 562/6282
f 537/6283 562/6284 538/6285
f 538/6286 562/6287 563/6288
f 538/6289 563/6290 540/6291
f 540/6292 563/6293 565/6294
f 540/6295 565/6296 541/6297
f 541/6298 565/6299 566/6300
f 541/6301 566/6302 541/6303
f 541/6304 566/6305 569/6306
f 541/6307 569/6308 544/6309
f 544/6310 569/6311 570/6312
f 544/6313 570/6314 545/6315
f 545/6316 570/6317 571/6318
f 545/6319 571/6320 546/6321
f 546/6322 571/6323 573/6324
f 546/6325 573/6326 548/6327
f 548/6328 573/6329 572/6330
f 548/6331 572/6332 547/6333
f 547/6334 572/6335 568/6336
f 547/6337 568/6338 543/6339
f 543/6340 568/6341 567/6342
f 543/6343 567/6344 542/6345
f 542/6346 567/6347 564/6348
f 542/6349 564/6350 539/6351
f 539/6352 564/6353 574/6354
f 539/6355 574/6356 549/6357
f 549/6358 574/6359 575/6360
f 549/6361 575/6362 550/6363
f 550/6364 575/6365 576/6366
f 550/6367 576/6368 551/6369
f 551/6370 576/6371 576/6372
f 551/6373 576/6374 552/6375
f 552/6376 576/6377 577/6378
f 552/6379 577/6380 553/6381
f 553/6382 577/6383 578/6384
f 553/6385 578/6386 239/6387
f 239/6388 578/6389 238/6390
f 239/6391 238/6392 239/6393
f 239/6394 238/6395 237/6396
f 239/6397 237/6398 240/6399
f 240/6400 237/6401 616/6402
f 240/6403 616/6404 604/6405
f 604/6406 616/6407 615/6408
f 604/6409 615/6410 603/6411
f 603/6412 615/6413 615/6414
f 603/6415 615/6416 602/6417
f 602/6418 615/6419 614/6420
f 602/6421 614/6422 248/6423
f 248/6424 614/6425 251/6426
f 248/6427 251/6428 249/6429
f 249/6430 251/6431 253/6432
f 249/6433 253/6434 249/6435
f 249/6436 253/6437 600/6438
f 249/6439 600/6440 590/6441
f 590/6442 600/6443 599/6444
f 590/6445 599/6446 589/6447
f 589/6448 599/6449 598/6450
f 589/6451 598/6452 588/6453
f 588/6454 598/6455 597/6456
f 588/6457 597/6458 587/6459
f 587/6460 597/6461 596/6462
f 587/6463 596/6464 586/6465
f 586/6466 596/6467 594/6468
f 586/6469 594/6470 584/6471
f 584/6472 594/6473 592/6474
f 584/6475 592/6476 583/6477
f 583/6478 592/6479 591/6480
f 583/6481 591/6482 581/6483
f 581/6484 591/6485 593/6486
f 581/6487 593/6488 582/6489
f 582/6490 593/6491 595/6492
f 582/6493 595/6494 585/6495
f 585/6496 595/6497 252/6498
f 585/6499 252/6500 250/6501
f 250/6502 252/6503 252/6504
f 250/6505 252/6506 601/6507
f 601/6508 252/6509 613/6510
f 601/6511 613/6512 605/6513
f 605/6514 613/6515 617/6516
f 605/6517 617/6518 606/6519
f 606/6520 617/6521 618/6522
f 606/6523 618/6524 606/6525
f 606/6526 618/6527 619/6528
f 606/6529 619/6530 607/6531
f 607/6532 619/6533 622/6534
f 607/6535 622/6536 610/6537
f 610/6538 622/6539 623/6540
f 610/6541 623/6542 611/6543
f 611/6544 623/6545 623/6546
f 611/6547 623/6548 612/6549
f 612/6550 623/6551 624/6552
f 612/6553 624/6554 242/6555
f 242/6556 624/6557 245/6558
f 242/6559 245/6560 243/6561
f 243/6562 245/6563 247/6564
f 243/6565 247/6566 243/6567
f 243/6568 247/6569 638/6570
f 243/6571 638/6572 628/6573
f 628/6574 638/6575 636/6576
f 628/6577 636/6578 627/6579
f 627/6580 636/6581 635/6582
f 627/6583 635/6584 625/6585
f 625/6586 635/6587 637/6588
f 625/6589 637/6590 626/6591
f 626/6592 637/6593 639/6594
f 626/6595 639/6596 629/6597
f 629/6598 639/6599 640/6600
f 629/6601 640/6602 630/6603
f 630/6604 640/6605 641/6606
f 630/6607 641/6608 631/6609
f 631/6610 641/6611 642/6612
f 631/6613 642/6614 632/6615
f 632/6616 642/6617 643/6618
f 632/6619 643/6620 633/6621
f 633/6622 643/6623 644/6624
f 633/6625 644/6626 634/6627
f 634/6628 644/6629 246/6630
f 634/6631 246/6632 244/6633
f 244/6634 246/6635 246/6636
f 244/6637 246/6638 609/6639
f 609/6640 246/6641 621/6642
f 609/6643 621/6644 608/6645
f 608/6646 621/6647 620/6648
f 608/6649 620/6650 241/6651
f 971/6652 969/6653 1390/6654
f 1390/6655 969/6656 967/6657
f 1390/6658 967/6659 1390/6660
f 1390/6661 967/6662 965/6663
f 1390/6664 965/6665 1390/6666
f 1390/6667 965/6668 963/6669
f 1390/6670 963/6671 1390/6672
f 1390/6673 963/6674 961/6675
f 1390/6676 961/6677 1390/6678
f 1390/6679 961/6680 959/6681
f 1390/6682 959/6683 1390/6684
f 1390/6685 959/6686 957/6687
f 1390/6688 957/6689 1390/6690
f 1390/6691 957/6692 955/6693
f 1390/6694 955/6695 1390/6696
f 1390/6697 955/6698 953/6699
f 1390/6700 953/6701 1390/6702
f 1390/6703 953/6704 951/6705
f 1390/6706 951/6707 1390/6708
f 1390/6709 951/6710 949/6711
f 1390/6712 949/6713 1390/6714
f 1390/6715 949/6716 947/6717
f 1390/6718 947/6719 1390/6720
f 1390/6721 947/6722 945/6723
f 1390/6724 945/6725 1390/6726
f 1390/6727 945/6728 943/6729
f 1390/6730 943/6731 1390/6732
f 1390/6733 943/6734 941/6735
f 1390/6736 941/6737 1390/6738
f 1390/6739 941/6740 130/6741
f 1390/6742 130/6743 1390/6744
f 1390/6745 130/6746 129/6747
f 1390/6748 129/6749 971/6750
f 938/6751 134/6752 1391/6753
f 1391/6754 134/6755 132/6756
f 1391/6757 132/6758 1391/6759
f 1391/6760 132/6761 908/6762
f 1391/6763 908/6764 1391/6765
f 1391/6766 908/6767 910/6768
f 1391/6769 910/6770 1391/6771
f 1391/6772 910/6773 912/6774
f 1391/6775 912/6776 1391/6777
f 1391/6778 912/6779 914/6780
f 1391/6781 914/6782 1391/6783
f 1391/6784 914/6785 916/6786
f 1391/6787 916/6788 1391/6789
f 1391/6790 916/6791 918/6792
f 1391/6793 918/6794 1391/6795
f 1391/6796 918/6797 920/6798
f 1391/6799 920/6800 1391/6801
f 1391/6802 920/6803 922/6804
f 1391/6805 922/6806 1391/6807
f 1391/6808 922/6809 924/6810
f 1391/6811 924/6812 1391/6813
f 1391/6814 924/6815 926/6816
f 1391/6817 926/6818 1391/6819
f 1391/6820 926/6821 928/6822
f 1391/6823 928/6824 1391/6825
f 1391/6826 928/6827 930/6828
f 1391/6829 930/6830 1391/6831
f 1391/6832 930/6833 932/6834
f 1391/6835 932/6836 1391/6837
f 1391/6838 932/6839 934/6840
f 1391/6841 934/6842 1391/6843
f 1391/6844 934/6845 936/6846
f 1391/6847 936/6848 938/6849
f 876/6850 144/6851 1392/6852
f 1392/6853 144/6854 142/6855
f 1392/6856 142/6857 1392/6858
f 1392/6859 142/6860 846/6861
f 1392/6862 846/6863 1392/6864
f 1392/6865 846/6866 848/6867
f 1392/6868 848/6869 1392/6870
f 1392/6871 848/6872 850/6873
f 1392/6874 850/6875 1392/6876
f 1392/6877 850/6878 852/6879
f 1392/6880 852/6881 1392/6882
f 1392/6883 852/6884 854/6885
f 1392/6886 854/6887 1392/6888
f 1392/6889 854/6890 856/6891
f 1392/6892 856/6893 1392/6894
f 1392/6895 856/6896 858/6897
f 1392/6898 858/6899 1392/6900
f 1392/6901 858/6902 860/6903
f 1392/6904 860/6905 1392/6906
f 1392/6907 860/6908 862/6909
f 1392/6910 862/6911 1392/6912
f 1392/6913 862/6914 864/6915
f 1392/6916 864/6917 1392/6918
f 1392/6919 864/6920 866/6921
f 1392/6922 866/6923 1392/6924
f 1392/6925 866/6926 868/6927
f 1392/6928 868/6929 1392/6930
f 1392/6931 868/6932 870/6933
f 1392/6934 870/6935 1392/6936
f 1392/6937 870/6938 872/6939
f 1392/6940 872/6941 1392/6942
f 1392/6943 872/6944 874/6945
f 1392/6946 874/6947 876/6948
f 810/6949 812/6950 1393/6951
f 1393/6952 812/6953 814/6954
f 1393/6955 814/6956 1393/6957
f 1393/6958 814/6959 816/6960
f 1393/6961 816/6962 1393/6963
f 1393/6964 816/6965 818/6966
f 1393/6967 818/6968 1393/6969
f 1393/6970 818/6971 820/6972
f 1393/6973 820/6974 1393/6975
f 1393/6976 820/6977 822/6978
f 1393/6979 822/6980 1393/6981
f 1393/6982 822/6983 824/6984
f 1393/6985 824/6986 1393/6987
f 1393/6988 824/6989 826/6990
f 1393/6991 826/6992 1393/6993
f 1393/6994 826/6995 828/6996
f 1393/6997 828/6998 1393/6999
f 1393/7000 828/7001 830/7002
f 1393/7003 830/7004 1393/7005
f 1393/7006 830/7007 832/7008
f 1393/7009 832/7010 1393/7011
f 1393/7012 832/7013 834/7014
f 1393/7015 834/7016 1393/7017
f 1393/7018 834/7019 836/7020
f 1393/7021 836/7022 1393/7023
f 1393/7024 836/7025 838/7026
f 1393/7027 838/7028 1393/7029
f 1393/7030 838/7031 840/7032
f 1393/7033 840/7034 1393/7035
f 1393/7036 840/7037 175/7038
f 1393/7039 175/7040 1393/7041
f 1393/7042 175/7043 177/7044
f 1393/7045 177/7046 810/7047
f 813/7048 811/7049 1394/7050
f 1394/7051 811/7052 178/7053
f 1394/7054 178/7055 1394/7056
f 1394/7057 178/7058 176/7059
f 1394/7060 176/7061 1394/7062
f 1394/7063 176/7064 841/7065
f 1394/7066 841/7067 1394/7068
f 1394/7069 841/7070 839/7071
f 1394/7072 839/7073 1394/7074
f 1394/7075 839/7076 837/7077
f 1394/7078 837/7079 1394/7080
f 1394/7081 837/7082 835/7083
f 1394/7084 835/7085 1394/7086
f 1394/7087 835/7088 833/7089
f 1394/7090 833/7091 1394/7092
f 1394/7093 833/7094 831/7095
f 1394/7096 831/7097 1394/7098
f 1394/7099 831/7100 829/7101
f 1394/7102 829/7103 1394/7104
f 1394/7105 829/7106 827/7107
f 1394/7108 827/7109 1394/7110
f 1394/7111 827/7112 825/7113
f 1394/7114 825/7115 1394/7116
f 1394/7117 825/7118 823/7119
f 1394/7120 823/7121 1394/7122
f 1394/7123 823/7124 821/7125
f 1394/7126 821/7127 1394/7128
f 1394/7129 821/7130 819/7131
f 1394/7132 819/7133 1394/7134
f 1394/7135 819/7136 817/7137
f 1394/7138 817/7139 1394/7140
f 1394/7141 817/7142 815/7143
f 1394/7144 815/7145 813/7146
f 778/7147 780/7148 1395/7149
f 1395/7150 780/7151 782/7152
f 1395/7153 782/7154 1395/7155
f 1395/7156 782/7157 784/7158
f 1395/7159 784/7160 1395/7161
f 1395/7162 784/7163 786/7164
f 1395/7165 786/7166 1395/7167
f 1395/7168 786/7169 788/7170
f 1395/7171 788/7172 1395/7173
f 1395/7174 788/7175 790/7176
f 1395/7177 790/7178 1395/7179
f 1395/7180 790/7181 792/7182
f 1395/7183 792/7184 1395/7185
f 1395/7186 792/7187 794/7188
f 1395/7189 794/7190 1395/7191
f 1395/7192 794/7193 796/7194
f 1395/7195 796/7196 1395/7197
f 1395/7198 796/7199 798/7200
f 1395/7201 798/7202 1395/7203
f 1395/7204 798/7205 800/7206
f 1395/7207 800/7208 1395/7209
f 1395/7210 800/7211 802/7212
f 1395/7213 802/7214 1395/7215
f 1395/7216 802/7217 804/7218
f 1395/7219 804/7220 1395/7221
f 1395/7222 804/7223 806/7224
f 1395/7225 806/7226 1395/7227
f 1395/7228 806/7229 808/7230
f 1395/7231 808/7232 1395/7233
f 1395/7234 808/7235 179/7236
f 1395/7237 179/7238 1395/7239
f 1395/7240 179/7241 181/7242
f 1395/7243 181/7244 778/7245
f 781/7246 779/7247 1396/7248
f 1396/7249 779/7250 182/7251
f 1396/7252 182/7253 1396/7254
f 1396/7255 182/7256 180/7257
f 1396/7258 180/7259 1396/7260
f 1396/7261 180/7262 809/7263
f 1396/7264 809/7265 1396/7266
f 1396/7267 809/7268 807/7269
f 1396/7270 807/7271 1396/7272
f 1396/7273 807/7274 805/7275
f 1396/7276 805/7277 1396/7278
f 1396/7279 805/7280 803/7281
f 1396/7282 803/7283 1396/7284
f 1396/7285 803/7286 801/7287
f 1396/7288 801/7289 1396/7290
f 1396/7291 801/7292 799/7293
f 1396/7294 799/7295 1396/7296
f 1396/7297 799/7298 797/7299
f 1396/7300 797/7301 1396/7302
f 1396/7303 797/7304 795/7305
f 1396/7306 795/7307 1396/7308
f 1396/7309 795/7310 793/7311
f 1396/7312 793/7313 1396/7314
f 1396/7315 793/7316 791/7317
f 1396/7318 791/7319 1396/7320
f 1396/7321 791/7322 789/7323
f 1396/7324 789/7325 1396/7326
f 1396/7327 789/7328 787/7329
f 1396/7330 787/7331 1396/7332
f 1396/7333 787/7334 785/7335
f 1396/7336 785/7337 1396/7338
f 1396/7339 785/7340 783/7341
f 1396/7342 783/7343 781/7344
f 746/7345 748/7346 1397/7347
f 1397/7348 748/7349 750/7350
f 1397/7351 750/7352 1397/7353
f 1397/7354 750/7355 752/7356
f 1397/7357 752/7358 1397/7359
f 1397/7360 752/7361 754/7362
f 1397/7363 754/7364 1397/7365
f 1397/7366 754/7367 756/7368
f 1397/7369 756/7370 1397/7371
f 1397/7372 756/7373 758/7374
f 1397/7375 758/7376 1397/7377
f 1397/7378 758/7379 760/7380
f 1397/7381 760/7382 1397/7383
f 1397/7384 760/7385 762/7386
f 1397/7387 762/7388 1397/7389
f 1397/7390 762/7391 764/7392
f 1397/7393 764/7394 1397/7395
f 1397/7396 764/7397 766/7398
f 1397/7399 766/7400 1397/7401
f 1397/7402 766/7403 768/7404
f 1397/7405 768/7406 1397/7407
f 1397/7408 768/7409 770/7410
f 1397/7411 770/7412 1397/7413
f 1397/7414 770/7415 772/7416
f 1397/7417 772/7418 1397/7419
f 1397/7420 772/7421 774/7422
f 1397/7423 774/7424 1397/7425
f 1397/7426 774/7427 776/7428
f 1397/7429 776/7430 1397/7431
f 1397/7432 776/7433 183/7434
f 1397/7435 183/7436 1397/7437
f 1397/7438 183/7439 185/7440
f 1397/7441 185/7442 746/7443
f 749/7444 747/7445 1398/7446
f 1398/7447 747/7448 186/7449
f 1398/7450 186/7451 1398/7452
f 1398/7453 186/7454 184/7455
f 1398/7456 184/7457 1398/7458
f 1398/7459 184/7460 777/7461
f 1398/7462 777/7463 1398/7464
f 1398/7465 777/7466 775/7467
f 1398/7468 775/7469 1398/7470
f 1398/7471 775/7472 773/7473
f 1398/7474 773/7475 1398/7476
f 1398/7477 773/7478 771/7479
f 1398/7480 771/7481 1398/7482
f 1398/7483 771/7484 769/7485
f 1398/7486 769/7487 1398/7488
f 1398/7489 769/7490 767/7491
f 1398/7492 767/7493 1398/7494
f 1398/7495 767/7496 765/7497
f 1398/7498 765/7499 1398/7500
f 1398/7501 765/7502 763/7503
f 1398/7504 763/7505 1398/7506
f 1398/7507 763/7508 761/7509
f 1398/7510 761/7511 1398/7512
f 1398/7513 761/7514 759/7515
f 1398/7516 759/7517 1398/7518
f 1398/7519 759/7520 757/7521
f 1398/7522 757/7523 1398/7524
f 1398/7525 757/7526 755/7527
f 1398/7528 755/7529 1398/7530
f 1398/7531 755/7532 753/7533
f 1398/7534 753/7535 1398/7536
f 1398/7537 753/7538 751/7539
f 1398/7540 751/7541 749/7542
f 714/7543 716/7544 1399/7545
f 1399/7546 716/7547 718/7548
f 1399/7549 718/7550 1399/7551
f 1399/7552 718/7553 720/7554
f 1399/7555 720/7556 1399/7557
f 1399/7558 720/7559 722/7560
f 1399/7561 722/7562 1399/7563
f 1399/7564 722/7565 724/7566
f 1399/7567 724/7568 1399/7569
f 1399/7570 724/7571 726/7572
f 1399/7573 726/7574 1399/7575
f 1399/7576 726/7577 728/7578
f 1399/7579 728/7580 1399/7581
f 1399/7582 728/7583 730/7584
f 1399/7585 730/7586 1399/7587
f 1399/7588 730/7589 732/7590
f 1399/7591 732/7592 1399/7593
f 1399/7594 732/7595 734/7596
f 1399/7597 734/7598 1399/7599
f 1399/7600 734/7601 736/7602
f 1399/7603 736/7604 1399/7605
f 1399/7606 736/7607 738/7608
f 1399/7609 738/7610 1399/7611
f 1399/7612 738/7613 740/7614
f 1399/7615 740/7616 1399/7617
f 1399/7618 740/7619 742/7620
f 1399/7621 742/7622 1399/7623
f 1399/7624 742/7625 744/7626
f 1399/7627 744/7628 1399/7629
f 1399/7630 744/7631 187/7632
f 1399/7633 187/7634 1399/7635
f 1399/7636 187/7637 189/7638
f 1399/7639 189/7640 714/7641
f 717/7642 715/7643 1400/7644
f 1400/7645 715/7646 190/7647
f 1400/7648 190/7649 1400/7650
f 1400/7651 190/7652 188/7653
f 1400/7654 188/7655 1400/7656
f 1400/7657 188/7658 745/7659
f 1400/7660 745/7661 1400/7662
f 1400/7663 745/7664 743/7665
f 1400/7666 743/7667 1400/7668
f 1400/7669 743/7670 741/7671
f 1400/7672 741/7673 1400/7674
f 1400/7675 741/7676 739/7677
f 1400/7678 739/7679 1400/7680
f 1400/7681 739/7682 737/7683
f 1400/7684 737/7685 1400/7686
f 1400/7687 737/7688 735/7689
f 1400/7690 735/7691 1400/7692
f 1400/7693 735/7694 733/7695
f 1400/7696 733/7697 1400/7698
f 1400/7699 733/7700 731/7701
f 1400/7702 731/7703 1400/7704
f 1400/7705 731/7706 729/7707
f 1400/7708 729/7709 1400/7710
f 1400/7711 729/7712 727/7713
f 1400/7714 727/7715 1400/7716
f 1400/7717 727/7718 725/7719
f 1400/7720 725/7721 1400/7722
f 1400/7723 725/7724 723/7725
f 1400/7726 723/7727 1400/7728
f 1400/7729 723/7730 721/7731
f 1400/7732 721/7733 1400/7734
f 1400/7735 721/7736 719/7737
f 1400/7738 719/7739 717/7740
f 262/7741 510/7742 265/7743
f 265/7744 510/7745 510/7746
f 265/7747 510/7748 509/7749
f 509/7750 510/7751 443/7752
f 509/7753 443/7754 418/7755
f 418/7756 443/7757 442/7758
f 418/7759 442/7760 417/7761
f 417/7762 442/7763 442/7764
f 417/7765 442/7766 395/7767
f 395/7768 442/7769 420/7770
f 395/7771 420/7772 278/7773
f 278/7774 420/7775 281/7776
f 278/7777 281/7778 279/7779
f 279/7780 281/7781 283/7782
f 279/7783 283/7784 279/7785
f 279/7786 283/7787 393/7788
f 279/7789 393/7790 383/7791
f 383/7792 393/7793 392/7794
f 383/7795 392/7796 382/7797
f 382/7798 392/7799 387/7800
f 382/7801 387/7802 377/7803
f 377/7804 387/7805 385/7806
f 377/7807 385/7808 376/7809
f 376/7810 385/7811 384/7812
f 376/7813 384/7814 374/7815
f 374/7816 384/7817 386/7818
f 374/7819 386/7820 375/7821
f 375/7822 386/7823 388/7824
f 375/7825 388/7826 378/7827
f 378/7828 388/7829 389/7830
f 378/7831 389/7832 379/7833
f 379/7834 389/7835 390/7836
f 379/7837 390/7838 380/7839
f 380/7840 390/7841 391/7842
f 380/7843 391/7844 381/7845
f 381/7846 391/7847 282/7848
f 381/7849 282/7850 280/7851
f 280/7852 282/7853 282/7854
f 280/7855 282/7856 394/7857
f 394/7858 282/7859 419/7860
f 394/7861 419/7862 396/7863
f 396/7864 419/7865 421/7866
f 396/7867 421/7868 397/7869
f 397/7870 421/7871 422/7872
f 397/7873 422/7874 397/7875
f 397/7876 422/7877 423/7878
f 397/7879 423/7880 398/7881
f 398/7882 423/7883 424/7884
f 398/7885 424/7886 399/7887
f 399/7888 424/7889 425/7890
f 399/7891 425/7892 400/7893
f 400/7894 425/7895 425/7896
f 400/7897 425/7898 401/7899
f 401/7900 425/7901 426/7902
f 401/7903 426/7904 403/7905
f 403/7906 426/7907 428/7908
f 403/7909 428/7910 404/7911
f 404/7912 428/7913 429/7914
f 404/7915 429/7916 404/7917
f 404/7918 429/7919 433/7920
f 404/7921 433/7922 408/7923
f 408/7924 433/7925 434/7926
f 408/7927 434/7928 409/7929
f 409/7930 434/7931 436/7932
f 409/7933 436/7934 411/7935
f 411/7936 436/7937 435/7938
f 411/7939 435/7940 410/7941
f 410/7942 435/7943 432/7944
f 410/7945 432/7946 407/7947
f 407/7948 432/7949 431/7950
f 407/7951 431/7952 406/7953
f 406/7954 431/7955 430/7956
f 406/7957 430/7958 405/7959
f 405/7960 430/7961 427/7962
f 405/7963 427/7964 402/7965
f 402/7966 427/7967 437/7968
f 402/7969 437/7970 412/7971
f 412/7972 437/7973 438/7974
f 412/7975 438/7976 413/7977
f 413/7978 438/7979 439/7980
f 413/7981 439/7982 414/7983
f 414/7984 439/7985 439/7986
f 414/7987 439/7988 415/7989
f 415/7990 439/7991 440/7992
f 415/7993 440/7994 416/7995
f 416/7996 440/7997 441/7998
f 416/7999 441/8000 263/8001
f 263/8002 441/8003 261/8004
f 263/8005 261/8006 263/8007
f 263/8008 261/8009 260/8010
f 263/8011 260/8012 264/8013
f 264/8014 260/8015 479/8016
f 264/8017 479/8018 467/8019
f 467/8020 479/8021 478/8022
f 467/8023 478/8024 466/8025
f 466/8026 478/8027 478/8028
f 466/8029 478/8030 465/8031
f 465/8032 478/8033 477/8034
f 465/8035 477/8036 272/8037
f 272/8038 477/8039 275/8040
f 272/8041 275/8042 273/8043
f 273/8044 275/8045 277/8046
f 273/8047 277/8048 273/8049
f 273/8050 277/8051 453/8052
f 273/8053 453/8054 463/8055
f 463/8056 453/8057 452/8058
f 463/8059 452/8060 462/8061
f 462/8062 452/8063 451/8064
f 462/8065 451/8066 461/8067
f 461/8068 451/8069 449/8070
f 461/8071 449/8072 459/8073
f 459/8074 449/8075 445/8076
f 459/8077 445/8078 456/8079
f 456/8080 445/8081 444/8082
f 456/8083 444/8084 454/8085
f 454/8086 444/8087 446/8088
f 454/8089 446/8090 455/8091
f 455/8092 446/8093 447/8094
f 455/8095 447/8096 457/8097
f 457/8098 447/8099 448/8100
f 457/8101 448/8102 458/8103
f 458/8104 448/8105 450/8106
f 458/8107 450/8108 460/8109
f 460/8110 450/8111 276/8112
f 460/8113 276/8114 274/8115
f 274/8116 276/8117 276/8118
f 274/8119 276/8120 464/8121
f 464/8122 276/8123 476/8124
f 464/8125 476/8126 468/8127
f 468/8128 476/8129 480/8130
f 468/8131 480/8132 469/8133
f 469/8134 480/8135 481/8136
f 469/8137 481/8138 469/8139
f 469/8140 481/8141 482/8142
f 469/8143 482/8144 470/8145
f 470/8146 482/8147 485/8148
f 470/8149 485/8150 473/8151
f 473/8152 485/8153 486/8154
f 473/8155 486/8156 474/8157
f 474/8158 486/8159 486/8160
f 474/8161 486/8162 475/8163
f 475/8164 486/8165 487/8166
f 475/8167 487/8168 266/8169
f 266/8170 487/8171 269/8172
f 266/8173 269/8174 267/8175
f 267/8176 269/8177 271/8178
f 267/8179 271/8180 267/8181
f 267/8182 271/8183 489/8184
f 267/8185 489/8186 500/8187
f 500/8188 489/8189 488/8190
f 500/8191 488/8192 498/8193
f 498/8194 488/8195 490/8196
f 498/8197 490/8198 499/8199
f 499/8200 490/8201 491/8202
f 499/8203 491/8204 501/8205
f 501/8206 491/8207 492/8208
f 501/8209 492/8210 502/8211
f 502/8212 492/8213 493/8214
f 502/8215 493/8216 503/8217
f 503/8218 493/8219 494/8220
f 503/8221 494/8222 504/8223
f 504/8224 494/8225 495/8226
f 504/8227 495/8228 505/8229
f 505/8230 495/8231 496/8232
f 505/8233 496/8234 506/8235
f 506/8236 496/8237 497/8238
f 506/8239 497/8240 507/8241
f 507/8242 497/8243 270/8244
f 507/8245 270/8246 268/8247
f 268/8248 270/8249 270/8250
f 268/8251 270/8252 472/8253
f 472/8254 270/8255 484/8256
f 472/8257 484/8258 471/8259
f 471/8260 484/8261 483/8262
f 471/8263 483/8264 265/8265
f 265/8266 483/8267 262/8268
f 1401/8269 1402/8270 1403/8271
f 1403/8272 1402/8273 1404/8274
f 1248/8275 1250/8276 1403/8277
f 1403/8278 1250/8279 1401/8280
f 1402/8281 1401/8282 1251/8283
f 1251/8284 1401/8285 1250/8286
f 1404/8287 1402/8288 1249/8289
f 1249/8290 1402/8291 1251/8292
f 1403/8293 1404/8294 1248/8295
f 1248/8296 1404/8297 1249/8298
