# Exported from USD for MuJoCo with source material subsets
v 10.3956266 3.27691139 0.0500007391
v 10.3680219 3.26668371 0.0500007391
v 9.85562685 3.27691139 0.0500006199
v 9.8556275 2.6269113 0.0500006199
v 9.8656275 2.60191144 0.0500006199
v 9.8556275 2.57691111 0.0500006199
v 10.2856266 3.1269113 0.700000358
v 10.3056265 3.2269112 0.700000358
v 9.9456267 3.2269112 0.700000238
v 9.91062751 2.60191144 0.010000658
v 9.90881821 2.59165086 0.010000658
v 9.91062751 2.60191144 5.48362732e-07
v 10.3356273 2.57691158 0.090000701
v 10.3956272 2.57691158 0.0500007391
v 10.3956272 2.57691158 0.090000701
v 9.85562691 3.2269112 0.0500006199
v 9.87802222 3.23713888 0.0500006199
v 9.94562688 3.2269112 0.0500006199
v 10.3056264 3.27691139 0.800000381
v 10.3056264 3.2269112 0.800000381
v 10.3056266 3.2269112 0.120000553
v 10.3056272 2.62691154 0.120000553
v 10.3056267 3.2269112 0.0500007391
v 10.3056266 3.27691139 0.120000553
v 9.94562682 3.27691139 0.120000553
v 9.89472279 2.60704149 0.0293654919
v 9.89562753 2.60191144 0.0500006199
v 9.89562753 2.60191144 0.0293654919
v 10.3706272 2.61691155 0.0500007391
v 10.3680225 2.61668386 0.0500007391
v 9.94562688 3.2269112 0.120000553
v 9.94562742 2.6269113 0.0500006199
v 9.91062686 3.2519113 5.48362732e-07
v 9.90881768 3.2621714 5.48362732e-07
v 9.91062686 3.2519113 0.010000658
v 9.92489728 3.27691139 0.0914688826
v 9.94562742 2.6269113 0.120000553
v 9.85562685 3.2269112 0.0900004625
v 9.91562685 3.2269112 0.0900005817
v 10.3356267 3.27691139 0.090000701
v 10.3956266 3.27691139 0.090000701
v 9.924898 2.57691135 0.0914688826
v 9.91562751 2.57691135 0.0900005817
v 10.3356267 3.2269112 0.090000701
v 10.3956267 3.22691168 0.0500007391
v 9.8556275 2.57691111 0.0900004625
v 9.91562733 2.6269113 0.0900005817
v 10.3356273 2.62691154 0.090000701
v 10.3956272 2.62691154 0.0500007391
v 10.3056272 2.62691154 0.0500007391
v 10.2856267 3.02691139 0.700000358
v 9.94562664 3.27691139 0.800000262
v 10.305627 2.57691158 0.800000381
v 10.305627 2.62691154 0.700000358
v 10.305627 2.62691154 0.800000381
v 9.94415852 3.27691139 0.110730124
v 10.3706266 3.26691164 0.0500007391
v 10.3732313 3.26668371 0.0293656111
v 10.3680219 3.26668371 0.0293656111
v 10.3680225 2.5871395 0.0500007391
v 10.3847226 2.59678139 0.0500007391
v 10.3856272 2.60191192 0.0293656111
v 10.3856272 2.60191192 0.0500007391
v 9.90881768 3.24165024 0.010000658
v 9.91562679 3.27691139 0.0900005817
v 9.85562685 3.27691139 0.0900004625
v 9.94562724 2.6269113 0.700000238
v 10.3956267 3.22691168 0.090000701
v 9.88323214 2.61668338 0.0500006199
v 9.8656269 3.2519113 0.0500006199
v 9.85562739 2.6269113 0.0900004625
v 10.3956272 2.62691154 0.090000701
v 10.3056267 3.02691139 0.700000358
v 10.3056266 3.1269113 0.700000358
v 10.3056272 2.57691158 0.120000553
v 9.94562724 2.57691135 0.800000262
v 9.90881821 2.61217178 5.48362732e-07
v 10.3680219 3.23713936 0.0500007391
v 9.9456267 3.2269112 0.800000262
v 9.89472225 3.24678101 0.0500006199
v 9.89562687 3.2519113 0.0293654919
v 9.89562687 3.2519113 0.0500006199
v 10.3856267 3.25191177 0.0500007391
v 10.3847221 3.24678101 0.0500007391
v 10.3856267 3.25191177 0.0293656111
v 9.89472225 3.25704159 0.0293654919
v 9.89472279 2.59678091 0.0500006199
v 9.94415858 3.2269112 0.110730124
v 9.94562718 2.6269113 0.800000262
v 10.3070949 3.2269112 0.110730124
v 9.94415912 2.6269113 0.110730124
v 10.3680225 2.61668386 0.0293656111
v 10.3732319 2.61668386 0.0293656111
v 10.3070955 2.62691154 0.110730124
v 8.66562846 1.64191069 1.72999941
v 8.66562858 1.64191069 1.43999963
v 8.66562798 2.26191033 1.72999941
v 8.66562798 2.26191033 1.43999963
v 9.94562748 2.57691135 0.120000553
v 10.3263567 2.62691154 0.0914690018
v 10.3179937 2.62691154 0.095730257
v 10.3113567 2.62691154 0.102367115
v 9.93989792 2.6269113 0.102366996
v 9.93326089 2.6269113 0.0957301378
v 9.92489788 2.6269113 0.0914688826
v 10.3706272 2.63191165 6.67572021e-07
v 10.3758366 2.63145603 0.010000658
v 10.3758366 2.63145603 6.67572021e-07
v 10.3856272 2.62789263 0.010000658
v 10.3856272 2.62789263 6.67572021e-07
v 10.3936086 2.62119521 0.010000658
v 10.3936086 2.62119521 6.67572021e-07
v 10.398818 2.6121725 0.010000658
v 10.398818 2.6121725 6.67572021e-07
v 10.4006272 2.60191192 0.010000658
v 10.4006272 2.60191192 6.67572021e-07
v 10.398818 2.5916511 0.010000658
v 10.398818 2.5916511 6.67572021e-07
v 10.3936086 2.58262815 0.010000658
v 10.3936086 2.58262815 6.67572021e-07
v 10.3856272 2.57593121 0.010000658
v 10.3856272 2.57593121 6.67572021e-07
v 10.3758366 2.57236733 0.010000658
v 10.3758366 2.57236733 6.67572021e-07
v 10.3654178 2.57236733 0.010000658
v 10.3654178 2.57236733 6.67572021e-07
v 10.3556272 2.57593097 0.010000658
v 10.3556272 2.57593097 6.67572021e-07
v 10.3476459 2.58262815 0.010000658
v 10.3476459 2.58262815 6.67572021e-07
v 10.3424364 2.5916511 0.010000658
v 10.3424364 2.5916511 6.67572021e-07
v 10.3406272 2.60191168 0.010000658
v 10.3406272 2.60191168 6.67572021e-07
v 10.3424364 2.6121725 0.010000658
v 10.3424364 2.6121725 6.67572021e-07
v 10.3476459 2.62119521 0.010000658
v 10.3476459 2.62119521 6.67572021e-07
v 10.3556272 2.62789263 0.010000658
v 10.3556272 2.62789263 6.67572021e-07
v 10.3654177 2.63145603 0.010000658
v 10.3654177 2.63145603 6.67572021e-07
v 10.3706272 2.63191165 0.010000658
v 10.3747953 2.62554969 0.0126605749
v 10.3826285 2.62269868 0.0126605749
v 10.3890143 2.61734022 0.0126605749
v 10.3931822 2.61012115 0.0126605749
v 10.3946298 2.60191192 0.0126605749
v 10.3931822 2.59370245 0.0126605749
v 10.3890143 2.58648314 0.0126605749
v 10.3826285 2.58112492 0.0126605749
v 10.3747953 2.57827391 0.0126605749
v 10.3664593 2.57827391 0.0126605749
v 10.358626 2.58112492 0.0126605749
v 10.3522402 2.58648314 0.0126605749
v 10.3480722 2.59370245 0.0126605749
v 10.3466247 2.60191168 0.0126605749
v 10.3480722 2.61012115 0.0126605749
v 10.3522402 2.61734022 0.0126605749
v 10.358626 2.62269844 0.0126605749
v 10.3664593 2.62554969 0.0126605749
v 10.3263562 3.2269112 0.0914690018
v 10.3179931 3.2269112 0.095730257
v 10.3113562 3.2269112 0.102367115
v 10.3867033 2.60191192 0.0228937387
v 10.3847226 2.60704197 0.0293656111
v 10.3857338 2.60741009 0.0228937387
v 10.3821179 2.61155356 0.0293656111
v 10.3829422 2.61224522 0.0228937387
v 10.3781272 2.61490215 0.0293656111
v 10.3786653 2.61583389 0.0228937387
v 10.3734188 2.61774363 0.0228937387
v 10.3678356 2.61774363 0.0228937387
v 10.3631272 2.61490215 0.0293656111
v 10.3625891 2.61583389 0.0228937387
v 10.3591366 2.61155356 0.0293656111
v 10.3583122 2.61224522 0.0228937387
v 10.3565318 2.60704197 0.0293656111
v 10.3555207 2.60741009 0.0228937387
v 10.3556272 2.60191168 0.0293656111
v 10.3545511 2.60191168 0.0228937387
v 10.3565318 2.59678139 0.0293656111
v 10.3555207 2.59641327 0.0228937387
v 10.3591366 2.59227003 0.0293656111
v 10.3583122 2.59157814 0.0228937387
v 10.3631272 2.58892144 0.0293656111
v 10.3625891 2.58798923 0.0228937387
v 10.3680225 2.5871395 0.0293656111
v 10.3678356 2.58607973 0.0228937387
v 10.3732319 2.5871395 0.0293656111
v 10.3734188 2.58607973 0.0228937387
v 10.3781272 2.58892144 0.0293656111
v 10.3786653 2.58798923 0.0228937387
v 10.3821179 2.59227003 0.0293656111
v 10.3829422 2.59157814 0.0228937387
v 10.3847226 2.59678139 0.0293656111
v 10.3857338 2.59641351 0.0228937387
v 10.3821179 2.59227003 0.0500007391
v 10.3781272 2.58892144 0.0500007391
v 10.3732319 2.5871395 0.0500007391
v 10.3631272 2.58892144 0.0500007391
v 10.3591366 2.59227003 0.0500007391
v 10.3565318 2.59678139 0.0500007391
v 10.3556272 2.60191168 0.0500007391
v 10.3565318 2.60704197 0.0500007391
v 10.3591366 2.61155356 0.0500007391
v 10.3631272 2.61490215 0.0500007391
v 9.8832322 2.58713926 0.0500006199
v 9.88812747 2.58892097 0.0500006199
v 9.89211812 2.59226955 0.0500006199
v 9.87802276 2.58713926 0.0500006199
v 9.87312749 2.58892097 0.0500006199
v 9.86913678 2.59226955 0.0500006199
v 9.86653211 2.59678091 0.0500006199
v 10.3857333 3.24641337 0.0228937387
v 10.3867028 3.25191177 0.0228937387
v 10.3886581 3.24534859 0.0171181679
v 10.3898153 3.25191177 0.0171181679
v 10.3931817 3.24370207 0.0126605749
v 10.3946292 3.25191177 0.0126605749
v 10.3988174 3.24165072 0.010000658
v 10.4006267 3.25191177 0.010000658
v 10.3931816 3.26012053 0.0126605749
v 10.3988174 3.26217188 0.010000658
v 10.3890136 3.26733984 0.0126605749
v 10.3936079 3.27119507 0.010000658
v 10.3826278 3.27269806 0.0126605749
v 10.3856266 3.27789225 0.010000658
v 10.3747947 3.27554907 0.0126605749
v 10.375836 3.28145565 0.010000658
v 10.3706266 3.28191151 0.010000658
v 10.393608 3.232628 0.010000658
v 10.3890137 3.23648275 0.0126605749
v 10.3856267 3.22593083 0.010000658
v 10.3826279 3.23112454 0.0126605749
v 10.3758361 3.22236742 0.010000658
v 10.3747947 3.22827305 0.0126605749
v 10.3654172 3.22236742 0.010000658
v 10.3664587 3.22827305 0.0126605749
v 10.3556267 3.22593083 0.010000658
v 10.3586254 3.23112454 0.0126605749
v 10.3476454 3.232628 0.010000658
v 10.3522397 3.23648275 0.0126605749
v 10.3424359 3.24165072 0.010000658
v 10.3480716 3.24370207 0.0126605749
v 10.3406267 3.25191177 0.010000658
v 10.3466241 3.25191177 0.0126605749
v 10.3424358 3.26217188 0.010000658
v 10.3480716 3.26012053 0.0126605749
v 10.3476453 3.27119459 0.010000658
v 10.3522396 3.26733984 0.0126605749
v 10.3556266 3.27789225 0.010000658
v 10.3586253 3.27269806 0.0126605749
v 10.3654172 3.28145565 0.010000658
v 10.3664587 3.27554907 0.0126605749
v 10.385326 3.23957743 0.0171181679
v 10.380221 3.23529352 0.0171181679
v 10.3739587 3.23301424 0.0171181679
v 10.3672947 3.23301424 0.0171181679
v 10.3610324 3.23529352 0.0171181679
v 10.3559274 3.23957743 0.0171181679
v 10.3525953 3.24534859 0.0171181679
v 10.3514381 3.25191177 0.0171181679
v 10.3525953 3.25847401 0.0171181679
v 10.3559273 3.26424564 0.0171181679
v 10.3610323 3.26852907 0.0171181679
v 10.3672946 3.27080883 0.0171181679
v 10.3739587 3.27080883 0.0171181679
v 10.3802209 3.26852907 0.0171181679
v 10.385326 3.26424564 0.0171181679
v 10.388658 3.25847401 0.0171181679
v 10.3857332 3.25740971 0.0228937387
v 10.384722 3.25704159 0.0293656111
v 10.3821173 3.26155342 0.0293656111
v 10.3829416 3.26224531 0.0228937387
v 10.3781266 3.26490177 0.0293656111
v 10.3786647 3.26583399 0.0228937387
v 10.3734182 3.26774324 0.0228937387
v 10.367835 3.26774324 0.0228937387
v 10.3631266 3.26490177 0.0293656111
v 10.3625885 3.26583399 0.0228937387
v 10.359136 3.26155342 0.0293656111
v 10.3583116 3.26224531 0.0228937387
v 10.3565312 3.25704159 0.0293656111
v 10.3555201 3.25740971 0.0228937387
v 10.3556267 3.25191177 0.0293656111
v 10.3545506 3.25191177 0.0228937387
v 10.3565313 3.24678101 0.0293656111
v 10.3555201 3.24641337 0.0228937387
v 10.359136 3.24226965 0.0293656111
v 10.3583117 3.24157776 0.0228937387
v 10.3631267 3.23892082 0.0293656111
v 10.3625886 3.23798908 0.0228937387
v 10.3680219 3.23713936 0.0293656111
v 10.3678351 3.23607983 0.0228937387
v 10.3732314 3.23713936 0.0293656111
v 10.3734182 3.23607983 0.0228937387
v 10.3781267 3.23892082 0.0293656111
v 10.3786648 3.23798908 0.0228937387
v 10.3821173 3.24226965 0.0293656111
v 10.3829417 3.24157824 0.0228937387
v 10.3847221 3.24678101 0.0293656111
v 10.3070949 3.27691139 0.110730124
v 10.3113561 3.27691139 0.102367115
v 10.3179931 3.27691139 0.095730257
v 10.3263561 3.27691139 0.0914690018
v 10.3631266 3.26490177 0.0500007391
v 10.359136 3.26155342 0.0500007391
v 10.3565312 3.25704159 0.0500007391
v 10.3556267 3.25191177 0.0500007391
v 10.3565313 3.24678101 0.0500007391
v 10.359136 3.24226965 0.0500007391
v 10.3631267 3.23892082 0.0500007391
v 10.3732314 3.23713936 0.0500007391
v 10.3781267 3.23892082 0.0500007391
v 10.3821173 3.24226965 0.0500007391
v 9.89472279 2.59678091 0.0293654919
v 9.89573404 2.59641327 0.0228936195
v 9.89294252 2.59157766 0.0228936195
v 9.89532682 2.58957709 0.0171180487
v 9.89022168 2.58529343 0.0171180487
v 9.8926287 2.58112444 0.0126604557
v 9.88479545 2.57827343 0.0126604557
v 9.88583693 2.57236709 0.010000658
v 9.87541803 2.57236709 0.010000658
v 9.87645951 2.57827343 0.0126604557
v 9.8656275 2.57593073 0.010000658
v 9.86862615 2.58112444 0.0126604557
v 9.85764614 2.58262767 0.010000658
v 9.8622404 2.58648266 0.0126604557
v 9.85243669 2.59165062 0.010000658
v 9.85807243 2.59370197 0.0126604557
v 9.85062751 2.60191144 0.010000658
v 9.85662493 2.60191144 0.0126604557
v 9.85243669 2.61217178 0.010000658
v 9.85807243 2.61012067 0.0126604557
v 9.85764614 2.62119474 0.010000658
v 9.8622404 2.61733975 0.0126604557
v 9.8656275 2.62789215 0.010000658
v 9.86862615 2.6226982 0.0126604557
v 9.87541798 2.63145556 0.010000658
v 9.87645945 2.62554921 0.0126604557
v 9.88583693 2.63145556 0.010000658
v 9.88479545 2.62554921 0.0126604557
v 9.89562741 2.62789215 0.010000658
v 9.8926287 2.6226982 0.0126604557
v 9.90360877 2.62119474 0.010000658
v 9.89901444 2.61733975 0.0126604557
v 9.90881821 2.61217178 0.010000658
v 9.90318247 2.61012067 0.0126604557
v 9.89562753 2.57593073 0.010000658
v 9.8990145 2.5864829 0.0126604557
v 9.89865884 2.59534849 0.0171180487
v 9.89670351 2.60191144 0.0228936195
v 9.90360883 2.58262767 0.010000658
v 9.90318247 2.59370197 0.0126604557
v 9.89981612 2.60191144 0.0171180487
v 9.89573404 2.60740961 0.0228936195
v 9.89211812 2.61155309 0.0293654919
v 9.89294252 2.6122445 0.0228936195
v 9.88812747 2.61490168 0.0293654919
v 9.88866547 2.61583342 0.0228936195
v 9.88323214 2.61668338 0.0293654919
v 9.883419 2.61774315 0.0228936195
v 9.87802276 2.61668338 0.0293654919
v 9.87783584 2.61774315 0.0228936195
v 9.87312743 2.61490168 0.0293654919
v 9.87258938 2.61583342 0.0228936195
v 9.86913678 2.61155309 0.0293654919
v 9.86831251 2.6122445 0.0228936195
v 9.86653211 2.60704149 0.0293654919
v 9.86552086 2.60740961 0.0228936195
v 9.8656275 2.60191144 0.0293654919
v 9.86455139 2.60191144 0.0228936195
v 9.86653211 2.59678091 0.0293654919
v 9.86552086 2.59641327 0.0228936195
v 9.86913678 2.59226955 0.0293654919
v 9.86831251 2.59157766 0.0228936195
v 9.87312749 2.58892097 0.0293654919
v 9.87258938 2.58798899 0.0228936195
v 9.87802276 2.58713926 0.0293654919
v 9.87783584 2.58607925 0.0228936195
v 9.8832322 2.58713926 0.0293654919
v 9.88341906 2.58607925 0.0228936195
v 9.88812747 2.58892097 0.0293654919
v 9.88866552 2.58798899 0.0228936195
v 9.89211812 2.59226955 0.0293654919
v 9.8839595 2.58301415 0.0171180487
v 9.8772954 2.58301415 0.0171180487
v 9.8710331 2.58529343 0.0171180487
v 9.86592814 2.58957709 0.0171180487
v 9.86259612 2.59534849 0.0171180487
v 9.8614389 2.60191144 0.0171180487
v 9.86259612 2.60847415 0.0171180487
v 9.86592814 2.61424555 0.0171180487
v 9.8710331 2.61852922 0.0171180487
v 9.87729528 2.6208085 0.0171180487
v 9.8839595 2.6208085 0.0171180487
v 9.89022168 2.61852922 0.0171180487
v 9.89532676 2.61424555 0.0171180487
v 9.89865884 2.60847415 0.0171180487
v 9.90463003 2.60191144 0.0126604557
v 9.89573344 3.24641241 0.0228936195
v 9.89670297 3.2519113 0.0228936195
v 9.89865824 3.24534811 0.0171180487
v 9.89981547 3.2519113 0.0171180487
v 9.90318188 3.24370159 0.0126604557
v 9.90462938 3.2519113 0.0126604557
v 9.90360817 3.23262705 0.010000658
v 9.89901396 3.23648228 0.0126604557
v 9.89562687 3.22593035 0.010000658
v 9.89262822 3.23112406 0.0126604557
v 9.88583633 3.22236647 0.010000658
v 9.88479498 3.22827305 0.0126604557
v 9.8754175 3.22236647 0.010000658
v 9.87645891 3.22827305 0.0126604557
v 9.8656269 3.22593035 0.010000658
v 9.86862567 3.23112406 0.0126604557
v 9.8576456 3.23262705 0.010000658
v 9.86223992 3.23648228 0.0126604557
v 9.85243609 3.24165024 0.010000658
v 9.85807177 3.24370159 0.0126604557
v 9.85062685 3.2519113 0.010000658
v 9.85662427 3.2519113 0.0126604557
v 9.85243609 3.2621714 0.010000658
v 9.85807177 3.26012005 0.0126604557
v 9.85764554 3.27119459 0.010000658
v 9.86223987 3.26733936 0.0126604557
v 9.8656269 3.27789177 0.010000658
v 9.86862549 3.27269758 0.0126604557
v 9.87541738 3.28145517 0.010000658
v 9.87645891 3.27554859 0.0126604557
v 9.88583633 3.28145517 0.010000658
v 9.88479486 3.27554859 0.0126604557
v 9.89562687 3.27789177 0.010000658
v 9.8926281 3.27269758 0.0126604557
v 9.90360817 3.27119459 0.010000658
v 9.89901396 3.26733936 0.0126604557
v 9.90881768 3.2621714 0.010000658
v 9.90318188 3.26012053 0.0126604557
v 9.89532622 3.23957647 0.0171180487
v 9.89022121 3.23529305 0.0171180487
v 9.88395896 3.23301376 0.0171180487
v 9.87729481 3.23301376 0.0171180487
v 9.87103262 3.23529305 0.0171180487
v 9.86592749 3.23957647 0.0171180487
v 9.86259553 3.24534811 0.0171180487
v 9.86143824 3.2519113 0.0171180487
v 9.86259553 3.25847353 0.0171180487
v 9.86592749 3.26424517 0.0171180487
v 9.87103256 3.2685286 0.0171180487
v 9.87729481 3.27080835 0.0171180487
v 9.8839589 3.27080835 0.0171180487
v 9.89022115 3.2685286 0.0171180487
v 9.89532622 3.26424517 0.0171180487
v 9.89865824 3.25847401 0.0171180487
v 9.89573344 3.25740923 0.0228936195
v 9.89211753 3.26155247 0.0293654919
v 9.89294192 3.26224484 0.0228936195
v 9.88812688 3.2649013 0.0293654919
v 9.88866493 3.26583351 0.0228936195
v 9.88323161 3.26668324 0.0293654919
v 9.88341853 3.26774277 0.0228936195
v 9.8780221 3.26668324 0.0293654919
v 9.8778353 3.26774277 0.0228936195
v 9.87312689 3.2649013 0.0293654919
v 9.87258878 3.26583351 0.0228936195
v 9.86913624 3.26155247 0.0293654919
v 9.86831191 3.26224484 0.0228936195
v 9.86653152 3.25704159 0.0293654919
v 9.86552033 3.25740923 0.0228936195
v 9.8656269 3.2519113 0.0293654919
v 9.8645508 3.2519113 0.0228936195
v 9.86653152 3.24678101 0.0293654919
v 9.86552033 3.24641241 0.0228936195
v 9.86913624 3.24226917 0.0293654919
v 9.86831191 3.24157776 0.0228936195
v 9.87312689 3.23892035 0.0293654919
v 9.87258878 3.23798861 0.0228936195
v 9.87802222 3.23713888 0.0293654919
v 9.87783536 3.23607935 0.0228936195
v 9.88323161 3.23713888 0.0293654919
v 9.88341853 3.23607935 0.0228936195
v 9.88812688 3.23892035 0.0293654919
v 9.88866493 3.23798861 0.0228936195
v 9.89211753 3.24226917 0.0293654919
v 9.89294192 3.24157776 0.0228936195
v 9.89472225 3.24678101 0.0293654919
v 9.94415918 2.57691135 0.110730124
v 9.90881821 2.59165086 5.48362732e-07
v 9.90360883 2.58262767 5.48362732e-07
v 9.89562753 2.57593073 5.48362732e-07
v 9.88583693 2.57236709 5.48362732e-07
v 9.87541803 2.57236709 5.48362732e-07
v 9.8656275 2.57593073 5.48362732e-07
v 9.85764614 2.58262767 5.48362732e-07
v 9.85243669 2.59165062 5.48362732e-07
v 9.85062751 2.60191144 5.48362732e-07
v 9.85243669 2.61217178 5.48362732e-07
v 9.85764614 2.62119474 5.48362732e-07
v 9.8656275 2.62789215 5.48362732e-07
v 9.87541798 2.63145556 5.48362732e-07
v 9.88583693 2.63145556 5.48362732e-07
v 9.89562741 2.62789215 5.48362732e-07
v 9.90360877 2.62119474 5.48362732e-07
v 9.89472225 3.25704159 0.0500006199
v 9.89211753 3.26155247 0.0500006199
v 9.88812688 3.2649013 0.0500006199
v 9.88323161 3.26668324 0.0500006199
v 9.8780221 3.26668324 0.0500006199
v 9.87312689 3.2649013 0.0500006199
v 9.86913624 3.26155247 0.0500006199
v 9.86653152 3.25704159 0.0500006199
v 9.86653211 2.60704149 0.0500006199
v 9.86913678 2.61155309 0.0500006199
v 9.87312743 2.61490168 0.0500006199
v 9.87802276 2.61668338 0.0500006199
v 9.87312689 3.23892035 0.0500006199
v 9.86913624 3.24226917 0.0500006199
v 9.86653152 3.24678101 0.0500006199
v 9.89472279 2.60704149 0.0500006199
v 9.89211812 2.61155309 0.0500006199
v 9.88812747 2.61490168 0.0500006199
v 10.3263567 2.57691158 0.0914690018
v 9.93989792 2.57691135 0.102366996
v 9.933261 2.57691135 0.0957301378
v 10.3179937 2.57691158 0.095730257
v 10.3113567 2.57691158 0.102367115
v 10.3070955 2.57691158 0.110730124
v 10.375836 3.28145565 6.67572021e-07
v 10.3856266 3.27789225 6.67572021e-07
v 10.3936079 3.27119507 6.67572021e-07
v 10.3988174 3.26217188 6.67572021e-07
v 10.4006267 3.25191177 6.67572021e-07
v 10.3988174 3.24165072 6.67572021e-07
v 10.393608 3.232628 6.67572021e-07
v 10.3856267 3.22593083 6.67572021e-07
v 10.3758361 3.22236742 6.67572021e-07
v 10.3654172 3.22236742 6.67572021e-07
v 10.3556267 3.22593083 6.67572021e-07
v 10.3476454 3.232628 6.67572021e-07
v 10.3424359 3.24165072 6.67572021e-07
v 10.3406267 3.25191177 6.67572021e-07
v 10.3424358 3.26217188 6.67572021e-07
v 10.3476453 3.27119459 6.67572021e-07
v 10.3556266 3.27789225 6.67572021e-07
v 10.3654172 3.28145565 6.67572021e-07
v 9.9248974 3.2269112 0.0914688826
v 9.93326041 3.2269112 0.0957301378
v 9.93989739 3.2269112 0.102366996
v 9.90360817 3.27119459 5.48362732e-07
v 9.89562687 3.27789177 5.48362732e-07
v 9.88583633 3.28145517 5.48362732e-07
v 9.87541738 3.28145517 5.48362732e-07
v 9.8656269 3.27789177 5.48362732e-07
v 9.85764554 3.27119459 5.48362732e-07
v 9.85243609 3.2621714 5.48362732e-07
v 9.85062685 3.2519113 5.48362732e-07
v 9.85243609 3.24165024 5.48362732e-07
v 9.8576456 3.23262705 5.48362732e-07
v 9.8656269 3.22593035 5.48362732e-07
v 9.8754175 3.22236647 5.48362732e-07
v 9.88583633 3.22236647 5.48362732e-07
v 9.89562687 3.22593035 5.48362732e-07
v 9.90360817 3.23262705 5.48362732e-07
v 9.90881768 3.24165024 5.48362732e-07
v 10.3847226 2.60704197 0.0500007391
v 10.3821179 2.61155356 0.0500007391
v 10.3781272 2.61490215 0.0500007391
v 10.3732319 2.61668386 0.0500007391
v 9.93989733 3.27691139 0.102366996
v 9.93326035 3.27691139 0.0957301378
v 10.384722 3.25704159 0.0500007391
v 10.3821173 3.26155342 0.0500007391
v 10.3781266 3.26490177 0.0500007391
v 10.3732313 3.26668371 0.0500007391
v 9.89211753 3.24226917 0.0500006199
v 9.88812688 3.23892035 0.0500006199
v 9.88323161 3.23713888 0.0500006199
v 10.3706266 3.28191151 6.67572021e-07
v 10.3672952 2.62080874 0.0171181679
v 10.3739593 2.62080874 0.0171181679
v 10.3802215 2.61852945 0.0171181679
v 10.3853266 2.61424626 0.0171181679
v 10.3886586 2.60847463 0.0171181679
v 10.3898158 2.60191192 0.0171181679
v 10.3886586 2.59534897 0.0171181679
v 10.3853266 2.58957757 0.0171181679
v 10.3802215 2.5852939 0.0171181679
v 10.3739593 2.58301462 0.0171181679
v 10.3672952 2.58301462 0.0171181679
v 10.3610329 2.5852939 0.0171181679
v 10.3559279 2.58957757 0.0171181679
v 10.3525959 2.59534897 0.0171181679
v 10.3514386 2.60191168 0.0171181679
v 10.3525959 2.60847463 0.0171181679
v 10.3559279 2.61424579 0.0171181679
v 10.3610329 2.61852945 0.0171181679
v 9.82562795 1.64191164 1.44
v 9.82562783 1.64191164 1.72999976
v 9.82562753 2.26191129 1.02000005
v 9.82562759 2.26191129 0.900000048
v 9.82562813 1.64191164 1.02000005
v 9.82562813 1.64191164 0.900000048
v 8.66562822 2.26191033 0.89999975
v 8.66562822 2.26191033 1.01999975
v 8.6656287 1.64191069 0.89999975
v 8.6656287 1.64191069 1.01999975
v 9.82562735 2.26191129 1.72999976
v 9.82562741 2.26191129 1.44
v 9.53888097 2.48263563 2.06199951
v 9.54105159 2.47887625 2.06199951
v 9.5506272 2.48691119 2.06199951
v 9.54437712 2.4760858 2.06199951
v 9.54845652 2.47460116 2.06199951
v 9.55279776 2.47460116 2.06199951
v 9.55687722 2.4760858 2.06199951
v 9.56020269 2.47887625 2.06199951
v 9.56237325 2.48263563 2.06199951
v 9.56312713 2.48691119 2.06199951
v 9.56237325 2.49118628 2.06199951
v 9.56020269 2.4949459 2.06199951
v 9.5568771 2.49773635 2.06199951
v 9.5527977 2.49922122 2.06199951
v 9.54845652 2.49922122 2.06199951
v 9.54437712 2.49773635 2.06199951
v 9.54105153 2.4949459 2.06199951
v 9.53888097 2.49118628 2.06199951
v 9.53812709 2.48691119 2.06199951
v 10.3706267 3.25191177 6.67572021e-07
v 9.88062748 2.60191144 5.48362732e-07
v 9.88062688 3.2519113 5.48362732e-07
v 10.3706272 2.60191168 6.67572021e-07
v 9.53812733 2.48691119 1.26199989
v 9.53888121 2.49118628 1.26199989
v 9.55062738 2.48691119 1.26199989
v 9.54105177 2.4949459 1.26199989
v 9.54437735 2.49773635 1.26199989
v 9.54845676 2.49922122 1.26199989
v 9.55279794 2.49922122 1.26199989
v 9.55687734 2.49773635 1.26199989
v 9.56020292 2.4949459 1.26199989
v 9.56237349 2.49118628 1.26199989
v 9.56312737 2.48691119 1.26199989
v 9.56237349 2.48263563 1.26199989
v 9.56020292 2.47887625 1.26199989
v 9.55687734 2.4760858 1.26199989
v 9.552798 2.47460116 1.26199989
v 9.54845676 2.47460116 1.26199989
v 9.54437735 2.4760858 1.26199989
v 9.54105177 2.47887625 1.26199989
v 9.53888121 2.48263563 1.26199989
vt 0.882502019 0.0824989974
vt 0.854897022 0.092726998
vt 0.342501998 0.0824989974
vt 0.342501998 0.732499003
vt 0.352501988 0.75749898
vt 0.342501998 0.782499015
vt -0.772502005 0.232499003
vt -0.792501986 0.132498994
vt -0.432502002 0.132498994
vt 0.00999999978 0.75749898
vt 0.00999999978 0.767759979
vt 0 0.75749898
vt 0.822502017 0.0900000036
vt 0.882502019 0.0500000007
vt 0.882502019 0.0900000036
vt 0.342501998 0.132498994
vt 0.364897013 0.122271001
vt 0.432502002 0.132498994
vt 0.699999988 0.132498994
vt 0.800000012 0.0824989974
vt 0.800000012 0.132498994
vt 0.119999997 0.132498994
vt 0.119999997 0.732499003
vt 0.0500000007 0.132498994
vt -0.792501986 0.800000012
vt -0.792501986 0.119999997
vt -0.432502002 0.119999997
vt 0.0293649994 0.752368987
vt 0.0500000007 0.75749898
vt 0.0293649994 0.75749898
vt 0.38250199 0.75749898
vt 0.857501984 0.742498994
vt 0.854897022 0.742726982
vt -0.119999997 0.132498994
vt -0.0500000007 0.132498994
vt -0.0500000007 0.732499003
vt 0 0.107499003
vt 0 0.0972379968
vt 0.00999999978 0.107499003
vt -0.411772013 0.0914679989
vt -0.882502019 0.0500000007
vt -0.342501998 0.0500000007
vt -0.119999997 0.732499003
vt -0.119999997 0.132498994
vt -0.0500000007 0.732499003
vt 0.342501998 0.0900000036
vt 0.342501998 0.0500000007
vt 0.402502 0.0900000036
vt -0.822502017 0.0900000036
vt -0.882502019 0.0900000036
vt -0.882502019 0.0500000007
vt 0.411772013 0.0914679989
vt 0.402502 0.0900000036
vt 0.342501998 0.0500000007
vt 0.822502017 0.0900000036
vt 0.792501986 0.0500000007
vt 0.882502019 0.0500000007
vt 0.402502 0.0900000036
vt 0.342501998 0.0900000036
vt 0.342501998 0.0500000007
vt -0.402502 0.0900000036
vt -0.432502002 0.0500000007
vt -0.342501998 0.0500000007
vt -0.822502017 0.0900000036
vt -0.882502019 0.0500000007
vt -0.792501986 0.0500000007
vt -0.772502005 0.332498997
vt -0.772502005 0.232499003
vt -0.432502002 0.132498994
vt -0.432502002 0.800000012
vt -0.792501986 0.800000012
vt -0.432502002 0.119999997
vt 0.800000012 0.782499015
vt 0.699999988 0.732499003
vt 0.800000012 0.732499003
vt -0.432502002 0.119999997
vt -0.792501986 0.119999997
vt -0.431033999 0.110729001
vt -0.857501984 0.0500000007
vt -0.860107005 0.0293649994
vt -0.854897022 0.0293649994
vt 0.342501998 0.782499015
vt 0.854897022 0.772270977
vt 0.882502019 0.782499015
vt 0.0500000007 0.762628973
vt 0.0293649994 0.75749898
vt 0.0500000007 0.75749898
vt 0.882502019 0.782499015
vt 0.872502029 0.75749898
vt 0.882502019 0.732499003
vt 0.00999999978 0.117760003
vt 0 0.107499003
vt 0.00999999978 0.107499003
vt -0.411772013 0.0914679989
vt -0.342501998 0.0500000007
vt -0.402502 0.0900000036
vt -0.402502 0.0900000036
vt -0.342501998 0.0500000007
vt -0.342501998 0.0900000036
vt -0.119999997 0.732499003
vt -0.699999988 0.732499003
vt -0.119999997 0.132498994
vt 0.402502 0.0900000036
vt 0.342501998 0.0500000007
vt 0.432502002 0.0500000007
vt 0.882502019 0.0900000036
vt 0.822502017 0.0900000036
vt 0.882502019 0.0500000007
vt 0.411772013 0.0914679989
vt 0.342501998 0.0500000007
vt 0.882502019 0.0500000007
vt 0.432502002 0.732499003
vt 0.370106995 0.742726982
vt 0.342501998 0.732499003
vt 0.342501998 0.132498994
vt 0.342501998 0.0824989974
vt 0.352501988 0.107499003
vt -0.342501998 0.0900000036
vt -0.402502 0.0900000036
vt -0.342501998 0.0500000007
vt -0.699999988 0.732499003
vt -0.699999988 0.132498994
vt -0.119999997 0.132498994
vt -0.882502019 0.0900000036
vt -0.882502019 0.0500000007
vt -0.822502017 0.0900000036
vt -0.792501986 0.732499003
vt -0.792501986 0.332498997
vt -0.772502005 0.332498997
vt 0.792501986 0.732499003
vt 0.882502019 0.732499003
vt 0.857501984 0.742498994
vt -0.772502005 0.232499003
vt -0.792501986 0.232499003
vt -0.792501986 0.132498994
vt 0.792501986 0.732499003
vt 0.432502002 0.732499003
vt 0.792501986 0.132498994
vt 0.432502002 0.132498994
vt 0.792501986 0.132498994
vt 0.432502002 0.732499003
vt 0.792501986 0.119999997
vt 0.792501986 0.800000012
vt 0.432502002 0.800000012
vt 0 0.74723798
vt 0.00999999978 0.75749898
vt 0 0.75749898
vt 0.792501986 0.132498994
vt 0.854897022 0.122271001
vt 0.882502019 0.132498994
vt -0.800000012 0.132498994
vt -0.800000012 0.0824989974
vt -0.699999988 0.132498994
vt 0.0500000007 0.112628996
vt 0.0293649994 0.107499003
vt 0.0500000007 0.107499003
vt 0.882502019 0.132498994
vt 0.872502029 0.107499003
vt 0.882502019 0.0824989974
vt 0.0500000007 0.112628996
vt 0.0293649994 0.107499003
vt 0.0500000007 0.107499003
vt 0.119999997 0.732499003
vt 0.119999997 0.132498994
vt 0.699999988 0.732499003
vt 0.0293649994 0.107499003
vt 0.0293649994 0.102369003
vt 0.0500000007 0.107499003
vt 0.0293649994 0.75749898
vt 0.0500000007 0.75749898
vt 0.0500000007 0.762628973
vt 0.432502002 0.119999997
vt 0.431033999 0.110729001
vt 0.432502002 0.0500000007
vt -0.800000012 0.732499003
vt -0.699999988 0.732499003
vt -0.800000012 0.782499015
vt 0.792501986 0.119999997
vt 0.792501986 0.0500000007
vt 0.793969989 0.110729001
vt 0.119999997 0.732499003
vt 0.0500000007 0.732499003
vt 0.0500000007 0.132498994
vt -0.431033999 0.110729001
vt -0.432502002 0.119999997
vt -0.432502002 0.0500000007
vt -0.854897022 0.0293649994
vt -0.857501984 0.0500000007
vt -0.860107005 0.0293649994
vt -0.792501986 0.119999997
vt -0.793969989 0.110729001
vt -0.792501986 0.0500000007
vt 1.73000002 1.71749902
vt 1.44000006 1.71749902
vt 1.73000002 1.09749901
vt 1.73000002 1.09749901
vt 1.44000006 1.71749902
vt 1.44000006 1.09749901
vt -0.800000012 0.782499015
vt -0.699999988 0.732499003
vt -0.119999997 0.782499015
vt -0.119999997 0.782499015
vt -0.699999988 0.732499003
vt -0.119999997 0.732499003
vt -0.822502017 0.0900000036
vt -0.792501986 0.0500000007
vt -0.813230991 0.0914679989
vt -0.0914679989 0.732499003
vt -0.0500000007 0.732499003
vt -0.0500000007 0.732499003
vt -0.813230991 0.0914679989
vt -0.792501986 0.0500000007
vt -0.804867983 0.0957290009
vt -0.0957290009 0.732499003
vt -0.0500000007 0.732499003
vt -0.0500000007 0.732499003
vt -0.804867983 0.0957290009
vt -0.792501986 0.0500000007
vt -0.798231006 0.102366
vt -0.798231006 0.102366
vt -0.792501986 0.0500000007
vt -0.793969989 0.110729001
vt -0.431033999 0.110729001
vt -0.432502002 0.0500000007
vt -0.426771998 0.102366
vt -0.102366 0.732499003
vt -0.0500000007 0.732499003
vt -0.0500000007 0.732499003
vt -0.426771998 0.102366
vt -0.432502002 0.0500000007
vt -0.420134991 0.0957290009
vt -0.0957290009 0.732499003
vt -0.0500000007 0.732499003
vt -0.0500000007 0.732499003
vt -0.420134991 0.0957290009
vt -0.432502002 0.0500000007
vt -0.411772013 0.0914679989
vt -0.411772013 0.0914679989
vt -0.432502002 0.0500000007
vt -0.402502 0.0900000036
vt -0.857501984 0
vt -0.862711012 0.00999999978
vt -0.862711012 0
vt -0.862711012 0
vt -0.862711012 0.00999999978
vt -0.872502029 0.00999999978
vt -0.862711012 0
vt -0.872502029 0.00999999978
vt -0.872502029 0
vt -0.872502029 0
vt -0.872502029 0.00999999978
vt -0.880482972 0.00999999978
vt -0.872502029 0
vt -0.880482972 0.00999999978
vt -0.880482972 0
vt 0 0.738215029
vt 0.00999999978 0.738215029
vt 0.00999999978 0.74723798
vt 0 0.738215029
vt 0.00999999978 0.74723798
vt 0 0.74723798
vt 0 0.74723798
vt 0.00999999978 0.74723798
vt 0.00999999978 0.75749898
vt 0 0.74723798
vt 0.00999999978 0.75749898
vt 0 0.75749898
vt 0 0.75749898
vt 0.00999999978 0.75749898
vt 0.00999999978 0.767759979
vt 0 0.75749898
vt 0.00999999978 0.767759979
vt 0 0.767759979
vt 0 0.767759979
vt 0.00999999978 0.767759979
vt 0.00999999978 0.77678299
vt 0 0.767759979
vt 0.00999999978 0.77678299
vt 0 0.77678299
vt 0.880482972 0
vt 0.880482972 0.00999999978
vt 0.872502029 0.00999999978
vt 0.880482972 0
vt 0.872502029 0.00999999978
vt 0.872502029 0
vt 0.872502029 0
vt 0.872502029 0.00999999978
vt 0.862711012 0.00999999978
vt 0.872502029 0
vt 0.862711012 0.00999999978
vt 0.862711012 0
vt 0.862711012 0
vt 0.862711012 0.00999999978
vt 0.852292001 0.00999999978
vt 0.862711012 0
vt 0.852292001 0.00999999978
vt 0.852292001 0
vt 0.852292001 0
vt 0.852292001 0.00999999978
vt 0.842501998 0.00999999978
vt 0.852292001 0
vt 0.842501998 0.00999999978
vt 0.842501998 0
vt 0.842501998 0
vt 0.842501998 0.00999999978
vt 0.834520996 0.00999999978
vt 0.842501998 0
vt 0.834520996 0.00999999978
vt 0.834520996 0
vt 0 0.77678299
vt -0.00999999978 0.77678299
vt -0.00999999978 0.767759979
vt 0 0.77678299
vt -0.00999999978 0.767759979
vt 0 0.767759979
vt 0 0.767759979
vt -0.00999999978 0.767759979
vt -0.00999999978 0.75749898
vt 0 0.767759979
vt -0.00999999978 0.75749898
vt 0 0.75749898
vt 0 0.75749898
vt -0.00999999978 0.75749898
vt -0.00999999978 0.74723798
vt 0 0.75749898
vt -0.00999999978 0.74723798
vt 0 0.74723798
vt 0 0.74723798
vt -0.00999999978 0.74723798
vt -0.00999999978 0.738215029
vt 0 0.74723798
vt -0.00999999978 0.738215029
vt 0 0.738215029
vt -0.834520996 0
vt -0.834520996 0.00999999978
vt -0.842501998 0.00999999978
vt -0.834520996 0
vt -0.842501998 0.00999999978
vt -0.842501998 0
vt -0.842501998 0
vt -0.842501998 0.00999999978
vt -0.852292001 0.00999999978
vt -0.842501998 0
vt -0.852292001 0.00999999978
vt -0.852292001 0
vt -0.852292001 0
vt -0.852292001 0.00999999978
vt -0.857501984 0
vt -0.857501984 0.727499008
vt -0.861670017 0.733861029
vt -0.862711012 0.727954984
vt -0.00999999978 0.727954984
vt -0.0126599995 0.733861029
vt -0.0126599995 0.733861029
vt -0.862711012 0.727954984
vt -0.861670017 0.733861029
vt -0.872502029 0.731517971
vt -0.872502029 0.731517971
vt -0.861670017 0.733861029
vt -0.869503021 0.736711979
vt -0.872502029 0.731517971
vt -0.869503021 0.736711979
vt -0.880482972 0.738215029
vt -0.880482972 0.738215029
vt -0.869503021 0.736711979
vt -0.875889003 0.742070019
vt -0.880482972 0.738215029
vt -0.875889003 0.742070019
vt -0.885693014 0.74723798
vt -0.885693014 0.74723798
vt -0.875889003 0.742070019
vt -0.880056977 0.749289989
vt -0.885693014 0.74723798
vt -0.880056977 0.749289989
vt -0.887502015 0.75749898
vt -0.887502015 0.75749898
vt -0.880056977 0.749289989
vt -0.881503999 0.75749898
vt -0.887502015 0.75749898
vt -0.881503999 0.75749898
vt -0.885693014 0.767759979
vt -0.885693014 0.767759979
vt -0.881503999 0.75749898
vt -0.880056977 0.765708029
vt -0.885693014 0.767759979
vt -0.880056977 0.765708029
vt -0.880482972 0.77678299
vt -0.880482972 0.77678299
vt -0.880056977 0.765708029
vt -0.875889003 0.772927999
vt -0.880482972 0.77678299
vt -0.875889003 0.772927999
vt -0.872502029 0.783479989
vt -0.872502029 0.783479989
vt -0.875889003 0.772927999
vt -0.869503021 0.77828598
vt -0.872502029 0.783479989
vt -0.869503021 0.77828598
vt -0.862711012 0.787042975
vt -0.862711012 0.787042975
vt -0.869503021 0.77828598
vt -0.861670017 0.78113699
vt -0.862711012 0.787042975
vt -0.861670017 0.78113699
vt -0.852292001 0.787042975
vt -0.852292001 0.787042975
vt -0.861670017 0.78113699
vt -0.85333401 0.78113699
vt -0.852292001 0.787042975
vt -0.85333401 0.78113699
vt -0.842501998 0.783479989
vt -0.842501998 0.783479989
vt -0.85333401 0.78113699
vt -0.845501006 0.77828598
vt -0.842501998 0.783479989
vt -0.845501006 0.77828598
vt -0.834520996 0.77678299
vt -0.834520996 0.77678299
vt -0.845501006 0.77828598
vt -0.839115024 0.772927999
vt -0.834520996 0.77678299
vt -0.839115024 0.772927999
vt -0.829311013 0.767759979
vt -0.829311013 0.767759979
vt -0.839115024 0.772927999
vt -0.83494699 0.765708029
vt -0.829311013 0.767759979
vt -0.83494699 0.765708029
vt -0.827502012 0.75749898
vt -0.827502012 0.75749898
vt -0.83494699 0.765708029
vt -0.833499014 0.75749898
vt -0.827502012 0.75749898
vt -0.833499014 0.75749898
vt -0.829311013 0.74723798
vt -0.829311013 0.74723798
vt -0.833499014 0.75749898
vt -0.83494699 0.749289989
vt -0.829311013 0.74723798
vt -0.83494699 0.749289989
vt -0.834520996 0.738215029
vt -0.834520996 0.738215029
vt -0.83494699 0.749289989
vt -0.839115024 0.742070019
vt -0.834520996 0.738215029
vt -0.839115024 0.742070019
vt -0.842501998 0.731517971
vt -0.842501998 0.731517971
vt -0.839115024 0.742070019
vt -0.845501006 0.736711979
vt -0.842501998 0.731517971
vt -0.845501006 0.736711979
vt -0.852292001 0.727954984
vt -0.852292001 0.727954984
vt -0.845501006 0.736711979
vt -0.85333401 0.733861029
vt -0.852292001 0.727954984
vt -0.85333401 0.733861029
vt -0.857501984 0.727499008
vt 0.822502017 0.0900000036
vt 0.813230991 0.0914679989
vt 0.792501986 0.0500000007
vt 0.792501986 0.0500000007
vt 0.813230991 0.0914679989
vt 0.804867983 0.0957290009
vt -0.0500000007 0.132498994
vt -0.0957290009 0.132498994
vt -0.0500000007 0.132498994
vt 0.792501986 0.0500000007
vt 0.804867983 0.0957290009
vt 0.798231006 0.102366
vt 0.792501986 0.0500000007
vt 0.798231006 0.102366
vt 0.793969989 0.110729001
vt 0.0293649994 0.75749898
vt 0.0228930004 0.75749898
vt 0.0293649994 0.752368987
vt 0.0293649994 0.752368987
vt 0.0228930004 0.75749898
vt 0.0228930004 0.752000988
vt 0.0293649994 0.752368987
vt 0.0228930004 0.752000988
vt 0.0293649994 0.747856975
vt 0.0293649994 0.747856975
vt 0.0228930004 0.752000988
vt 0.0228930004 0.747165978
vt -0.868992984 0.0293649994
vt -0.869817019 0.0228930004
vt -0.865001976 0.0293649994
vt -0.865001976 0.0293649994
vt -0.869817019 0.0228930004
vt -0.865540028 0.0228930004
vt -0.865001976 0.0293649994
vt -0.865540028 0.0228930004
vt -0.860107005 0.0293649994
vt -0.860107005 0.0293649994
vt -0.865540028 0.0228930004
vt -0.860292971 0.0228930004
vt -0.860107005 0.0293649994
vt -0.860292971 0.0228930004
vt -0.854897022 0.0293649994
vt -0.854897022 0.0293649994
vt -0.860292971 0.0228930004
vt -0.854709983 0.0228930004
vt -0.854897022 0.0293649994
vt -0.854709983 0.0228930004
vt -0.850001991 0.0293649994
vt -0.850001991 0.0293649994
vt -0.854709983 0.0228930004
vt -0.849463999 0.0228930004
vt -0.850001991 0.0293649994
vt -0.849463999 0.0228930004
vt -0.846010983 0.0293649994
vt -0.846010983 0.0293649994
vt -0.849463999 0.0228930004
vt -0.845187008 0.0228930004
vt -0.0293649994 0.747856975
vt -0.0228930004 0.747165978
vt -0.0293649994 0.752368987
vt -0.0293649994 0.752368987
vt -0.0228930004 0.747165978
vt -0.0228930004 0.752000988
vt -0.0293649994 0.752368987
vt -0.0228930004 0.752000988
vt -0.0293649994 0.75749898
vt -0.0293649994 0.75749898
vt -0.0228930004 0.752000988
vt -0.0228930004 0.75749898
vt -0.0293649994 0.75749898
vt -0.0228930004 0.75749898
vt -0.0293649994 0.762628973
vt -0.0293649994 0.762628973
vt -0.0228930004 0.75749898
vt -0.0228930004 0.762996972
vt -0.0293649994 0.762628973
vt -0.0228930004 0.762996972
vt -0.0293649994 0.767140985
vt -0.0293649994 0.767140985
vt -0.0228930004 0.762996972
vt -0.0228930004 0.767832994
vt 0.846010983 0.0293649994
vt 0.845187008 0.0228930004
vt 0.850001991 0.0293649994
vt 0.850001991 0.0293649994
vt 0.845187008 0.0228930004
vt 0.849463999 0.0228930004
vt 0.850001991 0.0293649994
vt 0.849463999 0.0228930004
vt 0.854897022 0.0293649994
vt 0.854897022 0.0293649994
vt 0.849463999 0.0228930004
vt 0.854709983 0.0228930004
vt 0.854897022 0.0293649994
vt 0.854709983 0.0228930004
vt 0.860107005 0.0293649994
vt 0.860107005 0.0293649994
vt 0.854709983 0.0228930004
vt 0.860292971 0.0228930004
vt 0.860107005 0.0293649994
vt 0.860292971 0.0228930004
vt 0.865001976 0.0293649994
vt 0.865001976 0.0293649994
vt 0.860292971 0.0228930004
vt 0.865540028 0.0228930004
vt 0.865001976 0.0293649994
vt 0.865540028 0.0228930004
vt 0.868992984 0.0293649994
vt 0.868992984 0.0293649994
vt 0.865540028 0.0228930004
vt 0.869817019 0.0228930004
vt 0.0293649994 0.767140985
vt 0.0228930004 0.767832994
vt 0.0293649994 0.762628973
vt 0.0293649994 0.762628973
vt 0.0228930004 0.767832994
vt 0.0228930004 0.762996972
vt 0.0293649994 0.762628973
vt 0.0228930004 0.762996972
vt 0.0293649994 0.75749898
vt 0.872502029 0.75749898
vt 0.882502019 0.782499015
vt 0.871596992 0.762628973
vt -0.0500000007 0.762628973
vt -0.0500000007 0.782499015
vt -0.0500000007 0.782499015
vt 0.871596992 0.762628973
vt 0.882502019 0.782499015
vt 0.868992984 0.767140985
vt -0.0500000007 0.767140985
vt -0.0500000007 0.782499015
vt -0.0500000007 0.782499015
vt 0.868992984 0.767140985
vt 0.882502019 0.782499015
vt 0.865001976 0.770488977
vt -0.0500000007 0.770488977
vt -0.0500000007 0.782499015
vt -0.0500000007 0.782499015
vt 0.865001976 0.770488977
vt 0.882502019 0.782499015
vt 0.860107005 0.772270977
vt 0.860107005 0.772270977
vt 0.882502019 0.782499015
vt 0.854897022 0.772270977
vt 0.0293649994 0.75749898
vt 0.0500000007 0.762628973
vt 0.0293649994 0.762628973
vt 0.0293649994 0.762628973
vt 0.0500000007 0.762628973
vt 0.0500000007 0.767140985
vt 0.0293649994 0.762628973
vt 0.0500000007 0.767140985
vt 0.0293649994 0.767140985
vt 0.868992984 0.0293649994
vt 0.868992984 0.0500000007
vt 0.865001976 0.0500000007
vt 0.868992984 0.0293649994
vt 0.865001976 0.0500000007
vt 0.865001976 0.0293649994
vt 0.865001976 0.0293649994
vt 0.865001976 0.0500000007
vt 0.860107005 0.0500000007
vt 0.865001976 0.0293649994
vt 0.860107005 0.0500000007
vt 0.860107005 0.0293649994
vt 0.860107005 0.0293649994
vt 0.860107005 0.0500000007
vt 0.854897022 0.0500000007
vt 0.860107005 0.0293649994
vt 0.854897022 0.0500000007
vt 0.854897022 0.0293649994
vt 0.854897022 0.0293649994
vt 0.854897022 0.0500000007
vt 0.850001991 0.0500000007
vt 0.854897022 0.0293649994
vt 0.850001991 0.0500000007
vt 0.850001991 0.0293649994
vt 0.850001991 0.0293649994
vt 0.850001991 0.0500000007
vt 0.846010983 0.0500000007
vt 0.850001991 0.0293649994
vt 0.846010983 0.0500000007
vt 0.846010983 0.0293649994
vt -0.0293649994 0.767140985
vt -0.0500000007 0.767140985
vt -0.0500000007 0.762628973
vt -0.0293649994 0.767140985
vt -0.0500000007 0.762628973
vt -0.0293649994 0.762628973
vt -0.0293649994 0.762628973
vt -0.0500000007 0.762628973
vt -0.0500000007 0.75749898
vt -0.0293649994 0.762628973
vt -0.0500000007 0.75749898
vt -0.0293649994 0.75749898
vt -0.0293649994 0.75749898
vt -0.0500000007 0.75749898
vt -0.0500000007 0.752368987
vt -0.0293649994 0.75749898
vt -0.0500000007 0.752368987
vt -0.0293649994 0.752368987
vt -0.0293649994 0.752368987
vt -0.0500000007 0.752368987
vt -0.0500000007 0.747856975
vt -0.0293649994 0.752368987
vt -0.0500000007 0.747856975
vt -0.0293649994 0.747856975
vt -0.846010983 0.0293649994
vt -0.846010983 0.0500000007
vt -0.850001991 0.0500000007
vt -0.846010983 0.0293649994
vt -0.850001991 0.0500000007
vt -0.850001991 0.0293649994
vt -0.850001991 0.0293649994
vt -0.850001991 0.0500000007
vt -0.854897022 0.0500000007
vt -0.850001991 0.0293649994
vt -0.854897022 0.0500000007
vt -0.854897022 0.0293649994
vt -0.854897022 0.0293649994
vt -0.854897022 0.0500000007
vt -0.857501984 0.0500000007
vt 0.854897022 0.772270977
vt 0.342501998 0.782499015
vt 0.850001991 0.770488977
vt -0.0500000007 0.770488977
vt -0.0500000007 0.782499015
vt -0.0500000007 0.782499015
vt 0.850001991 0.770488977
vt 0.342501998 0.782499015
vt 0.846010983 0.767140985
vt -0.0500000007 0.767140985
vt -0.0500000007 0.782499015
vt -0.0500000007 0.782499015
vt 0.846010983 0.767140985
vt 0.342501998 0.782499015
vt 0.843406022 0.762628973
vt 0.843406022 0.762628973
vt 0.342501998 0.782499015
vt 0.370106995 0.772270977
vt 0.843406022 0.762628973
vt 0.370106995 0.772270977
vt 0.842501998 0.75749898
vt -0.0500000007 0.75749898
vt -0.0500000007 0.772270977
vt -0.0500000007 0.772270977
vt 0.842501998 0.75749898
vt 0.370106995 0.772270977
vt 0.843406022 0.752368987
vt 0.843406022 0.752368987
vt 0.370106995 0.772270977
vt 0.375001997 0.770488977
vt -0.0500000007 0.752368987
vt -0.0500000007 0.770488977
vt -0.0500000007 0.752368987
vt 0.843406022 0.752368987
vt 0.375001997 0.770488977
vt 0.378993005 0.767140985
vt -0.0500000007 0.752368987
vt -0.0500000007 0.767140985
vt -0.0500000007 0.752368987
vt 0.843406022 0.752368987
vt 0.378993005 0.767140985
vt 0.381597012 0.762628973
vt 0.843406022 0.752368987
vt 0.381597012 0.762628973
vt 0.846010983 0.747856975
vt -0.0500000007 0.747856975
vt -0.0500000007 0.762628973
vt -0.0500000007 0.762628973
vt 0.846010983 0.747856975
vt 0.381597012 0.762628973
vt 0.850001991 0.744508982
vt -0.0500000007 0.744508982
vt -0.0500000007 0.762628973
vt -0.0500000007 0.762628973
vt 0.850001991 0.744508982
vt 0.381597012 0.762628973
vt 0.854897022 0.742726982
vt 0.854897022 0.742726982
vt 0.381597012 0.762628973
vt 0.38250199 0.75749898
vt 0.370106995 0.772270977
vt 0.342501998 0.782499015
vt 0.364897013 0.772270977
vt -0.0500000007 0.772270977
vt -0.0500000007 0.782499015
vt -0.0500000007 0.782499015
vt 0.364897013 0.772270977
vt 0.342501998 0.782499015
vt 0.360002011 0.770488977
vt -0.0500000007 0.770488977
vt -0.0500000007 0.782499015
vt -0.0500000007 0.782499015
vt 0.360002011 0.770488977
vt 0.342501998 0.782499015
vt 0.356011003 0.767140985
vt -0.0500000007 0.767140985
vt -0.0500000007 0.782499015
vt -0.0500000007 0.782499015
vt 0.356011003 0.767140985
vt 0.342501998 0.782499015
vt 0.353406012 0.762628973
vt 0.353406012 0.762628973
vt 0.342501998 0.782499015
vt 0.352501988 0.75749898
vt 0.0293649994 0.107499003
vt 0.0228930004 0.112997003
vt 0.0228930004 0.107499003
vt 0.0228930004 0.107499003
vt 0.0228930004 0.112997003
vt 0.0171169993 0.114061996
vt 0.0228930004 0.107499003
vt 0.0171169993 0.114061996
vt 0.0171169993 0.107499003
vt -0.87668997 0.107499003
vt -0.875532985 0.114061996
vt -0.880056977 0.115708001
vt -0.87668997 0.107499003
vt -0.880056977 0.115708001
vt -0.881503999 0.107499003
vt -0.881503999 0.107499003
vt -0.880056977 0.115708001
vt -0.885693014 0.117760003
vt -0.0126599995 0.107499003
vt -0.00999999978 0.117760003
vt -0.0126599995 0.107499003
vt -0.881503999 0.107499003
vt -0.885693014 0.117760003
vt -0.887502015 0.107499003
vt -0.881503999 0.107499003
vt -0.887502015 0.107499003
vt -0.880056977 0.0992899984
vt -0.880056977 0.0992899984
vt -0.887502015 0.107499003
vt -0.885693014 0.0972379968
vt -0.880056977 0.0992899984
vt -0.885693014 0.0972379968
vt -0.875889003 0.0920709968
vt -0.875889003 0.0920709968
vt -0.885693014 0.0972379968
vt -0.880482972 0.0882150009
vt -0.875889003 0.0920709968
vt -0.880482972 0.0882150009
vt -0.869503021 0.0867120028
vt -0.869503021 0.0867120028
vt -0.880482972 0.0882150009
vt -0.872502029 0.0815180019
vt -0.869503021 0.0867120028
vt -0.872502029 0.0815180019
vt -0.861670017 0.0838610008
vt -0.861670017 0.0838610008
vt -0.872502029 0.0815180019
vt -0.862711012 0.0779550001
vt -0.861670017 0.0838610008
vt -0.862711012 0.0779550001
vt -0.857501984 0.0774990022
vt -0.885693014 0.117760003
vt -0.880056977 0.115708001
vt -0.880482972 0.126782998
vt -0.880482972 0.126782998
vt -0.880056977 0.115708001
vt -0.875889003 0.122928001
vt -0.880482972 0.126782998
vt -0.875889003 0.122928001
vt -0.872502029 0.133479998
vt -0.872502029 0.133479998
vt -0.875889003 0.122928001
vt -0.869503021 0.128286004
vt -0.872502029 0.133479998
vt -0.869503021 0.128286004
vt -0.862711012 0.137042999
vt -0.862711012 0.137042999
vt -0.869503021 0.128286004
vt -0.861670017 0.131136999
vt -0.862711012 0.137042999
vt -0.861670017 0.131136999
vt -0.852292001 0.137042999
vt -0.852292001 0.137042999
vt -0.861670017 0.131136999
vt -0.85333401 0.131136999
vt -0.852292001 0.137042999
vt -0.85333401 0.131136999
vt -0.842501998 0.133479998
vt -0.842501998 0.133479998
vt -0.85333401 0.131136999
vt -0.845501006 0.128286004
vt -0.842501998 0.133479998
vt -0.845501006 0.128286004
vt -0.834520996 0.126782998
vt -0.834520996 0.126782998
vt -0.845501006 0.128286004
vt -0.839115024 0.122928001
vt -0.834520996 0.126782998
vt -0.839115024 0.122928001
vt -0.829311013 0.117760003
vt -0.829311013 0.117760003
vt -0.839115024 0.122928001
vt -0.83494699 0.115708001
vt -0.829311013 0.117760003
vt -0.83494699 0.115708001
vt -0.827502012 0.107499003
vt -0.827502012 0.107499003
vt -0.83494699 0.115708001
vt -0.833499014 0.107499003
vt -0.827502012 0.107499003
vt -0.833499014 0.107499003
vt -0.829311013 0.0972379968
vt -0.829311013 0.0972379968
vt -0.833499014 0.107499003
vt -0.83494699 0.0992899984
vt -0.829311013 0.0972379968
vt -0.83494699 0.0992899984
vt -0.834520996 0.0882150009
vt -0.834520996 0.0882150009
vt -0.83494699 0.0992899984
vt -0.839115024 0.0920709968
vt -0.834520996 0.0882150009
vt -0.839115024 0.0920709968
vt -0.842501998 0.0815180019
vt -0.842501998 0.0815180019
vt -0.839115024 0.0920709968
vt -0.845501006 0.0867120028
vt -0.842501998 0.0815180019
vt -0.845501006 0.0867120028
vt -0.852292001 0.0779550001
vt -0.852292001 0.0779550001
vt -0.845501006 0.0867120028
vt -0.85333401 0.0838610008
vt -0.852292001 0.0779550001
vt -0.85333401 0.0838610008
vt -0.857501984 0.0774990022
vt -0.880056977 0.115708001
vt -0.875532985 0.114061996
vt -0.875889003 0.122928001
vt -0.875889003 0.122928001
vt -0.875532985 0.114061996
vt -0.872201025 0.119833
vt -0.875889003 0.122928001
vt -0.872201025 0.119833
vt -0.869503021 0.128286004
vt -0.869503021 0.128286004
vt -0.872201025 0.119833
vt -0.867096007 0.124117002
vt -0.869503021 0.128286004
vt -0.867096007 0.124117002
vt -0.861670017 0.131136999
vt -0.861670017 0.131136999
vt -0.867096007 0.124117002
vt -0.860834002 0.126396
vt -0.861670017 0.131136999
vt -0.860834002 0.126396
vt -0.85333401 0.131136999
vt -0.85333401 0.131136999
vt -0.860834002 0.126396
vt -0.854170024 0.126396
vt -0.85333401 0.131136999
vt -0.854170024 0.126396
vt -0.845501006 0.128286004
vt -0.845501006 0.128286004
vt -0.854170024 0.126396
vt -0.84790802 0.124117002
vt -0.845501006 0.128286004
vt -0.84790802 0.124117002
vt -0.839115024 0.122928001
vt -0.839115024 0.122928001
vt -0.84790802 0.124117002
vt -0.842803001 0.119833
vt -0.839115024 0.122928001
vt -0.842803001 0.119833
vt -0.83494699 0.115708001
vt -0.83494699 0.115708001
vt -0.842803001 0.119833
vt -0.839470983 0.114061996
vt -0.83494699 0.115708001
vt -0.839470983 0.114061996
vt -0.833499014 0.107499003
vt -0.833499014 0.107499003
vt -0.839470983 0.114061996
vt -0.838312984 0.107499003
vt -0.833499014 0.107499003
vt -0.838312984 0.107499003
vt -0.83494699 0.0992899984
vt -0.83494699 0.0992899984
vt -0.838312984 0.107499003
vt -0.839470983 0.100936003
vt -0.83494699 0.0992899984
vt -0.839470983 0.100936003
vt -0.839115024 0.0920709968
vt -0.839115024 0.0920709968
vt -0.839470983 0.100936003
vt -0.842803001 0.0951649994
vt -0.839115024 0.0920709968
vt -0.842803001 0.0951649994
vt -0.845501006 0.0867120028
vt -0.845501006 0.0867120028
vt -0.842803001 0.0951649994
vt -0.84790802 0.0908809975
vt -0.845501006 0.0867120028
vt -0.84790802 0.0908809975
vt -0.85333401 0.0838610008
vt -0.85333401 0.0838610008
vt -0.84790802 0.0908809975
vt -0.854170024 0.088601999
vt -0.85333401 0.0838610008
vt -0.854170024 0.088601999
vt -0.861670017 0.0838610008
vt -0.861670017 0.0838610008
vt -0.854170024 0.088601999
vt -0.860834002 0.088601999
vt -0.861670017 0.0838610008
vt -0.860834002 0.088601999
vt -0.869503021 0.0867120028
vt -0.869503021 0.0867120028
vt -0.860834002 0.088601999
vt -0.867096007 0.0908809975
vt -0.869503021 0.0867120028
vt -0.867096007 0.0908809975
vt -0.875889003 0.0920709968
vt -0.875889003 0.0920709968
vt -0.867096007 0.0908809975
vt -0.872201025 0.0951649994
vt -0.875889003 0.0920709968
vt -0.872201025 0.0951649994
vt -0.880056977 0.0992899984
vt -0.880056977 0.0992899984
vt -0.872201025 0.0951649994
vt -0.875532985 0.100936003
vt -0.880056977 0.0992899984
vt -0.875532985 0.100936003
vt -0.881503999 0.107499003
vt -0.0126599995 0.107499003
vt -0.0171169993 0.100936003
vt -0.0171169993 0.100936003
vt -0.881503999 0.107499003
vt -0.875532985 0.100936003
vt -0.87668997 0.107499003
vt 0.0171169993 0.107499003
vt 0.0171169993 0.100936003
vt 0.0228930004 0.102000996
vt 0.0171169993 0.107499003
vt 0.0228930004 0.102000996
vt 0.0228930004 0.107499003
vt 0.0228930004 0.107499003
vt 0.0228930004 0.102000996
vt 0.0293649994 0.102369003
vt 0.0228930004 0.107499003
vt 0.0293649994 0.102369003
vt 0.0293649994 0.107499003
vt -0.857501984 0.0774990022
vt -0.85333401 0.0838610008
vt -0.861670017 0.0838610008
vt 0.0293649994 0.102369003
vt 0.0228930004 0.102000996
vt 0.0293649994 0.0978569984
vt 0.0293649994 0.0978569984
vt 0.0228930004 0.102000996
vt 0.0228930004 0.0971660018
vt -0.868992984 0.0293649994
vt -0.869817019 0.0228930004
vt -0.865001976 0.0293649994
vt -0.865001976 0.0293649994
vt -0.869817019 0.0228930004
vt -0.865540028 0.0228930004
vt -0.865001976 0.0293649994
vt -0.865540028 0.0228930004
vt -0.860107005 0.0293649994
vt -0.860107005 0.0293649994
vt -0.865540028 0.0228930004
vt -0.860292971 0.0228930004
vt -0.860107005 0.0293649994
vt -0.860292971 0.0228930004
vt -0.854897022 0.0293649994
vt -0.854897022 0.0293649994
vt -0.860292971 0.0228930004
vt -0.854709983 0.0228930004
vt -0.854897022 0.0293649994
vt -0.854709983 0.0228930004
vt -0.850001991 0.0293649994
vt -0.850001991 0.0293649994
vt -0.854709983 0.0228930004
vt -0.849463999 0.0228930004
vt -0.850001991 0.0293649994
vt -0.849463999 0.0228930004
vt -0.846010983 0.0293649994
vt -0.846010983 0.0293649994
vt -0.849463999 0.0228930004
vt -0.845187008 0.0228930004
vt -0.0293649994 0.0978569984
vt -0.0228930004 0.0971660018
vt -0.0293649994 0.102369003
vt -0.0293649994 0.102369003
vt -0.0228930004 0.0971660018
vt -0.0228930004 0.102000996
vt -0.0293649994 0.102369003
vt -0.0228930004 0.102000996
vt -0.0293649994 0.107499003
vt -0.0293649994 0.107499003
vt -0.0228930004 0.102000996
vt -0.0228930004 0.107499003
vt -0.0293649994 0.107499003
vt -0.0228930004 0.107499003
vt -0.0293649994 0.112628996
vt -0.0293649994 0.112628996
vt -0.0228930004 0.107499003
vt -0.0228930004 0.112997003
vt -0.0293649994 0.112628996
vt -0.0228930004 0.112997003
vt -0.0293649994 0.117141001
vt -0.0293649994 0.117141001
vt -0.0228930004 0.112997003
vt -0.0228930004 0.117833003
vt 0.846010983 0.0293649994
vt 0.845187008 0.0228930004
vt 0.850001991 0.0293649994
vt 0.850001991 0.0293649994
vt 0.845187008 0.0228930004
vt 0.849463999 0.0228930004
vt 0.850001991 0.0293649994
vt 0.849463999 0.0228930004
vt 0.854897022 0.0293649994
vt 0.854897022 0.0293649994
vt 0.849463999 0.0228930004
vt 0.854709983 0.0228930004
vt 0.854897022 0.0293649994
vt 0.854709983 0.0228930004
vt 0.860107005 0.0293649994
vt 0.860107005 0.0293649994
vt 0.854709983 0.0228930004
vt 0.860292971 0.0228930004
vt 0.860107005 0.0293649994
vt 0.860292971 0.0228930004
vt 0.865001976 0.0293649994
vt 0.865001976 0.0293649994
vt 0.860292971 0.0228930004
vt 0.865540028 0.0228930004
vt 0.865001976 0.0293649994
vt 0.865540028 0.0228930004
vt 0.868992984 0.0293649994
vt 0.868992984 0.0293649994
vt 0.865540028 0.0228930004
vt 0.869817019 0.0228930004
vt 0.0293649994 0.117141001
vt 0.0228930004 0.117833003
vt 0.0293649994 0.112628996
vt 0.0293649994 0.112628996
vt 0.0228930004 0.117833003
vt 0.0228930004 0.112997003
vt 0.0293649994 0.112628996
vt 0.0228930004 0.112997003
vt 0.0293649994 0.107499003
vt 0.0228930004 0.102000996
vt 0.0171169993 0.100936003
vt 0.0228930004 0.0971660018
vt 0.0228930004 0.0971660018
vt 0.0171169993 0.100936003
vt 0.0171169993 0.0951649994
vt -0.869817019 0.0228930004
vt -0.872201025 0.0171169993
vt -0.865540028 0.0228930004
vt -0.865540028 0.0228930004
vt -0.872201025 0.0171169993
vt -0.867096007 0.0171169993
vt -0.865540028 0.0228930004
vt -0.867096007 0.0171169993
vt -0.860292971 0.0228930004
vt -0.860292971 0.0228930004
vt -0.867096007 0.0171169993
vt -0.860834002 0.0171169993
vt -0.860292971 0.0228930004
vt -0.860834002 0.0171169993
vt -0.854709983 0.0228930004
vt -0.854709983 0.0228930004
vt -0.860834002 0.0171169993
vt -0.854170024 0.0171169993
vt -0.854709983 0.0228930004
vt -0.854170024 0.0171169993
vt -0.849463999 0.0228930004
vt -0.849463999 0.0228930004
vt -0.854170024 0.0171169993
vt -0.84790802 0.0171169993
vt -0.849463999 0.0228930004
vt -0.84790802 0.0171169993
vt -0.845187008 0.0228930004
vt -0.845187008 0.0228930004
vt -0.84790802 0.0171169993
vt -0.842803001 0.0171169993
vt -0.0228930004 0.0971660018
vt -0.0171169993 0.0951649994
vt -0.0228930004 0.102000996
vt -0.0228930004 0.102000996
vt -0.0171169993 0.0951649994
vt -0.0171169993 0.100936003
vt -0.0228930004 0.102000996
vt -0.0171169993 0.100936003
vt -0.0228930004 0.107499003
vt -0.0228930004 0.107499003
vt -0.0171169993 0.100936003
vt -0.0171169993 0.107499003
vt -0.0228930004 0.107499003
vt -0.0171169993 0.107499003
vt -0.0228930004 0.112997003
vt -0.0228930004 0.112997003
vt -0.0171169993 0.107499003
vt -0.0171169993 0.114061996
vt -0.0228930004 0.112997003
vt -0.0171169993 0.114061996
vt -0.0228930004 0.117833003
vt -0.0228930004 0.117833003
vt -0.0171169993 0.114061996
vt -0.0171169993 0.119833
vt 0.845187008 0.0228930004
vt 0.842803001 0.0171169993
vt 0.849463999 0.0228930004
vt 0.849463999 0.0228930004
vt 0.842803001 0.0171169993
vt 0.84790802 0.0171169993
vt 0.849463999 0.0228930004
vt 0.84790802 0.0171169993
vt 0.854709983 0.0228930004
vt 0.854709983 0.0228930004
vt 0.84790802 0.0171169993
vt 0.854170024 0.0171169993
vt 0.854709983 0.0228930004
vt 0.854170024 0.0171169993
vt 0.860292971 0.0228930004
vt 0.860292971 0.0228930004
vt 0.854170024 0.0171169993
vt 0.860834002 0.0171169993
vt 0.860292971 0.0228930004
vt 0.860834002 0.0171169993
vt 0.865540028 0.0228930004
vt 0.865540028 0.0228930004
vt 0.860834002 0.0171169993
vt 0.867096007 0.0171169993
vt 0.865540028 0.0228930004
vt 0.867096007 0.0171169993
vt 0.869817019 0.0228930004
vt 0.869817019 0.0228930004
vt 0.867096007 0.0171169993
vt 0.872201025 0.0171169993
vt 0.0228930004 0.117833003
vt 0.0171169993 0.119833
vt 0.0228930004 0.112997003
vt 0.0228930004 0.112997003
vt 0.0171169993 0.119833
vt 0.0171169993 0.114061996
vt -0.432502002 0.732499003
vt -0.432502002 0.782499015
vt -0.792501986 0.732499003
vt -0.792501986 0.732499003
vt -0.432502002 0.782499015
vt -0.792501986 0.782499015
vt 0.119999997 0.0824989974
vt 0.119999997 0.132498994
vt 0.110729001 0.0824989974
vt 0.110729001 0.0824989974
vt 0.119999997 0.132498994
vt 0.110729001 0.132498994
vt 0.110729001 0.0824989974
vt 0.110729001 0.132498994
vt 0.102366 0.0824989974
vt 0.102366 0.0824989974
vt 0.110729001 0.132498994
vt 0.102366 0.132498994
vt -0.798231006 0.0824989974
vt -0.798231006 0.132498994
vt -0.804867983 0.0824989974
vt -0.804867983 0.0824989974
vt -0.798231006 0.132498994
vt -0.804867983 0.132498994
vt -0.804867983 0.0824989974
vt -0.804867983 0.132498994
vt -0.813230991 0.0824989974
vt -0.813230991 0.0824989974
vt -0.804867983 0.132498994
vt -0.813230991 0.132498994
vt -0.813230991 0.0824989974
vt -0.813230991 0.132498994
vt -0.822502017 0.0824989974
vt -0.822502017 0.0824989974
vt -0.813230991 0.132498994
vt -0.822502017 0.132498994
vt -0.0900000036 0.0824989974
vt -0.0900000036 0.132498994
vt -0.0900000036 0.0824989974
vt -0.822502017 0.0824989974
vt -0.822502017 0.132498994
vt -0.882502019 0.132498994
vt -0.822502017 0.0824989974
vt -0.882502019 0.132498994
vt -0.882502019 0.0824989974
vt -0.857501984 0.0500000007
vt -0.854897022 0.0293649994
vt -0.854897022 0.0500000007
vt -0.854897022 0.0500000007
vt -0.854897022 0.0293649994
vt -0.850001991 0.0293649994
vt -0.854897022 0.0500000007
vt -0.850001991 0.0293649994
vt -0.850001991 0.0500000007
vt -0.850001991 0.0500000007
vt -0.850001991 0.0293649994
vt -0.846010983 0.0293649994
vt -0.850001991 0.0500000007
vt -0.846010983 0.0293649994
vt -0.846010983 0.0500000007
vt -0.0500000007 0.0978569984
vt -0.0293649994 0.0978569984
vt -0.0293649994 0.102369003
vt -0.0500000007 0.0978569984
vt -0.0293649994 0.102369003
vt -0.0500000007 0.102369003
vt -0.0500000007 0.102369003
vt -0.0293649994 0.102369003
vt -0.0293649994 0.107499003
vt -0.0500000007 0.102369003
vt -0.0293649994 0.107499003
vt -0.0500000007 0.107499003
vt -0.0500000007 0.107499003
vt -0.0293649994 0.107499003
vt -0.0293649994 0.112628996
vt -0.0500000007 0.107499003
vt -0.0293649994 0.112628996
vt -0.0500000007 0.112628996
vt -0.0500000007 0.112628996
vt -0.0293649994 0.112628996
vt -0.0293649994 0.117141001
vt -0.0500000007 0.112628996
vt -0.0293649994 0.117141001
vt -0.0500000007 0.117141001
vt 0.846010983 0.0500000007
vt 0.846010983 0.0293649994
vt 0.850001991 0.0293649994
vt 0.846010983 0.0500000007
vt 0.850001991 0.0293649994
vt 0.850001991 0.0500000007
vt 0.850001991 0.0500000007
vt 0.850001991 0.0293649994
vt 0.854897022 0.0293649994
vt 0.850001991 0.0500000007
vt 0.854897022 0.0293649994
vt 0.854897022 0.0500000007
vt 0.854897022 0.0500000007
vt 0.854897022 0.0293649994
vt 0.860107005 0.0293649994
vt 0.854897022 0.0500000007
vt 0.860107005 0.0293649994
vt 0.860107005 0.0500000007
vt 0.860107005 0.0500000007
vt 0.860107005 0.0293649994
vt 0.865001976 0.0293649994
vt 0.860107005 0.0500000007
vt 0.865001976 0.0293649994
vt 0.865001976 0.0500000007
vt 0.865001976 0.0500000007
vt 0.865001976 0.0293649994
vt 0.868992984 0.0293649994
vt 0.865001976 0.0500000007
vt 0.868992984 0.0293649994
vt 0.868992984 0.0500000007
vt 0.0500000007 0.117141001
vt 0.0293649994 0.117141001
vt 0.0293649994 0.112628996
vt 0.0500000007 0.117141001
vt 0.0293649994 0.112628996
vt 0.0500000007 0.112628996
vt 0.0500000007 0.112628996
vt 0.0293649994 0.112628996
vt 0.0293649994 0.107499003
vt -0.119999997 0.132498994
vt -0.699999988 0.132498994
vt -0.119999997 0.0824989974
vt -0.119999997 0.0824989974
vt -0.699999988 0.132498994
vt -0.800000012 0.0824989974
vt 0.0293649994 0.75749898
vt 0.0293649994 0.762628973
vt 0.0228930004 0.762996972
vt 0.0228930004 0.762996972
vt 0.0293649994 0.762628973
vt 0.0228930004 0.767832994
vt 0.0228930004 0.762996972
vt 0.0228930004 0.767832994
vt 0.0171169993 0.769833028
vt 0.382200986 0.0171169993
vt 0.379817009 0.0228930004
vt 0.377095997 0.0171169993
vt -0.382200986 0.769833028
vt -0.377095997 0.774116993
vt -0.379503012 0.77828598
vt -0.379503012 0.77828598
vt -0.377095997 0.774116993
vt -0.371670008 0.78113699
vt -0.379503012 0.77828598
vt -0.371670008 0.78113699
vt -0.372711003 0.787042975
vt -0.00999999978 0.787042975
vt -0.0126599995 0.78113699
vt -0.0126599995 0.78113699
vt -0.372711003 0.787042975
vt -0.371670008 0.78113699
vt -0.362291992 0.787042975
vt -0.362291992 0.787042975
vt -0.371670008 0.78113699
vt -0.363334 0.78113699
vt -0.362291992 0.787042975
vt -0.363334 0.78113699
vt -0.352501988 0.783479989
vt -0.352501988 0.783479989
vt -0.363334 0.78113699
vt -0.355500996 0.77828598
vt -0.352501988 0.783479989
vt -0.355500996 0.77828598
vt -0.344520986 0.77678299
vt -0.344520986 0.77678299
vt -0.355500996 0.77828598
vt -0.349115014 0.772927999
vt -0.344520986 0.77678299
vt -0.349115014 0.772927999
vt -0.339311004 0.767759979
vt -0.339311004 0.767759979
vt -0.349115014 0.772927999
vt -0.34494701 0.765708029
vt -0.339311004 0.767759979
vt -0.34494701 0.765708029
vt -0.337502003 0.75749898
vt -0.337502003 0.75749898
vt -0.34494701 0.765708029
vt -0.343499005 0.75749898
vt -0.337502003 0.75749898
vt -0.343499005 0.75749898
vt -0.339311004 0.74723798
vt -0.339311004 0.74723798
vt -0.343499005 0.75749898
vt -0.34494701 0.749289989
vt -0.339311004 0.74723798
vt -0.34494701 0.749289989
vt -0.344520986 0.738215029
vt -0.344520986 0.738215029
vt -0.34494701 0.749289989
vt -0.349115014 0.742070019
vt -0.344520986 0.738215029
vt -0.349115014 0.742070019
vt -0.352501988 0.731517971
vt -0.352501988 0.731517971
vt -0.349115014 0.742070019
vt -0.355500996 0.736711979
vt -0.352501988 0.731517971
vt -0.355500996 0.736711979
vt -0.362291992 0.727954984
vt -0.362291992 0.727954984
vt -0.355500996 0.736711979
vt -0.363334 0.733861029
vt -0.362291992 0.727954984
vt -0.363334 0.733861029
vt -0.372711003 0.727954984
vt -0.372711003 0.727954984
vt -0.363334 0.733861029
vt -0.371670008 0.733861029
vt -0.372711003 0.727954984
vt -0.371670008 0.733861029
vt -0.38250199 0.731517971
vt -0.38250199 0.731517971
vt -0.371670008 0.733861029
vt -0.379503012 0.736711979
vt -0.38250199 0.731517971
vt -0.379503012 0.736711979
vt -0.390482992 0.738215029
vt -0.390482992 0.738215029
vt -0.379503012 0.736711979
vt -0.385888994 0.742070019
vt -0.390482992 0.738215029
vt -0.385888994 0.742070019
vt -0.395693004 0.74723798
vt -0.395693004 0.74723798
vt -0.385888994 0.742070019
vt -0.390056998 0.749289989
vt -0.395693004 0.74723798
vt -0.390056998 0.749289989
vt -0.397502005 0.75749898
vt -0.372711003 0.787042975
vt -0.38250199 0.783479989
vt -0.379503012 0.77828598
vt -0.379503012 0.77828598
vt -0.38250199 0.783479989
vt -0.385888994 0.772927999
vt -0.379503012 0.77828598
vt -0.385888994 0.772927999
vt -0.382200986 0.769833028
vt -0.382200986 0.769833028
vt -0.385888994 0.772927999
vt -0.385533005 0.764061987
vt 0.0171169993 0.769833028
vt 0.0171169993 0.764061987
vt 0.0228930004 0.762996972
vt 0.0228930004 0.762996972
vt 0.0171169993 0.764061987
vt 0.0228930004 0.75749898
vt 0.0228930004 0.762996972
vt 0.0228930004 0.75749898
vt 0.0293649994 0.75749898
vt -0.38250199 0.783479989
vt -0.390482992 0.77678299
vt -0.385888994 0.772927999
vt -0.385888994 0.772927999
vt -0.390482992 0.77678299
vt -0.390056998 0.765708029
vt -0.385888994 0.772927999
vt -0.390056998 0.765708029
vt -0.385533005 0.764061987
vt -0.385533005 0.764061987
vt -0.390056998 0.765708029
vt -0.386689991 0.75749898
vt 0.0171169993 0.764061987
vt 0.0171169993 0.75749898
vt 0.0228930004 0.75749898
vt 0.0228930004 0.75749898
vt 0.0171169993 0.75749898
vt 0.0228930004 0.752000988
vt 0.0228930004 0.75749898
vt 0.0228930004 0.752000988
vt 0.0293649994 0.752368987
vt -0.0293649994 0.752368987
vt -0.0228930004 0.752000988
vt -0.0228930004 0.752000988
vt 0.0293649994 0.752368987
vt 0.0228930004 0.752000988
vt 0.0293649994 0.747856975
vt 0.0293649994 0.747856975
vt 0.0228930004 0.752000988
vt 0.0228930004 0.747165978
vt -0.378993005 0.0293649994
vt -0.379817009 0.0228930004
vt -0.375001997 0.0293649994
vt -0.375001997 0.0293649994
vt -0.379817009 0.0228930004
vt -0.375539988 0.0228930004
vt -0.375001997 0.0293649994
vt -0.375539988 0.0228930004
vt -0.370106995 0.0293649994
vt -0.370106995 0.0293649994
vt -0.375539988 0.0228930004
vt -0.370292991 0.0228930004
vt -0.370106995 0.0293649994
vt -0.370292991 0.0228930004
vt -0.364897013 0.0293649994
vt -0.364897013 0.0293649994
vt -0.370292991 0.0228930004
vt -0.364710003 0.0228930004
vt -0.364897013 0.0293649994
vt -0.364710003 0.0228930004
vt -0.360002011 0.0293649994
vt -0.360002011 0.0293649994
vt -0.364710003 0.0228930004
vt -0.35946399 0.0228930004
vt -0.360002011 0.0293649994
vt -0.35946399 0.0228930004
vt -0.356011003 0.0293649994
vt -0.356011003 0.0293649994
vt -0.35946399 0.0228930004
vt -0.355186999 0.0228930004
vt -0.0293649994 0.747856975
vt -0.0228930004 0.747165978
vt -0.0293649994 0.752368987
vt -0.0293649994 0.752368987
vt -0.0228930004 0.747165978
vt -0.0228930004 0.752000988
vt -0.0293649994 0.752368987
vt -0.0228930004 0.752000988
vt -0.0293649994 0.75749898
vt -0.0293649994 0.75749898
vt -0.0228930004 0.752000988
vt -0.0228930004 0.75749898
vt -0.0293649994 0.75749898
vt -0.0228930004 0.75749898
vt -0.0293649994 0.762628973
vt -0.0293649994 0.762628973
vt -0.0228930004 0.75749898
vt -0.0228930004 0.762996972
vt -0.0293649994 0.762628973
vt -0.0228930004 0.762996972
vt -0.0293649994 0.767140985
vt -0.0293649994 0.767140985
vt -0.0228930004 0.762996972
vt -0.0228930004 0.767832994
vt 0.356011003 0.0293649994
vt 0.355186999 0.0228930004
vt 0.360002011 0.0293649994
vt 0.360002011 0.0293649994
vt 0.355186999 0.0228930004
vt 0.35946399 0.0228930004
vt 0.360002011 0.0293649994
vt 0.35946399 0.0228930004
vt 0.364897013 0.0293649994
vt 0.364897013 0.0293649994
vt 0.35946399 0.0228930004
vt 0.364710003 0.0228930004
vt 0.364897013 0.0293649994
vt 0.364710003 0.0228930004
vt 0.370106995 0.0293649994
vt 0.370106995 0.0293649994
vt 0.364710003 0.0228930004
vt 0.370292991 0.0228930004
vt 0.370106995 0.0293649994
vt 0.370292991 0.0228930004
vt 0.375001997 0.0293649994
vt 0.375001997 0.0293649994
vt 0.370292991 0.0228930004
vt 0.375539988 0.0228930004
vt 0.375001997 0.0293649994
vt 0.375539988 0.0228930004
vt 0.378993005 0.0293649994
vt 0.378993005 0.0293649994
vt 0.375539988 0.0228930004
vt 0.379817009 0.0228930004
vt 0.0293649994 0.767140985
vt 0.0228930004 0.767832994
vt 0.0293649994 0.762628973
vt 0.0228930004 0.75749898
vt 0.0293649994 0.752368987
vt 0.0293649994 0.75749898
vt 0.379817009 0.0228930004
vt 0.375539988 0.0228930004
vt 0.377095997 0.0171169993
vt 0.377095997 0.0171169993
vt 0.375539988 0.0228930004
vt 0.370833993 0.0171169993
vt -0.377095997 0.774116993
vt -0.370833993 0.776395977
vt -0.371670008 0.78113699
vt -0.0126599995 0.78113699
vt -0.0171169993 0.776395977
vt -0.0171169993 0.776395977
vt -0.371670008 0.78113699
vt -0.370833993 0.776395977
vt -0.363334 0.78113699
vt -0.363334 0.78113699
vt -0.370833993 0.776395977
vt -0.364170015 0.776395977
vt -0.363334 0.78113699
vt -0.364170015 0.776395977
vt -0.355500996 0.77828598
vt -0.355500996 0.77828598
vt -0.364170015 0.776395977
vt -0.35790801 0.774116993
vt -0.355500996 0.77828598
vt -0.35790801 0.774116993
vt -0.349115014 0.772927999
vt -0.349115014 0.772927999
vt -0.35790801 0.774116993
vt -0.352802992 0.769833028
vt -0.349115014 0.772927999
vt -0.352802992 0.769833028
vt -0.34494701 0.765708029
vt -0.34494701 0.765708029
vt -0.352802992 0.769833028
vt -0.34946999 0.764061987
vt -0.34494701 0.765708029
vt -0.34946999 0.764061987
vt -0.343499005 0.75749898
vt -0.343499005 0.75749898
vt -0.34946999 0.764061987
vt -0.348313004 0.75749898
vt -0.343499005 0.75749898
vt -0.348313004 0.75749898
vt -0.34494701 0.749289989
vt -0.34494701 0.749289989
vt -0.348313004 0.75749898
vt -0.34946999 0.750935972
vt -0.34494701 0.749289989
vt -0.34946999 0.750935972
vt -0.349115014 0.742070019
vt -0.349115014 0.742070019
vt -0.34946999 0.750935972
vt -0.352802992 0.74516499
vt -0.349115014 0.742070019
vt -0.352802992 0.74516499
vt -0.355500996 0.736711979
vt -0.355500996 0.736711979
vt -0.352802992 0.74516499
vt -0.35790801 0.740881026
vt -0.355500996 0.736711979
vt -0.35790801 0.740881026
vt -0.363334 0.733861029
vt -0.363334 0.733861029
vt -0.35790801 0.740881026
vt -0.364170015 0.738601983
vt -0.363334 0.733861029
vt -0.364170015 0.738601983
vt -0.371670008 0.733861029
vt -0.371670008 0.733861029
vt -0.364170015 0.738601983
vt -0.370833993 0.738601983
vt -0.371670008 0.733861029
vt -0.370833993 0.738601983
vt -0.379503012 0.736711979
vt -0.379503012 0.736711979
vt -0.370833993 0.738601983
vt -0.377095997 0.740881026
vt -0.379503012 0.736711979
vt -0.377095997 0.740881026
vt -0.385888994 0.742070019
vt -0.385888994 0.742070019
vt -0.377095997 0.740881026
vt -0.382200986 0.74516499
vt -0.385888994 0.742070019
vt -0.382200986 0.74516499
vt -0.390056998 0.749289989
vt -0.390056998 0.749289989
vt -0.382200986 0.74516499
vt -0.385533005 0.750935972
vt -0.390056998 0.749289989
vt -0.385533005 0.750935972
vt -0.39150399 0.75749898
vt -0.39150399 0.75749898
vt -0.385533005 0.750935972
vt -0.386689991 0.75749898
vt -0.0126599995 0.75749898
vt -0.0171169993 0.75749898
vt -0.0126599995 0.75749898
vt -0.39150399 0.75749898
vt -0.386689991 0.75749898
vt -0.390056998 0.765708029
vt -0.39150399 0.75749898
vt -0.390056998 0.765708029
vt -0.395693004 0.767759979
vt -0.395693004 0.767759979
vt -0.390056998 0.765708029
vt -0.390482992 0.77678299
vt -0.390056998 0.749289989
vt -0.39150399 0.75749898
vt -0.397502005 0.75749898
vt -0.397502005 0.75749898
vt -0.39150399 0.75749898
vt -0.395693004 0.767759979
vt 0.0171169993 0.75749898
vt 0.0171169993 0.750935972
vt 0.0228930004 0.752000988
vt -0.0228930004 0.752000988
vt -0.0171169993 0.750935972
vt -0.0171169993 0.750935972
vt 0.0228930004 0.752000988
vt 0.0171169993 0.750935972
vt 0.0228930004 0.747165978
vt 0.0228930004 0.747165978
vt 0.0171169993 0.750935972
vt 0.0171169993 0.74516499
vt -0.379817009 0.0228930004
vt -0.382200986 0.0171169993
vt -0.375539988 0.0228930004
vt -0.375539988 0.0228930004
vt -0.382200986 0.0171169993
vt -0.377095997 0.0171169993
vt -0.375539988 0.0228930004
vt -0.377095997 0.0171169993
vt -0.370292991 0.0228930004
vt -0.370292991 0.0228930004
vt -0.377095997 0.0171169993
vt -0.370833993 0.0171169993
vt -0.370292991 0.0228930004
vt -0.370833993 0.0171169993
vt -0.364710003 0.0228930004
vt -0.364710003 0.0228930004
vt -0.370833993 0.0171169993
vt -0.364170015 0.0171169993
vt -0.364710003 0.0228930004
vt -0.364170015 0.0171169993
vt -0.35946399 0.0228930004
vt -0.35946399 0.0228930004
vt -0.364170015 0.0171169993
vt -0.35790801 0.0171169993
vt -0.35946399 0.0228930004
vt -0.35790801 0.0171169993
vt -0.355186999 0.0228930004
vt -0.355186999 0.0228930004
vt -0.35790801 0.0171169993
vt -0.352802992 0.0171169993
vt -0.0228930004 0.747165978
vt -0.0171169993 0.74516499
vt -0.0228930004 0.752000988
vt -0.0228930004 0.752000988
vt -0.0171169993 0.74516499
vt -0.0171169993 0.750935972
vt -0.0228930004 0.752000988
vt -0.0171169993 0.750935972
vt -0.0228930004 0.75749898
vt -0.0228930004 0.75749898
vt -0.0171169993 0.750935972
vt -0.0171169993 0.75749898
vt -0.0228930004 0.75749898
vt -0.0171169993 0.75749898
vt -0.0228930004 0.762996972
vt -0.0228930004 0.762996972
vt -0.0171169993 0.75749898
vt -0.0171169993 0.764061987
vt -0.0228930004 0.762996972
vt -0.0171169993 0.764061987
vt -0.0228930004 0.767832994
vt -0.0228930004 0.767832994
vt -0.0171169993 0.764061987
vt -0.0171169993 0.769833028
vt 0.355186999 0.0228930004
vt 0.352802992 0.0171169993
vt 0.35946399 0.0228930004
vt 0.35946399 0.0228930004
vt 0.352802992 0.0171169993
vt 0.35790801 0.0171169993
vt 0.35946399 0.0228930004
vt 0.35790801 0.0171169993
vt 0.364710003 0.0228930004
vt 0.364710003 0.0228930004
vt 0.35790801 0.0171169993
vt 0.364170015 0.0171169993
vt 0.364710003 0.0228930004
vt 0.364170015 0.0171169993
vt 0.370292991 0.0228930004
vt 0.370292991 0.0228930004
vt 0.364170015 0.0171169993
vt 0.370833993 0.0171169993
vt 0.370292991 0.0228930004
vt 0.370833993 0.0171169993
vt 0.375539988 0.0228930004
vt 0.0293649994 0.107499003
vt 0.0228930004 0.112997003
vt 0.0228930004 0.107499003
vt 0.0228930004 0.107499003
vt 0.0228930004 0.112997003
vt 0.0171169993 0.114061996
vt 0.0228930004 0.107499003
vt 0.0171169993 0.114061996
vt 0.0171169993 0.107499003
vt -0.386689991 0.107499003
vt -0.385533005 0.114061996
vt -0.390056998 0.115708001
vt -0.386689991 0.107499003
vt -0.390056998 0.115708001
vt -0.39150399 0.107499003
vt -0.39150399 0.107499003
vt -0.390056998 0.115708001
vt -0.395693004 0.117760003
vt -0.39150399 0.107499003
vt -0.395693004 0.117760003
vt -0.397502005 0.107499003
vt -0.395693004 0.117760003
vt -0.390056998 0.115708001
vt -0.390482992 0.126782998
vt -0.390482992 0.126782998
vt -0.390056998 0.115708001
vt -0.385888994 0.122928001
vt -0.390482992 0.126782998
vt -0.385888994 0.122928001
vt -0.38250199 0.133479998
vt -0.38250199 0.133479998
vt -0.385888994 0.122928001
vt -0.379503012 0.128286004
vt -0.38250199 0.133479998
vt -0.379503012 0.128286004
vt -0.372711003 0.137042999
vt -0.372711003 0.137042999
vt -0.379503012 0.128286004
vt -0.371670008 0.131136999
vt -0.372711003 0.137042999
vt -0.371670008 0.131136999
vt -0.362291992 0.137042999
vt -0.362291992 0.137042999
vt -0.371670008 0.131136999
vt -0.363334 0.131136999
vt -0.362291992 0.137042999
vt -0.363334 0.131136999
vt -0.352501988 0.133479998
vt -0.352501988 0.133479998
vt -0.363334 0.131136999
vt -0.355500996 0.128286004
vt -0.352501988 0.133479998
vt -0.355500996 0.128286004
vt -0.344520986 0.126782998
vt -0.344520986 0.126782998
vt -0.355500996 0.128286004
vt -0.349115014 0.122928001
vt -0.344520986 0.126782998
vt -0.349115014 0.122928001
vt -0.339311004 0.117760003
vt -0.339311004 0.117760003
vt -0.349115014 0.122928001
vt -0.34494701 0.115708001
vt -0.339311004 0.117760003
vt -0.34494701 0.115708001
vt -0.337502003 0.107499003
vt -0.337502003 0.107499003
vt -0.34494701 0.115708001
vt -0.343499005 0.107499003
vt -0.337502003 0.107499003
vt -0.343499005 0.107499003
vt -0.339311004 0.0972379968
vt -0.339311004 0.0972379968
vt -0.343499005 0.107499003
vt -0.34494701 0.0992899984
vt -0.339311004 0.0972379968
vt -0.34494701 0.0992899984
vt -0.344520986 0.0882150009
vt -0.344520986 0.0882150009
vt -0.34494701 0.0992899984
vt -0.349115014 0.0920709968
vt -0.344520986 0.0882150009
vt -0.349115014 0.0920709968
vt -0.352501988 0.0815180019
vt -0.352501988 0.0815180019
vt -0.349115014 0.0920709968
vt -0.355500996 0.0867120028
vt -0.352501988 0.0815180019
vt -0.355500996 0.0867120028
vt -0.362291992 0.0779550001
vt -0.362291992 0.0779550001
vt -0.355500996 0.0867120028
vt -0.363334 0.0838610008
vt -0.362291992 0.0779550001
vt -0.363334 0.0838610008
vt -0.372711003 0.0779550001
vt -0.372711003 0.0779550001
vt -0.363334 0.0838610008
vt -0.371670008 0.0838610008
vt -0.372711003 0.0779550001
vt -0.371670008 0.0838610008
vt -0.38250199 0.0815180019
vt -0.38250199 0.0815180019
vt -0.371670008 0.0838610008
vt -0.379503012 0.0867120028
vt -0.38250199 0.0815180019
vt -0.379503012 0.0867120028
vt -0.390482992 0.0882150009
vt -0.390482992 0.0882150009
vt -0.379503012 0.0867120028
vt -0.385888994 0.0920709968
vt -0.390482992 0.0882150009
vt -0.385888994 0.0920709968
vt -0.395693004 0.0972379968
vt -0.395693004 0.0972379968
vt -0.385888994 0.0920709968
vt -0.390056998 0.0992899984
vt -0.395693004 0.0972379968
vt -0.390056998 0.0992899984
vt -0.397502005 0.107499003
vt -0.390056998 0.115708001
vt -0.385533005 0.114061996
vt -0.385888994 0.122928001
vt -0.385888994 0.122928001
vt -0.385533005 0.114061996
vt -0.382200986 0.119833
vt -0.385888994 0.122928001
vt -0.382200986 0.119833
vt -0.379503012 0.128286004
vt -0.379503012 0.128286004
vt -0.382200986 0.119833
vt -0.377095997 0.124117002
vt -0.379503012 0.128286004
vt -0.377095997 0.124117002
vt -0.371670008 0.131136999
vt -0.371670008 0.131136999
vt -0.377095997 0.124117002
vt -0.370833993 0.126396
vt -0.371670008 0.131136999
vt -0.370833993 0.126396
vt -0.363334 0.131136999
vt -0.363334 0.131136999
vt -0.370833993 0.126396
vt -0.364170015 0.126396
vt -0.363334 0.131136999
vt -0.364170015 0.126396
vt -0.355500996 0.128286004
vt -0.355500996 0.128286004
vt -0.364170015 0.126396
vt -0.35790801 0.124117002
vt -0.355500996 0.128286004
vt -0.35790801 0.124117002
vt -0.349115014 0.122928001
vt -0.349115014 0.122928001
vt -0.35790801 0.124117002
vt -0.352802992 0.119833
vt -0.349115014 0.122928001
vt -0.352802992 0.119833
vt -0.34494701 0.115708001
vt -0.34494701 0.115708001
vt -0.352802992 0.119833
vt -0.34946999 0.114061996
vt -0.34494701 0.115708001
vt -0.34946999 0.114061996
vt -0.343499005 0.107499003
vt -0.343499005 0.107499003
vt -0.34946999 0.114061996
vt -0.348313004 0.107499003
vt -0.343499005 0.107499003
vt -0.348313004 0.107499003
vt -0.34494701 0.0992899984
vt -0.34494701 0.0992899984
vt -0.348313004 0.107499003
vt -0.34946999 0.100936003
vt -0.34494701 0.0992899984
vt -0.34946999 0.100936003
vt -0.349115014 0.0920709968
vt -0.349115014 0.0920709968
vt -0.34946999 0.100936003
vt -0.352802992 0.0951649994
vt -0.349115014 0.0920709968
vt -0.352802992 0.0951649994
vt -0.355500996 0.0867120028
vt -0.355500996 0.0867120028
vt -0.352802992 0.0951649994
vt -0.35790801 0.0908809975
vt -0.355500996 0.0867120028
vt -0.35790801 0.0908809975
vt -0.363334 0.0838610008
vt -0.363334 0.0838610008
vt -0.35790801 0.0908809975
vt -0.364170015 0.088601999
vt -0.363334 0.0838610008
vt -0.364170015 0.088601999
vt -0.371670008 0.0838610008
vt -0.371670008 0.0838610008
vt -0.364170015 0.088601999
vt -0.370833993 0.088601999
vt -0.371670008 0.0838610008
vt -0.370833993 0.088601999
vt -0.379503012 0.0867120028
vt -0.379503012 0.0867120028
vt -0.370833993 0.088601999
vt -0.377095997 0.0908809975
vt -0.379503012 0.0867120028
vt -0.377095997 0.0908809975
vt -0.385888994 0.0920709968
vt -0.385888994 0.0920709968
vt -0.377095997 0.0908809975
vt -0.382200986 0.0951649994
vt -0.385888994 0.0920709968
vt -0.382200986 0.0951649994
vt -0.390056998 0.0992899984
vt -0.390056998 0.0992899984
vt -0.382200986 0.0951649994
vt -0.385533005 0.100936003
vt -0.390056998 0.0992899984
vt -0.385533005 0.100936003
vt -0.39150399 0.107499003
vt -0.0126599995 0.107499003
vt -0.0171169993 0.100936003
vt -0.0171169993 0.100936003
vt -0.39150399 0.107499003
vt -0.385533005 0.100936003
vt -0.386689991 0.107499003
vt 0.0171169993 0.107499003
vt 0.0171169993 0.100936003
vt 0.0228930004 0.102000996
vt 0.0171169993 0.107499003
vt 0.0228930004 0.102000996
vt 0.0228930004 0.107499003
vt 0.0228930004 0.107499003
vt 0.0228930004 0.102000996
vt 0.0293649994 0.102369003
vt 0.0228930004 0.107499003
vt 0.0293649994 0.102369003
vt 0.0293649994 0.107499003
vt -0.39150399 0.107499003
vt -0.397502005 0.107499003
vt -0.390056998 0.0992899984
vt 0.0293649994 0.102369003
vt 0.0228930004 0.102000996
vt 0.0293649994 0.0978569984
vt 0.0293649994 0.0978569984
vt 0.0228930004 0.102000996
vt 0.0228930004 0.0971660018
vt -0.378993005 0.0293649994
vt -0.379817009 0.0228930004
vt -0.375001997 0.0293649994
vt -0.375001997 0.0293649994
vt -0.379817009 0.0228930004
vt -0.375539988 0.0228930004
vt -0.375001997 0.0293649994
vt -0.375539988 0.0228930004
vt -0.370106995 0.0293649994
vt -0.370106995 0.0293649994
vt -0.375539988 0.0228930004
vt -0.370292991 0.0228930004
vt -0.370106995 0.0293649994
vt -0.370292991 0.0228930004
vt -0.364897013 0.0293649994
vt -0.364897013 0.0293649994
vt -0.370292991 0.0228930004
vt -0.364710003 0.0228930004
vt -0.364897013 0.0293649994
vt -0.364710003 0.0228930004
vt -0.360002011 0.0293649994
vt -0.360002011 0.0293649994
vt -0.364710003 0.0228930004
vt -0.35946399 0.0228930004
vt -0.360002011 0.0293649994
vt -0.35946399 0.0228930004
vt -0.356011003 0.0293649994
vt -0.356011003 0.0293649994
vt -0.35946399 0.0228930004
vt -0.355186999 0.0228930004
vt -0.0293649994 0.0978569984
vt -0.0228930004 0.0971660018
vt -0.0293649994 0.102369003
vt -0.0293649994 0.102369003
vt -0.0228930004 0.0971660018
vt -0.0228930004 0.102000996
vt -0.0293649994 0.102369003
vt -0.0228930004 0.102000996
vt -0.0293649994 0.107499003
vt -0.0293649994 0.107499003
vt -0.0228930004 0.102000996
vt -0.0228930004 0.107499003
vt -0.0293649994 0.107499003
vt -0.0228930004 0.107499003
vt -0.0293649994 0.112628996
vt -0.0293649994 0.112628996
vt -0.0228930004 0.107499003
vt -0.0228930004 0.112997003
vt -0.0293649994 0.112628996
vt -0.0228930004 0.112997003
vt -0.0293649994 0.117141001
vt -0.0293649994 0.117141001
vt -0.0228930004 0.112997003
vt -0.0228930004 0.117833003
vt 0.356011003 0.0293649994
vt 0.355186999 0.0228930004
vt 0.360002011 0.0293649994
vt 0.360002011 0.0293649994
vt 0.355186999 0.0228930004
vt 0.35946399 0.0228930004
vt 0.360002011 0.0293649994
vt 0.35946399 0.0228930004
vt 0.364897013 0.0293649994
vt 0.364897013 0.0293649994
vt 0.35946399 0.0228930004
vt 0.364710003 0.0228930004
vt 0.364897013 0.0293649994
vt 0.364710003 0.0228930004
vt 0.370106995 0.0293649994
vt 0.370106995 0.0293649994
vt 0.364710003 0.0228930004
vt 0.370292991 0.0228930004
vt 0.370106995 0.0293649994
vt 0.370292991 0.0228930004
vt 0.375001997 0.0293649994
vt 0.375001997 0.0293649994
vt 0.370292991 0.0228930004
vt 0.375539988 0.0228930004
vt 0.375001997 0.0293649994
vt 0.375539988 0.0228930004
vt 0.378993005 0.0293649994
vt 0.378993005 0.0293649994
vt 0.375539988 0.0228930004
vt 0.379817009 0.0228930004
vt 0.0293649994 0.117141001
vt 0.0228930004 0.117833003
vt 0.0293649994 0.112628996
vt 0.0293649994 0.112628996
vt 0.0228930004 0.117833003
vt 0.0228930004 0.112997003
vt 0.0293649994 0.112628996
vt 0.0228930004 0.112997003
vt 0.0293649994 0.107499003
vt 0.0228930004 0.102000996
vt 0.0171169993 0.100936003
vt 0.0228930004 0.0971660018
vt 0.0228930004 0.0971660018
vt 0.0171169993 0.100936003
vt 0.0171169993 0.0951649994
vt -0.379817009 0.0228930004
vt -0.382200986 0.0171169993
vt -0.375539988 0.0228930004
vt -0.375539988 0.0228930004
vt -0.382200986 0.0171169993
vt -0.377095997 0.0171169993
vt -0.375539988 0.0228930004
vt -0.377095997 0.0171169993
vt -0.370292991 0.0228930004
vt -0.370292991 0.0228930004
vt -0.377095997 0.0171169993
vt -0.370833993 0.0171169993
vt -0.370292991 0.0228930004
vt -0.370833993 0.0171169993
vt -0.364710003 0.0228930004
vt -0.364710003 0.0228930004
vt -0.370833993 0.0171169993
vt -0.364170015 0.0171169993
vt -0.364710003 0.0228930004
vt -0.364170015 0.0171169993
vt -0.35946399 0.0228930004
vt -0.35946399 0.0228930004
vt -0.364170015 0.0171169993
vt -0.35790801 0.0171169993
vt -0.35946399 0.0228930004
vt -0.35790801 0.0171169993
vt -0.355186999 0.0228930004
vt -0.355186999 0.0228930004
vt -0.35790801 0.0171169993
vt -0.352802992 0.0171169993
vt -0.0228930004 0.0971660018
vt -0.0171169993 0.0951649994
vt -0.0228930004 0.102000996
vt -0.0228930004 0.102000996
vt -0.0171169993 0.0951649994
vt -0.0171169993 0.100936003
vt -0.0228930004 0.102000996
vt -0.0171169993 0.100936003
vt -0.0228930004 0.107499003
vt -0.0228930004 0.107499003
vt -0.0171169993 0.100936003
vt -0.0171169993 0.107499003
vt -0.0228930004 0.107499003
vt -0.0171169993 0.107499003
vt -0.0228930004 0.112997003
vt -0.0228930004 0.112997003
vt -0.0171169993 0.107499003
vt -0.0171169993 0.114061996
vt -0.0228930004 0.112997003
vt -0.0171169993 0.114061996
vt -0.0228930004 0.117833003
vt -0.0228930004 0.117833003
vt -0.0171169993 0.114061996
vt -0.0171169993 0.119833
vt 0.355186999 0.0228930004
vt 0.352802992 0.0171169993
vt 0.35946399 0.0228930004
vt 0.35946399 0.0228930004
vt 0.352802992 0.0171169993
vt 0.35790801 0.0171169993
vt 0.35946399 0.0228930004
vt 0.35790801 0.0171169993
vt 0.364710003 0.0228930004
vt 0.364710003 0.0228930004
vt 0.35790801 0.0171169993
vt 0.364170015 0.0171169993
vt 0.364710003 0.0228930004
vt 0.364170015 0.0171169993
vt 0.370292991 0.0228930004
vt 0.370292991 0.0228930004
vt 0.364170015 0.0171169993
vt 0.370833993 0.0171169993
vt 0.370292991 0.0228930004
vt 0.370833993 0.0171169993
vt 0.375539988 0.0228930004
vt 0.375539988 0.0228930004
vt 0.370833993 0.0171169993
vt 0.377095997 0.0171169993
vt 0.375539988 0.0228930004
vt 0.377095997 0.0171169993
vt 0.379817009 0.0228930004
vt 0.379817009 0.0228930004
vt 0.377095997 0.0171169993
vt 0.382200986 0.0171169993
vt 0.0228930004 0.117833003
vt 0.0171169993 0.119833
vt 0.0228930004 0.112997003
vt 0.0228930004 0.112997003
vt 0.0171169993 0.119833
vt 0.0171169993 0.114061996
vt 0.431033999 0.110729001
vt 0.792501986 0.119999997
vt 0.432502002 0.119999997
vt 0.432502002 0.119999997
vt 0.792501986 0.119999997
vt 0.432502002 0.800000012
vt 0 0.75749898
vt 0.00999999978 0.767759979
vt 0 0.767759979
vt 0 0.767759979
vt 0.00999999978 0.767759979
vt 0.00999999978 0.77678299
vt 0 0.767759979
vt 0.00999999978 0.77678299
vt 0 0.77678299
vt 0.390482992 0
vt 0.390482992 0.00999999978
vt 0.38250199 0.00999999978
vt 0.390482992 0
vt 0.38250199 0.00999999978
vt 0.38250199 0
vt 0.38250199 0
vt 0.38250199 0.00999999978
vt 0.372711003 0.00999999978
vt 0.38250199 0
vt 0.372711003 0.00999999978
vt 0.372711003 0
vt 0.372711003 0
vt 0.372711003 0.00999999978
vt 0.362291992 0.00999999978
vt 0.372711003 0
vt 0.362291992 0.00999999978
vt 0.362291992 0
vt 0.362291992 0
vt 0.362291992 0.00999999978
vt 0.352501988 0.00999999978
vt 0.362291992 0
vt 0.352501988 0.00999999978
vt 0.352501988 0
vt 0.352501988 0
vt 0.352501988 0.00999999978
vt 0.344520986 0.00999999978
vt 0.352501988 0
vt 0.344520986 0.00999999978
vt 0.344520986 0
vt 0 0.77678299
vt -0.00999999978 0.77678299
vt -0.00999999978 0.767759979
vt 0 0.77678299
vt -0.00999999978 0.767759979
vt 0 0.767759979
vt 0 0.767759979
vt -0.00999999978 0.767759979
vt -0.00999999978 0.75749898
vt 0 0.767759979
vt -0.00999999978 0.75749898
vt 0 0.75749898
vt 0 0.75749898
vt -0.00999999978 0.75749898
vt -0.00999999978 0.74723798
vt 0 0.75749898
vt -0.00999999978 0.74723798
vt 0 0.74723798
vt 0 0.74723798
vt -0.00999999978 0.74723798
vt -0.00999999978 0.738215029
vt 0 0.74723798
vt -0.00999999978 0.738215029
vt 0 0.738215029
vt -0.344520986 0
vt -0.344520986 0.00999999978
vt -0.352501988 0.00999999978
vt -0.344520986 0
vt -0.352501988 0.00999999978
vt -0.352501988 0
vt -0.352501988 0
vt -0.352501988 0.00999999978
vt -0.362291992 0.00999999978
vt -0.352501988 0
vt -0.362291992 0.00999999978
vt -0.362291992 0
vt -0.362291992 0
vt -0.362291992 0.00999999978
vt -0.372711003 0.00999999978
vt -0.362291992 0
vt -0.372711003 0.00999999978
vt -0.372711003 0
vt -0.372711003 0
vt -0.372711003 0.00999999978
vt -0.38250199 0.00999999978
vt -0.372711003 0
vt -0.38250199 0.00999999978
vt -0.38250199 0
vt -0.38250199 0
vt -0.38250199 0.00999999978
vt -0.390482992 0.00999999978
vt -0.38250199 0
vt -0.390482992 0.00999999978
vt -0.390482992 0
vt 0 0.738215029
vt 0.00999999978 0.738215029
vt 0.00999999978 0.74723798
vt 0 0.738215029
vt 0.00999999978 0.74723798
vt 0 0.74723798
vt 0 0.74723798
vt 0.00999999978 0.74723798
vt 0.00999999978 0.75749898
vt 0.432502002 0.800000012
vt 0.432502002 0.699999988
vt 0.792501986 0.800000012
vt 0.792501986 0.800000012
vt 0.432502002 0.699999988
vt 0.792501986 0.699999988
vt 0.38250199 0.107499003
vt 0.381597012 0.102369003
vt 0.843406022 0.102369003
vt 0.843406022 0.102369003
vt 0.381597012 0.102369003
vt 0.378993005 0.0978569984
vt -0.0500000007 0.102369003
vt -0.0500000007 0.0978569984
vt -0.0500000007 0.102369003
vt 0.843406022 0.102369003
vt 0.378993005 0.0978569984
vt 0.375001997 0.0945089981
vt -0.0500000007 0.102369003
vt -0.0500000007 0.0945089981
vt -0.0500000007 0.102369003
vt 0.843406022 0.102369003
vt 0.375001997 0.0945089981
vt 0.370106995 0.092726998
vt 0.843406022 0.102369003
vt 0.370106995 0.092726998
vt 0.342501998 0.0824989974
vt 0.342501998 0.0824989974
vt 0.370106995 0.092726998
vt 0.364897013 0.092726998
vt -0.0500000007 0.0824989974
vt -0.0500000007 0.092726998
vt -0.0500000007 0.0824989974
vt 0.342501998 0.0824989974
vt 0.364897013 0.092726998
vt 0.360002011 0.0945089981
vt -0.0500000007 0.0824989974
vt -0.0500000007 0.0945089981
vt -0.0500000007 0.0824989974
vt 0.342501998 0.0824989974
vt 0.360002011 0.0945089981
vt 0.356011003 0.0978569984
vt -0.0500000007 0.0824989974
vt -0.0500000007 0.0978569984
vt -0.0500000007 0.0824989974
vt 0.342501998 0.0824989974
vt 0.356011003 0.0978569984
vt 0.353406012 0.102369003
vt 0.342501998 0.0824989974
vt 0.353406012 0.102369003
vt 0.352501988 0.107499003
vt 0.843406022 0.102369003
vt 0.342501998 0.0824989974
vt 0.846010983 0.0978569984
vt -0.0500000007 0.0978569984
vt -0.0500000007 0.0824989974
vt -0.0500000007 0.0824989974
vt 0.846010983 0.0978569984
vt 0.342501998 0.0824989974
vt 0.850001991 0.0945089981
vt 0.850001991 0.0945089981
vt 0.342501998 0.0824989974
vt 0.854897022 0.092726998
vt 0.800000012 0.0824989974
vt 0.699999988 0.132498994
vt 0.119999997 0.0824989974
vt 0.119999997 0.0824989974
vt 0.699999988 0.132498994
vt 0.119999997 0.132498994
vt 0.699999988 0.132498994
vt 0.699999988 0.232499003
vt 0.119999997 0.132498994
vt 0.119999997 0.132498994
vt 0.699999988 0.232499003
vt 0.699999988 0.332498997
vt 0.119999997 0.132498994
vt 0.699999988 0.332498997
vt 0.699999988 0.732499003
vt -0.792501986 0.732499003
vt -0.772502005 0.332498997
vt -0.432502002 0.732499003
vt -0.432502002 0.732499003
vt -0.772502005 0.332498997
vt -0.432502002 0.132498994
vt -0.882502019 0.732499003
vt -0.822502017 0.732499003
vt -0.882502019 0.782499015
vt -0.882502019 0.782499015
vt -0.822502017 0.732499003
vt -0.822502017 0.782499015
vt 0.352501988 0.75749898
vt 0.342501998 0.732499003
vt 0.353406012 0.752368987
vt -0.0500000007 0.752368987
vt -0.0500000007 0.732499003
vt -0.0500000007 0.732499003
vt 0.353406012 0.752368987
vt 0.342501998 0.732499003
vt 0.356011003 0.747856975
vt -0.0500000007 0.747856975
vt -0.0500000007 0.732499003
vt -0.0500000007 0.732499003
vt 0.356011003 0.747856975
vt 0.342501998 0.732499003
vt 0.360002011 0.744508982
vt -0.0500000007 0.744508982
vt -0.0500000007 0.732499003
vt -0.0500000007 0.732499003
vt 0.360002011 0.744508982
vt 0.342501998 0.732499003
vt 0.364897013 0.742726982
vt 0.364897013 0.742726982
vt 0.342501998 0.732499003
vt 0.370106995 0.742726982
vt -0.0900000036 0.732499003
vt -0.0500000007 0.732499003
vt -0.0900000036 0.782499015
vt -0.0900000036 0.782499015
vt -0.0500000007 0.732499003
vt -0.0500000007 0.782499015
vt 0.364897013 0.122271001
vt 0.342501998 0.132498994
vt 0.360002011 0.120489001
vt -0.0500000007 0.120489001
vt -0.0500000007 0.132498994
vt -0.0500000007 0.132498994
vt 0.360002011 0.120489001
vt 0.342501998 0.132498994
vt 0.356011003 0.117141001
vt -0.0500000007 0.117141001
vt -0.0500000007 0.132498994
vt -0.0500000007 0.132498994
vt 0.356011003 0.117141001
vt 0.342501998 0.132498994
vt 0.353406012 0.112628996
vt 0.353406012 0.112628996
vt 0.342501998 0.132498994
vt 0.352501988 0.107499003
vt -0.342501998 0.782499015
vt -0.402502 0.782499015
vt -0.342501998 0.732499003
vt -0.342501998 0.732499003
vt -0.402502 0.782499015
vt -0.402502 0.732499003
vt 0.0500000007 0.75749898
vt 0.0293649994 0.752368987
vt 0.0500000007 0.752368987
vt 0.0500000007 0.752368987
vt 0.0293649994 0.752368987
vt 0.0293649994 0.747856975
vt 0.0500000007 0.752368987
vt 0.0293649994 0.747856975
vt 0.0500000007 0.747856975
vt -0.378993005 0.0500000007
vt -0.378993005 0.0293649994
vt -0.375001997 0.0293649994
vt -0.378993005 0.0500000007
vt -0.375001997 0.0293649994
vt -0.375001997 0.0500000007
vt -0.375001997 0.0500000007
vt -0.375001997 0.0293649994
vt -0.370106995 0.0293649994
vt -0.375001997 0.0500000007
vt -0.370106995 0.0293649994
vt -0.370106995 0.0500000007
vt -0.370106995 0.0500000007
vt -0.370106995 0.0293649994
vt -0.364897013 0.0293649994
vt -0.370106995 0.0500000007
vt -0.364897013 0.0293649994
vt -0.364897013 0.0500000007
vt -0.364897013 0.0500000007
vt -0.364897013 0.0293649994
vt -0.360002011 0.0293649994
vt -0.364897013 0.0500000007
vt -0.360002011 0.0293649994
vt -0.360002011 0.0500000007
vt -0.360002011 0.0500000007
vt -0.360002011 0.0293649994
vt -0.356011003 0.0293649994
vt -0.360002011 0.0500000007
vt -0.356011003 0.0293649994
vt -0.356011003 0.0500000007
vt -0.0500000007 0.747856975
vt -0.0293649994 0.747856975
vt -0.0293649994 0.752368987
vt -0.0500000007 0.747856975
vt -0.0293649994 0.752368987
vt -0.0500000007 0.752368987
vt -0.0500000007 0.752368987
vt -0.0293649994 0.752368987
vt -0.0293649994 0.75749898
vt -0.0500000007 0.752368987
vt -0.0293649994 0.75749898
vt -0.0500000007 0.75749898
vt -0.0500000007 0.75749898
vt -0.0293649994 0.75749898
vt -0.0293649994 0.762628973
vt -0.0500000007 0.75749898
vt -0.0293649994 0.762628973
vt -0.0500000007 0.762628973
vt -0.0500000007 0.762628973
vt -0.0293649994 0.762628973
vt -0.0293649994 0.767140985
vt -0.0500000007 0.762628973
vt -0.0293649994 0.767140985
vt -0.0500000007 0.767140985
vt 0.356011003 0.0500000007
vt 0.356011003 0.0293649994
vt 0.360002011 0.0293649994
vt 0.356011003 0.0500000007
vt 0.360002011 0.0293649994
vt 0.360002011 0.0500000007
vt 0.360002011 0.0500000007
vt 0.360002011 0.0293649994
vt 0.364897013 0.0293649994
vt 0.360002011 0.0500000007
vt 0.364897013 0.0293649994
vt 0.364897013 0.0500000007
vt 0.364897013 0.0500000007
vt 0.364897013 0.0293649994
vt 0.370106995 0.0293649994
vt 0.364897013 0.0500000007
vt 0.370106995 0.0293649994
vt 0.370106995 0.0500000007
vt 0.370106995 0.0500000007
vt 0.370106995 0.0293649994
vt 0.375001997 0.0293649994
vt 0.370106995 0.0500000007
vt 0.375001997 0.0293649994
vt 0.375001997 0.0500000007
vt 0.375001997 0.0500000007
vt 0.375001997 0.0293649994
vt 0.378993005 0.0293649994
vt 0.375001997 0.0500000007
vt 0.378993005 0.0293649994
vt 0.378993005 0.0500000007
vt 0.0500000007 0.767140985
vt 0.0293649994 0.767140985
vt 0.0293649994 0.762628973
vt 0.0500000007 0.767140985
vt 0.0293649994 0.762628973
vt 0.0500000007 0.762628973
vt 0.0500000007 0.762628973
vt 0.0293649994 0.762628973
vt 0.0293649994 0.75749898
vt 0.38250199 0.75749898
vt 0.381597012 0.752368987
vt 0.432502002 0.732499003
vt 0.432502002 0.732499003
vt 0.381597012 0.752368987
vt 0.378993005 0.747856975
vt -0.0500000007 0.732499003
vt -0.0500000007 0.747856975
vt -0.0500000007 0.732499003
vt 0.432502002 0.732499003
vt 0.378993005 0.747856975
vt 0.375001997 0.744508982
vt 0.432502002 0.732499003
vt 0.375001997 0.744508982
vt 0.370106995 0.742726982
vt 0.822502017 0.0900000036
vt 0.813230991 0.0914679989
vt 0.882502019 0.0500000007
vt 0.882502019 0.0500000007
vt 0.813230991 0.0914679989
vt 0.431033999 0.110729001
vt -0.0500000007 0.782499015
vt -0.110729001 0.782499015
vt -0.0500000007 0.782499015
vt 0.882502019 0.0500000007
vt 0.431033999 0.110729001
vt 0.426771998 0.102366
vt -0.0500000007 0.782499015
vt -0.102366 0.782499015
vt -0.0500000007 0.782499015
vt 0.882502019 0.0500000007
vt 0.426771998 0.102366
vt 0.420134991 0.0957290009
vt 0.882502019 0.0500000007
vt 0.420134991 0.0957290009
vt 0.411772013 0.0914679989
vt 0.813230991 0.0914679989
vt 0.804867983 0.0957290009
vt 0.431033999 0.110729001
vt 0.431033999 0.110729001
vt 0.804867983 0.0957290009
vt 0.798231006 0.102366
vt -0.110729001 0.782499015
vt -0.102366 0.782499015
vt -0.110729001 0.782499015
vt 0.431033999 0.110729001
vt 0.798231006 0.102366
vt 0.793969989 0.110729001
vt 0.431033999 0.110729001
vt 0.793969989 0.110729001
vt 0.792501986 0.119999997
vt 0.0900000036 0.132498994
vt 0.0500000007 0.132498994
vt 0.0900000036 0.0824989974
vt 0.0900000036 0.0824989974
vt 0.0500000007 0.132498994
vt 0.0500000007 0.0824989974
vt -0.0500000007 0.132498994
vt -0.0900000036 0.132498994
vt -0.0500000007 0.0824989974
vt -0.0500000007 0.0824989974
vt -0.0900000036 0.132498994
vt -0.0900000036 0.0824989974
vt -0.857501984 0.00999999978
vt -0.862711012 0.00999999978
vt -0.862711012 0
vt -0.862711012 0
vt -0.862711012 0.00999999978
vt -0.872502029 0.00999999978
vt -0.862711012 0
vt -0.872502029 0.00999999978
vt -0.872502029 0
vt -0.872502029 0
vt -0.872502029 0.00999999978
vt -0.880482972 0.00999999978
vt -0.872502029 0
vt -0.880482972 0.00999999978
vt -0.880482972 0
vt 0 0.0882150009
vt 0.00999999978 0.0882150009
vt 0.00999999978 0.0972379968
vt 0 0.0882150009
vt 0.00999999978 0.0972379968
vt 0 0.0972379968
vt 0 0.0972379968
vt 0.00999999978 0.0972379968
vt 0.00999999978 0.107499003
vt 0 0.0972379968
vt 0.00999999978 0.107499003
vt 0 0.107499003
vt 0 0.107499003
vt 0.00999999978 0.107499003
vt 0.00999999978 0.117760003
vt 0 0.107499003
vt 0.00999999978 0.117760003
vt 0 0.117760003
vt 0 0.117760003
vt 0.00999999978 0.117760003
vt 0.00999999978 0.126782998
vt 0 0.117760003
vt 0.00999999978 0.126782998
vt 0 0.126782998
vt 0.880482972 0
vt 0.880482972 0.00999999978
vt 0.872502029 0.00999999978
vt 0.880482972 0
vt 0.872502029 0.00999999978
vt 0.872502029 0
vt 0.872502029 0
vt 0.872502029 0.00999999978
vt 0.862711012 0.00999999978
vt 0.872502029 0
vt 0.862711012 0.00999999978
vt 0.862711012 0
vt 0.862711012 0
vt 0.862711012 0.00999999978
vt 0.852292001 0.00999999978
vt 0.862711012 0
vt 0.852292001 0.00999999978
vt 0.852292001 0
vt 0.852292001 0
vt 0.852292001 0.00999999978
vt 0.842501998 0.00999999978
vt 0.852292001 0
vt 0.842501998 0.00999999978
vt 0.842501998 0
vt 0.842501998 0
vt 0.842501998 0.00999999978
vt 0.834520996 0.00999999978
vt 0.842501998 0
vt 0.834520996 0.00999999978
vt 0.834520996 0
vt 0 0.126782998
vt -0.00999999978 0.126782998
vt -0.00999999978 0.117760003
vt 0 0.126782998
vt -0.00999999978 0.117760003
vt 0 0.117760003
vt 0 0.117760003
vt -0.00999999978 0.117760003
vt -0.00999999978 0.107499003
vt 0 0.117760003
vt -0.00999999978 0.107499003
vt 0 0.107499003
vt 0 0.107499003
vt -0.00999999978 0.107499003
vt -0.00999999978 0.0972379968
vt 0 0.107499003
vt -0.00999999978 0.0972379968
vt 0 0.0972379968
vt 0 0.0972379968
vt -0.00999999978 0.0972379968
vt -0.00999999978 0.0882150009
vt 0 0.0972379968
vt -0.00999999978 0.0882150009
vt 0 0.0882150009
vt -0.834520996 0
vt -0.834520996 0.00999999978
vt -0.842501998 0.00999999978
vt -0.834520996 0
vt -0.842501998 0.00999999978
vt -0.842501998 0
vt -0.842501998 0
vt -0.842501998 0.00999999978
vt -0.852292001 0.00999999978
vt -0.842501998 0
vt -0.852292001 0.00999999978
vt -0.852292001 0
vt -0.852292001 0
vt -0.852292001 0.00999999978
vt -0.857501984 0.00999999978
vt 0.402502 0.0900000036
vt 0.432502002 0.0500000007
vt 0.411772013 0.0914679989
vt -0.0914679989 0.132498994
vt -0.0500000007 0.132498994
vt -0.0500000007 0.132498994
vt 0.411772013 0.0914679989
vt 0.432502002 0.0500000007
vt 0.420134991 0.0957290009
vt -0.0957290009 0.132498994
vt -0.0500000007 0.132498994
vt -0.0500000007 0.132498994
vt 0.420134991 0.0957290009
vt 0.432502002 0.0500000007
vt 0.426771998 0.102366
vt 0.426771998 0.102366
vt 0.432502002 0.0500000007
vt 0.431033999 0.110729001
vt 0.00999999978 0.107499003
vt 0 0.0972379968
vt 0.00999999978 0.0972379968
vt 0.00999999978 0.0972379968
vt 0 0.0972379968
vt 0 0.0882150009
vt 0.00999999978 0.0972379968
vt 0 0.0882150009
vt 0.00999999978 0.0882150009
vt -0.390482992 0.00999999978
vt -0.390482992 0
vt -0.38250199 0
vt -0.390482992 0.00999999978
vt -0.38250199 0
vt -0.38250199 0.00999999978
vt -0.38250199 0.00999999978
vt -0.38250199 0
vt -0.372711003 0
vt -0.38250199 0.00999999978
vt -0.372711003 0
vt -0.372711003 0.00999999978
vt -0.372711003 0.00999999978
vt -0.372711003 0
vt -0.362291992 0
vt -0.372711003 0.00999999978
vt -0.362291992 0
vt -0.362291992 0.00999999978
vt -0.362291992 0.00999999978
vt -0.362291992 0
vt -0.352501988 0
vt -0.362291992 0.00999999978
vt -0.352501988 0
vt -0.352501988 0.00999999978
vt -0.352501988 0.00999999978
vt -0.352501988 0
vt -0.344520986 0
vt -0.352501988 0.00999999978
vt -0.344520986 0
vt -0.344520986 0.00999999978
vt -0.00999999978 0.0882150009
vt 0 0.0882150009
vt 0 0.0972379968
vt -0.00999999978 0.0882150009
vt 0 0.0972379968
vt -0.00999999978 0.0972379968
vt -0.00999999978 0.0972379968
vt 0 0.0972379968
vt 0 0.107499003
vt -0.00999999978 0.0972379968
vt 0 0.107499003
vt -0.00999999978 0.107499003
vt -0.00999999978 0.107499003
vt 0 0.107499003
vt 0 0.117760003
vt -0.00999999978 0.107499003
vt 0 0.117760003
vt -0.00999999978 0.117760003
vt -0.00999999978 0.117760003
vt 0 0.117760003
vt 0 0.126782998
vt -0.00999999978 0.117760003
vt 0 0.126782998
vt -0.00999999978 0.126782998
vt 0.344520986 0.00999999978
vt 0.344520986 0
vt 0.352501988 0
vt 0.344520986 0.00999999978
vt 0.352501988 0
vt 0.352501988 0.00999999978
vt 0.352501988 0.00999999978
vt 0.352501988 0
vt 0.362291992 0
vt 0.352501988 0.00999999978
vt 0.362291992 0
vt 0.362291992 0.00999999978
vt 0.362291992 0.00999999978
vt 0.362291992 0
vt 0.372711003 0
vt 0.362291992 0.00999999978
vt 0.372711003 0
vt 0.372711003 0.00999999978
vt 0.372711003 0.00999999978
vt 0.372711003 0
vt 0.38250199 0
vt 0.372711003 0.00999999978
vt 0.38250199 0
vt 0.38250199 0.00999999978
vt 0.38250199 0.00999999978
vt 0.38250199 0
vt 0.390482992 0
vt 0.38250199 0.00999999978
vt 0.390482992 0
vt 0.390482992 0.00999999978
vt 0.00999999978 0.126782998
vt 0 0.126782998
vt 0 0.117760003
vt 0.00999999978 0.126782998
vt 0 0.117760003
vt 0.00999999978 0.117760003
vt 0.00999999978 0.117760003
vt 0 0.117760003
vt 0 0.107499003
vt -0.862711012 0.00999999978
vt -0.857501984 0
vt -0.857501984 0.00999999978
vt -0.857501984 0.00999999978
vt -0.857501984 0
vt -0.852292001 0.00999999978
vt -0.119999997 0.782499015
vt -0.119999997 0.732499003
vt -0.110729001 0.782499015
vt -0.110729001 0.782499015
vt -0.119999997 0.732499003
vt -0.110729001 0.732499003
vt -0.110729001 0.782499015
vt -0.110729001 0.732499003
vt -0.102366 0.782499015
vt -0.102366 0.782499015
vt -0.110729001 0.732499003
vt -0.102366 0.732499003
vt -0.102366 0.782499015
vt -0.102366 0.732499003
vt -0.0957290009 0.782499015
vt -0.0957290009 0.782499015
vt -0.102366 0.732499003
vt -0.0957290009 0.732499003
vt -0.420134991 0.782499015
vt -0.420134991 0.732499003
vt -0.411772013 0.782499015
vt -0.411772013 0.782499015
vt -0.420134991 0.732499003
vt -0.411772013 0.732499003
vt -0.411772013 0.782499015
vt -0.411772013 0.732499003
vt -0.402502 0.782499015
vt -0.402502 0.782499015
vt -0.411772013 0.732499003
vt -0.402502 0.732499003
vt 0.0293649994 0.75749898
vt 0.0293649994 0.752368987
vt 0.0500000007 0.75749898
vt -0.0500000007 0.75749898
vt -0.0293649994 0.752368987
vt -0.0293649994 0.752368987
vt 0.0500000007 0.75749898
vt 0.0293649994 0.752368987
vt 0.0500000007 0.752368987
vt 0.0500000007 0.752368987
vt 0.0293649994 0.752368987
vt 0.0293649994 0.747856975
vt 0.0500000007 0.752368987
vt 0.0293649994 0.747856975
vt 0.0500000007 0.747856975
vt -0.868992984 0.0500000007
vt -0.868992984 0.0293649994
vt -0.865001976 0.0293649994
vt -0.868992984 0.0500000007
vt -0.865001976 0.0293649994
vt -0.865001976 0.0500000007
vt -0.865001976 0.0500000007
vt -0.865001976 0.0293649994
vt -0.860107005 0.0293649994
vt -0.865001976 0.0500000007
vt -0.860107005 0.0293649994
vt -0.860107005 0.0500000007
vt -0.860107005 0.0500000007
vt -0.860107005 0.0293649994
vt -0.857501984 0.0500000007
vt -0.432502002 0.699999988
vt -0.432502002 0.800000012
vt -0.792501986 0.699999988
vt -0.792501986 0.699999988
vt -0.432502002 0.800000012
vt -0.792501986 0.800000012
vt -0.792501986 0.119999997
vt -0.793969989 0.110729001
vt -0.431033999 0.110729001
vt -0.431033999 0.110729001
vt -0.793969989 0.110729001
vt -0.798231006 0.102366
vt -0.110729001 0.0824989974
vt -0.102366 0.0824989974
vt -0.110729001 0.0824989974
vt -0.431033999 0.110729001
vt -0.798231006 0.102366
vt -0.804867983 0.0957290009
vt -0.110729001 0.0824989974
vt -0.0957290009 0.0824989974
vt -0.110729001 0.0824989974
vt -0.431033999 0.110729001
vt -0.804867983 0.0957290009
vt -0.813230991 0.0914679989
vt -0.431033999 0.110729001
vt -0.813230991 0.0914679989
vt -0.882502019 0.0500000007
vt -0.882502019 0.0500000007
vt -0.813230991 0.0914679989
vt -0.822502017 0.0900000036
vt -0.431033999 0.110729001
vt -0.882502019 0.0500000007
vt -0.426771998 0.102366
vt -0.102366 0.0824989974
vt -0.0500000007 0.0824989974
vt -0.0500000007 0.0824989974
vt -0.426771998 0.102366
vt -0.882502019 0.0500000007
vt -0.420134991 0.0957290009
vt -0.420134991 0.0957290009
vt -0.882502019 0.0500000007
vt -0.411772013 0.0914679989
vt 0.119999997 0.732499003
vt 0.699999988 0.732499003
vt 0.119999997 0.782499015
vt 0.119999997 0.782499015
vt 0.699999988 0.732499003
vt 0.800000012 0.782499015
vt 0.872502029 0.107499003
vt 0.871596992 0.102369003
vt 0.882502019 0.0824989974
vt 0.882502019 0.0824989974
vt 0.871596992 0.102369003
vt 0.868992984 0.0978569984
vt -0.0500000007 0.0824989974
vt -0.0500000007 0.0978569984
vt -0.0500000007 0.0824989974
vt 0.882502019 0.0824989974
vt 0.868992984 0.0978569984
vt 0.865001976 0.0945089981
vt -0.0500000007 0.0824989974
vt -0.0500000007 0.0945089981
vt -0.0500000007 0.0824989974
vt 0.882502019 0.0824989974
vt 0.865001976 0.0945089981
vt 0.860107005 0.092726998
vt -0.0500000007 0.0824989974
vt -0.0500000007 0.092726998
vt -0.0500000007 0.0824989974
vt 0.882502019 0.0824989974
vt 0.860107005 0.092726998
vt 0.857501984 0.0924990028
vt 0.882502019 0.0824989974
vt 0.857501984 0.0924990028
vt 0.854897022 0.092726998
vt 0.38250199 0.107499003
vt 0.432502002 0.132498994
vt 0.381597012 0.112628996
vt -0.0500000007 0.112628996
vt -0.0500000007 0.132498994
vt -0.0500000007 0.132498994
vt 0.381597012 0.112628996
vt 0.432502002 0.132498994
vt 0.378993005 0.117141001
vt -0.0500000007 0.117141001
vt -0.0500000007 0.132498994
vt -0.0500000007 0.132498994
vt 0.378993005 0.117141001
vt 0.432502002 0.132498994
vt 0.375001997 0.120489001
vt -0.0500000007 0.120489001
vt -0.0500000007 0.132498994
vt -0.0500000007 0.132498994
vt 0.375001997 0.120489001
vt 0.432502002 0.132498994
vt 0.370106995 0.122271001
vt 0.370106995 0.122271001
vt 0.432502002 0.132498994
vt 0.364897013 0.122271001
vt 0.854897022 0.122271001
vt 0.860107005 0.122271001
vt 0.882502019 0.132498994
vt 0.882502019 0.132498994
vt 0.860107005 0.122271001
vt 0.865001976 0.120489001
vt -0.0500000007 0.132498994
vt -0.0500000007 0.120489001
vt -0.0500000007 0.132498994
vt 0.882502019 0.132498994
vt 0.865001976 0.120489001
vt 0.868992984 0.117141001
vt -0.0500000007 0.132498994
vt -0.0500000007 0.117141001
vt -0.0500000007 0.132498994
vt 0.882502019 0.132498994
vt 0.868992984 0.117141001
vt 0.871596992 0.112628996
vt 0.882502019 0.132498994
vt 0.871596992 0.112628996
vt 0.872502029 0.107499003
vt -0.792501986 0.132498994
vt -0.792501986 0.0824989974
vt -0.432502002 0.132498994
vt -0.432502002 0.132498994
vt -0.792501986 0.0824989974
vt -0.432502002 0.0824989974
vt 0.432502002 0.132498994
vt 0.38250199 0.107499003
vt 0.792501986 0.132498994
vt 0.792501986 0.132498994
vt 0.38250199 0.107499003
vt 0.842501998 0.107499003
vt -0.0500000007 0.132498994
vt -0.0500000007 0.107499003
vt -0.0500000007 0.132498994
vt 0.792501986 0.132498994
vt 0.842501998 0.107499003
vt 0.843406022 0.112628996
vt -0.0500000007 0.132498994
vt -0.0500000007 0.112628996
vt -0.0500000007 0.132498994
vt 0.792501986 0.132498994
vt 0.843406022 0.112628996
vt 0.846010983 0.117141001
vt -0.0500000007 0.132498994
vt -0.0500000007 0.117141001
vt -0.0500000007 0.132498994
vt 0.792501986 0.132498994
vt 0.846010983 0.117141001
vt 0.850001991 0.120489001
vt 0.792501986 0.132498994
vt 0.850001991 0.120489001
vt 0.854897022 0.122271001
vt 0.38250199 0.107499003
vt 0.843406022 0.102369003
vt 0.842501998 0.107499003
vt 0.0900000036 0.782499015
vt 0.0500000007 0.782499015
vt 0.0900000036 0.732499003
vt 0.0900000036 0.732499003
vt 0.0500000007 0.782499015
vt 0.0500000007 0.732499003
vt 0.38250199 0.75749898
vt 0.432502002 0.732499003
vt 0.857501984 0.742498994
vt 0.857501984 0.742498994
vt 0.432502002 0.732499003
vt 0.792501986 0.732499003
vt -0.402502 0.0824989974
vt -0.342501998 0.0824989974
vt -0.402502 0.132498994
vt -0.402502 0.132498994
vt -0.342501998 0.0824989974
vt -0.342501998 0.132498994
vt -0.862711012 0
vt -0.857501984 0
vt -0.857501984 0.00999999978
vt -0.857501984 0.00999999978
vt -0.857501984 0
vt -0.852292001 0
vt -0.857501984 0.727499008
vt -0.85333401 0.733861029
vt -0.861670017 0.733861029
vt -0.861670017 0.733861029
vt -0.85333401 0.733861029
vt -0.854170024 0.738601983
vt -0.861670017 0.733861029
vt -0.854170024 0.738601983
vt -0.860834002 0.738601983
vt -0.860834002 0.0171169993
vt -0.854170024 0.0171169993
vt -0.854709983 0.0228930004
vt -0.0171169993 0.738601983
vt -0.0228930004 0.741666973
vt -0.0171169993 0.738601983
vt -0.860834002 0.0171169993
vt -0.854709983 0.0228930004
vt -0.860292971 0.0228930004
vt -0.860834002 0.0171169993
vt -0.860292971 0.0228930004
vt -0.867096007 0.0171169993
vt -0.867096007 0.0171169993
vt -0.860292971 0.0228930004
vt -0.865540028 0.0228930004
vt -0.867096007 0.0171169993
vt -0.865540028 0.0228930004
vt -0.872201025 0.0171169993
vt -0.872201025 0.0171169993
vt -0.865540028 0.0228930004
vt -0.869817019 0.0228930004
vt 0.0171169993 0.74516499
vt 0.0228930004 0.747165978
vt 0.0171169993 0.750935972
vt 0.0171169993 0.750935972
vt 0.0228930004 0.747165978
vt 0.0228930004 0.752000988
vt 0.0171169993 0.750935972
vt 0.0228930004 0.752000988
vt 0.0171169993 0.75749898
vt 0.0171169993 0.75749898
vt 0.0228930004 0.752000988
vt 0.0228930004 0.75749898
vt 0.0171169993 0.75749898
vt 0.0228930004 0.75749898
vt 0.0171169993 0.764061987
vt 0.0171169993 0.764061987
vt 0.0228930004 0.75749898
vt 0.0228930004 0.762996972
vt 0.0171169993 0.764061987
vt 0.0228930004 0.762996972
vt 0.0171169993 0.769833028
vt 0.0171169993 0.769833028
vt 0.0228930004 0.762996972
vt 0.0228930004 0.767832994
vt 0.872201025 0.0171169993
vt 0.869817019 0.0228930004
vt 0.867096007 0.0171169993
vt 0.867096007 0.0171169993
vt 0.869817019 0.0228930004
vt 0.865540028 0.0228930004
vt 0.867096007 0.0171169993
vt 0.865540028 0.0228930004
vt 0.860834002 0.0171169993
vt 0.860834002 0.0171169993
vt 0.865540028 0.0228930004
vt 0.860292971 0.0228930004
vt 0.860834002 0.0171169993
vt 0.860292971 0.0228930004
vt 0.854170024 0.0171169993
vt 0.854170024 0.0171169993
vt 0.860292971 0.0228930004
vt 0.854709983 0.0228930004
vt 0.854170024 0.0171169993
vt 0.854709983 0.0228930004
vt 0.84790802 0.0171169993
vt 0.84790802 0.0171169993
vt 0.854709983 0.0228930004
vt 0.849463999 0.0228930004
vt 0.84790802 0.0171169993
vt 0.849463999 0.0228930004
vt 0.842803001 0.0171169993
vt 0.842803001 0.0171169993
vt 0.849463999 0.0228930004
vt 0.845187008 0.0228930004
vt -0.0171169993 0.769833028
vt -0.0228930004 0.767832994
vt -0.0171169993 0.764061987
vt -0.0171169993 0.764061987
vt -0.0228930004 0.767832994
vt -0.0228930004 0.762996972
vt -0.0171169993 0.764061987
vt -0.0228930004 0.762996972
vt -0.0171169993 0.75749898
vt -0.0171169993 0.75749898
vt -0.0228930004 0.762996972
vt -0.0228930004 0.75749898
vt -0.0171169993 0.75749898
vt -0.0228930004 0.75749898
vt -0.0171169993 0.750935972
vt -0.0171169993 0.750935972
vt -0.0228930004 0.75749898
vt -0.0228930004 0.752000988
vt -0.0171169993 0.750935972
vt -0.0228930004 0.752000988
vt -0.0171169993 0.74516499
vt -0.0171169993 0.74516499
vt -0.0228930004 0.752000988
vt -0.0228930004 0.747165978
vt -0.842803001 0.0171169993
vt -0.845187008 0.0228930004
vt -0.84790802 0.0171169993
vt -0.84790802 0.0171169993
vt -0.845187008 0.0228930004
vt -0.849463999 0.0228930004
vt -0.84790802 0.0171169993
vt -0.849463999 0.0228930004
vt -0.854170024 0.0171169993
vt -0.854170024 0.0171169993
vt -0.849463999 0.0228930004
vt -0.854709983 0.0228930004
vt 0.0293649994 0.75749898
vt 0.0228930004 0.762996972
vt 0.0228930004 0.75749898
vt -0.854170024 0.738601983
vt -0.85333401 0.733861029
vt -0.84790802 0.740881026
vt -0.84790802 0.740881026
vt -0.85333401 0.733861029
vt -0.845501006 0.736711979
vt -0.84790802 0.740881026
vt -0.845501006 0.736711979
vt -0.842803001 0.74516499
vt -0.842803001 0.74516499
vt -0.845501006 0.736711979
vt -0.839115024 0.742070019
vt -0.842803001 0.74516499
vt -0.839115024 0.742070019
vt -0.839470983 0.750935972
vt -0.839470983 0.750935972
vt -0.839115024 0.742070019
vt -0.83494699 0.749289989
vt -0.839470983 0.750935972
vt -0.83494699 0.749289989
vt -0.838312984 0.75749898
vt -0.838312984 0.75749898
vt -0.83494699 0.749289989
vt -0.833499014 0.75749898
vt -0.838312984 0.75749898
vt -0.833499014 0.75749898
vt -0.839470983 0.764061987
vt -0.839470983 0.764061987
vt -0.833499014 0.75749898
vt -0.83494699 0.765708029
vt -0.839470983 0.764061987
vt -0.83494699 0.765708029
vt -0.842803001 0.769833028
vt -0.842803001 0.769833028
vt -0.83494699 0.765708029
vt -0.839115024 0.772927999
vt -0.842803001 0.769833028
vt -0.839115024 0.772927999
vt -0.84790802 0.774116993
vt -0.84790802 0.774116993
vt -0.839115024 0.772927999
vt -0.845501006 0.77828598
vt -0.84790802 0.774116993
vt -0.845501006 0.77828598
vt -0.854170024 0.776395977
vt -0.854170024 0.776395977
vt -0.845501006 0.77828598
vt -0.85333401 0.78113699
vt -0.854170024 0.776395977
vt -0.85333401 0.78113699
vt -0.860834002 0.776395977
vt -0.860834002 0.776395977
vt -0.85333401 0.78113699
vt -0.861670017 0.78113699
vt -0.860834002 0.776395977
vt -0.861670017 0.78113699
vt -0.867096007 0.774116993
vt -0.867096007 0.774116993
vt -0.861670017 0.78113699
vt -0.869503021 0.77828598
vt -0.867096007 0.774116993
vt -0.869503021 0.77828598
vt -0.872201025 0.769833028
vt -0.872201025 0.769833028
vt -0.869503021 0.77828598
vt -0.875889003 0.772927999
vt -0.872201025 0.769833028
vt -0.875889003 0.772927999
vt -0.875532985 0.764061987
vt -0.875532985 0.764061987
vt -0.875889003 0.772927999
vt -0.880056977 0.765708029
vt -0.875532985 0.764061987
vt -0.880056977 0.765708029
vt -0.87668997 0.75749898
vt -0.87668997 0.75749898
vt -0.880056977 0.765708029
vt -0.881503999 0.75749898
vt -0.87668997 0.75749898
vt -0.881503999 0.75749898
vt -0.875532985 0.750935972
vt -0.875532985 0.750935972
vt -0.881503999 0.75749898
vt -0.880056977 0.749289989
vt -0.875532985 0.750935972
vt -0.880056977 0.749289989
vt -0.872201025 0.74516499
vt -0.872201025 0.74516499
vt -0.880056977 0.749289989
vt -0.875889003 0.742070019
vt -0.872201025 0.74516499
vt -0.875889003 0.742070019
vt -0.867096007 0.740881026
vt -0.867096007 0.740881026
vt -0.875889003 0.742070019
vt -0.869503021 0.736711979
vt -0.867096007 0.740881026
vt -0.869503021 0.736711979
vt -0.860834002 0.738601983
vt -0.860834002 0.738601983
vt -0.869503021 0.736711979
vt -0.861670017 0.733861029
vt -0.857501984 0.0500000007
vt -0.860107005 0.0500000007
vt -0.860107005 0.0293649994
vt -0.860107005 0.0293649994
vt -0.860107005 0.0500000007
vt -0.865001976 0.0500000007
vt -0.860107005 0.0293649994
vt -0.865001976 0.0500000007
vt -0.865001976 0.0293649994
vt -0.865001976 0.0293649994
vt -0.865001976 0.0500000007
vt -0.868992984 0.0500000007
vt -0.865001976 0.0293649994
vt -0.868992984 0.0500000007
vt -0.868992984 0.0293649994
vt 0.0293649994 0.0978569984
vt 0.0500000007 0.0978569984
vt 0.0500000007 0.102369003
vt 0.0293649994 0.0978569984
vt 0.0500000007 0.102369003
vt 0.0293649994 0.102369003
vt 0.0293649994 0.102369003
vt 0.0500000007 0.102369003
vt 0.0500000007 0.107499003
vt 0.0293649994 0.102369003
vt 0.0500000007 0.107499003
vt 0.0293649994 0.107499003
vt 0.0293649994 0.107499003
vt 0.0500000007 0.112628996
vt 0.0293649994 0.112628996
vt 0.0293649994 0.112628996
vt 0.0500000007 0.112628996
vt 0.0500000007 0.117141001
vt 0.0293649994 0.112628996
vt 0.0500000007 0.117141001
vt 0.0293649994 0.117141001
vt 0.378993005 0.0293649994
vt 0.378993005 0.0500000007
vt 0.375001997 0.0500000007
vt 0.378993005 0.0293649994
vt 0.375001997 0.0500000007
vt 0.375001997 0.0293649994
vt 0.375001997 0.0293649994
vt 0.375001997 0.0500000007
vt 0.370106995 0.0500000007
vt 0.375001997 0.0293649994
vt 0.370106995 0.0500000007
vt 0.370106995 0.0293649994
vt 0.370106995 0.0293649994
vt 0.370106995 0.0500000007
vt 0.364897013 0.0500000007
vt 0.370106995 0.0293649994
vt 0.364897013 0.0500000007
vt 0.364897013 0.0293649994
vt 0.364897013 0.0293649994
vt 0.364897013 0.0500000007
vt 0.360002011 0.0500000007
vt 0.364897013 0.0293649994
vt 0.360002011 0.0500000007
vt 0.360002011 0.0293649994
vt 0.360002011 0.0293649994
vt 0.360002011 0.0500000007
vt 0.356011003 0.0500000007
vt 0.360002011 0.0293649994
vt 0.356011003 0.0500000007
vt 0.356011003 0.0293649994
vt -0.0293649994 0.117141001
vt -0.0500000007 0.117141001
vt -0.0500000007 0.112628996
vt -0.0293649994 0.117141001
vt -0.0500000007 0.112628996
vt -0.0293649994 0.112628996
vt -0.0293649994 0.112628996
vt -0.0500000007 0.112628996
vt -0.0500000007 0.107499003
vt -0.0293649994 0.112628996
vt -0.0500000007 0.107499003
vt -0.0293649994 0.107499003
vt -0.0293649994 0.107499003
vt -0.0500000007 0.107499003
vt -0.0500000007 0.102369003
vt -0.0293649994 0.107499003
vt -0.0500000007 0.102369003
vt -0.0293649994 0.102369003
vt -0.0293649994 0.102369003
vt -0.0500000007 0.102369003
vt -0.0500000007 0.0978569984
vt -0.0293649994 0.102369003
vt -0.0500000007 0.0978569984
vt -0.0293649994 0.0978569984
vt -0.356011003 0.0293649994
vt -0.356011003 0.0500000007
vt -0.360002011 0.0500000007
vt -0.356011003 0.0293649994
vt -0.360002011 0.0500000007
vt -0.360002011 0.0293649994
vt -0.360002011 0.0293649994
vt -0.360002011 0.0500000007
vt -0.364897013 0.0500000007
vt -0.360002011 0.0293649994
vt -0.364897013 0.0500000007
vt -0.364897013 0.0293649994
vt -0.364897013 0.0293649994
vt -0.364897013 0.0500000007
vt -0.370106995 0.0500000007
vt -0.364897013 0.0293649994
vt -0.370106995 0.0500000007
vt -0.370106995 0.0293649994
vt -0.370106995 0.0293649994
vt -0.370106995 0.0500000007
vt -0.375001997 0.0500000007
vt -0.370106995 0.0293649994
vt -0.375001997 0.0500000007
vt -0.375001997 0.0293649994
vt -0.375001997 0.0293649994
vt -0.375001997 0.0500000007
vt -0.378993005 0.0500000007
vt -0.375001997 0.0293649994
vt -0.378993005 0.0500000007
vt -0.378993005 0.0293649994
vt 0.0293649994 0.0978569984
vt 0.0500000007 0.0978569984
vt 0.0500000007 0.102369003
vt 0.0293649994 0.0978569984
vt 0.0500000007 0.102369003
vt 0.0293649994 0.102369003
vt 0.0293649994 0.102369003
vt 0.0500000007 0.102369003
vt 0.0500000007 0.107499003
vt 0.872502029 0.75749898
vt 0.871596992 0.752368987
vt 0.882502019 0.732499003
vt 0.882502019 0.732499003
vt 0.871596992 0.752368987
vt 0.868992984 0.747856975
vt -0.0500000007 0.732499003
vt -0.0500000007 0.747856975
vt -0.0500000007 0.732499003
vt 0.882502019 0.732499003
vt 0.868992984 0.747856975
vt 0.865001976 0.744508982
vt -0.0500000007 0.732499003
vt -0.0500000007 0.744508982
vt -0.0500000007 0.732499003
vt 0.882502019 0.732499003
vt 0.865001976 0.744508982
vt 0.860107005 0.742726982
vt 0.882502019 0.732499003
vt 0.860107005 0.742726982
vt 0.857501984 0.742498994
vt 0.847498 1.44000006
vt 0.847498 1.73000002
vt -0.312501997 1.44000006
vt -0.312501997 1.44000006
vt 0.847498 1.73000002
vt -0.312501997 1.73000002
vt -0.119999997 0.132498994
vt -0.119999997 0.0824989974
vt -0.110729001 0.132498994
vt -0.110729001 0.132498994
vt -0.119999997 0.0824989974
vt -0.110729001 0.0824989974
vt -0.110729001 0.132498994
vt -0.110729001 0.0824989974
vt -0.102366 0.132498994
vt -0.102366 0.132498994
vt -0.110729001 0.0824989974
vt -0.102366 0.0824989974
vt -0.102366 0.132498994
vt -0.102366 0.0824989974
vt -0.0957290009 0.132498994
vt -0.0957290009 0.132498994
vt -0.102366 0.0824989974
vt -0.0957290009 0.0824989974
vt -0.420134991 0.132498994
vt -0.420134991 0.0824989974
vt -0.411772013 0.132498994
vt -0.411772013 0.132498994
vt -0.420134991 0.0824989974
vt -0.411772013 0.0824989974
vt -0.411772013 0.132498994
vt -0.411772013 0.0824989974
vt -0.402502 0.132498994
vt -0.402502 0.132498994
vt -0.411772013 0.0824989974
vt -0.402502 0.0824989974
vt -1.01999998 1.09749901
vt -0.899999976 1.09749901
vt -1.01999998 1.71749902
vt -1.01999998 1.71749902
vt -0.899999976 1.09749901
vt -0.899999976 1.71749902
vt 0.899999976 1.09749901
vt 1.01999998 1.09749901
vt 0.899999976 1.71749902
vt 0.899999976 1.71749902
vt 1.01999998 1.09749901
vt 1.01999998 1.71749902
vt 0.847498 0.899999976
vt 0.847498 1.01999998
vt -0.312501997 0.899999976
vt -0.312501997 0.899999976
vt 0.847498 1.01999998
vt -0.312501997 1.01999998
vt -0.847498 1.09749901
vt 0.312501997 1.09749901
vt -0.847498 1.71749902
vt -0.847498 1.71749902
vt 0.312501997 1.09749901
vt 0.312501997 1.71749902
vt -1.73000002 1.09749901
vt -1.44000006 1.09749901
vt -1.73000002 1.71749902
vt -1.73000002 1.71749902
vt -1.44000006 1.09749901
vt -1.44000006 1.71749902
vt 0.312501997 1.71749902
vt -0.847498 1.71749902
vt 0.312501997 1.09749901
vt 0.312501997 1.09749901
vt -0.847498 1.71749902
vt -0.847498 1.09749901
vt -0.312501997 1.09749901
vt 0.847498 1.09749901
vt -0.312501997 1.71749902
vt -0.312501997 1.71749902
vt 0.847498 1.09749901
vt 0.847498 1.71749902
vt -0.0257559996 0.876774013
vt -0.0279259998 0.880533993
vt -0.0375019982 0.872498989
vt -0.0375019982 0.872498989
vt -0.0279259998 0.880533993
vt -0.0312520005 0.883324027
vt -2.06200004 0.872498989
vt -2.06200004 0.883324027
vt -2.06200004 0.872498989
vt -0.0375019982 0.872498989
vt -0.0312520005 0.883324027
vt -0.0353309996 0.884809017
vt -2.06200004 0.872498989
vt -2.06200004 0.884809017
vt -2.06200004 0.872498989
vt -0.0375019982 0.872498989
vt -0.0353309996 0.884809017
vt -0.0396719985 0.884809017
vt -2.06200004 0.872498989
vt -2.06200004 0.884809017
vt -2.06200004 0.872498989
vt -0.0375019982 0.872498989
vt -0.0396719985 0.884809017
vt -0.0437519997 0.883324027
vt -2.06200004 0.872498989
vt -2.06200004 0.883324027
vt -2.06200004 0.872498989
vt -0.0375019982 0.872498989
vt -0.0437519997 0.883324027
vt -0.0470770001 0.880533993
vt -2.06200004 0.872498989
vt -2.06200004 0.880533993
vt -2.06200004 0.872498989
vt -0.0375019982 0.872498989
vt -0.0470770001 0.880533993
vt -0.0492479987 0.876774013
vt -2.06200004 0.872498989
vt -2.06200004 0.876774013
vt -2.06200004 0.872498989
vt -0.0375019982 0.872498989
vt -0.0492479987 0.876774013
vt -0.0500020012 0.872498989
vt -2.06200004 0.872498989
vt -2.06200004 0.872498989
vt -2.06200004 0.872498989
vt -0.0375019982 0.872498989
vt -0.0500020012 0.872498989
vt -0.0492479987 0.868224025
vt -2.06200004 0.872498989
vt -2.06200004 0.868224025
vt -2.06200004 0.872498989
vt -0.0375019982 0.872498989
vt -0.0492479987 0.868224025
vt -0.0470770001 0.864463985
vt -2.06200004 0.872498989
vt -2.06200004 0.864463985
vt -2.06200004 0.872498989
vt -0.0375019982 0.872498989
vt -0.0470770001 0.864463985
vt -0.0437519997 0.861674011
vt -2.06200004 0.872498989
vt -2.06200004 0.861674011
vt -2.06200004 0.872498989
vt -0.0375019982 0.872498989
vt -0.0437519997 0.861674011
vt -0.0396719985 0.860189021
vt -2.06200004 0.872498989
vt -2.06200004 0.860189021
vt -2.06200004 0.872498989
vt -0.0375019982 0.872498989
vt -0.0396719985 0.860189021
vt -0.0353309996 0.860189021
vt -2.06200004 0.872498989
vt -2.06200004 0.860189021
vt -2.06200004 0.872498989
vt -0.0375019982 0.872498989
vt -0.0353309996 0.860189021
vt -0.0312520005 0.861674011
vt -2.06200004 0.872498989
vt -2.06200004 0.861674011
vt -2.06200004 0.872498989
vt -0.0375019982 0.872498989
vt -0.0312520005 0.861674011
vt -0.0279259998 0.864463985
vt -2.06200004 0.872498989
vt -2.06200004 0.864463985
vt -2.06200004 0.872498989
vt -0.0375019982 0.872498989
vt -0.0279259998 0.864463985
vt -0.0257559996 0.868224025
vt -2.06200004 0.872498989
vt -2.06200004 0.868224025
vt -2.06200004 0.872498989
vt -0.0375019982 0.872498989
vt -0.0257559996 0.868224025
vt -0.0250020009 0.872498989
vt -0.0375019982 0.872498989
vt -0.0250020009 0.872498989
vt -0.0257559996 0.876774013
vt 0.852292001 0.137042999
vt 0.842501998 0.133479998
vt 0.857501984 0.107499003
vt 0.857501984 0.107499003
vt 0.842501998 0.133479998
vt 0.834520996 0.126782998
vt 0 0.107499003
vt 0 0.126782998
vt 0 0.107499003
vt 0.857501984 0.107499003
vt 0.834520996 0.126782998
vt 0.829311013 0.117760003
vt 0 0.107499003
vt 0 0.117760003
vt 0 0.107499003
vt 0.857501984 0.107499003
vt 0.829311013 0.117760003
vt 0.827502012 0.107499003
vt 0 0.107499003
vt 0 0.107499003
vt 0 0.107499003
vt 0.857501984 0.107499003
vt 0.827502012 0.107499003
vt 0.829311013 0.0972379968
vt 0 0.107499003
vt 0 0.0972379968
vt 0 0.107499003
vt 0.857501984 0.107499003
vt 0.829311013 0.0972379968
vt 0.834520996 0.0882150009
vt 0 0.107499003
vt 0 0.0882150009
vt 0 0.107499003
vt 0.857501984 0.107499003
vt 0.834520996 0.0882150009
vt 0.842501998 0.0815180019
vt 0 0.107499003
vt 0 0.0815180019
vt 0 0.107499003
vt 0.857501984 0.107499003
vt 0.842501998 0.0815180019
vt 0.852292001 0.0779550001
vt 0 0.107499003
vt 0 0.0779550001
vt 0 0.107499003
vt 0.857501984 0.107499003
vt 0.852292001 0.0779550001
vt 0.857501984 0.0774990022
vt 0 0.107499003
vt 0 0.0774990022
vt 0 0.107499003
vt 0.857501984 0.107499003
vt 0.857501984 0.0774990022
vt 0.862711012 0.0779550001
vt 0 0.107499003
vt 0 0.0779550001
vt 0 0.107499003
vt 0.857501984 0.107499003
vt 0.862711012 0.0779550001
vt 0.872502029 0.0815180019
vt 0 0.107499003
vt 0 0.0815180019
vt 0 0.107499003
vt 0.857501984 0.107499003
vt 0.872502029 0.0815180019
vt 0.880482972 0.0882150009
vt 0 0.107499003
vt 0 0.0882150009
vt 0 0.107499003
vt 0.857501984 0.107499003
vt 0.880482972 0.0882150009
vt 0.885693014 0.0972379968
vt 0 0.107499003
vt 0 0.0972379968
vt 0 0.107499003
vt 0.857501984 0.107499003
vt 0.885693014 0.0972379968
vt 0.887502015 0.107499003
vt 0 0.107499003
vt 0 0.107499003
vt 0 0.107499003
vt 0.857501984 0.107499003
vt 0.887502015 0.107499003
vt 0.885693014 0.117760003
vt 0 0.107499003
vt 0 0.117760003
vt 0 0.107499003
vt 0.857501984 0.107499003
vt 0.885693014 0.117760003
vt 0.880482972 0.126782998
vt 0 0.107499003
vt 0 0.126782998
vt 0 0.107499003
vt 0.857501984 0.107499003
vt 0.880482972 0.126782998
vt 0.872502029 0.133479998
vt 0 0.107499003
vt 0 0.133479998
vt 0 0.107499003
vt 0.857501984 0.107499003
vt 0.872502029 0.133479998
vt 0.862711012 0.137042999
vt 0.857501984 0.107499003
vt 0.862711012 0.137042999
vt 0.852292001 0.137042999
vt 0.372711003 0.727954984
vt 0.38250199 0.731517971
vt 0.367502004 0.75749898
vt 0.367502004 0.75749898
vt 0.38250199 0.731517971
vt 0.390482992 0.738215029
vt 0 0.75749898
vt 0 0.738215029
vt 0 0.75749898
vt 0.367502004 0.75749898
vt 0.390482992 0.738215029
vt 0.395693004 0.74723798
vt 0 0.75749898
vt 0 0.74723798
vt 0 0.75749898
vt 0.367502004 0.75749898
vt 0.395693004 0.74723798
vt 0.397502005 0.75749898
vt 0 0.75749898
vt 0 0.75749898
vt 0 0.75749898
vt 0.367502004 0.75749898
vt 0.397502005 0.75749898
vt 0.395693004 0.767759979
vt 0 0.75749898
vt 0 0.767759979
vt 0 0.75749898
vt 0.367502004 0.75749898
vt 0.395693004 0.767759979
vt 0.390482992 0.77678299
vt 0 0.75749898
vt 0 0.77678299
vt 0 0.75749898
vt 0.367502004 0.75749898
vt 0.390482992 0.77678299
vt 0.38250199 0.783479989
vt 0 0.75749898
vt 0 0.783479989
vt 0 0.75749898
vt 0.367502004 0.75749898
vt 0.38250199 0.783479989
vt 0.372711003 0.787042975
vt 0 0.75749898
vt 0 0.787042975
vt 0 0.75749898
vt 0.367502004 0.75749898
vt 0.372711003 0.787042975
vt 0.362291992 0.787042975
vt 0 0.75749898
vt 0 0.787042975
vt 0 0.75749898
vt 0.367502004 0.75749898
vt 0.362291992 0.787042975
vt 0.352501988 0.783479989
vt 0 0.75749898
vt 0 0.783479989
vt 0 0.75749898
vt 0.367502004 0.75749898
vt 0.352501988 0.783479989
vt 0.344520986 0.77678299
vt 0 0.75749898
vt 0 0.77678299
vt 0 0.75749898
vt 0.367502004 0.75749898
vt 0.344520986 0.77678299
vt 0.339311004 0.767759979
vt 0 0.75749898
vt 0 0.767759979
vt 0 0.75749898
vt 0.367502004 0.75749898
vt 0.339311004 0.767759979
vt 0.337502003 0.75749898
vt 0 0.75749898
vt 0 0.75749898
vt 0 0.75749898
vt 0.367502004 0.75749898
vt 0.337502003 0.75749898
vt 0.339311004 0.74723798
vt 0 0.75749898
vt 0 0.74723798
vt 0 0.75749898
vt 0.367502004 0.75749898
vt 0.339311004 0.74723798
vt 0.344520986 0.738215029
vt 0 0.75749898
vt 0 0.738215029
vt 0 0.75749898
vt 0.367502004 0.75749898
vt 0.344520986 0.738215029
vt 0.352501988 0.731517971
vt 0 0.75749898
vt 0 0.731517971
vt 0 0.75749898
vt 0.367502004 0.75749898
vt 0.352501988 0.731517971
vt 0.362291992 0.727954984
vt 0.367502004 0.75749898
vt 0.362291992 0.727954984
vt 0.372711003 0.727954984
vt 0.38250199 0.133479998
vt 0.372711003 0.137042999
vt 0.367502004 0.107499003
vt 0.367502004 0.107499003
vt 0.372711003 0.137042999
vt 0.362291992 0.137042999
vt 0 0.107499003
vt 0 0.137042999
vt 0 0.107499003
vt 0.367502004 0.107499003
vt 0.362291992 0.137042999
vt 0.352501988 0.133479998
vt 0 0.107499003
vt 0 0.133479998
vt 0 0.107499003
vt 0.367502004 0.107499003
vt 0.352501988 0.133479998
vt 0.344520986 0.126782998
vt 0 0.107499003
vt 0 0.126782998
vt 0 0.107499003
vt 0.367502004 0.107499003
vt 0.344520986 0.126782998
vt 0.339311004 0.117760003
vt 0 0.107499003
vt 0 0.117760003
vt 0 0.107499003
vt 0.367502004 0.107499003
vt 0.339311004 0.117760003
vt 0.337502003 0.107499003
vt 0 0.107499003
vt 0 0.107499003
vt 0 0.107499003
vt 0.367502004 0.107499003
vt 0.337502003 0.107499003
vt 0.339311004 0.0972379968
vt 0 0.107499003
vt 0 0.0972379968
vt 0 0.107499003
vt 0.367502004 0.107499003
vt 0.339311004 0.0972379968
vt 0.344520986 0.0882150009
vt 0 0.107499003
vt 0 0.0882150009
vt 0 0.107499003
vt 0.367502004 0.107499003
vt 0.344520986 0.0882150009
vt 0.352501988 0.0815180019
vt 0 0.107499003
vt 0 0.0815180019
vt 0 0.107499003
vt 0.367502004 0.107499003
vt 0.352501988 0.0815180019
vt 0.362291992 0.0779550001
vt 0 0.107499003
vt 0 0.0779550001
vt 0 0.107499003
vt 0.367502004 0.107499003
vt 0.362291992 0.0779550001
vt 0.372711003 0.0779550001
vt 0 0.107499003
vt 0 0.0779550001
vt 0 0.107499003
vt 0.367502004 0.107499003
vt 0.372711003 0.0779550001
vt 0.38250199 0.0815180019
vt 0 0.107499003
vt 0 0.0815180019
vt 0 0.107499003
vt 0.367502004 0.107499003
vt 0.38250199 0.0815180019
vt 0.390482992 0.0882150009
vt 0 0.107499003
vt 0 0.0882150009
vt 0 0.107499003
vt 0.367502004 0.107499003
vt 0.390482992 0.0882150009
vt 0.395693004 0.0972379968
vt 0 0.107499003
vt 0 0.0972379968
vt 0 0.107499003
vt 0.367502004 0.107499003
vt 0.395693004 0.0972379968
vt 0.397502005 0.107499003
vt 0 0.107499003
vt 0 0.107499003
vt 0 0.107499003
vt 0.367502004 0.107499003
vt 0.397502005 0.107499003
vt 0.395693004 0.117760003
vt 0 0.107499003
vt 0 0.117760003
vt 0 0.107499003
vt 0.367502004 0.107499003
vt 0.395693004 0.117760003
vt 0.390482992 0.126782998
vt 0.367502004 0.107499003
vt 0.390482992 0.126782998
vt 0.38250199 0.133479998
vt 0.829311013 0.767759979
vt 0.827502012 0.75749898
vt 0.857501984 0.75749898
vt 0.857501984 0.75749898
vt 0.827502012 0.75749898
vt 0.829311013 0.74723798
vt 0 0.75749898
vt 0 0.74723798
vt 0 0.75749898
vt 0.857501984 0.75749898
vt 0.829311013 0.74723798
vt 0.834520996 0.738215029
vt 0 0.75749898
vt 0 0.738215029
vt 0 0.75749898
vt 0.857501984 0.75749898
vt 0.834520996 0.738215029
vt 0.842501998 0.731517971
vt 0 0.75749898
vt 0 0.731517971
vt 0 0.75749898
vt 0.857501984 0.75749898
vt 0.842501998 0.731517971
vt 0.852292001 0.727954984
vt 0 0.75749898
vt 0 0.727954984
vt 0 0.75749898
vt 0.857501984 0.75749898
vt 0.852292001 0.727954984
vt 0.857501984 0.727499008
vt 0 0.75749898
vt 0 0.727499008
vt 0 0.75749898
vt 0.857501984 0.75749898
vt 0.857501984 0.727499008
vt 0.862711012 0.727954984
vt 0 0.75749898
vt 0 0.727954984
vt 0 0.75749898
vt 0.857501984 0.75749898
vt 0.862711012 0.727954984
vt 0.872502029 0.731517971
vt 0 0.75749898
vt 0 0.731517971
vt 0 0.75749898
vt 0.857501984 0.75749898
vt 0.872502029 0.731517971
vt 0.880482972 0.738215029
vt 0 0.75749898
vt 0 0.738215029
vt 0 0.75749898
vt 0.857501984 0.75749898
vt 0.880482972 0.738215029
vt 0.885693014 0.74723798
vt 0 0.75749898
vt 0 0.74723798
vt 0 0.75749898
vt 0.857501984 0.75749898
vt 0.885693014 0.74723798
vt 0.887502015 0.75749898
vt 0 0.75749898
vt 0 0.75749898
vt 0 0.75749898
vt 0.857501984 0.75749898
vt 0.887502015 0.75749898
vt 0.885693014 0.767759979
vt 0 0.75749898
vt 0 0.767759979
vt 0 0.75749898
vt 0.857501984 0.75749898
vt 0.885693014 0.767759979
vt 0.880482972 0.77678299
vt 0 0.75749898
vt 0 0.77678299
vt 0 0.75749898
vt 0.857501984 0.75749898
vt 0.880482972 0.77678299
vt 0.872502029 0.783479989
vt 0 0.75749898
vt 0 0.783479989
vt 0 0.75749898
vt 0.857501984 0.75749898
vt 0.872502029 0.783479989
vt 0.862711012 0.787042975
vt 0 0.75749898
vt 0 0.787042975
vt 0 0.75749898
vt 0.857501984 0.75749898
vt 0.862711012 0.787042975
vt 0.852292001 0.787042975
vt 0 0.75749898
vt 0 0.787042975
vt 0 0.75749898
vt 0.857501984 0.75749898
vt 0.852292001 0.787042975
vt 0.842501998 0.783479989
vt 0 0.75749898
vt 0 0.783479989
vt 0 0.75749898
vt 0.857501984 0.75749898
vt 0.842501998 0.783479989
vt 0.834520996 0.77678299
vt 0.857501984 0.75749898
vt 0.834520996 0.77678299
vt 0.829311013 0.767759979
vt 0.0250020009 0.872498989
vt 0.0257559996 0.868224025
vt 0.0375019982 0.872498989
vt 0.0375019982 0.872498989
vt 0.0257559996 0.868224025
vt 0.0279259998 0.864463985
vt -1.26199996 0.872498989
vt -1.26199996 0.864463985
vt -1.26199996 0.872498989
vt 0.0375019982 0.872498989
vt 0.0279259998 0.864463985
vt 0.0312520005 0.861674011
vt -1.26199996 0.872498989
vt -1.26199996 0.861674011
vt -1.26199996 0.872498989
vt 0.0375019982 0.872498989
vt 0.0312520005 0.861674011
vt 0.0353309996 0.860189021
vt -1.26199996 0.872498989
vt -1.26199996 0.860189021
vt -1.26199996 0.872498989
vt 0.0375019982 0.872498989
vt 0.0353309996 0.860189021
vt 0.0396719985 0.860189021
vt -1.26199996 0.872498989
vt -1.26199996 0.860189021
vt -1.26199996 0.872498989
vt 0.0375019982 0.872498989
vt 0.0396719985 0.860189021
vt 0.0437519997 0.861674011
vt -1.26199996 0.872498989
vt -1.26199996 0.861674011
vt -1.26199996 0.872498989
vt 0.0375019982 0.872498989
vt 0.0437519997 0.861674011
vt 0.0470770001 0.864463985
vt -1.26199996 0.872498989
vt -1.26199996 0.864463985
vt -1.26199996 0.872498989
vt 0.0375019982 0.872498989
vt 0.0470770001 0.864463985
vt 0.0492479987 0.868224025
vt -1.26199996 0.872498989
vt -1.26199996 0.868224025
vt -1.26199996 0.872498989
vt 0.0375019982 0.872498989
vt 0.0492479987 0.868224025
vt 0.0500020012 0.872498989
vt -1.26199996 0.872498989
vt -1.26199996 0.872498989
vt -1.26199996 0.872498989
vt 0.0375019982 0.872498989
vt 0.0500020012 0.872498989
vt 0.0492479987 0.876774013
vt -1.26199996 0.872498989
vt -1.26199996 0.876774013
vt -1.26199996 0.872498989
vt 0.0375019982 0.872498989
vt 0.0492479987 0.876774013
vt 0.0470770001 0.880533993
vt -1.26199996 0.872498989
vt -1.26199996 0.880533993
vt -1.26199996 0.872498989
vt 0.0375019982 0.872498989
vt 0.0470770001 0.880533993
vt 0.0437519997 0.883324027
vt -1.26199996 0.872498989
vt -1.26199996 0.883324027
vt -1.26199996 0.872498989
vt 0.0375019982 0.872498989
vt 0.0437519997 0.883324027
vt 0.0396719985 0.884809017
vt -1.26199996 0.872498989
vt -1.26199996 0.884809017
vt -1.26199996 0.872498989
vt 0.0375019982 0.872498989
vt 0.0396719985 0.884809017
vt 0.0353309996 0.884809017
vt -1.26199996 0.872498989
vt -1.26199996 0.884809017
vt -1.26199996 0.872498989
vt 0.0375019982 0.872498989
vt 0.0353309996 0.884809017
vt 0.0312520005 0.883324027
vt -1.26199996 0.872498989
vt -1.26199996 0.883324027
vt -1.26199996 0.872498989
vt 0.0375019982 0.872498989
vt 0.0312520005 0.883324027
vt 0.0279259998 0.880533993
vt -1.26199996 0.872498989
vt -1.26199996 0.880533993
vt -1.26199996 0.872498989
vt 0.0375019982 0.872498989
vt 0.0279259998 0.880533993
vt 0.0257559996 0.876774013
vt 0.0375019982 0.872498989
vt 0.0257559996 0.876774013
vt 0.0250020009 0.872498989
vt -2.06200004 0.872498989
vt -1.26199996 0.872498989
vt -1.26199996 0.876774013
vt -2.06200004 0.868224025
vt -1.26199996 0.872498989
vt -2.06200004 0.872498989
vt -2.06200004 0.872498989
vt -1.26199996 0.876774013
vt -2.06200004 0.876774013
vt -2.06200004 0.876774013
vt -1.26199996 0.876774013
vt -1.26199996 0.880533993
vt -2.06200004 0.876774013
vt -1.26199996 0.880533993
vt -2.06200004 0.880533993
vt 0.0279259998 2.06200004
vt 0.0279259998 1.26199996
vt 0.0312520005 1.26199996
vt 0.0279259998 2.06200004
vt 0.0312520005 1.26199996
vt 0.0312520005 2.06200004
vt 0.0312520005 2.06200004
vt 0.0312520005 1.26199996
vt 0.0353309996 1.26199996
vt 0.0312520005 2.06200004
vt 0.0353309996 1.26199996
vt 0.0353309996 2.06200004
vt 0.0353309996 2.06200004
vt 0.0353309996 1.26199996
vt 0.0396719985 1.26199996
vt 0.0353309996 2.06200004
vt 0.0396719985 1.26199996
vt 0.0396719985 2.06200004
vt 0.0396719985 2.06200004
vt 0.0396719985 1.26199996
vt 0.0437519997 1.26199996
vt 0.0396719985 2.06200004
vt 0.0437519997 1.26199996
vt 0.0437519997 2.06200004
vt 0.0437519997 2.06200004
vt 0.0437519997 1.26199996
vt 0.0470770001 1.26199996
vt 0.0437519997 2.06200004
vt 0.0470770001 1.26199996
vt 0.0470770001 2.06200004
vt 2.06200004 0.880533993
vt 1.26199996 0.880533993
vt 1.26199996 0.876774013
vt 2.06200004 0.880533993
vt 1.26199996 0.876774013
vt 2.06200004 0.876774013
vt 2.06200004 0.876774013
vt 1.26199996 0.876774013
vt 1.26199996 0.872498989
vt 2.06200004 0.876774013
vt 1.26199996 0.872498989
vt 2.06200004 0.872498989
vt 2.06200004 0.872498989
vt 1.26199996 0.872498989
vt 1.26199996 0.868224025
vt 2.06200004 0.872498989
vt 1.26199996 0.868224025
vt 2.06200004 0.868224025
vt 2.06200004 0.868224025
vt 1.26199996 0.868224025
vt 1.26199996 0.864463985
vt 2.06200004 0.868224025
vt 1.26199996 0.864463985
vt 2.06200004 0.864463985
vt -0.0470770001 2.06200004
vt -0.0470770001 1.26199996
vt -0.0437519997 1.26199996
vt -0.0470770001 2.06200004
vt -0.0437519997 1.26199996
vt -0.0437519997 2.06200004
vt -0.0437519997 2.06200004
vt -0.0437519997 1.26199996
vt -0.0396719985 1.26199996
vt -0.0437519997 2.06200004
vt -0.0396719985 1.26199996
vt -0.0396719985 2.06200004
vt -0.0396719985 2.06200004
vt -0.0396719985 1.26199996
vt -0.0353309996 1.26199996
vt -0.0396719985 2.06200004
vt -0.0353309996 1.26199996
vt -0.0353309996 2.06200004
vt -0.0353309996 2.06200004
vt -0.0353309996 1.26199996
vt -0.0312520005 1.26199996
vt -0.0353309996 2.06200004
vt -0.0312520005 1.26199996
vt -0.0312520005 2.06200004
vt -0.0312520005 2.06200004
vt -0.0312520005 1.26199996
vt -0.0279259998 1.26199996
vt -0.0312520005 2.06200004
vt -0.0279259998 1.26199996
vt -0.0279259998 2.06200004
vt -2.06200004 0.864463985
vt -1.26199996 0.864463985
vt -1.26199996 0.868224025
vt -2.06200004 0.864463985
vt -1.26199996 0.868224025
vt -2.06200004 0.868224025
vt -2.06200004 0.868224025
vt -1.26199996 0.868224025
vt -1.26199996 0.872498989
f 1/1 2/2 3/3
f 4/4 5/5 6/6
f 7/7 8/8 9/9
f 10/10 11/11 12/12
f 13/13 14/14 15/15
f 16/16 17/17 18/18
f 8/19 19/20 20/21
f 21/22 22/23 23/24
f 19/25 24/26 25/27
f 26/28 27/29 28/30
f 27/31 29/32 30/33
f 31/34 18/35 32/36
f 33/37 34/38 35/39
f 36/40 1/41 3/42
f 37/43 31/44 32/45
f 38/46 16/47 39/48
f 40/49 41/50 1/51
f 42/52 43/53 6/54
f 44/55 23/56 45/57
f 43/58 46/59 6/60
f 47/61 32/62 4/63
f 48/64 49/65 50/66
f 51/67 7/68 9/69
f 52/70 19/71 25/72
f 53/73 54/74 55/75
f 25/76 24/77 56/78
f 57/79 58/80 59/81
f 6/82 60/83 14/84
f 61/85 62/86 63/87
f 14/88 63/89 49/90
f 64/91 33/92 35/93
f 36/94 3/95 65/96
f 65/97 3/98 66/99
f 37/100 67/101 31/102
f 39/103 16/104 18/105
f 68/106 44/107 45/108
f 42/109 6/110 14/111
f 32/112 69/113 4/114
f 16/115 3/116 70/117
f 71/118 47/119 4/120
f 67/121 9/122 31/123
f 72/124 49/125 48/126
f 54/127 73/128 51/129
f 50/130 49/131 29/132
f 7/133 74/134 8/135
f 50/136 32/137 23/138
f 18/139 23/140 32/141
f 75/142 53/143 76/144
f 77/145 10/146 12/147
f 23/148 78/149 45/150
f 79/151 52/152 9/153
f 80/154 81/155 82/156
f 45/157 83/158 1/159
f 84/160 85/161 83/162
f 22/163 21/164 54/165
f 81/166 86/167 82/168
f 28/169 27/170 87/171
f 31/172 88/173 18/174
f 89/175 67/176 76/177
f 21/178 23/179 90/180
f 22/181 50/182 23/183
f 91/184 37/185 32/186
f 92/187 29/188 93/189
f 22/190 94/191 50/192
f 95/193 96/194 97/195
f 97/196 96/197 98/198
f 76/199 67/200 99/201
f 99/202 67/203 37/204
f 48/205 50/206 100/207
f 100/208 50/209 50/210
f 100/211 50/212 101/213
f 101/214 50/215 50/216
f 101/217 50/218 102/219
f 102/220 50/221 94/222
f 91/223 32/224 103/225
f 103/226 32/227 32/228
f 103/229 32/230 104/231
f 104/232 32/233 32/234
f 104/235 32/236 105/237
f 105/238 32/239 47/240
f 106/241 107/242 108/243
f 108/244 107/245 109/246
f 108/247 109/248 110/249
f 110/250 109/251 111/252
f 110/253 111/254 112/255
f 112/256 111/257 113/258
f 112/259 113/260 114/261
f 114/262 113/263 115/264
f 114/265 115/266 116/267
f 116/268 115/269 117/270
f 116/271 117/272 118/273
f 118/274 117/275 119/276
f 118/277 119/278 120/279
f 120/280 119/281 121/282
f 120/283 121/284 122/285
f 122/286 121/287 123/288
f 122/289 123/290 124/291
f 124/292 123/293 125/294
f 124/295 125/296 126/297
f 126/298 125/299 127/300
f 126/301 127/302 128/303
f 128/304 127/305 129/306
f 128/307 129/308 130/309
f 130/310 129/311 131/312
f 130/313 131/314 132/315
f 132/316 131/317 133/318
f 132/319 133/320 134/321
f 134/322 133/323 135/324
f 134/325 135/326 136/327
f 136/328 135/329 137/330
f 136/331 137/332 138/333
f 138/334 137/335 139/336
f 138/337 139/338 140/339
f 140/340 139/341 141/342
f 140/343 141/344 142/345
f 142/346 141/347 106/348
f 143/349 144/350 107/351
f 107/352 144/353 144/354
f 107/355 144/356 109/357
f 109/358 144/359 145/360
f 109/361 145/362 111/363
f 111/364 145/365 146/366
f 111/367 146/368 113/369
f 113/370 146/371 147/372
f 113/373 147/374 115/375
f 115/376 147/377 148/378
f 115/379 148/380 117/381
f 117/382 148/383 149/384
f 117/385 149/386 119/387
f 119/388 149/389 150/390
f 119/391 150/392 121/393
f 121/394 150/395 151/396
f 121/397 151/398 123/399
f 123/400 151/401 152/402
f 123/403 152/404 125/405
f 125/406 152/407 153/408
f 125/409 153/410 127/411
f 127/412 153/413 154/414
f 127/415 154/416 129/417
f 129/418 154/419 155/420
f 129/421 155/422 131/423
f 131/424 155/425 156/426
f 131/427 156/428 133/429
f 133/430 156/431 157/432
f 133/433 157/434 135/435
f 135/436 157/437 158/438
f 135/439 158/440 137/441
f 137/442 158/443 159/444
f 137/445 159/446 139/447
f 139/448 159/449 160/450
f 139/451 160/452 141/453
f 141/454 160/455 161/456
f 141/457 161/458 143/459
f 44/460 162/461 23/462
f 23/463 162/464 163/465
f 23/466 163/467 23/468
f 23/469 163/470 164/471
f 23/472 164/473 90/474
f 62/475 165/476 166/477
f 166/478 165/479 167/480
f 166/481 167/482 168/483
f 168/484 167/485 169/486
f 168/487 169/488 170/489
f 170/490 169/491 171/492
f 170/493 171/494 93/495
f 93/496 171/497 172/498
f 93/499 172/500 92/501
f 92/502 172/503 173/504
f 92/505 173/506 174/507
f 174/508 173/509 175/510
f 174/511 175/512 176/513
f 176/514 175/515 177/516
f 176/517 177/518 178/519
f 178/520 177/521 179/522
f 178/523 179/524 180/525
f 180/526 179/527 181/528
f 180/529 181/530 182/531
f 182/532 181/533 183/534
f 182/535 183/536 184/537
f 184/538 183/539 185/540
f 184/541 185/542 186/543
f 186/544 185/545 187/546
f 186/547 187/548 188/549
f 188/550 187/551 189/552
f 188/553 189/554 190/555
f 190/556 189/557 191/558
f 190/559 191/560 192/561
f 192/562 191/563 193/564
f 192/565 193/566 194/567
f 194/568 193/569 195/570
f 194/571 195/572 196/573
f 196/574 195/575 197/576
f 196/577 197/578 62/579
f 63/580 14/581 61/582
f 61/583 14/584 14/585
f 61/586 14/587 198/588
f 198/589 14/590 14/591
f 198/592 14/593 199/594
f 199/595 14/596 14/597
f 199/598 14/599 200/600
f 200/601 14/602 60/603
f 62/604 61/605 196/606
f 196/607 61/608 198/609
f 196/610 198/611 194/612
f 194/613 198/614 199/615
f 194/616 199/617 192/618
f 192/619 199/620 200/621
f 192/622 200/623 190/624
f 190/625 200/626 60/627
f 190/628 60/629 188/630
f 188/631 60/632 201/633
f 188/634 201/635 186/636
f 186/637 201/638 202/639
f 186/640 202/641 184/642
f 184/643 202/644 203/645
f 184/646 203/647 182/648
f 182/649 203/650 204/651
f 182/652 204/653 180/654
f 180/655 204/656 205/657
f 180/658 205/659 178/660
f 178/661 205/662 206/663
f 178/664 206/665 176/666
f 176/667 206/668 207/669
f 176/670 207/671 174/672
f 174/673 207/674 30/675
f 174/676 30/677 92/678
f 92/679 30/680 29/681
f 60/682 6/683 201/684
f 201/685 6/686 6/687
f 201/688 6/689 202/690
f 202/691 6/692 6/693
f 202/694 6/695 203/696
f 203/697 6/698 208/699
f 203/700 208/701 204/702
f 204/703 208/704 208/705
f 204/706 208/707 205/708
f 205/709 208/710 209/711
f 205/712 209/713 205/714
f 205/715 209/716 210/717
f 205/718 210/719 205/720
f 205/721 210/722 87/723
f 205/724 87/725 206/726
f 206/727 87/728 87/729
f 206/730 87/731 207/732
f 207/733 87/734 87/735
f 207/736 87/737 30/738
f 30/739 87/740 27/741
f 208/742 6/743 211/744
f 211/745 6/746 6/747
f 211/748 6/749 212/750
f 212/751 6/752 6/753
f 212/754 6/755 213/756
f 213/757 6/758 6/759
f 213/760 6/761 214/762
f 214/763 6/764 5/765
f 85/766 215/767 216/768
f 216/769 215/770 217/771
f 216/772 217/773 218/774
f 218/775 217/776 219/777
f 218/778 219/779 220/780
f 220/781 219/782 221/783
f 220/784 221/785 220/786
f 220/787 221/788 222/789
f 220/790 222/791 223/792
f 223/793 222/794 224/795
f 223/796 224/797 225/798
f 225/799 224/800 226/801
f 225/802 226/803 227/804
f 227/805 226/806 228/807
f 227/808 228/809 229/810
f 229/811 228/812 230/813
f 229/814 230/815 231/816
f 221/817 219/818 232/819
f 232/820 219/821 233/822
f 232/823 233/824 234/825
f 234/826 233/827 235/828
f 234/829 235/830 236/831
f 236/832 235/833 237/834
f 236/835 237/836 238/837
f 238/838 237/839 239/840
f 238/841 239/842 240/843
f 240/844 239/845 241/846
f 240/847 241/848 242/849
f 242/850 241/851 243/852
f 242/853 243/854 244/855
f 244/856 243/857 245/858
f 244/859 245/860 246/861
f 246/862 245/863 247/864
f 246/865 247/866 248/867
f 248/868 247/869 249/870
f 248/871 249/872 250/873
f 250/874 249/875 251/876
f 250/877 251/878 252/879
f 252/880 251/881 253/882
f 252/883 253/884 254/885
f 254/886 253/887 255/888
f 254/889 255/890 231/891
f 219/892 217/893 233/894
f 233/895 217/896 256/897
f 233/898 256/899 235/900
f 235/901 256/902 257/903
f 235/904 257/905 237/906
f 237/907 257/908 258/909
f 237/910 258/911 239/912
f 239/913 258/914 259/915
f 239/916 259/917 241/918
f 241/919 259/920 260/921
f 241/922 260/923 243/924
f 243/925 260/926 261/927
f 243/928 261/929 245/930
f 245/931 261/932 262/933
f 245/934 262/935 247/936
f 247/937 262/938 263/939
f 247/940 263/941 249/942
f 249/943 263/944 264/945
f 249/946 264/947 251/948
f 251/949 264/950 265/951
f 251/952 265/953 253/954
f 253/955 265/956 266/957
f 253/958 266/959 255/960
f 255/961 266/962 267/963
f 255/964 267/965 229/966
f 229/967 267/968 268/969
f 229/970 268/971 227/972
f 227/973 268/974 269/975
f 227/976 269/977 225/978
f 225/979 269/980 270/981
f 225/982 270/983 223/984
f 223/985 270/986 271/987
f 223/988 271/989 220/990
f 220/991 271/992 271/993
f 220/994 271/995 218/996
f 218/997 271/998 272/999
f 218/1000 272/1001 216/1002
f 216/1003 272/1004 273/1005
f 216/1006 273/1007 85/1008
f 231/1009 255/1010 229/1011
f 273/1012 272/1013 274/1014
f 274/1015 272/1016 275/1017
f 274/1018 275/1019 276/1020
f 276/1021 275/1022 277/1023
f 276/1024 277/1025 58/1026
f 58/1027 277/1028 278/1029
f 58/1030 278/1031 59/1032
f 59/1033 278/1034 279/1035
f 59/1036 279/1037 280/1038
f 280/1039 279/1040 281/1041
f 280/1042 281/1043 282/1044
f 282/1045 281/1046 283/1047
f 282/1048 283/1049 284/1050
f 284/1051 283/1052 285/1053
f 284/1054 285/1055 286/1056
f 286/1057 285/1058 287/1059
f 286/1060 287/1061 288/1062
f 288/1063 287/1064 289/1065
f 288/1066 289/1067 290/1068
f 290/1069 289/1070 291/1071
f 290/1072 291/1073 292/1074
f 292/1075 291/1076 293/1077
f 292/1078 293/1079 294/1080
f 294/1081 293/1082 295/1083
f 294/1084 295/1085 296/1086
f 296/1087 295/1088 297/1089
f 296/1090 297/1091 298/1092
f 298/1093 297/1094 299/1095
f 298/1096 299/1097 300/1098
f 300/1099 299/1100 301/1101
f 300/1102 301/1103 302/1104
f 302/1105 301/1106 215/1107
f 302/1108 215/1109 85/1110
f 272/1111 271/1112 275/1113
f 275/1114 271/1115 270/1116
f 275/1117 270/1118 277/1119
f 277/1120 270/1121 269/1122
f 277/1123 269/1124 278/1125
f 278/1126 269/1127 268/1128
f 278/1129 268/1130 279/1131
f 279/1132 268/1133 267/1134
f 279/1135 267/1136 281/1137
f 281/1138 267/1139 266/1140
f 281/1141 266/1142 283/1143
f 283/1144 266/1145 265/1146
f 283/1147 265/1148 285/1149
f 285/1150 265/1151 264/1152
f 285/1153 264/1154 287/1155
f 287/1156 264/1157 263/1158
f 287/1159 263/1160 289/1161
f 289/1162 263/1163 262/1164
f 289/1165 262/1166 291/1167
f 291/1168 262/1169 261/1170
f 291/1171 261/1172 293/1173
f 293/1174 261/1175 260/1176
f 293/1177 260/1178 295/1179
f 295/1180 260/1181 259/1182
f 295/1183 259/1184 297/1185
f 297/1186 259/1187 258/1188
f 297/1189 258/1190 299/1191
f 299/1192 258/1193 257/1194
f 299/1195 257/1196 301/1197
f 301/1198 257/1199 256/1200
f 301/1201 256/1202 215/1203
f 215/1204 256/1205 217/1206
f 89/1207 76/1208 55/1209
f 55/1210 76/1211 53/1212
f 24/1213 21/1214 303/1215
f 303/1216 21/1217 90/1218
f 303/1219 90/1220 304/1221
f 304/1222 90/1223 164/1224
f 304/1225 164/1226 305/1227
f 305/1228 164/1229 163/1230
f 305/1231 163/1232 306/1233
f 306/1234 163/1235 162/1236
f 306/1237 162/1238 40/1239
f 40/1240 162/1241 44/1242
f 40/1243 44/1244 40/1245
f 40/1246 44/1247 68/1248
f 40/1249 68/1250 41/1251
f 57/1252 59/1253 2/1254
f 2/1255 59/1256 280/1257
f 2/1258 280/1259 307/1260
f 307/1261 280/1262 282/1263
f 307/1264 282/1265 308/1266
f 308/1267 282/1268 284/1269
f 308/1270 284/1271 309/1272
f 309/1273 284/1274 286/1275
f 309/1276 286/1277 310/1278
f 310/1279 286/1280 288/1281
f 310/1282 288/1283 311/1284
f 311/1285 288/1286 290/1287
f 311/1288 290/1289 312/1290
f 312/1291 290/1292 292/1293
f 312/1294 292/1295 313/1296
f 313/1297 292/1298 294/1299
f 313/1300 294/1301 78/1302
f 78/1303 294/1304 296/1305
f 78/1306 296/1307 314/1308
f 314/1309 296/1310 298/1311
f 314/1312 298/1313 315/1314
f 315/1315 298/1316 300/1317
f 315/1318 300/1319 316/1320
f 316/1321 300/1322 302/1323
f 316/1324 302/1325 84/1326
f 84/1327 302/1328 85/1329
f 31/1330 9/1331 25/1332
f 25/1333 9/1334 52/1335
f 28/1336 317/1337 318/1338
f 318/1339 317/1340 319/1341
f 318/1342 319/1343 320/1344
f 320/1345 319/1346 321/1347
f 320/1348 321/1349 322/1350
f 322/1351 321/1352 323/1353
f 322/1354 323/1355 324/1356
f 324/1357 323/1358 323/1359
f 324/1360 323/1361 325/1362
f 325/1363 323/1364 326/1365
f 325/1366 326/1367 327/1368
f 327/1369 326/1370 328/1371
f 327/1372 328/1373 329/1374
f 329/1375 328/1376 330/1377
f 329/1378 330/1379 331/1380
f 331/1381 330/1382 332/1383
f 331/1384 332/1385 333/1386
f 333/1387 332/1388 334/1389
f 333/1390 334/1391 335/1392
f 335/1393 334/1394 336/1395
f 335/1396 336/1397 337/1398
f 337/1399 336/1400 338/1401
f 337/1402 338/1403 339/1404
f 339/1405 338/1406 340/1407
f 339/1408 340/1409 341/1410
f 341/1411 340/1412 342/1413
f 341/1414 342/1415 343/1416
f 343/1417 342/1418 344/1419
f 343/1420 344/1421 345/1422
f 345/1423 344/1424 346/1425
f 345/1426 346/1427 347/1428
f 347/1429 346/1430 348/1431
f 347/1432 348/1433 349/1434
f 349/1435 348/1436 350/1437
f 349/1438 350/1439 10/1440
f 324/1441 351/1442 322/1443
f 322/1444 351/1445 352/1446
f 322/1447 352/1448 320/1449
f 320/1450 352/1451 353/1452
f 320/1453 353/1454 318/1455
f 318/1456 353/1457 354/1458
f 318/1459 354/1460 28/1461
f 351/1462 355/1463 352/1464
f 352/1465 355/1466 356/1467
f 352/1468 356/1469 353/1470
f 353/1471 356/1472 357/1473
f 353/1474 357/1475 354/1476
f 354/1477 357/1478 358/1479
f 354/1480 358/1481 26/1482
f 26/1483 358/1484 358/1485
f 26/1486 358/1487 359/1488
f 359/1489 358/1490 360/1491
f 359/1492 360/1493 361/1494
f 361/1495 360/1496 362/1497
f 361/1498 362/1499 363/1500
f 363/1501 362/1502 364/1503
f 363/1504 364/1505 365/1506
f 365/1507 364/1508 366/1509
f 365/1510 366/1511 367/1512
f 367/1513 366/1514 368/1515
f 367/1516 368/1517 369/1518
f 369/1519 368/1520 370/1521
f 369/1522 370/1523 371/1524
f 371/1525 370/1526 372/1527
f 371/1528 372/1529 373/1530
f 373/1531 372/1532 374/1533
f 373/1534 374/1535 375/1536
f 375/1537 374/1538 376/1539
f 375/1540 376/1541 377/1542
f 377/1543 376/1544 378/1545
f 377/1546 378/1547 379/1548
f 379/1549 378/1550 380/1551
f 379/1552 380/1553 381/1554
f 381/1555 380/1556 382/1557
f 381/1558 382/1559 383/1560
f 383/1561 382/1562 384/1563
f 383/1564 384/1565 385/1566
f 385/1567 384/1568 386/1569
f 385/1570 386/1571 387/1572
f 387/1573 386/1574 319/1575
f 387/1576 319/1577 317/1578
f 354/1579 26/1580 28/1581
f 319/1582 386/1583 321/1584
f 321/1585 386/1586 388/1587
f 321/1588 388/1589 323/1590
f 323/1591 388/1592 388/1593
f 323/1594 388/1595 326/1596
f 326/1597 388/1598 389/1599
f 326/1600 389/1601 328/1602
f 328/1603 389/1604 390/1605
f 328/1606 390/1607 330/1608
f 330/1609 390/1610 391/1611
f 330/1612 391/1613 332/1614
f 332/1615 391/1616 392/1617
f 332/1618 392/1619 334/1620
f 334/1621 392/1622 393/1623
f 334/1624 393/1625 336/1626
f 336/1627 393/1628 394/1629
f 336/1630 394/1631 338/1632
f 338/1633 394/1634 395/1635
f 338/1636 395/1637 340/1638
f 340/1639 395/1640 396/1641
f 340/1642 396/1643 342/1644
f 342/1645 396/1646 397/1647
f 342/1648 397/1649 344/1650
f 344/1651 397/1652 398/1653
f 344/1654 398/1655 346/1656
f 346/1657 398/1658 399/1659
f 346/1660 399/1661 348/1662
f 348/1663 399/1664 400/1665
f 348/1666 400/1667 350/1668
f 350/1669 400/1670 401/1671
f 350/1672 401/1673 402/1674
f 402/1675 401/1676 357/1677
f 402/1678 357/1679 402/1680
f 402/1681 357/1682 356/1683
f 402/1684 356/1685 11/1686
f 11/1687 356/1688 355/1689
f 350/1690 402/1691 10/1692
f 10/1693 402/1694 11/1695
f 357/1696 401/1697 358/1698
f 358/1699 401/1700 401/1701
f 358/1702 401/1703 360/1704
f 360/1705 401/1706 400/1707
f 360/1708 400/1709 362/1710
f 362/1711 400/1712 399/1713
f 362/1714 399/1715 364/1716
f 364/1717 399/1718 398/1719
f 364/1720 398/1721 366/1722
f 366/1723 398/1724 397/1725
f 366/1726 397/1727 368/1728
f 368/1729 397/1730 396/1731
f 368/1732 396/1733 370/1734
f 370/1735 396/1736 395/1737
f 370/1738 395/1739 372/1740
f 372/1741 395/1742 394/1743
f 372/1744 394/1745 374/1746
f 374/1747 394/1748 393/1749
f 374/1750 393/1751 376/1752
f 376/1753 393/1754 392/1755
f 376/1756 392/1757 378/1758
f 378/1759 392/1760 391/1761
f 378/1762 391/1763 380/1764
f 380/1765 391/1766 390/1767
f 380/1768 390/1769 382/1770
f 382/1771 390/1772 389/1773
f 382/1774 389/1775 384/1776
f 384/1777 389/1778 388/1779
f 384/1780 388/1781 386/1782
f 81/1783 403/1784 404/1785
f 404/1786 403/1787 405/1788
f 404/1789 405/1790 406/1791
f 406/1792 405/1793 407/1794
f 406/1795 407/1796 408/1797
f 408/1798 407/1799 64/1800
f 408/1801 64/1802 35/1803
f 64/1804 407/1805 409/1806
f 409/1807 407/1808 410/1809
f 409/1810 410/1811 411/1812
f 411/1813 410/1814 412/1815
f 411/1816 412/1817 413/1818
f 413/1819 412/1820 414/1821
f 413/1822 414/1823 415/1824
f 415/1825 414/1826 416/1827
f 415/1828 416/1829 417/1830
f 417/1831 416/1832 418/1833
f 417/1834 418/1835 419/1836
f 419/1837 418/1838 420/1839
f 419/1840 420/1841 421/1842
f 421/1843 420/1844 422/1845
f 421/1846 422/1847 423/1848
f 423/1849 422/1850 424/1851
f 423/1852 424/1853 425/1854
f 425/1855 424/1856 426/1857
f 425/1858 426/1859 427/1860
f 427/1861 426/1862 428/1863
f 427/1864 428/1865 429/1866
f 429/1867 428/1868 430/1869
f 429/1870 430/1871 431/1872
f 431/1873 430/1874 432/1875
f 431/1876 432/1877 433/1878
f 433/1879 432/1880 434/1881
f 433/1882 434/1883 435/1884
f 435/1885 434/1886 436/1887
f 435/1888 436/1889 437/1890
f 437/1891 436/1892 438/1893
f 437/1894 438/1895 439/1896
f 439/1897 438/1898 440/1899
f 439/1900 440/1901 35/1902
f 407/1903 405/1904 410/1905
f 410/1906 405/1907 441/1908
f 410/1909 441/1910 412/1911
f 412/1912 441/1913 442/1914
f 412/1915 442/1916 414/1917
f 414/1918 442/1919 443/1920
f 414/1921 443/1922 416/1923
f 416/1924 443/1925 444/1926
f 416/1927 444/1928 418/1929
f 418/1930 444/1931 445/1932
f 418/1933 445/1934 420/1935
f 420/1936 445/1937 446/1938
f 420/1939 446/1940 422/1941
f 422/1942 446/1943 447/1944
f 422/1945 447/1946 424/1947
f 424/1948 447/1949 448/1950
f 424/1951 448/1952 426/1953
f 426/1954 448/1955 449/1956
f 426/1957 449/1958 428/1959
f 428/1960 449/1961 450/1962
f 428/1963 450/1964 430/1965
f 430/1966 450/1967 451/1968
f 430/1969 451/1970 432/1971
f 432/1972 451/1973 452/1974
f 432/1975 452/1976 434/1977
f 434/1978 452/1979 453/1980
f 434/1981 453/1982 436/1983
f 436/1984 453/1985 454/1986
f 436/1987 454/1988 438/1989
f 438/1990 454/1991 455/1992
f 438/1993 455/1994 440/1995
f 440/1996 455/1997 456/1998
f 440/1999 456/2000 408/2001
f 408/2002 456/2003 456/2004
f 408/2005 456/2006 406/2007
f 406/2008 456/2009 457/2010
f 406/2011 457/2012 404/2013
f 404/2014 457/2015 86/2016
f 404/2017 86/2018 81/2019
f 408/2020 35/2021 440/2022
f 86/2023 457/2024 458/2025
f 458/2026 457/2027 459/2028
f 458/2029 459/2030 460/2031
f 460/2032 459/2033 461/2034
f 460/2035 461/2036 462/2037
f 462/2038 461/2039 463/2040
f 462/2041 463/2042 464/2043
f 464/2044 463/2045 465/2046
f 464/2047 465/2048 466/2049
f 466/2050 465/2051 467/2052
f 466/2053 467/2054 468/2055
f 468/2056 467/2057 469/2058
f 468/2059 469/2060 470/2061
f 470/2062 469/2063 471/2064
f 470/2065 471/2066 472/2067
f 472/2068 471/2069 473/2070
f 472/2071 473/2072 474/2073
f 474/2074 473/2075 475/2076
f 474/2077 475/2078 476/2079
f 476/2080 475/2081 477/2082
f 476/2083 477/2084 478/2085
f 478/2086 477/2087 479/2088
f 478/2089 479/2090 480/2091
f 480/2092 479/2093 481/2094
f 480/2095 481/2096 482/2097
f 482/2098 481/2099 483/2100
f 482/2101 483/2102 484/2103
f 484/2104 483/2105 485/2106
f 484/2107 485/2108 486/2109
f 486/2110 485/2111 487/2112
f 486/2113 487/2114 488/2115
f 488/2116 487/2117 403/2118
f 488/2119 403/2120 81/2121
f 457/2122 456/2123 459/2124
f 459/2125 456/2126 455/2127
f 459/2128 455/2129 461/2130
f 461/2131 455/2132 454/2133
f 461/2134 454/2135 463/2136
f 463/2137 454/2138 453/2139
f 463/2140 453/2141 465/2142
f 465/2143 453/2144 452/2145
f 465/2146 452/2147 467/2148
f 467/2149 452/2150 451/2151
f 467/2152 451/2153 469/2154
f 469/2155 451/2156 450/2157
f 469/2158 450/2159 471/2160
f 471/2161 450/2162 449/2163
f 471/2164 449/2165 473/2166
f 473/2167 449/2168 448/2169
f 473/2170 448/2171 475/2172
f 475/2173 448/2174 447/2175
f 475/2176 447/2177 477/2178
f 477/2179 447/2180 446/2181
f 477/2182 446/2183 479/2184
f 479/2185 446/2186 445/2187
f 479/2188 445/2189 481/2190
f 481/2191 445/2192 444/2193
f 481/2194 444/2195 483/2196
f 483/2197 444/2198 443/2199
f 483/2200 443/2201 485/2202
f 485/2203 443/2204 442/2205
f 485/2206 442/2207 487/2208
f 487/2209 442/2210 441/2211
f 487/2212 441/2213 403/2214
f 403/2215 441/2216 405/2217
f 489/2218 75/2219 99/2220
f 99/2221 75/2222 76/2223
f 12/2224 11/2225 490/2226
f 490/2227 11/2228 355/2229
f 490/2230 355/2231 491/2232
f 491/2233 355/2234 351/2235
f 491/2236 351/2237 492/2238
f 492/2239 351/2240 324/2241
f 492/2242 324/2243 493/2244
f 493/2245 324/2246 325/2247
f 493/2248 325/2249 494/2250
f 494/2251 325/2252 327/2253
f 494/2254 327/2255 495/2256
f 495/2257 327/2258 329/2259
f 495/2260 329/2261 496/2262
f 496/2263 329/2264 331/2265
f 496/2266 331/2267 497/2268
f 497/2269 331/2270 333/2271
f 497/2272 333/2273 498/2274
f 498/2275 333/2276 335/2277
f 498/2278 335/2279 499/2280
f 499/2281 335/2282 337/2283
f 499/2284 337/2285 500/2286
f 500/2287 337/2288 339/2289
f 500/2290 339/2291 501/2292
f 501/2293 339/2294 341/2295
f 501/2296 341/2297 502/2298
f 502/2299 341/2300 343/2301
f 502/2302 343/2303 503/2304
f 503/2305 343/2306 345/2307
f 503/2308 345/2309 504/2310
f 504/2311 345/2312 347/2313
f 504/2314 347/2315 505/2316
f 505/2317 347/2318 349/2319
f 505/2320 349/2321 77/2322
f 77/2323 349/2324 10/2325
f 79/2326 9/2327 20/2328
f 20/2329 9/2330 8/2331
f 82/2332 506/2333 309/2334
f 309/2335 506/2336 507/2337
f 309/2338 507/2339 309/2340
f 309/2341 507/2342 508/2343
f 309/2344 508/2345 309/2346
f 309/2347 508/2348 509/2349
f 309/2350 509/2351 3/2352
f 3/2353 509/2354 510/2355
f 3/2356 510/2357 3/2358
f 3/2359 510/2360 511/2361
f 3/2362 511/2363 3/2364
f 3/2365 511/2366 512/2367
f 3/2368 512/2369 3/2370
f 3/2371 512/2372 513/2373
f 3/2374 513/2375 70/2376
f 309/2377 3/2378 308/2379
f 308/2380 3/2381 3/2382
f 308/2383 3/2384 307/2385
f 307/2386 3/2387 2/2388
f 19/2389 8/2390 24/2391
f 24/2392 8/2393 21/2394
f 8/2395 74/2396 21/2397
f 21/2398 74/2399 73/2400
f 21/2401 73/2402 54/2403
f 54/2404 51/2405 67/2406
f 67/2407 51/2408 9/2409
f 72/2410 48/2411 15/2412
f 15/2413 48/2414 13/2415
f 5/2416 4/2417 514/2418
f 514/2419 4/2420 4/2421
f 514/2422 4/2423 515/2424
f 515/2425 4/2426 4/2427
f 515/2428 4/2429 516/2430
f 516/2431 4/2432 4/2433
f 516/2434 4/2435 517/2436
f 517/2437 4/2438 69/2439
f 71/2440 4/2441 46/2442
f 46/2443 4/2444 6/2445
f 17/2446 16/2447 518/2448
f 518/2449 16/2450 16/2451
f 518/2452 16/2453 519/2454
f 519/2455 16/2456 16/2457
f 519/2458 16/2459 520/2460
f 520/2461 16/2462 70/2463
f 46/2464 43/2465 71/2466
f 71/2467 43/2468 47/2469
f 27/2470 26/2471 521/2472
f 521/2473 26/2474 359/2475
f 521/2476 359/2477 522/2478
f 522/2479 359/2480 361/2481
f 522/2482 361/2483 523/2484
f 523/2485 361/2486 363/2487
f 523/2488 363/2489 69/2490
f 69/2491 363/2492 365/2493
f 69/2494 365/2495 517/2496
f 517/2497 365/2498 367/2499
f 517/2500 367/2501 516/2502
f 516/2503 367/2504 369/2505
f 516/2506 369/2507 515/2508
f 515/2509 369/2510 371/2511
f 515/2512 371/2513 514/2514
f 514/2515 371/2516 373/2517
f 514/2518 373/2519 5/2520
f 5/2521 373/2522 375/2523
f 5/2524 375/2525 214/2526
f 214/2527 375/2528 377/2529
f 214/2530 377/2531 213/2532
f 213/2533 377/2534 379/2535
f 213/2536 379/2537 212/2538
f 212/2539 379/2540 381/2541
f 212/2542 381/2543 211/2544
f 211/2545 381/2546 383/2547
f 211/2548 383/2549 208/2550
f 208/2551 383/2552 385/2553
f 208/2554 385/2555 209/2556
f 209/2557 385/2558 387/2559
f 209/2560 387/2561 210/2562
f 210/2563 387/2564 317/2565
f 210/2566 317/2567 87/2568
f 87/2569 317/2570 28/2571
f 27/2572 521/2573 32/2574
f 32/2575 521/2576 522/2577
f 32/2578 522/2579 32/2580
f 32/2581 522/2582 523/2583
f 32/2584 523/2585 69/2586
f 13/2587 524/2588 14/2589
f 14/2590 524/2591 489/2592
f 14/2593 489/2594 14/2595
f 14/2596 489/2597 525/2598
f 14/2599 525/2600 14/2601
f 14/2602 525/2603 526/2604
f 14/2605 526/2606 42/2607
f 524/2608 527/2609 489/2610
f 489/2611 527/2612 528/2613
f 489/2614 528/2615 489/2616
f 489/2617 528/2618 529/2619
f 489/2620 529/2621 75/2622
f 68/2623 45/2624 41/2625
f 41/2626 45/2627 1/2628
f 16/2629 38/2630 3/2631
f 3/2632 38/2633 66/2634
f 231/2635 230/2636 530/2637
f 530/2638 230/2639 228/2640
f 530/2641 228/2642 531/2643
f 531/2644 228/2645 226/2646
f 531/2647 226/2648 532/2649
f 532/2650 226/2651 224/2652
f 532/2653 224/2654 533/2655
f 533/2656 224/2657 222/2658
f 533/2659 222/2660 534/2661
f 534/2662 222/2663 221/2664
f 534/2665 221/2666 535/2667
f 535/2668 221/2669 232/2670
f 535/2671 232/2672 536/2673
f 536/2674 232/2675 234/2676
f 536/2677 234/2678 537/2679
f 537/2680 234/2681 236/2682
f 537/2683 236/2684 538/2685
f 538/2686 236/2687 238/2688
f 538/2689 238/2690 539/2691
f 539/2692 238/2693 240/2694
f 539/2695 240/2696 540/2697
f 540/2698 240/2699 242/2700
f 540/2701 242/2702 541/2703
f 541/2704 242/2705 244/2706
f 541/2707 244/2708 542/2709
f 542/2710 244/2711 246/2712
f 542/2713 246/2714 543/2715
f 543/2716 246/2717 248/2718
f 543/2719 248/2720 544/2721
f 544/2722 248/2723 250/2724
f 544/2725 250/2726 545/2727
f 545/2728 250/2729 252/2730
f 545/2731 252/2732 546/2733
f 546/2734 252/2735 254/2736
f 546/2737 254/2738 547/2739
f 547/2740 254/2741 231/2742
f 39/2743 18/2744 548/2745
f 548/2746 18/2747 18/2748
f 548/2749 18/2750 549/2751
f 549/2752 18/2753 18/2754
f 549/2755 18/2756 550/2757
f 550/2758 18/2759 88/2760
f 35/2761 34/2762 439/2763
f 439/2764 34/2765 551/2766
f 439/2767 551/2768 437/2769
f 437/2770 551/2771 552/2772
f 437/2773 552/2774 435/2775
f 435/2776 552/2777 553/2778
f 435/2779 553/2780 433/2781
f 433/2782 553/2783 554/2784
f 433/2785 554/2786 431/2787
f 431/2788 554/2789 555/2790
f 431/2791 555/2792 429/2793
f 429/2794 555/2795 556/2796
f 429/2797 556/2798 427/2799
f 427/2800 556/2801 557/2802
f 427/2803 557/2804 425/2805
f 425/2806 557/2807 558/2808
f 425/2809 558/2810 423/2811
f 423/2812 558/2813 559/2814
f 423/2815 559/2816 421/2817
f 421/2818 559/2819 560/2820
f 421/2821 560/2822 419/2823
f 419/2824 560/2825 561/2826
f 419/2827 561/2828 417/2829
f 417/2830 561/2831 562/2832
f 417/2833 562/2834 415/2835
f 415/2836 562/2837 563/2838
f 415/2839 563/2840 413/2841
f 413/2842 563/2843 564/2844
f 413/2845 564/2846 411/2847
f 411/2848 564/2849 565/2850
f 411/2851 565/2852 409/2853
f 409/2854 565/2855 566/2856
f 409/2857 566/2858 64/2859
f 64/2860 566/2861 33/2862
f 107/2863 106/2864 143/2865
f 143/2866 106/2867 141/2868
f 99/2869 37/2870 489/2871
f 489/2872 37/2873 91/2874
f 489/2875 91/2876 525/2877
f 525/2878 91/2879 103/2880
f 525/2881 103/2882 526/2883
f 526/2884 103/2885 104/2886
f 526/2887 104/2888 42/2889
f 42/2890 104/2891 105/2892
f 42/2893 105/2894 43/2895
f 43/2896 105/2897 47/2898
f 62/2899 166/2900 63/2901
f 63/2902 166/2903 166/2904
f 63/2905 166/2906 567/2907
f 567/2908 166/2909 168/2910
f 567/2911 168/2912 568/2913
f 568/2914 168/2915 170/2916
f 568/2917 170/2918 569/2919
f 569/2920 170/2921 93/2922
f 569/2923 93/2924 570/2925
f 570/2926 93/2927 29/2928
f 67/2929 89/2930 54/2931
f 54/2932 89/2933 55/2934
f 24/2935 303/2936 56/2937
f 56/2938 303/2939 304/2940
f 56/2941 304/2942 56/2943
f 56/2944 304/2945 305/2946
f 56/2947 305/2948 56/2949
f 56/2950 305/2951 306/2952
f 56/2953 306/2954 1/2955
f 1/2956 306/2957 40/2958
f 56/2959 1/2960 571/2961
f 571/2962 1/2963 1/2964
f 571/2965 1/2966 572/2967
f 572/2968 1/2969 36/2970
f 22/2971 54/2972 75/2973
f 75/2974 54/2975 53/2976
f 83/2977 573/2978 1/2979
f 1/2980 573/2981 574/2982
f 1/2983 574/2984 1/2985
f 1/2986 574/2987 575/2988
f 1/2989 575/2990 1/2991
f 1/2992 575/2993 576/2994
f 1/2995 576/2996 1/2997
f 1/2998 576/2999 57/3000
f 1/3001 57/3002 2/3003
f 82/3004 18/3005 80/3006
f 80/3007 18/3008 18/3009
f 80/3010 18/3011 577/3012
f 577/3013 18/3014 18/3015
f 577/3016 18/3017 578/3018
f 578/3019 18/3020 18/3021
f 578/3022 18/3023 579/3024
f 579/3025 18/3026 17/3027
f 78/3028 314/3029 45/3030
f 45/3031 314/3032 315/3033
f 45/3034 315/3035 45/3036
f 45/3037 315/3038 316/3039
f 45/3040 316/3041 45/3042
f 45/3043 316/3044 84/3045
f 45/3046 84/3047 83/3048
f 20/3049 19/3050 79/3051
f 79/3052 19/3053 52/3054
f 18/3055 82/3056 23/3057
f 23/3058 82/3059 310/3060
f 23/3061 310/3062 23/3063
f 23/3064 310/3065 311/3066
f 23/3067 311/3068 23/3069
f 23/3070 311/3071 312/3072
f 23/3073 312/3074 23/3075
f 23/3076 312/3077 313/3078
f 23/3079 313/3080 78/3081
f 82/3082 309/3083 310/3084
f 15/3085 14/3086 72/3087
f 72/3088 14/3089 49/3090
f 27/3091 32/3092 29/3093
f 29/3094 32/3095 50/3096
f 65/3097 66/3098 39/3099
f 39/3100 66/3101 38/3102
f 530/3103 580/3104 231/3105
f 231/3106 580/3107 547/3108
f 143/3109 161/3110 144/3111
f 144/3112 161/3113 581/3114
f 144/3115 581/3116 582/3117
f 582/3118 581/3119 173/3120
f 582/3121 173/3122 582/3123
f 582/3124 173/3125 172/3126
f 582/3127 172/3128 583/3129
f 583/3130 172/3131 171/3132
f 583/3133 171/3134 584/3135
f 584/3136 171/3137 169/3138
f 584/3139 169/3140 585/3141
f 585/3142 169/3143 167/3144
f 585/3145 167/3146 586/3147
f 586/3148 167/3149 165/3150
f 586/3151 165/3152 587/3153
f 587/3154 165/3155 197/3156
f 587/3157 197/3158 588/3159
f 588/3160 197/3161 195/3162
f 588/3163 195/3164 589/3165
f 589/3166 195/3167 193/3168
f 589/3169 193/3170 590/3171
f 590/3172 193/3173 191/3174
f 590/3175 191/3176 591/3177
f 591/3178 191/3179 189/3180
f 591/3181 189/3182 592/3183
f 592/3184 189/3185 187/3186
f 592/3187 187/3188 593/3189
f 593/3190 187/3191 185/3192
f 593/3193 185/3194 594/3195
f 594/3196 185/3197 183/3198
f 594/3199 183/3200 595/3201
f 595/3202 183/3203 181/3204
f 595/3205 181/3206 596/3207
f 596/3208 181/3209 179/3210
f 596/3211 179/3212 597/3213
f 597/3214 179/3215 177/3216
f 597/3217 177/3218 598/3219
f 598/3220 177/3221 175/3222
f 598/3223 175/3224 581/3225
f 581/3226 175/3227 173/3228
f 62/3229 197/3230 165/3231
f 581/3232 161/3233 598/3234
f 598/3235 161/3236 160/3237
f 598/3238 160/3239 597/3240
f 597/3241 160/3242 159/3243
f 597/3244 159/3245 596/3246
f 596/3247 159/3248 158/3249
f 596/3250 158/3251 595/3252
f 595/3253 158/3254 157/3255
f 595/3256 157/3257 594/3258
f 594/3259 157/3260 156/3261
f 594/3262 156/3263 593/3264
f 593/3265 156/3266 155/3267
f 593/3268 155/3269 592/3270
f 592/3271 155/3272 154/3273
f 592/3274 154/3275 591/3276
f 591/3277 154/3278 153/3279
f 591/3280 153/3281 590/3282
f 590/3283 153/3284 152/3285
f 590/3286 152/3287 589/3288
f 589/3289 152/3290 151/3291
f 589/3292 151/3293 588/3294
f 588/3295 151/3296 150/3297
f 588/3298 150/3299 587/3300
f 587/3301 150/3302 149/3303
f 587/3304 149/3305 586/3306
f 586/3307 149/3308 148/3309
f 586/3310 148/3311 585/3312
f 585/3313 148/3314 147/3315
f 585/3316 147/3317 584/3318
f 584/3319 147/3320 146/3321
f 584/3322 146/3323 583/3324
f 583/3325 146/3326 145/3327
f 583/3328 145/3329 582/3330
f 582/3331 145/3332 144/3333
f 57/3334 576/3335 58/3336
f 58/3337 576/3338 575/3339
f 58/3340 575/3341 276/3342
f 276/3343 575/3344 574/3345
f 276/3346 574/3347 274/3348
f 274/3349 574/3350 573/3351
f 274/3352 573/3353 273/3354
f 273/3355 573/3356 83/3357
f 273/3358 83/3359 85/3360
f 81/3361 80/3362 488/3363
f 488/3364 80/3365 577/3366
f 488/3367 577/3368 486/3369
f 486/3370 577/3371 578/3372
f 486/3373 578/3374 484/3375
f 484/3376 578/3377 579/3378
f 484/3379 579/3380 482/3381
f 482/3382 579/3383 17/3384
f 482/3385 17/3386 480/3387
f 480/3388 17/3389 518/3390
f 480/3391 518/3392 478/3393
f 478/3394 518/3395 519/3396
f 478/3397 519/3398 476/3399
f 476/3400 519/3401 520/3402
f 476/3403 520/3404 474/3405
f 474/3406 520/3407 70/3408
f 474/3409 70/3410 472/3411
f 472/3412 70/3413 513/3414
f 472/3415 513/3416 470/3417
f 470/3418 513/3419 512/3420
f 470/3421 512/3422 468/3423
f 468/3424 512/3425 511/3426
f 468/3427 511/3428 466/3429
f 466/3430 511/3431 510/3432
f 466/3433 510/3434 464/3435
f 464/3436 510/3437 509/3438
f 464/3439 509/3440 462/3441
f 462/3442 509/3443 508/3444
f 462/3445 508/3446 460/3447
f 460/3448 508/3449 507/3450
f 460/3451 507/3452 458/3453
f 458/3454 507/3455 506/3456
f 458/3457 506/3458 86/3459
f 86/3460 506/3461 82/3462
f 63/3463 567/3464 49/3465
f 49/3466 567/3467 568/3468
f 49/3469 568/3470 49/3471
f 49/3472 568/3473 569/3474
f 49/3475 569/3476 49/3477
f 49/3478 569/3479 570/3480
f 49/3481 570/3482 29/3483
f 96/3484 95/3485 599/3486
f 599/3487 95/3488 600/3489
f 31/3490 25/3491 88/3492
f 88/3493 25/3494 56/3495
f 88/3496 56/3497 550/3498
f 550/3499 56/3500 571/3501
f 550/3502 571/3503 549/3504
f 549/3505 571/3506 572/3507
f 549/3508 572/3509 548/3510
f 548/3511 572/3512 36/3513
f 548/3514 36/3515 39/3516
f 39/3517 36/3518 65/3519
f 601/3520 602/3521 603/3522
f 603/3523 602/3524 604/3525
f 605/3526 606/3527 607/3528
f 607/3529 606/3530 608/3531
f 607/3532 608/3533 604/3534
f 604/3535 608/3536 603/3537
f 606/3538 601/3539 608/3540
f 608/3541 601/3542 603/3543
f 609/3544 610/3545 600/3546
f 600/3547 610/3548 599/3549
f 600/3550 95/3551 609/3552
f 609/3553 95/3554 97/3555
f 610/3556 98/3557 599/3558
f 599/3559 98/3560 96/3561
f 611/3562 612/3563 613/3564
f 613/3565 612/3566 614/3567
f 613/3568 614/3569 613/3570
f 613/3571 614/3572 615/3573
f 613/3574 615/3575 613/3576
f 613/3577 615/3578 616/3579
f 613/3580 616/3581 613/3582
f 613/3583 616/3584 617/3585
f 613/3586 617/3587 613/3588
f 613/3589 617/3590 618/3591
f 613/3592 618/3593 613/3594
f 613/3595 618/3596 619/3597
f 613/3598 619/3599 613/3600
f 613/3601 619/3602 620/3603
f 613/3604 620/3605 613/3606
f 613/3607 620/3608 621/3609
f 613/3610 621/3611 613/3612
f 613/3613 621/3614 622/3615
f 613/3616 622/3617 613/3618
f 613/3619 622/3620 623/3621
f 613/3622 623/3623 613/3624
f 613/3625 623/3626 624/3627
f 613/3628 624/3629 613/3630
f 613/3631 624/3632 625/3633
f 613/3634 625/3635 613/3636
f 613/3637 625/3638 626/3639
f 613/3640 626/3641 613/3642
f 613/3643 626/3644 627/3645
f 613/3646 627/3647 613/3648
f 613/3649 627/3650 628/3651
f 613/3652 628/3653 613/3654
f 613/3655 628/3656 629/3657
f 613/3658 629/3659 611/3660
f 539/3661 540/3662 630/3663
f 630/3664 540/3665 541/3666
f 630/3667 541/3668 630/3669
f 630/3670 541/3671 542/3672
f 630/3673 542/3674 630/3675
f 630/3676 542/3677 543/3678
f 630/3679 543/3680 630/3681
f 630/3682 543/3683 544/3684
f 630/3685 544/3686 630/3687
f 630/3688 544/3689 545/3690
f 630/3691 545/3692 630/3693
f 630/3694 545/3695 546/3696
f 630/3697 546/3698 630/3699
f 630/3700 546/3701 547/3702
f 630/3703 547/3704 630/3705
f 630/3706 547/3707 580/3708
f 630/3709 580/3710 630/3711
f 630/3712 580/3713 530/3714
f 630/3715 530/3716 630/3717
f 630/3718 530/3719 531/3720
f 630/3721 531/3722 630/3723
f 630/3724 531/3725 532/3726
f 630/3727 532/3728 630/3729
f 630/3730 532/3731 533/3732
f 630/3733 533/3734 630/3735
f 630/3736 533/3737 534/3738
f 630/3739 534/3740 630/3741
f 630/3742 534/3743 535/3744
f 630/3745 535/3746 630/3747
f 630/3748 535/3749 536/3750
f 630/3751 536/3752 630/3753
f 630/3754 536/3755 537/3756
f 630/3757 537/3758 630/3759
f 630/3760 537/3761 538/3762
f 630/3763 538/3764 539/3765
f 503/3766 504/3767 631/3768
f 631/3769 504/3770 505/3771
f 631/3772 505/3773 631/3774
f 631/3775 505/3776 77/3777
f 631/3778 77/3779 631/3780
f 631/3781 77/3782 12/3783
f 631/3784 12/3785 631/3786
f 631/3787 12/3788 490/3789
f 631/3790 490/3791 631/3792
f 631/3793 490/3794 491/3795
f 631/3796 491/3797 631/3798
f 631/3799 491/3800 492/3801
f 631/3802 492/3803 631/3804
f 631/3805 492/3806 493/3807
f 631/3808 493/3809 631/3810
f 631/3811 493/3812 494/3813
f 631/3814 494/3815 631/3816
f 631/3817 494/3818 495/3819
f 631/3820 495/3821 631/3822
f 631/3823 495/3824 496/3825
f 631/3826 496/3827 631/3828
f 631/3829 496/3830 497/3831
f 631/3832 497/3833 631/3834
f 631/3835 497/3836 498/3837
f 631/3838 498/3839 631/3840
f 631/3841 498/3842 499/3843
f 631/3844 499/3845 631/3846
f 631/3847 499/3848 500/3849
f 631/3850 500/3851 631/3852
f 631/3853 500/3854 501/3855
f 631/3856 501/3857 631/3858
f 631/3859 501/3860 502/3861
f 631/3862 502/3863 503/3864
f 564/3865 563/3866 632/3867
f 632/3868 563/3869 562/3870
f 632/3871 562/3872 632/3873
f 632/3874 562/3875 561/3876
f 632/3877 561/3878 632/3879
f 632/3880 561/3881 560/3882
f 632/3883 560/3884 632/3885
f 632/3886 560/3887 559/3888
f 632/3889 559/3890 632/3891
f 632/3892 559/3893 558/3894
f 632/3895 558/3896 632/3897
f 632/3898 558/3899 557/3900
f 632/3901 557/3902 632/3903
f 632/3904 557/3905 556/3906
f 632/3907 556/3908 632/3909
f 632/3910 556/3911 555/3912
f 632/3913 555/3914 632/3915
f 632/3916 555/3917 554/3918
f 632/3919 554/3920 632/3921
f 632/3922 554/3923 553/3924
f 632/3925 553/3926 632/3927
f 632/3928 553/3929 552/3930
f 632/3931 552/3932 632/3933
f 632/3934 552/3935 551/3936
f 632/3937 551/3938 632/3939
f 632/3940 551/3941 34/3942
f 632/3943 34/3944 632/3945
f 632/3946 34/3947 33/3948
f 632/3949 33/3950 632/3951
f 632/3952 33/3953 566/3954
f 632/3955 566/3956 632/3957
f 632/3958 566/3959 565/3960
f 632/3961 565/3962 564/3963
f 132/3964 134/3965 633/3966
f 633/3967 134/3968 136/3969
f 633/3970 136/3971 633/3972
f 633/3973 136/3974 138/3975
f 633/3976 138/3977 633/3978
f 633/3979 138/3980 140/3981
f 633/3982 140/3983 633/3984
f 633/3985 140/3986 142/3987
f 633/3988 142/3989 633/3990
f 633/3991 142/3992 106/3993
f 633/3994 106/3995 633/3996
f 633/3997 106/3998 108/3999
f 633/4000 108/4001 633/4002
f 633/4003 108/4004 110/4005
f 633/4006 110/4007 633/4008
f 633/4009 110/4010 112/4011
f 633/4012 112/4013 633/4014
f 633/4015 112/4016 114/4017
f 633/4018 114/4019 633/4020
f 633/4021 114/4022 116/4023
f 633/4024 116/4025 633/4026
f 633/4027 116/4028 118/4029
f 633/4030 118/4031 633/4032
f 633/4033 118/4034 120/4035
f 633/4036 120/4037 633/4038
f 633/4039 120/4040 122/4041
f 633/4042 122/4043 633/4044
f 633/4045 122/4046 124/4047
f 633/4048 124/4049 633/4050
f 633/4051 124/4052 126/4053
f 633/4054 126/4055 633/4056
f 633/4057 126/4058 128/4059
f 633/4060 128/4061 633/4062
f 633/4063 128/4064 130/4065
f 633/4066 130/4067 132/4068
f 634/4069 635/4070 636/4071
f 636/4072 635/4073 637/4074
f 636/4075 637/4076 636/4077
f 636/4078 637/4079 638/4080
f 636/4081 638/4082 636/4083
f 636/4084 638/4085 639/4086
f 636/4087 639/4088 636/4089
f 636/4090 639/4091 640/4092
f 636/4093 640/4094 636/4095
f 636/4096 640/4097 641/4098
f 636/4099 641/4100 636/4101
f 636/4102 641/4103 642/4104
f 636/4105 642/4106 636/4107
f 636/4108 642/4109 643/4110
f 636/4111 643/4112 636/4113
f 636/4114 643/4115 644/4116
f 636/4117 644/4118 636/4119
f 636/4120 644/4121 645/4122
f 636/4123 645/4124 636/4125
f 636/4126 645/4127 646/4128
f 636/4129 646/4130 636/4131
f 636/4132 646/4133 647/4134
f 636/4135 647/4136 636/4137
f 636/4138 647/4139 648/4140
f 636/4141 648/4142 636/4143
f 636/4144 648/4145 649/4146
f 636/4147 649/4148 636/4149
f 636/4150 649/4151 650/4152
f 636/4153 650/4154 636/4155
f 636/4156 650/4157 651/4158
f 636/4159 651/4160 636/4161
f 636/4162 651/4163 652/4164
f 636/4165 652/4166 634/4167
f 629/4168 634/4169 652/4170
f 628/4171 634/4172 629/4173
f 629/4174 652/4175 611/4176
f 611/4177 652/4178 651/4179
f 611/4180 651/4181 612/4182
f 612/4183 651/4184 650/4185
f 612/4186 650/4187 614/4188
f 614/4189 650/4190 649/4191
f 614/4192 649/4193 615/4194
f 615/4195 649/4196 648/4197
f 615/4198 648/4199 616/4200
f 616/4201 648/4202 647/4203
f 616/4204 647/4205 617/4206
f 617/4207 647/4208 646/4209
f 617/4210 646/4211 618/4212
f 618/4213 646/4214 645/4215
f 618/4216 645/4217 619/4218
f 619/4219 645/4220 644/4221
f 619/4222 644/4223 620/4224
f 620/4225 644/4226 643/4227
f 620/4228 643/4229 621/4230
f 621/4231 643/4232 642/4233
f 621/4234 642/4235 622/4236
f 622/4237 642/4238 641/4239
f 622/4240 641/4241 623/4242
f 623/4243 641/4244 640/4245
f 623/4246 640/4247 624/4248
f 624/4249 640/4250 639/4251
f 624/4252 639/4253 625/4254
f 625/4255 639/4256 638/4257
f 625/4258 638/4259 626/4260
f 626/4261 638/4262 637/4263
f 626/4264 637/4265 627/4266
f 627/4267 637/4268 635/4269
f 627/4270 635/4271 628/4272
f 628/4273 635/4274 634/4275
