# Exported from USD for MuJoCo with source material subsets
v -14.5934448 -7.62908966 0.00349974068
v -14.5934448 -7.62908966 0.0144996587
v -14.5936904 -7.63236887 0.0144996587
v -14.5936904 -7.62581093 0.00349974068
v -16.0711554 -7.16972906 0.36649918
v -16.0711554 -7.15432913 0.36649918
v -16.0711554 -7.15432913 0.377499217
v -16.0711552 -6.77812893 0.377499217
v -16.0711552 -6.76272899 0.36649918
v -16.0711552 -6.76272899 0.432499224
v -15.822922 -6.73251325 0.00349926384
v -15.8226763 -6.73579246 0.014499301
v -15.8226763 -6.73579246 0.00349926384
v -14.9948631 -6.69877941 0.00349962147
v -14.9946173 -6.70205814 0.0144996587
v -14.9946173 -6.70205814 0.00349962147
v -15.8242458 -7.19288236 0.00349926384
v -15.8240002 -7.1961611 0.014499301
v -15.8240002 -7.1961611 0.00349926384
v -14.9925761 -7.62752277 0.00349962147
v -14.9923304 -7.6308015 0.0144996587
v -14.9923304 -7.6308015 0.00349962147
v -15.0701556 -7.16972954 1.11449956
v -15.0701556 -7.16972954 1.18049956
v -15.0701556 -7.15432913 1.12549956
v -15.0701556 -7.15432913 1.11449956
v -15.9171556 -7.15432913 1.11449931
v -15.9171556 -7.15432913 1.12549931
v -15.9171556 -7.16972906 1.11449931
v -15.9171554 -6.76272899 1.11449931
v -15.9171554 -6.77812893 1.12549931
v -15.9171554 -6.77812893 1.11449931
v -15.822922 -6.7390712 0.014499301
v -16.0711552 -6.77812893 0.36649918
v -15.0701554 -6.7781294 1.12549956
v -15.9171556 -7.16972906 1.18049931
v -14.9948631 -6.70533687 0.0144996587
v -15.0701554 -6.7781294 1.11449956
v -15.0701554 -6.76272947 1.11449956
v -15.8242458 -7.19943983 0.014499301
v -14.9925761 -7.63408024 0.0144996587
v -14.5936904 -7.63236887 0.00349974068
v -14.5944221 -7.63557464 0.0144996587
v -14.5944221 -7.63557464 0.00349974068
v -14.5956234 -7.63863498 0.0144996587
v -14.5956234 -7.63863498 0.00349974068
v -14.5972674 -7.64148313 0.0144996587
v -14.5972674 -7.64148313 0.00349974068
v -14.5993176 -7.64405376 0.0144996587
v -14.5993176 -7.64405376 0.00349974068
v -14.601728 -7.64629013 0.0144996587
v -14.601728 -7.64629013 0.00349974068
v -14.6044447 -7.64814264 0.0144996587
v -14.6044447 -7.64814264 0.00349974068
v -14.6074072 -7.64956934 0.0144996587
v -14.6074072 -7.64956934 0.00349974068
v -14.6105493 -7.65053875 0.0144996587
v -14.6105493 -7.65053875 0.00349974068
v -14.6138007 -7.65102846 0.0144996587
v -14.6138007 -7.65102846 0.00349974068
v -14.6170888 -7.65102846 0.0144996587
v -14.6170888 -7.65102846 0.00349974068
v -14.6203402 -7.65053875 0.0144996587
v -14.6203402 -7.65053875 0.00349974068
v -14.6234822 -7.64956934 0.0144996587
v -14.6234822 -7.64956934 0.00349974068
v -14.6264448 -7.64814264 0.0144996587
v -14.6264448 -7.64814264 0.00349974068
v -14.6291615 -7.64629013 0.0144996587
v -14.6291615 -7.64629013 0.00349974068
v -14.6315719 -7.64405376 0.0144996587
v -14.6315719 -7.64405376 0.00349974068
v -14.633622 -7.64148313 0.0144996587
v -14.633622 -7.64148313 0.00349974068
v -14.6352661 -7.63863498 0.0144996587
v -14.6352661 -7.63863498 0.00349974068
v -14.6364673 -7.63557464 0.0144996587
v -14.6364673 -7.63557464 0.00349974068
v -14.637199 -7.63236887 0.0144996587
v -14.637199 -7.63236887 0.00349974068
v -14.6374447 -7.62908966 0.0144996587
v -14.6374447 -7.62908966 0.00349974068
v -14.637199 -7.62581093 0.0144996587
v -14.637199 -7.62581093 0.00349974068
v -14.6364673 -7.62260563 0.0144996587
v -14.6364673 -7.62260563 0.00349974068
v -14.6352661 -7.61954481 0.0144996587
v -14.6352661 -7.61954481 0.00349974068
v -14.633622 -7.61669666 0.0144996587
v -14.633622 -7.61669666 0.00349974068
v -14.6315719 -7.61412603 0.0144996587
v -14.6315719 -7.61412603 0.00349974068
v -14.6291615 -7.61188967 0.0144996587
v -14.6291615 -7.61188967 0.00349974068
v -14.6264448 -7.61003763 0.0144996587
v -14.6264448 -7.61003763 0.00349974068
v -14.6234822 -7.60861046 0.0144996587
v -14.6234822 -7.60861046 0.00349974068
v -14.6203402 -7.60764152 0.0144996587
v -14.6203402 -7.60764152 0.00349974068
v -14.6170888 -7.60715133 0.0144996587
v -14.6170888 -7.60715133 0.00349974068
v -14.6138007 -7.60715133 0.0144996587
v -14.6138007 -7.60715133 0.00349974068
v -14.6105493 -7.60764152 0.0144996587
v -14.6105493 -7.60764152 0.00349974068
v -14.6074072 -7.60861046 0.0144996587
v -14.6074072 -7.60861046 0.00349974068
v -14.6044447 -7.61003763 0.0144996587
v -14.6044447 -7.61003763 0.00349974068
v -14.601728 -7.61188967 0.0144996587
v -14.601728 -7.61188967 0.00349974068
v -14.5993176 -7.61412603 0.0144996587
v -14.5993176 -7.61412603 0.00349974068
v -14.5972674 -7.61669666 0.0144996587
v -14.5972674 -7.61669666 0.00349974068
v -14.5956234 -7.61954481 0.0144996587
v -14.5956234 -7.61954481 0.00349974068
v -14.5944221 -7.62260563 0.0144996587
v -14.5944221 -7.62260563 0.00349974068
v -14.5936904 -7.62581093 0.0144996587
v -14.6851555 -7.64822943 0.693681532
v -14.6851555 -7.64822943 0.572681541
v -14.6851555 -7.64272959 0.693681532
v -14.6851555 -7.64272959 0.572681541
v -14.9925761 -7.62752277 0.0144996587
v -14.9933078 -7.624317 0.00349962147
v -14.9933078 -7.624317 0.0144996587
v -14.9945091 -7.6212557 0.00349962147
v -14.9945091 -7.6212557 0.0144996587
v -14.9961531 -7.61840803 0.00349962147
v -14.9961531 -7.61840803 0.0144996587
v -14.9982032 -7.6158374 0.00349962147
v -14.9982032 -7.6158374 0.0144996587
v -15.0006136 -7.61360103 0.00349962147
v -15.0006136 -7.61360103 0.0144996587
v -15.0033303 -7.611749 0.00349962147
v -15.0033303 -7.611749 0.0144996587
v -15.0062928 -7.6103223 0.00349962147
v -15.0062928 -7.6103223 0.0144996587
v -15.0094349 -7.60935289 0.00349962147
v -15.0094349 -7.60935289 0.0144996587
v -15.0126863 -7.6088627 0.00349962147
v -15.0126863 -7.6088627 0.0144996587
v -15.0159744 -7.6088627 0.00349962147
v -15.0159744 -7.6088627 0.0144996587
v -15.0192259 -7.60935289 0.00349962147
v -15.0192259 -7.60935289 0.0144996587
v -15.0223679 -7.6103223 0.00349962147
v -15.0223679 -7.6103223 0.0144996587
v -15.0253304 -7.611749 0.00349962147
v -15.0253304 -7.611749 0.0144996587
v -15.0280471 -7.61360103 0.00349962147
v -15.0280471 -7.61360103 0.0144996587
v -15.0304575 -7.6158374 0.00349962147
v -15.0304575 -7.6158374 0.0144996587
v -15.0325076 -7.61840803 0.00349962147
v -15.0325076 -7.61840803 0.0144996587
v -15.0341517 -7.6212557 0.00349962147
v -15.0341517 -7.6212557 0.0144996587
v -15.0353529 -7.624317 0.00349962147
v -15.0353529 -7.624317 0.0144996587
v -15.0360846 -7.62752277 0.00349962147
v -15.0360846 -7.62752277 0.0144996587
v -15.0363303 -7.6308015 0.00349962147
v -15.0363303 -7.6308015 0.0144996587
v -15.0360846 -7.63408024 0.00349962147
v -15.0360846 -7.63408024 0.0144996587
v -15.0353529 -7.63728601 0.00349962147
v -15.0353529 -7.63728601 0.0144996587
v -15.0341517 -7.64034683 0.00349962147
v -15.0341517 -7.64034683 0.0144996587
v -15.0325076 -7.6431945 0.00349962147
v -15.0325076 -7.6431945 0.0144996587
v -15.0304575 -7.64576513 0.00349962147
v -15.0304575 -7.64576513 0.0144996587
v -15.0280471 -7.6480015 0.00349962147
v -15.0280471 -7.6480015 0.0144996587
v -15.0253304 -7.64985401 0.00349962147
v -15.0253304 -7.64985401 0.0144996587
v -15.0223679 -7.65128071 0.00349962147
v -15.0223679 -7.65128071 0.0144996587
v -15.0192259 -7.65225012 0.00349962147
v -15.0192259 -7.65225012 0.0144996587
v -15.0159744 -7.65273983 0.00349962147
v -15.0159744 -7.65273983 0.0144996587
v -15.0126863 -7.65273983 0.00349962147
v -15.0126863 -7.65273983 0.0144996587
v -15.0094349 -7.65225012 0.00349962147
v -15.0094349 -7.65225012 0.0144996587
v -15.0062928 -7.65128071 0.00349962147
v -15.0062928 -7.65128071 0.0144996587
v -15.0033303 -7.64985401 0.00349962147
v -15.0033303 -7.64985401 0.0144996587
v -15.0006136 -7.6480015 0.00349962147
v -15.0006136 -7.6480015 0.0144996587
v -14.9982032 -7.64576513 0.00349962147
v -14.9982032 -7.64576513 0.0144996587
v -14.9961531 -7.6431945 0.00349962147
v -14.9961531 -7.6431945 0.0144996587
v -14.9945091 -7.64034683 0.00349962147
v -14.9945091 -7.64034683 0.0144996587
v -14.9933078 -7.63728601 0.00349962147
v -14.9933078 -7.63728601 0.0144996587
v -14.9925761 -7.63408024 0.00349962147
v -15.8783148 -6.746229 1.18049931
v -15.8783148 -6.72422916 1.18049931
v -15.812315 -6.746229 1.18049931
v -15.8123149 -6.72422916 1.18049931
v -15.8783148 -6.746229 1.18599931
v -15.8783148 -6.72422916 1.18599931
v -15.8123149 -6.72422916 1.18599931
v -15.812315 -6.746229 1.18599931
v -15.8783149 -7.20822889 1.18049931
v -15.8783149 -7.18622906 1.18049931
v -15.8123151 -7.20822889 1.18049931
v -15.8123151 -7.18622906 1.18049931
v -15.8783149 -7.20822889 1.18599931
v -15.8783149 -7.18622906 1.18599931
v -15.8123151 -7.18622906 1.18599931
v -15.8123151 -7.20822889 1.18599931
v -15.8242458 -7.19288236 0.014499301
v -15.8249776 -7.18967659 0.00349926384
v -15.8249776 -7.18967659 0.014499301
v -15.8261789 -7.18661577 0.00349926384
v -15.8261789 -7.18661577 0.014499301
v -15.827823 -7.1837681 0.00349926384
v -15.827823 -7.1837681 0.014499301
v -15.8298731 -7.18119699 0.00349926384
v -15.8298731 -7.18119699 0.014499301
v -15.8322834 -7.1789611 0.00349926384
v -15.8322834 -7.1789611 0.014499301
v -15.8350002 -7.17710907 0.00349926384
v -15.8350002 -7.17710907 0.014499301
v -15.8379628 -7.17568189 0.00349926384
v -15.8379628 -7.17568189 0.014499301
v -15.8411048 -7.17471296 0.00349926384
v -15.8411048 -7.17471296 0.014499301
v -15.8443561 -7.17422277 0.00349926384
v -15.8443561 -7.17422277 0.014499301
v -15.8476442 -7.17422277 0.00349926384
v -15.8476442 -7.17422277 0.014499301
v -15.8508957 -7.17471296 0.00349926384
v -15.8508957 -7.17471296 0.014499301
v -15.8540378 -7.17568189 0.00349926384
v -15.8540378 -7.17568189 0.014499301
v -15.8570002 -7.17710907 0.00349926384
v -15.8570002 -7.17710907 0.014499301
v -15.8597169 -7.1789611 0.00349926384
v -15.8597169 -7.1789611 0.014499301
v -15.8621274 -7.18119699 0.00349926384
v -15.8621274 -7.18119699 0.014499301
v -15.8641775 -7.1837681 0.00349926384
v -15.8641775 -7.1837681 0.014499301
v -15.8658214 -7.18661577 0.00349926384
v -15.8658214 -7.18661577 0.014499301
v -15.8670228 -7.18967659 0.00349926384
v -15.8670228 -7.18967659 0.014499301
v -15.8677545 -7.19288236 0.00349926384
v -15.8677545 -7.19288236 0.014499301
v -15.8680002 -7.1961611 0.00349926384
v -15.8680002 -7.1961611 0.014499301
v -15.8677545 -7.19943983 0.00349926384
v -15.8677545 -7.19943983 0.014499301
v -15.8670228 -7.20264608 0.00349926384
v -15.8670228 -7.20264608 0.014499301
v -15.8658214 -7.20570642 0.00349926384
v -15.8658214 -7.20570642 0.014499301
v -15.8641775 -7.20855409 0.00349926384
v -15.8641775 -7.20855409 0.014499301
v -15.8621274 -7.2111252 0.00349926384
v -15.8621274 -7.2111252 0.014499301
v -15.8597169 -7.21336109 0.00349926384
v -15.8597169 -7.21336109 0.014499301
v -15.8570002 -7.2152136 0.00349926384
v -15.8570002 -7.2152136 0.014499301
v -15.8540378 -7.21664078 0.00349926384
v -15.8540378 -7.21664078 0.014499301
v -15.8508957 -7.21760971 0.00349926384
v -15.8508957 -7.21760971 0.014499301
v -15.8476442 -7.21809942 0.00349926384
v -15.8476442 -7.21809942 0.014499301
v -15.8443561 -7.21809942 0.00349926384
v -15.8443561 -7.21809942 0.014499301
v -15.8411048 -7.21760971 0.00349926384
v -15.8411048 -7.21760971 0.014499301
v -15.8379628 -7.21664078 0.00349926384
v -15.8379628 -7.21664078 0.014499301
v -15.8350003 -7.2152136 0.00349926384
v -15.8350003 -7.2152136 0.014499301
v -15.8322834 -7.21336109 0.00349926384
v -15.8322834 -7.21336109 0.014499301
v -15.8298731 -7.2111252 0.00349926384
v -15.8298731 -7.2111252 0.014499301
v -15.827823 -7.20855409 0.00349926384
v -15.827823 -7.20855409 0.014499301
v -15.8261789 -7.20570642 0.00349926384
v -15.8261789 -7.20570642 0.014499301
v -15.8249776 -7.20264608 0.00349926384
v -15.8249776 -7.20264608 0.014499301
v -15.8242458 -7.19943983 0.00349926384
v -14.9948631 -6.69877941 0.0144996587
v -14.9955948 -6.69557316 0.00349962147
v -14.9955948 -6.69557316 0.0144996587
v -14.9967961 -6.69251282 0.00349962147
v -14.9967961 -6.69251282 0.0144996587
v -14.9984401 -6.68966514 0.00349962147
v -14.9984401 -6.68966514 0.0144996587
v -15.0004903 -6.68709404 0.00349962147
v -15.0004903 -6.68709404 0.0144996587
v -15.0029006 -6.68485767 0.00349962147
v -15.0029006 -6.68485767 0.0144996587
v -15.0056174 -6.68300564 0.00349962147
v -15.0056174 -6.68300564 0.0144996587
v -15.0085799 -6.68157846 0.00349962147
v -15.0085799 -6.68157846 0.0144996587
v -15.011722 -6.68060953 0.00349962147
v -15.011722 -6.68060953 0.0144996587
v -15.0149733 -6.68011982 0.00349962147
v -15.0149733 -6.68011982 0.0144996587
v -15.0182614 -6.68011982 0.00349962147
v -15.0182614 -6.68011982 0.0144996587
v -15.0215129 -6.68060953 0.00349962147
v -15.0215129 -6.68060953 0.0144996587
v -15.0246549 -6.68157846 0.00349962147
v -15.0246549 -6.68157846 0.0144996587
v -15.0276173 -6.68300564 0.00349962147
v -15.0276173 -6.68300564 0.0144996587
v -15.0303342 -6.68485767 0.00349962147
v -15.0303342 -6.68485767 0.0144996587
v -15.0327445 -6.68709404 0.00349962147
v -15.0327445 -6.68709404 0.0144996587
v -15.0347946 -6.68966514 0.00349962147
v -15.0347946 -6.68966514 0.0144996587
v -15.0364388 -6.69251282 0.00349962147
v -15.0364388 -6.69251282 0.0144996587
v -15.03764 -6.69557316 0.00349962147
v -15.03764 -6.69557316 0.0144996587
v -15.0383717 -6.69877941 0.00349962147
v -15.0383717 -6.69877941 0.0144996587
v -15.0386174 -6.70205814 0.00349962147
v -15.0386174 -6.70205814 0.0144996587
v -15.0383717 -6.70533687 0.00349962147
v -15.0383717 -6.70533687 0.0144996587
v -15.03764 -6.70854265 0.00349962147
v -15.03764 -6.70854265 0.0144996587
v -15.0364388 -6.71160347 0.00349962147
v -15.0364388 -6.71160347 0.0144996587
v -15.0347946 -6.71445114 0.00349962147
v -15.0347946 -6.71445114 0.0144996587
v -15.0327445 -6.71702177 0.00349962147
v -15.0327445 -6.71702177 0.0144996587
v -15.0303342 -6.71925813 0.00349962147
v -15.0303342 -6.71925813 0.0144996587
v -15.0276173 -6.72111017 0.00349962147
v -15.0276173 -6.72111017 0.0144996587
v -15.0246549 -6.72253687 0.00349962147
v -15.0246549 -6.72253687 0.0144996587
v -15.0215129 -6.72350628 0.00349962147
v -15.0215129 -6.72350628 0.0144996587
v -15.0182614 -6.72399647 0.00349962147
v -15.0182614 -6.72399647 0.0144996587
v -15.0149733 -6.72399647 0.00349962147
v -15.0149733 -6.72399647 0.0144996587
v -15.011722 -6.72350628 0.00349962147
v -15.011722 -6.72350628 0.0144996587
v -15.0085799 -6.72253687 0.00349962147
v -15.0085799 -6.72253687 0.0144996587
v -15.0056174 -6.72111017 0.00349962147
v -15.0056174 -6.72111017 0.0144996587
v -15.0029006 -6.71925813 0.00349962147
v -15.0029006 -6.71925813 0.0144996587
v -15.0004903 -6.71702177 0.00349962147
v -15.0004903 -6.71702177 0.0144996587
v -14.9984401 -6.71445114 0.00349962147
v -14.9984401 -6.71445114 0.0144996587
v -14.9967961 -6.71160347 0.00349962147
v -14.9967961 -6.71160347 0.0144996587
v -14.9955948 -6.70854265 0.00349962147
v -14.9955948 -6.70854265 0.0144996587
v -14.9948631 -6.70533687 0.00349962147
v -15.9171554 -6.76272899 1.18049931
v -15.0701554 -6.76272947 1.18049956
v -15.0701552 -6.76272947 0.366499478
v -15.0701553 -6.76272947 0.432499522
v -15.0701552 -6.7781294 0.366499478
v -15.0701552 -6.7781294 0.377499515
v -15.0701553 -7.15432913 0.366499478
v -15.0701553 -7.15432913 0.377499515
v -15.0701553 -7.16972954 0.366499478
v -16.0711554 -7.16972906 0.432499224
v -15.0701554 -7.16972954 0.432499522
v -14.6191555 -7.64272959 0.572681541
v -14.6191555 -7.64822943 0.572681541
v -15.822922 -6.73251325 0.014499301
v -15.8236537 -6.72930748 0.00349926384
v -15.8236537 -6.72930748 0.014499301
v -15.8248549 -6.72624714 0.00349926384
v -15.8248549 -6.72624714 0.014499301
v -15.8264991 -6.72339947 0.00349926384
v -15.8264991 -6.72339947 0.014499301
v -15.8285491 -6.72082884 0.00349926384
v -15.8285491 -6.72082884 0.014499301
v -15.8309594 -6.71859152 0.00349926384
v -15.8309594 -6.71859152 0.014499301
v -15.8336762 -6.71673948 0.00349926384
v -15.8336762 -6.71673948 0.014499301
v -15.8366387 -6.71531278 0.00349926384
v -15.8366387 -6.71531278 0.014499301
v -15.8397809 -6.71434337 0.00349926384
v -15.8397809 -6.71434337 0.014499301
v -15.8430323 -6.71385414 0.00349926384
v -15.8430323 -6.71385414 0.014499301
v -15.8463204 -6.71385414 0.00349926384
v -15.8463204 -6.71385414 0.014499301
v -15.8495718 -6.71434337 0.00349926384
v -15.8495718 -6.71434337 0.014499301
v -15.8527138 -6.71531278 0.00349926384
v -15.8527138 -6.71531278 0.014499301
v -15.8556764 -6.71673948 0.00349926384
v -15.8556764 -6.71673948 0.014499301
v -15.8583931 -6.71859152 0.00349926384
v -15.8583931 -6.71859152 0.014499301
v -15.8608034 -6.72082884 0.00349926384
v -15.8608034 -6.72082884 0.014499301
v -15.8628536 -6.72339947 0.00349926384
v -15.8628536 -6.72339947 0.014499301
v -15.8644976 -6.72624666 0.00349926384
v -15.8644976 -6.72624666 0.014499301
v -15.8656989 -6.72930748 0.00349926384
v -15.8656989 -6.72930748 0.014499301
v -15.8664305 -6.73251325 0.00349926384
v -15.8664305 -6.73251325 0.014499301
v -15.8666764 -6.73579199 0.00349926384
v -15.8666764 -6.73579199 0.014499301
v -15.8664305 -6.7390712 0.00349926384
v -15.8664305 -6.7390712 0.014499301
v -15.8656989 -6.74227649 0.00349926384
v -15.8656989 -6.74227649 0.014499301
v -15.8644976 -6.74533779 0.00349926384
v -15.8644976 -6.74533779 0.014499301
v -15.8628536 -6.74818546 0.00349926384
v -15.8628536 -6.74818546 0.014499301
v -15.8608034 -6.75075561 0.00349926384
v -15.8608034 -6.75075561 0.014499301
v -15.8583931 -6.75299246 0.00349926384
v -15.8583931 -6.75299246 0.014499301
v -15.8556764 -6.75484449 0.00349926384
v -15.8556764 -6.75484449 0.014499301
v -15.8527138 -6.75627167 0.00349926384
v -15.8527138 -6.75627167 0.014499301
v -15.8495718 -6.7572406 0.00349926384
v -15.8495718 -6.7572406 0.014499301
v -15.8463204 -6.75773079 0.00349926384
v -15.8463204 -6.75773079 0.014499301
v -15.8430323 -6.75773079 0.00349926384
v -15.8430323 -6.75773079 0.014499301
v -15.8397809 -6.7572406 0.00349926384
v -15.8397809 -6.7572406 0.014499301
v -15.8366387 -6.75627167 0.00349926384
v -15.8366387 -6.75627167 0.014499301
v -15.8336763 -6.75484449 0.00349926384
v -15.8336763 -6.75484449 0.014499301
v -15.8309594 -6.75299246 0.00349926384
v -15.8309594 -6.75299246 0.014499301
v -15.8285492 -6.75075561 0.00349926384
v -15.8285492 -6.75075561 0.014499301
v -15.8264991 -6.74818546 0.00349926384
v -15.8264991 -6.74818546 0.014499301
v -15.8248549 -6.74533779 0.00349926384
v -15.8248549 -6.74533779 0.014499301
v -15.8236537 -6.74227649 0.00349926384
v -15.8236537 -6.74227649 0.014499301
v -15.822922 -6.7390712 0.00349926384
v -14.6191555 -7.64272959 0.693681532
v -14.6191555 -7.64822943 0.693681532
v -14.5794335 -6.70533687 0.00349974068
v -14.5801652 -6.70854313 0.00349974068
v -14.6011878 -6.70205814 0.00349974068
v -14.5813664 -6.71160347 0.00349974068
v -14.5830105 -6.71445114 0.00349974068
v -14.5850607 -6.71702177 0.00349974068
v -14.5874709 -6.71925813 0.00349974068
v -14.5901878 -6.72111065 0.00349974068
v -14.5931503 -6.72253782 0.00349974068
v -14.5962923 -6.72350628 0.00349974068
v -14.5995437 -6.72399647 0.00349974068
v -14.6028318 -6.72399647 0.00349974068
v -14.6060831 -6.72350628 0.00349974068
v -14.6092253 -6.72253687 0.00349974068
v -14.6121878 -6.72111065 0.00349974068
v -14.6149045 -6.71925813 0.00349974068
v -14.6173149 -6.71702177 0.00349974068
v -14.619365 -6.71445114 0.00349974068
v -14.621009 -6.71160347 0.00349974068
v -14.6222104 -6.70854313 0.00349974068
v -14.622942 -6.70533687 0.00349974068
v -14.6231878 -6.70205814 0.00349974068
v -14.622942 -6.69877941 0.00349974068
v -14.6222104 -6.69557363 0.00349974068
v -14.621009 -6.69251282 0.00349974068
v -14.619365 -6.68966514 0.00349974068
v -14.6173149 -6.68709404 0.00349974068
v -14.6149045 -6.68485767 0.00349974068
v -14.6121878 -6.68300564 0.00349974068
v -14.6092253 -6.68157894 0.00349974068
v -14.6060831 -6.68061001 0.00349974068
v -14.6028318 -6.68011982 0.00349974068
v -14.5995436 -6.68011982 0.00349974068
v -14.5962923 -6.68061001 0.00349974068
v -14.5931503 -6.68157894 0.00349974068
v -14.5901878 -6.68300564 0.00349974068
v -14.5874709 -6.68485767 0.00349974068
v -14.5850607 -6.68709404 0.00349974068
v -14.5830105 -6.68966514 0.00349974068
v -14.5813664 -6.69251282 0.00349974068
v -14.5801652 -6.69557363 0.00349974068
v -14.5794335 -6.69877941 0.00349974068
v -14.5791878 -6.70205814 0.00349974068
v -15.8446764 -6.73579246 0.014499301
v -14.6154447 -7.62908966 0.0144996587
v -14.6154447 -7.62908966 0.00349974068
v -15.8446764 -6.73579246 0.00349926384
v -15.0166174 -6.70205814 0.00349962147
v -15.8460002 -7.1961611 0.00349926384
v -15.0143304 -7.6308015 0.00349962147
v -15.0166174 -6.70205814 0.0144996587
v -15.0143304 -7.6308015 0.0144996587
v -15.8460002 -7.1961611 0.014499301
v -14.6060831 -6.68061001 0.0144996587
v -14.6092253 -6.68157894 0.0144996587
v -14.6011878 -6.70205814 0.0144996587
v -14.6121878 -6.68300564 0.0144996587
v -14.6149045 -6.68485767 0.0144996587
v -14.6173149 -6.68709404 0.0144996587
v -14.619365 -6.68966514 0.0144996587
v -14.621009 -6.69251282 0.0144996587
v -14.6222104 -6.69557363 0.0144996587
v -14.622942 -6.69877941 0.0144996587
v -14.6231878 -6.70205814 0.0144996587
v -14.622942 -6.70533687 0.0144996587
v -14.6222104 -6.70854313 0.0144996587
v -14.621009 -6.71160347 0.0144996587
v -14.619365 -6.71445114 0.0144996587
v -14.6173149 -6.71702177 0.0144996587
v -14.6149045 -6.71925813 0.0144996587
v -14.6121878 -6.72111065 0.0144996587
v -14.6092253 -6.72253687 0.0144996587
v -14.6060831 -6.72350628 0.0144996587
v -14.6028318 -6.72399647 0.0144996587
v -14.5995437 -6.72399647 0.0144996587
v -14.5962923 -6.72350628 0.0144996587
v -14.5931503 -6.72253782 0.0144996587
v -14.5901878 -6.72111065 0.0144996587
v -14.5874709 -6.71925813 0.0144996587
v -14.5850607 -6.71702177 0.0144996587
v -14.5830105 -6.71445114 0.0144996587
v -14.5813664 -6.71160347 0.0144996587
v -14.5801652 -6.70854313 0.0144996587
v -14.5794335 -6.70533687 0.0144996587
v -14.5791878 -6.70205814 0.0144996587
v -14.5794335 -6.69877941 0.0144996587
v -14.5801652 -6.69557363 0.0144996587
v -14.5813664 -6.69251282 0.0144996587
v -14.5830105 -6.68966514 0.0144996587
v -14.5850607 -6.68709404 0.0144996587
v -14.5874709 -6.68485767 0.0144996587
v -14.5901878 -6.68300564 0.0144996587
v -14.5931503 -6.68157894 0.0144996587
v -14.5962923 -6.68061001 0.0144996587
v -14.5995436 -6.68011982 0.0144996587
v -14.6028318 -6.68011982 0.0144996587
vt 0 0.420599997
vt 0.00999999978 0.420599997
vt 0.00999999978 0.423581004
vt 0 0.41761899
vt 0.00999999978 0.420599997
vt 0 0.420599997
vt 0.330000013 0.00300000003
vt 0.330000013 -0.0109999999
vt 0.340000004 -0.0109999999
vt 0.340000004 -0.352999985
vt 0.330000013 -0.367000014
vt 0.389999986 -0.367000014
vt 0 -0.394468993
vt 0.00999999978 -0.391487986
vt 0 -0.391487986
vt 0 -0.425137013
vt 0.00999999978 -0.422156006
vt 0 -0.422156006
vt 0 0.0240480006
vt 0.00999999978 0.0270290002
vt 0 0.0270290002
vt 0 0.419174999
vt 0.00999999978 0.422156006
vt 0 0.422156006
vt 0.340000004 -0.0109999999
vt 0.340000004 -0.352999985
vt 0.389999986 -0.367000014
vt -1.00999999 0.00300000003
vt -1.07000005 0.00300000003
vt -1.01999998 -0.0109999999
vt -1.01999998 -0.0109999999
vt -1.00999999 -0.0109999999
vt -1.00999999 0.00300000003
vt 1.00999999 -0.0109999999
vt 1.01999998 -0.0109999999
vt 1.00999999 0.00300000003
vt 1.00999999 -0.367000014
vt 1.01999998 -0.352999985
vt 1.00999999 -0.352999985
vt 0 -0.391487986
vt 0.00999999978 -0.391487986
vt 0.00999999978 -0.388507992
vt 0.330000013 -0.352999985
vt 0.330000013 -0.367000014
vt 0.340000004 -0.352999985
vt -1.01999998 -0.0109999999
vt -1.07000005 0.00300000003
vt -1.01999998 -0.352999985
vt 1.00999999 0.00300000003
vt 1.01999998 -0.0109999999
vt 1.07000005 0.00300000003
vt 1.01999998 -0.0109999999
vt 1.01999998 -0.352999985
vt 1.07000005 0.00300000003
vt 0 -0.422156006
vt 0.00999999978 -0.422156006
vt 0.00999999978 -0.419174999
vt -1.00999999 -0.352999985
vt -1.01999998 -0.352999985
vt -1.00999999 -0.367000014
vt 0 0.0270290002
vt 0.00999999978 0.0270290002
vt 0.00999999978 0.0300099999
vt 0 0.422156006
vt 0.00999999978 0.422156006
vt 0.00999999978 0.425137013
vt 0 0.420599997
vt 0.00999999978 0.423581004
vt 0 0.423581004
vt 0 0.423581004
vt 0.00999999978 0.423581004
vt 0.00999999978 0.426494986
vt 0 0.423581004
vt 0.00999999978 0.426494986
vt 0 0.426494986
vt 0 0.426494986
vt 0.00999999978 0.426494986
vt 0.00999999978 0.429277986
vt 0 0.426494986
vt 0.00999999978 0.429277986
vt 0 0.429277986
vt 0 0.429277986
vt 0.00999999978 0.429277986
vt 0.00999999978 0.43186599
vt 0 0.429277986
vt 0.00999999978 0.43186599
vt 0 0.43186599
vt 0 0.43186599
vt 0.00999999978 0.43186599
vt 0.00999999978 0.434202999
vt 0 0.43186599
vt 0.00999999978 0.434202999
vt 0 0.434202999
vt 0.663034022 0
vt 0.663034022 0.00999999978
vt 0.660843015 0.00999999978
vt 0.663034022 0
vt 0.660843015 0.00999999978
vt 0.660843015 0
vt 0.660843015 0
vt 0.660843015 0.00999999978
vt 0.658372998 0.00999999978
vt 0.660843015 0
vt 0.658372998 0.00999999978
vt 0.658372998 0
vt 0.658372998 0
vt 0.658372998 0.00999999978
vt 0.655680001 0.00999999978
vt 0.658372998 0
vt 0.655680001 0.00999999978
vt 0.655680001 0
vt 0.655680001 0
vt 0.655680001 0.00999999978
vt 0.652823985 0.00999999978
vt 0.655680001 0
vt 0.652823985 0.00999999978
vt 0.652823985 0
vt 0.652823985 0
vt 0.652823985 0.00999999978
vt 0.649868011 0.00999999978
vt 0.652823985 0
vt 0.649868011 0.00999999978
vt 0.649868011 0
vt 0.649868011 0
vt 0.649868011 0.00999999978
vt 0.646879017 0.00999999978
vt 0.649868011 0
vt 0.646879017 0.00999999978
vt 0.646879017 0
vt 0.646879017 0
vt 0.646879017 0.00999999978
vt 0.643922985 0.00999999978
vt 0.646879017 0
vt 0.643922985 0.00999999978
vt 0.643922985 0
vt 0.643922985 0
vt 0.643922985 0.00999999978
vt 0.641067028 0.00999999978
vt 0.643922985 0
vt 0.641067028 0.00999999978
vt 0.641067028 0
vt 0.641067028 0
vt 0.641067028 0.00999999978
vt 0.638373017 0.00999999978
vt 0.641067028 0
vt 0.638373017 0.00999999978
vt 0.638373017 0
vt 0.638373017 0
vt 0.638373017 0.00999999978
vt 0.635904014 0.00999999978
vt 0.638373017 0
vt 0.635904014 0.00999999978
vt 0.635904014 0
vt 0.635904014 0
vt 0.635904014 0.00999999978
vt 0.633711994 0.00999999978
vt 0.635904014 0
vt 0.633711994 0.00999999978
vt 0.633711994 0
vt 0 0.434202999
vt -0.00999999978 0.434202999
vt -0.00999999978 0.43186599
vt 0 0.434202999
vt -0.00999999978 0.43186599
vt 0 0.43186599
vt 0 0.43186599
vt -0.00999999978 0.43186599
vt -0.00999999978 0.429277986
vt 0 0.43186599
vt -0.00999999978 0.429277986
vt 0 0.429277986
vt 0 0.429277986
vt -0.00999999978 0.429277986
vt -0.00999999978 0.426494986
vt 0 0.429277986
vt -0.00999999978 0.426494986
vt 0 0.426494986
vt 0 0.426494986
vt -0.00999999978 0.426494986
vt -0.00999999978 0.423581004
vt 0 0.426494986
vt -0.00999999978 0.423581004
vt 0 0.423581004
vt 0 0.423581004
vt -0.00999999978 0.423581004
vt -0.00999999978 0.420599997
vt 0 0.423581004
vt -0.00999999978 0.420599997
vt 0 0.420599997
vt 0 0.420599997
vt -0.00999999978 0.420599997
vt -0.00999999978 0.41761899
vt 0 0.420599997
vt -0.00999999978 0.41761899
vt 0 0.41761899
vt 0 0.41761899
vt -0.00999999978 0.41761899
vt -0.00999999978 0.414705008
vt 0 0.41761899
vt -0.00999999978 0.414705008
vt 0 0.414705008
vt 0 0.414705008
vt -0.00999999978 0.414705008
vt -0.00999999978 0.411922008
vt 0 0.414705008
vt -0.00999999978 0.411922008
vt 0 0.411922008
vt 0 0.411922008
vt -0.00999999978 0.411922008
vt -0.00999999978 0.409334004
vt 0 0.411922008
vt -0.00999999978 0.409334004
vt 0 0.409334004
vt 0 0.409334004
vt -0.00999999978 0.409334004
vt -0.00999999978 0.406996995
vt 0 0.409334004
vt -0.00999999978 0.406996995
vt 0 0.406996995
vt -0.633711994 0
vt -0.633711994 0.00999999978
vt -0.635904014 0.00999999978
vt -0.633711994 0
vt -0.635904014 0.00999999978
vt -0.635904014 0
vt -0.635904014 0
vt -0.635904014 0.00999999978
vt -0.638373017 0.00999999978
vt -0.635904014 0
vt -0.638373017 0.00999999978
vt -0.638373017 0
vt -0.638373017 0
vt -0.638373017 0.00999999978
vt -0.641067028 0.00999999978
vt -0.638373017 0
vt -0.641067028 0.00999999978
vt -0.641067028 0
vt -0.641067028 0
vt -0.641067028 0.00999999978
vt -0.643922985 0.00999999978
vt -0.641067028 0
vt -0.643922985 0.00999999978
vt -0.643922985 0
vt -0.643922985 0
vt -0.643922985 0.00999999978
vt -0.646879017 0.00999999978
vt -0.643922985 0
vt -0.646879017 0.00999999978
vt -0.646879017 0
vt -0.646879017 0
vt -0.646879017 0.00999999978
vt -0.649868011 0.00999999978
vt -0.646879017 0
vt -0.649868011 0.00999999978
vt -0.649868011 0
vt -0.649868011 0
vt -0.649868011 0.00999999978
vt -0.652823985 0.00999999978
vt -0.649868011 0
vt -0.652823985 0.00999999978
vt -0.652823985 0
vt -0.652823985 0
vt -0.652823985 0.00999999978
vt -0.655680001 0.00999999978
vt -0.652823985 0
vt -0.655680001 0.00999999978
vt -0.655680001 0
vt -0.655680001 0
vt -0.655680001 0.00999999978
vt -0.658372998 0.00999999978
vt -0.655680001 0
vt -0.658372998 0.00999999978
vt -0.658372998 0
vt -0.658372998 0
vt -0.658372998 0.00999999978
vt -0.660843015 0.00999999978
vt -0.658372998 0
vt -0.660843015 0.00999999978
vt -0.660843015 0
vt -0.660843015 0
vt -0.660843015 0.00999999978
vt -0.663034022 0.00999999978
vt -0.660843015 0
vt -0.663034022 0.00999999978
vt -0.663034022 0
vt 0 0.406996995
vt 0.00999999978 0.406996995
vt 0.00999999978 0.409334004
vt 0 0.406996995
vt 0.00999999978 0.409334004
vt 0 0.409334004
vt 0 0.409334004
vt 0.00999999978 0.409334004
vt 0.00999999978 0.411922008
vt 0 0.409334004
vt 0.00999999978 0.411922008
vt 0 0.411922008
vt 0 0.411922008
vt 0.00999999978 0.411922008
vt 0.00999999978 0.414705008
vt 0 0.411922008
vt 0.00999999978 0.414705008
vt 0 0.414705008
vt 0 0.414705008
vt 0.00999999978 0.414705008
vt 0.00999999978 0.41761899
vt 0 0.414705008
vt 0.00999999978 0.41761899
vt 0 0.41761899
vt 0 0.41761899
vt 0.00999999978 0.41761899
vt 0.00999999978 0.420599997
vt 0.627438009 0.437999994
vt 0.517437994 0.437999994
vt 0.627438009 0.432999998
vt 0.627438009 0.432999998
vt 0.517437994 0.437999994
vt 0.517437994 0.432999998
vt 0.00999999978 0.422156006
vt 0 0.419174999
vt 0.00999999978 0.419174999
vt 0.00999999978 0.419174999
vt 0 0.419174999
vt 0 0.416260988
vt 0.00999999978 0.419174999
vt 0 0.416260988
vt 0.00999999978 0.416260988
vt 0.00999999978 0.416260988
vt 0 0.416260988
vt 0 0.413477987
vt 0.00999999978 0.416260988
vt 0 0.413477987
vt 0.00999999978 0.413477987
vt 0.00999999978 0.413477987
vt 0 0.413477987
vt 0 0.410890013
vt 0.00999999978 0.413477987
vt 0 0.410890013
vt 0.00999999978 0.410890013
vt 0.00999999978 0.410890013
vt 0 0.410890013
vt 0 0.408551991
vt 0.00999999978 0.410890013
vt 0 0.408551991
vt 0.00999999978 0.408551991
vt -0.300410986 0.00999999978
vt -0.300410986 0
vt -0.298220009 0
vt -0.300410986 0.00999999978
vt -0.298220009 0
vt -0.298220009 0.00999999978
vt -0.298220009 0.00999999978
vt -0.298220009 0
vt -0.295749992 0
vt -0.298220009 0.00999999978
vt -0.295749992 0
vt -0.295749992 0.00999999978
vt -0.295749992 0.00999999978
vt -0.295749992 0
vt -0.293056995 0
vt -0.295749992 0.00999999978
vt -0.293056995 0
vt -0.293056995 0.00999999978
vt -0.293056995 0.00999999978
vt -0.293056995 0
vt -0.290201008 0
vt -0.293056995 0.00999999978
vt -0.290201008 0
vt -0.290201008 0.00999999978
vt -0.290201008 0.00999999978
vt -0.290201008 0
vt -0.287245005 0
vt -0.290201008 0.00999999978
vt -0.287245005 0
vt -0.287245005 0.00999999978
vt -0.287245005 0.00999999978
vt -0.287245005 0
vt -0.284256011 0
vt -0.287245005 0.00999999978
vt -0.284256011 0
vt -0.284256011 0.00999999978
vt -0.284256011 0.00999999978
vt -0.284256011 0
vt -0.281300008 0
vt -0.284256011 0.00999999978
vt -0.281300008 0
vt -0.281300008 0.00999999978
vt -0.281300008 0.00999999978
vt -0.281300008 0
vt -0.278443009 0
vt -0.281300008 0.00999999978
vt -0.278443009 0
vt -0.278443009 0.00999999978
vt -0.278443009 0.00999999978
vt -0.278443009 0
vt -0.275750011 0
vt -0.278443009 0.00999999978
vt -0.275750011 0
vt -0.275750011 0.00999999978
vt -0.275750011 0.00999999978
vt -0.275750011 0
vt -0.273279995 0
vt -0.275750011 0.00999999978
vt -0.273279995 0
vt -0.273279995 0.00999999978
vt -0.273279995 0.00999999978
vt -0.273279995 0
vt -0.271088988 0
vt -0.273279995 0.00999999978
vt -0.271088988 0
vt -0.271088988 0.00999999978
vt -0.00999999978 0.408551991
vt 0 0.408551991
vt 0 0.410890013
vt -0.00999999978 0.408551991
vt 0 0.410890013
vt -0.00999999978 0.410890013
vt -0.00999999978 0.410890013
vt 0 0.410890013
vt 0 0.413477987
vt -0.00999999978 0.410890013
vt 0 0.413477987
vt -0.00999999978 0.413477987
vt -0.00999999978 0.413477987
vt 0 0.413477987
vt 0 0.416260988
vt -0.00999999978 0.413477987
vt 0 0.416260988
vt -0.00999999978 0.416260988
vt -0.00999999978 0.416260988
vt 0 0.416260988
vt 0 0.419174999
vt -0.00999999978 0.416260988
vt 0 0.419174999
vt -0.00999999978 0.419174999
vt -0.00999999978 0.419174999
vt 0 0.419174999
vt 0 0.422156006
vt -0.00999999978 0.419174999
vt 0 0.422156006
vt -0.00999999978 0.422156006
vt -0.00999999978 0.422156006
vt 0 0.422156006
vt 0 0.425137013
vt -0.00999999978 0.422156006
vt 0 0.425137013
vt -0.00999999978 0.425137013
vt -0.00999999978 0.425137013
vt 0 0.425137013
vt 0 0.428050995
vt -0.00999999978 0.425137013
vt 0 0.428050995
vt -0.00999999978 0.428050995
vt -0.00999999978 0.428050995
vt 0 0.428050995
vt 0 0.430833995
vt -0.00999999978 0.428050995
vt 0 0.430833995
vt -0.00999999978 0.430833995
vt -0.00999999978 0.430833995
vt 0 0.430833995
vt 0 0.433421999
vt -0.00999999978 0.430833995
vt 0 0.433421999
vt -0.00999999978 0.433421999
vt -0.00999999978 0.433421999
vt 0 0.433421999
vt 0 0.435759008
vt -0.00999999978 0.433421999
vt 0 0.435759008
vt -0.00999999978 0.435759008
vt 0.271088988 0.00999999978
vt 0.271088988 0
vt 0.273279995 0
vt 0.271088988 0.00999999978
vt 0.273279995 0
vt 0.273279995 0.00999999978
vt 0.273279995 0.00999999978
vt 0.273279995 0
vt 0.275750011 0
vt 0.273279995 0.00999999978
vt 0.275750011 0
vt 0.275750011 0.00999999978
vt 0.275750011 0.00999999978
vt 0.275750011 0
vt 0.278443009 0
vt 0.275750011 0.00999999978
vt 0.278443009 0
vt 0.278443009 0.00999999978
vt 0.278443009 0.00999999978
vt 0.278443009 0
vt 0.281300008 0
vt 0.278443009 0.00999999978
vt 0.281300008 0
vt 0.281300008 0.00999999978
vt 0.281300008 0.00999999978
vt 0.281300008 0
vt 0.284256011 0
vt 0.281300008 0.00999999978
vt 0.284256011 0
vt 0.284256011 0.00999999978
vt 0.284256011 0.00999999978
vt 0.284256011 0
vt 0.287245005 0
vt 0.284256011 0.00999999978
vt 0.287245005 0
vt 0.287245005 0.00999999978
vt 0.287245005 0.00999999978
vt 0.287245005 0
vt 0.290201008 0
vt 0.287245005 0.00999999978
vt 0.290201008 0
vt 0.290201008 0.00999999978
vt 0.290201008 0.00999999978
vt 0.290201008 0
vt 0.293056995 0
vt 0.290201008 0.00999999978
vt 0.293056995 0
vt 0.293056995 0.00999999978
vt 0.293056995 0.00999999978
vt 0.293056995 0
vt 0.295749992 0
vt 0.293056995 0.00999999978
vt 0.295749992 0
vt 0.295749992 0.00999999978
vt 0.295749992 0.00999999978
vt 0.295749992 0
vt 0.298220009 0
vt 0.295749992 0.00999999978
vt 0.298220009 0
vt 0.298220009 0.00999999978
vt 0.298220009 0.00999999978
vt 0.298220009 0
vt 0.300410986 0
vt 0.298220009 0.00999999978
vt 0.300410986 0
vt 0.300410986 0.00999999978
vt 0.00999999978 0.435759008
vt 0 0.435759008
vt 0 0.433421999
vt 0.00999999978 0.435759008
vt 0 0.433421999
vt 0.00999999978 0.433421999
vt 0.00999999978 0.433421999
vt 0 0.433421999
vt 0 0.430833995
vt 0.00999999978 0.433421999
vt 0 0.430833995
vt 0.00999999978 0.430833995
vt 0.00999999978 0.430833995
vt 0 0.430833995
vt 0 0.428050995
vt 0.00999999978 0.430833995
vt 0 0.428050995
vt 0.00999999978 0.428050995
vt 0.00999999978 0.428050995
vt 0 0.428050995
vt 0 0.425137013
vt 0.00999999978 0.428050995
vt 0 0.425137013
vt 0.00999999978 0.425137013
vt 0.00999999978 0.425137013
vt 0 0.425137013
vt 0 0.422156006
vt -0.499689996 -0.381999999
vt -0.499689996 -0.40200001
vt -0.439689994 -0.381999999
vt -0.439689994 -0.381999999
vt -0.499689996 -0.40200001
vt -0.439689994 -0.40200001
vt -1.07500005 -0.381999999
vt -1.07500005 -0.40200001
vt -1.07000005 -0.381999999
vt -1.07000005 -0.381999999
vt -1.07500005 -0.40200001
vt -1.07000005 -0.40200001
vt 0.499689996 -0.40200001
vt 0.499689996 -0.381999999
vt 0.439689994 -0.40200001
vt 0.439689994 -0.40200001
vt 0.499689996 -0.381999999
vt 0.439689994 -0.381999999
vt -0.439689994 1.07500005
vt -0.499689996 1.07500005
vt -0.439689994 1.07000005
vt -0.439689994 1.07000005
vt -0.499689996 1.07500005
vt -0.499689996 1.07000005
vt 1.07000005 -0.381999999
vt 1.07000005 -0.40200001
vt 1.07500005 -0.381999999
vt 1.07500005 -0.381999999
vt 1.07000005 -0.40200001
vt 1.07500005 -0.40200001
vt 0.439689994 1.07000005
vt 0.499689996 1.07000005
vt 0.439689994 1.07500005
vt 0.439689994 1.07500005
vt 0.499689996 1.07000005
vt 0.499689996 1.07500005
vt -0.499689996 0.0379999988
vt -0.499689996 0.0179999992
vt -0.439689994 0.0379999988
vt -0.439689994 0.0379999988
vt -0.499689996 0.0179999992
vt -0.439689994 0.0179999992
vt -1.07500005 0.0379999988
vt -1.07500005 0.0179999992
vt -1.07000005 0.0379999988
vt -1.07000005 0.0379999988
vt -1.07500005 0.0179999992
vt -1.07000005 0.0179999992
vt 0.499689996 0.0179999992
vt 0.499689996 0.0379999988
vt 0.439689994 0.0179999992
vt 0.439689994 0.0179999992
vt 0.499689996 0.0379999988
vt 0.439689994 0.0379999988
vt -0.439689994 1.07500005
vt -0.499689996 1.07500005
vt -0.439689994 1.07000005
vt -0.439689994 1.07000005
vt -0.499689996 1.07500005
vt -0.499689996 1.07000005
vt 1.07000005 0.0379999988
vt 1.07000005 0.0179999992
vt 1.07500005 0.0379999988
vt 1.07500005 0.0379999988
vt 1.07000005 0.0179999992
vt 1.07500005 0.0179999992
vt 0.00999999978 0.0270290002
vt 0 0.0240480006
vt 0.00999999978 0.0240480006
vt 0.00999999978 0.0240480006
vt 0 0.0240480006
vt 0 0.0211340003
vt 0.00999999978 0.0240480006
vt 0 0.0211340003
vt 0.00999999978 0.0211340003
vt 0.00999999978 0.0211340003
vt 0 0.0211340003
vt 0 0.0183509998
vt 0.00999999978 0.0211340003
vt 0 0.0183509998
vt 0.00999999978 0.0183509998
vt 0.00999999978 0.0183509998
vt 0 0.0183509998
vt 0 0.0157619994
vt 0.00999999978 0.0183509998
vt 0 0.0157619994
vt 0.00999999978 0.0157619994
vt 0.00999999978 0.0157619994
vt 0 0.0157619994
vt 0 0.013425
vt 0.00999999978 0.0157619994
vt 0 0.013425
vt 0.00999999978 0.013425
vt 0.455651999 0.00999999978
vt 0.455651999 0
vt 0.457843989 0
vt 0.455651999 0.00999999978
vt 0.457843989 0
vt 0.457843989 0.00999999978
vt 0.457843989 0.00999999978
vt 0.457843989 0
vt 0.460312992 0
vt 0.457843989 0.00999999978
vt 0.460312992 0
vt 0.460312992 0.00999999978
vt 0.460312992 0.00999999978
vt 0.460312992 0
vt 0.463007003 0
vt 0.460312992 0.00999999978
vt 0.463007003 0
vt 0.463007003 0.00999999978
vt 0.463007003 0.00999999978
vt 0.463007003 0
vt 0.465862989 0
vt 0.463007003 0.00999999978
vt 0.465862989 0
vt 0.465862989 0.00999999978
vt 0.465862989 0.00999999978
vt 0.465862989 0
vt 0.468818992 0
vt 0.465862989 0.00999999978
vt 0.468818992 0
vt 0.468818992 0.00999999978
vt 0.468818992 0.00999999978
vt 0.468818992 0
vt 0.471807986 0
vt 0.468818992 0.00999999978
vt 0.471807986 0
vt 0.471807986 0.00999999978
vt 0.471807986 0.00999999978
vt 0.471807986 0
vt 0.474763989 0
vt 0.471807986 0.00999999978
vt 0.474763989 0
vt 0.474763989 0.00999999978
vt 0.474763989 0.00999999978
vt 0.474763989 0
vt 0.477620006 0
vt 0.474763989 0.00999999978
vt 0.477620006 0
vt 0.477620006 0.00999999978
vt 0.477620006 0.00999999978
vt 0.477620006 0
vt 0.480313003 0
vt 0.477620006 0.00999999978
vt 0.480313003 0
vt 0.480313003 0.00999999978
vt 0.480313003 0.00999999978
vt 0.480313003 0
vt 0.48278299 0
vt 0.480313003 0.00999999978
vt 0.48278299 0
vt 0.48278299 0.00999999978
vt 0.48278299 0.00999999978
vt 0.48278299 0
vt 0.484973997 0
vt 0.48278299 0.00999999978
vt 0.484973997 0
vt 0.484973997 0.00999999978
vt -0.00999999978 0.013425
vt 0 0.013425
vt 0 0.0157619994
vt -0.00999999978 0.013425
vt 0 0.0157619994
vt -0.00999999978 0.0157619994
vt -0.00999999978 0.0157619994
vt 0 0.0157619994
vt 0 0.0183509998
vt -0.00999999978 0.0157619994
vt 0 0.0183509998
vt -0.00999999978 0.0183509998
vt -0.00999999978 0.0183509998
vt 0 0.0183509998
vt 0 0.0211340003
vt -0.00999999978 0.0183509998
vt 0 0.0211340003
vt -0.00999999978 0.0211340003
vt -0.00999999978 0.0211340003
vt 0 0.0211340003
vt 0 0.0240480006
vt -0.00999999978 0.0211340003
vt 0 0.0240480006
vt -0.00999999978 0.0240480006
vt -0.00999999978 0.0240480006
vt 0 0.0240480006
vt 0 0.0270290002
vt -0.00999999978 0.0240480006
vt 0 0.0270290002
vt -0.00999999978 0.0270290002
vt -0.00999999978 0.0270290002
vt 0 0.0270290002
vt 0 0.0300099999
vt -0.00999999978 0.0270290002
vt 0 0.0300099999
vt -0.00999999978 0.0300099999
vt -0.00999999978 0.0300099999
vt 0 0.0300099999
vt 0 0.0329240002
vt -0.00999999978 0.0300099999
vt 0 0.0329240002
vt -0.00999999978 0.0329240002
vt -0.00999999978 0.0329240002
vt 0 0.0329240002
vt 0 0.0357059985
vt -0.00999999978 0.0329240002
vt 0 0.0357059985
vt -0.00999999978 0.0357059985
vt -0.00999999978 0.0357059985
vt 0 0.0357059985
vt 0 0.0382950008
vt -0.00999999978 0.0357059985
vt 0 0.0382950008
vt -0.00999999978 0.0382950008
vt -0.00999999978 0.0382950008
vt 0 0.0382950008
vt 0 0.0406319983
vt -0.00999999978 0.0382950008
vt 0 0.0406319983
vt -0.00999999978 0.0406319983
vt -0.484973997 0.00999999978
vt -0.484973997 0
vt -0.48278299 0
vt -0.484973997 0.00999999978
vt -0.48278299 0
vt -0.48278299 0.00999999978
vt -0.48278299 0.00999999978
vt -0.48278299 0
vt -0.480313003 0
vt -0.48278299 0.00999999978
vt -0.480313003 0
vt -0.480313003 0.00999999978
vt -0.480313003 0.00999999978
vt -0.480313003 0
vt -0.477620006 0
vt -0.480313003 0.00999999978
vt -0.477620006 0
vt -0.477620006 0.00999999978
vt -0.477620006 0.00999999978
vt -0.477620006 0
vt -0.474763989 0
vt -0.477620006 0.00999999978
vt -0.474763989 0
vt -0.474763989 0.00999999978
vt -0.474763989 0.00999999978
vt -0.474763989 0
vt -0.471807986 0
vt -0.474763989 0.00999999978
vt -0.471807986 0
vt -0.471807986 0.00999999978
vt -0.471807986 0.00999999978
vt -0.471807986 0
vt -0.468818992 0
vt -0.471807986 0.00999999978
vt -0.468818992 0
vt -0.468818992 0.00999999978
vt -0.468818992 0.00999999978
vt -0.468818992 0
vt -0.465862989 0
vt -0.468818992 0.00999999978
vt -0.465862989 0
vt -0.465862989 0.00999999978
vt -0.465862989 0.00999999978
vt -0.465862989 0
vt -0.463007003 0
vt -0.465862989 0.00999999978
vt -0.463007003 0
vt -0.463007003 0.00999999978
vt -0.463007003 0.00999999978
vt -0.463007003 0
vt -0.460312992 0
vt -0.463007003 0.00999999978
vt -0.460312992 0
vt -0.460312992 0.00999999978
vt -0.460312992 0.00999999978
vt -0.460312992 0
vt -0.457843989 0
vt -0.460312992 0.00999999978
vt -0.457843989 0
vt -0.457843989 0.00999999978
vt -0.457843989 0.00999999978
vt -0.457843989 0
vt -0.455651999 0
vt -0.457843989 0.00999999978
vt -0.455651999 0
vt -0.455651999 0.00999999978
vt 0.00999999978 0.0406319983
vt 0 0.0406319983
vt 0 0.0382950008
vt 0.00999999978 0.0406319983
vt 0 0.0382950008
vt 0.00999999978 0.0382950008
vt 0.00999999978 0.0382950008
vt 0 0.0382950008
vt 0 0.0357059985
vt 0.00999999978 0.0382950008
vt 0 0.0357059985
vt 0.00999999978 0.0357059985
vt 0.00999999978 0.0357059985
vt 0 0.0357059985
vt 0 0.0329240002
vt 0.00999999978 0.0357059985
vt 0 0.0329240002
vt 0.00999999978 0.0329240002
vt 0.00999999978 0.0329240002
vt 0 0.0329240002
vt 0 0.0300099999
vt 0.00999999978 0.0329240002
vt 0 0.0300099999
vt 0.00999999978 0.0300099999
vt 0.00999999978 0.0300099999
vt 0 0.0300099999
vt 0 0.0270290002
vt 0.439689994 1.07000005
vt 0.499689996 1.07000005
vt 0.439689994 1.07500005
vt 0.439689994 1.07500005
vt 0.499689996 1.07000005
vt 0.499689996 1.07500005
vt -0.234999999 1.00999999
vt 0.535000026 1.00999999
vt -0.234999999 1.01999998
vt -0.234999999 1.01999998
vt 0.535000026 1.00999999
vt 0.535000026 1.01999998
vt 0.535000026 -0.367000014
vt 0.535000026 -0.352999985
vt -0.234999999 -0.367000014
vt -0.234999999 -0.367000014
vt 0.535000026 -0.352999985
vt -0.234999999 -0.352999985
vt 0.00999999978 -0.422156006
vt 0 -0.425137013
vt 0.00999999978 -0.425137013
vt 0.00999999978 -0.425137013
vt 0 -0.425137013
vt 0 -0.428050995
vt 0.00999999978 -0.425137013
vt 0 -0.428050995
vt 0.00999999978 -0.428050995
vt 0.00999999978 -0.428050995
vt 0 -0.428050995
vt 0 -0.430833995
vt 0.00999999978 -0.428050995
vt 0 -0.430833995
vt 0.00999999978 -0.430833995
vt 0.00999999978 -0.430833995
vt 0 -0.430833995
vt 0 -0.433423012
vt 0.00999999978 -0.430833995
vt 0 -0.433423012
vt 0.00999999978 -0.433423012
vt 0.00999999978 -0.433423012
vt 0 -0.433423012
vt 0 -0.435759991
vt 0.00999999978 -0.433423012
vt 0 -0.435759991
vt 0.00999999978 -0.435759991
vt -0.298332006 0.00999999978
vt -0.298332006 0
vt -0.296140999 0
vt -0.298332006 0.00999999978
vt -0.296140999 0
vt -0.296140999 0.00999999978
vt -0.296140999 0.00999999978
vt -0.296140999 0
vt -0.293671012 0
vt -0.296140999 0.00999999978
vt -0.293671012 0
vt -0.293671012 0.00999999978
vt -0.293671012 0.00999999978
vt -0.293671012 0
vt -0.290978014 0
vt -0.293671012 0.00999999978
vt -0.290978014 0
vt -0.290978014 0.00999999978
vt -0.290978014 0.00999999978
vt -0.290978014 0
vt -0.288121015 0
vt -0.290978014 0.00999999978
vt -0.288121015 0
vt -0.288121015 0.00999999978
vt -0.288121015 0.00999999978
vt -0.288121015 0
vt -0.285165012 0
vt -0.288121015 0.00999999978
vt -0.285165012 0
vt -0.285165012 0.00999999978
vt -0.285165012 0.00999999978
vt -0.285165012 0
vt -0.282175988 0
vt -0.285165012 0.00999999978
vt -0.282175988 0
vt -0.282175988 0.00999999978
vt -0.282175988 0.00999999978
vt -0.282175988 0
vt -0.279220015 0
vt -0.282175988 0.00999999978
vt -0.279220015 0
vt -0.279220015 0.00999999978
vt -0.279220015 0.00999999978
vt -0.279220015 0
vt -0.276363999 0
vt -0.279220015 0.00999999978
vt -0.276363999 0
vt -0.276363999 0.00999999978
vt -0.276363999 0.00999999978
vt -0.276363999 0
vt -0.273671001 0
vt -0.276363999 0.00999999978
vt -0.273671001 0
vt -0.273671001 0.00999999978
vt -0.273671001 0.00999999978
vt -0.273671001 0
vt -0.271201015 0
vt -0.273671001 0.00999999978
vt -0.271201015 0
vt -0.271201015 0.00999999978
vt -0.271201015 0.00999999978
vt -0.271201015 0
vt -0.269010007 0
vt -0.271201015 0.00999999978
vt -0.269010007 0
vt -0.269010007 0.00999999978
vt -0.00999999978 -0.435759991
vt 0 -0.435759991
vt 0 -0.433423012
vt -0.00999999978 -0.435759991
vt 0 -0.433423012
vt -0.00999999978 -0.433423012
vt -0.00999999978 -0.433423012
vt 0 -0.433423012
vt 0 -0.430833995
vt -0.00999999978 -0.433423012
vt 0 -0.430833995
vt -0.00999999978 -0.430833995
vt -0.00999999978 -0.430833995
vt 0 -0.430833995
vt 0 -0.428050995
vt -0.00999999978 -0.430833995
vt 0 -0.428050995
vt -0.00999999978 -0.428050995
vt -0.00999999978 -0.428050995
vt 0 -0.428050995
vt 0 -0.425137013
vt -0.00999999978 -0.428050995
vt 0 -0.425137013
vt -0.00999999978 -0.425137013
vt -0.00999999978 -0.425137013
vt 0 -0.425137013
vt 0 -0.422156006
vt -0.00999999978 -0.425137013
vt 0 -0.422156006
vt -0.00999999978 -0.422156006
vt -0.00999999978 -0.422156006
vt 0 -0.422156006
vt 0 -0.419174999
vt -0.00999999978 -0.422156006
vt 0 -0.419174999
vt -0.00999999978 -0.419174999
vt -0.00999999978 -0.419174999
vt 0 -0.419174999
vt 0 -0.416260988
vt -0.00999999978 -0.419174999
vt 0 -0.416260988
vt -0.00999999978 -0.416260988
vt -0.00999999978 -0.416260988
vt 0 -0.416260988
vt 0 -0.413477987
vt -0.00999999978 -0.416260988
vt 0 -0.413477987
vt -0.00999999978 -0.413477987
vt -0.00999999978 -0.413477987
vt 0 -0.413477987
vt 0 -0.410890013
vt -0.00999999978 -0.413477987
vt 0 -0.410890013
vt -0.00999999978 -0.410890013
vt -0.00999999978 -0.410890013
vt 0 -0.410890013
vt 0 -0.408553004
vt -0.00999999978 -0.410890013
vt 0 -0.408553004
vt -0.00999999978 -0.408553004
vt 0.269010007 0.00999999978
vt 0.269010007 0
vt 0.271201015 0
vt 0.269010007 0.00999999978
vt 0.271201015 0
vt 0.271201015 0.00999999978
vt 0.271201015 0.00999999978
vt 0.271201015 0
vt 0.273671001 0
vt 0.271201015 0.00999999978
vt 0.273671001 0
vt 0.273671001 0.00999999978
vt 0.273671001 0.00999999978
vt 0.273671001 0
vt 0.276363999 0
vt 0.273671001 0.00999999978
vt 0.276363999 0
vt 0.276363999 0.00999999978
vt 0.276363999 0.00999999978
vt 0.276363999 0
vt 0.279220015 0
vt 0.276363999 0.00999999978
vt 0.279220015 0
vt 0.279220015 0.00999999978
vt 0.279220015 0.00999999978
vt 0.279220015 0
vt 0.282175988 0
vt 0.279220015 0.00999999978
vt 0.282175988 0
vt 0.282175988 0.00999999978
vt 0.282175988 0.00999999978
vt 0.282175988 0
vt 0.285165012 0
vt 0.282175988 0.00999999978
vt 0.285165012 0
vt 0.285165012 0.00999999978
vt 0.285165012 0.00999999978
vt 0.285165012 0
vt 0.288121015 0
vt 0.285165012 0.00999999978
vt 0.288121015 0
vt 0.288121015 0.00999999978
vt 0.288121015 0.00999999978
vt 0.288121015 0
vt 0.290978014 0
vt 0.288121015 0.00999999978
vt 0.290978014 0
vt 0.290978014 0.00999999978
vt 0.290978014 0.00999999978
vt 0.290978014 0
vt 0.293671012 0
vt 0.290978014 0.00999999978
vt 0.293671012 0
vt 0.293671012 0.00999999978
vt 0.293671012 0.00999999978
vt 0.293671012 0
vt 0.296140999 0
vt 0.293671012 0.00999999978
vt 0.296140999 0
vt 0.296140999 0.00999999978
vt 0.296140999 0.00999999978
vt 0.296140999 0
vt 0.298332006 0
vt 0.296140999 0.00999999978
vt 0.298332006 0
vt 0.298332006 0.00999999978
vt 0.00999999978 -0.408553004
vt 0 -0.408553004
vt 0 -0.410890013
vt 0.00999999978 -0.408553004
vt 0 -0.410890013
vt 0.00999999978 -0.410890013
vt 0.00999999978 -0.410890013
vt 0 -0.410890013
vt 0 -0.413477987
vt 0.00999999978 -0.410890013
vt 0 -0.413477987
vt 0.00999999978 -0.413477987
vt 0.00999999978 -0.413477987
vt 0 -0.413477987
vt 0 -0.416260988
vt 0.00999999978 -0.413477987
vt 0 -0.416260988
vt 0.00999999978 -0.416260988
vt 0.00999999978 -0.416260988
vt 0 -0.416260988
vt 0 -0.419174999
vt 0.00999999978 -0.416260988
vt 0 -0.419174999
vt 0.00999999978 -0.419174999
vt 0.00999999978 -0.419174999
vt 0 -0.419174999
vt 0 -0.422156006
vt -0.535000026 1.00999999
vt 0.234999999 1.00999999
vt -0.535000026 1.07000005
vt -0.535000026 1.07000005
vt 0.234999999 1.00999999
vt 0.234999999 1.07000005
vt -1.00999999 -0.367000014
vt -1.01999998 -0.352999985
vt -1.07000005 -0.367000014
vt -1.07000005 -0.367000014
vt -1.01999998 -0.352999985
vt -1.07000005 0.00300000003
vt 1.07000005 0.00300000003
vt 1.01999998 -0.352999985
vt 1.07000005 -0.367000014
vt 1.07000005 -0.367000014
vt 1.01999998 -0.352999985
vt 1.00999999 -0.367000014
vt -0.234999999 0.00300000003
vt -0.234999999 -0.0109999999
vt 0.535000026 0.00300000003
vt 0.535000026 0.00300000003
vt -0.234999999 -0.0109999999
vt 0.535000026 -0.0109999999
vt -0.535000026 1.00999999
vt 0.234999999 1.00999999
vt -0.535000026 1.01999998
vt -0.535000026 1.01999998
vt 0.234999999 1.00999999
vt 0.234999999 1.01999998
vt -0.675000012 0.330000013
vt 0.234999999 0.330000013
vt -0.675000012 0.389999986
vt -0.675000012 0.389999986
vt 0.234999999 0.330000013
vt 0.234999999 0.389999986
vt -0.234999999 -0.352999985
vt -0.234999999 -0.367000014
vt 0.675000012 -0.352999985
vt 0.675000012 -0.352999985
vt -0.234999999 -0.367000014
vt 0.675000012 -0.367000014
vt -0.234999999 0.330000013
vt 0.675000012 0.330000013
vt -0.234999999 0.340000004
vt -0.234999999 0.340000004
vt 0.675000012 0.330000013
vt 0.675000012 0.340000004
vt -0.675000012 0.330000013
vt 0.234999999 0.330000013
vt -0.675000012 0.340000004
vt -0.675000012 0.340000004
vt 0.234999999 0.330000013
vt 0.234999999 0.340000004
vt 0.675000012 -0.0109999999
vt 0.675000012 0.00300000003
vt -0.234999999 -0.0109999999
vt -0.234999999 -0.0109999999
vt 0.675000012 0.00300000003
vt -0.234999999 0.00300000003
vt 0.330000013 0.00300000003
vt 0.340000004 -0.0109999999
vt 0.389999986 0.00300000003
vt 0.389999986 0.00300000003
vt 0.340000004 -0.0109999999
vt 0.389999986 -0.367000014
vt -0.234999999 0.389999986
vt -0.234999999 0.330000013
vt 0.675000012 0.389999986
vt 0.675000012 0.389999986
vt -0.234999999 0.330000013
vt 0.675000012 0.330000013
vt -0.644999981 0.432999998
vt -0.584999979 0.432999998
vt -0.644999981 0.437999994
vt -0.644999981 0.437999994
vt -0.584999979 0.432999998
vt -0.584999979 0.437999994
vt 0.00999999978 -0.391487986
vt 0 -0.394468993
vt 0.00999999978 -0.394468993
vt 0.00999999978 -0.394468993
vt 0 -0.394468993
vt 0 -0.397383988
vt 0.00999999978 -0.394468993
vt 0 -0.397383988
vt 0.00999999978 -0.397383988
vt 0.00999999978 -0.397383988
vt 0 -0.397383988
vt 0 -0.400166005
vt 0.00999999978 -0.397383988
vt 0 -0.400166005
vt 0.00999999978 -0.400166005
vt 0.00999999978 -0.400166005
vt 0 -0.400166005
vt 0 -0.402754992
vt 0.00999999978 -0.400166005
vt 0 -0.402754992
vt 0.00999999978 -0.402754992
vt 0.00999999978 -0.402754992
vt 0 -0.402754992
vt 0 -0.405092001
vt 0.00999999978 -0.402754992
vt 0 -0.405092001
vt 0.00999999978 -0.405092001
vt 0.454448998 0.00999999978
vt 0.454448998 0
vt 0.456640005 0
vt 0.454448998 0.00999999978
vt 0.456640005 0
vt 0.456640005 0.00999999978
vt 0.456640005 0.00999999978
vt 0.456640005 0
vt 0.459109992 0
vt 0.456640005 0.00999999978
vt 0.459109992 0
vt 0.459109992 0.00999999978
vt 0.459109992 0.00999999978
vt 0.459109992 0
vt 0.461802989 0
vt 0.459109992 0.00999999978
vt 0.461802989 0
vt 0.461802989 0.00999999978
vt 0.461802989 0.00999999978
vt 0.461802989 0
vt 0.464659989 0
vt 0.461802989 0.00999999978
vt 0.464659989 0
vt 0.464659989 0.00999999978
vt 0.464659989 0.00999999978
vt 0.464659989 0
vt 0.467615008 0
vt 0.464659989 0.00999999978
vt 0.467615008 0
vt 0.467615008 0.00999999978
vt 0.467615008 0.00999999978
vt 0.467615008 0
vt 0.470604986 0
vt 0.467615008 0.00999999978
vt 0.470604986 0
vt 0.470604986 0.00999999978
vt 0.470604986 0.00999999978
vt 0.470604986 0
vt 0.473560005 0
vt 0.470604986 0.00999999978
vt 0.473560005 0
vt 0.473560005 0.00999999978
vt 0.473560005 0.00999999978
vt 0.473560005 0
vt 0.476417005 0
vt 0.473560005 0.00999999978
vt 0.476417005 0
vt 0.476417005 0.00999999978
vt 0.476417005 0.00999999978
vt 0.476417005 0
vt 0.479110003 0
vt 0.476417005 0.00999999978
vt 0.479110003 0
vt 0.479110003 0.00999999978
vt 0.479110003 0.00999999978
vt 0.479110003 0
vt 0.481579989 0
vt 0.479110003 0.00999999978
vt 0.481579989 0
vt 0.481579989 0.00999999978
vt 0.481579989 0.00999999978
vt 0.481579989 0
vt 0.483770996 0
vt 0.481579989 0.00999999978
vt 0.483770996 0
vt 0.483770996 0.00999999978
vt -0.00999999978 -0.405092001
vt 0 -0.405092001
vt 0 -0.402754992
vt -0.00999999978 -0.405092001
vt 0 -0.402754992
vt -0.00999999978 -0.402754992
vt -0.00999999978 -0.402754992
vt 0 -0.402754992
vt 0 -0.400166005
vt -0.00999999978 -0.402754992
vt 0 -0.400166005
vt -0.00999999978 -0.400166005
vt -0.00999999978 -0.400166005
vt 0 -0.400166005
vt 0 -0.397383988
vt -0.00999999978 -0.400166005
vt 0 -0.397383988
vt -0.00999999978 -0.397383988
vt -0.00999999978 -0.397383988
vt 0 -0.397383988
vt 0 -0.394468993
vt -0.00999999978 -0.397383988
vt 0 -0.394468993
vt -0.00999999978 -0.394468993
vt -0.00999999978 -0.394468993
vt 0 -0.394468993
vt 0 -0.391487986
vt -0.00999999978 -0.394468993
vt 0 -0.391487986
vt -0.00999999978 -0.391487986
vt -0.00999999978 -0.391487986
vt 0 -0.391487986
vt 0 -0.388507992
vt -0.00999999978 -0.391487986
vt 0 -0.388507992
vt -0.00999999978 -0.388507992
vt -0.00999999978 -0.388507992
vt 0 -0.388507992
vt 0 -0.385592997
vt -0.00999999978 -0.388507992
vt 0 -0.385592997
vt -0.00999999978 -0.385592997
vt -0.00999999978 -0.385592997
vt 0 -0.385592997
vt 0 -0.38281101
vt -0.00999999978 -0.385592997
vt 0 -0.38281101
vt -0.00999999978 -0.38281101
vt -0.00999999978 -0.38281101
vt 0 -0.38281101
vt 0 -0.380221993
vt -0.00999999978 -0.38281101
vt 0 -0.380221993
vt -0.00999999978 -0.380221993
vt -0.00999999978 -0.380221993
vt 0 -0.380221993
vt 0 -0.377885014
vt -0.00999999978 -0.380221993
vt 0 -0.377885014
vt -0.00999999978 -0.377885014
vt -0.483770996 0.00999999978
vt -0.483770996 0
vt -0.481579989 0
vt -0.483770996 0.00999999978
vt -0.481579989 0
vt -0.481579989 0.00999999978
vt -0.481579989 0.00999999978
vt -0.481579989 0
vt -0.479110003 0
vt -0.481579989 0.00999999978
vt -0.479110003 0
vt -0.479110003 0.00999999978
vt -0.479110003 0.00999999978
vt -0.479110003 0
vt -0.476417005 0
vt -0.479110003 0.00999999978
vt -0.476417005 0
vt -0.476417005 0.00999999978
vt -0.476417005 0.00999999978
vt -0.476417005 0
vt -0.473560005 0
vt -0.476417005 0.00999999978
vt -0.473560005 0
vt -0.473560005 0.00999999978
vt -0.473560005 0.00999999978
vt -0.473560005 0
vt -0.470604986 0
vt -0.473560005 0.00999999978
vt -0.470604986 0
vt -0.470604986 0.00999999978
vt -0.470604986 0.00999999978
vt -0.470604986 0
vt -0.467615008 0
vt -0.470604986 0.00999999978
vt -0.467615008 0
vt -0.467615008 0.00999999978
vt -0.467615008 0.00999999978
vt -0.467615008 0
vt -0.464659989 0
vt -0.467615008 0.00999999978
vt -0.464659989 0
vt -0.464659989 0.00999999978
vt -0.464659989 0.00999999978
vt -0.464659989 0
vt -0.461802989 0
vt -0.464659989 0.00999999978
vt -0.461802989 0
vt -0.461802989 0.00999999978
vt -0.461802989 0.00999999978
vt -0.461802989 0
vt -0.459109992 0
vt -0.461802989 0.00999999978
vt -0.459109992 0
vt -0.459109992 0.00999999978
vt -0.459109992 0.00999999978
vt -0.459109992 0
vt -0.456640005 0
vt -0.459109992 0.00999999978
vt -0.456640005 0
vt -0.456640005 0.00999999978
vt -0.456640005 0.00999999978
vt -0.456640005 0
vt -0.454448998 0
vt -0.456640005 0.00999999978
vt -0.454448998 0
vt -0.454448998 0.00999999978
vt 0.00999999978 -0.377885014
vt 0 -0.377885014
vt 0 -0.380221993
vt 0.00999999978 -0.377885014
vt 0 -0.380221993
vt 0.00999999978 -0.380221993
vt 0.00999999978 -0.380221993
vt 0 -0.380221993
vt 0 -0.38281101
vt 0.00999999978 -0.380221993
vt 0 -0.38281101
vt 0.00999999978 -0.38281101
vt 0.00999999978 -0.38281101
vt 0 -0.38281101
vt 0 -0.385592997
vt 0.00999999978 -0.38281101
vt 0 -0.385592997
vt 0.00999999978 -0.385592997
vt 0.00999999978 -0.385592997
vt 0 -0.385592997
vt 0 -0.388507992
vt 0.00999999978 -0.385592997
vt 0 -0.388507992
vt 0.00999999978 -0.388507992
vt 0.00999999978 -0.388507992
vt 0 -0.388507992
vt 0 -0.391487986
vt 0.584999979 0.627438009
vt 0.584999979 0.517437994
vt 0.644999981 0.627438009
vt 0.644999981 0.627438009
vt 0.584999979 0.517437994
vt 0.644999981 0.517437994
vt 0.584999979 0.432999998
vt 0.644999981 0.432999998
vt 0.584999979 0.437999994
vt 0.584999979 0.437999994
vt 0.644999981 0.432999998
vt 0.644999981 0.437999994
vt -0.517437994 0.437999994
vt -0.627438009 0.437999994
vt -0.517437994 0.432999998
vt -0.517437994 0.432999998
vt -0.627438009 0.437999994
vt -0.627438009 0.432999998
vt -0.234999999 1.07000005
vt -0.234999999 1.00999999
vt 0.535000026 1.07000005
vt 0.535000026 1.07000005
vt -0.234999999 1.00999999
vt 0.535000026 1.00999999
vt 0.681110978 -0.419174999
vt 0.680446029 -0.416260988
vt 0.661333978 -0.422156006
vt 0.661333978 -0.422156006
vt 0.680446029 -0.416260988
vt 0.679354012 -0.413477987
vt 0 -0.422156006
vt 0 -0.413477987
vt 0 -0.422156006
vt 0.661333978 -0.422156006
vt 0.679354012 -0.413477987
vt 0.677859008 -0.410890013
vt 0 -0.422156006
vt 0 -0.410890013
vt 0 -0.422156006
vt 0.661333978 -0.422156006
vt 0.677859008 -0.410890013
vt 0.675994992 -0.408553004
vt 0 -0.422156006
vt 0 -0.408553004
vt 0 -0.422156006
vt 0.661333978 -0.422156006
vt 0.675994992 -0.408553004
vt 0.673803985 -0.406520009
vt 0 -0.422156006
vt 0 -0.406520009
vt 0 -0.422156006
vt 0.661333978 -0.422156006
vt 0.673803985 -0.406520009
vt 0.671334028 -0.404835999
vt 0 -0.422156006
vt 0 -0.404835999
vt 0 -0.422156006
vt 0.661333978 -0.422156006
vt 0.671334028 -0.404835999
vt 0.668640971 -0.403539002
vt 0 -0.422156006
vt 0 -0.403539002
vt 0 -0.422156006
vt 0.661333978 -0.422156006
vt 0.668640971 -0.403539002
vt 0.665785015 -0.402657986
vt 0 -0.422156006
vt 0 -0.402657986
vt 0 -0.422156006
vt 0.661333978 -0.422156006
vt 0.665785015 -0.402657986
vt 0.662828982 -0.402211994
vt 0 -0.422156006
vt 0 -0.402211994
vt 0 -0.422156006
vt 0.661333978 -0.422156006
vt 0.662828982 -0.402211994
vt 0.659839988 -0.402211994
vt 0 -0.422156006
vt 0 -0.402211994
vt 0 -0.422156006
vt 0.661333978 -0.422156006
vt 0.659839988 -0.402211994
vt 0.656884015 -0.402657986
vt 0 -0.422156006
vt 0 -0.402657986
vt 0 -0.422156006
vt 0.661333978 -0.422156006
vt 0.656884015 -0.402657986
vt 0.654026985 -0.403539002
vt 0 -0.422156006
vt 0 -0.403539002
vt 0 -0.422156006
vt 0.661333978 -0.422156006
vt 0.654026985 -0.403539002
vt 0.651333988 -0.404835999
vt 0 -0.422156006
vt 0 -0.404835999
vt 0 -0.422156006
vt 0.661333978 -0.422156006
vt 0.651333988 -0.404835999
vt 0.648863971 -0.406520009
vt 0 -0.422156006
vt 0 -0.406520009
vt 0 -0.422156006
vt 0.661333978 -0.422156006
vt 0.648863971 -0.406520009
vt 0.646673024 -0.408553004
vt 0 -0.422156006
vt 0 -0.408553004
vt 0 -0.422156006
vt 0.661333978 -0.422156006
vt 0.646673024 -0.408553004
vt 0.644809008 -0.410890013
vt 0 -0.422156006
vt 0 -0.410890013
vt 0 -0.422156006
vt 0.661333978 -0.422156006
vt 0.644809008 -0.410890013
vt 0.643315017 -0.413477987
vt 0 -0.422156006
vt 0 -0.413477987
vt 0 -0.422156006
vt 0.661333978 -0.422156006
vt 0.643315017 -0.413477987
vt 0.642223001 -0.416260988
vt 0 -0.422156006
vt 0 -0.416260988
vt 0 -0.422156006
vt 0.661333978 -0.422156006
vt 0.642223001 -0.416260988
vt 0.641557992 -0.419174999
vt 0 -0.422156006
vt 0 -0.419174999
vt 0 -0.422156006
vt 0.661333978 -0.422156006
vt 0.641557992 -0.419174999
vt 0.641333997 -0.422156006
vt 0 -0.422156006
vt 0 -0.422156006
vt 0 -0.422156006
vt 0.661333978 -0.422156006
vt 0.641333997 -0.422156006
vt 0.641557992 -0.425137013
vt 0 -0.422156006
vt 0 -0.425137013
vt 0 -0.422156006
vt 0.661333978 -0.422156006
vt 0.641557992 -0.425137013
vt 0.642223001 -0.428050995
vt 0 -0.422156006
vt 0 -0.428050995
vt 0 -0.422156006
vt 0.661333978 -0.422156006
vt 0.642223001 -0.428050995
vt 0.643315017 -0.430833995
vt 0 -0.422156006
vt 0 -0.430833995
vt 0 -0.422156006
vt 0.661333978 -0.422156006
vt 0.643315017 -0.430833995
vt 0.644809008 -0.433423012
vt 0 -0.422156006
vt 0 -0.433423012
vt 0 -0.422156006
vt 0.661333978 -0.422156006
vt 0.644809008 -0.433423012
vt 0.646673024 -0.435759991
vt 0 -0.422156006
vt 0 -0.435759991
vt 0 -0.422156006
vt 0.661333978 -0.422156006
vt 0.646673024 -0.435759991
vt 0.648863971 -0.437792987
vt 0 -0.422156006
vt 0 -0.437792987
vt 0 -0.422156006
vt 0.661333978 -0.422156006
vt 0.648863971 -0.437792987
vt 0.651333988 -0.439476997
vt 0 -0.422156006
vt 0 -0.439476997
vt 0 -0.422156006
vt 0.661333978 -0.422156006
vt 0.651333988 -0.439476997
vt 0.654026985 -0.440773994
vt 0 -0.422156006
vt 0 -0.440773994
vt 0 -0.422156006
vt 0.661333978 -0.422156006
vt 0.654026985 -0.440773994
vt 0.656884015 -0.44165501
vt 0 -0.422156006
vt 0 -0.44165501
vt 0 -0.422156006
vt 0.661333978 -0.422156006
vt 0.656884015 -0.44165501
vt 0.659839988 -0.442099988
vt 0 -0.422156006
vt 0 -0.442099988
vt 0 -0.422156006
vt 0.661333978 -0.422156006
vt 0.659839988 -0.442099988
vt 0.662828982 -0.442099988
vt 0 -0.422156006
vt 0 -0.442099988
vt 0 -0.422156006
vt 0.661333978 -0.422156006
vt 0.662828982 -0.442099988
vt 0.665785015 -0.44165501
vt 0 -0.422156006
vt 0 -0.44165501
vt 0 -0.422156006
vt 0.661333978 -0.422156006
vt 0.665785015 -0.44165501
vt 0.668640971 -0.440773994
vt 0 -0.422156006
vt 0 -0.440773994
vt 0 -0.422156006
vt 0.661333978 -0.422156006
vt 0.668640971 -0.440773994
vt 0.671334028 -0.439476997
vt 0 -0.422156006
vt 0 -0.439476997
vt 0 -0.422156006
vt 0.661333978 -0.422156006
vt 0.671334028 -0.439476997
vt 0.673803985 -0.437792987
vt 0 -0.422156006
vt 0 -0.437792987
vt 0 -0.422156006
vt 0.661333978 -0.422156006
vt 0.673803985 -0.437792987
vt 0.675994992 -0.435759991
vt 0 -0.422156006
vt 0 -0.435759991
vt 0 -0.422156006
vt 0.661333978 -0.422156006
vt 0.675994992 -0.435759991
vt 0.677859008 -0.433423012
vt 0 -0.422156006
vt 0 -0.433423012
vt 0 -0.422156006
vt 0.661333978 -0.422156006
vt 0.677859008 -0.433423012
vt 0.679354012 -0.430833995
vt 0 -0.422156006
vt 0 -0.430833995
vt 0 -0.422156006
vt 0.661333978 -0.422156006
vt 0.679354012 -0.430833995
vt 0.680446029 -0.428050995
vt 0 -0.422156006
vt 0 -0.428050995
vt 0 -0.422156006
vt 0.661333978 -0.422156006
vt 0.680446029 -0.428050995
vt 0.681110978 -0.425137013
vt 0 -0.422156006
vt 0 -0.425137013
vt 0 -0.422156006
vt 0.661333978 -0.422156006
vt 0.681110978 -0.425137013
vt 0.681334019 -0.422156006
vt 0.661333978 -0.422156006
vt 0.681334019 -0.422156006
vt 0.681110978 -0.419174999
vt 0.485635012 -0.402754992
vt 0.487129003 -0.400166005
vt 0.469110012 -0.391487986
vt 0.469110012 -0.391487986
vt 0.487129003 -0.400166005
vt 0.48822099 -0.397383988
vt -0.00999999978 -0.391487986
vt -0.00999999978 -0.397383988
vt -0.00999999978 -0.391487986
vt 0.469110012 -0.391487986
vt 0.48822099 -0.397383988
vt 0.488887012 -0.394468993
vt -0.00999999978 -0.391487986
vt -0.00999999978 -0.394468993
vt -0.00999999978 -0.391487986
vt 0.469110012 -0.391487986
vt 0.488887012 -0.394468993
vt 0.489109993 -0.391487986
vt -0.00999999978 -0.391487986
vt -0.00999999978 -0.391487986
vt -0.00999999978 -0.391487986
vt 0.469110012 -0.391487986
vt 0.489109993 -0.391487986
vt 0.488887012 -0.388507992
vt -0.00999999978 -0.391487986
vt -0.00999999978 -0.388507992
vt -0.00999999978 -0.391487986
vt 0.469110012 -0.391487986
vt 0.488887012 -0.388507992
vt 0.48822099 -0.385592997
vt -0.00999999978 -0.391487986
vt -0.00999999978 -0.385592997
vt -0.00999999978 -0.391487986
vt 0.469110012 -0.391487986
vt 0.48822099 -0.385592997
vt 0.487129003 -0.38281101
vt -0.00999999978 -0.391487986
vt -0.00999999978 -0.38281101
vt -0.00999999978 -0.391487986
vt 0.469110012 -0.391487986
vt 0.487129003 -0.38281101
vt 0.485635012 -0.380221993
vt -0.00999999978 -0.391487986
vt -0.00999999978 -0.380221993
vt -0.00999999978 -0.391487986
vt 0.469110012 -0.391487986
vt 0.485635012 -0.380221993
vt 0.483770996 -0.377885014
vt -0.00999999978 -0.391487986
vt -0.00999999978 -0.377885014
vt -0.00999999978 -0.391487986
vt 0.469110012 -0.391487986
vt 0.483770996 -0.377885014
vt 0.481579989 -0.375851989
vt -0.00999999978 -0.391487986
vt -0.00999999978 -0.375851989
vt -0.00999999978 -0.391487986
vt 0.469110012 -0.391487986
vt 0.481579989 -0.375851989
vt 0.479110003 -0.374168009
vt -0.00999999978 -0.391487986
vt -0.00999999978 -0.374168009
vt -0.00999999978 -0.391487986
vt 0.469110012 -0.391487986
vt 0.479110003 -0.374168009
vt 0.476417005 -0.372871011
vt -0.00999999978 -0.391487986
vt -0.00999999978 -0.372871011
vt -0.00999999978 -0.391487986
vt 0.469110012 -0.391487986
vt 0.476417005 -0.372871011
vt 0.473560005 -0.371989995
vt -0.00999999978 -0.391487986
vt -0.00999999978 -0.371989995
vt -0.00999999978 -0.391487986
vt 0.469110012 -0.391487986
vt 0.473560005 -0.371989995
vt 0.470604986 -0.371544003
vt -0.00999999978 -0.391487986
vt -0.00999999978 -0.371544003
vt -0.00999999978 -0.391487986
vt 0.469110012 -0.391487986
vt 0.470604986 -0.371544003
vt 0.467615008 -0.371544003
vt -0.00999999978 -0.391487986
vt -0.00999999978 -0.371544003
vt -0.00999999978 -0.391487986
vt 0.469110012 -0.391487986
vt 0.467615008 -0.371544003
vt 0.464659989 -0.371989995
vt -0.00999999978 -0.391487986
vt -0.00999999978 -0.371989995
vt -0.00999999978 -0.391487986
vt 0.469110012 -0.391487986
vt 0.464659989 -0.371989995
vt 0.461802989 -0.372871011
vt -0.00999999978 -0.391487986
vt -0.00999999978 -0.372871011
vt -0.00999999978 -0.391487986
vt 0.469110012 -0.391487986
vt 0.461802989 -0.372871011
vt 0.459109992 -0.374168009
vt -0.00999999978 -0.391487986
vt -0.00999999978 -0.374168009
vt -0.00999999978 -0.391487986
vt 0.469110012 -0.391487986
vt 0.459109992 -0.374168009
vt 0.456640005 -0.375851989
vt -0.00999999978 -0.391487986
vt -0.00999999978 -0.375851989
vt -0.00999999978 -0.391487986
vt 0.469110012 -0.391487986
vt 0.456640005 -0.375851989
vt 0.454448998 -0.377885014
vt -0.00999999978 -0.391487986
vt -0.00999999978 -0.377885014
vt -0.00999999978 -0.391487986
vt 0.469110012 -0.391487986
vt 0.454448998 -0.377885014
vt 0.452585012 -0.380221993
vt -0.00999999978 -0.391487986
vt -0.00999999978 -0.380221993
vt -0.00999999978 -0.391487986
vt 0.469110012 -0.391487986
vt 0.452585012 -0.380221993
vt 0.451090991 -0.38281101
vt -0.00999999978 -0.391487986
vt -0.00999999978 -0.38281101
vt -0.00999999978 -0.391487986
vt 0.469110012 -0.391487986
vt 0.451090991 -0.38281101
vt 0.449997991 -0.385592997
vt -0.00999999978 -0.391487986
vt -0.00999999978 -0.385592997
vt -0.00999999978 -0.391487986
vt 0.469110012 -0.391487986
vt 0.449997991 -0.385592997
vt 0.449333012 -0.388507992
vt -0.00999999978 -0.391487986
vt -0.00999999978 -0.388507992
vt -0.00999999978 -0.391487986
vt 0.469110012 -0.391487986
vt 0.449333012 -0.388507992
vt 0.449110001 -0.391487986
vt -0.00999999978 -0.391487986
vt -0.00999999978 -0.391487986
vt -0.00999999978 -0.391487986
vt 0.469110012 -0.391487986
vt 0.449110001 -0.391487986
vt 0.449333012 -0.394468993
vt -0.00999999978 -0.391487986
vt -0.00999999978 -0.394468993
vt -0.00999999978 -0.391487986
vt 0.469110012 -0.391487986
vt 0.449333012 -0.394468993
vt 0.449997991 -0.397383988
vt -0.00999999978 -0.391487986
vt -0.00999999978 -0.397383988
vt -0.00999999978 -0.391487986
vt 0.469110012 -0.391487986
vt 0.449997991 -0.397383988
vt 0.451090991 -0.400166005
vt -0.00999999978 -0.391487986
vt -0.00999999978 -0.400166005
vt -0.00999999978 -0.391487986
vt 0.469110012 -0.391487986
vt 0.451090991 -0.400166005
vt 0.452585012 -0.402754992
vt -0.00999999978 -0.391487986
vt -0.00999999978 -0.402754992
vt -0.00999999978 -0.391487986
vt 0.469110012 -0.391487986
vt 0.452585012 -0.402754992
vt 0.454448998 -0.405092001
vt -0.00999999978 -0.391487986
vt -0.00999999978 -0.405092001
vt -0.00999999978 -0.391487986
vt 0.469110012 -0.391487986
vt 0.454448998 -0.405092001
vt 0.456640005 -0.407124996
vt -0.00999999978 -0.391487986
vt -0.00999999978 -0.407124996
vt -0.00999999978 -0.391487986
vt 0.469110012 -0.391487986
vt 0.456640005 -0.407124996
vt 0.459109992 -0.408809006
vt -0.00999999978 -0.391487986
vt -0.00999999978 -0.408809006
vt -0.00999999978 -0.391487986
vt 0.469110012 -0.391487986
vt 0.459109992 -0.408809006
vt 0.461802989 -0.410106003
vt -0.00999999978 -0.391487986
vt -0.00999999978 -0.410106003
vt -0.00999999978 -0.391487986
vt 0.469110012 -0.391487986
vt 0.461802989 -0.410106003
vt 0.464659989 -0.41098699
vt -0.00999999978 -0.391487986
vt -0.00999999978 -0.41098699
vt -0.00999999978 -0.391487986
vt 0.469110012 -0.391487986
vt 0.464659989 -0.41098699
vt 0.467615008 -0.411431998
vt -0.00999999978 -0.391487986
vt -0.00999999978 -0.411431998
vt -0.00999999978 -0.391487986
vt 0.469110012 -0.391487986
vt 0.467615008 -0.411431998
vt 0.470604986 -0.411431998
vt -0.00999999978 -0.391487986
vt -0.00999999978 -0.411431998
vt -0.00999999978 -0.391487986
vt 0.469110012 -0.391487986
vt 0.470604986 -0.411431998
vt 0.473560005 -0.41098699
vt -0.00999999978 -0.391487986
vt -0.00999999978 -0.41098699
vt -0.00999999978 -0.391487986
vt 0.469110012 -0.391487986
vt 0.473560005 -0.41098699
vt 0.476417005 -0.410106003
vt -0.00999999978 -0.391487986
vt -0.00999999978 -0.410106003
vt -0.00999999978 -0.391487986
vt 0.469110012 -0.391487986
vt 0.476417005 -0.410106003
vt 0.479110003 -0.408809006
vt -0.00999999978 -0.391487986
vt -0.00999999978 -0.408809006
vt -0.00999999978 -0.391487986
vt 0.469110012 -0.391487986
vt 0.479110003 -0.408809006
vt 0.481579989 -0.407124996
vt -0.00999999978 -0.391487986
vt -0.00999999978 -0.407124996
vt -0.00999999978 -0.391487986
vt 0.469110012 -0.391487986
vt 0.481579989 -0.407124996
vt 0.483770996 -0.405092001
vt 0.469110012 -0.391487986
vt 0.483770996 -0.405092001
vt 0.485635012 -0.402754992
vt -0.667484999 0.426494986
vt -0.668150008 0.423581004
vt -0.648373008 0.420599997
vt -0.648373008 0.420599997
vt -0.668150008 0.423581004
vt -0.668372989 0.420599997
vt -0.00999999978 0.420599997
vt -0.00999999978 0.420599997
vt -0.00999999978 0.420599997
vt -0.648373008 0.420599997
vt -0.668372989 0.420599997
vt -0.668150008 0.41761899
vt -0.00999999978 0.420599997
vt -0.00999999978 0.41761899
vt -0.00999999978 0.420599997
vt -0.648373008 0.420599997
vt -0.668150008 0.41761899
vt -0.667484999 0.414705008
vt -0.00999999978 0.420599997
vt -0.00999999978 0.414705008
vt -0.00999999978 0.420599997
vt -0.648373008 0.420599997
vt -0.667484999 0.414705008
vt -0.666392982 0.411922008
vt -0.00999999978 0.420599997
vt -0.00999999978 0.411922008
vt -0.00999999978 0.420599997
vt -0.648373008 0.420599997
vt -0.666392982 0.411922008
vt -0.664897978 0.409334004
vt -0.00999999978 0.420599997
vt -0.00999999978 0.409334004
vt -0.00999999978 0.420599997
vt -0.648373008 0.420599997
vt -0.664897978 0.409334004
vt -0.663034022 0.406996995
vt -0.00999999978 0.420599997
vt -0.00999999978 0.406996995
vt -0.00999999978 0.420599997
vt -0.648373008 0.420599997
vt -0.663034022 0.406996995
vt -0.660843015 0.404962987
vt -0.00999999978 0.420599997
vt -0.00999999978 0.404962987
vt -0.00999999978 0.420599997
vt -0.648373008 0.420599997
vt -0.660843015 0.404962987
vt -0.658372998 0.40327999
vt -0.00999999978 0.420599997
vt -0.00999999978 0.40327999
vt -0.00999999978 0.420599997
vt -0.648373008 0.420599997
vt -0.658372998 0.40327999
vt -0.655680001 0.401982993
vt -0.00999999978 0.420599997
vt -0.00999999978 0.401982993
vt -0.00999999978 0.420599997
vt -0.648373008 0.420599997
vt -0.655680001 0.401982993
vt -0.652823985 0.401100993
vt -0.00999999978 0.420599997
vt -0.00999999978 0.401100993
vt -0.00999999978 0.420599997
vt -0.648373008 0.420599997
vt -0.652823985 0.401100993
vt -0.649868011 0.400656015
vt -0.00999999978 0.420599997
vt -0.00999999978 0.400656015
vt -0.00999999978 0.420599997
vt -0.648373008 0.420599997
vt -0.649868011 0.400656015
vt -0.646879017 0.400656015
vt -0.00999999978 0.420599997
vt -0.00999999978 0.400656015
vt -0.00999999978 0.420599997
vt -0.648373008 0.420599997
vt -0.646879017 0.400656015
vt -0.643922985 0.401100993
vt -0.00999999978 0.420599997
vt -0.00999999978 0.401100993
vt -0.00999999978 0.420599997
vt -0.648373008 0.420599997
vt -0.643922985 0.401100993
vt -0.641067028 0.401982993
vt -0.00999999978 0.420599997
vt -0.00999999978 0.401982993
vt -0.00999999978 0.420599997
vt -0.648373008 0.420599997
vt -0.641067028 0.401982993
vt -0.638373017 0.40327999
vt -0.00999999978 0.420599997
vt -0.00999999978 0.40327999
vt -0.00999999978 0.420599997
vt -0.648373008 0.420599997
vt -0.638373017 0.40327999
vt -0.635904014 0.404962987
vt -0.00999999978 0.420599997
vt -0.00999999978 0.404962987
vt -0.00999999978 0.420599997
vt -0.648373008 0.420599997
vt -0.635904014 0.404962987
vt -0.633711994 0.406996995
vt -0.00999999978 0.420599997
vt -0.00999999978 0.406996995
vt -0.00999999978 0.420599997
vt -0.648373008 0.420599997
vt -0.633711994 0.406996995
vt -0.631848991 0.409334004
vt -0.00999999978 0.420599997
vt -0.00999999978 0.409334004
vt -0.00999999978 0.420599997
vt -0.648373008 0.420599997
vt -0.631848991 0.409334004
vt -0.630353987 0.411922008
vt -0.00999999978 0.420599997
vt -0.00999999978 0.411922008
vt -0.00999999978 0.420599997
vt -0.648373008 0.420599997
vt -0.630353987 0.411922008
vt -0.629261971 0.414705008
vt -0.00999999978 0.420599997
vt -0.00999999978 0.414705008
vt -0.00999999978 0.420599997
vt -0.648373008 0.420599997
vt -0.629261971 0.414705008
vt -0.628597021 0.41761899
vt -0.00999999978 0.420599997
vt -0.00999999978 0.41761899
vt -0.00999999978 0.420599997
vt -0.648373008 0.420599997
vt -0.628597021 0.41761899
vt -0.628373981 0.420599997
vt -0.00999999978 0.420599997
vt -0.00999999978 0.420599997
vt -0.00999999978 0.420599997
vt -0.648373008 0.420599997
vt -0.628373981 0.420599997
vt -0.628597021 0.423581004
vt -0.00999999978 0.420599997
vt -0.00999999978 0.423581004
vt -0.00999999978 0.420599997
vt -0.648373008 0.420599997
vt -0.628597021 0.423581004
vt -0.629261971 0.426494986
vt -0.00999999978 0.420599997
vt -0.00999999978 0.426494986
vt -0.00999999978 0.420599997
vt -0.648373008 0.420599997
vt -0.629261971 0.426494986
vt -0.630353987 0.429277986
vt -0.00999999978 0.420599997
vt -0.00999999978 0.429277986
vt -0.00999999978 0.420599997
vt -0.648373008 0.420599997
vt -0.630353987 0.429277986
vt -0.631848991 0.43186599
vt -0.00999999978 0.420599997
vt -0.00999999978 0.43186599
vt -0.00999999978 0.420599997
vt -0.648373008 0.420599997
vt -0.631848991 0.43186599
vt -0.633711994 0.434202999
vt -0.00999999978 0.420599997
vt -0.00999999978 0.434202999
vt -0.00999999978 0.420599997
vt -0.648373008 0.420599997
vt -0.633711994 0.434202999
vt -0.635904014 0.436237007
vt -0.00999999978 0.420599997
vt -0.00999999978 0.436237007
vt -0.00999999978 0.420599997
vt -0.648373008 0.420599997
vt -0.635904014 0.436237007
vt -0.638373017 0.437920004
vt -0.00999999978 0.420599997
vt -0.00999999978 0.437920004
vt -0.00999999978 0.420599997
vt -0.648373008 0.420599997
vt -0.638373017 0.437920004
vt -0.641067028 0.439217001
vt -0.00999999978 0.420599997
vt -0.00999999978 0.439217001
vt -0.00999999978 0.420599997
vt -0.648373008 0.420599997
vt -0.641067028 0.439217001
vt -0.643922985 0.440099001
vt -0.00999999978 0.420599997
vt -0.00999999978 0.440099001
vt -0.00999999978 0.420599997
vt -0.648373008 0.420599997
vt -0.643922985 0.440099001
vt -0.646879017 0.440544009
vt -0.00999999978 0.420599997
vt -0.00999999978 0.440544009
vt -0.00999999978 0.420599997
vt -0.648373008 0.420599997
vt -0.646879017 0.440544009
vt -0.649868011 0.440544009
vt -0.00999999978 0.420599997
vt -0.00999999978 0.440544009
vt -0.00999999978 0.420599997
vt -0.648373008 0.420599997
vt -0.649868011 0.440544009
vt -0.652823985 0.440099001
vt -0.00999999978 0.420599997
vt -0.00999999978 0.440099001
vt -0.00999999978 0.420599997
vt -0.648373008 0.420599997
vt -0.652823985 0.440099001
vt -0.655680001 0.439217001
vt -0.00999999978 0.420599997
vt -0.00999999978 0.439217001
vt -0.00999999978 0.420599997
vt -0.648373008 0.420599997
vt -0.655680001 0.439217001
vt -0.658372998 0.437920004
vt -0.00999999978 0.420599997
vt -0.00999999978 0.437920004
vt -0.00999999978 0.420599997
vt -0.648373008 0.420599997
vt -0.658372998 0.437920004
vt -0.660843015 0.436237007
vt -0.00999999978 0.420599997
vt -0.00999999978 0.436237007
vt -0.00999999978 0.420599997
vt -0.648373008 0.420599997
vt -0.660843015 0.436237007
vt -0.663034022 0.434202999
vt -0.00999999978 0.420599997
vt -0.00999999978 0.434202999
vt -0.00999999978 0.420599997
vt -0.648373008 0.420599997
vt -0.663034022 0.434202999
vt -0.664897978 0.43186599
vt -0.00999999978 0.420599997
vt -0.00999999978 0.43186599
vt -0.00999999978 0.420599997
vt -0.648373008 0.420599997
vt -0.664897978 0.43186599
vt -0.666392982 0.429277986
vt -0.648373008 0.420599997
vt -0.666392982 0.429277986
vt -0.667484999 0.426494986
vt 0.668372989 0.420599997
vt 0.668150008 0.423581004
vt 0.648373008 0.420599997
vt 0.648373008 0.420599997
vt 0.668150008 0.423581004
vt 0.667484999 0.426494986
vt 0 0.420599997
vt 0 0.426494986
vt 0 0.420599997
vt 0.648373008 0.420599997
vt 0.667484999 0.426494986
vt 0.666392982 0.429277986
vt 0 0.420599997
vt 0 0.429277986
vt 0 0.420599997
vt 0.648373008 0.420599997
vt 0.666392982 0.429277986
vt 0.664897978 0.43186599
vt 0 0.420599997
vt 0 0.43186599
vt 0 0.420599997
vt 0.648373008 0.420599997
vt 0.664897978 0.43186599
vt 0.663034022 0.434202999
vt 0 0.420599997
vt 0 0.434202999
vt 0 0.420599997
vt 0.648373008 0.420599997
vt 0.663034022 0.434202999
vt 0.660843015 0.436237007
vt 0 0.420599997
vt 0 0.436237007
vt 0 0.420599997
vt 0.648373008 0.420599997
vt 0.660843015 0.436237007
vt 0.658372998 0.437920004
vt 0 0.420599997
vt 0 0.437920004
vt 0 0.420599997
vt 0.648373008 0.420599997
vt 0.658372998 0.437920004
vt 0.655680001 0.439217001
vt 0 0.420599997
vt 0 0.439217001
vt 0 0.420599997
vt 0.648373008 0.420599997
vt 0.655680001 0.439217001
vt 0.652823985 0.440099001
vt 0 0.420599997
vt 0 0.440099001
vt 0 0.420599997
vt 0.648373008 0.420599997
vt 0.652823985 0.440099001
vt 0.649868011 0.440544009
vt 0 0.420599997
vt 0 0.440544009
vt 0 0.420599997
vt 0.648373008 0.420599997
vt 0.649868011 0.440544009
vt 0.646879017 0.440544009
vt 0 0.420599997
vt 0 0.440544009
vt 0 0.420599997
vt 0.648373008 0.420599997
vt 0.646879017 0.440544009
vt 0.643922985 0.440099001
vt 0 0.420599997
vt 0 0.440099001
vt 0 0.420599997
vt 0.648373008 0.420599997
vt 0.643922985 0.440099001
vt 0.641067028 0.439217001
vt 0 0.420599997
vt 0 0.439217001
vt 0 0.420599997
vt 0.648373008 0.420599997
vt 0.641067028 0.439217001
vt 0.638373017 0.437920004
vt 0 0.420599997
vt 0 0.437920004
vt 0 0.420599997
vt 0.648373008 0.420599997
vt 0.638373017 0.437920004
vt 0.635904014 0.436237007
vt 0 0.420599997
vt 0 0.436237007
vt 0 0.420599997
vt 0.648373008 0.420599997
vt 0.635904014 0.436237007
vt 0.633711994 0.434202999
vt 0 0.420599997
vt 0 0.434202999
vt 0 0.420599997
vt 0.648373008 0.420599997
vt 0.633711994 0.434202999
vt 0.631848991 0.43186599
vt 0 0.420599997
vt 0 0.43186599
vt 0 0.420599997
vt 0.648373008 0.420599997
vt 0.631848991 0.43186599
vt 0.630353987 0.429277986
vt 0 0.420599997
vt 0 0.429277986
vt 0 0.420599997
vt 0.648373008 0.420599997
vt 0.630353987 0.429277986
vt 0.629261971 0.426494986
vt 0 0.420599997
vt 0 0.426494986
vt 0 0.420599997
vt 0.648373008 0.420599997
vt 0.629261971 0.426494986
vt 0.628597021 0.423581004
vt 0 0.420599997
vt 0 0.423581004
vt 0 0.420599997
vt 0.648373008 0.420599997
vt 0.628597021 0.423581004
vt 0.628373981 0.420599997
vt 0 0.420599997
vt 0 0.420599997
vt 0 0.420599997
vt 0.648373008 0.420599997
vt 0.628373981 0.420599997
vt 0.628597021 0.41761899
vt 0 0.420599997
vt 0 0.41761899
vt 0 0.420599997
vt 0.648373008 0.420599997
vt 0.628597021 0.41761899
vt 0.629261971 0.414705008
vt 0 0.420599997
vt 0 0.414705008
vt 0 0.420599997
vt 0.648373008 0.420599997
vt 0.629261971 0.414705008
vt 0.630353987 0.411922008
vt 0 0.420599997
vt 0 0.411922008
vt 0 0.420599997
vt 0.648373008 0.420599997
vt 0.630353987 0.411922008
vt 0.631848991 0.409334004
vt 0 0.420599997
vt 0 0.409334004
vt 0 0.420599997
vt 0.648373008 0.420599997
vt 0.631848991 0.409334004
vt 0.633711994 0.406996995
vt 0 0.420599997
vt 0 0.406996995
vt 0 0.420599997
vt 0.648373008 0.420599997
vt 0.633711994 0.406996995
vt 0.635904014 0.404962987
vt 0 0.420599997
vt 0 0.404962987
vt 0 0.420599997
vt 0.648373008 0.420599997
vt 0.635904014 0.404962987
vt 0.638373017 0.40327999
vt 0 0.420599997
vt 0 0.40327999
vt 0 0.420599997
vt 0.648373008 0.420599997
vt 0.638373017 0.40327999
vt 0.641067028 0.401982993
vt 0 0.420599997
vt 0 0.401982993
vt 0 0.420599997
vt 0.648373008 0.420599997
vt 0.641067028 0.401982993
vt 0.643922985 0.401100993
vt 0 0.420599997
vt 0 0.401100993
vt 0 0.420599997
vt 0.648373008 0.420599997
vt 0.643922985 0.401100993
vt 0.646879017 0.400656015
vt 0 0.420599997
vt 0 0.400656015
vt 0 0.420599997
vt 0.648373008 0.420599997
vt 0.646879017 0.400656015
vt 0.649868011 0.400656015
vt 0 0.420599997
vt 0 0.400656015
vt 0 0.420599997
vt 0.648373008 0.420599997
vt 0.649868011 0.400656015
vt 0.652823985 0.401100993
vt 0 0.420599997
vt 0 0.401100993
vt 0 0.420599997
vt 0.648373008 0.420599997
vt 0.652823985 0.401100993
vt 0.655680001 0.401982993
vt 0 0.420599997
vt 0 0.401982993
vt 0 0.420599997
vt 0.648373008 0.420599997
vt 0.655680001 0.401982993
vt 0.658372998 0.40327999
vt 0 0.420599997
vt 0 0.40327999
vt 0 0.420599997
vt 0.648373008 0.420599997
vt 0.658372998 0.40327999
vt 0.660843015 0.404962987
vt 0 0.420599997
vt 0 0.404962987
vt 0 0.420599997
vt 0.648373008 0.420599997
vt 0.660843015 0.404962987
vt 0.663034022 0.406996995
vt 0 0.420599997
vt 0 0.406996995
vt 0 0.420599997
vt 0.648373008 0.420599997
vt 0.663034022 0.406996995
vt 0.664897978 0.409334004
vt 0 0.420599997
vt 0 0.409334004
vt 0 0.420599997
vt 0.648373008 0.420599997
vt 0.664897978 0.409334004
vt 0.666392982 0.411922008
vt 0 0.420599997
vt 0 0.411922008
vt 0 0.420599997
vt 0.648373008 0.420599997
vt 0.666392982 0.411922008
vt 0.667484999 0.414705008
vt 0 0.420599997
vt 0 0.414705008
vt 0 0.420599997
vt 0.648373008 0.420599997
vt 0.667484999 0.414705008
vt 0.668150008 0.41761899
vt 0.648373008 0.420599997
vt 0.668150008 0.41761899
vt 0.668372989 0.420599997
vt -0.485635012 -0.402754992
vt -0.483770996 -0.405092001
vt -0.469110012 -0.391487986
vt -0.469110012 -0.391487986
vt -0.483770996 -0.405092001
vt -0.481579989 -0.407124996
vt 0 -0.391487986
vt 0 -0.407124996
vt 0 -0.391487986
vt -0.469110012 -0.391487986
vt -0.481579989 -0.407124996
vt -0.479110003 -0.408809006
vt 0 -0.391487986
vt 0 -0.408809006
vt 0 -0.391487986
vt -0.469110012 -0.391487986
vt -0.479110003 -0.408809006
vt -0.476417005 -0.410106003
vt 0 -0.391487986
vt 0 -0.410106003
vt 0 -0.391487986
vt -0.469110012 -0.391487986
vt -0.476417005 -0.410106003
vt -0.473560005 -0.41098699
vt 0 -0.391487986
vt 0 -0.41098699
vt 0 -0.391487986
vt -0.469110012 -0.391487986
vt -0.473560005 -0.41098699
vt -0.470604986 -0.411431998
vt 0 -0.391487986
vt 0 -0.411431998
vt 0 -0.391487986
vt -0.469110012 -0.391487986
vt -0.470604986 -0.411431998
vt -0.467615008 -0.411431998
vt 0 -0.391487986
vt 0 -0.411431998
vt 0 -0.391487986
vt -0.469110012 -0.391487986
vt -0.467615008 -0.411431998
vt -0.464659989 -0.41098699
vt 0 -0.391487986
vt 0 -0.41098699
vt 0 -0.391487986
vt -0.469110012 -0.391487986
vt -0.464659989 -0.41098699
vt -0.461802989 -0.410106003
vt 0 -0.391487986
vt 0 -0.410106003
vt 0 -0.391487986
vt -0.469110012 -0.391487986
vt -0.461802989 -0.410106003
vt -0.459109992 -0.408809006
vt 0 -0.391487986
vt 0 -0.408809006
vt 0 -0.391487986
vt -0.469110012 -0.391487986
vt -0.459109992 -0.408809006
vt -0.456640005 -0.407124996
vt 0 -0.391487986
vt 0 -0.407124996
vt 0 -0.391487986
vt -0.469110012 -0.391487986
vt -0.456640005 -0.407124996
vt -0.454448998 -0.405092001
vt 0 -0.391487986
vt 0 -0.405092001
vt 0 -0.391487986
vt -0.469110012 -0.391487986
vt -0.454448998 -0.405092001
vt -0.452585012 -0.402754992
vt 0 -0.391487986
vt 0 -0.402754992
vt 0 -0.391487986
vt -0.469110012 -0.391487986
vt -0.452585012 -0.402754992
vt -0.451090991 -0.400166005
vt 0 -0.391487986
vt 0 -0.400166005
vt 0 -0.391487986
vt -0.469110012 -0.391487986
vt -0.451090991 -0.400166005
vt -0.449997991 -0.397383988
vt 0 -0.391487986
vt 0 -0.397383988
vt 0 -0.391487986
vt -0.469110012 -0.391487986
vt -0.449997991 -0.397383988
vt -0.449333012 -0.394468993
vt 0 -0.391487986
vt 0 -0.394468993
vt 0 -0.391487986
vt -0.469110012 -0.391487986
vt -0.449333012 -0.394468993
vt -0.449110001 -0.391487986
vt 0 -0.391487986
vt 0 -0.391487986
vt 0 -0.391487986
vt -0.469110012 -0.391487986
vt -0.449110001 -0.391487986
vt -0.449333012 -0.388507992
vt 0 -0.391487986
vt 0 -0.388507992
vt 0 -0.391487986
vt -0.469110012 -0.391487986
vt -0.449333012 -0.388507992
vt -0.449997991 -0.385592997
vt 0 -0.391487986
vt 0 -0.385592997
vt 0 -0.391487986
vt -0.469110012 -0.391487986
vt -0.449997991 -0.385592997
vt -0.451090991 -0.38281101
vt 0 -0.391487986
vt 0 -0.38281101
vt 0 -0.391487986
vt -0.469110012 -0.391487986
vt -0.451090991 -0.38281101
vt -0.452585012 -0.380221993
vt 0 -0.391487986
vt 0 -0.380221993
vt 0 -0.391487986
vt -0.469110012 -0.391487986
vt -0.452585012 -0.380221993
vt -0.454448998 -0.377885014
vt 0 -0.391487986
vt 0 -0.377885014
vt 0 -0.391487986
vt -0.469110012 -0.391487986
vt -0.454448998 -0.377885014
vt -0.456640005 -0.375851989
vt 0 -0.391487986
vt 0 -0.375851989
vt 0 -0.391487986
vt -0.469110012 -0.391487986
vt -0.456640005 -0.375851989
vt -0.459109992 -0.374168009
vt 0 -0.391487986
vt 0 -0.374168009
vt 0 -0.391487986
vt -0.469110012 -0.391487986
vt -0.459109992 -0.374168009
vt -0.461802989 -0.372871011
vt 0 -0.391487986
vt 0 -0.372871011
vt 0 -0.391487986
vt -0.469110012 -0.391487986
vt -0.461802989 -0.372871011
vt -0.464659989 -0.371989995
vt 0 -0.391487986
vt 0 -0.371989995
vt 0 -0.391487986
vt -0.469110012 -0.391487986
vt -0.464659989 -0.371989995
vt -0.467615008 -0.371544003
vt 0 -0.391487986
vt 0 -0.371544003
vt 0 -0.391487986
vt -0.469110012 -0.391487986
vt -0.467615008 -0.371544003
vt -0.470604986 -0.371544003
vt 0 -0.391487986
vt 0 -0.371544003
vt 0 -0.391487986
vt -0.469110012 -0.391487986
vt -0.470604986 -0.371544003
vt -0.473560005 -0.371989995
vt 0 -0.391487986
vt 0 -0.371989995
vt 0 -0.391487986
vt -0.469110012 -0.391487986
vt -0.473560005 -0.371989995
vt -0.476417005 -0.372871011
vt 0 -0.391487986
vt 0 -0.372871011
vt 0 -0.391487986
vt -0.469110012 -0.391487986
vt -0.476417005 -0.372871011
vt -0.479110003 -0.374168009
vt 0 -0.391487986
vt 0 -0.374168009
vt 0 -0.391487986
vt -0.469110012 -0.391487986
vt -0.479110003 -0.374168009
vt -0.481579989 -0.375851989
vt 0 -0.391487986
vt 0 -0.375851989
vt 0 -0.391487986
vt -0.469110012 -0.391487986
vt -0.481579989 -0.375851989
vt -0.483770996 -0.377885014
vt 0 -0.391487986
vt 0 -0.377885014
vt 0 -0.391487986
vt -0.469110012 -0.391487986
vt -0.483770996 -0.377885014
vt -0.485635012 -0.380221993
vt 0 -0.391487986
vt 0 -0.380221993
vt 0 -0.391487986
vt -0.469110012 -0.391487986
vt -0.485635012 -0.380221993
vt -0.487129003 -0.38281101
vt 0 -0.391487986
vt 0 -0.38281101
vt 0 -0.391487986
vt -0.469110012 -0.391487986
vt -0.487129003 -0.38281101
vt -0.48822099 -0.385592997
vt 0 -0.391487986
vt 0 -0.385592997
vt 0 -0.391487986
vt -0.469110012 -0.391487986
vt -0.48822099 -0.385592997
vt -0.488887012 -0.388507992
vt 0 -0.391487986
vt 0 -0.388507992
vt 0 -0.391487986
vt -0.469110012 -0.391487986
vt -0.488887012 -0.388507992
vt -0.489109993 -0.391487986
vt 0 -0.391487986
vt 0 -0.391487986
vt 0 -0.391487986
vt -0.469110012 -0.391487986
vt -0.489109993 -0.391487986
vt -0.488887012 -0.394468993
vt 0 -0.391487986
vt 0 -0.394468993
vt 0 -0.391487986
vt -0.469110012 -0.391487986
vt -0.488887012 -0.394468993
vt -0.48822099 -0.397383988
vt 0 -0.391487986
vt 0 -0.397383988
vt 0 -0.391487986
vt -0.469110012 -0.391487986
vt -0.48822099 -0.397383988
vt -0.487129003 -0.400166005
vt -0.469110012 -0.391487986
vt -0.487129003 -0.400166005
vt -0.485635012 -0.402754992
vt 0.302781999 -0.416260988
vt 0.301690012 -0.413477987
vt 0.283670992 -0.422156006
vt 0.283670992 -0.422156006
vt 0.301690012 -0.413477987
vt 0.300195992 -0.410890013
vt 0 -0.422156006
vt 0 -0.410890013
vt 0 -0.422156006
vt 0.283670992 -0.422156006
vt 0.300195992 -0.410890013
vt 0.298332006 -0.408553004
vt 0 -0.422156006
vt 0 -0.408553004
vt 0 -0.422156006
vt 0.283670992 -0.422156006
vt 0.298332006 -0.408553004
vt 0.296140999 -0.406520009
vt 0 -0.422156006
vt 0 -0.406520009
vt 0 -0.422156006
vt 0.283670992 -0.422156006
vt 0.296140999 -0.406520009
vt 0.293671012 -0.404835999
vt 0 -0.422156006
vt 0 -0.404835999
vt 0 -0.422156006
vt 0.283670992 -0.422156006
vt 0.293671012 -0.404835999
vt 0.290978014 -0.403539002
vt 0 -0.422156006
vt 0 -0.403539002
vt 0 -0.422156006
vt 0.283670992 -0.422156006
vt 0.290978014 -0.403539002
vt 0.288121015 -0.402657986
vt 0 -0.422156006
vt 0 -0.402657986
vt 0 -0.422156006
vt 0.283670992 -0.422156006
vt 0.288121015 -0.402657986
vt 0.285165012 -0.402211994
vt 0 -0.422156006
vt 0 -0.402211994
vt 0 -0.422156006
vt 0.283670992 -0.422156006
vt 0.285165012 -0.402211994
vt 0.282175988 -0.402211994
vt 0 -0.422156006
vt 0 -0.402211994
vt 0 -0.422156006
vt 0.283670992 -0.422156006
vt 0.282175988 -0.402211994
vt 0.279220015 -0.402657986
vt 0 -0.422156006
vt 0 -0.402657986
vt 0 -0.422156006
vt 0.283670992 -0.422156006
vt 0.279220015 -0.402657986
vt 0.276363999 -0.403539002
vt 0 -0.422156006
vt 0 -0.403539002
vt 0 -0.422156006
vt 0.283670992 -0.422156006
vt 0.276363999 -0.403539002
vt 0.273671001 -0.404835999
vt 0 -0.422156006
vt 0 -0.404835999
vt 0 -0.422156006
vt 0.283670992 -0.422156006
vt 0.273671001 -0.404835999
vt 0.271201015 -0.406520009
vt 0 -0.422156006
vt 0 -0.406520009
vt 0 -0.422156006
vt 0.283670992 -0.422156006
vt 0.271201015 -0.406520009
vt 0.269010007 -0.408553004
vt 0 -0.422156006
vt 0 -0.408553004
vt 0 -0.422156006
vt 0.283670992 -0.422156006
vt 0.269010007 -0.408553004
vt 0.267145991 -0.410890013
vt 0 -0.422156006
vt 0 -0.410890013
vt 0 -0.422156006
vt 0.283670992 -0.422156006
vt 0.267145991 -0.410890013
vt 0.265650988 -0.413477987
vt 0 -0.422156006
vt 0 -0.413477987
vt 0 -0.422156006
vt 0.283670992 -0.422156006
vt 0.265650988 -0.413477987
vt 0.264559001 -0.416260988
vt 0 -0.422156006
vt 0 -0.416260988
vt 0 -0.422156006
vt 0.283670992 -0.422156006
vt 0.264559001 -0.416260988
vt 0.263893992 -0.419174999
vt 0 -0.422156006
vt 0 -0.419174999
vt 0 -0.422156006
vt 0.283670992 -0.422156006
vt 0.263893992 -0.419174999
vt 0.263671011 -0.422156006
vt 0 -0.422156006
vt 0 -0.422156006
vt 0 -0.422156006
vt 0.283670992 -0.422156006
vt 0.263671011 -0.422156006
vt 0.263893992 -0.425137013
vt 0 -0.422156006
vt 0 -0.425137013
vt 0 -0.422156006
vt 0.283670992 -0.422156006
vt 0.263893992 -0.425137013
vt 0.264559001 -0.428050995
vt 0 -0.422156006
vt 0 -0.428050995
vt 0 -0.422156006
vt 0.283670992 -0.422156006
vt 0.264559001 -0.428050995
vt 0.265650988 -0.430833995
vt 0 -0.422156006
vt 0 -0.430833995
vt 0 -0.422156006
vt 0.283670992 -0.422156006
vt 0.265650988 -0.430833995
vt 0.267145991 -0.433423012
vt 0 -0.422156006
vt 0 -0.433423012
vt 0 -0.422156006
vt 0.283670992 -0.422156006
vt 0.267145991 -0.433423012
vt 0.269010007 -0.435759991
vt 0 -0.422156006
vt 0 -0.435759991
vt 0 -0.422156006
vt 0.283670992 -0.422156006
vt 0.269010007 -0.435759991
vt 0.271201015 -0.437792987
vt 0 -0.422156006
vt 0 -0.437792987
vt 0 -0.422156006
vt 0.283670992 -0.422156006
vt 0.271201015 -0.437792987
vt 0.273671001 -0.439476997
vt 0 -0.422156006
vt 0 -0.439476997
vt 0 -0.422156006
vt 0.283670992 -0.422156006
vt 0.273671001 -0.439476997
vt 0.276363999 -0.440773994
vt 0 -0.422156006
vt 0 -0.440773994
vt 0 -0.422156006
vt 0.283670992 -0.422156006
vt 0.276363999 -0.440773994
vt 0.279220015 -0.44165501
vt 0 -0.422156006
vt 0 -0.44165501
vt 0 -0.422156006
vt 0.283670992 -0.422156006
vt 0.279220015 -0.44165501
vt 0.282175988 -0.442099988
vt 0 -0.422156006
vt 0 -0.442099988
vt 0 -0.422156006
vt 0.283670992 -0.422156006
vt 0.282175988 -0.442099988
vt 0.285165012 -0.442099988
vt 0 -0.422156006
vt 0 -0.442099988
vt 0 -0.422156006
vt 0.283670992 -0.422156006
vt 0.285165012 -0.442099988
vt 0.288121015 -0.44165501
vt 0 -0.422156006
vt 0 -0.44165501
vt 0 -0.422156006
vt 0.283670992 -0.422156006
vt 0.288121015 -0.44165501
vt 0.290978014 -0.440773994
vt 0 -0.422156006
vt 0 -0.440773994
vt 0 -0.422156006
vt 0.283670992 -0.422156006
vt 0.290978014 -0.440773994
vt 0.293671012 -0.439476997
vt 0 -0.422156006
vt 0 -0.439476997
vt 0 -0.422156006
vt 0.283670992 -0.422156006
vt 0.293671012 -0.439476997
vt 0.296140999 -0.437792987
vt 0 -0.422156006
vt 0 -0.437792987
vt 0 -0.422156006
vt 0.283670992 -0.422156006
vt 0.296140999 -0.437792987
vt 0.298332006 -0.435759991
vt 0 -0.422156006
vt 0 -0.435759991
vt 0 -0.422156006
vt 0.283670992 -0.422156006
vt 0.298332006 -0.435759991
vt 0.300195992 -0.433423012
vt 0 -0.422156006
vt 0 -0.433423012
vt 0 -0.422156006
vt 0.283670992 -0.422156006
vt 0.300195992 -0.433423012
vt 0.301690012 -0.430833995
vt 0 -0.422156006
vt 0 -0.430833995
vt 0 -0.422156006
vt 0.283670992 -0.422156006
vt 0.301690012 -0.430833995
vt 0.302781999 -0.428050995
vt 0 -0.422156006
vt 0 -0.428050995
vt 0 -0.422156006
vt 0.283670992 -0.422156006
vt 0.302781999 -0.428050995
vt 0.303447008 -0.425137013
vt 0 -0.422156006
vt 0 -0.425137013
vt 0 -0.422156006
vt 0.283670992 -0.422156006
vt 0.303447008 -0.425137013
vt 0.303671002 -0.422156006
vt 0 -0.422156006
vt 0 -0.422156006
vt 0 -0.422156006
vt 0.283670992 -0.422156006
vt 0.303671002 -0.422156006
vt 0.303447008 -0.419174999
vt 0.283670992 -0.422156006
vt 0.303447008 -0.419174999
vt 0.302781999 -0.416260988
vt -0.451202005 0.0329240002
vt -0.452293992 0.0357059985
vt -0.470313013 0.0270290002
vt -0.470313013 0.0270290002
vt -0.452293992 0.0357059985
vt -0.453788996 0.0382950008
vt 0 0.0270290002
vt 0 0.0382950008
vt 0 0.0270290002
vt -0.470313013 0.0270290002
vt -0.453788996 0.0382950008
vt -0.455651999 0.0406319983
vt 0 0.0270290002
vt 0 0.0406319983
vt 0 0.0270290002
vt -0.470313013 0.0270290002
vt -0.455651999 0.0406319983
vt -0.457843989 0.042665001
vt 0 0.0270290002
vt 0 0.042665001
vt 0 0.0270290002
vt -0.470313013 0.0270290002
vt -0.457843989 0.042665001
vt -0.460312992 0.0443489999
vt 0 0.0270290002
vt 0 0.0443489999
vt 0 0.0270290002
vt -0.470313013 0.0270290002
vt -0.460312992 0.0443489999
vt -0.463007003 0.0456460007
vt 0 0.0270290002
vt 0 0.0456460007
vt 0 0.0270290002
vt -0.470313013 0.0270290002
vt -0.463007003 0.0456460007
vt -0.465862989 0.0465269983
vt 0 0.0270290002
vt 0 0.0465269983
vt 0 0.0270290002
vt -0.470313013 0.0270290002
vt -0.465862989 0.0465269983
vt -0.468818992 0.0469730012
vt 0 0.0270290002
vt 0 0.0469730012
vt 0 0.0270290002
vt -0.470313013 0.0270290002
vt -0.468818992 0.0469730012
vt -0.471807986 0.0469730012
vt 0 0.0270290002
vt 0 0.0469730012
vt 0 0.0270290002
vt -0.470313013 0.0270290002
vt -0.471807986 0.0469730012
vt -0.474763989 0.0465269983
vt 0 0.0270290002
vt 0 0.0465269983
vt 0 0.0270290002
vt -0.470313013 0.0270290002
vt -0.474763989 0.0465269983
vt -0.477620006 0.0456460007
vt 0 0.0270290002
vt 0 0.0456460007
vt 0 0.0270290002
vt -0.470313013 0.0270290002
vt -0.477620006 0.0456460007
vt -0.480313003 0.0443489999
vt 0 0.0270290002
vt 0 0.0443489999
vt 0 0.0270290002
vt -0.470313013 0.0270290002
vt -0.480313003 0.0443489999
vt -0.48278299 0.042665001
vt 0 0.0270290002
vt 0 0.042665001
vt 0 0.0270290002
vt -0.470313013 0.0270290002
vt -0.48278299 0.042665001
vt -0.484973997 0.0406319983
vt 0 0.0270290002
vt 0 0.0406319983
vt 0 0.0270290002
vt -0.470313013 0.0270290002
vt -0.484973997 0.0406319983
vt -0.486838013 0.0382950008
vt 0 0.0270290002
vt 0 0.0382950008
vt 0 0.0270290002
vt -0.470313013 0.0270290002
vt -0.486838013 0.0382950008
vt -0.488332987 0.0357059985
vt 0 0.0270290002
vt 0 0.0357059985
vt 0 0.0270290002
vt -0.470313013 0.0270290002
vt -0.488332987 0.0357059985
vt -0.489425004 0.0329240002
vt 0 0.0270290002
vt 0 0.0329240002
vt 0 0.0270290002
vt -0.470313013 0.0270290002
vt -0.489425004 0.0329240002
vt -0.490090013 0.0300099999
vt 0 0.0270290002
vt 0 0.0300099999
vt 0 0.0270290002
vt -0.470313013 0.0270290002
vt -0.490090013 0.0300099999
vt -0.490312994 0.0270290002
vt 0 0.0270290002
vt 0 0.0270290002
vt 0 0.0270290002
vt -0.470313013 0.0270290002
vt -0.490312994 0.0270290002
vt -0.490090013 0.0240480006
vt 0 0.0270290002
vt 0 0.0240480006
vt 0 0.0270290002
vt -0.470313013 0.0270290002
vt -0.490090013 0.0240480006
vt -0.489425004 0.0211340003
vt 0 0.0270290002
vt 0 0.0211340003
vt 0 0.0270290002
vt -0.470313013 0.0270290002
vt -0.489425004 0.0211340003
vt -0.488332987 0.0183509998
vt 0 0.0270290002
vt 0 0.0183509998
vt 0 0.0270290002
vt -0.470313013 0.0270290002
vt -0.488332987 0.0183509998
vt -0.486838013 0.0157619994
vt 0 0.0270290002
vt 0 0.0157619994
vt 0 0.0270290002
vt -0.470313013 0.0270290002
vt -0.486838013 0.0157619994
vt -0.484973997 0.013425
vt 0 0.0270290002
vt 0 0.013425
vt 0 0.0270290002
vt -0.470313013 0.0270290002
vt -0.484973997 0.013425
vt -0.48278299 0.0113920001
vt 0 0.0270290002
vt 0 0.0113920001
vt 0 0.0270290002
vt -0.470313013 0.0270290002
vt -0.48278299 0.0113920001
vt -0.480313003 0.00970800035
vt 0 0.0270290002
vt 0 0.00970800035
vt 0 0.0270290002
vt -0.470313013 0.0270290002
vt -0.480313003 0.00970800035
vt -0.477620006 0.00841099955
vt 0 0.0270290002
vt 0 0.00841099955
vt 0 0.0270290002
vt -0.470313013 0.0270290002
vt -0.477620006 0.00841099955
vt -0.474763989 0.00753000006
vt 0 0.0270290002
vt 0 0.00753000006
vt 0 0.0270290002
vt -0.470313013 0.0270290002
vt -0.474763989 0.00753000006
vt -0.471807986 0.00708500016
vt 0 0.0270290002
vt 0 0.00708500016
vt 0 0.0270290002
vt -0.470313013 0.0270290002
vt -0.471807986 0.00708500016
vt -0.468818992 0.00708500016
vt 0 0.0270290002
vt 0 0.00708500016
vt 0 0.0270290002
vt -0.470313013 0.0270290002
vt -0.468818992 0.00708500016
vt -0.465862989 0.00753000006
vt 0 0.0270290002
vt 0 0.00753000006
vt 0 0.0270290002
vt -0.470313013 0.0270290002
vt -0.465862989 0.00753000006
vt -0.463007003 0.00841099955
vt 0 0.0270290002
vt 0 0.00841099955
vt 0 0.0270290002
vt -0.470313013 0.0270290002
vt -0.463007003 0.00841099955
vt -0.460312992 0.00970800035
vt 0 0.0270290002
vt 0 0.00970800035
vt 0 0.0270290002
vt -0.470313013 0.0270290002
vt -0.460312992 0.00970800035
vt -0.457843989 0.0113920001
vt 0 0.0270290002
vt 0 0.0113920001
vt 0 0.0270290002
vt -0.470313013 0.0270290002
vt -0.457843989 0.0113920001
vt -0.455651999 0.013425
vt 0 0.0270290002
vt 0 0.013425
vt 0 0.0270290002
vt -0.470313013 0.0270290002
vt -0.455651999 0.013425
vt -0.453788996 0.0157619994
vt 0 0.0270290002
vt 0 0.0157619994
vt 0 0.0270290002
vt -0.470313013 0.0270290002
vt -0.453788996 0.0157619994
vt -0.452293992 0.0183509998
vt 0 0.0270290002
vt 0 0.0183509998
vt 0 0.0270290002
vt -0.470313013 0.0270290002
vt -0.452293992 0.0183509998
vt -0.451202005 0.0211340003
vt 0 0.0270290002
vt 0 0.0211340003
vt 0 0.0270290002
vt -0.470313013 0.0270290002
vt -0.451202005 0.0211340003
vt -0.450536996 0.0240480006
vt 0 0.0270290002
vt 0 0.0240480006
vt 0 0.0270290002
vt -0.470313013 0.0270290002
vt -0.450536996 0.0240480006
vt -0.450313002 0.0270290002
vt 0 0.0270290002
vt 0 0.0270290002
vt 0 0.0270290002
vt -0.470313013 0.0270290002
vt -0.450313002 0.0270290002
vt -0.450536996 0.0300099999
vt -0.470313013 0.0270290002
vt -0.450536996 0.0300099999
vt -0.451202005 0.0329240002
vt 0.304861993 0.428050995
vt 0.303770006 0.430833995
vt 0.285750002 0.422156006
vt 0.285750002 0.422156006
vt 0.303770006 0.430833995
vt 0.302275002 0.433421999
vt 0 0.422156006
vt 0 0.433421999
vt 0 0.422156006
vt 0.285750002 0.422156006
vt 0.302275002 0.433421999
vt 0.300410986 0.435759008
vt 0 0.422156006
vt 0 0.435759008
vt 0 0.422156006
vt 0.285750002 0.422156006
vt 0.300410986 0.435759008
vt 0.298220009 0.437792987
vt 0 0.422156006
vt 0 0.437792987
vt 0 0.422156006
vt 0.285750002 0.422156006
vt 0.298220009 0.437792987
vt 0.295749992 0.439476013
vt 0 0.422156006
vt 0 0.439476013
vt 0 0.422156006
vt 0.285750002 0.422156006
vt 0.295749992 0.439476013
vt 0.293056995 0.44077301
vt 0 0.422156006
vt 0 0.44077301
vt 0 0.422156006
vt 0.285750002 0.422156006
vt 0.293056995 0.44077301
vt 0.290201008 0.44165501
vt 0 0.422156006
vt 0 0.44165501
vt 0 0.422156006
vt 0.285750002 0.422156006
vt 0.290201008 0.44165501
vt 0.287245005 0.442099988
vt 0 0.422156006
vt 0 0.442099988
vt 0 0.422156006
vt 0.285750002 0.422156006
vt 0.287245005 0.442099988
vt 0.284256011 0.442099988
vt 0 0.422156006
vt 0 0.442099988
vt 0 0.422156006
vt 0.285750002 0.422156006
vt 0.284256011 0.442099988
vt 0.281300008 0.44165501
vt 0 0.422156006
vt 0 0.44165501
vt 0 0.422156006
vt 0.285750002 0.422156006
vt 0.281300008 0.44165501
vt 0.278443009 0.44077301
vt 0 0.422156006
vt 0 0.44077301
vt 0 0.422156006
vt 0.285750002 0.422156006
vt 0.278443009 0.44077301
vt 0.275750011 0.439476013
vt 0 0.422156006
vt 0 0.439476013
vt 0 0.422156006
vt 0.285750002 0.422156006
vt 0.275750011 0.439476013
vt 0.273279995 0.437792987
vt 0 0.422156006
vt 0 0.437792987
vt 0 0.422156006
vt 0.285750002 0.422156006
vt 0.273279995 0.437792987
vt 0.271088988 0.435759008
vt 0 0.422156006
vt 0 0.435759008
vt 0 0.422156006
vt 0.285750002 0.422156006
vt 0.271088988 0.435759008
vt 0.269225001 0.433421999
vt 0 0.422156006
vt 0 0.433421999
vt 0 0.422156006
vt 0.285750002 0.422156006
vt 0.269225001 0.433421999
vt 0.267731011 0.430833995
vt 0 0.422156006
vt 0 0.430833995
vt 0 0.422156006
vt 0.285750002 0.422156006
vt 0.267731011 0.430833995
vt 0.266638994 0.428050995
vt 0 0.422156006
vt 0 0.428050995
vt 0 0.422156006
vt 0.285750002 0.422156006
vt 0.266638994 0.428050995
vt 0.265973985 0.425137013
vt 0 0.422156006
vt 0 0.425137013
vt 0 0.422156006
vt 0.285750002 0.422156006
vt 0.265973985 0.425137013
vt 0.265749991 0.422156006
vt 0 0.422156006
vt 0 0.422156006
vt 0 0.422156006
vt 0.285750002 0.422156006
vt 0.265749991 0.422156006
vt 0.265973985 0.419174999
vt 0 0.422156006
vt 0 0.419174999
vt 0 0.422156006
vt 0.285750002 0.422156006
vt 0.265973985 0.419174999
vt 0.266638994 0.416260988
vt 0 0.422156006
vt 0 0.416260988
vt 0 0.422156006
vt 0.285750002 0.422156006
vt 0.266638994 0.416260988
vt 0.267731011 0.413477987
vt 0 0.422156006
vt 0 0.413477987
vt 0 0.422156006
vt 0.285750002 0.422156006
vt 0.267731011 0.413477987
vt 0.269225001 0.410890013
vt 0 0.422156006
vt 0 0.410890013
vt 0 0.422156006
vt 0.285750002 0.422156006
vt 0.269225001 0.410890013
vt 0.271088988 0.408551991
vt 0 0.422156006
vt 0 0.408551991
vt 0 0.422156006
vt 0.285750002 0.422156006
vt 0.271088988 0.408551991
vt 0.273279995 0.406518996
vt 0 0.422156006
vt 0 0.406518996
vt 0 0.422156006
vt 0.285750002 0.422156006
vt 0.273279995 0.406518996
vt 0.275750011 0.404834986
vt 0 0.422156006
vt 0 0.404834986
vt 0 0.422156006
vt 0.285750002 0.422156006
vt 0.275750011 0.404834986
vt 0.278443009 0.403537989
vt 0 0.422156006
vt 0 0.403537989
vt 0 0.422156006
vt 0.285750002 0.422156006
vt 0.278443009 0.403537989
vt 0.281300008 0.402657002
vt 0 0.422156006
vt 0 0.402657002
vt 0 0.422156006
vt 0.285750002 0.422156006
vt 0.281300008 0.402657002
vt 0.284256011 0.402211994
vt 0 0.422156006
vt 0 0.402211994
vt 0 0.422156006
vt 0.285750002 0.422156006
vt 0.284256011 0.402211994
vt 0.287245005 0.402211994
vt 0 0.422156006
vt 0 0.402211994
vt 0 0.422156006
vt 0.285750002 0.422156006
vt 0.287245005 0.402211994
vt 0.290201008 0.402657002
vt 0 0.422156006
vt 0 0.402657002
vt 0 0.422156006
vt 0.285750002 0.422156006
vt 0.290201008 0.402657002
vt 0.293056995 0.403537989
vt 0 0.422156006
vt 0 0.403537989
vt 0 0.422156006
vt 0.285750002 0.422156006
vt 0.293056995 0.403537989
vt 0.295749992 0.404834986
vt 0 0.422156006
vt 0 0.404834986
vt 0 0.422156006
vt 0.285750002 0.422156006
vt 0.295749992 0.404834986
vt 0.298220009 0.406518996
vt 0 0.422156006
vt 0 0.406518996
vt 0 0.422156006
vt 0.285750002 0.422156006
vt 0.298220009 0.406518996
vt 0.300410986 0.408551991
vt 0 0.422156006
vt 0 0.408551991
vt 0 0.422156006
vt 0.285750002 0.422156006
vt 0.300410986 0.408551991
vt 0.302275002 0.410890013
vt 0 0.422156006
vt 0 0.410890013
vt 0 0.422156006
vt 0.285750002 0.422156006
vt 0.302275002 0.410890013
vt 0.303770006 0.413477987
vt 0 0.422156006
vt 0 0.413477987
vt 0 0.422156006
vt 0.285750002 0.422156006
vt 0.303770006 0.413477987
vt 0.304861993 0.416260988
vt 0 0.422156006
vt 0 0.416260988
vt 0 0.422156006
vt 0.285750002 0.422156006
vt 0.304861993 0.416260988
vt 0.305527002 0.419174999
vt 0 0.422156006
vt 0 0.419174999
vt 0 0.422156006
vt 0.285750002 0.422156006
vt 0.305527002 0.419174999
vt 0.305750012 0.422156006
vt 0 0.422156006
vt 0 0.422156006
vt 0 0.422156006
vt 0.285750002 0.422156006
vt 0.305750012 0.422156006
vt 0.305527002 0.425137013
vt 0.285750002 0.422156006
vt 0.305527002 0.425137013
vt 0.304861993 0.428050995
vt -0.301690012 -0.413477987
vt -0.302781999 -0.416260988
vt -0.283670992 -0.422156006
vt -0.283670992 -0.422156006
vt -0.302781999 -0.416260988
vt -0.303447008 -0.419174999
vt -0.00999999978 -0.422156006
vt -0.00999999978 -0.419174999
vt -0.00999999978 -0.422156006
vt -0.283670992 -0.422156006
vt -0.303447008 -0.419174999
vt -0.303671002 -0.422156006
vt -0.00999999978 -0.422156006
vt -0.00999999978 -0.422156006
vt -0.00999999978 -0.422156006
vt -0.283670992 -0.422156006
vt -0.303671002 -0.422156006
vt -0.303447008 -0.425137013
vt -0.00999999978 -0.422156006
vt -0.00999999978 -0.425137013
vt -0.00999999978 -0.422156006
vt -0.283670992 -0.422156006
vt -0.303447008 -0.425137013
vt -0.302781999 -0.428050995
vt -0.00999999978 -0.422156006
vt -0.00999999978 -0.428050995
vt -0.00999999978 -0.422156006
vt -0.283670992 -0.422156006
vt -0.302781999 -0.428050995
vt -0.301690012 -0.430833995
vt -0.00999999978 -0.422156006
vt -0.00999999978 -0.430833995
vt -0.00999999978 -0.422156006
vt -0.283670992 -0.422156006
vt -0.301690012 -0.430833995
vt -0.300195992 -0.433423012
vt -0.00999999978 -0.422156006
vt -0.00999999978 -0.433423012
vt -0.00999999978 -0.422156006
vt -0.283670992 -0.422156006
vt -0.300195992 -0.433423012
vt -0.298332006 -0.435759991
vt -0.00999999978 -0.422156006
vt -0.00999999978 -0.435759991
vt -0.00999999978 -0.422156006
vt -0.283670992 -0.422156006
vt -0.298332006 -0.435759991
vt -0.296140999 -0.437792987
vt -0.00999999978 -0.422156006
vt -0.00999999978 -0.437792987
vt -0.00999999978 -0.422156006
vt -0.283670992 -0.422156006
vt -0.296140999 -0.437792987
vt -0.293671012 -0.439476997
vt -0.00999999978 -0.422156006
vt -0.00999999978 -0.439476997
vt -0.00999999978 -0.422156006
vt -0.283670992 -0.422156006
vt -0.293671012 -0.439476997
vt -0.290978014 -0.440773994
vt -0.00999999978 -0.422156006
vt -0.00999999978 -0.440773994
vt -0.00999999978 -0.422156006
vt -0.283670992 -0.422156006
vt -0.290978014 -0.440773994
vt -0.288121015 -0.44165501
vt -0.00999999978 -0.422156006
vt -0.00999999978 -0.44165501
vt -0.00999999978 -0.422156006
vt -0.283670992 -0.422156006
vt -0.288121015 -0.44165501
vt -0.285165012 -0.442099988
vt -0.00999999978 -0.422156006
vt -0.00999999978 -0.442099988
vt -0.00999999978 -0.422156006
vt -0.283670992 -0.422156006
vt -0.285165012 -0.442099988
vt -0.282175988 -0.442099988
vt -0.00999999978 -0.422156006
vt -0.00999999978 -0.442099988
vt -0.00999999978 -0.422156006
vt -0.283670992 -0.422156006
vt -0.282175988 -0.442099988
vt -0.279220015 -0.44165501
vt -0.00999999978 -0.422156006
vt -0.00999999978 -0.44165501
vt -0.00999999978 -0.422156006
vt -0.283670992 -0.422156006
vt -0.279220015 -0.44165501
vt -0.276363999 -0.440773994
vt -0.00999999978 -0.422156006
vt -0.00999999978 -0.440773994
vt -0.00999999978 -0.422156006
vt -0.283670992 -0.422156006
vt -0.276363999 -0.440773994
vt -0.273671001 -0.439476997
vt -0.00999999978 -0.422156006
vt -0.00999999978 -0.439476997
vt -0.00999999978 -0.422156006
vt -0.283670992 -0.422156006
vt -0.273671001 -0.439476997
vt -0.271201015 -0.437792987
vt -0.00999999978 -0.422156006
vt -0.00999999978 -0.437792987
vt -0.00999999978 -0.422156006
vt -0.283670992 -0.422156006
vt -0.271201015 -0.437792987
vt -0.269010007 -0.435759991
vt -0.00999999978 -0.422156006
vt -0.00999999978 -0.435759991
vt -0.00999999978 -0.422156006
vt -0.283670992 -0.422156006
vt -0.269010007 -0.435759991
vt -0.267145991 -0.433423012
vt -0.00999999978 -0.422156006
vt -0.00999999978 -0.433423012
vt -0.00999999978 -0.422156006
vt -0.283670992 -0.422156006
vt -0.267145991 -0.433423012
vt -0.265650988 -0.430833995
vt -0.00999999978 -0.422156006
vt -0.00999999978 -0.430833995
vt -0.00999999978 -0.422156006
vt -0.283670992 -0.422156006
vt -0.265650988 -0.430833995
vt -0.264559001 -0.428050995
vt -0.00999999978 -0.422156006
vt -0.00999999978 -0.428050995
vt -0.00999999978 -0.422156006
vt -0.283670992 -0.422156006
vt -0.264559001 -0.428050995
vt -0.263893992 -0.425137013
vt -0.00999999978 -0.422156006
vt -0.00999999978 -0.425137013
vt -0.00999999978 -0.422156006
vt -0.283670992 -0.422156006
vt -0.263893992 -0.425137013
vt -0.263671011 -0.422156006
vt -0.00999999978 -0.422156006
vt -0.00999999978 -0.422156006
vt -0.00999999978 -0.422156006
vt -0.283670992 -0.422156006
vt -0.263671011 -0.422156006
vt -0.263893992 -0.419174999
vt -0.00999999978 -0.422156006
vt -0.00999999978 -0.419174999
vt -0.00999999978 -0.422156006
vt -0.283670992 -0.422156006
vt -0.263893992 -0.419174999
vt -0.264559001 -0.416260988
vt -0.00999999978 -0.422156006
vt -0.00999999978 -0.416260988
vt -0.00999999978 -0.422156006
vt -0.283670992 -0.422156006
vt -0.264559001 -0.416260988
vt -0.265650988 -0.413477987
vt -0.00999999978 -0.422156006
vt -0.00999999978 -0.413477987
vt -0.00999999978 -0.422156006
vt -0.283670992 -0.422156006
vt -0.265650988 -0.413477987
vt -0.267145991 -0.410890013
vt -0.00999999978 -0.422156006
vt -0.00999999978 -0.410890013
vt -0.00999999978 -0.422156006
vt -0.283670992 -0.422156006
vt -0.267145991 -0.410890013
vt -0.269010007 -0.408553004
vt -0.00999999978 -0.422156006
vt -0.00999999978 -0.408553004
vt -0.00999999978 -0.422156006
vt -0.283670992 -0.422156006
vt -0.269010007 -0.408553004
vt -0.271201015 -0.406520009
vt -0.00999999978 -0.422156006
vt -0.00999999978 -0.406520009
vt -0.00999999978 -0.422156006
vt -0.283670992 -0.422156006
vt -0.271201015 -0.406520009
vt -0.273671001 -0.404835999
vt -0.00999999978 -0.422156006
vt -0.00999999978 -0.404835999
vt -0.00999999978 -0.422156006
vt -0.283670992 -0.422156006
vt -0.273671001 -0.404835999
vt -0.276363999 -0.403539002
vt -0.00999999978 -0.422156006
vt -0.00999999978 -0.403539002
vt -0.00999999978 -0.422156006
vt -0.283670992 -0.422156006
vt -0.276363999 -0.403539002
vt -0.279220015 -0.402657986
vt -0.00999999978 -0.422156006
vt -0.00999999978 -0.402657986
vt -0.00999999978 -0.422156006
vt -0.283670992 -0.422156006
vt -0.279220015 -0.402657986
vt -0.282175988 -0.402211994
vt -0.00999999978 -0.422156006
vt -0.00999999978 -0.402211994
vt -0.00999999978 -0.422156006
vt -0.283670992 -0.422156006
vt -0.282175988 -0.402211994
vt -0.285165012 -0.402211994
vt -0.00999999978 -0.422156006
vt -0.00999999978 -0.402211994
vt -0.00999999978 -0.422156006
vt -0.283670992 -0.422156006
vt -0.285165012 -0.402211994
vt -0.288121015 -0.402657986
vt -0.00999999978 -0.422156006
vt -0.00999999978 -0.402657986
vt -0.00999999978 -0.422156006
vt -0.283670992 -0.422156006
vt -0.288121015 -0.402657986
vt -0.290978014 -0.403539002
vt -0.00999999978 -0.422156006
vt -0.00999999978 -0.403539002
vt -0.00999999978 -0.422156006
vt -0.283670992 -0.422156006
vt -0.290978014 -0.403539002
vt -0.293671012 -0.404835999
vt -0.00999999978 -0.422156006
vt -0.00999999978 -0.404835999
vt -0.00999999978 -0.422156006
vt -0.283670992 -0.422156006
vt -0.293671012 -0.404835999
vt -0.296140999 -0.406520009
vt -0.00999999978 -0.422156006
vt -0.00999999978 -0.406520009
vt -0.00999999978 -0.422156006
vt -0.283670992 -0.422156006
vt -0.296140999 -0.406520009
vt -0.298332006 -0.408553004
vt -0.00999999978 -0.422156006
vt -0.00999999978 -0.408553004
vt -0.00999999978 -0.422156006
vt -0.283670992 -0.422156006
vt -0.298332006 -0.408553004
vt -0.300195992 -0.410890013
vt -0.283670992 -0.422156006
vt -0.300195992 -0.410890013
vt -0.301690012 -0.413477987
vt -0.303770006 0.430833995
vt -0.304861993 0.428050995
vt -0.285750002 0.422156006
vt -0.285750002 0.422156006
vt -0.304861993 0.428050995
vt -0.305527002 0.425137013
vt -0.00999999978 0.422156006
vt -0.00999999978 0.425137013
vt -0.00999999978 0.422156006
vt -0.285750002 0.422156006
vt -0.305527002 0.425137013
vt -0.305750012 0.422156006
vt -0.00999999978 0.422156006
vt -0.00999999978 0.422156006
vt -0.00999999978 0.422156006
vt -0.285750002 0.422156006
vt -0.305750012 0.422156006
vt -0.305527002 0.419174999
vt -0.00999999978 0.422156006
vt -0.00999999978 0.419174999
vt -0.00999999978 0.422156006
vt -0.285750002 0.422156006
vt -0.305527002 0.419174999
vt -0.304861993 0.416260988
vt -0.00999999978 0.422156006
vt -0.00999999978 0.416260988
vt -0.00999999978 0.422156006
vt -0.285750002 0.422156006
vt -0.304861993 0.416260988
vt -0.303770006 0.413477987
vt -0.00999999978 0.422156006
vt -0.00999999978 0.413477987
vt -0.00999999978 0.422156006
vt -0.285750002 0.422156006
vt -0.303770006 0.413477987
vt -0.302275002 0.410890013
vt -0.00999999978 0.422156006
vt -0.00999999978 0.410890013
vt -0.00999999978 0.422156006
vt -0.285750002 0.422156006
vt -0.302275002 0.410890013
vt -0.300410986 0.408551991
vt -0.00999999978 0.422156006
vt -0.00999999978 0.408551991
vt -0.00999999978 0.422156006
vt -0.285750002 0.422156006
vt -0.300410986 0.408551991
vt -0.298220009 0.406518996
vt -0.00999999978 0.422156006
vt -0.00999999978 0.406518996
vt -0.00999999978 0.422156006
vt -0.285750002 0.422156006
vt -0.298220009 0.406518996
vt -0.295749992 0.404834986
vt -0.00999999978 0.422156006
vt -0.00999999978 0.404834986
vt -0.00999999978 0.422156006
vt -0.285750002 0.422156006
vt -0.295749992 0.404834986
vt -0.293056995 0.403537989
vt -0.00999999978 0.422156006
vt -0.00999999978 0.403537989
vt -0.00999999978 0.422156006
vt -0.285750002 0.422156006
vt -0.293056995 0.403537989
vt -0.290201008 0.402657002
vt -0.00999999978 0.422156006
vt -0.00999999978 0.402657002
vt -0.00999999978 0.422156006
vt -0.285750002 0.422156006
vt -0.290201008 0.402657002
vt -0.287245005 0.402211994
vt -0.00999999978 0.422156006
vt -0.00999999978 0.402211994
vt -0.00999999978 0.422156006
vt -0.285750002 0.422156006
vt -0.287245005 0.402211994
vt -0.284256011 0.402211994
vt -0.00999999978 0.422156006
vt -0.00999999978 0.402211994
vt -0.00999999978 0.422156006
vt -0.285750002 0.422156006
vt -0.284256011 0.402211994
vt -0.281300008 0.402657002
vt -0.00999999978 0.422156006
vt -0.00999999978 0.402657002
vt -0.00999999978 0.422156006
vt -0.285750002 0.422156006
vt -0.281300008 0.402657002
vt -0.278443009 0.403537989
vt -0.00999999978 0.422156006
vt -0.00999999978 0.403537989
vt -0.00999999978 0.422156006
vt -0.285750002 0.422156006
vt -0.278443009 0.403537989
vt -0.275750011 0.404834986
vt -0.00999999978 0.422156006
vt -0.00999999978 0.404834986
vt -0.00999999978 0.422156006
vt -0.285750002 0.422156006
vt -0.275750011 0.404834986
vt -0.273279995 0.406518996
vt -0.00999999978 0.422156006
vt -0.00999999978 0.406518996
vt -0.00999999978 0.422156006
vt -0.285750002 0.422156006
vt -0.273279995 0.406518996
vt -0.271088988 0.408551991
vt -0.00999999978 0.422156006
vt -0.00999999978 0.408551991
vt -0.00999999978 0.422156006
vt -0.285750002 0.422156006
vt -0.271088988 0.408551991
vt -0.269225001 0.410890013
vt -0.00999999978 0.422156006
vt -0.00999999978 0.410890013
vt -0.00999999978 0.422156006
vt -0.285750002 0.422156006
vt -0.269225001 0.410890013
vt -0.267731011 0.413477987
vt -0.00999999978 0.422156006
vt -0.00999999978 0.413477987
vt -0.00999999978 0.422156006
vt -0.285750002 0.422156006
vt -0.267731011 0.413477987
vt -0.266638994 0.416260988
vt -0.00999999978 0.422156006
vt -0.00999999978 0.416260988
vt -0.00999999978 0.422156006
vt -0.285750002 0.422156006
vt -0.266638994 0.416260988
vt -0.265973985 0.419174999
vt -0.00999999978 0.422156006
vt -0.00999999978 0.419174999
vt -0.00999999978 0.422156006
vt -0.285750002 0.422156006
vt -0.265973985 0.419174999
vt -0.265749991 0.422156006
vt -0.00999999978 0.422156006
vt -0.00999999978 0.422156006
vt -0.00999999978 0.422156006
vt -0.285750002 0.422156006
vt -0.265749991 0.422156006
vt -0.265973985 0.425137013
vt -0.00999999978 0.422156006
vt -0.00999999978 0.425137013
vt -0.00999999978 0.422156006
vt -0.285750002 0.422156006
vt -0.265973985 0.425137013
vt -0.266638994 0.428050995
vt -0.00999999978 0.422156006
vt -0.00999999978 0.428050995
vt -0.00999999978 0.422156006
vt -0.285750002 0.422156006
vt -0.266638994 0.428050995
vt -0.267731011 0.430833995
vt -0.00999999978 0.422156006
vt -0.00999999978 0.430833995
vt -0.00999999978 0.422156006
vt -0.285750002 0.422156006
vt -0.267731011 0.430833995
vt -0.269225001 0.433421999
vt -0.00999999978 0.422156006
vt -0.00999999978 0.433421999
vt -0.00999999978 0.422156006
vt -0.285750002 0.422156006
vt -0.269225001 0.433421999
vt -0.271088988 0.435759008
vt -0.00999999978 0.422156006
vt -0.00999999978 0.435759008
vt -0.00999999978 0.422156006
vt -0.285750002 0.422156006
vt -0.271088988 0.435759008
vt -0.273279995 0.437792987
vt -0.00999999978 0.422156006
vt -0.00999999978 0.437792987
vt -0.00999999978 0.422156006
vt -0.285750002 0.422156006
vt -0.273279995 0.437792987
vt -0.275750011 0.439476013
vt -0.00999999978 0.422156006
vt -0.00999999978 0.439476013
vt -0.00999999978 0.422156006
vt -0.285750002 0.422156006
vt -0.275750011 0.439476013
vt -0.278443009 0.44077301
vt -0.00999999978 0.422156006
vt -0.00999999978 0.44077301
vt -0.00999999978 0.422156006
vt -0.285750002 0.422156006
vt -0.278443009 0.44077301
vt -0.281300008 0.44165501
vt -0.00999999978 0.422156006
vt -0.00999999978 0.44165501
vt -0.00999999978 0.422156006
vt -0.285750002 0.422156006
vt -0.281300008 0.44165501
vt -0.284256011 0.442099988
vt -0.00999999978 0.422156006
vt -0.00999999978 0.442099988
vt -0.00999999978 0.422156006
vt -0.285750002 0.422156006
vt -0.284256011 0.442099988
vt -0.287245005 0.442099988
vt -0.00999999978 0.422156006
vt -0.00999999978 0.442099988
vt -0.00999999978 0.422156006
vt -0.285750002 0.422156006
vt -0.287245005 0.442099988
vt -0.290201008 0.44165501
vt -0.00999999978 0.422156006
vt -0.00999999978 0.44165501
vt -0.00999999978 0.422156006
vt -0.285750002 0.422156006
vt -0.290201008 0.44165501
vt -0.293056995 0.44077301
vt -0.00999999978 0.422156006
vt -0.00999999978 0.44077301
vt -0.00999999978 0.422156006
vt -0.285750002 0.422156006
vt -0.293056995 0.44077301
vt -0.295749992 0.439476013
vt -0.00999999978 0.422156006
vt -0.00999999978 0.439476013
vt -0.00999999978 0.422156006
vt -0.285750002 0.422156006
vt -0.295749992 0.439476013
vt -0.298220009 0.437792987
vt -0.00999999978 0.422156006
vt -0.00999999978 0.437792987
vt -0.00999999978 0.422156006
vt -0.285750002 0.422156006
vt -0.298220009 0.437792987
vt -0.300410986 0.435759008
vt -0.00999999978 0.422156006
vt -0.00999999978 0.435759008
vt -0.00999999978 0.422156006
vt -0.285750002 0.422156006
vt -0.300410986 0.435759008
vt -0.302275002 0.433421999
vt -0.285750002 0.422156006
vt -0.302275002 0.433421999
vt -0.303770006 0.430833995
vt 0.452293992 0.0357059985
vt 0.451202005 0.0329240002
vt 0.470313013 0.0270290002
vt 0.470313013 0.0270290002
vt 0.451202005 0.0329240002
vt 0.450536996 0.0300099999
vt -0.00999999978 0.0270290002
vt -0.00999999978 0.0300099999
vt -0.00999999978 0.0270290002
vt 0.470313013 0.0270290002
vt 0.450536996 0.0300099999
vt 0.450313002 0.0270290002
vt -0.00999999978 0.0270290002
vt -0.00999999978 0.0270290002
vt -0.00999999978 0.0270290002
vt 0.470313013 0.0270290002
vt 0.450313002 0.0270290002
vt 0.450536996 0.0240480006
vt -0.00999999978 0.0270290002
vt -0.00999999978 0.0240480006
vt -0.00999999978 0.0270290002
vt 0.470313013 0.0270290002
vt 0.450536996 0.0240480006
vt 0.451202005 0.0211340003
vt -0.00999999978 0.0270290002
vt -0.00999999978 0.0211340003
vt -0.00999999978 0.0270290002
vt 0.470313013 0.0270290002
vt 0.451202005 0.0211340003
vt 0.452293992 0.0183509998
vt -0.00999999978 0.0270290002
vt -0.00999999978 0.0183509998
vt -0.00999999978 0.0270290002
vt 0.470313013 0.0270290002
vt 0.452293992 0.0183509998
vt 0.453788996 0.0157619994
vt -0.00999999978 0.0270290002
vt -0.00999999978 0.0157619994
vt -0.00999999978 0.0270290002
vt 0.470313013 0.0270290002
vt 0.453788996 0.0157619994
vt 0.455651999 0.013425
vt -0.00999999978 0.0270290002
vt -0.00999999978 0.013425
vt -0.00999999978 0.0270290002
vt 0.470313013 0.0270290002
vt 0.455651999 0.013425
vt 0.457843989 0.0113920001
vt -0.00999999978 0.0270290002
vt -0.00999999978 0.0113920001
vt -0.00999999978 0.0270290002
vt 0.470313013 0.0270290002
vt 0.457843989 0.0113920001
vt 0.460312992 0.00970800035
vt -0.00999999978 0.0270290002
vt -0.00999999978 0.00970800035
vt -0.00999999978 0.0270290002
vt 0.470313013 0.0270290002
vt 0.460312992 0.00970800035
vt 0.463007003 0.00841099955
vt -0.00999999978 0.0270290002
vt -0.00999999978 0.00841099955
vt -0.00999999978 0.0270290002
vt 0.470313013 0.0270290002
vt 0.463007003 0.00841099955
vt 0.465862989 0.00753000006
vt -0.00999999978 0.0270290002
vt -0.00999999978 0.00753000006
vt -0.00999999978 0.0270290002
vt 0.470313013 0.0270290002
vt 0.465862989 0.00753000006
vt 0.468818992 0.00708500016
vt -0.00999999978 0.0270290002
vt -0.00999999978 0.00708500016
vt -0.00999999978 0.0270290002
vt 0.470313013 0.0270290002
vt 0.468818992 0.00708500016
vt 0.471807986 0.00708500016
vt -0.00999999978 0.0270290002
vt -0.00999999978 0.00708500016
vt -0.00999999978 0.0270290002
vt 0.470313013 0.0270290002
vt 0.471807986 0.00708500016
vt 0.474763989 0.00753000006
vt -0.00999999978 0.0270290002
vt -0.00999999978 0.00753000006
vt -0.00999999978 0.0270290002
vt 0.470313013 0.0270290002
vt 0.474763989 0.00753000006
vt 0.477620006 0.00841099955
vt -0.00999999978 0.0270290002
vt -0.00999999978 0.00841099955
vt -0.00999999978 0.0270290002
vt 0.470313013 0.0270290002
vt 0.477620006 0.00841099955
vt 0.480313003 0.00970800035
vt -0.00999999978 0.0270290002
vt -0.00999999978 0.00970800035
vt -0.00999999978 0.0270290002
vt 0.470313013 0.0270290002
vt 0.480313003 0.00970800035
vt 0.48278299 0.0113920001
vt -0.00999999978 0.0270290002
vt -0.00999999978 0.0113920001
vt -0.00999999978 0.0270290002
vt 0.470313013 0.0270290002
vt 0.48278299 0.0113920001
vt 0.484973997 0.013425
vt -0.00999999978 0.0270290002
vt -0.00999999978 0.013425
vt -0.00999999978 0.0270290002
vt 0.470313013 0.0270290002
vt 0.484973997 0.013425
vt 0.486838013 0.0157619994
vt -0.00999999978 0.0270290002
vt -0.00999999978 0.0157619994
vt -0.00999999978 0.0270290002
vt 0.470313013 0.0270290002
vt 0.486838013 0.0157619994
vt 0.488332987 0.0183509998
vt -0.00999999978 0.0270290002
vt -0.00999999978 0.0183509998
vt -0.00999999978 0.0270290002
vt 0.470313013 0.0270290002
vt 0.488332987 0.0183509998
vt 0.489425004 0.0211340003
vt -0.00999999978 0.0270290002
vt -0.00999999978 0.0211340003
vt -0.00999999978 0.0270290002
vt 0.470313013 0.0270290002
vt 0.489425004 0.0211340003
vt 0.490090013 0.0240480006
vt -0.00999999978 0.0270290002
vt -0.00999999978 0.0240480006
vt -0.00999999978 0.0270290002
vt 0.470313013 0.0270290002
vt 0.490090013 0.0240480006
vt 0.490312994 0.0270290002
vt -0.00999999978 0.0270290002
vt -0.00999999978 0.0270290002
vt -0.00999999978 0.0270290002
vt 0.470313013 0.0270290002
vt 0.490312994 0.0270290002
vt 0.490090013 0.0300099999
vt -0.00999999978 0.0270290002
vt -0.00999999978 0.0300099999
vt -0.00999999978 0.0270290002
vt 0.470313013 0.0270290002
vt 0.490090013 0.0300099999
vt 0.489425004 0.0329240002
vt -0.00999999978 0.0270290002
vt -0.00999999978 0.0329240002
vt -0.00999999978 0.0270290002
vt 0.470313013 0.0270290002
vt 0.489425004 0.0329240002
vt 0.488332987 0.0357059985
vt -0.00999999978 0.0270290002
vt -0.00999999978 0.0357059985
vt -0.00999999978 0.0270290002
vt 0.470313013 0.0270290002
vt 0.488332987 0.0357059985
vt 0.486838013 0.0382950008
vt -0.00999999978 0.0270290002
vt -0.00999999978 0.0382950008
vt -0.00999999978 0.0270290002
vt 0.470313013 0.0270290002
vt 0.486838013 0.0382950008
vt 0.484973997 0.0406319983
vt -0.00999999978 0.0270290002
vt -0.00999999978 0.0406319983
vt -0.00999999978 0.0270290002
vt 0.470313013 0.0270290002
vt 0.484973997 0.0406319983
vt 0.48278299 0.042665001
vt -0.00999999978 0.0270290002
vt -0.00999999978 0.042665001
vt -0.00999999978 0.0270290002
vt 0.470313013 0.0270290002
vt 0.48278299 0.042665001
vt 0.480313003 0.0443489999
vt -0.00999999978 0.0270290002
vt -0.00999999978 0.0443489999
vt -0.00999999978 0.0270290002
vt 0.470313013 0.0270290002
vt 0.480313003 0.0443489999
vt 0.477620006 0.0456460007
vt -0.00999999978 0.0270290002
vt -0.00999999978 0.0456460007
vt -0.00999999978 0.0270290002
vt 0.470313013 0.0270290002
vt 0.477620006 0.0456460007
vt 0.474763989 0.0465269983
vt -0.00999999978 0.0270290002
vt -0.00999999978 0.0465269983
vt -0.00999999978 0.0270290002
vt 0.470313013 0.0270290002
vt 0.474763989 0.0465269983
vt 0.471807986 0.0469730012
vt -0.00999999978 0.0270290002
vt -0.00999999978 0.0469730012
vt -0.00999999978 0.0270290002
vt 0.470313013 0.0270290002
vt 0.471807986 0.0469730012
vt 0.468818992 0.0469730012
vt -0.00999999978 0.0270290002
vt -0.00999999978 0.0469730012
vt -0.00999999978 0.0270290002
vt 0.470313013 0.0270290002
vt 0.468818992 0.0469730012
vt 0.465862989 0.0465269983
vt -0.00999999978 0.0270290002
vt -0.00999999978 0.0465269983
vt -0.00999999978 0.0270290002
vt 0.470313013 0.0270290002
vt 0.465862989 0.0465269983
vt 0.463007003 0.0456460007
vt -0.00999999978 0.0270290002
vt -0.00999999978 0.0456460007
vt -0.00999999978 0.0270290002
vt 0.470313013 0.0270290002
vt 0.463007003 0.0456460007
vt 0.460312992 0.0443489999
vt -0.00999999978 0.0270290002
vt -0.00999999978 0.0443489999
vt -0.00999999978 0.0270290002
vt 0.470313013 0.0270290002
vt 0.460312992 0.0443489999
vt 0.457843989 0.042665001
vt -0.00999999978 0.0270290002
vt -0.00999999978 0.042665001
vt -0.00999999978 0.0270290002
vt 0.470313013 0.0270290002
vt 0.457843989 0.042665001
vt 0.455651999 0.0406319983
vt -0.00999999978 0.0270290002
vt -0.00999999978 0.0406319983
vt -0.00999999978 0.0270290002
vt 0.470313013 0.0270290002
vt 0.455651999 0.0406319983
vt 0.453788996 0.0382950008
vt 0.470313013 0.0270290002
vt 0.453788996 0.0382950008
vt 0.452293992 0.0357059985
vt -0.656884015 -0.44165501
vt -0.654026985 -0.440773994
vt -0.661333978 -0.422156006
vt -0.661333978 -0.422156006
vt -0.654026985 -0.440773994
vt -0.651333988 -0.439476997
vt -0.00999999978 -0.422156006
vt -0.00999999978 -0.439476997
vt -0.00999999978 -0.422156006
vt -0.661333978 -0.422156006
vt -0.651333988 -0.439476997
vt -0.648863971 -0.437792987
vt -0.00999999978 -0.422156006
vt -0.00999999978 -0.437792987
vt -0.00999999978 -0.422156006
vt -0.661333978 -0.422156006
vt -0.648863971 -0.437792987
vt -0.646673024 -0.435759991
vt -0.00999999978 -0.422156006
vt -0.00999999978 -0.435759991
vt -0.00999999978 -0.422156006
vt -0.661333978 -0.422156006
vt -0.646673024 -0.435759991
vt -0.644809008 -0.433423012
vt -0.00999999978 -0.422156006
vt -0.00999999978 -0.433423012
vt -0.00999999978 -0.422156006
vt -0.661333978 -0.422156006
vt -0.644809008 -0.433423012
vt -0.643315017 -0.430833995
vt -0.00999999978 -0.422156006
vt -0.00999999978 -0.430833995
vt -0.00999999978 -0.422156006
vt -0.661333978 -0.422156006
vt -0.643315017 -0.430833995
vt -0.642223001 -0.428050995
vt -0.00999999978 -0.422156006
vt -0.00999999978 -0.428050995
vt -0.00999999978 -0.422156006
vt -0.661333978 -0.422156006
vt -0.642223001 -0.428050995
vt -0.641557992 -0.425137013
vt -0.00999999978 -0.422156006
vt -0.00999999978 -0.425137013
vt -0.00999999978 -0.422156006
vt -0.661333978 -0.422156006
vt -0.641557992 -0.425137013
vt -0.641333997 -0.422156006
vt -0.00999999978 -0.422156006
vt -0.00999999978 -0.422156006
vt -0.00999999978 -0.422156006
vt -0.661333978 -0.422156006
vt -0.641333997 -0.422156006
vt -0.641557992 -0.419174999
vt -0.00999999978 -0.422156006
vt -0.00999999978 -0.419174999
vt -0.00999999978 -0.422156006
vt -0.661333978 -0.422156006
vt -0.641557992 -0.419174999
vt -0.642223001 -0.416260988
vt -0.00999999978 -0.422156006
vt -0.00999999978 -0.416260988
vt -0.00999999978 -0.422156006
vt -0.661333978 -0.422156006
vt -0.642223001 -0.416260988
vt -0.643315017 -0.413477987
vt -0.00999999978 -0.422156006
vt -0.00999999978 -0.413477987
vt -0.00999999978 -0.422156006
vt -0.661333978 -0.422156006
vt -0.643315017 -0.413477987
vt -0.644809008 -0.410890013
vt -0.00999999978 -0.422156006
vt -0.00999999978 -0.410890013
vt -0.00999999978 -0.422156006
vt -0.661333978 -0.422156006
vt -0.644809008 -0.410890013
vt -0.646673024 -0.408553004
vt -0.00999999978 -0.422156006
vt -0.00999999978 -0.408553004
vt -0.00999999978 -0.422156006
vt -0.661333978 -0.422156006
vt -0.646673024 -0.408553004
vt -0.648863971 -0.406520009
vt -0.00999999978 -0.422156006
vt -0.00999999978 -0.406520009
vt -0.00999999978 -0.422156006
vt -0.661333978 -0.422156006
vt -0.648863971 -0.406520009
vt -0.651333988 -0.404835999
vt -0.00999999978 -0.422156006
vt -0.00999999978 -0.404835999
vt -0.00999999978 -0.422156006
vt -0.661333978 -0.422156006
vt -0.651333988 -0.404835999
vt -0.654026985 -0.403539002
vt -0.00999999978 -0.422156006
vt -0.00999999978 -0.403539002
vt -0.00999999978 -0.422156006
vt -0.661333978 -0.422156006
vt -0.654026985 -0.403539002
vt -0.656884015 -0.402657986
vt -0.00999999978 -0.422156006
vt -0.00999999978 -0.402657986
vt -0.00999999978 -0.422156006
vt -0.661333978 -0.422156006
vt -0.656884015 -0.402657986
vt -0.659839988 -0.402211994
vt -0.00999999978 -0.422156006
vt -0.00999999978 -0.402211994
vt -0.00999999978 -0.422156006
vt -0.661333978 -0.422156006
vt -0.659839988 -0.402211994
vt -0.662828982 -0.402211994
vt -0.00999999978 -0.422156006
vt -0.00999999978 -0.402211994
vt -0.00999999978 -0.422156006
vt -0.661333978 -0.422156006
vt -0.662828982 -0.402211994
vt -0.665785015 -0.402657986
vt -0.00999999978 -0.422156006
vt -0.00999999978 -0.402657986
vt -0.00999999978 -0.422156006
vt -0.661333978 -0.422156006
vt -0.665785015 -0.402657986
vt -0.668640971 -0.403539002
vt -0.00999999978 -0.422156006
vt -0.00999999978 -0.403539002
vt -0.00999999978 -0.422156006
vt -0.661333978 -0.422156006
vt -0.668640971 -0.403539002
vt -0.671334028 -0.404835999
vt -0.00999999978 -0.422156006
vt -0.00999999978 -0.404835999
vt -0.00999999978 -0.422156006
vt -0.661333978 -0.422156006
vt -0.671334028 -0.404835999
vt -0.673803985 -0.406520009
vt -0.00999999978 -0.422156006
vt -0.00999999978 -0.406520009
vt -0.00999999978 -0.422156006
vt -0.661333978 -0.422156006
vt -0.673803985 -0.406520009
vt -0.675994992 -0.408553004
vt -0.00999999978 -0.422156006
vt -0.00999999978 -0.408553004
vt -0.00999999978 -0.422156006
vt -0.661333978 -0.422156006
vt -0.675994992 -0.408553004
vt -0.677859008 -0.410890013
vt -0.00999999978 -0.422156006
vt -0.00999999978 -0.410890013
vt -0.00999999978 -0.422156006
vt -0.661333978 -0.422156006
vt -0.677859008 -0.410890013
vt -0.679354012 -0.413477987
vt -0.00999999978 -0.422156006
vt -0.00999999978 -0.413477987
vt -0.00999999978 -0.422156006
vt -0.661333978 -0.422156006
vt -0.679354012 -0.413477987
vt -0.680446029 -0.416260988
vt -0.00999999978 -0.422156006
vt -0.00999999978 -0.416260988
vt -0.00999999978 -0.422156006
vt -0.661333978 -0.422156006
vt -0.680446029 -0.416260988
vt -0.681110978 -0.419174999
vt -0.00999999978 -0.422156006
vt -0.00999999978 -0.419174999
vt -0.00999999978 -0.422156006
vt -0.661333978 -0.422156006
vt -0.681110978 -0.419174999
vt -0.681334019 -0.422156006
vt -0.00999999978 -0.422156006
vt -0.00999999978 -0.422156006
vt -0.00999999978 -0.422156006
vt -0.661333978 -0.422156006
vt -0.681334019 -0.422156006
vt -0.681110978 -0.425137013
vt -0.00999999978 -0.422156006
vt -0.00999999978 -0.425137013
vt -0.00999999978 -0.422156006
vt -0.661333978 -0.422156006
vt -0.681110978 -0.425137013
vt -0.680446029 -0.428050995
vt -0.00999999978 -0.422156006
vt -0.00999999978 -0.428050995
vt -0.00999999978 -0.422156006
vt -0.661333978 -0.422156006
vt -0.680446029 -0.428050995
vt -0.679354012 -0.430833995
vt -0.00999999978 -0.422156006
vt -0.00999999978 -0.430833995
vt -0.00999999978 -0.422156006
vt -0.661333978 -0.422156006
vt -0.679354012 -0.430833995
vt -0.677859008 -0.433423012
vt -0.00999999978 -0.422156006
vt -0.00999999978 -0.433423012
vt -0.00999999978 -0.422156006
vt -0.661333978 -0.422156006
vt -0.677859008 -0.433423012
vt -0.675994992 -0.435759991
vt -0.00999999978 -0.422156006
vt -0.00999999978 -0.435759991
vt -0.00999999978 -0.422156006
vt -0.661333978 -0.422156006
vt -0.675994992 -0.435759991
vt -0.673803985 -0.437792987
vt -0.00999999978 -0.422156006
vt -0.00999999978 -0.437792987
vt -0.00999999978 -0.422156006
vt -0.661333978 -0.422156006
vt -0.673803985 -0.437792987
vt -0.671334028 -0.439476997
vt -0.00999999978 -0.422156006
vt -0.00999999978 -0.439476997
vt -0.00999999978 -0.422156006
vt -0.661333978 -0.422156006
vt -0.671334028 -0.439476997
vt -0.668640971 -0.440773994
vt -0.00999999978 -0.422156006
vt -0.00999999978 -0.440773994
vt -0.00999999978 -0.422156006
vt -0.661333978 -0.422156006
vt -0.668640971 -0.440773994
vt -0.665785015 -0.44165501
vt -0.00999999978 -0.422156006
vt -0.00999999978 -0.44165501
vt -0.00999999978 -0.422156006
vt -0.661333978 -0.422156006
vt -0.665785015 -0.44165501
vt -0.662828982 -0.442099988
vt -0.00999999978 -0.422156006
vt -0.00999999978 -0.442099988
vt -0.00999999978 -0.422156006
vt -0.661333978 -0.422156006
vt -0.662828982 -0.442099988
vt -0.659839988 -0.442099988
vt -0.661333978 -0.422156006
vt -0.659839988 -0.442099988
vt -0.656884015 -0.44165501
vt 0 -0.422156006
vt 0.00999999978 -0.422156006
vt 0.00999999978 -0.419174999
vt 0 -0.425137013
vt 0.00999999978 -0.422156006
vt 0 -0.422156006
vt 0 -0.422156006
vt 0.00999999978 -0.419174999
vt 0 -0.419174999
vt 0 -0.419174999
vt 0.00999999978 -0.419174999
vt 0.00999999978 -0.416260988
vt 0 -0.419174999
vt 0.00999999978 -0.416260988
vt 0 -0.416260988
vt 0 -0.416260988
vt 0.00999999978 -0.416260988
vt 0.00999999978 -0.413477987
vt 0 -0.416260988
vt 0.00999999978 -0.413477987
vt 0 -0.413477987
vt 0 -0.413477987
vt 0.00999999978 -0.413477987
vt 0.00999999978 -0.410890013
vt 0 -0.413477987
vt 0.00999999978 -0.410890013
vt 0 -0.410890013
vt 0 -0.410890013
vt 0.00999999978 -0.410890013
vt 0.00999999978 -0.408553004
vt 0 -0.410890013
vt 0.00999999978 -0.408553004
vt 0 -0.408553004
vt 0.675994992 0
vt 0.675994992 0.00999999978
vt 0.673803985 0.00999999978
vt 0.675994992 0
vt 0.673803985 0.00999999978
vt 0.673803985 0
vt 0.673803985 0
vt 0.673803985 0.00999999978
vt 0.671334028 0.00999999978
vt 0.673803985 0
vt 0.671334028 0.00999999978
vt 0.671334028 0
vt 0.671334028 0
vt 0.671334028 0.00999999978
vt 0.668640971 0.00999999978
vt 0.671334028 0
vt 0.668640971 0.00999999978
vt 0.668640971 0
vt 0.668640971 0
vt 0.668640971 0.00999999978
vt 0.665785015 0.00999999978
vt 0.668640971 0
vt 0.665785015 0.00999999978
vt 0.665785015 0
vt 0.665785015 0
vt 0.665785015 0.00999999978
vt 0.662828982 0.00999999978
vt 0.665785015 0
vt 0.662828982 0.00999999978
vt 0.662828982 0
vt 0.662828982 0
vt 0.662828982 0.00999999978
vt 0.659839988 0.00999999978
vt 0.662828982 0
vt 0.659839988 0.00999999978
vt 0.659839988 0
vt 0.659839988 0
vt 0.659839988 0.00999999978
vt 0.656884015 0.00999999978
vt 0.659839988 0
vt 0.656884015 0.00999999978
vt 0.656884015 0
vt 0.656884015 0
vt 0.656884015 0.00999999978
vt 0.654026985 0.00999999978
vt 0.656884015 0
vt 0.654026985 0.00999999978
vt 0.654026985 0
vt 0.654026985 0
vt 0.654026985 0.00999999978
vt 0.651333988 0.00999999978
vt 0.654026985 0
vt 0.651333988 0.00999999978
vt 0.651333988 0
vt 0.651333988 0
vt 0.651333988 0.00999999978
vt 0.648863971 0.00999999978
vt 0.651333988 0
vt 0.648863971 0.00999999978
vt 0.648863971 0
vt 0.648863971 0
vt 0.648863971 0.00999999978
vt 0.646673024 0.00999999978
vt 0.648863971 0
vt 0.646673024 0.00999999978
vt 0.646673024 0
vt 0 -0.408553004
vt -0.00999999978 -0.408553004
vt -0.00999999978 -0.410890013
vt 0 -0.408553004
vt -0.00999999978 -0.410890013
vt 0 -0.410890013
vt 0 -0.410890013
vt -0.00999999978 -0.410890013
vt -0.00999999978 -0.413477987
vt 0 -0.410890013
vt -0.00999999978 -0.413477987
vt 0 -0.413477987
vt 0 -0.413477987
vt -0.00999999978 -0.413477987
vt -0.00999999978 -0.416260988
vt 0 -0.413477987
vt -0.00999999978 -0.416260988
vt 0 -0.416260988
vt 0 -0.416260988
vt -0.00999999978 -0.416260988
vt -0.00999999978 -0.419174999
vt 0 -0.416260988
vt -0.00999999978 -0.419174999
vt 0 -0.419174999
vt 0 -0.419174999
vt -0.00999999978 -0.419174999
vt -0.00999999978 -0.422156006
vt 0 -0.419174999
vt -0.00999999978 -0.422156006
vt 0 -0.422156006
vt 0 -0.422156006
vt -0.00999999978 -0.422156006
vt -0.00999999978 -0.425137013
vt 0 -0.422156006
vt -0.00999999978 -0.425137013
vt 0 -0.425137013
vt 0 -0.425137013
vt -0.00999999978 -0.425137013
vt -0.00999999978 -0.428050995
vt 0 -0.425137013
vt -0.00999999978 -0.428050995
vt 0 -0.428050995
vt 0 -0.428050995
vt -0.00999999978 -0.428050995
vt -0.00999999978 -0.430833995
vt 0 -0.428050995
vt -0.00999999978 -0.430833995
vt 0 -0.430833995
vt 0 -0.430833995
vt -0.00999999978 -0.430833995
vt -0.00999999978 -0.433423012
vt 0 -0.430833995
vt -0.00999999978 -0.433423012
vt 0 -0.433423012
vt 0 -0.433423012
vt -0.00999999978 -0.433423012
vt -0.00999999978 -0.435759991
vt 0 -0.433423012
vt -0.00999999978 -0.435759991
vt 0 -0.435759991
vt -0.646673024 0
vt -0.646673024 0.00999999978
vt -0.648863971 0.00999999978
vt -0.646673024 0
vt -0.648863971 0.00999999978
vt -0.648863971 0
vt -0.648863971 0
vt -0.648863971 0.00999999978
vt -0.651333988 0.00999999978
vt -0.648863971 0
vt -0.651333988 0.00999999978
vt -0.651333988 0
vt -0.651333988 0
vt -0.651333988 0.00999999978
vt -0.654026985 0.00999999978
vt -0.651333988 0
vt -0.654026985 0.00999999978
vt -0.654026985 0
vt -0.654026985 0
vt -0.654026985 0.00999999978
vt -0.656884015 0.00999999978
vt -0.654026985 0
vt -0.656884015 0.00999999978
vt -0.656884015 0
vt -0.656884015 0
vt -0.656884015 0.00999999978
vt -0.659839988 0.00999999978
vt -0.656884015 0
vt -0.659839988 0.00999999978
vt -0.659839988 0
vt -0.659839988 0
vt -0.659839988 0.00999999978
vt -0.662828982 0.00999999978
vt -0.659839988 0
vt -0.662828982 0.00999999978
vt -0.662828982 0
vt -0.662828982 0
vt -0.662828982 0.00999999978
vt -0.665785015 0.00999999978
vt -0.662828982 0
vt -0.665785015 0.00999999978
vt -0.665785015 0
vt -0.665785015 0
vt -0.665785015 0.00999999978
vt -0.668640971 0.00999999978
vt -0.665785015 0
vt -0.668640971 0.00999999978
vt -0.668640971 0
vt -0.668640971 0
vt -0.668640971 0.00999999978
vt -0.671334028 0.00999999978
vt -0.668640971 0
vt -0.671334028 0.00999999978
vt -0.671334028 0
vt -0.671334028 0
vt -0.671334028 0.00999999978
vt -0.673803985 0.00999999978
vt -0.671334028 0
vt -0.673803985 0.00999999978
vt -0.673803985 0
vt -0.673803985 0
vt -0.673803985 0.00999999978
vt -0.675994992 0.00999999978
vt -0.673803985 0
vt -0.675994992 0.00999999978
vt -0.675994992 0
vt 0 -0.435759991
vt 0.00999999978 -0.435759991
vt 0.00999999978 -0.433423012
vt 0 -0.435759991
vt 0.00999999978 -0.433423012
vt 0 -0.433423012
vt 0 -0.433423012
vt 0.00999999978 -0.433423012
vt 0.00999999978 -0.430833995
vt 0 -0.433423012
vt 0.00999999978 -0.430833995
vt 0 -0.430833995
vt 0 -0.430833995
vt 0.00999999978 -0.430833995
vt 0.00999999978 -0.428050995
vt 0 -0.430833995
vt 0.00999999978 -0.428050995
vt 0 -0.428050995
vt 0 -0.428050995
vt 0.00999999978 -0.428050995
vt 0.00999999978 -0.425137013
vt 0 -0.428050995
vt 0.00999999978 -0.425137013
vt 0 -0.425137013
vt 0 -0.425137013
vt 0.00999999978 -0.425137013
vt 0.00999999978 -0.422156006
f 1/1 2/2 3/3
f 4/4 2/5 1/6
f 5/7 6/8 7/9
f 8/10 9/11 10/12
f 11/13 12/14 13/15
f 14/16 15/17 16/18
f 17/19 18/20 19/21
f 20/22 21/23 22/24
f 7/25 8/26 10/27
f 23/28 24/29 25/30
f 25/31 26/32 23/33
f 27/34 28/35 29/36
f 30/37 31/38 32/39
f 13/40 12/41 33/42
f 34/43 9/44 8/45
f 25/46 24/47 35/48
f 29/49 28/50 36/51
f 28/52 31/53 36/54
f 16/55 15/56 37/57
f 38/58 35/59 39/60
f 19/61 18/62 40/63
f 22/64 21/65 41/66
f 1/67 3/68 42/69
f 42/70 3/71 43/72
f 42/73 43/74 44/75
f 44/76 43/77 45/78
f 44/79 45/80 46/81
f 46/82 45/83 47/84
f 46/85 47/86 48/87
f 48/88 47/89 49/90
f 48/91 49/92 50/93
f 50/94 49/95 51/96
f 50/97 51/98 52/99
f 52/100 51/101 53/102
f 52/103 53/104 54/105
f 54/106 53/107 55/108
f 54/109 55/110 56/111
f 56/112 55/113 57/114
f 56/115 57/116 58/117
f 58/118 57/119 59/120
f 58/121 59/122 60/123
f 60/124 59/125 61/126
f 60/127 61/128 62/129
f 62/130 61/131 63/132
f 62/133 63/134 64/135
f 64/136 63/137 65/138
f 64/139 65/140 66/141
f 66/142 65/143 67/144
f 66/145 67/146 68/147
f 68/148 67/149 69/150
f 68/151 69/152 70/153
f 70/154 69/155 71/156
f 70/157 71/158 72/159
f 72/160 71/161 73/162
f 72/163 73/164 74/165
f 74/166 73/167 75/168
f 74/169 75/170 76/171
f 76/172 75/173 77/174
f 76/175 77/176 78/177
f 78/178 77/179 79/180
f 78/181 79/182 80/183
f 80/184 79/185 81/186
f 80/187 81/188 82/189
f 82/190 81/191 83/192
f 82/193 83/194 84/195
f 84/196 83/197 85/198
f 84/199 85/200 86/201
f 86/202 85/203 87/204
f 86/205 87/206 88/207
f 88/208 87/209 89/210
f 88/211 89/212 90/213
f 90/214 89/215 91/216
f 90/217 91/218 92/219
f 92/220 91/221 93/222
f 92/223 93/224 94/225
f 94/226 93/227 95/228
f 94/229 95/230 96/231
f 96/232 95/233 97/234
f 96/235 97/236 98/237
f 98/238 97/239 99/240
f 98/241 99/242 100/243
f 100/244 99/245 101/246
f 100/247 101/248 102/249
f 102/250 101/251 103/252
f 102/253 103/254 104/255
f 104/256 103/257 105/258
f 104/259 105/260 106/261
f 106/262 105/263 107/264
f 106/265 107/266 108/267
f 108/268 107/269 109/270
f 108/271 109/272 110/273
f 110/274 109/275 111/276
f 110/277 111/278 112/279
f 112/280 111/281 113/282
f 112/283 113/284 114/285
f 114/286 113/287 115/288
f 114/289 115/290 116/291
f 116/292 115/293 117/294
f 116/295 117/296 118/297
f 118/298 117/299 119/300
f 118/301 119/302 120/303
f 120/304 119/305 121/306
f 120/307 121/308 4/309
f 4/310 121/311 2/312
f 122/313 123/314 124/315
f 124/316 123/317 125/318
f 21/319 20/320 126/321
f 126/322 20/323 127/324
f 126/325 127/326 128/327
f 128/328 127/329 129/330
f 128/331 129/332 130/333
f 130/334 129/335 131/336
f 130/337 131/338 132/339
f 132/340 131/341 133/342
f 132/343 133/344 134/345
f 134/346 133/347 135/348
f 134/349 135/350 136/351
f 136/352 135/353 137/354
f 136/355 137/356 138/357
f 138/358 137/359 139/360
f 138/361 139/362 140/363
f 140/364 139/365 141/366
f 140/367 141/368 142/369
f 142/370 141/371 143/372
f 142/373 143/374 144/375
f 144/376 143/377 145/378
f 144/379 145/380 146/381
f 146/382 145/383 147/384
f 146/385 147/386 148/387
f 148/388 147/389 149/390
f 148/391 149/392 150/393
f 150/394 149/395 151/396
f 150/397 151/398 152/399
f 152/400 151/401 153/402
f 152/403 153/404 154/405
f 154/406 153/407 155/408
f 154/409 155/410 156/411
f 156/412 155/413 157/414
f 156/415 157/416 158/417
f 158/418 157/419 159/420
f 158/421 159/422 160/423
f 160/424 159/425 161/426
f 160/427 161/428 162/429
f 162/430 161/431 163/432
f 162/433 163/434 164/435
f 164/436 163/437 165/438
f 164/439 165/440 166/441
f 166/442 165/443 167/444
f 166/445 167/446 168/447
f 168/448 167/449 169/450
f 168/451 169/452 170/453
f 170/454 169/455 171/456
f 170/457 171/458 172/459
f 172/460 171/461 173/462
f 172/463 173/464 174/465
f 174/466 173/467 175/468
f 174/469 175/470 176/471
f 176/472 175/473 177/474
f 176/475 177/476 178/477
f 178/478 177/479 179/480
f 178/481 179/482 180/483
f 180/484 179/485 181/486
f 180/487 181/488 182/489
f 182/490 181/491 183/492
f 182/493 183/494 184/495
f 184/496 183/497 185/498
f 184/499 185/500 186/501
f 186/502 185/503 187/504
f 186/505 187/506 188/507
f 188/508 187/509 189/510
f 188/511 189/512 190/513
f 190/514 189/515 191/516
f 190/517 191/518 192/519
f 192/520 191/521 193/522
f 192/523 193/524 194/525
f 194/526 193/527 195/528
f 194/529 195/530 196/531
f 196/532 195/533 197/534
f 196/535 197/536 198/537
f 198/538 197/539 199/540
f 198/541 199/542 200/543
f 200/544 199/545 201/546
f 200/547 201/548 202/549
f 202/550 201/551 203/552
f 202/553 203/554 204/555
f 204/556 203/557 205/558
f 204/559 205/560 41/561
f 41/562 205/563 22/564
f 206/565 207/566 208/567
f 208/568 207/569 209/570
f 210/571 211/572 206/573
f 206/574 211/575 207/576
f 211/577 210/578 212/579
f 212/580 210/581 213/582
f 213/583 210/584 208/585
f 208/586 210/587 206/588
f 208/589 209/590 213/591
f 213/592 209/593 212/594
f 209/595 207/596 212/597
f 212/598 207/599 211/600
f 214/601 215/602 216/603
f 216/604 215/605 217/606
f 218/607 219/608 214/609
f 214/610 219/611 215/612
f 219/613 218/614 220/615
f 220/616 218/617 221/618
f 221/619 218/620 216/621
f 216/622 218/623 214/624
f 216/625 217/626 221/627
f 221/628 217/629 220/630
f 18/631 17/632 222/633
f 222/634 17/635 223/636
f 222/637 223/638 224/639
f 224/640 223/641 225/642
f 224/643 225/644 226/645
f 226/646 225/647 227/648
f 226/649 227/650 228/651
f 228/652 227/653 229/654
f 228/655 229/656 230/657
f 230/658 229/659 231/660
f 230/661 231/662 232/663
f 232/664 231/665 233/666
f 232/667 233/668 234/669
f 234/670 233/671 235/672
f 234/673 235/674 236/675
f 236/676 235/677 237/678
f 236/679 237/680 238/681
f 238/682 237/683 239/684
f 238/685 239/686 240/687
f 240/688 239/689 241/690
f 240/691 241/692 242/693
f 242/694 241/695 243/696
f 242/697 243/698 244/699
f 244/700 243/701 245/702
f 244/703 245/704 246/705
f 246/706 245/707 247/708
f 246/709 247/710 248/711
f 248/712 247/713 249/714
f 248/715 249/716 250/717
f 250/718 249/719 251/720
f 250/721 251/722 252/723
f 252/724 251/725 253/726
f 252/727 253/728 254/729
f 254/730 253/731 255/732
f 254/733 255/734 256/735
f 256/736 255/737 257/738
f 256/739 257/740 258/741
f 258/742 257/743 259/744
f 258/745 259/746 260/747
f 260/748 259/749 261/750
f 260/751 261/752 262/753
f 262/754 261/755 263/756
f 262/757 263/758 264/759
f 264/760 263/761 265/762
f 264/763 265/764 266/765
f 266/766 265/767 267/768
f 266/769 267/770 268/771
f 268/772 267/773 269/774
f 268/775 269/776 270/777
f 270/778 269/779 271/780
f 270/781 271/782 272/783
f 272/784 271/785 273/786
f 272/787 273/788 274/789
f 274/790 273/791 275/792
f 274/793 275/794 276/795
f 276/796 275/797 277/798
f 276/799 277/800 278/801
f 278/802 277/803 279/804
f 278/805 279/806 280/807
f 280/808 279/809 281/810
f 280/811 281/812 282/813
f 282/814 281/815 283/816
f 282/817 283/818 284/819
f 284/820 283/821 285/822
f 284/823 285/824 286/825
f 286/826 285/827 287/828
f 286/829 287/830 288/831
f 288/832 287/833 289/834
f 288/835 289/836 290/837
f 290/838 289/839 291/840
f 290/841 291/842 292/843
f 292/844 291/845 293/846
f 292/847 293/848 294/849
f 294/850 293/851 295/852
f 294/853 295/854 296/855
f 296/856 295/857 297/858
f 296/859 297/860 298/861
f 298/862 297/863 299/864
f 298/865 299/866 300/867
f 300/868 299/869 301/870
f 300/871 301/872 40/873
f 40/874 301/875 19/876
f 217/877 215/878 220/879
f 220/880 215/881 219/882
f 38/883 32/884 35/885
f 35/886 32/887 31/888
f 30/889 32/890 39/891
f 39/892 32/893 38/894
f 15/895 14/896 302/897
f 302/898 14/899 303/900
f 302/901 303/902 304/903
f 304/904 303/905 305/906
f 304/907 305/908 306/909
f 306/910 305/911 307/912
f 306/913 307/914 308/915
f 308/916 307/917 309/918
f 308/919 309/920 310/921
f 310/922 309/923 311/924
f 310/925 311/926 312/927
f 312/928 311/929 313/930
f 312/931 313/932 314/933
f 314/934 313/935 315/936
f 314/937 315/938 316/939
f 316/940 315/941 317/942
f 316/943 317/944 318/945
f 318/946 317/947 319/948
f 318/949 319/950 320/951
f 320/952 319/953 321/954
f 320/955 321/956 322/957
f 322/958 321/959 323/960
f 322/961 323/962 324/963
f 324/964 323/965 325/966
f 324/967 325/968 326/969
f 326/970 325/971 327/972
f 326/973 327/974 328/975
f 328/976 327/977 329/978
f 328/979 329/980 330/981
f 330/982 329/983 331/984
f 330/985 331/986 332/987
f 332/988 331/989 333/990
f 332/991 333/992 334/993
f 334/994 333/995 335/996
f 334/997 335/998 336/999
f 336/1000 335/1001 337/1002
f 336/1003 337/1004 338/1005
f 338/1006 337/1007 339/1008
f 338/1009 339/1010 340/1011
f 340/1012 339/1013 341/1014
f 340/1015 341/1016 342/1017
f 342/1018 341/1019 343/1020
f 342/1021 343/1022 344/1023
f 344/1024 343/1025 345/1026
f 344/1027 345/1028 346/1029
f 346/1030 345/1031 347/1032
f 346/1033 347/1034 348/1035
f 348/1036 347/1037 349/1038
f 348/1039 349/1040 350/1041
f 350/1042 349/1043 351/1044
f 350/1045 351/1046 352/1047
f 352/1048 351/1049 353/1050
f 352/1051 353/1052 354/1053
f 354/1054 353/1055 355/1056
f 354/1057 355/1058 356/1059
f 356/1060 355/1061 357/1062
f 356/1063 357/1064 358/1065
f 358/1066 357/1067 359/1068
f 358/1069 359/1070 360/1071
f 360/1072 359/1073 361/1074
f 360/1075 361/1076 362/1077
f 362/1078 361/1079 363/1080
f 362/1081 363/1082 364/1083
f 364/1084 363/1085 365/1086
f 364/1087 365/1088 366/1089
f 366/1090 365/1091 367/1092
f 366/1093 367/1094 368/1095
f 368/1096 367/1097 369/1098
f 368/1099 369/1100 370/1101
f 370/1102 369/1103 371/1104
f 370/1105 371/1106 372/1107
f 372/1108 371/1109 373/1110
f 372/1111 373/1112 374/1113
f 374/1114 373/1115 375/1116
f 374/1117 375/1118 376/1119
f 376/1120 375/1121 377/1122
f 376/1123 377/1124 378/1125
f 378/1126 377/1127 379/1128
f 378/1129 379/1130 380/1131
f 380/1132 379/1133 381/1134
f 380/1135 381/1136 37/1137
f 37/1138 381/1139 16/1140
f 30/1141 39/1142 382/1143
f 382/1144 39/1145 383/1146
f 39/1147 35/1148 383/1149
f 383/1150 35/1151 24/1152
f 36/1153 31/1154 382/1155
f 382/1156 31/1157 30/1158
f 23/1159 26/1160 29/1161
f 29/1162 26/1163 27/1164
f 27/1165 26/1166 28/1167
f 28/1168 26/1169 25/1170
f 9/1171 384/1172 10/1173
f 10/1174 384/1175 385/1176
f 386/1177 384/1178 34/1179
f 34/1180 384/1181 9/1182
f 386/1183 34/1184 387/1185
f 387/1186 34/1187 8/1188
f 6/1189 388/1190 7/1191
f 7/1192 388/1193 389/1194
f 6/1195 5/1196 388/1197
f 388/1198 5/1199 390/1200
f 5/1201 7/1202 391/1203
f 391/1204 7/1205 10/1206
f 392/1207 390/1208 391/1209
f 391/1210 390/1211 5/1212
f 393/1213 125/1214 394/1215
f 394/1216 125/1217 123/1218
f 12/1219 11/1220 395/1221
f 395/1222 11/1223 396/1224
f 395/1225 396/1226 397/1227
f 397/1228 396/1229 398/1230
f 397/1231 398/1232 399/1233
f 399/1234 398/1235 400/1236
f 399/1237 400/1238 401/1239
f 401/1240 400/1241 402/1242
f 401/1243 402/1244 403/1245
f 403/1246 402/1247 404/1248
f 403/1249 404/1250 405/1251
f 405/1252 404/1253 406/1254
f 405/1255 406/1256 407/1257
f 407/1258 406/1259 408/1260
f 407/1261 408/1262 409/1263
f 409/1264 408/1265 410/1266
f 409/1267 410/1268 411/1269
f 411/1270 410/1271 412/1272
f 411/1273 412/1274 413/1275
f 413/1276 412/1277 414/1278
f 413/1279 414/1280 415/1281
f 415/1282 414/1283 416/1284
f 415/1285 416/1286 417/1287
f 417/1288 416/1289 418/1290
f 417/1291 418/1292 419/1293
f 419/1294 418/1295 420/1296
f 419/1297 420/1298 421/1299
f 421/1300 420/1301 422/1302
f 421/1303 422/1304 423/1305
f 423/1306 422/1307 424/1308
f 423/1309 424/1310 425/1311
f 425/1312 424/1313 426/1314
f 425/1315 426/1316 427/1317
f 427/1318 426/1319 428/1320
f 427/1321 428/1322 429/1323
f 429/1324 428/1325 430/1326
f 429/1327 430/1328 431/1329
f 431/1330 430/1331 432/1332
f 431/1333 432/1334 433/1335
f 433/1336 432/1337 434/1338
f 433/1339 434/1340 435/1341
f 435/1342 434/1343 436/1344
f 435/1345 436/1346 437/1347
f 437/1348 436/1349 438/1350
f 437/1351 438/1352 439/1353
f 439/1354 438/1355 440/1356
f 439/1357 440/1358 441/1359
f 441/1360 440/1361 442/1362
f 441/1363 442/1364 443/1365
f 443/1366 442/1367 444/1368
f 443/1369 444/1370 445/1371
f 445/1372 444/1373 446/1374
f 445/1375 446/1376 447/1377
f 447/1378 446/1379 448/1380
f 447/1381 448/1382 449/1383
f 449/1384 448/1385 450/1386
f 449/1387 450/1388 451/1389
f 451/1390 450/1391 452/1392
f 451/1393 452/1394 453/1395
f 453/1396 452/1397 454/1398
f 453/1399 454/1400 455/1401
f 455/1402 454/1403 456/1404
f 455/1405 456/1406 457/1407
f 457/1408 456/1409 458/1410
f 457/1411 458/1412 459/1413
f 459/1414 458/1415 460/1416
f 459/1417 460/1418 461/1419
f 461/1420 460/1421 462/1422
f 461/1423 462/1424 463/1425
f 463/1426 462/1427 464/1428
f 463/1429 464/1430 465/1431
f 465/1432 464/1433 466/1434
f 465/1435 466/1436 467/1437
f 467/1438 466/1439 468/1440
f 467/1441 468/1442 469/1443
f 469/1444 468/1445 470/1446
f 469/1447 470/1448 471/1449
f 471/1450 470/1451 472/1452
f 471/1453 472/1454 473/1455
f 473/1456 472/1457 474/1458
f 473/1459 474/1460 33/1461
f 33/1462 474/1463 13/1464
f 124/1465 125/1466 475/1467
f 475/1468 125/1469 393/1470
f 124/1471 475/1472 122/1473
f 122/1474 475/1475 476/1476
f 394/1477 476/1478 393/1479
f 393/1480 476/1481 475/1482
f 24/1483 23/1484 36/1485
f 36/1486 23/1487 29/1488
f 477/1489 478/1490 479/1491
f 479/1492 478/1493 480/1494
f 479/1495 480/1496 479/1497
f 479/1498 480/1499 481/1500
f 479/1501 481/1502 479/1503
f 479/1504 481/1505 482/1506
f 479/1507 482/1508 479/1509
f 479/1510 482/1511 483/1512
f 479/1513 483/1514 479/1515
f 479/1516 483/1517 484/1518
f 479/1519 484/1520 479/1521
f 479/1522 484/1523 485/1524
f 479/1525 485/1526 479/1527
f 479/1528 485/1529 486/1530
f 479/1531 486/1532 479/1533
f 479/1534 486/1535 487/1536
f 479/1537 487/1538 479/1539
f 479/1540 487/1541 488/1542
f 479/1543 488/1544 479/1545
f 479/1546 488/1547 489/1548
f 479/1549 489/1550 479/1551
f 479/1552 489/1553 490/1554
f 479/1555 490/1556 479/1557
f 479/1558 490/1559 491/1560
f 479/1561 491/1562 479/1563
f 479/1564 491/1565 492/1566
f 479/1567 492/1568 479/1569
f 479/1570 492/1571 493/1572
f 479/1573 493/1574 479/1575
f 479/1576 493/1577 494/1578
f 479/1579 494/1580 479/1581
f 479/1582 494/1583 495/1584
f 479/1585 495/1586 479/1587
f 479/1588 495/1589 496/1590
f 479/1591 496/1592 479/1593
f 479/1594 496/1595 497/1596
f 479/1597 497/1598 479/1599
f 479/1600 497/1601 498/1602
f 479/1603 498/1604 479/1605
f 479/1606 498/1607 499/1608
f 479/1609 499/1610 479/1611
f 479/1612 499/1613 500/1614
f 479/1615 500/1616 479/1617
f 479/1618 500/1619 501/1620
f 479/1621 501/1622 479/1623
f 479/1624 501/1625 502/1626
f 479/1627 502/1628 479/1629
f 479/1630 502/1631 503/1632
f 479/1633 503/1634 479/1635
f 479/1636 503/1637 504/1638
f 479/1639 504/1640 479/1641
f 479/1642 504/1643 505/1644
f 479/1645 505/1646 479/1647
f 479/1648 505/1649 506/1650
f 479/1651 506/1652 479/1653
f 479/1654 506/1655 507/1656
f 479/1657 507/1658 479/1659
f 479/1660 507/1661 508/1662
f 479/1663 508/1664 479/1665
f 479/1666 508/1667 509/1668
f 479/1669 509/1670 479/1671
f 479/1672 509/1673 510/1674
f 479/1675 510/1676 479/1677
f 479/1678 510/1679 511/1680
f 479/1681 511/1682 479/1683
f 479/1684 511/1685 512/1686
f 479/1687 512/1688 479/1689
f 479/1690 512/1691 513/1692
f 479/1693 513/1694 479/1695
f 479/1696 513/1697 514/1698
f 479/1699 514/1700 479/1701
f 479/1702 514/1703 515/1704
f 479/1705 515/1706 479/1707
f 479/1708 515/1709 516/1710
f 479/1711 516/1712 479/1713
f 479/1714 516/1715 517/1716
f 479/1717 517/1718 479/1719
f 479/1720 517/1721 518/1722
f 479/1723 518/1724 479/1725
f 479/1726 518/1727 519/1728
f 479/1729 519/1730 477/1731
f 427/1732 429/1733 520/1734
f 520/1735 429/1736 431/1737
f 520/1738 431/1739 520/1740
f 520/1741 431/1742 433/1743
f 520/1744 433/1745 520/1746
f 520/1747 433/1748 435/1749
f 520/1750 435/1751 520/1752
f 520/1753 435/1754 437/1755
f 520/1756 437/1757 520/1758
f 520/1759 437/1760 439/1761
f 520/1762 439/1763 520/1764
f 520/1765 439/1766 441/1767
f 520/1768 441/1769 520/1770
f 520/1771 441/1772 443/1773
f 520/1774 443/1775 520/1776
f 520/1777 443/1778 445/1779
f 520/1780 445/1781 520/1782
f 520/1783 445/1784 447/1785
f 520/1786 447/1787 520/1788
f 520/1789 447/1790 449/1791
f 520/1792 449/1793 520/1794
f 520/1795 449/1796 451/1797
f 520/1798 451/1799 520/1800
f 520/1801 451/1802 453/1803
f 520/1804 453/1805 520/1806
f 520/1807 453/1808 455/1809
f 520/1810 455/1811 520/1812
f 520/1813 455/1814 457/1815
f 520/1816 457/1817 520/1818
f 520/1819 457/1820 459/1821
f 520/1822 459/1823 520/1824
f 520/1825 459/1826 461/1827
f 520/1828 461/1829 520/1830
f 520/1831 461/1832 463/1833
f 520/1834 463/1835 520/1836
f 520/1837 463/1838 465/1839
f 520/1840 465/1841 520/1842
f 520/1843 465/1844 467/1845
f 520/1846 467/1847 520/1848
f 520/1849 467/1850 469/1851
f 520/1852 469/1853 520/1854
f 520/1855 469/1856 471/1857
f 520/1858 471/1859 520/1860
f 520/1861 471/1862 473/1863
f 520/1864 473/1865 520/1866
f 520/1867 473/1868 33/1869
f 520/1870 33/1871 520/1872
f 520/1873 33/1874 12/1875
f 520/1876 12/1877 520/1878
f 520/1879 12/1880 395/1881
f 520/1882 395/1883 520/1884
f 520/1885 395/1886 397/1887
f 520/1888 397/1889 520/1890
f 520/1891 397/1892 399/1893
f 520/1894 399/1895 520/1896
f 520/1897 399/1898 401/1899
f 520/1900 401/1901 520/1902
f 520/1903 401/1904 403/1905
f 520/1906 403/1907 520/1908
f 520/1909 403/1910 405/1911
f 520/1912 405/1913 520/1914
f 520/1915 405/1916 407/1917
f 520/1918 407/1919 520/1920
f 520/1921 407/1922 409/1923
f 520/1924 409/1925 520/1926
f 520/1927 409/1928 411/1929
f 520/1930 411/1931 520/1932
f 520/1933 411/1934 413/1935
f 520/1936 413/1937 520/1938
f 520/1939 413/1940 415/1941
f 520/1942 415/1943 520/1944
f 520/1945 415/1946 417/1947
f 520/1948 417/1949 520/1950
f 520/1951 417/1952 419/1953
f 520/1954 419/1955 520/1956
f 520/1957 419/1958 421/1959
f 520/1960 421/1961 520/1962
f 520/1963 421/1964 423/1965
f 520/1966 423/1967 520/1968
f 520/1969 423/1970 425/1971
f 520/1972 425/1973 427/1974
f 43/1975 3/1976 521/1977
f 521/1978 3/1979 2/1980
f 521/1981 2/1982 521/1983
f 521/1984 2/1985 121/1986
f 521/1987 121/1988 521/1989
f 521/1990 121/1991 119/1992
f 521/1993 119/1994 521/1995
f 521/1996 119/1997 117/1998
f 521/1999 117/2000 521/2001
f 521/2002 117/2003 115/2004
f 521/2005 115/2006 521/2007
f 521/2008 115/2009 113/2010
f 521/2011 113/2012 521/2013
f 521/2014 113/2015 111/2016
f 521/2017 111/2018 521/2019
f 521/2020 111/2021 109/2022
f 521/2023 109/2024 521/2025
f 521/2026 109/2027 107/2028
f 521/2029 107/2030 521/2031
f 521/2032 107/2033 105/2034
f 521/2035 105/2036 521/2037
f 521/2038 105/2039 103/2040
f 521/2041 103/2042 521/2043
f 521/2044 103/2045 101/2046
f 521/2047 101/2048 521/2049
f 521/2050 101/2051 99/2052
f 521/2053 99/2054 521/2055
f 521/2056 99/2057 97/2058
f 521/2059 97/2060 521/2061
f 521/2062 97/2063 95/2064
f 521/2065 95/2066 521/2067
f 521/2068 95/2069 93/2070
f 521/2071 93/2072 521/2073
f 521/2074 93/2075 91/2076
f 521/2077 91/2078 521/2079
f 521/2080 91/2081 89/2082
f 521/2083 89/2084 521/2085
f 521/2086 89/2087 87/2088
f 521/2089 87/2090 521/2091
f 521/2092 87/2093 85/2094
f 521/2095 85/2096 521/2097
f 521/2098 85/2099 83/2100
f 521/2101 83/2102 521/2103
f 521/2104 83/2105 81/2106
f 521/2107 81/2108 521/2109
f 521/2110 81/2111 79/2112
f 521/2113 79/2114 521/2115
f 521/2116 79/2117 77/2118
f 521/2119 77/2120 521/2121
f 521/2122 77/2123 75/2124
f 521/2125 75/2126 521/2127
f 521/2128 75/2129 73/2130
f 521/2131 73/2132 521/2133
f 521/2134 73/2135 71/2136
f 521/2137 71/2138 521/2139
f 521/2140 71/2141 69/2142
f 521/2143 69/2144 521/2145
f 521/2146 69/2147 67/2148
f 521/2149 67/2150 521/2151
f 521/2152 67/2153 65/2154
f 521/2155 65/2156 521/2157
f 521/2158 65/2159 63/2160
f 521/2161 63/2162 521/2163
f 521/2164 63/2165 61/2166
f 521/2167 61/2168 521/2169
f 521/2170 61/2171 59/2172
f 521/2173 59/2174 521/2175
f 521/2176 59/2177 57/2178
f 521/2179 57/2180 521/2181
f 521/2182 57/2183 55/2184
f 521/2185 55/2186 521/2187
f 521/2188 55/2189 53/2190
f 521/2191 53/2192 521/2193
f 521/2194 53/2195 51/2196
f 521/2197 51/2198 521/2199
f 521/2200 51/2201 49/2202
f 521/2203 49/2204 521/2205
f 521/2206 49/2207 47/2208
f 521/2209 47/2210 521/2211
f 521/2212 47/2213 45/2214
f 521/2215 45/2216 43/2217
f 1/2218 42/2219 522/2220
f 522/2221 42/2222 44/2223
f 522/2224 44/2225 522/2226
f 522/2227 44/2228 46/2229
f 522/2230 46/2231 522/2232
f 522/2233 46/2234 48/2235
f 522/2236 48/2237 522/2238
f 522/2239 48/2240 50/2241
f 522/2242 50/2243 522/2244
f 522/2245 50/2246 52/2247
f 522/2248 52/2249 522/2250
f 522/2251 52/2252 54/2253
f 522/2254 54/2255 522/2256
f 522/2257 54/2258 56/2259
f 522/2260 56/2261 522/2262
f 522/2263 56/2264 58/2265
f 522/2266 58/2267 522/2268
f 522/2269 58/2270 60/2271
f 522/2272 60/2273 522/2274
f 522/2275 60/2276 62/2277
f 522/2278 62/2279 522/2280
f 522/2281 62/2282 64/2283
f 522/2284 64/2285 522/2286
f 522/2287 64/2288 66/2289
f 522/2290 66/2291 522/2292
f 522/2293 66/2294 68/2295
f 522/2296 68/2297 522/2298
f 522/2299 68/2300 70/2301
f 522/2302 70/2303 522/2304
f 522/2305 70/2306 72/2307
f 522/2308 72/2309 522/2310
f 522/2311 72/2312 74/2313
f 522/2314 74/2315 522/2316
f 522/2317 74/2318 76/2319
f 522/2320 76/2321 522/2322
f 522/2323 76/2324 78/2325
f 522/2326 78/2327 522/2328
f 522/2329 78/2330 80/2331
f 522/2332 80/2333 522/2334
f 522/2335 80/2336 82/2337
f 522/2338 82/2339 522/2340
f 522/2341 82/2342 84/2343
f 522/2344 84/2345 522/2346
f 522/2347 84/2348 86/2349
f 522/2350 86/2351 522/2352
f 522/2353 86/2354 88/2355
f 522/2356 88/2357 522/2358
f 522/2359 88/2360 90/2361
f 522/2362 90/2363 522/2364
f 522/2365 90/2366 92/2367
f 522/2368 92/2369 522/2370
f 522/2371 92/2372 94/2373
f 522/2374 94/2375 522/2376
f 522/2377 94/2378 96/2379
f 522/2380 96/2381 522/2382
f 522/2383 96/2384 98/2385
f 522/2386 98/2387 522/2388
f 522/2389 98/2390 100/2391
f 522/2392 100/2393 522/2394
f 522/2395 100/2396 102/2397
f 522/2398 102/2399 522/2400
f 522/2401 102/2402 104/2403
f 522/2404 104/2405 522/2406
f 522/2407 104/2408 106/2409
f 522/2410 106/2411 522/2412
f 522/2413 106/2414 108/2415
f 522/2416 108/2417 522/2418
f 522/2419 108/2420 110/2421
f 522/2422 110/2423 522/2424
f 522/2425 110/2426 112/2427
f 522/2428 112/2429 522/2430
f 522/2431 112/2432 114/2433
f 522/2434 114/2435 522/2436
f 522/2437 114/2438 116/2439
f 522/2440 116/2441 522/2442
f 522/2443 116/2444 118/2445
f 522/2446 118/2447 522/2448
f 522/2449 118/2450 120/2451
f 522/2452 120/2453 522/2454
f 522/2455 120/2456 4/2457
f 522/2458 4/2459 1/2460
f 426/2461 424/2462 523/2463
f 523/2464 424/2465 422/2466
f 523/2467 422/2468 523/2469
f 523/2470 422/2471 420/2472
f 523/2473 420/2474 523/2475
f 523/2476 420/2477 418/2478
f 523/2479 418/2480 523/2481
f 523/2482 418/2483 416/2484
f 523/2485 416/2486 523/2487
f 523/2488 416/2489 414/2490
f 523/2491 414/2492 523/2493
f 523/2494 414/2495 412/2496
f 523/2497 412/2498 523/2499
f 523/2500 412/2501 410/2502
f 523/2503 410/2504 523/2505
f 523/2506 410/2507 408/2508
f 523/2509 408/2510 523/2511
f 523/2512 408/2513 406/2514
f 523/2515 406/2516 523/2517
f 523/2518 406/2519 404/2520
f 523/2521 404/2522 523/2523
f 523/2524 404/2525 402/2526
f 523/2527 402/2528 523/2529
f 523/2530 402/2531 400/2532
f 523/2533 400/2534 523/2535
f 523/2536 400/2537 398/2538
f 523/2539 398/2540 523/2541
f 523/2542 398/2543 396/2544
f 523/2545 396/2546 523/2547
f 523/2548 396/2549 11/2550
f 523/2551 11/2552 523/2553
f 523/2554 11/2555 13/2556
f 523/2557 13/2558 523/2559
f 523/2560 13/2561 474/2562
f 523/2563 474/2564 523/2565
f 523/2566 474/2567 472/2568
f 523/2569 472/2570 523/2571
f 523/2572 472/2573 470/2574
f 523/2575 470/2576 523/2577
f 523/2578 470/2579 468/2580
f 523/2581 468/2582 523/2583
f 523/2584 468/2585 466/2586
f 523/2587 466/2588 523/2589
f 523/2590 466/2591 464/2592
f 523/2593 464/2594 523/2595
f 523/2596 464/2597 462/2598
f 523/2599 462/2600 523/2601
f 523/2602 462/2603 460/2604
f 523/2605 460/2606 523/2607
f 523/2608 460/2609 458/2610
f 523/2611 458/2612 523/2613
f 523/2614 458/2615 456/2616
f 523/2617 456/2618 523/2619
f 523/2620 456/2621 454/2622
f 523/2623 454/2624 523/2625
f 523/2626 454/2627 452/2628
f 523/2629 452/2630 523/2631
f 523/2632 452/2633 450/2634
f 523/2635 450/2636 523/2637
f 523/2638 450/2639 448/2640
f 523/2641 448/2642 523/2643
f 523/2644 448/2645 446/2646
f 523/2647 446/2648 523/2649
f 523/2650 446/2651 444/2652
f 523/2653 444/2654 523/2655
f 523/2656 444/2657 442/2658
f 523/2659 442/2660 523/2661
f 523/2662 442/2663 440/2664
f 523/2665 440/2666 523/2667
f 523/2668 440/2669 438/2670
f 523/2671 438/2672 523/2673
f 523/2674 438/2675 436/2676
f 523/2677 436/2678 523/2679
f 523/2680 436/2681 434/2682
f 523/2683 434/2684 523/2685
f 523/2686 434/2687 432/2688
f 523/2689 432/2690 523/2691
f 523/2692 432/2693 430/2694
f 523/2695 430/2696 523/2697
f 523/2698 430/2699 428/2700
f 523/2701 428/2702 426/2703
f 379/2704 377/2705 524/2706
f 524/2707 377/2708 375/2709
f 524/2710 375/2711 524/2712
f 524/2713 375/2714 373/2715
f 524/2716 373/2717 524/2718
f 524/2719 373/2720 371/2721
f 524/2722 371/2723 524/2724
f 524/2725 371/2726 369/2727
f 524/2728 369/2729 524/2730
f 524/2731 369/2732 367/2733
f 524/2734 367/2735 524/2736
f 524/2737 367/2738 365/2739
f 524/2740 365/2741 524/2742
f 524/2743 365/2744 363/2745
f 524/2746 363/2747 524/2748
f 524/2749 363/2750 361/2751
f 524/2752 361/2753 524/2754
f 524/2755 361/2756 359/2757
f 524/2758 359/2759 524/2760
f 524/2761 359/2762 357/2763
f 524/2764 357/2765 524/2766
f 524/2767 357/2768 355/2769
f 524/2770 355/2771 524/2772
f 524/2773 355/2774 353/2775
f 524/2776 353/2777 524/2778
f 524/2779 353/2780 351/2781
f 524/2782 351/2783 524/2784
f 524/2785 351/2786 349/2787
f 524/2788 349/2789 524/2790
f 524/2791 349/2792 347/2793
f 524/2794 347/2795 524/2796
f 524/2797 347/2798 345/2799
f 524/2800 345/2801 524/2802
f 524/2803 345/2804 343/2805
f 524/2806 343/2807 524/2808
f 524/2809 343/2810 341/2811
f 524/2812 341/2813 524/2814
f 524/2815 341/2816 339/2817
f 524/2818 339/2819 524/2820
f 524/2821 339/2822 337/2823
f 524/2824 337/2825 524/2826
f 524/2827 337/2828 335/2829
f 524/2830 335/2831 524/2832
f 524/2833 335/2834 333/2835
f 524/2836 333/2837 524/2838
f 524/2839 333/2840 331/2841
f 524/2842 331/2843 524/2844
f 524/2845 331/2846 329/2847
f 524/2848 329/2849 524/2850
f 524/2851 329/2852 327/2853
f 524/2854 327/2855 524/2856
f 524/2857 327/2858 325/2859
f 524/2860 325/2861 524/2862
f 524/2863 325/2864 323/2865
f 524/2866 323/2867 524/2868
f 524/2869 323/2870 321/2871
f 524/2872 321/2873 524/2874
f 524/2875 321/2876 319/2877
f 524/2878 319/2879 524/2880
f 524/2881 319/2882 317/2883
f 524/2884 317/2885 524/2886
f 524/2887 317/2888 315/2889
f 524/2890 315/2891 524/2892
f 524/2893 315/2894 313/2895
f 524/2896 313/2897 524/2898
f 524/2899 313/2900 311/2901
f 524/2902 311/2903 524/2904
f 524/2905 311/2906 309/2907
f 524/2908 309/2909 524/2910
f 524/2911 309/2912 307/2913
f 524/2914 307/2915 524/2916
f 524/2917 307/2918 305/2919
f 524/2920 305/2921 524/2922
f 524/2923 305/2924 303/2925
f 524/2926 303/2927 524/2928
f 524/2929 303/2930 14/2931
f 524/2932 14/2933 524/2934
f 524/2935 14/2936 16/2937
f 524/2938 16/2939 524/2940
f 524/2941 16/2942 381/2943
f 524/2944 381/2945 379/2946
f 299/2947 297/2948 525/2949
f 525/2950 297/2951 295/2952
f 525/2953 295/2954 525/2955
f 525/2956 295/2957 293/2958
f 525/2959 293/2960 525/2961
f 525/2962 293/2963 291/2964
f 525/2965 291/2966 525/2967
f 525/2968 291/2969 289/2970
f 525/2971 289/2972 525/2973
f 525/2974 289/2975 287/2976
f 525/2977 287/2978 525/2979
f 525/2980 287/2981 285/2982
f 525/2983 285/2984 525/2985
f 525/2986 285/2987 283/2988
f 525/2989 283/2990 525/2991
f 525/2992 283/2993 281/2994
f 525/2995 281/2996 525/2997
f 525/2998 281/2999 279/3000
f 525/3001 279/3002 525/3003
f 525/3004 279/3005 277/3006
f 525/3007 277/3008 525/3009
f 525/3010 277/3011 275/3012
f 525/3013 275/3014 525/3015
f 525/3016 275/3017 273/3018
f 525/3019 273/3020 525/3021
f 525/3022 273/3023 271/3024
f 525/3025 271/3026 525/3027
f 525/3028 271/3029 269/3030
f 525/3031 269/3032 525/3033
f 525/3034 269/3035 267/3036
f 525/3037 267/3038 525/3039
f 525/3040 267/3041 265/3042
f 525/3043 265/3044 525/3045
f 525/3046 265/3047 263/3048
f 525/3049 263/3050 525/3051
f 525/3052 263/3053 261/3054
f 525/3055 261/3056 525/3057
f 525/3058 261/3059 259/3060
f 525/3061 259/3062 525/3063
f 525/3064 259/3065 257/3066
f 525/3067 257/3068 525/3069
f 525/3070 257/3071 255/3072
f 525/3073 255/3074 525/3075
f 525/3076 255/3077 253/3078
f 525/3079 253/3080 525/3081
f 525/3082 253/3083 251/3084
f 525/3085 251/3086 525/3087
f 525/3088 251/3089 249/3090
f 525/3091 249/3092 525/3093
f 525/3094 249/3095 247/3096
f 525/3097 247/3098 525/3099
f 525/3100 247/3101 245/3102
f 525/3103 245/3104 525/3105
f 525/3106 245/3107 243/3108
f 525/3109 243/3110 525/3111
f 525/3112 243/3113 241/3114
f 525/3115 241/3116 525/3117
f 525/3118 241/3119 239/3120
f 525/3121 239/3122 525/3123
f 525/3124 239/3125 237/3126
f 525/3127 237/3128 525/3129
f 525/3130 237/3131 235/3132
f 525/3133 235/3134 525/3135
f 525/3136 235/3137 233/3138
f 525/3139 233/3140 525/3141
f 525/3142 233/3143 231/3144
f 525/3145 231/3146 525/3147
f 525/3148 231/3149 229/3150
f 525/3151 229/3152 525/3153
f 525/3154 229/3155 227/3156
f 525/3157 227/3158 525/3159
f 525/3160 227/3161 225/3162
f 525/3163 225/3164 525/3165
f 525/3166 225/3167 223/3168
f 525/3169 223/3170 525/3171
f 525/3172 223/3173 17/3174
f 525/3175 17/3176 525/3177
f 525/3178 17/3179 19/3180
f 525/3181 19/3182 525/3183
f 525/3184 19/3185 301/3186
f 525/3187 301/3188 299/3189
f 203/3190 201/3191 526/3192
f 526/3193 201/3194 199/3195
f 526/3196 199/3197 526/3198
f 526/3199 199/3200 197/3201
f 526/3202 197/3203 526/3204
f 526/3205 197/3206 195/3207
f 526/3208 195/3209 526/3210
f 526/3211 195/3212 193/3213
f 526/3214 193/3215 526/3216
f 526/3217 193/3218 191/3219
f 526/3220 191/3221 526/3222
f 526/3223 191/3224 189/3225
f 526/3226 189/3227 526/3228
f 526/3229 189/3230 187/3231
f 526/3232 187/3233 526/3234
f 526/3235 187/3236 185/3237
f 526/3238 185/3239 526/3240
f 526/3241 185/3242 183/3243
f 526/3244 183/3245 526/3246
f 526/3247 183/3248 181/3249
f 526/3250 181/3251 526/3252
f 526/3253 181/3254 179/3255
f 526/3256 179/3257 526/3258
f 526/3259 179/3260 177/3261
f 526/3262 177/3263 526/3264
f 526/3265 177/3266 175/3267
f 526/3268 175/3269 526/3270
f 526/3271 175/3272 173/3273
f 526/3274 173/3275 526/3276
f 526/3277 173/3278 171/3279
f 526/3280 171/3281 526/3282
f 526/3283 171/3284 169/3285
f 526/3286 169/3287 526/3288
f 526/3289 169/3290 167/3291
f 526/3292 167/3293 526/3294
f 526/3295 167/3296 165/3297
f 526/3298 165/3299 526/3300
f 526/3301 165/3302 163/3303
f 526/3304 163/3305 526/3306
f 526/3307 163/3308 161/3309
f 526/3310 161/3311 526/3312
f 526/3313 161/3314 159/3315
f 526/3316 159/3317 526/3318
f 526/3319 159/3320 157/3321
f 526/3322 157/3323 526/3324
f 526/3325 157/3326 155/3327
f 526/3328 155/3329 526/3330
f 526/3331 155/3332 153/3333
f 526/3334 153/3335 526/3336
f 526/3337 153/3338 151/3339
f 526/3340 151/3341 526/3342
f 526/3343 151/3344 149/3345
f 526/3346 149/3347 526/3348
f 526/3349 149/3350 147/3351
f 526/3352 147/3353 526/3354
f 526/3355 147/3356 145/3357
f 526/3358 145/3359 526/3360
f 526/3361 145/3362 143/3363
f 526/3364 143/3365 526/3366
f 526/3367 143/3368 141/3369
f 526/3370 141/3371 526/3372
f 526/3373 141/3374 139/3375
f 526/3376 139/3377 526/3378
f 526/3379 139/3380 137/3381
f 526/3382 137/3383 526/3384
f 526/3385 137/3386 135/3387
f 526/3388 135/3389 526/3390
f 526/3391 135/3392 133/3393
f 526/3394 133/3395 526/3396
f 526/3397 133/3398 131/3399
f 526/3400 131/3401 526/3402
f 526/3403 131/3404 129/3405
f 526/3406 129/3407 526/3408
f 526/3409 129/3410 127/3411
f 526/3412 127/3413 526/3414
f 526/3415 127/3416 20/3417
f 526/3418 20/3419 526/3420
f 526/3421 20/3422 22/3423
f 526/3424 22/3425 526/3426
f 526/3427 22/3428 205/3429
f 526/3430 205/3431 203/3432
f 378/3433 380/3434 527/3435
f 527/3436 380/3437 37/3438
f 527/3439 37/3440 527/3441
f 527/3442 37/3443 15/3444
f 527/3445 15/3446 527/3447
f 527/3448 15/3449 302/3450
f 527/3451 302/3452 527/3453
f 527/3454 302/3455 304/3456
f 527/3457 304/3458 527/3459
f 527/3460 304/3461 306/3462
f 527/3463 306/3464 527/3465
f 527/3466 306/3467 308/3468
f 527/3469 308/3470 527/3471
f 527/3472 308/3473 310/3474
f 527/3475 310/3476 527/3477
f 527/3478 310/3479 312/3480
f 527/3481 312/3482 527/3483
f 527/3484 312/3485 314/3486
f 527/3487 314/3488 527/3489
f 527/3490 314/3491 316/3492
f 527/3493 316/3494 527/3495
f 527/3496 316/3497 318/3498
f 527/3499 318/3500 527/3501
f 527/3502 318/3503 320/3504
f 527/3505 320/3506 527/3507
f 527/3508 320/3509 322/3510
f 527/3511 322/3512 527/3513
f 527/3514 322/3515 324/3516
f 527/3517 324/3518 527/3519
f 527/3520 324/3521 326/3522
f 527/3523 326/3524 527/3525
f 527/3526 326/3527 328/3528
f 527/3529 328/3530 527/3531
f 527/3532 328/3533 330/3534
f 527/3535 330/3536 527/3537
f 527/3538 330/3539 332/3540
f 527/3541 332/3542 527/3543
f 527/3544 332/3545 334/3546
f 527/3547 334/3548 527/3549
f 527/3550 334/3551 336/3552
f 527/3553 336/3554 527/3555
f 527/3556 336/3557 338/3558
f 527/3559 338/3560 527/3561
f 527/3562 338/3563 340/3564
f 527/3565 340/3566 527/3567
f 527/3568 340/3569 342/3570
f 527/3571 342/3572 527/3573
f 527/3574 342/3575 344/3576
f 527/3577 344/3578 527/3579
f 527/3580 344/3581 346/3582
f 527/3583 346/3584 527/3585
f 527/3586 346/3587 348/3588
f 527/3589 348/3590 527/3591
f 527/3592 348/3593 350/3594
f 527/3595 350/3596 527/3597
f 527/3598 350/3599 352/3600
f 527/3601 352/3602 527/3603
f 527/3604 352/3605 354/3606
f 527/3607 354/3608 527/3609
f 527/3610 354/3611 356/3612
f 527/3613 356/3614 527/3615
f 527/3616 356/3617 358/3618
f 527/3619 358/3620 527/3621
f 527/3622 358/3623 360/3624
f 527/3625 360/3626 527/3627
f 527/3628 360/3629 362/3630
f 527/3631 362/3632 527/3633
f 527/3634 362/3635 364/3636
f 527/3637 364/3638 527/3639
f 527/3640 364/3641 366/3642
f 527/3643 366/3644 527/3645
f 527/3646 366/3647 368/3648
f 527/3649 368/3650 527/3651
f 527/3652 368/3653 370/3654
f 527/3655 370/3656 527/3657
f 527/3658 370/3659 372/3660
f 527/3661 372/3662 527/3663
f 527/3664 372/3665 374/3666
f 527/3667 374/3668 527/3669
f 527/3670 374/3671 376/3672
f 527/3673 376/3674 378/3675
f 202/3676 204/3677 528/3678
f 528/3679 204/3680 41/3681
f 528/3682 41/3683 528/3684
f 528/3685 41/3686 21/3687
f 528/3688 21/3689 528/3690
f 528/3691 21/3692 126/3693
f 528/3694 126/3695 528/3696
f 528/3697 126/3698 128/3699
f 528/3700 128/3701 528/3702
f 528/3703 128/3704 130/3705
f 528/3706 130/3707 528/3708
f 528/3709 130/3710 132/3711
f 528/3712 132/3713 528/3714
f 528/3715 132/3716 134/3717
f 528/3718 134/3719 528/3720
f 528/3721 134/3722 136/3723
f 528/3724 136/3725 528/3726
f 528/3727 136/3728 138/3729
f 528/3730 138/3731 528/3732
f 528/3733 138/3734 140/3735
f 528/3736 140/3737 528/3738
f 528/3739 140/3740 142/3741
f 528/3742 142/3743 528/3744
f 528/3745 142/3746 144/3747
f 528/3748 144/3749 528/3750
f 528/3751 144/3752 146/3753
f 528/3754 146/3755 528/3756
f 528/3757 146/3758 148/3759
f 528/3760 148/3761 528/3762
f 528/3763 148/3764 150/3765
f 528/3766 150/3767 528/3768
f 528/3769 150/3770 152/3771
f 528/3772 152/3773 528/3774
f 528/3775 152/3776 154/3777
f 528/3778 154/3779 528/3780
f 528/3781 154/3782 156/3783
f 528/3784 156/3785 528/3786
f 528/3787 156/3788 158/3789
f 528/3790 158/3791 528/3792
f 528/3793 158/3794 160/3795
f 528/3796 160/3797 528/3798
f 528/3799 160/3800 162/3801
f 528/3802 162/3803 528/3804
f 528/3805 162/3806 164/3807
f 528/3808 164/3809 528/3810
f 528/3811 164/3812 166/3813
f 528/3814 166/3815 528/3816
f 528/3817 166/3818 168/3819
f 528/3820 168/3821 528/3822
f 528/3823 168/3824 170/3825
f 528/3826 170/3827 528/3828
f 528/3829 170/3830 172/3831
f 528/3832 172/3833 528/3834
f 528/3835 172/3836 174/3837
f 528/3838 174/3839 528/3840
f 528/3841 174/3842 176/3843
f 528/3844 176/3845 528/3846
f 528/3847 176/3848 178/3849
f 528/3850 178/3851 528/3852
f 528/3853 178/3854 180/3855
f 528/3856 180/3857 528/3858
f 528/3859 180/3860 182/3861
f 528/3862 182/3863 528/3864
f 528/3865 182/3866 184/3867
f 528/3868 184/3869 528/3870
f 528/3871 184/3872 186/3873
f 528/3874 186/3875 528/3876
f 528/3877 186/3878 188/3879
f 528/3880 188/3881 528/3882
f 528/3883 188/3884 190/3885
f 528/3886 190/3887 528/3888
f 528/3889 190/3890 192/3891
f 528/3892 192/3893 528/3894
f 528/3895 192/3896 194/3897
f 528/3898 194/3899 528/3900
f 528/3901 194/3902 196/3903
f 528/3904 196/3905 528/3906
f 528/3907 196/3908 198/3909
f 528/3910 198/3911 528/3912
f 528/3913 198/3914 200/3915
f 528/3916 200/3917 202/3918
f 298/3919 300/3920 529/3921
f 529/3922 300/3923 40/3924
f 529/3925 40/3926 529/3927
f 529/3928 40/3929 18/3930
f 529/3931 18/3932 529/3933
f 529/3934 18/3935 222/3936
f 529/3937 222/3938 529/3939
f 529/3940 222/3941 224/3942
f 529/3943 224/3944 529/3945
f 529/3946 224/3947 226/3948
f 529/3949 226/3950 529/3951
f 529/3952 226/3953 228/3954
f 529/3955 228/3956 529/3957
f 529/3958 228/3959 230/3960
f 529/3961 230/3962 529/3963
f 529/3964 230/3965 232/3966
f 529/3967 232/3968 529/3969
f 529/3970 232/3971 234/3972
f 529/3973 234/3974 529/3975
f 529/3976 234/3977 236/3978
f 529/3979 236/3980 529/3981
f 529/3982 236/3983 238/3984
f 529/3985 238/3986 529/3987
f 529/3988 238/3989 240/3990
f 529/3991 240/3992 529/3993
f 529/3994 240/3995 242/3996
f 529/3997 242/3998 529/3999
f 529/4000 242/4001 244/4002
f 529/4003 244/4004 529/4005
f 529/4006 244/4007 246/4008
f 529/4009 246/4010 529/4011
f 529/4012 246/4013 248/4014
f 529/4015 248/4016 529/4017
f 529/4018 248/4019 250/4020
f 529/4021 250/4022 529/4023
f 529/4024 250/4025 252/4026
f 529/4027 252/4028 529/4029
f 529/4030 252/4031 254/4032
f 529/4033 254/4034 529/4035
f 529/4036 254/4037 256/4038
f 529/4039 256/4040 529/4041
f 529/4042 256/4043 258/4044
f 529/4045 258/4046 529/4047
f 529/4048 258/4049 260/4050
f 529/4051 260/4052 529/4053
f 529/4054 260/4055 262/4056
f 529/4057 262/4058 529/4059
f 529/4060 262/4061 264/4062
f 529/4063 264/4064 529/4065
f 529/4066 264/4067 266/4068
f 529/4069 266/4070 529/4071
f 529/4072 266/4073 268/4074
f 529/4075 268/4076 529/4077
f 529/4078 268/4079 270/4080
f 529/4081 270/4082 529/4083
f 529/4084 270/4085 272/4086
f 529/4087 272/4088 529/4089
f 529/4090 272/4091 274/4092
f 529/4093 274/4094 529/4095
f 529/4096 274/4097 276/4098
f 529/4099 276/4100 529/4101
f 529/4102 276/4103 278/4104
f 529/4105 278/4106 529/4107
f 529/4108 278/4109 280/4110
f 529/4111 280/4112 529/4113
f 529/4114 280/4115 282/4116
f 529/4117 282/4118 529/4119
f 529/4120 282/4121 284/4122
f 529/4123 284/4124 529/4125
f 529/4126 284/4127 286/4128
f 529/4129 286/4130 529/4131
f 529/4132 286/4133 288/4134
f 529/4135 288/4136 529/4137
f 529/4138 288/4139 290/4140
f 529/4141 290/4142 529/4143
f 529/4144 290/4145 292/4146
f 529/4147 292/4148 529/4149
f 529/4150 292/4151 294/4152
f 529/4153 294/4154 529/4155
f 529/4156 294/4157 296/4158
f 529/4159 296/4160 298/4161
f 530/4162 531/4163 532/4164
f 532/4165 531/4166 533/4167
f 532/4168 533/4169 532/4170
f 532/4171 533/4172 534/4173
f 532/4174 534/4175 532/4176
f 532/4177 534/4178 535/4179
f 532/4180 535/4181 532/4182
f 532/4183 535/4184 536/4185
f 532/4186 536/4187 532/4188
f 532/4189 536/4190 537/4191
f 532/4192 537/4193 532/4194
f 532/4195 537/4196 538/4197
f 532/4198 538/4199 532/4200
f 532/4201 538/4202 539/4203
f 532/4204 539/4205 532/4206
f 532/4207 539/4208 540/4209
f 532/4210 540/4211 532/4212
f 532/4213 540/4214 541/4215
f 532/4216 541/4217 532/4218
f 532/4219 541/4220 542/4221
f 532/4222 542/4223 532/4224
f 532/4225 542/4226 543/4227
f 532/4228 543/4229 532/4230
f 532/4231 543/4232 544/4233
f 532/4234 544/4235 532/4236
f 532/4237 544/4238 545/4239
f 532/4240 545/4241 532/4242
f 532/4243 545/4244 546/4245
f 532/4246 546/4247 532/4248
f 532/4249 546/4250 547/4251
f 532/4252 547/4253 532/4254
f 532/4255 547/4256 548/4257
f 532/4258 548/4259 532/4260
f 532/4261 548/4262 549/4263
f 532/4264 549/4265 532/4266
f 532/4267 549/4268 550/4269
f 532/4270 550/4271 532/4272
f 532/4273 550/4274 551/4275
f 532/4276 551/4277 532/4278
f 532/4279 551/4280 552/4281
f 532/4282 552/4283 532/4284
f 532/4285 552/4286 553/4287
f 532/4288 553/4289 532/4290
f 532/4291 553/4292 554/4293
f 532/4294 554/4295 532/4296
f 532/4297 554/4298 555/4299
f 532/4300 555/4301 532/4302
f 532/4303 555/4304 556/4305
f 532/4306 556/4307 532/4308
f 532/4309 556/4310 557/4311
f 532/4312 557/4313 532/4314
f 532/4315 557/4316 558/4317
f 532/4318 558/4319 532/4320
f 532/4321 558/4322 559/4323
f 532/4324 559/4325 532/4326
f 532/4327 559/4328 560/4329
f 532/4330 560/4331 532/4332
f 532/4333 560/4334 561/4335
f 532/4336 561/4337 532/4338
f 532/4339 561/4340 562/4341
f 532/4342 562/4343 532/4344
f 532/4345 562/4346 563/4347
f 532/4348 563/4349 532/4350
f 532/4351 563/4352 564/4353
f 532/4354 564/4355 532/4356
f 532/4357 564/4358 565/4359
f 532/4360 565/4361 532/4362
f 532/4363 565/4364 566/4365
f 532/4366 566/4367 532/4368
f 532/4369 566/4370 567/4371
f 532/4372 567/4373 532/4374
f 532/4375 567/4376 568/4377
f 532/4378 568/4379 532/4380
f 532/4381 568/4382 569/4383
f 532/4384 569/4385 532/4386
f 532/4387 569/4388 570/4389
f 532/4390 570/4391 532/4392
f 532/4393 570/4394 571/4395
f 532/4396 571/4397 532/4398
f 532/4399 571/4400 572/4401
f 532/4402 572/4403 530/4404
f 519/4405 561/4406 560/4407
f 518/4408 561/4409 519/4410
f 519/4411 560/4412 477/4413
f 477/4414 560/4415 559/4416
f 477/4417 559/4418 478/4419
f 478/4420 559/4421 558/4422
f 478/4423 558/4424 480/4425
f 480/4426 558/4427 557/4428
f 480/4429 557/4430 481/4431
f 481/4432 557/4433 556/4434
f 481/4435 556/4436 482/4437
f 482/4438 556/4439 555/4440
f 482/4441 555/4442 483/4443
f 483/4444 555/4445 554/4446
f 483/4447 554/4448 484/4449
f 484/4450 554/4451 553/4452
f 484/4453 553/4454 485/4455
f 485/4456 553/4457 552/4458
f 485/4459 552/4460 486/4461
f 486/4462 552/4463 551/4464
f 486/4465 551/4466 487/4467
f 487/4468 551/4469 550/4470
f 487/4471 550/4472 488/4473
f 488/4474 550/4475 549/4476
f 488/4477 549/4478 489/4479
f 489/4480 549/4481 548/4482
f 489/4483 548/4484 490/4485
f 490/4486 548/4487 547/4488
f 490/4489 547/4490 491/4491
f 491/4492 547/4493 546/4494
f 491/4495 546/4496 492/4497
f 492/4498 546/4499 545/4500
f 492/4501 545/4502 493/4503
f 493/4504 545/4505 544/4506
f 493/4507 544/4508 494/4509
f 494/4510 544/4511 543/4512
f 494/4513 543/4514 495/4515
f 495/4516 543/4517 542/4518
f 495/4519 542/4520 496/4521
f 496/4522 542/4523 541/4524
f 496/4525 541/4526 497/4527
f 497/4528 541/4529 540/4530
f 497/4531 540/4532 498/4533
f 498/4534 540/4535 539/4536
f 498/4537 539/4538 499/4539
f 499/4540 539/4541 538/4542
f 499/4543 538/4544 500/4545
f 500/4546 538/4547 537/4548
f 500/4549 537/4550 501/4551
f 501/4552 537/4553 536/4554
f 501/4555 536/4556 502/4557
f 502/4558 536/4559 535/4560
f 502/4561 535/4562 503/4563
f 503/4564 535/4565 534/4566
f 503/4567 534/4568 504/4569
f 504/4570 534/4571 533/4572
f 504/4573 533/4574 505/4575
f 505/4576 533/4577 531/4578
f 505/4579 531/4580 506/4581
f 506/4582 531/4583 530/4584
f 506/4585 530/4586 507/4587
f 507/4588 530/4589 572/4590
f 507/4591 572/4592 508/4593
f 508/4594 572/4595 571/4596
f 508/4597 571/4598 509/4599
f 509/4600 571/4601 570/4602
f 509/4603 570/4604 510/4605
f 510/4606 570/4607 569/4608
f 510/4609 569/4610 511/4611
f 511/4612 569/4613 568/4614
f 511/4615 568/4616 512/4617
f 512/4618 568/4619 567/4620
f 512/4621 567/4622 513/4623
f 513/4624 567/4625 566/4626
f 513/4627 566/4628 514/4629
f 514/4630 566/4631 565/4632
f 514/4633 565/4634 515/4635
f 515/4636 565/4637 564/4638
f 515/4639 564/4640 516/4641
f 516/4642 564/4643 563/4644
f 516/4645 563/4646 517/4647
f 517/4648 563/4649 562/4650
f 517/4651 562/4652 518/4653
f 518/4654 562/4655 561/4656
