# Exported from USD for MuJoCo with source material subsets
v 10.067456 -3.08991681 1.90000023
v 10.0648206 -3.1003233 1.90000023
v 10.0033426 -3.07921801 1.90000023
v 10.0605083 -3.11015449 1.90000023
v 10.0546367 -3.11914168 1.90000023
v 10.0473659 -3.12704001 1.90000023
v 10.0388942 -3.13363372 1.90000023
v 10.0294529 -3.13874327 1.90000023
v 10.0192992 -3.14222895 1.90000023
v 10.0087103 -3.1439961 1.90000023
v 9.99797496 -3.1439961 1.90000023
v 9.98738613 -3.14222895 1.90000023
v 9.97723245 -3.13874327 1.90000023
v 9.96779099 -3.13363372 1.90000023
v 9.95931929 -3.12704001 1.90000023
v 9.95204851 -3.11914168 1.90000023
v 9.94617685 -3.11015449 1.90000023
v 9.94186458 -3.1003233 1.90000023
v 9.93922916 -3.08991681 1.90000023
v 9.93834272 -3.07921801 1.90000023
v 9.93922916 -3.06851922 1.90000023
v 9.94186458 -3.05811249 1.90000023
v 9.94617685 -3.0482813 1.90000023
v 9.95204851 -3.03929411 1.90000023
v 9.95931929 -3.03139602 1.90000023
v 9.96779099 -3.02480231 1.90000023
v 9.97723245 -3.01969276 1.90000023
v 9.98738613 -3.01620708 1.90000023
v 9.99797496 -3.01443993 1.90000023
v 10.0087103 -3.01443993 1.90000023
v 10.0192992 -3.01620708 1.90000023
v 10.0294529 -3.01969276 1.90000023
v 10.0388942 -3.02480231 1.90000023
v 10.0473659 -3.03139602 1.90000023
v 10.0546367 -3.03929411 1.90000023
v 10.0605083 -3.0482813 1.90000023
v 10.0648206 -3.05811249 1.90000023
v 10.067456 -3.06851922 1.90000023
v 10.0683426 -3.07921801 1.90000023
v 10.0480241 -3.10165797 2.0300001
v 10.0503272 -3.09631883 2.0300001
v 10.0033426 -3.07921801 2.0300001
v 10.0519949 -3.09074889 2.0300001
v 10.0530045 -3.08502255 2.0300001
v 10.0533425 -3.07921801 2.0300001
v 10.0530045 -3.07341324 2.0300001
v 10.0519949 -3.06768738 2.0300001
v 10.0503272 -3.06211697 2.0300001
v 10.0480241 -3.05677782 2.0300001
v 10.0451169 -3.05174242 2.0300001
v 10.0416448 -3.04707871 2.0300001
v 10.0376547 -3.04284941 2.0300001
v 10.0332005 -3.03911172 2.0300001
v 10.0283426 -3.03591691 2.0300001
v 10.0231465 -3.03330718 2.0300001
v 10.0176827 -3.03131853 2.0300001
v 10.012025 -3.02997743 2.0300001
v 10.0062498 -3.02930246 2.0300001
v 10.0004354 -3.02930246 2.0300001
v 9.9946602 -3.02997743 2.0300001
v 9.98900234 -3.03131853 2.0300001
v 9.9835386 -3.03330718 2.0300001
v 9.97834262 -3.03591691 2.0300001
v 9.9734846 -3.03911172 2.0300001
v 9.9690305 -3.04284941 2.0300001
v 9.96504038 -3.04707871 2.0300001
v 9.9615682 -3.05174242 2.0300001
v 9.95866093 -3.05677782 2.0300001
v 9.95635801 -3.06211697 2.0300001
v 9.95469028 -3.06768738 2.0300001
v 9.95368063 -3.07341324 2.0300001
v 9.95334255 -3.07921801 2.0300001
v 9.95368063 -3.08502255 2.0300001
v 9.95469028 -3.09074889 2.0300001
v 9.95635801 -3.09631883 2.0300001
v 9.95866093 -3.10165797 2.0300001
v 9.9615682 -3.10669337 2.0300001
v 9.96504038 -3.11135732 2.0300001
v 9.9690305 -3.11558662 2.0300001
v 9.9734846 -3.11932431 2.0300001
v 9.97834262 -3.12251888 2.0300001
v 9.9835386 -3.12512885 2.0300001
v 9.98900234 -3.12711726 2.0300001
v 9.9946602 -3.1284586 2.0300001
v 10.0004354 -3.12913333 2.0300001
v 10.0062498 -3.12913333 2.0300001
v 10.012025 -3.1284586 2.0300001
v 10.0176827 -3.12711726 2.0300001
v 10.0231465 -3.12512885 2.0300001
v 10.0283426 -3.12251888 2.0300001
v 10.0332005 -3.11932431 2.0300001
v 10.0376547 -3.11558662 2.0300001
v 10.0416448 -3.11135732 2.0300001
v 10.0451169 -3.10669337 2.0300001
v 10.067903 -3.0867642 2.01500024
v 10.067456 -3.08991681 2.01500024
v 10.0665905 -3.09420811 2.01500024
v 10.0648206 -3.1003233 2.01500024
v 10.0644226 -3.10144912 2.01500024
v 10.0614286 -3.10838948 2.01500024
v 10.0605083 -3.11015449 2.01500024
v 10.0576492 -3.11493598 2.01500024
v 10.0546367 -3.11914168 2.01500024
v 10.0531354 -3.12099896 2.01500024
v 10.0479483 -3.12649713 2.01500024
v 10.0473659 -3.12704001 2.01500024
v 10.0421579 -3.13135611 2.01500024
v 10.0388941 -3.13363372 2.01500024
v 10.0358425 -3.13550983 2.01500024
v 10.0294528 -3.13874327 2.01500024
v 10.0290877 -3.13890205 2.01500024
v 10.0219848 -3.14148699 2.01500024
v 10.0192991 -3.14222895 2.01500024
v 10.0146297 -3.14323054 2.01500024
v 10.0087102 -3.1439961 2.01500024
v 10.007122 -3.14410768 2.01500024
v 9.99956316 -3.14410768 2.01500024
v 9.9979749 -3.1439961 2.01500024
v 9.99205547 -3.14323054 2.01500024
v 9.98738608 -3.14222895 2.01500024
v 9.98470041 -3.14148699 2.01500024
v 9.97759744 -3.13890205 2.01500024
v 9.97723239 -3.13874327 2.01500024
v 9.97084257 -3.13550983 2.01500024
v 9.96779093 -3.13363372 2.01500024
v 9.96452725 -3.13135611 2.01500024
v 9.95931926 -3.12704001 2.01500024
v 9.95873686 -3.12649713 2.01500024
v 9.95354971 -3.12099896 2.01500024
v 9.95204845 -3.11914168 2.01500024
v 9.94903591 -3.11493598 2.01500024
v 9.94617679 -3.11015449 2.01500024
v 9.9452565 -3.10838948 2.01500024
v 9.94226256 -3.10144912 2.01500024
v 9.94186452 -3.1003233 2.01500024
v 9.94009468 -3.09420811 2.01500024
v 9.9392291 -3.08991681 2.01500024
v 9.93878212 -3.0867642 2.01500024
v 9.9383426 -3.07921801 2.01500024
v 9.93878212 -3.07167183 2.01500024
v 9.9392291 -3.06851922 2.01500024
v 9.94009468 -3.06422792 2.01500024
v 9.94186452 -3.05811249 2.01500024
v 9.94226256 -3.05698667 2.01500024
v 9.9452565 -3.05004607 2.01500024
v 9.94617679 -3.0482813 2.01500024
v 9.94903591 -3.04350005 2.01500024
v 9.95204845 -3.03929411 2.01500024
v 9.95354971 -3.03743683 2.01500024
v 9.95873686 -3.0319389 2.01500024
v 9.95931926 -3.03139602 2.01500024
v 9.96452725 -3.02707969 2.01500024
v 9.96779093 -3.02480231 2.01500024
v 9.97084257 -3.0229262 2.01500024
v 9.97723239 -3.01969276 2.01500024
v 9.97759744 -3.01953398 2.01500024
v 9.98470041 -3.0169488 2.01500024
v 9.98738608 -3.01620708 2.01500024
v 9.99205547 -3.01520549 2.01500024
v 9.9979749 -3.01443993 2.01500024
v 9.99956316 -3.01432787 2.01500024
v 10.007122 -3.01432787 2.01500024
v 10.0087102 -3.01443993 2.01500024
v 10.0146297 -3.01520549 2.01500024
v 10.0192991 -3.01620708 2.01500024
v 10.0219848 -3.0169488 2.01500024
v 10.0290877 -3.01953398 2.01500024
v 10.0294528 -3.01969276 2.01500024
v 10.0358425 -3.0229262 2.01500024
v 10.0388941 -3.02480231 2.01500024
v 10.0421579 -3.02707969 2.01500024
v 10.0473659 -3.03139602 2.01500024
v 10.0479483 -3.0319389 2.01500024
v 10.0531354 -3.03743683 2.01500024
v 10.0546367 -3.03929411 2.01500024
v 10.0576492 -3.04350005 2.01500024
v 10.0605083 -3.0482813 2.01500024
v 10.0614286 -3.05004607 2.01500024
v 10.0644226 -3.05698667 2.01500024
v 10.0648206 -3.05811249 2.01500024
v 10.0665905 -3.06422792 2.01500024
v 10.067456 -3.06851922 2.01500024
v 10.067903 -3.07167183 2.01500024
v 10.0683426 -3.07921801 2.01500024
v 10.0675294 -3.08672057 2.01833816
v 10.0662245 -3.09412108 2.01833816
v 10.0640692 -3.10132085 2.01833816
v 10.0610925 -3.10822092 2.01833816
v 10.057335 -3.11472951 2.01833816
v 10.0528474 -3.12075721 2.01833816
v 10.0476902 -3.12622367 2.01833816
v 10.0419332 -3.13105427 2.01833816
v 10.0356545 -3.13518415 2.01833816
v 10.0289388 -3.13855658 2.01833816
v 10.0218769 -3.14112698 2.01833816
v 10.0145644 -3.1428598 2.01833816
v 10.0071001 -3.14373241 2.01833816
v 9.999585 -3.14373241 2.01833816
v 9.99212071 -3.1428598 2.01833816
v 9.98480826 -3.14112698 2.01833816
v 9.97774631 -3.13855658 2.01833816
v 9.97103059 -3.13518415 2.01833816
v 9.96475181 -3.13105427 2.01833816
v 9.95899504 -3.12622367 2.01833816
v 9.95383787 -3.12075721 2.01833816
v 9.94935009 -3.11472951 2.01833816
v 9.94559255 -3.10822092 2.01833816
v 9.94261595 -3.10132085 2.01833816
v 9.94046065 -3.09412108 2.01833816
v 9.93915573 -3.08672057 2.01833816
v 9.9387187 -3.07921801 2.01833816
v 9.93915573 -3.0717157 2.01833816
v 9.94046065 -3.06431471 2.01833816
v 9.94261595 -3.05711518 2.01833816
v 9.94559255 -3.05021487 2.01833816
v 9.94935009 -3.04370652 2.01833816
v 9.95383787 -3.03767882 2.01833816
v 9.95899504 -3.03221212 2.01833816
v 9.96475181 -3.02738152 2.01833816
v 9.97103059 -3.02325211 2.01833816
v 9.97774631 -3.01987921 2.01833816
v 9.98480826 -3.01730882 2.01833816
v 9.99212071 -3.01557599 2.01833816
v 9.999585 -3.01470338 2.01833816
v 10.0071001 -3.01470338 2.01833816
v 10.0145644 -3.01557599 2.01833816
v 10.0218769 -3.01730882 2.01833816
v 10.0289388 -3.01987921 2.01833816
v 10.0356545 -3.02325211 2.01833816
v 10.0419332 -3.02738152 2.01833816
v 10.0476902 -3.03221212 2.01833816
v 10.0528474 -3.03767882 2.01833816
v 10.057335 -3.04370652 2.01833816
v 10.0610925 -3.05021487 2.01833816
v 10.0640692 -3.05711518 2.01833816
v 10.0662245 -3.06431471 2.01833816
v 10.0675294 -3.0717157 2.01833816
v 10.0679664 -3.07921801 2.01833816
v 10.0566803 -3.07921801 2.02962418
v 10.0563197 -3.08541022 2.02962418
v 10.0598509 -3.07921801 2.02851481
v 10.0594687 -3.08577834 2.02851481
v 10.0626948 -3.07921801 2.02672757
v 10.0622936 -3.08610831 2.02672757
v 10.06507 -3.07921801 2.02435238
v 10.0646526 -3.08638392 2.02435238
v 10.0668571 -3.07921801 2.02150829
v 10.0664276 -3.08659135 2.02150829
v 10.0664276 -3.07184421 2.02150829
v 10.0646526 -3.07205187 2.02435238
v 10.0622936 -3.07232772 2.02672757
v 10.0594687 -3.07265769 2.02851481
v 10.0563197 -3.07302581 2.02962418
v 10.065145 -3.06457029 2.02150829
v 10.0634062 -3.06498252 2.02435238
v 10.061095 -3.0655304 2.02672757
v 10.0583277 -3.06618629 2.02851481
v 10.0552427 -3.06691752 2.02962418
v 10.0534637 -3.06097542 2.02962418
v 10.0510069 -3.05528007 2.02962418
v 10.0479057 -3.0499085 2.02962418
v 10.0442016 -3.04493318 2.02962418
v 10.0399452 -3.04042135 2.02962418
v 10.0351936 -3.03643452 2.02962418
v 10.0300114 -3.03302585 2.02962418
v 10.0244686 -3.03024231 2.02962418
v 10.01864 -3.02812086 2.02962418
v 10.0126046 -3.02669035 2.02962418
v 10.0064439 -3.02597056 2.02962418
v 10.0002412 -3.02597056 2.02962418
v 9.9940806 -3.02669035 2.02962418
v 9.98804515 -3.02812086 2.02962418
v 9.98221653 -3.03024231 2.02962418
v 9.97667363 -3.03302585 2.02962418
v 9.97149151 -3.03643452 2.02962418
v 9.96673989 -3.04042135 2.02962418
v 9.96248343 -3.04493318 2.02962418
v 9.95877951 -3.0499085 2.02962418
v 9.95567819 -3.05528007 2.02962418
v 9.95322141 -3.06097542 2.02962418
v 9.95144248 -3.06691752 2.02962418
v 9.95036539 -3.07302581 2.02962418
v 9.95000478 -3.07921801 2.02962418
v 9.95036539 -3.08541022 2.02962418
v 9.95144248 -3.09151851 2.02962418
v 9.95322141 -3.09746037 2.02962418
v 9.95567819 -3.10315572 2.02962418
v 9.95877951 -3.10852753 2.02962418
v 9.96248343 -3.11350284 2.02962418
v 9.96673989 -3.11801468 2.02962418
v 9.97149151 -3.12200151 2.02962418
v 9.97667363 -3.12540971 2.02962418
v 9.98221653 -3.12819348 2.02962418
v 9.98804515 -3.13031493 2.02962418
v 9.9940806 -3.13174544 2.02962418
v 10.0002412 -3.13246523 2.02962418
v 10.0064439 -3.13246523 2.02962418
v 10.0126046 -3.13174544 2.02962418
v 10.01864 -3.13031493 2.02962418
v 10.0244686 -3.12819348 2.02962418
v 10.0300114 -3.12540971 2.02962418
v 10.0351936 -3.12200151 2.02962418
v 10.0399452 -3.11801468 2.02962418
v 10.0442016 -3.11350284 2.02962418
v 10.0479057 -3.10852753 2.02962418
v 10.0510069 -3.10315572 2.02962418
v 10.0534637 -3.09746037 2.02962418
v 10.0552427 -3.09151851 2.02962418
v 10.0583277 -3.0922495 2.02851481
v 10.061095 -3.09290539 2.02672757
v 10.0634062 -3.09345351 2.02435238
v 10.065145 -3.09386526 2.02150829
v 10.0630267 -3.10094129 2.02150829
v 10.0601012 -3.1077231 2.02150829
v 10.0564081 -3.11411963 2.02150829
v 10.0519975 -3.1200441 2.02150829
v 10.0469289 -3.12541638 2.02150829
v 10.0412708 -3.13016449 2.02150829
v 10.0350998 -3.13422309 2.02150829
v 10.0284994 -3.13753782 2.02150829
v 10.0215588 -3.14006411 2.02150829
v 10.0143718 -3.14176737 2.02150829
v 10.0070356 -3.1426252 2.02150829
v 9.99964949 -3.1426252 2.02150829
v 9.99231332 -3.14176737 2.02150829
v 9.98512643 -3.14006411 2.02150829
v 9.97818577 -3.13753782 2.02150829
v 9.9715853 -3.13422309 2.02150829
v 9.96541434 -3.13016449 2.02150829
v 9.95975619 -3.12541638 2.02150829
v 9.95468765 -3.1200441 2.02150829
v 9.950277 -3.11411963 2.02150829
v 9.94658395 -3.1077231 2.02150829
v 9.94365844 -3.10094129 2.02150829
v 9.94154009 -3.09386526 2.02150829
v 9.94025758 -3.08659135 2.02150829
v 9.93982813 -3.07921801 2.02150829
v 9.94025758 -3.07184421 2.02150829
v 9.94154009 -3.06457029 2.02150829
v 9.94365844 -3.05749474 2.02150829
v 9.94658395 -3.05071269 2.02150829
v 9.950277 -3.04431616 2.02150829
v 9.95468765 -3.03839169 2.02150829
v 9.95975619 -3.03301941 2.02150829
v 9.96541434 -3.02827154 2.02150829
v 9.9715853 -3.0242127 2.02150829
v 9.97818577 -3.02089797 2.02150829
v 9.98512643 -3.01837169 2.02150829
v 9.99231332 -3.01666842 2.02150829
v 9.99964949 -3.01581107 2.02150829
v 10.0070356 -3.01581107 2.02150829
v 10.0143718 -3.01666842 2.02150829
v 10.0215588 -3.01837169 2.02150829
v 10.0284994 -3.02089797 2.02150829
v 10.0350998 -3.0242127 2.02150829
v 10.0412708 -3.02827154 2.02150829
v 10.0469289 -3.03301941 2.02150829
v 10.0519975 -3.03839169 2.02150829
v 10.0564081 -3.04431616 2.02150829
v 10.0601012 -3.05071269 2.02150829
v 10.0630267 -3.05749474 2.02150829
v 10.0613473 -3.05810605 2.02435238
v 10.0591155 -3.0589181 2.02672757
v 10.056443 -3.05989085 2.02851481
v 10.0538401 -3.05385719 2.02851481
v 10.0505545 -3.04816638 2.02851481
v 10.0466304 -3.04289494 2.02851481
v 10.0421209 -3.03811561 2.02851481
v 10.037087 -3.03389131 2.02851481
v 10.0315967 -3.03028022 2.02851481
v 10.0257243 -3.02733122 2.02851481
v 10.0195493 -3.02508341 2.02851481
v 10.0131551 -3.0235685 2.02851481
v 10.0066283 -3.02280532 2.02851481
v 10.0000569 -3.02280532 2.02851481
v 9.99353 -3.0235685 2.02851481
v 9.98713577 -3.02508341 2.02851481
v 9.98096081 -3.02733122 2.02851481
v 9.97508847 -3.03028022 2.02851481
v 9.96959811 -3.03389131 2.02851481
v 9.96456429 -3.03811561 2.02851481
v 9.96005472 -3.04289494 2.02851481
v 9.95613059 -3.04816638 2.02851481
v 9.95284495 -3.05385719 2.02851481
v 9.95024225 -3.05989085 2.02851481
v 9.94835761 -3.06618629 2.02851481
v 9.94721642 -3.07265769 2.02851481
v 9.94683441 -3.07921801 2.02851481
v 9.94721642 -3.08577834 2.02851481
v 9.94835761 -3.0922495 2.02851481
v 9.95024225 -3.09854518 2.02851481
v 9.95284495 -3.10457884 2.02851481
v 9.95613059 -3.11026989 2.02851481
v 9.96005472 -3.11554061 2.02851481
v 9.96456429 -3.12032019 2.02851481
v 9.96959811 -3.12454449 2.02851481
v 9.97508847 -3.12815534 2.02851481
v 9.98096081 -3.13110457 2.02851481
v 9.98713577 -3.13335191 2.02851481
v 9.99353 -3.13486777 2.02851481
v 10.0000569 -3.13563047 2.02851481
v 10.0066283 -3.13563047 2.02851481
v 10.0131551 -3.13486777 2.02851481
v 10.0195493 -3.13335191 2.02851481
v 10.0257243 -3.13110457 2.02851481
v 10.0315967 -3.12815534 2.02851481
v 10.037087 -3.12454449 2.02851481
v 10.0421209 -3.12032019 2.02851481
v 10.0466304 -3.11554061 2.02851481
v 10.0505545 -3.11026989 2.02851481
v 10.0538401 -3.10457884 2.02851481
v 10.056443 -3.09854518 2.02851481
v 10.0591155 -3.09951769 2.02672757
v 10.0613473 -3.10033022 2.02435238
v 10.0585042 -3.10692106 2.02435238
v 10.0549151 -3.11313783 2.02435238
v 10.0506286 -3.1188954 2.02435238
v 10.0457025 -3.12411676 2.02435238
v 10.0402036 -3.12873112 2.02435238
v 10.0342063 -3.13267575 2.02435238
v 10.0277916 -3.13589703 2.02435238
v 10.0210462 -3.13835202 2.02435238
v 10.0140614 -3.1400076 2.02435238
v 10.0069317 -3.14084087 2.02435238
v 9.99975344 -3.14084087 2.02435238
v 9.99262371 -3.1400076 2.02435238
v 9.985639 -3.13835202 2.02435238
v 9.97889352 -3.13589703 2.02435238
v 9.97247886 -3.13267575 2.02435238
v 9.96648153 -3.12873112 2.02435238
v 9.96098259 -3.12411676 2.02435238
v 9.95605656 -3.1188954 2.02435238
v 9.95177012 -3.11313783 2.02435238
v 9.94818088 -3.10692106 2.02435238
v 9.9453378 -3.10033022 2.02435238
v 9.94327906 -3.09345351 2.02435238
v 9.94203254 -3.08638392 2.02435238
v 9.94161513 -3.07921801 2.02435238
v 9.94203254 -3.07205187 2.02435238
v 9.94327906 -3.06498252 2.02435238
v 9.9453378 -3.05810605 2.02435238
v 9.94818088 -3.05151449 2.02435238
v 9.95177012 -3.0452982 2.02435238
v 9.95605656 -3.03954039 2.02435238
v 9.96098259 -3.03431903 2.02435238
v 9.96648153 -3.02970491 2.02435238
v 9.97247886 -3.02576028 2.02435238
v 9.97889352 -3.02253877 2.02435238
v 9.985639 -3.02008377 2.02435238
v 9.99262371 -3.01842819 2.02435238
v 9.99975344 -3.01759492 2.02435238
v 10.0069317 -3.01759492 2.02435238
v 10.0140614 -3.01842819 2.02435238
v 10.0210462 -3.02008377 2.02435238
v 10.0277916 -3.02253877 2.02435238
v 10.0342063 -3.02576028 2.02435238
v 10.0402036 -3.02970491 2.02435238
v 10.0457025 -3.03431903 2.02435238
v 10.0506286 -3.03954039 2.02435238
v 10.0549151 -3.0452982 2.02435238
v 10.0585042 -3.05151449 2.02435238
v 10.0563818 -3.0525807 2.02672757
v 10.0529308 -3.04660331 2.02672757
v 10.048809 -3.04106675 2.02672757
v 10.0440726 -3.03604661 2.02672757
v 10.0387853 -3.03161012 2.02672757
v 10.0330187 -3.02781735 2.02672757
v 10.0268509 -3.02471982 2.02672757
v 10.020365 -3.02235876 2.02672757
v 10.013649 -3.02076732 2.02672757
v 10.0067936 -3.01996599 2.02672757
v 9.99989158 -3.01996599 2.02672757
v 9.99303609 -3.02076732 2.02672757
v 9.98632011 -3.02235876 2.02672757
v 9.97983426 -3.02471982 2.02672757
v 9.97366643 -3.02781735 2.02672757
v 9.96789983 -3.03161012 2.02672757
v 9.96261251 -3.03604661 2.02672757
v 9.95787614 -3.04106675 2.02672757
v 9.95375436 -3.04660331 2.02672757
v 9.95030334 -3.0525807 2.02672757
v 9.94756958 -3.0589181 2.02672757
v 9.94559011 -3.0655304 2.02672757
v 9.94439152 -3.07232772 2.02672757
v 9.94399026 -3.07921801 2.02672757
v 9.94439152 -3.08610831 2.02672757
v 9.94559011 -3.09290539 2.02672757
v 9.94756958 -3.09951769 2.02672757
v 9.95030334 -3.10585509 2.02672757
v 9.95375436 -3.11183248 2.02672757
v 9.95787614 -3.1173688 2.02672757
v 9.96261251 -3.12238918 2.02672757
v 9.96789983 -3.12682591 2.02672757
v 9.97366643 -3.13061868 2.02672757
v 9.97983426 -3.13371621 2.02672757
v 9.98632011 -3.13607679 2.02672757
v 9.99303609 -3.13766871 2.02672757
v 9.99989158 -3.1384698 2.02672757
v 10.0067936 -3.1384698 2.02672757
v 10.013649 -3.13766871 2.02672757
v 10.020365 -3.13607679 2.02672757
v 10.0268509 -3.13371621 2.02672757
v 10.0330187 -3.13061868 2.02672757
v 10.0387853 -3.12682591 2.02672757
v 10.0440726 -3.12238918 2.02672757
v 10.048809 -3.1173688 2.02672757
v 10.0529308 -3.11183248 2.02672757
v 10.0563818 -3.10585509 2.02672757
vt -0.557617009 0.647987008
vt -0.547210991 0.650623024
vt -0.568315983 0.712100983
vt -0.568315983 0.712100983
vt -0.547210991 0.650623024
vt -0.537379026 0.654935002
vt -1.89999998 0.712100983
vt -1.89999998 0.654935002
vt -1.89999998 0.712100983
vt -0.568315983 0.712100983
vt -0.537379026 0.654935002
vt -0.528392017 0.660807014
vt -1.89999998 0.712100983
vt -1.89999998 0.660807014
vt -1.89999998 0.712100983
vt -0.568315983 0.712100983
vt -0.528392017 0.660807014
vt -0.520493984 0.668076992
vt -1.89999998 0.712100983
vt -1.89999998 0.668076992
vt -1.89999998 0.712100983
vt -0.568315983 0.712100983
vt -0.520493984 0.668076992
vt -0.513899982 0.676549017
vt -1.89999998 0.712100983
vt -1.89999998 0.676549017
vt -1.89999998 0.712100983
vt -0.568315983 0.712100983
vt -0.513899982 0.676549017
vt -0.508791029 0.685990989
vt -1.89999998 0.712100983
vt -1.89999998 0.685990989
vt -1.89999998 0.712100983
vt -0.568315983 0.712100983
vt -0.508791029 0.685990989
vt -0.505304992 0.696143985
vt -1.89999998 0.712100983
vt -1.89999998 0.696143985
vt -1.89999998 0.712100983
vt -0.568315983 0.712100983
vt -0.505304992 0.696143985
vt -0.503538013 0.706732988
vt -1.89999998 0.712100983
vt -1.89999998 0.706732988
vt -1.89999998 0.712100983
vt -0.568315983 0.712100983
vt -0.503538013 0.706732988
vt -0.503538013 0.717468023
vt -1.89999998 0.712100983
vt -1.89999998 0.717468023
vt -1.89999998 0.712100983
vt -0.568315983 0.712100983
vt -0.503538013 0.717468023
vt -0.505304992 0.728057027
vt -1.89999998 0.712100983
vt -1.89999998 0.728057027
vt -1.89999998 0.712100983
vt -0.568315983 0.712100983
vt -0.505304992 0.728057027
vt -0.508791029 0.738210976
vt -1.89999998 0.712100983
vt -1.89999998 0.738210976
vt -1.89999998 0.712100983
vt -0.568315983 0.712100983
vt -0.508791029 0.738210976
vt -0.513899982 0.747651994
vt -1.89999998 0.712100983
vt -1.89999998 0.747651994
vt -1.89999998 0.712100983
vt -0.568315983 0.712100983
vt -0.513899982 0.747651994
vt -0.520493984 0.75612402
vt -1.89999998 0.712100983
vt -1.89999998 0.75612402
vt -1.89999998 0.712100983
vt -0.568315983 0.712100983
vt -0.520493984 0.75612402
vt -0.528392017 0.763395011
vt -1.89999998 0.712100983
vt -1.89999998 0.763395011
vt -1.89999998 0.712100983
vt -0.568315983 0.712100983
vt -0.528392017 0.763395011
vt -0.537379026 0.769267023
vt -1.89999998 0.712100983
vt -1.89999998 0.769267023
vt -1.89999998 0.712100983
vt -0.568315983 0.712100983
vt -0.537379026 0.769267023
vt -0.547210991 0.773579001
vt -1.89999998 0.712100983
vt -1.89999998 0.773579001
vt -1.89999998 0.712100983
vt -0.568315983 0.712100983
vt -0.547210991 0.773579001
vt -0.557617009 0.776214004
vt -1.89999998 0.712100983
vt -1.89999998 0.776214004
vt -1.89999998 0.712100983
vt -0.568315983 0.712100983
vt -0.557617009 0.776214004
vt -0.568315983 0.77710098
vt -1.89999998 0.712100983
vt -1.89999998 0.77710098
vt -1.89999998 0.712100983
vt -0.568315983 0.712100983
vt -0.568315983 0.77710098
vt -0.579015017 0.776214004
vt -1.89999998 0.712100983
vt -1.89999998 0.776214004
vt -1.89999998 0.712100983
vt -0.568315983 0.712100983
vt -0.579015017 0.776214004
vt -0.589421988 0.773579001
vt -1.89999998 0.712100983
vt -1.89999998 0.773579001
vt -1.89999998 0.712100983
vt -0.568315983 0.712100983
vt -0.589421988 0.773579001
vt -0.599252999 0.769267023
vt -1.89999998 0.712100983
vt -1.89999998 0.769267023
vt -1.89999998 0.712100983
vt -0.568315983 0.712100983
vt -0.599252999 0.769267023
vt -0.608240008 0.763395011
vt -1.89999998 0.712100983
vt -1.89999998 0.763395011
vt -1.89999998 0.712100983
vt -0.568315983 0.712100983
vt -0.608240008 0.763395011
vt -0.616137981 0.75612402
vt -1.89999998 0.712100983
vt -1.89999998 0.75612402
vt -1.89999998 0.712100983
vt -0.568315983 0.712100983
vt -0.616137981 0.75612402
vt -0.622731984 0.747651994
vt -1.89999998 0.712100983
vt -1.89999998 0.747651994
vt -1.89999998 0.712100983
vt -0.568315983 0.712100983
vt -0.622731984 0.747651994
vt -0.627840996 0.738210976
vt -1.89999998 0.712100983
vt -1.89999998 0.738210976
vt -1.89999998 0.712100983
vt -0.568315983 0.712100983
vt -0.627840996 0.738210976
vt -0.631326973 0.728057027
vt -1.89999998 0.712100983
vt -1.89999998 0.728057027
vt -1.89999998 0.712100983
vt -0.568315983 0.712100983
vt -0.631326973 0.728057027
vt -0.633094013 0.717468023
vt -1.89999998 0.712100983
vt -1.89999998 0.717468023
vt -1.89999998 0.712100983
vt -0.568315983 0.712100983
vt -0.633094013 0.717468023
vt -0.633094013 0.706732988
vt -1.89999998 0.712100983
vt -1.89999998 0.706732988
vt -1.89999998 0.712100983
vt -0.568315983 0.712100983
vt -0.633094013 0.706732988
vt -0.631326973 0.696143985
vt -1.89999998 0.712100983
vt -1.89999998 0.696143985
vt -1.89999998 0.712100983
vt -0.568315983 0.712100983
vt -0.631326973 0.696143985
vt -0.627840996 0.685990989
vt -1.89999998 0.712100983
vt -1.89999998 0.685990989
vt -1.89999998 0.712100983
vt -0.568315983 0.712100983
vt -0.627840996 0.685990989
vt -0.622731984 0.676549017
vt -1.89999998 0.712100983
vt -1.89999998 0.676549017
vt -1.89999998 0.712100983
vt -0.568315983 0.712100983
vt -0.622731984 0.676549017
vt -0.616137981 0.668076992
vt -1.89999998 0.712100983
vt -1.89999998 0.668076992
vt -1.89999998 0.712100983
vt -0.568315983 0.712100983
vt -0.616137981 0.668076992
vt -0.608240008 0.660807014
vt -1.89999998 0.712100983
vt -1.89999998 0.660807014
vt -1.89999998 0.712100983
vt -0.568315983 0.712100983
vt -0.608240008 0.660807014
vt -0.599252999 0.654935002
vt -1.89999998 0.712100983
vt -1.89999998 0.654935002
vt -1.89999998 0.712100983
vt -0.568315983 0.712100983
vt -0.599252999 0.654935002
vt -0.589421988 0.650623024
vt -1.89999998 0.712100983
vt -1.89999998 0.650623024
vt -1.89999998 0.712100983
vt -0.568315983 0.712100983
vt -0.589421988 0.650623024
vt -0.579015017 0.647987008
vt -1.89999998 0.712100983
vt -1.89999998 0.647987008
vt -1.89999998 0.712100983
vt -0.568315983 0.712100983
vt -0.579015017 0.647987008
vt -0.568315983 0.647100985
vt -0.568315983 0.712100983
vt -0.568315983 0.647100985
vt -0.557617009 0.647987008
vt 0.545876026 0.667419016
vt 0.551214993 0.665116012
vt 0.568315983 0.712100983
vt 0.568315983 0.712100983
vt 0.551214993 0.665116012
vt 0.556784987 0.663447976
vt -2.02999997 0.712100983
vt -2.02999997 0.663447976
vt -2.02999997 0.712100983
vt 0.568315983 0.712100983
vt 0.556784987 0.663447976
vt 0.562511027 0.662438989
vt -2.02999997 0.712100983
vt -2.02999997 0.662438989
vt -2.02999997 0.712100983
vt 0.568315983 0.712100983
vt 0.562511027 0.662438989
vt 0.568315983 0.662100971
vt -2.02999997 0.712100983
vt -2.02999997 0.662100971
vt -2.02999997 0.712100983
vt 0.568315983 0.712100983
vt 0.568315983 0.662100971
vt 0.574120998 0.662438989
vt -2.02999997 0.712100983
vt -2.02999997 0.662438989
vt -2.02999997 0.712100983
vt 0.568315983 0.712100983
vt 0.574120998 0.662438989
vt 0.579846978 0.663447976
vt -2.02999997 0.712100983
vt -2.02999997 0.663447976
vt -2.02999997 0.712100983
vt 0.568315983 0.712100983
vt 0.579846978 0.663447976
vt 0.585416973 0.665116012
vt -2.02999997 0.712100983
vt -2.02999997 0.665116012
vt -2.02999997 0.712100983
vt 0.568315983 0.712100983
vt 0.585416973 0.665116012
vt 0.590755999 0.667419016
vt -2.02999997 0.712100983
vt -2.02999997 0.667419016
vt -2.02999997 0.712100983
vt 0.568315983 0.712100983
vt 0.590755999 0.667419016
vt 0.595791996 0.670325994
vt -2.02999997 0.712100983
vt -2.02999997 0.670325994
vt -2.02999997 0.712100983
vt 0.568315983 0.712100983
vt 0.595791996 0.670325994
vt 0.600454986 0.673798025
vt -2.02999997 0.712100983
vt -2.02999997 0.673798025
vt -2.02999997 0.712100983
vt 0.568315983 0.712100983
vt 0.600454986 0.673798025
vt 0.604685009 0.677788973
vt -2.02999997 0.712100983
vt -2.02999997 0.677788973
vt -2.02999997 0.712100983
vt 0.568315983 0.712100983
vt 0.604685009 0.677788973
vt 0.608421981 0.68224299
vt -2.02999997 0.712100983
vt -2.02999997 0.68224299
vt -2.02999997 0.712100983
vt 0.568315983 0.712100983
vt 0.608421981 0.68224299
vt 0.611617029 0.687101007
vt -2.02999997 0.712100983
vt -2.02999997 0.687101007
vt -2.02999997 0.712100983
vt 0.568315983 0.712100983
vt 0.611617029 0.687101007
vt 0.614226997 0.692296982
vt -2.02999997 0.712100983
vt -2.02999997 0.692296982
vt -2.02999997 0.712100983
vt 0.568315983 0.712100983
vt 0.614226997 0.692296982
vt 0.616214991 0.697760999
vt -2.02999997 0.712100983
vt -2.02999997 0.697760999
vt -2.02999997 0.712100983
vt 0.568315983 0.712100983
vt 0.616214991 0.697760999
vt 0.617555976 0.703418016
vt -2.02999997 0.712100983
vt -2.02999997 0.703418016
vt -2.02999997 0.712100983
vt 0.568315983 0.712100983
vt 0.617555976 0.703418016
vt 0.618230999 0.709194005
vt -2.02999997 0.712100983
vt -2.02999997 0.709194005
vt -2.02999997 0.712100983
vt 0.568315983 0.712100983
vt 0.618230999 0.709194005
vt 0.618230999 0.71500802
vt -2.02999997 0.712100983
vt -2.02999997 0.71500802
vt -2.02999997 0.712100983
vt 0.568315983 0.712100983
vt 0.618230999 0.71500802
vt 0.617555976 0.720782995
vt -2.02999997 0.712100983
vt -2.02999997 0.720782995
vt -2.02999997 0.712100983
vt 0.568315983 0.712100983
vt 0.617555976 0.720782995
vt 0.616214991 0.726441026
vt -2.02999997 0.712100983
vt -2.02999997 0.726441026
vt -2.02999997 0.712100983
vt 0.568315983 0.712100983
vt 0.616214991 0.726441026
vt 0.614226997 0.731904984
vt -2.02999997 0.712100983
vt -2.02999997 0.731904984
vt -2.02999997 0.712100983
vt 0.568315983 0.712100983
vt 0.614226997 0.731904984
vt 0.611617029 0.737101018
vt -2.02999997 0.712100983
vt -2.02999997 0.737101018
vt -2.02999997 0.712100983
vt 0.568315983 0.712100983
vt 0.611617029 0.737101018
vt 0.608421981 0.741958976
vt -2.02999997 0.712100983
vt -2.02999997 0.741958976
vt -2.02999997 0.712100983
vt 0.568315983 0.712100983
vt 0.608421981 0.741958976
vt 0.604685009 0.746412992
vt -2.02999997 0.712100983
vt -2.02999997 0.746412992
vt -2.02999997 0.712100983
vt 0.568315983 0.712100983
vt 0.604685009 0.746412992
vt 0.600454986 0.750402987
vt -2.02999997 0.712100983
vt -2.02999997 0.750402987
vt -2.02999997 0.712100983
vt 0.568315983 0.712100983
vt 0.600454986 0.750402987
vt 0.595791996 0.753875017
vt -2.02999997 0.712100983
vt -2.02999997 0.753875017
vt -2.02999997 0.712100983
vt 0.568315983 0.712100983
vt 0.595791996 0.753875017
vt 0.590755999 0.756781995
vt -2.02999997 0.712100983
vt -2.02999997 0.756781995
vt -2.02999997 0.712100983
vt 0.568315983 0.712100983
vt 0.590755999 0.756781995
vt 0.585416973 0.759085
vt -2.02999997 0.712100983
vt -2.02999997 0.759085
vt -2.02999997 0.712100983
vt 0.568315983 0.712100983
vt 0.585416973 0.759085
vt 0.579846978 0.760752976
vt -2.02999997 0.712100983
vt -2.02999997 0.760752976
vt -2.02999997 0.712100983
vt 0.568315983 0.712100983
vt 0.579846978 0.760752976
vt 0.574120998 0.761762977
vt -2.02999997 0.712100983
vt -2.02999997 0.761762977
vt -2.02999997 0.712100983
vt 0.568315983 0.712100983
vt 0.574120998 0.761762977
vt 0.568315983 0.762100995
vt -2.02999997 0.712100983
vt -2.02999997 0.762100995
vt -2.02999997 0.712100983
vt 0.568315983 0.712100983
vt 0.568315983 0.762100995
vt 0.562511027 0.761762977
vt -2.02999997 0.712100983
vt -2.02999997 0.761762977
vt -2.02999997 0.712100983
vt 0.568315983 0.712100983
vt 0.562511027 0.761762977
vt 0.556784987 0.760752976
vt -2.02999997 0.712100983
vt -2.02999997 0.760752976
vt -2.02999997 0.712100983
vt 0.568315983 0.712100983
vt 0.556784987 0.760752976
vt 0.551214993 0.759085
vt -2.02999997 0.712100983
vt -2.02999997 0.759085
vt -2.02999997 0.712100983
vt 0.568315983 0.712100983
vt 0.551214993 0.759085
vt 0.545876026 0.756781995
vt -2.02999997 0.712100983
vt -2.02999997 0.756781995
vt -2.02999997 0.712100983
vt 0.568315983 0.712100983
vt 0.545876026 0.756781995
vt 0.54084003 0.753875017
vt -2.02999997 0.712100983
vt -2.02999997 0.753875017
vt -2.02999997 0.712100983
vt 0.568315983 0.712100983
vt 0.54084003 0.753875017
vt 0.536176026 0.750402987
vt -2.02999997 0.712100983
vt -2.02999997 0.750402987
vt -2.02999997 0.712100983
vt 0.568315983 0.712100983
vt 0.536176026 0.750402987
vt 0.531947017 0.746412992
vt -2.02999997 0.712100983
vt -2.02999997 0.746412992
vt -2.02999997 0.712100983
vt 0.568315983 0.712100983
vt 0.531947017 0.746412992
vt 0.528209984 0.741958976
vt -2.02999997 0.712100983
vt -2.02999997 0.741958976
vt -2.02999997 0.712100983
vt 0.568315983 0.712100983
vt 0.528209984 0.741958976
vt 0.525014997 0.737101018
vt -2.02999997 0.712100983
vt -2.02999997 0.737101018
vt -2.02999997 0.712100983
vt 0.568315983 0.712100983
vt 0.525014997 0.737101018
vt 0.522405028 0.731904984
vt -2.02999997 0.712100983
vt -2.02999997 0.731904984
vt -2.02999997 0.712100983
vt 0.568315983 0.712100983
vt 0.522405028 0.731904984
vt 0.520416975 0.726441026
vt -2.02999997 0.712100983
vt -2.02999997 0.726441026
vt -2.02999997 0.712100983
vt 0.568315983 0.712100983
vt 0.520416975 0.726441026
vt 0.51907599 0.720782995
vt -2.02999997 0.712100983
vt -2.02999997 0.720782995
vt -2.02999997 0.712100983
vt 0.568315983 0.712100983
vt 0.51907599 0.720782995
vt 0.518401027 0.71500802
vt -2.02999997 0.712100983
vt -2.02999997 0.71500802
vt -2.02999997 0.712100983
vt 0.568315983 0.712100983
vt 0.518401027 0.71500802
vt 0.518401027 0.709194005
vt -2.02999997 0.712100983
vt -2.02999997 0.709194005
vt -2.02999997 0.712100983
vt 0.568315983 0.712100983
vt 0.518401027 0.709194005
vt 0.51907599 0.703418016
vt -2.02999997 0.712100983
vt -2.02999997 0.703418016
vt -2.02999997 0.712100983
vt 0.568315983 0.712100983
vt 0.51907599 0.703418016
vt 0.520416975 0.697760999
vt -2.02999997 0.712100983
vt -2.02999997 0.697760999
vt -2.02999997 0.712100983
vt 0.568315983 0.712100983
vt 0.520416975 0.697760999
vt 0.522405028 0.692296982
vt -2.02999997 0.712100983
vt -2.02999997 0.692296982
vt -2.02999997 0.712100983
vt 0.568315983 0.712100983
vt 0.522405028 0.692296982
vt 0.525014997 0.687101007
vt -2.02999997 0.712100983
vt -2.02999997 0.687101007
vt -2.02999997 0.712100983
vt 0.568315983 0.712100983
vt 0.525014997 0.687101007
vt 0.528209984 0.68224299
vt -2.02999997 0.712100983
vt -2.02999997 0.68224299
vt -2.02999997 0.712100983
vt 0.568315983 0.712100983
vt 0.528209984 0.68224299
vt 0.531947017 0.677788973
vt -2.02999997 0.712100983
vt -2.02999997 0.677788973
vt -2.02999997 0.712100983
vt 0.568315983 0.712100983
vt 0.531947017 0.677788973
vt 0.536176026 0.673798025
vt -2.02999997 0.712100983
vt -2.02999997 0.673798025
vt -2.02999997 0.712100983
vt 0.568315983 0.712100983
vt 0.536176026 0.673798025
vt 0.54084003 0.670325994
vt 0.568315983 0.712100983
vt 0.54084003 0.670325994
vt 0.545876026 0.667419016
vt 0.568315983 1.89999998
vt 0.560769975 2.0150001
vt 0.557617009 1.89999998
vt 0.557617009 1.89999998
vt 0.560769975 2.0150001
vt 0.557617009 2.0150001
vt -1.89999998 0.647987008
vt -2.0150001 0.647987008
vt -1.89999998 0.647987008
vt 0.557617009 1.89999998
vt 0.557617009 2.0150001
vt 0.553326011 2.0150001
vt 0.557617009 1.89999998
vt 0.553326011 2.0150001
vt 0.547210991 1.89999998
vt 0.547210991 1.89999998
vt 0.553326011 2.0150001
vt 0.547210991 2.0150001
vt -1.89999998 0.650623024
vt -2.0150001 0.650623024
vt -1.89999998 0.650623024
vt 0.547210991 1.89999998
vt 0.547210991 2.0150001
vt 0.546085 2.0150001
vt -1.89999998 0.650623024
vt -2.0150001 0.651021004
vt -1.89999998 0.650623024
vt 0.547210991 1.89999998
vt 0.546085 2.0150001
vt 0.53914398 2.0150001
vt 0.547210991 1.89999998
vt 0.53914398 2.0150001
vt 0.537379026 1.89999998
vt 0.537379026 1.89999998
vt 0.53914398 2.0150001
vt 0.537379026 2.0150001
vt -1.89999998 0.654935002
vt -2.0150001 0.654935002
vt -1.89999998 0.654935002
vt 0.537379026 1.89999998
vt 0.537379026 2.0150001
vt 0.532598019 2.0150001
vt 0.537379026 1.89999998
vt 0.532598019 2.0150001
vt 0.528392017 1.89999998
vt 0.528392017 1.89999998
vt 0.532598019 2.0150001
vt 0.528392017 2.0150001
vt -1.89999998 0.660807014
vt -2.0150001 0.660807014
vt -1.89999998 0.660807014
vt 0.528392017 1.89999998
vt 0.528392017 2.0150001
vt 0.526534975 2.0150001
vt 0.528392017 1.89999998
vt 0.526534975 2.0150001
vt 0.520493984 1.89999998
vt 0.520493984 1.89999998
vt 0.526534975 2.0150001
vt 0.521036983 2.0150001
vt -1.89999998 0.668076992
vt -2.0150001 0.667495012
vt -1.89999998 0.668076992
vt 1.89999998 0.668076992
vt 2.0150001 0.667495012
vt 2.0150001 0.668076992
vt -1.89999998 0.668076992
vt -2.0150001 0.668076992
vt -1.89999998 0.668076992
vt 1.89999998 0.668076992
vt 2.0150001 0.668076992
vt 2.0150001 0.673285007
vt 1.89999998 0.668076992
vt 2.0150001 0.673285007
vt 1.89999998 0.676549017
vt 1.89999998 0.676549017
vt 2.0150001 0.673285007
vt 2.0150001 0.676549017
vt -1.89999998 0.676549017
vt -2.0150001 0.676549017
vt -1.89999998 0.676549017
vt 1.89999998 0.676549017
vt 2.0150001 0.676549017
vt 2.0150001 0.679601014
vt 1.89999998 0.676549017
vt 2.0150001 0.679601014
vt 1.89999998 0.685990989
vt 1.89999998 0.685990989
vt 2.0150001 0.679601014
vt 2.0150001 0.685990989
vt -1.89999998 0.685990989
vt -2.0150001 0.685990989
vt -1.89999998 0.685990989
vt 1.89999998 0.685990989
vt 2.0150001 0.685990989
vt 2.0150001 0.686356008
vt 1.89999998 0.685990989
vt 2.0150001 0.686356008
vt 1.89999998 0.696143985
vt 1.89999998 0.696143985
vt 2.0150001 0.686356008
vt 2.0150001 0.693458974
vt -1.89999998 0.696143985
vt -2.0150001 0.693458974
vt -1.89999998 0.696143985
vt 1.89999998 0.696143985
vt 2.0150001 0.693458974
vt 2.0150001 0.696143985
vt -1.89999998 0.696143985
vt -2.0150001 0.696143985
vt -1.89999998 0.696143985
vt 1.89999998 0.696143985
vt 2.0150001 0.696143985
vt 2.0150001 0.700814009
vt 1.89999998 0.696143985
vt 2.0150001 0.700814009
vt 1.89999998 0.706732988
vt 1.89999998 0.706732988
vt 2.0150001 0.700814009
vt 2.0150001 0.706732988
vt -1.89999998 0.706732988
vt -2.0150001 0.706732988
vt -1.89999998 0.706732988
vt 1.89999998 0.706732988
vt 2.0150001 0.706732988
vt 2.0150001 0.708320975
vt 1.89999998 0.706732988
vt 2.0150001 0.708320975
vt 1.89999998 0.717468023
vt 1.89999998 0.717468023
vt 2.0150001 0.708320975
vt 2.0150001 0.715879977
vt -1.89999998 0.717468023
vt -2.0150001 0.715879977
vt -1.89999998 0.717468023
vt 1.89999998 0.717468023
vt 2.0150001 0.715879977
vt 2.0150001 0.717468023
vt -1.89999998 0.717468023
vt -2.0150001 0.717468023
vt -1.89999998 0.717468023
vt 1.89999998 0.717468023
vt 2.0150001 0.717468023
vt 2.0150001 0.723388016
vt 1.89999998 0.717468023
vt 2.0150001 0.723388016
vt 1.89999998 0.728057027
vt 1.89999998 0.728057027
vt 2.0150001 0.723388016
vt 2.0150001 0.728057027
vt -1.89999998 0.728057027
vt -2.0150001 0.728057027
vt -1.89999998 0.728057027
vt 1.89999998 0.728057027
vt 2.0150001 0.728057027
vt 2.0150001 0.730742991
vt 1.89999998 0.728057027
vt 2.0150001 0.730742991
vt 1.89999998 0.738210976
vt 1.89999998 0.738210976
vt 2.0150001 0.730742991
vt 2.0150001 0.737846017
vt -1.89999998 0.738210976
vt -2.0150001 0.737846017
vt -1.89999998 0.738210976
vt 1.89999998 0.738210976
vt 2.0150001 0.737846017
vt 2.0150001 0.738210976
vt -1.89999998 0.738210976
vt -2.0150001 0.738210976
vt -1.89999998 0.738210976
vt 1.89999998 0.738210976
vt 2.0150001 0.738210976
vt 2.0150001 0.744601011
vt 1.89999998 0.738210976
vt 2.0150001 0.744601011
vt 1.89999998 0.747651994
vt 1.89999998 0.747651994
vt 2.0150001 0.744601011
vt 2.0150001 0.747651994
vt -1.89999998 0.747651994
vt -2.0150001 0.747651994
vt -1.89999998 0.747651994
vt 1.89999998 0.747651994
vt 2.0150001 0.747651994
vt 2.0150001 0.750916004
vt 1.89999998 0.747651994
vt 2.0150001 0.750916004
vt 1.89999998 0.75612402
vt 1.89999998 0.75612402
vt 2.0150001 0.750916004
vt 2.0150001 0.75612402
vt -1.89999998 0.75612402
vt -2.0150001 0.75612402
vt -1.89999998 0.75612402
vt 1.89999998 0.75612402
vt 2.0150001 0.75612402
vt 2.0150001 0.756705999
vt -1.89999998 0.75612402
vt -2.0150001 0.756705999
vt -1.89999998 0.75612402
vt -0.520493984 1.89999998
vt -0.521036983 2.0150001
vt -0.526534975 2.0150001
vt -0.520493984 1.89999998
vt -0.526534975 2.0150001
vt -0.528392017 1.89999998
vt -0.528392017 1.89999998
vt -0.526534975 2.0150001
vt -0.528392017 2.0150001
vt -1.89999998 0.763395011
vt -2.0150001 0.763395011
vt -1.89999998 0.763395011
vt -0.528392017 1.89999998
vt -0.528392017 2.0150001
vt -0.532598019 2.0150001
vt -0.528392017 1.89999998
vt -0.532598019 2.0150001
vt -0.537379026 1.89999998
vt -0.537379026 1.89999998
vt -0.532598019 2.0150001
vt -0.537379026 2.0150001
vt -1.89999998 0.769267023
vt -2.0150001 0.769267023
vt -1.89999998 0.769267023
vt -0.537379026 1.89999998
vt -0.537379026 2.0150001
vt -0.53914398 2.0150001
vt -0.537379026 1.89999998
vt -0.53914398 2.0150001
vt -0.547210991 1.89999998
vt -0.547210991 1.89999998
vt -0.53914398 2.0150001
vt -0.546085 2.0150001
vt -1.89999998 0.773579001
vt -2.0150001 0.773181021
vt -1.89999998 0.773579001
vt -0.547210991 1.89999998
vt -0.546085 2.0150001
vt -0.547210991 2.0150001
vt -1.89999998 0.773579001
vt -2.0150001 0.773579001
vt -1.89999998 0.773579001
vt -0.547210991 1.89999998
vt -0.547210991 2.0150001
vt -0.553326011 2.0150001
vt -0.547210991 1.89999998
vt -0.553326011 2.0150001
vt -0.557617009 1.89999998
vt -0.557617009 1.89999998
vt -0.553326011 2.0150001
vt -0.557617009 2.0150001
vt -1.89999998 0.776214004
vt -2.0150001 0.776214004
vt -1.89999998 0.776214004
vt -0.557617009 1.89999998
vt -0.557617009 2.0150001
vt -0.560769975 2.0150001
vt -0.557617009 1.89999998
vt -0.560769975 2.0150001
vt -0.568315983 1.89999998
vt -0.568315983 1.89999998
vt -0.560769975 2.0150001
vt -0.568315983 2.0150001
vt -1.89999998 0.77710098
vt -2.0150001 0.77710098
vt -1.89999998 0.77710098
vt -0.568315983 1.89999998
vt -0.568315983 2.0150001
vt -0.57586199 2.0150001
vt -0.568315983 1.89999998
vt -0.57586199 2.0150001
vt -0.579015017 1.89999998
vt -0.579015017 1.89999998
vt -0.57586199 2.0150001
vt -0.579015017 2.0150001
vt -1.89999998 0.776214004
vt -2.0150001 0.776214004
vt -1.89999998 0.776214004
vt -0.579015017 1.89999998
vt -0.579015017 2.0150001
vt -0.583306015 2.0150001
vt -0.579015017 1.89999998
vt -0.583306015 2.0150001
vt -0.589421988 1.89999998
vt -0.589421988 1.89999998
vt -0.583306015 2.0150001
vt -0.589421988 2.0150001
vt -1.89999998 0.773579001
vt -2.0150001 0.773579001
vt -1.89999998 0.773579001
vt -0.589421988 1.89999998
vt -0.589421988 2.0150001
vt -0.590547025 2.0150001
vt -1.89999998 0.773579001
vt -2.0150001 0.773181021
vt -1.89999998 0.773579001
vt -0.589421988 1.89999998
vt -0.590547025 2.0150001
vt -0.597487986 2.0150001
vt -0.589421988 1.89999998
vt -0.597487986 2.0150001
vt -0.599252999 1.89999998
vt -0.599252999 1.89999998
vt -0.597487986 2.0150001
vt -0.599252999 2.0150001
vt -1.89999998 0.769267023
vt -2.0150001 0.769267023
vt -1.89999998 0.769267023
vt -0.599252999 1.89999998
vt -0.599252999 2.0150001
vt -0.604034007 2.0150001
vt -0.599252999 1.89999998
vt -0.604034007 2.0150001
vt -0.608240008 1.89999998
vt -0.608240008 1.89999998
vt -0.604034007 2.0150001
vt -0.608240008 2.0150001
vt -1.89999998 0.763395011
vt -2.0150001 0.763395011
vt -1.89999998 0.763395011
vt -0.608240008 1.89999998
vt -0.608240008 2.0150001
vt -0.610096991 2.0150001
vt -0.608240008 1.89999998
vt -0.610096991 2.0150001
vt -0.616137981 1.89999998
vt -0.616137981 1.89999998
vt -0.610096991 2.0150001
vt -0.615594983 2.0150001
vt -1.89999998 0.75612402
vt -2.0150001 0.756705999
vt -1.89999998 0.75612402
vt -1.89999998 0.75612402
vt -2.0150001 0.756705999
vt -2.0150001 0.75612402
vt -1.89999998 0.75612402
vt -2.0150001 0.75612402
vt -1.89999998 0.75612402
vt -1.89999998 0.75612402
vt -2.0150001 0.75612402
vt -2.0150001 0.750916004
vt -1.89999998 0.75612402
vt -2.0150001 0.750916004
vt -1.89999998 0.747651994
vt -1.89999998 0.747651994
vt -2.0150001 0.750916004
vt -2.0150001 0.747651994
vt -1.89999998 0.747651994
vt -2.0150001 0.747651994
vt -1.89999998 0.747651994
vt -1.89999998 0.747651994
vt -2.0150001 0.747651994
vt -2.0150001 0.744601011
vt -1.89999998 0.747651994
vt -2.0150001 0.744601011
vt -1.89999998 0.738210976
vt -1.89999998 0.738210976
vt -2.0150001 0.744601011
vt -2.0150001 0.738210976
vt -1.89999998 0.738210976
vt -2.0150001 0.738210976
vt -1.89999998 0.738210976
vt -1.89999998 0.738210976
vt -2.0150001 0.738210976
vt -2.0150001 0.737846017
vt -1.89999998 0.738210976
vt -2.0150001 0.737846017
vt -1.89999998 0.728057027
vt -1.89999998 0.728057027
vt -2.0150001 0.737846017
vt -2.0150001 0.730742991
vt -1.89999998 0.728057027
vt -2.0150001 0.730742991
vt -1.89999998 0.728057027
vt -1.89999998 0.728057027
vt -2.0150001 0.730742991
vt -2.0150001 0.728057027
vt -1.89999998 0.728057027
vt -2.0150001 0.728057027
vt -1.89999998 0.728057027
vt -1.89999998 0.728057027
vt -2.0150001 0.728057027
vt -2.0150001 0.723388016
vt -1.89999998 0.728057027
vt -2.0150001 0.723388016
vt -1.89999998 0.717468023
vt -1.89999998 0.717468023
vt -2.0150001 0.723388016
vt -2.0150001 0.717468023
vt -1.89999998 0.717468023
vt -2.0150001 0.717468023
vt -1.89999998 0.717468023
vt -1.89999998 0.717468023
vt -2.0150001 0.717468023
vt -2.0150001 0.715879977
vt -1.89999998 0.717468023
vt -2.0150001 0.715879977
vt -1.89999998 0.706732988
vt -1.89999998 0.706732988
vt -2.0150001 0.715879977
vt -2.0150001 0.708320975
vt -1.89999998 0.706732988
vt -2.0150001 0.708320975
vt -1.89999998 0.706732988
vt -1.89999998 0.706732988
vt -2.0150001 0.708320975
vt -2.0150001 0.706732988
vt -1.89999998 0.706732988
vt -2.0150001 0.706732988
vt -1.89999998 0.706732988
vt -1.89999998 0.706732988
vt -2.0150001 0.706732988
vt -2.0150001 0.700814009
vt -1.89999998 0.706732988
vt -2.0150001 0.700814009
vt -1.89999998 0.696143985
vt -1.89999998 0.696143985
vt -2.0150001 0.700814009
vt -2.0150001 0.696143985
vt -1.89999998 0.696143985
vt -2.0150001 0.696143985
vt -1.89999998 0.696143985
vt -1.89999998 0.696143985
vt -2.0150001 0.696143985
vt -2.0150001 0.693458974
vt -1.89999998 0.696143985
vt -2.0150001 0.693458974
vt -1.89999998 0.685990989
vt -1.89999998 0.685990989
vt -2.0150001 0.693458974
vt -2.0150001 0.686356008
vt -1.89999998 0.685990989
vt -2.0150001 0.686356008
vt -1.89999998 0.685990989
vt -1.89999998 0.685990989
vt -2.0150001 0.686356008
vt -2.0150001 0.685990989
vt -1.89999998 0.685990989
vt -2.0150001 0.685990989
vt -1.89999998 0.685990989
vt -1.89999998 0.685990989
vt -2.0150001 0.685990989
vt -2.0150001 0.679601014
vt -1.89999998 0.685990989
vt -2.0150001 0.679601014
vt -1.89999998 0.676549017
vt -1.89999998 0.676549017
vt -2.0150001 0.679601014
vt -2.0150001 0.676549017
vt -1.89999998 0.676549017
vt -2.0150001 0.676549017
vt -1.89999998 0.676549017
vt -1.89999998 0.676549017
vt -2.0150001 0.676549017
vt -2.0150001 0.673285007
vt -1.89999998 0.676549017
vt -2.0150001 0.673285007
vt -1.89999998 0.668076992
vt -1.89999998 0.668076992
vt -2.0150001 0.673285007
vt -2.0150001 0.668076992
vt -1.89999998 0.668076992
vt -2.0150001 0.668076992
vt -1.89999998 0.668076992
vt -1.89999998 0.668076992
vt -2.0150001 0.668076992
vt -2.0150001 0.667495012
vt -1.89999998 0.668076992
vt -2.0150001 0.667495012
vt -1.89999998 0.668076992
vt 0.616137981 1.89999998
vt 0.615594983 2.0150001
vt 0.610096991 2.0150001
vt 0.616137981 1.89999998
vt 0.610096991 2.0150001
vt 0.608240008 1.89999998
vt 0.608240008 1.89999998
vt 0.610096991 2.0150001
vt 0.608240008 2.0150001
vt -1.89999998 0.660807014
vt -2.0150001 0.660807014
vt -1.89999998 0.660807014
vt 0.608240008 1.89999998
vt 0.608240008 2.0150001
vt 0.604034007 2.0150001
vt 0.608240008 1.89999998
vt 0.604034007 2.0150001
vt 0.599252999 1.89999998
vt 0.599252999 1.89999998
vt 0.604034007 2.0150001
vt 0.599252999 2.0150001
vt -1.89999998 0.654935002
vt -2.0150001 0.654935002
vt -1.89999998 0.654935002
vt 0.599252999 1.89999998
vt 0.599252999 2.0150001
vt 0.597487986 2.0150001
vt 0.599252999 1.89999998
vt 0.597487986 2.0150001
vt 0.589421988 1.89999998
vt 0.589421988 1.89999998
vt 0.597487986 2.0150001
vt 0.590547025 2.0150001
vt -1.89999998 0.650623024
vt -2.0150001 0.651021004
vt -1.89999998 0.650623024
vt 0.589421988 1.89999998
vt 0.590547025 2.0150001
vt 0.589421988 2.0150001
vt -1.89999998 0.650623024
vt -2.0150001 0.650623024
vt -1.89999998 0.650623024
vt 0.589421988 1.89999998
vt 0.589421988 2.0150001
vt 0.583306015 2.0150001
vt 0.589421988 1.89999998
vt 0.583306015 2.0150001
vt 0.579015017 1.89999998
vt 0.579015017 1.89999998
vt 0.583306015 2.0150001
vt 0.579015017 2.0150001
vt -1.89999998 0.647987008
vt -2.0150001 0.647987008
vt -1.89999998 0.647987008
vt 0.579015017 1.89999998
vt 0.579015017 2.0150001
vt 0.57586199 2.0150001
vt 0.579015017 1.89999998
vt 0.57586199 2.0150001
vt 0.568315983 1.89999998
vt 0.57586199 2.0150001
vt 0.568315983 2.0150001
vt 0.568315983 1.89999998
vt 0.568315983 1.89999998
vt 0.568315983 2.0150001
vt 0.560769975 2.0150001
vt 0.568315983 2.0150001
vt 0.56081301 2.01833797
vt 0.560769975 2.0150001
vt -2.0150001 0.647539973
vt -2.01833797 0.647913992
vt -2.01833797 0.647913992
vt 0.560769975 2.0150001
vt 0.56081301 2.01833797
vt 0.557617009 2.0150001
vt 0.557617009 2.0150001
vt 0.56081301 2.01833797
vt 0.553412974 2.01833797
vt 0.557617009 2.0150001
vt 0.553412974 2.01833797
vt 0.553326011 2.0150001
vt -2.0150001 0.648853004
vt -2.01833797 0.649218976
vt -2.01833797 0.649218976
vt 0.553326011 2.0150001
vt 0.553412974 2.01833797
vt 0.547210991 2.0150001
vt 0.547210991 2.0150001
vt 0.553412974 2.01833797
vt 0.546212971 2.01833797
vt 0.547210991 2.0150001
vt 0.546212971 2.01833797
vt 0.546085 2.0150001
vt 0.546085 2.0150001
vt 0.546212971 2.01833797
vt 0.539313018 2.01833797
vt 0.546085 2.0150001
vt 0.539313018 2.01833797
vt 0.53914398 2.0150001
vt -2.0150001 0.654015005
vt -2.01833797 0.654350996
vt -2.01833797 0.654350996
vt 0.53914398 2.0150001
vt 0.539313018 2.01833797
vt 0.537379026 2.0150001
vt 0.537379026 2.0150001
vt 0.539313018 2.01833797
vt 0.532805026 2.01833797
vt 0.537379026 2.0150001
vt 0.532805026 2.01833797
vt 0.532598019 2.0150001
vt -2.0150001 0.657793999
vt -2.01833797 0.658107996
vt -2.01833797 0.658107996
vt 0.532598019 2.0150001
vt 0.532805026 2.01833797
vt 0.528392017 2.0150001
vt 0.528392017 2.0150001
vt 0.532805026 2.01833797
vt 0.526777029 2.01833797
vt 0.528392017 2.0150001
vt 0.526777029 2.01833797
vt 0.526534975 2.0150001
vt 0.526534975 2.0150001
vt 0.526777029 2.01833797
vt 0.521309972 2.01833797
vt 0.526534975 2.0150001
vt 0.521309972 2.01833797
vt 0.521036983 2.0150001
vt -2.0150001 0.667495012
vt -2.01833797 0.667752981
vt -2.01833797 0.667752981
vt 2.0150001 0.667495012
vt 2.01833797 0.667752981
vt 2.0150001 0.668076992
vt 2.0150001 0.668076992
vt 2.01833797 0.667752981
vt 2.01833797 0.673510015
vt 2.0150001 0.668076992
vt 2.01833797 0.673510015
vt 2.0150001 0.673285007
vt -2.0150001 0.673285007
vt -2.01833797 0.673510015
vt -2.01833797 0.673510015
vt 2.0150001 0.673285007
vt 2.01833797 0.673510015
vt 2.0150001 0.676549017
vt 2.0150001 0.676549017
vt 2.01833797 0.673510015
vt 2.01833797 0.679789007
vt 2.0150001 0.676549017
vt 2.01833797 0.679789007
vt 2.0150001 0.679601014
vt -2.0150001 0.679601014
vt -2.01833797 0.679789007
vt -2.01833797 0.679789007
vt 2.0150001 0.679601014
vt 2.01833797 0.679789007
vt 2.0150001 0.685990989
vt 2.0150001 0.685990989
vt 2.01833797 0.679789007
vt 2.01833797 0.686504006
vt 2.0150001 0.685990989
vt 2.01833797 0.686504006
vt 2.0150001 0.686356008
vt 2.0150001 0.686356008
vt 2.01833797 0.686504006
vt 2.01833797 0.693566024
vt 2.0150001 0.686356008
vt 2.01833797 0.693566024
vt 2.0150001 0.693458974
vt -2.0150001 0.693458974
vt -2.01833797 0.693566024
vt -2.01833797 0.693566024
vt 2.0150001 0.693458974
vt 2.01833797 0.693566024
vt 2.0150001 0.696143985
vt 2.0150001 0.696143985
vt 2.01833797 0.693566024
vt 2.01833797 0.700878978
vt 2.0150001 0.696143985
vt 2.01833797 0.700878978
vt 2.0150001 0.700814009
vt -2.0150001 0.700814009
vt -2.01833797 0.700878978
vt -2.01833797 0.700878978
vt 2.0150001 0.700814009
vt 2.01833797 0.700878978
vt 2.0150001 0.706732988
vt 2.0150001 0.706732988
vt 2.01833797 0.700878978
vt 2.01833797 0.708343029
vt 2.0150001 0.706732988
vt 2.01833797 0.708343029
vt 2.0150001 0.708320975
vt 2.0150001 0.708320975
vt 2.01833797 0.708343029
vt 2.01833797 0.715857983
vt 2.0150001 0.708320975
vt 2.01833797 0.715857983
vt 2.0150001 0.715879977
vt -2.0150001 0.715879977
vt -2.01833797 0.715857983
vt -2.01833797 0.715857983
vt 2.0150001 0.715879977
vt 2.01833797 0.715857983
vt 2.0150001 0.717468023
vt 2.0150001 0.717468023
vt 2.01833797 0.715857983
vt 2.01833797 0.723322988
vt 2.0150001 0.717468023
vt 2.01833797 0.723322988
vt 2.0150001 0.723388016
vt -2.0150001 0.723388016
vt -2.01833797 0.723322988
vt -2.01833797 0.723322988
vt 2.0150001 0.723388016
vt 2.01833797 0.723322988
vt 2.0150001 0.728057027
vt 2.0150001 0.728057027
vt 2.01833797 0.723322988
vt 2.01833797 0.730634987
vt 2.0150001 0.728057027
vt 2.01833797 0.730634987
vt 2.0150001 0.730742991
vt 2.0150001 0.730742991
vt 2.01833797 0.730634987
vt 2.01833797 0.737697005
vt 2.0150001 0.730742991
vt 2.01833797 0.737697005
vt 2.0150001 0.737846017
vt -2.0150001 0.737846017
vt -2.01833797 0.737697005
vt -2.01833797 0.737697005
vt 2.0150001 0.737846017
vt 2.01833797 0.737697005
vt 2.0150001 0.738210976
vt 2.0150001 0.738210976
vt 2.01833797 0.737697005
vt 2.01833797 0.744413018
vt 2.0150001 0.738210976
vt 2.01833797 0.744413018
vt 2.0150001 0.744601011
vt -2.0150001 0.744601011
vt -2.01833797 0.744413018
vt -2.01833797 0.744413018
vt 2.0150001 0.744601011
vt 2.01833797 0.744413018
vt 2.0150001 0.747651994
vt 2.0150001 0.747651994
vt 2.01833797 0.744413018
vt 2.01833797 0.75069201
vt 2.0150001 0.747651994
vt 2.01833797 0.75069201
vt 2.0150001 0.750916004
vt -2.0150001 0.750916004
vt -2.01833797 0.75069201
vt -2.01833797 0.75069201
vt 2.0150001 0.750916004
vt 2.01833797 0.75069201
vt 2.0150001 0.75612402
vt 2.0150001 0.75612402
vt 2.01833797 0.75069201
vt 2.01833797 0.756447971
vt 2.0150001 0.75612402
vt 2.01833797 0.756447971
vt 2.0150001 0.756705999
vt -0.521036983 2.0150001
vt -0.521309972 2.01833797
vt -0.526777029 2.01833797
vt -0.521036983 2.0150001
vt -0.526777029 2.01833797
vt -0.526534975 2.0150001
vt -2.0150001 0.761893988
vt -2.01833797 0.761605978
vt -2.01833797 0.761605978
vt -0.526534975 2.0150001
vt -0.526777029 2.01833797
vt -0.528392017 2.0150001
vt -0.528392017 2.0150001
vt -0.526777029 2.01833797
vt -0.532805026 2.01833797
vt -0.528392017 2.0150001
vt -0.532805026 2.01833797
vt -0.532598019 2.0150001
vt -2.0150001 0.766407013
vt -2.01833797 0.766093016
vt -2.01833797 0.766093016
vt -0.532598019 2.0150001
vt -0.532805026 2.01833797
vt -0.537379026 2.0150001
vt -0.537379026 2.0150001
vt -0.532805026 2.01833797
vt -0.539313018 2.01833797
vt -0.537379026 2.0150001
vt -0.539313018 2.01833797
vt -0.53914398 2.0150001
vt -0.53914398 2.0150001
vt -0.539313018 2.01833797
vt -0.546212971 2.01833797
vt -0.53914398 2.0150001
vt -0.546212971 2.01833797
vt -0.546085 2.0150001
vt -2.0150001 0.773181021
vt -2.01833797 0.772827029
vt -2.01833797 0.772827029
vt -0.546085 2.0150001
vt -0.546212971 2.01833797
vt -0.547210991 2.0150001
vt -0.547210991 2.0150001
vt -0.546212971 2.01833797
vt -0.553412974 2.01833797
vt -0.547210991 2.0150001
vt -0.553412974 2.01833797
vt -0.553326011 2.0150001
vt -2.0150001 0.775349021
vt -2.01833797 0.774982989
vt -2.01833797 0.774982989
vt -0.553326011 2.0150001
vt -0.553412974 2.01833797
vt -0.557617009 2.0150001
vt -0.557617009 2.0150001
vt -0.553412974 2.01833797
vt -0.56081301 2.01833797
vt -0.557617009 2.0150001
vt -0.56081301 2.01833797
vt -0.560769975 2.0150001
vt -0.560769975 2.0150001
vt -0.56081301 2.01833797
vt -0.568315983 2.01833797
vt -0.560769975 2.0150001
vt -0.568315983 2.01833797
vt -0.568315983 2.0150001
vt -0.568315983 2.0150001
vt -0.568315983 2.01833797
vt -0.575818002 2.01833797
vt -0.568315983 2.0150001
vt -0.575818002 2.01833797
vt -0.57586199 2.0150001
vt -2.0150001 0.776660979
vt -2.01833797 0.776287973
vt -2.01833797 0.776287973
vt -0.57586199 2.0150001
vt -0.575818002 2.01833797
vt -0.579015017 2.0150001
vt -0.579015017 2.0150001
vt -0.575818002 2.01833797
vt -0.583218992 2.01833797
vt -0.579015017 2.0150001
vt -0.583218992 2.01833797
vt -0.583306015 2.0150001
vt -2.0150001 0.775349021
vt -2.01833797 0.774982989
vt -2.01833797 0.774982989
vt -0.583306015 2.0150001
vt -0.583218992 2.01833797
vt -0.589421988 2.0150001
vt -0.589421988 2.0150001
vt -0.583218992 2.01833797
vt -0.590418994 2.01833797
vt -0.589421988 2.0150001
vt -0.590418994 2.01833797
vt -0.590547025 2.0150001
vt -0.590547025 2.0150001
vt -0.590418994 2.01833797
vt -0.597319007 2.01833797
vt -0.590547025 2.0150001
vt -0.597319007 2.01833797
vt -0.597487986 2.0150001
vt -2.0150001 0.77018702
vt -2.01833797 0.769851029
vt -2.01833797 0.769851029
vt -0.597487986 2.0150001
vt -0.597319007 2.01833797
vt -0.599252999 2.0150001
vt -0.599252999 2.0150001
vt -0.597319007 2.01833797
vt -0.603828013 2.01833797
vt -0.599252999 2.0150001
vt -0.603828013 2.01833797
vt -0.604034007 2.0150001
vt -2.0150001 0.766407013
vt -2.01833797 0.766093016
vt -2.01833797 0.766093016
vt -0.604034007 2.0150001
vt -0.603828013 2.01833797
vt -0.608240008 2.0150001
vt -0.608240008 2.0150001
vt -0.603828013 2.01833797
vt -0.609854996 2.01833797
vt -0.608240008 2.0150001
vt -0.609854996 2.01833797
vt -0.610096991 2.0150001
vt -0.610096991 2.0150001
vt -0.609854996 2.01833797
vt -0.615321994 2.01833797
vt -0.610096991 2.0150001
vt -0.615321994 2.01833797
vt -0.615594983 2.0150001
vt -2.0150001 0.756705999
vt -2.01833797 0.756447971
vt -2.01833797 0.756447971
vt -2.0150001 0.756705999
vt -2.01833797 0.756447971
vt -2.0150001 0.75612402
vt -2.0150001 0.75612402
vt -2.01833797 0.756447971
vt -2.01833797 0.75069201
vt -2.0150001 0.75612402
vt -2.01833797 0.75069201
vt -2.0150001 0.750916004
vt -2.0150001 0.750916004
vt -2.01833797 0.75069201
vt -2.01833797 0.75069201
vt -2.0150001 0.750916004
vt -2.01833797 0.75069201
vt -2.0150001 0.747651994
vt -2.0150001 0.747651994
vt -2.01833797 0.75069201
vt -2.01833797 0.744413018
vt -2.0150001 0.747651994
vt -2.01833797 0.744413018
vt -2.0150001 0.744601011
vt -2.0150001 0.744601011
vt -2.01833797 0.744413018
vt -2.01833797 0.744413018
vt -2.0150001 0.744601011
vt -2.01833797 0.744413018
vt -2.0150001 0.738210976
vt -2.0150001 0.738210976
vt -2.01833797 0.744413018
vt -2.01833797 0.737697005
vt -2.0150001 0.738210976
vt -2.01833797 0.737697005
vt -2.0150001 0.737846017
vt -2.0150001 0.737846017
vt -2.01833797 0.737697005
vt -2.01833797 0.730634987
vt -2.0150001 0.737846017
vt -2.01833797 0.730634987
vt -2.0150001 0.730742991
vt -2.0150001 0.730742991
vt -2.01833797 0.730634987
vt -2.01833797 0.730634987
vt -2.0150001 0.730742991
vt -2.01833797 0.730634987
vt -2.0150001 0.728057027
vt -2.0150001 0.728057027
vt -2.01833797 0.730634987
vt -2.01833797 0.723322988
vt -2.0150001 0.728057027
vt -2.01833797 0.723322988
vt -2.0150001 0.723388016
vt -2.0150001 0.723388016
vt -2.01833797 0.723322988
vt -2.01833797 0.723322988
vt -2.0150001 0.723388016
vt -2.01833797 0.723322988
vt -2.0150001 0.717468023
vt -2.0150001 0.717468023
vt -2.01833797 0.723322988
vt -2.01833797 0.715857983
vt -2.0150001 0.717468023
vt -2.01833797 0.715857983
vt -2.0150001 0.715879977
vt -2.0150001 0.715879977
vt -2.01833797 0.715857983
vt -2.01833797 0.708343029
vt -2.0150001 0.715879977
vt -2.01833797 0.708343029
vt -2.0150001 0.708320975
vt -2.0150001 0.708320975
vt -2.01833797 0.708343029
vt -2.01833797 0.708343029
vt -2.0150001 0.708320975
vt -2.01833797 0.708343029
vt -2.0150001 0.706732988
vt -2.0150001 0.706732988
vt -2.01833797 0.708343029
vt -2.01833797 0.700878978
vt -2.0150001 0.706732988
vt -2.01833797 0.700878978
vt -2.0150001 0.700814009
vt -2.0150001 0.700814009
vt -2.01833797 0.700878978
vt -2.01833797 0.700878978
vt -2.0150001 0.700814009
vt -2.01833797 0.700878978
vt -2.0150001 0.696143985
vt -2.0150001 0.696143985
vt -2.01833797 0.700878978
vt -2.01833797 0.693566024
vt -2.0150001 0.696143985
vt -2.01833797 0.693566024
vt -2.0150001 0.693458974
vt -2.0150001 0.693458974
vt -2.01833797 0.693566024
vt -2.01833797 0.686504006
vt -2.0150001 0.693458974
vt -2.01833797 0.686504006
vt -2.0150001 0.686356008
vt -2.0150001 0.686356008
vt -2.01833797 0.686504006
vt -2.01833797 0.686504006
vt -2.0150001 0.686356008
vt -2.01833797 0.686504006
vt -2.0150001 0.685990989
vt -2.0150001 0.685990989
vt -2.01833797 0.686504006
vt -2.01833797 0.679789007
vt -2.0150001 0.685990989
vt -2.01833797 0.679789007
vt -2.0150001 0.679601014
vt -2.0150001 0.679601014
vt -2.01833797 0.679789007
vt -2.01833797 0.679789007
vt -2.0150001 0.679601014
vt -2.01833797 0.679789007
vt -2.0150001 0.676549017
vt -2.0150001 0.676549017
vt -2.01833797 0.679789007
vt -2.01833797 0.673510015
vt -2.0150001 0.676549017
vt -2.01833797 0.673510015
vt -2.0150001 0.673285007
vt -2.0150001 0.673285007
vt -2.01833797 0.673510015
vt -2.01833797 0.673510015
vt -2.0150001 0.673285007
vt -2.01833797 0.673510015
vt -2.0150001 0.668076992
vt -2.0150001 0.668076992
vt -2.01833797 0.673510015
vt -2.01833797 0.667752981
vt -2.0150001 0.668076992
vt -2.01833797 0.667752981
vt -2.0150001 0.667495012
vt 0.615594983 2.0150001
vt 0.615321994 2.01833797
vt 0.609854996 2.01833797
vt 0.615594983 2.0150001
vt 0.609854996 2.01833797
vt 0.610096991 2.0150001
vt -2.0150001 0.662307978
vt -2.01833797 0.662595987
vt -2.01833797 0.662595987
vt 0.610096991 2.0150001
vt 0.609854996 2.01833797
vt 0.608240008 2.0150001
vt 0.608240008 2.0150001
vt 0.609854996 2.01833797
vt 0.603828013 2.01833797
vt 0.608240008 2.0150001
vt 0.603828013 2.01833797
vt 0.604034007 2.0150001
vt -2.0150001 0.657793999
vt -2.01833797 0.658107996
vt -2.01833797 0.658107996
vt 0.604034007 2.0150001
vt 0.603828013 2.01833797
vt 0.599252999 2.0150001
vt 0.599252999 2.0150001
vt 0.603828013 2.01833797
vt 0.597319007 2.01833797
vt 0.599252999 2.0150001
vt 0.597319007 2.01833797
vt 0.597487986 2.0150001
vt 0.597487986 2.0150001
vt 0.597319007 2.01833797
vt 0.590418994 2.01833797
vt 0.597487986 2.0150001
vt 0.590418994 2.01833797
vt 0.590547025 2.0150001
vt -2.0150001 0.651021004
vt -2.01833797 0.651373982
vt -2.01833797 0.651373982
vt 0.590547025 2.0150001
vt 0.590418994 2.01833797
vt 0.589421988 2.0150001
vt 0.589421988 2.0150001
vt 0.590418994 2.01833797
vt 0.583218992 2.01833797
vt 0.589421988 2.0150001
vt 0.583218992 2.01833797
vt 0.583306015 2.0150001
vt -2.0150001 0.648853004
vt -2.01833797 0.649218976
vt -2.01833797 0.649218976
vt 0.583306015 2.0150001
vt 0.583218992 2.01833797
vt 0.579015017 2.0150001
vt 0.579015017 2.0150001
vt 0.583218992 2.01833797
vt 0.575818002 2.01833797
vt 0.579015017 2.0150001
vt 0.575818002 2.01833797
vt 0.57586199 2.0150001
vt 0.57586199 2.0150001
vt 0.575818002 2.01833797
vt 0.568315983 2.01833797
vt 0.57586199 2.0150001
vt 0.568315983 2.01833797
vt 0.568315983 2.0150001
vt 0.568315983 0.662100971
vt 0.562511027 0.662438989
vt 0.568315983 0.658762991
vt 0.568315983 0.658762991
vt 0.562511027 0.662438989
vt 0.562124014 0.659124017
vt 0.568315983 0.658762991
vt 0.562124014 0.659124017
vt 0.568315983 0.655592024
vt 0.568315983 0.655592024
vt 0.562124014 0.659124017
vt 0.561756015 0.655974984
vt 0.568315983 0.655592024
vt 0.561756015 0.655974984
vt 0.568315983 0.652747989
vt 0.568315983 0.652747989
vt 0.561756015 0.655974984
vt 0.561425984 0.653150022
vt 0.568315983 2.02672696
vt 0.561425984 2.02672696
vt 0.568315983 2.02435207
vt 0.568315983 2.02435207
vt 0.561425984 2.02672696
vt 0.561150014 2.02435207
vt 0.568315983 2.02435207
vt 0.561150014 2.02435207
vt 0.568315983 2.02150798
vt 0.568315983 2.02150798
vt 0.561150014 2.02435207
vt 0.560943007 2.02150798
vt 0.568315983 2.02150798
vt 0.560943007 2.02150798
vt 0.568315983 2.01833797
vt 0.568315983 2.01833797
vt 0.560943007 2.02150798
vt 0.56081301 2.01833797
vt 0.568315983 2.01833797
vt 0.56081301 2.01833797
vt 0.568315983 2.0150001
vt 0.568315983 2.01833797
vt 0.575818002 2.01833797
vt 0.568315983 2.02150798
vt 0.568315983 2.02150798
vt 0.575818002 2.01833797
vt 0.575689971 2.02150798
vt 0.568315983 2.02150798
vt 0.575689971 2.02150798
vt 0.568315983 2.02435207
vt 0.568315983 2.02435207
vt 0.575689971 2.02150798
vt 0.575482011 2.02435207
vt 0.568315983 2.02435207
vt 0.575482011 2.02435207
vt 0.568315983 2.02672696
vt 0.568315983 2.02672696
vt 0.575482011 2.02435207
vt 0.575205982 2.02672696
vt 0.568315983 0.652747989
vt 0.575205982 0.653150022
vt 0.568315983 0.655592024
vt 0.568315983 0.655592024
vt 0.575205982 0.653150022
vt 0.57487601 0.655974984
vt 0.568315983 0.655592024
vt 0.57487601 0.655974984
vt 0.568315983 0.658762991
vt 0.568315983 0.658762991
vt 0.57487601 0.655974984
vt 0.574508011 0.659124017
vt 0.568315983 0.658762991
vt 0.574508011 0.659124017
vt 0.568315983 0.662100971
vt 0.575818002 2.01833797
vt 0.583218992 2.01833797
vt 0.575689971 2.02150798
vt 0.575689971 2.02150798
vt 0.583218992 2.01833797
vt 0.582964003 2.02150798
vt 0.575689971 2.02150798
vt 0.582964003 2.02150798
vt 0.575482011 2.02435207
vt 0.575482011 2.02435207
vt 0.582964003 2.02150798
vt 0.582551003 2.02435207
vt 0.575482011 0.650790989
vt 0.582551003 0.652037024
vt 0.575205982 0.653150022
vt 0.575205982 0.653150022
vt 0.582551003 0.652037024
vt 0.582002997 0.654348016
vt 0.575205982 0.653150022
vt 0.582002997 0.654348016
vt 0.57487601 0.655974984
vt 0.57487601 0.655974984
vt 0.582002997 0.654348016
vt 0.581348002 0.657115996
vt 0.57487601 0.655974984
vt 0.581348002 0.657115996
vt 0.574508011 0.659124017
vt 0.574508011 0.659124017
vt 0.581348002 0.657115996
vt 0.580617011 0.660201013
vt 0.574508011 0.659124017
vt 0.580617011 0.660201013
vt 0.574120998 0.662438989
vt -2.02999997 0.662438989
vt -2.02962399 0.660201013
vt -2.02962399 0.660201013
vt 0.574120998 0.662438989
vt 0.580617011 0.660201013
vt 0.579846978 0.663447976
vt 0.579846978 0.663447976
vt 0.580617011 0.660201013
vt 0.586558998 0.661979973
vt 0.579846978 0.663447976
vt 0.586558998 0.661979973
vt 0.585416973 0.665116012
vt 0.585416973 0.665116012
vt 0.586558998 0.661979973
vt 0.592253983 0.664435983
vt 0.585416973 0.665116012
vt 0.592253983 0.664435983
vt 0.590755999 0.667419016
vt 0.590755999 0.667419016
vt 0.592253983 0.664435983
vt 0.597625971 0.667537987
vt 0.590755999 0.667419016
vt 0.597625971 0.667537987
vt 0.595791996 0.670325994
vt 0.595791996 0.670325994
vt 0.597625971 0.667537987
vt 0.602600992 0.671241999
vt 0.595791996 0.670325994
vt 0.602600992 0.671241999
vt 0.600454986 0.673798025
vt 0.600454986 0.673798025
vt 0.602600992 0.671241999
vt 0.607113004 0.675498009
vt 0.600454986 0.673798025
vt 0.607113004 0.675498009
vt 0.604685009 0.677788973
vt 0.604685009 0.677788973
vt 0.607113004 0.675498009
vt 0.611099005 0.680249989
vt 0.604685009 0.677788973
vt 0.611099005 0.680249989
vt 0.608421981 0.68224299
vt 0.608421981 0.68224299
vt 0.611099005 0.680249989
vt 0.614507973 0.685432017
vt 0.608421981 0.68224299
vt 0.614507973 0.685432017
vt 0.611617029 0.687101007
vt 0.611617029 0.687101007
vt 0.614507973 0.685432017
vt 0.617291987 0.69097501
vt 0.611617029 0.687101007
vt 0.617291987 0.69097501
vt 0.614226997 0.692296982
vt 0.614226997 0.692296982
vt 0.617291987 0.69097501
vt 0.619413018 0.696802974
vt 0.614226997 0.692296982
vt 0.619413018 0.696802974
vt 0.616214991 0.697760999
vt 0.616214991 0.697760999
vt 0.619413018 0.696802974
vt 0.620844007 0.702839017
vt 0.616214991 0.697760999
vt 0.620844007 0.702839017
vt 0.617555976 0.703418016
vt 0.617555976 0.703418016
vt 0.620844007 0.702839017
vt 0.621563971 0.708998978
vt 0.617555976 0.703418016
vt 0.621563971 0.708998978
vt 0.618230999 0.709194005
vt 0.618230999 0.709194005
vt 0.621563971 0.708998978
vt 0.621563971 0.715201974
vt 0.618230999 0.709194005
vt 0.621563971 0.715201974
vt 0.618230999 0.71500802
vt 0.618230999 0.71500802
vt 0.621563971 0.715201974
vt 0.620844007 0.721363008
vt 0.618230999 0.71500802
vt 0.620844007 0.721363008
vt 0.617555976 0.720782995
vt 0.617555976 0.720782995
vt 0.620844007 0.721363008
vt 0.619413018 0.727397978
vt 0.617555976 0.720782995
vt 0.619413018 0.727397978
vt 0.616214991 0.726441026
vt 0.616214991 0.726441026
vt 0.619413018 0.727397978
vt 0.617291987 0.733227015
vt 0.616214991 0.726441026
vt 0.617291987 0.733227015
vt 0.614226997 0.731904984
vt 0.614226997 0.731904984
vt 0.617291987 0.733227015
vt 0.614507973 0.738770008
vt 0.614226997 0.731904984
vt 0.614507973 0.738770008
vt 0.611617029 0.737101018
vt 0.611617029 0.737101018
vt 0.614507973 0.738770008
vt 0.611099005 0.743951976
vt 0.611617029 0.737101018
vt 0.611099005 0.743951976
vt 0.608421981 0.741958976
vt 0.608421981 0.741958976
vt 0.611099005 0.743951976
vt 0.607113004 0.748703003
vt 0.608421981 0.741958976
vt 0.607113004 0.748703003
vt 0.604685009 0.746412992
vt 0.604685009 0.746412992
vt 0.607113004 0.748703003
vt 0.602600992 0.752960026
vt 0.604685009 0.746412992
vt 0.602600992 0.752960026
vt 0.600454986 0.750402987
vt 0.600454986 0.750402987
vt 0.602600992 0.752960026
vt 0.597625971 0.756663978
vt 0.600454986 0.750402987
vt 0.597625971 0.756663978
vt 0.595791996 0.753875017
vt 0.595791996 0.753875017
vt 0.597625971 0.756663978
vt 0.592253983 0.759765029
vt 0.595791996 0.753875017
vt 0.592253983 0.759765029
vt 0.590755999 0.756781995
vt 0.590755999 0.756781995
vt 0.592253983 0.759765029
vt 0.586558998 0.762221992
vt 0.590755999 0.756781995
vt 0.586558998 0.762221992
vt 0.585416973 0.759085
vt 0.585416973 0.759085
vt 0.586558998 0.762221992
vt 0.580617011 0.764001012
vt 0.585416973 0.759085
vt 0.580617011 0.764001012
vt 0.579846978 0.760752976
vt 0.579846978 0.760752976
vt 0.580617011 0.764001012
vt 0.574508011 0.765078008
vt 0.579846978 0.760752976
vt 0.574508011 0.765078008
vt 0.574120998 0.761762977
vt 0.574120998 0.761762977
vt 0.574508011 0.765078008
vt 0.568315983 0.76543802
vt 0.574120998 0.761762977
vt 0.568315983 0.76543802
vt 0.568315983 0.762100995
vt 0.568315983 0.762100995
vt 0.568315983 0.76543802
vt 0.562124014 0.765078008
vt 0.568315983 0.762100995
vt 0.562124014 0.765078008
vt 0.562511027 0.761762977
vt 0.562511027 0.761762977
vt 0.562124014 0.765078008
vt 0.556015015 0.764001012
vt 0.562511027 0.761762977
vt 0.556015015 0.764001012
vt 0.556784987 0.760752976
vt 0.556784987 0.760752976
vt 0.556015015 0.764001012
vt 0.550073981 0.762221992
vt 0.556784987 0.760752976
vt 0.550073981 0.762221992
vt 0.551214993 0.759085
vt 0.551214993 0.759085
vt 0.550073981 0.762221992
vt 0.544377983 0.759765029
vt 0.551214993 0.759085
vt 0.544377983 0.759765029
vt 0.545876026 0.756781995
vt 0.545876026 0.756781995
vt 0.544377983 0.759765029
vt 0.539005995 0.756663978
vt 0.545876026 0.756781995
vt 0.539005995 0.756663978
vt 0.54084003 0.753875017
vt 0.54084003 0.753875017
vt 0.539005995 0.756663978
vt 0.534030974 0.752960026
vt 0.54084003 0.753875017
vt 0.534030974 0.752960026
vt 0.536176026 0.750402987
vt 0.536176026 0.750402987
vt 0.534030974 0.752960026
vt 0.529519022 0.748703003
vt 0.536176026 0.750402987
vt 0.529519022 0.748703003
vt 0.531947017 0.746412992
vt 0.531947017 0.746412992
vt 0.529519022 0.748703003
vt 0.52553302 0.743951976
vt 0.531947017 0.746412992
vt 0.52553302 0.743951976
vt 0.528209984 0.741958976
vt 0.528209984 0.741958976
vt 0.52553302 0.743951976
vt 0.522123992 0.738770008
vt 0.528209984 0.741958976
vt 0.522123992 0.738770008
vt 0.525014997 0.737101018
vt 0.525014997 0.737101018
vt 0.522123992 0.738770008
vt 0.519339979 0.733227015
vt 0.525014997 0.737101018
vt 0.519339979 0.733227015
vt 0.522405028 0.731904984
vt 0.522405028 0.731904984
vt 0.519339979 0.733227015
vt 0.517219007 0.727397978
vt 0.522405028 0.731904984
vt 0.517219007 0.727397978
vt 0.520416975 0.726441026
vt 0.520416975 0.726441026
vt 0.517219007 0.727397978
vt 0.515788019 0.721363008
vt 0.520416975 0.726441026
vt 0.515788019 0.721363008
vt 0.51907599 0.720782995
vt 0.51907599 0.720782995
vt 0.515788019 0.721363008
vt 0.515067995 0.715201974
vt 0.51907599 0.720782995
vt 0.515067995 0.715201974
vt 0.518401027 0.71500802
vt 0.518401027 0.71500802
vt 0.515067995 0.715201974
vt 0.515067995 0.708998978
vt 0.518401027 0.71500802
vt 0.515067995 0.708998978
vt 0.518401027 0.709194005
vt 0.518401027 0.709194005
vt 0.515067995 0.708998978
vt 0.515788019 0.702839017
vt 0.518401027 0.709194005
vt 0.515788019 0.702839017
vt 0.51907599 0.703418016
vt 0.51907599 0.703418016
vt 0.515788019 0.702839017
vt 0.517219007 0.696802974
vt 0.51907599 0.703418016
vt 0.517219007 0.696802974
vt 0.520416975 0.697760999
vt 0.520416975 0.697760999
vt 0.517219007 0.696802974
vt 0.519339979 0.69097501
vt 0.520416975 0.697760999
vt 0.519339979 0.69097501
vt 0.522405028 0.692296982
vt 0.522405028 0.692296982
vt 0.519339979 0.69097501
vt 0.522123992 0.685432017
vt 0.522405028 0.692296982
vt 0.522123992 0.685432017
vt 0.525014997 0.687101007
vt 0.525014997 0.687101007
vt 0.522123992 0.685432017
vt 0.52553302 0.680249989
vt 0.525014997 0.687101007
vt 0.52553302 0.680249989
vt 0.528209984 0.68224299
vt 0.528209984 0.68224299
vt 0.52553302 0.680249989
vt 0.529519022 0.675498009
vt 0.528209984 0.68224299
vt 0.529519022 0.675498009
vt 0.531947017 0.677788973
vt 0.531947017 0.677788973
vt 0.529519022 0.675498009
vt 0.534030974 0.671241999
vt 0.531947017 0.677788973
vt 0.534030974 0.671241999
vt 0.536176026 0.673798025
vt 0.536176026 0.673798025
vt 0.534030974 0.671241999
vt 0.539005995 0.667537987
vt 0.536176026 0.673798025
vt 0.539005995 0.667537987
vt 0.54084003 0.670325994
vt 0.54084003 0.670325994
vt 0.539005995 0.667537987
vt 0.544377983 0.664435983
vt 0.54084003 0.670325994
vt 0.544377983 0.664435983
vt 0.545876026 0.667419016
vt 0.545876026 0.667419016
vt 0.544377983 0.664435983
vt 0.550073981 0.661979973
vt 0.545876026 0.667419016
vt 0.550073981 0.661979973
vt 0.551214993 0.665116012
vt 0.551214993 0.665116012
vt 0.550073981 0.661979973
vt 0.556015015 0.660201013
vt 0.551214993 0.665116012
vt 0.556015015 0.660201013
vt 0.556784987 0.663447976
vt 0.556784987 0.663447976
vt 0.556015015 0.660201013
vt 0.562124014 0.659124017
vt 0.556784987 0.663447976
vt 0.562124014 0.659124017
vt 0.562511027 0.662438989
vt 0.574120998 0.662438989
vt 0.568315983 0.662100971
vt 0.574508011 0.659124017
vt 0.562124014 0.659124017
vt 0.556015015 0.660201013
vt 0.561756015 0.655974984
vt 0.561756015 0.655974984
vt 0.556015015 0.660201013
vt 0.555284023 0.657115996
vt 0.561756015 0.655974984
vt 0.555284023 0.657115996
vt 0.561425984 0.653150022
vt 0.561425984 0.653150022
vt 0.555284023 0.657115996
vt 0.554629028 0.654348016
vt 0.561425984 0.653150022
vt 0.554629028 0.654348016
vt 0.561150014 0.650790989
vt 0.561150014 0.650790989
vt 0.554629028 0.654348016
vt 0.554081023 0.652037024
vt 0.561150014 2.02435207
vt 0.554081023 2.02435207
vt 0.560943007 2.02150798
vt 0.560943007 2.02150798
vt 0.554081023 2.02435207
vt 0.553668976 2.02150798
vt 0.560943007 2.02150798
vt 0.553668976 2.02150798
vt 0.56081301 2.01833797
vt -2.01833797 0.647913992
vt -2.02150798 0.650297999
vt -2.02150798 0.650297999
vt 0.56081301 2.01833797
vt 0.553668976 2.02150798
vt 0.553412974 2.01833797
vt 0.553412974 2.01833797
vt 0.553668976 2.02150798
vt 0.54659301 2.02150798
vt 0.553412974 2.01833797
vt 0.54659301 2.02150798
vt 0.546212971 2.01833797
vt 0.546212971 2.01833797
vt 0.54659301 2.02150798
vt 0.539811015 2.02150798
vt 0.546212971 2.01833797
vt 0.539811015 2.02150798
vt 0.539313018 2.01833797
vt 0.539313018 2.01833797
vt 0.539811015 2.02150798
vt 0.533414006 2.02150798
vt 0.539313018 2.01833797
vt 0.533414006 2.02150798
vt 0.532805026 2.01833797
vt 0.532805026 2.01833797
vt 0.533414006 2.02150798
vt 0.52749002 2.02150798
vt 0.532805026 2.01833797
vt 0.52749002 2.02150798
vt 0.526777029 2.01833797
vt 0.526777029 2.01833797
vt 0.52749002 2.02150798
vt 0.522117019 2.02150798
vt 0.526777029 2.01833797
vt 0.522117019 2.02150798
vt 0.521309972 2.01833797
vt 2.01833797 0.667752981
vt 2.02150798 0.668514013
vt 2.02150798 0.674171984
vt 2.01833797 0.667752981
vt 2.02150798 0.674171984
vt 2.01833797 0.673510015
vt 2.01833797 0.673510015
vt 2.02150798 0.674171984
vt 2.02150798 0.680343986
vt 2.01833797 0.673510015
vt 2.02150798 0.680343986
vt 2.01833797 0.679789007
vt 2.01833797 0.679789007
vt 2.02150798 0.680343986
vt 2.02150798 0.686944008
vt 2.01833797 0.679789007
vt 2.02150798 0.686944008
vt 2.01833797 0.686504006
vt 2.01833797 0.686504006
vt 2.02150798 0.686944008
vt 2.02150798 0.693885028
vt 2.01833797 0.686504006
vt 2.02150798 0.693885028
vt 2.01833797 0.693566024
vt 2.01833797 0.693566024
vt 2.02150798 0.693885028
vt 2.02150798 0.701071978
vt 2.01833797 0.693566024
vt 2.02150798 0.701071978
vt 2.01833797 0.700878978
vt 2.01833797 0.700878978
vt 2.02150798 0.701071978
vt 2.02150798 0.708407998
vt 2.01833797 0.700878978
vt 2.02150798 0.708407998
vt 2.01833797 0.708343029
vt 2.01833797 0.708343029
vt 2.02150798 0.708407998
vt 2.02150798 0.715794027
vt 2.01833797 0.708343029
vt 2.02150798 0.715794027
vt 2.01833797 0.715857983
vt 2.01833797 0.715857983
vt 2.02150798 0.715794027
vt 2.02150798 0.723129988
vt 2.01833797 0.715857983
vt 2.02150798 0.723129988
vt 2.01833797 0.723322988
vt 2.01833797 0.723322988
vt 2.02150798 0.723129988
vt 2.02150798 0.730316997
vt 2.01833797 0.723322988
vt 2.02150798 0.730316997
vt 2.01833797 0.730634987
vt 2.01833797 0.730634987
vt 2.02150798 0.730316997
vt 2.02150798 0.737258017
vt 2.01833797 0.730634987
vt 2.02150798 0.737258017
vt 2.01833797 0.737697005
vt 2.01833797 0.737697005
vt 2.02150798 0.737258017
vt 2.02150798 0.74385798
vt 2.01833797 0.737697005
vt 2.02150798 0.74385798
vt 2.01833797 0.744413018
vt 2.01833797 0.744413018
vt 2.02150798 0.74385798
vt 2.02150798 0.750029027
vt 2.01833797 0.744413018
vt 2.02150798 0.750029027
vt 2.01833797 0.75069201
vt 2.01833797 0.75069201
vt 2.02150798 0.750029027
vt 2.02150798 0.755686998
vt 2.01833797 0.75069201
vt 2.02150798 0.755686998
vt 2.01833797 0.756447971
vt -0.521309972 2.01833797
vt -0.522117019 2.02150798
vt -0.52749002 2.02150798
vt -0.521309972 2.01833797
vt -0.52749002 2.02150798
vt -0.526777029 2.01833797
vt -0.526777029 2.01833797
vt -0.52749002 2.02150798
vt -0.533414006 2.02150798
vt -0.526777029 2.01833797
vt -0.533414006 2.02150798
vt -0.532805026 2.01833797
vt -0.532805026 2.01833797
vt -0.533414006 2.02150798
vt -0.539811015 2.02150798
vt -0.532805026 2.01833797
vt -0.539811015 2.02150798
vt -0.539313018 2.01833797
vt -0.539313018 2.01833797
vt -0.539811015 2.02150798
vt -0.54659301 2.02150798
vt -0.539313018 2.01833797
vt -0.54659301 2.02150798
vt -0.546212971 2.01833797
vt -0.546212971 2.01833797
vt -0.54659301 2.02150798
vt -0.553668976 2.02150798
vt -0.546212971 2.01833797
vt -0.553668976 2.02150798
vt -0.553412974 2.01833797
vt -0.553412974 2.01833797
vt -0.553668976 2.02150798
vt -0.560943007 2.02150798
vt -0.553412974 2.01833797
vt -0.560943007 2.02150798
vt -0.56081301 2.01833797
vt -0.56081301 2.01833797
vt -0.560943007 2.02150798
vt -0.568315983 2.02150798
vt -0.56081301 2.01833797
vt -0.568315983 2.02150798
vt -0.568315983 2.01833797
vt -0.568315983 2.01833797
vt -0.568315983 2.02150798
vt -0.575689971 2.02150798
vt -0.568315983 2.01833797
vt -0.575689971 2.02150798
vt -0.575818002 2.01833797
vt -0.575818002 2.01833797
vt -0.575689971 2.02150798
vt -0.582964003 2.02150798
vt -0.575818002 2.01833797
vt -0.582964003 2.02150798
vt -0.583218992 2.01833797
vt -0.583218992 2.01833797
vt -0.582964003 2.02150798
vt -0.590039015 2.02150798
vt -0.583218992 2.01833797
vt -0.590039015 2.02150798
vt -0.590418994 2.01833797
vt -0.590418994 2.01833797
vt -0.590039015 2.02150798
vt -0.59682101 2.02150798
vt -0.590418994 2.01833797
vt -0.59682101 2.02150798
vt -0.597319007 2.01833797
vt -0.597319007 2.01833797
vt -0.59682101 2.02150798
vt -0.603218019 2.02150798
vt -0.597319007 2.01833797
vt -0.603218019 2.02150798
vt -0.603828013 2.01833797
vt -0.603828013 2.01833797
vt -0.603218019 2.02150798
vt -0.609142005 2.02150798
vt -0.603828013 2.01833797
vt -0.609142005 2.02150798
vt -0.609854996 2.01833797
vt -0.609854996 2.01833797
vt -0.609142005 2.02150798
vt -0.614515007 2.02150798
vt -0.609854996 2.01833797
vt -0.614515007 2.02150798
vt -0.615321994 2.01833797
vt -2.01833797 0.756447971
vt -2.02150798 0.755686998
vt -2.02150798 0.750029027
vt -2.01833797 0.756447971
vt -2.02150798 0.750029027
vt -2.01833797 0.75069201
vt -2.01833797 0.75069201
vt -2.02150798 0.750029027
vt -2.02150798 0.74385798
vt -2.01833797 0.75069201
vt -2.02150798 0.74385798
vt -2.01833797 0.744413018
vt -2.01833797 0.744413018
vt -2.02150798 0.74385798
vt -2.02150798 0.737258017
vt -2.01833797 0.744413018
vt -2.02150798 0.737258017
vt -2.01833797 0.737697005
vt -2.01833797 0.737697005
vt -2.02150798 0.737258017
vt -2.02150798 0.730316997
vt -2.01833797 0.737697005
vt -2.02150798 0.730316997
vt -2.01833797 0.730634987
vt -2.01833797 0.730634987
vt -2.02150798 0.730316997
vt -2.02150798 0.723129988
vt -2.01833797 0.730634987
vt -2.02150798 0.723129988
vt -2.01833797 0.723322988
vt -2.01833797 0.723322988
vt -2.02150798 0.723129988
vt -2.02150798 0.715794027
vt -2.01833797 0.723322988
vt -2.02150798 0.715794027
vt -2.01833797 0.715857983
vt -2.01833797 0.715857983
vt -2.02150798 0.715794027
vt -2.02150798 0.708407998
vt -2.01833797 0.715857983
vt -2.02150798 0.708407998
vt -2.01833797 0.708343029
vt -2.01833797 0.708343029
vt -2.02150798 0.708407998
vt -2.02150798 0.701071978
vt -2.01833797 0.708343029
vt -2.02150798 0.701071978
vt -2.01833797 0.700878978
vt -2.01833797 0.700878978
vt -2.02150798 0.701071978
vt -2.02150798 0.693885028
vt -2.01833797 0.700878978
vt -2.02150798 0.693885028
vt -2.01833797 0.693566024
vt -2.01833797 0.693566024
vt -2.02150798 0.693885028
vt -2.02150798 0.686944008
vt -2.01833797 0.693566024
vt -2.02150798 0.686944008
vt -2.01833797 0.686504006
vt -2.01833797 0.686504006
vt -2.02150798 0.686944008
vt -2.02150798 0.680343986
vt -2.01833797 0.686504006
vt -2.02150798 0.680343986
vt -2.01833797 0.679789007
vt -2.01833797 0.679789007
vt -2.02150798 0.680343986
vt -2.02150798 0.674171984
vt -2.01833797 0.679789007
vt -2.02150798 0.674171984
vt -2.01833797 0.673510015
vt -2.01833797 0.673510015
vt -2.02150798 0.674171984
vt -2.02150798 0.668514013
vt -2.01833797 0.673510015
vt -2.02150798 0.668514013
vt -2.01833797 0.667752981
vt 0.615321994 2.01833797
vt 0.614515007 2.02150798
vt 0.609142005 2.02150798
vt 0.615321994 2.01833797
vt 0.609142005 2.02150798
vt 0.609854996 2.01833797
vt 0.609854996 2.01833797
vt 0.609142005 2.02150798
vt 0.603218019 2.02150798
vt 0.609854996 2.01833797
vt 0.603218019 2.02150798
vt 0.603828013 2.01833797
vt 0.603828013 2.01833797
vt 0.603218019 2.02150798
vt 0.59682101 2.02150798
vt 0.603828013 2.01833797
vt 0.59682101 2.02150798
vt 0.597319007 2.01833797
vt 0.597319007 2.01833797
vt 0.59682101 2.02150798
vt 0.590039015 2.02150798
vt 0.597319007 2.01833797
vt 0.590039015 2.02150798
vt 0.590418994 2.01833797
vt 0.590418994 2.01833797
vt 0.590039015 2.02150798
vt 0.582964003 2.02150798
vt 0.590418994 2.01833797
vt 0.582964003 2.02150798
vt 0.583218992 2.01833797
vt 0.582964003 2.02150798
vt 0.590039015 2.02150798
vt 0.582551003 2.02435207
vt 0.582551003 2.02435207
vt 0.590039015 2.02150798
vt 0.589428008 2.02435207
vt 0.582551003 0.652037024
vt 0.589428008 0.654096007
vt 0.582002997 0.654348016
vt 0.582002997 0.654348016
vt 0.589428008 0.654096007
vt 0.588616014 0.656328022
vt 0.582002997 0.654348016
vt 0.588616014 0.656328022
vt 0.581348002 0.657115996
vt 0.581348002 0.657115996
vt 0.588616014 0.656328022
vt 0.587643027 0.658999979
vt 0.581348002 0.657115996
vt 0.587643027 0.658999979
vt 0.580617011 0.660201013
vt -2.02962399 0.660201013
vt -2.0285151 0.658999979
vt -2.0285151 0.658999979
vt 0.580617011 0.660201013
vt 0.587643027 0.658999979
vt 0.586558998 0.661979973
vt 0.586558998 0.661979973
vt 0.587643027 0.658999979
vt 0.593676984 0.661602974
vt 0.586558998 0.661979973
vt 0.593676984 0.661602974
vt 0.592253983 0.664435983
vt 0.592253983 0.664435983
vt 0.593676984 0.661602974
vt 0.599367976 0.664888978
vt 0.592253983 0.664435983
vt 0.599367976 0.664888978
vt 0.597625971 0.667537987
vt 0.597625971 0.667537987
vt 0.599367976 0.664888978
vt 0.604638994 0.66881299
vt 0.597625971 0.667537987
vt 0.604638994 0.66881299
vt 0.602600992 0.671241999
vt 0.602600992 0.671241999
vt 0.604638994 0.66881299
vt 0.609418988 0.673322022
vt 0.602600992 0.671241999
vt 0.609418988 0.673322022
vt 0.607113004 0.675498009
vt 0.607113004 0.675498009
vt 0.609418988 0.673322022
vt 0.613642991 0.678355992
vt 0.607113004 0.675498009
vt 0.613642991 0.678355992
vt 0.611099005 0.680249989
vt 0.611099005 0.680249989
vt 0.613642991 0.678355992
vt 0.617254019 0.68384701
vt 0.611099005 0.680249989
vt 0.617254019 0.68384701
vt 0.614507973 0.685432017
vt 0.614507973 0.685432017
vt 0.617254019 0.68384701
vt 0.620203018 0.689719021
vt 0.614507973 0.685432017
vt 0.620203018 0.689719021
vt 0.617291987 0.69097501
vt 0.617291987 0.69097501
vt 0.620203018 0.689719021
vt 0.622449994 0.695894003
vt 0.617291987 0.69097501
vt 0.622449994 0.695894003
vt 0.619413018 0.696802974
vt 0.619413018 0.696802974
vt 0.622449994 0.695894003
vt 0.623965979 0.702287972
vt 0.619413018 0.696802974
vt 0.623965979 0.702287972
vt 0.620844007 0.702839017
vt 0.620844007 0.702839017
vt 0.623965979 0.702287972
vt 0.624728978 0.708814979
vt 0.620844007 0.702839017
vt 0.624728978 0.708814979
vt 0.621563971 0.708998978
vt 0.621563971 0.708998978
vt 0.624728978 0.708814979
vt 0.624728978 0.715385973
vt 0.621563971 0.708998978
vt 0.624728978 0.715385973
vt 0.621563971 0.715201974
vt 0.621563971 0.715201974
vt 0.624728978 0.715385973
vt 0.623965979 0.72191298
vt 0.621563971 0.715201974
vt 0.623965979 0.72191298
vt 0.620844007 0.721363008
vt 0.620844007 0.721363008
vt 0.623965979 0.72191298
vt 0.622449994 0.728308022
vt 0.620844007 0.721363008
vt 0.622449994 0.728308022
vt 0.619413018 0.727397978
vt 0.619413018 0.727397978
vt 0.622449994 0.728308022
vt 0.620203018 0.734483004
vt 0.619413018 0.727397978
vt 0.620203018 0.734483004
vt 0.617291987 0.733227015
vt 0.617291987 0.733227015
vt 0.620203018 0.734483004
vt 0.617254019 0.740355015
vt 0.617291987 0.733227015
vt 0.617254019 0.740355015
vt 0.614507973 0.738770008
vt 0.614507973 0.738770008
vt 0.617254019 0.740355015
vt 0.613642991 0.74584502
vt 0.614507973 0.738770008
vt 0.613642991 0.74584502
vt 0.611099005 0.743951976
vt 0.611099005 0.743951976
vt 0.613642991 0.74584502
vt 0.609418988 0.75087899
vt 0.611099005 0.743951976
vt 0.609418988 0.75087899
vt 0.607113004 0.748703003
vt 0.607113004 0.748703003
vt 0.609418988 0.75087899
vt 0.604638994 0.755388975
vt 0.607113004 0.748703003
vt 0.604638994 0.755388975
vt 0.602600992 0.752960026
vt 0.602600992 0.752960026
vt 0.604638994 0.755388975
vt 0.599367976 0.759312987
vt 0.602600992 0.752960026
vt 0.599367976 0.759312987
vt 0.597625971 0.756663978
vt 0.597625971 0.756663978
vt 0.599367976 0.759312987
vt 0.593676984 0.762597978
vt 0.597625971 0.756663978
vt 0.593676984 0.762597978
vt 0.592253983 0.759765029
vt 0.592253983 0.759765029
vt 0.593676984 0.762597978
vt 0.587643027 0.765200973
vt 0.592253983 0.759765029
vt 0.587643027 0.765200973
vt 0.586558998 0.762221992
vt 0.586558998 0.762221992
vt 0.587643027 0.765200973
vt 0.581348002 0.767086029
vt 0.586558998 0.762221992
vt 0.581348002 0.767086029
vt 0.580617011 0.764001012
vt 0.580617011 0.764001012
vt 0.581348002 0.767086029
vt 0.57487601 0.768226981
vt 0.580617011 0.764001012
vt 0.57487601 0.768226981
vt 0.574508011 0.765078008
vt 0.574508011 0.765078008
vt 0.57487601 0.768226981
vt 0.568315983 0.768608987
vt 0.574508011 0.765078008
vt 0.568315983 0.768608987
vt 0.568315983 0.76543802
vt 0.568315983 0.76543802
vt 0.568315983 0.768608987
vt 0.561756015 0.768226981
vt 0.568315983 0.76543802
vt 0.561756015 0.768226981
vt 0.562124014 0.765078008
vt 0.562124014 0.765078008
vt 0.561756015 0.768226981
vt 0.555284023 0.767086029
vt 0.562124014 0.765078008
vt 0.555284023 0.767086029
vt 0.556015015 0.764001012
vt 0.556015015 0.764001012
vt 0.555284023 0.767086029
vt 0.548988998 0.765200973
vt 0.556015015 0.764001012
vt 0.548988998 0.765200973
vt 0.550073981 0.762221992
vt 0.550073981 0.762221992
vt 0.548988998 0.765200973
vt 0.542954981 0.762597978
vt 0.550073981 0.762221992
vt 0.542954981 0.762597978
vt 0.544377983 0.759765029
vt 0.544377983 0.759765029
vt 0.542954981 0.762597978
vt 0.537263989 0.759312987
vt 0.544377983 0.759765029
vt 0.537263989 0.759312987
vt 0.539005995 0.756663978
vt 0.539005995 0.756663978
vt 0.537263989 0.759312987
vt 0.531992972 0.755388975
vt 0.539005995 0.756663978
vt 0.531992972 0.755388975
vt 0.534030974 0.752960026
vt 0.534030974 0.752960026
vt 0.531992972 0.755388975
vt 0.527213991 0.75087899
vt 0.534030974 0.752960026
vt 0.527213991 0.75087899
vt 0.529519022 0.748703003
vt 0.529519022 0.748703003
vt 0.527213991 0.75087899
vt 0.522988975 0.74584502
vt 0.529519022 0.748703003
vt 0.522988975 0.74584502
vt 0.52553302 0.743951976
vt 0.52553302 0.743951976
vt 0.522988975 0.74584502
vt 0.51937902 0.740355015
vt 0.52553302 0.743951976
vt 0.51937902 0.740355015
vt 0.522123992 0.738770008
vt 0.522123992 0.738770008
vt 0.51937902 0.740355015
vt 0.516429007 0.734483004
vt 0.522123992 0.738770008
vt 0.516429007 0.734483004
vt 0.519339979 0.733227015
vt 0.519339979 0.733227015
vt 0.516429007 0.734483004
vt 0.514181972 0.728308022
vt 0.519339979 0.733227015
vt 0.514181972 0.728308022
vt 0.517219007 0.727397978
vt 0.517219007 0.727397978
vt 0.514181972 0.728308022
vt 0.512665987 0.72191298
vt 0.517219007 0.727397978
vt 0.512665987 0.72191298
vt 0.515788019 0.721363008
vt 0.515788019 0.721363008
vt 0.512665987 0.72191298
vt 0.511902988 0.715385973
vt 0.515788019 0.721363008
vt 0.511902988 0.715385973
vt 0.515067995 0.715201974
vt 0.515067995 0.715201974
vt 0.511902988 0.715385973
vt 0.511902988 0.708814979
vt 0.515067995 0.715201974
vt 0.511902988 0.708814979
vt 0.515067995 0.708998978
vt 0.515067995 0.708998978
vt 0.511902988 0.708814979
vt 0.512665987 0.702287972
vt 0.515067995 0.708998978
vt 0.512665987 0.702287972
vt 0.515788019 0.702839017
vt 0.515788019 0.702839017
vt 0.512665987 0.702287972
vt 0.514181972 0.695894003
vt 0.515788019 0.702839017
vt 0.514181972 0.695894003
vt 0.517219007 0.696802974
vt 0.517219007 0.696802974
vt 0.514181972 0.695894003
vt 0.516429007 0.689719021
vt 0.517219007 0.696802974
vt 0.516429007 0.689719021
vt 0.519339979 0.69097501
vt 0.519339979 0.69097501
vt 0.516429007 0.689719021
vt 0.51937902 0.68384701
vt 0.519339979 0.69097501
vt 0.51937902 0.68384701
vt 0.522123992 0.685432017
vt 0.522123992 0.685432017
vt 0.51937902 0.68384701
vt 0.522988975 0.678355992
vt 0.522123992 0.685432017
vt 0.522988975 0.678355992
vt 0.52553302 0.680249989
vt 0.52553302 0.680249989
vt 0.522988975 0.678355992
vt 0.527213991 0.673322022
vt 0.52553302 0.680249989
vt 0.527213991 0.673322022
vt 0.529519022 0.675498009
vt 0.529519022 0.675498009
vt 0.527213991 0.673322022
vt 0.531992972 0.66881299
vt 0.529519022 0.675498009
vt 0.531992972 0.66881299
vt 0.534030974 0.671241999
vt 0.534030974 0.671241999
vt 0.531992972 0.66881299
vt 0.537263989 0.664888978
vt 0.534030974 0.671241999
vt 0.537263989 0.664888978
vt 0.539005995 0.667537987
vt 0.539005995 0.667537987
vt 0.537263989 0.664888978
vt 0.542954981 0.661602974
vt 0.539005995 0.667537987
vt 0.542954981 0.661602974
vt 0.544377983 0.664435983
vt 0.544377983 0.664435983
vt 0.542954981 0.661602974
vt 0.548988998 0.658999979
vt 0.544377983 0.664435983
vt 0.548988998 0.658999979
vt 0.550073981 0.661979973
vt 0.550073981 0.661979973
vt 0.548988998 0.658999979
vt 0.555284023 0.657115996
vt 0.550073981 0.661979973
vt 0.555284023 0.657115996
vt 0.556015015 0.660201013
vt 0.555284023 0.657115996
vt 0.548988998 0.658999979
vt 0.554629028 0.654348016
vt 0.554629028 0.654348016
vt 0.548988998 0.658999979
vt 0.548016012 0.656328022
vt 0.554629028 0.654348016
vt 0.548016012 0.656328022
vt 0.554081023 0.652037024
vt 0.554081023 0.652037024
vt 0.548016012 0.656328022
vt 0.547204018 0.654096007
vt 0.554081023 2.02435207
vt 0.547204018 2.02435207
vt 0.553668976 2.02150798
vt -2.02150798 0.650297999
vt -2.02435207 0.654096007
vt -2.02435207 0.654096007
vt 0.553668976 2.02150798
vt 0.547204018 2.02435207
vt 0.54659301 2.02150798
vt 0.54659301 2.02150798
vt 0.547204018 2.02435207
vt 0.540612996 2.02435207
vt 0.54659301 2.02150798
vt 0.540612996 2.02435207
vt 0.539811015 2.02150798
vt 0.539811015 2.02150798
vt 0.540612996 2.02435207
vt 0.534395993 2.02435207
vt 0.539811015 2.02150798
vt 0.534395993 2.02435207
vt 0.533414006 2.02150798
vt 0.533414006 2.02150798
vt 0.534395993 2.02435207
vt 0.528638005 2.02435207
vt 0.533414006 2.02150798
vt 0.528638005 2.02435207
vt 0.52749002 2.02150798
vt 0.52749002 2.02150798
vt 0.528638005 2.02435207
vt 0.523416996 2.02435207
vt 0.52749002 2.02150798
vt 0.523416996 2.02435207
vt 0.522117019 2.02150798
vt 2.02150798 0.668514013
vt 2.02435207 0.669740975
vt 2.02435207 0.67523998
vt 2.02150798 0.668514013
vt 2.02435207 0.67523998
vt 2.02150798 0.674171984
vt 2.02150798 0.674171984
vt 2.02435207 0.67523998
vt 2.02435207 0.681236982
vt 2.02150798 0.674171984
vt 2.02435207 0.681236982
vt 2.02150798 0.680343986
vt 2.02150798 0.680343986
vt 2.02435207 0.681236982
vt 2.02435207 0.687651992
vt 2.02150798 0.680343986
vt 2.02435207 0.687651992
vt 2.02150798 0.686944008
vt 2.02150798 0.686944008
vt 2.02435207 0.687651992
vt 2.02435207 0.694396973
vt 2.02150798 0.686944008
vt 2.02435207 0.694396973
vt 2.02150798 0.693885028
vt 2.02150798 0.693885028
vt 2.02435207 0.694396973
vt 2.02435207 0.701381981
vt 2.02150798 0.693885028
vt 2.02435207 0.701381981
vt 2.02150798 0.701071978
vt 2.02150798 0.701071978
vt 2.02435207 0.701381981
vt 2.02435207 0.708512008
vt 2.02150798 0.701071978
vt 2.02435207 0.708512008
vt 2.02150798 0.708407998
vt 2.02150798 0.708407998
vt 2.02435207 0.708512008
vt 2.02435207 0.715690017
vt 2.02150798 0.708407998
vt 2.02435207 0.715690017
vt 2.02150798 0.715794027
vt 2.02150798 0.715794027
vt 2.02435207 0.715690017
vt 2.02435207 0.722819984
vt 2.02150798 0.715794027
vt 2.02435207 0.722819984
vt 2.02150798 0.723129988
vt 2.02150798 0.723129988
vt 2.02435207 0.722819984
vt 2.02435207 0.729803979
vt 2.02150798 0.723129988
vt 2.02435207 0.729803979
vt 2.02150798 0.730316997
vt 2.02150798 0.730316997
vt 2.02435207 0.729803979
vt 2.02435207 0.736549973
vt 2.02150798 0.730316997
vt 2.02435207 0.736549973
vt 2.02150798 0.737258017
vt 2.02150798 0.737258017
vt 2.02435207 0.736549973
vt 2.02435207 0.742964029
vt 2.02150798 0.737258017
vt 2.02435207 0.742964029
vt 2.02150798 0.74385798
vt 2.02150798 0.74385798
vt 2.02435207 0.742964029
vt 2.02435207 0.748961985
vt 2.02150798 0.74385798
vt 2.02435207 0.748961985
vt 2.02150798 0.750029027
vt 2.02150798 0.750029027
vt 2.02435207 0.748961985
vt 2.02435207 0.75446099
vt 2.02150798 0.750029027
vt 2.02435207 0.75446099
vt 2.02150798 0.755686998
vt -0.522117019 2.02150798
vt -0.523416996 2.02435207
vt -0.528638005 2.02435207
vt -0.522117019 2.02150798
vt -0.528638005 2.02435207
vt -0.52749002 2.02150798
vt -0.52749002 2.02150798
vt -0.528638005 2.02435207
vt -0.534395993 2.02435207
vt -0.52749002 2.02150798
vt -0.534395993 2.02435207
vt -0.533414006 2.02150798
vt -0.533414006 2.02150798
vt -0.534395993 2.02435207
vt -0.540612996 2.02435207
vt -0.533414006 2.02150798
vt -0.540612996 2.02435207
vt -0.539811015 2.02150798
vt -0.539811015 2.02150798
vt -0.540612996 2.02435207
vt -0.547204018 2.02435207
vt -0.539811015 2.02150798
vt -0.547204018 2.02435207
vt -0.54659301 2.02150798
vt -0.54659301 2.02150798
vt -0.547204018 2.02435207
vt -0.554081023 2.02435207
vt -0.54659301 2.02150798
vt -0.554081023 2.02435207
vt -0.553668976 2.02150798
vt -0.553668976 2.02150798
vt -0.554081023 2.02435207
vt -0.561150014 2.02435207
vt -0.553668976 2.02150798
vt -0.561150014 2.02435207
vt -0.560943007 2.02150798
vt -0.560943007 2.02150798
vt -0.561150014 2.02435207
vt -0.568315983 2.02435207
vt -0.560943007 2.02150798
vt -0.568315983 2.02435207
vt -0.568315983 2.02150798
vt -0.568315983 2.02150798
vt -0.568315983 2.02435207
vt -0.575482011 2.02435207
vt -0.568315983 2.02150798
vt -0.575482011 2.02435207
vt -0.575689971 2.02150798
vt -0.575689971 2.02150798
vt -0.575482011 2.02435207
vt -0.582551003 2.02435207
vt -0.575689971 2.02150798
vt -0.582551003 2.02435207
vt -0.582964003 2.02150798
vt -0.582964003 2.02150798
vt -0.582551003 2.02435207
vt -0.589428008 2.02435207
vt -0.582964003 2.02150798
vt -0.589428008 2.02435207
vt -0.590039015 2.02150798
vt -0.590039015 2.02150798
vt -0.589428008 2.02435207
vt -0.59601903 2.02435207
vt -0.590039015 2.02150798
vt -0.59601903 2.02435207
vt -0.59682101 2.02150798
vt -0.59682101 2.02150798
vt -0.59601903 2.02435207
vt -0.602235973 2.02435207
vt -0.59682101 2.02150798
vt -0.602235973 2.02435207
vt -0.603218019 2.02150798
vt -0.603218019 2.02150798
vt -0.602235973 2.02435207
vt -0.60799402 2.02435207
vt -0.603218019 2.02150798
vt -0.60799402 2.02435207
vt -0.609142005 2.02150798
vt -0.609142005 2.02150798
vt -0.60799402 2.02435207
vt -0.613215029 2.02435207
vt -0.609142005 2.02150798
vt -0.613215029 2.02435207
vt -0.614515007 2.02150798
vt -2.02150798 0.755686998
vt -2.02435207 0.75446099
vt -2.02435207 0.748961985
vt -2.02150798 0.755686998
vt -2.02435207 0.748961985
vt -2.02150798 0.750029027
vt -2.02150798 0.750029027
vt -2.02435207 0.748961985
vt -2.02435207 0.742964029
vt -2.02150798 0.750029027
vt -2.02435207 0.742964029
vt -2.02150798 0.74385798
vt -2.02150798 0.74385798
vt -2.02435207 0.742964029
vt -2.02435207 0.736549973
vt -2.02150798 0.74385798
vt -2.02435207 0.736549973
vt -2.02150798 0.737258017
vt -2.02150798 0.737258017
vt -2.02435207 0.736549973
vt -2.02435207 0.729803979
vt -2.02150798 0.737258017
vt -2.02435207 0.729803979
vt -2.02150798 0.730316997
vt -2.02150798 0.730316997
vt -2.02435207 0.729803979
vt -2.02435207 0.722819984
vt -2.02150798 0.730316997
vt -2.02435207 0.722819984
vt -2.02150798 0.723129988
vt -2.02150798 0.723129988
vt -2.02435207 0.722819984
vt -2.02435207 0.715690017
vt -2.02150798 0.723129988
vt -2.02435207 0.715690017
vt -2.02150798 0.715794027
vt -2.02150798 0.715794027
vt -2.02435207 0.715690017
vt -2.02435207 0.708512008
vt -2.02150798 0.715794027
vt -2.02435207 0.708512008
vt -2.02150798 0.708407998
vt -2.02150798 0.708407998
vt -2.02435207 0.708512008
vt -2.02435207 0.701381981
vt -2.02150798 0.708407998
vt -2.02435207 0.701381981
vt -2.02150798 0.701071978
vt -2.02150798 0.701071978
vt -2.02435207 0.701381981
vt -2.02435207 0.694396973
vt -2.02150798 0.701071978
vt -2.02435207 0.694396973
vt -2.02150798 0.693885028
vt -2.02150798 0.693885028
vt -2.02435207 0.694396973
vt -2.02435207 0.687651992
vt -2.02150798 0.693885028
vt -2.02435207 0.687651992
vt -2.02150798 0.686944008
vt -2.02150798 0.686944008
vt -2.02435207 0.687651992
vt -2.02435207 0.681236982
vt -2.02150798 0.686944008
vt -2.02435207 0.681236982
vt -2.02150798 0.680343986
vt -2.02150798 0.680343986
vt -2.02435207 0.681236982
vt -2.02435207 0.67523998
vt -2.02150798 0.680343986
vt -2.02435207 0.67523998
vt -2.02150798 0.674171984
vt -2.02150798 0.674171984
vt -2.02435207 0.67523998
vt -2.02435207 0.669740975
vt -2.02150798 0.674171984
vt -2.02435207 0.669740975
vt -2.02150798 0.668514013
vt 0.614515007 2.02150798
vt 0.613215029 2.02435207
vt 0.60799402 2.02435207
vt 0.614515007 2.02150798
vt 0.60799402 2.02435207
vt 0.609142005 2.02150798
vt 0.609142005 2.02150798
vt 0.60799402 2.02435207
vt 0.602235973 2.02435207
vt 0.609142005 2.02150798
vt 0.602235973 2.02435207
vt 0.603218019 2.02150798
vt 0.603218019 2.02150798
vt 0.602235973 2.02435207
vt 0.59601903 2.02435207
vt 0.603218019 2.02150798
vt 0.59601903 2.02435207
vt 0.59682101 2.02150798
vt 0.59682101 2.02150798
vt 0.59601903 2.02435207
vt 0.589428008 2.02435207
vt 0.59682101 2.02150798
vt 0.589428008 2.02435207
vt 0.590039015 2.02150798
vt 0.589428008 0.654096007
vt 0.59601903 0.65693903
vt 0.588616014 0.656328022
vt 0.588616014 0.656328022
vt 0.59601903 0.65693903
vt 0.594953001 0.659062028
vt 0.588616014 0.656328022
vt 0.594953001 0.659062028
vt 0.587643027 0.658999979
vt -2.0285151 0.658999979
vt -2.02672696 0.659062028
vt -2.02672696 0.659062028
vt 0.587643027 0.658999979
vt 0.594953001 0.659062028
vt 0.593676984 0.661602974
vt 0.593676984 0.661602974
vt 0.594953001 0.659062028
vt 0.600930989 0.662513018
vt 0.593676984 0.661602974
vt 0.600930989 0.662513018
vt 0.599367976 0.664888978
vt 0.599367976 0.664888978
vt 0.600930989 0.662513018
vt 0.606467009 0.666634023
vt 0.599367976 0.664888978
vt 0.606467009 0.666634023
vt 0.604638994 0.66881299
vt 0.604638994 0.66881299
vt 0.606467009 0.666634023
vt 0.611486971 0.671370983
vt 0.604638994 0.66881299
vt 0.611486971 0.671370983
vt 0.609418988 0.673322022
vt 0.609418988 0.673322022
vt 0.611486971 0.671370983
vt 0.615924001 0.676657975
vt 0.609418988 0.673322022
vt 0.615924001 0.676657975
vt 0.613642991 0.678355992
vt 0.613642991 0.678355992
vt 0.615924001 0.676657975
vt 0.619717002 0.682425022
vt 0.613642991 0.678355992
vt 0.619717002 0.682425022
vt 0.617254019 0.68384701
vt 0.617254019 0.68384701
vt 0.619717002 0.682425022
vt 0.622814 0.688592017
vt 0.617254019 0.68384701
vt 0.622814 0.688592017
vt 0.620203018 0.689719021
vt 0.620203018 0.689719021
vt 0.622814 0.688592017
vt 0.625174999 0.695078015
vt 0.620203018 0.689719021
vt 0.625174999 0.695078015
vt 0.622449994 0.695894003
vt 0.622449994 0.695894003
vt 0.625174999 0.695078015
vt 0.62676698 0.701794028
vt 0.622449994 0.695894003
vt 0.62676698 0.701794028
vt 0.623965979 0.702287972
vt 0.623965979 0.702287972
vt 0.62676698 0.701794028
vt 0.627568007 0.708649993
vt 0.623965979 0.702287972
vt 0.627568007 0.708649993
vt 0.624728978 0.708814979
vt 0.624728978 0.708814979
vt 0.627568007 0.708649993
vt 0.627568007 0.715551972
vt 0.624728978 0.708814979
vt 0.627568007 0.715551972
vt 0.624728978 0.715385973
vt 0.624728978 0.715385973
vt 0.627568007 0.715551972
vt 0.62676698 0.722406983
vt 0.624728978 0.715385973
vt 0.62676698 0.722406983
vt 0.623965979 0.72191298
vt 0.623965979 0.72191298
vt 0.62676698 0.722406983
vt 0.625174999 0.729122996
vt 0.623965979 0.72191298
vt 0.625174999 0.729122996
vt 0.622449994 0.728308022
vt 0.622449994 0.728308022
vt 0.625174999 0.729122996
vt 0.622814 0.735608995
vt 0.622449994 0.728308022
vt 0.622814 0.735608995
vt 0.620203018 0.734483004
vt 0.620203018 0.734483004
vt 0.622814 0.735608995
vt 0.619717002 0.741777003
vt 0.620203018 0.734483004
vt 0.619717002 0.741777003
vt 0.617254019 0.740355015
vt 0.617254019 0.740355015
vt 0.619717002 0.741777003
vt 0.615924001 0.747542977
vt 0.617254019 0.740355015
vt 0.615924001 0.747542977
vt 0.613642991 0.74584502
vt 0.613642991 0.74584502
vt 0.615924001 0.747542977
vt 0.611486971 0.752830982
vt 0.613642991 0.74584502
vt 0.611486971 0.752830982
vt 0.609418988 0.75087899
vt 0.609418988 0.75087899
vt 0.611486971 0.752830982
vt 0.606467009 0.757566988
vt 0.609418988 0.75087899
vt 0.606467009 0.757566988
vt 0.604638994 0.755388975
vt 0.604638994 0.755388975
vt 0.606467009 0.757566988
vt 0.600930989 0.761689007
vt 0.604638994 0.755388975
vt 0.600930989 0.761689007
vt 0.599367976 0.759312987
vt 0.599367976 0.759312987
vt 0.600930989 0.761689007
vt 0.594953001 0.765139997
vt 0.599367976 0.759312987
vt 0.594953001 0.765139997
vt 0.593676984 0.762597978
vt 0.593676984 0.762597978
vt 0.594953001 0.765139997
vt 0.588616014 0.767874002
vt 0.593676984 0.762597978
vt 0.588616014 0.767874002
vt 0.587643027 0.765200973
vt 0.587643027 0.765200973
vt 0.588616014 0.767874002
vt 0.582002997 0.769852996
vt 0.587643027 0.765200973
vt 0.582002997 0.769852996
vt 0.581348002 0.767086029
vt 0.581348002 0.767086029
vt 0.582002997 0.769852996
vt 0.575205982 0.771052003
vt 0.581348002 0.767086029
vt 0.575205982 0.771052003
vt 0.57487601 0.768226981
vt 0.57487601 0.768226981
vt 0.575205982 0.771052003
vt 0.568315983 0.771453023
vt 0.57487601 0.768226981
vt 0.568315983 0.771453023
vt 0.568315983 0.768608987
vt 0.568315983 0.768608987
vt 0.568315983 0.771453023
vt 0.561425984 0.771052003
vt 0.568315983 0.768608987
vt 0.561425984 0.771052003
vt 0.561756015 0.768226981
vt 0.561756015 0.768226981
vt 0.561425984 0.771052003
vt 0.554629028 0.769852996
vt 0.561756015 0.768226981
vt 0.554629028 0.769852996
vt 0.555284023 0.767086029
vt 0.555284023 0.767086029
vt 0.554629028 0.769852996
vt 0.548016012 0.767874002
vt 0.555284023 0.767086029
vt 0.548016012 0.767874002
vt 0.548988998 0.765200973
vt 0.548988998 0.765200973
vt 0.548016012 0.767874002
vt 0.541679025 0.765139997
vt 0.548988998 0.765200973
vt 0.541679025 0.765139997
vt 0.542954981 0.762597978
vt 0.542954981 0.762597978
vt 0.541679025 0.765139997
vt 0.535700977 0.761689007
vt 0.542954981 0.762597978
vt 0.535700977 0.761689007
vt 0.537263989 0.759312987
vt 0.537263989 0.759312987
vt 0.535700977 0.761689007
vt 0.530165017 0.757566988
vt 0.537263989 0.759312987
vt 0.530165017 0.757566988
vt 0.531992972 0.755388975
vt 0.531992972 0.755388975
vt 0.530165017 0.757566988
vt 0.525144994 0.752830982
vt 0.531992972 0.755388975
vt 0.525144994 0.752830982
vt 0.527213991 0.75087899
vt 0.527213991 0.75087899
vt 0.525144994 0.752830982
vt 0.520708025 0.747542977
vt 0.527213991 0.75087899
vt 0.520708025 0.747542977
vt 0.522988975 0.74584502
vt 0.522988975 0.74584502
vt 0.520708025 0.747542977
vt 0.516915023 0.741777003
vt 0.522988975 0.74584502
vt 0.516915023 0.741777003
vt 0.51937902 0.740355015
vt 0.51937902 0.740355015
vt 0.516915023 0.741777003
vt 0.513818026 0.735608995
vt 0.51937902 0.740355015
vt 0.513818026 0.735608995
vt 0.516429007 0.734483004
vt 0.516429007 0.734483004
vt 0.513818026 0.735608995
vt 0.511457026 0.729122996
vt 0.516429007 0.734483004
vt 0.511457026 0.729122996
vt 0.514181972 0.728308022
vt 0.514181972 0.728308022
vt 0.511457026 0.729122996
vt 0.509864986 0.722406983
vt 0.514181972 0.728308022
vt 0.509864986 0.722406983
vt 0.512665987 0.72191298
vt 0.512665987 0.72191298
vt 0.509864986 0.722406983
vt 0.509064019 0.715551972
vt 0.512665987 0.72191298
vt 0.509064019 0.715551972
vt 0.511902988 0.715385973
vt 0.511902988 0.715385973
vt 0.509064019 0.715551972
vt 0.509064019 0.708649993
vt 0.511902988 0.715385973
vt 0.509064019 0.708649993
vt 0.511902988 0.708814979
vt 0.511902988 0.708814979
vt 0.509064019 0.708649993
vt 0.509864986 0.701794028
vt 0.511902988 0.708814979
vt 0.509864986 0.701794028
vt 0.512665987 0.702287972
vt 0.512665987 0.702287972
vt 0.509864986 0.701794028
vt 0.511457026 0.695078015
vt 0.512665987 0.702287972
vt 0.511457026 0.695078015
vt 0.514181972 0.695894003
vt 0.514181972 0.695894003
vt 0.511457026 0.695078015
vt 0.513818026 0.688592017
vt 0.514181972 0.695894003
vt 0.513818026 0.688592017
vt 0.516429007 0.689719021
vt 0.516429007 0.689719021
vt 0.513818026 0.688592017
vt 0.516915023 0.682425022
vt 0.516429007 0.689719021
vt 0.516915023 0.682425022
vt 0.51937902 0.68384701
vt 0.51937902 0.68384701
vt 0.516915023 0.682425022
vt 0.520708025 0.676657975
vt 0.51937902 0.68384701
vt 0.520708025 0.676657975
vt 0.522988975 0.678355992
vt 0.522988975 0.678355992
vt 0.520708025 0.676657975
vt 0.525144994 0.671370983
vt 0.522988975 0.678355992
vt 0.525144994 0.671370983
vt 0.527213991 0.673322022
vt 0.527213991 0.673322022
vt 0.525144994 0.671370983
vt 0.530165017 0.666634023
vt 0.527213991 0.673322022
vt 0.530165017 0.666634023
vt 0.531992972 0.66881299
vt 0.531992972 0.66881299
vt 0.530165017 0.666634023
vt 0.535700977 0.662513018
vt 0.531992972 0.66881299
vt 0.535700977 0.662513018
vt 0.537263989 0.664888978
vt 0.537263989 0.664888978
vt 0.535700977 0.662513018
vt 0.541679025 0.659062028
vt 0.537263989 0.664888978
vt 0.541679025 0.659062028
vt 0.542954981 0.661602974
vt 0.542954981 0.661602974
vt 0.541679025 0.659062028
vt 0.548016012 0.656328022
vt 0.542954981 0.661602974
vt 0.548016012 0.656328022
vt 0.548988998 0.658999979
vt 0.548016012 0.656328022
vt 0.541679025 0.659062028
vt 0.547204018 0.654096007
vt -2.02435207 0.654096007
vt -2.02672696 0.659062028
vt -2.02672696 0.659062028
vt 0.547204018 0.654096007
vt 0.541679025 0.659062028
vt 0.540612996 0.65693903
vt 0.540612996 0.65693903
vt 0.541679025 0.659062028
vt 0.535700977 0.662513018
vt 0.540612996 0.65693903
vt 0.535700977 0.662513018
vt 0.534395993 0.660528004
vt 0.534395993 0.660528004
vt 0.535700977 0.662513018
vt 0.530165017 0.666634023
vt 0.534395993 0.660528004
vt 0.530165017 0.666634023
vt 0.528638005 0.664815009
vt 0.528638005 0.664815009
vt 0.530165017 0.666634023
vt 0.525144994 0.671370983
vt 0.528638005 0.664815009
vt 0.525144994 0.671370983
vt 0.523416996 0.669740975
vt 0.523416996 0.669740975
vt 0.525144994 0.671370983
vt 0.520708025 0.676657975
vt 0.523416996 0.669740975
vt 0.520708025 0.676657975
vt 0.518803 0.67523998
vt 0.518803 0.67523998
vt 0.520708025 0.676657975
vt 0.516915023 0.682425022
vt 0.518803 0.67523998
vt 0.516915023 0.682425022
vt 0.514858007 0.681236982
vt 0.514858007 0.681236982
vt 0.516915023 0.682425022
vt 0.513818026 0.688592017
vt 0.514858007 0.681236982
vt 0.513818026 0.688592017
vt 0.511636972 0.687651992
vt 0.511636972 0.687651992
vt 0.513818026 0.688592017
vt 0.511457026 0.695078015
vt 0.511636972 0.687651992
vt 0.511457026 0.695078015
vt 0.509181976 0.694396973
vt 0.509181976 0.694396973
vt 0.511457026 0.695078015
vt 0.509864986 0.701794028
vt 0.509181976 0.694396973
vt 0.509864986 0.701794028
vt 0.50752598 0.701381981
vt 0.50752598 0.701381981
vt 0.509864986 0.701794028
vt 0.509064019 0.708649993
vt 0.50752598 0.701381981
vt 0.509064019 0.708649993
vt 0.506693006 0.708512008
vt 2.02435207 0.708512008
vt 2.02672696 0.708649993
vt 2.02672696 0.715551972
vt 2.02435207 0.708512008
vt 2.02672696 0.715551972
vt 2.02435207 0.715690017
vt 0.506693006 0.715690017
vt 0.509064019 0.715551972
vt 0.509864986 0.722406983
vt 0.506693006 0.715690017
vt 0.509864986 0.722406983
vt 0.50752598 0.722819984
vt 0.50752598 0.722819984
vt 0.509864986 0.722406983
vt 0.511457026 0.729122996
vt 0.50752598 0.722819984
vt 0.511457026 0.729122996
vt 0.509181976 0.729803979
vt 0.509181976 0.729803979
vt 0.511457026 0.729122996
vt 0.513818026 0.735608995
vt 0.509181976 0.729803979
vt 0.513818026 0.735608995
vt 0.511636972 0.736549973
vt 0.511636972 0.736549973
vt 0.513818026 0.735608995
vt 0.516915023 0.741777003
vt 0.511636972 0.736549973
vt 0.516915023 0.741777003
vt 0.514858007 0.742964029
vt 0.514858007 0.742964029
vt 0.516915023 0.741777003
vt 0.520708025 0.747542977
vt 0.514858007 0.742964029
vt 0.520708025 0.747542977
vt 0.518803 0.748961985
vt 0.518803 0.748961985
vt 0.520708025 0.747542977
vt 0.525144994 0.752830982
vt 0.518803 0.748961985
vt 0.525144994 0.752830982
vt 0.523416996 0.75446099
vt 0.523416996 0.75446099
vt 0.525144994 0.752830982
vt 0.530165017 0.757566988
vt 0.523416996 0.75446099
vt 0.530165017 0.757566988
vt 0.528638005 0.759387016
vt 0.528638005 0.759387016
vt 0.530165017 0.757566988
vt 0.535700977 0.761689007
vt 0.528638005 0.759387016
vt 0.535700977 0.761689007
vt 0.534395993 0.763673007
vt 0.534395993 0.763673007
vt 0.535700977 0.761689007
vt 0.541679025 0.765139997
vt 0.534395993 0.763673007
vt 0.541679025 0.765139997
vt 0.540612996 0.767261982
vt 0.540612996 0.767261982
vt 0.541679025 0.765139997
vt 0.548016012 0.767874002
vt 0.540612996 0.767261982
vt 0.548016012 0.767874002
vt 0.547204018 0.770106018
vt 0.547204018 0.770106018
vt 0.548016012 0.767874002
vt 0.554629028 0.769852996
vt 0.547204018 0.770106018
vt 0.554629028 0.769852996
vt 0.554081023 0.772163987
vt 0.554081023 0.772163987
vt 0.554629028 0.769852996
vt 0.561425984 0.771052003
vt 0.554081023 0.772163987
vt 0.561425984 0.771052003
vt 0.561150014 0.773410976
vt -0.561150014 2.02435207
vt -0.561425984 2.02672696
vt -0.568315983 2.02672696
vt -0.561150014 2.02435207
vt -0.568315983 2.02672696
vt -0.568315983 2.02435207
vt -0.568315983 2.02435207
vt -0.568315983 2.02672696
vt -0.575205982 2.02672696
vt -0.568315983 2.02435207
vt -0.575205982 2.02672696
vt -0.575482011 2.02435207
vt 0.575482011 0.773410976
vt 0.575205982 0.771052003
vt 0.582002997 0.769852996
vt 0.575482011 0.773410976
vt 0.582002997 0.769852996
vt 0.582551003 0.772163987
vt 0.582551003 0.772163987
vt 0.582002997 0.769852996
vt 0.588616014 0.767874002
vt 0.582551003 0.772163987
vt 0.588616014 0.767874002
vt 0.589428008 0.770106018
vt 0.589428008 0.770106018
vt 0.588616014 0.767874002
vt 0.594953001 0.765139997
vt 0.589428008 0.770106018
vt 0.594953001 0.765139997
vt 0.59601903 0.767261982
vt 0.59601903 0.767261982
vt 0.594953001 0.765139997
vt 0.600930989 0.761689007
vt 0.59601903 0.767261982
vt 0.600930989 0.761689007
vt 0.602235973 0.763673007
vt 0.602235973 0.763673007
vt 0.600930989 0.761689007
vt 0.606467009 0.757566988
vt 0.602235973 0.763673007
vt 0.606467009 0.757566988
vt 0.60799402 0.759387016
vt 0.60799402 0.759387016
vt 0.606467009 0.757566988
vt 0.611486971 0.752830982
vt 0.60799402 0.759387016
vt 0.611486971 0.752830982
vt 0.613215029 0.75446099
vt 0.613215029 0.75446099
vt 0.611486971 0.752830982
vt 0.615924001 0.747542977
vt 0.613215029 0.75446099
vt 0.615924001 0.747542977
vt 0.617829025 0.748961985
vt 0.617829025 0.748961985
vt 0.615924001 0.747542977
vt 0.619717002 0.741777003
vt 0.617829025 0.748961985
vt 0.619717002 0.741777003
vt 0.621774018 0.742964029
vt 0.621774018 0.742964029
vt 0.619717002 0.741777003
vt 0.622814 0.735608995
vt 0.621774018 0.742964029
vt 0.622814 0.735608995
vt 0.624994993 0.736549973
vt 0.624994993 0.736549973
vt 0.622814 0.735608995
vt 0.625174999 0.729122996
vt 0.624994993 0.736549973
vt 0.625174999 0.729122996
vt 0.627449989 0.729803979
vt 0.627449989 0.729803979
vt 0.625174999 0.729122996
vt 0.62676698 0.722406983
vt 0.627449989 0.729803979
vt 0.62676698 0.722406983
vt 0.629105985 0.722819984
vt 0.629105985 0.722819984
vt 0.62676698 0.722406983
vt 0.627568007 0.715551972
vt 0.629105985 0.722819984
vt 0.627568007 0.715551972
vt 0.62993902 0.715690017
vt -2.02435207 0.715690017
vt -2.02672696 0.715551972
vt -2.02672696 0.708649993
vt -2.02435207 0.715690017
vt -2.02672696 0.708649993
vt -2.02435207 0.708512008
vt 0.62993902 0.708512008
vt 0.627568007 0.708649993
vt 0.62676698 0.701794028
vt 0.62993902 0.708512008
vt 0.62676698 0.701794028
vt 0.629105985 0.701381981
vt 0.629105985 0.701381981
vt 0.62676698 0.701794028
vt 0.625174999 0.695078015
vt 0.629105985 0.701381981
vt 0.625174999 0.695078015
vt 0.627449989 0.694396973
vt 0.627449989 0.694396973
vt 0.625174999 0.695078015
vt 0.622814 0.688592017
vt 0.627449989 0.694396973
vt 0.622814 0.688592017
vt 0.624994993 0.687651992
vt 0.624994993 0.687651992
vt 0.622814 0.688592017
vt 0.619717002 0.682425022
vt 0.624994993 0.687651992
vt 0.619717002 0.682425022
vt 0.621774018 0.681236982
vt 0.621774018 0.681236982
vt 0.619717002 0.682425022
vt 0.615924001 0.676657975
vt 0.621774018 0.681236982
vt 0.615924001 0.676657975
vt 0.617829025 0.67523998
vt 0.617829025 0.67523998
vt 0.615924001 0.676657975
vt 0.611486971 0.671370983
vt 0.617829025 0.67523998
vt 0.611486971 0.671370983
vt 0.613215029 0.669740975
vt 0.613215029 0.669740975
vt 0.611486971 0.671370983
vt 0.606467009 0.666634023
vt 0.613215029 0.669740975
vt 0.606467009 0.666634023
vt 0.60799402 0.664815009
vt 0.60799402 0.664815009
vt 0.606467009 0.666634023
vt 0.600930989 0.662513018
vt 0.60799402 0.664815009
vt 0.600930989 0.662513018
vt 0.602235973 0.660528004
vt 0.602235973 0.660528004
vt 0.600930989 0.662513018
vt 0.594953001 0.659062028
vt 0.602235973 0.660528004
vt 0.594953001 0.659062028
vt 0.59601903 0.65693903
f 1/1 2/2 3/3
f 3/4 2/5 4/6
f 3/7 4/8 3/9
f 3/10 4/11 5/12
f 3/13 5/14 3/15
f 3/16 5/17 6/18
f 3/19 6/20 3/21
f 3/22 6/23 7/24
f 3/25 7/26 3/27
f 3/28 7/29 8/30
f 3/31 8/32 3/33
f 3/34 8/35 9/36
f 3/37 9/38 3/39
f 3/40 9/41 10/42
f 3/43 10/44 3/45
f 3/46 10/47 11/48
f 3/49 11/50 3/51
f 3/52 11/53 12/54
f 3/55 12/56 3/57
f 3/58 12/59 13/60
f 3/61 13/62 3/63
f 3/64 13/65 14/66
f 3/67 14/68 3/69
f 3/70 14/71 15/72
f 3/73 15/74 3/75
f 3/76 15/77 16/78
f 3/79 16/80 3/81
f 3/82 16/83 17/84
f 3/85 17/86 3/87
f 3/88 17/89 18/90
f 3/91 18/92 3/93
f 3/94 18/95 19/96
f 3/97 19/98 3/99
f 3/100 19/101 20/102
f 3/103 20/104 3/105
f 3/106 20/107 21/108
f 3/109 21/110 3/111
f 3/112 21/113 22/114
f 3/115 22/116 3/117
f 3/118 22/119 23/120
f 3/121 23/122 3/123
f 3/124 23/125 24/126
f 3/127 24/128 3/129
f 3/130 24/131 25/132
f 3/133 25/134 3/135
f 3/136 25/137 26/138
f 3/139 26/140 3/141
f 3/142 26/143 27/144
f 3/145 27/146 3/147
f 3/148 27/149 28/150
f 3/151 28/152 3/153
f 3/154 28/155 29/156
f 3/157 29/158 3/159
f 3/160 29/161 30/162
f 3/163 30/164 3/165
f 3/166 30/167 31/168
f 3/169 31/170 3/171
f 3/172 31/173 32/174
f 3/175 32/176 3/177
f 3/178 32/179 33/180
f 3/181 33/182 3/183
f 3/184 33/185 34/186
f 3/187 34/188 3/189
f 3/190 34/191 35/192
f 3/193 35/194 3/195
f 3/196 35/197 36/198
f 3/199 36/200 3/201
f 3/202 36/203 37/204
f 3/205 37/206 3/207
f 3/208 37/209 38/210
f 3/211 38/212 3/213
f 3/214 38/215 39/216
f 3/217 39/218 1/219
f 40/220 41/221 42/222
f 42/223 41/224 43/225
f 42/226 43/227 42/228
f 42/229 43/230 44/231
f 42/232 44/233 42/234
f 42/235 44/236 45/237
f 42/238 45/239 42/240
f 42/241 45/242 46/243
f 42/244 46/245 42/246
f 42/247 46/248 47/249
f 42/250 47/251 42/252
f 42/253 47/254 48/255
f 42/256 48/257 42/258
f 42/259 48/260 49/261
f 42/262 49/263 42/264
f 42/265 49/266 50/267
f 42/268 50/269 42/270
f 42/271 50/272 51/273
f 42/274 51/275 42/276
f 42/277 51/278 52/279
f 42/280 52/281 42/282
f 42/283 52/284 53/285
f 42/286 53/287 42/288
f 42/289 53/290 54/291
f 42/292 54/293 42/294
f 42/295 54/296 55/297
f 42/298 55/299 42/300
f 42/301 55/302 56/303
f 42/304 56/305 42/306
f 42/307 56/308 57/309
f 42/310 57/311 42/312
f 42/313 57/314 58/315
f 42/316 58/317 42/318
f 42/319 58/320 59/321
f 42/322 59/323 42/324
f 42/325 59/326 60/327
f 42/328 60/329 42/330
f 42/331 60/332 61/333
f 42/334 61/335 42/336
f 42/337 61/338 62/339
f 42/340 62/341 42/342
f 42/343 62/344 63/345
f 42/346 63/347 42/348
f 42/349 63/350 64/351
f 42/352 64/353 42/354
f 42/355 64/356 65/357
f 42/358 65/359 42/360
f 42/361 65/362 66/363
f 42/364 66/365 42/366
f 42/367 66/368 67/369
f 42/370 67/371 42/372
f 42/373 67/374 68/375
f 42/376 68/377 42/378
f 42/379 68/380 69/381
f 42/382 69/383 42/384
f 42/385 69/386 70/387
f 42/388 70/389 42/390
f 42/391 70/392 71/393
f 42/394 71/395 42/396
f 42/397 71/398 72/399
f 42/400 72/401 42/402
f 42/403 72/404 73/405
f 42/406 73/407 42/408
f 42/409 73/410 74/411
f 42/412 74/413 42/414
f 42/415 74/416 75/417
f 42/418 75/419 42/420
f 42/421 75/422 76/423
f 42/424 76/425 42/426
f 42/427 76/428 77/429
f 42/430 77/431 42/432
f 42/433 77/434 78/435
f 42/436 78/437 42/438
f 42/439 78/440 79/441
f 42/442 79/443 42/444
f 42/445 79/446 80/447
f 42/448 80/449 42/450
f 42/451 80/452 81/453
f 42/454 81/455 42/456
f 42/457 81/458 82/459
f 42/460 82/461 42/462
f 42/463 82/464 83/465
f 42/466 83/467 42/468
f 42/469 83/470 84/471
f 42/472 84/473 42/474
f 42/475 84/476 85/477
f 42/478 85/479 42/480
f 42/481 85/482 86/483
f 42/484 86/485 42/486
f 42/487 86/488 87/489
f 42/490 87/491 42/492
f 42/493 87/494 88/495
f 42/496 88/497 42/498
f 42/499 88/500 89/501
f 42/502 89/503 42/504
f 42/505 89/506 90/507
f 42/508 90/509 42/510
f 42/511 90/512 91/513
f 42/514 91/515 42/516
f 42/517 91/518 92/519
f 42/520 92/521 42/522
f 42/523 92/524 93/525
f 42/526 93/527 42/528
f 42/529 93/530 94/531
f 42/532 94/533 40/534
f 39/535 95/536 1/537
f 1/538 95/539 96/540
f 1/541 96/542 1/543
f 1/544 96/545 97/546
f 1/547 97/548 2/549
f 2/550 97/551 98/552
f 2/553 98/554 2/555
f 2/556 98/557 99/558
f 2/559 99/560 2/561
f 2/562 99/563 100/564
f 2/565 100/566 4/567
f 4/568 100/569 101/570
f 4/571 101/572 4/573
f 4/574 101/575 102/576
f 4/577 102/578 5/579
f 5/580 102/581 103/582
f 5/583 103/584 5/585
f 5/586 103/587 104/588
f 5/589 104/590 6/591
f 6/592 104/593 105/594
f 6/595 105/596 6/597
f 6/598 105/599 106/600
f 6/601 106/602 6/603
f 6/604 106/605 107/606
f 6/607 107/608 7/609
f 7/610 107/611 108/612
f 7/613 108/614 7/615
f 7/616 108/617 109/618
f 7/619 109/620 8/621
f 8/622 109/623 110/624
f 8/625 110/626 8/627
f 8/628 110/629 111/630
f 8/631 111/632 9/633
f 9/634 111/635 112/636
f 9/637 112/638 9/639
f 9/640 112/641 113/642
f 9/643 113/644 9/645
f 9/646 113/647 114/648
f 9/649 114/650 10/651
f 10/652 114/653 115/654
f 10/655 115/656 10/657
f 10/658 115/659 116/660
f 10/661 116/662 11/663
f 11/664 116/665 117/666
f 11/667 117/668 11/669
f 11/670 117/671 118/672
f 11/673 118/674 11/675
f 11/676 118/677 119/678
f 11/679 119/680 12/681
f 12/682 119/683 120/684
f 12/685 120/686 12/687
f 12/688 120/689 121/690
f 12/691 121/692 13/693
f 13/694 121/695 122/696
f 13/697 122/698 13/699
f 13/700 122/701 123/702
f 13/703 123/704 13/705
f 13/706 123/707 124/708
f 13/709 124/710 14/711
f 14/712 124/713 125/714
f 14/715 125/716 14/717
f 14/718 125/719 126/720
f 14/721 126/722 15/723
f 15/724 126/725 127/726
f 15/727 127/728 15/729
f 15/730 127/731 128/732
f 15/733 128/734 15/735
f 15/736 128/737 129/738
f 15/739 129/740 16/741
f 16/742 129/743 130/744
f 16/745 130/746 16/747
f 16/748 130/749 131/750
f 16/751 131/752 17/753
f 17/754 131/755 132/756
f 17/757 132/758 17/759
f 17/760 132/761 133/762
f 17/763 133/764 18/765
f 18/766 133/767 134/768
f 18/769 134/770 18/771
f 18/772 134/773 135/774
f 18/775 135/776 18/777
f 18/778 135/779 136/780
f 18/781 136/782 19/783
f 19/784 136/785 137/786
f 19/787 137/788 19/789
f 19/790 137/791 138/792
f 19/793 138/794 20/795
f 20/796 138/797 139/798
f 20/799 139/800 20/801
f 20/802 139/803 140/804
f 20/805 140/806 21/807
f 21/808 140/809 141/810
f 21/811 141/812 21/813
f 21/814 141/815 142/816
f 21/817 142/818 22/819
f 22/820 142/821 143/822
f 22/823 143/824 22/825
f 22/826 143/827 144/828
f 22/829 144/830 22/831
f 22/832 144/833 145/834
f 22/835 145/836 23/837
f 23/838 145/839 146/840
f 23/841 146/842 23/843
f 23/844 146/845 147/846
f 23/847 147/848 24/849
f 24/850 147/851 148/852
f 24/853 148/854 24/855
f 24/856 148/857 149/858
f 24/859 149/860 25/861
f 25/862 149/863 150/864
f 25/865 150/866 25/867
f 25/868 150/869 151/870
f 25/871 151/872 25/873
f 25/874 151/875 152/876
f 25/877 152/878 26/879
f 26/880 152/881 153/882
f 26/883 153/884 26/885
f 26/886 153/887 154/888
f 26/889 154/890 27/891
f 27/892 154/893 155/894
f 27/895 155/896 27/897
f 27/898 155/899 156/900
f 27/901 156/902 28/903
f 28/904 156/905 157/906
f 28/907 157/908 28/909
f 28/910 157/911 158/912
f 28/913 158/914 28/915
f 28/916 158/917 159/918
f 28/919 159/920 29/921
f 29/922 159/923 160/924
f 29/925 160/926 29/927
f 29/928 160/929 161/930
f 29/931 161/932 30/933
f 30/934 161/935 162/936
f 30/937 162/938 30/939
f 30/940 162/941 163/942
f 30/943 163/944 30/945
f 30/946 163/947 164/948
f 30/949 164/950 31/951
f 31/952 164/953 165/954
f 31/955 165/956 31/957
f 31/958 165/959 166/960
f 31/961 166/962 32/963
f 32/964 166/965 167/966
f 32/967 167/968 32/969
f 32/970 167/971 168/972
f 32/973 168/974 32/975
f 32/976 168/977 169/978
f 32/979 169/980 33/981
f 33/982 169/983 170/984
f 33/985 170/986 33/987
f 33/988 170/989 171/990
f 33/991 171/992 34/993
f 34/994 171/995 172/996
f 34/997 172/998 34/999
f 34/1000 172/1001 173/1002
f 34/1003 173/1004 34/1005
f 34/1006 173/1007 174/1008
f 34/1009 174/1010 35/1011
f 35/1012 174/1013 175/1014
f 35/1015 175/1016 35/1017
f 35/1018 175/1019 176/1020
f 35/1021 176/1022 36/1023
f 36/1024 176/1025 177/1026
f 36/1027 177/1028 36/1029
f 36/1030 177/1031 178/1032
f 36/1033 178/1034 37/1035
f 37/1036 178/1037 179/1038
f 37/1039 179/1040 37/1041
f 37/1042 179/1043 180/1044
f 37/1045 180/1046 37/1047
f 37/1048 180/1049 181/1050
f 37/1051 181/1052 38/1053
f 38/1054 181/1055 182/1056
f 38/1057 182/1058 38/1059
f 38/1060 182/1061 183/1062
f 38/1063 183/1064 39/1065
f 183/1066 184/1067 39/1068
f 39/1069 184/1070 95/1071
f 184/1072 185/1073 95/1074
f 95/1075 185/1076 185/1077
f 95/1078 185/1079 96/1080
f 96/1081 185/1082 186/1083
f 96/1084 186/1085 97/1086
f 97/1087 186/1088 186/1089
f 97/1090 186/1091 98/1092
f 98/1093 186/1094 187/1095
f 98/1096 187/1097 99/1098
f 99/1099 187/1100 188/1101
f 99/1102 188/1103 100/1104
f 100/1105 188/1106 188/1107
f 100/1108 188/1109 101/1110
f 101/1111 188/1112 189/1113
f 101/1114 189/1115 102/1116
f 102/1117 189/1118 189/1119
f 102/1120 189/1121 103/1122
f 103/1123 189/1124 190/1125
f 103/1126 190/1127 104/1128
f 104/1129 190/1130 191/1131
f 104/1132 191/1133 105/1134
f 105/1135 191/1136 191/1137
f 105/1138 191/1139 106/1140
f 106/1141 191/1142 192/1143
f 106/1144 192/1145 107/1146
f 107/1147 192/1148 192/1149
f 107/1150 192/1151 108/1152
f 108/1153 192/1154 193/1155
f 108/1156 193/1157 109/1158
f 109/1159 193/1160 193/1161
f 109/1162 193/1163 110/1164
f 110/1165 193/1166 194/1167
f 110/1168 194/1169 111/1170
f 111/1171 194/1172 195/1173
f 111/1174 195/1175 112/1176
f 112/1177 195/1178 195/1179
f 112/1180 195/1181 113/1182
f 113/1183 195/1184 196/1185
f 113/1186 196/1187 114/1188
f 114/1189 196/1190 196/1191
f 114/1192 196/1193 115/1194
f 115/1195 196/1196 197/1197
f 115/1198 197/1199 116/1200
f 116/1201 197/1202 198/1203
f 116/1204 198/1205 117/1206
f 117/1207 198/1208 198/1209
f 117/1210 198/1211 118/1212
f 118/1213 198/1214 199/1215
f 118/1216 199/1217 119/1218
f 119/1219 199/1220 199/1221
f 119/1222 199/1223 120/1224
f 120/1225 199/1226 200/1227
f 120/1228 200/1229 121/1230
f 121/1231 200/1232 201/1233
f 121/1234 201/1235 122/1236
f 122/1237 201/1238 201/1239
f 122/1240 201/1241 123/1242
f 123/1243 201/1244 202/1245
f 123/1246 202/1247 124/1248
f 124/1249 202/1250 202/1251
f 124/1252 202/1253 125/1254
f 125/1255 202/1256 203/1257
f 125/1258 203/1259 126/1260
f 126/1261 203/1262 203/1263
f 126/1264 203/1265 127/1266
f 127/1267 203/1268 204/1269
f 127/1270 204/1271 128/1272
f 128/1273 204/1274 205/1275
f 128/1276 205/1277 129/1278
f 129/1279 205/1280 205/1281
f 129/1282 205/1283 130/1284
f 130/1285 205/1286 206/1287
f 130/1288 206/1289 131/1290
f 131/1291 206/1292 206/1293
f 131/1294 206/1295 132/1296
f 132/1297 206/1298 207/1299
f 132/1300 207/1301 133/1302
f 133/1303 207/1304 208/1305
f 133/1306 208/1307 134/1308
f 134/1309 208/1310 208/1311
f 134/1312 208/1313 135/1314
f 135/1315 208/1316 209/1317
f 135/1318 209/1319 136/1320
f 136/1321 209/1322 209/1323
f 136/1324 209/1325 137/1326
f 137/1327 209/1328 210/1329
f 137/1330 210/1331 138/1332
f 138/1333 210/1334 211/1335
f 138/1336 211/1337 139/1338
f 139/1339 211/1340 212/1341
f 139/1342 212/1343 140/1344
f 140/1345 212/1346 212/1347
f 140/1348 212/1349 141/1350
f 141/1351 212/1352 213/1353
f 141/1354 213/1355 142/1356
f 142/1357 213/1358 213/1359
f 142/1360 213/1361 143/1362
f 143/1363 213/1364 214/1365
f 143/1366 214/1367 144/1368
f 144/1369 214/1370 215/1371
f 144/1372 215/1373 145/1374
f 145/1375 215/1376 215/1377
f 145/1378 215/1379 146/1380
f 146/1381 215/1382 216/1383
f 146/1384 216/1385 147/1386
f 147/1387 216/1388 216/1389
f 147/1390 216/1391 148/1392
f 148/1393 216/1394 217/1395
f 148/1396 217/1397 149/1398
f 149/1399 217/1400 218/1401
f 149/1402 218/1403 150/1404
f 150/1405 218/1406 218/1407
f 150/1408 218/1409 151/1410
f 151/1411 218/1412 219/1413
f 151/1414 219/1415 152/1416
f 152/1417 219/1418 219/1419
f 152/1420 219/1421 153/1422
f 153/1423 219/1424 220/1425
f 153/1426 220/1427 154/1428
f 154/1429 220/1430 220/1431
f 154/1432 220/1433 155/1434
f 155/1435 220/1436 221/1437
f 155/1438 221/1439 156/1440
f 156/1441 221/1442 222/1443
f 156/1444 222/1445 157/1446
f 157/1447 222/1448 222/1449
f 157/1450 222/1451 158/1452
f 158/1453 222/1454 223/1455
f 158/1456 223/1457 159/1458
f 159/1459 223/1460 223/1461
f 159/1462 223/1463 160/1464
f 160/1465 223/1466 224/1467
f 160/1468 224/1469 161/1470
f 161/1471 224/1472 225/1473
f 161/1474 225/1475 162/1476
f 162/1477 225/1478 225/1479
f 162/1480 225/1481 163/1482
f 163/1483 225/1484 226/1485
f 163/1486 226/1487 164/1488
f 164/1489 226/1490 226/1491
f 164/1492 226/1493 165/1494
f 165/1495 226/1496 227/1497
f 165/1498 227/1499 166/1500
f 166/1501 227/1502 228/1503
f 166/1504 228/1505 167/1506
f 167/1507 228/1508 228/1509
f 167/1510 228/1511 168/1512
f 168/1513 228/1514 229/1515
f 168/1516 229/1517 169/1518
f 169/1519 229/1520 229/1521
f 169/1522 229/1523 170/1524
f 170/1525 229/1526 230/1527
f 170/1528 230/1529 171/1530
f 171/1531 230/1532 230/1533
f 171/1534 230/1535 172/1536
f 172/1537 230/1538 231/1539
f 172/1540 231/1541 173/1542
f 173/1543 231/1544 232/1545
f 173/1546 232/1547 174/1548
f 174/1549 232/1550 232/1551
f 174/1552 232/1553 175/1554
f 175/1555 232/1556 233/1557
f 175/1558 233/1559 176/1560
f 176/1561 233/1562 233/1563
f 176/1564 233/1565 177/1566
f 177/1567 233/1568 234/1569
f 177/1570 234/1571 178/1572
f 178/1573 234/1574 235/1575
f 178/1576 235/1577 179/1578
f 179/1579 235/1580 235/1581
f 179/1582 235/1583 180/1584
f 180/1585 235/1586 236/1587
f 180/1588 236/1589 181/1590
f 181/1591 236/1592 236/1593
f 181/1594 236/1595 182/1596
f 182/1597 236/1598 237/1599
f 182/1600 237/1601 183/1602
f 183/1603 237/1604 238/1605
f 183/1606 238/1607 184/1608
f 45/1609 44/1610 239/1611
f 239/1612 44/1613 240/1614
f 239/1615 240/1616 241/1617
f 241/1618 240/1619 242/1620
f 241/1621 242/1622 243/1623
f 243/1624 242/1625 244/1626
f 243/1627 244/1628 245/1629
f 245/1630 244/1631 246/1632
f 245/1633 246/1634 247/1635
f 247/1636 246/1637 248/1638
f 247/1639 248/1640 238/1641
f 238/1642 248/1643 185/1644
f 238/1645 185/1646 184/1647
f 238/1648 237/1649 247/1650
f 247/1651 237/1652 249/1653
f 247/1654 249/1655 245/1656
f 245/1657 249/1658 250/1659
f 245/1660 250/1661 243/1662
f 243/1663 250/1664 251/1665
f 243/1666 251/1667 241/1668
f 241/1669 251/1670 252/1671
f 241/1672 252/1673 239/1674
f 239/1675 252/1676 253/1677
f 239/1678 253/1679 45/1680
f 237/1681 236/1682 249/1683
f 249/1684 236/1685 254/1686
f 249/1687 254/1688 250/1689
f 250/1690 254/1691 255/1692
f 250/1693 255/1694 251/1695
f 251/1696 255/1697 256/1698
f 251/1699 256/1700 252/1701
f 252/1702 256/1703 257/1704
f 252/1705 257/1706 253/1707
f 253/1708 257/1709 258/1710
f 253/1711 258/1712 46/1713
f 46/1714 258/1715 258/1716
f 46/1717 258/1718 47/1719
f 47/1720 258/1721 259/1722
f 47/1723 259/1724 48/1725
f 48/1726 259/1727 260/1728
f 48/1729 260/1730 49/1731
f 49/1732 260/1733 261/1734
f 49/1735 261/1736 50/1737
f 50/1738 261/1739 262/1740
f 50/1741 262/1742 51/1743
f 51/1744 262/1745 263/1746
f 51/1747 263/1748 52/1749
f 52/1750 263/1751 264/1752
f 52/1753 264/1754 53/1755
f 53/1756 264/1757 265/1758
f 53/1759 265/1760 54/1761
f 54/1762 265/1763 266/1764
f 54/1765 266/1766 55/1767
f 55/1768 266/1769 267/1770
f 55/1771 267/1772 56/1773
f 56/1774 267/1775 268/1776
f 56/1777 268/1778 57/1779
f 57/1780 268/1781 269/1782
f 57/1783 269/1784 58/1785
f 58/1786 269/1787 270/1788
f 58/1789 270/1790 59/1791
f 59/1792 270/1793 271/1794
f 59/1795 271/1796 60/1797
f 60/1798 271/1799 272/1800
f 60/1801 272/1802 61/1803
f 61/1804 272/1805 273/1806
f 61/1807 273/1808 62/1809
f 62/1810 273/1811 274/1812
f 62/1813 274/1814 63/1815
f 63/1816 274/1817 275/1818
f 63/1819 275/1820 64/1821
f 64/1822 275/1823 276/1824
f 64/1825 276/1826 65/1827
f 65/1828 276/1829 277/1830
f 65/1831 277/1832 66/1833
f 66/1834 277/1835 278/1836
f 66/1837 278/1838 67/1839
f 67/1840 278/1841 279/1842
f 67/1843 279/1844 68/1845
f 68/1846 279/1847 280/1848
f 68/1849 280/1850 69/1851
f 69/1852 280/1853 281/1854
f 69/1855 281/1856 70/1857
f 70/1858 281/1859 282/1860
f 70/1861 282/1862 71/1863
f 71/1864 282/1865 283/1866
f 71/1867 283/1868 72/1869
f 72/1870 283/1871 284/1872
f 72/1873 284/1874 73/1875
f 73/1876 284/1877 285/1878
f 73/1879 285/1880 74/1881
f 74/1882 285/1883 286/1884
f 74/1885 286/1886 75/1887
f 75/1888 286/1889 287/1890
f 75/1891 287/1892 76/1893
f 76/1894 287/1895 288/1896
f 76/1897 288/1898 77/1899
f 77/1900 288/1901 289/1902
f 77/1903 289/1904 78/1905
f 78/1906 289/1907 290/1908
f 78/1909 290/1910 79/1911
f 79/1912 290/1913 291/1914
f 79/1915 291/1916 80/1917
f 80/1918 291/1919 292/1920
f 80/1921 292/1922 81/1923
f 81/1924 292/1925 293/1926
f 81/1927 293/1928 82/1929
f 82/1930 293/1931 294/1932
f 82/1933 294/1934 83/1935
f 83/1936 294/1937 295/1938
f 83/1939 295/1940 84/1941
f 84/1942 295/1943 296/1944
f 84/1945 296/1946 85/1947
f 85/1948 296/1949 297/1950
f 85/1951 297/1952 86/1953
f 86/1954 297/1955 298/1956
f 86/1957 298/1958 87/1959
f 87/1960 298/1961 299/1962
f 87/1963 299/1964 88/1965
f 88/1966 299/1967 300/1968
f 88/1969 300/1970 89/1971
f 89/1972 300/1973 301/1974
f 89/1975 301/1976 90/1977
f 90/1978 301/1979 302/1980
f 90/1981 302/1982 91/1983
f 91/1984 302/1985 303/1986
f 91/1987 303/1988 92/1989
f 92/1990 303/1991 304/1992
f 92/1993 304/1994 93/1995
f 93/1996 304/1997 305/1998
f 93/1999 305/2000 94/2001
f 94/2002 305/2003 306/2004
f 94/2005 306/2006 40/2007
f 40/2008 306/2009 307/2010
f 40/2011 307/2012 41/2013
f 41/2014 307/2015 308/2016
f 41/2017 308/2018 43/2019
f 43/2020 308/2021 240/2022
f 43/2023 240/2024 44/2025
f 46/2026 45/2027 253/2028
f 240/2029 308/2030 242/2031
f 242/2032 308/2033 309/2034
f 242/2035 309/2036 244/2037
f 244/2038 309/2039 310/2040
f 244/2041 310/2042 246/2043
f 246/2044 310/2045 311/2046
f 246/2047 311/2048 248/2049
f 248/2050 311/2051 312/2052
f 248/2053 312/2054 185/2055
f 185/2056 312/2057 312/2058
f 185/2059 312/2060 186/2061
f 186/2062 312/2063 313/2064
f 186/2065 313/2066 187/2067
f 187/2068 313/2069 314/2070
f 187/2071 314/2072 188/2073
f 188/2074 314/2075 315/2076
f 188/2077 315/2078 189/2079
f 189/2080 315/2081 316/2082
f 189/2083 316/2084 190/2085
f 190/2086 316/2087 317/2088
f 190/2089 317/2090 191/2091
f 191/2092 317/2093 318/2094
f 191/2095 318/2096 192/2097
f 192/2098 318/2099 319/2100
f 192/2101 319/2102 193/2103
f 193/2104 319/2105 320/2106
f 193/2107 320/2108 194/2109
f 194/2110 320/2111 321/2112
f 194/2113 321/2114 195/2115
f 195/2116 321/2117 322/2118
f 195/2119 322/2120 196/2121
f 196/2122 322/2123 323/2124
f 196/2125 323/2126 197/2127
f 197/2128 323/2129 324/2130
f 197/2131 324/2132 198/2133
f 198/2134 324/2135 325/2136
f 198/2137 325/2138 199/2139
f 199/2140 325/2141 326/2142
f 199/2143 326/2144 200/2145
f 200/2146 326/2147 327/2148
f 200/2149 327/2150 201/2151
f 201/2152 327/2153 328/2154
f 201/2155 328/2156 202/2157
f 202/2158 328/2159 329/2160
f 202/2161 329/2162 203/2163
f 203/2164 329/2165 330/2166
f 203/2167 330/2168 204/2169
f 204/2170 330/2171 331/2172
f 204/2173 331/2174 205/2175
f 205/2176 331/2177 332/2178
f 205/2179 332/2180 206/2181
f 206/2182 332/2183 333/2184
f 206/2185 333/2186 207/2187
f 207/2188 333/2189 334/2190
f 207/2191 334/2192 208/2193
f 208/2194 334/2195 335/2196
f 208/2197 335/2198 209/2199
f 209/2200 335/2201 336/2202
f 209/2203 336/2204 210/2205
f 210/2206 336/2207 337/2208
f 210/2209 337/2210 211/2211
f 211/2212 337/2213 338/2214
f 211/2215 338/2216 212/2217
f 212/2218 338/2219 339/2220
f 212/2221 339/2222 213/2223
f 213/2224 339/2225 340/2226
f 213/2227 340/2228 214/2229
f 214/2230 340/2231 341/2232
f 214/2233 341/2234 215/2235
f 215/2236 341/2237 342/2238
f 215/2239 342/2240 216/2241
f 216/2242 342/2243 343/2244
f 216/2245 343/2246 217/2247
f 217/2248 343/2249 344/2250
f 217/2251 344/2252 218/2253
f 218/2254 344/2255 345/2256
f 218/2257 345/2258 219/2259
f 219/2260 345/2261 346/2262
f 219/2263 346/2264 220/2265
f 220/2266 346/2267 347/2268
f 220/2269 347/2270 221/2271
f 221/2272 347/2273 348/2274
f 221/2275 348/2276 222/2277
f 222/2278 348/2279 349/2280
f 222/2281 349/2282 223/2283
f 223/2284 349/2285 350/2286
f 223/2287 350/2288 224/2289
f 224/2290 350/2291 351/2292
f 224/2293 351/2294 225/2295
f 225/2296 351/2297 352/2298
f 225/2299 352/2300 226/2301
f 226/2302 352/2303 353/2304
f 226/2305 353/2306 227/2307
f 227/2308 353/2309 354/2310
f 227/2311 354/2312 228/2313
f 228/2314 354/2315 355/2316
f 228/2317 355/2318 229/2319
f 229/2320 355/2321 356/2322
f 229/2323 356/2324 230/2325
f 230/2326 356/2327 357/2328
f 230/2329 357/2330 231/2331
f 231/2332 357/2333 358/2334
f 231/2335 358/2336 232/2337
f 232/2338 358/2339 359/2340
f 232/2341 359/2342 233/2343
f 233/2344 359/2345 360/2346
f 233/2347 360/2348 234/2349
f 234/2350 360/2351 361/2352
f 234/2353 361/2354 235/2355
f 235/2356 361/2357 254/2358
f 235/2359 254/2360 236/2361
f 254/2362 361/2363 255/2364
f 255/2365 361/2366 362/2367
f 255/2368 362/2369 256/2370
f 256/2371 362/2372 363/2373
f 256/2374 363/2375 257/2376
f 257/2377 363/2378 364/2379
f 257/2380 364/2381 258/2382
f 258/2383 364/2384 364/2385
f 258/2386 364/2387 259/2388
f 259/2389 364/2390 365/2391
f 259/2392 365/2393 260/2394
f 260/2395 365/2396 366/2397
f 260/2398 366/2399 261/2400
f 261/2401 366/2402 367/2403
f 261/2404 367/2405 262/2406
f 262/2407 367/2408 368/2409
f 262/2410 368/2411 263/2412
f 263/2413 368/2414 369/2415
f 263/2416 369/2417 264/2418
f 264/2419 369/2420 370/2421
f 264/2422 370/2423 265/2424
f 265/2425 370/2426 371/2427
f 265/2428 371/2429 266/2430
f 266/2431 371/2432 372/2433
f 266/2434 372/2435 267/2436
f 267/2437 372/2438 373/2439
f 267/2440 373/2441 268/2442
f 268/2443 373/2444 374/2445
f 268/2446 374/2447 269/2448
f 269/2449 374/2450 375/2451
f 269/2452 375/2453 270/2454
f 270/2455 375/2456 376/2457
f 270/2458 376/2459 271/2460
f 271/2461 376/2462 377/2463
f 271/2464 377/2465 272/2466
f 272/2467 377/2468 378/2469
f 272/2470 378/2471 273/2472
f 273/2473 378/2474 379/2475
f 273/2476 379/2477 274/2478
f 274/2479 379/2480 380/2481
f 274/2482 380/2483 275/2484
f 275/2485 380/2486 381/2487
f 275/2488 381/2489 276/2490
f 276/2491 381/2492 382/2493
f 276/2494 382/2495 277/2496
f 277/2497 382/2498 383/2499
f 277/2500 383/2501 278/2502
f 278/2503 383/2504 384/2505
f 278/2506 384/2507 279/2508
f 279/2509 384/2510 385/2511
f 279/2512 385/2513 280/2514
f 280/2515 385/2516 386/2517
f 280/2518 386/2519 281/2520
f 281/2521 386/2522 387/2523
f 281/2524 387/2525 282/2526
f 282/2527 387/2528 388/2529
f 282/2530 388/2531 283/2532
f 283/2533 388/2534 389/2535
f 283/2536 389/2537 284/2538
f 284/2539 389/2540 390/2541
f 284/2542 390/2543 285/2544
f 285/2545 390/2546 391/2547
f 285/2548 391/2549 286/2550
f 286/2551 391/2552 392/2553
f 286/2554 392/2555 287/2556
f 287/2557 392/2558 393/2559
f 287/2560 393/2561 288/2562
f 288/2563 393/2564 394/2565
f 288/2566 394/2567 289/2568
f 289/2569 394/2570 395/2571
f 289/2572 395/2573 290/2574
f 290/2575 395/2576 396/2577
f 290/2578 396/2579 291/2580
f 291/2581 396/2582 397/2583
f 291/2584 397/2585 292/2586
f 292/2587 397/2588 398/2589
f 292/2590 398/2591 293/2592
f 293/2593 398/2594 399/2595
f 293/2596 399/2597 294/2598
f 294/2599 399/2600 400/2601
f 294/2602 400/2603 295/2604
f 295/2605 400/2606 401/2607
f 295/2608 401/2609 296/2610
f 296/2611 401/2612 402/2613
f 296/2614 402/2615 297/2616
f 297/2617 402/2618 403/2619
f 297/2620 403/2621 298/2622
f 298/2623 403/2624 404/2625
f 298/2626 404/2627 299/2628
f 299/2629 404/2630 405/2631
f 299/2632 405/2633 300/2634
f 300/2635 405/2636 406/2637
f 300/2638 406/2639 301/2640
f 301/2641 406/2642 407/2643
f 301/2644 407/2645 302/2646
f 302/2647 407/2648 408/2649
f 302/2650 408/2651 303/2652
f 303/2653 408/2654 409/2655
f 303/2656 409/2657 304/2658
f 304/2659 409/2660 410/2661
f 304/2662 410/2663 305/2664
f 305/2665 410/2666 411/2667
f 305/2668 411/2669 306/2670
f 306/2671 411/2672 412/2673
f 306/2674 412/2675 307/2676
f 307/2677 412/2678 309/2679
f 307/2680 309/2681 308/2682
f 309/2683 412/2684 310/2685
f 310/2686 412/2687 413/2688
f 310/2689 413/2690 311/2691
f 311/2692 413/2693 414/2694
f 311/2695 414/2696 312/2697
f 312/2698 414/2699 414/2700
f 312/2701 414/2702 313/2703
f 313/2704 414/2705 415/2706
f 313/2707 415/2708 314/2709
f 314/2710 415/2711 416/2712
f 314/2713 416/2714 315/2715
f 315/2716 416/2717 417/2718
f 315/2719 417/2720 316/2721
f 316/2722 417/2723 418/2724
f 316/2725 418/2726 317/2727
f 317/2728 418/2729 419/2730
f 317/2731 419/2732 318/2733
f 318/2734 419/2735 420/2736
f 318/2737 420/2738 319/2739
f 319/2740 420/2741 421/2742
f 319/2743 421/2744 320/2745
f 320/2746 421/2747 422/2748
f 320/2749 422/2750 321/2751
f 321/2752 422/2753 423/2754
f 321/2755 423/2756 322/2757
f 322/2758 423/2759 424/2760
f 322/2761 424/2762 323/2763
f 323/2764 424/2765 425/2766
f 323/2767 425/2768 324/2769
f 324/2770 425/2771 426/2772
f 324/2773 426/2774 325/2775
f 325/2776 426/2777 427/2778
f 325/2779 427/2780 326/2781
f 326/2782 427/2783 428/2784
f 326/2785 428/2786 327/2787
f 327/2788 428/2789 429/2790
f 327/2791 429/2792 328/2793
f 328/2794 429/2795 430/2796
f 328/2797 430/2798 329/2799
f 329/2800 430/2801 431/2802
f 329/2803 431/2804 330/2805
f 330/2806 431/2807 432/2808
f 330/2809 432/2810 331/2811
f 331/2812 432/2813 433/2814
f 331/2815 433/2816 332/2817
f 332/2818 433/2819 434/2820
f 332/2821 434/2822 333/2823
f 333/2824 434/2825 435/2826
f 333/2827 435/2828 334/2829
f 334/2830 435/2831 436/2832
f 334/2833 436/2834 335/2835
f 335/2836 436/2837 437/2838
f 335/2839 437/2840 336/2841
f 336/2842 437/2843 438/2844
f 336/2845 438/2846 337/2847
f 337/2848 438/2849 439/2850
f 337/2851 439/2852 338/2853
f 338/2854 439/2855 440/2856
f 338/2857 440/2858 339/2859
f 339/2860 440/2861 441/2862
f 339/2863 441/2864 340/2865
f 340/2866 441/2867 442/2868
f 340/2869 442/2870 341/2871
f 341/2872 442/2873 443/2874
f 341/2875 443/2876 342/2877
f 342/2878 443/2879 444/2880
f 342/2881 444/2882 343/2883
f 343/2884 444/2885 445/2886
f 343/2887 445/2888 344/2889
f 344/2890 445/2891 446/2892
f 344/2893 446/2894 345/2895
f 345/2896 446/2897 447/2898
f 345/2899 447/2900 346/2901
f 346/2902 447/2903 448/2904
f 346/2905 448/2906 347/2907
f 347/2908 448/2909 449/2910
f 347/2911 449/2912 348/2913
f 348/2914 449/2915 450/2916
f 348/2917 450/2918 349/2919
f 349/2920 450/2921 451/2922
f 349/2923 451/2924 350/2925
f 350/2926 451/2927 452/2928
f 350/2929 452/2930 351/2931
f 351/2932 452/2933 453/2934
f 351/2935 453/2936 352/2937
f 352/2938 453/2939 454/2940
f 352/2941 454/2942 353/2943
f 353/2944 454/2945 455/2946
f 353/2947 455/2948 354/2949
f 354/2950 455/2951 456/2952
f 354/2953 456/2954 355/2955
f 355/2956 456/2957 457/2958
f 355/2959 457/2960 356/2961
f 356/2962 457/2963 458/2964
f 356/2965 458/2966 357/2967
f 357/2968 458/2969 459/2970
f 357/2971 459/2972 358/2973
f 358/2974 459/2975 460/2976
f 358/2977 460/2978 359/2979
f 359/2980 460/2981 461/2982
f 359/2983 461/2984 360/2985
f 360/2986 461/2987 362/2988
f 360/2989 362/2990 361/2991
f 362/2992 461/2993 363/2994
f 363/2995 461/2996 462/2997
f 363/2998 462/2999 364/3000
f 364/3001 462/3002 462/3003
f 364/3004 462/3005 365/3006
f 365/3007 462/3008 463/3009
f 365/3010 463/3011 366/3012
f 366/3013 463/3014 464/3015
f 366/3016 464/3017 367/3018
f 367/3019 464/3020 465/3021
f 367/3022 465/3023 368/3024
f 368/3025 465/3026 466/3027
f 368/3028 466/3029 369/3030
f 369/3031 466/3032 467/3033
f 369/3034 467/3035 370/3036
f 370/3037 467/3038 468/3039
f 370/3040 468/3041 371/3042
f 371/3043 468/3044 469/3045
f 371/3046 469/3047 372/3048
f 372/3049 469/3050 470/3051
f 372/3052 470/3053 373/3054
f 373/3055 470/3056 471/3057
f 373/3058 471/3059 374/3060
f 374/3061 471/3062 472/3063
f 374/3064 472/3065 375/3066
f 375/3067 472/3068 473/3069
f 375/3070 473/3071 376/3072
f 376/3073 473/3074 474/3075
f 376/3076 474/3077 377/3078
f 377/3079 474/3080 475/3081
f 377/3082 475/3083 378/3084
f 378/3085 475/3086 476/3087
f 378/3088 476/3089 379/3090
f 379/3091 476/3092 477/3093
f 379/3094 477/3095 380/3096
f 380/3097 477/3098 478/3099
f 380/3100 478/3101 381/3102
f 381/3103 478/3104 479/3105
f 381/3106 479/3107 382/3108
f 382/3109 479/3110 480/3111
f 382/3112 480/3113 383/3114
f 383/3115 480/3116 481/3117
f 383/3118 481/3119 384/3120
f 384/3121 481/3122 482/3123
f 384/3124 482/3125 385/3126
f 385/3127 482/3128 483/3129
f 385/3130 483/3131 386/3132
f 386/3133 483/3134 484/3135
f 386/3136 484/3137 387/3138
f 387/3139 484/3140 485/3141
f 387/3142 485/3143 388/3144
f 388/3145 485/3146 486/3147
f 388/3148 486/3149 389/3150
f 389/3151 486/3152 487/3153
f 389/3154 487/3155 390/3156
f 390/3157 487/3158 488/3159
f 390/3160 488/3161 391/3162
f 391/3163 488/3164 489/3165
f 391/3166 489/3167 392/3168
f 392/3169 489/3170 490/3171
f 392/3172 490/3173 393/3174
f 393/3175 490/3176 491/3177
f 393/3178 491/3179 394/3180
f 394/3181 491/3182 492/3183
f 394/3184 492/3185 395/3186
f 395/3187 492/3188 493/3189
f 395/3190 493/3191 396/3192
f 396/3193 493/3194 494/3195
f 396/3196 494/3197 397/3198
f 397/3199 494/3200 495/3201
f 397/3202 495/3203 398/3204
f 398/3205 495/3206 496/3207
f 398/3208 496/3209 399/3210
f 399/3211 496/3212 497/3213
f 399/3214 497/3215 400/3216
f 400/3217 497/3218 498/3219
f 400/3220 498/3221 401/3222
f 401/3223 498/3224 499/3225
f 401/3226 499/3227 402/3228
f 402/3229 499/3230 500/3231
f 402/3232 500/3233 403/3234
f 403/3235 500/3236 501/3237
f 403/3238 501/3239 404/3240
f 404/3241 501/3242 502/3243
f 404/3244 502/3245 405/3246
f 405/3247 502/3248 503/3249
f 405/3250 503/3251 406/3252
f 406/3253 503/3254 504/3255
f 406/3256 504/3257 407/3258
f 407/3259 504/3260 505/3261
f 407/3262 505/3263 408/3264
f 408/3265 505/3266 506/3267
f 408/3268 506/3269 409/3270
f 409/3271 506/3272 507/3273
f 409/3274 507/3275 410/3276
f 410/3277 507/3278 508/3279
f 410/3280 508/3281 411/3282
f 411/3283 508/3284 413/3285
f 411/3286 413/3287 412/3288
f 413/3289 508/3290 414/3291
f 414/3292 508/3293 508/3294
f 414/3295 508/3296 415/3297
f 415/3298 508/3299 507/3300
f 415/3301 507/3302 416/3303
f 416/3304 507/3305 506/3306
f 416/3307 506/3308 417/3309
f 417/3310 506/3311 505/3312
f 417/3313 505/3314 418/3315
f 418/3316 505/3317 504/3318
f 418/3319 504/3320 419/3321
f 419/3322 504/3323 503/3324
f 419/3325 503/3326 420/3327
f 420/3328 503/3329 502/3330
f 420/3331 502/3332 421/3333
f 421/3334 502/3335 501/3336
f 421/3337 501/3338 422/3339
f 422/3340 501/3341 500/3342
f 422/3343 500/3344 423/3345
f 423/3346 500/3347 499/3348
f 423/3349 499/3350 424/3351
f 424/3352 499/3353 498/3354
f 424/3355 498/3356 425/3357
f 425/3358 498/3359 497/3360
f 425/3361 497/3362 426/3363
f 426/3364 497/3365 496/3366
f 426/3367 496/3368 427/3369
f 427/3370 496/3371 495/3372
f 427/3373 495/3374 428/3375
f 428/3376 495/3377 494/3378
f 428/3379 494/3380 429/3381
f 429/3382 494/3383 493/3384
f 429/3385 493/3386 430/3387
f 430/3388 493/3389 492/3390
f 430/3391 492/3392 431/3393
f 431/3394 492/3395 491/3396
f 431/3397 491/3398 432/3399
f 432/3400 491/3401 490/3402
f 432/3403 490/3404 433/3405
f 433/3406 490/3407 489/3408
f 433/3409 489/3410 434/3411
f 434/3412 489/3413 488/3414
f 434/3415 488/3416 435/3417
f 435/3418 488/3419 487/3420
f 435/3421 487/3422 436/3423
f 436/3424 487/3425 486/3426
f 436/3427 486/3428 437/3429
f 437/3430 486/3431 485/3432
f 437/3433 485/3434 438/3435
f 438/3436 485/3437 484/3438
f 438/3439 484/3440 439/3441
f 439/3442 484/3443 483/3444
f 439/3445 483/3446 440/3447
f 440/3448 483/3449 482/3450
f 440/3451 482/3452 441/3453
f 441/3454 482/3455 481/3456
f 441/3457 481/3458 442/3459
f 442/3460 481/3461 480/3462
f 442/3463 480/3464 443/3465
f 443/3466 480/3467 479/3468
f 443/3469 479/3470 444/3471
f 444/3472 479/3473 478/3474
f 444/3475 478/3476 445/3477
f 445/3478 478/3479 477/3480
f 445/3481 477/3482 446/3483
f 446/3484 477/3485 476/3486
f 446/3487 476/3488 447/3489
f 447/3490 476/3491 475/3492
f 447/3493 475/3494 448/3495
f 448/3496 475/3497 474/3498
f 448/3499 474/3500 449/3501
f 449/3502 474/3503 473/3504
f 449/3505 473/3506 450/3507
f 450/3508 473/3509 472/3510
f 450/3511 472/3512 451/3513
f 451/3514 472/3515 471/3516
f 451/3517 471/3518 452/3519
f 452/3520 471/3521 470/3522
f 452/3523 470/3524 453/3525
f 453/3526 470/3527 469/3528
f 453/3529 469/3530 454/3531
f 454/3532 469/3533 468/3534
f 454/3535 468/3536 455/3537
f 455/3538 468/3539 467/3540
f 455/3541 467/3542 456/3543
f 456/3544 467/3545 466/3546
f 456/3547 466/3548 457/3549
f 457/3550 466/3551 465/3552
f 457/3553 465/3554 458/3555
f 458/3556 465/3557 464/3558
f 458/3559 464/3560 459/3561
f 459/3562 464/3563 463/3564
f 459/3565 463/3566 460/3567
f 460/3568 463/3569 462/3570
f 460/3571 462/3572 461/3573
