# Exported from USD for MuJoCo with source material subsets
v -14.9665641 2.54629343 0.936648721
v -14.8539972 2.54628247 0.93664881
v -14.9734873 2.5462827 0.954498405
v -14.9821922 2.5462827 0.971123272
v -14.9926788 2.5462827 0.986523295
v -15.0049472 2.5462827 1.00069841
v -14.8539973 2.54628247 1.15664885
v -15.0189973 2.54629367 1.01364873
v -15.0546316 2.5462827 1.03155486
v -15.0911688 2.5462827 1.04711198
v -15.1286092 2.5462827 1.0603201
v -15.1669525 2.5462827 1.07117924
v -15.2061988 2.5462827 1.07968924
v -14.855169 2.54628247 1.17266032
v -15.2454083 2.5462827 1.08699931
v -14.8586588 2.54628247 1.18833024
v -14.864392 2.54628247 1.20332377
v -14.9930092 2.5462827 1.27606669
v -14.8722451 2.54628247 1.21732158
v -14.8820499 2.54628247 1.23002556
v -14.8935959 2.5462827 1.24116557
v -14.9360576 2.5462827 1.26304143
v -14.9066359 2.5462827 1.2505059
v -14.9208687 2.5462827 1.25784123
v -15.2849838 2.5462827 1.09261687
v -15.0496994 2.5462827 1.28784209
v -15.1061285 2.5462827 1.29836735
v -15.3246963 2.5462827 1.09682194
v -15.1623596 2.5462827 1.3080457
v -15.3643166 2.5462827 1.09989482
v -15.2183552 2.5462827 1.31663762
v -15.4039973 2.54629391 1.10164873
v -15.2739903 2.5462827 1.32334929
v -15.3292651 2.5462827 1.32818058
v -15.3841148 2.54628294 1.3315988
v -15.4463766 2.54628294 1.10198027
v -15.4386398 2.54628294 1.33287785
v -15.4928619 2.54628294 1.3318593
v -15.5467554 2.54628294 1.32859086
v -15.6002884 2.54628294 1.32313139
v -15.4885226 2.54628294 1.1000131
v -15.6535945 2.54628294 1.31523405
v -15.7066737 2.54628318 1.30489873
v -15.759526 2.54628318 1.29212565
v -15.530435 2.54628294 1.09574687
v -15.8121513 2.54628318 1.27691447
v -15.8645498 2.54628318 1.25926542
v -15.944258 2.54628318 1.20189592
v -15.936877 2.54628318 1.21558159
v -15.9276366 2.54628318 1.22809367
v -15.9167214 2.54628318 1.23917863
v -15.572114 2.54628294 1.0891818
v -15.9496337 2.54628318 1.18731364
v -15.952897 2.54628318 1.17216643
v -15.9539974 2.54628318 1.15664848
v -15.6135597 2.54628294 1.08031767
v -15.6545859 2.54628294 1.06990911
v -15.6951464 2.54628318 1.05814482
v -15.7353061 2.54629391 1.04476065
v -15.7558201 2.54628318 1.03826922
v -15.7744464 2.54628318 1.02977128
v -15.7911851 2.54628318 1.01926682
v -15.8060362 2.54628318 1.00675603
v -15.9539973 2.54628318 0.936648423
v -15.8189996 2.54628318 0.992238814
v -15.8300754 2.54628318 0.975715125
v -15.8392636 2.54628318 0.957185054
v -15.8465641 2.54629415 0.936648482
v -15.9539963 4.08628338 0.936648423
v -15.9770342 4.08507174 0.936648423
v -15.9539964 4.08628338 1.15664848
v -15.9770343 4.08507174 1.15664848
v -15.9996955 4.08148258 0.936648423
v -15.9997874 4.08146017 1.15664848
v -16.0219801 4.07551544 0.936648423
v -16.0219801 4.07551544 1.15664848
v -16.0434289 4.06728047 0.936648423
v -16.0435162 4.0672447 1.15664848
v -16.0639591 4.0568282 0.936648423
v -16.0640397 4.0567786 1.15664848
v -16.0833091 4.0442664 0.936648423
v -16.0833092 4.0442664 1.15664848
v -16.1011634 4.02980726 0.936648423
v -16.1012353 4.02974528 1.15664848
v -16.1174589 4.01352184 0.936648423
v -16.1175203 4.01345032 1.15664848
v -16.1319801 3.99559563 0.936648423
v -16.1319802 3.99559563 1.15664848
v -16.1444922 3.97632616 0.936648423
v -16.1445416 3.97624605 1.15664848
v -16.1549578 3.95580261 0.936648423
v -16.154994 3.95571583 1.15664848
v -16.1632289 3.93426626 0.936648363
v -16.1632289 3.93426626 1.15664848
v -16.169174 3.91207426 0.936648363
v -16.169196 3.91198223 1.15664848
v -16.1727853 3.88932102 0.936648363
v -16.1727853 3.88932102 1.15664848
v -16.1739964 3.86628359 0.936648363
v -16.1739965 3.86628359 1.15664848
v -15.8465632 4.08627241 0.936648482
v -15.8392627 4.0862829 0.957185054
v -15.8300745 4.0862829 0.975715125
v -15.8189987 4.0862829 0.992238814
v -15.8060352 4.0862829 1.00675603
v -15.7911842 4.0862829 1.01926682
v -15.7744455 4.0862829 1.02977128
v -15.7558191 4.0862829 1.03826922
v -15.7353051 4.08627194 1.04476065
v -15.6951454 4.0862829 1.05814482
v -15.6545849 4.0862829 1.06990911
v -15.6136237 4.0862829 1.0800535
v -15.5722618 4.0862829 1.08857817
v -15.952896 4.08628338 1.17216643
v -15.9496177 4.08628338 1.18737126
v -15.9442295 4.08628338 1.20195707
v -15.5304991 4.0862829 1.09548284
v -15.8645488 4.0862829 1.25926542
v -15.8121504 4.0862829 1.27691447
v -15.759525 4.0862829 1.29212565
v -15.4885216 4.0862829 1.1000131
v -15.7067213 4.0862829 1.30480901
v -15.6537105 4.0862829 1.31501811
v -15.4463757 4.0862829 1.10198027
v -15.6003969 4.0862829 1.32292949
v -15.5467803 4.0862829 1.32854326
v -15.4929254 4.0862829 1.33139201
v -15.438732 4.0862829 1.33220183
v -15.3841782 4.0862829 1.33113139
v -15.4039964 4.08627194 1.10164873
v -15.3292303 4.0862829 1.32796623
v -15.2738466 4.0862829 1.32244182
v -15.3643156 4.0862829 1.09989482
v -15.2182015 4.0862829 1.31566704
v -15.1622952 4.08628243 1.30764225
v -15.3246953 4.0862829 1.09682194
v -15.1061276 4.08628243 1.29836735
v -15.2851356 4.0862829 1.09243009
v -15.0496986 4.08628243 1.28784209
v -14.9930083 4.08628243 1.27606669
v -15.2456365 4.0862829 1.08671928
v -14.8643695 4.08628243 1.20327434
v -14.8586478 4.08628243 1.18828947
v -14.8551681 4.08628243 1.17266032
v -15.2061979 4.0862829 1.07968924
v -14.8539964 4.08628243 1.15664885
v -15.1673543 4.08628243 1.07068681
v -15.1288767 4.08628243 1.05999188
v -15.091168 4.08628243 1.04711198
v -15.0546307 4.08628243 1.03155486
v -15.0189964 4.08627146 1.01364873
v -15.0049463 4.08628243 1.00069841
v -14.8539963 4.08628243 0.93664881
v -14.9926779 4.08628243 0.986523295
v -14.9821913 4.08628243 0.971123272
v -14.9734864 4.08628243 0.954498405
v -14.9665632 4.08627146 0.936648721
v -14.8722117 4.08628243 1.21727128
v -14.8820086 4.08628243 1.22998124
v -14.8935525 4.08628243 1.24113225
v -14.9360567 4.08628243 1.26304143
v -14.9065983 4.08628243 1.25048564
v -14.9208678 4.08628243 1.25784123
v -15.9368428 4.08628338 1.21563102
v -15.9276356 4.08628338 1.22809367
v -15.9167204 4.08628338 1.23917863
v -14.6339964 3.86628264 0.93664884
v -14.6352076 3.88931959 0.93664884
v -14.6339965 3.86628264 1.15664885
v -14.6352077 3.88931959 1.15664885
v -14.6387968 3.91198128 0.93664884
v -14.6387969 3.91198128 1.15664885
v -14.6447639 3.93426531 0.93664884
v -14.644764 3.93426531 1.15664885
v -14.6529987 3.95571488 0.93664881
v -14.6529988 3.95571488 1.15664885
v -14.6634512 3.9762451 0.93664881
v -14.6634512 3.9762451 1.15664885
v -14.6760126 3.99559468 0.93664881
v -14.6760127 3.99559468 1.15664885
v -14.6904725 4.01344937 0.93664881
v -14.6904725 4.01344937 1.15664885
v -14.7067574 4.0297448 0.93664881
v -14.7067575 4.0297448 1.15664885
v -14.7246836 4.04426592 0.93664881
v -14.7246837 4.04426592 1.15664885
v -14.7439529 4.0567786 0.93664881
v -14.743953 4.0567786 1.15664885
v -14.7644765 4.06724375 0.93664881
v -14.7644766 4.06724375 1.15664885
v -14.7860126 4.07551449 0.93664881
v -14.7860127 4.07551449 1.15664885
v -14.8082053 4.08146017 0.93664881
v -14.8082054 4.08146017 1.15664885
v -14.8309585 4.08507126 0.93664881
v -14.8309585 4.08507126 1.15664885
v -14.6339972 2.76628249 1.15664885
v -14.6339971 2.76628249 0.93664884
v -14.8847436 3.86628264 1.47699063
v -14.8565793 3.86628264 1.46867132
v -14.8850243 3.88936632 1.47580705
v -14.8339661 3.90069788 1.45700164
v -14.8858613 3.91216057 1.47227825
v -14.837168 3.93426626 1.44960588
v -14.8872377 3.93437403 1.4664793
v -14.88915 3.9558975 1.45842362
v -14.8424166 3.96616047 1.43748222
v -14.8915671 3.97638863 1.44824907
v -14.8495828 3.99559563 1.42092923
v -14.8944588 3.99562615 1.43608793
v -14.8978181 4.01353424 1.42197319
v -14.8584902 4.02184551 1.40035429
v -14.9015999 4.02982825 1.4061038
v -14.8689194 4.04426592 1.37626433
v -14.9057509 4.04430121 1.38871562
v -14.9102551 4.05686253 1.36987809
v -14.8806136 4.06230372 1.34925212
v -14.9150274 4.06728762 1.34996562
v -14.8932849 4.07551449 1.3199832
v -14.9200278 4.07549923 1.32916667
v -14.9252498 4.08147019 1.30751323
v -14.9066212 4.08357351 1.2891779
v -14.9305927 4.08506506 1.28547148
v -14.885507 4.08357351 1.27787285
v -14.8665515 4.08357351 1.26323381
v -14.8502762 4.08357351 1.24566325
v -14.8371285 4.08357351 1.22564433
v -14.8274702 4.08357351 1.20372783
v -14.8215668 4.08357351 1.18051652
v -14.7884603 4.07551449 1.1860645
v -14.7570047 4.06230372 1.19133562
v -14.7279747 4.04426592 1.19620036
v -14.702085 4.02184551 1.20053886
v -14.679973 3.99559468 1.20424431
v -14.6621835 3.96616047 1.20722539
v -14.6491541 3.93426531 1.20940874
v -14.641206 3.90069788 1.21074077
v -14.6353025 3.86628264 1.18591862
v -14.6391655 3.86628264 1.2148073
v -14.6455952 3.86628264 1.24335393
v -14.6545847 3.90069788 1.26334489
v -14.6544998 3.86628264 1.2711386
v -14.6658418 3.86628264 1.29807621
v -14.6764736 3.90069788 1.31301457
v -14.6795171 3.86628264 1.32388127
v -14.6954085 3.86628264 1.34837553
v -14.7062703 3.90069788 1.35838347
v -14.7134322 3.86628264 1.37138676
v -14.7333707 3.86628264 1.39268034
v -14.7431555 3.90069788 1.39820402
v -14.7551827 3.86628264 1.41217119
v -14.7861147 3.90069788 1.43138091
v -14.7785409 3.86628264 1.42960637
v -14.8034611 3.86628264 1.4449605
v -14.8295075 3.86628264 1.45800016
v -14.6622035 3.93426531 1.2607177
v -14.6835533 3.93426531 1.30916435
v -14.7126164 3.93426626 1.35341606
v -14.7485934 3.93426626 1.39225615
v -14.7904947 3.93426626 1.42461612
v -14.7976748 3.96616047 1.41352666
v -14.8074782 3.99559563 1.39838553
v -14.8196635 4.02184551 1.37956573
v -14.8339307 4.04426592 1.35753056
v -14.8499284 4.06230372 1.33282267
v -14.8672628 4.07551449 1.30605046
v -14.8439013 4.07551449 1.28800847
v -14.8238429 4.07551449 1.26635368
v -14.8076391 4.07551449 1.24168168
v -14.7957358 4.07551449 1.21467106
v -14.765584 4.06230372 1.2250684
v -14.7377571 4.04426592 1.23466411
v -14.7129405 4.02184551 1.24322172
v -14.6917451 3.99559468 1.25053081
v -14.6746927 3.96616047 1.25641093
v -14.695159 3.96616047 1.30285258
v -14.7230195 3.96616047 1.34527324
v -14.7575075 3.96616047 1.3825059
v -14.7696785 3.99559468 1.36919328
v -14.7848065 4.02184551 1.35264617
v -14.8025193 4.04426592 1.33327189
v -14.8223806 4.06230372 1.31154777
v -14.7987277 4.06230372 1.28601262
v -14.7796203 4.06230372 1.25691935
v -14.753762 4.04426592 1.2709821
v -14.730701 4.02184551 1.28352348
v -14.711005 3.99559468 1.29423491
v -14.7372231 3.99559468 1.3341552
v -14.754878 4.02184551 1.32033586
v -14.7755492 4.04426592 1.30415544
v -14.9393915 3.86628264 1.4896973
v -14.9945211 3.86628264 1.50135636
v -15.106671 3.90069836 1.51884671
v -15.050065 3.86628264 1.51195269
v -15.1060231 3.86628264 1.52148589
v -15.1623956 3.86628264 1.52995645
v -15.2191822 3.86628264 1.53736406
v -15.33458 3.90069836 1.54632109
v -15.2763831 3.86628264 1.54370877
v -15.3339984 3.86628264 1.54899063
v -15.3917781 3.86628264 1.55136966
v -15.4498699 3.86628264 1.55193328
v -15.5673923 3.90069836 1.54490604
v -15.5082753 3.86628264 1.55069255
v -15.5669942 3.86628264 1.54764714
v -15.625191 3.86628264 1.54149222
v -15.683356 3.86628264 1.5329931
v -15.7997627 3.90069836 1.50616887
v -15.7414961 3.86628264 1.52216106
v -15.7996115 3.86628264 1.50899615
v -15.8568044 3.86628264 1.49332916
v -15.9135974 3.86628359 1.47525896
v -16.0254279 3.88948219 1.43082611
v -15.9700006 3.86628359 1.45478703
v -16.0260142 3.86628359 1.43191362
v -16.0236919 3.91229027 1.42761307
v -15.7977823 3.93426626 1.49835699
v -16.020805 3.93470782 1.42227275
v -16.0168155 3.95626753 1.41491167
v -15.7945359 3.96616047 1.48555108
v -16.0117451 3.97688263 1.40557867
v -15.7901035 3.99559563 1.46806633
v -16.0056415 3.99628561 1.3943798
v -15.9985946 4.01415556 1.38151895
v -15.7845941 4.02184647 1.44633354
v -15.9906362 4.03043049 1.36706913
v -15.7781434 4.0442664 1.42088773
v -15.9818457 4.04489201 1.35121196
v -15.9723448 4.05731457 1.33423662
v -15.7709104 4.06230419 1.39235539
v -15.9621697 4.06766432 1.31623478
v -15.7630729 4.07551497 1.36143925
v -15.9514197 4.07580059 1.29744914
v -15.940227 4.08161944 1.27823771
v -15.7548241 4.08357447 1.32890044
v -15.9286266 4.08512562 1.25871355
v -15.5523538 4.08357447 1.3626497
v -15.3464064 4.08357447 1.36382806
v -15.1370877 4.08357351 1.33851811
v -15.1315045 4.07551449 1.3716187
v -15.1261997 4.06230372 1.40306866
v -15.121304 4.04426592 1.43209344
v -15.1169378 4.02184551 1.45797868
v -15.1132088 3.99559563 1.48008659
v -15.1102087 3.96616047 1.49787297
v -15.1080114 3.93426626 1.51090007
v -15.3442355 4.07551497 1.39732597
v -15.342173 4.06230419 1.42915336
v -15.3402694 4.04426592 1.45852667
v -15.3385718 4.02184647 1.48472246
v -15.3371219 3.99559563 1.50709575
v -15.3359554 3.96616047 1.52509576
v -15.3351011 3.93426626 1.53827896
v -15.5667295 3.93426626 1.53687444
v -15.5656431 3.96616047 1.52370804
v -15.5641599 3.99559563 1.50573161
v -15.5623162 4.02184647 1.48338714
v -15.5601575 4.0442664 1.45722539
v -15.557737 4.06230419 1.42789018
v -15.5551142 4.07551497 1.39610405
v -14.9305936 2.54750007 1.28547148
v -15.1371239 2.54899114 1.33852409
v -15.3464943 2.54899138 1.36383366
v -15.5524912 2.54899162 1.36263835
v -15.7550098 2.54899162 1.32885356
v -15.9286275 2.5474407 1.25871355
v -15.9401939 2.5509352 1.27813713
v -15.7632634 2.55705088 1.36139105
v -15.9514207 2.55676597 1.29744914
v -15.9621376 2.56487172 1.31614702
v -15.7711056 2.57026165 1.3923062
v -15.9723126 2.57520455 1.33415581
v -15.778343 2.58829945 1.42083746
v -15.9818466 2.58767431 1.35121196
v -15.9906075 2.60207623 1.36699919
v -15.7847975 2.61071962 1.44628228
v -15.998569 2.61833828 1.38145843
v -15.7903102 2.63697046 1.46801432
v -16.0056424 2.6362819 1.39438006
v -16.0117252 2.65560311 1.40553153
v -15.7947452 2.66640537 1.48549809
v -16.0168009 2.67621034 1.41487713
v -15.7979935 2.69829934 1.49830362
v -16.0208057 2.6978566 1.42227226
v -16.0236832 2.72018522 1.42759184
v -15.799975 2.73186773 1.50611516
v -16.0254293 2.74309033 1.43082684
v -15.9073316 2.76628321 1.47723868
v -15.9667357 2.76628321 1.45591325
v -16.0260151 2.76628321 1.43191423
v -15.8478018 2.76628321 1.49588799
v -15.788137 2.76628321 1.51179471
v -15.7283247 2.76628297 1.52486929
v -15.5675492 2.73186749 1.54489311
v -15.6684127 2.76628297 1.53545331
v -15.6084008 2.76628297 1.54354679
v -15.5482447 2.76628297 1.5488311
v -15.4879679 2.76628297 1.55147501
v -15.3346774 2.73186725 1.54632729
v -15.4276566 2.76628297 1.55209684
v -15.3673109 2.76628273 1.55069658
v -15.3068353 2.76628273 1.54658964
v -15.2463412 2.76628273 1.54057463
v -15.1067093 2.73186725 1.51885306
v -15.1859122 2.76628273 1.53325039
v -15.1255484 2.76628273 1.52461686
v -15.0652497 2.76628273 1.51467412
v -15.0050161 2.76628273 1.50342231
v -14.885025 2.74319881 1.47580705
v -14.9448475 2.76628249 1.49086114
v -14.8847442 2.76628249 1.47699063
v -14.8858564 2.72050136 1.47230327
v -15.1080497 2.6982991 1.5109063
v -14.8872385 2.69819062 1.4664793
v -14.8891426 2.67675036 1.45846
v -15.1102468 2.6664049 1.49787932
v -14.891558 2.65625041 1.44829313
v -15.1132467 2.63696998 1.48009282
v -14.8944597 2.63693898 1.43608793
v -14.8978065 2.6191017 1.42202873
v -15.1169755 2.61071938 1.45798478
v -14.901583 2.60280579 1.40618242
v -15.1213414 2.58829921 1.43209965
v -14.9057518 2.58826369 1.38871562
v -14.9102363 2.57575267 1.3699655
v -15.1262367 2.57026118 1.40307475
v -14.915015 2.5653035 1.35002849
v -15.1315412 2.5570504 1.37162481
v -14.9200288 2.55706614 1.32916667
v -14.9252306 2.55112212 1.30760637
v -15.3351982 2.6982991 1.53828519
v -15.3360518 2.6664049 1.52510186
v -15.3372174 2.63697022 1.50710186
v -15.3386661 2.61071938 1.48472845
v -15.3403623 2.58829921 1.45853251
v -15.3422643 2.57026141 1.42915922
v -15.3443252 2.5570504 1.39733171
v -15.5552553 2.55705064 1.39609257
v -15.5578815 2.57026141 1.42787834
v -15.5603051 2.58829945 1.45721331
v -15.5624666 2.61071938 1.4833748
v -15.5643127 2.63697022 1.50571891
v -15.5657979 2.6664049 1.52369549
v -15.5668857 2.69829934 1.53686162
v -14.9066221 2.54899114 1.2891779
v -14.8932858 2.55705016 1.3199832
v -14.8806145 2.57026118 1.34925212
v -14.8689203 2.58829873 1.37626433
v -14.8584911 2.61071938 1.40035429
v -14.8495836 2.63696974 1.42092923
v -14.8424174 2.66640466 1.43748222
v -14.8371688 2.69829887 1.44960588
v -14.8339669 2.73186701 1.45700164
v -14.8566403 2.76628249 1.46869194
v -14.8295621 2.76628249 1.45802421
v -14.8035096 2.76628249 1.44498698
v -14.7861154 2.73186701 1.43138091
v -14.7785829 2.76628249 1.42963445
v -14.7552187 2.76628249 1.4122
v -14.7431562 2.73186701 1.39820402
v -14.7334005 2.76628249 1.39270877
v -14.7134567 2.76628249 1.3714146
v -14.7062711 2.73186701 1.35838347
v -14.6954278 2.76628249 1.34840153
v -14.6795316 2.76628249 1.32390495
v -14.6764743 2.73186701 1.31301457
v -14.6658523 2.76628249 1.29809672
v -14.6545854 2.73186677 1.26334489
v -14.6545069 2.76628249 1.27115581
v -14.6455995 2.76628249 1.24336711
v -14.6412067 2.73186677 1.21074077
v -14.6391677 2.76628249 1.21481633
v -14.6353036 2.76628249 1.18592326
v -14.6352084 2.74324458 1.15664885
v -14.6388197 2.72049134 1.15664885
v -14.649155 2.69829887 1.20940874
v -14.6447648 2.69829887 1.15664885
v -14.6530359 2.67676275 1.15664885
v -14.6621842 2.66640466 1.20722539
v -14.6635014 2.65623921 1.15664885
v -14.6799738 2.63696974 1.20424431
v -14.6760135 2.63696974 1.15664885
v -14.6905348 2.61904329 1.15664885
v -14.7020859 2.6107189 1.20053886
v -14.7068303 2.60275882 1.15664885
v -14.7279756 2.58829873 1.19620036
v -14.7246846 2.58829873 1.15664885
v -14.7440345 2.57573741 1.15664885
v -14.7570056 2.57026094 1.19133562
v -14.7645648 2.5652849 1.15664885
v -14.7884612 2.55705016 1.1860645
v -14.7860136 2.55705016 1.15664885
v -14.8082981 2.55108302 1.15664885
v -14.8215677 2.54899114 1.18051652
v -14.8309594 2.54749387 1.15664885
v -14.8274711 2.54899114 1.20372783
v -14.8371294 2.54899114 1.22564433
v -14.8502771 2.54899114 1.24566325
v -14.8665524 2.54899114 1.26323381
v -14.885508 2.54899114 1.27787285
v -14.7957367 2.55705016 1.21467106
v -14.80764 2.55705016 1.24168168
v -14.8238438 2.55705016 1.26635368
v -14.8439023 2.55705016 1.28800847
v -14.8672637 2.55705016 1.30605046
v -14.8499293 2.57026094 1.33282267
v -14.8339316 2.58829873 1.35753056
v -14.8196644 2.61071938 1.37956573
v -14.807479 2.63696974 1.39838553
v -14.7976756 2.66640466 1.41352666
v -14.7904954 2.69829887 1.42461612
v -14.7485942 2.69829887 1.39225615
v -14.7126171 2.69829887 1.35341606
v -14.6835541 2.69829887 1.30916435
v -14.6622043 2.69829887 1.2607177
v -14.6746935 2.66640466 1.25641093
v -14.6917459 2.63696974 1.25053056
v -14.7129415 2.6107189 1.24322172
v -14.737758 2.58829873 1.23466411
v -14.7655849 2.57026094 1.2250684
v -14.7796212 2.57026094 1.25691935
v -14.7987287 2.57026094 1.28601262
v -14.8223815 2.57026094 1.31154777
v -14.8025203 2.58829873 1.33327189
v -14.7848075 2.6107189 1.35264617
v -14.7696793 2.63696974 1.36919328
v -14.7575083 2.66640466 1.38250578
v -14.7230203 2.66640466 1.34527324
v -14.6951598 2.66640466 1.30285258
v -14.7110059 2.63696974 1.29423491
v -14.7307019 2.6107189 1.28352348
v -14.7537629 2.58829873 1.2709821
v -14.7755501 2.58829873 1.30415544
v -14.7548789 2.6107189 1.32033586
v -14.7372239 2.63696974 1.3341552
v -16.1739967 3.43183058 1.15664848
v -16.1720848 3.4323427 1.18558964
v -16.1726574 3.86628359 1.18629252
v -16.1682823 3.43336123 1.21426225
v -16.1687056 3.86628359 1.21550322
v -16.162589 3.43488758 1.24266594
v -16.162141 3.86628359 1.24428032
v -16.1532394 3.43739193 1.27001274
v -16.1530021 3.86628359 1.2724716
v -16.1427375 3.44020622 1.29684489
v -16.1413979 3.86628359 1.29964335
v -16.1293554 3.44379204 1.32239055
v -16.1273885 3.86628359 1.32572734
v -16.1284683 3.44395655 1.32390873
v -16.1275693 3.44397324 1.32542827
v -16.1266649 3.44383162 1.32693864
v -16.1257642 3.443515 1.32842497
v -16.1248792 3.44300574 1.32986833
v -16.1240302 3.44228237 1.33123723
v -16.1232443 3.44132059 1.33249162
v -16.1225604 3.44010609 1.33357304
v -16.1220293 3.43864792 1.33440654
v -16.1217099 3.43699282 1.33490519
v -16.1215863 3.43524855 1.33509746
v -16.1111044 3.86628359 1.35042424
v -16.1110458 2.76628321 1.35051543
v -16.0925714 2.76628321 1.37368792
v -16.0926847 3.86628359 1.37356303
v -16.0721883 2.76628321 1.39503619
v -16.0722284 3.86628359 1.39499162
v -16.0500025 2.76628321 1.41444414
v -16.0500019 3.86628359 1.41444414
v -16.1215865 3.19912785 1.33509746
v -16.1273102 2.76628321 1.32584892
v -16.1216971 3.19737499 1.33492534
v -16.1220337 3.19573086 1.33439982
v -16.1225625 3.19426935 1.33356999
v -16.1232457 3.1930558 1.33248991
v -16.1240314 3.1920945 1.33123576
v -16.1248801 3.19137114 1.32986711
v -16.1257647 3.19086188 1.32842436
v -16.1266655 3.19054526 1.32693791
v -16.1275696 3.19040268 1.32542814
v -16.1284687 3.19041985 1.32390837
v -16.1293556 3.19058388 1.32239055
v -16.1413405 2.76628321 1.29977629
v -16.1427377 3.19416969 1.29684477
v -16.1529593 2.76628321 1.27257121
v -16.1538156 3.19713848 1.27026994
v -16.1621004 2.76628321 1.24444426
v -16.1625893 3.19948929 1.24266594
v -16.1686916 2.76628321 1.21556169
v -16.1682825 3.20101469 1.21426213
v -16.1726581 2.76628321 1.18629252
v -16.172085 3.20203369 1.18558952
v -16.1739972 2.76628321 1.15664848
v -16.1739969 3.20254582 1.15664848
v -16.1739967 3.43183058 1.12620488
v -16.1739967 3.43167656 1.12435417
v -16.1739967 3.43121308 1.1225562
v -16.1739967 3.43044441 1.12086577
v -16.1739967 3.4293887 1.1193383
v -16.1739967 3.42807549 1.11802482
v -16.1739967 3.42654865 1.11696782
v -16.1739967 3.42485731 1.11619816
v -16.1739967 3.42305725 1.11573381
v -16.1739967 3.42120522 1.11557976
v -16.1739971 2.76628321 0.936648363
v -16.1739969 3.2131707 1.11557976
v -16.1739969 3.21132057 1.11573369
v -16.1739969 3.20952242 1.11619731
v -16.1739969 3.20783203 1.11696574
v -16.1739969 3.20630472 1.11802141
v -16.1739969 3.20499151 1.11933415
v -16.1739969 3.20393389 1.12086149
v -16.1739969 3.20316427 1.12255253
v -16.1739969 3.20269983 1.12435222
v -16.1739969 3.20254582 1.12620488
v -16.1727859 2.74324554 0.936648363
v -16.172786 2.74324554 1.15664848
v -16.1691968 2.72058409 0.936648363
v -16.1691748 2.7204923 1.15664848
v -16.1632296 2.69829958 0.936648363
v -16.1632297 2.69829958 1.15664848
v -16.1549947 2.67685073 0.936648423
v -16.1549587 2.67676371 1.15664848
v -16.1445423 2.65632051 0.936648423
v -16.1444931 2.65623992 1.15664848
v -16.131981 2.63697069 0.936648423
v -16.1319811 2.63697069 1.15664848
v -16.1175212 2.61911624 0.936648423
v -16.1174599 2.61904448 1.15664848
v -16.1012361 2.60282081 0.936648423
v -16.1011643 2.60275953 1.15664848
v -16.0833101 2.58829969 0.936648423
v -16.0833101 2.58829969 1.15664848
v -16.0640406 2.57578772 0.936648423
v -16.0639602 2.57573813 1.15664848
v -16.043517 2.56532186 0.936648423
v -16.0434299 2.56528586 1.15664848
v -16.0219811 2.55705088 0.936648423
v -16.0219811 2.55705088 1.15664848
v -15.9997883 2.55110567 0.936648423
v -15.9996965 2.55108374 1.15664848
v -15.9770352 2.54749459 0.936648423
v -15.9770353 2.54749459 1.15664848
v -16.1668743 2.73186773 1.21022148
v -16.1537504 2.73186773 1.26234953
v -16.1322708 2.73186773 1.31162602
v -16.1030151 2.73186773 1.3567221
v -16.0667723 2.73186773 1.39642119
v -16.0612869 2.69829958 1.39051726
v -16.0522946 2.66640537 1.38083891
v -16.0400171 2.63697046 1.36762456
v -16.0247564 2.61071962 1.35119963
v -16.0068886 2.58829969 1.33196831
v -15.9868534 2.57026165 1.31040434
v -15.9651442 2.55705088 1.28703874
v -15.9422957 2.54899162 1.26244694
v -15.9582876 2.54899162 1.24492998
v -15.9711965 2.54899209 1.22503154
v -15.9806743 2.54899209 1.20328837
v -15.9864652 2.54899209 1.18028727
v -16.0195806 2.55705088 1.18578191
v -16.0510445 2.57026165 1.19100261
v -16.0800824 2.58829969 1.1958206
v -16.105979 2.61072009 1.20011748
v -16.1280968 2.63697069 1.2037874
v -16.1458913 2.66640561 1.20673991
v -16.1589241 2.69829958 1.20890239
v -16.1461233 2.69829958 1.25974675
v -16.1251727 2.69829958 1.30780998
v -16.0966372 2.69829958 1.3517957
v -16.0861821 2.66640537 1.34371977
v -16.0719071 2.63697046 1.3326934
v -16.0541637 2.61072009 1.31898784
v -16.033389 2.58829969 1.30294072
v -16.0100943 2.57026165 1.28494719
v -15.9848534 2.55705088 1.26545024
v -16.0007629 2.55705088 1.24092644
v -16.0124436 2.55705088 1.21412956
v -16.0426287 2.57026165 1.22442998
v -16.0704862 2.58829969 1.23393608
v -16.0953303 2.61072009 1.24241398
v -16.1165491 2.63697069 1.24965471
v -16.1336202 2.66640561 1.25548015
v -16.1135365 2.66640537 1.30155449
v -16.0976492 2.63697069 1.29301323
v -16.0779018 2.61072009 1.2823969
v -16.0547806 2.58829969 1.26996672
v -16.0288548 2.57026165 1.25602885
v -15.9864642 4.08357447 1.18028727
v -15.9806733 4.08357447 1.20328837
v -15.9711956 4.08357447 1.22503154
v -15.9582866 4.08357447 1.24492998
v -15.9422947 4.08357447 1.26244694
v -15.9651433 4.07551544 1.28703886
v -15.9868525 4.06230467 1.31040434
v -16.0068877 4.0442664 1.33196843
v -16.0247556 4.02184647 1.35119963
v -16.0400162 3.99559563 1.36762456
v -16.0522938 3.96616142 1.38083891
v -16.0612861 3.93426626 1.39051726
v -16.0667716 3.90069884 1.39642119
v -16.1030143 3.90069884 1.3567221
v -16.13227 3.90069884 1.31162602
v -16.1537496 3.90069884 1.26234953
v -16.1668736 3.90069884 1.21022148
v -16.1589233 3.93426626 1.20890239
v -16.1458905 3.96616142 1.20673991
v -16.128096 3.99559563 1.2037874
v -16.1059782 4.02184647 1.20011748
v -16.0800815 4.0442664 1.1958206
v -16.0510436 4.06230467 1.19100261
v -16.0195796 4.07551544 1.18578191
v -16.0124427 4.07551544 1.21412956
v -16.0007619 4.07551544 1.24092644
v -15.9848524 4.07551544 1.26545024
v -16.0100934 4.06230467 1.28494719
v -16.0333881 4.0442664 1.30294072
v -16.0541629 4.02184647 1.31898784
v -16.0719062 3.99559563 1.3326934
v -16.0861812 3.96616142 1.34371977
v -16.0966364 3.93426626 1.3517957
v -16.1251718 3.93426626 1.30780998
v -16.1461225 3.93426626 1.25974675
v -16.1336194 3.96616142 1.25548015
v -16.1165482 3.99559563 1.24965471
v -16.0953294 4.02184647 1.24241398
v -16.0704853 4.0442664 1.23393608
v -16.0426278 4.06230467 1.22442998
v -16.0288539 4.06230467 1.25602885
v -16.0547797 4.0442664 1.26996672
v -16.0779009 4.02184647 1.2823969
v -16.0976484 3.99559563 1.29301323
v -16.1135358 3.96616142 1.30155449
v -14.6352083 2.74324458 0.93664884
v -14.6388196 2.72049134 0.93664884
v -14.6447648 2.69829887 0.93664884
v -14.6530358 2.67676275 0.93664881
v -14.6635014 2.65623921 0.93664881
v -14.6760135 2.63696974 0.93664881
v -14.6905347 2.61904329 0.93664881
v -14.7068302 2.60275882 0.93664881
v -14.7246845 2.58829873 0.93664881
v -14.7440344 2.57573741 0.93664881
v -14.7645647 2.5652849 0.93664881
v -14.7860135 2.55705016 0.93664881
v -14.8082981 2.55108302 0.93664881
v -14.8309594 2.54749387 0.93664881
vt -0.851499975 0.595556974
vt -0.851499975 0.697889984
vt -0.867726982 0.589263022
vt -0.867726982 0.589263022
vt -0.851499975 0.697889984
vt -0.851499975 0.697889984
vt -0.867726982 0.589263022
vt -0.851499975 0.697889984
vt -0.882840991 0.581350029
vt -0.882840991 0.581350029
vt -0.851499975 0.697889984
vt -0.851499975 0.697889984
vt -0.882840991 0.581350029
vt -0.851499975 0.697889984
vt -0.89684099 0.571816027
vt -0.89684099 0.571816027
vt -0.851499975 0.697889984
vt -0.851499975 0.697889984
vt -0.89684099 0.571816027
vt -0.851499975 0.697889984
vt -0.909726977 0.560662985
vt -0.909726977 0.560662985
vt -0.851499975 0.697889984
vt -1.05149996 0.697889984
vt -0.909726977 0.560662985
vt -1.05149996 0.697889984
vt -0.921500027 0.547890007
vt -0.921500027 0.547890007
vt -1.05149996 0.697889984
vt -1.05149996 0.697889984
vt -0.921500027 0.547890007
vt -1.05149996 0.697889984
vt -0.937777996 0.515496016
vt -0.937777996 0.515496016
vt -1.05149996 0.697889984
vt -1.05149996 0.697889984
vt -0.937777996 0.515496016
vt -1.05149996 0.697889984
vt -0.951920986 0.482279986
vt -0.951920986 0.482279986
vt -1.05149996 0.697889984
vt -1.05149996 0.697889984
vt -0.951920986 0.482279986
vt -1.05149996 0.697889984
vt -0.963928998 0.448242992
vt -0.963928998 0.448242992
vt -1.05149996 0.697889984
vt -1.05149996 0.697889984
vt -0.963928998 0.448242992
vt -1.05149996 0.697889984
vt -0.973800004 0.413385987
vt -0.973800004 0.413385987
vt -1.05149996 0.697889984
vt -1.05149996 0.697889984
vt -0.973800004 0.413385987
vt -1.05149996 0.697889984
vt -0.981536984 0.377707005
vt -0.981536984 0.377707005
vt -1.05149996 0.697889984
vt -1.06605601 0.696825027
vt -0.981536984 0.377707005
vt -1.06605601 0.696825027
vt -0.988182008 0.342061996
vt -0.988182008 0.342061996
vt -1.06605601 0.696825027
vt -1.08030105 0.693652987
vt -0.988182008 0.342061996
vt -1.08030105 0.693652987
vt -0.988182008 0.342061996
vt -0.988182008 0.342061996
vt -1.08030105 0.693652987
vt -1.09393203 0.688440979
vt -0.988182008 0.342061996
vt -1.09393203 0.688440979
vt -1.16006196 0.571515977
vt -1.16006196 0.571515977
vt -1.09393203 0.688440979
vt -1.10665703 0.681302011
vt -1.16006196 0.571515977
vt -1.10665703 0.681302011
vt -1.16006196 0.571515977
vt -1.16006196 0.571515977
vt -1.10665703 0.681302011
vt -1.11820602 0.672388017
vt -1.16006196 0.571515977
vt -1.11820602 0.672388017
vt -1.16006196 0.571515977
vt -1.16006196 0.571515977
vt -1.11820602 0.672388017
vt -1.12833297 0.661891997
vt -1.16006196 0.571515977
vt -1.12833297 0.661891997
vt -1.14822102 0.623290002
vt -1.14822102 0.623290002
vt -1.12833297 0.661891997
vt -1.13682497 0.650036991
vt -1.14822102 0.623290002
vt -1.13682497 0.650036991
vt -1.14349306 0.637098014
vt -0.988182008 0.342061996
vt -1.16006196 0.571515977
vt -0.993288994 0.306084991
vt -0.993288994 0.306084991
vt -1.16006196 0.571515977
vt -1.17076695 0.519979
vt -0.993288994 0.306084991
vt -1.17076695 0.519979
vt -0.993288994 0.306084991
vt -0.993288994 0.306084991
vt -1.17076695 0.519979
vt -1.18033504 0.468679994
vt -0.993288994 0.306084991
vt -1.18033504 0.468679994
vt -0.997111976 0.26998201
vt -0.997111976 0.26998201
vt -1.18033504 0.468679994
vt -1.189134 0.417560995
vt -0.997111976 0.26998201
vt -1.189134 0.417560995
vt -0.999906003 0.233963996
vt -0.999906003 0.233963996
vt -1.189134 0.417560995
vt -1.19694495 0.366656005
vt -0.999906003 0.233963996
vt -1.19694495 0.366656005
vt -1.00150001 0.197889999
vt -1.00150001 0.197889999
vt -1.19694495 0.366656005
vt -1.20304596 0.316078991
vt -1.00150001 0.197889999
vt -1.20304596 0.316078991
vt -1.00150001 0.197889999
vt -1.00150001 0.197889999
vt -1.20304596 0.316078991
vt -1.20743799 0.265828997
vt -1.00150001 0.197889999
vt -1.20743799 0.265828997
vt -1.00150001 0.197889999
vt -1.00150001 0.197889999
vt -1.20743799 0.265828997
vt -1.21054602 0.215966001
vt -1.00150001 0.197889999
vt -1.21054602 0.215966001
vt -1.00180197 0.159364
vt -1.00180197 0.159364
vt -1.21054602 0.215966001
vt -1.21170795 0.166397005
vt -1.00180197 0.159364
vt -1.21170795 0.166397005
vt -1.00180197 0.159364
vt -1.00180197 0.159364
vt -1.21170795 0.166397005
vt -1.210783 0.117105
vt -1.00180197 0.159364
vt -1.210783 0.117105
vt -1.00180197 0.159364
vt -1.00180197 0.159364
vt -1.210783 0.117105
vt -1.207811 0.0681099966
vt -1.00180197 0.159364
vt -1.207811 0.0681099966
vt -1.00180197 0.159364
vt -1.00180197 0.159364
vt -1.207811 0.0681099966
vt -1.20284796 0.019444
vt -1.00180197 0.159364
vt -1.20284796 0.019444
vt -1.00001299 0.121049002
vt -1.00001299 0.121049002
vt -1.20284796 0.019444
vt -1.19566905 -0.0290159993
vt -1.00001299 0.121049002
vt -1.19566905 -0.0290159993
vt -1.00001299 0.121049002
vt -1.00001299 0.121049002
vt -1.19566905 -0.0290159993
vt -1.18627298 -0.0772700012
vt -1.00001299 0.121049002
vt -1.18627298 -0.0772700012
vt -1.00001299 0.121049002
vt -1.00001299 0.121049002
vt -1.18627298 -0.0772700012
vt -1.17466104 -0.125317007
vt -1.00001299 0.121049002
vt -1.17466104 -0.125317007
vt -0.996134996 0.0829470009
vt -0.996134996 0.0829470009
vt -1.17466104 -0.125317007
vt -1.160833 -0.173159003
vt -0.996134996 0.0829470009
vt -1.160833 -0.173159003
vt -0.996134996 0.0829470009
vt -0.996134996 0.0829470009
vt -1.160833 -0.173159003
vt -1.14478803 -0.220794007
vt -0.996134996 0.0829470009
vt -1.14478803 -0.220794007
vt -1.09263396 -0.293256015
vt -1.09263396 -0.293256015
vt -1.14478803 -0.220794007
vt -1.14478803 -0.220794007
vt -1.09263396 -0.293256015
vt -1.14478803 -0.220794007
vt -1.10507596 -0.286545992
vt -1.10507596 -0.286545992
vt -1.14478803 -0.220794007
vt -1.14478803 -0.220794007
vt -1.10507596 -0.286545992
vt -1.14478803 -0.220794007
vt -1.11644995 -0.278144985
vt -1.11644995 -0.278144985
vt -1.14478803 -0.220794007
vt -1.12652695 -0.268222004
vt -0.996134996 0.0829470009
vt -1.09263396 -0.293256015
vt -0.990167022 0.0450569987
vt -0.990167022 0.0450569987
vt -1.09263396 -0.293256015
vt -1.07937801 -0.298142999
vt -0.990167022 0.0450569987
vt -1.07937801 -0.298142999
vt -0.990167022 0.0450569987
vt -0.990167022 0.0450569987
vt -1.07937801 -0.298142999
vt -1.06560695 -0.301108986
vt -0.990167022 0.0450569987
vt -1.06560695 -0.301108986
vt -0.990167022 0.0450569987
vt -0.990167022 0.0450569987
vt -1.06560695 -0.301108986
vt -1.05149996 -0.302109987
vt -0.990167022 0.0450569987
vt -1.05149996 -0.302109987
vt -0.982107997 0.00737900008
vt -0.982107997 0.00737900008
vt -1.05149996 -0.302109987
vt -1.05149996 -0.302109987
vt -0.982107997 0.00737900008
vt -1.05149996 -0.302109987
vt -0.972645998 -0.0299169999
vt -0.972645998 -0.0299169999
vt -1.05149996 -0.302109987
vt -1.05149996 -0.302109987
vt -0.972645998 -0.0299169999
vt -1.05149996 -0.302109987
vt -0.961951017 -0.066790998
vt -0.961951017 -0.066790998
vt -1.05149996 -0.302109987
vt -1.05149996 -0.302109987
vt -0.961951017 -0.066790998
vt -1.05149996 -0.302109987
vt -0.949783981 -0.103298999
vt -0.949783981 -0.103298999
vt -1.05149996 -0.302109987
vt -1.05149996 -0.302109987
vt -0.949783981 -0.103298999
vt -1.05149996 -0.302109987
vt -0.943881989 -0.121947996
vt -0.943881989 -0.121947996
vt -1.05149996 -0.302109987
vt -1.05149996 -0.302109987
vt -0.943881989 -0.121947996
vt -1.05149996 -0.302109987
vt -0.936156988 -0.138880998
vt -0.936156988 -0.138880998
vt -1.05149996 -0.302109987
vt -1.05149996 -0.302109987
vt -0.936156988 -0.138880998
vt -1.05149996 -0.302109987
vt -0.926608026 -0.154098004
vt -0.926608026 -0.154098004
vt -1.05149996 -0.302109987
vt -1.05149996 -0.302109987
vt -0.926608026 -0.154098004
vt -1.05149996 -0.302109987
vt -0.915234029 -0.167598993
vt -0.915234029 -0.167598993
vt -1.05149996 -0.302109987
vt -0.851499975 -0.302109987
vt -0.915234029 -0.167598993
vt -0.851499975 -0.302109987
vt -0.902037024 -0.179383993
vt -0.902037024 -0.179383993
vt -0.851499975 -0.302109987
vt -0.851499975 -0.302109987
vt -0.902037024 -0.179383993
vt -0.851499975 -0.302109987
vt -0.887014985 -0.189453006
vt -0.887014985 -0.189453006
vt -0.851499975 -0.302109987
vt -0.851499975 -0.302109987
vt -0.887014985 -0.189453006
vt -0.851499975 -0.302109987
vt -0.870169997 -0.197806001
vt -0.870169997 -0.197806001
vt -0.851499975 -0.302109987
vt -0.851499975 -0.204442993
vt 0.851499975 -0.302109987
vt 0.851499975 -0.323053002
vt 1.05149996 -0.302109987
vt -1.05149996 -0.302109987
vt -0.851499975 -0.323053002
vt -0.851499975 -0.323053002
vt 1.05149996 -0.302109987
vt 0.851499975 -0.323053002
vt 1.05149996 -0.323053002
vt 1.05149996 -0.323053002
vt 0.851499975 -0.323053002
vt 0.851499975 -0.343654007
vt 1.05149996 -0.323053002
vt 0.851499975 -0.343654007
vt 1.05149996 -0.34373799
vt 1.05149996 -0.34373799
vt 0.851499975 -0.343654007
vt 0.851499975 -0.363913
vt 1.05149996 -0.34373799
vt 0.851499975 -0.363913
vt 1.05149996 -0.363913
vt 1.05149996 -0.363913
vt 0.851499975 -0.363913
vt 0.851499975 -0.383412004
vt 1.05149996 -0.363913
vt 0.851499975 -0.383412004
vt 1.05149996 -0.383491009
vt 1.05149996 -0.383491009
vt 0.851499975 -0.383412004
vt 0.851499975 -0.402076006
vt 1.05149996 -0.383491009
vt 0.851499975 -0.402076006
vt 1.05149996 -0.402148992
vt 1.05149996 -0.402148992
vt 0.851499975 -0.402076006
vt 0.851499975 -0.419667006
vt 1.05149996 -0.402148992
vt 0.851499975 -0.419667006
vt 1.05149996 -0.419667006
vt 1.05149996 -0.419667006
vt 0.851499975 -0.419667006
vt 0.851499975 -0.435898006
vt 1.05149996 -0.419667006
vt 0.851499975 -0.435898006
vt 1.05149996 -0.435963005
vt 1.05149996 -0.435963005
vt 0.851499975 -0.435898006
vt 0.851499975 -0.450711995
vt -0.873601973 1.05149996
vt -0.858852983 0.851499975
vt -0.858788013 1.05149996
vt -0.858788013 1.05149996
vt -0.858852983 0.851499975
vt -0.842557013 0.851499975
vt -0.858788013 1.05149996
vt -0.842557013 0.851499975
vt -0.842557013 1.05149996
vt -0.842557013 1.05149996
vt -0.842557013 0.851499975
vt -0.825039029 0.851499975
vt -0.842557013 1.05149996
vt -0.825039029 0.851499975
vt -0.824966013 1.05149996
vt -0.824966013 1.05149996
vt -0.825039029 0.851499975
vt -0.806380987 0.851499975
vt -0.824966013 1.05149996
vt -0.806380987 0.851499975
vt -0.806302011 1.05149996
vt -0.806302011 1.05149996
vt -0.806380987 0.851499975
vt -0.786803007 0.851499975
vt -0.806302011 1.05149996
vt -0.786803007 0.851499975
vt -0.786803007 1.05149996
vt -0.786803007 1.05149996
vt -0.786803007 0.851499975
vt -0.766628027 0.851499975
vt -0.786803007 1.05149996
vt -0.766628027 0.851499975
vt -0.766543984 1.05149996
vt -0.766543984 1.05149996
vt -0.766628027 0.851499975
vt -0.74594301 0.851499975
vt -0.766543984 1.05149996
vt -0.74594301 0.851499975
vt -0.74594301 1.05149996
vt -0.74594301 1.05149996
vt -0.74594301 0.851499975
vt -0.725000024 0.851499975
vt -0.74594301 1.05149996
vt -0.725000024 0.851499975
vt -0.725000024 1.05149996
vt 0.851499975 -0.204442993
vt 0.851499975 -0.302109987
vt 0.870169997 -0.197806001
vt -0.870169997 -0.197806001
vt -0.851499975 -0.302109987
vt -0.851499975 -0.302109987
vt 0.870169997 -0.197806001
vt 0.851499975 -0.302109987
vt 0.887014985 -0.189453006
vt -0.887014985 -0.189453006
vt -0.851499975 -0.302109987
vt -0.851499975 -0.302109987
vt 0.887014985 -0.189453006
vt 0.851499975 -0.302109987
vt 0.902037024 -0.179383993
vt -0.902037024 -0.179383993
vt -0.851499975 -0.302109987
vt -0.851499975 -0.302109987
vt 0.902037024 -0.179383993
vt 0.851499975 -0.302109987
vt 0.915234029 -0.167598993
vt 0.915234029 -0.167598993
vt 0.851499975 -0.302109987
vt 1.05149996 -0.302109987
vt 0.915234029 -0.167598993
vt 1.05149996 -0.302109987
vt 0.926608026 -0.154098004
vt -0.926608026 -0.154098004
vt -1.05149996 -0.302109987
vt -1.05149996 -0.302109987
vt 0.926608026 -0.154098004
vt 1.05149996 -0.302109987
vt 0.936156988 -0.138880998
vt -0.936156988 -0.138880998
vt -1.05149996 -0.302109987
vt -1.05149996 -0.302109987
vt 0.936156988 -0.138880998
vt 1.05149996 -0.302109987
vt 0.943881989 -0.121947996
vt -0.943881989 -0.121947996
vt -1.05149996 -0.302109987
vt -1.05149996 -0.302109987
vt 0.943881989 -0.121947996
vt 1.05149996 -0.302109987
vt 0.949783981 -0.103298999
vt -0.949783981 -0.103298999
vt -1.05149996 -0.302109987
vt -1.05149996 -0.302109987
vt 0.949783981 -0.103298999
vt 1.05149996 -0.302109987
vt 0.961951017 -0.066790998
vt -0.961951017 -0.066790998
vt -1.05149996 -0.302109987
vt -1.05149996 -0.302109987
vt 0.961951017 -0.066790998
vt 1.05149996 -0.302109987
vt 0.972645998 -0.0299169999
vt -0.972645998 -0.0299169999
vt -1.05149996 -0.302109987
vt -1.05149996 -0.302109987
vt 0.972645998 -0.0299169999
vt 1.05149996 -0.302109987
vt 0.981868029 0.00731999986
vt -0.981868029 0.00731999986
vt -1.05149996 -0.302109987
vt -1.05149996 -0.302109987
vt 0.981868029 0.00731999986
vt 1.05149996 -0.302109987
vt 0.989618003 0.0449220017
vt 0.989618003 0.0449220017
vt 1.05149996 -0.302109987
vt 1.06560695 -0.301108986
vt -0.989618003 0.0449220017
vt -1.06560695 -0.301108986
vt -0.989618003 0.0449220017
vt 0.989618003 0.0449220017
vt 1.06560695 -0.301108986
vt 1.07942998 -0.298128992
vt -0.989618003 0.0449220017
vt -1.07942998 -0.298128992
vt -0.989618003 0.0449220017
vt 0.989618003 0.0449220017
vt 1.07942998 -0.298128992
vt 1.09268999 -0.29323101
vt 0.989618003 0.0449220017
vt 1.09268999 -0.29323101
vt 0.995895028 0.0828879997
vt 0.995895028 0.0828879997
vt 1.09268999 -0.29323101
vt 1.14478803 -0.220794007
vt -0.995895028 0.0828879997
vt -1.14478803 -0.220794007
vt -0.995895028 0.0828879997
vt 0.995895028 0.0828879997
vt 1.14478803 -0.220794007
vt 1.160833 -0.173159003
vt -0.995895028 0.0828879997
vt -1.160833 -0.173159003
vt -0.995895028 0.0828879997
vt 0.995895028 0.0828879997
vt 1.160833 -0.173159003
vt 1.17466104 -0.125317007
vt 0.995895028 0.0828879997
vt 1.17466104 -0.125317007
vt 1.00001299 0.121049002
vt 1.00001299 0.121049002
vt 1.17466104 -0.125317007
vt 1.18619096 -0.0773139969
vt -1.00001299 0.121049002
vt -1.18619096 -0.0773139969
vt -1.00001299 0.121049002
vt 1.00001299 0.121049002
vt 1.18619096 -0.0773139969
vt 1.195472 -0.0291220006
vt 1.00001299 0.121049002
vt 1.195472 -0.0291220006
vt 1.00180197 0.159364
vt 1.00180197 0.159364
vt 1.195472 -0.0291220006
vt 1.20266497 0.0193450004
vt -1.00180197 0.159364
vt -1.20266497 0.0193450004
vt -1.00180197 0.159364
vt 1.00180197 0.159364
vt 1.20266497 0.0193450004
vt 1.20776796 0.0680869967
vt -1.00180197 0.159364
vt -1.20776796 0.0680869967
vt -1.00180197 0.159364
vt 1.00180197 0.159364
vt 1.20776796 0.0680869967
vt 1.21035802 0.117045999
vt -1.00180197 0.159364
vt -1.21035802 0.117045999
vt -1.00180197 0.159364
vt 1.00180197 0.159364
vt 1.21035802 0.117045999
vt 1.21109402 0.166312993
vt -1.00180197 0.159364
vt -1.21109402 0.166312993
vt -1.00180197 0.159364
vt 1.00180197 0.159364
vt 1.21109402 0.166312993
vt 1.21012104 0.215906993
vt 1.00180197 0.159364
vt 1.21012104 0.215906993
vt 1.00150001 0.197889999
vt 1.00150001 0.197889999
vt 1.21012104 0.215906993
vt 1.20724297 0.265859991
vt -1.00150001 0.197889999
vt -1.20724297 0.265859991
vt -1.00150001 0.197889999
vt 1.00150001 0.197889999
vt 1.20724297 0.265859991
vt 1.20222104 0.316208005
vt 1.00150001 0.197889999
vt 1.20222104 0.316208005
vt 0.999906003 0.233963996
vt 0.999906003 0.233963996
vt 1.20222104 0.316208005
vt 1.19606197 0.366795003
vt -0.999906003 0.233963996
vt -1.19606197 0.366795003
vt -0.999906003 0.233963996
vt 0.999906003 0.233963996
vt 1.19606197 0.366795003
vt 1.18876696 0.41761899
vt 0.999906003 0.233963996
vt 1.18876696 0.41761899
vt 0.997111976 0.26998201
vt 0.997111976 0.26998201
vt 1.18876696 0.41761899
vt 1.18033504 0.468679994
vt 0.997111976 0.26998201
vt 1.18033504 0.468679994
vt 0.993120015 0.305945992
vt 0.993120015 0.305945992
vt 1.18033504 0.468679994
vt 1.17076695 0.519979
vt -0.993120015 0.305945992
vt -1.17076695 0.519979
vt -0.993120015 0.305945992
vt 0.993120015 0.305945992
vt 1.17076695 0.519979
vt 1.16006196 0.571515977
vt 0.993120015 0.305945992
vt 1.16006196 0.571515977
vt 0.987927973 0.341854006
vt 0.987927973 0.341854006
vt 1.16006196 0.571515977
vt 1.09388697 0.688459992
vt -0.987927973 0.341854006
vt -1.09388697 0.688459992
vt -0.987927973 0.341854006
vt 0.987927973 0.341854006
vt 1.09388697 0.688459992
vt 1.08026397 0.693661988
vt -0.987927973 0.341854006
vt -1.08026397 0.693661988
vt -0.987927973 0.341854006
vt 0.987927973 0.341854006
vt 1.08026397 0.693661988
vt 1.06605601 0.696825027
vt 0.987927973 0.341854006
vt 1.06605601 0.696825027
vt 0.981536984 0.377707005
vt 0.981536984 0.377707005
vt 1.06605601 0.696825027
vt 1.05149996 0.697889984
vt 0.981536984 0.377707005
vt 1.05149996 0.697889984
vt 0.973353028 0.413020015
vt -0.973353028 0.413020015
vt -1.05149996 0.697889984
vt -1.05149996 0.697889984
vt 0.973353028 0.413020015
vt 1.05149996 0.697889984
vt 0.963630021 0.447999001
vt -0.963630021 0.447999001
vt -1.05149996 0.697889984
vt -1.05149996 0.697889984
vt 0.963630021 0.447999001
vt 1.05149996 0.697889984
vt 0.951920986 0.482279986
vt -0.951920986 0.482279986
vt -1.05149996 0.697889984
vt -1.05149996 0.697889984
vt 0.951920986 0.482279986
vt 1.05149996 0.697889984
vt 0.937777996 0.515496016
vt -0.937777996 0.515496016
vt -1.05149996 0.697889984
vt -1.05149996 0.697889984
vt 0.937777996 0.515496016
vt 1.05149996 0.697889984
vt 0.921500027 0.547890007
vt -0.921500027 0.547890007
vt -1.05149996 0.697889984
vt -1.05149996 0.697889984
vt 0.921500027 0.547890007
vt 1.05149996 0.697889984
vt 0.909726977 0.560662985
vt 0.909726977 0.560662985
vt 1.05149996 0.697889984
vt 0.851499975 0.697889984
vt 0.909726977 0.560662985
vt 0.851499975 0.697889984
vt 0.89684099 0.571816027
vt -0.89684099 0.571816027
vt -0.851499975 0.697889984
vt -0.851499975 0.697889984
vt 0.89684099 0.571816027
vt 0.851499975 0.697889984
vt 0.882840991 0.581350029
vt -0.882840991 0.581350029
vt -0.851499975 0.697889984
vt -0.851499975 0.697889984
vt 0.882840991 0.581350029
vt 0.851499975 0.697889984
vt 0.867726982 0.589263022
vt 0.867726982 0.589263022
vt 0.851499975 0.697889984
vt 0.851499975 0.595556974
vt 1.09388697 0.688459992
vt 1.16006196 0.571515977
vt 1.10661101 0.681330979
vt -1.10661101 0.681330979
vt -1.16006196 0.571515977
vt -1.16006196 0.571515977
vt 1.10661101 0.681330979
vt 1.16006196 0.571515977
vt 1.11816597 0.672424972
vt -1.11816597 0.672424972
vt -1.16006196 0.571515977
vt -1.16006196 0.571515977
vt 1.11816597 0.672424972
vt 1.16006196 0.571515977
vt 1.12830305 0.661930025
vt 1.12830305 0.661930025
vt 1.16006196 0.571515977
vt 1.14822102 0.623290002
vt 1.12830305 0.661930025
vt 1.14822102 0.623290002
vt 1.13680601 0.650071025
vt 1.13680601 0.650071025
vt 1.14822102 0.623290002
vt 1.14349306 0.637098014
vt 1.09268999 -0.29323101
vt 1.10512102 -0.286514997
vt 1.14478803 -0.220794007
vt 1.14478803 -0.220794007
vt 1.10512102 -0.286514997
vt 1.11644995 -0.278144985
vt 1.14478803 -0.220794007
vt 1.11644995 -0.278144985
vt 1.12652695 -0.268222004
vt 0.725000024 0.851499975
vt 0.74594301 0.851499975
vt 0.725000024 1.05149996
vt -1.05149996 0.897889972
vt -0.851499975 0.896789014
vt -0.851499975 0.896789014
vt 0.725000024 1.05149996
vt 0.74594301 0.851499975
vt 0.74594301 1.05149996
vt 0.74594301 1.05149996
vt 0.74594301 0.851499975
vt 0.766543984 0.851499975
vt 0.74594301 1.05149996
vt 0.766543984 0.851499975
vt 0.766543984 1.05149996
vt 0.766543984 1.05149996
vt 0.766543984 0.851499975
vt 0.786803007 0.851499975
vt 0.766543984 1.05149996
vt 0.786803007 0.851499975
vt 0.786803007 1.05149996
vt 0.786803007 1.05149996
vt 0.786803007 0.851499975
vt 0.806302011 0.851499975
vt 0.786803007 1.05149996
vt 0.806302011 0.851499975
vt 0.806302011 1.05149996
vt 0.806302011 1.05149996
vt 0.806302011 0.851499975
vt 0.824966013 0.851499975
vt 0.806302011 1.05149996
vt 0.824966013 0.851499975
vt 0.824966013 1.05149996
vt 0.824966013 1.05149996
vt 0.824966013 0.851499975
vt 0.842557013 0.851499975
vt 0.824966013 1.05149996
vt 0.842557013 0.851499975
vt 0.842557013 1.05149996
vt 0.842557013 1.05149996
vt 0.842557013 0.851499975
vt 0.858788013 0.851499975
vt 0.842557013 1.05149996
vt 0.858788013 0.851499975
vt 0.858788013 1.05149996
vt 0.858788013 1.05149996
vt 0.858788013 0.851499975
vt 0.873601973 0.851499975
vt 0.858788013 1.05149996
vt 0.873601973 0.851499975
vt 0.873601973 1.05149996
vt 1.05149996 0.831744015
vt 0.851499975 0.831744015
vt 0.851499975 0.815446973
vt 1.05149996 0.831744015
vt 0.851499975 0.815446973
vt 1.05149996 0.815446973
vt 1.05149996 0.815446973
vt 0.851499975 0.815446973
vt 0.851499975 0.797930002
vt 1.05149996 0.815446973
vt 0.851499975 0.797930002
vt 1.05149996 0.797930002
vt 1.05149996 0.797930002
vt 0.851499975 0.797930002
vt 0.851499975 0.77927202
vt 1.05149996 0.797930002
vt 0.851499975 0.77927202
vt 1.05149996 0.77927202
vt 1.05149996 0.77927202
vt 0.851499975 0.77927202
vt 0.851499975 0.75969398
vt 1.05149996 0.77927202
vt 0.851499975 0.75969398
vt 1.05149996 0.75969398
vt 1.05149996 0.75969398
vt 0.851499975 0.75969398
vt 0.851499975 0.739519
vt 1.05149996 0.75969398
vt 0.851499975 0.739519
vt 1.05149996 0.739519
vt 1.05149996 0.739519
vt 0.851499975 0.739519
vt 0.851499975 0.718833983
vt 1.05149996 0.739519
vt 0.851499975 0.718833983
vt 1.05149996 0.718833983
vt 1.05149996 0.718833983
vt 0.851499975 0.718833983
vt 0.851499975 0.697889984
vt 1.05149996 0.718833983
vt 0.851499975 0.697889984
vt 1.05149996 0.697889984
vt 0.725000024 1.05149996
vt -0.275000006 1.05149996
vt 0.725000024 0.851499975
vt 0.725000024 0.851499975
vt -0.275000006 1.05149996
vt -0.275000006 0.851499975
vt -0.725000024 0.669938982
vt -0.725000024 0.695542991
vt -0.745984972 0.66968298
vt -0.745984972 0.66968298
vt -0.725000024 0.695542991
vt -0.756286979 0.716099977
vt -0.745984972 0.66968298
vt -0.756286979 0.716099977
vt -0.766707003 0.668922007
vt -0.766707003 0.668922007
vt -0.756286979 0.716099977
vt -0.786803007 0.713189006
vt -0.766707003 0.668922007
vt -0.786803007 0.713189006
vt -0.786900997 0.667671025
vt -1.33316398 0.667671025
vt -1.31782496 0.713189006
vt -1.31782496 0.713189006
vt -0.786900997 0.667671025
vt -0.786803007 0.713189006
vt -0.80646801 0.665933013
vt -0.80646801 0.665933013
vt -0.786803007 0.713189006
vt -0.815797985 0.708418012
vt -0.80646801 0.665933013
vt -0.815797985 0.708418012
vt -0.825096011 0.663734972
vt -0.825096011 0.663734972
vt -0.815797985 0.708418012
vt -0.842557013 0.701902986
vt -0.825096011 0.663734972
vt -0.842557013 0.701902986
vt -0.842585027 0.661107004
vt -1.30553603 0.661107004
vt -1.29175496 0.701902986
vt -1.29175496 0.701902986
vt -0.842585027 0.661107004
vt -0.842557013 0.701902986
vt -0.858865023 0.658052981
vt -0.858865023 0.658052981
vt -0.842557013 0.701902986
vt -0.866420984 0.693804979
vt 1.29270399 0.658052981
vt 1.27305102 0.693804979
vt 1.27827704 0.654614985
vt 1.27827704 0.654614985
vt 1.27305102 0.693804979
vt 1.25115001 0.684324026
vt 1.27827704 0.654614985
vt 1.25115001 0.684324026
vt 1.26247001 0.650840998
vt -1.26247001 0.650840998
vt -1.25115001 0.684324026
vt -1.25115001 0.684324026
vt 1.26247001 0.650840998
vt 1.25115001 0.684324026
vt 1.245345 0.64674598
vt 1.245345 0.64674598
vt 1.25115001 0.684324026
vt 1.22659397 0.673693001
vt 1.245345 0.64674598
vt 1.22659397 0.673693001
vt 1.22724295 0.642408013
vt 1.22724295 0.642408013
vt 1.22659397 0.673693001
vt 1.19998598 0.662173986
vt 1.22724295 0.642408013
vt 1.19998598 0.662173986
vt 1.20833397 0.637862027
vt -1.20833397 0.637862027
vt -1.19998598 0.662173986
vt -1.19998598 0.662173986
vt 1.20833397 0.637862027
vt 1.19998598 0.662173986
vt 1.18865001 0.633114994
vt 1.18865001 0.633114994
vt 1.19998598 0.662173986
vt 1.17198098 0.650049984
vt 1.18865001 0.633114994
vt 1.17198098 0.650049984
vt 1.168612 0.62825799
vt 1.168612 0.62825799
vt 1.17198098 0.650049984
vt 1.14349306 0.637098014
vt 1.168612 0.62825799
vt 1.14349306 0.637098014
vt 1.14822102 0.623290002
vt 1.14349306 0.637098014
vt 1.17198098 0.650049984
vt 1.13680601 0.650071025
vt 1.13680601 0.650071025
vt 1.17198098 0.650049984
vt 1.16170394 0.669243991
vt 1.13680601 0.650071025
vt 1.16170394 0.669243991
vt 1.12830305 0.661930025
vt 1.12830305 0.661930025
vt 1.16170394 0.669243991
vt 1.14839494 0.686477005
vt 1.12830305 0.661930025
vt 1.14839494 0.686477005
vt 1.11816597 0.672424972
vt 1.11816597 0.672424972
vt 1.14839494 0.686477005
vt 1.13242197 0.701272011
vt 1.11816597 0.672424972
vt 1.13242197 0.701272011
vt 1.10661101 0.681330979
vt 1.10661101 0.681330979
vt 1.13242197 0.701272011
vt 1.114223 0.713225007
vt 1.10661101 0.681330979
vt 1.114223 0.713225007
vt 1.09388697 0.688459992
vt 1.09388697 0.688459992
vt 1.114223 0.713225007
vt 1.09429896 0.72200501
vt 1.09388697 0.688459992
vt 1.09429896 0.72200501
vt 1.08026397 0.693661988
vt 1.08026397 0.693661988
vt 1.09429896 0.72200501
vt 1.07319796 0.727371991
vt 1.08026397 0.693661988
vt 1.07319796 0.727371991
vt 1.06605601 0.696825027
vt 1.06605601 0.696825027
vt 1.07319796 0.727371991
vt 1.05149996 0.718833983
vt 1.06605601 0.696825027
vt 1.05149996 0.718833983
vt 1.05149996 0.697889984
vt 1.05149996 0.718833983
vt 1.07319796 0.727371991
vt 1.05149996 0.739519
vt 1.05149996 0.739519
vt 1.07319796 0.727371991
vt 1.07824194 0.757468998
vt 1.05149996 0.739519
vt 1.07824194 0.757468998
vt 1.05149996 0.75969398
vt -1.05149996 0.75969398
vt -1.07824194 0.757468998
vt -1.07824194 0.757468998
vt 1.05149996 0.75969398
vt 1.07824194 0.757468998
vt 1.05149996 0.77927202
vt 1.05149996 0.77927202
vt 1.07824194 0.757468998
vt 1.08303404 0.786064982
vt 1.05149996 0.77927202
vt 1.08303404 0.786064982
vt 1.05149996 0.797930002
vt 1.05149996 0.797930002
vt 1.08303404 0.786064982
vt 1.08745599 0.812456012
vt 1.05149996 0.797930002
vt 1.08745599 0.812456012
vt 1.05149996 0.815446973
vt -1.05149996 0.815446973
vt -1.08745599 0.812456012
vt -1.08745599 0.812456012
vt 1.05149996 0.815446973
vt 1.08745599 0.812456012
vt 1.05149996 0.831744015
vt 1.05149996 0.831744015
vt 1.08745599 0.812456012
vt 1.09140003 0.835991979
vt 0.873601973 1.05149996
vt 0.866420984 1.09140003
vt 0.858788013 1.05149996
vt 0.858788013 1.05149996
vt 0.866420984 1.09140003
vt 0.842557013 1.094769
vt 0.858788013 1.05149996
vt 0.842557013 1.094769
vt 0.842557013 1.05149996
vt -1.05149996 0.859694004
vt -1.094769 0.856094003
vt -1.094769 0.856094003
vt 0.842557013 1.05149996
vt 0.842557013 1.094769
vt 0.824966013 1.05149996
vt 0.824966013 1.05149996
vt 0.842557013 1.094769
vt 0.815797985 1.09747899
vt 0.824966013 1.05149996
vt 0.815797985 1.09747899
vt 0.806302011 1.05149996
vt 0.806302011 1.05149996
vt 0.815797985 1.09747899
vt 0.786803007 1.09946406
vt 0.806302011 1.05149996
vt 0.786803007 1.09946406
vt 0.786803007 1.05149996
vt -1.05149996 0.888101995
vt -1.09946406 0.884110987
vt -1.09946406 0.884110987
vt 0.786803007 1.05149996
vt 0.786803007 1.09946406
vt 0.766543984 1.05149996
vt 0.766543984 1.05149996
vt 0.786803007 1.09946406
vt 0.756286979 1.10067499
vt 0.766543984 1.05149996
vt 0.756286979 1.10067499
vt 0.74594301 1.05149996
vt 0.74594301 1.05149996
vt 0.756286979 1.10067499
vt 0.725000024 1.07810903
vt 0.74594301 1.05149996
vt 0.725000024 1.07810903
vt 0.725000024 1.05149996
vt 0.725000024 1.07810903
vt 0.756286979 1.10067499
vt 0.725000024 1.10437095
vt -1.10437095 0.89319098
vt -1.10067499 0.891336024
vt -1.10067499 0.891336024
vt 0.725000024 1.10437095
vt 0.756286979 1.10067499
vt 0.725000024 1.13032305
vt 0.725000024 1.13032305
vt 0.756286979 1.10067499
vt 0.756286979 1.14849699
vt 0.725000024 1.13032305
vt 0.756286979 1.14849699
vt 0.725000024 1.15558195
vt -1.15558195 0.879251003
vt -1.14849699 0.879173994
vt -1.14849699 0.879173994
vt 0.725000024 1.15558195
vt 0.756286979 1.14849699
vt 0.725000024 1.18007004
vt 0.725000024 1.18007004
vt 0.756286979 1.14849699
vt 0.756286979 1.19365096
vt 0.725000024 1.18007004
vt 0.756286979 1.19365096
vt 0.725000024 1.20352995
vt -1.20352995 0.856508017
vt -1.19365096 0.859274983
vt -1.19365096 0.859274983
vt 0.725000024 1.20352995
vt 0.756286979 1.19365096
vt 0.725000024 1.22579706
vt 0.725000024 1.22579706
vt 0.756286979 1.19365096
vt 0.756286979 1.23489499
vt 0.725000024 1.22579706
vt 0.756286979 1.23489499
vt 0.725000024 1.24671602
vt -1.24671602 0.825676024
vt -1.23489499 0.832186997
vt -1.23489499 0.832186997
vt 0.725000024 1.24671602
vt 0.756286979 1.23489499
vt 0.725000024 1.26607394
vt 0.725000024 1.26607394
vt 0.756286979 1.23489499
vt 0.756286979 1.27109599
vt -0.725000024 0.807550013
vt -0.756286979 0.798654974
vt -0.725000024 0.787720978
vt -0.725000024 0.787720978
vt -0.756286979 0.798654974
vt -0.756286979 0.759600997
vt -0.725000024 0.787720978
vt -0.756286979 0.759600997
vt -0.725000024 0.766487002
vt -1.29964304 0.766487002
vt -1.30125701 0.759600997
vt -1.30125701 0.759600997
vt -0.725000024 0.766487002
vt -0.756286979 0.759600997
vt -0.725000024 0.743831992
vt -0.725000024 0.743831992
vt -0.756286979 0.759600997
vt -0.756286979 0.716099977
vt -0.725000024 0.743831992
vt -0.756286979 0.716099977
vt -0.725000024 0.720152974
vt -0.725000024 0.720152974
vt -0.756286979 0.716099977
vt -0.725000024 0.695542991
vt 0.756286979 1.10067499
vt 0.786803007 1.09946406
vt 0.756286979 1.14849699
vt 0.756286979 1.14849699
vt 0.786803007 1.09946406
vt 0.786803007 1.14610803
vt 0.756286979 1.14849699
vt 0.786803007 1.14610803
vt 0.756286979 1.19365096
vt 0.756286979 1.19365096
vt 0.786803007 1.14610803
vt 0.786803007 1.19015002
vt 0.756286979 1.19365096
vt 0.786803007 1.19015002
vt 0.756286979 1.23489499
vt 0.756286979 1.23489499
vt 0.786803007 1.19015002
vt 0.786803007 1.23037899
vt 0.756286979 1.23489499
vt 0.786803007 1.23037899
vt 0.756286979 1.27109599
vt 0.756286979 1.27109599
vt 0.786803007 1.23037899
vt 0.786803007 1.26568902
vt -0.756286979 0.798654974
vt -0.786803007 0.793711007
vt -0.756286979 0.759600997
vt -0.756286979 0.759600997
vt -0.786803007 0.793711007
vt -0.786803007 0.755618989
vt -0.756286979 0.759600997
vt -0.786803007 0.755618989
vt -0.756286979 0.716099977
vt -1.32454801 0.716099977
vt -1.29510701 0.755618989
vt -1.29510701 0.755618989
vt -0.756286979 0.716099977
vt -0.786803007 0.755618989
vt -0.786803007 0.713189006
vt -0.786803007 0.713189006
vt -0.786803007 0.755618989
vt -0.815797985 0.749091983
vt -0.786803007 0.713189006
vt -0.815797985 0.749091983
vt -0.815797985 0.708418012
vt -0.815797985 0.708418012
vt -0.815797985 0.749091983
vt -0.842557013 0.740180016
vt -0.815797985 0.708418012
vt -0.842557013 0.740180016
vt -0.842557013 0.701902986
vt -0.842557013 0.701902986
vt -0.842557013 0.740180016
vt -0.866420984 0.729102015
vt -0.842557013 0.701902986
vt -0.866420984 0.729102015
vt -0.866420984 0.693804979
vt 1.27305102 0.693804979
vt 1.25415206 0.729102015
vt 1.23412001 0.716131985
vt 1.27305102 0.693804979
vt 1.23412001 0.716131985
vt 1.25115001 0.684324026
vt 1.25115001 0.684324026
vt 1.23412001 0.716131985
vt 1.211658 0.701588988
vt 1.25115001 0.684324026
vt 1.211658 0.701588988
vt 1.22659397 0.673693001
vt 1.22659397 0.673693001
vt 1.211658 0.701588988
vt 1.18731999 0.685829997
vt 1.22659397 0.673693001
vt 1.18731999 0.685829997
vt 1.19998598 0.662173986
vt 1.19998598 0.662173986
vt 1.18731999 0.685829997
vt 1.16170394 0.669243991
vt 1.19998598 0.662173986
vt 1.16170394 0.669243991
vt 1.17198098 0.650049984
vt 1.16170394 0.669243991
vt 1.18731999 0.685829997
vt 1.14839494 0.686477005
vt 1.14839494 0.686477005
vt 1.18731999 0.685829997
vt 1.17091799 0.707068026
vt 1.14839494 0.686477005
vt 1.17091799 0.707068026
vt 1.13242197 0.701272011
vt 1.13242197 0.701272011
vt 1.17091799 0.707068026
vt 1.151232 0.725302994
vt 1.13242197 0.701272011
vt 1.151232 0.725302994
vt 1.114223 0.713225007
vt 1.114223 0.713225007
vt 1.151232 0.725302994
vt 1.12880301 0.740033984
vt 1.114223 0.713225007
vt 1.12880301 0.740033984
vt 1.09429896 0.72200501
vt 1.09429896 0.72200501
vt 1.12880301 0.740033984
vt 1.10424805 0.750855029
vt 1.09429896 0.72200501
vt 1.10424805 0.750855029
vt 1.07319796 0.727371991
vt -1.07319796 0.727371991
vt -1.10424805 0.750855029
vt -1.10424805 0.750855029
vt 1.07319796 0.727371991
vt 1.10424805 0.750855029
vt 1.07824194 0.757468998
vt 1.07824194 0.757468998
vt 1.10424805 0.750855029
vt 1.11370003 0.778264999
vt 1.07824194 0.757468998
vt 1.11370003 0.778264999
vt 1.08303404 0.786064982
vt 1.08303404 0.786064982
vt 1.11370003 0.778264999
vt 1.12242305 0.803562999
vt 1.08303404 0.786064982
vt 1.12242305 0.803562999
vt 1.08745599 0.812456012
vt 1.08745599 0.812456012
vt 1.12242305 0.803562999
vt 1.13020301 0.826122999
vt 1.08745599 0.812456012
vt 1.13020301 0.826122999
vt 1.09140003 0.835991979
vt 0.866420984 1.09140003
vt 0.866420984 1.13020301
vt 0.842557013 1.13684702
vt 0.866420984 1.09140003
vt 0.842557013 1.13684702
vt 0.842557013 1.094769
vt 0.842557013 1.094769
vt 0.842557013 1.13684702
vt 0.815797985 1.14219296
vt 0.842557013 1.094769
vt 0.815797985 1.14219296
vt 0.815797985 1.09747899
vt 0.815797985 1.09747899
vt 0.815797985 1.14219296
vt 0.786803007 1.14610803
vt 0.815797985 1.09747899
vt 0.786803007 1.14610803
vt 0.786803007 1.09946406
vt 0.786803007 1.14610803
vt 0.815797985 1.14219296
vt 0.786803007 1.19015002
vt 0.786803007 1.19015002
vt 0.815797985 1.14219296
vt 0.815797985 1.18441296
vt 0.786803007 1.19015002
vt 0.815797985 1.18441296
vt 0.786803007 1.23037899
vt 0.786803007 1.23037899
vt 0.815797985 1.18441296
vt 0.815797985 1.22297704
vt 0.786803007 1.23037899
vt 0.815797985 1.22297704
vt 0.786803007 1.26568902
vt 0.786803007 1.26568902
vt 0.815797985 1.22297704
vt 0.815797985 1.25682497
vt -0.786803007 0.793711007
vt -0.815797985 0.785607994
vt -0.786803007 0.755618989
vt -1.29510701 0.755618989
vt -1.25682497 0.785607994
vt -1.25682497 0.785607994
vt -0.786803007 0.755618989
vt -0.815797985 0.785607994
vt -0.815797985 0.749091983
vt -0.815797985 0.749091983
vt -0.815797985 0.785607994
vt -0.842557013 0.774542987
vt -0.815797985 0.749091983
vt -0.842557013 0.774542987
vt -0.842557013 0.740180016
vt 1.27126098 0.740180016
vt 1.24472201 0.774542987
vt 1.22967899 0.76078999
vt 1.27126098 0.740180016
vt 1.22967899 0.76078999
vt 1.25415206 0.729102015
vt 1.25415206 0.729102015
vt 1.22967899 0.76078999
vt 1.21206701 0.744687974
vt 1.25415206 0.729102015
vt 1.21206701 0.744687974
vt 1.23412001 0.716131985
vt 1.23412001 0.716131985
vt 1.21206701 0.744687974
vt 1.19231701 0.726631999
vt 1.23412001 0.716131985
vt 1.19231701 0.726631999
vt 1.211658 0.701588988
vt 1.211658 0.701588988
vt 1.19231701 0.726631999
vt 1.17091799 0.707068026
vt 1.211658 0.701588988
vt 1.17091799 0.707068026
vt 1.18731999 0.685829997
vt 1.17091799 0.707068026
vt 1.19231701 0.726631999
vt 1.151232 0.725302994
vt 1.151232 0.725302994
vt 1.19231701 0.726631999
vt 1.16910398 0.748134971
vt 1.151232 0.725302994
vt 1.16910398 0.748134971
vt 1.12880301 0.740033984
vt 1.12880301 0.740033984
vt 1.16910398 0.748134971
vt 1.14265501 0.765505016
vt 1.12880301 0.740033984
vt 1.14265501 0.765505016
vt 1.10424805 0.750855029
vt -1.10424805 0.750855029
vt -1.14265501 0.765505016
vt -1.14265501 0.765505016
vt 1.10424805 0.750855029
vt 1.14265501 0.765505016
vt 1.11370003 0.778264999
vt 1.11370003 0.778264999
vt 1.14265501 0.765505016
vt 1.15543902 0.789013028
vt 1.11370003 0.778264999
vt 1.15543902 0.789013028
vt 1.12242305 0.803562999
vt 1.12242305 0.803562999
vt 1.15543902 0.789013028
vt 1.16684103 0.809976995
vt 1.12242305 0.803562999
vt 1.16684103 0.809976995
vt 1.13020301 0.826122999
vt 0.866420984 1.13020301
vt 0.866420984 1.16684103
vt 0.842557013 1.17657804
vt 0.866420984 1.13020301
vt 0.842557013 1.17657804
vt 0.842557013 1.13684702
vt 0.842557013 1.13684702
vt 0.842557013 1.17657804
vt 0.815797985 1.18441296
vt 0.842557013 1.13684702
vt 0.815797985 1.18441296
vt 0.815797985 1.14219296
vt 0.815797985 1.18441296
vt 0.842557013 1.17657804
vt 0.815797985 1.22297704
vt 0.815797985 1.22297704
vt 0.842557013 1.17657804
vt 0.842557013 1.21287
vt 0.815797985 1.22297704
vt 0.842557013 1.21287
vt 0.815797985 1.25682497
vt -1.25682497 0.785607994
vt -1.21287 0.804048002
vt -1.21287 0.804048002
vt 0.815797985 1.25682497
vt 0.842557013 1.21287
vt 0.842557013 1.24472201
vt 1.24472201 0.774542987
vt 1.21287 0.804048002
vt 1.20030701 0.787998021
vt 1.24472201 0.774542987
vt 1.20030701 0.787998021
vt 1.22967899 0.76078999
vt 1.22967899 0.76078999
vt 1.20030701 0.787998021
vt 1.18559694 0.769205987
vt 1.22967899 0.76078999
vt 1.18559694 0.769205987
vt 1.21206701 0.744687974
vt 1.21206701 0.744687974
vt 1.18559694 0.769205987
vt 1.16910398 0.748134971
vt 1.21206701 0.744687974
vt 1.16910398 0.748134971
vt 1.19231701 0.726631999
vt 1.16910398 0.748134971
vt 1.18559694 0.769205987
vt 1.14265501 0.765505016
vt -1.14265501 0.765505016
vt -1.18559694 0.769205987
vt -1.18559694 0.769205987
vt 1.14265501 0.765505016
vt 1.18559694 0.769205987
vt 1.15543902 0.789013028
vt 1.15543902 0.789013028
vt 1.18559694 0.769205987
vt 1.20030701 0.787998021
vt 1.15543902 0.789013028
vt 1.20030701 0.787998021
vt 1.16684103 0.809976995
vt 1.16684103 0.809976995
vt 1.20030701 0.787998021
vt 1.21287 0.804048002
vt 1.16684103 0.809976995
vt 1.21287 0.804048002
vt 1.17657804 0.827883005
vt -0.725000024 0.669938982
vt -0.745984972 0.66968298
vt -0.725000024 0.620258987
vt -1.35427105 0.620258987
vt -1.34164405 0.66968298
vt -1.34164405 0.66968298
vt -0.725000024 0.620258987
vt -0.745984972 0.66968298
vt -0.725000024 0.570141017
vt -0.725000024 0.570141017
vt -0.745984972 0.66968298
vt -0.756286979 0.468185991
vt -0.725000024 0.570141017
vt -0.756286979 0.468185991
vt -0.725000024 0.519645989
vt -1.37450397 0.519645989
vt -1.38077104 0.468185991
vt -1.38077104 0.468185991
vt -0.725000024 0.519645989
vt -0.756286979 0.468185991
vt -0.725000024 0.468775004
vt -1.38317001 0.468775004
vt -1.38077104 0.468185991
vt -1.38077104 0.468185991
vt -0.725000024 0.468775004
vt -0.756286979 0.468185991
vt -0.725000024 0.417528003
vt -1.39087105 0.417528003
vt -1.38077104 0.468185991
vt -1.38077104 0.468185991
vt -0.725000024 0.417528003
vt -0.756286979 0.468185991
vt -0.725000024 0.365904003
vt -0.725000024 0.365904003
vt -0.756286979 0.468185991
vt -0.756286979 0.260996014
vt -0.725000024 0.365904003
vt -0.756286979 0.260996014
vt -0.725000024 0.313903004
vt -1.403373 0.313903004
vt -1.40574801 0.260996014
vt -1.40574801 0.260996014
vt -0.725000024 0.313903004
vt -0.756286979 0.260996014
vt -0.725000024 0.261525005
vt -1.40817499 0.261525005
vt -1.40574801 0.260996014
vt -1.40574801 0.260996014
vt -0.725000024 0.261525005
vt -0.756286979 0.260996014
vt -0.725000024 0.208997995
vt -1.41033697 0.208997995
vt -1.40574801 0.260996014
vt -1.40574801 0.260996014
vt -0.725000024 0.208997995
vt -0.756286979 0.260996014
vt -0.725000024 0.156187996
vt -0.725000024 0.156187996
vt -0.756286979 0.260996014
vt -0.756286979 0.0493489988
vt -0.725000024 0.156187996
vt -0.756286979 0.0493489988
vt -0.725000024 0.103092
vt -1.40972197 0.103092
vt -1.40446103 0.0493489988
vt -1.40446103 0.0493489988
vt -0.725000024 0.103092
vt -0.756286979 0.0493489988
vt -0.725000024 0.0497110002
vt -1.40695298 0.0497110002
vt -1.40446103 0.0493489988
vt -1.40446103 0.0493489988
vt -0.725000024 0.0497110002
vt -0.756286979 0.0493489988
vt -0.725000024 -0.00319500011
vt -1.40135801 -0.00319500011
vt -1.40446103 0.0493489988
vt -1.40446103 0.0493489988
vt -0.725000024 -0.00319500011
vt -0.756286979 0.0493489988
vt -0.725000024 -0.0560729988
vt -0.725000024 -0.0560729988
vt -0.756286979 0.0493489988
vt -0.756286979 -0.161897004
vt -0.725000024 -0.0560729988
vt -0.756286979 -0.161897004
vt -0.725000024 -0.108926997
vt -1.38378406 -0.108926997
vt -1.36924601 -0.161897004
vt -1.36924601 -0.161897004
vt -0.725000024 -0.108926997
vt -0.756286979 -0.161897004
vt -0.725000024 -0.161759004
vt -1.37181604 -0.161759004
vt -1.36924601 -0.161897004
vt -1.36924601 -0.161897004
vt -0.725000024 -0.161759004
vt -0.756286979 -0.161897004
vt -0.725000024 -0.213753
vt -1.35757303 -0.213753
vt -1.36924601 -0.161897004
vt -1.36924601 -0.161897004
vt -0.725000024 -0.213753
vt -0.756286979 -0.161897004
vt -0.725000024 -0.265383005
vt -0.725000024 -0.265383005
vt -0.756286979 -0.161897004
vt -0.746089995 -0.367047012
vt -0.725000024 -0.265383005
vt -0.746089995 -0.367047012
vt -0.725000024 -0.316659003
vt -0.725000024 -0.316659003
vt -0.746089995 -0.367047012
vt -0.725000024 -0.367579997
vt -0.746089995 -0.367047012
vt -0.756286979 -0.161897004
vt -0.766824007 -0.365469009
vt -0.766824007 -0.365469009
vt -0.756286979 -0.161897004
vt -0.786803007 -0.160097003
vt -0.766824007 -0.365469009
vt -0.786803007 -0.160097003
vt -0.787204027 -0.362845004
vt -1.29297698 -0.362845004
vt -1.36214399 -0.160097003
vt -1.36214399 -0.160097003
vt -0.787204027 -0.362845004
vt -0.786803007 -0.160097003
vt -0.806804001 -0.359218001
vt -0.806804001 -0.359218001
vt -0.786803007 -0.160097003
vt -0.815797985 -0.157144994
vt -0.806804001 -0.359218001
vt -0.815797985 -0.157144994
vt -0.825545013 -0.354607999
vt -0.825545013 -0.354607999
vt -0.815797985 -0.157144994
vt -0.842557013 -0.153116003
vt -0.825545013 -0.354607999
vt -0.842557013 -0.153116003
vt -0.843182981 -0.349059999
vt -1.26761901 -0.349059999
vt -1.33460701 -0.153116003
vt -1.33460701 -0.153116003
vt -0.843182981 -0.349059999
vt -0.842557013 -0.153116003
vt -0.859429002 -0.342653006
vt -0.859429002 -0.342653006
vt -0.842557013 -0.153116003
vt -0.866420984 -0.148107007
vt 1.25592804 -0.342653006
vt 1.31484997 -0.148107007
vt 1.24279201 -0.335417986
vt 1.24279201 -0.335417986
vt 1.31484997 -0.148107007
vt 1.29171801 -0.142242998
vt 1.24279201 -0.335417986
vt 1.29171801 -0.142242998
vt 1.22837603 -0.327427
vt -1.22837603 -0.327427
vt -1.29171801 -0.142242998
vt -1.29171801 -0.142242998
vt 1.22837603 -0.327427
vt 1.29171801 -0.142242998
vt 1.21294403 -0.318789989
vt 1.21294403 -0.318789989
vt 1.29171801 -0.142242998
vt 1.26577902 -0.135667995
vt 1.21294403 -0.318789989
vt 1.26577902 -0.135667995
vt 1.19657898 -0.309540004
vt 1.19657898 -0.309540004
vt 1.26577902 -0.135667995
vt 1.237674 -0.128543004
vt 1.19657898 -0.309540004
vt 1.237674 -0.128543004
vt 1.17950106 -0.299766988
vt -1.17950106 -0.299766988
vt -1.237674 -0.128543004
vt -1.237674 -0.128543004
vt 1.17950106 -0.299766988
vt 1.237674 -0.128543004
vt 1.16203594 -0.289591998
vt 1.16203594 -0.289591998
vt 1.237674 -0.128543004
vt 1.20809305 -0.121044002
vt 1.16203594 -0.289591998
vt 1.20809305 -0.121044002
vt 1.14428699 -0.279045999
vt 1.14428699 -0.279045999
vt 1.20809305 -0.121044002
vt 1.160833 -0.173159003
vt -1.14428699 -0.279045999
vt -1.160833 -0.173159003
vt -1.14428699 -0.279045999
vt 1.14428699 -0.279045999
vt 1.160833 -0.173159003
vt 1.14478803 -0.220794007
vt 1.14428699 -0.279045999
vt 1.14478803 -0.220794007
vt 1.12652695 -0.268222004
vt 1.160833 -0.173159003
vt 1.20809305 -0.121044002
vt 1.17466104 -0.125317007
vt -1.17466104 -0.125317007
vt -1.20809305 -0.121044002
vt -1.20809305 -0.121044002
vt 1.17466104 -0.125317007
vt 1.20809305 -0.121044002
vt 1.18619096 -0.0773139969
vt -1.18619096 -0.0773139969
vt -1.20809305 -0.121044002
vt -1.20809305 -0.121044002
vt 1.18619096 -0.0773139969
vt 1.20809305 -0.121044002
vt 1.195472 -0.0291220006
vt 1.195472 -0.0291220006
vt 1.20809305 -0.121044002
vt 1.23877394 0.0630199984
vt 1.195472 -0.0291220006
vt 1.23877394 0.0630199984
vt 1.20266497 0.0193450004
vt -1.20266497 0.0193450004
vt -1.23877394 0.0630199984
vt -1.23877394 0.0630199984
vt 1.20266497 0.0193450004
vt 1.23877394 0.0630199984
vt 1.20776796 0.0680869967
vt -1.20776796 0.0680869967
vt -1.23877394 0.0630199984
vt -1.23877394 0.0630199984
vt 1.20776796 0.0680869967
vt 1.23877394 0.0630199984
vt 1.21035802 0.117045999
vt -1.21035802 0.117045999
vt -1.23877394 0.0630199984
vt -1.23877394 0.0630199984
vt 1.21035802 0.117045999
vt 1.23877394 0.0630199984
vt 1.21109402 0.166312993
vt 1.21109402 0.166312993
vt 1.23877394 0.0630199984
vt 1.23984504 0.250245005
vt 1.21109402 0.166312993
vt 1.23984504 0.250245005
vt 1.21012104 0.215906993
vt -1.21012104 0.215906993
vt -1.23984504 0.250245005
vt -1.23984504 0.250245005
vt 1.21012104 0.215906993
vt 1.23984504 0.250245005
vt 1.20724297 0.265859991
vt -1.20724297 0.265859991
vt -1.23984504 0.250245005
vt -1.23984504 0.250245005
vt 1.20724297 0.265859991
vt 1.23984504 0.250245005
vt 1.20222104 0.316208005
vt 1.20222104 0.316208005
vt 1.23984504 0.250245005
vt 1.21683598 0.440535009
vt 1.20222104 0.316208005
vt 1.21683598 0.440535009
vt 1.19606197 0.366795003
vt -1.19606197 0.366795003
vt -1.21683598 0.440535009
vt -1.21683598 0.440535009
vt 1.19606197 0.366795003
vt 1.21683598 0.440535009
vt 1.18876696 0.41761899
vt -1.18876696 0.41761899
vt -1.21683598 0.440535009
vt -1.21683598 0.440535009
vt 1.18876696 0.41761899
vt 1.21683598 0.440535009
vt 1.18033504 0.468679994
vt -1.18033504 0.468679994
vt -1.21683598 0.440535009
vt -1.21683598 0.440535009
vt 1.18033504 0.468679994
vt 1.21683598 0.440535009
vt 1.17076695 0.519979
vt 1.17076695 0.519979
vt 1.21683598 0.440535009
vt 1.168612 0.62825799
vt 1.17076695 0.519979
vt 1.168612 0.62825799
vt 1.16006196 0.571515977
vt 1.16006196 0.571515977
vt 1.168612 0.62825799
vt 1.14822102 0.623290002
vt 1.168612 0.62825799
vt 1.21683598 0.440535009
vt 1.18865001 0.633114994
vt 1.18865001 0.633114994
vt 1.21683598 0.440535009
vt 1.24692702 0.445609987
vt 1.18865001 0.633114994
vt 1.24692702 0.445609987
vt 1.20833397 0.637862027
vt -1.20833397 0.637862027
vt -1.24692702 0.445609987
vt -1.24692702 0.445609987
vt 1.20833397 0.637862027
vt 1.24692702 0.445609987
vt 1.22724295 0.642408013
vt 1.22724295 0.642408013
vt 1.24692702 0.445609987
vt 1.27551794 0.450432986
vt 1.22724295 0.642408013
vt 1.27551794 0.450432986
vt 1.245345 0.64674598
vt 1.245345 0.64674598
vt 1.27551794 0.450432986
vt 1.30190396 0.454883993
vt 1.245345 0.64674598
vt 1.30190396 0.454883993
vt 1.26247001 0.650840998
vt -1.26247001 0.650840998
vt -1.30190396 0.454883993
vt -1.30190396 0.454883993
vt 1.26247001 0.650840998
vt 1.30190396 0.454883993
vt 1.27827704 0.654614985
vt 1.27827704 0.654614985
vt 1.30190396 0.454883993
vt 1.325436 0.458853006
vt 1.27827704 0.654614985
vt 1.325436 0.458853006
vt 1.29270399 0.658052981
vt -0.858865023 0.658052981
vt -0.866420984 0.458853006
vt -0.842557013 0.462242991
vt -0.858865023 0.658052981
vt -0.842557013 0.462242991
vt -0.842585027 0.661107004
vt -1.30553603 0.661107004
vt -1.34553504 0.462242991
vt -1.34553504 0.462242991
vt -0.842585027 0.661107004
vt -0.842557013 0.462242991
vt -0.825096011 0.663734972
vt -0.825096011 0.663734972
vt -0.842557013 0.462242991
vt -0.815797985 0.464969993
vt -0.825096011 0.663734972
vt -0.815797985 0.464969993
vt -0.80646801 0.665933013
vt -0.80646801 0.665933013
vt -0.815797985 0.464969993
vt -0.786803007 0.466968
vt -0.80646801 0.665933013
vt -0.786803007 0.466968
vt -0.786900997 0.667671025
vt -1.33316398 0.667671025
vt -1.37354696 0.466968
vt -1.37354696 0.466968
vt -0.786900997 0.667671025
vt -0.786803007 0.466968
vt -0.766707003 0.668922007
vt -0.766707003 0.668922007
vt -0.786803007 0.466968
vt -0.756286979 0.468185991
vt -0.766707003 0.668922007
vt -0.756286979 0.468185991
vt -0.745984972 0.66968298
vt 1.21683598 0.440535009
vt 1.23984504 0.250245005
vt 1.24692702 0.445609987
vt 1.24692702 0.445609987
vt 1.23984504 0.250245005
vt 1.270298 0.252218992
vt 1.24692702 0.445609987
vt 1.270298 0.252218992
vt 1.27551794 0.450432986
vt 1.27551794 0.450432986
vt 1.270298 0.252218992
vt 1.29923201 0.254094005
vt 1.27551794 0.450432986
vt 1.29923201 0.254094005
vt 1.30190396 0.454883993
vt 1.30190396 0.454883993
vt 1.29923201 0.254094005
vt 1.32593501 0.255824
vt 1.30190396 0.454883993
vt 1.32593501 0.255824
vt 1.325436 0.458853006
vt 1.325436 0.458853006
vt 1.32593501 0.255824
vt 1.34974897 0.257367015
vt -0.866420984 0.458853006
vt -0.866420984 0.257367015
vt -0.842557013 0.462242991
vt -0.842557013 0.462242991
vt -0.866420984 0.257367015
vt -0.842557013 0.258686006
vt -0.842557013 0.462242991
vt -0.842557013 0.258686006
vt -0.815797985 0.464969993
vt -0.815797985 0.464969993
vt -0.842557013 0.258686006
vt -0.815797985 0.259745985
vt -0.815797985 0.464969993
vt -0.815797985 0.259745985
vt -0.786803007 0.466968
vt -0.786803007 0.466968
vt -0.815797985 0.259745985
vt -0.786803007 0.260522991
vt -0.786803007 0.466968
vt -0.786803007 0.260522991
vt -0.756286979 0.468185991
vt -1.38077104 0.468185991
vt -1.39843702 0.260522991
vt -1.39843702 0.260522991
vt -0.756286979 0.468185991
vt -0.786803007 0.260522991
vt -0.756286979 0.260996014
vt -0.756286979 0.260996014
vt -0.786803007 0.260522991
vt -0.786803007 0.0499509983
vt -0.756286979 0.260996014
vt -0.786803007 0.0499509983
vt -0.756286979 0.0493489988
vt -0.756286979 0.0493489988
vt -0.786803007 0.0499509983
vt -0.786803007 -0.160097003
vt -0.756286979 0.0493489988
vt -0.786803007 -0.160097003
vt -0.756286979 -0.161897004
vt -0.786803007 -0.160097003
vt -0.786803007 0.0499509983
vt -0.815797985 -0.157144994
vt -0.815797985 -0.157144994
vt -0.786803007 0.0499509983
vt -0.815797985 0.0509390011
vt -0.815797985 -0.157144994
vt -0.815797985 0.0509390011
vt -0.842557013 -0.153116003
vt -0.842557013 -0.153116003
vt -0.815797985 0.0509390011
vt -0.842557013 0.0522870012
vt -0.842557013 -0.153116003
vt -0.842557013 0.0522870012
vt -0.866420984 -0.148107007
vt -0.866420984 -0.148107007
vt -0.842557013 0.0522870012
vt -0.866420984 0.0539640002
vt 1.31484997 -0.148107007
vt 1.34853494 0.0539640002
vt 1.29171801 -0.142242998
vt 1.29171801 -0.142242998
vt 1.34853494 0.0539640002
vt 1.32475197 0.0559259988
vt 1.29171801 -0.142242998
vt 1.32475197 0.0559259988
vt 1.26577902 -0.135667995
vt 1.26577902 -0.135667995
vt 1.32475197 0.0559259988
vt 1.29808295 0.0581259988
vt 1.26577902 -0.135667995
vt 1.29808295 0.0581259988
vt 1.237674 -0.128543004
vt 1.237674 -0.128543004
vt 1.29808295 0.0581259988
vt 1.26918697 0.0605110005
vt 1.237674 -0.128543004
vt 1.26918697 0.0605110005
vt 1.20809305 -0.121044002
vt -1.20809305 -0.121044002
vt -1.26918697 0.0605110005
vt -1.26918697 0.0605110005
vt 1.20809305 -0.121044002
vt 1.26918697 0.0605110005
vt 1.23877394 0.0630199984
vt 1.23877394 0.0630199984
vt 1.26918697 0.0605110005
vt 1.270298 0.252218992
vt 1.23877394 0.0630199984
vt 1.270298 0.252218992
vt 1.23984504 0.250245005
vt 1.270298 0.252218992
vt 1.26918697 0.0605110005
vt 1.29923201 0.254094005
vt 1.29923201 0.254094005
vt 1.26918697 0.0605110005
vt 1.29808295 0.0581259988
vt 1.29923201 0.254094005
vt 1.29808295 0.0581259988
vt 1.32593501 0.255824
vt 1.32593501 0.255824
vt 1.29808295 0.0581259988
vt 1.32475197 0.0559259988
vt 1.32593501 0.255824
vt 1.32475197 0.0559259988
vt 1.34974897 0.257367015
vt 1.34974897 0.257367015
vt 1.32475197 0.0559259988
vt 1.34853494 0.0539640002
vt -0.866420984 0.257367015
vt -0.866420984 0.0539640002
vt -0.842557013 0.258686006
vt -0.842557013 0.258686006
vt -0.866420984 0.0539640002
vt -0.842557013 0.0522870012
vt -0.842557013 0.258686006
vt -0.842557013 0.0522870012
vt -0.815797985 0.259745985
vt -0.815797985 0.259745985
vt -0.842557013 0.0522870012
vt -0.815797985 0.0509390011
vt -0.815797985 0.259745985
vt -0.815797985 0.0509390011
vt -0.786803007 0.260522991
vt -0.786803007 0.260522991
vt -0.815797985 0.0509390011
vt -0.786803007 0.0499509983
vt -1.14822102 0.623290002
vt -1.168612 0.62825799
vt -1.16006196 0.571515977
vt -1.16006196 0.571515977
vt -1.168612 0.62825799
vt -1.168612 0.62825799
vt -1.16006196 0.571515977
vt -1.168612 0.62825799
vt -1.17076695 0.519979
vt -1.17076695 0.519979
vt -1.168612 0.62825799
vt -1.21684098 0.440503001
vt -1.17076695 0.519979
vt -1.21684098 0.440503001
vt -1.18033504 0.468679994
vt -1.18033504 0.468679994
vt -1.21684098 0.440503001
vt -1.21684098 0.440503001
vt -1.18033504 0.468679994
vt -1.21684098 0.440503001
vt -1.189134 0.417560995
vt -1.189134 0.417560995
vt -1.21684098 0.440503001
vt -1.21684098 0.440503001
vt -1.189134 0.417560995
vt -1.21684098 0.440503001
vt -1.19694495 0.366656005
vt -1.19694495 0.366656005
vt -1.21684098 0.440503001
vt -1.23985004 0.250165999
vt -1.19694495 0.366656005
vt -1.23985004 0.250165999
vt -1.20304596 0.316078991
vt -1.20304596 0.316078991
vt -1.23985004 0.250165999
vt -1.23985004 0.250165999
vt -1.20304596 0.316078991
vt -1.23985004 0.250165999
vt -1.20743799 0.265828997
vt -1.20743799 0.265828997
vt -1.23985004 0.250165999
vt -1.23985004 0.250165999
vt -1.20743799 0.265828997
vt -1.23985004 0.250165999
vt -1.21054602 0.215966001
vt -1.21054602 0.215966001
vt -1.23985004 0.250165999
vt -1.23985004 0.250165999
vt -1.21054602 0.215966001
vt -1.23985004 0.250165999
vt -1.21170795 0.166397005
vt -1.21170795 0.166397005
vt -1.23985004 0.250165999
vt -1.23876405 0.0628959984
vt -1.21170795 0.166397005
vt -1.23876405 0.0628959984
vt -1.210783 0.117105
vt -1.210783 0.117105
vt -1.23876405 0.0628959984
vt -1.23876405 0.0628959984
vt -1.210783 0.117105
vt -1.23876405 0.0628959984
vt -1.207811 0.0681099966
vt -1.207811 0.0681099966
vt -1.23876405 0.0628959984
vt -1.23876405 0.0628959984
vt -1.207811 0.0681099966
vt -1.23876405 0.0628959984
vt -1.20284796 0.019444
vt -1.20284796 0.019444
vt -1.23876405 0.0628959984
vt -1.23876405 0.0628959984
vt -1.20284796 0.019444
vt -1.23876405 0.0628959984
vt -1.19566905 -0.0290159993
vt -1.19566905 -0.0290159993
vt -1.23876405 0.0628959984
vt -1.20805001 -0.121211998
vt -1.19566905 -0.0290159993
vt -1.20805001 -0.121211998
vt -1.18627298 -0.0772700012
vt -1.18627298 -0.0772700012
vt -1.20805001 -0.121211998
vt -1.20805001 -0.121211998
vt -1.18627298 -0.0772700012
vt -1.20805001 -0.121211998
vt -1.17466104 -0.125317007
vt -1.17466104 -0.125317007
vt -1.20805001 -0.121211998
vt -1.20805001 -0.121211998
vt -1.17466104 -0.125317007
vt -1.20805001 -0.121211998
vt -1.160833 -0.173159003
vt -1.160833 -0.173159003
vt -1.20805001 -0.121211998
vt -1.14428699 -0.279045999
vt -1.160833 -0.173159003
vt -1.14428699 -0.279045999
vt -1.14478803 -0.220794007
vt -1.14478803 -0.220794007
vt -1.14428699 -0.279045999
vt -1.12652695 -0.268222004
vt -1.14428699 -0.279045999
vt -1.20805001 -0.121211998
vt -1.16194403 -0.289561003
vt -1.16194403 -0.289561003
vt -1.20805001 -0.121211998
vt -1.23763001 -0.128714994
vt -1.16194403 -0.289561003
vt -1.23763001 -0.128714994
vt -1.17950106 -0.299766988
vt -1.17950106 -0.299766988
vt -1.23763001 -0.128714994
vt -1.23763001 -0.128714994
vt -1.17950106 -0.299766988
vt -1.23763001 -0.128714994
vt -1.19649899 -0.309509993
vt -1.19649899 -0.309509993
vt -1.23763001 -0.128714994
vt -1.26573396 -0.135844007
vt -1.19649899 -0.309509993
vt -1.26573396 -0.135844007
vt -1.21287 -0.318760008
vt -1.21287 -0.318760008
vt -1.26573396 -0.135844007
vt -1.29167199 -0.142424002
vt -1.21287 -0.318760008
vt -1.29167199 -0.142424002
vt -1.22837603 -0.327427
vt -1.22837603 -0.327427
vt -1.29167199 -0.142424002
vt -1.29167199 -0.142424002
vt -1.22837603 -0.327427
vt -1.29167199 -0.142424002
vt -1.24272799 -0.335391015
vt -1.24272799 -0.335391015
vt -1.29167199 -0.142424002
vt -1.314803 -0.148291007
vt -1.24272799 -0.335391015
vt -1.314803 -0.148291007
vt -1.25587296 -0.342628986
vt 0.409496009 -0.342628986
vt 0.416420996 -0.148291007
vt 0.392556995 -0.153302997
vt 0.409496009 -0.342628986
vt 0.392556995 -0.153302997
vt 0.393182993 -0.349059999
vt -1.26761997 -0.349059999
vt -1.33456004 -0.153302997
vt -1.33456004 -0.153302997
vt 0.393182993 -0.349059999
vt 0.392556995 -0.153302997
vt 0.375618011 -0.354588985
vt 0.375618011 -0.354588985
vt 0.392556995 -0.153302997
vt 0.365797997 -0.157334998
vt 0.375618011 -0.354588985
vt 0.365797997 -0.157334998
vt 0.356884003 -0.359203994
vt 0.356884003 -0.359203994
vt 0.365797997 -0.157334998
vt 0.336804003 -0.160288006
vt 0.356884003 -0.359203994
vt 0.336804003 -0.160288006
vt 0.337206006 -0.36284399
vt -1.29297602 -0.36284399
vt -1.36209595 -0.160288006
vt -1.36209595 -0.160288006
vt 0.337206006 -0.36284399
vt 0.336804003 -0.160288006
vt 0.316908002 -0.365460008
vt 0.316908002 -0.365460008
vt 0.336804003 -0.160288006
vt 0.306286991 -0.162089005
vt 0.316908002 -0.365460008
vt 0.306286991 -0.162089005
vt 0.296085 -0.367047995
vt 0.296085 -0.367047995
vt 0.306286991 -0.162089005
vt 0.275000006 -0.259685993
vt -1.300753 -0.367047995
vt -1.34294605 -0.259685993
vt -1.300753 -0.367047995
vt 0.296085 -0.367047995
vt 0.275000006 -0.259685993
vt 0.275000006 -0.313690007
vt 0.296085 -0.367047995
vt 0.275000006 -0.313690007
vt 0.275000006 -0.367579997
vt 0.275000006 -0.259685993
vt 0.306286991 -0.162089005
vt 0.275000006 -0.205568001
vt -1.3599 -0.205568001
vt -1.36919701 -0.162089005
vt -1.36919701 -0.162089005
vt 0.275000006 -0.205568001
vt 0.306286991 -0.162089005
vt 0.275000006 -0.151326999
vt -1.37435997 -0.151326999
vt -1.36919701 -0.162089005
vt -1.36919701 -0.162089005
vt 0.275000006 -0.151326999
vt 0.306286991 -0.162089005
vt 0.275000006 -0.0969529971
vt 0.275000006 -0.0969529971
vt 0.306286991 -0.162089005
vt 0.306286991 0.0492069982
vt 0.275000006 -0.0969529971
vt 0.306286991 0.0492069982
vt 0.275000006 -0.0424869992
vt -1.39586794 -0.0424869992
vt -1.40445006 0.0492069982
vt -1.40445006 0.0492069982
vt 0.275000006 -0.0424869992
vt 0.306286991 0.0492069982
vt 0.275000006 0.0120689999
vt -1.40322602 0.0120689999
vt -1.40445006 0.0492069982
vt -1.40445006 0.0492069982
vt 0.275000006 0.0120689999
vt 0.306286991 0.0492069982
vt 0.275000006 0.0667560026
vt -1.40803003 0.0667560026
vt -1.40445006 0.0492069982
vt -1.40445006 0.0492069982
vt 0.275000006 0.0667560026
vt 0.306286991 0.0492069982
vt 0.275000006 0.121554002
vt 0.275000006 0.121554002
vt 0.306286991 0.0492069982
vt 0.306286991 0.260908991
vt 0.275000006 0.121554002
vt 0.306286991 0.260908991
vt 0.275000006 0.176382005
vt -1.41099894 0.176382005
vt -1.40575302 0.260908991
vt -1.40575302 0.260908991
vt 0.275000006 0.176382005
vt 0.306286991 0.260908991
vt 0.275000006 0.231242001
vt -1.40972602 0.231242001
vt -1.40575302 0.260908991
vt -1.40575302 0.260908991
vt 0.275000006 0.231242001
vt 0.306286991 0.260908991
vt 0.275000006 0.286220014
vt -1.40599203 0.286220014
vt -1.40575302 0.260908991
vt -1.40575302 0.260908991
vt 0.275000006 0.286220014
vt 0.306286991 0.260908991
vt 0.275000006 0.341214001
vt 0.275000006 0.341214001
vt 0.306286991 0.260908991
vt 0.306286991 0.468151987
vt 0.275000006 0.341214001
vt 0.306286991 0.468151987
vt 0.275000006 0.396149993
vt -1.39386499 0.396149993
vt -1.380777 0.468151987
vt -1.380777 0.468151987
vt 0.275000006 0.396149993
vt 0.306286991 0.468151987
vt 0.275000006 0.451025993
vt -1.38601696 0.451025993
vt -1.380777 0.468151987
vt -1.380777 0.468151987
vt 0.275000006 0.451025993
vt 0.306286991 0.468151987
vt 0.275000006 0.505842984
vt -1.37697804 0.505842984
vt -1.380777 0.468151987
vt -1.380777 0.468151987
vt 0.275000006 0.505842984
vt 0.306286991 0.468151987
vt 0.275000006 0.560600996
vt 0.275000006 0.560600996
vt 0.306286991 0.468151987
vt 0.295985997 0.66968298
vt 0.275000006 0.560600996
vt 0.295985997 0.66968298
vt 0.275000006 0.615298986
vt 0.275000006 0.615298986
vt 0.295985997 0.66968298
vt 0.275000006 0.669938982
vt 0.295985997 0.66968298
vt 0.306286991 0.468151987
vt 0.316619009 0.668928027
vt 0.316619009 0.668928027
vt 0.306286991 0.468151987
vt 0.336804003 0.466933995
vt 0.316619009 0.668928027
vt 0.336804003 0.466933995
vt 0.336901993 0.667671025
vt -1.33316398 0.667671025
vt -1.37355196 0.466933995
vt -1.37355196 0.466933995
vt 0.336901993 0.667671025
vt 0.336804003 0.466933995
vt 0.356393009 0.665939987
vt 0.356393009 0.665939987
vt 0.336804003 0.466933995
vt 0.365797997 0.464935988
vt 0.356393009 0.665939987
vt 0.365797997 0.464935988
vt 0.375028998 0.663743973
vt 0.375028998 0.663743973
vt 0.365797997 0.464935988
vt 0.392556995 0.462208986
vt 0.375028998 0.663743973
vt 0.392556995 0.462208986
vt 0.392585009 0.661107004
vt -1.30553603 0.661107004
vt -1.34554005 0.462208986
vt -1.34554005 0.462208986
vt 0.392585009 0.661107004
vt 0.392556995 0.462208986
vt 0.408800989 0.658064008
vt 0.408800989 0.658064008
vt 0.392556995 0.462208986
vt 0.416420996 0.458819002
vt -1.29275501 0.658064008
vt -1.32544196 0.458819002
vt -1.27834904 0.654631019
vt -1.27834904 0.654631019
vt -1.32544196 0.458819002
vt -1.30191004 0.454849988
vt -1.27834904 0.654631019
vt -1.30191004 0.454849988
vt -1.26247001 0.650840998
vt -1.26247001 0.650840998
vt -1.30191004 0.454849988
vt -1.30191004 0.454849988
vt -1.26247001 0.650840998
vt -1.30191004 0.454849988
vt -1.24542403 0.64676398
vt -1.24542403 0.64676398
vt -1.30191004 0.454849988
vt -1.27552402 0.450399995
vt -1.24542403 0.64676398
vt -1.27552402 0.450399995
vt -1.22730005 0.642419994
vt -1.22730005 0.642419994
vt -1.27552402 0.450399995
vt -1.24693298 0.445578009
vt -1.22730005 0.642419994
vt -1.24693298 0.445578009
vt -1.20833397 0.637862027
vt -1.20833397 0.637862027
vt -1.24693298 0.445578009
vt -1.24693298 0.445578009
vt -1.20833397 0.637862027
vt -1.24693298 0.445578009
vt -1.18873405 0.633132994
vt -1.18873405 0.633132994
vt -1.24693298 0.445578009
vt -1.21684098 0.440503001
vt -1.18873405 0.633132994
vt -1.21684098 0.440503001
vt -1.168612 0.62825799
vt 0.306286991 0.468151987
vt 0.306286991 0.260908991
vt 0.336804003 0.466933995
vt 0.336804003 0.466933995
vt 0.306286991 0.260908991
vt 0.336804003 0.260434985
vt 0.336804003 0.466933995
vt 0.336804003 0.260434985
vt 0.365797997 0.464935988
vt 0.365797997 0.464935988
vt 0.336804003 0.260434985
vt 0.365797997 0.259658992
vt 0.365797997 0.464935988
vt 0.365797997 0.259658992
vt 0.392556995 0.462208986
vt 0.392556995 0.462208986
vt 0.365797997 0.259658992
vt 0.392556995 0.258599997
vt 0.392556995 0.462208986
vt 0.392556995 0.258599997
vt 0.416420996 0.458819002
vt 0.416420996 0.458819002
vt 0.392556995 0.258599997
vt 0.416420996 0.257283002
vt -1.32544196 0.458819002
vt -1.34975398 0.257283002
vt -1.30191004 0.454849988
vt -1.30191004 0.454849988
vt -1.34975398 0.257283002
vt -1.32594001 0.255739987
vt -1.30191004 0.454849988
vt -1.32594001 0.255739987
vt -1.27552402 0.450399995
vt -1.27552402 0.450399995
vt -1.32594001 0.255739987
vt -1.29923701 0.254011005
vt -1.27552402 0.450399995
vt -1.29923701 0.254011005
vt -1.24693298 0.445578009
vt -1.24693298 0.445578009
vt -1.29923701 0.254011005
vt -1.27030301 0.252137989
vt -1.24693298 0.445578009
vt -1.27030301 0.252137989
vt -1.21684098 0.440503001
vt -1.21684098 0.440503001
vt -1.27030301 0.252137989
vt -1.27030301 0.252137989
vt -1.21684098 0.440503001
vt -1.27030301 0.252137989
vt -1.23985004 0.250165999
vt -1.23985004 0.250165999
vt -1.27030301 0.252137989
vt -1.26917601 0.0603829995
vt -1.23985004 0.250165999
vt -1.26917601 0.0603829995
vt -1.23876405 0.0628959984
vt -1.23876405 0.0628959984
vt -1.26917601 0.0603829995
vt -1.23763001 -0.128714994
vt -1.23876405 0.0628959984
vt -1.23763001 -0.128714994
vt -1.20805001 -0.121211998
vt -1.23763001 -0.128714994
vt -1.26917601 0.0603829995
vt -1.26573396 -0.135844007
vt -1.26573396 -0.135844007
vt -1.26917601 0.0603829995
vt -1.29807305 0.0579960011
vt -1.26573396 -0.135844007
vt -1.29807305 0.0579960011
vt -1.29167199 -0.142424002
vt -1.29167199 -0.142424002
vt -1.29807305 0.0579960011
vt -1.32474101 0.0557929985
vt -1.29167199 -0.142424002
vt -1.32474101 0.0557929985
vt -1.314803 -0.148291007
vt -1.314803 -0.148291007
vt -1.32474101 0.0557929985
vt -1.34852397 0.053828001
vt 0.416420996 -0.148291007
vt 0.416420996 0.053828001
vt 0.392556995 -0.153302997
vt 0.392556995 -0.153302997
vt 0.416420996 0.053828001
vt 0.392556995 0.0521490015
vt 0.392556995 -0.153302997
vt 0.392556995 0.0521490015
vt 0.365797997 -0.157334998
vt 0.365797997 -0.157334998
vt 0.392556995 0.0521490015
vt 0.365797997 0.050799001
vt 0.365797997 -0.157334998
vt 0.365797997 0.050799001
vt 0.336804003 -0.160288006
vt 0.336804003 -0.160288006
vt 0.365797997 0.050799001
vt 0.336804003 0.0498099998
vt 0.336804003 -0.160288006
vt 0.336804003 0.0498099998
vt 0.306286991 -0.162089005
vt -1.36919701 -0.162089005
vt -1.39714801 0.0498099998
vt -1.39714801 0.0498099998
vt 0.306286991 -0.162089005
vt 0.336804003 0.0498099998
vt 0.306286991 0.0492069982
vt 0.306286991 0.0492069982
vt 0.336804003 0.0498099998
vt 0.336804003 0.260434985
vt 0.306286991 0.0492069982
vt 0.336804003 0.260434985
vt 0.306286991 0.260908991
vt 0.336804003 0.260434985
vt 0.336804003 0.0498099998
vt 0.365797997 0.259658992
vt 0.365797997 0.259658992
vt 0.336804003 0.0498099998
vt 0.365797997 0.050799001
vt 0.365797997 0.259658992
vt 0.365797997 0.050799001
vt 0.392556995 0.258599997
vt 0.392556995 0.258599997
vt 0.365797997 0.050799001
vt 0.392556995 0.0521490015
vt 0.392556995 0.258599997
vt 0.392556995 0.0521490015
vt 0.416420996 0.257283002
vt 0.416420996 0.257283002
vt 0.392556995 0.0521490015
vt 0.416420996 0.053828001
vt -1.34975398 0.257283002
vt -1.34852397 0.053828001
vt -1.32594001 0.255739987
vt -1.32594001 0.255739987
vt -1.34852397 0.053828001
vt -1.32474101 0.0557929985
vt -1.32594001 0.255739987
vt -1.32474101 0.0557929985
vt -1.29923701 0.254011005
vt -1.29923701 0.254011005
vt -1.32474101 0.0557929985
vt -1.29807305 0.0579960011
vt -1.29923701 0.254011005
vt -1.29807305 0.0579960011
vt -1.27030301 0.252137989
vt -1.27030301 0.252137989
vt -1.29807305 0.0579960011
vt -1.26917601 0.0603829995
vt -1.14822102 0.623290002
vt -1.14349306 0.637098014
vt -1.168612 0.62825799
vt -1.168612 0.62825799
vt -1.14349306 0.637098014
vt -1.17198098 0.650049984
vt -1.168612 0.62825799
vt -1.17198098 0.650049984
vt -1.18873405 0.633132994
vt -1.18873405 0.633132994
vt -1.17198098 0.650049984
vt -1.19998598 0.662173986
vt -1.18873405 0.633132994
vt -1.19998598 0.662173986
vt -1.20833397 0.637862027
vt -1.20833397 0.637862027
vt -1.19998598 0.662173986
vt -1.19998598 0.662173986
vt -1.20833397 0.637862027
vt -1.19998598 0.662173986
vt -1.22730005 0.642419994
vt -1.22730005 0.642419994
vt -1.19998598 0.662173986
vt -1.22659397 0.673693001
vt -1.22730005 0.642419994
vt -1.22659397 0.673693001
vt -1.24542403 0.64676398
vt -1.24542403 0.64676398
vt -1.22659397 0.673693001
vt -1.25115001 0.684324026
vt -1.24542403 0.64676398
vt -1.25115001 0.684324026
vt -1.26247001 0.650840998
vt -1.26247001 0.650840998
vt -1.25115001 0.684324026
vt -1.25115001 0.684324026
vt -1.26247001 0.650840998
vt -1.25115001 0.684324026
vt -1.27834904 0.654631019
vt -1.27834904 0.654631019
vt -1.25115001 0.684324026
vt -1.27305102 0.693804979
vt -1.27834904 0.654631019
vt -1.27305102 0.693804979
vt -1.29275501 0.658064008
vt 0.408800989 0.658064008
vt 0.416420996 0.693804979
vt 0.392556995 0.701902986
vt 0.408800989 0.658064008
vt 0.392556995 0.701902986
vt 0.392585009 0.661107004
vt -1.30553603 0.661107004
vt -1.29175496 0.701902986
vt -1.29175496 0.701902986
vt 0.392585009 0.661107004
vt 0.392556995 0.701902986
vt 0.375028998 0.663743973
vt 0.375028998 0.663743973
vt 0.392556995 0.701902986
vt 0.365797997 0.708418012
vt 0.375028998 0.663743973
vt 0.365797997 0.708418012
vt 0.356393009 0.665939987
vt 0.356393009 0.665939987
vt 0.365797997 0.708418012
vt 0.336804003 0.713189006
vt 0.356393009 0.665939987
vt 0.336804003 0.713189006
vt 0.336901993 0.667671025
vt -1.33316398 0.667671025
vt -1.31782496 0.713189006
vt -1.31782496 0.713189006
vt 0.336901993 0.667671025
vt 0.336804003 0.713189006
vt 0.316619009 0.668928027
vt 0.316619009 0.668928027
vt 0.336804003 0.713189006
vt 0.306286991 0.716099977
vt 0.316619009 0.668928027
vt 0.306286991 0.716099977
vt 0.295985997 0.66968298
vt 0.295985997 0.66968298
vt 0.306286991 0.716099977
vt 0.275000006 0.695487976
vt 0.295985997 0.66968298
vt 0.275000006 0.695487976
vt 0.275000006 0.669938982
vt 0.275000006 0.695487976
vt 0.306286991 0.716099977
vt 0.275000006 0.720103979
vt -1.32547796 0.720103979
vt -1.32454801 0.716099977
vt -1.32454801 0.716099977
vt 0.275000006 0.720103979
vt 0.306286991 0.716099977
vt 0.275000006 0.743788004
vt 0.275000006 0.743788004
vt 0.306286991 0.716099977
vt 0.306286991 0.759600997
vt 0.275000006 0.743788004
vt 0.306286991 0.759600997
vt 0.275000006 0.766448975
vt -1.29966903 0.766448975
vt -1.30125701 0.759600997
vt -1.30125701 0.759600997
vt 0.275000006 0.766448975
vt 0.306286991 0.759600997
vt 0.275000006 0.787688971
vt 0.275000006 0.787688971
vt 0.306286991 0.759600997
vt 0.306286991 0.798654974
vt 0.275000006 0.787688971
vt 0.306286991 0.798654974
vt 0.275000006 0.807524025
vt -1.26610005 0.807524025
vt -1.27109599 0.798654974
vt -1.27109599 0.798654974
vt -0.275000006 1.26610005
vt -0.306286991 1.27109599
vt -0.275000006 1.24674201
vt -0.275000006 1.24674201
vt -0.306286991 1.27109599
vt -0.306286991 1.23489499
vt -0.275000006 1.24674201
vt -0.306286991 1.23489499
vt -0.275000006 1.22582102
vt -1.22582102 0.842043996
vt -1.23489499 0.832186997
vt -1.23489499 0.832186997
vt -0.275000006 1.22582102
vt -0.306286991 1.23489499
vt -0.275000006 1.20355105
vt -0.275000006 1.20355105
vt -0.306286991 1.23489499
vt -0.306286991 1.19365096
vt -0.275000006 1.20355105
vt -0.306286991 1.19365096
vt -0.275000006 1.180089
vt -0.275000006 1.180089
vt -0.306286991 1.19365096
vt -0.306286991 1.14849699
vt -0.275000006 1.180089
vt -0.306286991 1.14849699
vt -0.275000006 1.15559697
vt -1.15559697 0.879244983
vt -1.14849699 0.879173994
vt -1.14849699 0.879173994
vt -0.275000006 1.15559697
vt -0.306286991 1.14849699
vt -0.275000006 1.13033497
vt -0.275000006 1.13033497
vt -0.306286991 1.14849699
vt -0.306286991 1.10067499
vt -0.275000006 1.13033497
vt -0.306286991 1.10067499
vt -0.275000006 1.10438001
vt -1.10438001 0.893190026
vt -1.10067499 0.891336024
vt -1.10067499 0.891336024
vt -0.275000006 1.10438001
vt -0.306286991 1.10067499
vt -0.275000006 1.07811296
vt -0.275000006 1.07811296
vt -0.306286991 1.10067499
vt -0.295944005 1.05149996
vt -0.275000006 1.07811296
vt -0.295944005 1.05149996
vt -0.275000006 1.05149996
vt -0.295944005 1.05149996
vt -0.306286991 1.10067499
vt -0.316628009 1.05149996
vt -0.316628009 1.05149996
vt -0.306286991 1.10067499
vt -0.336804003 1.09946406
vt -0.316628009 1.05149996
vt -0.336804003 1.09946406
vt -0.336804003 1.05149996
vt -1.05149996 0.888101995
vt -1.09946406 0.884110987
vt -1.09946406 0.884110987
vt -0.336804003 1.05149996
vt -0.336804003 1.09946406
vt -0.356382012 1.05149996
vt -0.356382012 1.05149996
vt -0.336804003 1.09946406
vt -0.365797997 1.09747899
vt -0.356382012 1.05149996
vt -0.365797997 1.09747899
vt -0.375039011 1.05149996
vt -0.375039011 1.05149996
vt -0.365797997 1.09747899
vt -0.392556995 1.094769
vt -0.375039011 1.05149996
vt -0.392556995 1.094769
vt -0.392556995 1.05149996
vt -1.05149996 0.859694004
vt -1.094769 0.856094003
vt -1.094769 0.856094003
vt -0.392556995 1.05149996
vt -0.392556995 1.094769
vt -0.408854008 1.05149996
vt -0.408854008 1.05149996
vt -0.392556995 1.094769
vt -0.416420996 1.09140003
vt -1.05149996 0.846493006
vt -1.09140003 0.835991979
vt -1.05149996 0.831678987
vt -1.05149996 0.831678987
vt -1.09140003 0.835991979
vt -1.08745599 0.812456012
vt -1.05149996 0.831678987
vt -1.08745599 0.812456012
vt -1.05149996 0.815446973
vt -1.05149996 0.815446973
vt -1.08745599 0.812456012
vt -1.08745599 0.812456012
vt -1.05149996 0.815446973
vt -1.08745599 0.812456012
vt -1.05149996 0.797856987
vt -1.05149996 0.797856987
vt -1.08745599 0.812456012
vt -1.08303404 0.786064982
vt -1.05149996 0.797856987
vt -1.08303404 0.786064982
vt -1.05149996 0.779192984
vt -1.05149996 0.779192984
vt -1.08303404 0.786064982
vt -1.07824194 0.757468998
vt -1.05149996 0.779192984
vt -1.07824194 0.757468998
vt -1.05149996 0.75969398
vt -1.05149996 0.75969398
vt -1.07824194 0.757468998
vt -1.07824194 0.757468998
vt -1.05149996 0.75969398
vt -1.07824194 0.757468998
vt -1.05149996 0.739435017
vt -1.05149996 0.739435017
vt -1.07824194 0.757468998
vt -1.07319796 0.727371991
vt -1.05149996 0.739435017
vt -1.07319796 0.727371991
vt -1.05149996 0.718833983
vt -1.05149996 0.718833983
vt -1.07319796 0.727371991
vt -1.06605601 0.696825027
vt -1.05149996 0.718833983
vt -1.06605601 0.696825027
vt -1.05149996 0.697889984
vt -1.06605601 0.696825027
vt -1.07319796 0.727371991
vt -1.08030105 0.693652987
vt -1.08030105 0.693652987
vt -1.07319796 0.727371991
vt -1.09429896 0.72200501
vt -1.08030105 0.693652987
vt -1.09429896 0.72200501
vt -1.09393203 0.688440979
vt -1.09393203 0.688440979
vt -1.09429896 0.72200501
vt -1.114223 0.713225007
vt -1.09393203 0.688440979
vt -1.114223 0.713225007
vt -1.10665703 0.681302011
vt -1.10665703 0.681302011
vt -1.114223 0.713225007
vt -1.13242197 0.701272011
vt -1.10665703 0.681302011
vt -1.13242197 0.701272011
vt -1.11820602 0.672388017
vt -1.11820602 0.672388017
vt -1.13242197 0.701272011
vt -1.14839494 0.686477005
vt -1.11820602 0.672388017
vt -1.14839494 0.686477005
vt -1.12833297 0.661891997
vt -1.12833297 0.661891997
vt -1.14839494 0.686477005
vt -1.16170394 0.669243991
vt -1.12833297 0.661891997
vt -1.16170394 0.669243991
vt -1.13682497 0.650036991
vt -1.13682497 0.650036991
vt -1.16170394 0.669243991
vt -1.17198098 0.650049984
vt -1.13682497 0.650036991
vt -1.17198098 0.650049984
vt -1.14349306 0.637098014
vt -1.07319796 0.727371991
vt -1.07824194 0.757468998
vt -1.09429896 0.72200501
vt -1.09429896 0.72200501
vt -1.07824194 0.757468998
vt -1.10424805 0.750855029
vt -1.09429896 0.72200501
vt -1.10424805 0.750855029
vt -1.114223 0.713225007
vt -1.114223 0.713225007
vt -1.10424805 0.750855029
vt -1.12880301 0.740033984
vt -1.114223 0.713225007
vt -1.12880301 0.740033984
vt -1.13242197 0.701272011
vt -1.13242197 0.701272011
vt -1.12880301 0.740033984
vt -1.151232 0.725302994
vt -1.13242197 0.701272011
vt -1.151232 0.725302994
vt -1.14839494 0.686477005
vt -1.14839494 0.686477005
vt -1.151232 0.725302994
vt -1.17091799 0.707068026
vt -1.14839494 0.686477005
vt -1.17091799 0.707068026
vt -1.16170394 0.669243991
vt -1.16170394 0.669243991
vt -1.17091799 0.707068026
vt -1.18731999 0.685829997
vt -1.16170394 0.669243991
vt -1.18731999 0.685829997
vt -1.17198098 0.650049984
vt -1.17198098 0.650049984
vt -1.18731999 0.685829997
vt -1.18731999 0.685829997
vt -1.17198098 0.650049984
vt -1.18731999 0.685829997
vt -1.19998598 0.662173986
vt -1.19998598 0.662173986
vt -1.18731999 0.685829997
vt -1.211658 0.701588988
vt -1.19998598 0.662173986
vt -1.211658 0.701588988
vt -1.22659397 0.673693001
vt -1.22659397 0.673693001
vt -1.211658 0.701588988
vt -1.23412001 0.716131985
vt -1.22659397 0.673693001
vt -1.23412001 0.716131985
vt -1.25115001 0.684324026
vt -1.25115001 0.684324026
vt -1.23412001 0.716131985
vt -1.25415206 0.729102015
vt -1.25115001 0.684324026
vt -1.25415206 0.729102015
vt -1.27305102 0.693804979
vt 0.416420996 0.693804979
vt 0.416420996 0.729102015
vt 0.392556995 0.740180016
vt 0.416420996 0.693804979
vt 0.392556995 0.740180016
vt 0.392556995 0.701902986
vt 0.392556995 0.701902986
vt 0.392556995 0.740180016
vt 0.365797997 0.749091983
vt 0.392556995 0.701902986
vt 0.365797997 0.749091983
vt 0.365797997 0.708418012
vt 0.365797997 0.708418012
vt 0.365797997 0.749091983
vt 0.336804003 0.755618989
vt 0.365797997 0.708418012
vt 0.336804003 0.755618989
vt 0.336804003 0.713189006
vt 0.336804003 0.713189006
vt 0.336804003 0.755618989
vt 0.306286991 0.759600997
vt 0.336804003 0.713189006
vt 0.306286991 0.759600997
vt 0.306286991 0.716099977
vt 0.306286991 0.759600997
vt 0.336804003 0.755618989
vt 0.306286991 0.798654974
vt 0.306286991 0.798654974
vt 0.336804003 0.755618989
vt 0.336804003 0.793711007
vt -0.306286991 1.27109599
vt -0.336804003 1.26568902
vt -0.306286991 1.23489499
vt -0.306286991 1.23489499
vt -0.336804003 1.26568902
vt -0.336804003 1.23037899
vt -0.306286991 1.23489499
vt -0.336804003 1.23037899
vt -0.306286991 1.19365096
vt -0.306286991 1.19365096
vt -0.336804003 1.23037899
vt -0.336804003 1.19015002
vt -0.306286991 1.19365096
vt -0.336804003 1.19015002
vt -0.306286991 1.14849699
vt -0.306286991 1.14849699
vt -0.336804003 1.19015002
vt -0.336804003 1.14610803
vt -0.306286991 1.14849699
vt -0.336804003 1.14610803
vt -0.306286991 1.10067499
vt -1.10067499 0.891336024
vt -1.14610803 0.872247994
vt -1.14610803 0.872247994
vt -0.306286991 1.10067499
vt -0.336804003 1.14610803
vt -0.336804003 1.09946406
vt -0.336804003 1.09946406
vt -0.336804003 1.14610803
vt -0.365797997 1.14219296
vt -0.336804003 1.09946406
vt -0.365797997 1.14219296
vt -0.365797997 1.09747899
vt -0.365797997 1.09747899
vt -0.365797997 1.14219296
vt -0.392556995 1.13684702
vt -0.365797997 1.09747899
vt -0.392556995 1.13684702
vt -0.392556995 1.094769
vt -0.392556995 1.094769
vt -0.392556995 1.13684702
vt -0.416420996 1.13020301
vt -0.392556995 1.094769
vt -0.416420996 1.13020301
vt -0.416420996 1.09140003
vt -1.09140003 0.835991979
vt -1.13020301 0.826122999
vt -1.12242305 0.803562999
vt -1.09140003 0.835991979
vt -1.12242305 0.803562999
vt -1.08745599 0.812456012
vt -1.08745599 0.812456012
vt -1.12242305 0.803562999
vt -1.11370003 0.778264999
vt -1.08745599 0.812456012
vt -1.11370003 0.778264999
vt -1.08303404 0.786064982
vt -1.08303404 0.786064982
vt -1.11370003 0.778264999
vt -1.10424805 0.750855029
vt -1.08303404 0.786064982
vt -1.10424805 0.750855029
vt -1.07824194 0.757468998
vt -1.10424805 0.750855029
vt -1.11370003 0.778264999
vt -1.12880301 0.740033984
vt -1.12880301 0.740033984
vt -1.11370003 0.778264999
vt -1.14265501 0.765505016
vt -1.12880301 0.740033984
vt -1.14265501 0.765505016
vt -1.151232 0.725302994
vt -1.151232 0.725302994
vt -1.14265501 0.765505016
vt -1.16910398 0.748134971
vt -1.151232 0.725302994
vt -1.16910398 0.748134971
vt -1.17091799 0.707068026
vt -1.17091799 0.707068026
vt -1.16910398 0.748134971
vt -1.19231701 0.726631999
vt -1.17091799 0.707068026
vt -1.19231701 0.726631999
vt -1.18731999 0.685829997
vt -1.18731999 0.685829997
vt -1.19231701 0.726631999
vt -1.19231701 0.726631999
vt -1.18731999 0.685829997
vt -1.19231701 0.726631999
vt -1.211658 0.701588988
vt -1.211658 0.701588988
vt -1.19231701 0.726631999
vt -1.21206701 0.744687974
vt -1.211658 0.701588988
vt -1.21206701 0.744687974
vt -1.23412001 0.716131985
vt -1.23412001 0.716131985
vt -1.21206701 0.744687974
vt -1.22967899 0.76078999
vt -1.23412001 0.716131985
vt -1.22967899 0.76078999
vt -1.25415206 0.729102015
vt -1.25415206 0.729102015
vt -1.22967899 0.76078999
vt -1.24472201 0.774542987
vt -1.25415206 0.729102015
vt -1.24472201 0.774542987
vt -1.27126098 0.740180016
vt 0.392556995 0.740180016
vt 0.392556995 0.774542987
vt 0.365797997 0.785607994
vt 0.392556995 0.740180016
vt 0.365797997 0.785607994
vt 0.365797997 0.749091983
vt 0.365797997 0.749091983
vt 0.365797997 0.785607994
vt 0.336804003 0.793711007
vt 0.365797997 0.749091983
vt 0.336804003 0.793711007
vt 0.336804003 0.755618989
vt -0.336804003 1.26568902
vt -0.365797997 1.25682497
vt -0.336804003 1.23037899
vt -0.336804003 1.23037899
vt -0.365797997 1.25682497
vt -0.365797997 1.22297704
vt -0.336804003 1.23037899
vt -0.365797997 1.22297704
vt -0.336804003 1.19015002
vt -0.336804003 1.19015002
vt -0.365797997 1.22297704
vt -0.365797997 1.18441296
vt -0.336804003 1.19015002
vt -0.365797997 1.18441296
vt -0.336804003 1.14610803
vt -1.14610803 0.872247994
vt -1.18441296 0.842288017
vt -1.18441296 0.842288017
vt -0.336804003 1.14610803
vt -0.365797997 1.18441296
vt -0.365797997 1.14219296
vt -0.365797997 1.14219296
vt -0.365797997 1.18441296
vt -0.392556995 1.17657804
vt -0.365797997 1.14219296
vt -0.392556995 1.17657804
vt -0.392556995 1.13684702
vt -0.392556995 1.13684702
vt -0.392556995 1.17657804
vt -0.416420996 1.16684103
vt -0.392556995 1.13684702
vt -0.416420996 1.16684103
vt -0.416420996 1.13020301
vt -1.13020301 0.826122999
vt -1.16684103 0.809976995
vt -1.15543902 0.789013028
vt -1.13020301 0.826122999
vt -1.15543902 0.789013028
vt -1.12242305 0.803562999
vt -1.12242305 0.803562999
vt -1.15543902 0.789013028
vt -1.14265501 0.765505016
vt -1.12242305 0.803562999
vt -1.14265501 0.765505016
vt -1.11370003 0.778264999
vt -1.14265501 0.765505016
vt -1.15543902 0.789013028
vt -1.16910398 0.748134971
vt -1.16910398 0.748134971
vt -1.15543902 0.789013028
vt -1.18559694 0.769205987
vt -1.16910398 0.748134971
vt -1.18559694 0.769205987
vt -1.19231701 0.726631999
vt -1.19231701 0.726631999
vt -1.18559694 0.769205987
vt -1.18559694 0.769205987
vt -1.19231701 0.726631999
vt -1.18559694 0.769205987
vt -1.21206701 0.744687974
vt -1.21206701 0.744687974
vt -1.18559694 0.769205987
vt -1.20030701 0.787998021
vt -1.21206701 0.744687974
vt -1.20030701 0.787998021
vt -1.22967899 0.76078999
vt -1.22967899 0.76078999
vt -1.20030701 0.787998021
vt -1.21287 0.804048002
vt -1.22967899 0.76078999
vt -1.21287 0.804048002
vt -1.24472201 0.774542987
vt -0.392556995 1.24472201
vt -0.392556995 1.21287
vt -0.365797997 1.22297704
vt -0.392556995 1.24472201
vt -0.365797997 1.22297704
vt -0.365797997 1.25682497
vt -0.365797997 1.22297704
vt -0.392556995 1.21287
vt -0.365797997 1.18441296
vt -1.18441296 0.842288017
vt -1.21287 0.804048002
vt -1.21287 0.804048002
vt -0.365797997 1.18441296
vt -0.392556995 1.21287
vt -0.392556995 1.17657804
vt -1.17657804 0.827883005
vt -1.21287 0.804048002
vt -1.20030701 0.787998021
vt -1.17657804 0.827883005
vt -1.20030701 0.787998021
vt -1.16684103 0.809976995
vt -1.16684103 0.809976995
vt -1.20030701 0.787998021
vt -1.18559694 0.769205987
vt -1.16684103 0.809976995
vt -1.18559694 0.769205987
vt -1.15543902 0.789013028
vt -0.330042988 1.05149996
vt -0.330507994 1.07781005
vt -0.725000024 1.05149996
vt -1.05149996 -0.502110004
vt -1.07781005 -0.500370979
vt -1.07781005 -0.500370979
vt -0.725000024 1.05149996
vt -0.330507994 1.07781005
vt -0.725000024 1.07844901
vt -0.725000024 1.07844901
vt -0.330507994 1.07781005
vt -0.331434995 1.10387599
vt -0.725000024 1.07844901
vt -0.331434995 1.10387599
vt -0.725000024 1.10500395
vt -0.725000024 1.10500395
vt -0.331434995 1.10387599
vt -0.332821012 1.12969804
vt -0.725000024 1.10500395
vt -0.332821012 1.12969804
vt -0.725000024 1.13116503
vt -0.725000024 1.13116503
vt -0.332821012 1.12969804
vt -0.335099012 1.15455902
vt -0.725000024 1.13116503
vt -0.335099012 1.15455902
vt -0.725000024 1.15679395
vt -0.725000024 1.15679395
vt -0.335099012 1.15455902
vt -0.337657005 1.17895103
vt -0.725000024 1.15679395
vt -0.337657005 1.17895103
vt -0.725000024 1.18149602
vt -0.725000024 1.18149602
vt -0.337657005 1.17895103
vt -0.340916991 1.20217502
vt -0.725000024 1.18149602
vt -0.340916991 1.20217502
vt -0.725000024 1.20520794
vt -0.725000024 1.20520794
vt -0.340916991 1.20217502
vt -0.341066986 1.20355499
vt -1.20520794 -0.459739
vt -1.20355499 -0.460720003
vt -1.20520794 -0.459739
vt -0.725000024 1.20520794
vt -0.341066986 1.20355499
vt -0.341082007 1.20493603
vt -1.20520794 -0.459739
vt -1.20493603 -0.459903002
vt -1.20520794 -0.459739
vt -0.725000024 1.20520794
vt -0.341082007 1.20493603
vt -0.340952992 1.20630896
vt -1.20520794 -0.459739
vt -1.20630896 -0.459080994
vt -1.20520794 -0.459739
vt -0.725000024 1.20520794
vt -0.340952992 1.20630896
vt -0.340665013 1.20766103
vt -1.20520794 -0.459739
vt -1.20766103 -0.458261997
vt -1.20520794 -0.459739
vt -0.725000024 1.20520794
vt -0.340665013 1.20766103
vt -0.340202004 1.20897305
vt -1.20520794 -0.459739
vt -1.20897305 -0.457457006
vt -1.20520794 -0.459739
vt -0.725000024 1.20520794
vt -0.340202004 1.20897305
vt -0.339543998 1.210217
vt -1.20520794 -0.459739
vt -1.210217 -0.456685007
vt -1.20520794 -0.459739
vt -0.725000024 1.20520794
vt -0.339543998 1.210217
vt -0.338669986 1.211357
vt -1.20520794 -0.459739
vt -1.211357 -0.455971003
vt -1.20520794 -0.459739
vt -0.725000024 1.20520794
vt -0.338669986 1.211357
vt -0.337565988 1.21234095
vt -1.20520794 -0.459739
vt -1.21234095 -0.455348998
vt -1.20520794 -0.459739
vt -0.725000024 1.20520794
vt -0.337565988 1.21234095
vt -0.336239994 1.21309805
vt -1.20520794 -0.459739
vt -1.21309805 -0.454865992
vt -1.20520794 -0.459739
vt -0.725000024 1.20520794
vt -0.336239994 1.21309805
vt -0.33473599 1.213552
vt -1.20520794 -0.459739
vt -1.213552 -0.454575986
vt -1.20520794 -0.459739
vt -0.725000024 1.20520794
vt -0.33473599 1.213552
vt -0.333149999 1.21372604
vt -0.725000024 1.20520794
vt -0.333149999 1.21372604
vt -0.725000024 1.22765994
vt -0.725000024 1.22765994
vt -0.333149999 1.21372604
vt 0.275000006 1.22774303
vt -1.22765994 -0.444934994
vt -1.22774303 -0.444880992
vt -1.22765994 -0.444934994
vt -0.725000024 1.22765994
vt 0.275000006 1.22774303
vt 0.275000006 1.24880898
vt -0.725000024 1.22765994
vt 0.275000006 1.24880898
vt -0.725000024 1.24869502
vt -0.725000024 1.24869502
vt 0.275000006 1.24880898
vt 0.275000006 1.26821601
vt -0.725000024 1.24869502
vt 0.275000006 1.26821601
vt -0.725000024 1.26817596
vt -0.725000024 -0.409592986
vt 0.275000006 -0.409556001
vt 0.275000006 -0.389387012
vt -0.725000024 -0.409592986
vt 0.275000006 -0.389387012
vt -0.725000024 -0.389387012
vt -0.725000024 -0.389387012
vt 0.275000006 -0.389387012
vt 0.275000006 -0.367579997
vt -0.725000024 -0.389387012
vt 0.275000006 -0.367579997
vt -0.725000024 -0.367579997
vt -0.333149999 1.21372604
vt -0.118495002 1.21372604
vt 0.275000006 1.22774303
vt -1.22774303 -0.444880992
vt -1.21372604 -0.454463989
vt -1.21372604 -0.454463989
vt 0.275000006 1.22774303
vt -0.118495002 1.21372604
vt 0.275000006 1.20531905
vt 0.275000006 1.20531905
vt -0.118495002 1.21372604
vt -0.116901003 1.21357
vt -1.20531905 -0.459666997
vt -1.21357 -0.454564005
vt -1.20531905 -0.459666997
vt 0.275000006 1.20531905
vt -0.116901003 1.21357
vt -0.115406998 1.21309197
vt -1.20531905 -0.459666997
vt -1.21309197 -0.454869986
vt -1.20531905 -0.459666997
vt 0.275000006 1.20531905
vt -0.115406998 1.21309197
vt -0.114078 1.21233797
vt -1.20531905 -0.459666997
vt -1.21233797 -0.455350995
vt -1.20531905 -0.459666997
vt 0.275000006 1.20531905
vt -0.114078 1.21233797
vt -0.112974003 1.21135604
vt -1.20531905 -0.459666997
vt -1.21135604 -0.455971986
vt -1.20531905 -0.459666997
vt 0.275000006 1.20531905
vt -0.112974003 1.21135604
vt -0.112101004 1.21021605
vt -1.20531905 -0.459666997
vt -1.21021605 -0.45668599
vt -1.20531905 -0.459666997
vt 0.275000006 1.20531905
vt -0.112101004 1.21021605
vt -0.111442998 1.20897198
vt -1.20531905 -0.459666997
vt -1.20897198 -0.457457989
vt -1.20531905 -0.459666997
vt 0.275000006 1.20531905
vt -0.111442998 1.20897198
vt -0.110979997 1.20765996
vt -1.20531905 -0.459666997
vt -1.20765996 -0.458261997
vt -1.20531905 -0.459666997
vt 0.275000006 1.20531905
vt -0.110979997 1.20765996
vt -0.110693 1.20630896
vt -1.20531905 -0.459666997
vt -1.20630896 -0.459080994
vt -1.20531905 -0.459666997
vt 0.275000006 1.20531905
vt -0.110693 1.20630896
vt -0.110563003 1.20493603
vt -1.20531905 -0.459666997
vt -1.20493603 -0.459903002
vt -1.20531905 -0.459666997
vt 0.275000006 1.20531905
vt -0.110563003 1.20493603
vt -0.110578001 1.20355499
vt -1.20531905 -0.459666997
vt -1.20355499 -0.460720003
vt -1.20531905 -0.459666997
vt 0.275000006 1.20531905
vt -0.110578001 1.20355499
vt -0.110728003 1.20217502
vt 0.275000006 1.20531905
vt -0.110728003 1.20217502
vt 0.275000006 1.18161595
vt 0.275000006 1.18161595
vt -0.110728003 1.20217502
vt -0.113987997 1.17895103
vt 0.275000006 1.18161595
vt -0.113987997 1.17895103
vt 0.275000006 1.15688396
vt 0.275000006 1.15688396
vt -0.113987997 1.17895103
vt -0.116686001 1.15479195
vt 0.275000006 1.15688396
vt -0.116686001 1.15479195
vt 0.275000006 1.13131499
vt 0.275000006 1.13131499
vt -0.116686001 1.15479195
vt -0.118822999 1.12969804
vt 0.275000006 1.13131499
vt -0.118822999 1.12969804
vt 0.275000006 1.10505795
vt 0.275000006 1.10505795
vt -0.118822999 1.12969804
vt -0.120209999 1.10387599
vt 0.275000006 1.10505795
vt -0.120209999 1.10387599
vt 0.275000006 1.07844901
vt 0.275000006 1.07844901
vt -0.120209999 1.10387599
vt -0.121136002 1.07781005
vt 0.275000006 1.07844901
vt -0.121136002 1.07781005
vt 0.275000006 1.05149996
vt 0.275000006 1.05149996
vt -0.121136002 1.07781005
vt -0.121601999 1.05149996
vt -0.330042988 1.05149996
vt -0.725000024 1.05149996
vt -0.330042988 1.02382398
vt -1.02382398 -0.502110004
vt -1.05149996 -0.502110004
vt -1.05149996 -0.502110004
vt -0.330042988 1.02382398
vt -0.725000024 1.05149996
vt -0.329903007 1.02214205
vt -1.02214205 -0.502110004
vt -1.05149996 -0.502110004
vt -1.05149996 -0.502110004
vt -0.329903007 1.02214205
vt -0.725000024 1.05149996
vt -0.329481006 1.02050698
vt -1.02050698 -0.502110004
vt -1.05149996 -0.502110004
vt -1.05149996 -0.502110004
vt -0.329481006 1.02050698
vt -0.725000024 1.05149996
vt -0.328783005 1.01897001
vt -1.01897001 -0.502110004
vt -1.05149996 -0.502110004
vt -1.05149996 -0.502110004
vt -0.328783005 1.01897001
vt -0.725000024 1.05149996
vt -0.327823013 1.01758206
vt -1.01758206 -0.502110004
vt -1.05149996 -0.502110004
vt -1.05149996 -0.502110004
vt -0.327823013 1.01758206
vt -0.725000024 1.05149996
vt -0.326629013 1.01638806
vt -1.01638806 -0.502110004
vt -1.05149996 -0.502110004
vt -1.05149996 -0.502110004
vt -0.326629013 1.01638806
vt -0.725000024 1.05149996
vt -0.325240999 1.01542699
vt -1.01542699 -0.502110004
vt -1.05149996 -0.502110004
vt -1.05149996 -0.502110004
vt -0.325240999 1.01542699
vt -0.725000024 1.05149996
vt -0.323704004 1.014727
vt -1.014727 -0.502110004
vt -1.05149996 -0.502110004
vt -1.05149996 -0.502110004
vt -0.323704004 1.014727
vt -0.725000024 1.05149996
vt -0.322068006 1.014305
vt -0.322068006 1.014305
vt -0.725000024 1.05149996
vt -0.725000024 0.851499975
vt -0.322068006 1.014305
vt -0.725000024 0.851499975
vt -0.320383012 1.01416504
vt -0.320383012 1.01416504
vt -0.725000024 0.851499975
vt 0.275000006 0.851499975
vt -0.320383012 1.01416504
vt 0.275000006 0.851499975
vt -0.131261006 1.01416504
vt -1.01416504 -0.502110004
vt -0.851499975 -0.502110004
vt -0.851499975 -0.502110004
vt -0.131261006 1.01416504
vt 0.275000006 0.851499975
vt -0.129578993 1.014305
vt -0.129578993 1.014305
vt 0.275000006 0.851499975
vt 0.275000006 1.05149996
vt -0.129578993 1.014305
vt 0.275000006 1.05149996
vt -0.127943993 1.01472604
vt -1.01472604 -0.502110004
vt -1.05149996 -0.502110004
vt -1.05149996 -0.502110004
vt -0.127943993 1.01472604
vt 0.275000006 1.05149996
vt -0.126407996 1.01542497
vt -1.01542497 -0.502110004
vt -1.05149996 -0.502110004
vt -1.05149996 -0.502110004
vt -0.126407996 1.01542497
vt 0.275000006 1.05149996
vt -0.125018999 1.01638496
vt -1.01638496 -0.502110004
vt -1.05149996 -0.502110004
vt -1.05149996 -0.502110004
vt -0.125018999 1.01638496
vt 0.275000006 1.05149996
vt -0.123824999 1.01757801
vt -1.01757801 -0.502110004
vt -1.05149996 -0.502110004
vt -1.05149996 -0.502110004
vt -0.123824999 1.01757801
vt 0.275000006 1.05149996
vt -0.122864 1.01896703
vt -1.01896703 -0.502110004
vt -1.05149996 -0.502110004
vt -1.05149996 -0.502110004
vt -0.122864 1.01896703
vt 0.275000006 1.05149996
vt -0.122164004 1.020504
vt -1.020504 -0.502110004
vt -1.05149996 -0.502110004
vt -1.05149996 -0.502110004
vt -0.122164004 1.020504
vt 0.275000006 1.05149996
vt -0.121742003 1.02214003
vt -1.02214003 -0.502110004
vt -1.05149996 -0.502110004
vt -1.05149996 -0.502110004
vt -0.121742003 1.02214003
vt 0.275000006 1.05149996
vt -0.121601999 1.02382398
vt -0.121601999 1.02382398
vt 0.275000006 1.05149996
vt -0.121601999 1.05149996
vt 0.275000006 0.851499975
vt 0.295944005 0.851499975
vt 0.275000006 1.05149996
vt -1.05149996 -0.502110004
vt -0.851499975 -0.501007974
vt -0.851499975 -0.501007974
vt 0.275000006 1.05149996
vt 0.295944005 0.851499975
vt 0.295944005 1.05149996
vt 0.295944005 1.05149996
vt 0.295944005 0.851499975
vt 0.31654501 0.851499975
vt 0.295944005 1.05149996
vt 0.31654501 0.851499975
vt 0.316628009 1.05149996
vt 0.316628009 1.05149996
vt 0.31654501 0.851499975
vt 0.336804003 0.851499975
vt 0.316628009 1.05149996
vt 0.336804003 0.851499975
vt 0.336804003 1.05149996
vt 0.336804003 1.05149996
vt 0.336804003 0.851499975
vt 0.356301993 0.851499975
vt 0.336804003 1.05149996
vt 0.356301993 0.851499975
vt 0.356382012 1.05149996
vt 0.356382012 1.05149996
vt 0.356301993 0.851499975
vt 0.374965996 0.851499975
vt 0.356382012 1.05149996
vt 0.374965996 0.851499975
vt 0.375039011 1.05149996
vt 0.375039011 1.05149996
vt 0.374965996 0.851499975
vt 0.392556995 0.851499975
vt 0.375039011 1.05149996
vt 0.392556995 0.851499975
vt 0.392556995 1.05149996
vt 0.392556995 1.05149996
vt 0.392556995 0.851499975
vt 0.408787996 0.851499975
vt 0.392556995 1.05149996
vt 0.408787996 0.851499975
vt 0.408854008 1.05149996
vt 0.408854008 1.05149996
vt 0.408787996 0.851499975
vt 0.423602015 0.851499975
vt -1.05149996 -0.450711995
vt -0.851499975 -0.435963005
vt -1.05149996 -0.435898006
vt -1.05149996 -0.435898006
vt -0.851499975 -0.435963005
vt -0.851499975 -0.419667006
vt -1.05149996 -0.435898006
vt -0.851499975 -0.419667006
vt -1.05149996 -0.419667006
vt -1.05149996 -0.419667006
vt -0.851499975 -0.419667006
vt -0.851499975 -0.402148992
vt -1.05149996 -0.419667006
vt -0.851499975 -0.402148992
vt -1.05149996 -0.402076006
vt -1.05149996 -0.402076006
vt -0.851499975 -0.402148992
vt -0.851499975 -0.383491009
vt -1.05149996 -0.402076006
vt -0.851499975 -0.383491009
vt -1.05149996 -0.383412004
vt -1.05149996 -0.383412004
vt -0.851499975 -0.383491009
vt -0.851499975 -0.363913
vt -1.05149996 -0.383412004
vt -0.851499975 -0.363913
vt -1.05149996 -0.363913
vt -1.05149996 -0.363913
vt -0.851499975 -0.363913
vt -0.851499975 -0.34373799
vt -1.05149996 -0.363913
vt -0.851499975 -0.34373799
vt -1.05149996 -0.343654007
vt -1.05149996 -0.343654007
vt -0.851499975 -0.34373799
vt -0.851499975 -0.323053002
vt -1.05149996 -0.343654007
vt -0.851499975 -0.323053002
vt -1.05149996 -0.323053002
vt -1.05149996 -0.323053002
vt -0.851499975 -0.323053002
vt -0.851499975 -0.302109987
vt -1.05149996 -0.323053002
vt -0.851499975 -0.302109987
vt -1.05149996 -0.302109987
vt 0.275000006 1.05149996
vt 0.295944005 1.05149996
vt 0.275000006 1.07844901
vt 0.275000006 1.07844901
vt 0.295944005 1.05149996
vt 0.306286991 1.10020304
vt 0.275000006 1.07844901
vt 0.306286991 1.10020304
vt 0.275000006 1.10505795
vt -1.10505795 -0.497285992
vt -1.10020304 -0.49563399
vt -1.10020304 -0.49563399
vt 0.275000006 1.10505795
vt 0.306286991 1.10020304
vt 0.275000006 1.13131499
vt 0.275000006 1.13131499
vt 0.306286991 1.10020304
vt 0.306286991 1.14759195
vt 0.275000006 1.13131499
vt 0.306286991 1.14759195
vt 0.275000006 1.15688396
vt -1.15688396 -0.482984006
vt -1.14759195 -0.483702987
vt -1.14759195 -0.483702987
vt 0.275000006 1.15688396
vt 0.306286991 1.14759195
vt 0.275000006 1.18161595
vt 0.275000006 1.18161595
vt 0.306286991 1.14759195
vt 0.306286991 1.19238901
vt 0.275000006 1.18161595
vt 0.306286991 1.19238901
vt 0.275000006 1.20531905
vt -1.20531905 -0.459666997
vt -1.19238901 -0.464175999
vt -1.19238901 -0.464175999
vt 0.275000006 1.20531905
vt 0.306286991 1.19238901
vt 0.275000006 1.22774303
vt 0.275000006 1.22774303
vt 0.306286991 1.19238901
vt 0.306286991 1.23338497
vt 0.275000006 1.22774303
vt 0.306286991 1.23338497
vt 0.275000006 1.24880898
vt 0.275000006 1.24880898
vt 0.306286991 1.23338497
vt 0.306286991 1.26947498
vt 0.275000006 1.24880898
vt 0.306286991 1.26947498
vt 0.275000006 1.26821601
vt -1.26821601 -0.409556001
vt -1.26947498 -0.404632002
vt -1.26947498 -0.404632002
vt 0.275000006 -0.409556001
vt 0.306286991 -0.404632002
vt 0.275000006 -0.389387012
vt 0.275000006 -0.389387012
vt 0.306286991 -0.404632002
vt 0.296085 -0.367047995
vt 0.275000006 -0.389387012
vt 0.296085 -0.367047995
vt 0.275000006 -0.367579997
vt 0.296085 -0.367047995
vt 0.306286991 -0.404632002
vt 0.316908002 -0.365460008
vt 0.316908002 -0.365460008
vt 0.306286991 -0.404632002
vt 0.336804003 -0.399645001
vt 0.316908002 -0.365460008
vt 0.336804003 -0.399645001
vt 0.337206006 -0.36284399
vt -1.29297602 -0.36284399
vt -1.26410794 -0.399645001
vt -1.26410794 -0.399645001
vt 0.337206006 -0.36284399
vt 0.336804003 -0.399645001
vt 0.356884003 -0.359203994
vt 0.356884003 -0.359203994
vt 0.336804003 -0.399645001
vt 0.365797997 -0.391470999
vt 0.356884003 -0.359203994
vt 0.365797997 -0.391470999
vt 0.375618011 -0.354588985
vt 0.375618011 -0.354588985
vt 0.365797997 -0.391470999
vt 0.392556995 -0.380308986
vt 0.375618011 -0.354588985
vt 0.392556995 -0.380308986
vt 0.393182993 -0.349059999
vt -1.26761997 -0.349059999
vt -1.24329698 -0.380308986
vt -1.24329698 -0.380308986
vt -1.26761997 -0.349059999
vt -1.24329698 -0.380308986
vt -1.25587296 -0.342628986
vt -1.25587296 -0.342628986
vt -1.24329698 -0.380308986
vt -1.22836494 -0.366436005
vt -1.25587296 -0.342628986
vt -1.22836494 -0.366436005
vt -1.24272799 -0.335391015
vt -1.24272799 -0.335391015
vt -1.22836494 -0.366436005
vt -1.21088195 -0.35019201
vt -1.24272799 -0.335391015
vt -1.21088195 -0.35019201
vt -1.22837603 -0.327427
vt -1.22837603 -0.327427
vt -1.21088195 -0.35019201
vt -1.21088195 -0.35019201
vt -1.22837603 -0.327427
vt -1.21088195 -0.35019201
vt -1.21287 -0.318760008
vt -1.21287 -0.318760008
vt -1.21088195 -0.35019201
vt -1.19127798 -0.331979007
vt -1.21287 -0.318760008
vt -1.19127798 -0.331979007
vt -1.19649899 -0.309509993
vt -1.19649899 -0.309509993
vt -1.19127798 -0.331979007
vt -1.17003703 -0.312243015
vt -1.19649899 -0.309509993
vt -1.17003703 -0.312243015
vt -1.17950106 -0.299766988
vt -1.17950106 -0.299766988
vt -1.17003703 -0.312243015
vt -1.17003703 -0.312243015
vt -1.17950106 -0.299766988
vt -1.17003703 -0.312243015
vt -1.16194403 -0.289561003
vt -1.16194403 -0.289561003
vt -1.17003703 -0.312243015
vt -1.147681 -0.291471988
vt -1.16194403 -0.289561003
vt -1.147681 -0.291471988
vt -1.14428699 -0.279045999
vt -1.14428699 -0.279045999
vt -1.147681 -0.291471988
vt -1.147681 -0.291471988
vt -1.14428699 -0.279045999
vt -1.147681 -0.291471988
vt -1.12652695 -0.268222004
vt -1.12652695 -0.268222004
vt -1.147681 -0.291471988
vt -1.147681 -0.291471988
vt -1.12652695 -0.268222004
vt -1.147681 -0.291471988
vt -1.11644995 -0.278144985
vt -1.11644995 -0.278144985
vt -1.147681 -0.291471988
vt -1.13175595 -0.306010008
vt -1.11644995 -0.278144985
vt -1.13175595 -0.306010008
vt -1.10507596 -0.286545992
vt -1.10507596 -0.286545992
vt -1.13175595 -0.306010008
vt -1.11366606 -0.317745
vt -1.10507596 -0.286545992
vt -1.11366606 -0.317745
vt -1.09263396 -0.293256015
vt -1.09263396 -0.293256015
vt -1.11366606 -0.317745
vt -1.09389997 -0.326361001
vt -1.09263396 -0.293256015
vt -1.09389997 -0.326361001
vt -1.07937801 -0.298142999
vt -1.07937801 -0.298142999
vt -1.09389997 -0.326361001
vt -1.07298994 -0.331625998
vt -1.07937801 -0.298142999
vt -1.07298994 -0.331625998
vt -1.06560695 -0.301108986
vt -1.06560695 -0.301108986
vt -1.07298994 -0.331625998
vt -1.05149996 -0.323053002
vt -1.06560695 -0.301108986
vt -1.05149996 -0.323053002
vt -1.05149996 -0.302109987
vt -1.05149996 -0.323053002
vt -1.07298994 -0.331625998
vt -1.05149996 -0.343654007
vt -1.05149996 -0.343654007
vt -1.07298994 -0.331625998
vt -1.07798505 -0.361730993
vt -1.05149996 -0.343654007
vt -1.07798505 -0.361730993
vt -1.05149996 -0.363913
vt -1.05149996 -0.363913
vt -1.07798505 -0.361730993
vt -1.07798505 -0.361730993
vt -1.05149996 -0.363913
vt -1.07798505 -0.361730993
vt -1.05149996 -0.383412004
vt -1.05149996 -0.383412004
vt -1.07798505 -0.361730993
vt -1.08273101 -0.39033401
vt -1.05149996 -0.383412004
vt -1.08273101 -0.39033401
vt -1.05149996 -0.402076006
vt -1.05149996 -0.402076006
vt -1.08273101 -0.39033401
vt -1.087111 -0.416732013
vt -1.05149996 -0.402076006
vt -1.087111 -0.416732013
vt -1.05149996 -0.419667006
vt -1.05149996 -0.419667006
vt -1.087111 -0.416732013
vt -1.087111 -0.416732013
vt -1.05149996 -0.419667006
vt -1.087111 -0.416732013
vt -1.05149996 -0.435898006
vt -1.05149996 -0.435898006
vt -1.087111 -0.416732013
vt -1.09101701 -0.440275013
vt -1.05149996 -0.435898006
vt -1.09101701 -0.440275013
vt -1.05149996 -0.450711995
vt 0.408854008 1.05149996
vt 0.416420996 1.09101701
vt 0.392556995 1.09435403
vt 0.408854008 1.05149996
vt 0.392556995 1.09435403
vt 0.392556995 1.05149996
vt -1.05149996 -0.463912994
vt -1.09435403 -0.460382015
vt -1.09435403 -0.460382015
vt 0.392556995 1.05149996
vt 0.392556995 1.09435403
vt 0.375039011 1.05149996
vt 0.375039011 1.05149996
vt 0.392556995 1.09435403
vt 0.365797997 1.09703803
vt 0.375039011 1.05149996
vt 0.365797997 1.09703803
vt 0.356382012 1.05149996
vt 0.356382012 1.05149996
vt 0.365797997 1.09703803
vt 0.336804003 1.09900403
vt 0.356382012 1.05149996
vt 0.336804003 1.09900403
vt 0.336804003 1.05149996
vt -1.05149996 -0.492321014
vt -1.09900403 -0.488406986
vt -1.09900403 -0.488406986
vt 0.336804003 1.05149996
vt 0.336804003 1.09900403
vt 0.316628009 1.05149996
vt 0.316628009 1.05149996
vt 0.336804003 1.09900403
vt 0.306286991 1.10020304
vt 0.316628009 1.05149996
vt 0.306286991 1.10020304
vt 0.295944005 1.05149996
vt 0.306286991 1.10020304
vt 0.336804003 1.09900403
vt 0.306286991 1.14759195
vt 0.306286991 1.14759195
vt 0.336804003 1.09900403
vt 0.336804003 1.145226
vt 0.306286991 1.14759195
vt 0.336804003 1.145226
vt 0.306286991 1.19238901
vt 0.306286991 1.19238901
vt 0.336804003 1.145226
vt 0.336804003 1.18892002
vt 0.306286991 1.19238901
vt 0.336804003 1.18892002
vt 0.306286991 1.23338497
vt 0.306286991 1.23338497
vt 0.336804003 1.18892002
vt 0.336804003 1.22890699
vt 0.306286991 1.23338497
vt 0.336804003 1.22890699
vt 0.306286991 1.26947498
vt -1.26947498 -0.404632002
vt -1.22890699 -0.431782007
vt -1.22890699 -0.431782007
vt 0.306286991 1.26947498
vt 0.336804003 1.22890699
vt 0.336804003 1.26410794
vt 0.336804003 1.26410794
vt 0.336804003 1.22890699
vt 0.365797997 1.22156501
vt 0.336804003 1.26410794
vt 0.365797997 1.22156501
vt 0.365797997 1.25531006
vt 0.365797997 1.25531006
vt 0.365797997 1.22156501
vt 0.392556995 1.21154106
vt 0.365797997 1.25531006
vt 0.392556995 1.21154106
vt 0.392556995 1.24329698
vt -1.24329698 -0.380308986
vt -1.21154106 -0.409299999
vt -1.19908094 -0.393169999
vt -1.24329698 -0.380308986
vt -1.19908094 -0.393169999
vt -1.22836494 -0.366436005
vt -1.22836494 -0.366436005
vt -1.19908094 -0.393169999
vt -1.18449295 -0.374283999
vt -1.22836494 -0.366436005
vt -1.18449295 -0.374283999
vt -1.21088195 -0.35019201
vt -1.21088195 -0.35019201
vt -1.18449295 -0.374283999
vt -1.16813505 -0.353107005
vt -1.21088195 -0.35019201
vt -1.16813505 -0.353107005
vt -1.19127798 -0.331979007
vt -1.19127798 -0.331979007
vt -1.16813505 -0.353107005
vt -1.15041101 -0.330159992
vt -1.19127798 -0.331979007
vt -1.15041101 -0.330159992
vt -1.17003703 -0.312243015
vt -1.17003703 -0.312243015
vt -1.15041101 -0.330159992
vt -1.13175595 -0.306010008
vt -1.17003703 -0.312243015
vt -1.13175595 -0.306010008
vt -1.147681 -0.291471988
vt -1.13175595 -0.306010008
vt -1.15041101 -0.330159992
vt -1.11366606 -0.317745
vt -1.11366606 -0.317745
vt -1.15041101 -0.330159992
vt -1.12811601 -0.344624013
vt -1.11366606 -0.317745
vt -1.12811601 -0.344624013
vt -1.09389997 -0.326361001
vt -1.09389997 -0.326361001
vt -1.12811601 -0.344624013
vt -1.10375595 -0.355242997
vt -1.09389997 -0.326361001
vt -1.10375595 -0.355242997
vt -1.07298994 -0.331625998
vt -1.07298994 -0.331625998
vt -1.10375595 -0.355242997
vt -1.10375595 -0.355242997
vt -1.07298994 -0.331625998
vt -1.10375595 -0.355242997
vt -1.07798505 -0.361730993
vt -1.07798505 -0.361730993
vt -1.10375595 -0.355242997
vt -1.11311996 -0.382683009
vt -1.07798505 -0.361730993
vt -1.11311996 -0.382683009
vt -1.08273101 -0.39033401
vt -1.08273101 -0.39033401
vt -1.11311996 -0.382683009
vt -1.12176204 -0.408008993
vt -1.08273101 -0.39033401
vt -1.12176204 -0.408008993
vt -1.087111 -0.416732013
vt -1.087111 -0.416732013
vt -1.12176204 -0.408008993
vt -1.12946904 -0.430593997
vt -1.087111 -0.416732013
vt -1.12946904 -0.430593997
vt -1.09101701 -0.440275013
vt 0.416420996 1.09101701
vt 0.416420996 1.12946904
vt 0.392556995 1.13605106
vt 0.416420996 1.09101701
vt 0.392556995 1.13605106
vt 0.392556995 1.09435403
vt 0.392556995 1.09435403
vt 0.392556995 1.13605106
vt 0.365797997 1.14134705
vt 0.392556995 1.09435403
vt 0.365797997 1.14134705
vt 0.365797997 1.09703803
vt 0.365797997 1.09703803
vt 0.365797997 1.14134705
vt 0.336804003 1.145226
vt 0.365797997 1.09703803
vt 0.336804003 1.145226
vt 0.336804003 1.09900403
vt 0.336804003 1.145226
vt 0.365797997 1.14134705
vt 0.336804003 1.18892002
vt 0.336804003 1.18892002
vt 0.365797997 1.14134705
vt 0.365797997 1.18323302
vt 0.336804003 1.18892002
vt 0.365797997 1.18323302
vt 0.336804003 1.22890699
vt -1.22890699 -0.431782007
vt -1.18323302 -0.447144985
vt -1.18323302 -0.447144985
vt 0.336804003 1.22890699
vt 0.365797997 1.18323302
vt 0.365797997 1.22156501
vt 0.365797997 1.22156501
vt 0.365797997 1.18323302
vt 0.392556995 1.17546797
vt 0.365797997 1.22156501
vt 0.392556995 1.17546797
vt 0.392556995 1.21154106
vt -1.21154106 -0.409299999
vt -1.17546797 -0.432702005
vt -1.16581702 -0.41475001
vt -1.21154106 -0.409299999
vt -1.16581702 -0.41475001
vt -1.19908094 -0.393169999
vt -1.19908094 -0.393169999
vt -1.16581702 -0.41475001
vt -1.15451705 -0.393730998
vt -1.19908094 -0.393169999
vt -1.15451705 -0.393730998
vt -1.18449295 -0.374283999
vt -1.18449295 -0.374283999
vt -1.15451705 -0.393730998
vt -1.14184594 -0.37016201
vt -1.18449295 -0.374283999
vt -1.14184594 -0.37016201
vt -1.16813505 -0.353107005
vt -1.16813505 -0.353107005
vt -1.14184594 -0.37016201
vt -1.12811601 -0.344624013
vt -1.16813505 -0.353107005
vt -1.12811601 -0.344624013
vt -1.15041101 -0.330159992
vt -1.12811601 -0.344624013
vt -1.14184594 -0.37016201
vt -1.10375595 -0.355242997
vt -1.10375595 -0.355242997
vt -1.14184594 -0.37016201
vt -1.14184594 -0.37016201
vt -1.10375595 -0.355242997
vt -1.14184594 -0.37016201
vt -1.11311996 -0.382683009
vt -1.11311996 -0.382683009
vt -1.14184594 -0.37016201
vt -1.15451705 -0.393730998
vt -1.11311996 -0.382683009
vt -1.15451705 -0.393730998
vt -1.12176204 -0.408008993
vt -1.12176204 -0.408008993
vt -1.15451705 -0.393730998
vt -1.16581702 -0.41475001
vt -1.12176204 -0.408008993
vt -1.16581702 -0.41475001
vt -1.12946904 -0.430593997
vt 0.416420996 1.12946904
vt 0.416420996 1.16581702
vt 0.392556995 1.17546797
vt 0.416420996 1.12946904
vt 0.392556995 1.17546797
vt 0.392556995 1.13605106
vt 0.392556995 1.13605106
vt 0.392556995 1.17546797
vt 0.365797997 1.18323302
vt 0.392556995 1.13605106
vt 0.365797997 1.18323302
vt 0.365797997 1.14134705
vt 1.05149996 -0.302109987
vt 1.05149996 -0.323053002
vt 1.06560695 -0.301108986
vt 1.06560695 -0.301108986
vt 1.05149996 -0.323053002
vt 1.07298994 -0.331625998
vt 1.06560695 -0.301108986
vt 1.07298994 -0.331625998
vt 1.07942998 -0.298128992
vt 1.07942998 -0.298128992
vt 1.07298994 -0.331625998
vt 1.09389997 -0.326361001
vt 1.07942998 -0.298128992
vt 1.09389997 -0.326361001
vt 1.09268999 -0.29323101
vt 1.09268999 -0.29323101
vt 1.09389997 -0.326361001
vt 1.11366606 -0.317745
vt 1.09268999 -0.29323101
vt 1.11366606 -0.317745
vt 1.10512102 -0.286514997
vt 1.10512102 -0.286514997
vt 1.11366606 -0.317745
vt 1.13175595 -0.306010008
vt 1.10512102 -0.286514997
vt 1.13175595 -0.306010008
vt 1.11644995 -0.278144985
vt 1.11644995 -0.278144985
vt 1.13175595 -0.306010008
vt 1.147681 -0.291471988
vt 1.11644995 -0.278144985
vt 1.147681 -0.291471988
vt 1.12652695 -0.268222004
vt -1.12652695 -0.268222004
vt -1.147681 -0.291471988
vt -1.147681 -0.291471988
vt 1.12652695 -0.268222004
vt 1.147681 -0.291471988
vt 1.14428699 -0.279045999
vt -1.14428699 -0.279045999
vt -1.147681 -0.291471988
vt -1.147681 -0.291471988
vt 1.14428699 -0.279045999
vt 1.147681 -0.291471988
vt 1.16203594 -0.289591998
vt 1.16203594 -0.289591998
vt 1.147681 -0.291471988
vt 1.17003703 -0.312243015
vt 1.16203594 -0.289591998
vt 1.17003703 -0.312243015
vt 1.17950106 -0.299766988
vt -1.17950106 -0.299766988
vt -1.17003703 -0.312243015
vt -1.17003703 -0.312243015
vt 1.17950106 -0.299766988
vt 1.17003703 -0.312243015
vt 1.19657898 -0.309540004
vt 1.19657898 -0.309540004
vt 1.17003703 -0.312243015
vt 1.19127798 -0.331979007
vt 1.19657898 -0.309540004
vt 1.19127798 -0.331979007
vt 1.21294403 -0.318789989
vt 1.21294403 -0.318789989
vt 1.19127798 -0.331979007
vt 1.21088195 -0.35019201
vt 1.21294403 -0.318789989
vt 1.21088195 -0.35019201
vt 1.22837603 -0.327427
vt -1.22837603 -0.327427
vt -1.21088195 -0.35019201
vt -1.21088195 -0.35019201
vt 1.22837603 -0.327427
vt 1.21088195 -0.35019201
vt 1.24279201 -0.335417986
vt 1.24279201 -0.335417986
vt 1.21088195 -0.35019201
vt 1.22836494 -0.366436005
vt 1.24279201 -0.335417986
vt 1.22836494 -0.366436005
vt 1.25592804 -0.342653006
vt 1.25592804 -0.342653006
vt 1.22836494 -0.366436005
vt 1.24329698 -0.380308986
vt 1.25592804 -0.342653006
vt 1.24329698 -0.380308986
vt 1.26761901 -0.349059999
vt -1.26761901 -0.349059999
vt -1.24329698 -0.380308986
vt -1.24329698 -0.380308986
vt -0.843182981 -0.349059999
vt -0.842557013 -0.380308986
vt -0.825545013 -0.354607999
vt -0.825545013 -0.354607999
vt -0.842557013 -0.380308986
vt -0.815797985 -0.391470999
vt -0.825545013 -0.354607999
vt -0.815797985 -0.391470999
vt -0.806804001 -0.359218001
vt -0.806804001 -0.359218001
vt -0.815797985 -0.391470999
vt -0.786803007 -0.399645001
vt -0.806804001 -0.359218001
vt -0.786803007 -0.399645001
vt -0.787204027 -0.362845004
vt -1.29297698 -0.362845004
vt -1.26410794 -0.399645001
vt -1.26410794 -0.399645001
vt -0.787204027 -0.362845004
vt -0.786803007 -0.399645001
vt -0.766824007 -0.365469009
vt -0.766824007 -0.365469009
vt -0.786803007 -0.399645001
vt -0.756286979 -0.404632002
vt -0.766824007 -0.365469009
vt -0.756286979 -0.404632002
vt -0.746089995 -0.367047012
vt -0.746089995 -0.367047012
vt -0.756286979 -0.404632002
vt -0.725000024 -0.389387012
vt -0.746089995 -0.367047012
vt -0.725000024 -0.389387012
vt -0.725000024 -0.367579997
vt -0.725000024 -0.389387012
vt -0.756286979 -0.404632002
vt -0.725000024 -0.409592986
vt -1.26817596 -0.409592986
vt -1.26947498 -0.404632002
vt -1.26947498 -0.404632002
vt -0.725000024 1.26817596
vt -0.756286979 1.26947498
vt -0.725000024 1.24869502
vt -0.725000024 1.24869502
vt -0.756286979 1.26947498
vt -0.756286979 1.23338497
vt -0.725000024 1.24869502
vt -0.756286979 1.23338497
vt -0.725000024 1.22765994
vt -1.22765994 -0.444934994
vt -1.23338497 -0.437579989
vt -1.23338497 -0.437579989
vt -0.725000024 1.22765994
vt -0.756286979 1.23338497
vt -0.725000024 1.20520794
vt -0.725000024 1.20520794
vt -0.756286979 1.23338497
vt -0.756286979 1.19238901
vt -0.725000024 1.20520794
vt -0.756286979 1.19238901
vt -0.725000024 1.18149602
vt -1.18149602 -0.472474009
vt -1.19238901 -0.464175999
vt -1.19238901 -0.464175999
vt -0.725000024 1.18149602
vt -0.756286979 1.19238901
vt -0.725000024 1.15679395
vt -0.725000024 1.15679395
vt -0.756286979 1.19238901
vt -0.756286979 1.14759195
vt -0.725000024 1.15679395
vt -0.756286979 1.14759195
vt -0.725000024 1.13116503
vt -0.725000024 1.13116503
vt -0.756286979 1.14759195
vt -0.756286979 1.10020304
vt -0.725000024 1.13116503
vt -0.756286979 1.10020304
vt -0.725000024 1.10500395
vt -1.10500395 -0.497299999
vt -1.10020304 -0.49563399
vt -1.10020304 -0.49563399
vt -0.725000024 1.10500395
vt -0.756286979 1.10020304
vt -0.725000024 1.07844901
vt -0.725000024 1.07844901
vt -0.756286979 1.10020304
vt -0.74594301 1.05149996
vt -0.725000024 1.07844901
vt -0.74594301 1.05149996
vt -0.725000024 1.05149996
vt -0.74594301 1.05149996
vt -0.756286979 1.10020304
vt -0.766543984 1.05149996
vt -0.766543984 1.05149996
vt -0.756286979 1.10020304
vt -0.786803007 1.09900403
vt -0.766543984 1.05149996
vt -0.786803007 1.09900403
vt -0.786803007 1.05149996
vt -1.05149996 -0.492321014
vt -1.09900403 -0.488406986
vt -1.09900403 -0.488406986
vt -0.786803007 1.05149996
vt -0.786803007 1.09900403
vt -0.806302011 1.05149996
vt -0.806302011 1.05149996
vt -0.786803007 1.09900403
vt -0.815797985 1.09703803
vt -0.806302011 1.05149996
vt -0.815797985 1.09703803
vt -0.824966013 1.05149996
vt -0.824966013 1.05149996
vt -0.815797985 1.09703803
vt -0.842557013 1.09435403
vt -0.824966013 1.05149996
vt -0.842557013 1.09435403
vt -0.842557013 1.05149996
vt -1.05149996 -0.463912994
vt -1.09435403 -0.460382015
vt -1.09435403 -0.460382015
vt -0.842557013 1.05149996
vt -0.842557013 1.09435403
vt -0.858788013 1.05149996
vt -0.858788013 1.05149996
vt -0.842557013 1.09435403
vt -0.866420984 1.09101701
vt -0.858788013 1.05149996
vt -0.866420984 1.09101701
vt -0.873601973 1.05149996
vt 1.05149996 -0.435963005
vt 1.09101701 -0.440275013
vt 1.087111 -0.416732013
vt 1.05149996 -0.435963005
vt 1.087111 -0.416732013
vt 1.05149996 -0.419667006
vt -1.05149996 -0.419667006
vt -1.087111 -0.416732013
vt -1.087111 -0.416732013
vt 1.05149996 -0.419667006
vt 1.087111 -0.416732013
vt 1.05149996 -0.402148992
vt 1.05149996 -0.402148992
vt 1.087111 -0.416732013
vt 1.08273101 -0.39033401
vt 1.05149996 -0.402148992
vt 1.08273101 -0.39033401
vt 1.05149996 -0.383491009
vt 1.05149996 -0.383491009
vt 1.08273101 -0.39033401
vt 1.07798505 -0.361730993
vt 1.05149996 -0.383491009
vt 1.07798505 -0.361730993
vt 1.05149996 -0.363913
vt -1.05149996 -0.363913
vt -1.07798505 -0.361730993
vt -1.07798505 -0.361730993
vt 1.05149996 -0.363913
vt 1.07798505 -0.361730993
vt 1.05149996 -0.34373799
vt 1.05149996 -0.34373799
vt 1.07798505 -0.361730993
vt 1.07298994 -0.331625998
vt 1.05149996 -0.34373799
vt 1.07298994 -0.331625998
vt 1.05149996 -0.323053002
vt 1.07298994 -0.331625998
vt 1.07798505 -0.361730993
vt 1.09389997 -0.326361001
vt 1.09389997 -0.326361001
vt 1.07798505 -0.361730993
vt 1.10375595 -0.355242997
vt 1.09389997 -0.326361001
vt 1.10375595 -0.355242997
vt 1.11366606 -0.317745
vt 1.11366606 -0.317745
vt 1.10375595 -0.355242997
vt 1.12811601 -0.344624013
vt 1.11366606 -0.317745
vt 1.12811601 -0.344624013
vt 1.13175595 -0.306010008
vt 1.13175595 -0.306010008
vt 1.12811601 -0.344624013
vt 1.15041101 -0.330159992
vt 1.13175595 -0.306010008
vt 1.15041101 -0.330159992
vt 1.147681 -0.291471988
vt -1.147681 -0.291471988
vt -1.15041101 -0.330159992
vt -1.15041101 -0.330159992
vt 1.147681 -0.291471988
vt 1.15041101 -0.330159992
vt 1.17003703 -0.312243015
vt 1.17003703 -0.312243015
vt 1.15041101 -0.330159992
vt 1.16813505 -0.353107005
vt 1.17003703 -0.312243015
vt 1.16813505 -0.353107005
vt 1.19127798 -0.331979007
vt 1.19127798 -0.331979007
vt 1.16813505 -0.353107005
vt 1.18449295 -0.374283999
vt 1.19127798 -0.331979007
vt 1.18449295 -0.374283999
vt 1.21088195 -0.35019201
vt 1.21088195 -0.35019201
vt 1.18449295 -0.374283999
vt 1.19908094 -0.393169999
vt 1.21088195 -0.35019201
vt 1.19908094 -0.393169999
vt 1.22836494 -0.366436005
vt 1.22836494 -0.366436005
vt 1.19908094 -0.393169999
vt 1.21154106 -0.409299999
vt 1.22836494 -0.366436005
vt 1.21154106 -0.409299999
vt 1.24329698 -0.380308986
vt -0.842557013 1.24329698
vt -0.842557013 1.21154106
vt -0.815797985 1.22156501
vt -0.842557013 1.24329698
vt -0.815797985 1.22156501
vt -0.815797985 1.25531006
vt -0.815797985 1.25531006
vt -0.815797985 1.22156501
vt -0.786803007 1.22890699
vt -0.815797985 1.25531006
vt -0.786803007 1.22890699
vt -0.786803007 1.26410794
vt -0.786803007 1.26410794
vt -0.786803007 1.22890699
vt -0.756286979 1.23338497
vt -0.786803007 1.26410794
vt -0.756286979 1.23338497
vt -0.756286979 1.26947498
vt -0.756286979 1.23338497
vt -0.786803007 1.22890699
vt -0.756286979 1.19238901
vt -0.756286979 1.19238901
vt -0.786803007 1.22890699
vt -0.786803007 1.18892002
vt -0.756286979 1.19238901
vt -0.786803007 1.18892002
vt -0.756286979 1.14759195
vt -0.756286979 1.14759195
vt -0.786803007 1.18892002
vt -0.786803007 1.145226
vt -0.756286979 1.14759195
vt -0.786803007 1.145226
vt -0.756286979 1.10020304
vt -1.10020304 -0.49563399
vt -1.145226 -0.476770014
vt -1.145226 -0.476770014
vt -0.756286979 1.10020304
vt -0.786803007 1.145226
vt -0.786803007 1.09900403
vt -0.786803007 1.09900403
vt -0.786803007 1.145226
vt -0.815797985 1.14134705
vt -0.786803007 1.09900403
vt -0.815797985 1.14134705
vt -0.815797985 1.09703803
vt -0.815797985 1.09703803
vt -0.815797985 1.14134705
vt -0.842557013 1.13605106
vt -0.815797985 1.09703803
vt -0.842557013 1.13605106
vt -0.842557013 1.09435403
vt -0.842557013 1.09435403
vt -0.842557013 1.13605106
vt -0.866420984 1.12946904
vt -0.842557013 1.09435403
vt -0.866420984 1.12946904
vt -0.866420984 1.09101701
vt 1.09101701 -0.440275013
vt 1.12946904 -0.430593997
vt 1.12176204 -0.408008993
vt 1.09101701 -0.440275013
vt 1.12176204 -0.408008993
vt 1.087111 -0.416732013
vt 1.087111 -0.416732013
vt 1.12176204 -0.408008993
vt 1.11311996 -0.382683009
vt 1.087111 -0.416732013
vt 1.11311996 -0.382683009
vt 1.08273101 -0.39033401
vt 1.08273101 -0.39033401
vt 1.11311996 -0.382683009
vt 1.10375595 -0.355242997
vt 1.08273101 -0.39033401
vt 1.10375595 -0.355242997
vt 1.07798505 -0.361730993
vt 1.10375595 -0.355242997
vt 1.11311996 -0.382683009
vt 1.12811601 -0.344624013
vt 1.12811601 -0.344624013
vt 1.11311996 -0.382683009
vt 1.14184594 -0.37016201
vt 1.12811601 -0.344624013
vt 1.14184594 -0.37016201
vt 1.15041101 -0.330159992
vt -1.15041101 -0.330159992
vt -1.14184594 -0.37016201
vt -1.14184594 -0.37016201
vt 1.15041101 -0.330159992
vt 1.14184594 -0.37016201
vt 1.16813505 -0.353107005
vt 1.16813505 -0.353107005
vt 1.14184594 -0.37016201
vt 1.15451705 -0.393730998
vt 1.16813505 -0.353107005
vt 1.15451705 -0.393730998
vt 1.18449295 -0.374283999
vt 1.18449295 -0.374283999
vt 1.15451705 -0.393730998
vt 1.16581702 -0.41475001
vt 1.18449295 -0.374283999
vt 1.16581702 -0.41475001
vt 1.19908094 -0.393169999
vt 1.19908094 -0.393169999
vt 1.16581702 -0.41475001
vt 1.17546797 -0.432702005
vt 1.19908094 -0.393169999
vt 1.17546797 -0.432702005
vt 1.21154106 -0.409299999
vt -0.842557013 1.21154106
vt -0.842557013 1.17546797
vt -0.815797985 1.18323302
vt -0.842557013 1.21154106
vt -0.815797985 1.18323302
vt -0.815797985 1.22156501
vt -0.815797985 1.22156501
vt -0.815797985 1.18323302
vt -0.786803007 1.18892002
vt -0.815797985 1.22156501
vt -0.786803007 1.18892002
vt -0.786803007 1.22890699
vt -0.786803007 1.18892002
vt -0.815797985 1.18323302
vt -0.786803007 1.145226
vt -1.145226 -0.476770014
vt -1.18323302 -0.447144985
vt -1.18323302 -0.447144985
vt -0.786803007 1.145226
vt -0.815797985 1.18323302
vt -0.815797985 1.14134705
vt -0.815797985 1.14134705
vt -0.815797985 1.18323302
vt -0.842557013 1.17546797
vt -0.815797985 1.14134705
vt -0.842557013 1.17546797
vt -0.842557013 1.13605106
vt -0.842557013 1.13605106
vt -0.842557013 1.17546797
vt -0.866420984 1.16581702
vt -0.842557013 1.13605106
vt -0.866420984 1.16581702
vt -0.866420984 1.12946904
vt 1.12946904 -0.430593997
vt 1.16581702 -0.41475001
vt 1.15451705 -0.393730998
vt 1.12946904 -0.430593997
vt 1.15451705 -0.393730998
vt 1.12176204 -0.408008993
vt 1.12176204 -0.408008993
vt 1.15451705 -0.393730998
vt 1.14184594 -0.37016201
vt 1.12176204 -0.408008993
vt 1.14184594 -0.37016201
vt 1.11311996 -0.382683009
vt -0.275000006 1.05149996
vt -0.295944005 1.05149996
vt -0.275000006 0.851499975
vt -0.851499975 0.897889972
vt -1.05149996 0.896789014
vt -1.05149996 0.896789014
vt -0.275000006 0.851499975
vt -0.295944005 1.05149996
vt -0.295944005 0.851499975
vt -0.295944005 0.851499975
vt -0.295944005 1.05149996
vt -0.316628009 1.05149996
vt -0.295944005 0.851499975
vt -0.316628009 1.05149996
vt -0.316628009 0.851499975
vt -0.316628009 0.851499975
vt -0.316628009 1.05149996
vt -0.336804003 1.05149996
vt -0.316628009 0.851499975
vt -0.336804003 1.05149996
vt -0.336804003 0.851499975
vt -0.336804003 0.851499975
vt -0.336804003 1.05149996
vt -0.356382012 1.05149996
vt -0.336804003 0.851499975
vt -0.356382012 1.05149996
vt -0.356382012 0.851499975
vt -0.356382012 0.851499975
vt -0.356382012 1.05149996
vt -0.375039011 1.05149996
vt -0.356382012 0.851499975
vt -0.375039011 1.05149996
vt -0.375039011 0.851499975
vt -0.375039011 0.851499975
vt -0.375039011 1.05149996
vt -0.392556995 1.05149996
vt -0.375039011 0.851499975
vt -0.392556995 1.05149996
vt -0.392556995 0.851499975
vt -0.392556995 0.851499975
vt -0.392556995 1.05149996
vt -0.408854008 1.05149996
vt -0.392556995 0.851499975
vt -0.408854008 1.05149996
vt -0.408854008 0.851499975
vt -0.851499975 0.846493006
vt -1.05149996 0.846493006
vt -1.05149996 0.831678987
vt -0.851499975 0.846493006
vt -1.05149996 0.831678987
vt -0.851499975 0.831678987
vt -0.851499975 0.831678987
vt -1.05149996 0.831678987
vt -1.05149996 0.815446973
vt -0.851499975 0.831678987
vt -1.05149996 0.815446973
vt -0.851499975 0.815446973
vt -0.851499975 0.815446973
vt -1.05149996 0.815446973
vt -1.05149996 0.797856987
vt -0.851499975 0.815446973
vt -1.05149996 0.797856987
vt -0.851499975 0.797856987
vt -0.851499975 0.797856987
vt -1.05149996 0.797856987
vt -1.05149996 0.779192984
vt -0.851499975 0.797856987
vt -1.05149996 0.779192984
vt -0.851499975 0.779192984
vt -0.851499975 0.779192984
vt -1.05149996 0.779192984
vt -1.05149996 0.75969398
vt -0.851499975 0.779192984
vt -1.05149996 0.75969398
vt -0.851499975 0.75969398
vt -0.851499975 0.75969398
vt -1.05149996 0.75969398
vt -1.05149996 0.739435017
vt -0.851499975 0.75969398
vt -1.05149996 0.739435017
vt -0.851499975 0.739435017
vt -0.851499975 0.739435017
vt -1.05149996 0.739435017
vt -1.05149996 0.718833983
vt -0.851499975 0.739435017
vt -1.05149996 0.718833983
vt -0.851499975 0.718833983
vt -0.851499975 0.718833983
vt -1.05149996 0.718833983
vt -1.05149996 0.697889984
vt -0.851499975 0.718833983
vt -1.05149996 0.697889984
vt -0.851499975 0.697889984
f 1/1 2/2 3/3
f 3/4 2/5 2/6
f 3/7 2/8 4/9
f 4/10 2/11 2/12
f 4/13 2/14 5/15
f 5/16 2/17 2/18
f 5/19 2/20 6/21
f 6/22 2/23 7/24
f 6/25 7/26 8/27
f 8/28 7/29 7/30
f 8/31 7/32 9/33
f 9/34 7/35 7/36
f 9/37 7/38 10/39
f 10/40 7/41 7/42
f 10/43 7/44 11/45
f 11/46 7/47 7/48
f 11/49 7/50 12/51
f 12/52 7/53 7/54
f 12/55 7/56 13/57
f 13/58 7/59 14/60
f 13/61 14/62 15/63
f 15/64 14/65 16/66
f 15/67 16/68 15/69
f 15/70 16/71 17/72
f 15/73 17/74 18/75
f 18/76 17/77 19/78
f 18/79 19/80 18/81
f 18/82 19/83 20/84
f 18/85 20/86 18/87
f 18/88 20/89 21/90
f 18/91 21/92 22/93
f 22/94 21/95 23/96
f 22/97 23/98 24/99
f 15/100 18/101 25/102
f 25/103 18/104 26/105
f 25/106 26/107 25/108
f 25/109 26/110 27/111
f 25/112 27/113 28/114
f 28/115 27/116 29/117
f 28/118 29/119 30/120
f 30/121 29/122 31/123
f 30/124 31/125 32/126
f 32/127 31/128 33/129
f 32/130 33/131 32/132
f 32/133 33/134 34/135
f 32/136 34/137 32/138
f 32/139 34/140 35/141
f 32/142 35/143 36/144
f 36/145 35/146 37/147
f 36/148 37/149 36/150
f 36/151 37/152 38/153
f 36/154 38/155 36/156
f 36/157 38/158 39/159
f 36/160 39/161 36/162
f 36/163 39/164 40/165
f 36/166 40/167 41/168
f 41/169 40/170 42/171
f 41/172 42/173 41/174
f 41/175 42/176 43/177
f 41/178 43/179 41/180
f 41/181 43/182 44/183
f 41/184 44/185 45/186
f 45/187 44/188 46/189
f 45/190 46/191 45/192
f 45/193 46/194 47/195
f 45/196 47/197 48/198
f 48/199 47/200 47/201
f 48/202 47/203 49/204
f 49/205 47/206 47/207
f 49/208 47/209 50/210
f 50/211 47/212 51/213
f 45/214 48/215 52/216
f 52/217 48/218 53/219
f 52/220 53/221 52/222
f 52/223 53/224 54/225
f 52/226 54/227 52/228
f 52/229 54/230 55/231
f 52/232 55/233 56/234
f 56/235 55/236 55/237
f 56/238 55/239 57/240
f 57/241 55/242 55/243
f 57/244 55/245 58/246
f 58/247 55/248 55/249
f 58/250 55/251 59/252
f 59/253 55/254 55/255
f 59/256 55/257 60/258
f 60/259 55/260 55/261
f 60/262 55/263 61/264
f 61/265 55/266 55/267
f 61/268 55/269 62/270
f 62/271 55/272 55/273
f 62/274 55/275 63/276
f 63/277 55/278 64/279
f 63/280 64/281 65/282
f 65/283 64/284 64/285
f 65/286 64/287 66/288
f 66/289 64/290 64/291
f 66/292 64/293 67/294
f 67/295 64/296 68/297
f 69/298 70/299 71/300
f 71/301 70/302 70/303
f 71/304 70/305 72/306
f 72/307 70/308 73/309
f 72/310 73/311 74/312
f 74/313 73/314 75/315
f 74/316 75/317 76/318
f 76/319 75/320 77/321
f 76/322 77/323 78/324
f 78/325 77/326 79/327
f 78/328 79/329 80/330
f 80/331 79/332 81/333
f 80/334 81/335 82/336
f 82/337 81/338 83/339
f 82/340 83/341 84/342
f 84/343 83/344 85/345
f 84/346 85/347 86/348
f 86/349 85/350 87/351
f 86/352 87/353 88/354
f 88/355 87/356 89/357
f 88/358 89/359 90/360
f 90/361 89/362 91/363
f 90/364 91/365 92/366
f 92/367 91/368 93/369
f 92/370 93/371 94/372
f 94/373 93/374 95/375
f 94/376 95/377 96/378
f 96/379 95/380 97/381
f 96/382 97/383 98/384
f 98/385 97/386 99/387
f 98/388 99/389 100/390
f 101/391 69/392 102/393
f 102/394 69/395 69/396
f 102/397 69/398 103/399
f 103/400 69/401 69/402
f 103/403 69/404 104/405
f 104/406 69/407 69/408
f 104/409 69/410 105/411
f 105/412 69/413 71/414
f 105/415 71/416 106/417
f 106/418 71/419 71/420
f 106/421 71/422 107/423
f 107/424 71/425 71/426
f 107/427 71/428 108/429
f 108/430 71/431 71/432
f 108/433 71/434 109/435
f 109/436 71/437 71/438
f 109/439 71/440 110/441
f 110/442 71/443 71/444
f 110/445 71/446 111/447
f 111/448 71/449 71/450
f 111/451 71/452 112/453
f 112/454 71/455 71/456
f 112/457 71/458 113/459
f 113/460 71/461 114/462
f 113/463 114/464 113/465
f 113/466 114/467 115/468
f 113/469 115/470 113/471
f 113/472 115/473 116/474
f 113/475 116/476 117/477
f 117/478 116/479 118/480
f 117/481 118/482 117/483
f 117/484 118/485 119/486
f 117/487 119/488 117/489
f 117/490 119/491 120/492
f 117/493 120/494 121/495
f 121/496 120/497 122/498
f 121/499 122/500 121/501
f 121/502 122/503 123/504
f 121/505 123/506 124/507
f 124/508 123/509 125/510
f 124/511 125/512 124/513
f 124/514 125/515 126/516
f 124/517 126/518 124/519
f 124/520 126/521 127/522
f 124/523 127/524 124/525
f 124/526 127/527 128/528
f 124/529 128/530 124/531
f 124/532 128/533 129/534
f 124/535 129/536 130/537
f 130/538 129/539 131/540
f 130/541 131/542 130/543
f 130/544 131/545 132/546
f 130/547 132/548 133/549
f 133/550 132/551 134/552
f 133/553 134/554 133/555
f 133/556 134/557 135/558
f 133/559 135/560 136/561
f 136/562 135/563 137/564
f 136/565 137/566 138/567
f 138/568 137/569 139/570
f 138/571 139/572 138/573
f 138/574 139/575 140/576
f 138/577 140/578 141/579
f 141/580 140/581 142/582
f 141/583 142/584 141/585
f 141/586 142/587 143/588
f 141/589 143/590 141/591
f 141/592 143/593 144/594
f 141/595 144/596 145/597
f 145/598 144/599 146/600
f 145/601 146/602 147/603
f 147/604 146/605 146/606
f 147/607 146/608 148/609
f 148/610 146/611 146/612
f 148/613 146/614 149/615
f 149/616 146/617 146/618
f 149/619 146/620 150/621
f 150/622 146/623 146/624
f 150/625 146/626 151/627
f 151/628 146/629 146/630
f 151/631 146/632 152/633
f 152/634 146/635 153/636
f 152/637 153/638 154/639
f 154/640 153/641 153/642
f 154/643 153/644 155/645
f 155/646 153/647 153/648
f 155/649 153/650 156/651
f 156/652 153/653 157/654
f 142/655 140/656 158/657
f 158/658 140/659 140/660
f 158/661 140/662 159/663
f 159/664 140/665 140/666
f 159/667 140/668 160/669
f 160/670 140/671 161/672
f 160/673 161/674 162/675
f 162/676 161/677 163/678
f 116/679 164/680 118/681
f 118/682 164/683 165/684
f 118/685 165/686 166/687
f 167/688 168/689 169/690
f 169/691 168/692 168/693
f 169/694 168/695 170/696
f 170/697 168/698 171/699
f 170/700 171/701 172/702
f 172/703 171/704 173/705
f 172/706 173/707 174/708
f 174/709 173/710 175/711
f 174/712 175/713 176/714
f 176/715 175/716 177/717
f 176/718 177/719 178/720
f 178/721 177/722 179/723
f 178/724 179/725 180/726
f 180/727 179/728 181/729
f 180/730 181/731 182/732
f 182/733 181/734 183/735
f 182/736 183/737 184/738
f 184/739 183/740 185/741
f 184/742 185/743 186/744
f 186/745 185/746 187/747
f 186/748 187/749 188/750
f 188/751 187/752 189/753
f 188/754 189/755 190/756
f 190/757 189/758 191/759
f 190/760 191/761 192/762
f 192/763 191/764 193/765
f 192/766 193/767 194/768
f 194/769 193/770 195/771
f 194/772 195/773 196/774
f 196/775 195/776 153/777
f 196/778 153/779 146/780
f 169/781 197/782 167/783
f 167/784 197/785 198/786
f 199/787 200/788 201/789
f 201/790 200/791 202/792
f 201/793 202/794 203/795
f 203/796 202/797 204/798
f 203/799 204/800 205/801
f 205/802 204/803 204/804
f 205/805 204/806 206/807
f 206/808 204/809 207/810
f 206/811 207/812 208/813
f 208/814 207/815 209/816
f 208/817 209/818 210/819
f 210/820 209/821 209/822
f 210/823 209/824 211/825
f 211/826 209/827 212/828
f 211/829 212/830 213/831
f 213/832 212/833 214/834
f 213/835 214/836 215/837
f 215/838 214/839 214/840
f 215/841 214/842 216/843
f 216/844 214/845 217/846
f 216/847 217/848 218/849
f 218/850 217/851 219/852
f 218/853 219/854 220/855
f 220/856 219/857 219/858
f 220/859 219/860 221/861
f 221/862 219/863 222/864
f 221/865 222/866 223/867
f 223/868 222/869 163/870
f 223/871 163/872 161/873
f 163/874 222/875 162/876
f 162/877 222/878 224/879
f 162/880 224/881 160/882
f 160/883 224/884 225/885
f 160/886 225/887 159/888
f 159/889 225/890 226/891
f 159/892 226/893 158/894
f 158/895 226/896 227/897
f 158/898 227/899 142/900
f 142/901 227/902 228/903
f 142/904 228/905 143/906
f 143/907 228/908 229/909
f 143/910 229/911 144/912
f 144/913 229/914 196/915
f 144/916 196/917 146/918
f 196/919 229/920 194/921
f 194/922 229/923 230/924
f 194/925 230/926 192/927
f 192/928 230/929 230/930
f 192/931 230/932 190/933
f 190/934 230/935 231/936
f 190/937 231/938 188/939
f 188/940 231/941 232/942
f 188/943 232/944 186/945
f 186/946 232/947 232/948
f 186/949 232/950 184/951
f 184/952 232/953 233/954
f 184/955 233/956 182/957
f 182/958 233/959 234/960
f 182/961 234/962 180/963
f 180/964 234/965 234/966
f 180/967 234/968 178/969
f 178/970 234/971 235/972
f 178/973 235/974 176/975
f 176/976 235/977 236/978
f 176/979 236/980 174/981
f 174/982 236/983 236/984
f 174/985 236/986 172/987
f 172/988 236/989 237/990
f 172/991 237/992 170/993
f 170/994 237/995 238/996
f 170/997 238/998 169/999
f 238/1000 237/1001 239/1002
f 239/1003 237/1004 237/1005
f 239/1006 237/1007 240/1008
f 240/1009 237/1010 241/1011
f 240/1012 241/1013 242/1014
f 242/1015 241/1016 241/1017
f 242/1018 241/1019 243/1020
f 243/1021 241/1022 244/1023
f 243/1024 244/1025 245/1026
f 245/1027 244/1028 244/1029
f 245/1030 244/1031 246/1032
f 246/1033 244/1034 247/1035
f 246/1036 247/1037 248/1038
f 248/1039 247/1040 247/1041
f 248/1042 247/1043 249/1044
f 249/1045 247/1046 250/1047
f 249/1048 250/1049 251/1050
f 251/1051 250/1052 252/1053
f 251/1054 252/1055 253/1056
f 253/1057 252/1058 252/1059
f 253/1060 252/1061 254/1062
f 254/1063 252/1064 202/1065
f 254/1066 202/1067 255/1068
f 255/1069 202/1070 200/1071
f 237/1072 236/1073 241/1074
f 241/1075 236/1076 256/1077
f 241/1078 256/1079 244/1080
f 244/1081 256/1082 257/1083
f 244/1084 257/1085 247/1086
f 247/1087 257/1088 258/1089
f 247/1090 258/1091 250/1092
f 250/1093 258/1094 259/1095
f 250/1096 259/1097 252/1098
f 252/1099 259/1100 260/1101
f 252/1102 260/1103 202/1104
f 202/1105 260/1106 260/1107
f 202/1108 260/1109 204/1110
f 204/1111 260/1112 261/1113
f 204/1114 261/1115 207/1116
f 207/1117 261/1118 262/1119
f 207/1120 262/1121 209/1122
f 209/1123 262/1124 263/1125
f 209/1126 263/1127 212/1128
f 212/1129 263/1130 264/1131
f 212/1132 264/1133 214/1134
f 214/1135 264/1136 265/1137
f 214/1138 265/1139 217/1140
f 217/1141 265/1142 266/1143
f 217/1144 266/1145 219/1146
f 219/1147 266/1148 224/1149
f 219/1150 224/1151 222/1152
f 224/1153 266/1154 225/1155
f 225/1156 266/1157 267/1158
f 225/1159 267/1160 226/1161
f 226/1162 267/1163 268/1164
f 226/1165 268/1166 227/1167
f 227/1168 268/1169 269/1170
f 227/1171 269/1172 228/1173
f 228/1174 269/1175 270/1176
f 228/1177 270/1178 229/1179
f 229/1180 270/1181 270/1182
f 229/1183 270/1184 230/1185
f 230/1186 270/1187 271/1188
f 230/1189 271/1190 231/1191
f 231/1192 271/1193 272/1194
f 231/1195 272/1196 232/1197
f 232/1198 272/1199 273/1200
f 232/1201 273/1202 233/1203
f 233/1204 273/1205 274/1206
f 233/1207 274/1208 234/1209
f 234/1210 274/1211 275/1212
f 234/1213 275/1214 235/1215
f 235/1216 275/1217 256/1218
f 235/1219 256/1220 236/1221
f 256/1222 275/1223 257/1224
f 257/1225 275/1226 276/1227
f 257/1228 276/1229 258/1230
f 258/1231 276/1232 277/1233
f 258/1234 277/1235 259/1236
f 259/1237 277/1238 278/1239
f 259/1240 278/1241 260/1242
f 260/1243 278/1244 278/1245
f 260/1246 278/1247 261/1248
f 261/1249 278/1250 279/1251
f 261/1252 279/1253 262/1254
f 262/1255 279/1256 280/1257
f 262/1258 280/1259 263/1260
f 263/1261 280/1262 281/1263
f 263/1264 281/1265 264/1266
f 264/1267 281/1268 282/1269
f 264/1270 282/1271 265/1272
f 265/1273 282/1274 267/1275
f 265/1276 267/1277 266/1278
f 267/1279 282/1280 268/1281
f 268/1282 282/1283 283/1284
f 268/1285 283/1286 269/1287
f 269/1288 283/1289 284/1290
f 269/1291 284/1292 270/1293
f 270/1294 284/1295 284/1296
f 270/1297 284/1298 271/1299
f 271/1300 284/1301 285/1302
f 271/1303 285/1304 272/1305
f 272/1306 285/1307 286/1308
f 272/1309 286/1310 273/1311
f 273/1312 286/1313 287/1314
f 273/1315 287/1316 274/1317
f 274/1318 287/1319 276/1320
f 274/1321 276/1322 275/1323
f 276/1324 287/1325 277/1326
f 277/1327 287/1328 288/1329
f 277/1330 288/1331 278/1332
f 278/1333 288/1334 288/1335
f 278/1336 288/1337 279/1338
f 279/1339 288/1340 289/1341
f 279/1342 289/1343 280/1344
f 280/1345 289/1346 290/1347
f 280/1348 290/1349 281/1350
f 281/1351 290/1352 283/1353
f 281/1354 283/1355 282/1356
f 283/1357 290/1358 284/1359
f 284/1360 290/1361 290/1362
f 284/1363 290/1364 285/1365
f 285/1366 290/1367 289/1368
f 285/1369 289/1370 286/1371
f 286/1372 289/1373 288/1374
f 286/1375 288/1376 287/1377
f 199/1378 201/1379 291/1380
f 291/1381 201/1382 201/1383
f 291/1384 201/1385 292/1386
f 292/1387 201/1388 293/1389
f 292/1390 293/1391 294/1392
f 294/1393 293/1394 293/1395
f 294/1396 293/1397 295/1398
f 295/1399 293/1400 293/1401
f 295/1402 293/1403 296/1404
f 296/1405 293/1406 293/1407
f 296/1408 293/1409 297/1410
f 297/1411 293/1412 298/1413
f 297/1414 298/1415 299/1416
f 299/1417 298/1418 298/1419
f 299/1420 298/1421 300/1422
f 300/1423 298/1424 298/1425
f 300/1426 298/1427 301/1428
f 301/1429 298/1430 298/1431
f 301/1432 298/1433 302/1434
f 302/1435 298/1436 303/1437
f 302/1438 303/1439 304/1440
f 304/1441 303/1442 303/1443
f 304/1444 303/1445 305/1446
f 305/1447 303/1448 303/1449
f 305/1450 303/1451 306/1452
f 306/1453 303/1454 303/1455
f 306/1456 303/1457 307/1458
f 307/1459 303/1460 308/1461
f 307/1462 308/1463 309/1464
f 309/1465 308/1466 308/1467
f 309/1468 308/1469 310/1470
f 310/1471 308/1472 308/1473
f 310/1474 308/1475 311/1476
f 311/1477 308/1478 308/1479
f 311/1480 308/1481 312/1482
f 312/1483 308/1484 313/1485
f 312/1486 313/1487 314/1488
f 314/1489 313/1490 315/1491
f 313/1492 308/1493 316/1494
f 316/1495 308/1496 317/1497
f 316/1498 317/1499 318/1500
f 318/1501 317/1502 317/1503
f 318/1504 317/1505 319/1506
f 319/1507 317/1508 320/1509
f 319/1510 320/1511 321/1512
f 321/1513 320/1514 322/1515
f 321/1516 322/1517 323/1518
f 323/1519 322/1520 322/1521
f 323/1522 322/1523 324/1524
f 324/1525 322/1526 325/1527
f 324/1528 325/1529 326/1530
f 326/1531 325/1532 327/1533
f 326/1534 327/1535 328/1536
f 328/1537 327/1538 327/1539
f 328/1540 327/1541 329/1542
f 329/1543 327/1544 330/1545
f 329/1546 330/1547 331/1548
f 331/1549 330/1550 332/1551
f 331/1552 332/1553 333/1554
f 333/1555 332/1556 332/1557
f 333/1558 332/1559 334/1560
f 334/1561 332/1562 335/1563
f 334/1564 335/1565 336/1566
f 336/1567 335/1568 119/1569
f 336/1570 119/1571 336/1572
f 336/1573 119/1574 118/1575
f 336/1576 118/1577 166/1578
f 119/1579 335/1580 120/1581
f 120/1582 335/1583 335/1584
f 120/1585 335/1586 122/1587
f 122/1588 335/1589 335/1590
f 122/1591 335/1592 123/1593
f 123/1594 335/1595 337/1596
f 123/1597 337/1598 125/1599
f 125/1600 337/1601 337/1602
f 125/1603 337/1604 126/1605
f 126/1606 337/1607 337/1608
f 126/1609 337/1610 127/1611
f 127/1612 337/1613 337/1614
f 127/1615 337/1616 128/1617
f 128/1618 337/1619 338/1620
f 128/1621 338/1622 129/1623
f 129/1624 338/1625 338/1626
f 129/1627 338/1628 131/1629
f 131/1630 338/1631 338/1632
f 131/1633 338/1634 132/1635
f 132/1636 338/1637 339/1638
f 132/1639 339/1640 134/1641
f 134/1642 339/1643 339/1644
f 134/1645 339/1646 135/1647
f 135/1648 339/1649 339/1650
f 135/1651 339/1652 137/1653
f 137/1654 339/1655 339/1656
f 137/1657 339/1658 139/1659
f 139/1660 339/1661 223/1662
f 139/1663 223/1664 140/1665
f 140/1666 223/1667 161/1668
f 223/1669 339/1670 221/1671
f 221/1672 339/1673 340/1674
f 221/1675 340/1676 220/1677
f 220/1678 340/1679 340/1680
f 220/1681 340/1682 218/1683
f 218/1684 340/1685 341/1686
f 218/1687 341/1688 216/1689
f 216/1690 341/1691 342/1692
f 216/1693 342/1694 215/1695
f 215/1696 342/1697 342/1698
f 215/1699 342/1700 213/1701
f 213/1702 342/1703 343/1704
f 213/1705 343/1706 211/1707
f 211/1708 343/1709 344/1710
f 211/1711 344/1712 210/1713
f 210/1714 344/1715 344/1716
f 210/1717 344/1718 208/1719
f 208/1720 344/1721 345/1722
f 208/1723 345/1724 206/1725
f 206/1726 345/1727 346/1728
f 206/1729 346/1730 205/1731
f 205/1732 346/1733 346/1734
f 205/1735 346/1736 203/1737
f 203/1738 346/1739 293/1740
f 203/1741 293/1742 201/1743
f 339/1744 338/1745 340/1746
f 340/1747 338/1748 347/1749
f 340/1750 347/1751 341/1752
f 341/1753 347/1754 348/1755
f 341/1756 348/1757 342/1758
f 342/1759 348/1760 349/1761
f 342/1762 349/1763 343/1764
f 343/1765 349/1766 350/1767
f 343/1768 350/1769 344/1770
f 344/1771 350/1772 351/1773
f 344/1774 351/1775 345/1776
f 345/1777 351/1778 352/1779
f 345/1780 352/1781 346/1782
f 346/1783 352/1784 353/1785
f 346/1786 353/1787 293/1788
f 293/1789 353/1790 353/1791
f 293/1792 353/1793 298/1794
f 298/1795 353/1796 354/1797
f 298/1798 354/1799 303/1800
f 303/1801 354/1802 317/1803
f 303/1804 317/1805 308/1806
f 317/1807 354/1808 320/1809
f 320/1810 354/1811 355/1812
f 320/1813 355/1814 322/1815
f 322/1816 355/1817 356/1818
f 322/1819 356/1820 325/1821
f 325/1822 356/1823 357/1824
f 325/1825 357/1826 327/1827
f 327/1828 357/1829 358/1830
f 327/1831 358/1832 330/1833
f 330/1834 358/1835 359/1836
f 330/1837 359/1838 332/1839
f 332/1840 359/1841 360/1842
f 332/1843 360/1844 335/1845
f 335/1846 360/1847 360/1848
f 335/1849 360/1850 337/1851
f 337/1852 360/1853 347/1854
f 337/1855 347/1856 338/1857
f 347/1858 360/1859 348/1860
f 348/1861 360/1862 359/1863
f 348/1864 359/1865 349/1866
f 349/1867 359/1868 358/1869
f 349/1870 358/1871 350/1872
f 350/1873 358/1874 357/1875
f 350/1876 357/1877 351/1878
f 351/1879 357/1880 356/1881
f 351/1882 356/1883 352/1884
f 352/1885 356/1886 355/1887
f 352/1888 355/1889 353/1890
f 353/1891 355/1892 354/1893
f 22/1894 361/1895 18/1896
f 18/1897 361/1898 361/1899
f 18/1900 361/1901 26/1902
f 26/1903 361/1904 362/1905
f 26/1906 362/1907 27/1908
f 27/1909 362/1910 362/1911
f 27/1912 362/1913 29/1914
f 29/1915 362/1916 362/1917
f 29/1918 362/1919 31/1920
f 31/1921 362/1922 363/1923
f 31/1924 363/1925 33/1926
f 33/1927 363/1928 363/1929
f 33/1930 363/1931 34/1932
f 34/1933 363/1934 363/1935
f 34/1936 363/1937 35/1938
f 35/1939 363/1940 363/1941
f 35/1942 363/1943 37/1944
f 37/1945 363/1946 364/1947
f 37/1948 364/1949 38/1950
f 38/1951 364/1952 364/1953
f 38/1954 364/1955 39/1956
f 39/1957 364/1958 364/1959
f 39/1960 364/1961 40/1962
f 40/1963 364/1964 364/1965
f 40/1966 364/1967 42/1968
f 42/1969 364/1970 365/1971
f 42/1972 365/1973 43/1974
f 43/1975 365/1976 365/1977
f 43/1978 365/1979 44/1980
f 44/1981 365/1982 365/1983
f 44/1984 365/1985 46/1986
f 46/1987 365/1988 366/1989
f 46/1990 366/1991 47/1992
f 47/1993 366/1994 51/1995
f 366/1996 365/1997 367/1998
f 367/1999 365/2000 368/2001
f 367/2002 368/2003 369/2004
f 369/2005 368/2006 368/2007
f 369/2008 368/2009 370/2010
f 370/2011 368/2012 371/2013
f 370/2014 371/2015 372/2016
f 372/2017 371/2018 373/2019
f 372/2020 373/2021 374/2022
f 374/2023 373/2024 373/2025
f 374/2026 373/2027 375/2028
f 375/2029 373/2030 376/2031
f 375/2032 376/2033 377/2034
f 377/2035 376/2036 378/2037
f 377/2038 378/2039 379/2040
f 379/2041 378/2042 378/2043
f 379/2044 378/2045 380/2046
f 380/2047 378/2048 381/2049
f 380/2050 381/2051 382/2052
f 382/2053 381/2054 383/2055
f 382/2056 383/2057 384/2058
f 384/2059 383/2060 383/2061
f 384/2062 383/2063 385/2064
f 385/2065 383/2066 386/2067
f 385/2068 386/2069 387/2070
f 387/2071 386/2072 388/2073
f 387/2074 388/2075 387/2076
f 387/2077 388/2078 389/2079
f 387/2080 389/2081 390/2082
f 388/2083 386/2084 391/2085
f 391/2086 386/2087 386/2088
f 391/2089 386/2090 392/2091
f 392/2092 386/2093 386/2094
f 392/2095 386/2096 393/2097
f 393/2098 386/2099 394/2100
f 393/2101 394/2102 395/2103
f 395/2104 394/2105 394/2106
f 395/2107 394/2108 396/2109
f 396/2110 394/2111 394/2112
f 396/2113 394/2114 397/2115
f 397/2116 394/2117 394/2118
f 397/2119 394/2120 398/2121
f 398/2122 394/2123 399/2124
f 398/2125 399/2126 400/2127
f 400/2128 399/2129 399/2130
f 400/2131 399/2132 401/2133
f 401/2134 399/2135 399/2136
f 401/2137 399/2138 402/2139
f 402/2140 399/2141 399/2142
f 402/2143 399/2144 403/2145
f 403/2146 399/2147 404/2148
f 403/2149 404/2150 405/2151
f 405/2152 404/2153 404/2154
f 405/2155 404/2156 406/2157
f 406/2158 404/2159 404/2160
f 406/2161 404/2162 407/2163
f 407/2164 404/2165 404/2166
f 407/2167 404/2168 408/2169
f 408/2170 404/2171 409/2172
f 408/2173 409/2174 410/2175
f 410/2176 409/2177 411/2178
f 409/2179 404/2180 412/2181
f 412/2182 404/2183 413/2184
f 412/2185 413/2186 414/2187
f 414/2188 413/2189 413/2190
f 414/2191 413/2192 415/2193
f 415/2194 413/2195 416/2196
f 415/2197 416/2198 417/2199
f 417/2200 416/2201 418/2202
f 417/2203 418/2204 419/2205
f 419/2206 418/2207 418/2208
f 419/2209 418/2210 420/2211
f 420/2212 418/2213 421/2214
f 420/2215 421/2216 422/2217
f 422/2218 421/2219 423/2220
f 422/2221 423/2222 424/2223
f 424/2224 423/2225 423/2226
f 424/2227 423/2228 425/2229
f 425/2230 423/2231 426/2232
f 425/2233 426/2234 427/2235
f 427/2236 426/2237 428/2238
f 427/2239 428/2240 429/2241
f 429/2242 428/2243 428/2244
f 429/2245 428/2246 430/2247
f 430/2248 428/2249 362/2250
f 430/2251 362/2252 361/2253
f 404/2254 399/2255 413/2256
f 413/2257 399/2258 431/2259
f 413/2260 431/2261 416/2262
f 416/2263 431/2264 432/2265
f 416/2266 432/2267 418/2268
f 418/2269 432/2270 433/2271
f 418/2272 433/2273 421/2274
f 421/2275 433/2276 434/2277
f 421/2278 434/2279 423/2280
f 423/2281 434/2282 435/2283
f 423/2284 435/2285 426/2286
f 426/2287 435/2288 436/2289
f 426/2290 436/2291 428/2292
f 428/2293 436/2294 437/2295
f 428/2296 437/2297 362/2298
f 362/2299 437/2300 437/2301
f 362/2302 437/2303 363/2304
f 363/2305 437/2306 438/2307
f 363/2308 438/2309 364/2310
f 364/2311 438/2312 368/2313
f 364/2314 368/2315 365/2316
f 368/2317 438/2318 371/2319
f 371/2320 438/2321 439/2322
f 371/2323 439/2324 373/2325
f 373/2326 439/2327 440/2328
f 373/2329 440/2330 376/2331
f 376/2332 440/2333 441/2334
f 376/2335 441/2336 378/2337
f 378/2338 441/2339 442/2340
f 378/2341 442/2342 381/2343
f 381/2344 442/2345 443/2346
f 381/2347 443/2348 383/2349
f 383/2350 443/2351 444/2352
f 383/2353 444/2354 386/2355
f 386/2356 444/2357 444/2358
f 386/2359 444/2360 394/2361
f 394/2362 444/2363 431/2364
f 394/2365 431/2366 399/2367
f 431/2368 444/2369 432/2370
f 432/2371 444/2372 443/2373
f 432/2374 443/2375 433/2376
f 433/2377 443/2378 442/2379
f 433/2380 442/2381 434/2382
f 434/2383 442/2384 441/2385
f 434/2386 441/2387 435/2388
f 435/2389 441/2390 440/2391
f 435/2392 440/2393 436/2394
f 436/2395 440/2396 439/2397
f 436/2398 439/2399 437/2400
f 437/2401 439/2402 438/2403
f 22/2404 24/2405 361/2406
f 361/2407 24/2408 445/2409
f 361/2410 445/2411 430/2412
f 430/2413 445/2414 446/2415
f 430/2416 446/2417 429/2418
f 429/2419 446/2420 446/2421
f 429/2422 446/2423 427/2424
f 427/2425 446/2426 447/2427
f 427/2428 447/2429 425/2430
f 425/2431 447/2432 448/2433
f 425/2434 448/2435 424/2436
f 424/2437 448/2438 448/2439
f 424/2440 448/2441 422/2442
f 422/2443 448/2444 449/2445
f 422/2446 449/2447 420/2448
f 420/2449 449/2450 450/2451
f 420/2452 450/2453 419/2454
f 419/2455 450/2456 450/2457
f 419/2458 450/2459 417/2460
f 417/2461 450/2462 451/2463
f 417/2464 451/2465 415/2466
f 415/2467 451/2468 452/2469
f 415/2470 452/2471 414/2472
f 414/2473 452/2474 452/2475
f 414/2476 452/2477 412/2478
f 412/2479 452/2480 453/2481
f 412/2482 453/2483 409/2484
f 409/2485 453/2486 454/2487
f 409/2488 454/2489 411/2490
f 454/2491 453/2492 455/2493
f 455/2494 453/2495 453/2496
f 455/2497 453/2498 456/2499
f 456/2500 453/2501 457/2502
f 456/2503 457/2504 458/2505
f 458/2506 457/2507 457/2508
f 458/2509 457/2510 459/2511
f 459/2512 457/2513 460/2514
f 459/2515 460/2516 461/2517
f 461/2518 460/2519 460/2520
f 461/2521 460/2522 462/2523
f 462/2524 460/2525 463/2526
f 462/2527 463/2528 464/2529
f 464/2530 463/2531 463/2532
f 464/2533 463/2534 465/2535
f 465/2536 463/2537 466/2538
f 465/2539 466/2540 467/2541
f 467/2542 466/2543 468/2544
f 467/2545 468/2546 469/2547
f 469/2548 468/2549 468/2550
f 469/2551 468/2552 470/2553
f 470/2554 468/2555 471/2556
f 470/2557 471/2558 472/2559
f 472/2560 471/2561 471/2562
f 472/2563 471/2564 473/2565
f 473/2566 471/2567 474/2568
f 473/2569 474/2570 197/2571
f 474/2572 471/2573 475/2574
f 475/2575 471/2576 476/2577
f 475/2578 476/2579 477/2580
f 477/2581 476/2582 476/2583
f 477/2584 476/2585 478/2586
f 478/2587 476/2588 479/2589
f 478/2590 479/2591 480/2592
f 480/2593 479/2594 481/2595
f 480/2596 481/2597 482/2598
f 482/2599 481/2600 481/2601
f 482/2602 481/2603 483/2604
f 483/2605 481/2606 484/2607
f 483/2608 484/2609 485/2610
f 485/2611 484/2612 486/2613
f 485/2614 486/2615 487/2616
f 487/2617 486/2618 486/2619
f 487/2620 486/2621 488/2622
f 488/2623 486/2624 489/2625
f 488/2626 489/2627 490/2628
f 490/2629 489/2630 491/2631
f 490/2632 491/2633 492/2634
f 492/2635 491/2636 491/2637
f 492/2638 491/2639 493/2640
f 493/2641 491/2642 494/2643
f 493/2644 494/2645 495/2646
f 495/2647 494/2648 14/2649
f 495/2650 14/2651 7/2652
f 14/2653 494/2654 16/2655
f 16/2656 494/2657 496/2658
f 16/2659 496/2660 17/2661
f 17/2662 496/2663 497/2664
f 17/2665 497/2666 19/2667
f 19/2668 497/2669 498/2670
f 19/2671 498/2672 20/2673
f 20/2674 498/2675 499/2676
f 20/2677 499/2678 21/2679
f 21/2680 499/2681 500/2682
f 21/2683 500/2684 23/2685
f 23/2686 500/2687 445/2688
f 23/2689 445/2690 24/2691
f 494/2692 491/2693 496/2694
f 496/2695 491/2696 501/2697
f 496/2698 501/2699 497/2700
f 497/2701 501/2702 502/2703
f 497/2704 502/2705 498/2706
f 498/2707 502/2708 503/2709
f 498/2710 503/2711 499/2712
f 499/2713 503/2714 504/2715
f 499/2716 504/2717 500/2718
f 500/2719 504/2720 505/2721
f 500/2722 505/2723 445/2724
f 445/2725 505/2726 505/2727
f 445/2728 505/2729 446/2730
f 446/2731 505/2732 506/2733
f 446/2734 506/2735 447/2736
f 447/2737 506/2738 507/2739
f 447/2740 507/2741 448/2742
f 448/2743 507/2744 508/2745
f 448/2746 508/2747 449/2748
f 449/2749 508/2750 509/2751
f 449/2752 509/2753 450/2754
f 450/2755 509/2756 510/2757
f 450/2758 510/2759 451/2760
f 451/2761 510/2762 511/2763
f 451/2764 511/2765 452/2766
f 452/2767 511/2768 457/2769
f 452/2770 457/2771 453/2772
f 457/2773 511/2774 460/2775
f 460/2776 511/2777 512/2778
f 460/2779 512/2780 463/2781
f 463/2782 512/2783 513/2784
f 463/2785 513/2786 466/2787
f 466/2788 513/2789 514/2790
f 466/2791 514/2792 468/2793
f 468/2794 514/2795 515/2796
f 468/2797 515/2798 471/2799
f 471/2800 515/2801 515/2802
f 471/2803 515/2804 476/2805
f 476/2806 515/2807 516/2808
f 476/2809 516/2810 479/2811
f 479/2812 516/2813 517/2814
f 479/2815 517/2816 481/2817
f 481/2818 517/2819 518/2820
f 481/2821 518/2822 484/2823
f 484/2824 518/2825 519/2826
f 484/2827 519/2828 486/2829
f 486/2830 519/2831 520/2832
f 486/2833 520/2834 489/2835
f 489/2836 520/2837 501/2838
f 489/2839 501/2840 491/2841
f 501/2842 520/2843 502/2844
f 502/2845 520/2846 521/2847
f 502/2848 521/2849 503/2850
f 503/2851 521/2852 522/2853
f 503/2854 522/2855 504/2856
f 504/2857 522/2858 523/2859
f 504/2860 523/2861 505/2862
f 505/2863 523/2864 523/2865
f 505/2866 523/2867 506/2868
f 506/2869 523/2870 524/2871
f 506/2872 524/2873 507/2874
f 507/2875 524/2876 525/2877
f 507/2878 525/2879 508/2880
f 508/2881 525/2882 526/2883
f 508/2884 526/2885 509/2886
f 509/2887 526/2888 527/2889
f 509/2890 527/2891 510/2892
f 510/2893 527/2894 512/2895
f 510/2896 512/2897 511/2898
f 512/2899 527/2900 513/2901
f 513/2902 527/2903 528/2904
f 513/2905 528/2906 514/2907
f 514/2908 528/2909 529/2910
f 514/2911 529/2912 515/2913
f 515/2914 529/2915 529/2916
f 515/2917 529/2918 516/2919
f 516/2920 529/2921 530/2922
f 516/2923 530/2924 517/2925
f 517/2926 530/2927 531/2928
f 517/2929 531/2930 518/2931
f 518/2932 531/2933 532/2934
f 518/2935 532/2936 519/2937
f 519/2938 532/2939 521/2940
f 519/2941 521/2942 520/2943
f 521/2944 532/2945 522/2946
f 522/2947 532/2948 533/2949
f 522/2950 533/2951 523/2952
f 523/2953 533/2954 533/2955
f 523/2956 533/2957 524/2958
f 524/2959 533/2960 534/2961
f 524/2962 534/2963 525/2964
f 525/2965 534/2966 535/2967
f 525/2968 535/2969 526/2970
f 526/2971 535/2972 528/2973
f 526/2974 528/2975 527/2976
f 528/2977 535/2978 529/2979
f 529/2980 535/2981 535/2982
f 529/2983 535/2984 530/2985
f 530/2986 535/2987 534/2988
f 530/2989 534/2990 531/2991
f 531/2992 534/2993 533/2994
f 531/2995 533/2996 532/2997
f 536/2998 537/2999 100/3000
f 100/3001 537/3002 537/3003
f 100/3004 537/3005 538/3006
f 538/3007 537/3008 539/3009
f 538/3010 539/3011 540/3012
f 540/3013 539/3014 541/3015
f 540/3016 541/3017 542/3018
f 542/3019 541/3020 543/3021
f 542/3022 543/3023 544/3024
f 544/3025 543/3026 545/3027
f 544/3028 545/3029 546/3030
f 546/3031 545/3032 547/3033
f 546/3034 547/3035 548/3036
f 548/3037 547/3038 549/3039
f 548/3040 549/3041 548/3042
f 548/3043 549/3044 550/3045
f 548/3046 550/3047 548/3048
f 548/3049 550/3050 551/3051
f 548/3052 551/3053 548/3054
f 548/3055 551/3056 552/3057
f 548/3058 552/3059 548/3060
f 548/3061 552/3062 553/3063
f 548/3064 553/3065 548/3066
f 548/3067 553/3068 554/3069
f 548/3070 554/3071 548/3072
f 548/3073 554/3074 555/3075
f 548/3076 555/3077 548/3078
f 548/3079 555/3080 556/3081
f 548/3082 556/3083 548/3084
f 548/3085 556/3086 557/3087
f 548/3088 557/3089 548/3090
f 548/3091 557/3092 558/3093
f 548/3094 558/3095 548/3096
f 548/3097 558/3098 559/3099
f 548/3100 559/3101 560/3102
f 560/3103 559/3104 561/3105
f 560/3106 561/3107 560/3108
f 560/3109 561/3110 562/3111
f 560/3112 562/3113 563/3114
f 563/3115 562/3116 564/3117
f 563/3118 564/3119 565/3120
f 565/3121 564/3122 566/3123
f 565/3124 566/3125 567/3126
f 567/3127 566/3128 390/3129
f 567/3130 390/3131 315/3132
f 559/3133 568/3134 561/3135
f 561/3136 568/3137 568/3138
f 561/3139 568/3140 569/3141
f 569/3142 568/3143 570/3144
f 569/3145 570/3146 569/3147
f 569/3148 570/3149 571/3150
f 569/3151 571/3152 569/3153
f 569/3154 571/3155 572/3156
f 569/3157 572/3158 569/3159
f 569/3160 572/3161 573/3162
f 569/3163 573/3164 569/3165
f 569/3166 573/3167 574/3168
f 569/3169 574/3170 569/3171
f 569/3172 574/3173 575/3174
f 569/3175 575/3176 569/3177
f 569/3178 575/3179 576/3180
f 569/3181 576/3182 569/3183
f 569/3184 576/3185 577/3186
f 569/3187 577/3188 569/3189
f 569/3190 577/3191 578/3192
f 569/3193 578/3194 569/3195
f 569/3196 578/3197 579/3198
f 569/3199 579/3200 569/3201
f 569/3202 579/3203 580/3204
f 569/3205 580/3206 581/3207
f 581/3208 580/3209 582/3210
f 581/3211 582/3212 583/3213
f 583/3214 582/3215 584/3216
f 583/3217 584/3218 585/3219
f 585/3220 584/3221 586/3222
f 585/3223 586/3224 587/3225
f 587/3226 586/3227 588/3228
f 587/3229 588/3230 589/3231
f 589/3232 588/3233 590/3234
f 589/3235 590/3236 591/3237
f 591/3238 590/3239 592/3240
f 536/3241 100/3242 593/3243
f 593/3244 100/3245 100/3246
f 593/3247 100/3248 594/3249
f 594/3250 100/3251 100/3252
f 594/3253 100/3254 595/3255
f 595/3256 100/3257 100/3258
f 595/3259 100/3260 596/3261
f 596/3262 100/3263 100/3264
f 596/3265 100/3266 597/3267
f 597/3268 100/3269 100/3270
f 597/3271 100/3272 598/3273
f 598/3274 100/3275 100/3276
f 598/3277 100/3278 599/3279
f 599/3280 100/3281 100/3282
f 599/3283 100/3284 600/3285
f 600/3286 100/3287 100/3288
f 600/3289 100/3290 601/3291
f 601/3292 100/3293 99/3294
f 601/3295 99/3296 602/3297
f 602/3298 99/3299 603/3300
f 602/3301 603/3302 604/3303
f 604/3304 603/3305 603/3306
f 604/3307 603/3308 605/3309
f 605/3310 603/3311 591/3312
f 605/3313 591/3314 606/3315
f 606/3316 591/3317 591/3318
f 606/3319 591/3320 607/3321
f 607/3322 591/3323 591/3324
f 607/3325 591/3326 608/3327
f 608/3328 591/3329 591/3330
f 608/3331 591/3332 609/3333
f 609/3334 591/3335 591/3336
f 609/3337 591/3338 610/3339
f 610/3340 591/3341 591/3342
f 610/3343 591/3344 611/3345
f 611/3346 591/3347 591/3348
f 611/3349 591/3350 612/3351
f 612/3352 591/3353 591/3354
f 612/3355 591/3356 613/3357
f 613/3358 591/3359 592/3360
f 603/3361 614/3362 591/3363
f 591/3364 614/3365 614/3366
f 591/3367 614/3368 615/3369
f 615/3370 614/3371 616/3372
f 615/3373 616/3374 617/3375
f 617/3376 616/3377 618/3378
f 617/3379 618/3380 619/3381
f 619/3382 618/3383 620/3384
f 619/3385 620/3386 621/3387
f 621/3388 620/3389 622/3390
f 621/3391 622/3392 623/3393
f 623/3394 622/3395 624/3396
f 623/3397 624/3398 625/3399
f 625/3400 624/3401 626/3402
f 625/3403 626/3404 627/3405
f 627/3406 626/3407 628/3408
f 627/3409 628/3410 629/3411
f 629/3412 628/3413 630/3414
f 629/3415 630/3416 631/3417
f 631/3418 630/3419 632/3420
f 631/3421 632/3422 633/3423
f 633/3424 632/3425 634/3426
f 633/3427 634/3428 635/3429
f 635/3430 634/3431 636/3432
f 635/3433 636/3434 637/3435
f 637/3436 636/3437 638/3438
f 637/3439 638/3440 639/3441
f 639/3442 638/3443 640/3444
f 639/3445 640/3446 641/3447
f 641/3448 640/3449 64/3450
f 641/3451 64/3452 55/3453
f 591/3454 615/3455 589/3456
f 589/3457 615/3458 642/3459
f 589/3460 642/3461 587/3462
f 587/3463 642/3464 642/3465
f 587/3466 642/3467 585/3468
f 585/3469 642/3470 643/3471
f 585/3472 643/3473 583/3474
f 583/3475 643/3476 643/3477
f 583/3478 643/3479 581/3480
f 581/3481 643/3482 644/3483
f 581/3484 644/3485 569/3486
f 569/3487 644/3488 644/3489
f 569/3490 644/3491 561/3492
f 561/3493 644/3494 645/3495
f 561/3496 645/3497 562/3498
f 562/3499 645/3500 646/3501
f 562/3502 646/3503 564/3504
f 564/3505 646/3506 646/3507
f 564/3508 646/3509 566/3510
f 566/3511 646/3512 387/3513
f 566/3514 387/3515 390/3516
f 387/3517 646/3518 385/3519
f 385/3520 646/3521 647/3522
f 385/3523 647/3524 384/3525
f 384/3526 647/3527 647/3528
f 384/3529 647/3530 382/3531
f 382/3532 647/3533 648/3534
f 382/3535 648/3536 380/3537
f 380/3538 648/3539 649/3540
f 380/3541 649/3542 379/3543
f 379/3544 649/3545 649/3546
f 379/3547 649/3548 377/3549
f 377/3550 649/3551 650/3552
f 377/3553 650/3554 375/3555
f 375/3556 650/3557 651/3558
f 375/3559 651/3560 374/3561
f 374/3562 651/3563 651/3564
f 374/3565 651/3566 372/3567
f 372/3568 651/3569 652/3570
f 372/3571 652/3572 370/3573
f 370/3574 652/3575 653/3576
f 370/3577 653/3578 369/3579
f 369/3580 653/3581 653/3582
f 369/3583 653/3584 367/3585
f 367/3586 653/3587 654/3588
f 367/3589 654/3590 366/3591
f 366/3592 654/3593 654/3594
f 366/3595 654/3596 51/3597
f 51/3598 654/3599 654/3600
f 51/3601 654/3602 50/3603
f 50/3604 654/3605 655/3606
f 50/3607 655/3608 49/3609
f 49/3610 655/3611 656/3612
f 49/3613 656/3614 48/3615
f 48/3616 656/3617 657/3618
f 48/3619 657/3620 53/3621
f 53/3622 657/3623 658/3624
f 53/3625 658/3626 54/3627
f 54/3628 658/3629 641/3630
f 54/3631 641/3632 55/3633
f 641/3634 658/3635 639/3636
f 639/3637 658/3638 659/3639
f 639/3640 659/3641 637/3642
f 637/3643 659/3644 659/3645
f 637/3646 659/3647 635/3648
f 635/3649 659/3650 660/3651
f 635/3652 660/3653 633/3654
f 633/3655 660/3656 661/3657
f 633/3658 661/3659 631/3660
f 631/3661 661/3662 661/3663
f 631/3664 661/3665 629/3666
f 629/3667 661/3668 662/3669
f 629/3670 662/3671 627/3672
f 627/3673 662/3674 663/3675
f 627/3676 663/3677 625/3678
f 625/3679 663/3680 663/3681
f 625/3682 663/3683 623/3684
f 623/3685 663/3686 664/3687
f 623/3688 664/3689 621/3690
f 621/3691 664/3692 665/3693
f 621/3694 665/3695 619/3696
f 619/3697 665/3698 665/3699
f 619/3700 665/3701 617/3702
f 617/3703 665/3704 642/3705
f 617/3706 642/3707 615/3708
f 642/3709 665/3710 643/3711
f 643/3712 665/3713 666/3714
f 643/3715 666/3716 644/3717
f 644/3718 666/3719 667/3720
f 644/3721 667/3722 645/3723
f 645/3724 667/3725 668/3726
f 645/3727 668/3728 646/3729
f 646/3730 668/3731 668/3732
f 646/3733 668/3734 647/3735
f 647/3736 668/3737 669/3738
f 647/3739 669/3740 648/3741
f 648/3742 669/3743 670/3744
f 648/3745 670/3746 649/3747
f 649/3748 670/3749 671/3750
f 649/3751 671/3752 650/3753
f 650/3754 671/3755 672/3756
f 650/3757 672/3758 651/3759
f 651/3760 672/3761 673/3762
f 651/3763 673/3764 652/3765
f 652/3766 673/3767 674/3768
f 652/3769 674/3770 653/3771
f 653/3772 674/3773 655/3774
f 653/3775 655/3776 654/3777
f 655/3778 674/3779 656/3780
f 656/3781 674/3782 675/3783
f 656/3784 675/3785 657/3786
f 657/3787 675/3788 676/3789
f 657/3790 676/3791 658/3792
f 658/3793 676/3794 676/3795
f 658/3796 676/3797 659/3798
f 659/3799 676/3800 677/3801
f 659/3802 677/3803 660/3804
f 660/3805 677/3806 678/3807
f 660/3808 678/3809 661/3810
f 661/3811 678/3812 679/3813
f 661/3814 679/3815 662/3816
f 662/3817 679/3818 680/3819
f 662/3820 680/3821 663/3822
f 663/3823 680/3824 681/3825
f 663/3826 681/3827 664/3828
f 664/3829 681/3830 666/3831
f 664/3832 666/3833 665/3834
f 666/3835 681/3836 667/3837
f 667/3838 681/3839 682/3840
f 667/3841 682/3842 668/3843
f 668/3844 682/3845 682/3846
f 668/3847 682/3848 669/3849
f 669/3850 682/3851 683/3852
f 669/3853 683/3854 670/3855
f 670/3856 683/3857 684/3858
f 670/3859 684/3860 671/3861
f 671/3862 684/3863 685/3864
f 671/3865 685/3866 672/3867
f 672/3868 685/3869 686/3870
f 672/3871 686/3872 673/3873
f 673/3874 686/3875 675/3876
f 673/3877 675/3878 674/3879
f 675/3880 686/3881 676/3882
f 676/3883 686/3884 686/3885
f 676/3886 686/3887 677/3888
f 677/3889 686/3890 685/3891
f 677/3892 685/3893 678/3894
f 678/3895 685/3896 684/3897
f 678/3898 684/3899 679/3900
f 679/3901 684/3902 683/3903
f 679/3904 683/3905 680/3906
f 680/3907 683/3908 682/3909
f 680/3910 682/3911 681/3912
f 71/3913 72/3914 114/3915
f 114/3916 72/3917 687/3918
f 114/3919 687/3920 115/3921
f 115/3922 687/3923 688/3924
f 115/3925 688/3926 116/3927
f 116/3928 688/3929 689/3930
f 116/3931 689/3932 164/3933
f 164/3934 689/3935 690/3936
f 164/3937 690/3938 165/3939
f 165/3940 690/3941 691/3942
f 165/3943 691/3944 166/3945
f 166/3946 691/3947 691/3948
f 166/3949 691/3950 336/3951
f 336/3952 691/3953 691/3954
f 336/3955 691/3956 334/3957
f 334/3958 691/3959 692/3960
f 334/3961 692/3962 333/3963
f 333/3964 692/3965 692/3966
f 333/3967 692/3968 331/3969
f 331/3970 692/3971 693/3972
f 331/3973 693/3974 329/3975
f 329/3976 693/3977 694/3978
f 329/3979 694/3980 328/3981
f 328/3982 694/3983 694/3984
f 328/3985 694/3986 326/3987
f 326/3988 694/3989 695/3990
f 326/3991 695/3992 324/3993
f 324/3994 695/3995 696/3996
f 324/3997 696/3998 323/3999
f 323/4000 696/4001 696/4002
f 323/4003 696/4004 321/4005
f 321/4006 696/4007 697/4008
f 321/4009 697/4010 319/4011
f 319/4012 697/4013 698/4014
f 319/4015 698/4016 318/4017
f 318/4018 698/4019 698/4020
f 318/4021 698/4022 316/4023
f 316/4024 698/4025 699/4026
f 316/4027 699/4028 313/4029
f 313/4030 699/4031 567/4032
f 313/4033 567/4034 315/4035
f 567/4036 699/4037 565/4038
f 565/4039 699/4040 699/4041
f 565/4042 699/4043 563/4044
f 563/4045 699/4046 700/4047
f 563/4048 700/4049 560/4050
f 560/4051 700/4052 700/4053
f 560/4054 700/4055 548/4056
f 548/4057 700/4058 701/4059
f 548/4060 701/4061 546/4062
f 546/4063 701/4064 701/4065
f 546/4066 701/4067 544/4068
f 544/4069 701/4070 702/4071
f 544/4072 702/4073 542/4074
f 542/4075 702/4076 703/4077
f 542/4078 703/4079 540/4080
f 540/4081 703/4082 703/4083
f 540/4084 703/4085 538/4086
f 538/4087 703/4088 98/4089
f 538/4090 98/4091 100/4092
f 98/4093 703/4094 96/4095
f 96/4096 703/4097 704/4098
f 96/4099 704/4100 94/4101
f 94/4102 704/4103 704/4104
f 94/4105 704/4106 92/4107
f 92/4108 704/4109 705/4110
f 92/4111 705/4112 90/4113
f 90/4114 705/4115 706/4116
f 90/4117 706/4118 88/4119
f 88/4120 706/4121 706/4122
f 88/4123 706/4124 86/4125
f 86/4126 706/4127 707/4128
f 86/4129 707/4130 84/4131
f 84/4132 707/4133 708/4134
f 84/4135 708/4136 82/4137
f 82/4138 708/4139 708/4140
f 82/4141 708/4142 80/4143
f 80/4144 708/4145 709/4146
f 80/4147 709/4148 78/4149
f 78/4150 709/4151 710/4152
f 78/4153 710/4154 76/4155
f 76/4156 710/4157 710/4158
f 76/4159 710/4160 74/4161
f 74/4162 710/4163 687/4164
f 74/4165 687/4166 72/4167
f 687/4168 710/4169 688/4170
f 688/4171 710/4172 711/4173
f 688/4174 711/4175 689/4176
f 689/4177 711/4178 712/4179
f 689/4180 712/4181 690/4182
f 690/4183 712/4184 713/4185
f 690/4186 713/4187 691/4188
f 691/4189 713/4190 713/4191
f 691/4192 713/4193 692/4194
f 692/4195 713/4196 714/4197
f 692/4198 714/4199 693/4200
f 693/4201 714/4202 715/4203
f 693/4204 715/4205 694/4206
f 694/4207 715/4208 716/4209
f 694/4210 716/4211 695/4212
f 695/4213 716/4214 717/4215
f 695/4216 717/4217 696/4218
f 696/4219 717/4220 718/4221
f 696/4222 718/4223 697/4224
f 697/4225 718/4226 719/4227
f 697/4228 719/4229 698/4230
f 698/4231 719/4232 700/4233
f 698/4234 700/4235 699/4236
f 700/4237 719/4238 701/4239
f 701/4240 719/4241 720/4242
f 701/4243 720/4244 702/4245
f 702/4246 720/4247 721/4248
f 702/4249 721/4250 703/4251
f 703/4252 721/4253 721/4254
f 703/4255 721/4256 704/4257
f 704/4258 721/4259 722/4260
f 704/4261 722/4262 705/4263
f 705/4264 722/4265 723/4266
f 705/4267 723/4268 706/4269
f 706/4270 723/4271 724/4272
f 706/4273 724/4274 707/4275
f 707/4276 724/4277 725/4278
f 707/4279 725/4280 708/4281
f 708/4282 725/4283 726/4284
f 708/4285 726/4286 709/4287
f 709/4288 726/4289 711/4290
f 709/4291 711/4292 710/4293
f 711/4294 726/4295 712/4296
f 712/4297 726/4298 727/4299
f 712/4300 727/4301 713/4302
f 713/4303 727/4304 727/4305
f 713/4306 727/4307 714/4308
f 714/4309 727/4310 728/4311
f 714/4312 728/4313 715/4314
f 715/4315 728/4316 729/4317
f 715/4318 729/4319 716/4320
f 716/4321 729/4322 730/4323
f 716/4324 730/4325 717/4326
f 717/4327 730/4328 731/4329
f 717/4330 731/4331 718/4332
f 718/4333 731/4334 720/4335
f 718/4336 720/4337 719/4338
f 720/4339 731/4340 721/4341
f 721/4342 731/4343 731/4344
f 721/4345 731/4346 722/4347
f 722/4348 731/4349 730/4350
f 722/4351 730/4352 723/4353
f 723/4354 730/4355 729/4356
f 723/4357 729/4358 724/4359
f 724/4360 729/4361 728/4362
f 724/4363 728/4364 725/4365
f 725/4366 728/4367 727/4368
f 725/4369 727/4370 726/4371
f 197/4372 474/4373 198/4374
f 198/4375 474/4376 474/4377
f 198/4378 474/4379 732/4380
f 732/4381 474/4382 475/4383
f 732/4384 475/4385 733/4386
f 733/4387 475/4388 477/4389
f 733/4390 477/4391 734/4392
f 734/4393 477/4394 478/4395
f 734/4396 478/4397 735/4398
f 735/4399 478/4400 480/4401
f 735/4402 480/4403 736/4404
f 736/4405 480/4406 482/4407
f 736/4408 482/4409 737/4410
f 737/4411 482/4412 483/4413
f 737/4414 483/4415 738/4416
f 738/4417 483/4418 485/4419
f 738/4420 485/4421 739/4422
f 739/4423 485/4424 487/4425
f 739/4426 487/4427 740/4428
f 740/4429 487/4430 488/4431
f 740/4432 488/4433 741/4434
f 741/4435 488/4436 490/4437
f 741/4438 490/4439 742/4440
f 742/4441 490/4442 492/4443
f 742/4444 492/4445 743/4446
f 743/4447 492/4448 493/4449
f 743/4450 493/4451 744/4452
f 744/4453 493/4454 495/4455
f 744/4456 495/4457 745/4458
f 745/4459 495/4460 7/4461
f 745/4462 7/4463 2/4464
