# Exported from USD for MuJoCo with source material subsets
v 6.10676268 6.07999903 1.30000037
v 6.10676266 6.07999903 1.37000024
v 6.1073167 6.08457428 1.37000024
v 6.10731671 6.07542282 1.30000037
v 6.10731672 6.08457428 1.30000037
v 6.10896513 6.08903748 1.37000024
v 6.10896515 6.08903748 1.30000037
v 6.11166738 6.09327847 1.37000024
v 6.1116674 6.09327847 1.30000037
v 6.11535691 6.09719139 1.37000024
v 6.11535693 6.09719139 1.30000037
v 6.11994286 6.10068184 1.37000024
v 6.11994289 6.10068184 1.30000037
v 6.12531233 6.10366255 1.37000024
v 6.12531235 6.10366255 1.30000037
v 6.1313331 6.10606104 1.37000024
v 6.13133312 6.10606104 1.30000037
v 6.1378569 6.10781676 1.37000024
v 6.13785693 6.10781676 1.30000037
v 6.14472312 6.10888869 1.37000024
v 6.14472313 6.10888869 1.30000037
v 6.15176267 6.10924917 1.37000024
v 6.15176269 6.10924917 1.30000037
v 6.15880221 6.10888869 1.37000024
v 6.15880224 6.10888869 1.30000037
v 6.16566842 6.10781676 1.37000024
v 6.16566845 6.10781676 1.30000037
v 6.17219224 6.10606104 1.37000024
v 6.17219226 6.10606104 1.30000037
v 6.178213 6.10366255 1.37000024
v 6.17821301 6.10366255 1.30000037
v 6.18358246 6.10068184 1.37000024
v 6.18358249 6.10068184 1.30000037
v 6.18816842 6.09719139 1.37000024
v 6.18816844 6.09719139 1.30000037
v 6.19185795 6.09327847 1.37000024
v 6.19185797 6.09327847 1.30000037
v 6.19456019 6.08903748 1.37000024
v 6.19456022 6.08903748 1.30000037
v 6.19620864 6.08457428 1.37000024
v 6.19620865 6.08457428 1.30000037
v 6.19676265 6.07999903 1.37000024
v 6.19676266 6.07999903 1.30000037
v 6.19620864 6.07542282 1.37000024
v 6.19620865 6.07542282 1.30000037
v 6.19456019 6.0709601 1.37000024
v 6.19456021 6.0709601 1.30000037
v 6.19185794 6.06671959 1.37000024
v 6.19185796 6.06671959 1.30000037
v 6.18816841 6.06280571 1.37000024
v 6.18816843 6.06280571 1.30000037
v 6.18358245 6.05931574 1.37000024
v 6.18358247 6.05931574 1.30000037
v 6.17821298 6.05633503 1.37000024
v 6.178213 6.05633503 1.30000037
v 6.17219222 6.05393702 1.37000024
v 6.17219225 6.05393702 1.30000037
v 6.16566841 6.05218035 1.37000024
v 6.16566843 6.05218035 1.30000037
v 6.1588022 6.0511089 1.37000024
v 6.15880222 6.0511089 1.30000037
v 6.15176265 6.05074888 1.37000024
v 6.15176267 6.05074888 1.30000037
v 6.1447231 6.0511089 1.37000024
v 6.14472312 6.0511089 1.30000037
v 6.13785689 6.05218035 1.37000024
v 6.13785691 6.05218035 1.30000037
v 6.13133308 6.05393702 1.37000024
v 6.13133311 6.05393702 1.30000037
v 6.12531232 6.05633503 1.37000024
v 6.12531234 6.05633503 1.30000037
v 6.11994285 6.05931574 1.37000024
v 6.11994288 6.05931574 1.30000037
v 6.1153569 6.06280571 1.37000024
v 6.11535692 6.06280571 1.30000037
v 6.11166737 6.06671959 1.37000024
v 6.11166739 6.06671959 1.30000037
v 6.10896512 6.0709601 1.37000024
v 6.10896514 6.0709601 1.30000037
v 6.10731669 6.07542282 1.37000024
v 6.12984026 5.76513487 1.23500024
v 6.13104641 5.76958138 1.23500024
v 6.12642007 5.76513487 1.23439722
v 6.12783247 5.77034146 1.23439722
v 6.1234124 5.76513487 1.23266077
v 6.12500619 5.77101046 1.23266077
v 6.12118001 5.76513487 1.23000024
v 6.12290844 5.77150685 1.23000024
v 6.11999219 5.76513487 1.22673682
v 6.12179226 5.77177101 1.22673682
v 6.11999219 5.76513487 1.22326379
v 6.12179226 5.77177101 1.22326379
v 6.12118002 5.76513487 1.22000024
v 6.12290845 5.77150685 1.22000024
v 6.1234124 5.76513487 1.21733984
v 6.12500619 5.77101046 1.21733984
v 6.12642008 5.76513487 1.21560339
v 6.12783248 5.77034146 1.21560339
v 6.12984027 5.76513487 1.21500025
v 6.13451938 5.77349049 1.23500024
v 6.13189936 5.77492052 1.23439722
v 6.12959535 5.77617699 1.23266077
v 6.12788524 5.77710921 1.23000024
v 6.12697532 5.77760607 1.22673682
v 6.12697532 5.77760607 1.22326379
v 6.12788524 5.77710921 1.22000024
v 6.12959535 5.77617699 1.21733984
v 6.13189936 5.77492052 1.21560339
v 6.13104642 5.76958138 1.21500025
v 6.13451939 5.77349049 1.21500025
v 6.13813017 5.77831894 1.21560339
v 6.13984028 5.776393 1.21500025
v 6.1457734 5.78012711 1.21560339
v 6.14636731 5.77793747 1.21500025
v 6.15390715 5.78012711 1.21560339
v 6.15331324 5.77793747 1.21500025
v 6.16155037 5.77831894 1.21560339
v 6.15984027 5.776393 1.21500025
v 6.16778118 5.77492052 1.21560339
v 6.16516116 5.77349049 1.21500025
v 6.17184806 5.77034146 1.21560339
v 6.16863413 5.76958138 1.21500025
v 6.17326047 5.76513487 1.21560339
v 6.16984027 5.76513487 1.21500025
v 6.17184805 5.75992829 1.21560339
v 6.16863412 5.76068836 1.21500025
v 6.16778117 5.75535017 1.21560339
v 6.16516116 5.75677878 1.21500025
v 6.16155036 5.75195128 1.21560339
v 6.15984026 5.75387627 1.21500025
v 6.15390714 5.75014311 1.21560339
v 6.15331322 5.75233227 1.21500025
v 6.14577339 5.75014311 1.21560339
v 6.1463673 5.75233227 1.21500025
v 6.13813016 5.75195128 1.21560339
v 6.13984027 5.75387627 1.21500025
v 6.13189936 5.75535017 1.21560339
v 6.13451938 5.75677878 1.21500025
v 6.12783248 5.75992829 1.21560339
v 6.13104642 5.76068836 1.21500025
v 6.12500619 5.75925976 1.21733984
v 6.12290844 5.75876385 1.22000024
v 6.12179225 5.7584992 1.22326379
v 6.12179225 5.7584992 1.22673682
v 6.12290844 5.75876385 1.23000024
v 6.12500619 5.75925976 1.23266077
v 6.12783247 5.75992829 1.23439722
v 6.12959534 5.75409275 1.21733984
v 6.12788524 5.75316054 1.22000024
v 6.12697531 5.75266415 1.22326379
v 6.12697531 5.75266415 1.22673682
v 6.12788524 5.75316054 1.23000024
v 6.12959534 5.75409275 1.23266077
v 6.13189935 5.75535017 1.23439722
v 6.13104641 5.76068836 1.23500024
v 6.13451937 5.75677878 1.23500024
v 6.13813016 5.75195128 1.23439722
v 6.13984026 5.75387627 1.23500024
v 6.14577338 5.75014311 1.23439722
v 6.14636729 5.75233227 1.23500024
v 6.15390714 5.75014311 1.23439722
v 6.15331322 5.75233227 1.23500024
v 6.16155036 5.75195128 1.23439722
v 6.15984026 5.75387627 1.23500024
v 6.16778117 5.75535017 1.23439722
v 6.16516115 5.75677878 1.23500024
v 6.17184805 5.75992829 1.23439722
v 6.16863411 5.76068836 1.23500024
v 6.17326046 5.76513487 1.23439722
v 6.16984026 5.76513487 1.23500024
v 6.17184805 5.77034146 1.23439722
v 6.16863412 5.76958138 1.23500024
v 6.16778118 5.77492052 1.23439722
v 6.16516116 5.77349049 1.23500024
v 6.16155037 5.77831894 1.23439722
v 6.15984026 5.776393 1.23500024
v 6.15390714 5.78012711 1.23439722
v 6.15331323 5.77793747 1.23500024
v 6.14577339 5.78012711 1.23439722
v 6.1463673 5.77793747 1.23500024
v 6.13813017 5.77831894 1.23439722
v 6.13984027 5.776393 1.23500024
v 6.13662634 5.78001171 1.23266077
v 6.13551015 5.78126818 1.23000024
v 6.13491623 5.78193718 1.22673682
v 6.13491623 5.78193718 1.22326379
v 6.13551015 5.78126818 1.22000024
v 6.13662634 5.78001171 1.21733984
v 6.14525112 5.78205258 1.21733984
v 6.15442943 5.78205258 1.21733984
v 6.16305421 5.78001171 1.21733984
v 6.1700852 5.77617699 1.21733984
v 6.17467435 5.77101046 1.21733984
v 6.17626814 5.76513487 1.21733984
v 6.17467435 5.75925976 1.21733984
v 6.17008519 5.75409275 1.21733984
v 6.1630542 5.7502585 1.21733984
v 6.15442941 5.7482186 1.21733984
v 6.14525111 5.7482186 1.21733984
v 6.13662633 5.7502585 1.21733984
v 6.13551014 5.74900156 1.22000024
v 6.13491623 5.74833304 1.22326379
v 6.13491623 5.74833304 1.22673682
v 6.13551013 5.74900156 1.23000024
v 6.13662633 5.7502585 1.23266077
v 6.1452511 5.7482186 1.23266077
v 6.15442941 5.7482186 1.23266077
v 6.1630542 5.7502585 1.23266077
v 6.17008519 5.75409275 1.23266077
v 6.17467434 5.75925976 1.23266077
v 6.17626813 5.76513487 1.23266077
v 6.17467435 5.77101046 1.23266077
v 6.17008519 5.77617699 1.23266077
v 6.16305421 5.78001171 1.23266077
v 6.15442942 5.78205258 1.23266077
v 6.14525112 5.78205258 1.23266077
v 6.14486347 5.78348118 1.23000024
v 6.14465721 5.78424174 1.22673682
v 6.14465721 5.78424174 1.22326379
v 6.14486347 5.78348118 1.22000024
v 6.15481708 5.78348118 1.22000024
v 6.16417039 5.78126818 1.22000024
v 6.1717953 5.77710921 1.22000024
v 6.1767721 5.77150685 1.22000024
v 6.17850052 5.76513487 1.22000024
v 6.1767721 5.75876385 1.22000024
v 6.17179529 5.75316054 1.22000024
v 6.16417039 5.74900156 1.22000024
v 6.15481706 5.74678856 1.22000024
v 6.14486346 5.74678856 1.22000024
v 6.1446572 5.74602896 1.22326379
v 6.1446572 5.74602896 1.22673682
v 6.14486346 5.74678856 1.23000024
v 6.15481706 5.74678856 1.23000024
v 6.16417039 5.74900156 1.23000024
v 6.17179529 5.75316054 1.23000024
v 6.17677209 5.75876385 1.23000024
v 6.17850052 5.76513487 1.23000024
v 6.1767721 5.77150685 1.23000024
v 6.1717953 5.77710921 1.23000024
v 6.16417039 5.78126818 1.23000024
v 6.15481707 5.78348118 1.23000024
v 6.15502334 5.78424174 1.22673682
v 6.15502334 5.78424174 1.22326379
v 6.16476431 5.78193718 1.22326379
v 6.17270522 5.77760607 1.22326379
v 6.17788828 5.77177101 1.22326379
v 6.17968834 5.76513487 1.22326379
v 6.17788828 5.7584992 1.22326379
v 6.17270521 5.75266415 1.22326379
v 6.1647643 5.74833304 1.22326379
v 6.15502332 5.74602896 1.22326379
v 6.15502332 5.74602896 1.22673682
v 6.1647643 5.74833304 1.22673682
v 6.17270521 5.75266415 1.22673682
v 6.17788828 5.7584992 1.22673682
v 6.17968834 5.76513487 1.22673682
v 6.17788828 5.77177101 1.22673682
v 6.17270522 5.77760607 1.22673682
v 6.1647643 5.78193718 1.22673682
v 6.13574488 5.76180035 1.21500025
v 6.1383496 5.7588678 1.21500025
v 6.14234027 5.75669151 1.21500025
v 6.14723554 5.7555328 1.21500025
v 6.15244499 5.7555328 1.21500025
v 6.15734026 5.75669151 1.21500025
v 6.16133093 5.7588678 1.21500025
v 6.16393565 5.76180035 1.21500025
v 6.16484027 5.76513487 1.21500025
v 6.16393565 5.76846987 1.21500025
v 6.16133093 5.77140194 1.21500025
v 6.15734027 5.77357918 1.21500025
v 6.15244499 5.77473694 1.21500025
v 6.14723555 5.77473694 1.21500025
v 6.14234027 5.77357918 1.21500025
v 6.13834961 5.77140194 1.21500025
v 6.13574488 5.76846987 1.21500025
v 6.13484027 5.76513487 1.21500025
v 6.16613605 -7.65774959 1.23500024
v 6.16955624 -7.65774959 1.23439722
v 6.16814384 -7.65254349 1.23439722
v 6.17097013 -7.65187448 1.23266077
v 6.16638098 -7.64670843 1.23266077
v 6.16809108 -7.64577574 1.23000024
v 6.16046619 -7.64161676 1.23000024
v 6.1610601 -7.64094824 1.22673682
v 6.15131912 -7.63864368 1.22673682
v 6.15131912 -7.63864368 1.22326379
v 6.14095299 -7.63864368 1.22326379
v 6.14115926 -7.63940424 1.22000024
v 6.13180593 -7.64161676 1.22000024
v 6.13292213 -7.64287323 1.21733984
v 6.12589114 -7.64670843 1.21733984
v 6.12819515 -7.64796442 1.21560339
v 6.12412827 -7.65254349 1.21560339
v 6.12734221 -7.65330356 1.21500025
v 6.12613606 -7.65774959 1.21500025
v 6.12271586 -7.65774959 1.21560339
v 6.1273422 -7.6621961 1.21500025
v 6.12412827 -7.66295713 1.21560339
v 6.13081517 -7.66610664 1.21500025
v 6.12819514 -7.66753525 1.21560339
v 6.13613606 -7.6690082 1.21500025
v 6.13442596 -7.67093366 1.21560339
v 6.14266309 -7.67055219 1.21500025
v 6.14206918 -7.67274183 1.21560339
v 6.14960902 -7.67055219 1.21500025
v 6.15020292 -7.67274183 1.21560339
v 6.15613605 -7.6690082 1.21500025
v 6.15784615 -7.67093366 1.21560339
v 6.16145694 -7.66610664 1.21500025
v 6.16407696 -7.66753525 1.21560339
v 6.16492991 -7.6621961 1.21500025
v 6.16814384 -7.66295713 1.21560339
v 6.16613605 -7.65774959 1.21500025
v 6.13081517 -7.6493935 1.21500025
v 6.13442596 -7.64456648 1.21560339
v 6.13613606 -7.64649242 1.21500025
v 6.14206918 -7.64275831 1.21560339
v 6.1426631 -7.64494699 1.21500025
v 6.15020293 -7.64275831 1.21560339
v 6.14960902 -7.64494699 1.21500025
v 6.15784616 -7.64456648 1.21560339
v 6.15613605 -7.64649242 1.21500025
v 6.16407697 -7.64796442 1.21560339
v 6.16145695 -7.6493935 1.21500025
v 6.16814384 -7.65254349 1.21560339
v 6.16492991 -7.65330356 1.21500025
v 6.16955625 -7.65774959 1.21560339
v 6.14154691 -7.64083284 1.21733984
v 6.15072521 -7.64083284 1.21733984
v 6.15935 -7.64287323 1.21733984
v 6.16638098 -7.64670843 1.21733984
v 6.17097013 -7.65187448 1.21733984
v 6.17256393 -7.65774959 1.21733984
v 6.17097013 -7.66362518 1.21733984
v 6.16638098 -7.66879219 1.21733984
v 6.15934999 -7.67262644 1.21733984
v 6.1507252 -7.67466682 1.21733984
v 6.1415469 -7.67466682 1.21733984
v 6.13292212 -7.67262644 1.21733984
v 6.12589113 -7.66879219 1.21733984
v 6.12130198 -7.66362518 1.21733984
v 6.11970819 -7.65774959 1.21733984
v 6.12130198 -7.65187448 1.21733984
v 6.12418103 -7.64577574 1.22000024
v 6.13121202 -7.64094824 1.22326379
v 6.14095299 -7.63864368 1.22673682
v 6.15111286 -7.63940424 1.23000024
v 6.15934999 -7.64287323 1.23266077
v 6.16407696 -7.64796442 1.23439722
v 6.1649299 -7.65330356 1.23500024
v 6.16145694 -7.6493935 1.23500024
v 6.15784615 -7.64456648 1.23439722
v 6.15613605 -7.64649242 1.23500024
v 6.15020292 -7.64275831 1.23439722
v 6.14960902 -7.64494699 1.23500024
v 6.14206918 -7.64275831 1.23439722
v 6.14266309 -7.64494699 1.23500024
v 6.13442596 -7.64456648 1.23439722
v 6.13613606 -7.64649242 1.23500024
v 6.12819514 -7.64796442 1.23439722
v 6.13081517 -7.6493935 1.23500024
v 6.12412827 -7.65254349 1.23439722
v 6.1273422 -7.65330356 1.23500024
v 6.12271585 -7.65774959 1.23439722
v 6.12613606 -7.65774959 1.23500024
v 6.12412826 -7.66295713 1.23439722
v 6.1273422 -7.6621961 1.23500024
v 6.12819514 -7.66753525 1.23439722
v 6.13081516 -7.66610664 1.23500024
v 6.13442595 -7.67093366 1.23439722
v 6.13613605 -7.6690082 1.23500024
v 6.14206918 -7.67274183 1.23439722
v 6.14266309 -7.67055219 1.23500024
v 6.15020292 -7.67274183 1.23439722
v 6.14960901 -7.67055219 1.23500024
v 6.15784615 -7.67093366 1.23439722
v 6.15613605 -7.6690082 1.23500024
v 6.16407696 -7.66753525 1.23439722
v 6.16145693 -7.66610664 1.23500024
v 6.16814383 -7.66295713 1.23439722
v 6.1649299 -7.6621961 1.23500024
v 6.15072521 -7.64083284 1.23266077
v 6.14154691 -7.64083284 1.23266077
v 6.13292212 -7.64287323 1.23266077
v 6.12589113 -7.64670843 1.23266077
v 6.12130198 -7.65187448 1.23266077
v 6.11970818 -7.65774959 1.23266077
v 6.12130197 -7.66362518 1.23266077
v 6.12589113 -7.66879219 1.23266077
v 6.13292211 -7.67262644 1.23266077
v 6.1415469 -7.67466682 1.23266077
v 6.1507252 -7.67466682 1.23266077
v 6.15934998 -7.67262644 1.23266077
v 6.16638097 -7.66879219 1.23266077
v 6.17097012 -7.66362518 1.23266077
v 6.17256392 -7.65774959 1.23266077
v 6.17306788 -7.65137857 1.23000024
v 6.16900101 -7.64527839 1.22673682
v 6.1610601 -7.64094824 1.22326379
v 6.15111286 -7.63940424 1.22000024
v 6.16046619 -7.64161676 1.22000024
v 6.16809109 -7.64577574 1.22000024
v 6.17306788 -7.65137857 1.22000024
v 6.17479631 -7.65774959 1.22000024
v 6.17306788 -7.66412157 1.22000024
v 6.16809108 -7.66972441 1.22000024
v 6.16046618 -7.67388338 1.22000024
v 6.15111285 -7.67609638 1.22000024
v 6.14115925 -7.67609638 1.22000024
v 6.13180592 -7.67388338 1.22000024
v 6.12418103 -7.66972441 1.22000024
v 6.11920423 -7.66412157 1.22000024
v 6.11747581 -7.65774959 1.22000024
v 6.11920423 -7.65137857 1.22000024
v 6.12327111 -7.64527839 1.22326379
v 6.13121202 -7.64094824 1.22673682
v 6.14115925 -7.63940424 1.23000024
v 6.13180593 -7.64161676 1.23000024
v 6.12418103 -7.64577574 1.23000024
v 6.11920423 -7.65137857 1.23000024
v 6.1174758 -7.65774959 1.23000024
v 6.11920422 -7.66412157 1.23000024
v 6.12418102 -7.66972441 1.23000024
v 6.13180592 -7.67388338 1.23000024
v 6.14115925 -7.67609638 1.23000024
v 6.15111285 -7.67609638 1.23000024
v 6.16046617 -7.67388338 1.23000024
v 6.16809107 -7.66972441 1.23000024
v 6.17306787 -7.66412157 1.23000024
v 6.1747963 -7.65774959 1.23000024
v 6.17418406 -7.6511144 1.22673682
v 6.16900101 -7.64527839 1.22326379
v 6.17418406 -7.6511144 1.22326379
v 6.17598412 -7.65774959 1.22326379
v 6.17418406 -7.66438574 1.22326379
v 6.169001 -7.67022079 1.22326379
v 6.16106009 -7.67455143 1.22326379
v 6.15131911 -7.67685646 1.22326379
v 6.14095299 -7.67685646 1.22326379
v 6.13121201 -7.67455143 1.22326379
v 6.1232711 -7.67022079 1.22326379
v 6.11808804 -7.66438574 1.22326379
v 6.11628799 -7.65774959 1.22326379
v 6.11808805 -7.6511144 1.22326379
v 6.12327111 -7.64527839 1.22673682
v 6.11808804 -7.6511144 1.22673682
v 6.11628798 -7.65774959 1.22673682
v 6.11808804 -7.66438574 1.22673682
v 6.1232711 -7.67022079 1.22673682
v 6.13121201 -7.67455143 1.22673682
v 6.14095299 -7.67685646 1.22673682
v 6.15131911 -7.67685646 1.22673682
v 6.16106008 -7.67455143 1.22673682
v 6.169001 -7.67022079 1.22673682
v 6.17418406 -7.66438574 1.22673682
v 6.17598412 -7.65774959 1.22673682
v 6.16023144 -7.65441555 1.21500025
v 6.15762672 -7.651483 1.21500025
v 6.15363606 -7.64930624 1.21500025
v 6.14874078 -7.64814848 1.21500025
v 6.14353134 -7.64814848 1.21500025
v 6.13863606 -7.64930624 1.21500025
v 6.13464539 -7.651483 1.21500025
v 6.13204067 -7.65441555 1.21500025
v 6.13113606 -7.65774959 1.21500025
v 6.13204067 -7.66108507 1.21500025
v 6.13464539 -7.66401762 1.21500025
v 6.13863605 -7.66619343 1.21500025
v 6.14353133 -7.66735214 1.21500025
v 6.14874078 -7.66735214 1.21500025
v 6.15363606 -7.66619343 1.21500025
v 6.15762671 -7.66401762 1.21500025
v 6.16023144 -7.66108507 1.21500025
v 6.16113606 -7.65774959 1.21500025
v 6.15176268 6.07999903 1.30000037
v 6.15176266 6.07999903 1.37000024
v 6.14613605 -7.65774959 1.23500024
v 6.14984026 5.76513487 1.23500024
v 6.18865956 -7.97718948 1.30000037
v 6.18701113 -7.9816522 1.30000037
v 6.1442136 -7.97261375 1.30000037
v 6.18430888 -7.98589319 1.30000037
v 6.18061935 -7.98980659 1.30000037
v 6.17603339 -7.99329656 1.30000037
v 6.17066393 -7.99627727 1.30000037
v 6.16464316 -7.99867576 1.30000037
v 6.15811935 -8.00043196 1.30000037
v 6.15125314 -8.00150389 1.30000037
v 6.14421359 -8.00186342 1.30000037
v 6.13717404 -8.00150389 1.30000037
v 6.13030783 -8.00043196 1.30000037
v 6.12378402 -7.99867576 1.30000037
v 6.11776326 -7.99627727 1.30000037
v 6.11239379 -7.99329656 1.30000037
v 6.10780784 -7.98980659 1.30000037
v 6.10411831 -7.98589319 1.30000037
v 6.10141606 -7.9816522 1.30000037
v 6.09976763 -7.97718948 1.30000037
v 6.09921361 -7.97261375 1.30000037
v 6.09976763 -7.96803755 1.30000037
v 6.10141607 -7.9635753 1.30000037
v 6.10411832 -7.95933479 1.30000037
v 6.10780785 -7.95542139 1.30000037
v 6.1123938 -7.95193046 1.30000037
v 6.11776328 -7.94895023 1.30000037
v 6.12378404 -7.94655174 1.30000037
v 6.13030784 -7.94479507 1.30000037
v 6.13717406 -7.9437241 1.30000037
v 6.14421361 -7.94336361 1.30000037
v 6.15125316 -7.9437241 1.30000037
v 6.15811937 -7.94479507 1.30000037
v 6.16464317 -7.94655174 1.30000037
v 6.17066394 -7.94895023 1.30000037
v 6.1760334 -7.95193046 1.30000037
v 6.18061936 -7.95542139 1.30000037
v 6.18430889 -7.95933479 1.30000037
v 6.18701114 -7.9635753 1.30000037
v 6.18865957 -7.96803755 1.30000037
v 6.18921359 -7.97261375 1.30000037
v 6.16464314 -7.99867576 1.37000024
v 6.1706639 -7.99627727 1.37000024
v 6.14421358 -7.97261375 1.37000024
v 6.17603337 -7.99329656 1.37000024
v 6.18061933 -7.98980659 1.37000024
v 6.18430886 -7.98589319 1.37000024
v 6.18701111 -7.9816522 1.37000024
v 6.18865954 -7.97718948 1.37000024
v 6.18921358 -7.97261375 1.37000024
v 6.18865954 -7.96803755 1.37000024
v 6.18701112 -7.9635753 1.37000024
v 6.18430887 -7.95933479 1.37000024
v 6.18061934 -7.95542139 1.37000024
v 6.17603339 -7.95193046 1.37000024
v 6.17066392 -7.94895023 1.37000024
v 6.16464316 -7.94655174 1.37000024
v 6.15811935 -7.94479507 1.37000024
v 6.15125314 -7.9437241 1.37000024
v 6.14421359 -7.94336361 1.37000024
v 6.13717404 -7.9437241 1.37000024
v 6.13030782 -7.94479507 1.37000024
v 6.12378402 -7.94655174 1.37000024
v 6.11776325 -7.94895023 1.37000024
v 6.11239378 -7.95193046 1.37000024
v 6.10780783 -7.95542139 1.37000024
v 6.1041183 -7.95933479 1.37000024
v 6.10141605 -7.9635753 1.37000024
v 6.09976761 -7.96803755 1.37000024
v 6.09921359 -7.97261375 1.37000024
v 6.09976761 -7.97718948 1.37000024
v 6.10141604 -7.9816522 1.37000024
v 6.10411829 -7.98589319 1.37000024
v 6.10780782 -7.98980659 1.37000024
v 6.11239377 -7.99329656 1.37000024
v 6.11776324 -7.99627727 1.37000024
v 6.123784 -7.99867576 1.37000024
v 6.13030781 -8.00043196 1.37000024
v 6.13717402 -8.00150389 1.37000024
v 6.14421357 -8.00186342 1.37000024
v 6.15125312 -8.00150389 1.37000024
v 6.15811933 -8.00043196 1.37000024
vt -1.29999995 -10.8097057
vt -1.37 -10.8097057
vt -1.37 -10.8167448
vt -1.29999995 -10.8026657
vt -1.37 -10.8097057
vt -1.29999995 -10.8097057
vt -1.29999995 -10.8097057
vt -1.37 -10.8167448
vt -1.29999995 -10.8167448
vt -1.29999995 -10.8167448
vt -1.37 -10.8167448
vt -1.37 -10.8236113
vt -1.29999995 -10.8167448
vt -1.37 -10.8236113
vt -1.29999995 -10.8236113
vt -1.29999995 -10.8236113
vt -1.37 -10.8236113
vt -1.37 -10.8301353
vt -1.29999995 -10.8236113
vt -1.37 -10.8301353
vt -1.29999995 -10.8301353
vt -1.29999995 -10.8301353
vt -1.37 -10.8301353
vt -1.37 -10.8361559
vt -1.29999995 -10.8301353
vt -1.37 -10.8361559
vt -1.29999995 -10.8361559
vt -1.29999995 -10.8361559
vt -1.37 -10.8361559
vt -1.37 -10.8415241
vt -1.29999995 -10.8361559
vt -1.37 -10.8415241
vt -1.29999995 -10.8415241
vt 0.0328980014 1.29999995
vt 0.0328980014 1.37
vt 0.0275279991 1.37
vt 0.0328980014 1.29999995
vt 0.0275279991 1.37
vt 0.0275279991 1.29999995
vt 0.0275279991 1.29999995
vt 0.0275279991 1.37
vt 0.0215080008 1.37
vt 0.0275279991 1.29999995
vt 0.0215080008 1.37
vt 0.0215080008 1.29999995
vt 0.0215080008 1.29999995
vt 0.0215080008 1.37
vt 0.0149839995 1.37
vt 0.0215080008 1.29999995
vt 0.0149839995 1.37
vt 0.0149839995 1.29999995
vt 0.0149839995 1.29999995
vt 0.0149839995 1.37
vt 0.00811799988 1.37
vt 0.0149839995 1.29999995
vt 0.00811799988 1.37
vt 0.00811799988 1.29999995
vt 0.00811799988 1.29999995
vt 0.00811799988 1.37
vt 0.00107799994 1.37
vt 0.00811799988 1.29999995
vt 0.00107799994 1.37
vt 0.00107799994 1.29999995
vt 0.00107799994 1.29999995
vt 0.00107799994 1.37
vt -0.00596099999 1.37
vt 0.00107799994 1.29999995
vt -0.00596099999 1.37
vt -0.00596099999 1.29999995
vt -0.00596099999 1.29999995
vt -0.00596099999 1.37
vt -0.0128279999 1.37
vt -0.00596099999 1.29999995
vt -0.0128279999 1.37
vt -0.0128279999 1.29999995
vt -0.0128279999 1.29999995
vt -0.0128279999 1.37
vt -0.0193520002 1.37
vt -0.0128279999 1.29999995
vt -0.0193520002 1.37
vt -0.0193520002 1.29999995
vt -0.0193520002 1.29999995
vt -0.0193520002 1.37
vt -0.0253720004 1.37
vt -0.0193520002 1.29999995
vt -0.0253720004 1.37
vt -0.0253720004 1.29999995
vt -0.0253720004 1.29999995
vt -0.0253720004 1.37
vt -0.0307420008 1.37
vt -0.0253720004 1.29999995
vt -0.0307420008 1.37
vt -0.0307420008 1.29999995
vt 1.29999995 -10.8415241
vt 1.37 -10.8415241
vt 1.37 -10.8361559
vt 1.29999995 -10.8415241
vt 1.37 -10.8361559
vt 1.29999995 -10.8361559
vt 1.29999995 -10.8361559
vt 1.37 -10.8361559
vt 1.37 -10.8301353
vt 1.29999995 -10.8361559
vt 1.37 -10.8301353
vt 1.29999995 -10.8301353
vt 1.29999995 -10.8301353
vt 1.37 -10.8301353
vt 1.37 -10.8236113
vt 1.29999995 -10.8301353
vt 1.37 -10.8236113
vt 1.29999995 -10.8236113
vt 1.29999995 -10.8236113
vt 1.37 -10.8236113
vt 1.37 -10.8167448
vt 1.29999995 -10.8236113
vt 1.37 -10.8167448
vt 1.29999995 -10.8167448
vt 1.29999995 -10.8167448
vt 1.37 -10.8167448
vt 1.37 -10.8097057
vt 1.29999995 -10.8167448
vt 1.37 -10.8097057
vt 1.29999995 -10.8097057
vt 1.29999995 -10.8097057
vt 1.37 -10.8097057
vt 1.37 -10.8026657
vt 1.29999995 -10.8097057
vt 1.37 -10.8026657
vt 1.29999995 -10.8026657
vt 1.29999995 -10.8026657
vt 1.37 -10.8026657
vt 1.37 -10.7957993
vt 1.29999995 -10.8026657
vt 1.37 -10.7957993
vt 1.29999995 -10.7957993
vt 1.29999995 -10.7957993
vt 1.37 -10.7957993
vt 1.37 -10.7892761
vt 1.29999995 -10.7957993
vt 1.37 -10.7892761
vt 1.29999995 -10.7892761
vt 1.29999995 -10.7892761
vt 1.37 -10.7892761
vt 1.37 -10.7832546
vt 1.29999995 -10.7892761
vt 1.37 -10.7832546
vt 1.29999995 -10.7832546
vt 1.29999995 -10.7832546
vt 1.37 -10.7832546
vt 1.37 -10.7778854
vt 1.29999995 -10.7832546
vt 1.37 -10.7778854
vt 1.29999995 -10.7778854
vt 0.0307420008 1.29999995
vt 0.0307420008 1.37
vt 0.0253720004 1.37
vt 0.0307420008 1.29999995
vt 0.0253720004 1.37
vt 0.0253720004 1.29999995
vt 0.0253720004 1.29999995
vt 0.0253720004 1.37
vt 0.0193520002 1.37
vt 0.0253720004 1.29999995
vt 0.0193520002 1.37
vt 0.0193520002 1.29999995
vt 0.0193520002 1.29999995
vt 0.0193520002 1.37
vt 0.0128279999 1.37
vt 0.0193520002 1.29999995
vt 0.0128279999 1.37
vt 0.0128279999 1.29999995
vt 0.0128279999 1.29999995
vt 0.0128279999 1.37
vt 0.00596099999 1.37
vt 0.0128279999 1.29999995
vt 0.00596099999 1.37
vt 0.00596099999 1.29999995
vt 0.00596099999 1.29999995
vt 0.00596099999 1.37
vt -0.00107799994 1.37
vt 0.00596099999 1.29999995
vt -0.00107799994 1.37
vt -0.00107799994 1.29999995
vt -0.00107799994 1.29999995
vt -0.00107799994 1.37
vt -0.00811799988 1.37
vt -0.00107799994 1.29999995
vt -0.00811799988 1.37
vt -0.00811799988 1.29999995
vt -0.00811799988 1.29999995
vt -0.00811799988 1.37
vt -0.0149839995 1.37
vt -0.00811799988 1.29999995
vt -0.0149839995 1.37
vt -0.0149839995 1.29999995
vt -0.0149839995 1.29999995
vt -0.0149839995 1.37
vt -0.0215080008 1.37
vt -0.0149839995 1.29999995
vt -0.0215080008 1.37
vt -0.0215080008 1.29999995
vt -0.0215080008 1.29999995
vt -0.0215080008 1.37
vt -0.0275279991 1.37
vt -0.0215080008 1.29999995
vt -0.0275279991 1.37
vt -0.0275279991 1.29999995
vt -0.0275279991 1.29999995
vt -0.0275279991 1.37
vt -0.0328980014 1.37
vt -0.0275279991 1.29999995
vt -0.0328980014 1.37
vt -0.0328980014 1.29999995
vt -1.29999995 -10.7778854
vt -1.37 -10.7778854
vt -1.37 -10.7832546
vt -1.29999995 -10.7778854
vt -1.37 -10.7832546
vt -1.29999995 -10.7832546
vt -1.29999995 -10.7832546
vt -1.37 -10.7832546
vt -1.37 -10.7892761
vt -1.29999995 -10.7832546
vt -1.37 -10.7892761
vt -1.29999995 -10.7892761
vt -1.29999995 -10.7892761
vt -1.37 -10.7892761
vt -1.37 -10.7957993
vt -1.29999995 -10.7892761
vt -1.37 -10.7957993
vt -1.29999995 -10.7957993
vt -1.29999995 -10.7957993
vt -1.37 -10.7957993
vt -1.37 -10.8026657
vt -1.29999995 -10.7957993
vt -1.37 -10.8026657
vt -1.29999995 -10.8026657
vt -1.29999995 -10.8026657
vt -1.37 -10.8026657
vt -1.37 -10.8097057
vt 0.023 -10.3252993
vt 0.0217940006 -10.33214
vt 0.0264209993 -10.3252993
vt 0.0264209993 -10.3252993
vt 0.0217940006 -10.33214
vt 0.0250080004 -10.3333082
vt 0.0264209993 -10.3252993
vt 0.0250080004 -10.3333082
vt 0.0294279996 -10.3252993
vt 0.0294279996 -10.3252993
vt 0.0250080004 -10.3333082
vt 0.0278340001 -10.3343382
vt -1.23266006 -10.3252993
vt -1.23266006 -10.3343382
vt -1.23000002 -10.3252993
vt -1.23000002 -10.3252993
vt -1.23266006 -10.3343382
vt -1.23000002 -10.3351021
vt -1.23000002 -10.3252993
vt -1.23000002 -10.3351021
vt -1.22673702 -10.3252993
vt -1.22673702 -10.3252993
vt -1.23000002 -10.3351021
vt -1.22673702 -10.3355083
vt -1.22673702 -10.3252993
vt -1.22673702 -10.3355083
vt -1.22326398 -10.3252993
vt -1.22326398 -10.3252993
vt -1.22673702 -10.3355083
vt -1.22326398 -10.3355083
vt -1.22326398 -10.3252993
vt -1.22326398 -10.3355083
vt -1.22000003 -10.3252993
vt -1.22000003 -10.3252993
vt -1.22326398 -10.3355083
vt -1.22000003 -10.3351021
vt -1.22000003 -10.3252993
vt -1.22000003 -10.3351021
vt -1.21733999 -10.3252993
vt -1.21733999 -10.3252993
vt -1.22000003 -10.3351021
vt -1.21733999 -10.3343382
vt -0.0294279996 -10.3252993
vt -0.0278340001 -10.3343382
vt -0.0264209993 -10.3252993
vt -0.0264209993 -10.3252993
vt -0.0278340001 -10.3343382
vt -0.0250080004 -10.3333082
vt -0.0264209993 -10.3252993
vt -0.0250080004 -10.3333082
vt -0.023 -10.3252993
vt 0.0217940006 -10.33214
vt 0.018321 -10.3381548
vt 0.0250080004 -10.3333082
vt 0.0250080004 -10.3333082
vt 0.018321 -10.3381548
vt 0.0209410004 -10.340354
vt 0.0250080004 -10.3333082
vt 0.0209410004 -10.340354
vt 0.0278340001 -10.3343382
vt 0.0278340001 -10.3343382
vt 0.0209410004 -10.340354
vt 0.0232449993 -10.3422861
vt -1.23266006 -10.3343382
vt -1.23266006 -10.3422861
vt -1.23000002 -10.3351021
vt -1.23000002 -10.3351021
vt -1.23266006 -10.3422861
vt -1.23000002 -10.3437214
vt -1.23000002 -10.3351021
vt -1.23000002 -10.3437214
vt -1.22673702 -10.3355083
vt -1.22673702 -10.3355083
vt -1.23000002 -10.3437214
vt -1.22673702 -10.3444853
vt -1.22673702 -10.3355083
vt -1.22673702 -10.3444853
vt -1.22326398 -10.3355083
vt -1.22326398 -10.3355083
vt -1.22673702 -10.3444853
vt -1.22326398 -10.3444853
vt -1.22326398 -10.3355083
vt -1.22326398 -10.3444853
vt -1.22000003 -10.3351021
vt -1.22000003 -10.3351021
vt -1.22326398 -10.3444853
vt -1.22000003 -10.3437214
vt -1.22000003 -10.3351021
vt -1.22000003 -10.3437214
vt -1.21733999 -10.3343382
vt -1.21733999 -10.3343382
vt -1.22000003 -10.3437214
vt -1.21733999 -10.3422861
vt -0.0278340001 -10.3343382
vt -0.0232449993 -10.3422861
vt -0.0250080004 -10.3333082
vt -0.0250080004 -10.3333082
vt -0.0232449993 -10.3422861
vt -0.0209410004 -10.340354
vt -0.0250080004 -10.3333082
vt -0.0209410004 -10.340354
vt -0.0217940006 -10.33214
vt -1.21500003 -10.33214
vt -1.21560299 -10.340354
vt -1.21560299 -10.340354
vt -0.0217940006 -10.33214
vt -0.0209410004 -10.340354
vt -0.018321 -10.3381548
vt -0.018321 -10.3381548
vt -0.0209410004 -10.340354
vt -0.0147099998 -10.345582
vt -0.018321 -10.3381548
vt -0.0147099998 -10.345582
vt -0.0130000003 -10.3426199
vt -0.0130000003 -10.3426199
vt -0.0147099998 -10.345582
vt -0.00706700003 -10.3483639
vt -0.0130000003 -10.3426199
vt -0.00706700003 -10.3483639
vt -0.00647300016 -10.3449945
vt -0.00647300016 -10.3449945
vt -0.00706700003 -10.3483639
vt 0.00106599997 -10.3483639
vt -0.00647300016 -10.3449945
vt 0.00106599997 -10.3483639
vt 0.000472999993 -10.3449945
vt 0.000472999993 -10.3449945
vt 0.00106599997 -10.3483639
vt 0.00870999973 -10.345582
vt 0.000472999993 -10.3449945
vt 0.00870999973 -10.345582
vt 0.00700000022 -10.3426199
vt 0.00700000022 -10.3426199
vt 0.00870999973 -10.345582
vt 0.0149410004 -10.340354
vt 0.00700000022 -10.3426199
vt 0.0149410004 -10.340354
vt 0.0123199997 -10.3381548
vt 0.0123199997 -10.3381548
vt 0.0149410004 -10.340354
vt 0.0190069992 -10.3333082
vt 0.0123199997 -10.3381548
vt 0.0190069992 -10.3333082
vt 0.0157929994 -10.33214
vt 0.0157929994 -10.33214
vt 0.0190069992 -10.3333082
vt 0.02042 -10.3252993
vt 0.0157929994 -10.33214
vt 0.02042 -10.3252993
vt 0.0170000009 -10.3252993
vt 0.0170000009 -10.3252993
vt 0.02042 -10.3252993
vt 0.0190069992 -10.3172894
vt 0.0170000009 -10.3252993
vt 0.0190069992 -10.3172894
vt 0.0157929994 -10.3184586
vt 0.0157929994 -10.3184586
vt 0.0190069992 -10.3172894
vt 0.0149410004 -10.3102465
vt 0.0157929994 -10.3184586
vt 0.0149410004 -10.3102465
vt 0.0123199997 -10.3124428
vt 0.0123199997 -10.3124428
vt 0.0149410004 -10.3102465
vt 0.00870999973 -10.3050175
vt 0.0123199997 -10.3124428
vt 0.00870999973 -10.3050175
vt 0.00700000022 -10.3079777
vt 0.00700000022 -10.3079777
vt 0.00870999973 -10.3050175
vt 0.00106599997 -10.3022346
vt 0.00700000022 -10.3079777
vt 0.00106599997 -10.3022346
vt 0.000472999993 -10.305603
vt 0.000472999993 -10.305603
vt 0.00106599997 -10.3022346
vt -0.00706700003 -10.3022346
vt 0.000472999993 -10.305603
vt -0.00706700003 -10.3022346
vt -0.00647300016 -10.305603
vt -0.00647300016 -10.305603
vt -0.00706700003 -10.3022346
vt -0.0147099998 -10.3050175
vt -0.00647300016 -10.305603
vt -0.0147099998 -10.3050175
vt -0.0130000003 -10.3079777
vt -0.0130000003 -10.3079777
vt -0.0147099998 -10.3050175
vt -0.0209410004 -10.3102465
vt -0.0130000003 -10.3079777
vt -0.0209410004 -10.3102465
vt -0.018321 -10.3124428
vt -0.018321 -10.3124428
vt -0.0209410004 -10.3102465
vt -0.0250080004 -10.3172894
vt -0.018321 -10.3124428
vt -0.0250080004 -10.3172894
vt -0.0217940006 -10.3184586
vt -0.0217940006 -10.3184586
vt -0.0250080004 -10.3172894
vt -0.0264209993 -10.3252993
vt -0.0217940006 -10.3184586
vt -0.0264209993 -10.3252993
vt -0.023 -10.3252993
vt -0.0250080004 -10.3333082
vt -0.0217940006 -10.33214
vt -0.023 -10.3252993
vt -0.0264209993 -10.3252993
vt -0.0250080004 -10.3172894
vt -0.0294279996 -10.3252993
vt -0.0294279996 -10.3252993
vt -0.0250080004 -10.3172894
vt -0.0278340001 -10.3162603
vt -1.21733999 -10.3252993
vt -1.21733999 -10.3162603
vt -1.22000003 -10.3252993
vt -1.22000003 -10.3252993
vt -1.21733999 -10.3162603
vt -1.22000003 -10.3154974
vt -1.22000003 -10.3252993
vt -1.22000003 -10.3154974
vt -1.22326398 -10.3252993
vt -1.22326398 -10.3252993
vt -1.22000003 -10.3154974
vt -1.22326398 -10.3150911
vt -1.22326398 -10.3252993
vt -1.22326398 -10.3150911
vt -1.22673702 -10.3252993
vt -1.22673702 -10.3252993
vt -1.22326398 -10.3150911
vt -1.22673702 -10.3150911
vt -1.22673702 -10.3252993
vt -1.22673702 -10.3150911
vt -1.23000002 -10.3252993
vt -1.23000002 -10.3252993
vt -1.22673702 -10.3150911
vt -1.23000002 -10.3154974
vt -1.23000002 -10.3252993
vt -1.23000002 -10.3154974
vt -1.23266006 -10.3252993
vt -1.23266006 -10.3252993
vt -1.23000002 -10.3154974
vt -1.23266006 -10.3162603
vt 0.0294279996 -10.3252993
vt 0.0278340001 -10.3162603
vt 0.0264209993 -10.3252993
vt 0.0264209993 -10.3252993
vt 0.0278340001 -10.3162603
vt 0.0250080004 -10.3172894
vt 0.0264209993 -10.3252993
vt 0.0250080004 -10.3172894
vt 0.023 -10.3252993
vt -0.0250080004 -10.3172894
vt -0.0209410004 -10.3102465
vt -0.0278340001 -10.3162603
vt -0.0278340001 -10.3162603
vt -0.0209410004 -10.3102465
vt -0.0232449993 -10.3083115
vt -1.21733999 -10.3162603
vt -1.21733999 -10.3083115
vt -1.22000003 -10.3154974
vt -1.22000003 -10.3154974
vt -1.21733999 -10.3083115
vt -1.22000003 -10.3068771
vt -1.22000003 -10.3154974
vt -1.22000003 -10.3068771
vt -1.22326398 -10.3150911
vt -1.22326398 -10.3150911
vt -1.22000003 -10.3068771
vt -1.22326398 -10.3061132
vt -1.22326398 -10.3150911
vt -1.22326398 -10.3061132
vt -1.22673702 -10.3150911
vt -1.22673702 -10.3150911
vt -1.22326398 -10.3061132
vt -1.22673702 -10.3061132
vt -1.22673702 -10.3150911
vt -1.22673702 -10.3061132
vt -1.23000002 -10.3154974
vt -1.23000002 -10.3154974
vt -1.22673702 -10.3061132
vt -1.23000002 -10.3068771
vt -1.23000002 -10.3154974
vt -1.23000002 -10.3068771
vt -1.23266006 -10.3162603
vt -1.23266006 -10.3162603
vt -1.23000002 -10.3068771
vt -1.23266006 -10.3083115
vt 0.0278340001 -10.3162603
vt 0.0232449993 -10.3083115
vt 0.0250080004 -10.3172894
vt 0.0250080004 -10.3172894
vt 0.0232449993 -10.3083115
vt 0.0209410004 -10.3102465
vt 0.0250080004 -10.3172894
vt 0.0209410004 -10.3102465
vt 0.0217940006 -10.3184586
vt -1.23500001 -10.3184586
vt -1.23439705 -10.3102465
vt -1.23439705 -10.3102465
vt 0.0217940006 -10.3184586
vt 0.0209410004 -10.3102465
vt 0.018321 -10.3124428
vt 0.018321 -10.3124428
vt 0.0209410004 -10.3102465
vt 0.0147099998 -10.3050175
vt 0.018321 -10.3124428
vt 0.0147099998 -10.3050175
vt 0.0130000003 -10.3079777
vt 0.0130000003 -10.3079777
vt 0.0147099998 -10.3050175
vt 0.00706700003 -10.3022346
vt 0.0130000003 -10.3079777
vt 0.00706700003 -10.3022346
vt 0.00647300016 -10.305603
vt 0.00647300016 -10.305603
vt 0.00706700003 -10.3022346
vt -0.00106599997 -10.3022346
vt 0.00647300016 -10.305603
vt -0.00106599997 -10.3022346
vt -0.000472999993 -10.305603
vt -0.000472999993 -10.305603
vt -0.00106599997 -10.3022346
vt -0.00870999973 -10.3050175
vt -0.000472999993 -10.305603
vt -0.00870999973 -10.3050175
vt -0.00700000022 -10.3079777
vt -0.00700000022 -10.3079777
vt -0.00870999973 -10.3050175
vt -0.0149410004 -10.3102465
vt -0.00700000022 -10.3079777
vt -0.0149410004 -10.3102465
vt -0.0123199997 -10.3124428
vt -0.0123199997 -10.3124428
vt -0.0149410004 -10.3102465
vt -0.0190069992 -10.3172894
vt -0.0123199997 -10.3124428
vt -0.0190069992 -10.3172894
vt -0.0157929994 -10.3184586
vt -0.0157929994 -10.3184586
vt -0.0190069992 -10.3172894
vt -0.02042 -10.3252993
vt -0.0157929994 -10.3184586
vt -0.02042 -10.3252993
vt -0.0170000009 -10.3252993
vt -0.0170000009 -10.3252993
vt -0.02042 -10.3252993
vt -0.0190069992 -10.3333082
vt -0.0170000009 -10.3252993
vt -0.0190069992 -10.3333082
vt -0.0157929994 -10.33214
vt -0.0157929994 -10.33214
vt -0.0190069992 -10.3333082
vt -0.0149410004 -10.340354
vt -0.0157929994 -10.33214
vt -0.0149410004 -10.340354
vt -0.0123199997 -10.3381548
vt -0.0123199997 -10.3381548
vt -0.0149410004 -10.340354
vt -0.00870999973 -10.345582
vt -0.0123199997 -10.3381548
vt -0.00870999973 -10.345582
vt -0.00700000022 -10.3426199
vt -0.00700000022 -10.3426199
vt -0.00870999973 -10.345582
vt -0.00106599997 -10.3483639
vt -0.00700000022 -10.3426199
vt -0.00106599997 -10.3483639
vt -0.000472999993 -10.3449945
vt -0.000472999993 -10.3449945
vt -0.00106599997 -10.3483639
vt 0.00706700003 -10.3483639
vt -0.000472999993 -10.3449945
vt 0.00706700003 -10.3483639
vt 0.00647300016 -10.3449945
vt 0.00647300016 -10.3449945
vt 0.00706700003 -10.3483639
vt 0.0147099998 -10.345582
vt 0.00647300016 -10.3449945
vt 0.0147099998 -10.345582
vt 0.0130000003 -10.3426199
vt 0.0130000003 -10.3426199
vt 0.0147099998 -10.345582
vt 0.0209410004 -10.340354
vt 0.0130000003 -10.3426199
vt 0.0209410004 -10.340354
vt 0.018321 -10.3381548
vt 0.0250080004 -10.3172894
vt 0.0217940006 -10.3184586
vt 0.023 -10.3252993
vt 0.0209410004 -10.340354
vt 0.0147099998 -10.345582
vt 0.0232449993 -10.3422861
vt 0.0232449993 -10.3422861
vt 0.0147099998 -10.345582
vt 0.0162140001 -10.3481855
vt 0.0232449993 -10.3422861
vt 0.0162140001 -10.3481855
vt 0.0249550007 -10.3437214
vt 0.0249550007 -10.3437214
vt 0.0162140001 -10.3481855
vt 0.0173310004 -10.3501196
vt 0.0249550007 1.23000002
vt 0.0173310004 1.23000002
vt 0.0258649997 1.22673702
vt 0.0258649997 1.22673702
vt 0.0173310004 1.23000002
vt 0.0179239996 1.22673702
vt 0.0258649997 1.22673702
vt 0.0179239996 1.22673702
vt 0.0258649997 1.22326398
vt 0.0258649997 1.22326398
vt 0.0179239996 1.22673702
vt 0.0179239996 1.22326398
vt 0.0258649997 1.22326398
vt 0.0179239996 1.22326398
vt 0.0249550007 1.22000003
vt 0.0249550007 1.22000003
vt 0.0179239996 1.22326398
vt 0.0173310004 1.22000003
vt -0.0249550007 -10.3437214
vt -0.0173310004 -10.3501196
vt -0.0232449993 -10.3422861
vt -0.0232449993 -10.3422861
vt -0.0173310004 -10.3501196
vt -0.0162140001 -10.3481855
vt -0.0232449993 -10.3422861
vt -0.0162140001 -10.3481855
vt -0.0209410004 -10.340354
vt -1.21560299 -10.340354
vt -1.21733999 -10.3481855
vt -1.21733999 -10.3481855
vt -0.0209410004 -10.340354
vt -0.0162140001 -10.3481855
vt -0.0147099998 -10.345582
vt -0.0147099998 -10.345582
vt -0.0162140001 -10.3481855
vt -0.00759000005 -10.351326
vt -0.0147099998 -10.345582
vt -0.00759000005 -10.351326
vt -0.00706700003 -10.3483639
vt -0.00706700003 -10.3483639
vt -0.00759000005 -10.351326
vt 0.00158899999 -10.351326
vt -0.00706700003 -10.3483639
vt 0.00158899999 -10.351326
vt 0.00106599997 -10.3483639
vt 0.00106599997 -10.3483639
vt 0.00158899999 -10.351326
vt 0.010214 -10.3481855
vt 0.00106599997 -10.3483639
vt 0.010214 -10.3481855
vt 0.00870999973 -10.345582
vt 0.00870999973 -10.345582
vt 0.010214 -10.3481855
vt 0.0172450002 -10.3422861
vt 0.00870999973 -10.345582
vt 0.0172450002 -10.3422861
vt 0.0149410004 -10.340354
vt 0.0149410004 -10.340354
vt 0.0172450002 -10.3422861
vt 0.0218339991 -10.3343382
vt 0.0149410004 -10.340354
vt 0.0218339991 -10.3343382
vt 0.0190069992 -10.3333082
vt 0.0190069992 -10.3333082
vt 0.0218339991 -10.3343382
vt 0.0234270003 -10.3252993
vt 0.0190069992 -10.3333082
vt 0.0234270003 -10.3252993
vt 0.02042 -10.3252993
vt 0.02042 -10.3252993
vt 0.0234270003 -10.3252993
vt 0.0218339991 -10.3162603
vt 0.02042 -10.3252993
vt 0.0218339991 -10.3162603
vt 0.0190069992 -10.3172894
vt 0.0190069992 -10.3172894
vt 0.0218339991 -10.3162603
vt 0.0172450002 -10.3083115
vt 0.0190069992 -10.3172894
vt 0.0172450002 -10.3083115
vt 0.0149410004 -10.3102465
vt 0.0149410004 -10.3102465
vt 0.0172450002 -10.3083115
vt 0.010214 -10.302412
vt 0.0149410004 -10.3102465
vt 0.010214 -10.302412
vt 0.00870999973 -10.3050175
vt 0.00870999973 -10.3050175
vt 0.010214 -10.302412
vt 0.00158899999 -10.2992725
vt 0.00870999973 -10.3050175
vt 0.00158899999 -10.2992725
vt 0.00106599997 -10.3022346
vt 0.00106599997 -10.3022346
vt 0.00158899999 -10.2992725
vt -0.00759000005 -10.2992725
vt 0.00106599997 -10.3022346
vt -0.00759000005 -10.2992725
vt -0.00706700003 -10.3022346
vt -0.00706700003 -10.3022346
vt -0.00759000005 -10.2992725
vt -0.0162140001 -10.302412
vt -0.00706700003 -10.3022346
vt -0.0162140001 -10.302412
vt -0.0147099998 -10.3050175
vt -0.0147099998 -10.3050175
vt -0.0162140001 -10.302412
vt -0.0232449993 -10.3083115
vt -0.0147099998 -10.3050175
vt -0.0232449993 -10.3083115
vt -0.0209410004 -10.3102465
vt -0.0232449993 -10.3083115
vt -0.0162140001 -10.302412
vt -0.0249550007 -10.3068771
vt -0.0249550007 -10.3068771
vt -0.0162140001 -10.302412
vt -0.0173310004 -10.300478
vt -0.0249550007 1.22000003
vt -0.0173310004 1.22000003
vt -0.0258649997 1.22326398
vt -0.0258649997 1.22326398
vt -0.0173310004 1.22000003
vt -0.0179239996 1.22326398
vt -0.0258649997 1.22326398
vt -0.0179239996 1.22326398
vt -0.0258649997 1.22673702
vt -0.0258649997 1.22673702
vt -0.0179239996 1.22326398
vt -0.0179239996 1.22673702
vt -0.0258649997 1.22673702
vt -0.0179239996 1.22673702
vt -0.0249550007 1.23000002
vt -0.0249550007 1.23000002
vt -0.0179239996 1.22673702
vt -0.0173310004 1.23000002
vt 0.0249550007 -10.3068771
vt 0.0173310004 -10.300478
vt 0.0232449993 -10.3083115
vt 0.0232449993 -10.3083115
vt 0.0173310004 -10.300478
vt 0.0162140001 -10.302412
vt 0.0232449993 -10.3083115
vt 0.0162140001 -10.302412
vt 0.0209410004 -10.3102465
vt -1.23439705 -10.3102465
vt -1.23266006 -10.302412
vt -1.23266006 -10.302412
vt 0.0209410004 -10.3102465
vt 0.0162140001 -10.302412
vt 0.0147099998 -10.3050175
vt 0.0147099998 -10.3050175
vt 0.0162140001 -10.302412
vt 0.00759000005 -10.2992725
vt 0.0147099998 -10.3050175
vt 0.00759000005 -10.2992725
vt 0.00706700003 -10.3022346
vt 0.00706700003 -10.3022346
vt 0.00759000005 -10.2992725
vt -0.00158899999 -10.2992725
vt 0.00706700003 -10.3022346
vt -0.00158899999 -10.2992725
vt -0.00106599997 -10.3022346
vt -0.00106599997 -10.3022346
vt -0.00158899999 -10.2992725
vt -0.010214 -10.302412
vt -0.00106599997 -10.3022346
vt -0.010214 -10.302412
vt -0.00870999973 -10.3050175
vt -0.00870999973 -10.3050175
vt -0.010214 -10.302412
vt -0.0172450002 -10.3083115
vt -0.00870999973 -10.3050175
vt -0.0172450002 -10.3083115
vt -0.0149410004 -10.3102465
vt -0.0149410004 -10.3102465
vt -0.0172450002 -10.3083115
vt -0.0218339991 -10.3162603
vt -0.0149410004 -10.3102465
vt -0.0218339991 -10.3162603
vt -0.0190069992 -10.3172894
vt -0.0190069992 -10.3172894
vt -0.0218339991 -10.3162603
vt -0.0234270003 -10.3252993
vt -0.0190069992 -10.3172894
vt -0.0234270003 -10.3252993
vt -0.02042 -10.3252993
vt -0.02042 -10.3252993
vt -0.0234270003 -10.3252993
vt -0.0218339991 -10.3343382
vt -0.02042 -10.3252993
vt -0.0218339991 -10.3343382
vt -0.0190069992 -10.3333082
vt -0.0190069992 -10.3333082
vt -0.0218339991 -10.3343382
vt -0.0172450002 -10.3422861
vt -0.0190069992 -10.3333082
vt -0.0172450002 -10.3422861
vt -0.0149410004 -10.340354
vt -0.0149410004 -10.340354
vt -0.0172450002 -10.3422861
vt -0.010214 -10.3481855
vt -0.0149410004 -10.340354
vt -0.010214 -10.3481855
vt -0.00870999973 -10.345582
vt -0.00870999973 -10.345582
vt -0.010214 -10.3481855
vt -0.00158899999 -10.351326
vt -0.00870999973 -10.345582
vt -0.00158899999 -10.351326
vt -0.00106599997 -10.3483639
vt -0.00106599997 -10.3483639
vt -0.00158899999 -10.351326
vt 0.00759000005 -10.351326
vt -0.00106599997 -10.3483639
vt 0.00759000005 -10.351326
vt 0.00706700003 -10.3483639
vt 0.00706700003 -10.3483639
vt 0.00759000005 -10.351326
vt 0.0162140001 -10.3481855
vt 0.00706700003 -10.3483639
vt 0.0162140001 -10.3481855
vt 0.0147099998 -10.345582
vt 0.0162140001 1.23266006
vt 0.00759000005 1.23266006
vt 0.0173310004 1.23000002
vt 0.0173310004 1.23000002
vt 0.00759000005 1.23266006
vt 0.00797700044 1.23000002
vt 0.0173310004 1.23000002
vt 0.00797700044 1.23000002
vt 0.0179239996 1.22673702
vt 0.0179239996 1.22673702
vt 0.00797700044 1.23000002
vt 0.00818299968 1.22673702
vt 0.0179239996 1.22673702
vt 0.00818299968 1.22673702
vt 0.0179239996 1.22326398
vt 0.0179239996 1.22326398
vt 0.00818299968 1.22673702
vt 0.00818299968 1.22326398
vt 0.0179239996 1.22326398
vt 0.00818299968 1.22326398
vt 0.0173310004 1.22000003
vt 0.0173310004 1.22000003
vt 0.00818299968 1.22326398
vt 0.00797700044 1.22000003
vt 0.0173310004 1.22000003
vt 0.00797700044 1.22000003
vt 0.0162140001 1.21733999
vt -1.21733999 -10.3481855
vt -1.22000003 -10.3535242
vt -1.22000003 -10.3535242
vt 0.0162140001 1.21733999
vt 0.00797700044 1.22000003
vt 0.00759000005 1.21733999
vt 0.00759000005 1.21733999
vt 0.00797700044 1.22000003
vt -0.00197599991 1.22000003
vt 0.00759000005 1.21733999
vt -0.00197599991 1.22000003
vt -0.00158899999 1.21733999
vt -0.00158899999 1.21733999
vt -0.00197599991 1.22000003
vt -0.0113300001 1.22000003
vt -0.00158899999 1.21733999
vt -0.0113300001 1.22000003
vt -0.010214 1.21733999
vt 0.010214 -10.3481855
vt 0.0113300001 -10.3501196
vt 0.0189549997 -10.3437214
vt 0.010214 -10.3481855
vt 0.0189549997 -10.3437214
vt 0.0172450002 -10.3422861
vt 1.21733999 -10.3422861
vt 1.22000003 -10.3437214
vt 1.22000003 -10.3351021
vt 1.21733999 -10.3422861
vt 1.22000003 -10.3351021
vt 1.21733999 -10.3343382
vt 1.21733999 -10.3343382
vt 1.22000003 -10.3351021
vt 1.22000003 -10.3252993
vt 1.21733999 -10.3343382
vt 1.22000003 -10.3252993
vt 1.21733999 -10.3252993
vt 1.21733999 -10.3252993
vt 1.22000003 -10.3252993
vt 1.22000003 -10.3154974
vt 1.21733999 -10.3252993
vt 1.22000003 -10.3154974
vt 1.21733999 -10.3162603
vt 1.21733999 -10.3162603
vt 1.22000003 -10.3154974
vt 1.22000003 -10.3068771
vt 1.21733999 -10.3162603
vt 1.22000003 -10.3068771
vt 1.21733999 -10.3083115
vt 0.0172450002 -10.3083115
vt 0.0189549997 -10.3068771
vt 0.0113300001 -10.300478
vt 0.0172450002 -10.3083115
vt 0.0113300001 -10.300478
vt 0.010214 -10.302412
vt 0.010214 1.21733999
vt 0.0113300001 1.22000003
vt 0.00197599991 1.22000003
vt 0.010214 1.21733999
vt 0.00197599991 1.22000003
vt 0.00158899999 1.21733999
vt 0.00158899999 1.21733999
vt 0.00197599991 1.22000003
vt -0.00797700044 1.22000003
vt 0.00158899999 1.21733999
vt -0.00797700044 1.22000003
vt -0.00759000005 1.21733999
vt -0.00759000005 1.21733999
vt -0.00797700044 1.22000003
vt -0.0173310004 1.22000003
vt -0.00759000005 1.21733999
vt -0.0173310004 1.22000003
vt -0.0162140001 1.21733999
vt -0.0173310004 1.22000003
vt -0.00797700044 1.22000003
vt -0.0179239996 1.22326398
vt -0.0179239996 1.22326398
vt -0.00797700044 1.22000003
vt -0.00818299968 1.22326398
vt -0.0179239996 1.22326398
vt -0.00818299968 1.22326398
vt -0.0179239996 1.22673702
vt -0.0179239996 1.22673702
vt -0.00818299968 1.22326398
vt -0.00818299968 1.22673702
vt -0.0179239996 1.22673702
vt -0.00818299968 1.22673702
vt -0.0173310004 1.23000002
vt -0.0173310004 1.23000002
vt -0.00818299968 1.22673702
vt -0.00797700044 1.23000002
vt -0.0173310004 1.23000002
vt -0.00797700044 1.23000002
vt -0.0162140001 1.23266006
vt -1.23266006 -10.302412
vt -1.23000002 -10.2970743
vt -1.23000002 -10.2970743
vt -0.0162140001 1.23266006
vt -0.00797700044 1.23000002
vt -0.00759000005 1.23266006
vt -0.00759000005 1.23266006
vt -0.00797700044 1.23000002
vt 0.00197599991 1.23000002
vt -0.00759000005 1.23266006
vt 0.00197599991 1.23000002
vt 0.00158899999 1.23266006
vt 0.00158899999 1.23266006
vt 0.00197599991 1.23000002
vt 0.0113300001 1.23000002
vt 0.00158899999 1.23266006
vt 0.0113300001 1.23000002
vt 0.010214 1.23266006
vt -0.010214 -10.302412
vt -0.0113300001 -10.300478
vt -0.0189549997 -10.3068771
vt -0.010214 -10.302412
vt -0.0189549997 -10.3068771
vt -0.0172450002 -10.3083115
vt 1.23266006 -10.3083115
vt 1.23000002 -10.3068771
vt 1.23000002 -10.3154974
vt 1.23266006 -10.3083115
vt 1.23000002 -10.3154974
vt 1.23266006 -10.3162603
vt 1.23266006 -10.3162603
vt 1.23000002 -10.3154974
vt 1.23000002 -10.3252993
vt 1.23266006 -10.3162603
vt 1.23000002 -10.3252993
vt 1.23266006 -10.3252993
vt 1.23266006 -10.3252993
vt 1.23000002 -10.3252993
vt 1.23000002 -10.3351021
vt 1.23266006 -10.3252993
vt 1.23000002 -10.3351021
vt 1.23266006 -10.3343382
vt 1.23266006 -10.3343382
vt 1.23000002 -10.3351021
vt 1.23000002 -10.3437214
vt 1.23266006 -10.3343382
vt 1.23000002 -10.3437214
vt 1.23266006 -10.3422861
vt -0.0172450002 -10.3422861
vt -0.0189549997 -10.3437214
vt -0.0113300001 -10.3501196
vt -0.0172450002 -10.3422861
vt -0.0113300001 -10.3501196
vt -0.010214 -10.3481855
vt -0.010214 1.23266006
vt -0.0113300001 1.23000002
vt -0.00197599991 1.23000002
vt -0.010214 1.23266006
vt -0.00197599991 1.23000002
vt -0.00158899999 1.23266006
vt -0.00158899999 1.23266006
vt -0.00197599991 1.23000002
vt 0.00797700044 1.23000002
vt -0.00158899999 1.23266006
vt 0.00797700044 1.23000002
vt 0.00759000005 1.23266006
vt 0.00797700044 1.23000002
vt -0.00197599991 1.23000002
vt 0.00818299968 1.22673702
vt 0.00818299968 1.22673702
vt -0.00197599991 1.23000002
vt -0.00218300009 1.22673702
vt 0.00818299968 1.22673702
vt -0.00218300009 1.22673702
vt 0.00818299968 1.22326398
vt 0.00818299968 1.22326398
vt -0.00218300009 1.22673702
vt -0.00218300009 1.22326398
vt 0.00818299968 1.22326398
vt -0.00218300009 1.22326398
vt 0.00797700044 1.22000003
vt -1.22000003 -10.3535242
vt -1.22326398 -10.3546944
vt -1.22326398 -10.3546944
vt 0.00797700044 1.22000003
vt -0.00218300009 1.22326398
vt -0.00197599991 1.22000003
vt -0.00197599991 1.22000003
vt -0.00218300009 1.22326398
vt -0.0119240005 1.22326398
vt -0.00197599991 1.22000003
vt -0.0119240005 1.22326398
vt -0.0113300001 1.22000003
vt -0.0113300001 1.22000003
vt -0.0119240005 1.22326398
vt -0.0198650006 1.22326398
vt -0.0113300001 1.22000003
vt -0.0198650006 1.22326398
vt -0.0189549997 1.22000003
vt 1.22000003 -10.3437214
vt 1.22326398 -10.3444853
vt 1.22326398 -10.3355083
vt 1.22000003 -10.3437214
vt 1.22326398 -10.3355083
vt 1.22000003 -10.3351021
vt 1.22000003 -10.3351021
vt 1.22326398 -10.3355083
vt 1.22326398 -10.3252993
vt 1.22000003 -10.3351021
vt 1.22326398 -10.3252993
vt 1.22000003 -10.3252993
vt 1.22000003 -10.3252993
vt 1.22326398 -10.3252993
vt 1.22326398 -10.3150911
vt 1.22000003 -10.3252993
vt 1.22326398 -10.3150911
vt 1.22000003 -10.3154974
vt 1.22000003 -10.3154974
vt 1.22326398 -10.3150911
vt 1.22326398 -10.3061132
vt 1.22000003 -10.3154974
vt 1.22326398 -10.3061132
vt 1.22000003 -10.3068771
vt 0.0189549997 1.22000003
vt 0.0198650006 1.22326398
vt 0.0119240005 1.22326398
vt 0.0189549997 1.22000003
vt 0.0119240005 1.22326398
vt 0.0113300001 1.22000003
vt 0.0113300001 1.22000003
vt 0.0119240005 1.22326398
vt 0.00218300009 1.22326398
vt 0.0113300001 1.22000003
vt 0.00218300009 1.22326398
vt 0.00197599991 1.22000003
vt 0.00197599991 1.22000003
vt 0.00218300009 1.22326398
vt -0.00818299968 1.22326398
vt 0.00197599991 1.22000003
vt -0.00818299968 1.22326398
vt -0.00797700044 1.22000003
vt -0.00818299968 1.22326398
vt 0.00218300009 1.22326398
vt -0.00818299968 1.22673702
vt -0.00818299968 1.22673702
vt 0.00218300009 1.22326398
vt 0.00218300009 1.22673702
vt -0.00818299968 1.22673702
vt 0.00218300009 1.22673702
vt -0.00797700044 1.23000002
vt -1.23000002 -10.2970743
vt -1.22673702 -10.2959051
vt -1.22673702 -10.2959051
vt -0.00797700044 1.23000002
vt 0.00218300009 1.22673702
vt 0.00197599991 1.23000002
vt 0.00197599991 1.23000002
vt 0.00218300009 1.22673702
vt 0.0119240005 1.22673702
vt 0.00197599991 1.23000002
vt 0.0119240005 1.22673702
vt 0.0113300001 1.23000002
vt 0.0113300001 1.23000002
vt 0.0119240005 1.22673702
vt 0.0198650006 1.22673702
vt 0.0113300001 1.23000002
vt 0.0198650006 1.22673702
vt 0.0189549997 1.23000002
vt 1.23000002 -10.3068771
vt 1.22673702 -10.3061132
vt 1.22673702 -10.3150911
vt 1.23000002 -10.3068771
vt 1.22673702 -10.3150911
vt 1.23000002 -10.3154974
vt 1.23000002 -10.3154974
vt 1.22673702 -10.3150911
vt 1.22673702 -10.3252993
vt 1.23000002 -10.3154974
vt 1.22673702 -10.3252993
vt 1.23000002 -10.3252993
vt 1.23000002 -10.3252993
vt 1.22673702 -10.3252993
vt 1.22673702 -10.3355083
vt 1.23000002 -10.3252993
vt 1.22673702 -10.3355083
vt 1.23000002 -10.3351021
vt 1.23000002 -10.3351021
vt 1.22673702 -10.3355083
vt 1.22673702 -10.3444853
vt 1.23000002 -10.3351021
vt 1.22673702 -10.3444853
vt 1.23000002 -10.3437214
vt -0.0189549997 1.23000002
vt -0.0198650006 1.22673702
vt -0.0119240005 1.22673702
vt -0.0189549997 1.23000002
vt -0.0119240005 1.22673702
vt -0.0113300001 1.23000002
vt -0.0113300001 1.23000002
vt -0.0119240005 1.22673702
vt -0.00218300009 1.22673702
vt -0.0113300001 1.23000002
vt -0.00218300009 1.22673702
vt -0.00197599991 1.23000002
vt -0.00218300009 1.22673702
vt -0.0119240005 1.22673702
vt -0.00218300009 1.22326398
vt -1.22326398 -10.3546944
vt -1.22673702 -10.3511486
vt -1.22673702 -10.3511486
vt -0.00218300009 1.22326398
vt -0.0119240005 1.22673702
vt -0.0119240005 1.22326398
vt -0.0119240005 1.22326398
vt -0.0119240005 1.22673702
vt -0.0198650006 1.22673702
vt -0.0119240005 1.22326398
vt -0.0198650006 1.22673702
vt -0.0198650006 1.22326398
vt 1.22326398 -10.3444853
vt 1.22673702 -10.3444853
vt 1.22673702 -10.3355083
vt 1.22326398 -10.3444853
vt 1.22673702 -10.3355083
vt 1.22326398 -10.3355083
vt 1.22326398 -10.3355083
vt 1.22673702 -10.3355083
vt 1.22673702 -10.3252993
vt 1.22326398 -10.3355083
vt 1.22673702 -10.3252993
vt 1.22326398 -10.3252993
vt 1.22326398 -10.3252993
vt 1.22673702 -10.3252993
vt 1.22673702 -10.3150911
vt 1.22326398 -10.3252993
vt 1.22673702 -10.3150911
vt 1.22326398 -10.3150911
vt 1.22326398 -10.3150911
vt 1.22673702 -10.3150911
vt 1.22673702 -10.3061132
vt 1.22326398 -10.3150911
vt 1.22673702 -10.3061132
vt 1.22326398 -10.3061132
vt 0.0198650006 1.22326398
vt 0.0198650006 1.22673702
vt 0.0119240005 1.22673702
vt 0.0198650006 1.22326398
vt 0.0119240005 1.22673702
vt 0.0119240005 1.22326398
vt 0.0119240005 1.22326398
vt 0.0119240005 1.22673702
vt 0.00218300009 1.22673702
vt 0.0119240005 1.22326398
vt 0.00218300009 1.22673702
vt 0.00218300009 1.22326398
vt -0.023 -10.3252993
vt -0.0170959998 -10.3201694
vt -0.0217940006 -10.3184586
vt -1.21500003 -10.3184586
vt -1.21500003 -10.3201694
vt -1.21500003 -10.3201694
vt -0.0217940006 -10.3184586
vt -0.0170959998 -10.3201694
vt -0.018321 -10.3124428
vt -0.018321 -10.3124428
vt -0.0170959998 -10.3201694
vt -0.0144910002 -10.3156576
vt -1.21500003 -10.3124428
vt -1.21500003 -10.3156576
vt -1.21500003 -10.3124428
vt -0.018321 -10.3124428
vt -0.0144910002 -10.3156576
vt -0.0104999999 -10.3123093
vt -0.018321 -10.3124428
vt -0.0104999999 -10.3123093
vt -0.0130000003 -10.3079777
vt -1.21500003 -10.3079777
vt -1.21500003 -10.3123093
vt -1.21500003 -10.3123093
vt -0.0130000003 -10.3079777
vt -0.0104999999 -10.3123093
vt -0.00647300016 -10.305603
vt -0.00647300016 -10.305603
vt -0.0104999999 -10.3123093
vt -0.00560500007 -10.3105268
vt -1.21500003 -10.305603
vt -1.21500003 -10.3105268
vt -1.21500003 -10.305603
vt -0.00647300016 -10.305603
vt -0.00560500007 -10.3105268
vt -0.000395999989 -10.3105268
vt -0.00647300016 -10.305603
vt -0.000395999989 -10.3105268
vt 0.000472999993 -10.305603
vt -1.21500003 -10.305603
vt -1.21500003 -10.3105268
vt -1.21500003 -10.3105268
vt 0.000472999993 -10.305603
vt -0.000395999989 -10.3105268
vt 0.00700000022 -10.3079777
vt 0.00700000022 -10.3079777
vt -0.000395999989 -10.3105268
vt 0.00449999981 -10.3123093
vt 0.00700000022 -10.3079777
vt 0.00449999981 -10.3123093
vt 0.0123199997 -10.3124428
vt 0.0123199997 -10.3124428
vt 0.00449999981 -10.3123093
vt 0.00848999992 -10.3156576
vt -1.21500003 -10.3124428
vt -1.21500003 -10.3156576
vt -1.21500003 -10.3124428
vt 0.0123199997 -10.3124428
vt 0.00848999992 -10.3156576
vt 0.0110950004 -10.3201694
vt 0.0123199997 -10.3124428
vt 0.0110950004 -10.3201694
vt 0.0157929994 -10.3184586
vt 0.0157929994 -10.3184586
vt 0.0110950004 -10.3201694
vt 0.0120000001 -10.3252993
vt 0.0157929994 -10.3184586
vt 0.0120000001 -10.3252993
vt 0.0170000009 -10.3252993
vt 0.0170000009 -10.3252993
vt 0.0120000001 -10.3252993
vt 0.0110950004 -10.33043
vt 0.0170000009 -10.3252993
vt 0.0110950004 -10.33043
vt 0.0157929994 -10.33214
vt 0.0157929994 -10.33214
vt 0.0110950004 -10.33043
vt 0.00848999992 -10.3349409
vt 0.0157929994 -10.33214
vt 0.00848999992 -10.3349409
vt 0.0123199997 -10.3381548
vt 0.0123199997 -10.3381548
vt 0.00848999992 -10.3349409
vt 0.00449999981 -10.3382902
vt 0.0123199997 -10.3381548
vt 0.00449999981 -10.3382902
vt 0.00700000022 -10.3426199
vt 0.00700000022 -10.3426199
vt 0.00449999981 -10.3382902
vt -0.000395999989 -10.3400717
vt 0.00700000022 -10.3426199
vt -0.000395999989 -10.3400717
vt 0.000472999993 -10.3449945
vt -1.21500003 -10.3449945
vt -1.21500003 -10.3400717
vt -1.21500003 -10.3400717
vt 0.000472999993 -10.3449945
vt -0.000395999989 -10.3400717
vt -0.00647300016 -10.3449945
vt -0.00647300016 -10.3449945
vt -0.000395999989 -10.3400717
vt -0.00560500007 -10.3400717
vt -0.00647300016 -10.3449945
vt -0.00560500007 -10.3400717
vt -0.0130000003 -10.3426199
vt -0.0130000003 -10.3426199
vt -0.00560500007 -10.3400717
vt -0.0104999999 -10.3382902
vt -0.0130000003 -10.3426199
vt -0.0104999999 -10.3382902
vt -0.018321 -10.3381548
vt -0.018321 -10.3381548
vt -0.0104999999 -10.3382902
vt -0.0144910002 -10.3349409
vt -0.018321 -10.3381548
vt -0.0144910002 -10.3349409
vt -0.0217940006 -10.33214
vt -0.0217940006 -10.33214
vt -0.0144910002 -10.3349409
vt -0.0170959998 -10.33043
vt -0.0217940006 -10.33214
vt -0.0170959998 -10.33043
vt -0.023 -10.3252993
vt -0.0170959998 -10.3201694
vt -0.023 -10.3252993
vt -0.0179999992 -10.3252993
vt -0.0179999992 -10.3252993
vt -0.023 -10.3252993
vt -0.0170959998 -10.33043
vt -0.0132999998 10.3253002
vt -0.0167200007 10.3253002
vt -0.0153069999 10.3172894
vt -0.0153069999 10.3172894
vt -0.0167200007 10.3253002
vt -0.0181339998 10.3162613
vt -0.0153069999 10.3172894
vt -0.0181339998 10.3162613
vt -0.013545 10.3083134
vt 1.23266006 10.3083134
vt 1.23266006 10.3162613
vt 1.23000002 10.3068781
vt -0.013545 10.3083134
vt -0.0152550004 10.3068781
vt -0.00762999989 10.3004799
vt -0.00762999989 1.23000002
vt -0.0152550004 1.23000002
vt -0.00822400022 1.22673702
vt -0.00762999989 1.23000002
vt -0.00822400022 1.22673702
vt 0.00151700003 1.22673702
vt 0.00151700003 1.22673702
vt -0.00822400022 1.22673702
vt 0.00151700003 1.22326398
vt 0.00151700003 1.22673702
vt 0.00151700003 1.22326398
vt 0.0118829999 1.22326398
vt 0.0118829999 1.22326398
vt 0.00151700003 1.22326398
vt 0.0116769997 1.22000003
vt 0.0118829999 1.22326398
vt 0.0116769997 1.22000003
vt 0.0210309997 1.22000003
vt 0.0210309997 1.22000003
vt 0.0116769997 1.22000003
vt 0.0199139994 1.21733999
vt -0.0210309997 10.3004799
vt -0.0199139994 10.302412
vt -0.0269450005 10.3083134
vt -0.0269450005 10.3083134
vt -0.0199139994 10.302412
vt -0.0246409997 10.3102465
vt -0.0269450005 10.3083134
vt -0.0246409997 10.3102465
vt -0.0287079997 10.3172894
vt -0.0287079997 10.3172894
vt -0.0246409997 10.3102465
vt -0.0254939999 10.3184605
vt -1.21560299 10.3172894
vt -1.21500003 10.3184605
vt -1.21560299 10.3172894
vt -0.0287079997 10.3172894
vt -0.0254939999 10.3184605
vt -0.0266999993 10.3253002
vt -0.0287079997 10.3172894
vt -0.0266999993 10.3253002
vt -0.0301210005 10.3253002
vt -0.0301210005 10.3253002
vt -0.0266999993 10.3253002
vt -0.0254939999 10.33214
vt -0.0301210005 10.3253002
vt -0.0254939999 10.33214
vt -0.0287079997 10.3333111
vt -0.0287079997 10.3333111
vt -0.0254939999 10.33214
vt -0.0220209993 10.3381567
vt -0.0287079997 10.3333111
vt -0.0220209993 10.3381567
vt -0.0246409997 10.3403549
vt -0.0246409997 10.3403549
vt -0.0220209993 10.3381567
vt -0.0166999996 10.3426199
vt -0.0246409997 10.3403549
vt -0.0166999996 10.3426199
vt -0.0184099991 10.345583
vt -0.0184099991 10.345583
vt -0.0166999996 10.3426199
vt -0.0101730004 10.3449965
vt -0.0184099991 10.345583
vt -0.0101730004 10.3449965
vt -0.0107669998 10.3483648
vt -0.0107669998 10.3483648
vt -0.0101730004 10.3449965
vt -0.00322699989 10.3449965
vt -0.0107669998 10.3483648
vt -0.00322699989 10.3449965
vt -0.00263400003 10.3483648
vt -0.00263400003 10.3483648
vt -0.00322699989 10.3449965
vt 0.00329999998 10.3426199
vt -0.00263400003 10.3483648
vt 0.00329999998 10.3426199
vt 0.00500999996 10.345583
vt 0.00500999996 10.345583
vt 0.00329999998 10.3426199
vt 0.00862000044 10.3381567
vt 0.00500999996 10.345583
vt 0.00862000044 10.3381567
vt 0.0112410001 10.3403549
vt 0.0112410001 10.3403549
vt 0.00862000044 10.3381567
vt 0.0120930001 10.33214
vt 0.0112410001 10.3403549
vt 0.0120930001 10.33214
vt 0.0153069999 10.3333111
vt 0.0153069999 10.3333111
vt 0.0120930001 10.33214
vt 0.0132999998 10.3253002
vt -0.0254939999 10.3184605
vt -0.0246409997 10.3102465
vt -0.0220209993 10.3124447
vt -0.0220209993 10.3124447
vt -0.0246409997 10.3102465
vt -0.0184099991 10.3050184
vt -0.0220209993 10.3124447
vt -0.0184099991 10.3050184
vt -0.0166999996 10.3079805
vt -0.0166999996 10.3079805
vt -0.0184099991 10.3050184
vt -0.0107669998 10.3022366
vt -0.0166999996 10.3079805
vt -0.0107669998 10.3022366
vt -0.0101730004 10.305604
vt -0.0101730004 10.305604
vt -0.0107669998 10.3022366
vt -0.00263400003 10.3022366
vt -0.0101730004 10.305604
vt -0.00263400003 10.3022366
vt -0.00322699989 10.305604
vt -0.00322699989 10.305604
vt -0.00263400003 10.3022366
vt 0.00500999996 10.3050184
vt -0.00322699989 10.305604
vt 0.00500999996 10.3050184
vt 0.00329999998 10.3079805
vt 0.00329999998 10.3079805
vt 0.00500999996 10.3050184
vt 0.0112410001 10.3102465
vt 0.00329999998 10.3079805
vt 0.0112410001 10.3102465
vt 0.00862000044 10.3124447
vt 0.00862000044 10.3124447
vt 0.0112410001 10.3102465
vt 0.0153069999 10.3172894
vt 0.00862000044 10.3124447
vt 0.0153069999 10.3172894
vt 0.0120930001 10.3184605
vt 0.0120930001 10.3184605
vt 0.0153069999 10.3172894
vt 0.0167200007 10.3253002
vt 0.0120930001 10.3184605
vt 0.0167200007 10.3253002
vt 0.0132999998 10.3253002
vt -0.0246409997 10.3102465
vt -0.0199139994 10.302412
vt -0.0184099991 10.3050184
vt -0.0184099991 10.3050184
vt -0.0199139994 10.302412
vt -0.0112899998 10.2992744
vt -0.0184099991 10.3050184
vt -0.0112899998 10.2992744
vt -0.0107669998 10.3022366
vt -0.0107669998 10.3022366
vt -0.0112899998 10.2992744
vt -0.00211100001 10.2992744
vt -0.0107669998 10.3022366
vt -0.00211100001 10.2992744
vt -0.00263400003 10.3022366
vt -0.00263400003 10.3022366
vt -0.00211100001 10.2992744
vt 0.00651399978 10.302412
vt -0.00263400003 10.3022366
vt 0.00651399978 10.302412
vt 0.00500999996 10.3050184
vt 0.00500999996 10.3050184
vt 0.00651399978 10.302412
vt 0.013545 10.3083134
vt 0.00500999996 10.3050184
vt 0.013545 10.3083134
vt 0.0112410001 10.3102465
vt 0.0112410001 10.3102465
vt 0.013545 10.3083134
vt 0.0181339998 10.3162613
vt 0.0112410001 10.3102465
vt 0.0181339998 10.3162613
vt 0.0153069999 10.3172894
vt 0.0153069999 10.3172894
vt 0.0181339998 10.3162613
vt 0.0197269991 10.3253002
vt 0.0153069999 10.3172894
vt 0.0197269991 10.3253002
vt 0.0167200007 10.3253002
vt 0.0167200007 10.3253002
vt 0.0197269991 10.3253002
vt 0.0181339998 10.3343391
vt 0.0167200007 10.3253002
vt 0.0181339998 10.3343391
vt 0.0153069999 10.3333111
vt 0.0153069999 10.3333111
vt 0.0181339998 10.3343391
vt 0.013545 10.342288
vt 0.0153069999 10.3333111
vt 0.013545 10.342288
vt 0.0112410001 10.3403549
vt 0.0112410001 10.3403549
vt 0.013545 10.342288
vt 0.00651399978 10.3481874
vt 0.0112410001 10.3403549
vt 0.00651399978 10.3481874
vt 0.00500999996 10.345583
vt 0.00500999996 10.345583
vt 0.00651399978 10.3481874
vt -0.00211100001 10.3513269
vt 0.00500999996 10.345583
vt -0.00211100001 10.3513269
vt -0.00263400003 10.3483648
vt -0.00263400003 10.3483648
vt -0.00211100001 10.3513269
vt -0.0112899998 10.3513269
vt -0.00263400003 10.3483648
vt -0.0112899998 10.3513269
vt -0.0107669998 10.3483648
vt -0.0107669998 10.3483648
vt -0.0112899998 10.3513269
vt -0.0199139994 10.3481874
vt -0.0107669998 10.3483648
vt -0.0199139994 10.3481874
vt -0.0184099991 10.345583
vt -0.0184099991 10.345583
vt -0.0199139994 10.3481874
vt -0.0269450005 10.342288
vt -0.0184099991 10.345583
vt -0.0269450005 10.342288
vt -0.0246409997 10.3403549
vt -0.0246409997 10.3403549
vt -0.0269450005 10.342288
vt -0.0315340012 10.3343391
vt -0.0246409997 10.3403549
vt -0.0315340012 10.3343391
vt -0.0287079997 10.3333111
vt -0.0287079997 10.3333111
vt -0.0315340012 10.3343391
vt -0.0331280008 10.3253002
vt -0.0287079997 10.3333111
vt -0.0331280008 10.3253002
vt -0.0301210005 10.3253002
vt -0.0301210005 10.3253002
vt -0.0331280008 10.3253002
vt -0.0315340012 10.3162613
vt -0.0301210005 10.3253002
vt -0.0315340012 10.3162613
vt -0.0287079997 10.3172894
vt -1.21560299 10.3172894
vt -1.21733999 10.3162613
vt -1.21733999 10.3162613
vt -0.0287079997 10.3172894
vt -0.0315340012 10.3162613
vt -0.0269450005 10.3083134
vt -1.21733999 10.3083134
vt -1.21733999 10.3162613
vt -1.22000003 10.3068781
vt -0.0269450005 10.3083134
vt -0.028655 10.3068781
vt -0.0210309997 10.3004799
vt 0.0210309997 1.22000003
vt 0.028655 1.22000003
vt 0.0216240007 1.22326398
vt 0.0210309997 1.22000003
vt 0.0216240007 1.22326398
vt 0.0118829999 1.22326398
vt 0.0118829999 1.22326398
vt 0.0216240007 1.22326398
vt 0.0118829999 1.22673702
vt 0.0118829999 1.22326398
vt 0.0118829999 1.22673702
vt 0.00151700003 1.22673702
vt 0.00151700003 1.22673702
vt 0.0118829999 1.22673702
vt 0.00172399997 1.23000002
vt 0.00151700003 1.22673702
vt 0.00172399997 1.23000002
vt -0.00762999989 1.23000002
vt -0.00762999989 1.23000002
vt 0.00172399997 1.23000002
vt -0.00651399978 1.23266006
vt -0.00762999989 10.3004799
vt -0.00651399978 10.302412
vt -0.013545 10.3083134
vt -0.013545 10.3083134
vt -0.00651399978 10.302412
vt -0.0112410001 10.3102465
vt -0.013545 10.3083134
vt -0.0112410001 10.3102465
vt -0.0153069999 10.3172894
vt -0.0153069999 10.3172894
vt -0.0112410001 10.3102465
vt -0.0120930001 10.3184605
vt -0.0153069999 10.3172894
vt -0.0120930001 10.3184605
vt -0.0132999998 10.3253002
vt 0.0132999998 10.3253002
vt 0.0167200007 10.3253002
vt 0.0153069999 10.3333111
vt -0.0120930001 10.3184605
vt -0.0112410001 10.3102465
vt -0.00862000044 10.3124447
vt -0.00862000044 10.3124447
vt -0.0112410001 10.3102465
vt -0.00500999996 10.3050184
vt -0.00862000044 10.3124447
vt -0.00500999996 10.3050184
vt -0.00329999998 10.3079805
vt -0.00329999998 10.3079805
vt -0.00500999996 10.3050184
vt 0.00263400003 10.3022366
vt -0.00329999998 10.3079805
vt 0.00263400003 10.3022366
vt 0.00322699989 10.305604
vt 0.00322699989 10.305604
vt 0.00263400003 10.3022366
vt 0.0107669998 10.3022366
vt 0.00322699989 10.305604
vt 0.0107669998 10.3022366
vt 0.0101730004 10.305604
vt 0.0101730004 10.305604
vt 0.0107669998 10.3022366
vt 0.0184099991 10.3050184
vt 0.0101730004 10.305604
vt 0.0184099991 10.3050184
vt 0.0166999996 10.3079805
vt 0.0166999996 10.3079805
vt 0.0184099991 10.3050184
vt 0.0246409997 10.3102465
vt 0.0166999996 10.3079805
vt 0.0246409997 10.3102465
vt 0.0220209993 10.3124447
vt 0.0220209993 10.3124447
vt 0.0246409997 10.3102465
vt 0.0287079997 10.3172894
vt 0.0220209993 10.3124447
vt 0.0287079997 10.3172894
vt 0.0254939999 10.3184605
vt 0.0254939999 10.3184605
vt 0.0287079997 10.3172894
vt 0.0301210005 10.3253002
vt 0.0254939999 10.3184605
vt 0.0301210005 10.3253002
vt 0.0266999993 10.3253002
vt 0.0266999993 10.3253002
vt 0.0301210005 10.3253002
vt 0.0287079997 10.3333111
vt 0.0266999993 10.3253002
vt 0.0287079997 10.3333111
vt 0.0254939999 10.33214
vt 0.0254939999 10.33214
vt 0.0287079997 10.3333111
vt 0.0246409997 10.3403549
vt 0.0254939999 10.33214
vt 0.0246409997 10.3403549
vt 0.0220209993 10.3381567
vt 0.0220209993 10.3381567
vt 0.0246409997 10.3403549
vt 0.0184099991 10.345583
vt 0.0220209993 10.3381567
vt 0.0184099991 10.345583
vt 0.0166999996 10.3426199
vt 0.0166999996 10.3426199
vt 0.0184099991 10.345583
vt 0.0107669998 10.3483648
vt 0.0166999996 10.3426199
vt 0.0107669998 10.3483648
vt 0.0101730004 10.3449965
vt 0.0101730004 10.3449965
vt 0.0107669998 10.3483648
vt 0.00263400003 10.3483648
vt 0.0101730004 10.3449965
vt 0.00263400003 10.3483648
vt 0.00322699989 10.3449965
vt 0.00322699989 10.3449965
vt 0.00263400003 10.3483648
vt -0.00500999996 10.345583
vt 0.00322699989 10.3449965
vt -0.00500999996 10.345583
vt -0.00329999998 10.3426199
vt -0.00329999998 10.3426199
vt -0.00500999996 10.345583
vt -0.0112410001 10.3403549
vt -0.00329999998 10.3426199
vt -0.0112410001 10.3403549
vt -0.00862000044 10.3381567
vt -0.00862000044 10.3381567
vt -0.0112410001 10.3403549
vt -0.0153069999 10.3333111
vt -0.00862000044 10.3381567
vt -0.0153069999 10.3333111
vt -0.0120930001 10.33214
vt -0.0120930001 10.33214
vt -0.0153069999 10.3333111
vt -0.0167200007 10.3253002
vt -0.0120930001 10.33214
vt -0.0167200007 10.3253002
vt -0.0132999998 10.3253002
vt -0.0112410001 10.3102465
vt -0.00651399978 10.302412
vt -0.00500999996 10.3050184
vt -0.00500999996 10.3050184
vt -0.00651399978 10.302412
vt 0.00211100001 10.2992744
vt -0.00500999996 10.3050184
vt 0.00211100001 10.2992744
vt 0.00263400003 10.3022366
vt 0.00263400003 10.3022366
vt 0.00211100001 10.2992744
vt 0.0112899998 10.2992744
vt 0.00263400003 10.3022366
vt 0.0112899998 10.2992744
vt 0.0107669998 10.3022366
vt 0.0107669998 10.3022366
vt 0.0112899998 10.2992744
vt 0.0199139994 10.302412
vt 0.0107669998 10.3022366
vt 0.0199139994 10.302412
vt 0.0184099991 10.3050184
vt 0.0184099991 10.3050184
vt 0.0199139994 10.302412
vt 0.0269450005 10.3083134
vt 0.0184099991 10.3050184
vt 0.0269450005 10.3083134
vt 0.0246409997 10.3102465
vt 0.0246409997 10.3102465
vt 0.0269450005 10.3083134
vt 0.0315340012 10.3162613
vt 0.0246409997 10.3102465
vt 0.0315340012 10.3162613
vt 0.0287079997 10.3172894
vt 0.0287079997 10.3172894
vt 0.0315340012 10.3162613
vt 0.0331280008 10.3253002
vt 0.0287079997 10.3172894
vt 0.0331280008 10.3253002
vt 0.0301210005 10.3253002
vt 0.0301210005 10.3253002
vt 0.0331280008 10.3253002
vt 0.0315340012 10.3343391
vt 0.0301210005 10.3253002
vt 0.0315340012 10.3343391
vt 0.0287079997 10.3333111
vt 0.0287079997 10.3333111
vt 0.0315340012 10.3343391
vt 0.0269450005 10.342288
vt 0.0287079997 10.3333111
vt 0.0269450005 10.342288
vt 0.0246409997 10.3403549
vt 0.0246409997 10.3403549
vt 0.0269450005 10.342288
vt 0.0199139994 10.3481874
vt 0.0246409997 10.3403549
vt 0.0199139994 10.3481874
vt 0.0184099991 10.345583
vt 0.0184099991 10.345583
vt 0.0199139994 10.3481874
vt 0.0112899998 10.3513269
vt 0.0184099991 10.345583
vt 0.0112899998 10.3513269
vt 0.0107669998 10.3483648
vt 0.0107669998 10.3483648
vt 0.0112899998 10.3513269
vt 0.00211100001 10.3513269
vt 0.0107669998 10.3483648
vt 0.00211100001 10.3513269
vt 0.00263400003 10.3483648
vt 0.00263400003 10.3483648
vt 0.00211100001 10.3513269
vt -0.00651399978 10.3481874
vt 0.00263400003 10.3483648
vt -0.00651399978 10.3481874
vt -0.00500999996 10.345583
vt -0.00500999996 10.345583
vt -0.00651399978 10.3481874
vt -0.013545 10.342288
vt -0.00500999996 10.345583
vt -0.013545 10.342288
vt -0.0112410001 10.3403549
vt -0.0112410001 10.3403549
vt -0.013545 10.342288
vt -0.0181339998 10.3343391
vt -0.0112410001 10.3403549
vt -0.0181339998 10.3343391
vt -0.0153069999 10.3333111
vt -0.0153069999 10.3333111
vt -0.0181339998 10.3343391
vt -0.0197269991 10.3253002
vt -0.0153069999 10.3333111
vt -0.0197269991 10.3253002
vt -0.0167200007 10.3253002
vt -1.23439705 10.3253002
vt -1.23266006 10.3253002
vt -1.23266006 10.3253002
vt -0.0167200007 10.3253002
vt -0.0197269991 10.3253002
vt -0.0181339998 10.3162613
vt 1.23266006 10.3162613
vt 1.23266006 10.3253002
vt 1.23000002 10.3154984
vt 1.23266006 10.3162613
vt 1.23000002 10.3154984
vt 1.23000002 10.3068781
vt 1.23000002 10.3068781
vt 1.23000002 10.3154984
vt 1.22673702 10.3061142
vt -0.0152550004 1.23000002
vt -0.0161649995 1.22673702
vt -0.00822400022 1.22673702
vt -0.00822400022 1.22673702
vt -0.0161649995 1.22673702
vt -0.00822400022 1.22326398
vt -0.00822400022 1.22673702
vt -0.00822400022 1.22326398
vt 0.00151700003 1.22326398
vt 0.00151700003 1.22326398
vt -0.00822400022 1.22326398
vt 0.00172399997 1.22000003
vt 0.00151700003 1.22326398
vt 0.00172399997 1.22000003
vt 0.0116769997 1.22000003
vt 0.0116769997 1.22000003
vt 0.00172399997 1.22000003
vt 0.0112899998 1.21733999
vt 0.0116769997 1.22000003
vt 0.0112899998 1.21733999
vt 0.0199139994 1.21733999
vt 0.0112899998 1.21733999
vt 0.00172399997 1.22000003
vt 0.00211100001 1.21733999
vt 0.00211100001 1.21733999
vt 0.00172399997 1.22000003
vt -0.00762999989 1.22000003
vt 0.00211100001 1.21733999
vt -0.00762999989 1.22000003
vt -0.00651399978 1.21733999
vt 0.00651399978 10.302412
vt 0.00762999989 10.3004799
vt 0.0152550004 10.3068781
vt 0.00651399978 10.302412
vt 0.0152550004 10.3068781
vt 0.013545 10.3083134
vt 1.21733999 10.3083134
vt 1.22000003 10.3068781
vt 1.22000003 10.3154984
vt 1.21733999 10.3083134
vt 1.22000003 10.3154984
vt 1.21733999 10.3162613
vt 1.21733999 10.3162613
vt 1.22000003 10.3154984
vt 1.22000003 10.3253002
vt 1.21733999 10.3162613
vt 1.22000003 10.3253002
vt 1.21733999 10.3253002
vt 1.21733999 10.3253002
vt 1.22000003 10.3253002
vt 1.22000003 10.335103
vt 1.21733999 10.3253002
vt 1.22000003 10.335103
vt 1.21733999 10.3343391
vt 1.21733999 10.3343391
vt 1.22000003 10.335103
vt 1.22000003 10.3437233
vt 1.21733999 10.3343391
vt 1.22000003 10.3437233
vt 1.21733999 10.342288
vt 0.013545 10.342288
vt 0.0152550004 10.3437233
vt 0.00762999989 10.3501205
vt 0.013545 10.342288
vt 0.00762999989 10.3501205
vt 0.00651399978 10.3481874
vt 0.00651399978 1.21733999
vt 0.00762999989 1.22000003
vt -0.00172399997 1.22000003
vt 0.00651399978 1.21733999
vt -0.00172399997 1.22000003
vt -0.00211100001 1.21733999
vt -0.00211100001 1.21733999
vt -0.00172399997 1.22000003
vt -0.0116769997 1.22000003
vt -0.00211100001 1.21733999
vt -0.0116769997 1.22000003
vt -0.0112899998 1.21733999
vt -0.0112899998 1.21733999
vt -0.0116769997 1.22000003
vt -0.0210309997 1.22000003
vt -0.0112899998 1.21733999
vt -0.0210309997 1.22000003
vt -0.0199139994 1.21733999
vt -0.0199139994 10.3481874
vt -0.0210309997 10.3501205
vt -0.028655 10.3437233
vt -0.0199139994 10.3481874
vt -0.028655 10.3437233
vt -0.0269450005 10.342288
vt -1.21733999 10.342288
vt -1.22000003 10.3437233
vt -1.22000003 10.335103
vt -1.21733999 10.342288
vt -1.22000003 10.335103
vt -1.21733999 10.3343391
vt -1.21733999 10.3343391
vt -1.22000003 10.335103
vt -1.22000003 10.3253002
vt -1.21733999 10.3343391
vt -1.22000003 10.3253002
vt -1.21733999 10.3253002
vt -1.21733999 10.3253002
vt -1.22000003 10.3253002
vt -1.22000003 10.3154984
vt -1.21733999 10.3253002
vt -1.22000003 10.3154984
vt -1.21733999 10.3162613
vt -1.21733999 10.3162613
vt -1.22000003 10.3154984
vt -1.22000003 10.3154984
vt -1.21733999 10.3162613
vt -1.22000003 10.3154984
vt -1.22000003 10.3068781
vt -1.22000003 10.3068781
vt -1.22000003 10.3154984
vt -1.22326398 10.3061142
vt 0.028655 1.22000003
vt 0.0295650009 1.22326398
vt 0.0216240007 1.22326398
vt 0.0216240007 1.22326398
vt 0.0295650009 1.22326398
vt 0.0216240007 1.22673702
vt 0.0216240007 1.22326398
vt 0.0216240007 1.22673702
vt 0.0118829999 1.22673702
vt 0.0118829999 1.22673702
vt 0.0216240007 1.22673702
vt 0.0116769997 1.23000002
vt 0.0118829999 1.22673702
vt 0.0116769997 1.23000002
vt 0.00172399997 1.23000002
vt 0.00172399997 1.23000002
vt 0.0116769997 1.23000002
vt 0.00211100001 1.23266006
vt 0.00172399997 1.23000002
vt 0.00211100001 1.23266006
vt -0.00651399978 1.23266006
vt 0.00211100001 1.23266006
vt 0.0116769997 1.23000002
vt 0.0112899998 1.23266006
vt 0.0112899998 1.23266006
vt 0.0116769997 1.23000002
vt 0.0210309997 1.23000002
vt 0.0112899998 1.23266006
vt 0.0210309997 1.23000002
vt 0.0199139994 1.23266006
vt 0.0199139994 10.302412
vt 0.0210309997 10.3004799
vt 0.028655 10.3068781
vt 0.0199139994 10.302412
vt 0.028655 10.3068781
vt 0.0269450005 10.3083134
vt -1.23266006 10.3083134
vt -1.23000002 10.3068781
vt -1.23000002 10.3154984
vt -1.23266006 10.3083134
vt -1.23000002 10.3154984
vt -1.23266006 10.3162613
vt -1.23266006 10.3162613
vt -1.23000002 10.3154984
vt -1.23000002 10.3253002
vt -1.23266006 10.3162613
vt -1.23000002 10.3253002
vt -1.23266006 10.3253002
vt -1.23266006 10.3253002
vt -1.23000002 10.3253002
vt -1.23000002 10.335103
vt -1.23266006 10.3253002
vt -1.23000002 10.335103
vt -1.23266006 10.3343391
vt -1.23266006 10.3343391
vt -1.23000002 10.335103
vt -1.23000002 10.3437233
vt -1.23266006 10.3343391
vt -1.23000002 10.3437233
vt -1.23266006 10.342288
vt 0.0269450005 10.342288
vt 0.028655 10.3437233
vt 0.0210309997 10.3501205
vt 0.0269450005 10.342288
vt 0.0210309997 10.3501205
vt 0.0199139994 10.3481874
vt -0.0199139994 1.23266006
vt -0.0210309997 1.23000002
vt -0.0116769997 1.23000002
vt -0.0199139994 1.23266006
vt -0.0116769997 1.23000002
vt -0.0112899998 1.23266006
vt -0.0112899998 1.23266006
vt -0.0116769997 1.23000002
vt -0.00172399997 1.23000002
vt -0.0112899998 1.23266006
vt -0.00172399997 1.23000002
vt -0.00211100001 1.23266006
vt -0.00211100001 1.23266006
vt -0.00172399997 1.23000002
vt 0.00762999989 1.23000002
vt -0.00211100001 1.23266006
vt 0.00762999989 1.23000002
vt 0.00651399978 1.23266006
vt -0.00651399978 10.3481874
vt -0.00762999989 10.3501205
vt -0.0152550004 10.3437233
vt -0.00651399978 10.3481874
vt -0.0152550004 10.3437233
vt -0.013545 10.342288
vt 1.23266006 10.342288
vt 1.23000002 10.3437233
vt 1.23000002 10.335103
vt 1.23266006 10.342288
vt 1.23000002 10.335103
vt 1.23266006 10.3343391
vt 1.23266006 10.3343391
vt 1.23000002 10.335103
vt 1.23000002 10.3253002
vt 1.23266006 10.3343391
vt 1.23000002 10.3253002
vt 1.23266006 10.3253002
vt -1.23266006 10.3253002
vt -1.23000002 10.3253002
vt -1.23000002 10.3253002
vt 1.23266006 10.3253002
vt 1.23000002 10.3253002
vt 1.23000002 10.3154984
vt 1.23000002 10.3154984
vt 1.23000002 10.3253002
vt 1.22673702 10.3150921
vt 1.23000002 10.3154984
vt 1.22673702 10.3150921
vt 1.22673702 10.3061142
vt 1.22673702 10.3061142
vt 1.22673702 10.3150921
vt 1.22326398 10.3061142
vt -0.0161649995 1.22673702
vt -0.0161649995 1.22326398
vt -0.00822400022 1.22326398
vt -0.00822400022 1.22326398
vt -0.0161649995 1.22326398
vt -0.00762999989 1.22000003
vt -0.00822400022 1.22326398
vt -0.00762999989 1.22000003
vt 0.00172399997 1.22000003
vt -0.00762999989 1.22000003
vt -0.0161649995 1.22326398
vt -0.0152550004 1.22000003
vt 1.22000003 10.3068781
vt 1.22326398 10.3061142
vt 1.22326398 10.3150921
vt 1.22000003 10.3068781
vt 1.22326398 10.3150921
vt 1.22000003 10.3154984
vt 1.22000003 10.3154984
vt 1.22326398 10.3150921
vt 1.22326398 10.3253002
vt 1.22000003 10.3154984
vt 1.22326398 10.3253002
vt 1.22000003 10.3253002
vt 1.22000003 10.3253002
vt 1.22326398 10.3253002
vt 1.22326398 10.3355083
vt 1.22000003 10.3253002
vt 1.22326398 10.3355083
vt 1.22000003 10.335103
vt 1.22000003 10.335103
vt 1.22326398 10.3355083
vt 1.22326398 10.3444862
vt 1.22000003 10.335103
vt 1.22326398 10.3444862
vt 1.22000003 10.3437233
vt 0.0152550004 1.22000003
vt 0.0161649995 1.22326398
vt 0.00822400022 1.22326398
vt 0.0152550004 1.22000003
vt 0.00822400022 1.22326398
vt 0.00762999989 1.22000003
vt 0.00762999989 1.22000003
vt 0.00822400022 1.22326398
vt -0.00151700003 1.22326398
vt 0.00762999989 1.22000003
vt -0.00151700003 1.22326398
vt -0.00172399997 1.22000003
vt -0.00172399997 1.22000003
vt -0.00151700003 1.22326398
vt -0.0118829999 1.22326398
vt -0.00172399997 1.22000003
vt -0.0118829999 1.22326398
vt -0.0116769997 1.22000003
vt -0.0116769997 1.22000003
vt -0.0118829999 1.22326398
vt -0.0216240007 1.22326398
vt -0.0116769997 1.22000003
vt -0.0216240007 1.22326398
vt -0.0210309997 1.22000003
vt -0.0210309997 1.22000003
vt -0.0216240007 1.22326398
vt -0.0295650009 1.22326398
vt -0.0210309997 1.22000003
vt -0.0295650009 1.22326398
vt -0.028655 1.22000003
vt -1.22000003 10.3437233
vt -1.22326398 10.3444862
vt -1.22326398 10.3355083
vt -1.22000003 10.3437233
vt -1.22326398 10.3355083
vt -1.22000003 10.335103
vt -1.22000003 10.335103
vt -1.22326398 10.3355083
vt -1.22326398 10.3253002
vt -1.22000003 10.335103
vt -1.22326398 10.3253002
vt -1.22000003 10.3253002
vt -1.22000003 10.3253002
vt -1.22326398 10.3253002
vt -1.22326398 10.3150921
vt -1.22000003 10.3253002
vt -1.22326398 10.3150921
vt -1.22000003 10.3154984
vt -1.22000003 10.3154984
vt -1.22326398 10.3150921
vt -1.22326398 10.3150921
vt -1.22000003 10.3154984
vt -1.22326398 10.3150921
vt -1.22326398 10.3061142
vt -1.22326398 10.3061142
vt -1.22326398 10.3150921
vt -1.22673702 10.3061142
vt 0.0295650009 1.22326398
vt 0.0295650009 1.22673702
vt 0.0216240007 1.22673702
vt 0.0216240007 1.22673702
vt 0.0295650009 1.22673702
vt 0.0210309997 1.23000002
vt 0.0216240007 1.22673702
vt 0.0210309997 1.23000002
vt 0.0116769997 1.23000002
vt 0.0210309997 1.23000002
vt 0.0295650009 1.22673702
vt 0.028655 1.23000002
vt -1.23000002 10.3068781
vt -1.22673702 10.3061142
vt -1.22673702 10.3150921
vt -1.23000002 10.3068781
vt -1.22673702 10.3150921
vt -1.23000002 10.3154984
vt -1.23000002 10.3154984
vt -1.22673702 10.3150921
vt -1.22673702 10.3253002
vt -1.23000002 10.3154984
vt -1.22673702 10.3253002
vt -1.23000002 10.3253002
vt -1.23000002 10.3253002
vt -1.22673702 10.3253002
vt -1.22673702 10.3355083
vt -1.23000002 10.3253002
vt -1.22673702 10.3355083
vt -1.23000002 10.335103
vt -1.23000002 10.335103
vt -1.22673702 10.3355083
vt -1.22673702 10.3444862
vt -1.23000002 10.335103
vt -1.22673702 10.3444862
vt -1.23000002 10.3437233
vt -0.028655 1.23000002
vt -0.0295650009 1.22673702
vt -0.0216240007 1.22673702
vt -0.028655 1.23000002
vt -0.0216240007 1.22673702
vt -0.0210309997 1.23000002
vt -0.0210309997 1.23000002
vt -0.0216240007 1.22673702
vt -0.0118829999 1.22673702
vt -0.0210309997 1.23000002
vt -0.0118829999 1.22673702
vt -0.0116769997 1.23000002
vt -0.0116769997 1.23000002
vt -0.0118829999 1.22673702
vt -0.00151700003 1.22673702
vt -0.0116769997 1.23000002
vt -0.00151700003 1.22673702
vt -0.00172399997 1.23000002
vt -0.00172399997 1.23000002
vt -0.00151700003 1.22673702
vt 0.00822400022 1.22673702
vt -0.00172399997 1.23000002
vt 0.00822400022 1.22673702
vt 0.00762999989 1.23000002
vt 0.00762999989 1.23000002
vt 0.00822400022 1.22673702
vt 0.0161649995 1.22673702
vt 0.00762999989 1.23000002
vt 0.0161649995 1.22673702
vt 0.0152550004 1.23000002
vt 1.23000002 10.3437233
vt 1.22673702 10.3444862
vt 1.22673702 10.3355083
vt 1.23000002 10.3437233
vt 1.22673702 10.3355083
vt 1.23000002 10.335103
vt 1.23000002 10.335103
vt 1.22673702 10.3355083
vt 1.22673702 10.3253002
vt 1.23000002 10.335103
vt 1.22673702 10.3253002
vt 1.23000002 10.3253002
vt -1.23000002 10.3253002
vt -1.22673702 10.3253002
vt -1.22673702 10.3253002
vt 1.23000002 10.3253002
vt 1.22673702 10.3253002
vt 1.22673702 10.3150921
vt 1.22673702 10.3150921
vt 1.22673702 10.3253002
vt 1.22326398 10.3150921
vt 1.22673702 10.3150921
vt 1.22326398 10.3150921
vt 1.22326398 10.3061142
vt 1.22326398 10.3150921
vt 1.22673702 10.3253002
vt 1.22326398 10.3253002
vt 1.22326398 10.3253002
vt 1.22673702 10.3253002
vt 1.22673702 10.3355083
vt 1.22326398 10.3253002
vt 1.22673702 10.3355083
vt 1.22326398 10.3355083
vt 1.22326398 10.3355083
vt 1.22673702 10.3355083
vt 1.22673702 10.3444862
vt 1.22326398 10.3355083
vt 1.22673702 10.3444862
vt 1.22326398 10.3444862
vt 0.0161649995 1.22326398
vt 0.0161649995 1.22673702
vt 0.00822400022 1.22673702
vt 0.0161649995 1.22326398
vt 0.00822400022 1.22673702
vt 0.00822400022 1.22326398
vt 0.00822400022 1.22326398
vt 0.00822400022 1.22673702
vt -0.00151700003 1.22673702
vt 0.00822400022 1.22326398
vt -0.00151700003 1.22673702
vt -0.00151700003 1.22326398
vt -0.00151700003 1.22326398
vt -0.00151700003 1.22673702
vt -0.0118829999 1.22673702
vt -0.00151700003 1.22326398
vt -0.0118829999 1.22673702
vt -0.0118829999 1.22326398
vt -0.0118829999 1.22326398
vt -0.0118829999 1.22673702
vt -0.0216240007 1.22673702
vt -0.0118829999 1.22326398
vt -0.0216240007 1.22673702
vt -0.0216240007 1.22326398
vt -0.0216240007 1.22326398
vt -0.0216240007 1.22673702
vt -0.0295650009 1.22673702
vt -0.0216240007 1.22326398
vt -0.0295650009 1.22673702
vt -0.0295650009 1.22326398
vt -1.22326398 10.3444862
vt -1.22673702 10.3444862
vt -1.22673702 10.3355083
vt -1.22326398 10.3444862
vt -1.22673702 10.3355083
vt -1.22326398 10.3355083
vt -1.22326398 10.3355083
vt -1.22673702 10.3355083
vt -1.22673702 10.3253002
vt -1.22326398 10.3355083
vt -1.22673702 10.3253002
vt -1.22326398 10.3253002
vt -1.22326398 10.3253002
vt -1.22673702 10.3253002
vt -1.22673702 10.3150921
vt -1.22326398 10.3253002
vt -1.22673702 10.3150921
vt -1.22326398 10.3150921
vt -1.22326398 10.3150921
vt -1.22673702 10.3150921
vt -1.22673702 10.3061142
vt 0.0132999998 10.3253002
vt 0.0073950002 10.3201704
vt 0.0120930001 10.3184605
vt -1.21500003 10.3184605
vt -1.21500003 10.3201704
vt -1.21500003 10.3201704
vt 0.0120930001 10.3184605
vt 0.0073950002 10.3201704
vt 0.00862000044 10.3124447
vt 0.00862000044 10.3124447
vt 0.0073950002 10.3201704
vt 0.00479000015 10.3156586
vt -1.21500003 10.3124447
vt -1.21500003 10.3156586
vt -1.21500003 10.3124447
vt 0.00862000044 10.3124447
vt 0.00479000015 10.3156586
vt 0.00079999998 10.3123102
vt 0.00862000044 10.3124447
vt 0.00079999998 10.3123102
vt 0.00329999998 10.3079805
vt -1.21500003 10.3079805
vt -1.21500003 10.3123102
vt -1.21500003 10.3123102
vt 0.00329999998 10.3079805
vt 0.00079999998 10.3123102
vt -0.00322699989 10.305604
vt -0.00322699989 10.305604
vt 0.00079999998 10.3123102
vt -0.00409599999 10.3105288
vt -1.21500003 10.305604
vt -1.21500003 10.3105288
vt -1.21500003 10.305604
vt -0.00322699989 10.305604
vt -0.00409599999 10.3105288
vt -0.00930500031 10.3105288
vt -0.00322699989 10.305604
vt -0.00930500031 10.3105288
vt -0.0101730004 10.305604
vt -1.21500003 10.305604
vt -1.21500003 10.3105288
vt -1.21500003 10.3105288
vt -0.0101730004 10.305604
vt -0.00930500031 10.3105288
vt -0.0166999996 10.3079805
vt -0.0166999996 10.3079805
vt -0.00930500031 10.3105288
vt -0.0142000001 10.3123102
vt -0.0166999996 10.3079805
vt -0.0142000001 10.3123102
vt -0.0220209993 10.3124447
vt -0.0220209993 10.3124447
vt -0.0142000001 10.3123102
vt -0.0181910004 10.3156586
vt -1.21500003 10.3124447
vt -1.21500003 10.3156586
vt -1.21500003 10.3124447
vt -0.0220209993 10.3124447
vt -0.0181910004 10.3156586
vt -0.0207959991 10.3201704
vt -0.0220209993 10.3124447
vt -0.0207959991 10.3201704
vt -0.0254939999 10.3184605
vt -0.0254939999 10.3184605
vt -0.0207959991 10.3201704
vt -0.0217000004 10.3253002
vt -0.0254939999 10.3184605
vt -0.0217000004 10.3253002
vt -0.0266999993 10.3253002
vt -0.0266999993 10.3253002
vt -0.0217000004 10.3253002
vt -0.0207959991 10.33043
vt -0.0266999993 10.3253002
vt -0.0207959991 10.33043
vt -0.0254939999 10.33214
vt -0.0254939999 10.33214
vt -0.0207959991 10.33043
vt -0.0181910004 10.3349428
vt -0.0254939999 10.33214
vt -0.0181910004 10.3349428
vt -0.0220209993 10.3381567
vt -0.0220209993 10.3381567
vt -0.0181910004 10.3349428
vt -0.0142000001 10.3382912
vt -0.0220209993 10.3381567
vt -0.0142000001 10.3382912
vt -0.0166999996 10.3426199
vt -0.0166999996 10.3426199
vt -0.0142000001 10.3382912
vt -0.00930500031 10.3400726
vt -0.0166999996 10.3426199
vt -0.00930500031 10.3400726
vt -0.0101730004 10.3449965
vt -1.21500003 10.3449965
vt -1.21500003 10.3400726
vt -1.21500003 10.3400726
vt -0.0101730004 10.3449965
vt -0.00930500031 10.3400726
vt -0.00322699989 10.3449965
vt -0.00322699989 10.3449965
vt -0.00930500031 10.3400726
vt -0.00409599999 10.3400726
vt -0.00322699989 10.3449965
vt -0.00409599999 10.3400726
vt 0.00329999998 10.3426199
vt 0.00329999998 10.3426199
vt -0.00409599999 10.3400726
vt 0.00079999998 10.3382912
vt 0.00329999998 10.3426199
vt 0.00079999998 10.3382912
vt 0.00862000044 10.3381567
vt 0.00862000044 10.3381567
vt 0.00079999998 10.3382912
vt 0.00479000015 10.3349428
vt 0.00862000044 10.3381567
vt 0.00479000015 10.3349428
vt 0.0120930001 10.33214
vt 0.0120930001 10.33214
vt 0.00479000015 10.3349428
vt 0.0073950002 10.33043
vt 0.0120930001 10.33214
vt 0.0073950002 10.33043
vt 0.0132999998 10.3253002
vt 0.0073950002 10.3201704
vt 0.0132999998 10.3253002
vt 0.00829999987 10.3253002
vt 0.00829999987 10.3253002
vt 0.0132999998 10.3253002
vt 0.0073950002 10.33043
vt -0.0460780002 -10.8097057
vt -0.0455240011 -10.8167448
vt -0.00107799994 -10.8097057
vt -0.00107799994 -10.8097057
vt -0.0455240011 -10.8167448
vt -0.0438759997 -10.8236113
vt -1.29999995 -10.8097057
vt -1.29999995 -10.8236113
vt -1.29999995 -10.8097057
vt -0.00107799994 -10.8097057
vt -0.0438759997 -10.8236113
vt -0.0411729999 -10.8301353
vt -1.29999995 -10.8097057
vt -1.29999995 -10.8301353
vt -1.29999995 -10.8097057
vt -0.00107799994 -10.8097057
vt -0.0411729999 -10.8301353
vt -0.0374840014 -10.8361559
vt -1.29999995 -10.8097057
vt -1.29999995 -10.8361559
vt -1.29999995 -10.8097057
vt -0.00107799994 -10.8097057
vt -0.0374840014 -10.8361559
vt -0.0328980014 -10.8415241
vt -1.29999995 -10.8097057
vt -1.29999995 -10.8415241
vt -1.29999995 -10.8097057
vt -0.00107799994 -10.8097057
vt -0.0328980014 -10.8415241
vt -0.0275279991 -10.8461113
vt -1.29999995 -10.8097057
vt -1.29999995 -10.8461113
vt -1.29999995 -10.8097057
vt -0.00107799994 -10.8097057
vt -0.0275279991 -10.8461113
vt -0.0215080008 -10.8498011
vt -1.29999995 -10.8097057
vt -1.29999995 -10.8498011
vt -1.29999995 -10.8097057
vt -0.00107799994 -10.8097057
vt -0.0215080008 -10.8498011
vt -0.0149839995 -10.8525019
vt -1.29999995 -10.8097057
vt -1.29999995 -10.8525019
vt -1.29999995 -10.8097057
vt -0.00107799994 -10.8097057
vt -0.0149839995 -10.8525019
vt -0.00811799988 -10.8541517
vt -1.29999995 -10.8097057
vt -1.29999995 -10.8541517
vt -1.29999995 -10.8097057
vt -0.00107799994 -10.8097057
vt -0.00811799988 -10.8541517
vt -0.00107799994 -10.8547058
vt -1.29999995 -10.8097057
vt -1.29999995 -10.8547058
vt -1.29999995 -10.8097057
vt -0.00107799994 -10.8097057
vt -0.00107799994 -10.8547058
vt 0.00596099999 -10.8541517
vt -1.29999995 -10.8097057
vt -1.29999995 -10.8541517
vt -1.29999995 -10.8097057
vt -0.00107799994 -10.8097057
vt 0.00596099999 -10.8541517
vt 0.0128279999 -10.8525019
vt -1.29999995 -10.8097057
vt -1.29999995 -10.8525019
vt -1.29999995 -10.8097057
vt -0.00107799994 -10.8097057
vt 0.0128279999 -10.8525019
vt 0.0193520002 -10.8498011
vt -1.29999995 -10.8097057
vt -1.29999995 -10.8498011
vt -1.29999995 -10.8097057
vt -0.00107799994 -10.8097057
vt 0.0193520002 -10.8498011
vt 0.0253720004 -10.8461113
vt -1.29999995 -10.8097057
vt -1.29999995 -10.8461113
vt -1.29999995 -10.8097057
vt -0.00107799994 -10.8097057
vt 0.0253720004 -10.8461113
vt 0.0307420008 -10.8415241
vt -1.29999995 -10.8097057
vt -1.29999995 -10.8415241
vt -1.29999995 -10.8097057
vt -0.00107799994 -10.8097057
vt 0.0307420008 -10.8415241
vt 0.0353280008 -10.8361559
vt -1.29999995 -10.8097057
vt -1.29999995 -10.8361559
vt -1.29999995 -10.8097057
vt -0.00107799994 -10.8097057
vt 0.0353280008 -10.8361559
vt 0.0390169993 -10.8301353
vt -1.29999995 -10.8097057
vt -1.29999995 -10.8301353
vt -1.29999995 -10.8097057
vt -0.00107799994 -10.8097057
vt 0.0390169993 -10.8301353
vt 0.0417190008 -10.8236113
vt -1.29999995 -10.8097057
vt -1.29999995 -10.8236113
vt -1.29999995 -10.8097057
vt -0.00107799994 -10.8097057
vt 0.0417190008 -10.8236113
vt 0.0433680005 -10.8167448
vt -1.29999995 -10.8097057
vt -1.29999995 -10.8167448
vt -1.29999995 -10.8097057
vt -0.00107799994 -10.8097057
vt 0.0433680005 -10.8167448
vt 0.0439219996 -10.8097057
vt -1.29999995 -10.8097057
vt -1.29999995 -10.8097057
vt -1.29999995 -10.8097057
vt -0.00107799994 -10.8097057
vt 0.0439219996 -10.8097057
vt 0.0433680005 -10.8026657
vt -1.29999995 -10.8097057
vt -1.29999995 -10.8026657
vt -1.29999995 -10.8097057
vt -0.00107799994 -10.8097057
vt 0.0433680005 -10.8026657
vt 0.0417190008 -10.7957993
vt -1.29999995 -10.8097057
vt -1.29999995 -10.7957993
vt -1.29999995 -10.8097057
vt -0.00107799994 -10.8097057
vt 0.0417190008 -10.7957993
vt 0.0390169993 -10.7892761
vt -1.29999995 -10.8097057
vt -1.29999995 -10.7892761
vt -1.29999995 -10.8097057
vt -0.00107799994 -10.8097057
vt 0.0390169993 -10.7892761
vt 0.0353280008 -10.7832546
vt -1.29999995 -10.8097057
vt -1.29999995 -10.7832546
vt -1.29999995 -10.8097057
vt -0.00107799994 -10.8097057
vt 0.0353280008 -10.7832546
vt 0.0307420008 -10.7778854
vt -1.29999995 -10.8097057
vt -1.29999995 -10.7778854
vt -1.29999995 -10.8097057
vt -0.00107799994 -10.8097057
vt 0.0307420008 -10.7778854
vt 0.0253720004 -10.7732992
vt -1.29999995 -10.8097057
vt -1.29999995 -10.7732992
vt -1.29999995 -10.8097057
vt -0.00107799994 -10.8097057
vt 0.0253720004 -10.7732992
vt 0.0193520002 -10.7696104
vt -1.29999995 -10.8097057
vt -1.29999995 -10.7696104
vt -1.29999995 -10.8097057
vt -0.00107799994 -10.8097057
vt 0.0193520002 -10.7696104
vt 0.0128279999 -10.7669077
vt -1.29999995 -10.8097057
vt -1.29999995 -10.7669077
vt -1.29999995 -10.8097057
vt -0.00107799994 -10.8097057
vt 0.0128279999 -10.7669077
vt 0.00596099999 -10.7652597
vt -1.29999995 -10.8097057
vt -1.29999995 -10.7652597
vt -1.29999995 -10.8097057
vt -0.00107799994 -10.8097057
vt 0.00596099999 -10.7652597
vt -0.00107799994 -10.7647057
vt -1.29999995 -10.8097057
vt -1.29999995 -10.7647057
vt -1.29999995 -10.8097057
vt -0.00107799994 -10.8097057
vt -0.00107799994 -10.7647057
vt -0.00811799988 -10.7652597
vt -1.29999995 -10.8097057
vt -1.29999995 -10.7652597
vt -1.29999995 -10.8097057
vt -0.00107799994 -10.8097057
vt -0.00811799988 -10.7652597
vt -0.0149839995 -10.7669077
vt -1.29999995 -10.8097057
vt -1.29999995 -10.7669077
vt -1.29999995 -10.8097057
vt -0.00107799994 -10.8097057
vt -0.0149839995 -10.7669077
vt -0.0215080008 -10.7696104
vt -1.29999995 -10.8097057
vt -1.29999995 -10.7696104
vt -1.29999995 -10.8097057
vt -0.00107799994 -10.8097057
vt -0.0215080008 -10.7696104
vt -0.0275279991 -10.7732992
vt -1.29999995 -10.8097057
vt -1.29999995 -10.7732992
vt -1.29999995 -10.8097057
vt -0.00107799994 -10.8097057
vt -0.0275279991 -10.7732992
vt -0.0328980014 -10.7778854
vt -1.29999995 -10.8097057
vt -1.29999995 -10.7778854
vt -1.29999995 -10.8097057
vt -0.00107799994 -10.8097057
vt -0.0328980014 -10.7778854
vt -0.0374840014 -10.7832546
vt -1.29999995 -10.8097057
vt -1.29999995 -10.7832546
vt -1.29999995 -10.8097057
vt -0.00107799994 -10.8097057
vt -0.0374840014 -10.7832546
vt -0.0411729999 -10.7892761
vt -1.29999995 -10.8097057
vt -1.29999995 -10.7892761
vt -1.29999995 -10.8097057
vt -0.00107799994 -10.8097057
vt -0.0411729999 -10.7892761
vt -0.0438759997 -10.7957993
vt -1.29999995 -10.8097057
vt -1.29999995 -10.7957993
vt -1.29999995 -10.8097057
vt -0.00107799994 -10.8097057
vt -0.0438759997 -10.7957993
vt -0.0455240011 -10.8026657
vt -0.00107799994 -10.8097057
vt -0.0455240011 -10.8026657
vt -0.0460780002 -10.8097057
vt 0.0455240011 -10.8167448
vt 0.0460780002 -10.8097057
vt 0.00107799994 -10.8097057
vt 0.00107799994 -10.8097057
vt 0.0460780002 -10.8097057
vt 0.0455240011 -10.8026657
vt -1.37 -10.8097057
vt -1.37 -10.8026657
vt -1.37 -10.8097057
vt 0.00107799994 -10.8097057
vt 0.0455240011 -10.8026657
vt 0.0438759997 -10.7957993
vt -1.37 -10.8097057
vt -1.37 -10.7957993
vt -1.37 -10.8097057
vt 0.00107799994 -10.8097057
vt 0.0438759997 -10.7957993
vt 0.0411729999 -10.7892761
vt -1.37 -10.8097057
vt -1.37 -10.7892761
vt -1.37 -10.8097057
vt 0.00107799994 -10.8097057
vt 0.0411729999 -10.7892761
vt 0.0374840014 -10.7832546
vt -1.37 -10.8097057
vt -1.37 -10.7832546
vt -1.37 -10.8097057
vt 0.00107799994 -10.8097057
vt 0.0374840014 -10.7832546
vt 0.0328980014 -10.7778854
vt -1.37 -10.8097057
vt -1.37 -10.7778854
vt -1.37 -10.8097057
vt 0.00107799994 -10.8097057
vt 0.0328980014 -10.7778854
vt 0.0275279991 -10.7732992
vt -1.37 -10.8097057
vt -1.37 -10.7732992
vt -1.37 -10.8097057
vt 0.00107799994 -10.8097057
vt 0.0275279991 -10.7732992
vt 0.0215080008 -10.7696104
vt -1.37 -10.8097057
vt -1.37 -10.7696104
vt -1.37 -10.8097057
vt 0.00107799994 -10.8097057
vt 0.0215080008 -10.7696104
vt 0.0149839995 -10.7669077
vt -1.37 -10.8097057
vt -1.37 -10.7669077
vt -1.37 -10.8097057
vt 0.00107799994 -10.8097057
vt 0.0149839995 -10.7669077
vt 0.00811799988 -10.7652597
vt -1.37 -10.8097057
vt -1.37 -10.7652597
vt -1.37 -10.8097057
vt 0.00107799994 -10.8097057
vt 0.00811799988 -10.7652597
vt 0.00107799994 -10.7647057
vt -1.37 -10.8097057
vt -1.37 -10.7647057
vt -1.37 -10.8097057
vt 0.00107799994 -10.8097057
vt 0.00107799994 -10.7647057
vt -0.00596099999 -10.7652597
vt -1.37 -10.8097057
vt -1.37 -10.7652597
vt -1.37 -10.8097057
vt 0.00107799994 -10.8097057
vt -0.00596099999 -10.7652597
vt -0.0128279999 -10.7669077
vt -1.37 -10.8097057
vt -1.37 -10.7669077
vt -1.37 -10.8097057
vt 0.00107799994 -10.8097057
vt -0.0128279999 -10.7669077
vt -0.0193520002 -10.7696104
vt -1.37 -10.8097057
vt -1.37 -10.7696104
vt -1.37 -10.8097057
vt 0.00107799994 -10.8097057
vt -0.0193520002 -10.7696104
vt -0.0253720004 -10.7732992
vt -1.37 -10.8097057
vt -1.37 -10.7732992
vt -1.37 -10.8097057
vt 0.00107799994 -10.8097057
vt -0.0253720004 -10.7732992
vt -0.0307420008 -10.7778854
vt -1.37 -10.8097057
vt -1.37 -10.7778854
vt -1.37 -10.8097057
vt 0.00107799994 -10.8097057
vt -0.0307420008 -10.7778854
vt -0.0353280008 -10.7832546
vt -1.37 -10.8097057
vt -1.37 -10.7832546
vt -1.37 -10.8097057
vt 0.00107799994 -10.8097057
vt -0.0353280008 -10.7832546
vt -0.0390169993 -10.7892761
vt -1.37 -10.8097057
vt -1.37 -10.7892761
vt -1.37 -10.8097057
vt 0.00107799994 -10.8097057
vt -0.0390169993 -10.7892761
vt -0.0417190008 -10.7957993
vt -1.37 -10.8097057
vt -1.37 -10.7957993
vt -1.37 -10.8097057
vt 0.00107799994 -10.8097057
vt -0.0417190008 -10.7957993
vt -0.0433680005 -10.8026657
vt -1.37 -10.8097057
vt -1.37 -10.8026657
vt -1.37 -10.8097057
vt 0.00107799994 -10.8097057
vt -0.0433680005 -10.8026657
vt -0.0439219996 -10.8097057
vt -1.37 -10.8097057
vt -1.37 -10.8097057
vt -1.37 -10.8097057
vt 0.00107799994 -10.8097057
vt -0.0439219996 -10.8097057
vt -0.0433680005 -10.8167448
vt -1.37 -10.8097057
vt -1.37 -10.8167448
vt -1.37 -10.8097057
vt 0.00107799994 -10.8097057
vt -0.0433680005 -10.8167448
vt -0.0417190008 -10.8236113
vt -1.37 -10.8097057
vt -1.37 -10.8236113
vt -1.37 -10.8097057
vt 0.00107799994 -10.8097057
vt -0.0417190008 -10.8236113
vt -0.0390169993 -10.8301353
vt -1.37 -10.8097057
vt -1.37 -10.8301353
vt -1.37 -10.8097057
vt 0.00107799994 -10.8097057
vt -0.0390169993 -10.8301353
vt -0.0353280008 -10.8361559
vt -1.37 -10.8097057
vt -1.37 -10.8361559
vt -1.37 -10.8097057
vt 0.00107799994 -10.8097057
vt -0.0353280008 -10.8361559
vt -0.0307420008 -10.8415241
vt -1.37 -10.8097057
vt -1.37 -10.8415241
vt -1.37 -10.8097057
vt 0.00107799994 -10.8097057
vt -0.0307420008 -10.8415241
vt -0.0253720004 -10.8461113
vt -1.37 -10.8097057
vt -1.37 -10.8461113
vt -1.37 -10.8097057
vt 0.00107799994 -10.8097057
vt -0.0253720004 -10.8461113
vt -0.0193520002 -10.8498011
vt -1.37 -10.8097057
vt -1.37 -10.8498011
vt -1.37 -10.8097057
vt 0.00107799994 -10.8097057
vt -0.0193520002 -10.8498011
vt -0.0128279999 -10.8525019
vt -1.37 -10.8097057
vt -1.37 -10.8525019
vt -1.37 -10.8097057
vt 0.00107799994 -10.8097057
vt -0.0128279999 -10.8525019
vt -0.00596099999 -10.8541517
vt -1.37 -10.8097057
vt -1.37 -10.8541517
vt -1.37 -10.8097057
vt 0.00107799994 -10.8097057
vt -0.00596099999 -10.8541517
vt 0.00107799994 -10.8547058
vt -1.37 -10.8097057
vt -1.37 -10.8547058
vt -1.37 -10.8097057
vt 0.00107799994 -10.8097057
vt 0.00107799994 -10.8547058
vt 0.00811799988 -10.8541517
vt -1.37 -10.8097057
vt -1.37 -10.8541517
vt -1.37 -10.8097057
vt 0.00107799994 -10.8097057
vt 0.00811799988 -10.8541517
vt 0.0149839995 -10.8525019
vt -1.37 -10.8097057
vt -1.37 -10.8525019
vt -1.37 -10.8097057
vt 0.00107799994 -10.8097057
vt 0.0149839995 -10.8525019
vt 0.0215080008 -10.8498011
vt -1.37 -10.8097057
vt -1.37 -10.8498011
vt -1.37 -10.8097057
vt 0.00107799994 -10.8097057
vt 0.0215080008 -10.8498011
vt 0.0275279991 -10.8461113
vt -1.37 -10.8097057
vt -1.37 -10.8461113
vt -1.37 -10.8097057
vt 0.00107799994 -10.8097057
vt 0.0275279991 -10.8461113
vt 0.0328980014 -10.8415241
vt -1.37 -10.8097057
vt -1.37 -10.8415241
vt -1.37 -10.8097057
vt 0.00107799994 -10.8097057
vt 0.0328980014 -10.8415241
vt 0.0374840014 -10.8361559
vt -1.37 -10.8097057
vt -1.37 -10.8361559
vt -1.37 -10.8097057
vt 0.00107799994 -10.8097057
vt 0.0374840014 -10.8361559
vt 0.0411729999 -10.8301353
vt -1.37 -10.8097057
vt -1.37 -10.8301353
vt -1.37 -10.8097057
vt 0.00107799994 -10.8097057
vt 0.0411729999 -10.8301353
vt 0.0438759997 -10.8236113
vt 0.00107799994 -10.8097057
vt 0.0438759997 -10.8236113
vt 0.0455240011 -10.8167448
vt -0.0120930001 10.33214
vt -0.0132999998 10.3253002
vt 0.00669999979 10.3253002
vt 0.00669999979 10.3253002
vt -0.0132999998 10.3253002
vt -0.0120930001 10.3184605
vt -1.23500001 10.3253002
vt -1.23500001 10.3184605
vt -1.23500001 10.3253002
vt 0.00669999979 10.3253002
vt -0.0120930001 10.3184605
vt -0.00862000044 10.3124447
vt -1.23500001 10.3253002
vt -1.23500001 10.3124447
vt -1.23500001 10.3253002
vt 0.00669999979 10.3253002
vt -0.00862000044 10.3124447
vt -0.00329999998 10.3079805
vt -1.23500001 10.3253002
vt -1.23500001 10.3079805
vt -1.23500001 10.3253002
vt 0.00669999979 10.3253002
vt -0.00329999998 10.3079805
vt 0.00322699989 10.305604
vt -1.23500001 10.3253002
vt -1.23500001 10.305604
vt -1.23500001 10.3253002
vt 0.00669999979 10.3253002
vt 0.00322699989 10.305604
vt 0.0101730004 10.305604
vt -1.23500001 10.3253002
vt -1.23500001 10.305604
vt -1.23500001 10.3253002
vt 0.00669999979 10.3253002
vt 0.0101730004 10.305604
vt 0.0166999996 10.3079805
vt -1.23500001 10.3253002
vt -1.23500001 10.3079805
vt -1.23500001 10.3253002
vt 0.00669999979 10.3253002
vt 0.0166999996 10.3079805
vt 0.0220209993 10.3124447
vt -1.23500001 10.3253002
vt -1.23500001 10.3124447
vt -1.23500001 10.3253002
vt 0.00669999979 10.3253002
vt 0.0220209993 10.3124447
vt 0.0254939999 10.3184605
vt -1.23500001 10.3253002
vt -1.23500001 10.3184605
vt -1.23500001 10.3253002
vt 0.00669999979 10.3253002
vt 0.0254939999 10.3184605
vt 0.0266999993 10.3253002
vt -1.23500001 10.3253002
vt -1.23500001 10.3253002
vt -1.23500001 10.3253002
vt 0.00669999979 10.3253002
vt 0.0266999993 10.3253002
vt 0.0254939999 10.33214
vt -1.23500001 10.3253002
vt -1.23500001 10.33214
vt -1.23500001 10.3253002
vt 0.00669999979 10.3253002
vt 0.0254939999 10.33214
vt 0.0220209993 10.3381567
vt -1.23500001 10.3253002
vt -1.23500001 10.3381567
vt -1.23500001 10.3253002
vt 0.00669999979 10.3253002
vt 0.0220209993 10.3381567
vt 0.0166999996 10.3426199
vt -1.23500001 10.3253002
vt -1.23500001 10.3426199
vt -1.23500001 10.3253002
vt 0.00669999979 10.3253002
vt 0.0166999996 10.3426199
vt 0.0101730004 10.3449965
vt -1.23500001 10.3253002
vt -1.23500001 10.3449965
vt -1.23500001 10.3253002
vt 0.00669999979 10.3253002
vt 0.0101730004 10.3449965
vt 0.00322699989 10.3449965
vt -1.23500001 10.3253002
vt -1.23500001 10.3449965
vt -1.23500001 10.3253002
vt 0.00669999979 10.3253002
vt 0.00322699989 10.3449965
vt -0.00329999998 10.3426199
vt -1.23500001 10.3253002
vt -1.23500001 10.3426199
vt -1.23500001 10.3253002
vt 0.00669999979 10.3253002
vt -0.00329999998 10.3426199
vt -0.00862000044 10.3381567
vt 0.00669999979 10.3253002
vt -0.00862000044 10.3381567
vt -0.0120930001 10.33214
vt 0.0217940006 -10.3184586
vt 0.018321 -10.3124428
vt 0.00300000003 -10.3252993
vt 0.00300000003 -10.3252993
vt 0.018321 -10.3124428
vt 0.0130000003 -10.3079777
vt -1.23500001 -10.3252993
vt -1.23500001 -10.3079777
vt -1.23500001 -10.3252993
vt 0.00300000003 -10.3252993
vt 0.0130000003 -10.3079777
vt 0.00647300016 -10.305603
vt -1.23500001 -10.3252993
vt -1.23500001 -10.305603
vt -1.23500001 -10.3252993
vt 0.00300000003 -10.3252993
vt 0.00647300016 -10.305603
vt -0.000472999993 -10.305603
vt -1.23500001 -10.3252993
vt -1.23500001 -10.305603
vt -1.23500001 -10.3252993
vt 0.00300000003 -10.3252993
vt -0.000472999993 -10.305603
vt -0.00700000022 -10.3079777
vt -1.23500001 -10.3252993
vt -1.23500001 -10.3079777
vt -1.23500001 -10.3252993
vt 0.00300000003 -10.3252993
vt -0.00700000022 -10.3079777
vt -0.0123199997 -10.3124428
vt -1.23500001 -10.3252993
vt -1.23500001 -10.3124428
vt -1.23500001 -10.3252993
vt 0.00300000003 -10.3252993
vt -0.0123199997 -10.3124428
vt -0.0157929994 -10.3184586
vt -1.23500001 -10.3252993
vt -1.23500001 -10.3184586
vt -1.23500001 -10.3252993
vt 0.00300000003 -10.3252993
vt -0.0157929994 -10.3184586
vt -0.0170000009 -10.3252993
vt -1.23500001 -10.3252993
vt -1.23500001 -10.3252993
vt -1.23500001 -10.3252993
vt 0.00300000003 -10.3252993
vt -0.0170000009 -10.3252993
vt -0.0157929994 -10.33214
vt -1.23500001 -10.3252993
vt -1.23500001 -10.33214
vt -1.23500001 -10.3252993
vt 0.00300000003 -10.3252993
vt -0.0157929994 -10.33214
vt -0.0123199997 -10.3381548
vt -1.23500001 -10.3252993
vt -1.23500001 -10.3381548
vt -1.23500001 -10.3252993
vt 0.00300000003 -10.3252993
vt -0.0123199997 -10.3381548
vt -0.00700000022 -10.3426199
vt -1.23500001 -10.3252993
vt -1.23500001 -10.3426199
vt -1.23500001 -10.3252993
vt 0.00300000003 -10.3252993
vt -0.00700000022 -10.3426199
vt -0.000472999993 -10.3449945
vt -1.23500001 -10.3252993
vt -1.23500001 -10.3449945
vt -1.23500001 -10.3252993
vt 0.00300000003 -10.3252993
vt -0.000472999993 -10.3449945
vt 0.00647300016 -10.3449945
vt -1.23500001 -10.3252993
vt -1.23500001 -10.3449945
vt -1.23500001 -10.3252993
vt 0.00300000003 -10.3252993
vt 0.00647300016 -10.3449945
vt 0.0130000003 -10.3426199
vt -1.23500001 -10.3252993
vt -1.23500001 -10.3426199
vt -1.23500001 -10.3252993
vt 0.00300000003 -10.3252993
vt 0.0130000003 -10.3426199
vt 0.018321 -10.3381548
vt -1.23500001 -10.3252993
vt -1.23500001 -10.3381548
vt -1.23500001 -10.3252993
vt 0.00300000003 -10.3252993
vt 0.018321 -10.3381548
vt 0.0217940006 -10.33214
vt -1.23500001 -10.3252993
vt -1.23500001 -10.33214
vt -1.23500001 -10.3252993
vt 0.00300000003 -10.3252993
vt 0.0217940006 -10.33214
vt 0.023 -10.3252993
vt 0.00300000003 -10.3252993
vt 0.023 -10.3252993
vt 0.0217940006 -10.3184586
vt 0.0358229987 10.8167458
vt 0.0341750011 10.8236122
vt -0.00862300023 10.8097057
vt -0.00862300023 10.8097057
vt 0.0341750011 10.8236122
vt 0.0314729996 10.8301363
vt -1.29999995 10.8097057
vt -1.29999995 10.8301363
vt -1.29999995 10.8097057
vt -0.00862300023 10.8097057
vt 0.0314729996 10.8301363
vt 0.0277830008 10.8361568
vt -1.29999995 10.8097057
vt -1.29999995 10.8361568
vt -1.29999995 10.8097057
vt -0.00862300023 10.8097057
vt 0.0277830008 10.8361568
vt 0.0231970008 10.841526
vt -1.29999995 10.8097057
vt -1.29999995 10.841526
vt -1.29999995 10.8097057
vt -0.00862300023 10.8097057
vt 0.0231970008 10.841526
vt 0.0178280007 10.8461123
vt -1.29999995 10.8097057
vt -1.29999995 10.8461123
vt -1.29999995 10.8097057
vt -0.00862300023 10.8097057
vt 0.0178280007 10.8461123
vt 0.0118070003 10.8498011
vt -1.29999995 10.8097057
vt -1.29999995 10.8498011
vt -1.29999995 10.8097057
vt -0.00862300023 10.8097057
vt 0.0118070003 10.8498011
vt 0.00528299995 10.8525038
vt -1.29999995 10.8097057
vt -1.29999995 10.8525038
vt -1.29999995 10.8097057
vt -0.00862300023 10.8097057
vt 0.00528299995 10.8525038
vt -0.00158299995 10.8541527
vt -1.29999995 10.8097057
vt -1.29999995 10.8541527
vt -1.29999995 10.8097057
vt -0.00862300023 10.8097057
vt -0.00158299995 10.8541527
vt -0.00862300023 10.8547058
vt -1.29999995 10.8097057
vt -1.29999995 10.8547058
vt -1.29999995 10.8097057
vt -0.00862300023 10.8097057
vt -0.00862300023 10.8547058
vt -0.0156619996 10.8541527
vt -1.29999995 10.8097057
vt -1.29999995 10.8541527
vt -1.29999995 10.8097057
vt -0.00862300023 10.8097057
vt -0.0156619996 10.8541527
vt -0.0225280002 10.8525038
vt -1.29999995 10.8097057
vt -1.29999995 10.8525038
vt -1.29999995 10.8097057
vt -0.00862300023 10.8097057
vt -0.0225280002 10.8525038
vt -0.0290520005 10.8498011
vt -1.29999995 10.8097057
vt -1.29999995 10.8498011
vt -1.29999995 10.8097057
vt -0.00862300023 10.8097057
vt -0.0290520005 10.8498011
vt -0.0350730009 10.8461123
vt -1.29999995 10.8097057
vt -1.29999995 10.8461123
vt -1.29999995 10.8097057
vt -0.00862300023 10.8097057
vt -0.0350730009 10.8461123
vt -0.0404429995 10.841526
vt -1.29999995 10.8097057
vt -1.29999995 10.841526
vt -1.29999995 10.8097057
vt -0.00862300023 10.8097057
vt -0.0404429995 10.841526
vt -0.0450280011 10.8361568
vt -1.29999995 10.8097057
vt -1.29999995 10.8361568
vt -1.29999995 10.8097057
vt -0.00862300023 10.8097057
vt -0.0450280011 10.8361568
vt -0.0487180017 10.8301363
vt -1.29999995 10.8097057
vt -1.29999995 10.8301363
vt -1.29999995 10.8097057
vt -0.00862300023 10.8097057
vt -0.0487180017 10.8301363
vt -0.0514199995 10.8236122
vt -1.29999995 10.8097057
vt -1.29999995 10.8236122
vt -1.29999995 10.8097057
vt -0.00862300023 10.8097057
vt -0.0514199995 10.8236122
vt -0.0530689992 10.8167458
vt -1.29999995 10.8097057
vt -1.29999995 10.8167458
vt -1.29999995 10.8097057
vt -0.00862300023 10.8097057
vt -0.0530689992 10.8167458
vt -0.0536229983 10.8097057
vt -1.29999995 10.8097057
vt -1.29999995 10.8097057
vt -1.29999995 10.8097057
vt -0.00862300023 10.8097057
vt -0.0536229983 10.8097057
vt -0.0530689992 10.8026657
vt -1.29999995 10.8097057
vt -1.29999995 10.8026657
vt -1.29999995 10.8097057
vt -0.00862300023 10.8097057
vt -0.0530689992 10.8026657
vt -0.0514199995 10.7958012
vt -1.29999995 10.8097057
vt -1.29999995 10.7958012
vt -1.29999995 10.8097057
vt -0.00862300023 10.8097057
vt -0.0514199995 10.7958012
vt -0.0487180017 10.7892771
vt -1.29999995 10.8097057
vt -1.29999995 10.7892771
vt -1.29999995 10.8097057
vt -0.00862300023 10.8097057
vt -0.0487180017 10.7892771
vt -0.0450280011 10.7832565
vt -1.29999995 10.8097057
vt -1.29999995 10.7832565
vt -1.29999995 10.8097057
vt -0.00862300023 10.8097057
vt -0.0450280011 10.7832565
vt -0.0404429995 10.7778864
vt -1.29999995 10.8097057
vt -1.29999995 10.7778864
vt -1.29999995 10.8097057
vt -0.00862300023 10.8097057
vt -0.0404429995 10.7778864
vt -0.0350730009 10.7733011
vt -1.29999995 10.8097057
vt -1.29999995 10.7733011
vt -1.29999995 10.8097057
vt -0.00862300023 10.8097057
vt -0.0350730009 10.7733011
vt -0.0290520005 10.7696104
vt -1.29999995 10.8097057
vt -1.29999995 10.7696104
vt -1.29999995 10.8097057
vt -0.00862300023 10.8097057
vt -0.0290520005 10.7696104
vt -0.0225280002 10.7669086
vt -1.29999995 10.8097057
vt -1.29999995 10.7669086
vt -1.29999995 10.8097057
vt -0.00862300023 10.8097057
vt -0.0225280002 10.7669086
vt -0.0156619996 10.7652607
vt -1.29999995 10.8097057
vt -1.29999995 10.7652607
vt -1.29999995 10.8097057
vt -0.00862300023 10.8097057
vt -0.0156619996 10.7652607
vt -0.00862300023 10.7647057
vt -1.29999995 10.8097057
vt -1.29999995 10.7647057
vt -1.29999995 10.8097057
vt -0.00862300023 10.8097057
vt -0.00862300023 10.7647057
vt -0.00158299995 10.7652607
vt -1.29999995 10.8097057
vt -1.29999995 10.7652607
vt -1.29999995 10.8097057
vt -0.00862300023 10.8097057
vt -0.00158299995 10.7652607
vt 0.00528299995 10.7669086
vt -1.29999995 10.8097057
vt -1.29999995 10.7669086
vt -1.29999995 10.8097057
vt -0.00862300023 10.8097057
vt 0.00528299995 10.7669086
vt 0.0118070003 10.7696104
vt -1.29999995 10.8097057
vt -1.29999995 10.7696104
vt -1.29999995 10.8097057
vt -0.00862300023 10.8097057
vt 0.0118070003 10.7696104
vt 0.0178280007 10.7733011
vt -1.29999995 10.8097057
vt -1.29999995 10.7733011
vt -1.29999995 10.8097057
vt -0.00862300023 10.8097057
vt 0.0178280007 10.7733011
vt 0.0231970008 10.7778864
vt -1.29999995 10.8097057
vt -1.29999995 10.7778864
vt -1.29999995 10.8097057
vt -0.00862300023 10.8097057
vt 0.0231970008 10.7778864
vt 0.0277830008 10.7832565
vt -1.29999995 10.8097057
vt -1.29999995 10.7832565
vt -1.29999995 10.8097057
vt -0.00862300023 10.8097057
vt 0.0277830008 10.7832565
vt 0.0314729996 10.7892771
vt -1.29999995 10.8097057
vt -1.29999995 10.7892771
vt -1.29999995 10.8097057
vt -0.00862300023 10.8097057
vt 0.0314729996 10.7892771
vt 0.0341750011 10.7958012
vt -1.29999995 10.8097057
vt -1.29999995 10.7958012
vt -1.29999995 10.8097057
vt -0.00862300023 10.8097057
vt 0.0341750011 10.7958012
vt 0.0358229987 10.8026657
vt -1.29999995 10.8097057
vt -1.29999995 10.8026657
vt -1.29999995 10.8097057
vt -0.00862300023 10.8097057
vt 0.0358229987 10.8026657
vt 0.0363770016 10.8097057
vt -0.00862300023 10.8097057
vt 0.0363770016 10.8097057
vt 0.0358229987 10.8167458
vt -0.0118070003 10.8498011
vt -0.0178280007 10.8461123
vt 0.00862300023 10.8097057
vt 0.00862300023 10.8097057
vt -0.0178280007 10.8461123
vt -0.0231970008 10.841526
vt -1.37 10.8097057
vt -1.37 10.841526
vt -1.37 10.8097057
vt 0.00862300023 10.8097057
vt -0.0231970008 10.841526
vt -0.0277830008 10.8361568
vt -1.37 10.8097057
vt -1.37 10.8361568
vt -1.37 10.8097057
vt 0.00862300023 10.8097057
vt -0.0277830008 10.8361568
vt -0.0314729996 10.8301363
vt -1.37 10.8097057
vt -1.37 10.8301363
vt -1.37 10.8097057
vt 0.00862300023 10.8097057
vt -0.0314729996 10.8301363
vt -0.0341750011 10.8236122
vt -1.37 10.8097057
vt -1.37 10.8236122
vt -1.37 10.8097057
vt 0.00862300023 10.8097057
vt -0.0341750011 10.8236122
vt -0.0358229987 10.8167458
vt -1.37 10.8097057
vt -1.37 10.8167458
vt -1.37 10.8097057
vt 0.00862300023 10.8097057
vt -0.0358229987 10.8167458
vt -0.0363770016 10.8097057
vt -1.37 10.8097057
vt -1.37 10.8097057
vt -1.37 10.8097057
vt 0.00862300023 10.8097057
vt -0.0363770016 10.8097057
vt -0.0358229987 10.8026657
vt -1.37 10.8097057
vt -1.37 10.8026657
vt -1.37 10.8097057
vt 0.00862300023 10.8097057
vt -0.0358229987 10.8026657
vt -0.0341750011 10.7958012
vt -1.37 10.8097057
vt -1.37 10.7958012
vt -1.37 10.8097057
vt 0.00862300023 10.8097057
vt -0.0341750011 10.7958012
vt -0.0314729996 10.7892771
vt -1.37 10.8097057
vt -1.37 10.7892771
vt -1.37 10.8097057
vt 0.00862300023 10.8097057
vt -0.0314729996 10.7892771
vt -0.0277830008 10.7832565
vt -1.37 10.8097057
vt -1.37 10.7832565
vt -1.37 10.8097057
vt 0.00862300023 10.8097057
vt -0.0277830008 10.7832565
vt -0.0231970008 10.7778864
vt -1.37 10.8097057
vt -1.37 10.7778864
vt -1.37 10.8097057
vt 0.00862300023 10.8097057
vt -0.0231970008 10.7778864
vt -0.0178280007 10.7733011
vt -1.37 10.8097057
vt -1.37 10.7733011
vt -1.37 10.8097057
vt 0.00862300023 10.8097057
vt -0.0178280007 10.7733011
vt -0.0118070003 10.7696104
vt -1.37 10.8097057
vt -1.37 10.7696104
vt -1.37 10.8097057
vt 0.00862300023 10.8097057
vt -0.0118070003 10.7696104
vt -0.00528299995 10.7669086
vt -1.37 10.8097057
vt -1.37 10.7669086
vt -1.37 10.8097057
vt 0.00862300023 10.8097057
vt -0.00528299995 10.7669086
vt 0.00158299995 10.7652607
vt -1.37 10.8097057
vt -1.37 10.7652607
vt -1.37 10.8097057
vt 0.00862300023 10.8097057
vt 0.00158299995 10.7652607
vt 0.00862300023 10.7647057
vt -1.37 10.8097057
vt -1.37 10.7647057
vt -1.37 10.8097057
vt 0.00862300023 10.8097057
vt 0.00862300023 10.7647057
vt 0.0156619996 10.7652607
vt -1.37 10.8097057
vt -1.37 10.7652607
vt -1.37 10.8097057
vt 0.00862300023 10.8097057
vt 0.0156619996 10.7652607
vt 0.0225280002 10.7669086
vt -1.37 10.8097057
vt -1.37 10.7669086
vt -1.37 10.8097057
vt 0.00862300023 10.8097057
vt 0.0225280002 10.7669086
vt 0.0290520005 10.7696104
vt -1.37 10.8097057
vt -1.37 10.7696104
vt -1.37 10.8097057
vt 0.00862300023 10.8097057
vt 0.0290520005 10.7696104
vt 0.0350730009 10.7733011
vt -1.37 10.8097057
vt -1.37 10.7733011
vt -1.37 10.8097057
vt 0.00862300023 10.8097057
vt 0.0350730009 10.7733011
vt 0.0404429995 10.7778864
vt -1.37 10.8097057
vt -1.37 10.7778864
vt -1.37 10.8097057
vt 0.00862300023 10.8097057
vt 0.0404429995 10.7778864
vt 0.0450280011 10.7832565
vt -1.37 10.8097057
vt -1.37 10.7832565
vt -1.37 10.8097057
vt 0.00862300023 10.8097057
vt 0.0450280011 10.7832565
vt 0.0487180017 10.7892771
vt -1.37 10.8097057
vt -1.37 10.7892771
vt -1.37 10.8097057
vt 0.00862300023 10.8097057
vt 0.0487180017 10.7892771
vt 0.0514199995 10.7958012
vt -1.37 10.8097057
vt -1.37 10.7958012
vt -1.37 10.8097057
vt 0.00862300023 10.8097057
vt 0.0514199995 10.7958012
vt 0.0530689992 10.8026657
vt -1.37 10.8097057
vt -1.37 10.8026657
vt -1.37 10.8097057
vt 0.00862300023 10.8097057
vt 0.0530689992 10.8026657
vt 0.0536229983 10.8097057
vt -1.37 10.8097057
vt -1.37 10.8097057
vt -1.37 10.8097057
vt 0.00862300023 10.8097057
vt 0.0536229983 10.8097057
vt 0.0530689992 10.8167458
vt -1.37 10.8097057
vt -1.37 10.8167458
vt -1.37 10.8097057
vt 0.00862300023 10.8097057
vt 0.0530689992 10.8167458
vt 0.0514199995 10.8236122
vt -1.37 10.8097057
vt -1.37 10.8236122
vt -1.37 10.8097057
vt 0.00862300023 10.8097057
vt 0.0514199995 10.8236122
vt 0.0487180017 10.8301363
vt -1.37 10.8097057
vt -1.37 10.8301363
vt -1.37 10.8097057
vt 0.00862300023 10.8097057
vt 0.0487180017 10.8301363
vt 0.0450280011 10.8361568
vt -1.37 10.8097057
vt -1.37 10.8361568
vt -1.37 10.8097057
vt 0.00862300023 10.8097057
vt 0.0450280011 10.8361568
vt 0.0404429995 10.841526
vt -1.37 10.8097057
vt -1.37 10.841526
vt -1.37 10.8097057
vt 0.00862300023 10.8097057
vt 0.0404429995 10.841526
vt 0.0350730009 10.8461123
vt -1.37 10.8097057
vt -1.37 10.8461123
vt -1.37 10.8097057
vt 0.00862300023 10.8097057
vt 0.0350730009 10.8461123
vt 0.0290520005 10.8498011
vt -1.37 10.8097057
vt -1.37 10.8498011
vt -1.37 10.8097057
vt 0.00862300023 10.8097057
vt 0.0290520005 10.8498011
vt 0.0225280002 10.8525038
vt -1.37 10.8097057
vt -1.37 10.8525038
vt -1.37 10.8097057
vt 0.00862300023 10.8097057
vt 0.0225280002 10.8525038
vt 0.0156619996 10.8541527
vt -1.37 10.8097057
vt -1.37 10.8541527
vt -1.37 10.8097057
vt 0.00862300023 10.8097057
vt 0.0156619996 10.8541527
vt 0.00862300023 10.8547058
vt -1.37 10.8097057
vt -1.37 10.8547058
vt -1.37 10.8097057
vt 0.00862300023 10.8097057
vt 0.00862300023 10.8547058
vt 0.00158299995 10.8541527
vt -1.37 10.8097057
vt -1.37 10.8541527
vt -1.37 10.8097057
vt 0.00862300023 10.8097057
vt 0.00158299995 10.8541527
vt -0.00528299995 10.8525038
vt 0.00862300023 10.8097057
vt -0.00528299995 10.8525038
vt -0.0118070003 10.8498011
vt 1.29999995 10.8026657
vt 1.37 10.8097057
vt 1.29999995 10.8097057
vt 1.29999995 10.8097057
vt 1.37 10.8097057
vt 1.37 10.8167458
vt 1.37 10.8097057
vt 1.29999995 10.8026657
vt 1.37 10.8026657
vt 1.37 10.8026657
vt 1.29999995 10.8026657
vt 1.29999995 10.7958012
vt 1.37 10.8026657
vt 1.29999995 10.7958012
vt 1.37 10.7958012
vt 1.37 10.7958012
vt 1.29999995 10.7958012
vt 1.29999995 10.7892771
vt 1.37 10.7958012
vt 1.29999995 10.7892771
vt 1.37 10.7892771
vt 1.37 10.7892771
vt 1.29999995 10.7892771
vt 1.29999995 10.7832565
vt 1.37 10.7892771
vt 1.29999995 10.7832565
vt 1.37 10.7832565
vt 1.37 10.7832565
vt 1.29999995 10.7832565
vt 1.29999995 10.7778864
vt 1.37 10.7832565
vt 1.29999995 10.7778864
vt 1.37 10.7778864
vt -0.0231970008 1.37
vt -0.0231970008 1.29999995
vt -0.0178280007 1.29999995
vt -0.0231970008 1.37
vt -0.0178280007 1.29999995
vt -0.0178280007 1.37
vt -0.0178280007 1.37
vt -0.0178280007 1.29999995
vt -0.0118070003 1.29999995
vt -0.0178280007 1.37
vt -0.0118070003 1.29999995
vt -0.0118070003 1.37
vt -0.0118070003 1.37
vt -0.0118070003 1.29999995
vt -0.00528299995 1.29999995
vt -0.0118070003 1.37
vt -0.00528299995 1.29999995
vt -0.00528299995 1.37
vt -0.00528299995 1.37
vt -0.00528299995 1.29999995
vt 0.00158299995 1.29999995
vt -0.00528299995 1.37
vt 0.00158299995 1.29999995
vt 0.00158299995 1.37
vt 0.00158299995 1.37
vt 0.00158299995 1.29999995
vt 0.00862300023 1.29999995
vt 0.00158299995 1.37
vt 0.00862300023 1.29999995
vt 0.00862300023 1.37
vt 0.00862300023 1.37
vt 0.00862300023 1.29999995
vt 0.0156619996 1.29999995
vt 0.00862300023 1.37
vt 0.0156619996 1.29999995
vt 0.0156619996 1.37
vt 0.0156619996 1.37
vt 0.0156619996 1.29999995
vt 0.0225280002 1.29999995
vt 0.0156619996 1.37
vt 0.0225280002 1.29999995
vt 0.0225280002 1.37
vt 0.0225280002 1.37
vt 0.0225280002 1.29999995
vt 0.0290520005 1.29999995
vt 0.0225280002 1.37
vt 0.0290520005 1.29999995
vt 0.0290520005 1.37
vt 0.0290520005 1.37
vt 0.0290520005 1.29999995
vt 0.0350730009 1.29999995
vt 0.0290520005 1.37
vt 0.0350730009 1.29999995
vt 0.0350730009 1.37
vt 0.0350730009 1.37
vt 0.0350730009 1.29999995
vt 0.0404429995 1.29999995
vt 0.0350730009 1.37
vt 0.0404429995 1.29999995
vt 0.0404429995 1.37
vt -1.37 10.7778864
vt -1.29999995 10.7778864
vt -1.29999995 10.7832565
vt -1.37 10.7778864
vt -1.29999995 10.7832565
vt -1.37 10.7832565
vt -1.37 10.7832565
vt -1.29999995 10.7832565
vt -1.29999995 10.7892771
vt -1.37 10.7832565
vt -1.29999995 10.7892771
vt -1.37 10.7892771
vt -1.37 10.7892771
vt -1.29999995 10.7892771
vt -1.29999995 10.7958012
vt -1.37 10.7892771
vt -1.29999995 10.7958012
vt -1.37 10.7958012
vt -1.37 10.7958012
vt -1.29999995 10.7958012
vt -1.29999995 10.8026657
vt -1.37 10.7958012
vt -1.29999995 10.8026657
vt -1.37 10.8026657
vt -1.37 10.8026657
vt -1.29999995 10.8026657
vt -1.29999995 10.8097057
vt -1.37 10.8026657
vt -1.29999995 10.8097057
vt -1.37 10.8097057
vt -1.37 10.8097057
vt -1.29999995 10.8097057
vt -1.29999995 10.8167458
vt -1.37 10.8097057
vt -1.29999995 10.8167458
vt -1.37 10.8167458
vt -1.37 10.8167458
vt -1.29999995 10.8167458
vt -1.29999995 10.8236122
vt -1.37 10.8167458
vt -1.29999995 10.8236122
vt -1.37 10.8236122
vt -1.37 10.8236122
vt -1.29999995 10.8236122
vt -1.29999995 10.8301363
vt -1.37 10.8236122
vt -1.29999995 10.8301363
vt -1.37 10.8301363
vt -1.37 10.8301363
vt -1.29999995 10.8301363
vt -1.29999995 10.8361568
vt -1.37 10.8301363
vt -1.29999995 10.8361568
vt -1.37 10.8361568
vt -1.37 10.8361568
vt -1.29999995 10.8361568
vt -1.29999995 10.841526
vt -1.37 10.8361568
vt -1.29999995 10.841526
vt -1.37 10.841526
vt -0.0404429995 1.37
vt -0.0404429995 1.29999995
vt -0.0350730009 1.29999995
vt -0.0404429995 1.37
vt -0.0350730009 1.29999995
vt -0.0350730009 1.37
vt -0.0350730009 1.37
vt -0.0350730009 1.29999995
vt -0.0290520005 1.29999995
vt -0.0350730009 1.37
vt -0.0290520005 1.29999995
vt -0.0290520005 1.37
vt -0.0290520005 1.37
vt -0.0290520005 1.29999995
vt -0.0225280002 1.29999995
vt -0.0290520005 1.37
vt -0.0225280002 1.29999995
vt -0.0225280002 1.37
vt -0.0225280002 1.37
vt -0.0225280002 1.29999995
vt -0.0156619996 1.29999995
vt -0.0225280002 1.37
vt -0.0156619996 1.29999995
vt -0.0156619996 1.37
vt -0.0156619996 1.37
vt -0.0156619996 1.29999995
vt -0.00862300023 1.29999995
vt -0.0156619996 1.37
vt -0.00862300023 1.29999995
vt -0.00862300023 1.37
vt -0.00862300023 1.37
vt -0.00862300023 1.29999995
vt -0.00158299995 1.29999995
vt -0.00862300023 1.37
vt -0.00158299995 1.29999995
vt -0.00158299995 1.37
vt -0.00158299995 1.37
vt -0.00158299995 1.29999995
vt 0.00528299995 1.29999995
vt -0.00158299995 1.37
vt 0.00528299995 1.29999995
vt 0.00528299995 1.37
vt 0.00528299995 1.37
vt 0.00528299995 1.29999995
vt 0.0118070003 1.29999995
vt 0.00528299995 1.37
vt 0.0118070003 1.29999995
vt 0.0118070003 1.37
vt 0.0118070003 1.37
vt 0.0118070003 1.29999995
vt 0.0178280007 1.29999995
vt 0.0118070003 1.37
vt 0.0178280007 1.29999995
vt 0.0178280007 1.37
vt 0.0178280007 1.37
vt 0.0178280007 1.29999995
vt 0.0231970008 1.29999995
vt 0.0178280007 1.37
vt 0.0231970008 1.29999995
vt 0.0231970008 1.37
vt 1.37 10.841526
vt 1.29999995 10.841526
vt 1.29999995 10.8361568
vt 1.37 10.841526
vt 1.29999995 10.8361568
vt 1.37 10.8361568
vt 1.37 10.8361568
vt 1.29999995 10.8361568
vt 1.29999995 10.8301363
vt 1.37 10.8361568
vt 1.29999995 10.8301363
vt 1.37 10.8301363
vt 1.37 10.8301363
vt 1.29999995 10.8301363
vt 1.29999995 10.8236122
vt 1.37 10.8301363
vt 1.29999995 10.8236122
vt 1.37 10.8236122
vt 1.37 10.8236122
vt 1.29999995 10.8236122
vt 1.29999995 10.8167458
vt 1.37 10.8236122
vt 1.29999995 10.8167458
vt 1.37 10.8167458
vt 1.37 10.8167458
vt 1.29999995 10.8167458
vt 1.29999995 10.8097057
f 1/1 2/2 3/3
f 4/4 2/5 1/6
f 1/7 3/8 5/9
f 5/10 3/11 6/12
f 5/13 6/14 7/15
f 7/16 6/17 8/18
f 7/19 8/20 9/21
f 9/22 8/23 10/24
f 9/25 10/26 11/27
f 11/28 10/29 12/30
f 11/31 12/32 13/33
f 13/34 12/35 14/36
f 13/37 14/38 15/39
f 15/40 14/41 16/42
f 15/43 16/44 17/45
f 17/46 16/47 18/48
f 17/49 18/50 19/51
f 19/52 18/53 20/54
f 19/55 20/56 21/57
f 21/58 20/59 22/60
f 21/61 22/62 23/63
f 23/64 22/65 24/66
f 23/67 24/68 25/69
f 25/70 24/71 26/72
f 25/73 26/74 27/75
f 27/76 26/77 28/78
f 27/79 28/80 29/81
f 29/82 28/83 30/84
f 29/85 30/86 31/87
f 31/88 30/89 32/90
f 31/91 32/92 33/93
f 33/94 32/95 34/96
f 33/97 34/98 35/99
f 35/100 34/101 36/102
f 35/103 36/104 37/105
f 37/106 36/107 38/108
f 37/109 38/110 39/111
f 39/112 38/113 40/114
f 39/115 40/116 41/117
f 41/118 40/119 42/120
f 41/121 42/122 43/123
f 43/124 42/125 44/126
f 43/127 44/128 45/129
f 45/130 44/131 46/132
f 45/133 46/134 47/135
f 47/136 46/137 48/138
f 47/139 48/140 49/141
f 49/142 48/143 50/144
f 49/145 50/146 51/147
f 51/148 50/149 52/150
f 51/151 52/152 53/153
f 53/154 52/155 54/156
f 53/157 54/158 55/159
f 55/160 54/161 56/162
f 55/163 56/164 57/165
f 57/166 56/167 58/168
f 57/169 58/170 59/171
f 59/172 58/173 60/174
f 59/175 60/176 61/177
f 61/178 60/179 62/180
f 61/181 62/182 63/183
f 63/184 62/185 64/186
f 63/187 64/188 65/189
f 65/190 64/191 66/192
f 65/193 66/194 67/195
f 67/196 66/197 68/198
f 67/199 68/200 69/201
f 69/202 68/203 70/204
f 69/205 70/206 71/207
f 71/208 70/209 72/210
f 71/211 72/212 73/213
f 73/214 72/215 74/216
f 73/217 74/218 75/219
f 75/220 74/221 76/222
f 75/223 76/224 77/225
f 77/226 76/227 78/228
f 77/229 78/230 79/231
f 79/232 78/233 80/234
f 79/235 80/236 4/237
f 4/238 80/239 2/240
f 81/241 82/242 83/243
f 83/244 82/245 84/246
f 83/247 84/248 85/249
f 85/250 84/251 86/252
f 85/253 86/254 87/255
f 87/256 86/257 88/258
f 87/259 88/260 89/261
f 89/262 88/263 90/264
f 89/265 90/266 91/267
f 91/268 90/269 92/270
f 91/271 92/272 93/273
f 93/274 92/275 94/276
f 93/277 94/278 95/279
f 95/280 94/281 96/282
f 95/283 96/284 97/285
f 97/286 96/287 98/288
f 97/289 98/290 99/291
f 82/292 100/293 84/294
f 84/295 100/296 101/297
f 84/298 101/299 86/300
f 86/301 101/302 102/303
f 86/304 102/305 88/306
f 88/307 102/308 103/309
f 88/310 103/311 90/312
f 90/313 103/314 104/315
f 90/316 104/317 92/318
f 92/319 104/320 105/321
f 92/322 105/323 94/324
f 94/325 105/326 106/327
f 94/328 106/329 96/330
f 96/331 106/332 107/333
f 96/334 107/335 98/336
f 98/337 107/338 108/339
f 98/340 108/341 109/342
f 109/343 108/344 108/345
f 109/346 108/347 110/348
f 110/349 108/350 111/351
f 110/352 111/353 112/354
f 112/355 111/356 113/357
f 112/358 113/359 114/360
f 114/361 113/362 115/363
f 114/364 115/365 116/366
f 116/367 115/368 117/369
f 116/370 117/371 118/372
f 118/373 117/374 119/375
f 118/376 119/377 120/378
f 120/379 119/380 121/381
f 120/382 121/383 122/384
f 122/385 121/386 123/387
f 122/388 123/389 124/390
f 124/391 123/392 125/393
f 124/394 125/395 126/396
f 126/397 125/398 127/399
f 126/400 127/401 128/402
f 128/403 127/404 129/405
f 128/406 129/407 130/408
f 130/409 129/410 131/411
f 130/412 131/413 132/414
f 132/415 131/416 133/417
f 132/418 133/419 134/420
f 134/421 133/422 135/423
f 134/424 135/425 136/426
f 136/427 135/428 137/429
f 136/430 137/431 138/432
f 138/433 137/434 139/435
f 138/436 139/437 140/438
f 140/439 139/440 97/441
f 140/442 97/443 99/444
f 98/445 109/446 99/447
f 97/448 139/449 95/450
f 95/451 139/452 141/453
f 95/454 141/455 93/456
f 93/457 141/458 142/459
f 93/460 142/461 91/462
f 91/463 142/464 143/465
f 91/466 143/467 89/468
f 89/469 143/470 144/471
f 89/472 144/473 87/474
f 87/475 144/476 145/477
f 87/478 145/479 85/480
f 85/481 145/482 146/483
f 85/484 146/485 83/486
f 83/487 146/488 147/489
f 83/490 147/491 81/492
f 139/493 137/494 141/495
f 141/496 137/497 148/498
f 141/499 148/500 142/501
f 142/502 148/503 149/504
f 142/505 149/506 143/507
f 143/508 149/509 150/510
f 143/511 150/512 144/513
f 144/514 150/515 151/516
f 144/517 151/518 145/519
f 145/520 151/521 152/522
f 145/523 152/524 146/525
f 146/526 152/527 153/528
f 146/529 153/530 147/531
f 147/532 153/533 154/534
f 147/535 154/536 155/537
f 155/538 154/539 154/540
f 155/541 154/542 156/543
f 156/544 154/545 157/546
f 156/547 157/548 158/549
f 158/550 157/551 159/552
f 158/553 159/554 160/555
f 160/556 159/557 161/558
f 160/559 161/560 162/561
f 162/562 161/563 163/564
f 162/565 163/566 164/567
f 164/568 163/569 165/570
f 164/571 165/572 166/573
f 166/574 165/575 167/576
f 166/577 167/578 168/579
f 168/580 167/581 169/582
f 168/583 169/584 170/585
f 170/586 169/587 171/588
f 170/589 171/590 172/591
f 172/592 171/593 173/594
f 172/595 173/596 174/597
f 174/598 173/599 175/600
f 174/601 175/602 176/603
f 176/604 175/605 177/606
f 176/607 177/608 178/609
f 178/610 177/611 179/612
f 178/613 179/614 180/615
f 180/616 179/617 181/618
f 180/619 181/620 182/621
f 182/622 181/623 101/624
f 182/625 101/626 100/627
f 147/628 155/629 81/630
f 101/631 181/632 102/633
f 102/634 181/635 183/636
f 102/637 183/638 103/639
f 103/640 183/641 184/642
f 103/643 184/644 104/645
f 104/646 184/647 185/648
f 104/649 185/650 105/651
f 105/652 185/653 186/654
f 105/655 186/656 106/657
f 106/658 186/659 187/660
f 106/661 187/662 107/663
f 107/664 187/665 188/666
f 107/667 188/668 108/669
f 108/670 188/671 188/672
f 108/673 188/674 111/675
f 111/676 188/677 189/678
f 111/679 189/680 113/681
f 113/682 189/683 190/684
f 113/685 190/686 115/687
f 115/688 190/689 191/690
f 115/691 191/692 117/693
f 117/694 191/695 192/696
f 117/697 192/698 119/699
f 119/700 192/701 193/702
f 119/703 193/704 121/705
f 121/706 193/707 194/708
f 121/709 194/710 123/711
f 123/712 194/713 195/714
f 123/715 195/716 125/717
f 125/718 195/719 196/720
f 125/721 196/722 127/723
f 127/724 196/725 197/726
f 127/727 197/728 129/729
f 129/730 197/731 198/732
f 129/733 198/734 131/735
f 131/736 198/737 199/738
f 131/739 199/740 133/741
f 133/742 199/743 200/744
f 133/745 200/746 135/747
f 135/748 200/749 148/750
f 135/751 148/752 137/753
f 148/754 200/755 149/756
f 149/757 200/758 201/759
f 149/760 201/761 150/762
f 150/763 201/764 202/765
f 150/766 202/767 151/768
f 151/769 202/770 203/771
f 151/772 203/773 152/774
f 152/775 203/776 204/777
f 152/778 204/779 153/780
f 153/781 204/782 205/783
f 153/784 205/785 154/786
f 154/787 205/788 205/789
f 154/790 205/791 157/792
f 157/793 205/794 206/795
f 157/796 206/797 159/798
f 159/799 206/800 207/801
f 159/802 207/803 161/804
f 161/805 207/806 208/807
f 161/808 208/809 163/810
f 163/811 208/812 209/813
f 163/814 209/815 165/816
f 165/817 209/818 210/819
f 165/820 210/821 167/822
f 167/823 210/824 211/825
f 167/826 211/827 169/828
f 169/829 211/830 212/831
f 169/832 212/833 171/834
f 171/835 212/836 213/837
f 171/838 213/839 173/840
f 173/841 213/842 214/843
f 173/844 214/845 175/846
f 175/847 214/848 215/849
f 175/850 215/851 177/852
f 177/853 215/854 216/855
f 177/856 216/857 179/858
f 179/859 216/860 183/861
f 179/862 183/863 181/864
f 183/865 216/866 184/867
f 184/868 216/869 217/870
f 184/871 217/872 185/873
f 185/874 217/875 218/876
f 185/877 218/878 186/879
f 186/880 218/881 219/882
f 186/883 219/884 187/885
f 187/886 219/887 220/888
f 187/889 220/890 188/891
f 188/892 220/893 220/894
f 188/895 220/896 189/897
f 189/898 220/899 221/900
f 189/901 221/902 190/903
f 190/904 221/905 222/906
f 190/907 222/908 191/909
f 191/910 222/911 223/912
f 191/913 223/914 192/915
f 192/916 223/917 224/918
f 192/919 224/920 193/921
f 193/922 224/923 225/924
f 193/925 225/926 194/927
f 194/928 225/929 226/930
f 194/931 226/932 195/933
f 195/934 226/935 227/936
f 195/937 227/938 196/939
f 196/940 227/941 228/942
f 196/943 228/944 197/945
f 197/946 228/947 229/948
f 197/949 229/950 198/951
f 198/952 229/953 230/954
f 198/955 230/956 199/957
f 199/958 230/959 201/960
f 199/961 201/962 200/963
f 201/964 230/965 202/966
f 202/967 230/968 231/969
f 202/970 231/971 203/972
f 203/973 231/974 232/975
f 203/976 232/977 204/978
f 204/979 232/980 233/981
f 204/982 233/983 205/984
f 205/985 233/986 233/987
f 205/988 233/989 206/990
f 206/991 233/992 234/993
f 206/994 234/995 207/996
f 207/997 234/998 235/999
f 207/1000 235/1001 208/1002
f 208/1003 235/1004 236/1005
f 208/1006 236/1007 209/1008
f 209/1009 236/1010 237/1011
f 209/1012 237/1013 210/1014
f 210/1015 237/1016 238/1017
f 210/1018 238/1019 211/1020
f 211/1021 238/1022 239/1023
f 211/1024 239/1025 212/1026
f 212/1027 239/1028 240/1029
f 212/1030 240/1031 213/1032
f 213/1033 240/1034 241/1035
f 213/1036 241/1037 214/1038
f 214/1039 241/1040 242/1041
f 214/1042 242/1043 215/1044
f 215/1045 242/1046 217/1047
f 215/1048 217/1049 216/1050
f 217/1051 242/1052 218/1053
f 218/1054 242/1055 243/1056
f 218/1057 243/1058 219/1059
f 219/1060 243/1061 244/1062
f 219/1063 244/1064 220/1065
f 220/1066 244/1067 244/1068
f 220/1069 244/1070 221/1071
f 221/1072 244/1073 245/1074
f 221/1075 245/1076 222/1077
f 222/1078 245/1079 246/1080
f 222/1081 246/1082 223/1083
f 223/1084 246/1085 247/1086
f 223/1087 247/1088 224/1089
f 224/1090 247/1091 248/1092
f 224/1093 248/1094 225/1095
f 225/1096 248/1097 249/1098
f 225/1099 249/1100 226/1101
f 226/1102 249/1103 250/1104
f 226/1105 250/1106 227/1107
f 227/1108 250/1109 251/1110
f 227/1111 251/1112 228/1113
f 228/1114 251/1115 252/1116
f 228/1117 252/1118 229/1119
f 229/1120 252/1121 231/1122
f 229/1123 231/1124 230/1125
f 231/1126 252/1127 232/1128
f 232/1129 252/1130 253/1131
f 232/1132 253/1133 233/1134
f 233/1135 253/1136 253/1137
f 233/1138 253/1139 234/1140
f 234/1141 253/1142 254/1143
f 234/1144 254/1145 235/1146
f 235/1147 254/1148 255/1149
f 235/1150 255/1151 236/1152
f 236/1153 255/1154 256/1155
f 236/1156 256/1157 237/1158
f 237/1159 256/1160 257/1161
f 237/1162 257/1163 238/1164
f 238/1165 257/1166 258/1167
f 238/1168 258/1169 239/1170
f 239/1171 258/1172 259/1173
f 239/1174 259/1175 240/1176
f 240/1177 259/1178 260/1179
f 240/1180 260/1181 241/1182
f 241/1183 260/1184 243/1185
f 241/1186 243/1187 242/1188
f 243/1189 260/1190 244/1191
f 244/1192 260/1193 260/1194
f 244/1195 260/1196 245/1197
f 245/1198 260/1199 259/1200
f 245/1201 259/1202 246/1203
f 246/1204 259/1205 258/1206
f 246/1207 258/1208 247/1209
f 247/1210 258/1211 257/1212
f 247/1213 257/1214 248/1215
f 248/1216 257/1217 256/1218
f 248/1219 256/1220 249/1221
f 249/1222 256/1223 255/1224
f 249/1225 255/1226 250/1227
f 250/1228 255/1229 254/1230
f 250/1231 254/1232 251/1233
f 251/1234 254/1235 253/1236
f 251/1237 253/1238 252/1239
f 99/1240 261/1241 140/1242
f 140/1243 261/1244 261/1245
f 140/1246 261/1247 138/1248
f 138/1249 261/1250 262/1251
f 138/1252 262/1253 138/1254
f 138/1255 262/1256 263/1257
f 138/1258 263/1259 136/1260
f 136/1261 263/1262 263/1263
f 136/1264 263/1265 134/1266
f 134/1267 263/1268 264/1269
f 134/1270 264/1271 134/1272
f 134/1273 264/1274 265/1275
f 134/1276 265/1277 132/1278
f 132/1279 265/1280 265/1281
f 132/1282 265/1283 130/1284
f 130/1285 265/1286 266/1287
f 130/1288 266/1289 128/1290
f 128/1291 266/1292 267/1293
f 128/1294 267/1295 128/1296
f 128/1297 267/1298 268/1299
f 128/1300 268/1301 126/1302
f 126/1303 268/1304 269/1305
f 126/1306 269/1307 124/1308
f 124/1309 269/1310 270/1311
f 124/1312 270/1313 122/1314
f 122/1315 270/1316 271/1317
f 122/1318 271/1319 120/1320
f 120/1321 271/1322 272/1323
f 120/1324 272/1325 118/1326
f 118/1327 272/1328 273/1329
f 118/1330 273/1331 116/1332
f 116/1333 273/1334 273/1335
f 116/1336 273/1337 114/1338
f 114/1339 273/1340 274/1341
f 114/1342 274/1343 112/1344
f 112/1345 274/1346 275/1347
f 112/1348 275/1349 110/1350
f 110/1351 275/1352 276/1353
f 110/1354 276/1355 109/1356
f 109/1357 276/1358 277/1359
f 109/1360 277/1361 99/1362
f 261/1363 99/1364 278/1365
f 278/1366 99/1367 277/1368
f 279/1369 280/1370 281/1371
f 281/1372 280/1373 282/1374
f 281/1375 282/1376 283/1377
f 283/1378 282/1379 284/1380
f 283/1381 284/1382 285/1383
f 285/1384 284/1385 286/1386
f 285/1387 286/1388 287/1389
f 287/1390 286/1391 288/1392
f 287/1393 288/1394 289/1395
f 289/1396 288/1397 290/1398
f 289/1399 290/1400 291/1401
f 291/1402 290/1403 292/1404
f 291/1405 292/1406 293/1407
f 293/1408 292/1409 294/1410
f 293/1411 294/1412 295/1413
f 295/1414 294/1415 296/1416
f 295/1417 296/1418 295/1419
f 295/1420 296/1421 297/1422
f 295/1423 297/1424 298/1425
f 298/1426 297/1427 299/1428
f 298/1429 299/1430 300/1431
f 300/1432 299/1433 301/1434
f 300/1435 301/1436 302/1437
f 302/1438 301/1439 303/1440
f 302/1441 303/1442 304/1443
f 304/1444 303/1445 305/1446
f 304/1447 305/1448 306/1449
f 306/1450 305/1451 307/1452
f 306/1453 307/1454 308/1455
f 308/1456 307/1457 309/1458
f 308/1459 309/1460 310/1461
f 310/1462 309/1463 311/1464
f 310/1465 311/1466 312/1467
f 312/1468 311/1469 313/1470
f 312/1471 313/1472 314/1473
f 314/1474 313/1475 315/1476
f 296/1477 294/1478 316/1479
f 316/1480 294/1481 317/1482
f 316/1483 317/1484 318/1485
f 318/1486 317/1487 319/1488
f 318/1489 319/1490 320/1491
f 320/1492 319/1493 321/1494
f 320/1495 321/1496 322/1497
f 322/1498 321/1499 323/1500
f 322/1501 323/1502 324/1503
f 324/1504 323/1505 325/1506
f 324/1507 325/1508 326/1509
f 326/1510 325/1511 327/1512
f 326/1513 327/1514 328/1515
f 328/1516 327/1517 329/1518
f 328/1519 329/1520 315/1521
f 294/1522 292/1523 317/1524
f 317/1525 292/1526 330/1527
f 317/1528 330/1529 319/1530
f 319/1531 330/1532 331/1533
f 319/1534 331/1535 321/1536
f 321/1537 331/1538 332/1539
f 321/1540 332/1541 323/1542
f 323/1543 332/1544 333/1545
f 323/1546 333/1547 325/1548
f 325/1549 333/1550 334/1551
f 325/1552 334/1553 327/1554
f 327/1555 334/1556 335/1557
f 327/1558 335/1559 329/1560
f 329/1561 335/1562 336/1563
f 329/1564 336/1565 314/1566
f 314/1567 336/1568 337/1569
f 314/1570 337/1571 312/1572
f 312/1573 337/1574 338/1575
f 312/1576 338/1577 310/1578
f 310/1579 338/1580 339/1581
f 310/1582 339/1583 308/1584
f 308/1585 339/1586 340/1587
f 308/1588 340/1589 306/1590
f 306/1591 340/1592 341/1593
f 306/1594 341/1595 304/1596
f 304/1597 341/1598 342/1599
f 304/1600 342/1601 302/1602
f 302/1603 342/1604 343/1605
f 302/1606 343/1607 300/1608
f 300/1609 343/1610 344/1611
f 300/1612 344/1613 298/1614
f 298/1615 344/1616 345/1617
f 298/1618 345/1619 295/1620
f 295/1621 345/1622 345/1623
f 295/1624 345/1625 293/1626
f 293/1627 345/1628 346/1629
f 293/1630 346/1631 291/1632
f 291/1633 346/1634 347/1635
f 291/1636 347/1637 289/1638
f 289/1639 347/1640 348/1641
f 289/1642 348/1643 287/1644
f 287/1645 348/1646 349/1647
f 287/1648 349/1649 285/1650
f 285/1651 349/1652 350/1653
f 285/1654 350/1655 283/1656
f 283/1657 350/1658 351/1659
f 283/1660 351/1661 281/1662
f 281/1663 351/1664 352/1665
f 281/1666 352/1667 279/1668
f 315/1669 329/1670 314/1671
f 352/1672 351/1673 353/1674
f 353/1675 351/1676 354/1677
f 353/1678 354/1679 355/1680
f 355/1681 354/1682 356/1683
f 355/1684 356/1685 357/1686
f 357/1687 356/1688 358/1689
f 357/1690 358/1691 359/1692
f 359/1693 358/1694 360/1695
f 359/1696 360/1697 361/1698
f 361/1699 360/1700 362/1701
f 361/1702 362/1703 363/1704
f 363/1705 362/1706 364/1707
f 363/1708 364/1709 365/1710
f 365/1711 364/1712 366/1713
f 365/1714 366/1715 367/1716
f 367/1717 366/1718 368/1719
f 367/1720 368/1721 369/1722
f 369/1723 368/1724 370/1725
f 369/1726 370/1727 371/1728
f 371/1729 370/1730 372/1731
f 371/1732 372/1733 373/1734
f 373/1735 372/1736 374/1737
f 373/1738 374/1739 375/1740
f 375/1741 374/1742 376/1743
f 375/1744 376/1745 377/1746
f 377/1747 376/1748 378/1749
f 377/1750 378/1751 379/1752
f 379/1753 378/1754 380/1755
f 379/1756 380/1757 381/1758
f 381/1759 380/1760 382/1761
f 381/1762 382/1763 383/1764
f 383/1765 382/1766 280/1767
f 383/1768 280/1769 279/1770
f 351/1771 350/1772 354/1773
f 354/1774 350/1775 384/1776
f 354/1777 384/1778 356/1779
f 356/1780 384/1781 385/1782
f 356/1783 385/1784 358/1785
f 358/1786 385/1787 386/1788
f 358/1789 386/1790 360/1791
f 360/1792 386/1793 387/1794
f 360/1795 387/1796 362/1797
f 362/1798 387/1799 388/1800
f 362/1801 388/1802 364/1803
f 364/1804 388/1805 389/1806
f 364/1807 389/1808 366/1809
f 366/1810 389/1811 390/1812
f 366/1813 390/1814 368/1815
f 368/1816 390/1817 391/1818
f 368/1819 391/1820 370/1821
f 370/1822 391/1823 392/1824
f 370/1825 392/1826 372/1827
f 372/1828 392/1829 393/1830
f 372/1831 393/1832 374/1833
f 374/1834 393/1835 394/1836
f 374/1837 394/1838 376/1839
f 376/1840 394/1841 395/1842
f 376/1843 395/1844 378/1845
f 378/1846 395/1847 396/1848
f 378/1849 396/1850 380/1851
f 380/1852 396/1853 397/1854
f 380/1855 397/1856 382/1857
f 382/1858 397/1859 398/1860
f 382/1861 398/1862 280/1863
f 280/1864 398/1865 398/1866
f 280/1867 398/1868 282/1869
f 282/1870 398/1871 399/1872
f 282/1873 399/1874 284/1875
f 284/1876 399/1877 400/1878
f 284/1879 400/1880 286/1881
f 286/1882 400/1883 401/1884
f 286/1885 401/1886 288/1887
f 288/1888 401/1889 402/1890
f 288/1891 402/1892 290/1893
f 290/1894 402/1895 330/1896
f 290/1897 330/1898 292/1899
f 330/1900 402/1901 331/1902
f 331/1903 402/1904 403/1905
f 331/1906 403/1907 332/1908
f 332/1909 403/1910 404/1911
f 332/1912 404/1913 333/1914
f 333/1915 404/1916 405/1917
f 333/1918 405/1919 334/1920
f 334/1921 405/1922 406/1923
f 334/1924 406/1925 335/1926
f 335/1927 406/1928 407/1929
f 335/1930 407/1931 336/1932
f 336/1933 407/1934 408/1935
f 336/1936 408/1937 337/1938
f 337/1939 408/1940 409/1941
f 337/1942 409/1943 338/1944
f 338/1945 409/1946 410/1947
f 338/1948 410/1949 339/1950
f 339/1951 410/1952 411/1953
f 339/1954 411/1955 340/1956
f 340/1957 411/1958 412/1959
f 340/1960 412/1961 341/1962
f 341/1963 412/1964 413/1965
f 341/1966 413/1967 342/1968
f 342/1969 413/1970 414/1971
f 342/1972 414/1973 343/1974
f 343/1975 414/1976 415/1977
f 343/1978 415/1979 344/1980
f 344/1981 415/1982 416/1983
f 344/1984 416/1985 345/1986
f 345/1987 416/1988 416/1989
f 345/1990 416/1991 346/1992
f 346/1993 416/1994 417/1995
f 346/1996 417/1997 347/1998
f 347/1999 417/2000 418/2001
f 347/2002 418/2003 348/2004
f 348/2005 418/2006 419/2007
f 348/2008 419/2009 349/2010
f 349/2011 419/2012 384/2013
f 349/2014 384/2015 350/2016
f 384/2017 419/2018 385/2019
f 385/2020 419/2021 420/2022
f 385/2023 420/2024 386/2025
f 386/2026 420/2027 421/2028
f 386/2029 421/2030 387/2031
f 387/2032 421/2033 422/2034
f 387/2035 422/2036 388/2037
f 388/2038 422/2039 423/2040
f 388/2041 423/2042 389/2043
f 389/2044 423/2045 424/2046
f 389/2047 424/2048 390/2049
f 390/2050 424/2051 425/2052
f 390/2053 425/2054 391/2055
f 391/2056 425/2057 426/2058
f 391/2059 426/2060 392/2061
f 392/2062 426/2063 427/2064
f 392/2065 427/2066 393/2067
f 393/2068 427/2069 428/2070
f 393/2071 428/2072 394/2073
f 394/2074 428/2075 429/2076
f 394/2077 429/2078 395/2079
f 395/2080 429/2081 430/2082
f 395/2083 430/2084 396/2085
f 396/2086 430/2087 431/2088
f 396/2089 431/2090 397/2091
f 397/2092 431/2093 432/2094
f 397/2095 432/2096 398/2097
f 398/2098 432/2099 432/2100
f 398/2101 432/2102 399/2103
f 399/2104 432/2105 433/2106
f 399/2107 433/2108 400/2109
f 400/2110 433/2111 434/2112
f 400/2113 434/2114 401/2115
f 401/2116 434/2117 403/2118
f 401/2119 403/2120 402/2121
f 403/2122 434/2123 404/2124
f 404/2125 434/2126 435/2127
f 404/2128 435/2129 405/2130
f 405/2131 435/2132 436/2133
f 405/2134 436/2135 406/2136
f 406/2137 436/2138 437/2139
f 406/2140 437/2141 407/2142
f 407/2143 437/2144 438/2145
f 407/2146 438/2147 408/2148
f 408/2149 438/2150 439/2151
f 408/2152 439/2153 409/2154
f 409/2155 439/2156 440/2157
f 409/2158 440/2159 410/2160
f 410/2161 440/2162 441/2163
f 410/2164 441/2165 411/2166
f 411/2167 441/2168 442/2169
f 411/2170 442/2171 412/2172
f 412/2173 442/2174 443/2175
f 412/2176 443/2177 413/2178
f 413/2179 443/2180 444/2181
f 413/2182 444/2183 414/2184
f 414/2185 444/2186 445/2187
f 414/2188 445/2189 415/2190
f 415/2191 445/2192 446/2193
f 415/2194 446/2195 416/2196
f 416/2197 446/2198 446/2199
f 416/2200 446/2201 417/2202
f 417/2203 446/2204 447/2205
f 417/2206 447/2207 418/2208
f 418/2209 447/2210 420/2211
f 418/2212 420/2213 419/2214
f 420/2215 447/2216 421/2217
f 421/2218 447/2219 448/2220
f 421/2221 448/2222 422/2223
f 422/2224 448/2225 449/2226
f 422/2227 449/2228 423/2229
f 423/2230 449/2231 450/2232
f 423/2233 450/2234 424/2235
f 424/2236 450/2237 451/2238
f 424/2239 451/2240 425/2241
f 425/2242 451/2243 452/2244
f 425/2245 452/2246 426/2247
f 426/2248 452/2249 453/2250
f 426/2251 453/2252 427/2253
f 427/2254 453/2255 454/2256
f 427/2257 454/2258 428/2259
f 428/2260 454/2261 455/2262
f 428/2263 455/2264 429/2265
f 429/2266 455/2267 456/2268
f 429/2269 456/2270 430/2271
f 430/2272 456/2273 457/2274
f 430/2275 457/2276 431/2277
f 431/2278 457/2279 458/2280
f 431/2281 458/2282 432/2283
f 432/2284 458/2285 458/2286
f 432/2287 458/2288 433/2289
f 433/2290 458/2291 435/2292
f 433/2293 435/2294 434/2295
f 435/2296 458/2297 436/2298
f 436/2299 458/2300 457/2301
f 436/2302 457/2303 437/2304
f 437/2305 457/2306 456/2307
f 437/2308 456/2309 438/2310
f 438/2311 456/2312 455/2313
f 438/2314 455/2315 439/2316
f 439/2317 455/2318 454/2319
f 439/2320 454/2321 440/2322
f 440/2323 454/2324 453/2325
f 440/2326 453/2327 441/2328
f 441/2329 453/2330 452/2331
f 441/2332 452/2333 442/2334
f 442/2335 452/2336 451/2337
f 442/2338 451/2339 443/2340
f 443/2341 451/2342 450/2343
f 443/2344 450/2345 444/2346
f 444/2347 450/2348 449/2349
f 444/2350 449/2351 445/2352
f 445/2353 449/2354 448/2355
f 445/2356 448/2357 446/2358
f 446/2359 448/2360 447/2361
f 315/2362 459/2363 328/2364
f 328/2365 459/2366 459/2367
f 328/2368 459/2369 326/2370
f 326/2371 459/2372 460/2373
f 326/2374 460/2375 326/2376
f 326/2377 460/2378 461/2379
f 326/2380 461/2381 324/2382
f 324/2383 461/2384 461/2385
f 324/2386 461/2387 322/2388
f 322/2389 461/2390 462/2391
f 322/2392 462/2393 322/2394
f 322/2395 462/2396 463/2397
f 322/2398 463/2399 320/2400
f 320/2401 463/2402 463/2403
f 320/2404 463/2405 318/2406
f 318/2407 463/2408 464/2409
f 318/2410 464/2411 316/2412
f 316/2413 464/2414 465/2415
f 316/2416 465/2417 316/2418
f 316/2419 465/2420 466/2421
f 316/2422 466/2423 296/2424
f 296/2425 466/2426 467/2427
f 296/2428 467/2429 297/2430
f 297/2431 467/2432 468/2433
f 297/2434 468/2435 299/2436
f 299/2437 468/2438 469/2439
f 299/2440 469/2441 301/2442
f 301/2443 469/2444 470/2445
f 301/2446 470/2447 303/2448
f 303/2449 470/2450 471/2451
f 303/2452 471/2453 305/2454
f 305/2455 471/2456 471/2457
f 305/2458 471/2459 307/2460
f 307/2461 471/2462 472/2463
f 307/2464 472/2465 309/2466
f 309/2467 472/2468 473/2469
f 309/2470 473/2471 311/2472
f 311/2473 473/2474 474/2475
f 311/2476 474/2477 313/2478
f 313/2479 474/2480 475/2481
f 313/2482 475/2483 315/2484
f 459/2485 315/2486 476/2487
f 476/2488 315/2489 475/2490
f 1/2491 5/2492 477/2493
f 477/2494 5/2495 7/2496
f 477/2497 7/2498 477/2499
f 477/2500 7/2501 9/2502
f 477/2503 9/2504 477/2505
f 477/2506 9/2507 11/2508
f 477/2509 11/2510 477/2511
f 477/2512 11/2513 13/2514
f 477/2515 13/2516 477/2517
f 477/2518 13/2519 15/2520
f 477/2521 15/2522 477/2523
f 477/2524 15/2525 17/2526
f 477/2527 17/2528 477/2529
f 477/2530 17/2531 19/2532
f 477/2533 19/2534 477/2535
f 477/2536 19/2537 21/2538
f 477/2539 21/2540 477/2541
f 477/2542 21/2543 23/2544
f 477/2545 23/2546 477/2547
f 477/2548 23/2549 25/2550
f 477/2551 25/2552 477/2553
f 477/2554 25/2555 27/2556
f 477/2557 27/2558 477/2559
f 477/2560 27/2561 29/2562
f 477/2563 29/2564 477/2565
f 477/2566 29/2567 31/2568
f 477/2569 31/2570 477/2571
f 477/2572 31/2573 33/2574
f 477/2575 33/2576 477/2577
f 477/2578 33/2579 35/2580
f 477/2581 35/2582 477/2583
f 477/2584 35/2585 37/2586
f 477/2587 37/2588 477/2589
f 477/2590 37/2591 39/2592
f 477/2593 39/2594 477/2595
f 477/2596 39/2597 41/2598
f 477/2599 41/2600 477/2601
f 477/2602 41/2603 43/2604
f 477/2605 43/2606 477/2607
f 477/2608 43/2609 45/2610
f 477/2611 45/2612 477/2613
f 477/2614 45/2615 47/2616
f 477/2617 47/2618 477/2619
f 477/2620 47/2621 49/2622
f 477/2623 49/2624 477/2625
f 477/2626 49/2627 51/2628
f 477/2629 51/2630 477/2631
f 477/2632 51/2633 53/2634
f 477/2635 53/2636 477/2637
f 477/2638 53/2639 55/2640
f 477/2641 55/2642 477/2643
f 477/2644 55/2645 57/2646
f 477/2647 57/2648 477/2649
f 477/2650 57/2651 59/2652
f 477/2653 59/2654 477/2655
f 477/2656 59/2657 61/2658
f 477/2659 61/2660 477/2661
f 477/2662 61/2663 63/2664
f 477/2665 63/2666 477/2667
f 477/2668 63/2669 65/2670
f 477/2671 65/2672 477/2673
f 477/2674 65/2675 67/2676
f 477/2677 67/2678 477/2679
f 477/2680 67/2681 69/2682
f 477/2683 69/2684 477/2685
f 477/2686 69/2687 71/2688
f 477/2689 71/2690 477/2691
f 477/2692 71/2693 73/2694
f 477/2695 73/2696 477/2697
f 477/2698 73/2699 75/2700
f 477/2701 75/2702 477/2703
f 477/2704 75/2705 77/2706
f 477/2707 77/2708 477/2709
f 477/2710 77/2711 79/2712
f 477/2713 79/2714 477/2715
f 477/2716 79/2717 4/2718
f 477/2719 4/2720 1/2721
f 3/2722 2/2723 478/2724
f 478/2725 2/2726 80/2727
f 478/2728 80/2729 478/2730
f 478/2731 80/2732 78/2733
f 478/2734 78/2735 478/2736
f 478/2737 78/2738 76/2739
f 478/2740 76/2741 478/2742
f 478/2743 76/2744 74/2745
f 478/2746 74/2747 478/2748
f 478/2749 74/2750 72/2751
f 478/2752 72/2753 478/2754
f 478/2755 72/2756 70/2757
f 478/2758 70/2759 478/2760
f 478/2761 70/2762 68/2763
f 478/2764 68/2765 478/2766
f 478/2767 68/2768 66/2769
f 478/2770 66/2771 478/2772
f 478/2773 66/2774 64/2775
f 478/2776 64/2777 478/2778
f 478/2779 64/2780 62/2781
f 478/2782 62/2783 478/2784
f 478/2785 62/2786 60/2787
f 478/2788 60/2789 478/2790
f 478/2791 60/2792 58/2793
f 478/2794 58/2795 478/2796
f 478/2797 58/2798 56/2799
f 478/2800 56/2801 478/2802
f 478/2803 56/2804 54/2805
f 478/2806 54/2807 478/2808
f 478/2809 54/2810 52/2811
f 478/2812 52/2813 478/2814
f 478/2815 52/2816 50/2817
f 478/2818 50/2819 478/2820
f 478/2821 50/2822 48/2823
f 478/2824 48/2825 478/2826
f 478/2827 48/2828 46/2829
f 478/2830 46/2831 478/2832
f 478/2833 46/2834 44/2835
f 478/2836 44/2837 478/2838
f 478/2839 44/2840 42/2841
f 478/2842 42/2843 478/2844
f 478/2845 42/2846 40/2847
f 478/2848 40/2849 478/2850
f 478/2851 40/2852 38/2853
f 478/2854 38/2855 478/2856
f 478/2857 38/2858 36/2859
f 478/2860 36/2861 478/2862
f 478/2863 36/2864 34/2865
f 478/2866 34/2867 478/2868
f 478/2869 34/2870 32/2871
f 478/2872 32/2873 478/2874
f 478/2875 32/2876 30/2877
f 478/2878 30/2879 478/2880
f 478/2881 30/2882 28/2883
f 478/2884 28/2885 478/2886
f 478/2887 28/2888 26/2889
f 478/2890 26/2891 478/2892
f 478/2893 26/2894 24/2895
f 478/2896 24/2897 478/2898
f 478/2899 24/2900 22/2901
f 478/2902 22/2903 478/2904
f 478/2905 22/2906 20/2907
f 478/2908 20/2909 478/2910
f 478/2911 20/2912 18/2913
f 478/2914 18/2915 478/2916
f 478/2917 18/2918 16/2919
f 478/2920 16/2921 478/2922
f 478/2923 16/2924 14/2925
f 478/2926 14/2927 478/2928
f 478/2929 14/2930 12/2931
f 478/2932 12/2933 478/2934
f 478/2935 12/2936 10/2937
f 478/2938 10/2939 478/2940
f 478/2941 10/2942 8/2943
f 478/2944 8/2945 478/2946
f 478/2947 8/2948 6/2949
f 478/2950 6/2951 3/2952
f 383/2953 279/2954 479/2955
f 479/2956 279/2957 352/2958
f 479/2959 352/2960 479/2961
f 479/2962 352/2963 353/2964
f 479/2965 353/2966 479/2967
f 479/2968 353/2969 355/2970
f 479/2971 355/2972 479/2973
f 479/2974 355/2975 357/2976
f 479/2977 357/2978 479/2979
f 479/2980 357/2981 359/2982
f 479/2983 359/2984 479/2985
f 479/2986 359/2987 361/2988
f 479/2989 361/2990 479/2991
f 479/2992 361/2993 363/2994
f 479/2995 363/2996 479/2997
f 479/2998 363/2999 365/3000
f 479/3001 365/3002 479/3003
f 479/3004 365/3005 367/3006
f 479/3007 367/3008 479/3009
f 479/3010 367/3011 369/3012
f 479/3013 369/3014 479/3015
f 479/3016 369/3017 371/3018
f 479/3019 371/3020 479/3021
f 479/3022 371/3023 373/3024
f 479/3025 373/3026 479/3027
f 479/3028 373/3029 375/3030
f 479/3031 375/3032 479/3033
f 479/3034 375/3035 377/3036
f 479/3037 377/3038 479/3039
f 479/3040 377/3041 379/3042
f 479/3043 379/3044 479/3045
f 479/3046 379/3047 381/3048
f 479/3049 381/3050 383/3051
f 155/3052 156/3053 480/3054
f 480/3055 156/3056 158/3057
f 480/3058 158/3059 480/3060
f 480/3061 158/3062 160/3063
f 480/3064 160/3065 480/3066
f 480/3067 160/3068 162/3069
f 480/3070 162/3071 480/3072
f 480/3073 162/3074 164/3075
f 480/3076 164/3077 480/3078
f 480/3079 164/3080 166/3081
f 480/3082 166/3083 480/3084
f 480/3085 166/3086 168/3087
f 480/3088 168/3089 480/3090
f 480/3091 168/3092 170/3093
f 480/3094 170/3095 480/3096
f 480/3097 170/3098 172/3099
f 480/3100 172/3101 480/3102
f 480/3103 172/3104 174/3105
f 480/3106 174/3107 480/3108
f 480/3109 174/3110 176/3111
f 480/3112 176/3113 480/3114
f 480/3115 176/3116 178/3117
f 480/3118 178/3119 480/3120
f 480/3121 178/3122 180/3123
f 480/3124 180/3125 480/3126
f 480/3127 180/3128 182/3129
f 480/3130 182/3131 480/3132
f 480/3133 182/3134 100/3135
f 480/3136 100/3137 480/3138
f 480/3139 100/3140 82/3141
f 480/3142 82/3143 480/3144
f 480/3145 82/3146 81/3147
f 480/3148 81/3149 155/3150
f 481/3151 482/3152 483/3153
f 483/3154 482/3155 484/3156
f 483/3157 484/3158 483/3159
f 483/3160 484/3161 485/3162
f 483/3163 485/3164 483/3165
f 483/3166 485/3167 486/3168
f 483/3169 486/3170 483/3171
f 483/3172 486/3173 487/3174
f 483/3175 487/3176 483/3177
f 483/3178 487/3179 488/3180
f 483/3181 488/3182 483/3183
f 483/3184 488/3185 489/3186
f 483/3187 489/3188 483/3189
f 483/3190 489/3191 490/3192
f 483/3193 490/3194 483/3195
f 483/3196 490/3197 491/3198
f 483/3199 491/3200 483/3201
f 483/3202 491/3203 492/3204
f 483/3205 492/3206 483/3207
f 483/3208 492/3209 493/3210
f 483/3211 493/3212 483/3213
f 483/3214 493/3215 494/3216
f 483/3217 494/3218 483/3219
f 483/3220 494/3221 495/3222
f 483/3223 495/3224 483/3225
f 483/3226 495/3227 496/3228
f 483/3229 496/3230 483/3231
f 483/3232 496/3233 497/3234
f 483/3235 497/3236 483/3237
f 483/3238 497/3239 498/3240
f 483/3241 498/3242 483/3243
f 483/3244 498/3245 499/3246
f 483/3247 499/3248 483/3249
f 483/3250 499/3251 500/3252
f 483/3253 500/3254 483/3255
f 483/3256 500/3257 501/3258
f 483/3259 501/3260 483/3261
f 483/3262 501/3263 502/3264
f 483/3265 502/3266 483/3267
f 483/3268 502/3269 503/3270
f 483/3271 503/3272 483/3273
f 483/3274 503/3275 504/3276
f 483/3277 504/3278 483/3279
f 483/3280 504/3281 505/3282
f 483/3283 505/3284 483/3285
f 483/3286 505/3287 506/3288
f 483/3289 506/3290 483/3291
f 483/3292 506/3293 507/3294
f 483/3295 507/3296 483/3297
f 483/3298 507/3299 508/3300
f 483/3301 508/3302 483/3303
f 483/3304 508/3305 509/3306
f 483/3307 509/3308 483/3309
f 483/3310 509/3311 510/3312
f 483/3313 510/3314 483/3315
f 483/3316 510/3317 511/3318
f 483/3319 511/3320 483/3321
f 483/3322 511/3323 512/3324
f 483/3325 512/3326 483/3327
f 483/3328 512/3329 513/3330
f 483/3331 513/3332 483/3333
f 483/3334 513/3335 514/3336
f 483/3337 514/3338 483/3339
f 483/3340 514/3341 515/3342
f 483/3343 515/3344 483/3345
f 483/3346 515/3347 516/3348
f 483/3349 516/3350 483/3351
f 483/3352 516/3353 517/3354
f 483/3355 517/3356 483/3357
f 483/3358 517/3359 518/3360
f 483/3361 518/3362 483/3363
f 483/3364 518/3365 519/3366
f 483/3367 519/3368 483/3369
f 483/3370 519/3371 520/3372
f 483/3373 520/3374 483/3375
f 483/3376 520/3377 521/3378
f 483/3379 521/3380 481/3381
f 522/3382 523/3383 524/3384
f 524/3385 523/3386 525/3387
f 524/3388 525/3389 524/3390
f 524/3391 525/3392 526/3393
f 524/3394 526/3395 524/3396
f 524/3397 526/3398 527/3399
f 524/3400 527/3401 524/3402
f 524/3403 527/3404 528/3405
f 524/3406 528/3407 524/3408
f 524/3409 528/3410 529/3411
f 524/3412 529/3413 524/3414
f 524/3415 529/3416 530/3417
f 524/3418 530/3419 524/3420
f 524/3421 530/3422 531/3423
f 524/3424 531/3425 524/3426
f 524/3427 531/3428 532/3429
f 524/3430 532/3431 524/3432
f 524/3433 532/3434 533/3435
f 524/3436 533/3437 524/3438
f 524/3439 533/3440 534/3441
f 524/3442 534/3443 524/3444
f 524/3445 534/3446 535/3447
f 524/3448 535/3449 524/3450
f 524/3451 535/3452 536/3453
f 524/3454 536/3455 524/3456
f 524/3457 536/3458 537/3459
f 524/3460 537/3461 524/3462
f 524/3463 537/3464 538/3465
f 524/3466 538/3467 524/3468
f 524/3469 538/3470 539/3471
f 524/3472 539/3473 524/3474
f 524/3475 539/3476 540/3477
f 524/3478 540/3479 524/3480
f 524/3481 540/3482 541/3483
f 524/3484 541/3485 524/3486
f 524/3487 541/3488 542/3489
f 524/3490 542/3491 524/3492
f 524/3493 542/3494 543/3495
f 524/3496 543/3497 524/3498
f 524/3499 543/3500 544/3501
f 524/3502 544/3503 524/3504
f 524/3505 544/3506 545/3507
f 524/3508 545/3509 524/3510
f 524/3511 545/3512 546/3513
f 524/3514 546/3515 524/3516
f 524/3517 546/3518 547/3519
f 524/3520 547/3521 524/3522
f 524/3523 547/3524 548/3525
f 524/3526 548/3527 524/3528
f 524/3529 548/3530 549/3531
f 524/3532 549/3533 524/3534
f 524/3535 549/3536 550/3537
f 524/3538 550/3539 524/3540
f 524/3541 550/3542 551/3543
f 524/3544 551/3545 524/3546
f 524/3547 551/3548 552/3549
f 524/3550 552/3551 524/3552
f 524/3553 552/3554 553/3555
f 524/3556 553/3557 524/3558
f 524/3559 553/3560 554/3561
f 524/3562 554/3563 524/3564
f 524/3565 554/3566 555/3567
f 524/3568 555/3569 524/3570
f 524/3571 555/3572 556/3573
f 524/3574 556/3575 524/3576
f 524/3577 556/3578 557/3579
f 524/3580 557/3581 524/3582
f 524/3583 557/3584 558/3585
f 524/3586 558/3587 524/3588
f 524/3589 558/3590 559/3591
f 524/3592 559/3593 524/3594
f 524/3595 559/3596 560/3597
f 524/3598 560/3599 524/3600
f 524/3601 560/3602 561/3603
f 524/3604 561/3605 524/3606
f 524/3607 561/3608 562/3609
f 524/3610 562/3611 522/3612
f 520/3613 530/3614 521/3615
f 521/3616 530/3617 529/3618
f 530/3619 520/3620 531/3621
f 531/3622 520/3623 519/3624
f 531/3625 519/3626 532/3627
f 532/3628 519/3629 518/3630
f 532/3631 518/3632 533/3633
f 533/3634 518/3635 517/3636
f 533/3637 517/3638 534/3639
f 534/3640 517/3641 516/3642
f 534/3643 516/3644 535/3645
f 535/3646 516/3647 515/3648
f 535/3649 515/3650 536/3651
f 536/3652 515/3653 514/3654
f 536/3655 514/3656 537/3657
f 537/3658 514/3659 513/3660
f 537/3661 513/3662 538/3663
f 538/3664 513/3665 512/3666
f 538/3667 512/3668 539/3669
f 539/3670 512/3671 511/3672
f 539/3673 511/3674 540/3675
f 540/3676 511/3677 510/3678
f 540/3679 510/3680 541/3681
f 541/3682 510/3683 509/3684
f 541/3685 509/3686 542/3687
f 542/3688 509/3689 508/3690
f 542/3691 508/3692 543/3693
f 543/3694 508/3695 507/3696
f 543/3697 507/3698 544/3699
f 544/3700 507/3701 506/3702
f 544/3703 506/3704 545/3705
f 545/3706 506/3707 505/3708
f 545/3709 505/3710 546/3711
f 546/3712 505/3713 504/3714
f 546/3715 504/3716 547/3717
f 547/3718 504/3719 503/3720
f 547/3721 503/3722 548/3723
f 548/3724 503/3725 502/3726
f 548/3727 502/3728 549/3729
f 549/3730 502/3731 501/3732
f 549/3733 501/3734 550/3735
f 550/3736 501/3737 500/3738
f 550/3739 500/3740 551/3741
f 551/3742 500/3743 499/3744
f 551/3745 499/3746 552/3747
f 552/3748 499/3749 498/3750
f 552/3751 498/3752 553/3753
f 553/3754 498/3755 497/3756
f 553/3757 497/3758 554/3759
f 554/3760 497/3761 496/3762
f 554/3763 496/3764 555/3765
f 555/3766 496/3767 495/3768
f 555/3769 495/3770 556/3771
f 556/3772 495/3773 494/3774
f 556/3775 494/3776 557/3777
f 557/3778 494/3779 493/3780
f 557/3781 493/3782 558/3783
f 558/3784 493/3785 492/3786
f 558/3787 492/3788 559/3789
f 559/3790 492/3791 491/3792
f 559/3793 491/3794 560/3795
f 560/3796 491/3797 490/3798
f 560/3799 490/3800 561/3801
f 561/3802 490/3803 489/3804
f 561/3805 489/3806 562/3807
f 562/3808 489/3809 488/3810
f 562/3811 488/3812 522/3813
f 522/3814 488/3815 487/3816
f 522/3817 487/3818 523/3819
f 523/3820 487/3821 486/3822
f 523/3823 486/3824 525/3825
f 525/3826 486/3827 485/3828
f 525/3829 485/3830 526/3831
f 526/3832 485/3833 484/3834
f 526/3835 484/3836 527/3837
f 527/3838 484/3839 482/3840
f 527/3841 482/3842 528/3843
f 528/3844 482/3845 481/3846
f 528/3847 481/3848 529/3849
f 529/3850 481/3851 521/3852
