# Exported from USD for MuJoCo with source material subsets
v -14.9583235 1.97240346 0.137885684
v -14.9583325 1.97185343 0.138435597
v -14.9636639 1.97284597 0.13779735
v -14.9637635 1.97230333 0.138345951
v -14.9688585 1.97416156 0.137711639
v -14.9690462 1.97364133 0.138258571
v -14.9737659 1.97631448 0.137630457
v -14.9740367 1.97583073 0.138176197
v -14.978252 1.9792456 0.137556428
v -14.9785988 1.97881191 0.138100857
v -14.9821945 1.98287528 0.13749134
v -14.9826081 1.98250311 0.138034457
v -14.9854858 1.98710507 0.137436861
v -14.9859553 1.98680394 0.137979144
v -14.9880363 1.99181836 0.137394661
v -14.9885489 1.99159735 0.137936348
v -14.9897762 1.99688738 0.137366051
v -14.9903184 1.99675244 0.137907142
v -14.9906582 2.0021736 0.137351507
v -14.9912153 2.0021283 0.137892241
v -14.9906582 2.00753301 0.137351507
v -14.9912153 2.00757855 0.137892241
v -14.9897762 2.01281946 0.137366051
v -14.9903184 2.01295441 0.137907142
v -14.9880363 2.01788848 0.137394661
v -14.9885489 2.0181095 0.137936348
v -14.9854858 2.02260178 0.137436861
v -14.9859553 2.02290266 0.137979144
v -14.9821945 2.02683109 0.13749134
v -14.9826081 2.0272035 0.138034457
v -14.978252 2.03046101 0.137556428
v -14.9785988 2.03089493 0.138100857
v -14.9737659 2.03339236 0.137630457
v -14.9740367 2.03387612 0.138176197
v -14.9688585 2.03554528 0.137711639
v -14.9690462 2.03606551 0.138258571
v -14.9636639 2.03686088 0.13779735
v -14.9637635 2.03740352 0.138345951
v -14.9583235 2.03730314 0.137885684
v -14.9583325 2.03785341 0.138435597
v -15.917039 1.48009437 0.0144691411
v -15.9137477 1.48432368 0.0145235005
v -15.9195895 1.47538083 0.014426941
v -15.9098052 1.4879536 0.014588708
v -15.9213294 1.47031205 0.0143982116
v -15.905319 1.49088472 0.0146628562
v -15.9222114 1.4650256 0.0143835488
v -15.9004117 1.49303787 0.0147437993
v -15.9222114 1.45966619 0.0143835488
v -15.895217 1.49435347 0.01482963
v -15.9213294 1.45437997 0.0143982116
v -15.8898767 1.49479597 0.0149178448
v -15.9195895 1.44931119 0.014426941
v -15.8845363 1.49435347 0.0150060597
v -15.917039 1.44459742 0.0144691411
v -15.8793416 1.49303787 0.0150920096
v -15.9137477 1.44036811 0.0145235005
v -15.8744343 1.49088472 0.0151729527
v -15.9098052 1.43673843 0.014588708
v -15.8699482 1.4879536 0.0152472201
v -15.9053191 1.43380707 0.0146628562
v -15.8660057 1.48432368 0.0153123084
v -15.9004117 1.43165439 0.0147437993
v -15.8627144 1.48009437 0.0153666678
v -15.8952171 1.43033856 0.01482963
v -15.8601639 1.47538083 0.0154088679
v -15.8898767 1.42989605 0.0149178448
v -15.858424 1.47031205 0.0154377166
v -15.8845363 1.43033856 0.0150060597
v -15.8575419 1.4650256 0.0154521409
v -15.8793416 1.43165439 0.0150920096
v -15.8575419 1.45966619 0.0154521409
v -15.8744343 1.43380707 0.0151729527
v -15.858424 1.45437997 0.0154377166
v -15.8699482 1.43673843 0.0152472201
v -15.8601639 1.44931119 0.0154088679
v -15.8660057 1.44036811 0.0153123084
v -15.8627144 1.44459742 0.0153666678
v -15.8898857 1.495346 0.0154677573
v -15.8953166 1.49489611 0.0153781119
v -15.9005994 1.49355787 0.0152908507
v -15.9055898 1.49136871 0.0152083579
v -15.910152 1.48838776 0.0151330176
v -15.9141613 1.48469632 0.0150667373
v -15.9175085 1.48039549 0.0150114241
v -15.9201021 1.47560185 0.0149685088
v -15.9218716 1.470447 0.0149394217
v -15.9227686 1.46507114 0.0149245206
v -15.9227686 1.45962089 0.0149245206
v -15.9218716 1.45424479 0.0149394217
v -15.9201021 1.44909018 0.0149685088
v -15.9175085 1.44429653 0.0150114241
v -15.9141613 1.4399957 0.0150667373
v -15.910152 1.43630427 0.0151330176
v -15.9055899 1.43332332 0.0152083579
v -15.9005994 1.43113416 0.0152908507
v -15.8953167 1.42979592 0.0153781119
v -15.8898858 1.42934602 0.0154677573
v -15.8844549 1.49489611 0.0155575219
v -15.8791721 1.49355787 0.0156447831
v -15.8741817 1.49136871 0.0157272759
v -15.8696195 1.48838776 0.0158027354
v -15.8656102 1.48469632 0.0158690158
v -15.862263 1.48039549 0.0159242097
v -15.8596694 1.47560185 0.015967125
v -15.8578999 1.470447 0.0159964505
v -15.857003 1.46507114 0.0160112325
v -15.857003 1.45962089 0.0160112325
v -15.8578999 1.45424479 0.0159964505
v -15.8596694 1.44909018 0.015967125
v -15.862263 1.44429653 0.0159242097
v -15.8656102 1.4399957 0.0158690158
v -15.8696195 1.43630427 0.0158027354
v -15.8741817 1.43332332 0.0157272759
v -15.8791722 1.43113416 0.0156447831
v -15.8844549 1.42979592 0.0155575219
v -15.8900342 1.49479597 0.0244500581
v -15.8953745 1.49435347 0.024361724
v -15.9005692 1.49303787 0.0242758933
v -15.9054765 1.49088472 0.0241947118
v -15.9099626 1.4879536 0.0241205636
v -15.9139052 1.48432368 0.0240555945
v -15.9171965 1.48009437 0.0240011159
v -15.919747 1.47538083 0.023959035
v -15.9214869 1.47031205 0.0239301863
v -15.9223689 1.4650256 0.0239156428
v -15.9223689 1.45966619 0.0239156428
v -15.9214869 1.45437997 0.0239301863
v -15.919747 1.44931119 0.023959035
v -15.9171965 1.44459742 0.0240011159
v -15.9139052 1.44036811 0.0240555945
v -15.9099626 1.43673843 0.0241205636
v -15.9054766 1.43380707 0.0241947118
v -15.9005693 1.43165439 0.0242758933
v -15.8953746 1.43033856 0.024361724
v -15.8900342 1.42989605 0.0244500581
v -15.8846938 1.49435347 0.0245382729
v -15.8794991 1.49303764 0.0246241036
v -15.8745917 1.49088472 0.0247050467
v -15.8701057 1.4879536 0.0247791949
v -15.8661632 1.48432368 0.0248444024
v -15.8628718 1.48009437 0.0248986426
v -15.8603214 1.47538083 0.0249409619
v -15.8585814 1.47031205 0.0249695721
v -15.8576994 1.4650256 0.0249842349
v -15.8576994 1.45966619 0.0249842349
v -15.8585814 1.45437997 0.0249695721
v -15.8603214 1.44931119 0.0249409619
v -15.8628718 1.44459742 0.0248986426
v -15.8661632 1.44036811 0.0248444024
v -15.8701057 1.43673843 0.0247791949
v -15.8745918 1.43380707 0.0247050467
v -15.8794991 1.43165439 0.0246241036
v -15.8846938 1.43033856 0.0245382729
v -15.8901497 1.48242539 0.0314410868
v -15.8953509 1.48173946 0.0313551369
v -15.9001912 1.47973293 0.0312751475
v -15.9043485 1.47654169 0.031206483
v -15.9075389 1.47238057 0.0311536732
v -15.9095426 1.46754187 0.0311206523
v -15.910226 1.46234029 0.0311094466
v -15.9095414 1.45714706 0.0311206523
v -15.9075342 1.45230239 0.0311539117
v -15.9043422 1.44814461 0.0312066022
v -15.9001858 1.44495552 0.0312752667
v -15.8953402 1.44294971 0.0313553754
v -15.8901497 1.44226664 0.0314410868
v -15.8849592 1.48174232 0.0315269175
v -15.8801135 1.4797365 0.0316070262
v -15.8759572 1.47654741 0.0316755715
v -15.8727652 1.47238939 0.031728262
v -15.870758 1.46754497 0.0317615214
v -15.8700734 1.4623515 0.0317728463
v -15.8707569 1.45715016 0.0317615214
v -15.8727604 1.45231145 0.0317283812
v -15.8759509 1.44815033 0.0316756907
v -15.8801083 1.4449591 0.0316070262
v -15.8849485 1.44295233 0.0315270367
v -15.882423 1.45739406 0.0827003661
v -15.8810959 1.46234339 0.0827221814
v -15.8860461 1.45377176 0.0826404038
v -15.8909943 1.45244616 0.0825586263
v -15.8824207 1.46729344 0.0827003661
v -15.8959452 1.45377343 0.0824768487
v -15.8860435 1.47091835 0.082640523
v -15.899568 1.45739835 0.0824170056
v -15.8909943 1.47224611 0.0825586263
v -15.9008928 1.46234863 0.0823951903
v -15.8959426 1.47092026 0.0824769679
v -15.8995657 1.46729797 0.0824170056
v -15.8902674 1.45244616 0.0385646764
v -15.8853191 1.45377176 0.0386464539
v -15.8816961 1.45739406 0.038706297
v -15.8803689 1.46234339 0.0387282315
v -15.8816937 1.46729344 0.038706297
v -15.8853165 1.47091835 0.0386464539
v -15.8902674 1.47224611 0.0385646764
v -15.8952183 1.45377343 0.0384827796
v -15.8988411 1.45739835 0.0384230557
v -15.9001659 1.46234887 0.0384012404
v -15.8988387 1.46729797 0.0384230557
v -15.8952157 1.47092026 0.038483018
v -15.8901977 1.47994607 0.0343486014
v -15.8951511 1.47923392 0.0342668238
v -15.8902674 1.47994607 0.0385646764
v -15.8952284 1.47923201 0.0384826604
v -15.8997076 1.47715443 0.0341914836
v -15.8997855 1.47714894 0.0384074393
v -15.9034955 1.47387331 0.0341287795
v -15.9035688 1.47386878 0.0383448544
v -15.906204 1.46965926 0.0340841952
v -15.9062752 1.4696564 0.0383001509
v -15.9076151 1.46485561 0.0340608302
v -15.9076863 1.46484678 0.0382769051
v -15.9076166 1.45984548 0.0340608302
v -15.9076848 1.45983642 0.0382769051
v -15.9062055 1.45503562 0.0340841952
v -15.9062737 1.455033 0.0383001509
v -15.9034992 1.45082324 0.0341287795
v -15.9035652 1.45081871 0.0383449736
v -15.8997158 1.44754308 0.0341912452
v -15.8997772 1.4475376 0.0384075585
v -15.8951587 1.44546002 0.0342665854
v -15.8952208 1.44545811 0.0384827796
v -15.8901977 1.44474619 0.0343486014
v -15.8902674 1.44474619 0.0385646764
v -15.885314 1.47923392 0.0386464539
v -15.8852368 1.47923201 0.0344306174
v -15.8807576 1.47715443 0.0387217942
v -15.8806797 1.47714894 0.0345059577
v -15.8769696 1.47387331 0.0387844983
v -15.8768963 1.47386878 0.0345684233
v -15.8742612 1.46965926 0.0388290826
v -15.8741899 1.4696564 0.0346131268
v -15.87285 1.46485561 0.0388524476
v -15.8727788 1.46484678 0.0346363726
v -15.8728485 1.45984548 0.0388524476
v -15.8727803 1.45983642 0.0346363726
v -15.8742596 1.45503562 0.0388290826
v -15.8741915 1.455033 0.0346131268
v -15.876966 1.45082324 0.0387844983
v -15.8768999 1.45081871 0.0345683041
v -15.8807493 1.44754308 0.0387220326
v -15.8806879 1.4475376 0.0345058385
v -15.8853064 1.44546002 0.0386466924
v -15.8852444 1.44545811 0.0344304982
v -15.8901886 1.44419616 0.0337985698
v -15.8850805 1.44493025 0.0338830891
v -15.8803817 1.44707459 0.0339606944
v -15.8764753 1.45045846 0.0340253058
v -15.8736822 1.45480436 0.034071559
v -15.872227 1.45975774 0.0340955201
v -15.8722254 1.46492475 0.0340955201
v -15.8736806 1.46988481 0.034071559
v -15.8764716 1.47422879 0.0340253058
v -15.8803732 1.47761172 0.0339609328
v -15.8850727 1.47975987 0.0338832084
v -15.8901886 1.48049586 0.0337985698
v -15.8953046 1.44493216 0.0337141696
v -15.9000041 1.44708031 0.0336364451
v -15.9039057 1.45046323 0.0335720721
v -15.9066967 1.45480746 0.0335259381
v -15.9081519 1.45976704 0.0335018578
v -15.9081503 1.46493405 0.0335018578
v -15.9066951 1.46988767 0.0335259381
v -15.903902 1.47423332 0.0335720721
v -15.8999956 1.4776172 0.0336365643
v -15.8952968 1.47976177 0.0337142888
v -15.8901576 1.48214596 0.0319198314
v -15.8952759 1.48147243 0.0318351928
v -15.9000541 1.47949451 0.0317562762
v -15.9041527 1.47635 0.0316885653
v -15.9073002 1.47224968 0.0316365901
v -15.9092795 1.46747273 0.0316039267
v -15.9099546 1.4623515 0.0315927211
v -15.9092806 1.45722264 0.0316039267
v -15.9073049 1.45245093 0.0316364709
v -15.9041588 1.44834774 0.0316884461
v -15.9000593 1.44520086 0.0317562762
v -15.8952864 1.44322222 0.0318350735
v -15.8901576 1.44254583 0.0319198314
v -15.8850288 1.4814698 0.0320045892
v -15.8802559 1.47949093 0.0320833865
v -15.8761564 1.47634428 0.0321512166
v -15.8730103 1.4722411 0.0322031918
v -15.8710346 1.46746939 0.0322358552
v -15.8703606 1.46234029 0.0322469416
v -15.8710357 1.4572193 0.0322358552
v -15.873015 1.4524421 0.0322029534
v -15.8761626 1.44834202 0.0321509782
v -15.8802611 1.44519752 0.0320833865
v -15.8850394 1.44321936 0.0320043507
v -15.8901886 1.4819259 0.0337985698
v -15.8953138 1.4814698 0.03349399
v -15.9000867 1.47949093 0.0334150735
v -15.9041862 1.47634428 0.0333472434
v -15.9073323 1.4722411 0.0332952681
v -15.909308 1.46746939 0.033262724
v -15.909982 1.46234029 0.0332516375
v -15.9093069 1.4572193 0.033262724
v -15.9073276 1.4524421 0.0332955066
v -15.9041801 1.44834202 0.0333474818
v -15.9000815 1.44519752 0.0334151927
v -15.8953033 1.44321936 0.0334942284
v -15.8901886 1.44276589 0.0337985698
v -15.8850667 1.48147243 0.0336632672
v -15.8802884 1.47949451 0.0337421838
v -15.8761899 1.47635 0.0338100138
v -15.8730424 1.47224968 0.0338619891
v -15.8710631 1.46747273 0.0338946524
v -15.8703881 1.4623515 0.0339058581
v -15.871062 1.45722264 0.0338946524
v -15.8730377 1.45245093 0.0338619891
v -15.8761838 1.44834774 0.0338101331
v -15.8802833 1.44520086 0.0337424222
v -15.8850562 1.44322222 0.0336635056
v -15.9115443 2.02515619 0.0118474904
v -15.908253 2.0293855 0.0119018498
v -15.9140948 2.02044266 0.0118051711
v -15.9043105 2.03301542 0.0119670573
v -15.9158347 2.01537364 0.0117764417
v -15.8998244 2.03594654 0.0120409671
v -15.9167167 2.01008743 0.0117620173
v -15.8949171 2.03809946 0.0121221486
v -15.9167167 2.00472801 0.0117620173
v -15.8897224 2.03941506 0.0122078601
v -15.9158347 1.9994418 0.0117764417
v -15.884382 2.0398578 0.0122961942
v -15.9140948 1.99437254 0.0118051711
v -15.8790417 2.03941506 0.012384409
v -15.9115443 1.98965924 0.0118474904
v -15.8738469 2.03809946 0.0124703589
v -15.908253 1.98542994 0.0119018498
v -15.8689396 2.03594654 0.0125514212
v -15.9043105 1.98180001 0.0119670573
v -15.8644535 2.03301542 0.0126254502
v -15.8998244 1.97886866 0.0120409671
v -15.860511 2.0293855 0.0126906577
v -15.8949171 1.97671574 0.0121221486
v -15.8572197 2.02515619 0.0127450171
v -15.8897224 1.97540014 0.0122078601
v -15.8546692 2.02044266 0.0127872172
v -15.884382 1.97495788 0.0122961942
v -15.8529293 2.01537364 0.0128159467
v -15.8790417 1.97540014 0.012384409
v -15.8520473 2.01008743 0.0128304902
v -15.8738469 1.97671574 0.0124703589
v -15.8520473 2.00472801 0.0128304902
v -15.8689396 1.97886866 0.0125514212
v -15.8529293 1.9994418 0.0128159467
v -15.8644535 1.98180001 0.0126254502
v -15.8546692 1.99437254 0.0127872172
v -15.860511 1.98542994 0.0126906577
v -15.8572197 1.98965924 0.0127450171
v -15.8843911 2.04040759 0.0128461066
v -15.889822 2.03995746 0.012756342
v -15.8951047 2.03861969 0.0126690808
v -15.9000952 2.03643029 0.0125867072
v -15.9046574 2.03344911 0.0125112477
v -15.9086667 2.02975815 0.0124449673
v -15.9120138 2.02545708 0.0123896542
v -15.9146075 2.02066367 0.0123468581
v -15.9163769 2.01550883 0.0123176518
v -15.9172739 2.01013272 0.0123027507
v -15.9172739 2.00468271 0.0123027507
v -15.9163769 1.99930661 0.0123176518
v -15.9146075 1.99415153 0.0123468581
v -15.9120138 1.98935836 0.0123896542
v -15.9086667 1.98505729 0.0124449673
v -15.9046574 1.98136609 0.0125112477
v -15.9000952 1.97838491 0.0125867072
v -15.8951047 1.97619575 0.0126690808
v -15.889822 1.97485774 0.012756342
v -15.8843911 1.97440761 0.0128461066
v -15.8789602 2.03995746 0.012935752
v -15.8736775 2.03861969 0.0130231324
v -15.868687 2.03643029 0.0131056252
v -15.8641249 2.03344911 0.0131809655
v -15.8601155 2.02975815 0.0132472459
v -15.8567684 2.02545708 0.013302559
v -15.8541747 2.02066367 0.0133453551
v -15.8524052 2.01550859 0.0133746806
v -15.8515083 2.01013272 0.0133893433
v -15.8515083 2.00468271 0.0133893433
v -15.8524052 1.99930661 0.0133746806
v -15.8541747 1.99415153 0.0133453551
v -15.8567684 1.98935836 0.013302559
v -15.8601155 1.98505729 0.0132472459
v -15.8641249 1.98136609 0.0131809655
v -15.868687 1.97838491 0.0131056252
v -15.8736775 1.97619575 0.0130231324
v -15.8789602 1.97485774 0.012935752
v -15.8845395 2.0398578 0.0218282882
v -15.8898799 2.03941506 0.0217399541
v -15.8950746 2.03809946 0.0216542426
v -15.8999819 2.03594654 0.0215729419
v -15.904468 2.03301542 0.0214990321
v -15.9084105 2.0293855 0.0214339438
v -15.9117019 2.02515619 0.021379346
v -15.9142523 2.02044266 0.0213372651
v -15.9159923 2.01537364 0.0213085357
v -15.9168743 2.01008743 0.0212939921
v -15.9168743 2.00472801 0.0212939921
v -15.9159923 1.9994418 0.0213085357
v -15.9142523 1.99437254 0.0213372651
v -15.9117019 1.98965924 0.021379346
v -15.9084105 1.98542994 0.0214339438
v -15.904468 1.98180001 0.0214990321
v -15.8999819 1.97886866 0.0215729419
v -15.8950746 1.97671574 0.0216542426
v -15.8898799 1.97540014 0.0217399541
v -15.8845395 1.97495788 0.0218282882
v -15.8791991 2.03941506 0.021916503
v -15.8740044 2.03809946 0.0220024529
v -15.8690971 2.03594654 0.022083396
v -15.864611 2.03301542 0.0221575442
v -15.8606685 2.0293855 0.0222227517
v -15.8573771 2.02515619 0.0222769919
v -15.8548268 2.02044266 0.0223193112
v -15.8530867 2.01537364 0.0223480407
v -15.8522048 2.01008743 0.022362465
v -15.8522048 2.00472801 0.022362465
v -15.8530867 1.9994418 0.0223480407
v -15.8548268 1.99437254 0.0223193112
v -15.8573771 1.98965924 0.0222769919
v -15.8606685 1.98542994 0.0222227517
v -15.864611 1.98180001 0.0221575442
v -15.8690971 1.97886866 0.022083396
v -15.8740044 1.97671574 0.0220024529
v -15.8791992 1.97540014 0.021916503
v -15.884655 2.02748721 0.0288194361
v -15.8898562 2.02680128 0.028733367
v -15.8946964 2.02479475 0.0286534968
v -15.8988538 2.02160328 0.0285848323
v -15.9020443 2.0174424 0.0285320226
v -15.9040479 2.01260346 0.0284990016
v -15.9047313 2.00740212 0.0284876767
v -15.9040468 2.00220888 0.0284990016
v -15.9020395 1.99736422 0.0285321418
v -15.8988475 1.99320644 0.0285849515
v -15.8946912 1.99001735 0.028653616
v -15.8898455 1.9880113 0.0287337247
v -15.884655 1.98732846 0.0288194361
v -15.8794645 2.02680391 0.0289051476
v -15.8746189 2.02479809 0.0289852563
v -15.8704625 2.021609 0.0290539208
v -15.8672706 2.01745122 0.0291066113
v -15.8652633 2.01260679 0.0291397515
v -15.8645787 2.00741332 0.0291511956
v -15.8652622 2.00221198 0.0291397515
v -15.8672658 1.99737304 0.0291067305
v -15.8704563 1.99321192 0.02905404
v -15.8746136 1.99002069 0.0289852563
v -15.8794539 1.98801416 0.0289052668
v -15.8769284 2.00245588 0.0800787154
v -15.8756012 2.00740474 0.0801005307
v -15.8805514 1.99883335 0.0800187531
v -15.8854997 1.99750751 0.0799368563
v -15.876926 2.01235526 0.0800787154
v -15.8904505 1.99883526 0.0798550788
v -15.8805488 2.01598018 0.0800187531
v -15.8940733 2.00246018 0.0797953549
v -15.8854997 2.01730769 0.0799368563
v -15.8953981 2.00741046 0.0797735396
v -15.8904479 2.01598209 0.0798553172
v -15.894071 2.01235955 0.0797953549
v -15.8847727 1.99750751 0.0359430257
v -15.8798245 1.99883335 0.036024684
v -15.8762014 2.00245588 0.0360846463
v -15.8748742 2.00740474 0.0361065808
v -15.876199 2.01235526 0.0360846463
v -15.8798219 2.01598018 0.0360248032
v -15.8847727 2.01730769 0.0359430257
v -15.8897236 1.99883526 0.0358612481
v -15.8933464 2.00246018 0.0358012858
v -15.8946712 2.00741046 0.0357794705
v -15.893344 2.01235955 0.035801405
v -15.889721 2.01598209 0.0358612481
v -15.8847031 2.02500766 0.0317269507
v -15.8896564 2.02429574 0.0316450539
v -15.8847727 2.02500766 0.0359430257
v -15.8897337 2.0242936 0.0358610097
v -15.8942129 2.02221602 0.0315697137
v -15.8942907 2.02221077 0.0357856694
v -15.8980009 2.01893514 0.0315071288
v -15.8980742 2.01893013 0.0357232037
v -15.9007093 2.01472061 0.0314624253
v -15.9007805 2.01471775 0.0356785003
v -15.9021204 2.00991719 0.0314390603
v -15.9021916 2.00990813 0.0356552544
v -15.902122 2.00490707 0.0314390603
v -15.9021901 2.00489801 0.0356552544
v -15.9007108 2.00009745 0.0314624253
v -15.900779 2.00009435 0.0356785003
v -15.8980045 1.99588507 0.0315071288
v -15.8980705 1.9958803 0.0357233229
v -15.8942211 1.99260443 0.0315695945
v -15.8942825 1.99259918 0.0357857886
v -15.889664 1.9905216 0.0316450539
v -15.8897261 1.9905197 0.0358611289
v -15.8847031 1.98980754 0.0317269507
v -15.8847727 1.98980754 0.0359430257
v -15.8798193 2.02429574 0.0360248032
v -15.8797421 2.0242936 0.0318088475
v -15.8752629 2.02221602 0.0361001435
v -15.875185 2.02221077 0.0318841878
v -15.8714749 2.01893514 0.0361628476
v -15.8714016 2.01893013 0.0319466534
v -15.8687665 2.01472061 0.0362074319
v -15.8686953 2.01471775 0.0319913569
v -15.8673553 2.00991719 0.0362307969
v -15.8672841 2.00990813 0.0320147219
v -15.8673538 2.00490707 0.0362307969
v -15.8672857 2.00489801 0.0320147219
v -15.8687649 2.00009745 0.0362074319
v -15.8686968 2.00009435 0.0319913569
v -15.8714713 1.99588507 0.0361628476
v -15.8714052 1.9958803 0.0319466534
v -15.8752547 1.99260443 0.0361002627
v -15.8751932 1.99259918 0.0318840686
v -15.8798117 1.9905216 0.0360250417
v -15.8797497 1.9905197 0.0318088475
v -15.8846939 1.98925751 0.0311769191
v -15.8795858 1.98999208 0.0312614384
v -15.874887 1.99213641 0.0313390437
v -15.8709806 1.99552029 0.0314036551
v -15.8681875 1.99986594 0.0314497891
v -15.8667323 2.00481957 0.0314737502
v -15.8667308 2.00998634 0.0314737502
v -15.8681859 2.0149464 0.0314497891
v -15.8709769 2.01929038 0.0314036551
v -15.8748785 2.0226733 0.0313391629
v -15.879578 2.02482146 0.0312615577
v -15.8846939 2.02555769 0.0311769191
v -15.88981 1.98999398 0.0310925189
v -15.8945094 1.99214214 0.0310147944
v -15.8984111 1.99552482 0.0309504214
v -15.901202 1.9998688 0.0309041682
v -15.9026572 2.00482887 0.0308802071
v -15.9026557 2.00999563 0.0308802071
v -15.9012004 2.01494926 0.0309041682
v -15.8984074 2.01929515 0.0309504214
v -15.894501 2.02267903 0.0310149136
v -15.8898021 2.02482336 0.0310926381
v -15.884663 2.02720779 0.0292980614
v -15.8897812 2.02653425 0.0292135421
v -15.8945594 2.0245561 0.0291346255
v -15.898658 2.02141159 0.0290669146
v -15.9018055 2.01731151 0.0290149394
v -15.9037848 2.01253432 0.0289821568
v -15.9044599 2.00741332 0.0289709512
v -15.903786 2.00228422 0.0289821568
v -15.9018103 1.99751275 0.0290148202
v -15.8986641 1.99340933 0.0290667954
v -15.8945647 1.99026268 0.0291346255
v -15.8897917 1.98828405 0.0292134229
v -15.884663 1.98760765 0.0292980614
v -15.8795341 2.02653139 0.0293829385
v -15.8747612 2.02455276 0.0294617358
v -15.8706618 2.02140587 0.0295294467
v -15.8675156 2.01730269 0.0295815411
v -15.8655399 2.01253098 0.0296139661
v -15.864866 2.00740212 0.0296252909
v -15.865541 2.00228089 0.0296139661
v -15.8675203 1.99750393 0.0295813027
v -15.8706679 1.99340385 0.0295293275
v -15.8747664 1.99025934 0.0294617358
v -15.8795446 1.98828119 0.0293827
v -15.8846939 2.02698773 0.0311769191
v -15.8898191 2.02653139 0.0308722201
v -15.894592 2.02455276 0.0307934228
v -15.8986915 2.02140587 0.0307255927
v -15.9018376 2.01730269 0.0306736174
v -15.9038134 2.01253098 0.0306409541
v -15.9044873 2.00740212 0.0306298676
v -15.9038123 2.00228089 0.0306409541
v -15.901833 1.99750393 0.0306738559
v -15.8986854 1.99340385 0.0307258311
v -15.8945869 1.99025934 0.030793542
v -15.8898086 1.98828119 0.0308724585
v -15.8846939 1.98782771 0.0311769191
v -15.8795721 2.02653425 0.0310414973
v -15.8747938 2.0245561 0.0311205331
v -15.8706953 2.02141159 0.0311882439
v -15.8675477 2.01731151 0.0312403384
v -15.8655684 2.01253432 0.0312730017
v -15.8648934 2.00741332 0.0312840882
v -15.8655673 2.00228422 0.0312730017
v -15.867543 1.99751275 0.0312403384
v -15.8706891 1.99340933 0.0311883632
v -15.8747886 1.99026268 0.0311206523
v -15.8795615 1.98828405 0.0310418549
v -14.980116 1.47736901 0.0282365027
v -14.9768246 1.48159831 0.028290743
v -14.9826664 1.47265547 0.0281943026
v -14.9728821 1.485228 0.0283559504
v -14.9844063 1.46758645 0.0281655732
v -14.968396 1.48815911 0.0284300986
v -14.9852884 1.4623 0.0281509105
v -14.9634887 1.49031227 0.0285111609
v -14.9852884 1.45694059 0.0281509105
v -14.958294 1.49162787 0.0285969916
v -14.9844063 1.45165437 0.0281655732
v -14.9529536 1.49207037 0.0286852065
v -14.9826664 1.44658535 0.0281943026
v -14.9476132 1.49162763 0.0287735406
v -14.980116 1.44187182 0.0282365027
v -14.9424186 1.49031203 0.0288592521
v -14.9768246 1.43764251 0.028290743
v -14.9375113 1.48815911 0.0289404336
v -14.9728821 1.43401259 0.0283559504
v -14.9330251 1.485228 0.0290145818
v -14.968396 1.43108171 0.0284300986
v -14.9290827 1.48159831 0.0290795508
v -14.9634887 1.42892879 0.0285111609
v -14.9257913 1.47736901 0.0291341487
v -14.958294 1.42761319 0.0285969916
v -14.9232409 1.47265547 0.0291762296
v -14.9529536 1.42717045 0.0286852065
v -14.9215009 1.46758645 0.029204959
v -14.9476132 1.42761319 0.0287735406
v -14.9206189 1.4623 0.0292195025
v -14.9424186 1.42892879 0.0288592521
v -14.9206189 1.45694059 0.0292195025
v -14.9375113 1.43108171 0.0289404336
v -14.9215009 1.45165437 0.029204959
v -14.9330251 1.43401259 0.0290145818
v -14.9232409 1.44658535 0.0291762296
v -14.9290827 1.43764251 0.0290795508
v -14.9257913 1.44187182 0.0291341487
v -14.9529627 1.4926204 0.0292352382
v -14.9583936 1.49217051 0.0291453543
v -14.9636763 1.4908325 0.0290580931
v -14.9686668 1.4886431 0.0289758387
v -14.973229 1.48566216 0.02890026
v -14.9772383 1.48197072 0.0288339797
v -14.9805855 1.47766965 0.0287786666
v -14.9831791 1.47287648 0.0287358704
v -14.9849486 1.4677214 0.0287066642
v -14.9858455 1.4623453 0.028691763
v -14.9858455 1.45689529 0.028691763
v -14.9849486 1.45151942 0.0287066642
v -14.9831791 1.44636434 0.0287358704
v -14.9805855 1.44157117 0.0287786666
v -14.9772383 1.4372701 0.0288339797
v -14.973229 1.43357866 0.02890026
v -14.9686668 1.43059772 0.0289758387
v -14.9636763 1.42840832 0.0290580931
v -14.9583936 1.42707031 0.0291453543
v -14.9529627 1.42662042 0.0292352382
v -14.9475318 1.49217051 0.0293248835
v -14.9422491 1.4908325 0.0294121447
v -14.9372586 1.4886431 0.0294947568
v -14.9326965 1.48566216 0.0295699778
v -14.9286872 1.48197072 0.0296362582
v -14.92534 1.47766965 0.0296915713
v -14.9227464 1.47287625 0.0297343674
v -14.9209768 1.4677214 0.0297636929
v -14.9200799 1.4623453 0.0297784749
v -14.9200799 1.45689529 0.0297784749
v -14.9209768 1.45151942 0.0297636929
v -14.9227464 1.44636434 0.0297343674
v -14.92534 1.44157117 0.0296915713
v -14.9286872 1.4372701 0.0296362582
v -14.9326965 1.43357866 0.0295699778
v -14.9372586 1.43059772 0.0294947568
v -14.9422491 1.42840832 0.0294121447
v -14.9475318 1.42707031 0.0293248835
v -14.9531111 1.49207037 0.0382173005
v -14.9584514 1.49162787 0.0381290856
v -14.9636462 1.49031227 0.0380432549
v -14.9685535 1.48815911 0.0379620734
v -14.9730396 1.485228 0.0378880444
v -14.9769821 1.48159831 0.0378229562
v -14.9802735 1.47736901 0.0377684775
v -14.9828239 1.47265547 0.0377263966
v -14.9845639 1.46758645 0.037697548
v -14.9854459 1.4623 0.0376830045
v -14.9854459 1.45694059 0.0376830045
v -14.9845639 1.45165437 0.037697548
v -14.9828239 1.44658535 0.0377263966
v -14.9802735 1.44187182 0.0377684775
v -14.9769821 1.43764251 0.0378229562
v -14.9730396 1.43401259 0.0378880444
v -14.9685535 1.43108171 0.0379620734
v -14.9636462 1.42892879 0.0380432549
v -14.9584514 1.42761319 0.0381290856
v -14.9531111 1.42717045 0.0382173005
v -14.9477707 1.49162763 0.0383056346
v -14.9425761 1.49031203 0.0383913461
v -14.9376687 1.48815911 0.0384725276
v -14.9331827 1.485228 0.0385465565
v -14.9292402 1.48159831 0.0386116448
v -14.9259488 1.47736901 0.0386660043
v -14.9233984 1.47265547 0.0387082043
v -14.9216583 1.46758645 0.038737053
v -14.9207764 1.4623 0.0387514773
v -14.9207764 1.45694059 0.0387514773
v -14.9216583 1.45165437 0.038737053
v -14.9233984 1.44658535 0.0387082043
v -14.9259488 1.44187182 0.0386660043
v -14.9292402 1.43764251 0.0386116448
v -14.9331827 1.43401259 0.0385465565
v -14.9376687 1.43108171 0.0384725276
v -14.9425761 1.42892879 0.0383913461
v -14.9477708 1.42761319 0.0383056346
v -14.9532266 1.47969979 0.0452084485
v -14.9584278 1.47901386 0.0451224986
v -14.963268 1.47700732 0.0450425092
v -14.9674254 1.47381585 0.0449738446
v -14.9706159 1.46965497 0.0449211541
v -14.9726195 1.46481627 0.0448880139
v -14.9733029 1.45961469 0.0448768082
v -14.9726183 1.45442146 0.0448880139
v -14.9706111 1.44957679 0.0449211541
v -14.9674191 1.44541901 0.0449738446
v -14.9632629 1.44222992 0.0450426284
v -14.9584172 1.44022411 0.045122737
v -14.9532266 1.43954104 0.0452084485
v -14.9480362 1.47901672 0.04529416
v -14.9431905 1.4770109 0.0453742686
v -14.9390341 1.47382181 0.0454429332
v -14.9358422 1.46966379 0.0454956237
v -14.933835 1.46481937 0.0455288831
v -14.9331503 1.45962589 0.0455402079
v -14.9338338 1.45442455 0.0455288831
v -14.9358374 1.44958561 0.0454957429
v -14.9390278 1.44542473 0.0454430524
v -14.9431852 1.4422335 0.0453742686
v -14.9480255 1.44022673 0.0452943984
v -14.9455 1.45466846 0.0964677277
v -14.9441728 1.45961779 0.096489543
v -14.949123 1.45104616 0.0964077655
v -14.9540713 1.44972032 0.0963259879
v -14.9454976 1.46456783 0.0964677277
v -14.9590222 1.45104783 0.0962442103
v -14.9491204 1.46819299 0.0964078847
v -14.9626449 1.45467299 0.0961843673
v -14.9540713 1.4695205 0.0963259879
v -14.9639698 1.45962303 0.096162552
v -14.9590196 1.46819466 0.0962443295
v -14.9626426 1.46457236 0.0961843673
v -14.9533443 1.44972032 0.0523321572
v -14.948396 1.45104616 0.0524136964
v -14.9447731 1.45466846 0.0524736586
v -14.9434459 1.45961779 0.0524954739
v -14.9447707 1.46456783 0.0524736586
v -14.9483935 1.46819299 0.0524139348
v -14.9533443 1.4695205 0.0523321572
v -14.9582952 1.45104783 0.0522501412
v -14.961918 1.45467299 0.0521904174
v -14.9632428 1.45962351 0.0521684829
v -14.9619157 1.46457236 0.0521904174
v -14.9582927 1.46819466 0.0522502604
v -14.9532747 1.47722047 0.0481158438
v -14.958228 1.47650831 0.0480340663
v -14.9533443 1.47722047 0.0523321572
v -14.9583054 1.47650641 0.052250022
v -14.9627845 1.47442859 0.0479588452
v -14.9628624 1.47442334 0.0521746817
v -14.9665725 1.47114771 0.0478961411
v -14.9666458 1.47114318 0.0521122161
v -14.9692809 1.46693366 0.0478515569
v -14.9693521 1.4669308 0.0520675126
v -14.970692 1.46213 0.0478281918
v -14.9707632 1.46212118 0.0520441476
v -14.9706936 1.45711988 0.0478281918
v -14.9707618 1.45711082 0.0520441476
v -14.9692825 1.45231002 0.0478515569
v -14.9693506 1.4523074 0.0520675126
v -14.9665761 1.44809764 0.0478961411
v -14.9666421 1.44809311 0.0521123353
v -14.9627927 1.44481748 0.047958726
v -14.9628541 1.44481199 0.0521748009
v -14.9582356 1.44273442 0.0480339471
v -14.9582977 1.44273251 0.0522501412
v -14.9532747 1.44202035 0.0481158438
v -14.9533443 1.44202035 0.0523321572
v -14.948391 1.47650831 0.0524139348
v -14.9483137 1.47650641 0.0481978598
v -14.9438345 1.47442859 0.0524891558
v -14.9437566 1.47442334 0.0482732001
v -14.9400465 1.47114771 0.0525517407
v -14.9399732 1.47114318 0.0483356658
v -14.937338 1.46693366 0.0525964442
v -14.9372669 1.4669308 0.0483803693
v -14.935927 1.46213 0.0526198092
v -14.9358558 1.46212118 0.0484037343
v -14.9359255 1.45711988 0.0526198092
v -14.9358574 1.45711082 0.0484037343
v -14.9373366 1.45231002 0.0525964442
v -14.9372685 1.4523074 0.0483803693
v -14.9400429 1.44809764 0.0525517407
v -14.9399769 1.44809311 0.0483355466
v -14.9438263 1.44481748 0.0524892751
v -14.9437649 1.44481199 0.0482730809
v -14.9483833 1.44273442 0.052414054
v -14.9483213 1.44273251 0.0481977406
v -14.9532656 1.44147032 0.0475660506
v -14.9481574 1.44220465 0.0476504508
v -14.9434586 1.44434899 0.047728056
v -14.9395522 1.44773286 0.0477925483
v -14.9367592 1.45207852 0.0478388015
v -14.9353039 1.45703214 0.0478627625
v -14.9353024 1.46219915 0.0478627625
v -14.9367576 1.46715897 0.0478388015
v -14.9395485 1.47150319 0.0477925483
v -14.9434501 1.47488611 0.0477281752
v -14.9481496 1.47703427 0.04765057
v -14.9532656 1.4777705 0.0475660506
v -14.9583816 1.44220656 0.0474815312
v -14.9630811 1.44435471 0.047403926
v -14.9669827 1.44773763 0.0473394337
v -14.9697736 1.45208185 0.0472932998
v -14.9712288 1.45704144 0.0472692195
v -14.9712273 1.46220844 0.0472692195
v -14.969772 1.46716207 0.0472932998
v -14.966979 1.47150772 0.0473394337
v -14.9630726 1.4748916 0.0474040452
v -14.9583738 1.47703617 0.0474816504
v -14.9532345 1.47942036 0.045687193
v -14.9583528 1.47874683 0.0456025544
v -14.9631311 1.47676891 0.0455236378
v -14.9672296 1.4736244 0.0454560462
v -14.9703772 1.46952432 0.0454039517
v -14.9723565 1.46474713 0.0453712884
v -14.9730315 1.45962589 0.0453599635
v -14.9723576 1.45449703 0.0453712884
v -14.9703819 1.44972532 0.0454039517
v -14.9672357 1.44562214 0.045455927
v -14.9631363 1.44247549 0.0455236378
v -14.9583633 1.44049662 0.0456025544
v -14.9532345 1.43982046 0.045687193
v -14.9481057 1.4787442 0.0457719508
v -14.9433328 1.47676533 0.0458507481
v -14.9392333 1.47361868 0.045918459
v -14.9360872 1.4695155 0.0459705535
v -14.9341115 1.46474379 0.0460030976
v -14.9334376 1.45961469 0.0460143033
v -14.9341126 1.4544937 0.0460030976
v -14.936092 1.4497165 0.0459704343
v -14.9392395 1.44561642 0.045918459
v -14.943338 1.44247192 0.0458507481
v -14.9481162 1.440494 0.0457718316
v -14.9532656 1.4792003 0.0475660506
v -14.9583908 1.4787442 0.0472613517
v -14.9631637 1.47676533 0.0471824351
v -14.9672631 1.47361868 0.0471147242
v -14.9704093 1.4695155 0.047062749
v -14.972385 1.46474379 0.0470300856
v -14.9730589 1.45961469 0.0470189992
v -14.9723838 1.4544937 0.0470300856
v -14.9704046 1.4497165 0.047062749
v -14.967257 1.44561642 0.0471148434
v -14.9631585 1.44247192 0.0471825543
v -14.9583803 1.440494 0.0472614709
v -14.9532656 1.44004029 0.0475660506
v -14.9481437 1.47874683 0.0474306289
v -14.9433654 1.47676891 0.0475095454
v -14.9392669 1.4736244 0.0475772563
v -14.9361194 1.46952432 0.0476293507
v -14.93414 1.46474713 0.0476620141
v -14.933465 1.45962589 0.0476731005
v -14.9341389 1.45449703 0.0476620141
v -14.9361147 1.44972532 0.0476293507
v -14.9392608 1.44562214 0.0475773755
v -14.9433603 1.44247549 0.0475096646
v -14.9481332 1.44049662 0.0474307481
v -15.4673593 1.55315536 1.15246757
v -15.4673593 1.54805582 1.15246904
v -15.4674088 1.55728119 1.15546391
v -15.4674889 1.55885761 1.1603134
v -15.4674088 1.54393261 1.15546648
v -15.467569 1.55728143 1.16516289
v -15.4674889 1.54235762 1.1603134
v -15.4676185 1.55315512 1.1681591
v -15.467569 1.54393237 1.16516032
v -15.4676185 1.5480563 1.16815764
v -15.2803848 1.55315941 1.15555839
v -15.2804343 1.5572831 1.15855583
v -15.2803848 1.54806011 1.15555681
v -15.2805144 1.55885761 1.16340263
v -15.2804343 1.54393404 1.15855327
v -15.2805946 1.55728119 1.16825224
v -15.2805144 1.54235762 1.16340263
v -15.2806441 1.55315512 1.17124833
v -15.2805945 1.54393237 1.1682498
v -15.2806441 1.5480563 1.17124687
v -14.9578716 1.99545568 1.55378642
v -14.9538859 1.99851602 1.55385234
v -14.9625153 1.99353069 1.55370977
v -14.950829 2.00250118 1.55390274
v -14.9674935 1.99287456 1.55362737
v -14.9489063 2.00714749 1.55393451
v -14.9724793 1.99352973 1.55354511
v -14.9482515 2.01212447 1.55394536
v -14.9771177 1.99545091 1.55346843
v -14.9489089 2.01711148 1.55393451
v -14.9811063 1.99851006 1.55340251
v -14.9508323 2.02175229 1.55390262
v -14.9841654 2.00249618 1.55335196
v -14.9538914 2.02573841 1.55385222
v -14.9860889 2.00713723 1.55332022
v -14.95788 2.02879732 1.5537863
v -14.9867462 2.01212447 1.55330926
v -14.9625184 2.0307185 1.55370965
v -14.9860915 2.01710098 1.55332022
v -14.9675043 2.03137391 1.55362725
v -14.9841688 2.02174705 1.55335184
v -14.9724824 2.03071755 1.55354496
v -14.9811119 2.02573245 1.55340239
v -14.9771262 2.02879303 1.55346831
v -14.9569629 1.99545568 1.49879386
v -14.9616067 1.99353069 1.49871721
v -14.9529772 1.99851602 1.49885979
v -14.9499204 2.00250118 1.49891033
v -14.9665848 1.99287456 1.49863493
v -14.9479976 2.00714749 1.49894207
v -14.9715707 1.99352973 1.49855267
v -14.9473429 2.01212447 1.49895292
v -14.9762091 1.99545091 1.49847599
v -14.9480002 2.01711148 1.49894207
v -14.9801977 1.99851006 1.49840995
v -14.9499237 2.02175229 1.49891021
v -14.9832568 2.00249618 1.49835953
v -14.9529828 2.02573841 1.49885967
v -14.9851802 2.00713723 1.49832767
v -14.9569713 2.02879732 1.49879375
v -14.9858376 2.01212447 1.49831682
v -14.9616098 2.0307185 1.49871709
v -14.9851828 2.01710098 1.49832767
v -14.9665956 2.03137391 1.49863481
v -14.98326 2.02174705 1.49835941
v -14.9715738 2.03071755 1.49855253
v -14.9802032 2.02573245 1.49840983
v -14.9762176 2.02879303 1.49847575
v -14.958481 2.03730314 0.147417778
v -14.9638213 2.03686088 0.147329444
v -14.9585965 2.02493256 0.154408926
v -14.9637976 2.02424687 0.154322857
v -14.969016 2.03554528 0.147243733
v -14.9686379 2.02224034 0.154242987
v -14.9739234 2.03339236 0.147162551
v -14.9784095 2.03046101 0.147088403
v -14.9727952 2.0190491 0.154174203
v -14.982352 2.02683109 0.147023434
v -14.9856433 2.02260178 0.146968955
v -14.9759858 2.01488798 0.154121512
v -14.9881937 2.01788848 0.146926755
v -14.9779893 2.01004904 0.154088372
v -14.9899337 2.01281946 0.146898026
v -14.9908157 2.00753301 0.146883482
v -14.9786728 2.0048477 0.154077167
v -14.9908157 2.0021736 0.146883482
v -14.9779882 1.99965447 0.154088372
v -14.9899337 1.99688738 0.146898026
v -14.9881937 1.99181836 0.146926755
v -14.975981 1.9948098 0.154121632
v -14.9856433 1.98710507 0.146968955
v -14.972789 1.99065178 0.154174441
v -14.982352 1.98287528 0.147023434
v -14.9784095 1.9792456 0.147088403
v -14.9686326 1.98746293 0.154243106
v -14.9739234 1.97631448 0.147162551
v -14.969016 1.97416156 0.147243733
v -14.963787 1.98545712 0.154323215
v -14.9638214 1.97284597 0.147329444
v -14.9585965 1.98477381 0.154408926
v -14.958481 1.97240346 0.147417778
v -14.9569623 2.02879732 1.49824395
v -14.9616007 2.0307185 1.49816727
v -14.9529737 2.02573841 1.49830973
v -14.9499146 2.02175229 1.49836027
v -14.9665866 2.03137391 1.49808475
v -14.9479911 2.01711148 1.49839213
v -14.9715647 2.03071755 1.49800261
v -14.9473338 2.01212447 1.49840289
v -14.9762085 2.02879303 1.49792584
v -14.9479886 2.00714749 1.49839213
v -14.9801941 2.02573245 1.49786004
v -14.9499113 2.00250118 1.49836027
v -14.983251 2.02174705 1.49780949
v -14.9529682 1.99851602 1.49830987
v -14.9851738 2.01710098 1.49777775
v -14.9569538 1.99545568 1.49824407
v -14.9858285 2.01212447 1.497767
v -14.9615976 1.99353069 1.49816727
v -14.9851712 2.00713723 1.49777787
v -14.9665757 1.99287456 1.49808499
v -14.9832477 2.00249618 1.49780949
v -14.9715615 1.99352973 1.49800261
v -14.9801886 1.99851006 1.49786016
v -14.9762 1.99545091 1.49792596
v -14.9703022 1.99545568 1.14047465
v -14.9742879 1.99851602 1.14040873
v -14.9656585 1.99353069 1.14055131
v -14.9773447 2.00250118 1.14035832
v -14.9606803 1.99287456 1.14063371
v -14.9792675 2.00714749 1.14032658
v -14.9556945 1.99352973 1.14071599
v -14.9799223 2.01212447 1.14031572
v -14.9510561 1.99545091 1.14079265
v -14.9792649 2.01711148 1.14032658
v -14.9470674 1.99851006 1.14085856
v -14.9773415 2.02175229 1.14035844
v -14.9440083 2.00249618 1.1409091
v -14.9742824 2.02573841 1.14040886
v -14.9420849 2.00713723 1.14094084
v -14.9702938 2.02879732 1.14047478
v -14.9414275 2.01212447 1.14095183
v -14.9656553 2.0307185 1.14055143
v -14.9420823 2.01710098 1.14094084
v -14.9606695 2.03137391 1.14063383
v -14.9440051 2.02174705 1.14090922
v -14.9556914 2.03071755 1.14071611
v -14.9470619 2.02573245 1.14085856
v -14.9510476 2.02879303 1.14079277
v -14.954674 2.01212447 1.44327409
v -14.9557621 2.00735419 1.44325615
v -14.9501308 2.01212447 1.16831169
v -14.9512189 2.00735419 1.16829375
v -14.9588129 2.00352591 1.44320572
v -14.9542696 2.00352591 1.16824333
v -14.9632239 2.00140017 1.44313286
v -14.9586807 2.00140017 1.16817045
v -14.9681179 2.00139969 1.44305205
v -14.9635748 2.00139969 1.16808952
v -14.9725273 2.00352209 1.44297917
v -14.967984 2.00352209 1.16801677
v -14.9755807 2.00734966 1.44292876
v -14.9710375 2.00734966 1.16796623
v -14.976671 2.01212447 1.44291081
v -14.9721277 2.01212447 1.16794829
v -14.951221 2.01689881 1.16829375
v -14.9557642 2.01689881 1.44325615
v -14.9542745 2.02072614 1.16824321
v -14.9588177 2.02072614 1.4432056
v -14.9586837 2.02284854 1.16817033
v -14.963227 2.02284854 1.44313286
v -14.9635777 2.0228483 1.16808952
v -14.968121 2.0228483 1.44305205
v -14.9679888 2.02072232 1.16801652
v -14.9725321 2.02072232 1.44297917
v -14.9710396 2.01689451 1.16796623
v -14.9755828 2.01689451 1.44292864
v -14.9746048 2.01212447 1.15140495
v -14.9735565 2.006859 1.15142229
v -14.9748774 2.01212447 1.16790288
v -14.973829 2.006859 1.16792021
v -14.9705762 2.00239986 1.1514716
v -14.9708489 2.00239986 1.16796928
v -14.9661158 1.9994201 1.15154533
v -14.9663883 1.9994201 1.16804301
v -14.9608527 1.9983744 1.15163237
v -14.9611254 1.9983744 1.16813005
v -14.9555943 1.99942129 1.15171916
v -14.9558669 1.99942129 1.16821696
v -14.9511331 2.00240415 1.15179289
v -14.9514057 2.00240415 1.16829069
v -14.9481539 2.00686544 1.15184208
v -14.9484265 2.00686544 1.16833989
v -14.9471086 2.01212447 1.15185942
v -14.9473811 2.01212447 1.1683571
v -14.9738319 2.01738303 1.16792009
v -14.9735594 2.01738303 1.15142229
v -14.9708528 2.02184432 1.16796928
v -14.9705802 2.02184432 1.1514716
v -14.9663915 2.02482718 1.16804301
v -14.9661189 2.02482718 1.15154533
v -14.9611331 2.02587407 1.16812993
v -14.9608605 2.02587407 1.15163224
v -14.9558701 2.02482813 1.16821696
v -14.9555975 2.02482813 1.15171904
v -14.9514096 2.02184861 1.16829045
v -14.951137 2.02184861 1.15179277
v -14.9484294 2.01738971 1.16833976
v -14.9481568 2.01738971 1.15184208
v -14.9416093 2.01212447 1.15195024
v -14.9422666 2.01711148 1.15193937
v -14.9441901 2.02175229 1.15190764
v -14.9472492 2.02573841 1.1518571
v -14.9512378 2.02879732 1.15179118
v -14.9558762 2.0307185 1.15171452
v -14.9608621 2.03137391 1.15163224
v -14.9658402 2.03071755 1.15154985
v -14.9704839 2.02879303 1.15147319
v -14.9744697 2.02573245 1.15140727
v -14.9775265 2.02174705 1.15135673
v -14.9794493 2.01710098 1.151325
v -14.980104 2.01212447 1.15131425
v -14.9422641 2.00714749 1.15193937
v -14.9441868 2.00250118 1.15190764
v -14.9472437 1.99851602 1.1518571
v -14.9512293 1.99545568 1.1517913
v -14.9558731 1.99353069 1.15171452
v -14.9608512 1.99287456 1.15163237
v -14.9658371 1.99352973 1.15154985
v -14.9704755 1.99545091 1.15147331
v -14.9744642 1.99851006 1.15140739
v -14.9775232 2.00249618 1.15135673
v -14.9794466 2.00713723 1.15132512
v -14.9578807 1.99545568 1.55433636
v -14.9625244 1.99353069 1.55425956
v -14.9538949 1.99851602 1.55440214
v -14.9508381 2.00250118 1.55445268
v -14.9675025 1.99287456 1.5541774
v -14.9489154 2.00714749 1.55448454
v -14.9724884 1.99352973 1.55409499
v -14.9482606 2.01212447 1.55449527
v -14.9771268 1.99545091 1.55401822
v -14.948918 2.01711148 1.55448454
v -14.9811154 1.99851006 1.55395245
v -14.9508414 2.02175229 1.55445268
v -14.9841745 2.00249618 1.55390191
v -14.9539004 2.02573841 1.55440202
v -14.9860979 2.00713723 1.55387005
v -14.9578891 2.02879732 1.55433624
v -14.9867553 2.01212447 1.55385929
v -14.9625275 2.0307185 1.55425956
v -14.9861005 2.01710098 1.55387005
v -14.9675133 2.03137391 1.55417716
v -14.9841778 2.02174705 1.55390191
v -14.9724915 2.03071755 1.55409499
v -14.9811209 2.02573245 1.5539523
v -14.9771353 2.02879303 1.5540181
v -14.9529831 2.03686088 0.137973899
v -14.9477884 2.03554528 0.13805973
v -14.9428812 2.03339236 0.138140911
v -14.938395 2.03046101 0.138215059
v -14.9344525 2.02683109 0.138280148
v -14.9311612 2.02260178 0.138334507
v -14.9286107 2.01788848 0.138376588
v -14.9268708 2.01281946 0.138405437
v -14.9529832 1.97284597 0.137973899
v -14.9259887 2.00753301 0.13841998
v -14.9477884 1.97416156 0.13805973
v -14.9259887 2.0021736 0.13841998
v -14.9428812 1.97631448 0.138140911
v -14.9268708 1.99688714 0.138405437
v -14.938395 1.9792456 0.138215059
v -14.9286107 1.99181836 0.138376588
v -14.9344525 1.98287528 0.138280148
v -14.9311612 1.98710507 0.138334507
v -14.9529017 2.03740352 0.138525242
v -14.947619 2.03606551 0.138612742
v -14.9426284 2.03387612 0.138695115
v -14.9380663 2.03089493 0.138770455
v -14.934057 2.0272035 0.138836736
v -14.9307099 2.02290266 0.138892049
v -14.9281161 2.0181095 0.138934845
v -14.9263467 2.01295441 0.138964171
v -14.9254497 2.00757831 0.138978952
v -14.9254497 2.0021283 0.138978952
v -14.9263467 1.99675244 0.138964171
v -14.9281161 1.99159735 0.138934845
v -14.9307099 1.98680394 0.138892049
v -14.934057 1.98250287 0.138836736
v -14.9380663 1.97881191 0.138770455
v -14.9426284 1.97583073 0.138695115
v -14.947619 1.97364133 0.138612742
v -14.9529017 1.97230333 0.138525242
v -14.9531406 2.03686088 0.147505993
v -14.9479459 2.03554528 0.147591824
v -14.9430386 2.03339236 0.147672886
v -14.9385525 2.03046101 0.147747034
v -14.93461 2.02683109 0.147812242
v -14.9313186 2.02260178 0.147866482
v -14.9287682 2.01788848 0.147908682
v -14.9270282 2.01281946 0.147937411
v -14.9261462 2.00753301 0.147952074
v -14.9261462 2.0021736 0.147952074
v -14.9270282 1.99688714 0.147937411
v -14.9287682 1.99181836 0.147908682
v -14.9313186 1.98710507 0.147866482
v -14.93461 1.98287528 0.147812242
v -14.9385525 1.9792456 0.147747034
v -14.9430386 1.97631448 0.147672886
v -14.9479459 1.97416156 0.147591824
v -14.9531407 1.97284597 0.147505993
v -14.953406 2.02424949 0.154494757
v -14.9485604 2.02224367 0.154574746
v -14.9444039 2.01905459 0.154643411
v -14.941212 2.0148968 0.154696101
v -14.9392047 2.01005238 0.154729241
v -14.9385202 2.00485891 0.154740566
v -14.9392037 1.9996578 0.154729241
v -14.9412072 1.99481886 0.15469622
v -14.9443977 1.99065774 0.15464353
v -14.9485551 1.98746651 0.154574746
v -14.9533953 1.98545974 0.154494757
v -14.9508698 1.99990147 0.205668086
v -14.9495426 2.00485056 0.205690021
v -14.9544928 1.99627917 0.205608243
v -14.9594411 1.99495333 0.205526465
v -14.9508675 2.00980085 0.205668086
v -14.964392 1.99628084 0.205444688
v -14.9544903 2.01342576 0.205608243
v -14.9680148 1.99990576 0.205384845
v -14.9594411 2.01475352 0.205526465
v -14.9693397 2.00485628 0.20536291
v -14.9643894 2.01342743 0.205444688
v -14.9680124 2.00980514 0.205384845
v -14.9587141 1.99495333 0.161532516
v -14.9537659 1.99627917 0.161614174
v -14.9501429 1.99990147 0.161674136
v -14.9488156 2.00485056 0.161695952
v -14.9501405 2.00980085 0.161674136
v -14.9537634 2.01342576 0.161614293
v -14.9587141 2.01475352 0.161532516
v -14.9636651 1.99628084 0.161450619
v -14.9672879 1.99990576 0.161390776
v -14.9686127 2.00485628 0.16136896
v -14.9672854 2.00980514 0.161390776
v -14.9636625 2.01342743 0.161450738
v -14.9586446 2.02245348 0.157316321
v -14.9635979 2.02174109 0.157234544
v -14.9587141 2.02245348 0.161532516
v -14.9636752 2.02173942 0.1614505
v -14.9681543 2.0196616 0.157159204
v -14.9682322 2.01965635 0.161375159
v -14.9719424 2.01638048 0.157096619
v -14.9720157 2.01637595 0.161312694
v -14.9746508 2.01216644 0.157051915
v -14.974722 2.01216357 0.16126799
v -14.9760619 2.00736302 0.15702855
v -14.9761331 2.00735396 0.161244744
v -14.9760634 2.00235289 0.15702855
v -14.9761316 2.00234383 0.161244744
v -14.9746523 1.99754327 0.157051915
v -14.9747204 1.99754041 0.16126799
v -14.9719459 1.99333089 0.157096619
v -14.972012 1.99332612 0.161312813
v -14.9681626 1.99005049 0.157159084
v -14.968224 1.99004501 0.161375398
v -14.9636055 1.98796743 0.157234425
v -14.9636676 1.98796552 0.161450619
v -14.9586446 1.98725336 0.157316321
v -14.9587141 1.98725336 0.161532516
v -14.9537609 2.02174109 0.161614293
v -14.9536835 2.02173942 0.157398457
v -14.9492044 2.0196616 0.161689633
v -14.9491265 2.01965635 0.157473678
v -14.9454164 2.01638048 0.161752218
v -14.9453431 2.01637595 0.157536143
v -14.9427079 2.01216644 0.161796922
v -14.9426367 2.01216357 0.157580847
v -14.9412968 2.00736302 0.161820168
v -14.9412256 2.00735396 0.157604212
v -14.9412953 2.00235289 0.161820168
v -14.9412271 2.00234383 0.157604212
v -14.9427063 1.99754327 0.161796922
v -14.9426382 1.99754041 0.157580847
v -14.9454127 1.99333089 0.161752218
v -14.9453467 1.99332612 0.157536024
v -14.9491962 1.99005049 0.161689753
v -14.9491347 1.99004501 0.157473559
v -14.9537532 1.98796743 0.161614412
v -14.9536912 1.98796552 0.157398218
v -14.9586354 1.98670333 0.156766528
v -14.9535273 1.9874379 0.156850928
v -14.9488284 1.989582 0.156928534
v -14.944922 1.99296587 0.156993145
v -14.942129 1.99731177 0.15703916
v -14.9406738 2.00226539 0.157063359
v -14.9406722 2.00743216 0.157063359
v -14.9421273 2.01239222 0.15703916
v -14.9449184 2.0167362 0.156993145
v -14.94882 2.02011889 0.156928653
v -14.9535195 2.02226704 0.156851048
v -14.9586354 2.02300351 0.156766528
v -14.9637514 1.98743981 0.15668189
v -14.9684509 1.98958772 0.156604284
v -14.9723526 1.99297064 0.156539792
v -14.9751435 1.99731463 0.156493658
v -14.9765987 2.00227469 0.156469578
v -14.9765971 2.00744146 0.156469578
v -14.9751419 2.01239508 0.156493658
v -14.9723489 2.01674073 0.156539792
v -14.9684424 2.02012461 0.156604404
v -14.9637436 2.02226918 0.156682009
v -14.9586044 2.02465337 0.154887551
v -14.9637227 2.02397984 0.154803032
v -14.9685009 2.02200168 0.154723996
v -14.9725994 2.01885718 0.154656405
v -14.975747 2.01475709 0.154604429
v -14.9777263 2.0099799 0.154571647
v -14.9784014 2.00485891 0.154560441
v -14.9777275 1.99973005 0.154571647
v -14.9757518 1.99495834 0.15460431
v -14.9726056 1.99085515 0.154656285
v -14.9685062 1.98770827 0.154723996
v -14.9637332 1.98572939 0.154802913
v -14.9586044 1.98505324 0.154887551
v -14.9534756 2.02397721 0.154972309
v -14.9487027 2.02199858 0.155051226
v -14.9446032 2.01885169 0.155119056
v -14.9414571 2.01474851 0.155171031
v -14.9394814 2.0099768 0.155203456
v -14.9388074 2.0048477 0.155214781
v -14.9394824 1.99972671 0.155203456
v -14.9414618 1.99494975 0.155170793
v -14.9446093 1.99084967 0.155118817
v -14.9487079 1.98770493 0.155051226
v -14.9534861 1.98572701 0.15497219
v -14.9586354 2.02443331 0.156766528
v -14.9637606 2.02397721 0.15646171
v -14.9685335 2.02199858 0.156382913
v -14.972633 2.01885169 0.156315083
v -14.9757791 2.01474851 0.156263107
v -14.9777549 2.0099768 0.156230444
v -14.9784288 2.0048477 0.156219358
v -14.9777537 1.99972671 0.156230444
v -14.9757745 1.99494975 0.156263227
v -14.9726269 1.99084967 0.156315202
v -14.9685284 1.98770493 0.156383032
v -14.9637501 1.98572701 0.156461948
v -14.9586354 1.9852733 0.156766528
v -14.9535135 2.02397984 0.156630987
v -14.9487353 2.02200168 0.156710023
v -14.9446368 2.01885718 0.156777853
v -14.9414892 2.01475709 0.156829828
v -14.9395099 2.0099799 0.156862492
v -14.9388349 2.00485891 0.156873578
v -14.9395087 1.99973005 0.156862492
v -14.9414845 1.99495834 0.156829828
v -14.9446306 1.99085515 0.156777853
v -14.9487301 1.98770827 0.156710142
v -14.953503 1.98572939 0.156631345
v -14.9560452 2.02879303 1.44325151
v -14.9520595 2.02573245 1.4433173
v -14.9490026 2.02174705 1.44336783
v -14.9470799 2.01710098 1.44339971
v -14.9464251 2.01212447 1.44341044
v -14.9470825 2.00713723 1.44339957
v -14.9490059 2.00249618 1.44336783
v -14.952065 1.99851006 1.44331718
v -14.9560536 1.99545091 1.4432514
v -14.960692 1.99352973 1.44317473
v -14.9656779 1.99287456 1.44309233
v -14.970656 1.99353069 1.44301018
v -14.9752998 1.99545568 1.44293327
v -14.9792854 1.99851602 1.44286748
v -14.9823423 2.00250118 1.44281706
v -14.984265 2.00714749 1.4427852
v -14.9849198 2.01212447 1.44277445
v -14.9842625 2.01711148 1.4427852
v -14.982339 2.02175229 1.44281706
v -14.9792799 2.02573841 1.44286772
v -14.9752913 2.02879732 1.44293352
v -14.9706529 2.0307185 1.44301018
v -14.965667 2.03137391 1.44309256
v -14.9606889 2.03071755 1.44317473
vt 0.415782988 -0.217171997
vt 0.415775001 -0.216672003
vt 0.410928011 -0.217574
vt 0.410928011 -0.217574
vt 0.415775001 -0.216672003
vt 0.410836995 -0.217080995
vt 0.410928011 -0.217574
vt 0.410836995 -0.217080995
vt 0.406206012 -0.218769997
vt 0.406206012 -0.218769997
vt 0.410836995 -0.217080995
vt 0.406035006 -0.218297005
vt 0.406206012 -0.218769997
vt 0.406035006 -0.218297005
vt 0.401744008 -0.220726997
vt 0.401744008 -0.220726997
vt 0.406035006 -0.218297005
vt 0.40149799 -0.220286995
vt 0.401744008 -0.220726997
vt 0.40149799 -0.220286995
vt 0.397666007 -0.223391995
vt 0.397666007 -0.223391995
vt 0.40149799 -0.220286995
vt 0.397350997 -0.222996995
vt 0.397666007 -0.223391995
vt 0.397350997 -0.222996995
vt 0.39408201 -0.226692006
vt 0.39408201 -0.226692006
vt 0.397350997 -0.222996995
vt 0.393705994 -0.226353005
vt 0.39408201 -0.226692006
vt 0.393705994 -0.226353005
vt 0.391090006 -0.230536997
vt 0.391090006 -0.230536997
vt 0.393705994 -0.226353005
vt 0.390662998 -0.230262995
vt 0.391090006 -0.230536997
vt 0.390662998 -0.230262995
vt 0.388770998 -0.234822005
vt 0.388770998 -0.234822005
vt 0.390662998 -0.230262995
vt 0.388305008 -0.234621003
vt 0.388770998 -0.234822005
vt 0.388305008 -0.234621003
vt 0.387189001 -0.239429995
vt 0.387189001 -0.239429995
vt 0.388305008 -0.234621003
vt 0.386696994 -0.239307001
vt 0.387189001 -0.239429995
vt 0.386696994 -0.239307001
vt 0.386388004 -0.244236007
vt 0.386388004 -0.244236007
vt 0.386696994 -0.239307001
vt 0.385881007 -0.244194001
vt 0.386388004 -0.244236007
vt 0.385881007 -0.244194001
vt 0.386388004 -0.249108002
vt 0.386388004 -0.249108002
vt 0.385881007 -0.244194001
vt 0.385881007 -0.249148995
vt 0.386388004 -0.249108002
vt 0.385881007 -0.249148995
vt 0.387189001 -0.253912985
vt 0.387189001 -0.253912985
vt 0.385881007 -0.249148995
vt 0.386696994 -0.254036009
vt 0.387189001 -0.253912985
vt 0.386696994 -0.254036009
vt 0.388770998 -0.258522004
vt 0.388770998 -0.258522004
vt 0.386696994 -0.254036009
vt 0.388305008 -0.258722991
vt 0.388770998 -0.258522004
vt 0.388305008 -0.258722991
vt 0.391090006 -0.262807012
vt 0.391090006 -0.262807012
vt 0.388305008 -0.258722991
vt 0.390662998 -0.263080001
vt 0.391090006 -0.262807012
vt 0.390662998 -0.263080001
vt 0.39408201 -0.266651005
vt 0.39408201 -0.266651005
vt 0.390662998 -0.263080001
vt 0.393705994 -0.266990006
vt 0.39408201 -0.266651005
vt 0.393705994 -0.266990006
vt 0.397666007 -0.269950986
vt 0.397666007 -0.269950986
vt 0.393705994 -0.266990006
vt 0.397350997 -0.270345986
vt 0.397666007 -0.269950986
vt 0.397350997 -0.270345986
vt 0.401744008 -0.272615999
vt 0.401744008 -0.272615999
vt 0.397350997 -0.270345986
vt 0.40149799 -0.273056
vt 0.401744008 -0.272615999
vt 0.40149799 -0.273056
vt 0.406206012 -0.274572998
vt 0.406206012 -0.274572998
vt 0.40149799 -0.273056
vt 0.406035006 -0.275045991
vt 0.406206012 -0.274572998
vt 0.406035006 -0.275045991
vt 0.410928011 -0.275768995
vt 0.410928011 -0.275768995
vt 0.406035006 -0.275045991
vt 0.410836995 -0.276261985
vt 0.410928011 -0.275768995
vt 0.410836995 -0.276261985
vt 0.415782988 -0.276172012
vt 0.415782988 -0.276172012
vt 0.410836995 -0.276261985
vt 0.415775001 -0.276672006
vt -0.455776989 0.230381995
vt -0.452784002 0.226537004
vt -0.458095014 0.234667003
vt -0.458095014 0.234667003
vt -0.452784002 0.226537004
vt -0.449200004 0.223236993
vt -0.458095014 0.234667003
vt -0.449200004 0.223236993
vt -0.459677011 0.239274994
vt -0.459677011 0.239274994
vt -0.449200004 0.223236993
vt -0.445122004 0.220572993
vt -0.459677011 0.239274994
vt -0.445122004 0.220572993
vt -0.460478991 0.244081005
vt -0.460478991 0.244081005
vt -0.445122004 0.220572993
vt -0.440661013 0.218615994
vt -0.460478991 0.244081005
vt -0.440661013 0.218615994
vt -0.460478991 0.248953
vt -0.460478991 0.248953
vt -0.440661013 0.218615994
vt -0.435938001 0.217418998
vt -0.460478991 0.248953
vt -0.435938001 0.217418998
vt -0.459677011 0.253758997
vt -0.459677011 0.253758997
vt -0.435938001 0.217418998
vt -0.431084007 0.217016995
vt -0.459677011 0.253758997
vt -0.431084007 0.217016995
vt -0.458095014 0.258367002
vt -0.458095014 0.258367002
vt -0.431084007 0.217016995
vt -0.426229 0.217418998
vt -0.458095014 0.258367002
vt -0.426229 0.217418998
vt -0.455776989 0.26265201
vt -0.455776989 0.26265201
vt -0.426229 0.217418998
vt -0.421505988 0.218615994
vt -0.455776989 0.26265201
vt -0.421505988 0.218615994
vt -0.452784002 0.266496986
vt -0.452784002 0.266496986
vt -0.421505988 0.218615994
vt -0.417044997 0.220572993
vt -0.452784002 0.266496986
vt -0.417044997 0.220572993
vt -0.449200004 0.269796997
vt -0.449200004 0.269796997
vt -0.417044997 0.220572993
vt -0.412966996 0.223236993
vt -0.449200004 0.269796997
vt -0.412966996 0.223236993
vt -0.445122004 0.27246201
vt -0.445122004 0.27246201
vt -0.412966996 0.223236993
vt -0.409382999 0.226537004
vt -0.445122004 0.27246201
vt -0.409382999 0.226537004
vt -0.440661013 0.27441901
vt -0.440661013 0.27441901
vt -0.409382999 0.226537004
vt -0.406390011 0.230381995
vt -0.440661013 0.27441901
vt -0.406390011 0.230381995
vt -0.435938001 0.275615007
vt -0.435938001 0.275615007
vt -0.406390011 0.230381995
vt -0.404071987 0.234667003
vt -0.435938001 0.275615007
vt -0.404071987 0.234667003
vt -0.431084007 0.27601701
vt -0.431084007 0.27601701
vt -0.404071987 0.234667003
vt -0.40248999 0.239274994
vt -0.431084007 0.27601701
vt -0.40248999 0.239274994
vt -0.426229 0.275615007
vt -0.426229 0.275615007
vt -0.40248999 0.239274994
vt -0.40168801 0.244081005
vt -0.426229 0.275615007
vt -0.40168801 0.244081005
vt -0.421505988 0.27441901
vt -0.421505988 0.27441901
vt -0.40168801 0.244081005
vt -0.40168801 0.248953
vt -0.421505988 0.27441901
vt -0.40168801 0.248953
vt -0.417044997 0.27246201
vt -0.417044997 0.27246201
vt -0.40168801 0.248953
vt -0.40248999 0.253758997
vt -0.417044997 0.27246201
vt -0.40248999 0.253758997
vt -0.412966996 0.269796997
vt -0.412966996 0.269796997
vt -0.40248999 0.253758997
vt -0.404071987 0.258367002
vt -0.412966996 0.269796997
vt -0.404071987 0.258367002
vt -0.409382999 0.266496986
vt -0.409382999 0.266496986
vt -0.404071987 0.258367002
vt -0.406390011 0.26265201
vt -0.431091994 0.216517001
vt -0.431084007 0.217016995
vt -0.436028987 0.216925994
vt -0.436028987 0.216925994
vt -0.431084007 0.217016995
vt -0.435938001 0.217418998
vt -0.436028987 0.216925994
vt -0.435938001 0.217418998
vt -0.440831006 0.218143001
vt -0.440831006 0.218143001
vt -0.435938001 0.217418998
vt -0.440661013 0.218615994
vt -0.440831006 0.218143001
vt -0.440661013 0.218615994
vt -0.445367992 0.220133007
vt -0.445367992 0.220133007
vt -0.440661013 0.218615994
vt -0.445122004 0.220572993
vt -0.445367992 0.220133007
vt -0.445122004 0.220572993
vt -0.449515998 0.222843006
vt -0.449515998 0.222843006
vt -0.445122004 0.220572993
vt -0.449200004 0.223236993
vt -0.449515998 0.222843006
vt -0.449200004 0.223236993
vt -0.453159988 0.226199001
vt -0.453159988 0.226199001
vt -0.449200004 0.223236993
vt -0.452784002 0.226537004
vt -0.453159988 0.226199001
vt -0.452784002 0.226537004
vt -0.456203014 0.230109006
vt -0.456203014 0.230109006
vt -0.452784002 0.226537004
vt -0.455776989 0.230381995
vt -0.456203014 0.230109006
vt -0.455776989 0.230381995
vt -0.458561003 0.234466001
vt -0.458561003 0.234466001
vt -0.455776989 0.230381995
vt -0.458095014 0.234667003
vt -0.458561003 0.234466001
vt -0.458095014 0.234667003
vt -0.460170001 0.239152998
vt -0.460170001 0.239152998
vt -0.458095014 0.234667003
vt -0.459677011 0.239274994
vt -0.460170001 0.239152998
vt -0.459677011 0.239274994
vt -0.460985005 0.244039997
vt -0.460985005 0.244039997
vt -0.459677011 0.239274994
vt -0.460478991 0.244081005
vt -0.460985005 0.244039997
vt -0.460478991 0.244081005
vt -0.460985005 0.248993993
vt -0.460985005 0.248993993
vt -0.460478991 0.244081005
vt -0.460478991 0.248953
vt -0.460985005 0.248993993
vt -0.460478991 0.248953
vt -0.460170001 0.253881991
vt -0.460170001 0.253881991
vt -0.460478991 0.248953
vt -0.459677011 0.253758997
vt -0.460170001 0.253881991
vt -0.459677011 0.253758997
vt -0.458561003 0.258567989
vt -0.458561003 0.258567989
vt -0.459677011 0.253758997
vt -0.458095014 0.258367002
vt -0.458561003 0.258567989
vt -0.458095014 0.258367002
vt -0.456203014 0.262926012
vt -0.456203014 0.262926012
vt -0.458095014 0.258367002
vt -0.455776989 0.26265201
vt -0.456203014 0.262926012
vt -0.455776989 0.26265201
vt -0.453159988 0.266835988
vt -0.453159988 0.266835988
vt -0.455776989 0.26265201
vt -0.452784002 0.266496986
vt -0.453159988 0.266835988
vt -0.452784002 0.266496986
vt -0.449515998 0.270191014
vt -0.449515998 0.270191014
vt -0.452784002 0.266496986
vt -0.449200004 0.269796997
vt -0.449515998 0.270191014
vt -0.449200004 0.269796997
vt -0.445367992 0.272900999
vt -0.445367992 0.272900999
vt -0.449200004 0.269796997
vt -0.445122004 0.27246201
vt -0.445367992 0.272900999
vt -0.445122004 0.27246201
vt -0.440831006 0.274892002
vt -0.440831006 0.274892002
vt -0.445122004 0.27246201
vt -0.440661013 0.27441901
vt -0.440831006 0.274892002
vt -0.440661013 0.27441901
vt -0.436028987 0.276107997
vt -0.436028987 0.276107997
vt -0.440661013 0.27441901
vt -0.435938001 0.275615007
vt -0.436028987 0.276107997
vt -0.435938001 0.275615007
vt -0.431091994 0.276517004
vt -0.431091994 0.276517004
vt -0.435938001 0.275615007
vt -0.431084007 0.27601701
vt 0.431084007 0.0103799999
vt 0.431091994 0.01088
vt 0.426229 0.0104599996
vt 0.426229 0.0104599996
vt 0.431091994 0.01088
vt 0.426155001 0.0109620001
vt -0.426229 0.217418998
vt -0.426155001 0.216925994
vt -0.421505988 0.218615994
vt -0.421505988 0.218615994
vt -0.426155001 0.216925994
vt -0.421351999 0.218143001
vt -0.421505988 0.218615994
vt -0.421351999 0.218143001
vt -0.417044997 0.220572993
vt -0.417044997 0.220572993
vt -0.421351999 0.218143001
vt -0.416815013 0.220133007
vt -0.417044997 0.220572993
vt -0.416815013 0.220133007
vt -0.412966996 0.223236993
vt -0.412966996 0.223236993
vt -0.416815013 0.220133007
vt -0.41266799 0.222843006
vt -0.412966996 0.223236993
vt -0.41266799 0.222843006
vt -0.409382999 0.226537004
vt -0.409382999 0.226537004
vt -0.41266799 0.222843006
vt -0.409022987 0.226199001
vt -0.409382999 0.226537004
vt -0.409022987 0.226199001
vt -0.406390011 0.230381995
vt -0.406390011 0.230381995
vt -0.409022987 0.226199001
vt -0.405979991 0.230109006
vt -0.406390011 0.230381995
vt -0.405979991 0.230109006
vt -0.404071987 0.234667003
vt -0.404071987 0.234667003
vt -0.405979991 0.230109006
vt -0.403622001 0.234466001
vt -0.404071987 0.234667003
vt -0.403622001 0.234466001
vt -0.40248999 0.239274994
vt -0.40248999 0.239274994
vt -0.403622001 0.234466001
vt -0.402013987 0.239152998
vt 0.010853 0.239274994
vt 0.0113610001 0.239152998
vt 0.0108660003 0.244081005
vt 0.0108660003 0.244081005
vt 0.0113610001 0.239152998
vt 0.0113740005 0.244039997
vt 0.0108660003 0.244081005
vt 0.0113740005 0.244039997
vt 0.0108660003 0.248953
vt 0.0108660003 0.248953
vt 0.0113740005 0.244039997
vt 0.0113740005 0.248993993
vt 0.0108660003 0.248953
vt 0.0113740005 0.248993993
vt 0.010853 0.253758997
vt 0.010853 0.253758997
vt 0.0113740005 0.248993993
vt 0.0113610001 0.253881991
vt -0.40248999 0.253758997
vt -0.402013987 0.253881991
vt -0.404071987 0.258367002
vt -0.404071987 0.258367002
vt -0.402013987 0.253881991
vt -0.403622001 0.258567989
vt -0.404071987 0.258367002
vt -0.403622001 0.258567989
vt -0.406390011 0.26265201
vt -0.406390011 0.26265201
vt -0.403622001 0.258567989
vt -0.405979991 0.262926012
vt -0.406390011 0.26265201
vt -0.405979991 0.262926012
vt -0.409382999 0.266496986
vt -0.409382999 0.266496986
vt -0.405979991 0.262926012
vt -0.409022987 0.266835988
vt -0.409382999 0.266496986
vt -0.409022987 0.266835988
vt -0.412966996 0.269796997
vt -0.412966996 0.269796997
vt -0.409022987 0.266835988
vt -0.41266799 0.270191014
vt -0.412966996 0.269796997
vt -0.41266799 0.270191014
vt -0.417044997 0.27246201
vt -0.417044997 0.27246201
vt -0.41266799 0.270191014
vt -0.416815013 0.272900999
vt -0.417044997 0.27246201
vt -0.416815013 0.272900999
vt -0.421505988 0.27441901
vt -0.421505988 0.27441901
vt -0.416815013 0.272900999
vt -0.421351999 0.274892002
vt -0.421505988 0.27441901
vt -0.421351999 0.274892002
vt -0.426229 0.275615007
vt -0.426229 0.275615007
vt -0.421351999 0.274892002
vt -0.426155001 0.276107997
vt -0.426229 0.0104599996
vt -0.426155001 0.0109620001
vt -0.431084007 0.0103799999
vt -0.431084007 0.0103799999
vt -0.426155001 0.0109620001
vt -0.431091994 0.01088
vt 0.431226999 0.0190459993
vt 0.431091994 0.01088
vt 0.436082006 0.0189650003
vt 0.436082006 0.0189650003
vt 0.431091994 0.01088
vt 0.436028987 0.0107979998
vt 0.436082006 0.0189650003
vt 0.436028987 0.0107979998
vt 0.440804005 0.0188870002
vt 0.440804005 0.0188870002
vt 0.436028987 0.0107979998
vt 0.440831006 0.0107190004
vt 0.440804005 0.0188870002
vt 0.440831006 0.0107190004
vt 0.445264995 0.0188139994
vt 0.445264995 0.0188139994
vt 0.440831006 0.0107190004
vt 0.445367992 0.010644
vt 0.445264995 0.0188139994
vt 0.445367992 0.010644
vt 0.449342996 0.0187459998
vt 0.449342996 0.0187459998
vt 0.445367992 0.010644
vt 0.449515998 0.0105760004
vt 0.449342996 0.0187459998
vt 0.449515998 0.0105760004
vt 0.452928007 0.0186870005
vt 0.452928007 0.0186870005
vt 0.449515998 0.0105760004
vt 0.453159988 0.0105149997
vt -0.0186870005 0.226537004
vt -0.0105149997 0.226199001
vt -0.0186379999 0.230381995
vt -0.0186379999 0.230381995
vt -0.0105149997 0.226199001
vt -0.0104649998 0.230109006
vt -0.0186379999 0.230381995
vt -0.0104649998 0.230109006
vt -0.0185989998 0.234667003
vt -0.0185989998 0.234667003
vt -0.0104649998 0.230109006
vt -0.0104259998 0.234466001
vt -0.0185989998 0.234667003
vt -0.0104259998 0.234466001
vt -0.0185729992 0.239274994
vt -0.0185729992 0.239274994
vt -0.0104259998 0.234466001
vt -0.0104 0.239152998
vt -0.0185729992 0.239274994
vt -0.0104 0.239152998
vt -0.0185599998 0.244081005
vt -0.0185599998 0.244081005
vt -0.0104 0.239152998
vt -0.0103860004 0.244039997
vt -0.0185599998 0.244081005
vt -0.0103860004 0.244039997
vt -0.0185599998 0.248953
vt -0.0185599998 0.248953
vt -0.0103860004 0.244039997
vt -0.0103860004 0.248993993
vt -0.0185599998 0.248953
vt -0.0103860004 0.248993993
vt -0.0185729992 0.253758997
vt -0.0185729992 0.253758997
vt -0.0103860004 0.248993993
vt -0.0104 0.253881991
vt -0.0185729992 0.253758997
vt -0.0104 0.253881991
vt -0.0185989998 0.258367002
vt -0.0185989998 0.258367002
vt -0.0104 0.253881991
vt -0.0104259998 0.258567989
vt -0.0185989998 0.258367002
vt -0.0104259998 0.258567989
vt -0.0186379999 0.26265201
vt -0.0186379999 0.26265201
vt -0.0104259998 0.258567989
vt -0.0104649998 0.262926012
vt -0.0186379999 0.26265201
vt -0.0104649998 0.262926012
vt -0.0186870005 0.266496986
vt -0.0186870005 0.266496986
vt -0.0104649998 0.262926012
vt -0.0105149997 0.266835988
vt -0.452928007 0.0186870005
vt -0.453159988 0.0105149997
vt -0.449342996 0.0187459998
vt -0.449342996 0.0187459998
vt -0.453159988 0.0105149997
vt -0.449515998 0.0105760004
vt -0.449342996 0.0187459998
vt -0.449515998 0.0105760004
vt -0.445264995 0.0188139994
vt -0.445264995 0.0188139994
vt -0.449515998 0.0105760004
vt -0.445367992 0.010644
vt -0.445264995 0.0188139994
vt -0.445367992 0.010644
vt -0.440804005 0.0188870002
vt -0.440804005 0.0188870002
vt -0.445367992 0.010644
vt -0.440831006 0.0107190004
vt -0.440804005 0.0188870002
vt -0.440831006 0.0107190004
vt -0.436082006 0.0189650003
vt -0.436082006 0.0189650003
vt -0.440831006 0.0107190004
vt -0.436028987 0.0107979998
vt -0.436082006 0.0189650003
vt -0.436028987 0.0107979998
vt -0.431226999 0.0190459993
vt -0.431226999 0.0190459993
vt -0.436028987 0.0107979998
vt -0.431091994 0.01088
vt 0.431091994 0.01088
vt 0.431226999 0.0190459993
vt 0.426155001 0.0109620001
vt 0.426155001 0.0109620001
vt 0.431226999 0.0190459993
vt 0.426371992 0.0191259999
vt 0.426155001 0.0109620001
vt 0.426371992 0.0191259999
vt 0.421351999 0.0110409996
vt 0.421351999 0.0110409996
vt 0.426371992 0.0191259999
vt 0.421649009 0.019204
vt 0.421351999 0.0110409996
vt 0.421649009 0.019204
vt 0.416815013 0.0111159999
vt 0.416815013 0.0111159999
vt 0.421649009 0.019204
vt 0.417187989 0.0192779992
vt 0.416815013 0.0111159999
vt 0.417187989 0.0192779992
vt 0.41266799 0.0111840004
vt 0.41266799 0.0111840004
vt 0.417187989 0.0192779992
vt 0.413109988 0.0193450004
vt 0.41266799 0.0111840004
vt 0.413109988 0.0193450004
vt 0.409022987 0.0112450002
vt 0.409022987 0.0112450002
vt 0.413109988 0.0193450004
vt 0.40952599 0.0194039997
vt 0.0112450002 0.226199001
vt 0.0194039997 0.226537004
vt 0.0112950001 0.230109006
vt 0.0112950001 0.230109006
vt 0.0194039997 0.226537004
vt 0.0194540005 0.230381995
vt 0.0112950001 0.230109006
vt 0.0194540005 0.230381995
vt 0.0113340002 0.234466001
vt 0.0113340002 0.234466001
vt 0.0194540005 0.230381995
vt 0.0194920003 0.234667003
vt 0.0113340002 0.234466001
vt 0.0194920003 0.234667003
vt 0.0113610001 0.239152998
vt 0.0113610001 0.239152998
vt 0.0194920003 0.234667003
vt 0.0195179991 0.239274994
vt 0.0113610001 0.239152998
vt 0.0195179991 0.239274994
vt 0.0113740005 0.244039997
vt 0.0113740005 0.244039997
vt 0.0195179991 0.239274994
vt 0.0195310004 0.244081005
vt 0.0113740005 0.244039997
vt 0.0195310004 0.244081005
vt 0.0113740005 0.248993993
vt 0.0113740005 0.248993993
vt 0.0195310004 0.244081005
vt 0.0195310004 0.248953
vt 0.0113740005 0.248993993
vt 0.0195310004 0.248953
vt 0.0113610001 0.253881991
vt 0.0113610001 0.253881991
vt 0.0195310004 0.248953
vt 0.0195179991 0.253758997
vt 0.0113610001 0.253881991
vt 0.0195179991 0.253758997
vt 0.0113340002 0.258567989
vt 0.0113340002 0.258567989
vt 0.0195179991 0.253758997
vt 0.0194920003 0.258367002
vt 0.0113340002 0.258567989
vt 0.0194920003 0.258367002
vt 0.0112950001 0.262926012
vt 0.0112950001 0.262926012
vt 0.0194920003 0.258367002
vt 0.0194540005 0.26265201
vt 0.0112950001 0.262926012
vt 0.0194540005 0.26265201
vt 0.0112450002 0.266835988
vt 0.0112450002 0.266835988
vt 0.0194540005 0.26265201
vt 0.0194039997 0.266496986
vt -0.409022987 0.0112450002
vt -0.40952599 0.0194039997
vt -0.41266799 0.0111840004
vt -0.41266799 0.0111840004
vt -0.40952599 0.0194039997
vt -0.413109988 0.0193450004
vt -0.41266799 0.0111840004
vt -0.413109988 0.0193450004
vt -0.416815013 0.0111159999
vt -0.416815013 0.0111159999
vt -0.413109988 0.0193450004
vt -0.417187989 0.0192779992
vt -0.416815013 0.0111159999
vt -0.417187989 0.0192779992
vt -0.421351999 0.0110409996
vt -0.421351999 0.0110409996
vt -0.417187989 0.0192779992
vt -0.421649009 0.019204
vt -0.421351999 0.0110409996
vt -0.421649009 0.019204
vt -0.426155001 0.0109620001
vt -0.426155001 0.0109620001
vt -0.421649009 0.019204
vt -0.426371992 0.0191259999
vt -0.426155001 0.0109620001
vt -0.426371992 0.0191259999
vt -0.431091994 0.01088
vt -0.431091994 0.01088
vt -0.426371992 0.0191259999
vt -0.431226999 0.0190459993
vt 0.431226999 0.217016995
vt 0.436082006 0.217418998
vt 0.431331992 0.228263006
vt -0.0254009999 0.228263006
vt -0.0189650003 0.217418998
vt -0.0189650003 0.217418998
vt 0.431331992 0.228263006
vt 0.436082006 0.217418998
vt 0.436060011 0.228887007
vt 0.436060011 0.228887007
vt 0.436082006 0.217418998
vt 0.440804005 0.218615994
vt 0.436060011 0.228887007
vt 0.440804005 0.218615994
vt 0.440459996 0.230710998
vt 0.440459996 0.230710998
vt 0.440804005 0.218615994
vt 0.445264995 0.220572993
vt -0.0252500009 0.230710998
vt -0.0188139994 0.220572993
vt -0.0252500009 0.230710998
vt 0.440459996 0.230710998
vt 0.445264995 0.220572993
vt 0.449342996 0.223236993
vt 0.440459996 0.230710998
vt 0.449342996 0.223236993
vt 0.444240004 0.233612001
vt 0.444240004 0.233612001
vt 0.449342996 0.223236993
vt 0.452928007 0.226537004
vt -0.0251880009 0.233612001
vt -0.0186870005 0.226537004
vt -0.0251880009 0.233612001
vt 0.444240004 0.233612001
vt 0.452928007 0.226537004
vt 0.455920011 0.230381995
vt 0.444240004 0.233612001
vt 0.455920011 0.230381995
vt 0.447140008 0.237395003
vt 0.447140008 0.237395003
vt 0.455920011 0.230381995
vt 0.458238006 0.234667003
vt 0.447140008 0.237395003
vt 0.458238006 0.234667003
vt 0.448962003 0.241794005
vt 0.448962003 0.241794005
vt 0.458238006 0.234667003
vt 0.459820002 0.239274994
vt -0.0251100007 0.241794005
vt -0.0185729992 0.239274994
vt -0.0251100007 0.241794005
vt 0.448962003 0.241794005
vt 0.459820002 0.239274994
vt 0.460622013 0.244081005
vt 0.448962003 0.241794005
vt 0.460622013 0.244081005
vt 0.449582994 0.246521994
vt 0.449582994 0.246521994
vt 0.460622013 0.244081005
vt 0.460622013 0.248953
vt 0.449582994 0.246521994
vt 0.460622013 0.248953
vt 0.44896099 0.251242995
vt 0.44896099 0.251242995
vt 0.460622013 0.248953
vt 0.459820002 0.253758997
vt -0.0251100007 0.251242995
vt -0.0185729992 0.253758997
vt -0.0251100007 0.251242995
vt 0.44896099 0.251242995
vt 0.459820002 0.253758997
vt 0.458238006 0.258367002
vt 0.44896099 0.251242995
vt 0.458238006 0.258367002
vt 0.447136015 0.255647987
vt 0.447136015 0.255647987
vt 0.458238006 0.258367002
vt 0.455920011 0.26265201
vt 0.447136015 0.255647987
vt 0.455920011 0.26265201
vt 0.444234014 0.259427011
vt 0.444234014 0.259427011
vt 0.455920011 0.26265201
vt 0.452928007 0.266496986
vt -0.0251880009 0.259427011
vt -0.0186870005 0.266496986
vt -0.0251880009 0.259427011
vt 0.444234014 0.259427011
vt 0.452928007 0.266496986
vt 0.449342996 0.269796997
vt 0.444234014 0.259427011
vt 0.449342996 0.269796997
vt 0.44045499 0.262326986
vt 0.44045499 0.262326986
vt 0.449342996 0.269796997
vt 0.445264995 0.27246201
vt -0.0252500009 0.262326986
vt -0.0188139994 0.27246201
vt -0.0252500009 0.262326986
vt 0.44045499 0.262326986
vt 0.445264995 0.27246201
vt 0.440804005 0.27441901
vt 0.44045499 0.262326986
vt 0.440804005 0.27441901
vt 0.436049998 0.264149994
vt 0.436049998 0.264149994
vt 0.440804005 0.27441901
vt 0.436082006 0.275615007
vt 0.436049998 0.264149994
vt 0.436082006 0.275615007
vt 0.431331992 0.264771014
vt 0.431331992 0.264771014
vt 0.436082006 0.275615007
vt 0.431226999 0.27601701
vt 0.431226999 0.217016995
vt 0.431331992 0.228263006
vt 0.426371992 0.217418998
vt 0.426371992 0.217418998
vt 0.431331992 0.228263006
vt 0.426613003 0.228883997
vt 0.426371992 0.217418998
vt 0.426613003 0.228883997
vt 0.421649009 0.218615994
vt 0.421649009 0.218615994
vt 0.426613003 0.228883997
vt 0.422208011 0.230708003
vt 0.421649009 0.218615994
vt 0.422208011 0.230708003
vt 0.417187989 0.220572993
vt -0.0192779992 0.220572993
vt -0.0255520009 0.230708003
vt -0.0255520009 0.230708003
vt 0.417187989 0.220572993
vt 0.422208011 0.230708003
vt 0.413109988 0.223236993
vt 0.413109988 0.223236993
vt 0.422208011 0.230708003
vt 0.418428987 0.233606994
vt 0.413109988 0.223236993
vt 0.418428987 0.233606994
vt 0.40952599 0.226537004
vt -0.0194039997 0.226537004
vt -0.0256140009 0.233606994
vt -0.0256140009 0.233606994
vt 0.40952599 0.226537004
vt 0.418428987 0.233606994
vt 0.406533986 0.230381995
vt 0.406533986 0.230381995
vt 0.418428987 0.233606994
vt 0.415527999 0.237387002
vt 0.406533986 0.230381995
vt 0.415527999 0.237387002
vt 0.404215008 0.234667003
vt 0.404215008 0.234667003
vt 0.415527999 0.237387002
vt 0.413702995 0.241790995
vt 0.404215008 0.234667003
vt 0.413702995 0.241790995
vt 0.402633011 0.239274994
vt -0.0195179991 0.239274994
vt -0.0256919991 0.241790995
vt -0.0256919991 0.241790995
vt 0.402633011 0.239274994
vt 0.413702995 0.241790995
vt 0.401831001 0.244081005
vt 0.401831001 0.244081005
vt 0.413702995 0.241790995
vt 0.41308099 0.246511996
vt 0.401831001 0.244081005
vt 0.41308099 0.246511996
vt 0.401831001 0.248953
vt 0.401831001 0.248953
vt 0.41308099 0.246511996
vt 0.413702011 0.251239985
vt 0.401831001 0.248953
vt 0.413702011 0.251239985
vt 0.402633011 0.253758997
vt -0.0195179991 0.253758997
vt -0.0256919991 0.251239985
vt -0.0256919991 0.251239985
vt 0.402633011 0.253758997
vt 0.413702011 0.251239985
vt 0.404215008 0.258367002
vt 0.404215008 0.258367002
vt 0.413702011 0.251239985
vt 0.415522993 0.25564
vt 0.404215008 0.258367002
vt 0.415522993 0.25564
vt 0.406533986 0.26265201
vt 0.406533986 0.26265201
vt 0.415522993 0.25564
vt 0.41842401 0.259422004
vt 0.406533986 0.26265201
vt 0.41842401 0.259422004
vt 0.40952599 0.266496986
vt -0.0194039997 0.266496986
vt -0.0256140009 0.259422004
vt -0.0256140009 0.259422004
vt 0.40952599 0.266496986
vt 0.41842401 0.259422004
vt 0.413109988 0.269796997
vt 0.413109988 0.269796997
vt 0.41842401 0.259422004
vt 0.422203004 0.262322992
vt 0.413109988 0.269796997
vt 0.422203004 0.262322992
vt 0.417187989 0.27246201
vt -0.0192779992 0.27246201
vt -0.0255520009 0.262322992
vt -0.0255520009 0.262322992
vt 0.417187989 0.27246201
vt 0.422203004 0.262322992
vt 0.421649009 0.27441901
vt 0.421649009 0.27441901
vt 0.422203004 0.262322992
vt 0.426602989 0.264147997
vt 0.421649009 0.27441901
vt 0.426602989 0.264147997
vt 0.426371992 0.275615007
vt 0.426371992 0.275615007
vt 0.426602989 0.264147997
vt 0.431331992 0.264771014
vt 0.426371992 0.275615007
vt 0.431331992 0.264771014
vt 0.431226999 0.27601701
vt 0.424306989 0.251019001
vt 0.423101008 0.246519998
vt 0.42760101 0.254312009
vt -0.0719460025 0.254312009
vt -0.0720200017 0.246519998
vt -0.0720200017 0.246519998
vt 0.42760101 0.254312009
vt 0.423101008 0.246519998
vt 0.432099015 0.255517006
vt 0.432099015 0.255517006
vt 0.423101008 0.246519998
vt 0.424304992 0.242018998
vt 0.432099015 0.255517006
vt 0.424304992 0.242018998
vt 0.4366 0.254310012
vt 0.4366 0.254310012
vt 0.424304992 0.242018998
vt 0.427599013 0.238723993
vt 0.4366 0.254310012
vt 0.427599013 0.238723993
vt 0.439893991 0.251015007
vt 0.439893991 0.251015007
vt 0.427599013 0.238723993
vt 0.432099015 0.237516999
vt 0.439893991 0.251015007
vt 0.432099015 0.237516999
vt 0.441098005 0.246515006
vt 0.441098005 0.246515006
vt 0.432099015 0.237516999
vt 0.436598003 0.238721997
vt 0.441098005 0.246515006
vt 0.436598003 0.238721997
vt 0.439891994 0.242015004
vt -0.431439012 0.0318769999
vt -0.426939994 0.0319520012
vt -0.432099015 0.0718720034
vt -0.0718720034 0.255517006
vt -0.0319520012 0.254312009
vt -0.0319520012 0.254312009
vt -0.432099015 0.0718720034
vt -0.426939994 0.0319520012
vt -0.42760101 0.0719460025
vt -0.42760101 0.0719460025
vt -0.426939994 0.0319520012
vt -0.423646986 0.0320059992
vt -0.42760101 0.0719460025
vt -0.423646986 0.0320059992
vt -0.424306989 0.0719999969
vt 0.0719999969 0.251019001
vt 0.0320059992 0.251019001
vt 0.0320260003 0.246519998
vt 0.0719999969 0.251019001
vt 0.0320260003 0.246519998
vt 0.0720200017 0.246519998
vt 0.0720200017 0.246519998
vt 0.0320260003 0.246519998
vt 0.0320059992 0.242018998
vt 0.0720200017 0.246519998
vt 0.0320059992 0.242018998
vt 0.0720010027 0.242018998
vt 0.0720010027 0.242018998
vt 0.0320059992 0.242018998
vt 0.0319520012 0.238723993
vt 0.0720010027 0.242018998
vt 0.0319520012 0.238723993
vt 0.0719460025 0.238723993
vt 0.427599013 0.0719460025
vt 0.426937997 0.0319520012
vt 0.431439012 0.0318769999
vt 0.427599013 0.0719460025
vt 0.431439012 0.0318769999
vt 0.432099015 0.0718720034
vt -0.432099015 0.0718720034
vt -0.4366 0.0717969984
vt -0.431439012 0.0318769999
vt -0.0318769999 0.255517006
vt -0.0717969984 0.254310012
vt -0.0717969984 0.254310012
vt -0.431439012 0.0318769999
vt -0.4366 0.0717969984
vt -0.435939014 0.0318030007
vt -0.0318030007 0.254310012
vt -0.0717969984 0.254310012
vt -0.0717429966 0.251015007
vt -0.0318030007 0.254310012
vt -0.0717429966 0.251015007
vt -0.0317480005 0.251015007
vt -0.0317480005 0.251015007
vt -0.0717429966 0.251015007
vt -0.0717229992 0.246515006
vt -0.0317480005 0.251015007
vt -0.0717229992 0.246515006
vt -0.0317290016 0.246515006
vt -0.0317290016 0.246515006
vt -0.0717229992 0.246515006
vt -0.0717429966 0.242015004
vt -0.0317290016 0.246515006
vt -0.0717429966 0.242015004
vt -0.0317480005 0.242015004
vt 0.439231008 0.0317480005
vt 0.439891994 0.0717429966
vt 0.436598003 0.0717969984
vt 0.439231008 0.0317480005
vt 0.436598003 0.0717969984
vt 0.435936987 0.0318030007
vt 0.435936987 0.0318030007
vt 0.436598003 0.0717969984
vt 0.432099015 0.0718720034
vt 0.435936987 0.0318030007
vt 0.432099015 0.0718720034
vt 0.431439012 0.0318769999
vt 0.431374997 0.0280440003
vt 0.435878009 0.0279699992
vt 0.431439012 0.0318769999
vt -0.0318769999 0.230517
vt -0.0279699992 0.231163993
vt -0.0279699992 0.231163993
vt 0.431439012 0.0318769999
vt 0.435878009 0.0279699992
vt 0.435948998 0.0318030007
vt 0.435948998 0.0318030007
vt 0.435878009 0.0279699992
vt 0.440021008 0.0279019997
vt 0.435948998 0.0318030007
vt 0.440021008 0.0279019997
vt 0.440091014 0.0317340009
vt 0.440091014 0.0317340009
vt 0.440021008 0.0279019997
vt 0.443464011 0.0278450008
vt 0.440091014 0.0317340009
vt 0.443464011 0.0278450008
vt 0.443531007 0.0316770002
vt -0.0316770002 0.236041993
vt -0.0278450008 0.236037999
vt -0.0278040003 0.239868999
vt -0.0316770002 0.236041993
vt -0.0278040003 0.239868999
vt -0.0316370018 0.239870995
vt -0.0316370018 0.239870995
vt -0.0278040003 0.239868999
vt -0.0277830008 0.244236007
vt -0.0316370018 0.239870995
vt -0.0277830008 0.244236007
vt -0.0316159986 0.244243994
vt -0.0316159986 0.244243994
vt -0.0277830008 0.244236007
vt -0.0277830008 0.248789996
vt -0.0316159986 0.244243994
vt -0.0277830008 0.248789996
vt -0.0316159986 0.248798996
vt -0.0316159986 0.248798996
vt -0.0277830008 0.248789996
vt -0.0278040003 0.25316301
vt -0.0316159986 0.248798996
vt -0.0278040003 0.25316301
vt -0.0316370018 0.253165007
vt -0.0316370018 0.253165007
vt -0.0278040003 0.25316301
vt -0.0278450008 0.256992012
vt -0.0316370018 0.253165007
vt -0.0278450008 0.256992012
vt -0.0316770002 0.256996006
vt -0.443527997 0.0316770002
vt -0.443468004 0.0278450008
vt -0.440028012 0.0279009994
vt -0.443527997 0.0316770002
vt -0.440028012 0.0279009994
vt -0.44008401 0.0317340009
vt -0.44008401 0.0317340009
vt -0.440028012 0.0279009994
vt -0.435885012 0.0279699992
vt -0.44008401 0.0317340009
vt -0.435885012 0.0279699992
vt -0.435941994 0.0318030007
vt -0.435941994 0.0318030007
vt -0.435885012 0.0279699992
vt -0.431374997 0.0280440003
vt -0.435941994 0.0318030007
vt -0.431374997 0.0280440003
vt -0.431439012 0.0318769999
vt 0.431439012 0.0318769999
vt 0.426936001 0.0319520012
vt 0.431374997 0.0280440003
vt -0.0280440003 0.230517
vt -0.0319520012 0.231163993
vt -0.0319520012 0.231163993
vt 0.431374997 0.0280440003
vt 0.426936001 0.0319520012
vt 0.426865011 0.0281189997
vt 0.426865011 0.0281189997
vt 0.426936001 0.0319520012
vt 0.422793001 0.0320199989
vt 0.426865011 0.0281189997
vt 0.422793001 0.0320199989
vt 0.422722995 0.0281869993
vt 0.422722995 0.0281869993
vt 0.422793001 0.0320199989
vt 0.419349998 0.0320769995
vt 0.422722995 0.0281869993
vt 0.419349998 0.0320769995
vt 0.419283003 0.0282439999
vt 0.0282439999 0.236041993
vt 0.0320769995 0.236037999
vt 0.0321180001 0.239868999
vt 0.0282439999 0.236041993
vt 0.0321180001 0.239868999
vt 0.0282850005 0.239870995
vt 0.0282850005 0.239870995
vt 0.0321180001 0.239868999
vt 0.0321389996 0.244236007
vt 0.0282850005 0.239870995
vt 0.0321389996 0.244236007
vt 0.0283059999 0.244243994
vt 0.0283059999 0.244243994
vt 0.0321389996 0.244236007
vt 0.0321389996 0.248789996
vt 0.0283059999 0.244243994
vt 0.0321389996 0.248789996
vt 0.0283059999 0.248798996
vt 0.0283059999 0.248798996
vt 0.0321389996 0.248789996
vt 0.0321180001 0.25316301
vt 0.0283059999 0.248798996
vt 0.0321180001 0.25316301
vt 0.0282850005 0.253165007
vt 0.0282850005 0.253165007
vt 0.0321180001 0.25316301
vt 0.0320769995 0.256992012
vt 0.0282850005 0.253165007
vt 0.0320769995 0.256992012
vt 0.0282439999 0.256996006
vt -0.419286013 0.0282439999
vt -0.419346005 0.0320769995
vt -0.422785997 0.0320199989
vt -0.419286013 0.0282439999
vt -0.422785997 0.0320199989
vt -0.422729999 0.0281869993
vt -0.422729999 0.0281869993
vt -0.422785997 0.0320199989
vt -0.426928997 0.0319520012
vt -0.422729999 0.0281869993
vt -0.426928997 0.0319520012
vt -0.426871985 0.0281189997
vt -0.426871985 0.0281189997
vt -0.426928997 0.0319520012
vt -0.431439012 0.0318769999
vt -0.426871985 0.0281189997
vt -0.431439012 0.0318769999
vt -0.431374997 0.0280440003
vt 0.43136701 0.263016999
vt 0.426723003 0.262349993
vt 0.431374997 0.262517005
vt -0.0280440003 0.262517005
vt -0.0276209991 0.262349993
vt -0.0276209991 0.262349993
vt 0.431374997 0.262517005
vt 0.426723003 0.262349993
vt 0.426871985 0.261869997
vt 0.426871985 0.261869997
vt 0.426723003 0.262349993
vt 0.422452003 0.260399997
vt 0.426871985 0.261869997
vt 0.422452003 0.260399997
vt 0.422729999 0.25997901
vt 0.422729999 0.25997901
vt 0.422452003 0.260399997
vt 0.418900013 0.25732401
vt 0.422729999 0.25997901
vt 0.418900013 0.25732401
vt 0.419286013 0.256996006
vt 0.419286013 0.256996006
vt 0.418900013 0.25732401
vt 0.416361004 0.253372997
vt 0.419286013 0.256996006
vt 0.416361004 0.253372997
vt 0.416824013 0.253165007
vt 0.416824013 0.253165007
vt 0.416361004 0.253372997
vt 0.41503799 0.24887
vt 0.416824013 0.253165007
vt 0.41503799 0.24887
vt 0.415540993 0.248798996
vt 0.415540993 0.248798996
vt 0.41503799 0.24887
vt 0.415037006 0.244173005
vt 0.415540993 0.248798996
vt 0.415037006 0.244173005
vt 0.41554001 0.244243994
vt 0.41554001 0.244243994
vt 0.415037006 0.244173005
vt 0.416359991 0.239664003
vt 0.41554001 0.244243994
vt 0.416359991 0.239664003
vt 0.416823 0.239870995
vt 0.416823 0.239870995
vt 0.416359991 0.239664003
vt 0.418897003 0.235715002
vt 0.416823 0.239870995
vt 0.418897003 0.235715002
vt 0.419283003 0.236041993
vt 0.419283003 0.236041993
vt 0.418897003 0.235715002
vt 0.422443986 0.232639
vt 0.419283003 0.236041993
vt 0.422443986 0.232639
vt 0.422722995 0.233060002
vt 0.422722995 0.233060002
vt 0.422443986 0.232639
vt 0.426716 0.230685994
vt 0.422722995 0.233060002
vt 0.426716 0.230685994
vt 0.426865011 0.231166005
vt 0.426865011 0.231166005
vt 0.426716 0.230685994
vt 0.43136701 0.230017006
vt 0.426865011 0.231166005
vt 0.43136701 0.230017006
vt 0.431374997 0.230517
vt -0.431374997 0.0280440003
vt -0.435885012 0.0279699992
vt -0.43136701 0.0275439993
vt -0.0275439993 0.263016999
vt -0.0279699992 0.261868
vt -0.0279699992 0.261868
vt -0.43136701 0.0275439993
vt -0.435885012 0.0279699992
vt -0.43601799 0.0274679996
vt 0.43601799 0.262347996
vt 0.435885012 0.261868
vt 0.440028012 0.259974003
vt 0.43601799 0.262347996
vt 0.440028012 0.259974003
vt 0.440290004 0.26039499
vt 0.440290004 0.26039499
vt 0.440028012 0.259974003
vt 0.443468004 0.256992012
vt 0.440290004 0.26039499
vt 0.443468004 0.256992012
vt 0.443836987 0.257319987
vt 0.443836987 0.257319987
vt 0.443468004 0.256992012
vt 0.445928007 0.25316301
vt 0.443836987 0.257319987
vt 0.445928007 0.25316301
vt 0.446373999 0.253369987
vt -0.0272959992 0.253369987
vt -0.0278040003 0.25316301
vt -0.0277830008 0.248789996
vt -0.0272959992 0.253369987
vt -0.0277830008 0.248789996
vt -0.0272749998 0.248861
vt -0.0272749998 0.248861
vt -0.0277830008 0.248789996
vt -0.0277830008 0.244236007
vt -0.0272749998 0.248861
vt -0.0277830008 0.244236007
vt -0.0272749998 0.244164005
vt -0.0272749998 0.244164005
vt -0.0277830008 0.244236007
vt -0.0278040003 0.239868999
vt -0.0272749998 0.244164005
vt -0.0278040003 0.239868999
vt -0.0272969995 0.239660993
vt 0.446372986 0.239660993
vt 0.445926994 0.239868999
vt 0.443464011 0.236037999
vt 0.446372986 0.239660993
vt 0.443464011 0.236037999
vt 0.443834007 0.235709995
vt 0.443834007 0.235709995
vt 0.443464011 0.236037999
vt 0.440021008 0.233054996
vt 0.443834007 0.235709995
vt 0.440021008 0.233054996
vt 0.440283 0.232633993
vt 0.440283 0.232633993
vt 0.440021008 0.233054996
vt 0.435878009 0.231163993
vt 0.440283 0.232633993
vt 0.435878009 0.231163993
vt 0.436010987 0.230684996
vt 0.436010987 0.0274679996
vt 0.435878009 0.0279699992
vt 0.431374997 0.0280440003
vt 0.436010987 0.0274679996
vt 0.431374997 0.0280440003
vt 0.43136701 0.0275439993
vt 0.431331992 0.0254009999
vt 0.436060011 0.0253229998
vt 0.431338996 0.0258360002
vt -0.0258360002 0.228516996
vt -0.0253229998 0.228887007
vt -0.0253229998 0.228887007
vt 0.431338996 0.0258360002
vt 0.436060011 0.0253229998
vt 0.435992002 0.0257600006
vt 0.435992002 0.0257600006
vt 0.436060011 0.0253229998
vt 0.440459996 0.0252500009
vt 0.435992002 0.0257600006
vt 0.440459996 0.0252500009
vt 0.440335989 0.025688
vt 0.440335989 0.025688
vt 0.440459996 0.0252500009
vt 0.444240004 0.0251880009
vt 0.440335989 0.025688
vt 0.444240004 0.0251880009
vt 0.444061995 0.025626
vt -0.025626 0.233786002
vt -0.0251880009 0.233612001
vt -0.0251400005 0.237395003
vt -0.025626 0.233786002
vt -0.0251400005 0.237395003
vt -0.0255789999 0.237514004
vt -0.0255789999 0.237514004
vt -0.0251400005 0.237395003
vt -0.0251100007 0.241794005
vt -0.0255789999 0.237514004
vt -0.0251100007 0.241794005
vt -0.0255490001 0.241857007
vt -0.0255490001 0.241857007
vt -0.0251100007 0.241794005
vt -0.0251000002 0.246521994
vt -0.0255490001 0.241857007
vt -0.0251000002 0.246521994
vt -0.0255389996 0.246511996
vt -0.0255389996 0.246511996
vt -0.0251000002 0.246521994
vt -0.0251100007 0.251242995
vt -0.0255389996 0.246511996
vt -0.0251100007 0.251242995
vt -0.0255490001 0.251174986
vt -0.0255490001 0.251174986
vt -0.0251100007 0.251242995
vt -0.0251400005 0.255647987
vt -0.0255490001 0.251174986
vt -0.0251400005 0.255647987
vt -0.0255789999 0.255513012
vt -0.0255789999 0.255513012
vt -0.0251400005 0.255647987
vt -0.0251880009 0.259427011
vt -0.0255789999 0.255513012
vt -0.0251880009 0.259427011
vt -0.025626 0.259243011
vt -0.444067001 0.025626
vt -0.444234014 0.0251880009
vt -0.44045499 0.0252500009
vt -0.444067001 0.025626
vt -0.44045499 0.0252500009
vt -0.440340012 0.025688
vt -0.440340012 0.025688
vt -0.44045499 0.0252500009
vt -0.436049998 0.0253229998
vt -0.440340012 0.025688
vt -0.436049998 0.0253229998
vt -0.436001003 0.0257590003
vt -0.436001003 0.0257590003
vt -0.436049998 0.0253229998
vt -0.431331992 0.0254009999
vt -0.436001003 0.0257590003
vt -0.431331992 0.0254009999
vt -0.431338996 0.0258360002
vt 0.431338996 0.0258360002
vt 0.426676005 0.0259130001
vt 0.431331992 0.0254009999
vt -0.0254009999 0.228263006
vt -0.0259130001 0.229131997
vt -0.0259130001 0.229131997
vt 0.431331992 0.0254009999
vt 0.426676005 0.0259130001
vt 0.426613003 0.0254790001
vt 0.426613003 0.0254790001
vt 0.426676005 0.0259130001
vt 0.422336996 0.0259850007
vt 0.426613003 0.0254790001
vt 0.422336996 0.0259850007
vt 0.422208011 0.0255520009
vt 0.422208011 0.0255520009
vt 0.422336996 0.0259850007
vt 0.41861099 0.0260470007
vt 0.422208011 0.0255520009
vt 0.41861099 0.0260470007
vt 0.418428987 0.0256140009
vt 0.0256140009 0.233606994
vt 0.0260470007 0.233792007
vt 0.0260940008 0.237522006
vt 0.0256140009 0.233606994
vt 0.0260940008 0.237522006
vt 0.0256619994 0.237387002
vt 0.0256619994 0.237387002
vt 0.0260940008 0.237522006
vt 0.0261240005 0.241859004
vt 0.0256619994 0.237387002
vt 0.0261240005 0.241859004
vt 0.0256919991 0.241790995
vt 0.0256919991 0.241790995
vt 0.0261240005 0.241859004
vt 0.0261339992 0.246521994
vt 0.0256919991 0.241790995
vt 0.0261339992 0.246521994
vt 0.0257029999 0.246511996
vt 0.0257029999 0.246511996
vt 0.0261339992 0.246521994
vt 0.0261240005 0.251177996
vt 0.0257029999 0.246511996
vt 0.0261240005 0.251177996
vt 0.0256919991 0.251239985
vt 0.0256919991 0.251239985
vt 0.0261240005 0.251177996
vt 0.0260940008 0.255520999
vt 0.0256919991 0.251239985
vt 0.0260940008 0.255520999
vt 0.0256619994 0.25564
vt 0.0256619994 0.25564
vt 0.0260940008 0.255520999
vt 0.0260470007 0.259247988
vt 0.0256619994 0.25564
vt 0.0260470007 0.259247988
vt 0.0256140009 0.259422004
vt -0.41842401 0.0256140009
vt -0.418615997 0.0260470007
vt -0.422342002 0.0259850007
vt -0.41842401 0.0256140009
vt -0.422342002 0.0259850007
vt -0.422203004 0.0255520009
vt -0.422203004 0.0255520009
vt -0.422342002 0.0259850007
vt -0.426685989 0.0259130001
vt -0.422203004 0.0255520009
vt -0.426685989 0.0259130001
vt -0.426602989 0.0254790001
vt -0.426602989 0.0254790001
vt -0.426685989 0.0259130001
vt -0.431338996 0.0258360002
vt -0.426602989 0.0254790001
vt -0.431338996 0.0258360002
vt -0.431331992 0.0254009999
vt 0.431338996 0.0258360002
vt 0.435992002 0.0257600006
vt 0.43136701 0.0275439993
vt -0.0275439993 0.228716999
vt -0.0257600006 0.229129001
vt -0.0257600006 0.229129001
vt 0.43136701 0.0275439993
vt 0.435992002 0.0257600006
vt 0.436026007 0.0272669997
vt 0.436026007 0.0272669997
vt 0.435992002 0.0257600006
vt 0.440335989 0.025688
vt 0.436026007 0.0272669997
vt 0.440335989 0.025688
vt 0.440364987 0.0271959994
vt 0.440364987 0.0271959994
vt 0.440335989 0.025688
vt 0.444061995 0.025626
vt 0.440364987 0.0271959994
vt 0.444061995 0.025626
vt 0.444092005 0.0271339994
vt -0.0271339994 0.233792007
vt -0.025626 0.233786002
vt -0.0255789999 0.237514004
vt -0.0271339994 0.233792007
vt -0.0255789999 0.237514004
vt -0.0270869993 0.237522006
vt -0.0270869993 0.237522006
vt -0.0255789999 0.237514004
vt -0.0255490001 0.241857007
vt -0.0270869993 0.237522006
vt -0.0255490001 0.241857007
vt -0.0270569995 0.241859004
vt -0.0270569995 0.241859004
vt -0.0255490001 0.241857007
vt -0.0255389996 0.246511996
vt -0.0270569995 0.241859004
vt -0.0255389996 0.246511996
vt -0.0270470008 0.246521994
vt -0.0270470008 0.246521994
vt -0.0255389996 0.246511996
vt -0.0255490001 0.251174986
vt -0.0270470008 0.246521994
vt -0.0255490001 0.251174986
vt -0.0270569995 0.251177996
vt -0.0270569995 0.251177996
vt -0.0255490001 0.251174986
vt -0.0255789999 0.255513012
vt -0.0270569995 0.251177996
vt -0.0255789999 0.255513012
vt -0.0270869993 0.255520999
vt -0.0270869993 0.255520999
vt -0.0255789999 0.255513012
vt -0.025626 0.259243011
vt -0.0270869993 0.255520999
vt -0.025626 0.259243011
vt -0.0271339994 0.259247988
vt -0.444086999 0.0271339994
vt -0.444067001 0.025626
vt -0.440340012 0.025688
vt -0.444086999 0.0271339994
vt -0.440340012 0.025688
vt -0.440360993 0.0271959994
vt -0.440360993 0.0271959994
vt -0.440340012 0.025688
vt -0.436001003 0.0257590003
vt -0.440360993 0.0271959994
vt -0.436001003 0.0257590003
vt -0.436017007 0.0272679999
vt -0.436017007 0.0272679999
vt -0.436001003 0.0257590003
vt -0.431338996 0.0258360002
vt -0.436017007 0.0272679999
vt -0.431338996 0.0258360002
vt -0.43136701 0.0275439993
vt 0.43136701 0.0275439993
vt 0.426710993 0.0274209995
vt 0.431338996 0.0258360002
vt -0.0258360002 0.228516996
vt -0.0274209995 0.229129001
vt -0.0274209995 0.229129001
vt 0.431338996 0.0258360002
vt 0.426710993 0.0274209995
vt 0.426676005 0.0259130001
vt 0.426676005 0.0259130001
vt 0.426710993 0.0274209995
vt 0.422367007 0.027493
vt 0.426676005 0.0259130001
vt 0.422367007 0.027493
vt 0.422336996 0.0259850007
vt 0.422336996 0.0259850007
vt 0.422367007 0.027493
vt 0.418641001 0.027555
vt 0.422336996 0.0259850007
vt 0.418641001 0.027555
vt 0.41861099 0.0260470007
vt 0.0260470007 0.233792007
vt 0.027555 0.233786002
vt 0.0276020002 0.237514004
vt 0.0260470007 0.233792007
vt 0.0276020002 0.237514004
vt 0.0260940008 0.237522006
vt 0.0260940008 0.237522006
vt 0.0276020002 0.237514004
vt 0.0276319999 0.241857007
vt 0.0260940008 0.237522006
vt 0.0276319999 0.241857007
vt 0.0261240005 0.241859004
vt 0.0261240005 0.241859004
vt 0.0276319999 0.241857007
vt 0.0276420005 0.246511996
vt 0.0261240005 0.241859004
vt 0.0276420005 0.246511996
vt 0.0261339992 0.246521994
vt 0.0261339992 0.246521994
vt 0.0276420005 0.246511996
vt 0.0276319999 0.251174986
vt 0.0261339992 0.246521994
vt 0.0276319999 0.251174986
vt 0.0261240005 0.251177996
vt 0.0261240005 0.251177996
vt 0.0276319999 0.251174986
vt 0.0276020002 0.255513012
vt 0.0261240005 0.251177996
vt 0.0276020002 0.255513012
vt 0.0260940008 0.255520999
vt 0.0260940008 0.255520999
vt 0.0276020002 0.255513012
vt 0.027555 0.259243011
vt 0.0260940008 0.255520999
vt 0.027555 0.259243011
vt 0.0260470007 0.259247988
vt -0.418615997 0.0260470007
vt -0.418635011 0.027555
vt -0.422362 0.027493
vt -0.418615997 0.0260470007
vt -0.422362 0.027493
vt -0.422342002 0.0259850007
vt -0.422342002 0.0259850007
vt -0.422362 0.027493
vt -0.426701009 0.0274219997
vt -0.422342002 0.0259850007
vt -0.426701009 0.0274219997
vt -0.426685989 0.0259130001
vt -0.426685989 0.0259130001
vt -0.426701009 0.0274219997
vt -0.43136701 0.0275439993
vt -0.426685989 0.0259130001
vt -0.43136701 0.0275439993
vt -0.431338996 0.0258360002
vt -0.450782001 -0.265127987
vt -0.447789013 -0.268972993
vt -0.453099996 -0.260843009
vt -0.453099996 -0.260843009
vt -0.447789013 -0.268972993
vt -0.444204986 -0.272273004
vt -0.453099996 -0.260843009
vt -0.444204986 -0.272273004
vt -0.454681993 -0.256235003
vt -0.454681993 -0.256235003
vt -0.444204986 -0.272273004
vt -0.440126985 -0.274937987
vt -0.454681993 -0.256235003
vt -0.440126985 -0.274937987
vt -0.455484003 -0.251430005
vt -0.455484003 -0.251430005
vt -0.440126985 -0.274937987
vt -0.435665995 -0.276894987
vt -0.455484003 -0.251430005
vt -0.435665995 -0.276894987
vt -0.455484003 -0.246556997
vt -0.455484003 -0.246556997
vt -0.435665995 -0.276894987
vt -0.430943012 -0.278091013
vt -0.455484003 -0.246556997
vt -0.430943012 -0.278091013
vt -0.454681993 -0.241751999
vt -0.454681993 -0.241751999
vt -0.430943012 -0.278091013
vt -0.426088005 -0.278492987
vt -0.454681993 -0.241751999
vt -0.426088005 -0.278492987
vt -0.453099996 -0.237143993
vt -0.453099996 -0.237143993
vt -0.426088005 -0.278492987
vt -0.421234012 -0.278091013
vt -0.453099996 -0.237143993
vt -0.421234012 -0.278091013
vt -0.450782001 -0.232859001
vt -0.450782001 -0.232859001
vt -0.421234012 -0.278091013
vt -0.416510999 -0.276894987
vt -0.450782001 -0.232859001
vt -0.416510999 -0.276894987
vt -0.447789013 -0.229013994
vt -0.447789013 -0.229013994
vt -0.416510999 -0.276894987
vt -0.412050009 -0.274937987
vt -0.447789013 -0.229013994
vt -0.412050009 -0.274937987
vt -0.444204986 -0.225713998
vt -0.444204986 -0.225713998
vt -0.412050009 -0.274937987
vt -0.407972008 -0.272273004
vt -0.444204986 -0.225713998
vt -0.407972008 -0.272273004
vt -0.440126985 -0.223049
vt -0.440126985 -0.223049
vt -0.407972008 -0.272273004
vt -0.404388011 -0.268972993
vt -0.440126985 -0.223049
vt -0.404388011 -0.268972993
vt -0.435665995 -0.221092001
vt -0.435665995 -0.221092001
vt -0.404388011 -0.268972993
vt -0.401394993 -0.265127987
vt -0.435665995 -0.221092001
vt -0.401394993 -0.265127987
vt -0.430943012 -0.219896004
vt -0.430943012 -0.219896004
vt -0.401394993 -0.265127987
vt -0.399076998 -0.260843009
vt -0.430943012 -0.219896004
vt -0.399076998 -0.260843009
vt -0.426088005 -0.219493002
vt -0.426088005 -0.219493002
vt -0.399076998 -0.260843009
vt -0.397495002 -0.256235003
vt -0.426088005 -0.219493002
vt -0.397495002 -0.256235003
vt -0.421234012 -0.219896004
vt -0.421234012 -0.219896004
vt -0.397495002 -0.256235003
vt -0.396692991 -0.251430005
vt -0.421234012 -0.219896004
vt -0.396692991 -0.251430005
vt -0.416510999 -0.221092001
vt -0.416510999 -0.221092001
vt -0.396692991 -0.251430005
vt -0.396692991 -0.246556997
vt -0.416510999 -0.221092001
vt -0.396692991 -0.246556997
vt -0.412050009 -0.223049
vt -0.412050009 -0.223049
vt -0.396692991 -0.246556997
vt -0.397495002 -0.241751999
vt -0.412050009 -0.223049
vt -0.397495002 -0.241751999
vt -0.407972008 -0.225713998
vt -0.407972008 -0.225713998
vt -0.397495002 -0.241751999
vt -0.399076998 -0.237143993
vt -0.407972008 -0.225713998
vt -0.399076998 -0.237143993
vt -0.404388011 -0.229013994
vt -0.404388011 -0.229013994
vt -0.399076998 -0.237143993
vt -0.401394993 -0.232859001
vt -0.426097006 -0.278993011
vt -0.426088005 -0.278492987
vt -0.431033999 -0.278584003
vt -0.431033999 -0.278584003
vt -0.426088005 -0.278492987
vt -0.430943012 -0.278091013
vt -0.431033999 -0.278584003
vt -0.430943012 -0.278091013
vt -0.435835987 -0.277368009
vt -0.435835987 -0.277368009
vt -0.430943012 -0.278091013
vt -0.435665995 -0.276894987
vt -0.435835987 -0.277368009
vt -0.435665995 -0.276894987
vt -0.440373003 -0.275377989
vt -0.440373003 -0.275377989
vt -0.435665995 -0.276894987
vt -0.440126985 -0.274937987
vt -0.440373003 -0.275377989
vt -0.440126985 -0.274937987
vt -0.44452101 -0.272668004
vt -0.44452101 -0.272668004
vt -0.440126985 -0.274937987
vt -0.444204986 -0.272273004
vt -0.44452101 -0.272668004
vt -0.444204986 -0.272273004
vt -0.448164999 -0.269311994
vt -0.448164999 -0.269311994
vt -0.444204986 -0.272273004
vt -0.447789013 -0.268972993
vt -0.448164999 -0.269311994
vt -0.447789013 -0.268972993
vt -0.451207995 -0.265401989
vt -0.451207995 -0.265401989
vt -0.447789013 -0.268972993
vt -0.450782001 -0.265127987
vt -0.451207995 -0.265401989
vt -0.450782001 -0.265127987
vt -0.453566015 -0.261043996
vt -0.453566015 -0.261043996
vt -0.450782001 -0.265127987
vt -0.453099996 -0.260843009
vt -0.453566015 -0.261043996
vt -0.453099996 -0.260843009
vt -0.455175012 -0.256357998
vt -0.455175012 -0.256357998
vt -0.453099996 -0.260843009
vt -0.454681993 -0.256235003
vt -0.455175012 -0.256357998
vt -0.454681993 -0.256235003
vt -0.455989987 -0.251471013
vt -0.455989987 -0.251471013
vt -0.454681993 -0.256235003
vt -0.455484003 -0.251430005
vt -0.455989987 -0.251471013
vt -0.455484003 -0.251430005
vt -0.455989987 -0.246516004
vt -0.455989987 -0.246516004
vt -0.455484003 -0.251430005
vt -0.455484003 -0.246556997
vt -0.455989987 -0.246516004
vt -0.455484003 -0.246556997
vt -0.455175012 -0.241629004
vt -0.455175012 -0.241629004
vt -0.455484003 -0.246556997
vt -0.454681993 -0.241751999
vt -0.455175012 -0.241629004
vt -0.454681993 -0.241751999
vt -0.453566015 -0.236943007
vt -0.453566015 -0.236943007
vt -0.454681993 -0.241751999
vt -0.453099996 -0.237143993
vt -0.453566015 -0.236943007
vt -0.453099996 -0.237143993
vt -0.451207995 -0.232584998
vt -0.451207995 -0.232584998
vt -0.453099996 -0.237143993
vt -0.450782001 -0.232859001
vt -0.451207995 -0.232584998
vt -0.450782001 -0.232859001
vt -0.448164999 -0.228674993
vt -0.448164999 -0.228674993
vt -0.450782001 -0.232859001
vt -0.447789013 -0.229013994
vt -0.448164999 -0.228674993
vt -0.447789013 -0.229013994
vt -0.44452101 -0.225318998
vt -0.44452101 -0.225318998
vt -0.447789013 -0.229013994
vt -0.444204986 -0.225713998
vt -0.44452101 -0.225318998
vt -0.444204986 -0.225713998
vt -0.440373003 -0.222608998
vt -0.440373003 -0.222608998
vt -0.444204986 -0.225713998
vt -0.440126985 -0.223049
vt -0.440373003 -0.222608998
vt -0.440126985 -0.223049
vt -0.435835987 -0.220618993
vt -0.435835987 -0.220618993
vt -0.440126985 -0.223049
vt -0.435665995 -0.221092001
vt -0.435835987 -0.220618993
vt -0.435665995 -0.221092001
vt -0.431033999 -0.219402999
vt -0.431033999 -0.219402999
vt -0.435665995 -0.221092001
vt -0.430943012 -0.219896004
vt -0.431033999 -0.219402999
vt -0.430943012 -0.219896004
vt -0.426097006 -0.218992993
vt -0.426097006 -0.218992993
vt -0.430943012 -0.219896004
vt -0.426088005 -0.219493002
vt 0.426088005 0.00799699966
vt 0.426097006 0.00849699974
vt 0.421234012 0.00807700027
vt 0.421234012 0.00807700027
vt 0.426097006 0.00849699974
vt 0.421160012 0.00857799966
vt -0.421234012 -0.278091013
vt -0.421160012 -0.278584003
vt -0.416510999 -0.276894987
vt -0.416510999 -0.276894987
vt -0.421160012 -0.278584003
vt -0.416357011 -0.277368009
vt -0.416510999 -0.276894987
vt -0.416357011 -0.277368009
vt -0.412050009 -0.274937987
vt -0.412050009 -0.274937987
vt -0.416357011 -0.277368009
vt -0.411819994 -0.275377989
vt -0.412050009 -0.274937987
vt -0.411819994 -0.275377989
vt -0.407972008 -0.272273004
vt -0.407972008 -0.272273004
vt -0.411819994 -0.275377989
vt -0.407673001 -0.272668004
vt -0.407972008 -0.272273004
vt -0.407673001 -0.272668004
vt -0.404388011 -0.268972993
vt -0.404388011 -0.268972993
vt -0.407673001 -0.272668004
vt -0.404027998 -0.269311994
vt -0.404388011 -0.268972993
vt -0.404027998 -0.269311994
vt -0.401394993 -0.265127987
vt -0.401394993 -0.265127987
vt -0.404027998 -0.269311994
vt -0.400985003 -0.265401989
vt -0.401394993 -0.265127987
vt -0.400985003 -0.265401989
vt -0.399076998 -0.260843009
vt -0.399076998 -0.260843009
vt -0.400985003 -0.265401989
vt -0.398627013 -0.261043996
vt -0.399076998 -0.260843009
vt -0.398627013 -0.261043996
vt -0.397495002 -0.256235003
vt -0.397495002 -0.256235003
vt -0.398627013 -0.261043996
vt -0.397018999 -0.256357998
vt 0.00846900046 -0.256235003
vt 0.00897699967 -0.256357998
vt 0.00848199986 -0.251430005
vt 0.00848199986 -0.251430005
vt 0.00897699967 -0.256357998
vt 0.00899100024 -0.251471013
vt 0.00848199986 -0.251430005
vt 0.00899100024 -0.251471013
vt 0.00848199986 -0.246556997
vt 0.00848199986 -0.246556997
vt 0.00899100024 -0.251471013
vt 0.00899100024 -0.246516004
vt 0.00848199986 -0.246556997
vt 0.00899100024 -0.246516004
vt 0.00846900046 -0.241751999
vt 0.00846900046 -0.241751999
vt 0.00899100024 -0.246516004
vt 0.00897699967 -0.241629004
vt -0.397495002 -0.241751999
vt -0.397018999 -0.241629004
vt -0.399076998 -0.237143993
vt -0.399076998 -0.237143993
vt -0.397018999 -0.241629004
vt -0.398627013 -0.236943007
vt -0.399076998 -0.237143993
vt -0.398627013 -0.236943007
vt -0.401394993 -0.232859001
vt -0.401394993 -0.232859001
vt -0.398627013 -0.236943007
vt -0.400985003 -0.232584998
vt -0.401394993 -0.232859001
vt -0.400985003 -0.232584998
vt -0.404388011 -0.229013994
vt -0.404388011 -0.229013994
vt -0.400985003 -0.232584998
vt -0.404027998 -0.228674993
vt -0.404388011 -0.229013994
vt -0.404027998 -0.228674993
vt -0.407972008 -0.225713998
vt -0.407972008 -0.225713998
vt -0.404027998 -0.228674993
vt -0.407673001 -0.225318998
vt -0.407972008 -0.225713998
vt -0.407673001 -0.225318998
vt -0.412050009 -0.223049
vt -0.412050009 -0.223049
vt -0.407673001 -0.225318998
vt -0.411819994 -0.222608998
vt -0.412050009 -0.223049
vt -0.411819994 -0.222608998
vt -0.416510999 -0.221092001
vt -0.416510999 -0.221092001
vt -0.411819994 -0.222608998
vt -0.416357011 -0.220618993
vt -0.416510999 -0.221092001
vt -0.416357011 -0.220618993
vt -0.421234012 -0.219896004
vt -0.421234012 -0.219896004
vt -0.416357011 -0.220618993
vt -0.421160012 -0.219402999
vt -0.421234012 0.00807700027
vt -0.421160012 0.00857799966
vt -0.426088005 0.00799699966
vt -0.426088005 0.00799699966
vt -0.421160012 0.00857799966
vt -0.426097006 0.00849699974
vt 0.42623201 0.0166619997
vt 0.426097006 0.00849699974
vt 0.431086987 0.0165819991
vt 0.431086987 0.0165819991
vt 0.426097006 0.00849699974
vt 0.431033999 0.00841499958
vt 0.431086987 0.0165819991
vt 0.431033999 0.00841499958
vt 0.435808986 0.0165040009
vt 0.435808986 0.0165040009
vt 0.431033999 0.00841499958
vt 0.435835987 0.00833600014
vt 0.435808986 0.0165040009
vt 0.435835987 0.00833600014
vt 0.440270007 0.0164299998
vt 0.440270007 0.0164299998
vt 0.435835987 0.00833600014
vt 0.440373003 0.00826099981
vt 0.440270007 0.0164299998
vt 0.440373003 0.00826099981
vt 0.444348007 0.0163630005
vt 0.444348007 0.0163630005
vt 0.440373003 0.00826099981
vt 0.44452101 0.00819199998
vt 0.444348007 0.0163630005
vt 0.44452101 0.00819199998
vt 0.447932988 0.0163039993
vt 0.447932988 0.0163039993
vt 0.44452101 0.00819199998
vt 0.448164999 0.00813200045
vt -0.0163039993 -0.268972993
vt -0.00813200045 -0.269311994
vt -0.0162540004 -0.265127987
vt -0.0162540004 -0.265127987
vt -0.00813200045 -0.269311994
vt -0.00808199961 -0.265401989
vt -0.0162540004 -0.265127987
vt -0.00808199961 -0.265401989
vt -0.0162160005 -0.260843009
vt -0.0162160005 -0.260843009
vt -0.00808199961 -0.265401989
vt -0.00804299954 -0.261043996
vt -0.0162160005 -0.260843009
vt -0.00804299954 -0.261043996
vt -0.0161899999 -0.256235003
vt -0.0161899999 -0.256235003
vt -0.00804299954 -0.261043996
vt -0.00801599957 -0.256357998
vt -0.0161899999 -0.256235003
vt -0.00801599957 -0.256357998
vt -0.0161770005 -0.251430005
vt -0.0161770005 -0.251430005
vt -0.00801599957 -0.256357998
vt -0.00800300017 -0.251471013
vt -0.0161770005 -0.251430005
vt -0.00800300017 -0.251471013
vt -0.0161770005 -0.246556997
vt -0.0161770005 -0.246556997
vt -0.00800300017 -0.251471013
vt -0.00800300017 -0.246516004
vt -0.0161770005 -0.246556997
vt -0.00800300017 -0.246516004
vt -0.0161899999 -0.241751999
vt -0.0161899999 -0.241751999
vt -0.00800300017 -0.246516004
vt -0.00801599957 -0.241629004
vt -0.0161899999 -0.241751999
vt -0.00801599957 -0.241629004
vt -0.0162160005 -0.237143993
vt -0.0162160005 -0.237143993
vt -0.00801599957 -0.241629004
vt -0.00804299954 -0.236943007
vt -0.0162160005 -0.237143993
vt -0.00804299954 -0.236943007
vt -0.0162540004 -0.232859001
vt -0.0162540004 -0.232859001
vt -0.00804299954 -0.236943007
vt -0.00808199961 -0.232584998
vt -0.0162540004 -0.232859001
vt -0.00808199961 -0.232584998
vt -0.0163039993 -0.229013994
vt -0.0163039993 -0.229013994
vt -0.00808199961 -0.232584998
vt -0.00813200045 -0.228674993
vt -0.447932988 0.0163039993
vt -0.448164999 0.00813200045
vt -0.444348007 0.0163630005
vt -0.444348007 0.0163630005
vt -0.448164999 0.00813200045
vt -0.44452101 0.00819199998
vt -0.444348007 0.0163630005
vt -0.44452101 0.00819199998
vt -0.440270007 0.0164299998
vt -0.440270007 0.0164299998
vt -0.44452101 0.00819199998
vt -0.440373003 0.00826099981
vt -0.440270007 0.0164299998
vt -0.440373003 0.00826099981
vt -0.435808986 0.0165040009
vt -0.435808986 0.0165040009
vt -0.440373003 0.00826099981
vt -0.435835987 0.00833600014
vt -0.435808986 0.0165040009
vt -0.435835987 0.00833600014
vt -0.431086987 0.0165819991
vt -0.431086987 0.0165819991
vt -0.435835987 0.00833600014
vt -0.431033999 0.00841499958
vt -0.431086987 0.0165819991
vt -0.431033999 0.00841499958
vt -0.42623201 0.0166619997
vt -0.42623201 0.0166619997
vt -0.431033999 0.00841499958
vt -0.426097006 0.00849699974
vt 0.426097006 0.00849699974
vt 0.42623201 0.0166619997
vt 0.421160012 0.00857799966
vt 0.421160012 0.00857799966
vt 0.42623201 0.0166619997
vt 0.421377003 0.0167420004
vt 0.421160012 0.00857799966
vt 0.421377003 0.0167420004
vt 0.416357011 0.00865800027
vt 0.416357011 0.00865800027
vt 0.421377003 0.0167420004
vt 0.416653991 0.0168200005
vt 0.416357011 0.00865800027
vt 0.416653991 0.0168200005
vt 0.411819994 0.00873299967
vt 0.411819994 0.00873299967
vt 0.416653991 0.0168200005
vt 0.412193 0.0168939997
vt 0.411819994 0.00873299967
vt 0.412193 0.0168939997
vt 0.407673001 0.00880100019
vt 0.407673001 0.00880100019
vt 0.412193 0.0168939997
vt 0.408115 0.0169619992
vt 0.407673001 0.00880100019
vt 0.408115 0.0169619992
vt 0.404027998 0.00886099972
vt 0.404027998 0.00886099972
vt 0.408115 0.0169619992
vt 0.404531002 0.0170210004
vt 0.00886099972 -0.269311994
vt 0.0170210004 -0.268972993
vt 0.00891199987 -0.265401989
vt 0.00891199987 -0.265401989
vt 0.0170210004 -0.268972993
vt 0.0170699991 -0.265127987
vt 0.00891199987 -0.265401989
vt 0.0170699991 -0.265127987
vt 0.00895099994 -0.261043996
vt 0.00895099994 -0.261043996
vt 0.0170699991 -0.265127987
vt 0.0171089992 -0.260843009
vt 0.00895099994 -0.261043996
vt 0.0171089992 -0.260843009
vt 0.00897699967 -0.256357998
vt 0.00897699967 -0.256357998
vt 0.0171089992 -0.260843009
vt 0.0171349999 -0.256235003
vt 0.00897699967 -0.256357998
vt 0.0171349999 -0.256235003
vt 0.00899100024 -0.251471013
vt 0.00899100024 -0.251471013
vt 0.0171349999 -0.256235003
vt 0.0171479993 -0.251430005
vt 0.00899100024 -0.251471013
vt 0.0171479993 -0.251430005
vt 0.00899100024 -0.246516004
vt 0.00899100024 -0.246516004
vt 0.0171479993 -0.251430005
vt 0.0171479993 -0.246556997
vt 0.00899100024 -0.246516004
vt 0.0171479993 -0.246556997
vt 0.00897699967 -0.241629004
vt 0.00897699967 -0.241629004
vt 0.0171479993 -0.246556997
vt 0.0171349999 -0.241751999
vt 0.00897699967 -0.241629004
vt 0.0171349999 -0.241751999
vt 0.00895099994 -0.236943007
vt 0.00895099994 -0.236943007
vt 0.0171349999 -0.241751999
vt 0.0171089992 -0.237143993
vt 0.00895099994 -0.236943007
vt 0.0171089992 -0.237143993
vt 0.00891199987 -0.232584998
vt 0.00891199987 -0.232584998
vt 0.0171089992 -0.237143993
vt 0.0170699991 -0.232859001
vt 0.00891199987 -0.232584998
vt 0.0170699991 -0.232859001
vt 0.00886099972 -0.228674993
vt 0.00886099972 -0.228674993
vt 0.0170699991 -0.232859001
vt 0.0170210004 -0.229013994
vt -0.404027998 0.00886099972
vt -0.404531002 0.0170210004
vt -0.407673001 0.00880100019
vt -0.407673001 0.00880100019
vt -0.404531002 0.0170210004
vt -0.408115 0.0169619992
vt -0.407673001 0.00880100019
vt -0.408115 0.0169619992
vt -0.411819994 0.00873299967
vt -0.411819994 0.00873299967
vt -0.408115 0.0169619992
vt -0.412193 0.0168939997
vt -0.411819994 0.00873299967
vt -0.412193 0.0168939997
vt -0.416357011 0.00865800027
vt -0.416357011 0.00865800027
vt -0.412193 0.0168939997
vt -0.416653991 0.0168200005
vt -0.416357011 0.00865800027
vt -0.416653991 0.0168200005
vt -0.421160012 0.00857799966
vt -0.421160012 0.00857799966
vt -0.416653991 0.0168200005
vt -0.421377003 0.0167420004
vt -0.421160012 0.00857799966
vt -0.421377003 0.0167420004
vt -0.426097006 0.00849699974
vt -0.426097006 0.00849699974
vt -0.421377003 0.0167420004
vt -0.42623201 0.0166619997
vt 0.42623201 -0.278492987
vt 0.431086987 -0.278091013
vt 0.426337004 -0.267246991
vt -0.0230180006 -0.267246991
vt -0.0165819991 -0.278091013
vt -0.0165819991 -0.278091013
vt 0.426337004 -0.267246991
vt 0.431086987 -0.278091013
vt 0.431064993 -0.266624004
vt 0.431064993 -0.266624004
vt 0.431086987 -0.278091013
vt 0.435808986 -0.276894987
vt 0.431064993 -0.266624004
vt 0.435808986 -0.276894987
vt 0.435465008 -0.264800012
vt 0.435465008 -0.264800012
vt 0.435808986 -0.276894987
vt 0.440270007 -0.274937987
vt -0.0228669997 -0.264800012
vt -0.0164299998 -0.274937987
vt -0.0228669997 -0.264800012
vt 0.435465008 -0.264800012
vt 0.440270007 -0.274937987
vt 0.444348007 -0.272273004
vt 0.435465008 -0.264800012
vt 0.444348007 -0.272273004
vt 0.439244986 -0.261898994
vt 0.439244986 -0.261898994
vt 0.444348007 -0.272273004
vt 0.447932988 -0.268972993
vt -0.0228049997 -0.261898994
vt -0.0163039993 -0.268972993
vt -0.0228049997 -0.261898994
vt 0.439244986 -0.261898994
vt 0.447932988 -0.268972993
vt 0.450924993 -0.265127987
vt 0.439244986 -0.261898994
vt 0.450924993 -0.265127987
vt 0.44214499 -0.258116007
vt 0.44214499 -0.258116007
vt 0.450924993 -0.265127987
vt 0.453242987 -0.260843009
vt 0.44214499 -0.258116007
vt 0.453242987 -0.260843009
vt 0.443967015 -0.253717005
vt 0.443967015 -0.253717005
vt 0.453242987 -0.260843009
vt 0.454825014 -0.256235003
vt -0.0227269996 -0.253717005
vt -0.0161899999 -0.256235003
vt -0.0227269996 -0.253717005
vt 0.443967015 -0.253717005
vt 0.454825014 -0.256235003
vt 0.455626994 -0.251430005
vt 0.443967015 -0.253717005
vt 0.455626994 -0.251430005
vt 0.444588006 -0.248988003
vt 0.444588006 -0.248988003
vt 0.455626994 -0.251430005
vt 0.455626994 -0.246556997
vt 0.444588006 -0.248988003
vt 0.455626994 -0.246556997
vt 0.443966001 -0.244267002
vt 0.443966001 -0.244267002
vt 0.455626994 -0.246556997
vt 0.454825014 -0.241751999
vt -0.0227269996 -0.244267002
vt -0.0161899999 -0.241751999
vt -0.0227269996 -0.244267002
vt 0.443966001 -0.244267002
vt 0.454825014 -0.241751999
vt 0.453242987 -0.237143993
vt 0.443966001 -0.244267002
vt 0.453242987 -0.237143993
vt 0.442140996 -0.239862993
vt 0.442140996 -0.239862993
vt 0.453242987 -0.237143993
vt 0.450924993 -0.232859001
vt 0.442140996 -0.239862993
vt 0.450924993 -0.232859001
vt 0.439238995 -0.236083001
vt 0.439238995 -0.236083001
vt 0.450924993 -0.232859001
vt 0.447932988 -0.229013994
vt -0.0228049997 -0.236083001
vt -0.0163039993 -0.229013994
vt -0.0228049997 -0.236083001
vt 0.439238995 -0.236083001
vt 0.447932988 -0.229013994
vt 0.444348007 -0.225713998
vt 0.439238995 -0.236083001
vt 0.444348007 -0.225713998
vt 0.435460001 -0.233183995
vt 0.435460001 -0.233183995
vt 0.444348007 -0.225713998
vt 0.440270007 -0.223049
vt -0.0228669997 -0.233183995
vt -0.0164299998 -0.223049
vt -0.0228669997 -0.233183995
vt 0.435460001 -0.233183995
vt 0.440270007 -0.223049
vt 0.435808986 -0.221092001
vt 0.435460001 -0.233183995
vt 0.435808986 -0.221092001
vt 0.431055009 -0.231361002
vt 0.431055009 -0.231361002
vt 0.435808986 -0.221092001
vt 0.431086987 -0.219896004
vt 0.431055009 -0.231361002
vt 0.431086987 -0.219896004
vt 0.426337004 -0.230739996
vt 0.426337004 -0.230739996
vt 0.431086987 -0.219896004
vt 0.42623201 -0.219493002
vt 0.42623201 -0.278492987
vt 0.426337004 -0.267246991
vt 0.421377003 -0.278091013
vt 0.421377003 -0.278091013
vt 0.426337004 -0.267246991
vt 0.421618015 -0.266627014
vt 0.421377003 -0.278091013
vt 0.421618015 -0.266627014
vt 0.416653991 -0.276894987
vt 0.416653991 -0.276894987
vt 0.421618015 -0.266627014
vt 0.417212993 -0.264802992
vt 0.416653991 -0.276894987
vt 0.417212993 -0.264802992
vt 0.412193 -0.274937987
vt -0.0168939997 -0.274937987
vt -0.0231689997 -0.264802992
vt -0.0231689997 -0.264802992
vt 0.412193 -0.274937987
vt 0.417212993 -0.264802992
vt 0.408115 -0.272273004
vt 0.408115 -0.272273004
vt 0.417212993 -0.264802992
vt 0.413433999 -0.261904001
vt 0.408115 -0.272273004
vt 0.413433999 -0.261904001
vt 0.404531002 -0.268972993
vt -0.0170210004 -0.268972993
vt -0.0232309997 -0.261904001
vt -0.0232309997 -0.261904001
vt 0.404531002 -0.268972993
vt 0.413433999 -0.261904001
vt 0.401538998 -0.265127987
vt 0.401538998 -0.265127987
vt 0.413433999 -0.261904001
vt 0.410533011 -0.258123994
vt 0.401538998 -0.265127987
vt 0.410533011 -0.258123994
vt 0.39921999 -0.260843009
vt 0.39921999 -0.260843009
vt 0.410533011 -0.258123994
vt 0.408708006 -0.253719985
vt 0.39921999 -0.260843009
vt 0.408708006 -0.253719985
vt 0.397637993 -0.256235003
vt -0.0171349999 -0.256235003
vt -0.0233089998 -0.253719985
vt -0.0233089998 -0.253719985
vt 0.397637993 -0.256235003
vt 0.408708006 -0.253719985
vt 0.396836013 -0.251430005
vt 0.396836013 -0.251430005
vt 0.408708006 -0.253719985
vt 0.408086002 -0.248999
vt 0.396836013 -0.251430005
vt 0.408086002 -0.248999
vt 0.396836013 -0.246556997
vt 0.396836013 -0.246556997
vt 0.408086002 -0.248999
vt 0.408706993 -0.244269997
vt 0.396836013 -0.246556997
vt 0.408706993 -0.244269997
vt 0.397637993 -0.241751999
vt -0.0171349999 -0.241751999
vt -0.0233089998 -0.244269997
vt -0.0233089998 -0.244269997
vt 0.397637993 -0.241751999
vt 0.408706993 -0.244269997
vt 0.39921999 -0.237143993
vt 0.39921999 -0.237143993
vt 0.408706993 -0.244269997
vt 0.410528004 -0.239870995
vt 0.39921999 -0.237143993
vt 0.410528004 -0.239870995
vt 0.401538998 -0.232859001
vt 0.401538998 -0.232859001
vt 0.410528004 -0.239870995
vt 0.413428992 -0.236087993
vt 0.401538998 -0.232859001
vt 0.413428992 -0.236087993
vt 0.404531002 -0.229013994
vt -0.0170210004 -0.229013994
vt -0.0232309997 -0.236087993
vt -0.0232309997 -0.236087993
vt 0.404531002 -0.229013994
vt 0.413428992 -0.236087993
vt 0.408115 -0.225713998
vt 0.408115 -0.225713998
vt 0.413428992 -0.236087993
vt 0.417207986 -0.233187005
vt 0.408115 -0.225713998
vt 0.417207986 -0.233187005
vt 0.412193 -0.223049
vt -0.0168939997 -0.223049
vt -0.0231689997 -0.233187005
vt -0.0231689997 -0.233187005
vt 0.412193 -0.223049
vt 0.417207986 -0.233187005
vt 0.416653991 -0.221092001
vt 0.416653991 -0.221092001
vt 0.417207986 -0.233187005
vt 0.421608001 -0.231362998
vt 0.416653991 -0.221092001
vt 0.421608001 -0.231362998
vt 0.421377003 -0.219896004
vt 0.421377003 -0.219896004
vt 0.421608001 -0.231362998
vt 0.426337004 -0.230739996
vt 0.421377003 -0.219896004
vt 0.426337004 -0.230739996
vt 0.42623201 -0.219493002
vt 0.419312 -0.244491994
vt 0.41810599 -0.248990998
vt 0.422605991 -0.241199002
vt -0.0695630014 -0.241199002
vt -0.0696370006 -0.248990998
vt -0.0696370006 -0.248990998
vt 0.422605991 -0.241199002
vt 0.41810599 -0.248990998
vt 0.42710501 -0.239993006
vt 0.42710501 -0.239993006
vt 0.41810599 -0.248990998
vt 0.419310004 -0.253491014
vt 0.42710501 -0.239993006
vt 0.419310004 -0.253491014
vt 0.431605011 -0.2412
vt 0.431605011 -0.2412
vt 0.419310004 -0.253491014
vt 0.422603995 -0.256787002
vt 0.431605011 -0.2412
vt 0.422603995 -0.256787002
vt 0.434899002 -0.244496003
vt 0.434899002 -0.244496003
vt 0.422603995 -0.256787002
vt 0.42710501 -0.257993013
vt 0.434899002 -0.244496003
vt 0.42710501 -0.257993013
vt 0.436102986 -0.248996004
vt 0.436102986 -0.248996004
vt 0.42710501 -0.257993013
vt 0.431603014 -0.256787986
vt 0.436102986 -0.248996004
vt 0.431603014 -0.256787986
vt 0.434897006 -0.253495008
vt -0.426443994 0.0294940006
vt -0.421945006 0.0295679998
vt -0.42710501 0.0694879964
vt -0.0694879964 -0.239993006
vt -0.0295679998 -0.241199002
vt -0.0295679998 -0.241199002
vt -0.42710501 0.0694879964
vt -0.421945006 0.0295679998
vt -0.422605991 0.0695630014
vt -0.422605991 0.0695630014
vt -0.421945006 0.0295679998
vt -0.418651998 0.029623
vt -0.422605991 0.0695630014
vt -0.418651998 0.029623
vt -0.419312 0.0696170032
vt 0.0696170032 -0.244491994
vt 0.029623 -0.244491994
vt 0.0296429992 -0.248990998
vt 0.0696170032 -0.244491994
vt 0.0296429992 -0.248990998
vt 0.0696370006 -0.248990998
vt 0.0696370006 -0.248990998
vt 0.0296429992 -0.248990998
vt 0.029623 -0.253491014
vt 0.0696370006 -0.248990998
vt 0.029623 -0.253491014
vt 0.0696170032 -0.253491014
vt 0.0696170032 -0.253491014
vt 0.029623 -0.253491014
vt 0.0295679998 -0.256787002
vt 0.0696170032 -0.253491014
vt 0.0295679998 -0.256787002
vt 0.0695630014 -0.256787002
vt 0.422603995 0.0695630014
vt 0.421943009 0.0295679998
vt 0.426443994 0.0294940006
vt 0.422603995 0.0695630014
vt 0.426443994 0.0294940006
vt 0.42710501 0.0694879964
vt -0.42710501 0.0694879964
vt -0.431605011 0.0694139972
vt -0.426443994 0.0294940006
vt -0.0294940006 -0.239993006
vt -0.0694139972 -0.2412
vt -0.0694139972 -0.2412
vt -0.426443994 0.0294940006
vt -0.431605011 0.0694139972
vt -0.430945009 0.0294189993
vt -0.0294189993 -0.2412
vt -0.0694139972 -0.2412
vt -0.0693600029 -0.244496003
vt -0.0294189993 -0.2412
vt -0.0693600029 -0.244496003
vt -0.0293649994 -0.244496003
vt -0.0293649994 -0.244496003
vt -0.0693600029 -0.244496003
vt -0.0693399981 -0.248996004
vt -0.0293649994 -0.244496003
vt -0.0693399981 -0.248996004
vt -0.0293450002 -0.248996004
vt -0.0293450002 -0.248996004
vt -0.0693399981 -0.248996004
vt -0.0693600029 -0.253495008
vt -0.0293450002 -0.248996004
vt -0.0693600029 -0.253495008
vt -0.0293649994 -0.253495008
vt 0.43423599 0.0293649994
vt 0.434897006 0.0693600029
vt 0.431603014 0.0694139972
vt 0.43423599 0.0293649994
vt 0.431603014 0.0694139972
vt 0.430941999 0.0294189993
vt 0.430941999 0.0294189993
vt 0.431603014 0.0694139972
vt 0.42710501 0.0694879964
vt 0.430941999 0.0294189993
vt 0.42710501 0.0694879964
vt 0.426443994 0.0294940006
vt 0.426380008 0.0256609991
vt 0.43088299 0.025587
vt 0.426443994 0.0294940006
vt -0.0294940006 -0.264993995
vt -0.025587 -0.264346004
vt -0.025587 -0.264346004
vt 0.426443994 0.0294940006
vt 0.43088299 0.025587
vt 0.430954009 0.0294189993
vt 0.430954009 0.0294189993
vt 0.43088299 0.025587
vt 0.43502599 0.0255180001
vt 0.430954009 0.0294189993
vt 0.43502599 0.0255180001
vt 0.435095996 0.0293509997
vt 0.435095996 0.0293509997
vt 0.43502599 0.0255180001
vt 0.438468993 0.0254609995
vt 0.435095996 0.0293509997
vt 0.438468993 0.0254609995
vt 0.438535988 0.0292939991
vt -0.0292939991 -0.259469002
vt -0.0254609995 -0.259472996
vt -0.0254209992 -0.255641997
vt -0.0292939991 -0.259469002
vt -0.0254209992 -0.255641997
vt -0.0292530004 -0.255638987
vt -0.0292530004 -0.255638987
vt -0.0254209992 -0.255641997
vt -0.0253989995 -0.251275003
vt -0.0292530004 -0.255638987
vt -0.0253989995 -0.251275003
vt -0.0292319991 -0.251266986
vt -0.0292319991 -0.251266986
vt -0.0253989995 -0.251275003
vt -0.0253989995 -0.246720001
vt -0.0292319991 -0.251266986
vt -0.0253989995 -0.246720001
vt -0.0292319991 -0.246711999
vt -0.0292319991 -0.246711999
vt -0.0253989995 -0.246720001
vt -0.0254209992 -0.242348
vt -0.0292319991 -0.246711999
vt -0.0254209992 -0.242348
vt -0.0292530004 -0.242345005
vt -0.0292530004 -0.242345005
vt -0.0254209992 -0.242348
vt -0.0254609995 -0.238518
vt -0.0292530004 -0.242345005
vt -0.0254609995 -0.238518
vt -0.0292939991 -0.238514006
vt -0.438533008 0.0292939991
vt -0.438472986 0.0254609995
vt -0.435032994 0.0255180001
vt -0.438533008 0.0292939991
vt -0.435032994 0.0255180001
vt -0.435088992 0.0293509997
vt -0.435088992 0.0293509997
vt -0.435032994 0.0255180001
vt -0.430889994 0.0255859997
vt -0.435088992 0.0293509997
vt -0.430889994 0.0255859997
vt -0.430947006 0.0294189993
vt -0.430947006 0.0294189993
vt -0.430889994 0.0255859997
vt -0.426380008 0.0256609991
vt -0.430947006 0.0294189993
vt -0.426380008 0.0256609991
vt -0.426443994 0.0294940006
vt 0.426443994 0.0294940006
vt 0.421941012 0.0295679998
vt 0.426380008 0.0256609991
vt -0.0256609991 -0.264993995
vt -0.0295679998 -0.264346004
vt -0.0295679998 -0.264346004
vt 0.426380008 0.0256609991
vt 0.421941012 0.0295679998
vt 0.421869993 0.0257360004
vt 0.421869993 0.0257360004
vt 0.421941012 0.0295679998
vt 0.417798012 0.0296369996
vt 0.421869993 0.0257360004
vt 0.417798012 0.0296369996
vt 0.417728007 0.025804
vt 0.417728007 0.025804
vt 0.417798012 0.0296369996
vt 0.41435501 0.0296940003
vt 0.417728007 0.025804
vt 0.41435501 0.0296940003
vt 0.414288014 0.0258610006
vt 0.0258610006 -0.259469002
vt 0.0296940003 -0.259472996
vt 0.0297340006 -0.255641997
vt 0.0258610006 -0.259469002
vt 0.0297340006 -0.255641997
vt 0.0259009991 -0.255638987
vt 0.0259009991 -0.255638987
vt 0.0297340006 -0.255641997
vt 0.029755 -0.251275003
vt 0.0259009991 -0.255638987
vt 0.029755 -0.251275003
vt 0.0259230006 -0.251266986
vt 0.0259230006 -0.251266986
vt 0.029755 -0.251275003
vt 0.029755 -0.246720001
vt 0.0259230006 -0.251266986
vt 0.029755 -0.246720001
vt 0.0259230006 -0.246711999
vt 0.0259230006 -0.246711999
vt 0.029755 -0.246720001
vt 0.0297340006 -0.242348
vt 0.0259230006 -0.246711999
vt 0.0297340006 -0.242348
vt 0.0259009991 -0.242345005
vt 0.0259009991 -0.242345005
vt 0.0297340006 -0.242348
vt 0.0296940003 -0.238518
vt 0.0259009991 -0.242345005
vt 0.0296940003 -0.238518
vt 0.0258610006 -0.238514006
vt -0.414290994 0.0258610006
vt -0.414350986 0.0296940003
vt -0.417791009 0.0296369996
vt -0.414290994 0.0258610006
vt -0.417791009 0.0296369996
vt -0.41773501 0.025804
vt -0.41773501 0.025804
vt -0.417791009 0.0296369996
vt -0.421934009 0.0295679998
vt -0.41773501 0.025804
vt -0.421934009 0.0295679998
vt -0.421876997 0.0257350001
vt -0.421876997 0.0257350001
vt -0.421934009 0.0295679998
vt -0.426443994 0.0294940006
vt -0.421876997 0.0257350001
vt -0.426443994 0.0294940006
vt -0.426380008 0.0256609991
vt 0.426371992 -0.232493997
vt 0.421727985 -0.233161002
vt 0.426380008 -0.232993007
vt -0.0256609991 -0.232993007
vt -0.0252379999 -0.233161002
vt -0.0252379999 -0.233161002
vt 0.426380008 -0.232993007
vt 0.421727985 -0.233161002
vt 0.421876997 -0.233640999
vt 0.421876997 -0.233640999
vt 0.421727985 -0.233161002
vt 0.417457014 -0.235110998
vt 0.421876997 -0.233640999
vt 0.417457014 -0.235110998
vt 0.41773501 -0.235531002
vt 0.41773501 -0.235531002
vt 0.417457014 -0.235110998
vt 0.413904995 -0.238187
vt 0.41773501 -0.235531002
vt 0.413904995 -0.238187
vt 0.414290994 -0.238514006
vt 0.414290994 -0.238514006
vt 0.413904995 -0.238187
vt 0.411365986 -0.242137
vt 0.414290994 -0.238514006
vt 0.411365986 -0.242137
vt 0.411828995 -0.242345005
vt 0.411828995 -0.242345005
vt 0.411365986 -0.242137
vt 0.410043001 -0.246640995
vt 0.411828995 -0.242345005
vt 0.410043001 -0.246640995
vt 0.410546005 -0.246711999
vt 0.410546005 -0.246711999
vt 0.410043001 -0.246640995
vt 0.410041988 -0.251338005
vt 0.410546005 -0.246711999
vt 0.410041988 -0.251338005
vt 0.410544991 -0.251266986
vt 0.410544991 -0.251266986
vt 0.410041988 -0.251338005
vt 0.411365002 -0.255847007
vt 0.410544991 -0.251266986
vt 0.411365002 -0.255847007
vt 0.411828011 -0.255638987
vt 0.411828011 -0.255638987
vt 0.411365002 -0.255847007
vt 0.413902014 -0.259795994
vt 0.411828011 -0.255638987
vt 0.413902014 -0.259795994
vt 0.414288014 -0.259469002
vt 0.414288014 -0.259469002
vt 0.413902014 -0.259795994
vt 0.417448997 -0.262870997
vt 0.414288014 -0.259469002
vt 0.417448997 -0.262870997
vt 0.417728007 -0.262450993
vt 0.417728007 -0.262450993
vt 0.417448997 -0.262870997
vt 0.421721011 -0.264824003
vt 0.417728007 -0.262450993
vt 0.421721011 -0.264824003
vt 0.421869993 -0.264344007
vt 0.421869993 -0.264344007
vt 0.421721011 -0.264824003
vt 0.426371992 -0.265493006
vt 0.421869993 -0.264344007
vt 0.426371992 -0.265493006
vt 0.426380008 -0.264993995
vt -0.426380008 0.0256609991
vt -0.430889994 0.0255859997
vt -0.426371992 0.025161
vt -0.025161 -0.232493997
vt -0.0255859997 -0.233642995
vt -0.0255859997 -0.233642995
vt -0.426371992 0.025161
vt -0.430889994 0.0255859997
vt -0.431023002 0.0250840001
vt 0.431023002 -0.233162999
vt 0.430889994 -0.233642995
vt 0.435032994 -0.235535994
vt 0.431023002 -0.233162999
vt 0.435032994 -0.235535994
vt 0.435294986 -0.235116005
vt 0.435294986 -0.235116005
vt 0.435032994 -0.235535994
vt 0.438472986 -0.238518
vt 0.435294986 -0.235116005
vt 0.438472986 -0.238518
vt 0.438841999 -0.238190994
vt 0.438841999 -0.238190994
vt 0.438472986 -0.238518
vt 0.440932989 -0.242348
vt 0.438841999 -0.238190994
vt 0.440932989 -0.242348
vt 0.441379011 -0.242139995
vt -0.0249129999 -0.242139995
vt -0.0254209992 -0.242348
vt -0.0253989995 -0.246720001
vt -0.0249129999 -0.242139995
vt -0.0253989995 -0.246720001
vt -0.0248910002 -0.246648997
vt -0.0248910002 -0.246648997
vt -0.0253989995 -0.246720001
vt -0.0253989995 -0.251275003
vt -0.0248910002 -0.246648997
vt -0.0253989995 -0.251275003
vt -0.0248910002 -0.251345992
vt -0.0248910002 -0.251345992
vt -0.0253989995 -0.251275003
vt -0.0254209992 -0.255641997
vt -0.0248910002 -0.251345992
vt -0.0254209992 -0.255641997
vt -0.0249129999 -0.255849987
vt 0.441377997 -0.255849987
vt 0.440932006 -0.255641997
vt 0.438468993 -0.259472996
vt 0.441377997 -0.255849987
vt 0.438468993 -0.259472996
vt 0.438838989 -0.259799987
vt 0.438838989 -0.259799987
vt 0.438468993 -0.259472996
vt 0.43502599 -0.262456
vt 0.438838989 -0.259799987
vt 0.43502599 -0.262456
vt 0.435288012 -0.262876004
vt 0.435288012 -0.262876004
vt 0.43502599 -0.262456
vt 0.43088299 -0.264346004
vt 0.435288012 -0.262876004
vt 0.43088299 -0.264346004
vt 0.431015998 -0.264826
vt 0.431015998 0.0250840001
vt 0.43088299 0.025587
vt 0.426380008 0.0256609991
vt 0.431015998 0.0250840001
vt 0.426380008 0.0256609991
vt 0.426371992 0.025161
vt 0.426337004 0.0230180006
vt 0.431064993 0.0229400005
vt 0.426344007 0.0234529991
vt -0.0234529991 -0.266992986
vt -0.0229400005 -0.266624004
vt -0.0229400005 -0.266624004
vt 0.426344007 0.0234529991
vt 0.431064993 0.0229400005
vt 0.430997014 0.0233759992
vt 0.430997014 0.0233759992
vt 0.431064993 0.0229400005
vt 0.435465008 0.0228669997
vt 0.430997014 0.0233759992
vt 0.435465008 0.0228669997
vt 0.435341001 0.0233040005
vt 0.435341001 0.0233040005
vt 0.435465008 0.0228669997
vt 0.439244986 0.0228049997
vt 0.435341001 0.0233040005
vt 0.439244986 0.0228049997
vt 0.439067006 0.0232430007
vt -0.0232430007 -0.261723995
vt -0.0228049997 -0.261898994
vt -0.0227569994 -0.258116007
vt -0.0232430007 -0.261723995
vt -0.0227569994 -0.258116007
vt -0.0231960006 -0.257997006
vt -0.0231960006 -0.257997006
vt -0.0227569994 -0.258116007
vt -0.0227269996 -0.253717005
vt -0.0231960006 -0.257997006
vt -0.0227269996 -0.253717005
vt -0.0231660008 -0.253654003
vt -0.0231660008 -0.253654003
vt -0.0227269996 -0.253717005
vt -0.0227160007 -0.248988003
vt -0.0231660008 -0.253654003
vt -0.0227160007 -0.248988003
vt -0.0231560003 -0.248999
vt -0.0231560003 -0.248999
vt -0.0227160007 -0.248988003
vt -0.0227269996 -0.244267002
vt -0.0231560003 -0.248999
vt -0.0227269996 -0.244267002
vt -0.0231660008 -0.244335994
vt -0.0231660008 -0.244335994
vt -0.0227269996 -0.244267002
vt -0.0227569994 -0.239862993
vt -0.0231660008 -0.244335994
vt -0.0227569994 -0.239862993
vt -0.0231950004 -0.239997998
vt -0.0231950004 -0.239997998
vt -0.0227569994 -0.239862993
vt -0.0228049997 -0.236083001
vt -0.0231950004 -0.239997998
vt -0.0228049997 -0.236083001
vt -0.0232430007 -0.236267999
vt -0.439072013 0.0232430007
vt -0.439238995 0.0228049997
vt -0.435460001 0.0228669997
vt -0.439072013 0.0232430007
vt -0.435460001 0.0228669997
vt -0.435344994 0.0233040005
vt -0.435344994 0.0233040005
vt -0.435460001 0.0228669997
vt -0.431055009 0.0229400005
vt -0.435344994 0.0233040005
vt -0.431055009 0.0229400005
vt -0.431006014 0.0233759992
vt -0.431006014 0.0233759992
vt -0.431055009 0.0229400005
vt -0.426337004 0.0230180006
vt -0.431006014 0.0233759992
vt -0.426337004 0.0230180006
vt -0.426344007 0.0234529991
vt 0.426344007 0.0234529991
vt 0.421680987 0.0235300008
vt 0.426337004 0.0230180006
vt -0.0230180006 -0.267246991
vt -0.0235300008 -0.266378999
vt -0.0235300008 -0.266378999
vt 0.426337004 0.0230180006
vt 0.421680987 0.0235300008
vt 0.421618015 0.0230960008
vt 0.421618015 0.0230960008
vt 0.421680987 0.0235300008
vt 0.417342007 0.0236019995
vt 0.421618015 0.0230960008
vt 0.417342007 0.0236019995
vt 0.417212993 0.0231689997
vt 0.417212993 0.0231689997
vt 0.417342007 0.0236019995
vt 0.413616002 0.0236629993
vt 0.417212993 0.0231689997
vt 0.413616002 0.0236629993
vt 0.413433999 0.0232309997
vt 0.0232309997 -0.261904001
vt 0.0236629993 -0.261718988
vt 0.0237109996 -0.257988989
vt 0.0232309997 -0.261904001
vt 0.0237109996 -0.257988989
vt 0.0232790001 -0.258123994
vt 0.0232790001 -0.258123994
vt 0.0237109996 -0.257988989
vt 0.0237399992 -0.253650993
vt 0.0232790001 -0.258123994
vt 0.0237399992 -0.253650993
vt 0.0233089998 -0.253719985
vt 0.0233089998 -0.253719985
vt 0.0237399992 -0.253650993
vt 0.0237499997 -0.248988003
vt 0.0233089998 -0.253719985
vt 0.0237499997 -0.248988003
vt 0.0233190004 -0.248999
vt 0.0233190004 -0.248999
vt 0.0237499997 -0.248988003
vt 0.0237399992 -0.244332999
vt 0.0233190004 -0.248999
vt 0.0237399992 -0.244332999
vt 0.0233089998 -0.244269997
vt 0.0233089998 -0.244269997
vt 0.0237399992 -0.244332999
vt 0.0237109996 -0.239989996
vt 0.0233089998 -0.244269997
vt 0.0237109996 -0.239989996
vt 0.0232790001 -0.239870995
vt 0.0232790001 -0.239870995
vt 0.0237109996 -0.239989996
vt 0.0236629993 -0.236263007
vt 0.0232790001 -0.239870995
vt 0.0236629993 -0.236263007
vt 0.0232309997 -0.236087993
vt -0.413428992 0.0232309997
vt -0.413621008 0.0236629993
vt -0.417347014 0.0236019995
vt -0.413428992 0.0232309997
vt -0.417347014 0.0236019995
vt -0.417207986 0.0231689997
vt -0.417207986 0.0231689997
vt -0.417347014 0.0236019995
vt -0.421691 0.0235300008
vt -0.417207986 0.0231689997
vt -0.421691 0.0235300008
vt -0.421608001 0.0230960008
vt -0.421608001 0.0230960008
vt -0.421691 0.0235300008
vt -0.426344007 0.0234529991
vt -0.421608001 0.0230960008
vt -0.426344007 0.0234529991
vt -0.426337004 0.0230180006
vt 0.426344007 0.0234529991
vt 0.430997014 0.0233759992
vt 0.426371992 0.025161
vt -0.025161 -0.266793996
vt -0.0233759992 -0.266380996
vt -0.0233759992 -0.266380996
vt 0.426371992 0.025161
vt 0.430997014 0.0233759992
vt 0.431030989 0.0248840004
vt 0.431030989 0.0248840004
vt 0.430997014 0.0233759992
vt 0.435341001 0.0233040005
vt 0.431030989 0.0248840004
vt 0.435341001 0.0233040005
vt 0.435369998 0.0248119999
vt 0.435369998 0.0248119999
vt 0.435341001 0.0233040005
vt 0.439067006 0.0232430007
vt 0.435369998 0.0248119999
vt 0.439067006 0.0232430007
vt 0.439096987 0.0247510001
vt -0.0247510001 -0.261718988
vt -0.0232430007 -0.261723995
vt -0.0231960006 -0.257997006
vt -0.0247510001 -0.261718988
vt -0.0231960006 -0.257997006
vt -0.024704 -0.257988989
vt -0.024704 -0.257988989
vt -0.0231960006 -0.257997006
vt -0.0231660008 -0.253654003
vt -0.024704 -0.257988989
vt -0.0231660008 -0.253654003
vt -0.0246740002 -0.253650993
vt -0.0246740002 -0.253650993
vt -0.0231660008 -0.253654003
vt -0.0231560003 -0.248999
vt -0.0246740002 -0.253650993
vt -0.0231560003 -0.248999
vt -0.0246639997 -0.248988003
vt -0.0246639997 -0.248988003
vt -0.0231560003 -0.248999
vt -0.0231660008 -0.244335994
vt -0.0246639997 -0.248988003
vt -0.0231660008 -0.244335994
vt -0.0246740002 -0.244332999
vt -0.0246740002 -0.244332999
vt -0.0231660008 -0.244335994
vt -0.0231950004 -0.239997998
vt -0.0246740002 -0.244332999
vt -0.0231950004 -0.239997998
vt -0.024704 -0.239989996
vt -0.024704 -0.239989996
vt -0.0231950004 -0.239997998
vt -0.0232430007 -0.236267999
vt -0.024704 -0.239989996
vt -0.0232430007 -0.236267999
vt -0.0247510001 -0.236263007
vt -0.43909201 0.0247510001
vt -0.439072013 0.0232430007
vt -0.435344994 0.0233040005
vt -0.43909201 0.0247510001
vt -0.435344994 0.0233040005
vt -0.435366005 0.0248119999
vt -0.435366005 0.0248119999
vt -0.435344994 0.0233040005
vt -0.431006014 0.0233759992
vt -0.435366005 0.0248119999
vt -0.431006014 0.0233759992
vt -0.431021988 0.0248840004
vt -0.431021988 0.0248840004
vt -0.431006014 0.0233759992
vt -0.426344007 0.0234529991
vt -0.431021988 0.0248840004
vt -0.426344007 0.0234529991
vt -0.426371992 0.025161
vt 0.426371992 0.025161
vt 0.421716005 0.0250380002
vt 0.426344007 0.0234529991
vt -0.0234529991 -0.266992986
vt -0.0250380002 -0.266380996
vt -0.0250380002 -0.266380996
vt 0.426344007 0.0234529991
vt 0.421716005 0.0250380002
vt 0.421680987 0.0235300008
vt 0.421680987 0.0235300008
vt 0.421716005 0.0250380002
vt 0.417371988 0.0251100007
vt 0.421680987 0.0235300008
vt 0.417371988 0.0251100007
vt 0.417342007 0.0236019995
vt 0.417342007 0.0236019995
vt 0.417371988 0.0251100007
vt 0.413646013 0.0251710005
vt 0.417342007 0.0236019995
vt 0.413646013 0.0251710005
vt 0.413616002 0.0236629993
vt 0.0236629993 -0.261718988
vt 0.0251710005 -0.261723995
vt 0.0252190009 -0.257997006
vt 0.0236629993 -0.261718988
vt 0.0252190009 -0.257997006
vt 0.0237109996 -0.257988989
vt 0.0237109996 -0.257988989
vt 0.0252190009 -0.257997006
vt 0.0252480004 -0.253654003
vt 0.0237109996 -0.257988989
vt 0.0252480004 -0.253654003
vt 0.0237399992 -0.253650993
vt 0.0237399992 -0.253650993
vt 0.0252480004 -0.253654003
vt 0.0252579991 -0.248999
vt 0.0237399992 -0.253650993
vt 0.0252579991 -0.248999
vt 0.0237499997 -0.248988003
vt 0.0237499997 -0.248988003
vt 0.0252579991 -0.248999
vt 0.0252480004 -0.244335994
vt 0.0237499997 -0.248988003
vt 0.0252480004 -0.244335994
vt 0.0237399992 -0.244332999
vt 0.0237399992 -0.244332999
vt 0.0252480004 -0.244335994
vt 0.0252190009 -0.239997998
vt 0.0237399992 -0.244332999
vt 0.0252190009 -0.239997998
vt 0.0237109996 -0.239989996
vt 0.0237109996 -0.239989996
vt 0.0252190009 -0.239997998
vt 0.0251710005 -0.236267999
vt 0.0237109996 -0.239989996
vt 0.0251710005 -0.236267999
vt 0.0236629993 -0.236263007
vt -0.413621008 0.0236629993
vt -0.413639992 0.0251710005
vt -0.417367011 0.0251100007
vt -0.413621008 0.0236629993
vt -0.417367011 0.0251100007
vt -0.417347014 0.0236019995
vt -0.417347014 0.0236019995
vt -0.417367011 0.0251100007
vt -0.421705991 0.0250380002
vt -0.417347014 0.0236019995
vt -0.421705991 0.0250380002
vt -0.421691 0.0235300008
vt -0.421691 0.0235300008
vt -0.421705991 0.0250380002
vt -0.426371992 0.025161
vt -0.421691 0.0235300008
vt -0.426371992 0.025161
vt -0.426344007 0.0234529991
vt 0.395972013 0.232859999
vt 0.398963988 0.229014993
vt 0.393653005 0.237145007
vt 0.393653005 0.237145007
vt 0.398963988 0.229014993
vt 0.402547985 0.225714996
vt 0.393653005 0.237145007
vt 0.402547985 0.225714996
vt 0.392071009 0.241752997
vt 0.392071009 0.241752997
vt 0.402547985 0.225714996
vt 0.406625986 0.223049998
vt 0.392071009 0.241752997
vt 0.406625986 0.223049998
vt 0.391268998 0.246558994
vt 0.391268998 0.246558994
vt 0.406625986 0.223049998
vt 0.411087006 0.221092999
vt 0.391268998 0.246558994
vt 0.411087006 0.221092999
vt 0.391268998 0.251430988
vt 0.391268998 0.251430988
vt 0.411087006 0.221092999
vt 0.415809989 0.219897002
vt 0.391268998 0.251430988
vt 0.415809989 0.219897002
vt 0.392071009 0.256235987
vt 0.392071009 0.256235987
vt 0.415809989 0.219897002
vt 0.420664996 0.219494998
vt 0.392071009 0.256235987
vt 0.420664996 0.219494998
vt 0.393653005 0.260845006
vt 0.393653005 0.260845006
vt 0.420664996 0.219494998
vt 0.425520003 0.219897002
vt 0.393653005 0.260845006
vt 0.425520003 0.219897002
vt 0.395972013 0.265130013
vt 0.395972013 0.265130013
vt 0.425520003 0.219897002
vt 0.430242002 0.221092999
vt 0.395972013 0.265130013
vt 0.430242002 0.221092999
vt 0.398963988 0.268974006
vt 0.398963988 0.268974006
vt 0.430242002 0.221092999
vt 0.434702992 0.223049998
vt 0.398963988 0.268974006
vt 0.434702992 0.223049998
vt 0.402547985 0.272273988
vt 0.402547985 0.272273988
vt 0.434702992 0.223049998
vt 0.438780993 0.225714996
vt 0.402547985 0.272273988
vt 0.438780993 0.225714996
vt 0.406625986 0.274939001
vt 0.406625986 0.274939001
vt 0.438780993 0.225714996
vt 0.442366004 0.229014993
vt 0.406625986 0.274939001
vt 0.442366004 0.229014993
vt 0.411087006 0.276896
vt 0.411087006 0.276896
vt 0.442366004 0.229014993
vt 0.445358008 0.232859999
vt 0.411087006 0.276896
vt 0.445358008 0.232859999
vt 0.415809989 0.278091997
vt 0.415809989 0.278091997
vt 0.445358008 0.232859999
vt 0.447676003 0.237145007
vt 0.415809989 0.278091997
vt 0.447676003 0.237145007
vt 0.420664996 0.278495014
vt 0.420664996 0.278495014
vt 0.447676003 0.237145007
vt 0.449258 0.241752997
vt 0.420664996 0.278495014
vt 0.449258 0.241752997
vt 0.425520003 0.278091997
vt 0.425520003 0.278091997
vt 0.449258 0.241752997
vt 0.45006001 0.246558994
vt 0.425520003 0.278091997
vt 0.45006001 0.246558994
vt 0.430242002 0.276896
vt 0.430242002 0.276896
vt 0.45006001 0.246558994
vt 0.45006001 0.251430988
vt 0.430242002 0.276896
vt 0.45006001 0.251430988
vt 0.434702992 0.274939001
vt 0.434702992 0.274939001
vt 0.45006001 0.251430988
vt 0.449258 0.256235987
vt 0.434702992 0.274939001
vt 0.449258 0.256235987
vt 0.438780993 0.272273988
vt 0.438780993 0.272273988
vt 0.449258 0.256235987
vt 0.447676003 0.260845006
vt 0.438780993 0.272273988
vt 0.447676003 0.260845006
vt 0.442366004 0.268974006
vt 0.442366004 0.268974006
vt 0.447676003 0.260845006
vt 0.445358008 0.265130013
vt 0.420655996 0.218995005
vt 0.420664996 0.219494998
vt 0.415719002 0.219403997
vt 0.415719002 0.219403997
vt 0.420664996 0.219494998
vt 0.415809989 0.219897002
vt 0.415719002 0.219403997
vt 0.415809989 0.219897002
vt 0.410917014 0.220620006
vt 0.410917014 0.220620006
vt 0.415809989 0.219897002
vt 0.411087006 0.221092999
vt 0.410917014 0.220620006
vt 0.411087006 0.221092999
vt 0.406379998 0.222609997
vt 0.406379998 0.222609997
vt 0.411087006 0.221092999
vt 0.406625986 0.223049998
vt 0.406379998 0.222609997
vt 0.406625986 0.223049998
vt 0.402233005 0.225319996
vt 0.402233005 0.225319996
vt 0.406625986 0.223049998
vt 0.402547985 0.225714996
vt 0.402233005 0.225319996
vt 0.402547985 0.225714996
vt 0.398588002 0.228676006
vt 0.398588002 0.228676006
vt 0.402547985 0.225714996
vt 0.398963988 0.229014993
vt 0.398588002 0.228676006
vt 0.398963988 0.229014993
vt 0.395545006 0.232585996
vt 0.395545006 0.232585996
vt 0.398963988 0.229014993
vt 0.395972013 0.232859999
vt 0.395545006 0.232585996
vt 0.395972013 0.232859999
vt 0.393186986 0.236944005
vt 0.393186986 0.236944005
vt 0.395972013 0.232859999
vt 0.393653005 0.237145007
vt 0.393186986 0.236944005
vt 0.393653005 0.237145007
vt 0.391577989 0.241630003
vt 0.391577989 0.241630003
vt 0.393653005 0.237145007
vt 0.392071009 0.241752997
vt 0.391577989 0.241630003
vt 0.392071009 0.241752997
vt 0.390763015 0.246517003
vt 0.390763015 0.246517003
vt 0.392071009 0.241752997
vt 0.391268998 0.246558994
vt 0.390763015 0.246517003
vt 0.391268998 0.246558994
vt 0.390763015 0.251471996
vt 0.390763015 0.251471996
vt 0.391268998 0.246558994
vt 0.391268998 0.251430988
vt 0.390763015 0.251471996
vt 0.391268998 0.251430988
vt 0.391577989 0.256359011
vt 0.391577989 0.256359011
vt 0.391268998 0.251430988
vt 0.392071009 0.256235987
vt 0.391577989 0.256359011
vt 0.392071009 0.256235987
vt 0.393186986 0.261045992
vt 0.393186986 0.261045992
vt 0.392071009 0.256235987
vt 0.393653005 0.260845006
vt 0.393186986 0.261045992
vt 0.393653005 0.260845006
vt 0.395545006 0.265403003
vt 0.395545006 0.265403003
vt 0.393653005 0.260845006
vt 0.395972013 0.265130013
vt 0.395545006 0.265403003
vt 0.395972013 0.265130013
vt 0.398588002 0.269313008
vt 0.398588002 0.269313008
vt 0.395972013 0.265130013
vt 0.398963988 0.268974006
vt 0.398588002 0.269313008
vt 0.398963988 0.268974006
vt 0.402233005 0.272668988
vt 0.402233005 0.272668988
vt 0.398963988 0.268974006
vt 0.402547985 0.272273988
vt 0.402233005 0.272668988
vt 0.402547985 0.272273988
vt 0.406379998 0.275379002
vt 0.406379998 0.275379002
vt 0.402547985 0.272273988
vt 0.406625986 0.274939001
vt 0.406379998 0.275379002
vt 0.406625986 0.274939001
vt 0.410917014 0.277368993
vt 0.410917014 0.277368993
vt 0.406625986 0.274939001
vt 0.411087006 0.276896
vt 0.410917014 0.277368993
vt 0.411087006 0.276896
vt 0.415719002 0.278586
vt 0.415719002 0.278586
vt 0.411087006 0.276896
vt 0.415809989 0.278091997
vt 0.415719002 0.278586
vt 0.415809989 0.278091997
vt 0.420655996 0.278995007
vt 0.420655996 0.278995007
vt 0.415809989 0.278091997
vt 0.420664996 0.278495014
vt -0.420664996 0.0228959993
vt -0.420655996 0.0233960003
vt -0.425520003 0.0229759999
vt -0.425520003 0.0229759999
vt -0.420655996 0.0233960003
vt -0.425594002 0.0234769993
vt 0.425520003 0.219897002
vt 0.425594002 0.219403997
vt 0.430242002 0.221092999
vt 0.430242002 0.221092999
vt 0.425594002 0.219403997
vt 0.430395991 0.220620006
vt 0.430242002 0.221092999
vt 0.430395991 0.220620006
vt 0.434702992 0.223049998
vt 0.434702992 0.223049998
vt 0.430395991 0.220620006
vt 0.434933007 0.222609997
vt 0.434702992 0.223049998
vt 0.434933007 0.222609997
vt 0.438780993 0.225714996
vt 0.438780993 0.225714996
vt 0.434933007 0.222609997
vt 0.43908 0.225319996
vt 0.438780993 0.225714996
vt 0.43908 0.225319996
vt 0.442366004 0.229014993
vt 0.442366004 0.229014993
vt 0.43908 0.225319996
vt 0.442725003 0.228676006
vt 0.442366004 0.229014993
vt 0.442725003 0.228676006
vt 0.445358008 0.232859999
vt 0.445358008 0.232859999
vt 0.442725003 0.228676006
vt 0.445767999 0.232585996
vt 0.445358008 0.232859999
vt 0.445767999 0.232585996
vt 0.447676003 0.237145007
vt 0.447676003 0.237145007
vt 0.445767999 0.232585996
vt 0.448125988 0.236944005
vt 0.447676003 0.237145007
vt 0.448125988 0.236944005
vt 0.449258 0.241752997
vt 0.449258 0.241752997
vt 0.448125988 0.236944005
vt 0.449734986 0.241630003
vt 0.0233679991 0.241752997
vt 0.0238760002 0.241630003
vt 0.0233810004 0.246558994
vt 0.0233810004 0.246558994
vt 0.0238760002 0.241630003
vt 0.0238889996 0.246517003
vt 0.0233810004 0.246558994
vt 0.0238889996 0.246517003
vt 0.0233810004 0.251430988
vt 0.0233810004 0.251430988
vt 0.0238889996 0.246517003
vt 0.0238889996 0.251471996
vt 0.0233810004 0.251430988
vt 0.0238889996 0.251471996
vt 0.0233679991 0.256235987
vt 0.0233679991 0.256235987
vt 0.0238889996 0.251471996
vt 0.0238760002 0.256359011
vt 0.449258 0.256235987
vt 0.449734986 0.256359011
vt 0.447676003 0.260845006
vt 0.447676003 0.260845006
vt 0.449734986 0.256359011
vt 0.448125988 0.261045992
vt 0.447676003 0.260845006
vt 0.448125988 0.261045992
vt 0.445358008 0.265130013
vt 0.445358008 0.265130013
vt 0.448125988 0.261045992
vt 0.445767999 0.265403003
vt 0.445358008 0.265130013
vt 0.445767999 0.265403003
vt 0.442366004 0.268974006
vt 0.442366004 0.268974006
vt 0.445767999 0.265403003
vt 0.442725003 0.269313008
vt 0.442366004 0.268974006
vt 0.442725003 0.269313008
vt 0.438780993 0.272273988
vt 0.438780993 0.272273988
vt 0.442725003 0.269313008
vt 0.43908 0.272668988
vt 0.438780993 0.272273988
vt 0.43908 0.272668988
vt 0.434702992 0.274939001
vt 0.434702992 0.274939001
vt 0.43908 0.272668988
vt 0.434933007 0.275379002
vt 0.434702992 0.274939001
vt 0.434933007 0.275379002
vt 0.430242002 0.276896
vt 0.430242002 0.276896
vt 0.434933007 0.275379002
vt 0.430395991 0.277368993
vt 0.430242002 0.276896
vt 0.430395991 0.277368993
vt 0.425520003 0.278091997
vt 0.425520003 0.278091997
vt 0.430395991 0.277368993
vt 0.425594002 0.278586
vt 0.425520003 0.0229759999
vt 0.425594002 0.0234769993
vt 0.420664996 0.0228959993
vt 0.420664996 0.0228959993
vt 0.425594002 0.0234769993
vt 0.420655996 0.0233960003
vt -0.420522004 0.0315609984
vt -0.420655996 0.0233960003
vt -0.415666997 0.0314810015
vt -0.415666997 0.0314810015
vt -0.420655996 0.0233960003
vt -0.415719002 0.0233139992
vt -0.415666997 0.0314810015
vt -0.415719002 0.0233139992
vt -0.410944015 0.0314030014
vt -0.410944015 0.0314030014
vt -0.415719002 0.0233139992
vt -0.410917014 0.0232350007
vt -0.410944015 0.0314030014
vt -0.410917014 0.0232350007
vt -0.406482995 0.0313289985
vt -0.406482995 0.0313289985
vt -0.410917014 0.0232350007
vt -0.406379998 0.0231599994
vt -0.406482995 0.0313289985
vt -0.406379998 0.0231599994
vt -0.402404994 0.0312619992
vt -0.402404994 0.0312619992
vt -0.406379998 0.0231599994
vt -0.402233005 0.0230909996
vt -0.402404994 0.0312619992
vt -0.402233005 0.0230909996
vt -0.398820996 0.0312029999
vt -0.398820996 0.0312029999
vt -0.402233005 0.0230909996
vt -0.398588002 0.023031
vt -0.0312029999 0.229014993
vt -0.023031 0.228676006
vt -0.0311530009 0.232859999
vt -0.0311530009 0.232859999
vt -0.023031 0.228676006
vt -0.0229809992 0.232585996
vt -0.0311530009 0.232859999
vt -0.0229809992 0.232585996
vt -0.0311149992 0.237145007
vt -0.0311149992 0.237145007
vt -0.0229809992 0.232585996
vt -0.0229419991 0.236944005
vt -0.0311149992 0.237145007
vt -0.0229419991 0.236944005
vt -0.0310890004 0.241752997
vt -0.0310890004 0.241752997
vt -0.0229419991 0.236944005
vt -0.0229150001 0.241630003
vt -0.0310890004 0.241752997
vt -0.0229150001 0.241630003
vt -0.0310750008 0.246558994
vt -0.0310750008 0.246558994
vt -0.0229150001 0.241630003
vt -0.0229020007 0.246517003
vt -0.0310750008 0.246558994
vt -0.0229020007 0.246517003
vt -0.0310750008 0.251430988
vt -0.0310750008 0.251430988
vt -0.0229020007 0.246517003
vt -0.0229020007 0.251471996
vt -0.0310750008 0.251430988
vt -0.0229020007 0.251471996
vt -0.0310890004 0.256235987
vt -0.0310890004 0.256235987
vt -0.0229020007 0.251471996
vt -0.0229150001 0.256359011
vt -0.0310890004 0.256235987
vt -0.0229150001 0.256359011
vt -0.0311149992 0.260845006
vt -0.0311149992 0.260845006
vt -0.0229150001 0.256359011
vt -0.0229419991 0.261045992
vt -0.0311149992 0.260845006
vt -0.0229419991 0.261045992
vt -0.0311530009 0.265130013
vt -0.0311530009 0.265130013
vt -0.0229419991 0.261045992
vt -0.0229809992 0.265403003
vt -0.0311530009 0.265130013
vt -0.0229809992 0.265403003
vt -0.0312029999 0.268974006
vt -0.0312029999 0.268974006
vt -0.0229809992 0.265403003
vt -0.023031 0.269313008
vt 0.398820996 0.0312029999
vt 0.398588002 0.023031
vt 0.402404994 0.0312619992
vt 0.402404994 0.0312619992
vt 0.398588002 0.023031
vt 0.402233005 0.0230909996
vt 0.402404994 0.0312619992
vt 0.402233005 0.0230909996
vt 0.406482995 0.0313289985
vt 0.406482995 0.0313289985
vt 0.402233005 0.0230909996
vt 0.406379998 0.0231599994
vt 0.406482995 0.0313289985
vt 0.406379998 0.0231599994
vt 0.410944015 0.0314030014
vt 0.410944015 0.0314030014
vt 0.406379998 0.0231599994
vt 0.410917014 0.0232350007
vt 0.410944015 0.0314030014
vt 0.410917014 0.0232350007
vt 0.415666997 0.0314810015
vt 0.415666997 0.0314810015
vt 0.410917014 0.0232350007
vt 0.415719002 0.0233139992
vt 0.415666997 0.0314810015
vt 0.415719002 0.0233139992
vt 0.420522004 0.0315609984
vt 0.420522004 0.0315609984
vt 0.415719002 0.0233139992
vt 0.420655996 0.0233960003
vt -0.420655996 0.0233960003
vt -0.420522004 0.0315609984
vt -0.425594002 0.0234769993
vt -0.425594002 0.0234769993
vt -0.420522004 0.0315609984
vt -0.425375998 0.031640999
vt -0.425594002 0.0234769993
vt -0.425375998 0.031640999
vt -0.430395991 0.0235559996
vt -0.430395991 0.0235559996
vt -0.425375998 0.031640999
vt -0.43009901 0.0317189991
vt -0.430395991 0.0235559996
vt -0.43009901 0.0317189991
vt -0.434933007 0.0236310009
vt -0.434933007 0.0236310009
vt -0.43009901 0.0317189991
vt -0.434560001 0.0317929983
vt -0.434933007 0.0236310009
vt -0.434560001 0.0317929983
vt -0.43908 0.0237000007
vt -0.43908 0.0237000007
vt -0.434560001 0.0317929983
vt -0.438638002 0.0318600014
vt -0.43908 0.0237000007
vt -0.438638002 0.0318600014
vt -0.442725003 0.0237600002
vt -0.442725003 0.0237600002
vt -0.438638002 0.0318600014
vt -0.442221999 0.0319200009
vt 0.0237600002 0.228676006
vt 0.0319200009 0.229014993
vt 0.0238099992 0.232585996
vt 0.0238099992 0.232585996
vt 0.0319200009 0.229014993
vt 0.0319689997 0.232859999
vt 0.0238099992 0.232585996
vt 0.0319689997 0.232859999
vt 0.0238489993 0.236944005
vt 0.0238489993 0.236944005
vt 0.0319689997 0.232859999
vt 0.0320070013 0.237145007
vt 0.0238489993 0.236944005
vt 0.0320070013 0.237145007
vt 0.0238760002 0.241630003
vt 0.0238760002 0.241630003
vt 0.0320070013 0.237145007
vt 0.0320339985 0.241752997
vt 0.0238760002 0.241630003
vt 0.0320339985 0.241752997
vt 0.0238889996 0.246517003
vt 0.0238889996 0.246517003
vt 0.0320339985 0.241752997
vt 0.0320469998 0.246558994
vt 0.0238889996 0.246517003
vt 0.0320469998 0.246558994
vt 0.0238889996 0.251471996
vt 0.0238889996 0.251471996
vt 0.0320469998 0.246558994
vt 0.0320469998 0.251430988
vt 0.0238889996 0.251471996
vt 0.0320469998 0.251430988
vt 0.0238760002 0.256359011
vt 0.0238760002 0.256359011
vt 0.0320469998 0.251430988
vt 0.0320339985 0.256235987
vt 0.0238760002 0.256359011
vt 0.0320339985 0.256235987
vt 0.0238489993 0.261045992
vt 0.0238489993 0.261045992
vt 0.0320339985 0.256235987
vt 0.0320070013 0.260845006
vt 0.0238489993 0.261045992
vt 0.0320070013 0.260845006
vt 0.0238099992 0.265403003
vt 0.0238099992 0.265403003
vt 0.0320070013 0.260845006
vt 0.0319689997 0.265130013
vt 0.0238099992 0.265403003
vt 0.0319689997 0.265130013
vt 0.0237600002 0.269313008
vt 0.0237600002 0.269313008
vt 0.0319689997 0.265130013
vt 0.0319200009 0.268974006
vt 0.442725003 0.0237600002
vt 0.442221999 0.0319200009
vt 0.43908 0.0237000007
vt 0.43908 0.0237000007
vt 0.442221999 0.0319200009
vt 0.438638002 0.0318600014
vt 0.43908 0.0237000007
vt 0.438638002 0.0318600014
vt 0.434933007 0.0236310009
vt 0.434933007 0.0236310009
vt 0.438638002 0.0318600014
vt 0.434560001 0.0317929983
vt 0.434933007 0.0236310009
vt 0.434560001 0.0317929983
vt 0.430395991 0.0235559996
vt 0.430395991 0.0235559996
vt 0.434560001 0.0317929983
vt 0.43009901 0.0317189991
vt 0.430395991 0.0235559996
vt 0.43009901 0.0317189991
vt 0.425594002 0.0234769993
vt 0.425594002 0.0234769993
vt 0.43009901 0.0317189991
vt 0.425375998 0.031640999
vt 0.425594002 0.0234769993
vt 0.425375998 0.031640999
vt 0.420655996 0.0233960003
vt 0.420655996 0.0233960003
vt 0.425375998 0.031640999
vt 0.420522004 0.0315609984
vt -0.420522004 0.219494998
vt -0.415666997 0.219897002
vt -0.420417011 0.230740994
vt -0.0379169993 0.230740994
vt -0.0314810015 0.219897002
vt -0.0314810015 0.219897002
vt -0.420417011 0.230740994
vt -0.415666997 0.219897002
vt -0.415688008 0.231363997
vt -0.415688008 0.231363997
vt -0.415666997 0.219897002
vt -0.410944015 0.221092999
vt -0.415688008 0.231363997
vt -0.410944015 0.221092999
vt -0.411287993 0.233188003
vt -0.411287993 0.233188003
vt -0.410944015 0.221092999
vt -0.406482995 0.223049998
vt -0.0377659984 0.233188003
vt -0.0313289985 0.223049998
vt -0.0377659984 0.233188003
vt -0.411287993 0.233188003
vt -0.406482995 0.223049998
vt -0.402404994 0.225714996
vt -0.411287993 0.233188003
vt -0.402404994 0.225714996
vt -0.407508999 0.236089006
vt -0.407508999 0.236089006
vt -0.402404994 0.225714996
vt -0.398820996 0.229014993
vt -0.037703 0.236089006
vt -0.0312029999 0.229014993
vt -0.037703 0.236089006
vt -0.407508999 0.236089006
vt -0.398820996 0.229014993
vt -0.395828009 0.232859999
vt -0.407508999 0.236089006
vt -0.395828009 0.232859999
vt -0.404608011 0.239871994
vt -0.404608011 0.239871994
vt -0.395828009 0.232859999
vt -0.393510014 0.237145007
vt -0.404608011 0.239871994
vt -0.393510014 0.237145007
vt -0.402787 0.244270995
vt -0.402787 0.244270995
vt -0.393510014 0.237145007
vt -0.391927987 0.241752997
vt -0.0376249999 0.244270995
vt -0.0310890004 0.241752997
vt -0.0376249999 0.244270995
vt -0.402787 0.244270995
vt -0.391927987 0.241752997
vt -0.391126007 0.246558994
vt -0.402787 0.244270995
vt -0.391126007 0.246558994
vt -0.402164996 0.248999998
vt -0.402164996 0.248999998
vt -0.391126007 0.246558994
vt -0.391126007 0.251430988
vt -0.402164996 0.248999998
vt -0.391126007 0.251430988
vt -0.402788013 0.253720999
vt -0.402788013 0.253720999
vt -0.391126007 0.251430988
vt -0.391927987 0.256235987
vt -0.0376249999 0.253720999
vt -0.0310890004 0.256235987
vt -0.0376249999 0.253720999
vt -0.402788013 0.253720999
vt -0.391927987 0.256235987
vt -0.393510014 0.260845006
vt -0.402788013 0.253720999
vt -0.393510014 0.260845006
vt -0.404612005 0.258125007
vt -0.404612005 0.258125007
vt -0.393510014 0.260845006
vt -0.395828009 0.265130013
vt -0.404612005 0.258125007
vt -0.395828009 0.265130013
vt -0.407514006 0.261905015
vt -0.407514006 0.261905015
vt -0.395828009 0.265130013
vt -0.398820996 0.268974006
vt -0.0377039984 0.261905015
vt -0.0312029999 0.268974006
vt -0.0377039984 0.261905015
vt -0.407514006 0.261905015
vt -0.398820996 0.268974006
vt -0.402404994 0.272273988
vt -0.407514006 0.261905015
vt -0.402404994 0.272273988
vt -0.411293 0.264804006
vt -0.411293 0.264804006
vt -0.402404994 0.272273988
vt -0.406482995 0.274939001
vt -0.0377659984 0.264804006
vt -0.0313289985 0.274939001
vt -0.0377659984 0.264804006
vt -0.411293 0.264804006
vt -0.406482995 0.274939001
vt -0.410944015 0.276896
vt -0.411293 0.264804006
vt -0.410944015 0.276896
vt -0.415697992 0.266627997
vt -0.415697992 0.266627997
vt -0.410944015 0.276896
vt -0.415666997 0.278091997
vt -0.415697992 0.266627997
vt -0.415666997 0.278091997
vt -0.420417011 0.267248988
vt -0.420417011 0.267248988
vt -0.415666997 0.278091997
vt -0.420522004 0.278495014
vt -0.420522004 0.219494998
vt -0.420417011 0.230740994
vt -0.425375998 0.219897002
vt -0.425375998 0.219897002
vt -0.420417011 0.230740994
vt -0.425134987 0.231362
vt -0.425375998 0.219897002
vt -0.425134987 0.231362
vt -0.43009901 0.221092999
vt -0.43009901 0.221092999
vt -0.425134987 0.231362
vt -0.429540008 0.233184993
vt -0.43009901 0.221092999
vt -0.429540008 0.233184993
vt -0.434560001 0.223049998
vt -0.0317929983 0.223049998
vt -0.0380670018 0.233184993
vt -0.0380670018 0.233184993
vt -0.434560001 0.223049998
vt -0.429540008 0.233184993
vt -0.438638002 0.225714996
vt -0.438638002 0.225714996
vt -0.429540008 0.233184993
vt -0.433319002 0.236083999
vt -0.438638002 0.225714996
vt -0.433319002 0.236083999
vt -0.442221999 0.229014993
vt -0.0319200009 0.229014993
vt -0.0381300002 0.236083999
vt -0.0381300002 0.236083999
vt -0.442221999 0.229014993
vt -0.433319002 0.236083999
vt -0.445214987 0.232859999
vt -0.445214987 0.232859999
vt -0.433319002 0.236083999
vt -0.436221004 0.239864007
vt -0.445214987 0.232859999
vt -0.436221004 0.239864007
vt -0.447533011 0.237145007
vt -0.447533011 0.237145007
vt -0.436221004 0.239864007
vt -0.438044995 0.244268
vt -0.447533011 0.237145007
vt -0.438044995 0.244268
vt -0.449115008 0.241752997
vt -0.0320339985 0.241752997
vt -0.0382080004 0.244268
vt -0.0382080004 0.244268
vt -0.449115008 0.241752997
vt -0.438044995 0.244268
vt -0.449916989 0.246558994
vt -0.449916989 0.246558994
vt -0.438044995 0.244268
vt -0.438668013 0.248989999
vt -0.449916989 0.246558994
vt -0.438668013 0.248989999
vt -0.449916989 0.251430988
vt -0.449916989 0.251430988
vt -0.438668013 0.248989999
vt -0.438046008 0.253717989
vt -0.449916989 0.251430988
vt -0.438046008 0.253717989
vt -0.449115008 0.256235987
vt -0.0320339985 0.256235987
vt -0.0382080004 0.253717989
vt -0.0382080004 0.253717989
vt -0.449115008 0.256235987
vt -0.438046008 0.253717989
vt -0.447533011 0.260845006
vt -0.447533011 0.260845006
vt -0.438046008 0.253717989
vt -0.436224997 0.25811699
vt -0.447533011 0.260845006
vt -0.436224997 0.25811699
vt -0.445214987 0.265130013
vt -0.445214987 0.265130013
vt -0.436224997 0.25811699
vt -0.433324009 0.261900008
vt -0.445214987 0.265130013
vt -0.433324009 0.261900008
vt -0.442221999 0.268974006
vt -0.0319200009 0.268974006
vt -0.0381300002 0.261900008
vt -0.0381300002 0.261900008
vt -0.442221999 0.268974006
vt -0.433324009 0.261900008
vt -0.438638002 0.272273988
vt -0.438638002 0.272273988
vt -0.433324009 0.261900008
vt -0.429544985 0.264800996
vt -0.438638002 0.272273988
vt -0.429544985 0.264800996
vt -0.434560001 0.274939001
vt -0.0317929983 0.274939001
vt -0.0380680002 0.264800996
vt -0.0380680002 0.264800996
vt -0.434560001 0.274939001
vt -0.429544985 0.264800996
vt -0.43009901 0.276896
vt -0.43009901 0.276896
vt -0.429544985 0.264800996
vt -0.425145 0.266624987
vt -0.43009901 0.276896
vt -0.425145 0.266624987
vt -0.425375998 0.278091997
vt -0.425375998 0.278091997
vt -0.425145 0.266624987
vt -0.420417011 0.267248988
vt -0.425375998 0.278091997
vt -0.420417011 0.267248988
vt -0.420522004 0.278495014
vt -0.427441001 0.253495991
vt -0.428647012 0.248997003
vt -0.42414701 0.256788999
vt -0.0844620019 0.256788999
vt -0.0845360011 0.248997003
vt -0.0845360011 0.248997003
vt -0.42414701 0.256788999
vt -0.428647012 0.248997003
vt -0.419649005 0.257995009
vt -0.419649005 0.257995009
vt -0.428647012 0.248997003
vt -0.427442998 0.244497001
vt -0.419649005 0.257995009
vt -0.427442998 0.244497001
vt -0.41514799 0.256787986
vt -0.41514799 0.256787986
vt -0.427442998 0.244497001
vt -0.424149007 0.241200998
vt -0.41514799 0.256787986
vt -0.424149007 0.241200998
vt -0.411853999 0.253491998
vt -0.411853999 0.253491998
vt -0.424149007 0.241200998
vt -0.419649005 0.239995003
vt -0.411853999 0.253491998
vt -0.419649005 0.239995003
vt -0.410650015 0.248991996
vt -0.410650015 0.248991996
vt -0.419649005 0.239995003
vt -0.415149987 0.2412
vt -0.410650015 0.248991996
vt -0.415149987 0.2412
vt -0.411857009 0.244492993
vt 0.420309991 0.0443929993
vt 0.424807996 0.0444669984
vt 0.419649005 0.0843869969
vt -0.0843869969 0.257995009
vt -0.0444669984 0.256788999
vt -0.0444669984 0.256788999
vt 0.419649005 0.0843869969
vt 0.424807996 0.0444669984
vt 0.42414701 0.0844620019
vt 0.42414701 0.0844620019
vt 0.424807996 0.0444669984
vt 0.428101987 0.0445210002
vt 0.42414701 0.0844620019
vt 0.428101987 0.0445210002
vt 0.427441001 0.0845159963
vt 0.0845159963 0.253495991
vt 0.0445210002 0.253495991
vt 0.0445410013 0.248997003
vt 0.0845159963 0.253495991
vt 0.0445410013 0.248997003
vt 0.0845360011 0.248997003
vt 0.0845360011 0.248997003
vt 0.0445410013 0.248997003
vt 0.0445210002 0.244497001
vt 0.0845360011 0.248997003
vt 0.0445210002 0.244497001
vt 0.0845159963 0.244497001
vt 0.0845159963 0.244497001
vt 0.0445210002 0.244497001
vt 0.0444669984 0.241200998
vt 0.0845159963 0.244497001
vt 0.0444669984 0.241200998
vt 0.0844620019 0.241200998
vt -0.424149007 0.0844620019
vt -0.424809992 0.0444669984
vt -0.420309991 0.0443929993
vt -0.424149007 0.0844620019
vt -0.420309991 0.0443929993
vt -0.419649005 0.0843869969
vt 0.419649005 0.0843869969
vt 0.41514799 0.0843129978
vt 0.420309991 0.0443929993
vt -0.0443929993 0.257995009
vt -0.0843129978 0.256787986
vt -0.0843129978 0.256787986
vt 0.420309991 0.0443929993
vt 0.41514799 0.0843129978
vt 0.415809005 0.0443180017
vt -0.0443180017 0.256787986
vt -0.0843129978 0.256787986
vt -0.0842579976 0.253491998
vt -0.0443180017 0.256787986
vt -0.0842579976 0.253491998
vt -0.0442639999 0.253491998
vt -0.0442639999 0.253491998
vt -0.0842579976 0.253491998
vt -0.0842389986 0.248991996
vt -0.0442639999 0.253491998
vt -0.0842389986 0.248991996
vt -0.0442439988 0.248991996
vt -0.0442439988 0.248991996
vt -0.0842389986 0.248991996
vt -0.0842579976 0.244492993
vt -0.0442439988 0.248991996
vt -0.0842579976 0.244492993
vt -0.0442639999 0.244492993
vt -0.412517011 0.0442639999
vt -0.411857009 0.0842579976
vt -0.415149987 0.0843129978
vt -0.412517011 0.0442639999
vt -0.415149987 0.0843129978
vt -0.415811002 0.0443180017
vt -0.415811002 0.0443180017
vt -0.415149987 0.0843129978
vt -0.419649005 0.0843869969
vt -0.415811002 0.0443180017
vt -0.419649005 0.0843869969
vt -0.420309991 0.0443929993
vt -0.420372993 0.0405599996
vt -0.415870011 0.0404849984
vt -0.420309991 0.0443929993
vt -0.0443929993 0.232995003
vt -0.0404849984 0.233641997
vt -0.0404849984 0.233641997
vt -0.420309991 0.0443929993
vt -0.415870011 0.0404849984
vt -0.415800005 0.0443180017
vt -0.415800005 0.0443180017
vt -0.415870011 0.0404849984
vt -0.411727995 0.0404170007
vt -0.415800005 0.0443180017
vt -0.411727995 0.0404170007
vt -0.411657006 0.0442500003
vt -0.411657006 0.0442500003
vt -0.411727995 0.0404170007
vt -0.408284009 0.04036
vt -0.411657006 0.0442500003
vt -0.408284009 0.04036
vt -0.408217013 0.0441929996
vt -0.0441929996 0.238519996
vt -0.04036 0.238515005
vt -0.0403189994 0.242346004
vt -0.0441929996 0.238519996
vt -0.0403189994 0.242346004
vt -0.0441519991 0.242348999
vt -0.0441519991 0.242348999
vt -0.0403189994 0.242346004
vt -0.040298 0.246712998
vt -0.0441519991 0.242348999
vt -0.040298 0.246712998
vt -0.0441309996 0.246720999
vt -0.0441309996 0.246720999
vt -0.040298 0.246712998
vt -0.040298 0.251267999
vt -0.0441309996 0.246720999
vt -0.040298 0.251267999
vt -0.0441309996 0.251275986
vt -0.0441309996 0.251275986
vt -0.040298 0.251267999
vt -0.0403189994 0.25564
vt -0.0441309996 0.251275986
vt -0.0403189994 0.25564
vt -0.0441519991 0.25564301
vt -0.0441519991 0.25564301
vt -0.0403189994 0.25564
vt -0.04036 0.259469986
vt -0.0441519991 0.25564301
vt -0.04036 0.259469986
vt -0.0441929996 0.259474009
vt 0.408221006 0.0441929996
vt 0.408280998 0.04036
vt 0.411720008 0.0404170007
vt 0.408221006 0.0441929996
vt 0.411720008 0.0404170007
vt 0.411664009 0.0442500003
vt 0.411664009 0.0442500003
vt 0.411720008 0.0404170007
vt 0.415863007 0.0404849984
vt 0.411664009 0.0442500003
vt 0.415863007 0.0404849984
vt 0.415805995 0.0443180017
vt 0.415805995 0.0443180017
vt 0.415863007 0.0404849984
vt 0.420372993 0.0405599996
vt 0.415805995 0.0443180017
vt 0.420372993 0.0405599996
vt 0.420309991 0.0443929993
vt -0.420309991 0.0443929993
vt -0.424813002 0.0444669984
vt -0.420372993 0.0405599996
vt -0.0405599996 0.232995003
vt -0.0444669984 0.233641997
vt -0.0444669984 0.233641997
vt -0.420372993 0.0405599996
vt -0.424813002 0.0444669984
vt -0.424883008 0.0406339988
vt -0.424883008 0.0406339988
vt -0.424813002 0.0444669984
vt -0.428954989 0.0445359983
vt -0.424883008 0.0406339988
vt -0.428954989 0.0445359983
vt -0.429026008 0.0407029986
vt -0.429026008 0.0407029986
vt -0.428954989 0.0445359983
vt -0.432397991 0.0445920005
vt -0.429026008 0.0407029986
vt -0.432397991 0.0445920005
vt -0.432464987 0.0407599993
vt 0.0407599993 0.238519996
vt 0.0445920005 0.238515005
vt 0.0446330011 0.242346004
vt 0.0407599993 0.238519996
vt 0.0446330011 0.242346004
vt 0.0408000015 0.242348999
vt 0.0408000015 0.242348999
vt 0.0446330011 0.242346004
vt 0.0446540006 0.246712998
vt 0.0408000015 0.242348999
vt 0.0446540006 0.246712998
vt 0.0408219993 0.246720999
vt 0.0408219993 0.246720999
vt 0.0446540006 0.246712998
vt 0.0446540006 0.251267999
vt 0.0408219993 0.246720999
vt 0.0446540006 0.251267999
vt 0.0408219993 0.251275986
vt 0.0408219993 0.251275986
vt 0.0446540006 0.251267999
vt 0.0446330011 0.25564
vt 0.0408219993 0.251275986
vt 0.0446330011 0.25564
vt 0.0408000015 0.25564301
vt 0.0408000015 0.25564301
vt 0.0446330011 0.25564
vt 0.0445929989 0.259469986
vt 0.0408000015 0.25564301
vt 0.0445929989 0.259469986
vt 0.0407599993 0.259474009
vt 0.432462007 0.0407599993
vt 0.432402015 0.0445929989
vt 0.428961992 0.0445359983
vt 0.432462007 0.0407599993
vt 0.428961992 0.0445359983
vt 0.429017991 0.0407029986
vt 0.429017991 0.0407029986
vt 0.428961992 0.0445359983
vt 0.424820006 0.0444669984
vt 0.429017991 0.0407029986
vt 0.424820006 0.0444669984
vt 0.424876004 0.0406339988
vt 0.424876004 0.0406339988
vt 0.424820006 0.0444669984
vt 0.420309991 0.0443929993
vt 0.424876004 0.0406339988
vt 0.420309991 0.0443929993
vt 0.420372993 0.0405599996
vt -0.42038101 0.265495002
vt -0.425024986 0.264827013
vt -0.420372993 0.264995009
vt -0.0405599996 0.264995009
vt -0.0401370004 0.264827013
vt -0.0401370004 0.264827013
vt -0.420372993 0.264995009
vt -0.425024986 0.264827013
vt -0.424876004 0.264346987
vt -0.424876004 0.264346987
vt -0.425024986 0.264827013
vt -0.429297 0.262878001
vt -0.424876004 0.264346987
vt -0.429297 0.262878001
vt -0.429017991 0.262457013
vt -0.429017991 0.262457013
vt -0.429297 0.262878001
vt -0.432848006 0.259801
vt -0.429017991 0.262457013
vt -0.432848006 0.259801
vt -0.432462007 0.259474009
vt -0.432462007 0.259474009
vt -0.432848006 0.259801
vt -0.435386986 0.255851001
vt -0.432462007 0.259474009
vt -0.435386986 0.255851001
vt -0.434924006 0.25564301
vt -0.434924006 0.25564301
vt -0.435386986 0.255851001
vt -0.43671 0.251347005
vt -0.434924006 0.25564301
vt -0.43671 0.251347005
vt -0.436206996 0.251275986
vt -0.436206996 0.251275986
vt -0.43671 0.251347005
vt -0.436711013 0.246649995
vt -0.436206996 0.251275986
vt -0.436711013 0.246649995
vt -0.43620801 0.246720999
vt -0.43620801 0.246720999
vt -0.436711013 0.246649995
vt -0.435387999 0.242140993
vt -0.43620801 0.246720999
vt -0.435387999 0.242140993
vt -0.43492499 0.242348999
vt -0.43492499 0.242348999
vt -0.435387999 0.242140993
vt -0.432850987 0.238192007
vt -0.43492499 0.242348999
vt -0.432850987 0.238192007
vt -0.432464987 0.238519996
vt -0.432464987 0.238519996
vt -0.432850987 0.238192007
vt -0.429304004 0.235117003
vt -0.432464987 0.238519996
vt -0.429304004 0.235117003
vt -0.429026008 0.235536993
vt -0.429026008 0.235536993
vt -0.429304004 0.235117003
vt -0.42503199 0.233163998
vt -0.429026008 0.235536993
vt -0.42503199 0.233163998
vt -0.424883008 0.233643994
vt -0.424883008 0.233643994
vt -0.42503199 0.233163998
vt -0.42038101 0.232494995
vt -0.424883008 0.233643994
vt -0.42038101 0.232494995
vt -0.420372993 0.232995003
vt 0.420372993 0.0405599996
vt 0.415863007 0.0404849984
vt 0.42038101 0.0400599986
vt -0.0400599986 0.265495002
vt -0.0404849984 0.264346004
vt -0.0404849984 0.264346004
vt 0.42038101 0.0400599986
vt 0.415863007 0.0404849984
vt 0.41573 0.0399830006
vt -0.41573 0.264824986
vt -0.415863007 0.264346004
vt -0.411720008 0.262452006
vt -0.41573 0.264824986
vt -0.411720008 0.262452006
vt -0.411457986 0.262872994
vt -0.411457986 0.262872994
vt -0.411720008 0.262452006
vt -0.408280998 0.259469986
vt -0.411457986 0.262872994
vt -0.408280998 0.259469986
vt -0.407911003 0.259797007
vt -0.407911003 0.259797007
vt -0.408280998 0.259469986
vt -0.405820012 0.25564
vt -0.407911003 0.259797007
vt -0.405820012 0.25564
vt -0.405373991 0.255847991
vt -0.0398119986 0.255847991
vt -0.0403189994 0.25564
vt -0.040298 0.251267999
vt -0.0398119986 0.255847991
vt -0.040298 0.251267999
vt -0.0397900008 0.251338989
vt -0.0397900008 0.251338989
vt -0.040298 0.251267999
vt -0.040298 0.246712998
vt -0.0397900008 0.251338989
vt -0.040298 0.246712998
vt -0.0397900008 0.246641994
vt -0.0397900008 0.246641994
vt -0.040298 0.246712998
vt -0.0403189994 0.242346004
vt -0.0397900008 0.246641994
vt -0.0403189994 0.242346004
vt -0.0398119986 0.242138997
vt -0.405375004 0.242138997
vt -0.405822009 0.242346004
vt -0.408284009 0.238515005
vt -0.405375004 0.242138997
vt -0.408284009 0.238515005
vt -0.407914013 0.238187999
vt -0.407914013 0.238187999
vt -0.408284009 0.238515005
vt -0.411727995 0.235532001
vt -0.407914013 0.238187999
vt -0.411727995 0.235532001
vt -0.411466002 0.235111997
vt -0.411466002 0.235111997
vt -0.411727995 0.235532001
vt -0.415870011 0.233641997
vt -0.411466002 0.235111997
vt -0.415870011 0.233641997
vt -0.415737003 0.233162001
vt -0.415737003 0.0399830006
vt -0.415870011 0.0404849984
vt -0.420372993 0.0405599996
vt -0.415737003 0.0399830006
vt -0.420372993 0.0405599996
vt -0.42038101 0.0400599986
vt -0.420417011 0.0379169993
vt -0.415688008 0.0378389992
vt -0.420408994 0.0383520015
vt -0.0383520015 0.230994999
vt -0.0378389992 0.231363997
vt -0.0378389992 0.231363997
vt -0.420408994 0.0383520015
vt -0.415688008 0.0378389992
vt -0.415755987 0.0382749997
vt -0.415755987 0.0382749997
vt -0.415688008 0.0378389992
vt -0.411287993 0.0377659984
vt -0.415755987 0.0382749997
vt -0.411287993 0.0377659984
vt -0.411412001 0.038203001
vt -0.411412001 0.038203001
vt -0.411287993 0.0377659984
vt -0.407508999 0.037703
vt -0.411412001 0.038203001
vt -0.407508999 0.037703
vt -0.407687008 0.0381419994
vt -0.0381419994 0.236264005
vt -0.037703 0.236089006
vt -0.0376560017 0.239871994
vt -0.0381419994 0.236264005
vt -0.0376560017 0.239871994
vt -0.038093999 0.239990994
vt -0.038093999 0.239990994
vt -0.0376560017 0.239871994
vt -0.0376249999 0.244270995
vt -0.038093999 0.239990994
vt -0.0376249999 0.244270995
vt -0.0380650014 0.244333997
vt -0.0380650014 0.244333997
vt -0.0376249999 0.244270995
vt -0.0376150012 0.248999998
vt -0.0380650014 0.244333997
vt -0.0376150012 0.248999998
vt -0.038054999 0.248989999
vt -0.038054999 0.248989999
vt -0.0376150012 0.248999998
vt -0.0376249999 0.253720999
vt -0.038054999 0.248989999
vt -0.0376249999 0.253720999
vt -0.0380650014 0.253652006
vt -0.0380650014 0.253652006
vt -0.0376249999 0.253720999
vt -0.0376560017 0.258125007
vt -0.0380650014 0.253652006
vt -0.0376560017 0.258125007
vt -0.038093999 0.257990003
vt -0.038093999 0.257990003
vt -0.0376560017 0.258125007
vt -0.0377039984 0.261905015
vt -0.038093999 0.257990003
vt -0.0377039984 0.261905015
vt -0.0381419994 0.261720002
vt 0.407680988 0.0381419994
vt 0.407514006 0.0377039984
vt 0.411293 0.0377659984
vt 0.407680988 0.0381419994
vt 0.411293 0.0377659984
vt 0.411408007 0.038203001
vt 0.411408007 0.038203001
vt 0.411293 0.0377659984
vt 0.415697992 0.0378389992
vt 0.411408007 0.038203001
vt 0.415697992 0.0378389992
vt 0.415746987 0.0382749997
vt 0.415746987 0.0382749997
vt 0.415697992 0.0378389992
vt 0.420417011 0.0379169993
vt 0.415746987 0.0382749997
vt 0.420417011 0.0379169993
vt 0.420408994 0.0383520015
vt -0.420408994 0.0383520015
vt -0.425072014 0.0384289995
vt -0.420417011 0.0379169993
vt -0.0379169993 0.230740994
vt -0.0384289995 0.231609002
vt -0.0384289995 0.231609002
vt -0.420417011 0.0379169993
vt -0.425072014 0.0384289995
vt -0.425134987 0.0379949994
vt -0.425134987 0.0379949994
vt -0.425072014 0.0384289995
vt -0.429410994 0.0385009982
vt -0.425134987 0.0379949994
vt -0.429410994 0.0385009982
vt -0.429540008 0.0380670018
vt -0.429540008 0.0380670018
vt -0.429410994 0.0385009982
vt -0.433138013 0.0385619998
vt -0.429540008 0.0380670018
vt -0.433138013 0.0385619998
vt -0.433319002 0.0381300002
vt 0.0381300002 0.236083999
vt 0.0385619998 0.236268997
vt 0.0386090018 0.239998996
vt 0.0381300002 0.236083999
vt 0.0386090018 0.239998996
vt 0.0381780006 0.239864007
vt 0.0381780006 0.239864007
vt 0.0386090018 0.239998996
vt 0.0386390015 0.244337007
vt 0.0381780006 0.239864007
vt 0.0386390015 0.244337007
vt 0.0382080004 0.244268
vt 0.0382080004 0.244268
vt 0.0386390015 0.244337007
vt 0.0386490002 0.248999998
vt 0.0382080004 0.244268
vt 0.0386490002 0.248999998
vt 0.038217999 0.248989999
vt 0.038217999 0.248989999
vt 0.0386490002 0.248999998
vt 0.0386390015 0.253654987
vt 0.038217999 0.248989999
vt 0.0386390015 0.253654987
vt 0.0382080004 0.253717989
vt 0.0382080004 0.253717989
vt 0.0386390015 0.253654987
vt 0.0386090018 0.25799799
vt 0.0382080004 0.253717989
vt 0.0386090018 0.25799799
vt 0.0381780006 0.25811699
vt 0.0381780006 0.25811699
vt 0.0386090018 0.25799799
vt 0.0385619998 0.261725008
vt 0.0381780006 0.25811699
vt 0.0385619998 0.261725008
vt 0.0381300002 0.261900008
vt 0.433324009 0.0381300002
vt 0.433131993 0.0385619998
vt 0.429405987 0.0385009982
vt 0.433324009 0.0381300002
vt 0.429405987 0.0385009982
vt 0.429544985 0.0380680002
vt 0.429544985 0.0380680002
vt 0.429405987 0.0385009982
vt 0.425062001 0.0384289995
vt 0.429544985 0.0380680002
vt 0.425062001 0.0384289995
vt 0.425145 0.0379949994
vt 0.425145 0.0379949994
vt 0.425062001 0.0384289995
vt 0.420408994 0.0383520015
vt 0.425145 0.0379949994
vt 0.420408994 0.0383520015
vt 0.420417011 0.0379169993
vt -0.420408994 0.0383520015
vt -0.415755987 0.0382749997
vt -0.42038101 0.0400599986
vt -0.0400599986 0.231195003
vt -0.0382749997 0.231607005
vt -0.0382749997 0.231607005
vt -0.42038101 0.0400599986
vt -0.415755987 0.0382749997
vt -0.415722013 0.0397830009
vt -0.415722013 0.0397830009
vt -0.415755987 0.0382749997
vt -0.411412001 0.038203001
vt -0.415722013 0.0397830009
vt -0.411412001 0.038203001
vt -0.411383003 0.0397109985
vt -0.411383003 0.0397109985
vt -0.411412001 0.038203001
vt -0.407687008 0.0381419994
vt -0.411383003 0.0397109985
vt -0.407687008 0.0381419994
vt -0.407656014 0.0396500006
vt -0.0396500006 0.236268997
vt -0.0381419994 0.236264005
vt -0.038093999 0.239990994
vt -0.0396500006 0.236268997
vt -0.038093999 0.239990994
vt -0.0396020003 0.239998996
vt -0.0396020003 0.239998996
vt -0.038093999 0.239990994
vt -0.0380650014 0.244333997
vt -0.0396020003 0.239998996
vt -0.0380650014 0.244333997
vt -0.0395729989 0.244337007
vt -0.0395729989 0.244337007
vt -0.0380650014 0.244333997
vt -0.038054999 0.248989999
vt -0.0395729989 0.244337007
vt -0.038054999 0.248989999
vt -0.0395630002 0.248999998
vt -0.0395630002 0.248999998
vt -0.038054999 0.248989999
vt -0.0380650014 0.253652006
vt -0.0395630002 0.248999998
vt -0.0380650014 0.253652006
vt -0.0395729989 0.253654987
vt -0.0395729989 0.253654987
vt -0.0380650014 0.253652006
vt -0.038093999 0.257990003
vt -0.0395729989 0.253654987
vt -0.038093999 0.257990003
vt -0.0396020003 0.25799799
vt -0.0396020003 0.25799799
vt -0.038093999 0.257990003
vt -0.0381419994 0.261720002
vt -0.0396020003 0.25799799
vt -0.0381419994 0.261720002
vt -0.0396500006 0.261725008
vt 0.407662004 0.0396500006
vt 0.407680988 0.0381419994
vt 0.411408007 0.038203001
vt 0.407662004 0.0396500006
vt 0.411408007 0.038203001
vt 0.41138801 0.0397109985
vt 0.41138801 0.0397109985
vt 0.411408007 0.038203001
vt 0.415746987 0.0382749997
vt 0.41138801 0.0397109985
vt 0.415746987 0.0382749997
vt 0.415731013 0.0397830009
vt 0.415731013 0.0397830009
vt 0.415746987 0.0382749997
vt 0.420408994 0.0383520015
vt 0.415731013 0.0397830009
vt 0.420408994 0.0383520015
vt 0.42038101 0.0400599986
vt -0.42038101 0.0400599986
vt -0.425036997 0.0399370007
vt -0.420408994 0.0383520015
vt -0.0383520015 0.230994999
vt -0.0399370007 0.231607005
vt -0.0399370007 0.231607005
vt -0.420408994 0.0383520015
vt -0.425036997 0.0399370007
vt -0.425072014 0.0384289995
vt -0.425072014 0.0384289995
vt -0.425036997 0.0399370007
vt -0.429381013 0.0400089994
vt -0.425072014 0.0384289995
vt -0.429381013 0.0400089994
vt -0.429410994 0.0385009982
vt -0.429410994 0.0385009982
vt -0.429381013 0.0400089994
vt -0.433106989 0.040070001
vt -0.429410994 0.0385009982
vt -0.433106989 0.040070001
vt -0.433138013 0.0385619998
vt 0.0385619998 0.236268997
vt 0.040070001 0.236264005
vt 0.0401169993 0.239990994
vt 0.0385619998 0.236268997
vt 0.0401169993 0.239990994
vt 0.0386090018 0.239998996
vt 0.0386090018 0.239998996
vt 0.0401169993 0.239990994
vt 0.0401469991 0.244333997
vt 0.0386090018 0.239998996
vt 0.0401469991 0.244333997
vt 0.0386390015 0.244337007
vt 0.0386390015 0.244337007
vt 0.0401469991 0.244333997
vt 0.0401570015 0.248989999
vt 0.0386390015 0.244337007
vt 0.0401570015 0.248989999
vt 0.0386490002 0.248999998
vt 0.0386490002 0.248999998
vt 0.0401570015 0.248989999
vt 0.0401469991 0.253652006
vt 0.0386490002 0.248999998
vt 0.0401469991 0.253652006
vt 0.0386390015 0.253654987
vt 0.0386390015 0.253654987
vt 0.0401469991 0.253652006
vt 0.0401180014 0.257990003
vt 0.0386390015 0.253654987
vt 0.0401180014 0.257990003
vt 0.0386090018 0.25799799
vt 0.0386090018 0.25799799
vt 0.0401180014 0.257990003
vt 0.040070001 0.261720002
vt 0.0386090018 0.25799799
vt 0.040070001 0.261720002
vt 0.0385619998 0.261725008
vt 0.433131993 0.0385619998
vt 0.433113009 0.040070001
vt 0.42938599 0.0400089994
vt 0.433131993 0.0385619998
vt 0.42938599 0.0400089994
vt 0.429405987 0.0385009982
vt 0.429405987 0.0385009982
vt 0.42938599 0.0400089994
vt 0.42504701 0.0399370007
vt 0.429405987 0.0385009982
vt 0.42504701 0.0399370007
vt 0.425062001 0.0384289995
vt 0.425062001 0.0384289995
vt 0.42504701 0.0399370007
vt 0.42038101 0.0400599986
vt 0.425062001 0.0384289995
vt 0.42038101 0.0400599986
vt 0.420408994 0.0383520015
vt -1.04451597 0.163963005
vt -1.04451704 0.168598995
vt -1.04724002 0.160211995
vt -1.04724002 0.160211995
vt -1.04451704 0.168598995
vt -1.04451704 0.168598995
vt -1.04724002 0.160211995
vt -1.04451704 0.168598995
vt -1.05164802 0.158778995
vt -1.05164802 0.158778995
vt -1.04451704 0.168598995
vt -1.04724205 0.172346994
vt -1.05164802 0.158778995
vt -1.04724205 0.172346994
vt -1.05605698 0.160211995
vt -1.05605698 0.160211995
vt -1.04724205 0.172346994
vt -1.05164802 0.173778996
vt -1.05605698 0.160211995
vt -1.05164802 0.173778996
vt -1.05878103 0.163963005
vt -1.05878103 0.163963005
vt -1.05164802 0.173778996
vt -1.05605495 0.172346994
vt -1.05878103 0.163963005
vt -1.05605495 0.172346994
vt -1.05877995 0.168598995
vt 1.04732597 0.163958997
vt 1.05005097 0.160210997
vt 1.04732502 0.168595001
vt 1.04732502 0.168595001
vt 1.05005097 0.160210997
vt 1.05445695 0.158778995
vt 1.04732502 0.168595001
vt 1.05445695 0.158778995
vt 1.05004799 0.172345996
vt 1.05004799 0.172345996
vt 1.05445695 0.158778995
vt 1.05886602 0.160211995
vt 1.05004799 0.172345996
vt 1.05886602 0.160211995
vt 1.05445695 0.173778996
vt 1.05445695 0.173778996
vt 1.05886602 0.160211995
vt 1.061589 0.163963005
vt 1.05445695 0.173778996
vt 1.061589 0.163963005
vt 1.058864 0.172346994
vt 1.058864 0.172346994
vt 1.061589 0.163963005
vt 1.06158805 0.168598995
vt -0.122882001 1.05445695
vt -0.122955002 1.05005097
vt 0.0470939986 1.05164802
vt -1.05164802 0.158778995
vt -1.05005097 0.160210997
vt -1.05005097 0.160210997
vt 0.0470939986 1.05164802
vt -0.122955002 1.05005097
vt 0.047022 1.04724002
vt -0.047022 0.160211995
vt 0.122955002 0.160210997
vt 0.123000003 0.163958997
vt -0.047022 0.160211995
vt 0.123000003 0.163958997
vt -0.0469769984 0.163963005
vt -0.0469769984 0.163963005
vt 0.123000003 0.163958997
vt 0.123000003 0.168595001
vt -0.0469769984 0.163963005
vt 0.123000003 0.168595001
vt -0.0469769984 0.168598995
vt -0.0469769984 0.168598995
vt 0.123000003 0.168595001
vt 0.122955002 0.172345996
vt -0.0469769984 0.168598995
vt 0.122955002 0.172345996
vt -0.047022 0.172346994
vt -0.047022 1.04724205
vt 0.122955002 1.05004799
vt 0.122882001 1.05445695
vt -0.047022 1.04724205
vt 0.122882001 1.05445695
vt -0.0470939986 1.05164802
vt 0.0470939986 1.05164802
vt 0.0471669994 1.05605698
vt -0.122882001 1.05445695
vt -1.05445695 0.158778995
vt -1.05605698 0.160211995
vt -1.05605698 0.160211995
vt -0.122882001 1.05445695
vt 0.0471669994 1.05605698
vt -0.122809999 1.05886602
vt -0.122809999 0.160211995
vt 0.0471669994 0.160211995
vt 0.0472120009 0.163963005
vt -0.122809999 0.160211995
vt 0.0472120009 0.163963005
vt -0.122764997 0.163963005
vt -0.122764997 0.163963005
vt 0.0472120009 0.163963005
vt 0.0472120009 0.168598995
vt -0.122764997 0.163963005
vt 0.0472120009 0.168598995
vt -0.122764997 0.168598995
vt -0.122764997 0.168598995
vt 0.0472120009 0.168598995
vt 0.0471669994 0.172346994
vt -0.122764997 0.168598995
vt 0.0471669994 0.172346994
vt -0.122809999 0.172346994
vt 0.122809999 1.058864
vt -0.0471669994 1.05605495
vt -0.0470939986 1.05164802
vt 0.122809999 1.058864
vt -0.0470939986 1.05164802
vt 0.122882001 1.05445695
vt -0.416193992 -0.238128006
vt -0.419817001 -0.240909994
vt -0.411971986 -0.236378998
vt -0.411971986 -0.236378998
vt -0.419817001 -0.240909994
vt -0.422596008 -0.244533002
vt -0.411971986 -0.236378998
vt -0.422596008 -0.244533002
vt -0.40744701 -0.235781997
vt -0.40744701 -0.235781997
vt -0.422596008 -0.244533002
vt -0.424344003 -0.248757005
vt -0.40744701 -0.235781997
vt -0.424344003 -0.248757005
vt -0.402913988 -0.236377999
vt -0.402913988 -0.236377999
vt -0.424344003 -0.248757005
vt -0.42493999 -0.253282011
vt -0.402913988 -0.236377999
vt -0.42493999 -0.253282011
vt -0.398698002 -0.238123998
vt -0.398698002 -0.238123998
vt -0.42493999 -0.253282011
vt -0.424342006 -0.257815003
vt -0.398698002 -0.238123998
vt -0.424342006 -0.257815003
vt -0.395072013 -0.240905002
vt -0.395072013 -0.240905002
vt -0.424342006 -0.257815003
vt -0.422592998 -0.262033999
vt -0.395072013 -0.240905002
vt -0.422592998 -0.262033999
vt -0.392291009 -0.244528994
vt -0.392291009 -0.244528994
vt -0.422592998 -0.262033999
vt -0.419811994 -0.265657991
vt -0.392291009 -0.244528994
vt -0.419811994 -0.265657991
vt -0.390542001 -0.248748004
vt -0.390542001 -0.248748004
vt -0.419811994 -0.265657991
vt -0.416186005 -0.268438995
vt -0.390542001 -0.248748004
vt -0.416186005 -0.268438995
vt -0.389943987 -0.253282011
vt -0.389943987 -0.253282011
vt -0.416186005 -0.268438995
vt -0.41196999 -0.270186007
vt -0.389943987 -0.253282011
vt -0.41196999 -0.270186007
vt -0.390540004 -0.257806003
vt -0.390540004 -0.257806003
vt -0.41196999 -0.270186007
vt -0.407436997 -0.27078101
vt -0.390540004 -0.257806003
vt -0.407436997 -0.27078101
vt -0.392287999 -0.262030005
vt -0.392287999 -0.262030005
vt -0.407436997 -0.27078101
vt -0.402911007 -0.270184994
vt -0.392287999 -0.262030005
vt -0.402911007 -0.270184994
vt -0.395067006 -0.265653014
vt -0.395067006 -0.265653014
vt -0.402911007 -0.270184994
vt -0.398689985 -0.268435001
vt 0.417019993 -0.238128006
vt 0.412797987 -0.236378998
vt 0.420643002 -0.240909994
vt -1.35941803 -0.240909994
vt -1.35928798 -0.236378998
vt -1.35928798 -0.236378998
vt 0.420643002 -0.240909994
vt 0.412797987 -0.236378998
vt 0.423422009 -0.244533002
vt 0.423422009 -0.244533002
vt 0.412797987 -0.236378998
vt 0.408273011 -0.235781997
vt 0.423422009 -0.244533002
vt 0.408273011 -0.235781997
vt 0.425170004 -0.248757005
vt 0.425170004 -0.248757005
vt 0.408273011 -0.235781997
vt 0.403739989 -0.236377999
vt 0.425170004 -0.248757005
vt 0.403739989 -0.236377999
vt 0.425765991 -0.253282011
vt 0.425765991 -0.253282011
vt 0.403739989 -0.236377999
vt 0.399524003 -0.238123998
vt 0.425765991 -0.253282011
vt 0.399524003 -0.238123998
vt 0.425168008 -0.257815003
vt 0.425168008 -0.257815003
vt 0.399524003 -0.238123998
vt 0.395898014 -0.240905002
vt 0.425168008 -0.257815003
vt 0.395898014 -0.240905002
vt 0.423418999 -0.262033999
vt 0.423418999 -0.262033999
vt 0.395898014 -0.240905002
vt 0.393117011 -0.244528994
vt 0.423418999 -0.262033999
vt 0.393117011 -0.244528994
vt 0.420637995 -0.265657991
vt 0.420637995 -0.265657991
vt 0.393117011 -0.244528994
vt 0.391368002 -0.248748004
vt 0.420637995 -0.265657991
vt 0.391368002 -0.248748004
vt 0.417012006 -0.268438995
vt 0.417012006 -0.268438995
vt 0.391368002 -0.248748004
vt 0.390769988 -0.253282011
vt 0.417012006 -0.268438995
vt 0.390769988 -0.253282011
vt 0.412795991 -0.270186007
vt 0.412795991 -0.270186007
vt 0.390769988 -0.253282011
vt 0.391366005 -0.257806003
vt 0.412795991 -0.270186007
vt 0.391366005 -0.257806003
vt 0.408262998 -0.27078101
vt 0.408262998 -0.27078101
vt 0.391366005 -0.257806003
vt 0.393114001 -0.262030005
vt 0.408262998 -0.27078101
vt 0.393114001 -0.262030005
vt 0.403737992 -0.270184994
vt 0.403737992 -0.270184994
vt 0.393114001 -0.262030005
vt 0.395893008 -0.265653014
vt 0.403737992 -0.270184994
vt 0.395893008 -0.265653014
vt 0.399515986 -0.268435001
vt -0.415639997 -0.276172012
vt -0.41078499 -0.275768995
vt -0.415535003 -0.264925987
vt -0.137189999 -0.264925987
vt -0.130753994 -0.275768995
vt -0.130753994 -0.275768995
vt -0.415535003 -0.264925987
vt -0.41078499 -0.275768995
vt -0.410806 -0.264301986
vt -0.410806 -0.264301986
vt -0.41078499 -0.275768995
vt -0.406062007 -0.274572998
vt -0.410806 -0.264301986
vt -0.406062007 -0.274572998
vt -0.406405985 -0.262477994
vt -0.406405985 -0.262477994
vt -0.406062007 -0.274572998
vt -0.401600987 -0.272615999
vt -0.137039006 -0.262477994
vt -0.130602002 -0.272615999
vt -0.137039006 -0.262477994
vt -0.406405985 -0.262477994
vt -0.401600987 -0.272615999
vt -0.397522986 -0.269950986
vt -0.406405985 -0.262477994
vt -0.397522986 -0.269950986
vt -0.402626991 -0.259577006
vt -0.402626991 -0.259577006
vt -0.397522986 -0.269950986
vt -0.393938988 -0.266651005
vt -0.136977002 -0.259577006
vt -0.130475998 -0.266651005
vt -0.136977002 -0.259577006
vt -0.402626991 -0.259577006
vt -0.393938988 -0.266651005
vt -0.390947014 -0.262807012
vt -0.402626991 -0.259577006
vt -0.390947014 -0.262807012
vt -0.399726003 -0.255793989
vt -0.399726003 -0.255793989
vt -0.390947014 -0.262807012
vt -0.388628006 -0.258522004
vt -0.399726003 -0.255793989
vt -0.388628006 -0.258522004
vt -0.397904992 -0.251394987
vt -0.397904992 -0.251394987
vt -0.388628006 -0.258522004
vt -0.387046009 -0.253912985
vt -0.136898994 -0.251394987
vt -0.130362004 -0.253912985
vt -0.136898994 -0.251394987
vt -0.397904992 -0.251394987
vt -0.387046009 -0.253912985
vt -0.386243999 -0.249108002
vt -0.397904992 -0.251394987
vt -0.386243999 -0.249108002
vt -0.397284001 -0.246666998
vt -0.397284001 -0.246666998
vt -0.386243999 -0.249108002
vt -0.386243999 -0.244236007
vt -0.397284001 -0.246666998
vt -0.386243999 -0.244236007
vt -0.397906005 -0.241944999
vt -0.397906005 -0.241944999
vt -0.386243999 -0.244236007
vt -0.387046009 -0.239429995
vt -0.136898994 -0.241944999
vt -0.130362004 -0.239429995
vt -0.136898994 -0.241944999
vt -0.397906005 -0.241944999
vt -0.387046009 -0.239429995
vt -0.388628006 -0.234822005
vt -0.397906005 -0.241944999
vt -0.388628006 -0.234822005
vt -0.39973101 -0.237541005
vt -0.39973101 -0.237541005
vt -0.388628006 -0.234822005
vt -0.390947014 -0.230536997
vt -0.39973101 -0.237541005
vt -0.390947014 -0.230536997
vt -0.402631998 -0.233760998
vt -0.402631998 -0.233760998
vt -0.390947014 -0.230536997
vt -0.393938988 -0.226692006
vt -0.136977002 -0.233760998
vt -0.130475998 -0.226692006
vt -0.136977002 -0.233760998
vt -0.402631998 -0.233760998
vt -0.393938988 -0.226692006
vt -0.397522986 -0.223391995
vt -0.402631998 -0.233760998
vt -0.397522986 -0.223391995
vt -0.406410992 -0.230862007
vt -0.406410992 -0.230862007
vt -0.397522986 -0.223391995
vt -0.401600987 -0.220726997
vt -0.137039006 -0.230862007
vt -0.130602002 -0.220726997
vt -0.137039006 -0.230862007
vt -0.406410992 -0.230862007
vt -0.401600987 -0.220726997
vt -0.406062007 -0.218769997
vt -0.406410992 -0.230862007
vt -0.406062007 -0.218769997
vt -0.410816014 -0.229038998
vt -0.410816014 -0.229038998
vt -0.406062007 -0.218769997
vt -0.41078499 -0.217574
vt -0.410816014 -0.229038998
vt -0.41078499 -0.217574
vt -0.415535003 -0.228417993
vt -0.415535003 -0.228417993
vt -0.41078499 -0.217574
vt -0.415639997 -0.217171997
vt -0.417021006 -0.268438995
vt -0.412804008 -0.270186007
vt -0.420646995 -0.265657991
vt -1.35891795 -0.265657991
vt -1.35878801 -0.270186007
vt -1.35878801 -0.270186007
vt -0.420646995 -0.265657991
vt -0.412804008 -0.270186007
vt -0.423427999 -0.262033999
vt -0.423427999 -0.262033999
vt -0.412804008 -0.270186007
vt -0.408271015 -0.27078101
vt -0.423427999 -0.262033999
vt -0.408271015 -0.27078101
vt -0.425175995 -0.257815003
vt -0.425175995 -0.257815003
vt -0.408271015 -0.27078101
vt -0.403746009 -0.27018401
vt -0.425175995 -0.257815003
vt -0.403746009 -0.27018401
vt -0.425774008 -0.253282011
vt -0.425774008 -0.253282011
vt -0.403746009 -0.27018401
vt -0.399524003 -0.268435001
vt -0.425774008 -0.253282011
vt -0.399524003 -0.268435001
vt -0.425179005 -0.248757005
vt -0.425179005 -0.248757005
vt -0.399524003 -0.268435001
vt -0.395900995 -0.265653014
vt -0.425179005 -0.248757005
vt -0.395900995 -0.265653014
vt -0.423431009 -0.244533002
vt -0.423431009 -0.244533002
vt -0.395900995 -0.265653014
vt -0.393121988 -0.262030005
vt -0.423431009 -0.244533002
vt -0.393121988 -0.262030005
vt -0.420652002 -0.240909994
vt -0.420652002 -0.240909994
vt -0.393121988 -0.262030005
vt -0.391373992 -0.257806003
vt -0.420652002 -0.240909994
vt -0.391373992 -0.257806003
vt -0.41702801 -0.238128006
vt -0.41702801 -0.238128006
vt -0.391373992 -0.257806003
vt -0.390778989 -0.253282011
vt -0.41702801 -0.238128006
vt -0.390778989 -0.253282011
vt -0.412806988 -0.236378998
vt -0.412806988 -0.236378998
vt -0.390778989 -0.253282011
vt -0.391375989 -0.248748004
vt -0.412806988 -0.236378998
vt -0.391375989 -0.248748004
vt -0.408280998 -0.235781997
vt -0.408280998 -0.235781997
vt -0.391375989 -0.248748004
vt -0.393124998 -0.244528994
vt -0.408280998 -0.235781997
vt -0.393124998 -0.244528994
vt -0.403748989 -0.236377999
vt -0.403748989 -0.236377999
vt -0.393124998 -0.244528994
vt -0.395906001 -0.240905002
vt -0.403748989 -0.236377999
vt -0.395906001 -0.240905002
vt -0.39953199 -0.238123998
vt 0.404893011 -0.238128006
vt 0.401270002 -0.240909994
vt 0.409114987 -0.236378998
vt 0.409114987 -0.236378998
vt 0.401270002 -0.240909994
vt 0.398490995 -0.244533002
vt 0.409114987 -0.236378998
vt 0.398490995 -0.244533002
vt 0.413641006 -0.235781997
vt 0.413641006 -0.235781997
vt 0.398490995 -0.244533002
vt 0.396743 -0.248757005
vt 0.413641006 -0.235781997
vt 0.396743 -0.248757005
vt 0.418172985 -0.236377999
vt 0.418172985 -0.236377999
vt 0.396743 -0.248757005
vt 0.396147996 -0.253282011
vt 0.418172985 -0.236377999
vt 0.396147996 -0.253282011
vt 0.422390014 -0.238123998
vt 0.422390014 -0.238123998
vt 0.396147996 -0.253282011
vt 0.39674601 -0.257815003
vt 0.422390014 -0.238123998
vt 0.39674601 -0.257815003
vt 0.426016003 -0.240905002
vt 0.426016003 -0.240905002
vt 0.39674601 -0.257815003
vt 0.398494005 -0.262033999
vt 0.426016003 -0.240905002
vt 0.398494005 -0.262033999
vt 0.428797007 -0.244528994
vt 0.428797007 -0.244528994
vt 0.398494005 -0.262033999
vt 0.401275009 -0.265657991
vt 0.428797007 -0.244528994
vt 0.401275009 -0.265657991
vt 0.430545002 -0.248748004
vt 0.430545002 -0.248748004
vt 0.401275009 -0.265657991
vt 0.404900998 -0.268438995
vt 0.430545002 -0.248748004
vt 0.404900998 -0.268438995
vt 0.431142986 -0.253282011
vt 0.431142986 -0.253282011
vt 0.404900998 -0.268438995
vt 0.409117997 -0.270186007
vt 0.431142986 -0.253282011
vt 0.409117997 -0.270186007
vt 0.430548012 -0.257806003
vt 0.430548012 -0.257806003
vt 0.409117997 -0.270186007
vt 0.413650006 -0.27078101
vt 0.430548012 -0.257806003
vt 0.413650006 -0.27078101
vt 0.428799987 -0.262030005
vt 0.428799987 -0.262030005
vt 0.413650006 -0.27078101
vt 0.418175995 -0.270184994
vt 0.428799987 -0.262030005
vt 0.418175995 -0.270184994
vt 0.42602101 -0.265653014
vt 0.42602101 -0.265653014
vt 0.418175995 -0.270184994
vt 0.422398001 -0.268435001
vt 1.30888498 -0.253282011
vt 1.308869 -0.248944998
vt 1.05892003 -0.253282011
vt -1.05892003 -0.253282011
vt -1.308869 -0.248944998
vt -1.308869 -0.248944998
vt 1.05892003 -0.253282011
vt 1.308869 -0.248944998
vt 1.05890298 -0.248944998
vt 1.05890298 -0.248944998
vt 1.308869 -0.248944998
vt 1.30882299 -0.245464996
vt 1.05890298 -0.248944998
vt 1.30882299 -0.245464996
vt 1.05885804 -0.245464996
vt 0.419467986 1.05885804
vt 0.41533801 1.30882299
vt 0.411327988 1.30875695
vt 0.419467986 1.05885804
vt 0.411327988 1.30875695
vt 0.415457994 1.05879104
vt 0.415457994 1.05879104
vt 0.411327988 1.30875695
vt 0.406879008 1.30868399
vt 0.415457994 1.05879104
vt 0.406879008 1.30868399
vt 0.411009014 1.05871797
vt 0.411009014 1.05871797
vt 0.406879008 1.30868399
vt 0.402871013 1.308617
vt 0.411009014 1.05871797
vt 0.402871013 1.308617
vt 0.407000989 1.05865097
vt -1.05865097 -0.245462
vt -1.308617 -0.245462
vt -1.30857205 -0.248941004
vt -1.05865097 -0.245462
vt -1.30857205 -0.248941004
vt -1.05860603 -0.248941004
vt -1.05860603 -0.248941004
vt -1.30857205 -0.248941004
vt -1.30855501 -0.253282011
vt -1.05860603 -0.248941004
vt -1.30855501 -0.253282011
vt -1.05858898 -0.253282011
vt 1.05892003 -0.253282011
vt 1.05890298 -0.257622004
vt 1.30888498 -0.253282011
vt -1.30888498 -0.253282011
vt -1.05890298 -0.257622004
vt -1.05890298 -0.257622004
vt 1.30888498 -0.253282011
vt 1.05890298 -0.257622004
vt 1.308869 -0.257622004
vt 1.308869 -0.257622004
vt 1.05890298 -0.257622004
vt 1.05885696 -0.261101007
vt 1.308869 -0.257622004
vt 1.05885696 -0.261101007
vt 1.30882299 -0.261101007
vt -0.415333986 1.30882299
vt -0.419463992 1.05885696
vt -0.415455997 1.05879104
vt -0.415333986 1.30882299
vt -0.415455997 1.05879104
vt -0.411325991 1.30875695
vt -0.411325991 1.30875695
vt -0.415455997 1.05879104
vt -0.411006987 1.05871797
vt -0.411325991 1.30875695
vt -0.411006987 1.05871797
vt -0.406875998 1.30868399
vt -0.406875998 1.30868399
vt -0.411006987 1.05871797
vt -0.406996012 1.05865097
vt -0.406875998 1.30868399
vt -0.406996012 1.05865097
vt -0.402866006 1.308617
vt -1.308617 -0.261097997
vt -1.05865097 -0.261097997
vt -1.05860603 -0.25761801
vt -1.308617 -0.261097997
vt -1.05860603 -0.25761801
vt -1.30857098 -0.25761801
vt -1.30857098 -0.25761801
vt -1.05860603 -0.25761801
vt -1.05858898 -0.253282011
vt -1.30857098 -0.25761801
vt -1.05858898 -0.253282011
vt -1.30855501 -0.253282011
vt -1.04355001 -0.253282011
vt -1.04356599 -0.248494998
vt -1.05854797 -0.253282011
vt -1.05854797 -0.253282011
vt -1.04356599 -0.248494998
vt -1.04356599 -0.248494998
vt -1.05854797 -0.253282011
vt -1.04356599 -0.248494998
vt -1.05856395 -0.248494998
vt -1.05856395 -0.248494998
vt -1.04356599 -0.248494998
vt -1.04360998 -0.244441003
vt -1.05856395 -0.248494998
vt -1.04360998 -0.244441003
vt -1.05860806 -0.244441003
vt 0.404395998 1.05860806
vt 0.404644012 1.04360998
vt 0.408699006 1.04367697
vt 0.404395998 1.05860806
vt 0.408699006 1.04367697
vt 0.408450991 1.05867505
vt 0.408450991 1.05867505
vt 0.408699006 1.04367697
vt 0.413484007 1.04375696
vt 0.408450991 1.05867505
vt 0.413484007 1.04375696
vt 0.413235992 1.05875504
vt 0.413235992 1.05875504
vt 0.413484007 1.04375696
vt 0.418264002 1.043836
vt 0.413235992 1.05875504
vt 0.418264002 1.043836
vt 0.418015987 1.058833
vt 0.418015987 1.058833
vt 0.418264002 1.043836
vt 0.422320008 1.04390299
vt 0.418015987 1.058833
vt 0.422320008 1.04390299
vt 0.422071993 1.0589
vt 1.0589 -0.244444996
vt 1.04390299 -0.244444996
vt 1.04394698 -0.248501003
vt 1.0589 -0.244444996
vt 1.04394698 -0.248501003
vt 1.05894494 -0.248501003
vt 1.05894494 -0.248501003
vt 1.04394698 -0.248501003
vt 1.04396296 -0.253282011
vt 1.05894494 -0.248501003
vt 1.04396296 -0.253282011
vt 1.05896103 -0.253282011
vt -1.05854797 -0.253282011
vt -1.05856395 -0.258062005
vt -1.04355001 -0.253282011
vt -1.04355001 -0.253282011
vt -1.05856395 -0.258062005
vt -1.05856395 -0.258062005
vt -1.04355001 -0.253282011
vt -1.05856395 -0.258062005
vt -1.04356599 -0.258062005
vt -1.04356599 -0.258062005
vt -1.05856395 -0.258062005
vt -1.05860806 -0.262118012
vt -1.04356599 -0.258062005
vt -1.05860806 -0.262118012
vt -1.04360998 -0.262118012
vt -0.404641002 1.04360998
vt -0.404392987 1.05860806
vt -0.408448994 1.05867505
vt -0.404641002 1.04360998
vt -0.408448994 1.05867505
vt -0.408695996 1.04367697
vt -0.408695996 1.04367697
vt -0.408448994 1.05867505
vt -0.413228989 1.05875397
vt -0.408695996 1.04367697
vt -0.413228989 1.05875397
vt -0.413477004 1.04375601
vt -0.413477004 1.04375601
vt -0.413228989 1.05875397
vt -0.41801399 1.058833
vt -0.413477004 1.04375601
vt -0.41801399 1.058833
vt -0.418260992 1.043836
vt -0.418260992 1.043836
vt -0.41801399 1.058833
vt -0.422069013 1.0589
vt -0.418260992 1.043836
vt -0.422069013 1.0589
vt -0.422316015 1.04390204
vt 1.04390204 -0.262122005
vt 1.0589 -0.262122005
vt 1.05894494 -0.258067995
vt 1.04390204 -0.262122005
vt 1.05894494 -0.258067995
vt 1.04394698 -0.258067995
vt 1.04394698 -0.258067995
vt 1.05894494 -0.258067995
vt 1.05896103 -0.253282011
vt 1.04394698 -0.258067995
vt 1.05896103 -0.253282011
vt 1.04396296 -0.253282011
vt 1.03404701 -0.253282011
vt 1.03403699 -0.257806003
vt 1.04404604 -0.253282011
vt -1.04404604 -0.253282011
vt -1.03403699 -0.257806003
vt -1.03403699 -0.257806003
vt 1.04404604 -0.253282011
vt 1.03403699 -0.257806003
vt 1.04403603 -0.257815003
vt 1.04403603 -0.257815003
vt 1.03403699 -0.257806003
vt 1.03400803 -0.262030005
vt 1.04403603 -0.257815003
vt 1.03400803 -0.262030005
vt 1.04400694 -0.262033999
vt 1.04400694 -0.262033999
vt 1.03400803 -0.262030005
vt 1.03396201 -0.265653014
vt 1.04400694 -0.262033999
vt 1.03396201 -0.265653014
vt 1.04396105 -0.265657991
vt -0.425850987 1.04396105
vt -0.42602101 1.03396201
vt -0.422398001 1.033903
vt -0.425850987 1.04396105
vt -0.422398001 1.033903
vt -0.422224998 1.04390097
vt -0.422224998 1.04390097
vt -0.422398001 1.033903
vt -0.418175995 1.03383303
vt -0.422224998 1.04390097
vt -0.418175995 1.03383303
vt -0.418008 1.04383099
vt -0.418008 1.04383099
vt -0.418175995 1.03383303
vt -0.413650006 1.03375804
vt -0.418008 1.04383099
vt -0.413650006 1.03375804
vt -0.413475007 1.04375601
vt -0.413475007 1.04375601
vt -0.413650006 1.03375804
vt -0.409117997 1.03368294
vt -0.413475007 1.04375601
vt -0.409117997 1.03368294
vt -0.408950001 1.04368198
vt -0.408950001 1.04368198
vt -0.409117997 1.03368294
vt -0.404900998 1.03361297
vt -0.408950001 1.04368198
vt -0.404900998 1.03361297
vt -0.404727995 1.043612
vt -0.404727995 1.043612
vt -0.404900998 1.03361297
vt -0.401275009 1.033553
vt -0.404727995 1.043612
vt -0.401275009 1.033553
vt -0.401104987 1.04355204
vt -1.04355204 -0.265653014
vt -1.033553 -0.265657991
vt -1.03350794 -0.262033999
vt -1.04355204 -0.265653014
vt -1.03350794 -0.262033999
vt -1.04350603 -0.262030005
vt -1.04350603 -0.262030005
vt -1.03350794 -0.262033999
vt -1.03347898 -0.257815003
vt -1.04350603 -0.262030005
vt -1.03347898 -0.257815003
vt -1.04347706 -0.257806003
vt -1.04347706 -0.257806003
vt -1.03347898 -0.257815003
vt -1.03346896 -0.253282011
vt -1.04347706 -0.257806003
vt -1.03346896 -0.253282011
vt -1.04346704 -0.253282011
vt 1.04404604 -0.253282011
vt 1.04403603 -0.248757005
vt 1.03404701 -0.253282011
vt -1.03404701 -0.253282011
vt -1.04403603 -0.248757005
vt -1.04403603 -0.248757005
vt 1.03404701 -0.253282011
vt 1.04403603 -0.248757005
vt 1.03403699 -0.248748004
vt 1.03403699 -0.248748004
vt 1.04403603 -0.248757005
vt 1.04400694 -0.244533002
vt 1.03403699 -0.248748004
vt 1.04400694 -0.244533002
vt 1.03400803 -0.244528994
vt 1.03400803 -0.244528994
vt 1.04400694 -0.244533002
vt 1.04396105 -0.240909994
vt 1.03400803 -0.244528994
vt 1.04396105 -0.240909994
vt 1.03396201 -0.240905002
vt 0.426016003 1.03396201
vt 0.425855994 1.04396105
vt 0.422232002 1.04390097
vt 0.426016003 1.03396201
vt 0.422232002 1.04390097
vt 0.422390014 1.03390205
vt 0.422390014 1.03390205
vt 0.422232002 1.04390097
vt 0.41801101 1.04383099
vt 0.422390014 1.03390205
vt 0.41801101 1.04383099
vt 0.418172985 1.03383303
vt 0.418172985 1.03383303
vt 0.41801101 1.04383099
vt 0.413484991 1.04375696
vt 0.418172985 1.03383303
vt 0.413484991 1.04375696
vt 0.413641006 1.03375804
vt 0.413641006 1.03375804
vt 0.413484991 1.04375696
vt 0.408953011 1.04368198
vt 0.413641006 1.03375804
vt 0.408953011 1.04368198
vt 0.409114987 1.03368294
vt 0.409114987 1.03368294
vt 0.408953011 1.04368198
vt 0.404736012 1.043612
vt 0.409114987 1.03368294
vt 0.404736012 1.043612
vt 0.404893011 1.03361297
vt 0.404893011 1.03361297
vt 0.404736012 1.043612
vt 0.401109993 1.04355204
vt 0.404893011 1.03361297
vt 0.401109993 1.04355204
vt 0.401270002 1.033553
vt -1.033553 -0.240909994
vt -1.04355204 -0.240905002
vt -1.04350603 -0.244528994
vt -1.033553 -0.240909994
vt -1.04350603 -0.244528994
vt -1.03350699 -0.244533002
vt -1.03350699 -0.244533002
vt -1.04350603 -0.244528994
vt -1.04347706 -0.248748004
vt -1.03350699 -0.244533002
vt -1.04347706 -0.248748004
vt -1.03347898 -0.248757005
vt -1.03347898 -0.248757005
vt -1.04347706 -0.248748004
vt -1.04346704 -0.253282011
vt -1.03347898 -0.248757005
vt -1.04346704 -0.253282011
vt -1.03346896 -0.253282011
vt 0.416186005 -0.238128006
vt 0.411963999 -0.236378998
vt 0.419809014 -0.240909994
vt -1.40991104 -0.240909994
vt -1.40978098 -0.236378998
vt -1.40978098 -0.236378998
vt 0.419809014 -0.240909994
vt 0.411963999 -0.236378998
vt 0.422587991 -0.244533002
vt 0.422587991 -0.244533002
vt 0.411963999 -0.236378998
vt 0.407438993 -0.235781997
vt 0.422587991 -0.244533002
vt 0.407438993 -0.235781997
vt 0.424335986 -0.248757005
vt 0.424335986 -0.248757005
vt 0.407438993 -0.235781997
vt 0.402906001 -0.236377999
vt 0.424335986 -0.248757005
vt 0.402906001 -0.236377999
vt 0.42493099 -0.253282011
vt 0.42493099 -0.253282011
vt 0.402906001 -0.236377999
vt 0.398689002 -0.238123998
vt 0.42493099 -0.253282011
vt 0.398689002 -0.238123998
vt 0.42433399 -0.257815003
vt 0.42433399 -0.257815003
vt 0.398689002 -0.238123998
vt 0.395063013 -0.240905002
vt 0.42433399 -0.257815003
vt 0.395063013 -0.240905002
vt 0.422585011 -0.262033999
vt 0.422585011 -0.262033999
vt 0.395063013 -0.240905002
vt 0.392282009 -0.244528994
vt 0.422585011 -0.262033999
vt 0.392282009 -0.244528994
vt 0.419804007 -0.265657991
vt 0.419804007 -0.265657991
vt 0.392282009 -0.244528994
vt 0.390534014 -0.248748004
vt 0.419804007 -0.265657991
vt 0.390534014 -0.248748004
vt 0.416177988 -0.268438995
vt 0.416177988 -0.268438995
vt 0.390534014 -0.248748004
vt 0.389936 -0.253282011
vt 0.416177988 -0.268438995
vt 0.389936 -0.253282011
vt 0.411960989 -0.270186007
vt 0.411960989 -0.270186007
vt 0.389936 -0.253282011
vt 0.390531003 -0.257806003
vt 0.411960989 -0.270186007
vt 0.390531003 -0.257806003
vt 0.40742901 -0.27078101
vt 0.40742901 -0.27078101
vt 0.390531003 -0.257806003
vt 0.392278999 -0.262030005
vt 0.40742901 -0.27078101
vt 0.392278999 -0.262030005
vt 0.402902991 -0.270184994
vt 0.402902991 -0.270184994
vt 0.392278999 -0.262030005
vt 0.395058006 -0.265653014
vt 0.402902991 -0.270184994
vt 0.395058006 -0.265653014
vt 0.398681998 -0.268435001
vt 0.391090006 -0.262807012
vt 0.39408201 -0.266651005
vt 0.388770998 -0.258522004
vt 0.388770998 -0.258522004
vt 0.39408201 -0.266651005
vt 0.397666007 -0.269950986
vt 0.388770998 -0.258522004
vt 0.397666007 -0.269950986
vt 0.387189001 -0.253912985
vt 0.387189001 -0.253912985
vt 0.397666007 -0.269950986
vt 0.401744008 -0.272615999
vt 0.387189001 -0.253912985
vt 0.401744008 -0.272615999
vt 0.386388004 -0.249108002
vt 0.386388004 -0.249108002
vt 0.401744008 -0.272615999
vt 0.406206012 -0.274572998
vt 0.386388004 -0.249108002
vt 0.406206012 -0.274572998
vt 0.386388004 -0.244236007
vt 0.386388004 -0.244236007
vt 0.406206012 -0.274572998
vt 0.410928011 -0.275768995
vt 0.386388004 -0.244236007
vt 0.410928011 -0.275768995
vt 0.387189001 -0.239429995
vt 0.387189001 -0.239429995
vt 0.410928011 -0.275768995
vt 0.415782988 -0.276172012
vt 0.387189001 -0.239429995
vt 0.415782988 -0.276172012
vt 0.388770998 -0.234822005
vt 0.388770998 -0.234822005
vt 0.415782988 -0.276172012
vt 0.420637995 -0.275768995
vt 0.388770998 -0.234822005
vt 0.420637995 -0.275768995
vt 0.391090006 -0.230536997
vt 0.391090006 -0.230536997
vt 0.420637995 -0.275768995
vt 0.425359994 -0.274572998
vt 0.391090006 -0.230536997
vt 0.425359994 -0.274572998
vt 0.39408201 -0.226692006
vt 0.39408201 -0.226692006
vt 0.425359994 -0.274572998
vt 0.429821014 -0.272615999
vt 0.39408201 -0.226692006
vt 0.429821014 -0.272615999
vt 0.397666007 -0.223391995
vt 0.397666007 -0.223391995
vt 0.429821014 -0.272615999
vt 0.433899999 -0.269950986
vt 0.397666007 -0.223391995
vt 0.433899999 -0.269950986
vt 0.401744008 -0.220726997
vt 0.401744008 -0.220726997
vt 0.433899999 -0.269950986
vt 0.437483996 -0.266651005
vt 0.401744008 -0.220726997
vt 0.437483996 -0.266651005
vt 0.406206012 -0.218769997
vt 0.406206012 -0.218769997
vt 0.437483996 -0.266651005
vt 0.440476 -0.262807012
vt 0.406206012 -0.218769997
vt 0.440476 -0.262807012
vt 0.410928011 -0.217574
vt 0.410928011 -0.217574
vt 0.440476 -0.262807012
vt 0.442795008 -0.258522004
vt 0.410928011 -0.217574
vt 0.442795008 -0.258522004
vt 0.415782988 -0.217171997
vt 0.415782988 -0.217171997
vt 0.442795008 -0.258522004
vt 0.444375992 -0.253912985
vt 0.415782988 -0.217171997
vt 0.444375992 -0.253912985
vt 0.420637995 -0.217574
vt 0.420637995 -0.217574
vt 0.444375992 -0.253912985
vt 0.445178002 -0.249108002
vt 0.420637995 -0.217574
vt 0.445178002 -0.249108002
vt 0.425359994 -0.218769997
vt 0.425359994 -0.218769997
vt 0.445178002 -0.249108002
vt 0.445178002 -0.244236007
vt 0.425359994 -0.218769997
vt 0.445178002 -0.244236007
vt 0.429821014 -0.220726997
vt 0.429821014 -0.220726997
vt 0.445178002 -0.244236007
vt 0.444375992 -0.239429995
vt 0.429821014 -0.220726997
vt 0.444375992 -0.239429995
vt 0.433899999 -0.223391995
vt 0.433899999 -0.223391995
vt 0.444375992 -0.239429995
vt 0.442795008 -0.234822005
vt 0.433899999 -0.223391995
vt 0.442795008 -0.234822005
vt 0.437483996 -0.226692006
vt 0.437483996 -0.226692006
vt 0.442795008 -0.234822005
vt 0.440476 -0.230536997
vt -0.415782988 0.122169003
vt -0.415775001 0.122668996
vt -0.420637995 0.122249
vt -0.420637995 0.122249
vt -0.415775001 0.122668996
vt -0.420711994 0.122749999
vt 0.420637995 -0.275768995
vt 0.420711994 -0.276261985
vt 0.425359994 -0.274572998
vt 0.425359994 -0.274572998
vt 0.420711994 -0.276261985
vt 0.425514013 -0.275045991
vt 0.425359994 -0.274572998
vt 0.425514013 -0.275045991
vt 0.429821014 -0.272615999
vt 0.429821014 -0.272615999
vt 0.425514013 -0.275045991
vt 0.430050999 -0.273056
vt 0.429821014 -0.272615999
vt 0.430050999 -0.273056
vt 0.433899999 -0.269950986
vt 0.433899999 -0.269950986
vt 0.430050999 -0.273056
vt 0.434197992 -0.270345986
vt 0.433899999 -0.269950986
vt 0.434197992 -0.270345986
vt 0.437483996 -0.266651005
vt 0.437483996 -0.266651005
vt 0.434197992 -0.270345986
vt 0.437842995 -0.266990006
vt 0.437483996 -0.266651005
vt 0.437842995 -0.266990006
vt 0.440476 -0.262807012
vt 0.440476 -0.262807012
vt 0.437842995 -0.266990006
vt 0.440885991 -0.263080001
vt 0.440476 -0.262807012
vt 0.440885991 -0.263080001
vt 0.442795008 -0.258522004
vt 0.442795008 -0.258522004
vt 0.440885991 -0.263080001
vt 0.44324401 -0.258722991
vt 0.442795008 -0.258522004
vt 0.44324401 -0.258722991
vt 0.444375992 -0.253912985
vt 0.444375992 -0.253912985
vt 0.44324401 -0.258722991
vt 0.444853008 -0.254036009
vt 0.122640997 -0.253912985
vt 0.123149 -0.254036009
vt 0.122653998 -0.249108002
vt 0.122653998 -0.249108002
vt 0.123149 -0.254036009
vt 0.123163 -0.249148995
vt 0.122653998 -0.249108002
vt 0.123163 -0.249148995
vt 0.122653998 -0.244236007
vt 0.122653998 -0.244236007
vt 0.123163 -0.249148995
vt 0.123163 -0.244194001
vt 0.122653998 -0.244236007
vt 0.123163 -0.244194001
vt 0.122640997 -0.239429995
vt 0.122640997 -0.239429995
vt 0.123163 -0.244194001
vt 0.123149 -0.239307001
vt 0.444375992 -0.239429995
vt 0.444853008 -0.239307001
vt 0.442795008 -0.234822005
vt 0.442795008 -0.234822005
vt 0.444853008 -0.239307001
vt 0.44324401 -0.234621003
vt 0.442795008 -0.234822005
vt 0.44324401 -0.234621003
vt 0.440476 -0.230536997
vt 0.440476 -0.230536997
vt 0.44324401 -0.234621003
vt 0.440885991 -0.230262995
vt 0.440476 -0.230536997
vt 0.440885991 -0.230262995
vt 0.437483996 -0.226692006
vt 0.437483996 -0.226692006
vt 0.440885991 -0.230262995
vt 0.437842995 -0.226353005
vt 0.437483996 -0.226692006
vt 0.437842995 -0.226353005
vt 0.433899999 -0.223391995
vt 0.433899999 -0.223391995
vt 0.437842995 -0.226353005
vt 0.434197992 -0.222996995
vt 0.433899999 -0.223391995
vt 0.434197992 -0.222996995
vt 0.429821014 -0.220726997
vt 0.429821014 -0.220726997
vt 0.434197992 -0.222996995
vt 0.430050999 -0.220286995
vt 0.429821014 -0.220726997
vt 0.430050999 -0.220286995
vt 0.425359994 -0.218769997
vt 0.425359994 -0.218769997
vt 0.430050999 -0.220286995
vt 0.425514013 -0.218297005
vt 0.425359994 -0.218769997
vt 0.425514013 -0.218297005
vt 0.420637995 -0.217574
vt 0.420637995 -0.217574
vt 0.425514013 -0.218297005
vt 0.420711994 -0.217080995
vt 0.420637995 0.122249
vt 0.420711994 0.122749999
vt 0.415782988 0.122169003
vt 0.415782988 0.122169003
vt 0.420711994 0.122749999
vt 0.415775001 0.122668996
vt -0.415639997 0.130833998
vt -0.415775001 0.122668996
vt -0.41078499 0.130753994
vt -0.41078499 0.130753994
vt -0.415775001 0.122668996
vt -0.410836995 0.122587003
vt -0.41078499 0.130753994
vt -0.410836995 0.122587003
vt -0.406062007 0.130676001
vt -0.406062007 0.130676001
vt -0.410836995 0.122587003
vt -0.406035006 0.122507997
vt -0.406062007 0.130676001
vt -0.406035006 0.122507997
vt -0.401600987 0.130602002
vt -0.401600987 0.130602002
vt -0.406035006 0.122507997
vt -0.40149799 0.122432999
vt -0.401600987 0.130602002
vt -0.40149799 0.122432999
vt -0.397522986 0.130535007
vt -0.397522986 0.130535007
vt -0.40149799 0.122432999
vt -0.397350997 0.122363999
vt -0.397522986 0.130535007
vt -0.397350997 0.122363999
vt -0.393938988 0.130475998
vt -0.393938988 0.130475998
vt -0.397350997 0.122363999
vt -0.393705994 0.122304
vt -0.130475998 -0.266651005
vt -0.122304 -0.266990006
vt -0.130426005 -0.262807012
vt -0.130426005 -0.262807012
vt -0.122304 -0.266990006
vt -0.122253999 -0.263080001
vt -0.130426005 -0.262807012
vt -0.122253999 -0.263080001
vt -0.130388007 -0.258522004
vt -0.130388007 -0.258522004
vt -0.122253999 -0.263080001
vt -0.122215003 -0.258722991
vt -0.130388007 -0.258522004
vt -0.122215003 -0.258722991
vt -0.130362004 -0.253912985
vt -0.130362004 -0.253912985
vt -0.122215003 -0.258722991
vt -0.122188002 -0.254036009
vt -0.130362004 -0.253912985
vt -0.122188002 -0.254036009
vt -0.130348995 -0.249108002
vt -0.130348995 -0.249108002
vt -0.122188002 -0.254036009
vt -0.122175001 -0.249148995
vt -0.130348995 -0.249108002
vt -0.122175001 -0.249148995
vt -0.130348995 -0.244236007
vt -0.130348995 -0.244236007
vt -0.122175001 -0.249148995
vt -0.122175001 -0.244194001
vt -0.130348995 -0.244236007
vt -0.122175001 -0.244194001
vt -0.130362004 -0.239429995
vt -0.130362004 -0.239429995
vt -0.122175001 -0.244194001
vt -0.122188002 -0.239307001
vt -0.130362004 -0.239429995
vt -0.122188002 -0.239307001
vt -0.130388007 -0.234822005
vt -0.130388007 -0.234822005
vt -0.122188002 -0.239307001
vt -0.122215003 -0.234621003
vt -0.130388007 -0.234822005
vt -0.122215003 -0.234621003
vt -0.130426005 -0.230536997
vt -0.130426005 -0.230536997
vt -0.122215003 -0.234621003
vt -0.122253999 -0.230262995
vt -0.130426005 -0.230536997
vt -0.122253999 -0.230262995
vt -0.130475998 -0.226692006
vt -0.130475998 -0.226692006
vt -0.122253999 -0.230262995
vt -0.122304 -0.226353005
vt 0.393938988 0.130475998
vt 0.393705994 0.122304
vt 0.397522986 0.130535007
vt 0.397522986 0.130535007
vt 0.393705994 0.122304
vt 0.397350997 0.122363999
vt 0.397522986 0.130535007
vt 0.397350997 0.122363999
vt 0.401600987 0.130602002
vt 0.401600987 0.130602002
vt 0.397350997 0.122363999
vt 0.40149799 0.122432999
vt 0.401600987 0.130602002
vt 0.40149799 0.122432999
vt 0.406062007 0.130676001
vt 0.406062007 0.130676001
vt 0.40149799 0.122432999
vt 0.406035006 0.122507997
vt 0.406062007 0.130676001
vt 0.406035006 0.122507997
vt 0.41078499 0.130753994
vt 0.41078499 0.130753994
vt 0.406035006 0.122507997
vt 0.410836995 0.122587003
vt 0.41078499 0.130753994
vt 0.410836995 0.122587003
vt 0.415639997 0.130833998
vt 0.415639997 0.130833998
vt 0.410836995 0.122587003
vt 0.415775001 0.122668996
vt -0.415775001 0.122668996
vt -0.415639997 0.130833998
vt -0.420711994 0.122749999
vt -0.420711994 0.122749999
vt -0.415639997 0.130833998
vt -0.420495003 0.130914003
vt -0.420711994 0.122749999
vt -0.420495003 0.130914003
vt -0.425514013 0.122830003
vt -0.425514013 0.122830003
vt -0.420495003 0.130914003
vt -0.425217003 0.130991995
vt -0.425514013 0.122830003
vt -0.425217003 0.130991995
vt -0.430050999 0.122905001
vt -0.430050999 0.122905001
vt -0.425217003 0.130991995
vt -0.429677993 0.131065995
vt -0.430050999 0.122905001
vt -0.429677993 0.131065995
vt -0.434197992 0.122973002
vt -0.434197992 0.122973002
vt -0.429677993 0.131065995
vt -0.433757007 0.131134003
vt -0.434197992 0.122973002
vt -0.433757007 0.131134003
vt -0.437842995 0.123033002
vt -0.437842995 0.123033002
vt -0.433757007 0.131134003
vt -0.437341005 0.131192997
vt 0.123033002 -0.266990006
vt 0.131192997 -0.266651005
vt 0.123084001 -0.263080001
vt 0.123084001 -0.263080001
vt 0.131192997 -0.266651005
vt 0.131242007 -0.262807012
vt 0.123084001 -0.263080001
vt 0.131242007 -0.262807012
vt 0.123122998 -0.258722991
vt 0.123122998 -0.258722991
vt 0.131242007 -0.262807012
vt 0.131281003 -0.258522004
vt 0.123122998 -0.258722991
vt 0.131281003 -0.258522004
vt 0.123149 -0.254036009
vt 0.123149 -0.254036009
vt 0.131281003 -0.258522004
vt 0.131307006 -0.253912985
vt 0.123149 -0.254036009
vt 0.131307006 -0.253912985
vt 0.123163 -0.249148995
vt 0.123163 -0.249148995
vt 0.131307006 -0.253912985
vt 0.13132 -0.249108002
vt 0.123163 -0.249148995
vt 0.13132 -0.249108002
vt 0.123163 -0.244194001
vt 0.123163 -0.244194001
vt 0.13132 -0.249108002
vt 0.13132 -0.244236007
vt 0.123163 -0.244194001
vt 0.13132 -0.244236007
vt 0.123149 -0.239307001
vt 0.123149 -0.239307001
vt 0.13132 -0.244236007
vt 0.131307006 -0.239429995
vt 0.123149 -0.239307001
vt 0.131307006 -0.239429995
vt 0.123122998 -0.234621003
vt 0.123122998 -0.234621003
vt 0.131307006 -0.239429995
vt 0.131281003 -0.234822005
vt 0.123122998 -0.234621003
vt 0.131281003 -0.234822005
vt 0.123084001 -0.230262995
vt 0.123084001 -0.230262995
vt 0.131281003 -0.234822005
vt 0.131242007 -0.230536997
vt 0.123084001 -0.230262995
vt 0.131242007 -0.230536997
vt 0.123033002 -0.226353005
vt 0.123033002 -0.226353005
vt 0.131242007 -0.230536997
vt 0.131192997 -0.226692006
vt 0.437842995 0.123033002
vt 0.437341005 0.131192997
vt 0.434197992 0.122973002
vt 0.434197992 0.122973002
vt 0.437341005 0.131192997
vt 0.433757007 0.131134003
vt 0.434197992 0.122973002
vt 0.433757007 0.131134003
vt 0.430050999 0.122905001
vt 0.430050999 0.122905001
vt 0.433757007 0.131134003
vt 0.429677993 0.131065995
vt 0.430050999 0.122905001
vt 0.429677993 0.131065995
vt 0.425514013 0.122830003
vt 0.425514013 0.122830003
vt 0.429677993 0.131065995
vt 0.425217003 0.130991995
vt 0.425514013 0.122830003
vt 0.425217003 0.130991995
vt 0.420711994 0.122749999
vt 0.420711994 0.122749999
vt 0.425217003 0.130991995
vt 0.420495003 0.130914003
vt 0.420711994 0.122749999
vt 0.420495003 0.130914003
vt 0.415775001 0.122668996
vt 0.415775001 0.122668996
vt 0.420495003 0.130914003
vt 0.415639997 0.130833998
vt -0.415639997 -0.276172012
vt -0.415535003 -0.264925987
vt -0.420495003 -0.275768995
vt -0.420495003 -0.275768995
vt -0.415535003 -0.264925987
vt -0.420253009 -0.264304996
vt -0.420495003 -0.275768995
vt -0.420253009 -0.264304996
vt -0.425217003 -0.274572998
vt -0.425217003 -0.274572998
vt -0.420253009 -0.264304996
vt -0.424659014 -0.262481004
vt -0.425217003 -0.274572998
vt -0.424659014 -0.262481004
vt -0.429677993 -0.272615999
vt -0.131065995 -0.272615999
vt -0.137340993 -0.262481004
vt -0.137340993 -0.262481004
vt -0.429677993 -0.272615999
vt -0.424659014 -0.262481004
vt -0.433757007 -0.269950986
vt -0.433757007 -0.269950986
vt -0.424659014 -0.262481004
vt -0.428436995 -0.259582013
vt -0.433757007 -0.269950986
vt -0.428436995 -0.259582013
vt -0.437341005 -0.266651005
vt -0.131192997 -0.266651005
vt -0.137402996 -0.259582013
vt -0.137402996 -0.259582013
vt -0.437341005 -0.266651005
vt -0.428436995 -0.259582013
vt -0.440333009 -0.262807012
vt -0.440333009 -0.262807012
vt -0.428436995 -0.259582013
vt -0.431338996 -0.255802006
vt -0.440333009 -0.262807012
vt -0.431338996 -0.255802006
vt -0.442651004 -0.258522004
vt -0.442651004 -0.258522004
vt -0.431338996 -0.255802006
vt -0.433164001 -0.251397997
vt -0.442651004 -0.258522004
vt -0.433164001 -0.251397997
vt -0.444233 -0.253912985
vt -0.131307006 -0.253912985
vt -0.137481004 -0.251397997
vt -0.137481004 -0.251397997
vt -0.444233 -0.253912985
vt -0.433164001 -0.251397997
vt -0.445035011 -0.249108002
vt -0.445035011 -0.249108002
vt -0.433164001 -0.251397997
vt -0.433786005 -0.246676996
vt -0.445035011 -0.249108002
vt -0.433786005 -0.246676996
vt -0.445035011 -0.244236007
vt -0.445035011 -0.244236007
vt -0.433786005 -0.246676996
vt -0.433165014 -0.241947994
vt -0.445035011 -0.244236007
vt -0.433165014 -0.241947994
vt -0.444233 -0.239429995
vt -0.131307006 -0.239429995
vt -0.137481004 -0.241947994
vt -0.137481004 -0.241947994
vt -0.444233 -0.239429995
vt -0.433165014 -0.241947994
vt -0.442651004 -0.234822005
vt -0.442651004 -0.234822005
vt -0.433165014 -0.241947994
vt -0.431342989 -0.237549007
vt -0.442651004 -0.234822005
vt -0.431342989 -0.237549007
vt -0.440333009 -0.230536997
vt -0.440333009 -0.230536997
vt -0.431342989 -0.237549007
vt -0.428443015 -0.233767003
vt -0.440333009 -0.230536997
vt -0.428443015 -0.233767003
vt -0.437341005 -0.226692006
vt -0.131192997 -0.226692006
vt -0.137402996 -0.233767003
vt -0.137402996 -0.233767003
vt -0.437341005 -0.226692006
vt -0.428443015 -0.233767003
vt -0.433757007 -0.223391995
vt -0.433757007 -0.223391995
vt -0.428443015 -0.233767003
vt -0.424663007 -0.230865002
vt -0.433757007 -0.223391995
vt -0.424663007 -0.230865002
vt -0.429677993 -0.220726997
vt -0.131065995 -0.220726997
vt -0.137340993 -0.230865002
vt -0.137340993 -0.230865002
vt -0.429677993 -0.220726997
vt -0.424663007 -0.230865002
vt -0.425217003 -0.218769997
vt -0.425217003 -0.218769997
vt -0.424663007 -0.230865002
vt -0.420262992 -0.229040995
vt -0.425217003 -0.218769997
vt -0.420262992 -0.229040995
vt -0.420495003 -0.217574
vt -0.420495003 -0.217574
vt -0.420262992 -0.229040995
vt -0.415535003 -0.228417993
vt -0.420495003 -0.217574
vt -0.415535003 -0.228417993
vt -0.415639997 -0.217171997
vt -0.422558993 -0.242170006
vt -0.423765004 -0.246668994
vt -0.419265002 -0.238876998
vt -0.183734998 -0.238876998
vt -0.183808997 -0.246668994
vt -0.183808997 -0.246668994
vt -0.419265002 -0.238876998
vt -0.423765004 -0.246668994
vt -0.414766997 -0.237672001
vt -0.414766997 -0.237672001
vt -0.423765004 -0.246668994
vt -0.42256099 -0.251168996
vt -0.414766997 -0.237672001
vt -0.42256099 -0.251168996
vt -0.410266012 -0.238877997
vt -0.410266012 -0.238877997
vt -0.42256099 -0.251168996
vt -0.419268012 -0.254465014
vt -0.410266012 -0.238877997
vt -0.419268012 -0.254465014
vt -0.406973004 -0.242174
vt -0.406973004 -0.242174
vt -0.419268012 -0.254465014
vt -0.414766997 -0.255672008
vt -0.406973004 -0.242174
vt -0.414766997 -0.255672008
vt -0.405768007 -0.246674001
vt -0.405768007 -0.246674001
vt -0.414766997 -0.255672008
vt -0.410268009 -0.254465997
vt -0.405768007 -0.246674001
vt -0.410268009 -0.254465997
vt -0.406975001 -0.25117299
vt 0.415428013 0.143665999
vt 0.419925988 0.143739998
vt 0.414766997 0.183660001
vt -0.183660001 -0.237672001
vt -0.143739998 -0.238876998
vt -0.143739998 -0.238876998
vt 0.414766997 0.183660001
vt 0.419925988 0.143739998
vt 0.419265002 0.183734998
vt 0.419265002 0.183734998
vt 0.419925988 0.143739998
vt 0.423220009 0.143794999
vt 0.419265002 0.183734998
vt 0.423220009 0.143794999
vt 0.422558993 0.183789
vt 0.183789 -0.242170006
vt 0.143794999 -0.242170006
vt 0.143814996 -0.246668994
vt 0.183789 -0.242170006
vt 0.143814996 -0.246668994
vt 0.183808997 -0.246668994
vt 0.183808997 -0.246668994
vt 0.143814996 -0.246668994
vt 0.143794999 -0.251168996
vt 0.183808997 -0.246668994
vt 0.143794999 -0.251168996
vt 0.183789 -0.251168996
vt 0.183789 -0.251168996
vt 0.143794999 -0.251168996
vt 0.143739998 -0.254465014
vt 0.183789 -0.251168996
vt 0.143739998 -0.254465014
vt 0.183734998 -0.254465014
vt -0.419268012 0.183734998
vt -0.419928014 0.143739998
vt -0.415428013 0.143665999
vt -0.419268012 0.183734998
vt -0.415428013 0.143665999
vt -0.414766997 0.183660001
vt 0.414766997 0.183660001
vt 0.410266012 0.183586001
vt 0.415428013 0.143665999
vt -0.143665999 -0.237672001
vt -0.183586001 -0.238877997
vt -0.183586001 -0.238877997
vt 0.415428013 0.143665999
vt 0.410266012 0.183586001
vt 0.410926998 0.143591002
vt -0.143591002 -0.238877997
vt -0.183586001 -0.238877997
vt -0.183532 -0.242174
vt -0.143591002 -0.238877997
vt -0.183532 -0.242174
vt -0.143537 -0.242174
vt -0.143537 -0.242174
vt -0.183532 -0.242174
vt -0.183512002 -0.246674001
vt -0.143537 -0.242174
vt -0.183512002 -0.246674001
vt -0.143517002 -0.246674001
vt -0.143517002 -0.246674001
vt -0.183512002 -0.246674001
vt -0.183532 -0.25117299
vt -0.143517002 -0.246674001
vt -0.183532 -0.25117299
vt -0.143537 -0.25117299
vt -0.407635987 0.143537
vt -0.406975001 0.183532
vt -0.410268009 0.183586001
vt -0.407635987 0.143537
vt -0.410268009 0.183586001
vt -0.410928994 0.143592
vt -0.410928994 0.143592
vt -0.410268009 0.183586001
vt -0.414766997 0.183660001
vt -0.410928994 0.143592
vt -0.414766997 0.183660001
vt -0.415428013 0.143665999
vt -0.415491015 0.139833003
vt -0.410988003 0.139759004
vt -0.415428013 0.143665999
vt -0.143665999 -0.262672007
vt -0.139759004 -0.262023985
vt -0.139759004 -0.262023985
vt -0.415428013 0.143665999
vt -0.410988003 0.139759004
vt -0.410917997 0.143591002
vt -0.410917997 0.143591002
vt -0.410988003 0.139759004
vt -0.406845987 0.139689997
vt -0.410917997 0.143591002
vt -0.406845987 0.139689997
vt -0.406774998 0.143522993
vt -0.406774998 0.143522993
vt -0.406845987 0.139689997
vt -0.403402001 0.139633
vt -0.406774998 0.143522993
vt -0.403402001 0.139633
vt -0.403335005 0.143465996
vt -0.143465996 -0.257147014
vt -0.139633 -0.257151008
vt -0.139593005 -0.253320009
vt -0.143465996 -0.257147014
vt -0.139593005 -0.253320009
vt -0.143425003 -0.253316998
vt -0.143425003 -0.253316998
vt -0.139593005 -0.253320009
vt -0.139570996 -0.248953
vt -0.143425003 -0.253316998
vt -0.139570996 -0.248953
vt -0.143404007 -0.248944998
vt -0.143404007 -0.248944998
vt -0.139570996 -0.248953
vt -0.139570996 -0.244397998
vt -0.143404007 -0.248944998
vt -0.139570996 -0.244397998
vt -0.143404007 -0.244389996
vt -0.143404007 -0.244389996
vt -0.139570996 -0.244397998
vt -0.139593005 -0.240025997
vt -0.143404007 -0.244389996
vt -0.139593005 -0.240025997
vt -0.143425003 -0.240023002
vt -0.143425003 -0.240023002
vt -0.139593005 -0.240025997
vt -0.139633 -0.236196995
vt -0.143425003 -0.240023002
vt -0.139633 -0.236196995
vt -0.143465996 -0.236192003
vt 0.403338999 0.143465996
vt 0.403398991 0.139633
vt 0.406838 0.139689997
vt 0.403338999 0.143465996
vt 0.406838 0.139689997
vt 0.406782001 0.143522993
vt 0.406782001 0.143522993
vt 0.406838 0.139689997
vt 0.410980999 0.139759004
vt 0.406782001 0.143522993
vt 0.410980999 0.139759004
vt 0.410925001 0.143591002
vt 0.410925001 0.143591002
vt 0.410980999 0.139759004
vt 0.415491015 0.139833003
vt 0.410925001 0.143591002
vt 0.415491015 0.139833003
vt 0.415428013 0.143665999
vt -0.415428013 0.143665999
vt -0.419930995 0.143739998
vt -0.415491015 0.139833003
vt -0.139833003 -0.262672007
vt -0.143739998 -0.262023985
vt -0.143739998 -0.262023985
vt -0.415491015 0.139833003
vt -0.419930995 0.143739998
vt -0.420001 0.139908001
vt -0.420001 0.139908001
vt -0.419930995 0.143739998
vt -0.424073011 0.143809006
vt -0.420001 0.139908001
vt -0.424073011 0.143809006
vt -0.424144 0.139975995
vt -0.424144 0.139975995
vt -0.424073011 0.143809006
vt -0.427516997 0.143866003
vt -0.424144 0.139975995
vt -0.427516997 0.143866003
vt -0.427583009 0.140033007
vt 0.140033007 -0.257147014
vt 0.143866003 -0.257151008
vt 0.143905997 -0.253320009
vt 0.140033007 -0.257147014
vt 0.143905997 -0.253320009
vt 0.140073001 -0.253316998
vt 0.140073001 -0.253316998
vt 0.143905997 -0.253320009
vt 0.143926993 -0.248953
vt 0.140073001 -0.253316998
vt 0.143926993 -0.248953
vt 0.140094995 -0.248944998
vt 0.140094995 -0.248944998
vt 0.143926993 -0.248953
vt 0.143926993 -0.244397998
vt 0.140094995 -0.248944998
vt 0.143926993 -0.244397998
vt 0.140094995 -0.244389996
vt 0.140094995 -0.244389996
vt 0.143926993 -0.244397998
vt 0.143905997 -0.240025997
vt 0.140094995 -0.244389996
vt 0.143905997 -0.240025997
vt 0.140073001 -0.240023002
vt 0.140073001 -0.240023002
vt 0.143905997 -0.240025997
vt 0.143866003 -0.236196995
vt 0.140073001 -0.240023002
vt 0.143866003 -0.236196995
vt 0.140033007 -0.236192003
vt 0.427579999 0.140033007
vt 0.427520007 0.143866003
vt 0.424080014 0.143809006
vt 0.427579999 0.140033007
vt 0.424080014 0.143809006
vt 0.424136013 0.139975995
vt 0.424136013 0.139975995
vt 0.424080014 0.143809006
vt 0.419937998 0.143739998
vt 0.424136013 0.139975995
vt 0.419937998 0.143739998
vt 0.419993997 0.139907002
vt 0.419993997 0.139907002
vt 0.419937998 0.143739998
vt 0.415428013 0.143665999
vt 0.419993997 0.139907002
vt 0.415428013 0.143665999
vt 0.415491015 0.139833003
vt -0.415499002 -0.230171993
vt -0.420143008 -0.230838999
vt -0.415491015 -0.230672002
vt -0.139833003 -0.230672002
vt -0.139410004 -0.230838999
vt -0.139410004 -0.230838999
vt -0.415491015 -0.230672002
vt -0.420143008 -0.230838999
vt -0.419993997 -0.231318995
vt -0.419993997 -0.231318995
vt -0.420143008 -0.230838999
vt -0.424414992 -0.232788995
vt -0.419993997 -0.231318995
vt -0.424414992 -0.232788995
vt -0.424136013 -0.233208999
vt -0.424136013 -0.233208999
vt -0.424414992 -0.232788995
vt -0.427965999 -0.235864997
vt -0.424136013 -0.233208999
vt -0.427965999 -0.235864997
vt -0.427579999 -0.236192003
vt -0.427579999 -0.236192003
vt -0.427965999 -0.235864997
vt -0.430505008 -0.239815995
vt -0.427579999 -0.236192003
vt -0.430505008 -0.239815995
vt -0.430041999 -0.240023002
vt -0.430041999 -0.240023002
vt -0.430505008 -0.239815995
vt -0.431827992 -0.244319007
vt -0.430041999 -0.240023002
vt -0.431827992 -0.244319007
vt -0.431324989 -0.244389996
vt -0.431324989 -0.244389996
vt -0.431827992 -0.244319007
vt -0.431829989 -0.249016002
vt -0.431324989 -0.244389996
vt -0.431829989 -0.249016002
vt -0.431326002 -0.248944998
vt -0.431326002 -0.248944998
vt -0.431829989 -0.249016002
vt -0.430507004 -0.253524989
vt -0.431326002 -0.248944998
vt -0.430507004 -0.253524989
vt -0.430043995 -0.253316998
vt -0.430043995 -0.253316998
vt -0.430507004 -0.253524989
vt -0.427969009 -0.257474005
vt -0.430043995 -0.253316998
vt -0.427969009 -0.257474005
vt -0.427583009 -0.257147014
vt -0.427583009 -0.257147014
vt -0.427969009 -0.257474005
vt -0.424421996 -0.260549992
vt -0.427583009 -0.257147014
vt -0.424421996 -0.260549992
vt -0.424144 -0.260129005
vt -0.424144 -0.260129005
vt -0.424421996 -0.260549992
vt -0.420150012 -0.262502015
vt -0.424144 -0.260129005
vt -0.420150012 -0.262502015
vt -0.420001 -0.262023002
vt -0.420001 -0.262023002
vt -0.420150012 -0.262502015
vt -0.415499002 -0.263172001
vt -0.420001 -0.262023002
vt -0.415499002 -0.263172001
vt -0.415491015 -0.262672007
vt 0.415491015 0.139833003
vt 0.410980999 0.139759004
vt 0.415499002 0.139332995
vt -0.139332995 -0.230171993
vt -0.139759004 -0.231321007
vt -0.139759004 -0.231321007
vt 0.415499002 0.139332995
vt 0.410980999 0.139759004
vt 0.410847992 0.139256001
vt -0.410847992 -0.230840996
vt -0.410980999 -0.231321007
vt -0.406838 -0.233214006
vt -0.410847992 -0.230840996
vt -0.406838 -0.233214006
vt -0.406576008 -0.232794002
vt -0.406576008 -0.232794002
vt -0.406838 -0.233214006
vt -0.403398991 -0.236196995
vt -0.406576008 -0.232794002
vt -0.403398991 -0.236196995
vt -0.403028995 -0.235869005
vt -0.403028995 -0.235869005
vt -0.403398991 -0.236196995
vt -0.400938004 -0.240025997
vt -0.403028995 -0.235869005
vt -0.400938004 -0.240025997
vt -0.400492013 -0.239818007
vt -0.139084995 -0.239818007
vt -0.139593005 -0.240025997
vt -0.139570996 -0.244397998
vt -0.139084995 -0.239818007
vt -0.139570996 -0.244397998
vt -0.139063001 -0.244326994
vt -0.139063001 -0.244326994
vt -0.139570996 -0.244397998
vt -0.139570996 -0.248953
vt -0.139063001 -0.244326994
vt -0.139570996 -0.248953
vt -0.139063001 -0.249024004
vt -0.139063001 -0.249024004
vt -0.139570996 -0.248953
vt -0.139593005 -0.253320009
vt -0.139063001 -0.249024004
vt -0.139593005 -0.253320009
vt -0.139084995 -0.253527999
vt -0.400492996 -0.253527999
vt -0.400940001 -0.253320009
vt -0.403402001 -0.257151008
vt -0.400492996 -0.253527999
vt -0.403402001 -0.257151008
vt -0.403032988 -0.257477999
vt -0.403032988 -0.257477999
vt -0.403402001 -0.257151008
vt -0.406845987 -0.260134012
vt -0.403032988 -0.257477999
vt -0.406845987 -0.260134012
vt -0.406583995 -0.260554999
vt -0.406583995 -0.260554999
vt -0.406845987 -0.260134012
vt -0.410988003 -0.262023985
vt -0.406583995 -0.260554999
vt -0.410988003 -0.262023985
vt -0.410856009 -0.262504011
vt -0.410856009 0.139256001
vt -0.410988003 0.139759004
vt -0.415491015 0.139833003
vt -0.410856009 0.139256001
vt -0.415491015 0.139833003
vt -0.415499002 0.139332995
vt -0.415535003 0.137189999
vt -0.410806 0.137112007
vt -0.415526986 0.137624994
vt -0.137624994 -0.264672011
vt -0.137112007 -0.264301986
vt -0.137112007 -0.264301986
vt -0.415526986 0.137624994
vt -0.410806 0.137112007
vt -0.410874993 0.137548
vt -0.410874993 0.137548
vt -0.410806 0.137112007
vt -0.406405985 0.137039006
vt -0.410874993 0.137548
vt -0.406405985 0.137039006
vt -0.406531006 0.137475997
vt -0.406531006 0.137475997
vt -0.406405985 0.137039006
vt -0.402626991 0.136977002
vt -0.406531006 0.137475997
vt -0.402626991 0.136977002
vt -0.402805001 0.137415007
vt -0.137415007 -0.259402007
vt -0.136977002 -0.259577006
vt -0.136929005 -0.255793989
vt -0.137415007 -0.259402007
vt -0.136929005 -0.255793989
vt -0.137367994 -0.255674988
vt -0.137367994 -0.255674988
vt -0.136929005 -0.255793989
vt -0.136898994 -0.251394987
vt -0.137367994 -0.255674988
vt -0.136898994 -0.251394987
vt -0.137337998 -0.251332015
vt -0.137337998 -0.251332015
vt -0.136898994 -0.251394987
vt -0.136887997 -0.246666998
vt -0.137337998 -0.251332015
vt -0.136887997 -0.246666998
vt -0.137327999 -0.246676996
vt -0.137327999 -0.246676996
vt -0.136887997 -0.246666998
vt -0.136898994 -0.241944999
vt -0.137327999 -0.246676996
vt -0.136898994 -0.241944999
vt -0.137337998 -0.242014006
vt -0.137337998 -0.242014006
vt -0.136898994 -0.241944999
vt -0.136929005 -0.237541005
vt -0.137337998 -0.242014006
vt -0.136929005 -0.237541005
vt -0.137366995 -0.237675995
vt -0.137366995 -0.237675995
vt -0.136929005 -0.237541005
vt -0.136977002 -0.233760998
vt -0.137366995 -0.237675995
vt -0.136977002 -0.233760998
vt -0.137415007 -0.233945996
vt 0.40279901 0.137415007
vt 0.402631998 0.136977002
vt 0.406410992 0.137039006
vt 0.40279901 0.137415007
vt 0.406410992 0.137039006
vt 0.406525999 0.137475997
vt 0.406525999 0.137475997
vt 0.406410992 0.137039006
vt 0.410816014 0.137112007
vt 0.406525999 0.137475997
vt 0.410816014 0.137112007
vt 0.410865009 0.137548
vt 0.410865009 0.137548
vt 0.410816014 0.137112007
vt 0.415535003 0.137189999
vt 0.410865009 0.137548
vt 0.415535003 0.137189999
vt 0.415526986 0.137624994
vt -0.415526986 0.137624994
vt -0.420190006 0.137702003
vt -0.415535003 0.137189999
vt -0.137189999 -0.264925987
vt -0.137702003 -0.26405701
vt -0.137702003 -0.26405701
vt -0.415535003 0.137189999
vt -0.420190006 0.137702003
vt -0.420253009 0.137268007
vt -0.420253009 0.137268007
vt -0.420190006 0.137702003
vt -0.424528986 0.137774006
vt -0.420253009 0.137268007
vt -0.424528986 0.137774006
vt -0.424659014 0.137340993
vt -0.424659014 0.137340993
vt -0.424528986 0.137774006
vt -0.428256005 0.137834996
vt -0.424659014 0.137340993
vt -0.428256005 0.137834996
vt -0.428436995 0.137402996
vt 0.137402996 -0.259582013
vt 0.137834996 -0.259397
vt 0.137882993 -0.255667001
vt 0.137402996 -0.259582013
vt 0.137882993 -0.255667001
vt 0.137450993 -0.255802006
vt 0.137450993 -0.255802006
vt 0.137882993 -0.255667001
vt 0.137912005 -0.251329005
vt 0.137450993 -0.255802006
vt 0.137912005 -0.251329005
vt 0.137481004 -0.251397997
vt 0.137481004 -0.251397997
vt 0.137912005 -0.251329005
vt 0.137922004 -0.246666998
vt 0.137481004 -0.251397997
vt 0.137922004 -0.246666998
vt 0.137491003 -0.246676996
vt 0.137491003 -0.246676996
vt 0.137922004 -0.246666998
vt 0.137912005 -0.242010996
vt 0.137491003 -0.246676996
vt 0.137912005 -0.242010996
vt 0.137481004 -0.241947994
vt 0.137481004 -0.241947994
vt 0.137912005 -0.242010996
vt 0.137882993 -0.237667993
vt 0.137481004 -0.241947994
vt 0.137882993 -0.237667993
vt 0.137450993 -0.237549007
vt 0.137450993 -0.237549007
vt 0.137882993 -0.237667993
vt 0.137834996 -0.233941004
vt 0.137450993 -0.237549007
vt 0.137834996 -0.233941004
vt 0.137402996 -0.233767003
vt 0.428443015 0.137402996
vt 0.428250015 0.137834996
vt 0.424524009 0.137774006
vt 0.428443015 0.137402996
vt 0.424524009 0.137774006
vt 0.424663007 0.137340993
vt 0.424663007 0.137340993
vt 0.424524009 0.137774006
vt 0.420181006 0.137702003
vt 0.424663007 0.137340993
vt 0.420181006 0.137702003
vt 0.420262992 0.137268007
vt 0.420262992 0.137268007
vt 0.420181006 0.137702003
vt 0.415526986 0.137624994
vt 0.420262992 0.137268007
vt 0.415526986 0.137624994
vt 0.415535003 0.137189999
vt -0.415526986 0.137624994
vt -0.410874993 0.137548
vt -0.415499002 0.139332995
vt -0.139332995 -0.264472008
vt -0.137548 -0.264059007
vt -0.137548 -0.264059007
vt -0.415499002 0.139332995
vt -0.410874993 0.137548
vt -0.410840005 0.139055997
vt -0.410840005 0.139055997
vt -0.410874993 0.137548
vt -0.406531006 0.137475997
vt -0.410840005 0.139055997
vt -0.406531006 0.137475997
vt -0.406500995 0.138983995
vt -0.406500995 0.138983995
vt -0.406531006 0.137475997
vt -0.402805001 0.137415007
vt -0.406500995 0.138983995
vt -0.402805001 0.137415007
vt -0.402774006 0.138923004
vt -0.138923004 -0.259397
vt -0.137415007 -0.259402007
vt -0.137367994 -0.255674988
vt -0.138923004 -0.259397
vt -0.137367994 -0.255674988
vt -0.138876006 -0.255667001
vt -0.138876006 -0.255667001
vt -0.137367994 -0.255674988
vt -0.137337998 -0.251332015
vt -0.138876006 -0.255667001
vt -0.137337998 -0.251332015
vt -0.138845995 -0.251329005
vt -0.138845995 -0.251329005
vt -0.137337998 -0.251332015
vt -0.137327999 -0.246676996
vt -0.138845995 -0.251329005
vt -0.137327999 -0.246676996
vt -0.138835996 -0.246666998
vt -0.138835996 -0.246666998
vt -0.137327999 -0.246676996
vt -0.137337998 -0.242014006
vt -0.138835996 -0.246666998
vt -0.137337998 -0.242014006
vt -0.138845995 -0.242010996
vt -0.138845995 -0.242010996
vt -0.137337998 -0.242014006
vt -0.137366995 -0.237675995
vt -0.138845995 -0.242010996
vt -0.137366995 -0.237675995
vt -0.138876006 -0.237667993
vt -0.138876006 -0.237667993
vt -0.137366995 -0.237675995
vt -0.137415007 -0.233945996
vt -0.138876006 -0.237667993
vt -0.137415007 -0.233945996
vt -0.138923004 -0.233941004
vt 0.402779996 0.138923004
vt 0.40279901 0.137415007
vt 0.406525999 0.137475997
vt 0.402779996 0.138923004
vt 0.406525999 0.137475997
vt 0.406506002 0.138983995
vt 0.406506002 0.138983995
vt 0.406525999 0.137475997
vt 0.410865009 0.137548
vt 0.406506002 0.138983995
vt 0.410865009 0.137548
vt 0.410849988 0.139055997
vt 0.410849988 0.139055997
vt 0.410865009 0.137548
vt 0.415526986 0.137624994
vt 0.410849988 0.139055997
vt 0.415526986 0.137624994
vt 0.415499002 0.139332995
vt -0.415499002 0.139332995
vt -0.420156002 0.139210001
vt -0.415526986 0.137624994
vt -0.137624994 -0.264672011
vt -0.139210001 -0.264059007
vt -0.139210001 -0.264059007
vt -0.415526986 0.137624994
vt -0.420156002 0.139210001
vt -0.420190006 0.137702003
vt -0.420190006 0.137702003
vt -0.420156002 0.139210001
vt -0.424499005 0.139282003
vt -0.420190006 0.137702003
vt -0.424499005 0.139282003
vt -0.424528986 0.137774006
vt -0.424528986 0.137774006
vt -0.424499005 0.139282003
vt -0.428225011 0.139342993
vt -0.424528986 0.137774006
vt -0.428225011 0.139342993
vt -0.428256005 0.137834996
vt 0.137834996 -0.259397
vt 0.139342993 -0.259402007
vt 0.139391005 -0.255674988
vt 0.137834996 -0.259397
vt 0.139391005 -0.255674988
vt 0.137882993 -0.255667001
vt 0.137882993 -0.255667001
vt 0.139391005 -0.255674988
vt 0.139420003 -0.251332015
vt 0.137882993 -0.255667001
vt 0.139420003 -0.251332015
vt 0.137912005 -0.251329005
vt 0.137912005 -0.251329005
vt 0.139420003 -0.251332015
vt 0.139430001 -0.246676996
vt 0.137912005 -0.251329005
vt 0.139430001 -0.246676996
vt 0.137922004 -0.246666998
vt 0.137922004 -0.246666998
vt 0.139430001 -0.246676996
vt 0.139420003 -0.242014006
vt 0.137922004 -0.246666998
vt 0.139420003 -0.242014006
vt 0.137912005 -0.242010996
vt 0.137912005 -0.242010996
vt 0.139420003 -0.242014006
vt 0.139391005 -0.237675995
vt 0.137912005 -0.242010996
vt 0.139391005 -0.237675995
vt 0.137882993 -0.237667993
vt 0.137882993 -0.237667993
vt 0.139391005 -0.237675995
vt 0.139342993 -0.233945996
vt 0.137882993 -0.237667993
vt 0.139342993 -0.233945996
vt 0.137834996 -0.233941004
vt 0.428250015 0.137834996
vt 0.428231001 0.139342993
vt 0.424504012 0.139282003
vt 0.428250015 0.137834996
vt 0.424504012 0.139282003
vt 0.424524009 0.137774006
vt 0.424524009 0.137774006
vt 0.424504012 0.139282003
vt 0.420165002 0.139210001
vt 0.424524009 0.137774006
vt 0.420165002 0.139210001
vt 0.420181006 0.137702003
vt 0.420181006 0.137702003
vt 0.420165002 0.139210001
vt 0.415499002 0.139332995
vt 0.420181006 0.137702003
vt 0.415499002 0.139332995
vt 0.415526986 0.137624994
vt -0.432886988 -0.242014006
vt -0.430505008 -0.239815995
vt -0.431091011 -0.237675995
vt -0.431091011 -0.237675995
vt -0.430505008 -0.239815995
vt -0.427965999 -0.235864997
vt -0.431091011 -0.237675995
vt -0.427965999 -0.235864997
vt -0.428231001 -0.233945996
vt -0.428231001 -0.233945996
vt -0.427965999 -0.235864997
vt -0.424414992 -0.232788995
vt -0.428231001 -0.233945996
vt -0.424414992 -0.232788995
vt -0.424504012 -0.231085002
vt -0.424504012 -0.231085002
vt -0.424414992 -0.232788995
vt -0.420143008 -0.230838999
vt -0.424504012 -0.231085002
vt -0.420143008 -0.230838999
vt -0.420165002 -0.229286
vt -0.420165002 -0.229286
vt -0.420143008 -0.230838999
vt -0.415499002 -0.230171993
vt -0.420165002 -0.229286
vt -0.415499002 -0.230171993
vt -0.415499002 -0.228872001
vt -0.139332995 -0.228872001
vt -0.139332995 -0.230171993
vt -0.139332995 -0.230171993
vt -0.415499002 -0.228872001
vt -0.415499002 -0.230171993
vt -0.410849988 -0.229284003
vt -0.410849988 -0.229284003
vt -0.415499002 -0.230171993
vt -0.410847992 -0.230840996
vt -0.410849988 -0.229284003
vt -0.410847992 -0.230840996
vt -0.406506002 -0.231082007
vt -0.406506002 -0.231082007
vt -0.410847992 -0.230840996
vt -0.406576008 -0.232794002
vt -0.406506002 -0.231082007
vt -0.406576008 -0.232794002
vt -0.402779996 -0.233941004
vt -0.402779996 -0.233941004
vt -0.406576008 -0.232794002
vt -0.403028995 -0.235869005
vt -0.402779996 -0.233941004
vt -0.403028995 -0.235869005
vt -0.39991799 -0.237667993
vt -0.39991799 -0.237667993
vt -0.403028995 -0.235869005
vt -0.400492013 -0.239818007
vt -0.39991799 -0.237667993
vt -0.400492013 -0.239818007
vt -0.398119003 -0.242010996
vt -0.398119003 -0.242010996
vt -0.400492013 -0.239818007
vt -0.399168998 -0.244326994
vt -0.398119003 -0.242010996
vt -0.399168998 -0.244326994
vt -0.397504985 -0.246666998
vt -0.397504985 -0.246666998
vt -0.399168998 -0.244326994
vt -0.399170011 -0.249024004
vt -0.397504985 -0.246666998
vt -0.399170011 -0.249024004
vt -0.398117989 -0.251329005
vt -0.398117989 -0.251329005
vt -0.399170011 -0.249024004
vt -0.400492996 -0.253527999
vt -0.398117989 -0.251329005
vt -0.400492996 -0.253527999
vt -0.399913996 -0.255667001
vt -0.399913996 -0.255667001
vt -0.400492996 -0.253527999
vt -0.403032988 -0.257477999
vt -0.399913996 -0.255667001
vt -0.403032988 -0.257477999
vt -0.402774006 -0.259397
vt -0.402774006 -0.259397
vt -0.403032988 -0.257477999
vt -0.406583995 -0.260554999
vt -0.402774006 -0.259397
vt -0.406583995 -0.260554999
vt -0.406500995 -0.262257993
vt -0.406500995 -0.262257993
vt -0.406583995 -0.260554999
vt -0.410856009 -0.262504011
vt -0.406500995 -0.262257993
vt -0.410856009 -0.262504011
vt -0.410840005 -0.26405701
vt -0.410840005 -0.26405701
vt -0.410856009 -0.262504011
vt -0.415499002 -0.263172001
vt -0.410840005 -0.26405701
vt -0.415499002 -0.263172001
vt -0.415499002 -0.264472008
vt -0.139332995 -0.264472008
vt -0.139332995 -0.263172001
vt -0.139332995 -0.263172001
vt -0.415499002 -0.264472008
vt -0.415499002 -0.263172001
vt -0.420156002 -0.264059007
vt -0.420156002 -0.264059007
vt -0.415499002 -0.263172001
vt -0.420150012 -0.262502015
vt -0.420156002 -0.264059007
vt -0.420150012 -0.262502015
vt -0.424499005 -0.262261003
vt -0.424499005 -0.262261003
vt -0.420150012 -0.262502015
vt -0.424421996 -0.260549992
vt -0.424499005 -0.262261003
vt -0.424421996 -0.260549992
vt -0.428225011 -0.259402007
vt -0.428225011 -0.259402007
vt -0.424421996 -0.260549992
vt -0.427969009 -0.257474005
vt -0.428225011 -0.259402007
vt -0.427969009 -0.257474005
vt -0.431086987 -0.255674988
vt -0.431086987 -0.255674988
vt -0.427969009 -0.257474005
vt -0.430507004 -0.253524989
vt -0.431086987 -0.255674988
vt -0.430507004 -0.253524989
vt -0.432886004 -0.251332015
vt -0.432886004 -0.251332015
vt -0.430507004 -0.253524989
vt -0.431829989 -0.249016002
vt -0.432886004 -0.251332015
vt -0.431829989 -0.249016002
vt -0.433499992 -0.246676996
vt -0.433499992 -0.246676996
vt -0.431829989 -0.249016002
vt -0.431827992 -0.244319007
vt -0.433499992 -0.246676996
vt -0.431827992 -0.244319007
vt -0.432886988 -0.242014006
vt -0.432886988 -0.242014006
vt -0.431827992 -0.244319007
vt -0.430505008 -0.239815995
vt -0.424073011 -0.260134012
vt -0.419930995 -0.262023985
vt -0.419928014 -0.254465014
vt -0.143739998 -0.254465014
vt -0.143739998 -0.262023985
vt -0.143739998 -0.262023985
vt -0.419928014 -0.254465014
vt -0.419930995 -0.262023985
vt -0.415428013 -0.255672008
vt -0.415428013 -0.255672008
vt -0.419930995 -0.262023985
vt -0.415428013 -0.262672007
vt -0.143665999 -0.255672008
vt -0.143665999 -0.262672007
vt -0.143665999 -0.255672008
vt -0.415428013 -0.255672008
vt -0.415428013 -0.262672007
vt -0.410917997 -0.262023002
vt -0.415428013 -0.255672008
vt -0.410917997 -0.262023002
vt -0.410928994 -0.254465997
vt -0.410928994 -0.254465997
vt -0.410917997 -0.262023002
vt -0.406774998 -0.260129005
vt -0.143592 -0.254465997
vt -0.143522993 -0.260129005
vt -0.143592 -0.254465997
vt -0.410928994 -0.254465997
vt -0.406774998 -0.260129005
vt -0.403335005 -0.257147014
vt -0.410928994 -0.254465997
vt -0.403335005 -0.257147014
vt -0.407635987 -0.25117299
vt -0.407635987 -0.25117299
vt -0.403335005 -0.257147014
vt -0.400875002 -0.253316998
vt -0.143537 -0.25117299
vt -0.143425003 -0.253316998
vt -0.143537 -0.25117299
vt -0.407635987 -0.25117299
vt -0.400875002 -0.253316998
vt -0.399592012 -0.248944998
vt -0.407635987 -0.25117299
vt -0.399592012 -0.248944998
vt -0.406428993 -0.246674001
vt -0.406428993 -0.246674001
vt -0.399592012 -0.248944998
vt -0.399594009 -0.244389996
vt -0.406428993 -0.246674001
vt -0.399594009 -0.244389996
vt -0.407633007 -0.242174
vt -0.407633007 -0.242174
vt -0.399594009 -0.244389996
vt -0.400876999 -0.240023002
vt -0.143537 -0.242174
vt -0.143425003 -0.240023002
vt -0.143537 -0.242174
vt -0.407633007 -0.242174
vt -0.400876999 -0.240023002
vt -0.403338999 -0.236192003
vt -0.407633007 -0.242174
vt -0.403338999 -0.236192003
vt -0.410926998 -0.238877997
vt -0.410926998 -0.238877997
vt -0.403338999 -0.236192003
vt -0.406782001 -0.233208999
vt -0.143591002 -0.238877997
vt -0.143522993 -0.233208999
vt -0.143591002 -0.238877997
vt -0.410926998 -0.238877997
vt -0.406782001 -0.233208999
vt -0.410925001 -0.231318995
vt -0.410926998 -0.238877997
vt -0.410925001 -0.231318995
vt -0.415428013 -0.237672001
vt -0.415428013 -0.237672001
vt -0.410925001 -0.231318995
vt -0.415428013 -0.230672002
vt -0.143665999 -0.237672001
vt -0.143665999 -0.230672002
vt -0.143665999 -0.237672001
vt -0.415428013 -0.237672001
vt -0.415428013 -0.230672002
vt -0.419937998 -0.231321007
vt -0.415428013 -0.237672001
vt -0.419937998 -0.231321007
vt -0.419925988 -0.238876998
vt -0.419925988 -0.238876998
vt -0.419937998 -0.231321007
vt -0.424080014 -0.233214006
vt -0.143739998 -0.238876998
vt -0.143809006 -0.233214006
vt -0.143739998 -0.238876998
vt -0.419925988 -0.238876998
vt -0.424080014 -0.233214006
vt -0.427520007 -0.236196995
vt -0.419925988 -0.238876998
vt -0.427520007 -0.236196995
vt -0.423220009 -0.242170006
vt -0.423220009 -0.242170006
vt -0.427520007 -0.236196995
vt -0.42998001 -0.240025997
vt -0.143794999 -0.242170006
vt -0.143905997 -0.240025997
vt -0.143794999 -0.242170006
vt -0.423220009 -0.242170006
vt -0.42998001 -0.240025997
vt -0.431263 -0.244397998
vt -0.423220009 -0.242170006
vt -0.431263 -0.244397998
vt -0.424425989 -0.246668994
vt -0.424425989 -0.246668994
vt -0.431263 -0.244397998
vt -0.431261986 -0.248953
vt -0.424425989 -0.246668994
vt -0.431261986 -0.248953
vt -0.423222005 -0.251168996
vt -0.423222005 -0.251168996
vt -0.431261986 -0.248953
vt -0.429978997 -0.253320009
vt -0.143794999 -0.251168996
vt -0.143905997 -0.253320009
vt -0.143794999 -0.251168996
vt -0.423222005 -0.251168996
vt -0.429978997 -0.253320009
vt -0.427516997 -0.257151008
vt -0.423222005 -0.251168996
vt -0.427516997 -0.257151008
vt -0.419928014 -0.254465014
vt -0.419928014 -0.254465014
vt -0.427516997 -0.257151008
vt -0.424073011 -0.260134012
vt -0.395983011 -0.253282011
vt -0.396580011 -0.248748004
vt -0.400981992 -0.253282011
vt -1.04355001 -0.253282011
vt -1.04347706 -0.248748004
vt -1.04347706 -0.248748004
vt -0.400981992 -0.253282011
vt -0.396580011 -0.248748004
vt -0.401935011 -0.248494998
vt -0.401935011 -0.248494998
vt -0.396580011 -0.248748004
vt -0.39832899 -0.244528994
vt -0.401935011 -0.248494998
vt -0.39832899 -0.244528994
vt -0.404644012 -0.244441003
vt -0.404644012 -0.244441003
vt -0.39832899 -0.244528994
vt -0.401109993 -0.240905002
vt -1.04360998 -0.244441003
vt -1.04355204 -0.240905002
vt -1.04360998 -0.244441003
vt -0.404644012 -0.244441003
vt -0.401109993 -0.240905002
vt -0.404736012 -0.238123998
vt -0.404644012 -0.244441003
vt -0.404736012 -0.238123998
vt -0.408699006 -0.241733
vt -0.408699006 -0.241733
vt -0.404736012 -0.238123998
vt -0.408953011 -0.236377999
vt -0.408699006 -0.241733
vt -0.408953011 -0.236377999
vt -0.413484007 -0.240781993
vt -0.413484007 -0.240781993
vt -0.408953011 -0.236377999
vt -0.413484991 -0.235781997
vt -1.04375696 -0.240781993
vt -1.04375696 -0.235781997
vt -1.04375696 -0.240781993
vt -0.413484007 -0.240781993
vt -0.413484991 -0.235781997
vt -0.41801101 -0.236378998
vt -0.413484007 -0.240781993
vt -0.41801101 -0.236378998
vt -0.418264002 -0.241733
vt -0.418264002 -0.241733
vt -0.41801101 -0.236378998
vt -0.422232002 -0.238128006
vt -0.418264002 -0.241733
vt -0.422232002 -0.238128006
vt -0.422320008 -0.244444996
vt -0.422320008 -0.244444996
vt -0.422232002 -0.238128006
vt -0.425855994 -0.240909994
vt -1.04390299 -0.244444996
vt -1.04396105 -0.240909994
vt -1.04390299 -0.244444996
vt -0.422320008 -0.244444996
vt -0.425855994 -0.240909994
vt -0.428635001 -0.244533002
vt -0.422320008 -0.244444996
vt -0.428635001 -0.244533002
vt -0.425027996 -0.248501003
vt -0.425027996 -0.248501003
vt -0.428635001 -0.244533002
vt -0.430382997 -0.248757005
vt -0.425027996 -0.248501003
vt -0.430382997 -0.248757005
vt -0.425978988 -0.253282011
vt -0.425978988 -0.253282011
vt -0.430382997 -0.248757005
vt -0.430978 -0.253282011
vt -1.04396296 -0.253282011
vt -1.04404604 -0.253282011
vt -1.04396296 -0.253282011
vt -0.425978988 -0.253282011
vt -0.430978 -0.253282011
vt -0.430379987 -0.257815003
vt -0.425978988 -0.253282011
vt -0.430379987 -0.257815003
vt -0.425026 -0.258067995
vt -0.425026 -0.258067995
vt -0.430379987 -0.257815003
vt -0.428631991 -0.262033999
vt -0.425026 -0.258067995
vt -0.428631991 -0.262033999
vt -0.422316015 -0.262122005
vt -0.422316015 -0.262122005
vt -0.428631991 -0.262033999
vt -0.425850987 -0.265657991
vt -1.04390204 -0.262122005
vt -1.04396105 -0.265657991
vt -1.04390204 -0.262122005
vt -0.422316015 -0.262122005
vt -0.425850987 -0.265657991
vt -0.422224998 -0.268438995
vt -0.422316015 -0.262122005
vt -0.422224998 -0.268438995
vt -0.418260992 -0.264831007
vt -0.418260992 -0.264831007
vt -0.422224998 -0.268438995
vt -0.418008 -0.270186007
vt -0.418260992 -0.264831007
vt -0.418008 -0.270186007
vt -0.413477004 -0.265780985
vt -0.413477004 -0.265780985
vt -0.418008 -0.270186007
vt -0.413475007 -0.27078101
vt -1.04375601 -0.265780985
vt -1.04375601 -0.27078101
vt -1.04375601 -0.265780985
vt -0.413477004 -0.265780985
vt -0.413475007 -0.27078101
vt -0.408950001 -0.27018401
vt -0.413477004 -0.265780985
vt -0.408950001 -0.27018401
vt -0.408695996 -0.264829993
vt -0.408695996 -0.264829993
vt -0.408950001 -0.27018401
vt -0.404727995 -0.268435001
vt -0.408695996 -0.264829993
vt -0.404727995 -0.268435001
vt -0.404641002 -0.262118012
vt -0.404641002 -0.262118012
vt -0.404727995 -0.268435001
vt -0.401104987 -0.265653014
vt -1.04360998 -0.262118012
vt -1.04355204 -0.265653014
vt -1.04360998 -0.262118012
vt -0.404641002 -0.262118012
vt -0.401104987 -0.265653014
vt -0.39832601 -0.262030005
vt -0.404641002 -0.262118012
vt -0.39832601 -0.262030005
vt -0.401932001 -0.258062005
vt -0.401932001 -0.258062005
vt -0.39832601 -0.262030005
vt -0.396578014 -0.257806003
vt -0.401932001 -0.258062005
vt -0.396578014 -0.257806003
vt -0.400981992 -0.253282011
vt -0.400981992 -0.253282011
vt -0.396578014 -0.257806003
vt -0.395983011 -0.253282011
vt -0.425731003 -0.253282011
vt -0.424778014 -0.258067995
vt -0.423231006 -0.253282011
vt -1.05892003 -0.253282011
vt -1.05894494 -0.258067995
vt -1.05894494 -0.258067995
vt -0.423231006 -0.253282011
vt -0.424778014 -0.258067995
vt -0.422239989 -0.257622004
vt -0.422239989 -0.257622004
vt -0.424778014 -0.258067995
vt -0.422069013 -0.262122005
vt -0.422239989 -0.257622004
vt -0.422069013 -0.262122005
vt -0.419463992 -0.261101007
vt -0.419463992 -0.261101007
vt -0.422069013 -0.262122005
vt -0.41801399 -0.264831007
vt -0.419463992 -0.261101007
vt -0.41801399 -0.264831007
vt -0.415455997 -0.263031006
vt -0.415455997 -0.263031006
vt -0.41801399 -0.264831007
vt -0.413228989 -0.265780985
vt -0.415455997 -0.263031006
vt -0.413228989 -0.265780985
vt -0.411006987 -0.263031006
vt -0.411006987 -0.263031006
vt -0.413228989 -0.265780985
vt -0.408448994 -0.264829993
vt -0.411006987 -0.263031006
vt -0.408448994 -0.264829993
vt -0.406996012 -0.261097997
vt -0.406996012 -0.261097997
vt -0.408448994 -0.264829993
vt -0.404392987 -0.262118012
vt -0.406996012 -0.261097997
vt -0.404392987 -0.262118012
vt -0.404222995 -0.25761801
vt -0.404222995 -0.25761801
vt -0.404392987 -0.262118012
vt -0.401684999 -0.258062005
vt -0.404222995 -0.25761801
vt -0.401684999 -0.258062005
vt -0.403234005 -0.253282011
vt -0.403234005 -0.253282011
vt -0.401684999 -0.258062005
vt -0.400734007 -0.253282011
vt -1.05858898 -0.253282011
vt -1.05854797 -0.253282011
vt -1.05858898 -0.253282011
vt -0.403234005 -0.253282011
vt -0.400734007 -0.253282011
vt -0.401686996 -0.248494998
vt -0.403234005 -0.253282011
vt -0.401686996 -0.248494998
vt -0.404224992 -0.248941004
vt -0.404224992 -0.248941004
vt -0.401686996 -0.248494998
vt -0.404395998 -0.244441003
vt -0.404224992 -0.248941004
vt -0.404395998 -0.244441003
vt -0.407000989 -0.245462
vt -0.407000989 -0.245462
vt -0.404395998 -0.244441003
vt -0.408450991 -0.241733
vt -0.407000989 -0.245462
vt -0.408450991 -0.241733
vt -0.411009014 -0.243532002
vt -0.411009014 -0.243532002
vt -0.408450991 -0.241733
vt -0.413235992 -0.240781993
vt -0.411009014 -0.243532002
vt -0.413235992 -0.240781993
vt -0.415457994 -0.243532002
vt -0.415457994 -0.243532002
vt -0.413235992 -0.240781993
vt -0.418015987 -0.241733998
vt -0.415457994 -0.243532002
vt -0.418015987 -0.241733998
vt -0.419467986 -0.245464996
vt -0.419467986 -0.245464996
vt -0.418015987 -0.241733998
vt -0.422071993 -0.244444996
vt -0.419467986 -0.245464996
vt -0.422071993 -0.244444996
vt -0.422241986 -0.248944998
vt -0.422241986 -0.248944998
vt -0.422071993 -0.244444996
vt -0.424780011 -0.248501003
vt -0.422241986 -0.248944998
vt -0.424780011 -0.248501003
vt -0.423231006 -0.253282011
vt -0.423231006 -0.253282011
vt -0.424780011 -0.248501003
vt -0.425731003 -0.253282011
vt 0.411325991 -0.263031006
vt 0.417854011 -0.268435001
vt 0.415333986 -0.261101007
vt 0.415333986 -0.261101007
vt 0.417854011 -0.268435001
vt 0.421478003 -0.265653014
vt 0.415333986 -0.261101007
vt 0.421478003 -0.265653014
vt 0.418110013 -0.257622004
vt 0.418110013 -0.257622004
vt 0.421478003 -0.265653014
vt 0.42425701 -0.262030005
vt -1.308869 -0.257622004
vt -1.30897105 -0.262030005
vt -1.308869 -0.257622004
vt 0.418110013 -0.257622004
vt 0.42425701 -0.262030005
vt 0.426005006 -0.257806003
vt 0.418110013 -0.257622004
vt 0.426005006 -0.257806003
vt 0.419101 -0.253282011
vt 0.419101 -0.253282011
vt 0.426005006 -0.257806003
vt 0.426600009 -0.253282011
vt -1.30888498 -0.253282011
vt -1.30900896 -0.253282011
vt -1.30888498 -0.253282011
vt 0.419101 -0.253282011
vt 0.426600009 -0.253282011
vt 0.426001996 -0.248748004
vt 0.419101 -0.253282011
vt 0.426001996 -0.248748004
vt 0.41811201 -0.248944998
vt 0.41811201 -0.248944998
vt 0.426001996 -0.248748004
vt 0.424254 -0.244528994
vt -1.308869 -0.248944998
vt -1.30897105 -0.244528994
vt -1.308869 -0.248944998
vt 0.41811201 -0.248944998
vt 0.424254 -0.244528994
vt 0.421472996 -0.240905002
vt 0.41811201 -0.248944998
vt 0.421472996 -0.240905002
vt 0.41533801 -0.245464996
vt 0.41533801 -0.245464996
vt 0.421472996 -0.240905002
vt 0.417847008 -0.238123998
vt 0.41533801 -0.245464996
vt 0.417847008 -0.238123998
vt 0.411327988 -0.243532002
vt 0.411327988 -0.243532002
vt 0.417847008 -0.238123998
vt 0.413630009 -0.236377999
vt -1.30875695 -0.243532002
vt -1.30879498 -0.236377999
vt -1.30875695 -0.243532002
vt 0.411327988 -0.243532002
vt 0.413630009 -0.236377999
vt 0.409096986 -0.235781997
vt 0.411327988 -0.243532002
vt 0.409096986 -0.235781997
vt 0.406879008 -0.243532002
vt 0.406879008 -0.243532002
vt 0.409096986 -0.235781997
vt 0.40457201 -0.236378998
vt -1.30868399 -0.243532002
vt -1.30864501 -0.236378998
vt -1.30868399 -0.243532002
vt 0.406879008 -0.243532002
vt 0.40457201 -0.236378998
vt 0.400350004 -0.238128006
vt 0.406879008 -0.243532002
vt 0.400350004 -0.238128006
vt 0.402871013 -0.245462
vt 0.402871013 -0.245462
vt 0.400350004 -0.238128006
vt 0.396726996 -0.240909994
vt 0.402871013 -0.245462
vt 0.396726996 -0.240909994
vt 0.400094986 -0.248941004
vt 0.400094986 -0.248941004
vt 0.396726996 -0.240909994
vt 0.393947989 -0.244533002
vt -1.30857205 -0.248941004
vt -1.30847001 -0.244533002
vt -1.30857205 -0.248941004
vt 0.400094986 -0.248941004
vt 0.393947989 -0.244533002
vt 0.392199993 -0.248757005
vt 0.400094986 -0.248941004
vt 0.392199993 -0.248757005
vt 0.399103999 -0.253282011
vt 0.399103999 -0.253282011
vt 0.392199993 -0.248757005
vt 0.39160499 -0.253282011
vt -1.30855501 -0.253282011
vt -1.30843103 -0.253282011
vt -1.30855501 -0.253282011
vt 0.399103999 -0.253282011
vt 0.39160499 -0.253282011
vt 0.39220199 -0.257815003
vt 0.399103999 -0.253282011
vt 0.39220199 -0.257815003
vt 0.400092989 -0.25761801
vt 0.400092989 -0.25761801
vt 0.39220199 -0.257815003
vt 0.393950999 -0.262033999
vt -1.30857098 -0.25761801
vt -1.30847001 -0.262033999
vt -1.30857098 -0.25761801
vt 0.400092989 -0.25761801
vt 0.393950999 -0.262033999
vt 0.396732002 -0.265657991
vt 0.400092989 -0.25761801
vt 0.396732002 -0.265657991
vt 0.402866006 -0.261097997
vt 0.402866006 -0.261097997
vt 0.396732002 -0.265657991
vt 0.400357991 -0.268438995
vt 0.402866006 -0.261097997
vt 0.400357991 -0.268438995
vt 0.406875998 -0.263031006
vt 0.406875998 -0.263031006
vt 0.400357991 -0.268438995
vt 0.40457499 -0.270186007
vt -1.30868399 -0.263031006
vt -1.30864501 -0.270186007
vt -1.30868399 -0.263031006
vt 0.406875998 -0.263031006
vt 0.40457499 -0.270186007
vt 0.409107 -0.27078101
vt 0.406875998 -0.263031006
vt 0.409107 -0.27078101
vt 0.411325991 -0.263031006
vt 0.411325991 -0.263031006
vt 0.409107 -0.27078101
vt 0.413632989 -0.27018401
vt 0.411325991 -0.263031006
vt 0.413632989 -0.27018401
vt 0.417854011 -0.268435001
vt -0.437768996 0.253652006
vt -0.435386986 0.255851001
vt -0.435972989 0.257990003
vt -0.435972989 0.257990003
vt -0.435386986 0.255851001
vt -0.432848006 0.259801
vt -0.435972989 0.257990003
vt -0.432848006 0.259801
vt -0.433113009 0.261720002
vt -0.433113009 0.261720002
vt -0.432848006 0.259801
vt -0.429297 0.262878001
vt -0.433113009 0.261720002
vt -0.429297 0.262878001
vt -0.42938599 0.264580995
vt -0.42938599 0.264580995
vt -0.429297 0.262878001
vt -0.425024986 0.264827013
vt -0.42938599 0.264580995
vt -0.425024986 0.264827013
vt -0.42504701 0.266380012
vt -0.42504701 0.266380012
vt -0.425024986 0.264827013
vt -0.42038101 0.265495002
vt -0.42504701 0.266380012
vt -0.42038101 0.265495002
vt -0.42038101 0.266795009
vt -0.0400599986 0.266795009
vt -0.0400599986 0.265495002
vt -0.0400599986 0.265495002
vt -0.42038101 0.266795009
vt -0.42038101 0.265495002
vt -0.415731013 0.266382009
vt -0.415731013 0.266382009
vt -0.42038101 0.265495002
vt -0.41573 0.264824986
vt -0.415731013 0.266382009
vt -0.41573 0.264824986
vt -0.41138801 0.264584005
vt -0.41138801 0.264584005
vt -0.41573 0.264824986
vt -0.411457986 0.262872994
vt -0.41138801 0.264584005
vt -0.411457986 0.262872994
vt -0.407662004 0.261725008
vt -0.407662004 0.261725008
vt -0.411457986 0.262872994
vt -0.407911003 0.259797007
vt -0.407662004 0.261725008
vt -0.407911003 0.259797007
vt -0.404799998 0.25799799
vt -0.404799998 0.25799799
vt -0.407911003 0.259797007
vt -0.405373991 0.255847991
vt -0.404799998 0.25799799
vt -0.405373991 0.255847991
vt -0.40300101 0.253654987
vt -0.40300101 0.253654987
vt -0.405373991 0.255847991
vt -0.404051006 0.251338989
vt -0.40300101 0.253654987
vt -0.404051006 0.251338989
vt -0.402386993 0.248999998
vt -0.402386993 0.248999998
vt -0.404051006 0.251338989
vt -0.404051989 0.246641994
vt -0.402386993 0.248999998
vt -0.404051989 0.246641994
vt -0.402999997 0.244337007
vt -0.402999997 0.244337007
vt -0.404051989 0.246641994
vt -0.405375004 0.242138997
vt -0.402999997 0.244337007
vt -0.405375004 0.242138997
vt -0.404796004 0.239998996
vt -0.404796004 0.239998996
vt -0.405375004 0.242138997
vt -0.407914013 0.238187999
vt -0.404796004 0.239998996
vt -0.407914013 0.238187999
vt -0.407656014 0.236268997
vt -0.407656014 0.236268997
vt -0.407914013 0.238187999
vt -0.411466002 0.235111997
vt -0.407656014 0.236268997
vt -0.411466002 0.235111997
vt -0.411383003 0.233408004
vt -0.411383003 0.233408004
vt -0.411466002 0.235111997
vt -0.415737003 0.233162001
vt -0.411383003 0.233408004
vt -0.415737003 0.233162001
vt -0.415722013 0.231609002
vt -0.415722013 0.231609002
vt -0.415737003 0.233162001
vt -0.42038101 0.232494995
vt -0.415722013 0.231609002
vt -0.42038101 0.232494995
vt -0.42038101 0.231195003
vt -0.0400599986 0.231195003
vt -0.0400599986 0.232494995
vt -0.0400599986 0.232494995
vt -0.42038101 0.231195003
vt -0.42038101 0.232494995
vt -0.425036997 0.231607005
vt -0.425036997 0.231607005
vt -0.42038101 0.232494995
vt -0.42503199 0.233163998
vt -0.425036997 0.231607005
vt -0.42503199 0.233163998
vt -0.429381013 0.233404994
vt -0.429381013 0.233404994
vt -0.42503199 0.233163998
vt -0.429304004 0.235117003
vt -0.429381013 0.233404994
vt -0.429304004 0.235117003
vt -0.433106989 0.236264005
vt -0.433106989 0.236264005
vt -0.429304004 0.235117003
vt -0.432850987 0.238192007
vt -0.433106989 0.236264005
vt -0.432850987 0.238192007
vt -0.435968995 0.239990994
vt -0.435968995 0.239990994
vt -0.432850987 0.238192007
vt -0.435387999 0.242140993
vt -0.435968995 0.239990994
vt -0.435387999 0.242140993
vt -0.437768012 0.244333997
vt -0.437768012 0.244333997
vt -0.435387999 0.242140993
vt -0.436711013 0.246649995
vt -0.437768012 0.244333997
vt -0.436711013 0.246649995
vt -0.438382 0.248989999
vt -0.438382 0.248989999
vt -0.436711013 0.246649995
vt -0.43671 0.251347005
vt -0.438382 0.248989999
vt -0.43671 0.251347005
vt -0.437768996 0.253652006
vt -0.437768996 0.253652006
vt -0.43671 0.251347005
vt -0.435386986 0.255851001
vt -0.428954989 0.235532001
vt -0.424813002 0.233641997
vt -0.424809992 0.241200998
vt -0.0444669984 0.241200998
vt -0.0444669984 0.233641997
vt -0.0444669984 0.233641997
vt -0.424809992 0.241200998
vt -0.424813002 0.233641997
vt -0.420309991 0.239995003
vt -0.420309991 0.239995003
vt -0.424813002 0.233641997
vt -0.420309991 0.232995003
vt -0.0443929993 0.239995003
vt -0.0443929993 0.232995003
vt -0.0443929993 0.239995003
vt -0.420309991 0.239995003
vt -0.420309991 0.232995003
vt -0.415800005 0.233643994
vt -0.420309991 0.239995003
vt -0.415800005 0.233643994
vt -0.415811002 0.2412
vt -0.415811002 0.2412
vt -0.415800005 0.233643994
vt -0.411657006 0.235536993
vt -0.0443180017 0.2412
vt -0.0442500003 0.235536993
vt -0.0443180017 0.2412
vt -0.415811002 0.2412
vt -0.411657006 0.235536993
vt -0.408217013 0.238519996
vt -0.415811002 0.2412
vt -0.408217013 0.238519996
vt -0.412517011 0.244492993
vt -0.412517011 0.244492993
vt -0.408217013 0.238519996
vt -0.40575701 0.242348999
vt -0.0442639999 0.244492993
vt -0.0441519991 0.242348999
vt -0.0442639999 0.244492993
vt -0.412517011 0.244492993
vt -0.40575701 0.242348999
vt -0.40447399 0.246720999
vt -0.412517011 0.244492993
vt -0.40447399 0.246720999
vt -0.411311001 0.248991996
vt -0.411311001 0.248991996
vt -0.40447399 0.246720999
vt -0.404475987 0.251275986
vt -0.411311001 0.248991996
vt -0.404475987 0.251275986
vt -0.412515014 0.253491998
vt -0.412515014 0.253491998
vt -0.404475987 0.251275986
vt -0.405757993 0.25564301
vt -0.0442639999 0.253491998
vt -0.0441519991 0.25564301
vt -0.0442639999 0.253491998
vt -0.412515014 0.253491998
vt -0.405757993 0.25564301
vt -0.408221006 0.259474009
vt -0.412515014 0.253491998
vt -0.408221006 0.259474009
vt -0.415809005 0.256787986
vt -0.415809005 0.256787986
vt -0.408221006 0.259474009
vt -0.411664009 0.262457013
vt -0.0443180017 0.256787986
vt -0.0442500003 0.262457013
vt -0.0443180017 0.256787986
vt -0.415809005 0.256787986
vt -0.411664009 0.262457013
vt -0.415805995 0.264346987
vt -0.415809005 0.256787986
vt -0.415805995 0.264346987
vt -0.420309991 0.257995009
vt -0.420309991 0.257995009
vt -0.415805995 0.264346987
vt -0.420309991 0.264995009
vt -0.0443929993 0.257995009
vt -0.0443929993 0.264995009
vt -0.0443929993 0.257995009
vt -0.420309991 0.257995009
vt -0.420309991 0.264995009
vt -0.424820006 0.264346004
vt -0.420309991 0.257995009
vt -0.424820006 0.264346004
vt -0.424807996 0.256788999
vt -0.424807996 0.256788999
vt -0.424820006 0.264346004
vt -0.428961992 0.262452006
vt -0.0444669984 0.256788999
vt -0.0445359983 0.262452006
vt -0.0444669984 0.256788999
vt -0.424807996 0.256788999
vt -0.428961992 0.262452006
vt -0.432402015 0.259469986
vt -0.424807996 0.256788999
vt -0.432402015 0.259469986
vt -0.428101987 0.253495991
vt -0.428101987 0.253495991
vt -0.432402015 0.259469986
vt -0.434861988 0.25564
vt -0.0445210002 0.253495991
vt -0.0446330011 0.25564
vt -0.0445210002 0.253495991
vt -0.428101987 0.253495991
vt -0.434861988 0.25564
vt -0.436145008 0.251267999
vt -0.428101987 0.253495991
vt -0.436145008 0.251267999
vt -0.429307997 0.248997003
vt -0.429307997 0.248997003
vt -0.436145008 0.251267999
vt -0.436143011 0.246712998
vt -0.429307997 0.248997003
vt -0.436143011 0.246712998
vt -0.428104013 0.244497001
vt -0.428104013 0.244497001
vt -0.436143011 0.246712998
vt -0.434861004 0.242346004
vt -0.0445210002 0.244497001
vt -0.0446330011 0.242346004
vt -0.0445210002 0.244497001
vt -0.428104013 0.244497001
vt -0.434861004 0.242346004
vt -0.432397991 0.238515005
vt -0.428104013 0.244497001
vt -0.432397991 0.238515005
vt -0.424809992 0.241200998
vt -0.424809992 0.241200998
vt -0.432397991 0.238515005
vt -0.428954989 0.235532001
vt 0.408984005 -0.244335994
vt 0.411365986 -0.242137
vt 0.410780013 -0.239997998
vt 0.410780013 -0.239997998
vt 0.411365986 -0.242137
vt 0.413904995 -0.238187
vt 0.410780013 -0.239997998
vt 0.413904995 -0.238187
vt 0.413639992 -0.236267999
vt 0.413639992 -0.236267999
vt 0.413904995 -0.238187
vt 0.417457014 -0.235110998
vt 0.413639992 -0.236267999
vt 0.417457014 -0.235110998
vt 0.417367011 -0.233407006
vt 0.417367011 -0.233407006
vt 0.417457014 -0.235110998
vt 0.421727985 -0.233161002
vt 0.417367011 -0.233407006
vt 0.421727985 -0.233161002
vt 0.421705991 -0.231608003
vt 0.421705991 -0.231608003
vt 0.421727985 -0.233161002
vt 0.426371992 -0.232493997
vt 0.421705991 -0.231608003
vt 0.426371992 -0.232493997
vt 0.426371992 -0.231194004
vt -0.025161 -0.231194004
vt -0.025161 -0.232493997
vt -0.025161 -0.232493997
vt 0.426371992 -0.231194004
vt 0.426371992 -0.232493997
vt 0.431021988 -0.231606007
vt 0.431021988 -0.231606007
vt 0.426371992 -0.232493997
vt 0.431023002 -0.233162999
vt 0.431021988 -0.231606007
vt 0.431023002 -0.233162999
vt 0.435366005 -0.233403996
vt 0.435366005 -0.233403996
vt 0.431023002 -0.233162999
vt 0.435294986 -0.235116005
vt 0.435366005 -0.233403996
vt 0.435294986 -0.235116005
vt 0.43909201 -0.236263007
vt 0.43909201 -0.236263007
vt 0.435294986 -0.235116005
vt 0.438841999 -0.238190994
vt 0.43909201 -0.236263007
vt 0.438841999 -0.238190994
vt 0.441953003 -0.239989996
vt 0.441953003 -0.239989996
vt 0.438841999 -0.238190994
vt 0.441379011 -0.242139995
vt 0.441953003 -0.239989996
vt 0.441379011 -0.242139995
vt 0.443751991 -0.244332999
vt 0.443751991 -0.244332999
vt 0.441379011 -0.242139995
vt 0.442701995 -0.246648997
vt 0.443751991 -0.244332999
vt 0.442701995 -0.246648997
vt 0.444366008 -0.248988003
vt 0.444366008 -0.248988003
vt 0.442701995 -0.246648997
vt 0.442701012 -0.251345992
vt 0.444366008 -0.248988003
vt 0.442701012 -0.251345992
vt 0.443753004 -0.253650993
vt 0.443753004 -0.253650993
vt 0.442701012 -0.251345992
vt 0.441377997 -0.255849987
vt 0.443753004 -0.253650993
vt 0.441377997 -0.255849987
vt 0.441956997 -0.257988989
vt 0.441956997 -0.257988989
vt 0.441377997 -0.255849987
vt 0.438838989 -0.259799987
vt 0.441956997 -0.257988989
vt 0.438838989 -0.259799987
vt 0.439096987 -0.261718988
vt 0.439096987 -0.261718988
vt 0.438838989 -0.259799987
vt 0.435288012 -0.262876004
vt 0.439096987 -0.261718988
vt 0.435288012 -0.262876004
vt 0.435369998 -0.264580011
vt 0.435369998 -0.264580011
vt 0.435288012 -0.262876004
vt 0.431015998 -0.264826
vt 0.435369998 -0.264580011
vt 0.431015998 -0.264826
vt 0.431030989 -0.266378999
vt 0.431030989 -0.266378999
vt 0.431015998 -0.264826
vt 0.426371992 -0.265493006
vt 0.431030989 -0.266378999
vt 0.426371992 -0.265493006
vt 0.426371992 -0.266793996
vt -0.025161 -0.266793996
vt -0.025161 -0.265493006
vt -0.025161 -0.265493006
vt 0.426371992 -0.266793996
vt 0.426371992 -0.265493006
vt 0.421716005 -0.266380996
vt 0.421716005 -0.266380996
vt 0.426371992 -0.265493006
vt 0.421721011 -0.264824003
vt 0.421716005 -0.266380996
vt 0.421721011 -0.264824003
vt 0.417371988 -0.264582992
vt 0.417371988 -0.264582992
vt 0.421721011 -0.264824003
vt 0.417448997 -0.262870997
vt 0.417371988 -0.264582992
vt 0.417448997 -0.262870997
vt 0.413646013 -0.261723995
vt 0.413646013 -0.261723995
vt 0.417448997 -0.262870997
vt 0.413902014 -0.259795994
vt 0.413646013 -0.261723995
vt 0.413902014 -0.259795994
vt 0.41078499 -0.257997006
vt 0.41078499 -0.257997006
vt 0.413902014 -0.259795994
vt 0.411365002 -0.255847007
vt 0.41078499 -0.257997006
vt 0.411365002 -0.255847007
vt 0.408984989 -0.253654003
vt 0.408984989 -0.253654003
vt 0.411365002 -0.255847007
vt 0.410041988 -0.251338005
vt 0.408984989 -0.253654003
vt 0.410041988 -0.251338005
vt 0.408372015 -0.248999
vt 0.408372015 -0.248999
vt 0.410041988 -0.251338005
vt 0.410043001 -0.246640995
vt 0.408372015 -0.248999
vt 0.410043001 -0.246640995
vt 0.408984005 -0.244335994
vt 0.408984005 -0.244335994
vt 0.410043001 -0.246640995
vt 0.411365986 -0.242137
vt 0.417798012 -0.262456
vt 0.421941012 -0.264346004
vt 0.421943009 -0.256787002
vt -0.0295679998 -0.256787002
vt -0.0295679998 -0.264346004
vt -0.0295679998 -0.264346004
vt 0.421943009 -0.256787002
vt 0.421941012 -0.264346004
vt 0.426443994 -0.257993013
vt 0.426443994 -0.257993013
vt 0.421941012 -0.264346004
vt 0.426443994 -0.264993995
vt -0.0294940006 -0.257993013
vt -0.0294940006 -0.264993995
vt -0.0294940006 -0.257993013
vt 0.426443994 -0.257993013
vt 0.426443994 -0.264993995
vt 0.430954009 -0.264344007
vt 0.426443994 -0.257993013
vt 0.430954009 -0.264344007
vt 0.430941999 -0.256787986
vt 0.430941999 -0.256787986
vt 0.430954009 -0.264344007
vt 0.435095996 -0.262450993
vt -0.0294189993 -0.256787986
vt -0.0293509997 -0.262450993
vt -0.0294189993 -0.256787986
vt 0.430941999 -0.256787986
vt 0.435095996 -0.262450993
vt 0.438535988 -0.259469002
vt 0.430941999 -0.256787986
vt 0.438535988 -0.259469002
vt 0.43423599 -0.253495008
vt 0.43423599 -0.253495008
vt 0.438535988 -0.259469002
vt 0.440995991 -0.255638987
vt -0.0293649994 -0.253495008
vt -0.0292530004 -0.255638987
vt -0.0293649994 -0.253495008
vt 0.43423599 -0.253495008
vt 0.440995991 -0.255638987
vt 0.442279011 -0.251266986
vt 0.43423599 -0.253495008
vt 0.442279011 -0.251266986
vt 0.435442001 -0.248996004
vt 0.435442001 -0.248996004
vt 0.442279011 -0.251266986
vt 0.442277998 -0.246711999
vt 0.435442001 -0.248996004
vt 0.442277998 -0.246711999
vt 0.434237987 -0.244496003
vt 0.434237987 -0.244496003
vt 0.442277998 -0.246711999
vt 0.440995008 -0.242345005
vt -0.0293649994 -0.244496003
vt -0.0292530004 -0.242345005
vt -0.0293649994 -0.244496003
vt 0.434237987 -0.244496003
vt 0.440995008 -0.242345005
vt 0.438533008 -0.238514006
vt 0.434237987 -0.244496003
vt 0.438533008 -0.238514006
vt 0.430945009 -0.2412
vt 0.430945009 -0.2412
vt 0.438533008 -0.238514006
vt 0.435088992 -0.235531002
vt -0.0294189993 -0.2412
vt -0.0293509997 -0.235531002
vt -0.0294189993 -0.2412
vt 0.430945009 -0.2412
vt 0.435088992 -0.235531002
vt 0.430947006 -0.233640999
vt 0.430945009 -0.2412
vt 0.430947006 -0.233640999
vt 0.426443994 -0.239993006
vt 0.426443994 -0.239993006
vt 0.430947006 -0.233640999
vt 0.426443994 -0.232993007
vt -0.0294940006 -0.239993006
vt -0.0294940006 -0.232993007
vt -0.0294940006 -0.239993006
vt 0.426443994 -0.239993006
vt 0.426443994 -0.232993007
vt 0.421934009 -0.233642995
vt 0.426443994 -0.239993006
vt 0.421934009 -0.233642995
vt 0.421945006 -0.241199002
vt 0.421945006 -0.241199002
vt 0.421934009 -0.233642995
vt 0.417791009 -0.235535994
vt -0.0295679998 -0.241199002
vt -0.0296369996 -0.235535994
vt -0.0295679998 -0.241199002
vt 0.421945006 -0.241199002
vt 0.417791009 -0.235535994
vt 0.414350986 -0.238518
vt 0.421945006 -0.241199002
vt 0.414350986 -0.238518
vt 0.418651998 -0.244491994
vt 0.418651998 -0.244491994
vt 0.414350986 -0.238518
vt 0.411891013 -0.242348
vt -0.029623 -0.244491994
vt -0.0297340006 -0.242348
vt -0.029623 -0.244491994
vt 0.418651998 -0.244491994
vt 0.411891013 -0.242348
vt 0.410607994 -0.246720001
vt 0.418651998 -0.244491994
vt 0.410607994 -0.246720001
vt 0.417445004 -0.248990998
vt 0.417445004 -0.248990998
vt 0.410607994 -0.246720001
vt 0.41060999 -0.251275003
vt 0.417445004 -0.248990998
vt 0.41060999 -0.251275003
vt 0.418648988 -0.253491014
vt 0.418648988 -0.253491014
vt 0.41060999 -0.251275003
vt 0.41189301 -0.255641997
vt -0.029623 -0.253491014
vt -0.0297340006 -0.255641997
vt -0.029623 -0.253491014
vt 0.418648988 -0.253491014
vt 0.41189301 -0.255641997
vt 0.41435501 -0.259472996
vt 0.418648988 -0.253491014
vt 0.41435501 -0.259472996
vt 0.421943009 -0.256787002
vt 0.421943009 -0.256787002
vt 0.41435501 -0.259472996
vt 0.417798012 -0.262456
vt 0.413978994 0.251174986
vt 0.416361004 0.253372997
vt 0.415775001 0.255513012
vt 0.415775001 0.255513012
vt 0.416361004 0.253372997
vt 0.418900013 0.25732401
vt 0.415775001 0.255513012
vt 0.418900013 0.25732401
vt 0.418635011 0.259243011
vt 0.418635011 0.259243011
vt 0.418900013 0.25732401
vt 0.422452003 0.260399997
vt 0.418635011 0.259243011
vt 0.422452003 0.260399997
vt 0.422362 0.262104005
vt 0.422362 0.262104005
vt 0.422452003 0.260399997
vt 0.426723003 0.262349993
vt 0.422362 0.262104005
vt 0.426723003 0.262349993
vt 0.426701009 0.263902009
vt 0.426701009 0.263902009
vt 0.426723003 0.262349993
vt 0.43136701 0.263016999
vt 0.426701009 0.263902009
vt 0.43136701 0.263016999
vt 0.43136701 0.264317006
vt -0.0275439993 0.264317006
vt -0.0275439993 0.263016999
vt -0.0275439993 0.263016999
vt 0.43136701 0.264317006
vt 0.43136701 0.263016999
vt 0.436017007 0.263904989
vt 0.436017007 0.263904989
vt 0.43136701 0.263016999
vt 0.43601799 0.262347996
vt 0.436017007 0.263904989
vt 0.43601799 0.262347996
vt 0.440360993 0.262107015
vt 0.440360993 0.262107015
vt 0.43601799 0.262347996
vt 0.440290004 0.26039499
vt 0.440360993 0.262107015
vt 0.440290004 0.26039499
vt 0.444086999 0.259247988
vt 0.444086999 0.259247988
vt 0.440290004 0.26039499
vt 0.443836987 0.257319987
vt 0.444086999 0.259247988
vt 0.443836987 0.257319987
vt 0.446947992 0.255520999
vt 0.446947992 0.255520999
vt 0.443836987 0.257319987
vt 0.446373999 0.253369987
vt 0.446947992 0.255520999
vt 0.446373999 0.253369987
vt 0.448747009 0.251177996
vt 0.448747009 0.251177996
vt 0.446373999 0.253369987
vt 0.447697014 0.248861
vt 0.448747009 0.251177996
vt 0.447697014 0.248861
vt 0.449360996 0.246521994
vt 0.449360996 0.246521994
vt 0.447697014 0.248861
vt 0.447696 0.244164005
vt 0.449360996 0.246521994
vt 0.447696 0.244164005
vt 0.448747993 0.241859004
vt 0.448747993 0.241859004
vt 0.447696 0.244164005
vt 0.446372986 0.239660993
vt 0.448747993 0.241859004
vt 0.446372986 0.239660993
vt 0.446951985 0.237522006
vt 0.446951985 0.237522006
vt 0.446372986 0.239660993
vt 0.443834007 0.235709995
vt 0.446951985 0.237522006
vt 0.443834007 0.235709995
vt 0.444092005 0.233792007
vt 0.444092005 0.233792007
vt 0.443834007 0.235709995
vt 0.440283 0.232633993
vt 0.444092005 0.233792007
vt 0.440283 0.232633993
vt 0.440364987 0.230930999
vt 0.440364987 0.230930999
vt 0.440283 0.232633993
vt 0.436010987 0.230684996
vt 0.440364987 0.230930999
vt 0.436010987 0.230684996
vt 0.436026007 0.229131997
vt 0.436026007 0.229131997
vt 0.436010987 0.230684996
vt 0.43136701 0.230017006
vt 0.436026007 0.229131997
vt 0.43136701 0.230017006
vt 0.43136701 0.228716999
vt -0.0275439993 0.228716999
vt -0.0275439993 0.230017006
vt -0.0275439993 0.230017006
vt 0.43136701 0.228716999
vt 0.43136701 0.230017006
vt 0.426710993 0.229129001
vt 0.426710993 0.229129001
vt 0.43136701 0.230017006
vt 0.426716 0.230685994
vt 0.426710993 0.229129001
vt 0.426716 0.230685994
vt 0.422367007 0.230928004
vt 0.422367007 0.230928004
vt 0.426716 0.230685994
vt 0.422443986 0.232639
vt 0.422367007 0.230928004
vt 0.422443986 0.232639
vt 0.418641001 0.233786002
vt 0.418641001 0.233786002
vt 0.422443986 0.232639
vt 0.418897003 0.235715002
vt 0.418641001 0.233786002
vt 0.418897003 0.235715002
vt 0.415780008 0.237514004
vt 0.415780008 0.237514004
vt 0.418897003 0.235715002
vt 0.416359991 0.239664003
vt 0.415780008 0.237514004
vt 0.416359991 0.239664003
vt 0.413980007 0.241857007
vt 0.413980007 0.241857007
vt 0.416359991 0.239664003
vt 0.415037006 0.244173005
vt 0.413980007 0.241857007
vt 0.415037006 0.244173005
vt 0.413367003 0.246511996
vt 0.413367003 0.246511996
vt 0.415037006 0.244173005
vt 0.41503799 0.24887
vt 0.413367003 0.246511996
vt 0.41503799 0.24887
vt 0.413978994 0.251174986
vt 0.413978994 0.251174986
vt 0.41503799 0.24887
vt 0.416361004 0.253372997
vt 0.422793001 0.233054996
vt 0.426936001 0.231163993
vt 0.426937997 0.238723993
vt -0.0319520012 0.238723993
vt -0.0319520012 0.231163993
vt -0.0319520012 0.231163993
vt 0.426937997 0.238723993
vt 0.426936001 0.231163993
vt 0.431439012 0.237516999
vt 0.431439012 0.237516999
vt 0.426936001 0.231163993
vt 0.431439012 0.230517
vt -0.0318769999 0.237516999
vt -0.0318769999 0.230517
vt -0.0318769999 0.237516999
vt 0.431439012 0.237516999
vt 0.431439012 0.230517
vt 0.435948998 0.231166005
vt 0.431439012 0.237516999
vt 0.435948998 0.231166005
vt 0.435936987 0.238721997
vt 0.435936987 0.238721997
vt 0.435948998 0.231166005
vt 0.440091014 0.233060002
vt -0.0318030007 0.238721997
vt -0.0317340009 0.233060002
vt -0.0318030007 0.238721997
vt 0.435936987 0.238721997
vt 0.440091014 0.233060002
vt 0.443531007 0.236041993
vt 0.435936987 0.238721997
vt 0.443531007 0.236041993
vt 0.439231008 0.242015004
vt 0.439231008 0.242015004
vt 0.443531007 0.236041993
vt 0.445991009 0.239870995
vt -0.0317480005 0.242015004
vt -0.0316370018 0.239870995
vt -0.0317480005 0.242015004
vt 0.439231008 0.242015004
vt 0.445991009 0.239870995
vt 0.447273999 0.244243994
vt 0.439231008 0.242015004
vt 0.447273999 0.244243994
vt 0.440436989 0.246515006
vt 0.440436989 0.246515006
vt 0.447273999 0.244243994
vt 0.447272986 0.248798996
vt 0.440436989 0.246515006
vt 0.447272986 0.248798996
vt 0.439233005 0.251015007
vt 0.439233005 0.251015007
vt 0.447272986 0.248798996
vt 0.445989996 0.253165007
vt -0.0317480005 0.251015007
vt -0.0316370018 0.253165007
vt -0.0317480005 0.251015007
vt 0.439233005 0.251015007
vt 0.445989996 0.253165007
vt 0.443527997 0.256996006
vt 0.439233005 0.251015007
vt 0.443527997 0.256996006
vt 0.435939014 0.254310012
vt 0.435939014 0.254310012
vt 0.443527997 0.256996006
vt 0.44008401 0.25997901
vt -0.0318030007 0.254310012
vt -0.0317340009 0.25997901
vt -0.0318030007 0.254310012
vt 0.435939014 0.254310012
vt 0.44008401 0.25997901
vt 0.435941994 0.261869997
vt 0.435939014 0.254310012
vt 0.435941994 0.261869997
vt 0.431439012 0.255517006
vt 0.431439012 0.255517006
vt 0.435941994 0.261869997
vt 0.431439012 0.262517005
vt -0.0318769999 0.255517006
vt -0.0318769999 0.262517005
vt -0.0318769999 0.255517006
vt 0.431439012 0.255517006
vt 0.431439012 0.262517005
vt 0.426928997 0.261868
vt 0.431439012 0.255517006
vt 0.426928997 0.261868
vt 0.426939994 0.254312009
vt 0.426939994 0.254312009
vt 0.426928997 0.261868
vt 0.422785997 0.259974003
vt -0.0319520012 0.254312009
vt -0.0320199989 0.259974003
vt -0.0319520012 0.254312009
vt 0.426939994 0.254312009
vt 0.422785997 0.259974003
vt 0.419346005 0.256992012
vt 0.426939994 0.254312009
vt 0.419346005 0.256992012
vt 0.423646986 0.251019001
vt 0.423646986 0.251019001
vt 0.419346005 0.256992012
vt 0.416886002 0.25316301
vt -0.0320059992 0.251019001
vt -0.0321180001 0.25316301
vt -0.0320059992 0.251019001
vt 0.423646986 0.251019001
vt 0.416886002 0.25316301
vt 0.415603012 0.248789996
vt 0.423646986 0.251019001
vt 0.415603012 0.248789996
vt 0.422439992 0.246519998
vt 0.422439992 0.246519998
vt 0.415603012 0.248789996
vt 0.415605009 0.244236007
vt 0.422439992 0.246519998
vt 0.415605009 0.244236007
vt 0.423644006 0.242018998
vt 0.423644006 0.242018998
vt 0.415605009 0.244236007
vt 0.416887999 0.239868999
vt -0.0320059992 0.242018998
vt -0.0321180001 0.239868999
vt -0.0320059992 0.242018998
vt 0.423644006 0.242018998
vt 0.416887999 0.239868999
vt 0.419349998 0.236037999
vt 0.423644006 0.242018998
vt 0.419349998 0.236037999
vt 0.426937997 0.238723993
vt 0.426937997 0.238723993
vt 0.419349998 0.236037999
vt 0.422793001 0.233054996
f 1/1 2/2 3/3
f 3/4 2/5 4/6
f 3/7 4/8 5/9
f 5/10 4/11 6/12
f 5/13 6/14 7/15
f 7/16 6/17 8/18
f 7/19 8/20 9/21
f 9/22 8/23 10/24
f 9/25 10/26 11/27
f 11/28 10/29 12/30
f 11/31 12/32 13/33
f 13/34 12/35 14/36
f 13/37 14/38 15/39
f 15/40 14/41 16/42
f 15/43 16/44 17/45
f 17/46 16/47 18/48
f 17/49 18/50 19/51
f 19/52 18/53 20/54
f 19/55 20/56 21/57
f 21/58 20/59 22/60
f 21/61 22/62 23/63
f 23/64 22/65 24/66
f 23/67 24/68 25/69
f 25/70 24/71 26/72
f 25/73 26/74 27/75
f 27/76 26/77 28/78
f 27/79 28/80 29/81
f 29/82 28/83 30/84
f 29/85 30/86 31/87
f 31/88 30/89 32/90
f 31/91 32/92 33/93
f 33/94 32/95 34/96
f 33/97 34/98 35/99
f 35/100 34/101 36/102
f 35/103 36/104 37/105
f 37/106 36/107 38/108
f 37/109 38/110 39/111
f 39/112 38/113 40/114
f 41/115 42/116 43/117
f 43/118 42/119 44/120
f 43/121 44/122 45/123
f 45/124 44/125 46/126
f 45/127 46/128 47/129
f 47/130 46/131 48/132
f 47/133 48/134 49/135
f 49/136 48/137 50/138
f 49/139 50/140 51/141
f 51/142 50/143 52/144
f 51/145 52/146 53/147
f 53/148 52/149 54/150
f 53/151 54/152 55/153
f 55/154 54/155 56/156
f 55/157 56/158 57/159
f 57/160 56/161 58/162
f 57/163 58/164 59/165
f 59/166 58/167 60/168
f 59/169 60/170 61/171
f 61/172 60/173 62/174
f 61/175 62/176 63/177
f 63/178 62/179 64/180
f 63/181 64/182 65/183
f 65/184 64/185 66/186
f 65/187 66/188 67/189
f 67/190 66/191 68/192
f 67/193 68/194 69/195
f 69/196 68/197 70/198
f 69/199 70/200 71/201
f 71/202 70/203 72/204
f 71/205 72/206 73/207
f 73/208 72/209 74/210
f 73/211 74/212 75/213
f 75/214 74/215 76/216
f 75/217 76/218 77/219
f 77/220 76/221 78/222
f 79/223 52/224 80/225
f 80/226 52/227 50/228
f 80/229 50/230 81/231
f 81/232 50/233 48/234
f 81/235 48/236 82/237
f 82/238 48/239 46/240
f 82/241 46/242 83/243
f 83/244 46/245 44/246
f 83/247 44/248 84/249
f 84/250 44/251 42/252
f 84/253 42/254 85/255
f 85/256 42/257 41/258
f 85/259 41/260 86/261
f 86/262 41/263 43/264
f 86/265 43/266 87/267
f 87/268 43/269 45/270
f 87/271 45/272 88/273
f 88/274 45/275 47/276
f 88/277 47/278 89/279
f 89/280 47/281 49/282
f 89/283 49/284 90/285
f 90/286 49/287 51/288
f 90/289 51/290 91/291
f 91/292 51/293 53/294
f 91/295 53/296 92/297
f 92/298 53/299 55/300
f 92/301 55/302 93/303
f 93/304 55/305 57/306
f 93/307 57/308 94/309
f 94/310 57/311 59/312
f 94/313 59/314 95/315
f 95/316 59/317 61/318
f 95/319 61/320 96/321
f 96/322 61/323 63/324
f 96/325 63/326 97/327
f 97/328 63/329 65/330
f 97/331 65/332 98/333
f 98/334 65/335 67/336
f 52/337 79/338 54/339
f 54/340 79/341 99/342
f 54/343 99/344 56/345
f 56/346 99/347 100/348
f 56/349 100/350 58/351
f 58/352 100/353 101/354
f 58/355 101/356 60/357
f 60/358 101/359 102/360
f 60/361 102/362 62/363
f 62/364 102/365 103/366
f 62/367 103/368 64/369
f 64/370 103/371 104/372
f 64/373 104/374 66/375
f 66/376 104/377 105/378
f 66/379 105/380 68/381
f 68/382 105/383 106/384
f 68/385 106/386 70/387
f 70/388 106/389 107/390
f 70/391 107/392 72/393
f 72/394 107/395 108/396
f 72/397 108/398 74/399
f 74/400 108/401 109/402
f 74/403 109/404 76/405
f 76/406 109/407 110/408
f 76/409 110/410 78/411
f 78/412 110/413 111/414
f 78/415 111/416 77/417
f 77/418 111/419 112/420
f 77/421 112/422 75/423
f 75/424 112/425 113/426
f 75/427 113/428 73/429
f 73/430 113/431 114/432
f 73/433 114/434 71/435
f 71/436 114/437 115/438
f 71/439 115/440 69/441
f 69/442 115/443 116/444
f 69/445 116/446 67/447
f 67/448 116/449 98/450
f 117/451 79/452 118/453
f 118/454 79/455 80/456
f 118/457 80/458 119/459
f 119/460 80/461 81/462
f 119/463 81/464 120/465
f 120/466 81/467 82/468
f 120/469 82/470 121/471
f 121/472 82/473 83/474
f 121/475 83/476 122/477
f 122/478 83/479 84/480
f 122/481 84/482 123/483
f 123/484 84/485 85/486
f 123/487 85/488 124/489
f 124/490 85/491 86/492
f 124/493 86/494 125/495
f 125/496 86/497 87/498
f 125/499 87/500 126/501
f 126/502 87/503 88/504
f 126/505 88/506 127/507
f 127/508 88/509 89/510
f 127/511 89/512 128/513
f 128/514 89/515 90/516
f 128/517 90/518 129/519
f 129/520 90/521 91/522
f 129/523 91/524 130/525
f 130/526 91/527 92/528
f 130/529 92/530 131/531
f 131/532 92/533 93/534
f 131/535 93/536 132/537
f 132/538 93/539 94/540
f 132/541 94/542 133/543
f 133/544 94/545 95/546
f 133/547 95/548 134/549
f 134/550 95/551 96/552
f 134/553 96/554 135/555
f 135/556 96/557 97/558
f 135/559 97/560 136/561
f 136/562 97/563 98/564
f 79/565 117/566 99/567
f 99/568 117/569 137/570
f 99/571 137/572 100/573
f 100/574 137/575 138/576
f 100/577 138/578 101/579
f 101/580 138/581 139/582
f 101/583 139/584 102/585
f 102/586 139/587 140/588
f 102/589 140/590 103/591
f 103/592 140/593 141/594
f 103/595 141/596 104/597
f 104/598 141/599 142/600
f 104/601 142/602 105/603
f 105/604 142/605 143/606
f 105/607 143/608 106/609
f 106/610 143/611 144/612
f 106/613 144/614 107/615
f 107/616 144/617 145/618
f 107/619 145/620 108/621
f 108/622 145/623 146/624
f 108/625 146/626 109/627
f 109/628 146/629 147/630
f 109/631 147/632 110/633
f 110/634 147/635 148/636
f 110/637 148/638 111/639
f 111/640 148/641 149/642
f 111/643 149/644 112/645
f 112/646 149/647 150/648
f 112/649 150/650 113/651
f 113/652 150/653 151/654
f 113/655 151/656 114/657
f 114/658 151/659 152/660
f 114/661 152/662 115/663
f 115/664 152/665 153/666
f 115/667 153/668 116/669
f 116/670 153/671 154/672
f 116/673 154/674 98/675
f 98/676 154/677 136/678
f 117/679 118/680 155/681
f 155/682 118/683 118/684
f 155/685 118/686 156/687
f 156/688 118/689 119/690
f 156/691 119/692 157/693
f 157/694 119/695 120/696
f 157/697 120/698 157/699
f 157/700 120/701 121/702
f 157/703 121/704 158/705
f 158/706 121/707 122/708
f 158/709 122/710 158/711
f 158/712 122/713 123/714
f 158/715 123/716 159/717
f 159/718 123/719 124/720
f 159/721 124/722 160/723
f 160/724 124/725 125/726
f 160/727 125/728 160/729
f 160/730 125/731 126/732
f 160/733 126/734 161/735
f 161/736 126/737 127/738
f 161/739 127/740 162/741
f 162/742 127/743 128/744
f 162/745 128/746 162/747
f 162/748 128/749 129/750
f 162/751 129/752 163/753
f 163/754 129/755 130/756
f 163/757 130/758 164/759
f 164/760 130/761 131/762
f 164/763 131/764 164/765
f 164/766 131/767 132/768
f 164/769 132/770 165/771
f 165/772 132/773 133/774
f 165/775 133/776 165/777
f 165/778 133/779 134/780
f 165/781 134/782 166/783
f 166/784 134/785 135/786
f 166/787 135/788 167/789
f 167/790 135/791 136/792
f 117/793 155/794 137/795
f 137/796 155/797 168/798
f 137/799 168/800 138/801
f 138/802 168/803 169/804
f 138/805 169/806 139/807
f 139/808 169/809 169/810
f 139/811 169/812 140/813
f 140/814 169/815 170/816
f 140/817 170/818 141/819
f 141/820 170/821 170/822
f 141/823 170/824 142/825
f 142/826 170/827 171/828
f 142/829 171/830 143/831
f 143/832 171/833 172/834
f 143/835 172/836 144/837
f 144/838 172/839 172/840
f 144/841 172/842 145/843
f 145/844 172/845 173/846
f 145/847 173/848 146/849
f 146/850 173/851 174/852
f 146/853 174/854 147/855
f 147/856 174/857 174/858
f 147/859 174/860 148/861
f 148/862 174/863 175/864
f 148/865 175/866 149/867
f 149/868 175/869 176/870
f 149/871 176/872 150/873
f 150/874 176/875 176/876
f 150/877 176/878 151/879
f 151/880 176/881 177/882
f 151/883 177/884 152/885
f 152/886 177/887 177/888
f 152/889 177/890 153/891
f 153/892 177/893 178/894
f 153/895 178/896 154/897
f 154/898 178/899 167/900
f 154/901 167/902 136/903
f 179/904 180/905 181/906
f 181/907 180/908 180/909
f 181/910 180/911 182/912
f 182/913 180/914 183/915
f 182/916 183/917 184/918
f 184/919 183/920 185/921
f 184/922 185/923 186/924
f 186/925 185/926 187/927
f 186/928 187/929 188/930
f 188/931 187/932 189/933
f 188/934 189/935 190/936
f 191/937 192/938 182/939
f 182/940 192/941 192/942
f 182/943 192/944 181/945
f 181/946 192/947 193/948
f 181/949 193/950 179/951
f 179/952 193/953 194/954
f 179/955 194/956 180/957
f 180/958 194/959 195/960
f 180/961 195/962 183/963
f 183/964 195/965 196/966
f 183/967 196/968 185/969
f 185/970 196/971 197/972
f 185/973 197/974 187/975
f 182/976 184/977 191/978
f 191/979 184/980 184/981
f 191/982 184/983 198/984
f 198/985 184/986 186/987
f 198/988 186/989 199/990
f 199/991 186/992 188/993
f 199/994 188/995 200/996
f 200/997 188/998 190/999
f 200/1000 190/1001 201/1002
f 201/1003 190/1004 189/1005
f 201/1006 189/1007 202/1008
f 202/1009 189/1010 187/1011
f 202/1012 187/1013 197/1014
f 203/1015 204/1016 205/1017
f 205/1018 204/1019 204/1020
f 205/1021 204/1022 206/1023
f 206/1024 204/1025 207/1026
f 206/1027 207/1028 208/1029
f 208/1030 207/1031 209/1032
f 208/1033 209/1034 210/1035
f 210/1036 209/1037 211/1038
f 210/1039 211/1040 212/1041
f 212/1042 211/1043 213/1044
f 212/1045 213/1046 214/1047
f 214/1048 213/1049 215/1050
f 214/1051 215/1052 216/1053
f 216/1054 215/1055 217/1056
f 216/1057 217/1058 218/1059
f 218/1060 217/1061 219/1062
f 218/1063 219/1064 220/1065
f 220/1066 219/1067 221/1068
f 220/1069 221/1070 222/1071
f 222/1072 221/1073 223/1074
f 222/1075 223/1076 224/1077
f 224/1078 223/1079 225/1080
f 224/1081 225/1082 226/1083
f 205/1084 227/1085 203/1086
f 203/1087 227/1088 227/1089
f 203/1090 227/1091 228/1092
f 228/1093 227/1094 229/1095
f 228/1096 229/1097 230/1098
f 230/1099 229/1100 231/1101
f 230/1102 231/1103 232/1104
f 232/1105 231/1106 233/1107
f 232/1108 233/1109 234/1110
f 234/1111 233/1112 235/1113
f 234/1114 235/1115 236/1116
f 236/1117 235/1118 237/1119
f 236/1120 237/1121 238/1122
f 238/1123 237/1124 239/1125
f 238/1126 239/1127 240/1128
f 240/1129 239/1130 241/1131
f 240/1132 241/1133 242/1134
f 242/1135 241/1136 243/1137
f 242/1138 243/1139 244/1140
f 244/1141 243/1142 245/1143
f 244/1144 245/1145 246/1146
f 246/1147 245/1148 226/1149
f 246/1150 226/1151 225/1152
f 247/1153 248/1154 225/1155
f 225/1156 248/1157 248/1158
f 225/1159 248/1160 246/1161
f 246/1162 248/1163 249/1164
f 246/1165 249/1166 244/1167
f 244/1168 249/1169 250/1170
f 244/1171 250/1172 242/1173
f 242/1174 250/1175 251/1176
f 242/1177 251/1178 240/1179
f 240/1180 251/1181 252/1182
f 240/1183 252/1184 238/1185
f 238/1186 252/1187 253/1188
f 238/1189 253/1190 236/1191
f 236/1192 253/1193 254/1194
f 236/1195 254/1196 234/1197
f 234/1198 254/1199 255/1200
f 234/1201 255/1202 232/1203
f 232/1204 255/1205 256/1206
f 232/1207 256/1208 230/1209
f 230/1210 256/1211 257/1212
f 230/1213 257/1214 228/1215
f 228/1216 257/1217 258/1218
f 228/1219 258/1220 203/1221
f 225/1222 223/1223 247/1224
f 247/1225 223/1226 223/1227
f 247/1228 223/1229 259/1230
f 259/1231 223/1232 221/1233
f 259/1234 221/1235 260/1236
f 260/1237 221/1238 219/1239
f 260/1240 219/1241 261/1242
f 261/1243 219/1244 217/1245
f 261/1246 217/1247 262/1248
f 262/1249 217/1250 215/1251
f 262/1252 215/1253 263/1254
f 263/1255 215/1256 213/1257
f 263/1258 213/1259 264/1260
f 264/1261 213/1262 211/1263
f 264/1264 211/1265 265/1266
f 265/1267 211/1268 209/1269
f 265/1270 209/1271 266/1272
f 266/1273 209/1274 207/1275
f 266/1276 207/1277 267/1278
f 267/1279 207/1280 204/1281
f 267/1282 204/1283 268/1284
f 268/1285 204/1286 203/1287
f 268/1288 203/1289 258/1290
f 155/1291 156/1292 269/1293
f 269/1294 156/1295 156/1296
f 269/1297 156/1298 270/1299
f 270/1300 156/1301 157/1302
f 270/1303 157/1304 271/1305
f 271/1306 157/1307 158/1308
f 271/1309 158/1310 272/1311
f 272/1312 158/1313 159/1314
f 272/1315 159/1316 273/1317
f 273/1318 159/1319 160/1320
f 273/1321 160/1322 274/1323
f 274/1324 160/1325 161/1326
f 274/1327 161/1328 275/1329
f 275/1330 161/1331 162/1332
f 275/1333 162/1334 276/1335
f 276/1336 162/1337 163/1338
f 276/1339 163/1340 277/1341
f 277/1342 163/1343 164/1344
f 277/1345 164/1346 278/1347
f 278/1348 164/1349 165/1350
f 278/1351 165/1352 279/1353
f 279/1354 165/1355 166/1356
f 279/1357 166/1358 280/1359
f 280/1360 166/1361 167/1362
f 280/1363 167/1364 281/1365
f 269/1366 282/1367 155/1368
f 155/1369 282/1370 282/1371
f 155/1372 282/1373 168/1374
f 168/1375 282/1376 283/1377
f 168/1378 283/1379 169/1380
f 169/1381 283/1382 284/1383
f 169/1384 284/1385 170/1386
f 170/1387 284/1388 285/1389
f 170/1390 285/1391 171/1392
f 171/1393 285/1394 286/1395
f 171/1396 286/1397 172/1398
f 172/1399 286/1400 287/1401
f 172/1402 287/1403 173/1404
f 173/1405 287/1406 288/1407
f 173/1408 288/1409 174/1410
f 174/1411 288/1412 289/1413
f 174/1414 289/1415 175/1416
f 175/1417 289/1418 290/1419
f 175/1420 290/1421 176/1422
f 176/1423 290/1424 291/1425
f 176/1426 291/1427 177/1428
f 177/1429 291/1430 292/1431
f 177/1432 292/1433 178/1434
f 178/1435 292/1436 281/1437
f 178/1438 281/1439 167/1440
f 269/1441 270/1442 293/1443
f 293/1444 270/1445 270/1446
f 293/1447 270/1448 294/1449
f 294/1450 270/1451 271/1452
f 294/1453 271/1454 295/1455
f 295/1456 271/1457 272/1458
f 295/1459 272/1460 296/1461
f 296/1462 272/1463 273/1464
f 296/1465 273/1466 297/1467
f 297/1468 273/1469 274/1470
f 297/1471 274/1472 298/1473
f 298/1474 274/1475 275/1476
f 298/1477 275/1478 299/1479
f 299/1480 275/1481 276/1482
f 299/1483 276/1484 300/1485
f 300/1486 276/1487 277/1488
f 300/1489 277/1490 301/1491
f 301/1492 277/1493 278/1494
f 301/1495 278/1496 302/1497
f 302/1498 278/1499 279/1500
f 302/1501 279/1502 303/1503
f 303/1504 279/1505 280/1506
f 303/1507 280/1508 304/1509
f 304/1510 280/1511 281/1512
f 304/1513 281/1514 305/1515
f 293/1516 306/1517 269/1518
f 269/1519 306/1520 306/1521
f 269/1522 306/1523 282/1524
f 282/1525 306/1526 307/1527
f 282/1528 307/1529 283/1530
f 283/1531 307/1532 308/1533
f 283/1534 308/1535 284/1536
f 284/1537 308/1538 309/1539
f 284/1540 309/1541 285/1542
f 285/1543 309/1544 310/1545
f 285/1546 310/1547 286/1548
f 286/1549 310/1550 311/1551
f 286/1552 311/1553 287/1554
f 287/1555 311/1556 312/1557
f 287/1558 312/1559 288/1560
f 288/1561 312/1562 313/1563
f 288/1564 313/1565 289/1566
f 289/1567 313/1568 314/1569
f 289/1570 314/1571 290/1572
f 290/1573 314/1574 315/1575
f 290/1576 315/1577 291/1578
f 291/1579 315/1580 316/1581
f 291/1582 316/1583 292/1584
f 292/1585 316/1586 305/1587
f 292/1588 305/1589 281/1590
f 317/1591 318/1592 319/1593
f 319/1594 318/1595 320/1596
f 319/1597 320/1598 321/1599
f 321/1600 320/1601 322/1602
f 321/1603 322/1604 323/1605
f 323/1606 322/1607 324/1608
f 323/1609 324/1610 325/1611
f 325/1612 324/1613 326/1614
f 325/1615 326/1616 327/1617
f 327/1618 326/1619 328/1620
f 327/1621 328/1622 329/1623
f 329/1624 328/1625 330/1626
f 329/1627 330/1628 331/1629
f 331/1630 330/1631 332/1632
f 331/1633 332/1634 333/1635
f 333/1636 332/1637 334/1638
f 333/1639 334/1640 335/1641
f 335/1642 334/1643 336/1644
f 335/1645 336/1646 337/1647
f 337/1648 336/1649 338/1650
f 337/1651 338/1652 339/1653
f 339/1654 338/1655 340/1656
f 339/1657 340/1658 341/1659
f 341/1660 340/1661 342/1662
f 341/1663 342/1664 343/1665
f 343/1666 342/1667 344/1668
f 343/1669 344/1670 345/1671
f 345/1672 344/1673 346/1674
f 345/1675 346/1676 347/1677
f 347/1678 346/1679 348/1680
f 347/1681 348/1682 349/1683
f 349/1684 348/1685 350/1686
f 349/1687 350/1688 351/1689
f 351/1690 350/1691 352/1692
f 351/1693 352/1694 353/1695
f 353/1696 352/1697 354/1698
f 355/1699 328/1700 356/1701
f 356/1702 328/1703 326/1704
f 356/1705 326/1706 357/1707
f 357/1708 326/1709 324/1710
f 357/1711 324/1712 358/1713
f 358/1714 324/1715 322/1716
f 358/1717 322/1718 359/1719
f 359/1720 322/1721 320/1722
f 359/1723 320/1724 360/1725
f 360/1726 320/1727 318/1728
f 360/1729 318/1730 361/1731
f 361/1732 318/1733 317/1734
f 361/1735 317/1736 362/1737
f 362/1738 317/1739 319/1740
f 362/1741 319/1742 363/1743
f 363/1744 319/1745 321/1746
f 363/1747 321/1748 364/1749
f 364/1750 321/1751 323/1752
f 364/1753 323/1754 365/1755
f 365/1756 323/1757 325/1758
f 365/1759 325/1760 366/1761
f 366/1762 325/1763 327/1764
f 366/1765 327/1766 367/1767
f 367/1768 327/1769 329/1770
f 367/1771 329/1772 368/1773
f 368/1774 329/1775 331/1776
f 368/1777 331/1778 369/1779
f 369/1780 331/1781 333/1782
f 369/1783 333/1784 370/1785
f 370/1786 333/1787 335/1788
f 370/1789 335/1790 371/1791
f 371/1792 335/1793 337/1794
f 371/1795 337/1796 372/1797
f 372/1798 337/1799 339/1800
f 372/1801 339/1802 373/1803
f 373/1804 339/1805 341/1806
f 373/1807 341/1808 374/1809
f 374/1810 341/1811 343/1812
f 328/1813 355/1814 330/1815
f 330/1816 355/1817 375/1818
f 330/1819 375/1820 332/1821
f 332/1822 375/1823 376/1824
f 332/1825 376/1826 334/1827
f 334/1828 376/1829 377/1830
f 334/1831 377/1832 336/1833
f 336/1834 377/1835 378/1836
f 336/1837 378/1838 338/1839
f 338/1840 378/1841 379/1842
f 338/1843 379/1844 340/1845
f 340/1846 379/1847 380/1848
f 340/1849 380/1850 342/1851
f 342/1852 380/1853 381/1854
f 342/1855 381/1856 344/1857
f 344/1858 381/1859 382/1860
f 344/1861 382/1862 346/1863
f 346/1864 382/1865 383/1866
f 346/1867 383/1868 348/1869
f 348/1870 383/1871 384/1872
f 348/1873 384/1874 350/1875
f 350/1876 384/1877 385/1878
f 350/1879 385/1880 352/1881
f 352/1882 385/1883 386/1884
f 352/1885 386/1886 354/1887
f 354/1888 386/1889 387/1890
f 354/1891 387/1892 353/1893
f 353/1894 387/1895 388/1896
f 353/1897 388/1898 351/1899
f 351/1900 388/1901 389/1902
f 351/1903 389/1904 349/1905
f 349/1906 389/1907 390/1908
f 349/1909 390/1910 347/1911
f 347/1912 390/1913 391/1914
f 347/1915 391/1916 345/1917
f 345/1918 391/1919 392/1920
f 345/1921 392/1922 343/1923
f 343/1924 392/1925 374/1926
f 393/1927 355/1928 394/1929
f 394/1930 355/1931 356/1932
f 394/1933 356/1934 395/1935
f 395/1936 356/1937 357/1938
f 395/1939 357/1940 396/1941
f 396/1942 357/1943 358/1944
f 396/1945 358/1946 397/1947
f 397/1948 358/1949 359/1950
f 397/1951 359/1952 398/1953
f 398/1954 359/1955 360/1956
f 398/1957 360/1958 399/1959
f 399/1960 360/1961 361/1962
f 399/1963 361/1964 400/1965
f 400/1966 361/1967 362/1968
f 400/1969 362/1970 401/1971
f 401/1972 362/1973 363/1974
f 401/1975 363/1976 402/1977
f 402/1978 363/1979 364/1980
f 402/1981 364/1982 403/1983
f 403/1984 364/1985 365/1986
f 403/1987 365/1988 404/1989
f 404/1990 365/1991 366/1992
f 404/1993 366/1994 405/1995
f 405/1996 366/1997 367/1998
f 405/1999 367/2000 406/2001
f 406/2002 367/2003 368/2004
f 406/2005 368/2006 407/2007
f 407/2008 368/2009 369/2010
f 407/2011 369/2012 408/2013
f 408/2014 369/2015 370/2016
f 408/2017 370/2018 409/2019
f 409/2020 370/2021 371/2022
f 409/2023 371/2024 410/2025
f 410/2026 371/2027 372/2028
f 410/2029 372/2030 411/2031
f 411/2032 372/2033 373/2034
f 411/2035 373/2036 412/2037
f 412/2038 373/2039 374/2040
f 355/2041 393/2042 375/2043
f 375/2044 393/2045 413/2046
f 375/2047 413/2048 376/2049
f 376/2050 413/2051 414/2052
f 376/2053 414/2054 377/2055
f 377/2056 414/2057 415/2058
f 377/2059 415/2060 378/2061
f 378/2062 415/2063 416/2064
f 378/2065 416/2066 379/2067
f 379/2068 416/2069 417/2070
f 379/2071 417/2072 380/2073
f 380/2074 417/2075 418/2076
f 380/2077 418/2078 381/2079
f 381/2080 418/2081 419/2082
f 381/2083 419/2084 382/2085
f 382/2086 419/2087 420/2088
f 382/2089 420/2090 383/2091
f 383/2092 420/2093 421/2094
f 383/2095 421/2096 384/2097
f 384/2098 421/2099 422/2100
f 384/2101 422/2102 385/2103
f 385/2104 422/2105 423/2106
f 385/2107 423/2108 386/2109
f 386/2110 423/2111 424/2112
f 386/2113 424/2114 387/2115
f 387/2116 424/2117 425/2118
f 387/2119 425/2120 388/2121
f 388/2122 425/2123 426/2124
f 388/2125 426/2126 389/2127
f 389/2128 426/2129 427/2130
f 389/2131 427/2132 390/2133
f 390/2134 427/2135 428/2136
f 390/2137 428/2138 391/2139
f 391/2140 428/2141 429/2142
f 391/2143 429/2144 392/2145
f 392/2146 429/2147 430/2148
f 392/2149 430/2150 374/2151
f 374/2152 430/2153 412/2154
f 393/2155 394/2156 431/2157
f 431/2158 394/2159 394/2160
f 431/2161 394/2162 432/2163
f 432/2164 394/2165 395/2166
f 432/2167 395/2168 433/2169
f 433/2170 395/2171 396/2172
f 433/2173 396/2174 433/2175
f 433/2176 396/2177 397/2178
f 433/2179 397/2180 434/2181
f 434/2182 397/2183 398/2184
f 434/2185 398/2186 434/2187
f 434/2188 398/2189 399/2190
f 434/2191 399/2192 435/2193
f 435/2194 399/2195 400/2196
f 435/2197 400/2198 436/2199
f 436/2200 400/2201 401/2202
f 436/2203 401/2204 436/2205
f 436/2206 401/2207 402/2208
f 436/2209 402/2210 437/2211
f 437/2212 402/2213 403/2214
f 437/2215 403/2216 438/2217
f 438/2218 403/2219 404/2220
f 438/2221 404/2222 438/2223
f 438/2224 404/2225 405/2226
f 438/2227 405/2228 439/2229
f 439/2230 405/2231 406/2232
f 439/2233 406/2234 440/2235
f 440/2236 406/2237 407/2238
f 440/2239 407/2240 440/2241
f 440/2242 407/2243 408/2244
f 440/2245 408/2246 441/2247
f 441/2248 408/2249 409/2250
f 441/2251 409/2252 441/2253
f 441/2254 409/2255 410/2256
f 441/2257 410/2258 442/2259
f 442/2260 410/2261 411/2262
f 442/2263 411/2264 443/2265
f 443/2266 411/2267 412/2268
f 393/2269 431/2270 413/2271
f 413/2272 431/2273 444/2274
f 413/2275 444/2276 414/2277
f 414/2278 444/2279 445/2280
f 414/2281 445/2282 415/2283
f 415/2284 445/2285 445/2286
f 415/2287 445/2288 416/2289
f 416/2290 445/2291 446/2292
f 416/2293 446/2294 417/2295
f 417/2296 446/2297 446/2298
f 417/2299 446/2300 418/2301
f 418/2302 446/2303 447/2304
f 418/2305 447/2306 419/2307
f 419/2308 447/2309 448/2310
f 419/2311 448/2312 420/2313
f 420/2314 448/2315 448/2316
f 420/2317 448/2318 421/2319
f 421/2320 448/2321 449/2322
f 421/2323 449/2324 422/2325
f 422/2326 449/2327 450/2328
f 422/2329 450/2330 423/2331
f 423/2332 450/2333 450/2334
f 423/2335 450/2336 424/2337
f 424/2338 450/2339 451/2340
f 424/2341 451/2342 425/2343
f 425/2344 451/2345 452/2346
f 425/2347 452/2348 426/2349
f 426/2350 452/2351 452/2352
f 426/2353 452/2354 427/2355
f 427/2356 452/2357 453/2358
f 427/2359 453/2360 428/2361
f 428/2362 453/2363 453/2364
f 428/2365 453/2366 429/2367
f 429/2368 453/2369 454/2370
f 429/2371 454/2372 430/2373
f 430/2374 454/2375 443/2376
f 430/2377 443/2378 412/2379
f 455/2380 456/2381 457/2382
f 457/2383 456/2384 456/2385
f 457/2386 456/2387 458/2388
f 458/2389 456/2390 459/2391
f 458/2392 459/2393 460/2394
f 460/2395 459/2396 461/2397
f 460/2398 461/2399 462/2400
f 462/2401 461/2402 463/2403
f 462/2404 463/2405 464/2406
f 464/2407 463/2408 465/2409
f 464/2410 465/2411 466/2412
f 467/2413 468/2414 458/2415
f 458/2416 468/2417 468/2418
f 458/2419 468/2420 457/2421
f 457/2422 468/2423 469/2424
f 457/2425 469/2426 455/2427
f 455/2428 469/2429 470/2430
f 455/2431 470/2432 456/2433
f 456/2434 470/2435 471/2436
f 456/2437 471/2438 459/2439
f 459/2440 471/2441 472/2442
f 459/2443 472/2444 461/2445
f 461/2446 472/2447 473/2448
f 461/2449 473/2450 463/2451
f 458/2452 460/2453 467/2454
f 467/2455 460/2456 460/2457
f 467/2458 460/2459 474/2460
f 474/2461 460/2462 462/2463
f 474/2464 462/2465 475/2466
f 475/2467 462/2468 464/2469
f 475/2470 464/2471 476/2472
f 476/2473 464/2474 466/2475
f 476/2476 466/2477 477/2478
f 477/2479 466/2480 465/2481
f 477/2482 465/2483 478/2484
f 478/2485 465/2486 463/2487
f 478/2488 463/2489 473/2490
f 479/2491 480/2492 481/2493
f 481/2494 480/2495 480/2496
f 481/2497 480/2498 482/2499
f 482/2500 480/2501 483/2502
f 482/2503 483/2504 484/2505
f 484/2506 483/2507 485/2508
f 484/2509 485/2510 486/2511
f 486/2512 485/2513 487/2514
f 486/2515 487/2516 488/2517
f 488/2518 487/2519 489/2520
f 488/2521 489/2522 490/2523
f 490/2524 489/2525 491/2526
f 490/2527 491/2528 492/2529
f 492/2530 491/2531 493/2532
f 492/2533 493/2534 494/2535
f 494/2536 493/2537 495/2538
f 494/2539 495/2540 496/2541
f 496/2542 495/2543 497/2544
f 496/2545 497/2546 498/2547
f 498/2548 497/2549 499/2550
f 498/2551 499/2552 500/2553
f 500/2554 499/2555 501/2556
f 500/2557 501/2558 502/2559
f 481/2560 503/2561 479/2562
f 479/2563 503/2564 503/2565
f 479/2566 503/2567 504/2568
f 504/2569 503/2570 505/2571
f 504/2572 505/2573 506/2574
f 506/2575 505/2576 507/2577
f 506/2578 507/2579 508/2580
f 508/2581 507/2582 509/2583
f 508/2584 509/2585 510/2586
f 510/2587 509/2588 511/2589
f 510/2590 511/2591 512/2592
f 512/2593 511/2594 513/2595
f 512/2596 513/2597 514/2598
f 514/2599 513/2600 515/2601
f 514/2602 515/2603 516/2604
f 516/2605 515/2606 517/2607
f 516/2608 517/2609 518/2610
f 518/2611 517/2612 519/2613
f 518/2614 519/2615 520/2616
f 520/2617 519/2618 521/2619
f 520/2620 521/2621 522/2622
f 522/2623 521/2624 502/2625
f 522/2626 502/2627 501/2628
f 523/2629 524/2630 501/2631
f 501/2632 524/2633 524/2634
f 501/2635 524/2636 522/2637
f 522/2638 524/2639 525/2640
f 522/2641 525/2642 520/2643
f 520/2644 525/2645 526/2646
f 520/2647 526/2648 518/2649
f 518/2650 526/2651 527/2652
f 518/2653 527/2654 516/2655
f 516/2656 527/2657 528/2658
f 516/2659 528/2660 514/2661
f 514/2662 528/2663 529/2664
f 514/2665 529/2666 512/2667
f 512/2668 529/2669 530/2670
f 512/2671 530/2672 510/2673
f 510/2674 530/2675 531/2676
f 510/2677 531/2678 508/2679
f 508/2680 531/2681 532/2682
f 508/2683 532/2684 506/2685
f 506/2686 532/2687 533/2688
f 506/2689 533/2690 504/2691
f 504/2692 533/2693 534/2694
f 504/2695 534/2696 479/2697
f 501/2698 499/2699 523/2700
f 523/2701 499/2702 499/2703
f 523/2704 499/2705 535/2706
f 535/2707 499/2708 497/2709
f 535/2710 497/2711 536/2712
f 536/2713 497/2714 495/2715
f 536/2716 495/2717 537/2718
f 537/2719 495/2720 493/2721
f 537/2722 493/2723 538/2724
f 538/2725 493/2726 491/2727
f 538/2728 491/2729 539/2730
f 539/2731 491/2732 489/2733
f 539/2734 489/2735 540/2736
f 540/2737 489/2738 487/2739
f 540/2740 487/2741 541/2742
f 541/2743 487/2744 485/2745
f 541/2746 485/2747 542/2748
f 542/2749 485/2750 483/2751
f 542/2752 483/2753 543/2754
f 543/2755 483/2756 480/2757
f 543/2758 480/2759 544/2760
f 544/2761 480/2762 479/2763
f 544/2764 479/2765 534/2766
f 431/2767 432/2768 545/2769
f 545/2770 432/2771 432/2772
f 545/2773 432/2774 546/2775
f 546/2776 432/2777 433/2778
f 546/2779 433/2780 547/2781
f 547/2782 433/2783 434/2784
f 547/2785 434/2786 548/2787
f 548/2788 434/2789 435/2790
f 548/2791 435/2792 549/2793
f 549/2794 435/2795 436/2796
f 549/2797 436/2798 550/2799
f 550/2800 436/2801 437/2802
f 550/2803 437/2804 551/2805
f 551/2806 437/2807 438/2808
f 551/2809 438/2810 552/2811
f 552/2812 438/2813 439/2814
f 552/2815 439/2816 553/2817
f 553/2818 439/2819 440/2820
f 553/2821 440/2822 554/2823
f 554/2824 440/2825 441/2826
f 554/2827 441/2828 555/2829
f 555/2830 441/2831 442/2832
f 555/2833 442/2834 556/2835
f 556/2836 442/2837 443/2838
f 556/2839 443/2840 557/2841
f 545/2842 558/2843 431/2844
f 431/2845 558/2846 558/2847
f 431/2848 558/2849 444/2850
f 444/2851 558/2852 559/2853
f 444/2854 559/2855 445/2856
f 445/2857 559/2858 560/2859
f 445/2860 560/2861 446/2862
f 446/2863 560/2864 561/2865
f 446/2866 561/2867 447/2868
f 447/2869 561/2870 562/2871
f 447/2872 562/2873 448/2874
f 448/2875 562/2876 563/2877
f 448/2878 563/2879 449/2880
f 449/2881 563/2882 564/2883
f 449/2884 564/2885 450/2886
f 450/2887 564/2888 565/2889
f 450/2890 565/2891 451/2892
f 451/2893 565/2894 566/2895
f 451/2896 566/2897 452/2898
f 452/2899 566/2900 567/2901
f 452/2902 567/2903 453/2904
f 453/2905 567/2906 568/2907
f 453/2908 568/2909 454/2910
f 454/2911 568/2912 557/2913
f 454/2914 557/2915 443/2916
f 545/2917 546/2918 569/2919
f 569/2920 546/2921 546/2922
f 569/2923 546/2924 570/2925
f 570/2926 546/2927 547/2928
f 570/2929 547/2930 571/2931
f 571/2932 547/2933 548/2934
f 571/2935 548/2936 572/2937
f 572/2938 548/2939 549/2940
f 572/2941 549/2942 573/2943
f 573/2944 549/2945 550/2946
f 573/2947 550/2948 574/2949
f 574/2950 550/2951 551/2952
f 574/2953 551/2954 575/2955
f 575/2956 551/2957 552/2958
f 575/2959 552/2960 576/2961
f 576/2962 552/2963 553/2964
f 576/2965 553/2966 577/2967
f 577/2968 553/2969 554/2970
f 577/2971 554/2972 578/2973
f 578/2974 554/2975 555/2976
f 578/2977 555/2978 579/2979
f 579/2980 555/2981 556/2982
f 579/2983 556/2984 580/2985
f 580/2986 556/2987 557/2988
f 580/2989 557/2990 581/2991
f 569/2992 582/2993 545/2994
f 545/2995 582/2996 582/2997
f 545/2998 582/2999 558/3000
f 558/3001 582/3002 583/3003
f 558/3004 583/3005 559/3006
f 559/3007 583/3008 584/3009
f 559/3010 584/3011 560/3012
f 560/3013 584/3014 585/3015
f 560/3016 585/3017 561/3018
f 561/3019 585/3020 586/3021
f 561/3022 586/3023 562/3024
f 562/3025 586/3026 587/3027
f 562/3028 587/3029 563/3030
f 563/3031 587/3032 588/3033
f 563/3034 588/3035 564/3036
f 564/3037 588/3038 589/3039
f 564/3040 589/3041 565/3042
f 565/3043 589/3044 590/3045
f 565/3046 590/3047 566/3048
f 566/3049 590/3050 591/3051
f 566/3052 591/3053 567/3054
f 567/3055 591/3056 592/3057
f 567/3058 592/3059 568/3060
f 568/3061 592/3062 581/3063
f 568/3064 581/3065 557/3066
f 593/3067 594/3068 595/3069
f 595/3070 594/3071 596/3072
f 595/3073 596/3074 597/3075
f 597/3076 596/3077 598/3078
f 597/3079 598/3080 599/3081
f 599/3082 598/3083 600/3084
f 599/3085 600/3086 601/3087
f 601/3088 600/3089 602/3090
f 601/3091 602/3092 603/3093
f 603/3094 602/3095 604/3096
f 603/3097 604/3098 605/3099
f 605/3100 604/3101 606/3102
f 605/3103 606/3104 607/3105
f 607/3106 606/3107 608/3108
f 607/3109 608/3110 609/3111
f 609/3112 608/3113 610/3114
f 609/3115 610/3116 611/3117
f 611/3118 610/3119 612/3120
f 611/3121 612/3122 613/3123
f 613/3124 612/3125 614/3126
f 613/3127 614/3128 615/3129
f 615/3130 614/3131 616/3132
f 615/3133 616/3134 617/3135
f 617/3136 616/3137 618/3138
f 617/3139 618/3140 619/3141
f 619/3142 618/3143 620/3144
f 619/3145 620/3146 621/3147
f 621/3148 620/3149 622/3150
f 621/3151 622/3152 623/3153
f 623/3154 622/3155 624/3156
f 623/3157 624/3158 625/3159
f 625/3160 624/3161 626/3162
f 625/3163 626/3164 627/3165
f 627/3166 626/3167 628/3168
f 627/3169 628/3170 629/3171
f 629/3172 628/3173 630/3174
f 631/3175 604/3176 632/3177
f 632/3178 604/3179 602/3180
f 632/3181 602/3182 633/3183
f 633/3184 602/3185 600/3186
f 633/3187 600/3188 634/3189
f 634/3190 600/3191 598/3192
f 634/3193 598/3194 635/3195
f 635/3196 598/3197 596/3198
f 635/3199 596/3200 636/3201
f 636/3202 596/3203 594/3204
f 636/3205 594/3206 637/3207
f 637/3208 594/3209 593/3210
f 637/3211 593/3212 638/3213
f 638/3214 593/3215 595/3216
f 638/3217 595/3218 639/3219
f 639/3220 595/3221 597/3222
f 639/3223 597/3224 640/3225
f 640/3226 597/3227 599/3228
f 640/3229 599/3230 641/3231
f 641/3232 599/3233 601/3234
f 641/3235 601/3236 642/3237
f 642/3238 601/3239 603/3240
f 642/3241 603/3242 643/3243
f 643/3244 603/3245 605/3246
f 643/3247 605/3248 644/3249
f 644/3250 605/3251 607/3252
f 644/3253 607/3254 645/3255
f 645/3256 607/3257 609/3258
f 645/3259 609/3260 646/3261
f 646/3262 609/3263 611/3264
f 646/3265 611/3266 647/3267
f 647/3268 611/3269 613/3270
f 647/3271 613/3272 648/3273
f 648/3274 613/3275 615/3276
f 648/3277 615/3278 649/3279
f 649/3280 615/3281 617/3282
f 649/3283 617/3284 650/3285
f 650/3286 617/3287 619/3288
f 604/3289 631/3290 606/3291
f 606/3292 631/3293 651/3294
f 606/3295 651/3296 608/3297
f 608/3298 651/3299 652/3300
f 608/3301 652/3302 610/3303
f 610/3304 652/3305 653/3306
f 610/3307 653/3308 612/3309
f 612/3310 653/3311 654/3312
f 612/3313 654/3314 614/3315
f 614/3316 654/3317 655/3318
f 614/3319 655/3320 616/3321
f 616/3322 655/3323 656/3324
f 616/3325 656/3326 618/3327
f 618/3328 656/3329 657/3330
f 618/3331 657/3332 620/3333
f 620/3334 657/3335 658/3336
f 620/3337 658/3338 622/3339
f 622/3340 658/3341 659/3342
f 622/3343 659/3344 624/3345
f 624/3346 659/3347 660/3348
f 624/3349 660/3350 626/3351
f 626/3352 660/3353 661/3354
f 626/3355 661/3356 628/3357
f 628/3358 661/3359 662/3360
f 628/3361 662/3362 630/3363
f 630/3364 662/3365 663/3366
f 630/3367 663/3368 629/3369
f 629/3370 663/3371 664/3372
f 629/3373 664/3374 627/3375
f 627/3376 664/3377 665/3378
f 627/3379 665/3380 625/3381
f 625/3382 665/3383 666/3384
f 625/3385 666/3386 623/3387
f 623/3388 666/3389 667/3390
f 623/3391 667/3392 621/3393
f 621/3394 667/3395 668/3396
f 621/3397 668/3398 619/3399
f 619/3400 668/3401 650/3402
f 669/3403 631/3404 670/3405
f 670/3406 631/3407 632/3408
f 670/3409 632/3410 671/3411
f 671/3412 632/3413 633/3414
f 671/3415 633/3416 672/3417
f 672/3418 633/3419 634/3420
f 672/3421 634/3422 673/3423
f 673/3424 634/3425 635/3426
f 673/3427 635/3428 674/3429
f 674/3430 635/3431 636/3432
f 674/3433 636/3434 675/3435
f 675/3436 636/3437 637/3438
f 675/3439 637/3440 676/3441
f 676/3442 637/3443 638/3444
f 676/3445 638/3446 677/3447
f 677/3448 638/3449 639/3450
f 677/3451 639/3452 678/3453
f 678/3454 639/3455 640/3456
f 678/3457 640/3458 679/3459
f 679/3460 640/3461 641/3462
f 679/3463 641/3464 680/3465
f 680/3466 641/3467 642/3468
f 680/3469 642/3470 681/3471
f 681/3472 642/3473 643/3474
f 681/3475 643/3476 682/3477
f 682/3478 643/3479 644/3480
f 682/3481 644/3482 683/3483
f 683/3484 644/3485 645/3486
f 683/3487 645/3488 684/3489
f 684/3490 645/3491 646/3492
f 684/3493 646/3494 685/3495
f 685/3496 646/3497 647/3498
f 685/3499 647/3500 686/3501
f 686/3502 647/3503 648/3504
f 686/3505 648/3506 687/3507
f 687/3508 648/3509 649/3510
f 687/3511 649/3512 688/3513
f 688/3514 649/3515 650/3516
f 631/3517 669/3518 651/3519
f 651/3520 669/3521 689/3522
f 651/3523 689/3524 652/3525
f 652/3526 689/3527 690/3528
f 652/3529 690/3530 653/3531
f 653/3532 690/3533 691/3534
f 653/3535 691/3536 654/3537
f 654/3538 691/3539 692/3540
f 654/3541 692/3542 655/3543
f 655/3544 692/3545 693/3546
f 655/3547 693/3548 656/3549
f 656/3550 693/3551 694/3552
f 656/3553 694/3554 657/3555
f 657/3556 694/3557 695/3558
f 657/3559 695/3560 658/3561
f 658/3562 695/3563 696/3564
f 658/3565 696/3566 659/3567
f 659/3568 696/3569 697/3570
f 659/3571 697/3572 660/3573
f 660/3574 697/3575 698/3576
f 660/3577 698/3578 661/3579
f 661/3580 698/3581 699/3582
f 661/3583 699/3584 662/3585
f 662/3586 699/3587 700/3588
f 662/3589 700/3590 663/3591
f 663/3592 700/3593 701/3594
f 663/3595 701/3596 664/3597
f 664/3598 701/3599 702/3600
f 664/3601 702/3602 665/3603
f 665/3604 702/3605 703/3606
f 665/3607 703/3608 666/3609
f 666/3610 703/3611 704/3612
f 666/3613 704/3614 667/3615
f 667/3616 704/3617 705/3618
f 667/3619 705/3620 668/3621
f 668/3622 705/3623 706/3624
f 668/3625 706/3626 650/3627
f 650/3628 706/3629 688/3630
f 669/3631 670/3632 707/3633
f 707/3634 670/3635 670/3636
f 707/3637 670/3638 708/3639
f 708/3640 670/3641 671/3642
f 708/3643 671/3644 709/3645
f 709/3646 671/3647 672/3648
f 709/3649 672/3650 709/3651
f 709/3652 672/3653 673/3654
f 709/3655 673/3656 710/3657
f 710/3658 673/3659 674/3660
f 710/3661 674/3662 710/3663
f 710/3664 674/3665 675/3666
f 710/3667 675/3668 711/3669
f 711/3670 675/3671 676/3672
f 711/3673 676/3674 712/3675
f 712/3676 676/3677 677/3678
f 712/3679 677/3680 712/3681
f 712/3682 677/3683 678/3684
f 712/3685 678/3686 713/3687
f 713/3688 678/3689 679/3690
f 713/3691 679/3692 714/3693
f 714/3694 679/3695 680/3696
f 714/3697 680/3698 714/3699
f 714/3700 680/3701 681/3702
f 714/3703 681/3704 715/3705
f 715/3706 681/3707 682/3708
f 715/3709 682/3710 716/3711
f 716/3712 682/3713 683/3714
f 716/3715 683/3716 716/3717
f 716/3718 683/3719 684/3720
f 716/3721 684/3722 717/3723
f 717/3724 684/3725 685/3726
f 717/3727 685/3728 717/3729
f 717/3730 685/3731 686/3732
f 717/3733 686/3734 718/3735
f 718/3736 686/3737 687/3738
f 718/3739 687/3740 719/3741
f 719/3742 687/3743 688/3744
f 669/3745 707/3746 689/3747
f 689/3748 707/3749 720/3750
f 689/3751 720/3752 690/3753
f 690/3754 720/3755 721/3756
f 690/3757 721/3758 691/3759
f 691/3760 721/3761 721/3762
f 691/3763 721/3764 692/3765
f 692/3766 721/3767 722/3768
f 692/3769 722/3770 693/3771
f 693/3772 722/3773 722/3774
f 693/3775 722/3776 694/3777
f 694/3778 722/3779 723/3780
f 694/3781 723/3782 695/3783
f 695/3784 723/3785 724/3786
f 695/3787 724/3788 696/3789
f 696/3790 724/3791 724/3792
f 696/3793 724/3794 697/3795
f 697/3796 724/3797 725/3798
f 697/3799 725/3800 698/3801
f 698/3802 725/3803 726/3804
f 698/3805 726/3806 699/3807
f 699/3808 726/3809 726/3810
f 699/3811 726/3812 700/3813
f 700/3814 726/3815 727/3816
f 700/3817 727/3818 701/3819
f 701/3820 727/3821 728/3822
f 701/3823 728/3824 702/3825
f 702/3826 728/3827 728/3828
f 702/3829 728/3830 703/3831
f 703/3832 728/3833 729/3834
f 703/3835 729/3836 704/3837
f 704/3838 729/3839 729/3840
f 704/3841 729/3842 705/3843
f 705/3844 729/3845 730/3846
f 705/3847 730/3848 706/3849
f 706/3850 730/3851 719/3852
f 706/3853 719/3854 688/3855
f 731/3856 732/3857 733/3858
f 733/3859 732/3860 732/3861
f 733/3862 732/3863 734/3864
f 734/3865 732/3866 735/3867
f 734/3868 735/3869 736/3870
f 736/3871 735/3872 737/3873
f 736/3874 737/3875 738/3876
f 738/3877 737/3878 739/3879
f 738/3880 739/3881 740/3882
f 740/3883 739/3884 741/3885
f 740/3886 741/3887 742/3888
f 743/3889 744/3890 734/3891
f 734/3892 744/3893 744/3894
f 734/3895 744/3896 733/3897
f 733/3898 744/3899 745/3900
f 733/3901 745/3902 731/3903
f 731/3904 745/3905 746/3906
f 731/3907 746/3908 732/3909
f 732/3910 746/3911 747/3912
f 732/3913 747/3914 735/3915
f 735/3916 747/3917 748/3918
f 735/3919 748/3920 737/3921
f 737/3922 748/3923 749/3924
f 737/3925 749/3926 739/3927
f 734/3928 736/3929 743/3930
f 743/3931 736/3932 736/3933
f 743/3934 736/3935 750/3936
f 750/3937 736/3938 738/3939
f 750/3940 738/3941 751/3942
f 751/3943 738/3944 740/3945
f 751/3946 740/3947 752/3948
f 752/3949 740/3950 742/3951
f 752/3952 742/3953 753/3954
f 753/3955 742/3956 741/3957
f 753/3958 741/3959 754/3960
f 754/3961 741/3962 739/3963
f 754/3964 739/3965 749/3966
f 755/3967 756/3968 757/3969
f 757/3970 756/3971 756/3972
f 757/3973 756/3974 758/3975
f 758/3976 756/3977 759/3978
f 758/3979 759/3980 760/3981
f 760/3982 759/3983 761/3984
f 760/3985 761/3986 762/3987
f 762/3988 761/3989 763/3990
f 762/3991 763/3992 764/3993
f 764/3994 763/3995 765/3996
f 764/3997 765/3998 766/3999
f 766/4000 765/4001 767/4002
f 766/4003 767/4004 768/4005
f 768/4006 767/4007 769/4008
f 768/4009 769/4010 770/4011
f 770/4012 769/4013 771/4014
f 770/4015 771/4016 772/4017
f 772/4018 771/4019 773/4020
f 772/4021 773/4022 774/4023
f 774/4024 773/4025 775/4026
f 774/4027 775/4028 776/4029
f 776/4030 775/4031 777/4032
f 776/4033 777/4034 778/4035
f 757/4036 779/4037 755/4038
f 755/4039 779/4040 779/4041
f 755/4042 779/4043 780/4044
f 780/4045 779/4046 781/4047
f 780/4048 781/4049 782/4050
f 782/4051 781/4052 783/4053
f 782/4054 783/4055 784/4056
f 784/4057 783/4058 785/4059
f 784/4060 785/4061 786/4062
f 786/4063 785/4064 787/4065
f 786/4066 787/4067 788/4068
f 788/4069 787/4070 789/4071
f 788/4072 789/4073 790/4074
f 790/4075 789/4076 791/4077
f 790/4078 791/4079 792/4080
f 792/4081 791/4082 793/4083
f 792/4084 793/4085 794/4086
f 794/4087 793/4088 795/4089
f 794/4090 795/4091 796/4092
f 796/4093 795/4094 797/4095
f 796/4096 797/4097 798/4098
f 798/4099 797/4100 778/4101
f 798/4102 778/4103 777/4104
f 799/4105 800/4106 777/4107
f 777/4108 800/4109 800/4110
f 777/4111 800/4112 798/4113
f 798/4114 800/4115 801/4116
f 798/4117 801/4118 796/4119
f 796/4120 801/4121 802/4122
f 796/4123 802/4124 794/4125
f 794/4126 802/4127 803/4128
f 794/4129 803/4130 792/4131
f 792/4132 803/4133 804/4134
f 792/4135 804/4136 790/4137
f 790/4138 804/4139 805/4140
f 790/4141 805/4142 788/4143
f 788/4144 805/4145 806/4146
f 788/4147 806/4148 786/4149
f 786/4150 806/4151 807/4152
f 786/4153 807/4154 784/4155
f 784/4156 807/4157 808/4158
f 784/4159 808/4160 782/4161
f 782/4162 808/4163 809/4164
f 782/4165 809/4166 780/4167
f 780/4168 809/4169 810/4170
f 780/4171 810/4172 755/4173
f 777/4174 775/4175 799/4176
f 799/4177 775/4178 775/4179
f 799/4180 775/4181 811/4182
f 811/4183 775/4184 773/4185
f 811/4186 773/4187 812/4188
f 812/4189 773/4190 771/4191
f 812/4192 771/4193 813/4194
f 813/4195 771/4196 769/4197
f 813/4198 769/4199 814/4200
f 814/4201 769/4202 767/4203
f 814/4204 767/4205 815/4206
f 815/4207 767/4208 765/4209
f 815/4210 765/4211 816/4212
f 816/4213 765/4214 763/4215
f 816/4216 763/4217 817/4218
f 817/4219 763/4220 761/4221
f 817/4222 761/4223 818/4224
f 818/4225 761/4226 759/4227
f 818/4228 759/4229 819/4230
f 819/4231 759/4232 756/4233
f 819/4234 756/4235 820/4236
f 820/4237 756/4238 755/4239
f 820/4240 755/4241 810/4242
f 707/4243 708/4244 821/4245
f 821/4246 708/4247 708/4248
f 821/4249 708/4250 822/4251
f 822/4252 708/4253 709/4254
f 822/4255 709/4256 823/4257
f 823/4258 709/4259 710/4260
f 823/4261 710/4262 824/4263
f 824/4264 710/4265 711/4266
f 824/4267 711/4268 825/4269
f 825/4270 711/4271 712/4272
f 825/4273 712/4274 826/4275
f 826/4276 712/4277 713/4278
f 826/4279 713/4280 827/4281
f 827/4282 713/4283 714/4284
f 827/4285 714/4286 828/4287
f 828/4288 714/4289 715/4290
f 828/4291 715/4292 829/4293
f 829/4294 715/4295 716/4296
f 829/4297 716/4298 830/4299
f 830/4300 716/4301 717/4302
f 830/4303 717/4304 831/4305
f 831/4306 717/4307 718/4308
f 831/4309 718/4310 832/4311
f 832/4312 718/4313 719/4314
f 832/4315 719/4316 833/4317
f 821/4318 834/4319 707/4320
f 707/4321 834/4322 834/4323
f 707/4324 834/4325 720/4326
f 720/4327 834/4328 835/4329
f 720/4330 835/4331 721/4332
f 721/4333 835/4334 836/4335
f 721/4336 836/4337 722/4338
f 722/4339 836/4340 837/4341
f 722/4342 837/4343 723/4344
f 723/4345 837/4346 838/4347
f 723/4348 838/4349 724/4350
f 724/4351 838/4352 839/4353
f 724/4354 839/4355 725/4356
f 725/4357 839/4358 840/4359
f 725/4360 840/4361 726/4362
f 726/4363 840/4364 841/4365
f 726/4366 841/4367 727/4368
f 727/4369 841/4370 842/4371
f 727/4372 842/4373 728/4374
f 728/4375 842/4376 843/4377
f 728/4378 843/4379 729/4380
f 729/4381 843/4382 844/4383
f 729/4384 844/4385 730/4386
f 730/4387 844/4388 833/4389
f 730/4390 833/4391 719/4392
f 821/4393 822/4394 845/4395
f 845/4396 822/4397 822/4398
f 845/4399 822/4400 846/4401
f 846/4402 822/4403 823/4404
f 846/4405 823/4406 847/4407
f 847/4408 823/4409 824/4410
f 847/4411 824/4412 848/4413
f 848/4414 824/4415 825/4416
f 848/4417 825/4418 849/4419
f 849/4420 825/4421 826/4422
f 849/4423 826/4424 850/4425
f 850/4426 826/4427 827/4428
f 850/4429 827/4430 851/4431
f 851/4432 827/4433 828/4434
f 851/4435 828/4436 852/4437
f 852/4438 828/4439 829/4440
f 852/4441 829/4442 853/4443
f 853/4444 829/4445 830/4446
f 853/4447 830/4448 854/4449
f 854/4450 830/4451 831/4452
f 854/4453 831/4454 855/4455
f 855/4456 831/4457 832/4458
f 855/4459 832/4460 856/4461
f 856/4462 832/4463 833/4464
f 856/4465 833/4466 857/4467
f 845/4468 858/4469 821/4470
f 821/4471 858/4472 858/4473
f 821/4474 858/4475 834/4476
f 834/4477 858/4478 859/4479
f 834/4480 859/4481 835/4482
f 835/4483 859/4484 860/4485
f 835/4486 860/4487 836/4488
f 836/4489 860/4490 861/4491
f 836/4492 861/4493 837/4494
f 837/4495 861/4496 862/4497
f 837/4498 862/4499 838/4500
f 838/4501 862/4502 863/4503
f 838/4504 863/4505 839/4506
f 839/4507 863/4508 864/4509
f 839/4510 864/4511 840/4512
f 840/4513 864/4514 865/4515
f 840/4516 865/4517 841/4518
f 841/4519 865/4520 866/4521
f 841/4522 866/4523 842/4524
f 842/4525 866/4526 867/4527
f 842/4528 867/4529 843/4530
f 843/4531 867/4532 868/4533
f 843/4534 868/4535 844/4536
f 844/4537 868/4538 857/4539
f 844/4540 857/4541 833/4542
f 869/4543 870/4544 871/4545
f 871/4546 870/4547 870/4548
f 871/4549 870/4550 872/4551
f 872/4552 870/4553 873/4554
f 872/4555 873/4556 874/4557
f 874/4558 873/4559 875/4560
f 874/4561 875/4562 876/4563
f 876/4564 875/4565 877/4566
f 876/4567 877/4568 878/4569
f 879/4570 880/4571 881/4572
f 881/4573 880/4574 882/4575
f 881/4576 882/4577 883/4578
f 883/4579 882/4580 884/4581
f 883/4582 884/4583 885/4584
f 885/4585 884/4586 886/4587
f 885/4588 886/4589 887/4590
f 887/4591 886/4592 888/4593
f 882/4594 880/4595 872/4596
f 872/4597 880/4598 880/4599
f 872/4600 880/4601 871/4602
f 871/4603 880/4604 879/4605
f 871/4606 879/4607 869/4608
f 869/4609 879/4610 881/4611
f 869/4612 881/4613 870/4614
f 870/4615 881/4616 883/4617
f 870/4618 883/4619 873/4620
f 873/4621 883/4622 885/4623
f 873/4624 885/4625 875/4626
f 872/4627 874/4628 882/4629
f 882/4630 874/4631 874/4632
f 882/4633 874/4634 884/4635
f 884/4636 874/4637 876/4638
f 884/4639 876/4640 886/4641
f 886/4642 876/4643 878/4644
f 886/4645 878/4646 888/4647
f 888/4648 878/4649 877/4650
f 888/4651 877/4652 887/4653
f 887/4654 877/4655 875/4656
f 887/4657 875/4658 885/4659
f 889/4660 890/4661 891/4662
f 891/4663 890/4664 892/4665
f 891/4666 892/4667 893/4668
f 893/4669 892/4670 894/4671
f 893/4672 894/4673 895/4674
f 895/4675 894/4676 896/4677
f 895/4678 896/4679 897/4680
f 897/4681 896/4682 898/4683
f 897/4684 898/4685 899/4686
f 899/4687 898/4688 900/4689
f 899/4690 900/4691 901/4692
f 901/4693 900/4694 902/4695
f 901/4696 902/4697 903/4698
f 903/4699 902/4700 904/4701
f 903/4702 904/4703 905/4704
f 905/4705 904/4706 906/4707
f 905/4708 906/4709 907/4710
f 907/4711 906/4712 908/4713
f 907/4714 908/4715 909/4716
f 909/4717 908/4718 910/4719
f 909/4720 910/4721 911/4722
f 911/4723 910/4724 912/4725
f 913/4726 914/4727 915/4728
f 915/4729 914/4730 914/4731
f 915/4732 914/4733 916/4734
f 916/4735 914/4736 917/4737
f 916/4738 917/4739 918/4740
f 918/4741 917/4742 919/4743
f 918/4744 919/4745 920/4746
f 920/4747 919/4748 921/4749
f 920/4750 921/4751 922/4752
f 922/4753 921/4754 923/4755
f 922/4756 923/4757 924/4758
f 924/4759 923/4760 925/4761
f 924/4762 925/4763 926/4764
f 926/4765 925/4766 927/4767
f 926/4768 927/4769 928/4770
f 928/4771 927/4772 929/4773
f 928/4774 929/4775 930/4776
f 930/4777 929/4778 931/4779
f 930/4780 931/4781 932/4782
f 932/4783 931/4784 933/4785
f 932/4786 933/4787 934/4788
f 934/4789 933/4790 935/4791
f 934/4792 935/4793 936/4794
f 937/4795 938/4796 939/4797
f 939/4798 938/4799 938/4800
f 939/4801 938/4802 940/4803
f 940/4804 938/4805 941/4806
f 940/4807 941/4808 942/4809
f 942/4810 941/4811 943/4812
f 942/4813 943/4814 942/4815
f 942/4816 943/4817 944/4818
f 942/4819 944/4820 945/4821
f 945/4822 944/4823 946/4824
f 945/4825 946/4826 945/4827
f 945/4828 946/4829 947/4830
f 945/4831 947/4832 948/4833
f 948/4834 947/4835 949/4836
f 948/4837 949/4838 950/4839
f 950/4840 949/4841 951/4842
f 950/4843 951/4844 950/4845
f 950/4846 951/4847 952/4848
f 950/4849 952/4850 953/4851
f 953/4852 952/4853 954/4854
f 953/4855 954/4856 955/4857
f 955/4858 954/4859 956/4860
f 955/4861 956/4862 955/4863
f 955/4864 956/4865 957/4866
f 955/4867 957/4868 958/4869
f 958/4870 957/4871 959/4872
f 958/4873 959/4874 960/4875
f 960/4876 959/4877 961/4878
f 960/4879 961/4880 960/4881
f 960/4882 961/4883 962/4884
f 960/4885 962/4886 963/4887
f 963/4888 962/4889 964/4890
f 963/4891 964/4892 963/4893
f 963/4894 964/4895 965/4896
f 963/4897 965/4898 966/4899
f 966/4900 965/4901 967/4902
f 966/4903 967/4904 968/4905
f 968/4906 967/4907 969/4908
f 970/4909 971/4910 972/4911
f 972/4912 971/4913 971/4914
f 972/4915 971/4916 973/4917
f 973/4918 971/4919 974/4920
f 973/4921 974/4922 975/4923
f 975/4924 974/4925 976/4926
f 975/4927 976/4928 977/4929
f 977/4930 976/4931 978/4932
f 977/4933 978/4934 979/4935
f 979/4936 978/4937 980/4938
f 979/4939 980/4940 981/4941
f 981/4942 980/4943 982/4944
f 981/4945 982/4946 983/4947
f 983/4948 982/4949 984/4950
f 983/4951 984/4952 985/4953
f 985/4954 984/4955 986/4956
f 985/4957 986/4958 987/4959
f 987/4960 986/4961 988/4962
f 987/4963 988/4964 989/4965
f 989/4966 988/4967 990/4968
f 989/4969 990/4970 991/4971
f 991/4972 990/4973 992/4974
f 991/4975 992/4976 993/4977
f 994/4978 995/4979 996/4980
f 996/4981 995/4982 997/4983
f 996/4984 997/4985 998/4986
f 998/4987 997/4988 999/4989
f 998/4990 999/4991 1000/4992
f 1000/4993 999/4994 1001/4995
f 1000/4996 1001/4997 1002/4998
f 1002/4999 1001/5000 1003/5001
f 1002/5002 1003/5003 1004/5004
f 1004/5005 1003/5006 1005/5007
f 1004/5008 1005/5009 1006/5010
f 1006/5011 1005/5012 1007/5013
f 1006/5014 1007/5015 1008/5016
f 1008/5017 1007/5018 1009/5019
f 1008/5020 1009/5021 1010/5022
f 1010/5023 1009/5024 1011/5025
f 1010/5026 1011/5027 1012/5028
f 1012/5029 1011/5030 1013/5031
f 1012/5032 1013/5033 1014/5034
f 1014/5035 1013/5036 1015/5037
f 1014/5038 1015/5039 1016/5040
f 1016/5041 1015/5042 1017/5043
f 1018/5044 1019/5045 1020/5046
f 1020/5047 1019/5048 1019/5049
f 1020/5050 1019/5051 1021/5052
f 1021/5053 1019/5054 1022/5055
f 1021/5056 1022/5057 1023/5058
f 1023/5059 1022/5060 1024/5061
f 1023/5062 1024/5063 1025/5064
f 1025/5065 1024/5066 1026/5067
f 1025/5068 1026/5069 1027/5070
f 1027/5071 1026/5072 1028/5073
f 1027/5074 1028/5075 1029/5076
f 1029/5077 1028/5078 1030/5079
f 1029/5080 1030/5081 1031/5082
f 1031/5083 1030/5084 1032/5085
f 1031/5086 1032/5087 1033/5088
f 1020/5089 1034/5090 1018/5091
f 1018/5092 1034/5093 1034/5094
f 1018/5095 1034/5096 1035/5097
f 1035/5098 1034/5099 1036/5100
f 1035/5101 1036/5102 1037/5103
f 1037/5104 1036/5105 1038/5106
f 1037/5107 1038/5108 1039/5109
f 1039/5110 1038/5111 1040/5112
f 1039/5113 1040/5114 1041/5115
f 1041/5116 1040/5117 1042/5118
f 1041/5119 1042/5120 1043/5121
f 1043/5122 1042/5123 1044/5124
f 1043/5125 1044/5126 1045/5127
f 1045/5128 1044/5129 1033/5130
f 1045/5131 1033/5132 1032/5133
f 1046/5134 1047/5135 1048/5136
f 1048/5137 1047/5138 1047/5139
f 1048/5140 1047/5141 1049/5142
f 1049/5143 1047/5144 1050/5145
f 1049/5146 1050/5147 1051/5148
f 1051/5149 1050/5150 1052/5151
f 1051/5152 1052/5153 1053/5154
f 1053/5155 1052/5156 1054/5157
f 1053/5158 1054/5159 1055/5160
f 1055/5161 1054/5162 1056/5163
f 1055/5164 1056/5165 1057/5166
f 1057/5167 1056/5168 1058/5169
f 1057/5170 1058/5171 1059/5172
f 1059/5173 1058/5174 1060/5175
f 1059/5176 1060/5177 1061/5178
f 1061/5179 1060/5180 1062/5181
f 1061/5182 1062/5183 1063/5184
f 1048/5185 1064/5186 1046/5187
f 1046/5188 1064/5189 1064/5190
f 1046/5191 1064/5192 1065/5193
f 1065/5194 1064/5195 1066/5196
f 1065/5197 1066/5198 1067/5199
f 1067/5200 1066/5201 1068/5202
f 1067/5203 1068/5204 1069/5205
f 1069/5206 1068/5207 1070/5208
f 1069/5209 1070/5210 1071/5211
f 1071/5212 1070/5213 1072/5214
f 1071/5215 1072/5216 1073/5217
f 1073/5218 1072/5219 1074/5220
f 1073/5221 1074/5222 1075/5223
f 1075/5224 1074/5225 1076/5226
f 1075/5227 1076/5228 1077/5229
f 1077/5230 1076/5231 1063/5232
f 1077/5233 1063/5234 1062/5235
f 1010/5236 1012/5237 1078/5238
f 1078/5239 1012/5240 1012/5241
f 1078/5242 1012/5243 1079/5244
f 1079/5245 1012/5246 1014/5247
f 1079/5248 1014/5249 1080/5250
f 1080/5251 1014/5252 1016/5253
f 1080/5254 1016/5255 1081/5256
f 1081/5257 1016/5258 1017/5259
f 1081/5260 1017/5261 1082/5262
f 1082/5263 1017/5264 1015/5265
f 1082/5266 1015/5267 1083/5268
f 1083/5269 1015/5270 1013/5271
f 1083/5272 1013/5273 1084/5274
f 1084/5275 1013/5276 1011/5277
f 1084/5278 1011/5279 1085/5280
f 1085/5281 1011/5282 1009/5283
f 1085/5284 1009/5285 1086/5286
f 1086/5287 1009/5288 1007/5289
f 1086/5290 1007/5291 1087/5292
f 1087/5293 1007/5294 1005/5295
f 1087/5296 1005/5297 1088/5298
f 1088/5299 1005/5300 1003/5301
f 1088/5302 1003/5303 1089/5304
f 1089/5305 1003/5306 1001/5307
f 1089/5308 1001/5309 1090/5310
f 1078/5311 1091/5312 1010/5313
f 1010/5314 1091/5315 1091/5316
f 1010/5317 1091/5318 1008/5319
f 1008/5320 1091/5321 1092/5322
f 1008/5323 1092/5324 1006/5325
f 1006/5326 1092/5327 1093/5328
f 1006/5329 1093/5330 1004/5331
f 1004/5332 1093/5333 1094/5334
f 1004/5335 1094/5336 1002/5337
f 1002/5338 1094/5339 1095/5340
f 1002/5341 1095/5342 1000/5343
f 1000/5344 1095/5345 1096/5346
f 1000/5347 1096/5348 998/5349
f 998/5350 1096/5351 1097/5352
f 998/5353 1097/5354 996/5355
f 996/5356 1097/5357 1098/5358
f 996/5359 1098/5360 994/5361
f 994/5362 1098/5363 1099/5364
f 994/5365 1099/5366 995/5367
f 995/5368 1099/5369 1100/5370
f 995/5371 1100/5372 997/5373
f 997/5374 1100/5375 1101/5376
f 997/5377 1101/5378 999/5379
f 999/5380 1101/5381 1090/5382
f 999/5383 1090/5384 1001/5385
f 1102/5386 1103/5387 1104/5388
f 1104/5389 1103/5390 1103/5391
f 1104/5392 1103/5393 1105/5394
f 1105/5395 1103/5396 1106/5397
f 1105/5398 1106/5399 1107/5400
f 1107/5401 1106/5402 1108/5403
f 1107/5404 1108/5405 1109/5406
f 1109/5407 1108/5408 1110/5409
f 1109/5410 1110/5411 1111/5412
f 1111/5413 1110/5414 1112/5415
f 1111/5416 1112/5417 1113/5418
f 1113/5419 1112/5420 1114/5421
f 1113/5422 1114/5423 1115/5424
f 1115/5425 1114/5426 1116/5427
f 1115/5428 1116/5429 1117/5430
f 1117/5431 1116/5432 1118/5433
f 1117/5434 1118/5435 1119/5436
f 1119/5437 1118/5438 1120/5439
f 1119/5440 1120/5441 1121/5442
f 1121/5443 1120/5444 1122/5445
f 1121/5446 1122/5447 1123/5448
f 1123/5449 1122/5450 1124/5451
f 1123/5452 1124/5453 1125/5454
f 27/5455 29/5456 25/5457
f 25/5458 29/5459 31/5460
f 25/5461 31/5462 23/5463
f 23/5464 31/5465 33/5466
f 23/5467 33/5468 21/5469
f 21/5470 33/5471 35/5472
f 21/5473 35/5474 19/5475
f 19/5476 35/5477 37/5478
f 19/5479 37/5480 17/5481
f 17/5482 37/5483 39/5484
f 17/5485 39/5486 15/5487
f 15/5488 39/5489 1126/5490
f 15/5491 1126/5492 13/5493
f 13/5494 1126/5495 1127/5496
f 13/5497 1127/5498 11/5499
f 11/5500 1127/5501 1128/5502
f 11/5503 1128/5504 9/5505
f 9/5506 1128/5507 1129/5508
f 9/5509 1129/5510 7/5511
f 7/5512 1129/5513 1130/5514
f 7/5515 1130/5516 5/5517
f 5/5518 1130/5519 1131/5520
f 5/5521 1131/5522 3/5523
f 3/5524 1131/5525 1132/5526
f 3/5527 1132/5528 1/5529
f 1/5530 1132/5531 1133/5532
f 1/5533 1133/5534 1134/5535
f 1134/5536 1133/5537 1135/5538
f 1134/5539 1135/5540 1136/5541
f 1136/5542 1135/5543 1137/5544
f 1136/5545 1137/5546 1138/5547
f 1138/5548 1137/5549 1139/5550
f 1138/5551 1139/5552 1140/5553
f 1140/5554 1139/5555 1141/5556
f 1140/5557 1141/5558 1142/5559
f 1142/5560 1141/5561 1143/5562
f 39/5563 40/5564 1126/5565
f 1126/5566 40/5567 1144/5568
f 1126/5569 1144/5570 1127/5571
f 1127/5572 1144/5573 1145/5574
f 1127/5575 1145/5576 1128/5577
f 1128/5578 1145/5579 1146/5580
f 1128/5581 1146/5582 1129/5583
f 1129/5584 1146/5585 1147/5586
f 1129/5587 1147/5588 1130/5589
f 1130/5590 1147/5591 1148/5592
f 1130/5593 1148/5594 1131/5595
f 1131/5596 1148/5597 1149/5598
f 1131/5599 1149/5600 1132/5601
f 1132/5602 1149/5603 1150/5604
f 1132/5605 1150/5606 1133/5607
f 1133/5608 1150/5609 1151/5610
f 1133/5611 1151/5612 1135/5613
f 1135/5614 1151/5615 1152/5616
f 1135/5617 1152/5618 1137/5619
f 1137/5620 1152/5621 1153/5622
f 1137/5623 1153/5624 1139/5625
f 1139/5626 1153/5627 1154/5628
f 1139/5629 1154/5630 1141/5631
f 1141/5632 1154/5633 1155/5634
f 1141/5635 1155/5636 1143/5637
f 1143/5638 1155/5639 1156/5640
f 1143/5641 1156/5642 1142/5643
f 1142/5644 1156/5645 1157/5646
f 1142/5647 1157/5648 1140/5649
f 1140/5650 1157/5651 1158/5652
f 1140/5653 1158/5654 1138/5655
f 1138/5656 1158/5657 1159/5658
f 1138/5659 1159/5660 1136/5661
f 1136/5662 1159/5663 1160/5664
f 1136/5665 1160/5666 1134/5667
f 1134/5668 1160/5669 1161/5670
f 1134/5671 1161/5672 1/5673
f 1/5674 1161/5675 2/5676
f 937/5677 40/5678 938/5679
f 938/5680 40/5681 38/5682
f 938/5683 38/5684 941/5685
f 941/5686 38/5687 36/5688
f 941/5689 36/5690 943/5691
f 943/5692 36/5693 34/5694
f 943/5695 34/5696 944/5697
f 944/5698 34/5699 32/5700
f 944/5701 32/5702 946/5703
f 946/5704 32/5705 30/5706
f 946/5707 30/5708 947/5709
f 947/5710 30/5711 28/5712
f 947/5713 28/5714 949/5715
f 949/5716 28/5717 26/5718
f 949/5719 26/5720 951/5721
f 951/5722 26/5723 24/5724
f 951/5725 24/5726 952/5727
f 952/5728 24/5729 22/5730
f 952/5731 22/5732 954/5733
f 954/5734 22/5735 20/5736
f 954/5737 20/5738 956/5739
f 956/5740 20/5741 18/5742
f 956/5743 18/5744 957/5745
f 957/5746 18/5747 16/5748
f 957/5749 16/5750 959/5751
f 959/5752 16/5753 14/5754
f 959/5755 14/5756 961/5757
f 961/5758 14/5759 12/5760
f 961/5761 12/5762 962/5763
f 962/5764 12/5765 10/5766
f 962/5767 10/5768 964/5769
f 964/5770 10/5771 8/5772
f 964/5773 8/5774 965/5775
f 965/5776 8/5777 6/5778
f 965/5779 6/5780 967/5781
f 967/5782 6/5783 4/5784
f 967/5785 4/5786 969/5787
f 969/5788 4/5789 2/5790
f 40/5791 937/5792 1144/5793
f 1144/5794 937/5795 1162/5796
f 1144/5797 1162/5798 1145/5799
f 1145/5800 1162/5801 1163/5802
f 1145/5803 1163/5804 1146/5805
f 1146/5806 1163/5807 1164/5808
f 1146/5809 1164/5810 1147/5811
f 1147/5812 1164/5813 1165/5814
f 1147/5815 1165/5816 1148/5817
f 1148/5818 1165/5819 1166/5820
f 1148/5821 1166/5822 1149/5823
f 1149/5824 1166/5825 1167/5826
f 1149/5827 1167/5828 1150/5829
f 1150/5830 1167/5831 1168/5832
f 1150/5833 1168/5834 1151/5835
f 1151/5836 1168/5837 1169/5838
f 1151/5839 1169/5840 1152/5841
f 1152/5842 1169/5843 1170/5844
f 1152/5845 1170/5846 1153/5847
f 1153/5848 1170/5849 1171/5850
f 1153/5851 1171/5852 1154/5853
f 1154/5854 1171/5855 1172/5856
f 1154/5857 1172/5858 1155/5859
f 1155/5860 1172/5861 1173/5862
f 1155/5863 1173/5864 1156/5865
f 1156/5866 1173/5867 1174/5868
f 1156/5869 1174/5870 1157/5871
f 1157/5872 1174/5873 1175/5874
f 1157/5875 1175/5876 1158/5877
f 1158/5878 1175/5879 1176/5880
f 1158/5881 1176/5882 1159/5883
f 1159/5884 1176/5885 1177/5886
f 1159/5887 1177/5888 1160/5889
f 1160/5890 1177/5891 1178/5892
f 1160/5893 1178/5894 1161/5895
f 1161/5896 1178/5897 1179/5898
f 1161/5899 1179/5900 2/5901
f 2/5902 1179/5903 969/5904
f 937/5905 939/5906 1162/5907
f 1162/5908 939/5909 1180/5910
f 1162/5911 1180/5912 1163/5913
f 1163/5914 1180/5915 1181/5916
f 1163/5917 1181/5918 1164/5919
f 1164/5920 1181/5921 1181/5922
f 1164/5923 1181/5924 1165/5925
f 1165/5926 1181/5927 1182/5928
f 1165/5929 1182/5930 1166/5931
f 1166/5932 1182/5933 1182/5934
f 1166/5935 1182/5936 1167/5937
f 1167/5938 1182/5939 1183/5940
f 1167/5941 1183/5942 1168/5943
f 1168/5944 1183/5945 1184/5946
f 1168/5947 1184/5948 1169/5949
f 1169/5950 1184/5951 1184/5952
f 1169/5953 1184/5954 1170/5955
f 1170/5956 1184/5957 1185/5958
f 1170/5959 1185/5960 1171/5961
f 1171/5962 1185/5963 1186/5964
f 1171/5965 1186/5966 1172/5967
f 1172/5968 1186/5969 1186/5970
f 1172/5971 1186/5972 1173/5973
f 1173/5974 1186/5975 1187/5976
f 1173/5977 1187/5978 1174/5979
f 1174/5980 1187/5981 1188/5982
f 1174/5983 1188/5984 1175/5985
f 1175/5986 1188/5987 1188/5988
f 1175/5989 1188/5990 1176/5991
f 1176/5992 1188/5993 1189/5994
f 1176/5995 1189/5996 1177/5997
f 1177/5998 1189/5999 1189/6000
f 1177/6001 1189/6002 1178/6003
f 1178/6004 1189/6005 1190/6006
f 1178/6007 1190/6008 1179/6009
f 1179/6010 1190/6011 968/6012
f 1179/6013 968/6014 969/6015
f 1191/6016 1192/6017 1193/6018
f 1193/6019 1192/6020 1192/6021
f 1193/6022 1192/6023 1194/6024
f 1194/6025 1192/6026 1195/6027
f 1194/6028 1195/6029 1196/6030
f 1196/6031 1195/6032 1197/6033
f 1196/6034 1197/6035 1198/6036
f 1198/6037 1197/6038 1199/6039
f 1198/6040 1199/6041 1200/6042
f 1200/6043 1199/6044 1201/6045
f 1200/6046 1201/6047 1202/6048
f 1203/6049 1204/6050 1194/6051
f 1194/6052 1204/6053 1204/6054
f 1194/6055 1204/6056 1193/6057
f 1193/6058 1204/6059 1205/6060
f 1193/6061 1205/6062 1191/6063
f 1191/6064 1205/6065 1206/6066
f 1191/6067 1206/6068 1192/6069
f 1192/6070 1206/6071 1207/6072
f 1192/6073 1207/6074 1195/6075
f 1195/6076 1207/6077 1208/6078
f 1195/6079 1208/6080 1197/6081
f 1197/6082 1208/6083 1209/6084
f 1197/6085 1209/6086 1199/6087
f 1194/6088 1196/6089 1203/6090
f 1203/6091 1196/6092 1196/6093
f 1203/6094 1196/6095 1210/6096
f 1210/6097 1196/6098 1198/6099
f 1210/6100 1198/6101 1211/6102
f 1211/6103 1198/6104 1200/6105
f 1211/6106 1200/6107 1212/6108
f 1212/6109 1200/6110 1202/6111
f 1212/6112 1202/6113 1213/6114
f 1213/6115 1202/6116 1201/6117
f 1213/6118 1201/6119 1214/6120
f 1214/6121 1201/6122 1199/6123
f 1214/6124 1199/6125 1209/6126
f 1215/6127 1216/6128 1217/6129
f 1217/6130 1216/6131 1216/6132
f 1217/6133 1216/6134 1218/6135
f 1218/6136 1216/6137 1219/6138
f 1218/6139 1219/6140 1220/6141
f 1220/6142 1219/6143 1221/6144
f 1220/6145 1221/6146 1222/6147
f 1222/6148 1221/6149 1223/6150
f 1222/6151 1223/6152 1224/6153
f 1224/6154 1223/6155 1225/6156
f 1224/6157 1225/6158 1226/6159
f 1226/6160 1225/6161 1227/6162
f 1226/6163 1227/6164 1228/6165
f 1228/6166 1227/6167 1229/6168
f 1228/6169 1229/6170 1230/6171
f 1230/6172 1229/6173 1231/6174
f 1230/6175 1231/6176 1232/6177
f 1232/6178 1231/6179 1233/6180
f 1232/6181 1233/6182 1234/6183
f 1234/6184 1233/6185 1235/6186
f 1234/6187 1235/6188 1236/6189
f 1236/6190 1235/6191 1237/6192
f 1236/6193 1237/6194 1238/6195
f 1217/6196 1239/6197 1215/6198
f 1215/6199 1239/6200 1239/6201
f 1215/6202 1239/6203 1240/6204
f 1240/6205 1239/6206 1241/6207
f 1240/6208 1241/6209 1242/6210
f 1242/6211 1241/6212 1243/6213
f 1242/6214 1243/6215 1244/6216
f 1244/6217 1243/6218 1245/6219
f 1244/6220 1245/6221 1246/6222
f 1246/6223 1245/6224 1247/6225
f 1246/6226 1247/6227 1248/6228
f 1248/6229 1247/6230 1249/6231
f 1248/6232 1249/6233 1250/6234
f 1250/6235 1249/6236 1251/6237
f 1250/6238 1251/6239 1252/6240
f 1252/6241 1251/6242 1253/6243
f 1252/6244 1253/6245 1254/6246
f 1254/6247 1253/6248 1255/6249
f 1254/6250 1255/6251 1256/6252
f 1256/6253 1255/6254 1257/6255
f 1256/6256 1257/6257 1258/6258
f 1258/6259 1257/6260 1238/6261
f 1258/6262 1238/6263 1237/6264
f 1259/6265 1260/6266 1237/6267
f 1237/6268 1260/6269 1260/6270
f 1237/6271 1260/6272 1258/6273
f 1258/6274 1260/6275 1261/6276
f 1258/6277 1261/6278 1256/6279
f 1256/6280 1261/6281 1262/6282
f 1256/6283 1262/6284 1254/6285
f 1254/6286 1262/6287 1263/6288
f 1254/6289 1263/6290 1252/6291
f 1252/6292 1263/6293 1264/6294
f 1252/6295 1264/6296 1250/6297
f 1250/6298 1264/6299 1265/6300
f 1250/6301 1265/6302 1248/6303
f 1248/6304 1265/6305 1266/6306
f 1248/6307 1266/6308 1246/6309
f 1246/6310 1266/6311 1267/6312
f 1246/6313 1267/6314 1244/6315
f 1244/6316 1267/6317 1268/6318
f 1244/6319 1268/6320 1242/6321
f 1242/6322 1268/6323 1269/6324
f 1242/6325 1269/6326 1240/6327
f 1240/6328 1269/6329 1270/6330
f 1240/6331 1270/6332 1215/6333
f 1237/6334 1235/6335 1259/6336
f 1259/6337 1235/6338 1235/6339
f 1259/6340 1235/6341 1271/6342
f 1271/6343 1235/6344 1233/6345
f 1271/6346 1233/6347 1272/6348
f 1272/6349 1233/6350 1231/6351
f 1272/6352 1231/6353 1273/6354
f 1273/6355 1231/6356 1229/6357
f 1273/6358 1229/6359 1274/6360
f 1274/6361 1229/6362 1227/6363
f 1274/6364 1227/6365 1275/6366
f 1275/6367 1227/6368 1225/6369
f 1275/6370 1225/6371 1276/6372
f 1276/6373 1225/6374 1223/6375
f 1276/6376 1223/6377 1277/6378
f 1277/6379 1223/6380 1221/6381
f 1277/6382 1221/6383 1278/6384
f 1278/6385 1221/6386 1219/6387
f 1278/6388 1219/6389 1279/6390
f 1279/6391 1219/6392 1216/6393
f 1279/6394 1216/6395 1280/6396
f 1280/6397 1216/6398 1215/6399
f 1280/6400 1215/6401 1270/6402
f 939/6403 940/6404 1281/6405
f 1281/6406 940/6407 940/6408
f 1281/6409 940/6410 1282/6411
f 1282/6412 940/6413 942/6414
f 1282/6415 942/6416 1283/6417
f 1283/6418 942/6419 945/6420
f 1283/6421 945/6422 1284/6423
f 1284/6424 945/6425 948/6426
f 1284/6427 948/6428 1285/6429
f 1285/6430 948/6431 950/6432
f 1285/6433 950/6434 1286/6435
f 1286/6436 950/6437 953/6438
f 1286/6439 953/6440 1287/6441
f 1287/6442 953/6443 955/6444
f 1287/6445 955/6446 1288/6447
f 1288/6448 955/6449 958/6450
f 1288/6451 958/6452 1289/6453
f 1289/6454 958/6455 960/6456
f 1289/6457 960/6458 1290/6459
f 1290/6460 960/6461 963/6462
f 1290/6463 963/6464 1291/6465
f 1291/6466 963/6467 966/6468
f 1291/6469 966/6470 1292/6471
f 1292/6472 966/6473 968/6474
f 1292/6475 968/6476 1293/6477
f 1281/6478 1294/6479 939/6480
f 939/6481 1294/6482 1294/6483
f 939/6484 1294/6485 1180/6486
f 1180/6487 1294/6488 1295/6489
f 1180/6490 1295/6491 1181/6492
f 1181/6493 1295/6494 1296/6495
f 1181/6496 1296/6497 1182/6498
f 1182/6499 1296/6500 1297/6501
f 1182/6502 1297/6503 1183/6504
f 1183/6505 1297/6506 1298/6507
f 1183/6508 1298/6509 1184/6510
f 1184/6511 1298/6512 1299/6513
f 1184/6514 1299/6515 1185/6516
f 1185/6517 1299/6518 1300/6519
f 1185/6520 1300/6521 1186/6522
f 1186/6523 1300/6524 1301/6525
f 1186/6526 1301/6527 1187/6528
f 1187/6529 1301/6530 1302/6531
f 1187/6532 1302/6533 1188/6534
f 1188/6535 1302/6536 1303/6537
f 1188/6538 1303/6539 1189/6540
f 1189/6541 1303/6542 1304/6543
f 1189/6544 1304/6545 1190/6546
f 1190/6547 1304/6548 1293/6549
f 1190/6550 1293/6551 968/6552
f 1281/6553 1282/6554 1305/6555
f 1305/6556 1282/6557 1282/6558
f 1305/6559 1282/6560 1306/6561
f 1306/6562 1282/6563 1283/6564
f 1306/6565 1283/6566 1307/6567
f 1307/6568 1283/6569 1284/6570
f 1307/6571 1284/6572 1308/6573
f 1308/6574 1284/6575 1285/6576
f 1308/6577 1285/6578 1309/6579
f 1309/6580 1285/6581 1286/6582
f 1309/6583 1286/6584 1310/6585
f 1310/6586 1286/6587 1287/6588
f 1310/6589 1287/6590 1311/6591
f 1311/6592 1287/6593 1288/6594
f 1311/6595 1288/6596 1312/6597
f 1312/6598 1288/6599 1289/6600
f 1312/6601 1289/6602 1313/6603
f 1313/6604 1289/6605 1290/6606
f 1313/6607 1290/6608 1314/6609
f 1314/6610 1290/6611 1291/6612
f 1314/6613 1291/6614 1315/6615
f 1315/6616 1291/6617 1292/6618
f 1315/6619 1292/6620 1316/6621
f 1316/6622 1292/6623 1293/6624
f 1316/6625 1293/6626 1317/6627
f 1305/6628 1318/6629 1281/6630
f 1281/6631 1318/6632 1318/6633
f 1281/6634 1318/6635 1294/6636
f 1294/6637 1318/6638 1319/6639
f 1294/6640 1319/6641 1295/6642
f 1295/6643 1319/6644 1320/6645
f 1295/6646 1320/6647 1296/6648
f 1296/6649 1320/6650 1321/6651
f 1296/6652 1321/6653 1297/6654
f 1297/6655 1321/6656 1322/6657
f 1297/6658 1322/6659 1298/6660
f 1298/6661 1322/6662 1323/6663
f 1298/6664 1323/6665 1299/6666
f 1299/6667 1323/6668 1324/6669
f 1299/6670 1324/6671 1300/6672
f 1300/6673 1324/6674 1325/6675
f 1300/6676 1325/6677 1301/6678
f 1301/6679 1325/6680 1326/6681
f 1301/6682 1326/6683 1302/6684
f 1302/6685 1326/6686 1327/6687
f 1302/6688 1327/6689 1303/6690
f 1303/6691 1327/6692 1328/6693
f 1303/6694 1328/6695 1304/6696
f 1304/6697 1328/6698 1317/6699
f 1304/6700 1317/6701 1293/6702
f 1324/6703 1263/6704 1325/6705
f 1325/6706 1263/6707 1262/6708
f 1325/6709 1262/6710 1326/6711
f 1326/6712 1262/6713 1261/6714
f 1326/6715 1261/6716 1327/6717
f 1327/6718 1261/6719 1260/6720
f 1327/6721 1260/6722 1328/6723
f 1328/6724 1260/6725 1259/6726
f 1328/6727 1259/6728 1317/6729
f 1317/6730 1259/6731 1259/6732
f 1317/6733 1259/6734 1316/6735
f 1316/6736 1259/6737 1271/6738
f 1316/6739 1271/6740 1315/6741
f 1315/6742 1271/6743 1272/6744
f 1315/6745 1272/6746 1314/6747
f 1314/6748 1272/6749 1273/6750
f 1314/6751 1273/6752 1313/6753
f 1313/6754 1273/6755 1274/6756
f 1313/6757 1274/6758 1312/6759
f 1312/6760 1274/6761 1275/6762
f 1312/6763 1275/6764 1311/6765
f 1311/6766 1275/6767 1276/6768
f 1311/6769 1276/6770 1310/6771
f 1310/6772 1276/6773 1277/6774
f 1310/6775 1277/6776 1309/6777
f 1309/6778 1277/6779 1278/6780
f 1309/6781 1278/6782 1308/6783
f 1308/6784 1278/6785 1279/6786
f 1308/6787 1279/6788 1307/6789
f 1307/6790 1279/6791 1280/6792
f 1307/6793 1280/6794 1306/6795
f 1306/6796 1280/6797 1270/6798
f 1306/6799 1270/6800 1305/6801
f 1305/6802 1270/6803 1270/6804
f 1305/6805 1270/6806 1318/6807
f 1318/6808 1270/6809 1269/6810
f 1318/6811 1269/6812 1319/6813
f 1319/6814 1269/6815 1268/6816
f 1319/6817 1268/6818 1320/6819
f 1320/6820 1268/6821 1267/6822
f 1320/6823 1267/6824 1321/6825
f 1321/6826 1267/6827 1266/6828
f 1321/6829 1266/6830 1322/6831
f 1322/6832 1266/6833 1265/6834
f 1322/6835 1265/6836 1323/6837
f 1323/6838 1265/6839 1264/6840
f 1323/6841 1264/6842 1324/6843
f 1324/6844 1264/6845 1263/6846
f 1241/6847 1239/6848 1208/6849
f 1208/6850 1239/6851 1239/6852
f 1208/6853 1239/6854 1209/6855
f 1209/6856 1239/6857 1217/6858
f 1209/6859 1217/6860 1209/6861
f 1209/6862 1217/6863 1218/6864
f 1209/6865 1218/6866 1214/6867
f 1214/6868 1218/6869 1220/6870
f 1214/6871 1220/6872 1214/6873
f 1214/6874 1220/6875 1222/6876
f 1214/6877 1222/6878 1213/6879
f 1213/6880 1222/6881 1224/6882
f 1213/6883 1224/6884 1213/6885
f 1213/6886 1224/6887 1226/6888
f 1213/6889 1226/6890 1212/6891
f 1212/6892 1226/6893 1228/6894
f 1212/6895 1228/6896 1211/6897
f 1211/6898 1228/6899 1230/6900
f 1211/6901 1230/6902 1211/6903
f 1211/6904 1230/6905 1232/6906
f 1211/6907 1232/6908 1210/6909
f 1210/6910 1232/6911 1234/6912
f 1210/6913 1234/6914 1210/6915
f 1210/6916 1234/6917 1236/6918
f 1210/6919 1236/6920 1203/6921
f 1203/6922 1236/6923 1238/6924
f 1203/6925 1238/6926 1203/6927
f 1203/6928 1238/6929 1257/6930
f 1203/6931 1257/6932 1204/6933
f 1204/6934 1257/6935 1255/6936
f 1204/6937 1255/6938 1204/6939
f 1204/6940 1255/6941 1253/6942
f 1204/6943 1253/6944 1205/6945
f 1205/6946 1253/6947 1251/6948
f 1205/6949 1251/6950 1205/6951
f 1205/6952 1251/6953 1249/6954
f 1205/6955 1249/6956 1206/6957
f 1206/6958 1249/6959 1247/6960
f 1206/6961 1247/6962 1207/6963
f 1207/6964 1247/6965 1245/6966
f 1207/6967 1245/6968 1207/6969
f 1207/6970 1245/6971 1243/6972
f 1207/6973 1243/6974 1208/6975
f 1208/6976 1243/6977 1241/6978
f 1090/6979 1101/6980 1046/6981
f 1046/6982 1101/6983 1101/6984
f 1046/6985 1101/6986 1047/6987
f 1047/6988 1101/6989 1100/6990
f 1047/6991 1100/6992 1050/6993
f 1050/6994 1100/6995 1099/6996
f 1050/6997 1099/6998 1050/6999
f 1050/7000 1099/7001 1098/7002
f 1050/7003 1098/7004 1052/7005
f 1052/7006 1098/7007 1097/7008
f 1052/7009 1097/7010 1054/7011
f 1054/7012 1097/7013 1096/7014
f 1054/7015 1096/7016 1054/7017
f 1054/7018 1096/7019 1095/7020
f 1054/7021 1095/7022 1056/7023
f 1056/7024 1095/7025 1094/7026
f 1056/7027 1094/7028 1058/7029
f 1058/7030 1094/7031 1093/7032
f 1058/7033 1093/7034 1058/7035
f 1058/7036 1093/7037 1092/7038
f 1058/7039 1092/7040 1060/7041
f 1060/7042 1092/7043 1091/7044
f 1060/7045 1091/7046 1062/7047
f 1062/7048 1091/7049 1078/7050
f 1062/7051 1078/7052 1062/7053
f 1062/7054 1078/7055 1079/7056
f 1062/7057 1079/7058 1077/7059
f 1077/7060 1079/7061 1080/7062
f 1077/7063 1080/7064 1075/7065
f 1075/7066 1080/7067 1081/7068
f 1075/7069 1081/7070 1075/7071
f 1075/7072 1081/7073 1082/7074
f 1075/7075 1082/7076 1073/7077
f 1073/7078 1082/7079 1083/7080
f 1073/7081 1083/7082 1071/7083
f 1071/7084 1083/7085 1084/7086
f 1071/7087 1084/7088 1071/7089
f 1071/7090 1084/7091 1085/7092
f 1071/7093 1085/7094 1069/7095
f 1069/7096 1085/7097 1086/7098
f 1069/7099 1086/7100 1067/7101
f 1067/7102 1086/7103 1087/7104
f 1067/7105 1087/7106 1067/7107
f 1067/7108 1087/7109 1088/7110
f 1067/7111 1088/7112 1065/7113
f 1065/7114 1088/7115 1089/7116
f 1065/7117 1089/7118 1046/7119
f 1046/7120 1089/7121 1090/7122
f 1063/7123 1076/7124 1020/7125
f 1020/7126 1076/7127 1076/7128
f 1020/7129 1076/7130 1034/7131
f 1034/7132 1076/7133 1074/7134
f 1034/7135 1074/7136 1036/7137
f 1036/7138 1074/7139 1072/7140
f 1036/7141 1072/7142 1038/7143
f 1038/7144 1072/7145 1070/7146
f 1038/7147 1070/7148 1040/7149
f 1040/7150 1070/7151 1068/7152
f 1040/7153 1068/7154 1042/7155
f 1042/7156 1068/7157 1066/7158
f 1042/7159 1066/7160 1044/7161
f 1044/7162 1066/7163 1064/7164
f 1044/7165 1064/7166 1033/7167
f 1033/7168 1064/7169 1048/7170
f 1033/7171 1048/7172 1033/7173
f 1033/7174 1048/7175 1049/7176
f 1033/7177 1049/7178 1031/7179
f 1031/7180 1049/7181 1051/7182
f 1031/7183 1051/7184 1029/7185
f 1029/7186 1051/7187 1053/7188
f 1029/7189 1053/7190 1027/7191
f 1027/7192 1053/7193 1055/7194
f 1027/7195 1055/7196 1025/7197
f 1025/7198 1055/7199 1057/7200
f 1025/7201 1057/7202 1023/7203
f 1023/7204 1057/7205 1059/7206
f 1023/7207 1059/7208 1021/7209
f 1021/7210 1059/7211 1061/7212
f 1021/7213 1061/7214 1020/7215
f 1020/7216 1061/7217 1063/7218
f 1039/7219 1329/7220 1037/7221
f 1037/7222 1329/7223 1330/7224
f 1037/7225 1330/7226 1035/7227
f 1035/7228 1330/7229 1331/7230
f 1035/7231 1331/7232 1035/7233
f 1035/7234 1331/7235 1332/7236
f 1035/7237 1332/7238 1018/7239
f 1018/7240 1332/7241 1333/7242
f 1018/7243 1333/7244 1018/7245
f 1018/7246 1333/7247 1334/7248
f 1018/7249 1334/7250 1019/7251
f 1019/7252 1334/7253 1335/7254
f 1019/7255 1335/7256 1019/7257
f 1019/7258 1335/7259 1336/7260
f 1019/7261 1336/7262 1022/7263
f 1022/7264 1336/7265 1337/7266
f 1022/7267 1337/7268 1024/7269
f 1024/7270 1337/7271 1338/7272
f 1024/7273 1338/7274 1024/7275
f 1024/7276 1338/7277 1339/7278
f 1024/7279 1339/7280 1026/7281
f 1026/7282 1339/7283 1340/7284
f 1026/7285 1340/7286 1026/7287
f 1026/7288 1340/7289 1341/7290
f 1026/7291 1341/7292 1028/7293
f 1028/7294 1341/7295 1342/7296
f 1028/7297 1342/7298 1030/7299
f 1030/7300 1342/7301 1343/7302
f 1030/7303 1343/7304 1030/7305
f 1030/7306 1343/7307 1344/7308
f 1030/7309 1344/7310 1032/7311
f 1032/7312 1344/7313 1345/7314
f 1032/7315 1345/7316 1032/7317
f 1032/7318 1345/7319 1346/7320
f 1032/7321 1346/7322 1045/7323
f 1045/7324 1346/7325 1347/7326
f 1045/7327 1347/7328 1045/7329
f 1045/7330 1347/7331 1348/7332
f 1045/7333 1348/7334 1043/7335
f 1043/7336 1348/7337 1349/7338
f 1043/7339 1349/7340 1041/7341
f 1041/7342 1349/7343 1350/7344
f 1041/7345 1350/7346 1041/7347
f 1041/7348 1350/7349 1351/7350
f 1041/7351 1351/7352 1039/7353
f 1039/7354 1351/7355 1352/7356
f 1039/7357 1352/7358 1329/7359
f 864/7360 803/7361 865/7362
f 865/7363 803/7364 802/7365
f 865/7366 802/7367 866/7368
f 866/7369 802/7370 801/7371
f 866/7372 801/7373 867/7374
f 867/7375 801/7376 800/7377
f 867/7378 800/7379 868/7380
f 868/7381 800/7382 799/7383
f 868/7384 799/7385 857/7386
f 857/7387 799/7388 799/7389
f 857/7390 799/7391 856/7392
f 856/7393 799/7394 811/7395
f 856/7396 811/7397 855/7398
f 855/7399 811/7400 812/7401
f 855/7402 812/7403 854/7404
f 854/7405 812/7406 813/7407
f 854/7408 813/7409 853/7410
f 853/7411 813/7412 814/7413
f 853/7414 814/7415 852/7416
f 852/7417 814/7418 815/7419
f 852/7420 815/7421 851/7422
f 851/7423 815/7424 816/7425
f 851/7426 816/7427 850/7428
f 850/7429 816/7430 817/7431
f 850/7432 817/7433 849/7434
f 849/7435 817/7436 818/7437
f 849/7438 818/7439 848/7440
f 848/7441 818/7442 819/7443
f 848/7444 819/7445 847/7446
f 847/7447 819/7448 820/7449
f 847/7450 820/7451 846/7452
f 846/7453 820/7454 810/7455
f 846/7456 810/7457 845/7458
f 845/7459 810/7460 810/7461
f 845/7462 810/7463 858/7464
f 858/7465 810/7466 809/7467
f 858/7468 809/7469 859/7470
f 859/7471 809/7472 808/7473
f 859/7474 808/7475 860/7476
f 860/7477 808/7478 807/7479
f 860/7480 807/7481 861/7482
f 861/7483 807/7484 806/7485
f 861/7486 806/7487 862/7488
f 862/7489 806/7490 805/7491
f 862/7492 805/7493 863/7494
f 863/7495 805/7496 804/7497
f 863/7498 804/7499 864/7500
f 864/7501 804/7502 803/7503
f 781/7504 779/7505 748/7506
f 748/7507 779/7508 779/7509
f 748/7510 779/7511 749/7512
f 749/7513 779/7514 757/7515
f 749/7516 757/7517 749/7518
f 749/7519 757/7520 758/7521
f 749/7522 758/7523 754/7524
f 754/7525 758/7526 760/7527
f 754/7528 760/7529 754/7530
f 754/7531 760/7532 762/7533
f 754/7534 762/7535 753/7536
f 753/7537 762/7538 764/7539
f 753/7540 764/7541 753/7542
f 753/7543 764/7544 766/7545
f 753/7546 766/7547 752/7548
f 752/7549 766/7550 768/7551
f 752/7552 768/7553 751/7554
f 751/7555 768/7556 770/7557
f 751/7558 770/7559 751/7560
f 751/7561 770/7562 772/7563
f 751/7564 772/7565 750/7566
f 750/7567 772/7568 774/7569
f 750/7570 774/7571 750/7572
f 750/7573 774/7574 776/7575
f 750/7576 776/7577 743/7578
f 743/7579 776/7580 778/7581
f 743/7582 778/7583 743/7584
f 743/7585 778/7586 797/7587
f 743/7588 797/7589 744/7590
f 744/7591 797/7592 795/7593
f 744/7594 795/7595 744/7596
f 744/7597 795/7598 793/7599
f 744/7600 793/7601 745/7602
f 745/7603 793/7604 791/7605
f 745/7606 791/7607 745/7608
f 745/7609 791/7610 789/7611
f 745/7612 789/7613 746/7614
f 746/7615 789/7616 787/7617
f 746/7618 787/7619 747/7620
f 747/7621 787/7622 785/7623
f 747/7624 785/7625 747/7626
f 747/7627 785/7628 783/7629
f 747/7630 783/7631 748/7632
f 748/7633 783/7634 781/7635
f 588/7636 527/7637 589/7638
f 589/7639 527/7640 526/7641
f 589/7642 526/7643 590/7644
f 590/7645 526/7646 525/7647
f 590/7648 525/7649 591/7650
f 591/7651 525/7652 524/7653
f 591/7654 524/7655 592/7656
f 592/7657 524/7658 523/7659
f 592/7660 523/7661 581/7662
f 581/7663 523/7664 523/7665
f 581/7666 523/7667 580/7668
f 580/7669 523/7670 535/7671
f 580/7672 535/7673 579/7674
f 579/7675 535/7676 536/7677
f 579/7678 536/7679 578/7680
f 578/7681 536/7682 537/7683
f 578/7684 537/7685 577/7686
f 577/7687 537/7688 538/7689
f 577/7690 538/7691 576/7692
f 576/7693 538/7694 539/7695
f 576/7696 539/7697 575/7698
f 575/7699 539/7700 540/7701
f 575/7702 540/7703 574/7704
f 574/7705 540/7706 541/7707
f 574/7708 541/7709 573/7710
f 573/7711 541/7712 542/7713
f 573/7714 542/7715 572/7716
f 572/7717 542/7718 543/7719
f 572/7720 543/7721 571/7722
f 571/7723 543/7724 544/7725
f 571/7726 544/7727 570/7728
f 570/7729 544/7730 534/7731
f 570/7732 534/7733 569/7734
f 569/7735 534/7736 534/7737
f 569/7738 534/7739 582/7740
f 582/7741 534/7742 533/7743
f 582/7744 533/7745 583/7746
f 583/7747 533/7748 532/7749
f 583/7750 532/7751 584/7752
f 584/7753 532/7754 531/7755
f 584/7756 531/7757 585/7758
f 585/7759 531/7760 530/7761
f 585/7762 530/7763 586/7764
f 586/7765 530/7766 529/7767
f 586/7768 529/7769 587/7770
f 587/7771 529/7772 528/7773
f 587/7774 528/7775 588/7776
f 588/7777 528/7778 527/7779
f 505/7780 503/7781 472/7782
f 472/7783 503/7784 503/7785
f 472/7786 503/7787 473/7788
f 473/7789 503/7790 481/7791
f 473/7792 481/7793 473/7794
f 473/7795 481/7796 482/7797
f 473/7798 482/7799 478/7800
f 478/7801 482/7802 484/7803
f 478/7804 484/7805 478/7806
f 478/7807 484/7808 486/7809
f 478/7810 486/7811 477/7812
f 477/7813 486/7814 488/7815
f 477/7816 488/7817 477/7818
f 477/7819 488/7820 490/7821
f 477/7822 490/7823 476/7824
f 476/7825 490/7826 492/7827
f 476/7828 492/7829 475/7830
f 475/7831 492/7832 494/7833
f 475/7834 494/7835 475/7836
f 475/7837 494/7838 496/7839
f 475/7840 496/7841 474/7842
f 474/7843 496/7844 498/7845
f 474/7846 498/7847 474/7848
f 474/7849 498/7850 500/7851
f 474/7852 500/7853 467/7854
f 467/7855 500/7856 502/7857
f 467/7858 502/7859 467/7860
f 467/7861 502/7862 521/7863
f 467/7864 521/7865 468/7866
f 468/7867 521/7868 519/7869
f 468/7870 519/7871 468/7872
f 468/7873 519/7874 517/7875
f 468/7876 517/7877 469/7878
f 469/7879 517/7880 515/7881
f 469/7882 515/7883 469/7884
f 469/7885 515/7886 513/7887
f 469/7888 513/7889 470/7890
f 470/7891 513/7892 511/7893
f 470/7894 511/7895 471/7896
f 471/7897 511/7898 509/7899
f 471/7900 509/7901 471/7902
f 471/7903 509/7904 507/7905
f 471/7906 507/7907 472/7908
f 472/7909 507/7910 505/7911
f 312/7912 251/7913 313/7914
f 313/7915 251/7916 250/7917
f 313/7918 250/7919 314/7920
f 314/7921 250/7922 249/7923
f 314/7924 249/7925 315/7926
f 315/7927 249/7928 248/7929
f 315/7930 248/7931 316/7932
f 316/7933 248/7934 247/7935
f 316/7936 247/7937 305/7938
f 305/7939 247/7940 247/7941
f 305/7942 247/7943 304/7944
f 304/7945 247/7946 259/7947
f 304/7948 259/7949 303/7950
f 303/7951 259/7952 260/7953
f 303/7954 260/7955 302/7956
f 302/7957 260/7958 261/7959
f 302/7960 261/7961 301/7962
f 301/7963 261/7964 262/7965
f 301/7966 262/7967 300/7968
f 300/7969 262/7970 263/7971
f 300/7972 263/7973 299/7974
f 299/7975 263/7976 264/7977
f 299/7978 264/7979 298/7980
f 298/7981 264/7982 265/7983
f 298/7984 265/7985 297/7986
f 297/7987 265/7988 266/7989
f 297/7990 266/7991 296/7992
f 296/7993 266/7994 267/7995
f 296/7996 267/7997 295/7998
f 295/7999 267/8000 268/8001
f 295/8002 268/8003 294/8004
f 294/8005 268/8006 258/8007
f 294/8008 258/8009 293/8010
f 293/8011 258/8012 258/8013
f 293/8014 258/8015 306/8016
f 306/8017 258/8018 257/8019
f 306/8020 257/8021 307/8022
f 307/8023 257/8024 256/8025
f 307/8026 256/8027 308/8028
f 308/8029 256/8030 255/8031
f 308/8032 255/8033 309/8034
f 309/8035 255/8036 254/8037
f 309/8038 254/8039 310/8040
f 310/8041 254/8042 253/8043
f 310/8044 253/8045 311/8046
f 311/8047 253/8048 252/8049
f 311/8050 252/8051 312/8052
f 312/8053 252/8054 251/8055
f 229/8056 227/8057 196/8058
f 196/8059 227/8060 227/8061
f 196/8062 227/8063 197/8064
f 197/8065 227/8066 205/8067
f 197/8068 205/8069 197/8070
f 197/8071 205/8072 206/8073
f 197/8074 206/8075 202/8076
f 202/8077 206/8078 208/8079
f 202/8080 208/8081 202/8082
f 202/8083 208/8084 210/8085
f 202/8086 210/8087 201/8088
f 201/8089 210/8090 212/8091
f 201/8092 212/8093 201/8094
f 201/8095 212/8096 214/8097
f 201/8098 214/8099 200/8100
f 200/8101 214/8102 216/8103
f 200/8104 216/8105 199/8106
f 199/8107 216/8108 218/8109
f 199/8110 218/8111 199/8112
f 199/8113 218/8114 220/8115
f 199/8116 220/8117 198/8118
f 198/8119 220/8120 222/8121
f 198/8122 222/8123 198/8124
f 198/8125 222/8126 224/8127
f 198/8128 224/8129 191/8130
f 191/8131 224/8132 226/8133
f 191/8134 226/8135 191/8136
f 191/8137 226/8138 245/8139
f 191/8140 245/8141 192/8142
f 192/8143 245/8144 243/8145
f 192/8146 243/8147 192/8148
f 192/8149 243/8150 241/8151
f 192/8152 241/8153 193/8154
f 193/8155 241/8156 239/8157
f 193/8158 239/8159 193/8160
f 193/8161 239/8162 237/8163
f 193/8164 237/8165 194/8166
f 194/8167 237/8168 235/8169
f 194/8170 235/8171 195/8172
f 195/8173 235/8174 233/8175
f 195/8176 233/8177 195/8178
f 195/8179 233/8180 231/8181
f 195/8182 231/8183 196/8184
f 196/8185 231/8186 229/8187
